state_id,sample_idx,seed,final_scores,final_rank_seat0,final_rank_seat1,final_rank_seat2,final_rank_seat3,reward_seat0,reward_seat1,reward_seat2,reward_seat3
g20260812_ky02,0,1511064201,"[11500, 6000, 63500, 19000]",3,4,1,2,-4.0,-10.0,10.0,4.0
g20260812_ky02,1,1511064202,"[8700, 21100, 43600, 26600]",4,3,1,2,-10.0,-4.0,10.0,4.0
g20260812_ky02,2,1511064203,"[25900, 14500, 35400, 24200]",2,4,1,3,4.0,-10.0,10.0,-4.0
g20260812_ky02,3,1511064204,"[11700, 13300, 51100, 23900]",4,3,1,2,-10.0,-4.0,10.0,4.0
g20260812_ky02,4,1511064205,"[5100, 20000, 32200, 42700]",4,3,2,1,-10.0,-4.0,4.0,10.0
g20260812_ky02,5,1511064206,"[40100, 13700, 29200, 17000]",1,4,2,3,10.0,-10.0,4.0,-4.0
g20260812_ky02,6,1511064207,"[21800, 21700, 16600, 39900]",2,3,4,1,4.0,-4.0,-10.0,10.0
g20260812_ky02,7,1511064208,"[14500, 40300, 47000, -1800]",3,2,1,4,-4.0,4.0,10.0,-10.0
g20260812_ky02,8,1511064209,"[-800, 18600, 44100, 38100]",4,3,1,2,-10.0,-4.0,10.0,4.0
g20260812_ky02,9,1511064210,"[6900, -400, 41900, 51600]",3,4,2,1,-4.0,-10.0,4.0,10.0
g20260812_ky02,10,1511064211,"[7000, 24500, 41800, 26700]",4,3,1,2,-10.0,-4.0,10.0,4.0
g20260812_ky02,11,1511064212,"[-1200, 19600, 44100, 37500]",4,3,1,2,-10.0,-4.0,10.0,4.0
g20260812_ky02,12,1511064213,"[30500, 15900, 32100, 21500]",2,4,1,3,4.0,-10.0,10.0,-4.0
g20260812_ky02,13,1511064214,"[11200, 25800, 46400, 16600]",4,2,1,3,-10.0,4.0,10.0,-4.0
g20260812_ky02,14,1511064215,"[16600, 17100, 39400, 26900]",4,3,1,2,-10.0,-4.0,10.0,4.0
g20260812_ky02,15,1511064216,"[17500, 1900, 38900, 41700]",3,4,2,1,-4.0,-10.0,4.0,10.0
g20260812_ky02,16,1511064217,"[14900, 14400, 40500, 30200]",3,4,1,2,-4.0,-10.0,10.0,4.0
g20260812_ky02,17,1511064218,"[11200, 10300, 18500, 60000]",3,4,2,1,-4.0,-10.0,4.0,10.0
g20260812_ky02,18,1511064219,"[24100, 19900, 33100, 22900]",2,4,1,3,4.0,-10.0,10.0,-4.0
g20260812_ky02,19,1511064220,"[-400, 28500, 41300, 30600]",4,3,1,2,-10.0,-4.0,10.0,4.0
g20260812_ky02,20,1511064221,"[10800, 15100, 57200, 15900]",4,3,1,2,-10.0,-4.0,10.0,4.0
g20260812_ky02,21,1511064222,"[20000, 12400, 45500, 22100]",3,4,1,2,-4.0,-10.0,10.0,4.0
g20260812_ky02,22,1511064223,"[10000, 13600, 59900, 16500]",4,3,1,2,-10.0,-4.0,10.0,4.0
g20260812_ky02,23,1511064224,"[28400, 7400, 33300, 30900]",3,4,1,2,-4.0,-10.0,10.0,4.0
g20260812_ky02,24,1511064225,"[17200, 22500, 37100, 23200]",4,3,1,2,-10.0,-4.0,10.0,4.0
g20260812_ky02,25,1511064226,"[10500, 27400, 44000, 18100]",4,2,1,3,-10.0,4.0,10.0,-4.0
g20260812_ky02,26,1511064227,"[31600, 20100, 25700, 22600]",1,4,2,3,10.0,-10.0,4.0,-4.0
g20260812_ky02,27,1511064228,"[8000, 15200, 44700, 32100]",4,3,1,2,-10.0,-4.0,10.0,4.0
g20260812_ky02,28,1511064229,"[21400, 16500, 37100, 25000]",3,4,1,2,-4.0,-10.0,10.0,4.0
g20260812_ky02,29,1511064230,"[3200, 12300, 36400, 48100]",4,3,2,1,-10.0,-4.0,4.0,10.0
g20260812_ky02,30,1511064231,"[-600, 28500, 47100, 25000]",4,2,1,3,-10.0,4.0,10.0,-4.0
g20260812_ky02,31,1511064232,"[20100, 13200, 47400, 19300]",2,4,1,3,4.0,-10.0,10.0,-4.0
g20260812_ky02,32,1511064233,"[36100, 10400, 28900, 24600]",1,4,2,3,10.0,-10.0,4.0,-4.0
g20260812_ky02,33,1511064234,"[18400, 32400, 42900, 6300]",3,2,1,4,-4.0,4.0,10.0,-10.0
g20260812_ky02,34,1511064235,"[9100, 4600, 54500, 31800]",3,4,1,2,-4.0,-10.0,10.0,4.0
g20260812_ky02,35,1511064236,"[12600, 21700, 45300, 20400]",4,2,1,3,-10.0,4.0,10.0,-4.0
g20260812_ky02,36,1511064237,"[9800, 7400, 54300, 28500]",3,4,1,2,-4.0,-10.0,10.0,4.0
g20260812_ky02,37,1511064238,"[23500, 6400, 41800, 28300]",3,4,1,2,-4.0,-10.0,10.0,4.0
g20260812_ky02,38,1511064239,"[19900, 31200, 19200, 29700]",3,1,4,2,-4.0,10.0,-10.0,4.0
g20260812_ky02,39,1511064240,"[4600, 10200, 53000, 32200]",4,3,1,2,-10.0,-4.0,10.0,4.0
g20260812_ky02,40,1511064241,"[700, 31600, 43000, 24700]",4,2,1,3,-10.0,4.0,10.0,-4.0
g20260812_ky02,41,1511064242,"[8100, 11400, 49300, 31200]",4,3,1,2,-10.0,-4.0,10.0,4.0
g20260812_ky02,42,1511064243,"[7400, 27600, 35600, 29400]",4,3,1,2,-10.0,-4.0,10.0,4.0
g20260812_ky02,43,1511064244,"[21100, 28400, 32000, 18500]",3,2,1,4,-4.0,4.0,10.0,-10.0
g20260812_ky02,44,1511064245,"[-5800, 33400, 52700, 19700]",4,2,1,3,-10.0,4.0,10.0,-4.0
g20260812_ky02,45,1511064246,"[24000, 9500, 43700, 22800]",2,4,1,3,4.0,-10.0,10.0,-4.0
g20260812_ky02,46,1511064247,"[10800, 14300, 61700, 13200]",4,2,1,3,-10.0,4.0,10.0,-4.0
g20260812_ky02,47,1511064248,"[-1900, 39900, 41100, 20900]",4,2,1,3,-10.0,4.0,10.0,-4.0
g20260812_ky02,48,1511064249,"[39500, 3100, 41100, 16300]",2,4,1,3,4.0,-10.0,10.0,-4.0
g20260812_ky02,49,1511064250,"[-300, 25100, 49000, 26200]",4,3,1,2,-10.0,-4.0,10.0,4.0
g20260812_ky02,50,1511064251,"[23800, 26800, 33200, 16200]",3,2,1,4,-4.0,4.0,10.0,-10.0
g20260812_ky02,51,1511064252,"[20900, 19400, 38000, 21700]",3,4,1,2,-4.0,-10.0,10.0,4.0
g20260812_ky02,52,1511064253,"[16800, 33800, 42500, 6900]",3,2,1,4,-4.0,4.0,10.0,-10.0
g20260812_ky02,53,1511064254,"[18700, 22700, 51200, 7400]",3,2,1,4,-4.0,4.0,10.0,-10.0
g20260812_ky02,54,1511064255,"[12800, 23200, 40300, 23700]",4,3,1,2,-10.0,-4.0,10.0,4.0
g20260812_ky02,55,1511064256,"[14700, 31800, 31900, 19600]",4,2,1,3,-10.0,4.0,10.0,-4.0
g20260812_ky02,56,1511064257,"[26800, 21700, 34900, 16600]",2,3,1,4,4.0,-4.0,10.0,-10.0
g20260812_ky02,57,1511064258,"[20000, 18500, 44800, 16700]",2,3,1,4,4.0,-4.0,10.0,-10.0
g20260812_ky02,58,1511064259,"[8900, 26100, 45900, 19100]",4,2,1,3,-10.0,4.0,10.0,-4.0
g20260812_ky02,59,1511064260,"[23300, 18600, 39400, 18700]",2,4,1,3,4.0,-10.0,10.0,-4.0
g20260812_ky02,60,1511064261,"[-2300, 23500, 37200, 41600]",4,3,2,1,-10.0,-4.0,4.0,10.0
g20260812_ky02,61,1511064262,"[-3300, 22300, 42300, 38700]",4,3,1,2,-10.0,-4.0,10.0,4.0
g20260812_ky02,62,1511064263,"[8400, 27100, 42400, 22100]",4,2,1,3,-10.0,4.0,10.0,-4.0
g20260812_ky02,63,1511064264,"[18900, 31700, 15700, 33700]",3,2,4,1,-4.0,4.0,-10.0,10.0
g20260812_ky02,64,1511064265,"[14000, 46000, 31100, 8900]",3,1,2,4,-4.0,10.0,4.0,-10.0
g20260812_ky02,65,1511064266,"[10200, 25500, 27800, 35500]",4,3,2,1,-10.0,-4.0,4.0,10.0
g20260812_ky02,66,1511064267,"[11200, 34900, 33300, 20600]",4,1,2,3,-10.0,10.0,4.0,-4.0
g20260812_ky02,67,1511064268,"[6500, 13900, 39700, 39900]",4,3,2,1,-10.0,-4.0,4.0,10.0
g20260812_ky02,68,1511064269,"[16700, 11800, 50100, 21400]",3,4,1,2,-4.0,-10.0,10.0,4.0
g20260812_ky02,69,1511064270,"[-600, 41900, 40600, 18100]",4,1,2,3,-10.0,10.0,4.0,-4.0
g20260812_ky02,70,1511064271,"[24700, 19300, 39100, 16900]",2,3,1,4,4.0,-4.0,10.0,-10.0
g20260812_ky02,71,1511064272,"[3800, 24600, 50700, 20900]",4,2,1,3,-10.0,4.0,10.0,-4.0
g20260812_ky02,72,1511064273,"[6600, 31600, 47300, 14500]",4,2,1,3,-10.0,4.0,10.0,-4.0
g20260812_ky02,73,1511064274,"[21700, 33000, 41400, 3900]",3,2,1,4,-4.0,4.0,10.0,-10.0
g20260812_ky02,74,1511064275,"[25400, 15500, 30600, 28500]",3,4,1,2,-4.0,-10.0,10.0,4.0
g20260812_ky02,75,1511064276,"[5000, 21100, 41200, 32700]",4,3,1,2,-10.0,-4.0,10.0,4.0
g20260812_ky02,76,1511064277,"[3500, 14300, 47100, 35100]",4,3,1,2,-10.0,-4.0,10.0,4.0
g20260812_ky02,77,1511064278,"[11800, 11100, 52500, 24600]",3,4,1,2,-4.0,-10.0,10.0,4.0
g20260812_ky02,78,1511064279,"[6200, 15400, 48400, 30000]",4,3,1,2,-10.0,-4.0,10.0,4.0
g20260812_ky02,79,1511064280,"[17200, 21700, 43900, 17200]",3,2,1,4,-4.0,4.0,10.0,-10.0
g20260812_ky02,80,1511064281,"[20600, 20200, 45400, 13800]",2,3,1,4,4.0,-4.0,10.0,-10.0
g20260812_ky02,81,1511064282,"[27700, 20300, 17500, 34500]",2,3,4,1,4.0,-4.0,-10.0,10.0
g20260812_ky02,82,1511064283,"[11200, 5600, 33900, 49300]",3,4,2,1,-4.0,-10.0,4.0,10.0
g20260812_ky02,83,1511064284,"[8300, 14800, 33900, 43000]",4,3,2,1,-10.0,-4.0,4.0,10.0
g20260812_ky02,84,1511064285,"[10300, 20300, 54500, 14900]",4,2,1,3,-10.0,4.0,10.0,-4.0
g20260812_ky02,85,1511064286,"[15300, 16100, 55100, 12500]",3,2,1,4,-4.0,4.0,10.0,-10.0
g20260812_ky02,86,1511064287,"[22900, 16100, 40800, 20200]",2,4,1,3,4.0,-10.0,10.0,-4.0
g20260812_ky02,87,1511064288,"[26000, -6400, 44700, 35700]",3,4,1,2,-4.0,-10.0,10.0,4.0
g20260812_ky02,88,1511064289,"[12400, 20700, 45200, 21700]",4,3,1,2,-10.0,-4.0,10.0,4.0
g20260812_ky02,89,1511064290,"[8900, 16700, 30400, 44000]",4,3,2,1,-10.0,-4.0,4.0,10.0
g20260812_ky02,90,1511064291,"[11600, 23400, 36700, 28300]",4,3,1,2,-10.0,-4.0,10.0,4.0
g20260812_ky02,91,1511064292,"[-1100, 25400, 42600, 33100]",4,3,1,2,-10.0,-4.0,10.0,4.0
g20260812_ky02,92,1511064293,"[20400, 8400, 47600, 23600]",3,4,1,2,-4.0,-10.0,10.0,4.0
g20260812_ky02,93,1511064294,"[29600, 8300, 49000, 13100]",2,4,1,3,4.0,-10.0,10.0,-4.0
g20260812_ky02,94,1511064295,"[2100, 31400, 40800, 25700]",4,2,1,3,-10.0,4.0,10.0,-4.0
g20260812_ky02,95,1511064296,"[-6600, 26100, 42600, 37900]",4,3,1,2,-10.0,-4.0,10.0,4.0
g20260812_ky02,96,1511064297,"[19600, 12400, 30200, 37800]",3,4,2,1,-4.0,-10.0,4.0,10.0
g20260812_ky02,97,1511064298,"[30800, 23400, 46600, -800]",2,3,1,4,4.0,-4.0,10.0,-10.0
g20260812_ky02,98,1511064299,"[21500, 11000, 41300, 26200]",3,4,1,2,-4.0,-10.0,10.0,4.0
g20260812_ky02,99,1511064300,"[24500, 22700, 30000, 22800]",2,4,1,3,4.0,-10.0,10.0,-4.0
g20260812_ky02,100,1511064301,"[32200, -29900, 78700, 19000]",2,4,1,3,4.0,-10.0,10.0,-4.0
g20260812_ky02,101,1511064302,"[19500, 15100, 43000, 22400]",3,4,1,2,-4.0,-10.0,10.0,4.0
g20260812_ky02,102,1511064303,"[-3300, 18400, 42900, 42000]",4,3,1,2,-10.0,-4.0,10.0,4.0
g20260812_ky02,103,1511064304,"[-800, 19600, 44100, 37100]",4,3,1,2,-10.0,-4.0,10.0,4.0
g20260812_ky02,104,1511064305,"[-600, 12200, 50800, 37600]",4,3,1,2,-10.0,-4.0,10.0,4.0
g20260812_ky02,105,1511064306,"[17800, 15600, 34000, 32600]",3,4,1,2,-4.0,-10.0,10.0,4.0
g20260812_ky02,106,1511064307,"[11800, 18200, 51100, 18900]",4,3,1,2,-10.0,-4.0,10.0,4.0
g20260812_ky02,107,1511064308,"[12700, 24200, 42400, 20700]",4,2,1,3,-10.0,4.0,10.0,-4.0
g20260812_ky02,108,1511064309,"[7900, 22100, 41400, 28600]",4,3,1,2,-10.0,-4.0,10.0,4.0
g20260812_ky02,109,1511064310,"[14300, 19100, 48100, 18500]",4,2,1,3,-10.0,4.0,10.0,-4.0
g20260812_ky02,110,1511064311,"[300, 16400, 45200, 38100]",4,3,1,2,-10.0,-4.0,10.0,4.0
g20260812_ky02,111,1511064312,"[21800, 27000, 38000, 13200]",3,2,1,4,-4.0,4.0,10.0,-10.0
g20260812_ky02,112,1511064313,"[30000, 22000, 22700, 25300]",1,4,3,2,10.0,-10.0,-4.0,4.0
g20260812_ky02,113,1511064314,"[25300, 28700, 39600, 6400]",3,2,1,4,-4.0,4.0,10.0,-10.0
g20260812_ky02,114,1511064315,"[14800, 38400, 31100, 15700]",4,1,2,3,-10.0,10.0,4.0,-4.0
g20260812_ky02,115,1511064316,"[14500, 12300, 56900, 16300]",3,4,1,2,-4.0,-10.0,10.0,4.0
g20260812_ky02,116,1511064317,"[14500, 24800, 39400, 21300]",4,2,1,3,-10.0,4.0,10.0,-4.0
g20260812_ky02,117,1511064318,"[9000, 30600, 42400, 18000]",4,2,1,3,-10.0,4.0,10.0,-4.0
g20260812_ky02,118,1511064319,"[12600, 25700, 50000, 11700]",3,2,1,4,-4.0,4.0,10.0,-10.0
g20260812_ky02,119,1511064320,"[17300, 34100, 35800, 12800]",3,2,1,4,-4.0,4.0,10.0,-10.0
g20260812_ky02,120,1511064321,"[23100, 11200, 50300, 15400]",2,4,1,3,4.0,-10.0,10.0,-4.0
g20260812_ky02,121,1511064322,"[18700, 16000, 51400, 12900]",2,3,1,4,4.0,-4.0,10.0,-10.0
g20260812_ky02,122,1511064323,"[-6900, 20900, 38100, 47900]",4,3,2,1,-10.0,-4.0,4.0,10.0
g20260812_ky02,123,1511064324,"[29400, 9600, 41600, 19400]",2,4,1,3,4.0,-10.0,10.0,-4.0
g20260812_ky02,124,1511064325,"[7400, 13000, 61100, 18500]",4,3,1,2,-10.0,-4.0,10.0,4.0
g20260812_ky02,125,1511064326,"[14200, 11600, 60800, 13400]",2,4,1,3,4.0,-10.0,10.0,-4.0
g20260812_ky02,126,1511064327,"[17700, 26700, 43800, 11800]",3,2,1,4,-4.0,4.0,10.0,-10.0
g20260812_ky02,127,1511064328,"[12600, 18000, 39600, 29800]",4,3,1,2,-10.0,-4.0,10.0,4.0
g20260813_ky05,0,1511064218,"[18600, 17900, 38000, 25500]",3,4,1,2,-4.0,-10.0,10.0,4.0
g20260813_ky05,1,1511064219,"[19500, 21300, 22900, 36300]",4,3,2,1,-10.0,-4.0,4.0,10.0
g20260813_ky05,2,1511064220,"[13600, 15000, 27800, 41600]",4,3,2,1,-10.0,-4.0,4.0,10.0
g20260813_ky05,3,1511064221,"[17400, 25400, 23600, 33600]",4,2,3,1,-10.0,4.0,-4.0,10.0
g20260813_ky05,4,1511064222,"[12600, 22300, 30800, 34300]",4,3,2,1,-10.0,-4.0,4.0,10.0
g20260813_ky05,5,1511064223,"[18500, 19300, 18000, 44200]",3,2,4,1,-4.0,4.0,-10.0,10.0
g20260813_ky05,6,1511064224,"[12200, 19300, 21800, 46700]",4,3,2,1,-10.0,-4.0,4.0,10.0
g20260813_ky05,7,1511064225,"[21100, 22700, 23200, 33000]",4,3,2,1,-10.0,-4.0,4.0,10.0
g20260813_ky05,8,1511064226,"[14500, 13400, 19700, 52400]",3,4,2,1,-4.0,-10.0,4.0,10.0
g20260813_ky05,9,1511064227,"[14600, 21300, 21800, 42300]",4,3,2,1,-10.0,-4.0,4.0,10.0
g20260813_ky05,10,1511064228,"[18200, 20800, 25400, 35600]",4,3,2,1,-10.0,-4.0,4.0,10.0
g20260813_ky05,11,1511064229,"[10800, 21300, 23800, 44100]",4,3,2,1,-10.0,-4.0,4.0,10.0
g20260813_ky05,12,1511064230,"[20200, 18500, 25300, 36000]",3,4,2,1,-4.0,-10.0,4.0,10.0
g20260813_ky05,13,1511064231,"[-400, 20300, 39300, 40800]",4,3,2,1,-10.0,-4.0,4.0,10.0
g20260813_ky05,14,1511064232,"[24600, 20600, 20500, 34300]",2,3,4,1,4.0,-4.0,-10.0,10.0
g20260813_ky05,15,1511064233,"[13100, 35800, 18300, 31800]",4,1,3,2,-10.0,10.0,-4.0,4.0
g20260813_ky05,16,1511064234,"[30300, 17000, 26100, 26600]",1,4,3,2,10.0,-10.0,-4.0,4.0
g20260813_ky05,17,1511064235,"[14700, 20300, 24800, 39200]",4,3,2,1,-10.0,-4.0,4.0,10.0
g20260813_ky05,18,1511064236,"[16200, 20300, 24800, 38700]",4,3,2,1,-10.0,-4.0,4.0,10.0
g20260813_ky05,19,1511064237,"[16100, 19600, 29300, 34000]",4,3,2,1,-10.0,-4.0,4.0,10.0
g20260813_ky05,20,1511064238,"[15600, 19100, 25800, 39500]",4,3,2,1,-10.0,-4.0,4.0,10.0
g20260813_ky05,21,1511064239,"[18600, 17700, 24800, 38900]",3,4,2,1,-4.0,-10.0,4.0,10.0
g20260813_ky05,22,1511064240,"[27200, 21300, 17800, 33700]",2,3,4,1,4.0,-4.0,-10.0,10.0
g20260813_ky05,23,1511064241,"[25500, 18300, 38600, 17600]",2,3,1,4,4.0,-4.0,10.0,-10.0
g20260813_ky05,24,1511064242,"[3300, 29700, 32700, 34300]",4,3,2,1,-10.0,-4.0,4.0,10.0
g20260813_ky05,25,1511064243,"[16100, 28800, 19800, 35300]",4,2,3,1,-10.0,4.0,-4.0,10.0
g20260813_ky05,26,1511064244,"[13600, 25300, 26800, 34300]",4,3,2,1,-10.0,-4.0,4.0,10.0
g20260813_ky05,27,1511064245,"[4700, 21000, 32600, 41700]",4,3,2,1,-10.0,-4.0,4.0,10.0
g20260813_ky05,28,1511064246,"[23000, 6900, 25800, 44300]",3,4,2,1,-4.0,-10.0,4.0,10.0
g20260813_ky05,29,1511064247,"[27500, 18300, 21800, 32400]",2,4,3,1,4.0,-10.0,-4.0,10.0
g20260813_ky05,30,1511064248,"[19100, 35400, 21500, 24000]",4,1,3,2,-10.0,10.0,-4.0,4.0
g20260813_ky05,31,1511064249,"[12300, 35400, 19500, 32800]",4,1,3,2,-10.0,10.0,-4.0,4.0
g20260813_ky05,32,1511064250,"[22000, 12300, 28800, 36900]",3,4,2,1,-4.0,-10.0,4.0,10.0
g20260813_ky05,33,1511064251,"[24600, 17200, 21900, 36300]",2,4,3,1,4.0,-10.0,-4.0,10.0
g20260813_ky05,34,1511064252,"[19600, 19300, 27800, 33300]",3,4,2,1,-4.0,-10.0,4.0,10.0
g20260813_ky05,35,1511064253,"[12200, 24700, 28900, 34200]",4,3,2,1,-10.0,-4.0,4.0,10.0
g20260813_ky05,36,1511064254,"[19200, 21300, 22200, 37300]",4,3,2,1,-10.0,-4.0,4.0,10.0
g20260813_ky05,37,1511064255,"[10300, 23600, 38500, 27600]",4,3,1,2,-10.0,-4.0,10.0,4.0
g20260813_ky05,38,1511064256,"[14300, 29000, 23300, 33400]",4,2,3,1,-10.0,4.0,-4.0,10.0
g20260813_ky05,39,1511064257,"[14300, 32700, 18000, 35000]",4,2,3,1,-10.0,4.0,-4.0,10.0
g20260813_ky05,40,1511064258,"[24800, 20300, 23800, 31100]",2,4,3,1,4.0,-10.0,-4.0,10.0
g20260813_ky05,41,1511064259,"[23600, 19300, 23800, 33300]",3,4,2,1,-4.0,-10.0,4.0,10.0
g20260813_ky05,42,1511064260,"[24500, 19300, 18600, 37600]",2,3,4,1,4.0,-4.0,-10.0,10.0
g20260813_ky05,43,1511064261,"[17900, 23700, 24200, 34200]",4,3,2,1,-10.0,-4.0,4.0,10.0
g20260813_ky05,44,1511064262,"[16700, 28300, 22900, 32100]",4,2,3,1,-10.0,4.0,-4.0,10.0
g20260813_ky05,45,1511064263,"[21000, 19800, 24300, 34900]",3,4,2,1,-4.0,-10.0,4.0,10.0
g20260813_ky05,46,1511064264,"[16600, 26800, 23800, 32800]",4,2,3,1,-10.0,4.0,-4.0,10.0
g20260813_ky05,47,1511064265,"[20100, 19800, 23300, 36800]",3,4,2,1,-4.0,-10.0,4.0,10.0
g20260813_ky05,48,1511064266,"[22800, 17700, 23800, 35700]",3,4,2,1,-4.0,-10.0,4.0,10.0
g20260813_ky05,49,1511064267,"[21800, 24100, 17800, 36300]",3,2,4,1,-4.0,4.0,-10.0,10.0
g20260813_ky05,50,1511064268,"[16600, 29300, 20000, 34100]",4,2,3,1,-10.0,4.0,-4.0,10.0
g20260813_ky05,51,1511064269,"[24300, 23300, 18100, 34300]",2,3,4,1,4.0,-4.0,-10.0,10.0
g20260813_ky05,52,1511064270,"[20600, 19300, 24800, 35300]",3,4,2,1,-4.0,-10.0,4.0,10.0
g20260813_ky05,53,1511064271,"[12600, 31200, 23800, 32400]",4,2,3,1,-10.0,4.0,-4.0,10.0
g20260813_ky05,54,1511064272,"[19100, 19800, 22100, 39000]",4,3,2,1,-10.0,-4.0,4.0,10.0
g20260813_ky05,55,1511064273,"[700, 33300, 25800, 40200]",4,2,3,1,-10.0,4.0,-4.0,10.0
g20260813_ky05,56,1511064274,"[12700, 16100, 52300, 18900]",4,3,1,2,-10.0,-4.0,10.0,4.0
g20260813_ky05,57,1511064275,"[19000, 24100, 23200, 32700]",4,2,3,1,-10.0,4.0,-4.0,10.0
g20260813_ky05,58,1511064276,"[10700, 17300, 27400, 44600]",4,3,2,1,-10.0,-4.0,4.0,10.0
g20260813_ky05,59,1511064277,"[17900, 18700, 28400, 35000]",4,3,2,1,-10.0,-4.0,4.0,10.0
g20260813_ky05,60,1511064278,"[18100, 16000, 36300, 29600]",3,4,1,2,-4.0,-10.0,10.0,4.0
g20260813_ky05,61,1511064279,"[13600, 8900, 36800, 40700]",3,4,2,1,-4.0,-10.0,4.0,10.0
g20260813_ky05,62,1511064280,"[14600, 26300, 23800, 34300]",4,2,3,1,-10.0,4.0,-4.0,10.0
g20260813_ky05,63,1511064281,"[28300, 17600, 22500, 31600]",2,4,3,1,4.0,-10.0,-4.0,10.0
g20260813_ky05,64,1511064282,"[15300, 21000, 20200, 43500]",4,2,3,1,-10.0,4.0,-4.0,10.0
g20260813_ky05,65,1511064283,"[12400, 20000, 29200, 38400]",4,3,2,1,-10.0,-4.0,4.0,10.0
g20260813_ky05,66,1511064284,"[19400, 18300, 28000, 34300]",3,4,2,1,-4.0,-10.0,4.0,10.0
g20260813_ky05,67,1511064285,"[17600, 20300, 25800, 36300]",4,3,2,1,-10.0,-4.0,4.0,10.0
g20260813_ky05,68,1511064286,"[15600, 23300, 31300, 29800]",4,3,1,2,-10.0,-4.0,10.0,4.0
g20260813_ky05,69,1511064287,"[11600, 35300, 19800, 33300]",4,1,3,2,-10.0,10.0,-4.0,4.0
g20260813_ky05,70,1511064288,"[13600, 20300, 24800, 41300]",4,3,2,1,-10.0,-4.0,4.0,10.0
g20260813_ky05,71,1511064289,"[21600, 10300, 19800, 48300]",2,4,3,1,4.0,-10.0,-4.0,10.0
g20260813_ky05,72,1511064290,"[14600, 31900, 23800, 29700]",4,1,3,2,-10.0,10.0,-4.0,4.0
g20260813_ky05,73,1511064291,"[18200, 26200, 20900, 34700]",4,2,3,1,-10.0,4.0,-4.0,10.0
g20260813_ky05,74,1511064292,"[30500, 9500, 27800, 32200]",2,4,3,1,4.0,-10.0,-4.0,10.0
g20260813_ky05,75,1511064293,"[27100, 14800, 23300, 34800]",2,4,3,1,4.0,-10.0,-4.0,10.0
g20260813_ky05,76,1511064294,"[13600, 23900, 25800, 36700]",4,3,2,1,-10.0,-4.0,4.0,10.0
g20260813_ky05,77,1511064295,"[31800, 15100, 19800, 33300]",2,4,3,1,4.0,-10.0,-4.0,10.0
g20260813_ky05,78,1511064296,"[14000, 23300, 27400, 35300]",4,3,2,1,-10.0,-4.0,4.0,10.0
g20260813_ky05,79,1511064297,"[18600, 18300, 20900, 42200]",3,4,2,1,-4.0,-10.0,4.0,10.0
g20260813_ky05,80,1511064298,"[17600, 20300, 24800, 37300]",4,3,2,1,-10.0,-4.0,4.0,10.0
g20260813_ky05,81,1511064299,"[13100, 19800, 26800, 40300]",4,3,2,1,-10.0,-4.0,4.0,10.0
g20260813_ky05,82,1511064300,"[20600, 19000, 25100, 35300]",3,4,2,1,-4.0,-10.0,4.0,10.0
g20260813_ky05,83,1511064301,"[12700, 23600, 27900, 35800]",4,3,2,1,-10.0,-4.0,4.0,10.0
g20260813_ky05,84,1511064302,"[28200, 20300, 17200, 34300]",2,3,4,1,4.0,-4.0,-10.0,10.0
g20260813_ky05,85,1511064303,"[27900, 18200, 22700, 31200]",2,4,3,1,4.0,-10.0,-4.0,10.0
g20260813_ky05,86,1511064304,"[17600, 26600, 39400, 16400]",3,2,1,4,-4.0,4.0,10.0,-10.0
g20260813_ky05,87,1511064305,"[24100, 18500, 36100, 21300]",2,4,1,3,4.0,-10.0,10.0,-4.0
g20260813_ky05,88,1511064306,"[11100, 25100, 34000, 28800]",4,3,1,2,-10.0,-4.0,10.0,4.0
g20260813_ky05,89,1511064307,"[4700, 21300, 26700, 45300]",4,3,2,1,-10.0,-4.0,4.0,10.0
g20260813_ky05,90,1511064308,"[22000, 16900, 24300, 36800]",3,4,2,1,-4.0,-10.0,4.0,10.0
g20260813_ky05,91,1511064309,"[14700, 17400, 23600, 43300]",4,3,2,1,-10.0,-4.0,4.0,10.0
g20260813_ky05,92,1511064310,"[17100, 22800, 20400, 38700]",4,2,3,1,-10.0,4.0,-4.0,10.0
g20260813_ky05,93,1511064311,"[17300, 22000, 26300, 34400]",4,3,2,1,-10.0,-4.0,4.0,10.0
g20260813_ky05,94,1511064312,"[16500, 18200, 34000, 31300]",4,3,1,2,-10.0,-4.0,10.0,4.0
g20260813_ky05,95,1511064313,"[6200, 30200, 23500, 40100]",4,2,3,1,-10.0,4.0,-4.0,10.0
g20260813_ky05,96,1511064314,"[14000, 7300, 52500, 26200]",3,4,1,2,-4.0,-10.0,10.0,4.0
g20260813_ky05,97,1511064315,"[16600, 19400, 25800, 38200]",4,3,2,1,-10.0,-4.0,4.0,10.0
g20260813_ky05,98,1511064316,"[15600, 16100, 29100, 39200]",4,3,2,1,-10.0,-4.0,4.0,10.0
g20260813_ky05,99,1511064317,"[15600, 21300, 31300, 31800]",4,3,2,1,-10.0,-4.0,4.0,10.0
g20260813_ky05,100,1511064318,"[11600, 21900, 45800, 19700]",4,2,1,3,-10.0,4.0,10.0,-4.0
g20260813_ky05,101,1511064319,"[16600, 21300, 25500, 36600]",4,3,2,1,-10.0,-4.0,4.0,10.0
g20260813_ky05,102,1511064320,"[21500, 22300, 19900, 36300]",3,2,4,1,-4.0,4.0,-10.0,10.0
g20260813_ky05,103,1511064321,"[20900, 16500, 31200, 31400]",3,4,2,1,-4.0,-10.0,4.0,10.0
g20260813_ky05,104,1511064322,"[32400, 18700, 20200, 28700]",1,4,3,2,10.0,-10.0,-4.0,4.0
g20260813_ky05,105,1511064323,"[18100, 15100, 24300, 42500]",3,4,2,1,-4.0,-10.0,4.0,10.0
g20260813_ky05,106,1511064324,"[14600, 29500, 20600, 35300]",4,2,3,1,-10.0,4.0,-4.0,10.0
g20260813_ky05,107,1511064325,"[27600, 13300, 24800, 34300]",2,4,3,1,4.0,-10.0,-4.0,10.0
g20260813_ky05,108,1511064326,"[23500, 21300, 20900, 33300]",2,3,4,1,4.0,-4.0,-10.0,10.0
g20260813_ky05,109,1511064327,"[22600, 21300, 23800, 32300]",3,4,2,1,-4.0,-10.0,4.0,10.0
g20260813_ky05,110,1511064328,"[15100, 17800, 20300, 45800]",4,3,2,1,-10.0,-4.0,4.0,10.0
g20260813_ky05,111,1511064329,"[13600, 35300, 19800, 31300]",4,1,3,2,-10.0,10.0,-4.0,4.0
g20260813_ky05,112,1511064330,"[16600, 24300, 24800, 34300]",4,3,2,1,-10.0,-4.0,4.0,10.0
g20260813_ky05,113,1511064331,"[9700, 30200, 25800, 34300]",4,2,3,1,-10.0,4.0,-4.0,10.0
g20260813_ky05,114,1511064332,"[27600, 30500, 13600, 28300]",3,1,4,2,-4.0,10.0,-10.0,4.0
g20260813_ky05,115,1511064333,"[14600, 17300, 18800, 48300]",4,3,2,1,-10.0,-4.0,4.0,10.0
g20260813_ky05,116,1511064334,"[18600, 18300, 20900, 42200]",3,4,2,1,-4.0,-10.0,4.0,10.0
g20260813_ky05,117,1511064335,"[15600, 32600, 14000, 36800]",3,2,4,1,-4.0,4.0,-10.0,10.0
g20260813_ky05,118,1511064336,"[12900, 25000, 24300, 37800]",4,2,3,1,-10.0,4.0,-4.0,10.0
g20260813_ky05,119,1511064337,"[8600, 17200, 26600, 47600]",4,3,2,1,-10.0,-4.0,4.0,10.0
g20260813_ky05,120,1511064338,"[20700, 13300, 29700, 36300]",3,4,2,1,-4.0,-10.0,4.0,10.0
g20260813_ky05,121,1511064339,"[20500, 21300, 27800, 30400]",4,3,2,1,-10.0,-4.0,4.0,10.0
g20260813_ky05,122,1511064340,"[21500, 23900, 18300, 36300]",3,2,4,1,-4.0,4.0,-10.0,10.0
g20260813_ky05,123,1511064341,"[18600, 22300, 23800, 34300]",4,3,2,1,-10.0,-4.0,4.0,10.0
g20260813_ky05,124,1511064342,"[16100, 22800, 24300, 36800]",4,3,2,1,-10.0,-4.0,4.0,10.0
g20260813_ky05,125,1511064343,"[12200, 20800, 36800, 30200]",4,3,1,2,-10.0,-4.0,10.0,4.0
g20260813_ky05,126,1511064344,"[7100, 25200, 28600, 39100]",4,3,2,1,-10.0,-4.0,4.0,10.0
g20260813_ky05,127,1511064345,"[29600, 21200, 15900, 33300]",2,3,4,1,4.0,-4.0,-10.0,10.0
g20260814_ky06,0,1511064235,"[40600, 7400, 6700, 45300]",2,3,4,1,4.0,-4.0,-10.0,10.0
g20260814_ky06,1,1511064236,"[44700, 11500, 16700, 27100]",1,4,3,2,10.0,-10.0,-4.0,4.0
g20260814_ky06,2,1511064237,"[43700, 15500, 13700, 27100]",1,3,4,2,10.0,-4.0,-10.0,4.0
g20260814_ky06,3,1511064238,"[47300, 11500, 14700, 26500]",1,4,3,2,10.0,-10.0,-4.0,4.0
g20260814_ky06,4,1511064239,"[46700, 9500, 14700, 29100]",1,4,3,2,10.0,-10.0,-4.0,4.0
g20260814_ky06,5,1511064240,"[32700, 11500, 14700, 41100]",2,4,3,1,4.0,-10.0,-4.0,10.0
g20260814_ky06,6,1511064241,"[37000, 19200, 14700, 29100]",1,3,4,2,10.0,-4.0,-10.0,4.0
g20260814_ky06,7,1511064242,"[41500, 11500, 3100, 43900]",2,3,4,1,4.0,-4.0,-10.0,10.0
g20260814_ky06,8,1511064243,"[43200, 12000, 16200, 27600]",1,4,3,2,10.0,-10.0,-4.0,4.0
g20260814_ky06,9,1511064244,"[43700, 10500, 18700, 27100]",1,4,3,2,10.0,-10.0,-4.0,4.0
g20260814_ky06,10,1511064245,"[44700, -100, 14700, 40700]",1,4,3,2,10.0,-10.0,-4.0,4.0
g20260814_ky06,11,1511064246,"[43400, 16700, 13400, 26500]",1,3,4,2,10.0,-4.0,-10.0,4.0
g20260814_ky06,12,1511064247,"[42100, 11500, 17300, 29100]",1,4,3,2,10.0,-10.0,-4.0,4.0
g20260814_ky06,13,1511064248,"[36000, 20200, 14700, 29100]",1,3,4,2,10.0,-4.0,-10.0,4.0
g20260814_ky06,14,1511064249,"[44700, 10500, 14700, 29100]",1,4,3,2,10.0,-10.0,-4.0,4.0
g20260814_ky06,15,1511064250,"[44700, -1100, 14700, 41700]",1,4,3,2,10.0,-10.0,-4.0,4.0
g20260814_ky06,16,1511064251,"[46200, 11100, 14300, 28400]",1,4,3,2,10.0,-10.0,-4.0,4.0
g20260814_ky06,17,1511064252,"[44700, 20200, 7000, 28100]",1,3,4,2,10.0,-4.0,-10.0,4.0
g20260814_ky06,18,1511064253,"[42700, 11500, 16700, 29100]",1,4,3,2,10.0,-10.0,-4.0,4.0
g20260814_ky06,19,1511064254,"[45700, 10500, 14700, 29100]",1,4,3,2,10.0,-10.0,-4.0,4.0
g20260814_ky06,20,1511064255,"[43700, 14500, 13700, 28100]",1,3,4,2,10.0,-4.0,-10.0,4.0
g20260814_ky06,21,1511064256,"[45700, 11500, 14700, 28100]",1,4,3,2,10.0,-10.0,-4.0,4.0
g20260814_ky06,22,1511064257,"[40800, 15700, 14700, 28800]",1,3,4,2,10.0,-4.0,-10.0,4.0
g20260814_ky06,23,1511064258,"[43700, 20500, 14700, 21100]",1,3,4,2,10.0,-4.0,-10.0,4.0
g20260814_ky06,24,1511064259,"[44700, 12800, 13400, 29100]",1,4,3,2,10.0,-10.0,-4.0,4.0
g20260814_ky06,25,1511064260,"[52700, 9500, 12700, 25100]",1,4,3,2,10.0,-10.0,-4.0,4.0
g20260814_ky06,26,1511064261,"[43700, 10500, 17700, 28100]",1,4,3,2,10.0,-10.0,-4.0,4.0
g20260814_ky06,27,1511064262,"[40800, 11500, 18600, 29100]",1,4,3,2,10.0,-10.0,-4.0,4.0
g20260814_ky06,28,1511064263,"[43400, 16700, 13400, 26500]",1,3,4,2,10.0,-4.0,-10.0,4.0
g20260814_ky06,29,1511064264,"[47200, 11200, 12400, 29200]",1,4,3,2,10.0,-10.0,-4.0,4.0
g20260814_ky06,30,1511064265,"[42700, 17500, 13700, 26100]",1,3,4,2,10.0,-4.0,-10.0,4.0
g20260814_ky06,31,1511064266,"[39600, 23800, 11600, 25000]",1,3,4,2,10.0,-4.0,-10.0,4.0
g20260814_ky06,32,1511064267,"[43700, 14500, 13700, 28100]",1,3,4,2,10.0,-4.0,-10.0,4.0
g20260814_ky06,33,1511064268,"[44700, 11500, 17300, 26500]",1,4,3,2,10.0,-10.0,-4.0,4.0
g20260814_ky06,34,1511064269,"[44300, 11100, 16200, 28400]",1,4,3,2,10.0,-10.0,-4.0,4.0
g20260814_ky06,35,1511064270,"[42600, 5500, 23000, 28900]",1,4,3,2,10.0,-10.0,-4.0,4.0
g20260814_ky06,36,1511064271,"[44700, 11500, 15700, 28100]",1,4,3,2,10.0,-10.0,-4.0,4.0
g20260814_ky06,37,1511064272,"[39500, 16700, 14700, 29100]",1,3,4,2,10.0,-4.0,-10.0,4.0
g20260814_ky06,38,1511064273,"[45700, 11500, 13700, 29100]",1,4,3,2,10.0,-10.0,-4.0,4.0
g20260814_ky06,39,1511064274,"[47700, 11500, 14700, 26100]",1,4,3,2,10.0,-10.0,-4.0,4.0
g20260814_ky06,40,1511064275,"[36800, 8400, 12600, 42200]",2,4,3,1,4.0,-10.0,-4.0,10.0
g20260814_ky06,41,1511064276,"[42700, 19400, 12700, 25200]",1,3,4,2,10.0,-4.0,-10.0,4.0
g20260814_ky06,42,1511064277,"[44700, 3800, 22400, 29100]",1,4,3,2,10.0,-10.0,-4.0,4.0
g20260814_ky06,43,1511064278,"[44700, 11500, 15700, 28100]",1,4,3,2,10.0,-10.0,-4.0,4.0
g20260814_ky06,44,1511064279,"[43700, 13500, 13700, 28100]",1,4,3,2,10.0,-10.0,-4.0,4.0
g20260814_ky06,45,1511064280,"[43200, 13000, 16200, 27600]",1,4,3,2,10.0,-10.0,-4.0,4.0
g20260814_ky06,46,1511064281,"[44000, 14200, 14000, 27800]",1,3,4,2,10.0,-4.0,-10.0,4.0
g20260814_ky06,47,1511064282,"[42100, 11500, 17300, 29100]",1,4,3,2,10.0,-10.0,-4.0,4.0
g20260814_ky06,48,1511064283,"[44400, 11200, 16800, 27600]",1,4,3,2,10.0,-10.0,-4.0,4.0
g20260814_ky06,49,1511064284,"[44700, 8900, 17300, 29100]",1,4,3,2,10.0,-10.0,-4.0,4.0
g20260814_ky06,50,1511064285,"[32700, 11500, 14700, 41100]",2,4,3,1,4.0,-10.0,-4.0,10.0
g20260814_ky06,51,1511064286,"[44700, 9500, 16700, 29100]",1,4,3,2,10.0,-10.0,-4.0,4.0
g20260814_ky06,52,1511064287,"[31500, 20500, 18900, 29100]",1,3,4,2,10.0,-4.0,-10.0,4.0
g20260814_ky06,53,1511064288,"[46700, 11000, 14200, 28100]",1,4,3,2,10.0,-10.0,-4.0,4.0
g20260814_ky06,54,1511064289,"[52500, 7400, 12600, 27500]",1,4,3,2,10.0,-10.0,-4.0,4.0
g20260814_ky06,55,1511064290,"[51900, 10500, 14700, 22900]",1,4,3,2,10.0,-10.0,-4.0,4.0
g20260814_ky06,56,1511064291,"[44700, 18900, 14700, 21700]",1,3,4,2,10.0,-4.0,-10.0,4.0
g20260814_ky06,57,1511064292,"[42100, 11500, 17300, 29100]",1,4,3,2,10.0,-10.0,-4.0,4.0
g20260814_ky06,58,1511064293,"[46200, 12000, 13200, 27600]",1,4,3,2,10.0,-10.0,-4.0,4.0
g20260814_ky06,59,1511064294,"[48600, 11500, 10800, 29100]",1,3,4,2,10.0,-4.0,-10.0,4.0
g20260814_ky06,60,1511064295,"[33400, 17000, 14700, 34900]",2,3,4,1,4.0,-4.0,-10.0,10.0
g20260814_ky06,61,1511064296,"[45700, 11500, 14700, 28100]",1,4,3,2,10.0,-10.0,-4.0,4.0
g20260814_ky06,62,1511064297,"[44700, 10500, 15700, 29100]",1,4,3,2,10.0,-10.0,-4.0,4.0
g20260814_ky06,63,1511064298,"[42700, 13500, 14700, 29100]",1,4,3,2,10.0,-10.0,-4.0,4.0
g20260815_ky07,0,1511064252,"[28900, 21200, 23700, 26200]",1,4,3,2,10.0,-10.0,-4.0,4.0
g20260815_ky07,1,1511064253,"[37300, 27000, 6800, 28900]",1,3,4,2,10.0,-4.0,-10.0,4.0
g20260815_ky07,2,1511064254,"[21000, 30300, 24000, 24700]",4,1,3,2,-10.0,10.0,-4.0,4.0
g20260815_ky07,3,1511064255,"[17900, 22200, 37300, 22600]",4,3,1,2,-10.0,-4.0,10.0,4.0
g20260815_ky07,4,1511064256,"[29000, 27800, 16500, 26700]",1,2,4,3,10.0,4.0,-10.0,-4.0
g20260815_ky07,5,1511064257,"[23000, 28300, 32000, 16700]",3,2,1,4,-4.0,4.0,10.0,-10.0
g20260815_ky07,6,1511064258,"[41000, 22300, 18000, 18700]",1,2,4,3,10.0,4.0,-10.0,-4.0
g20260815_ky07,7,1511064259,"[21000, 31300, 24000, 23700]",4,1,2,3,-10.0,10.0,4.0,-4.0
g20260815_ky07,8,1511064260,"[23000, 36000, 24000, 17000]",3,1,2,4,-4.0,10.0,4.0,-10.0
g20260815_ky07,9,1511064261,"[28100, 26200, 24500, 21200]",1,2,3,4,10.0,4.0,-4.0,-10.0
g20260815_ky07,10,1511064262,"[21500, 26800, 20300, 31400]",3,2,4,1,-4.0,4.0,-10.0,10.0
g20260815_ky07,11,1511064263,"[17000, 25300, 36000, 21700]",4,2,1,3,-10.0,4.0,10.0,-4.0
g20260815_ky07,12,1511064264,"[36000, 18700, 24600, 20700]",1,4,2,3,10.0,-10.0,4.0,-4.0
g20260815_ky07,13,1511064265,"[15000, 24300, 19000, 41700]",4,2,3,1,-10.0,4.0,-4.0,10.0
g20260815_ky07,14,1511064266,"[23300, 35200, 20800, 20700]",2,1,3,4,4.0,10.0,-4.0,-10.0
g20260815_ky07,15,1511064267,"[19100, 32200, 27900, 20800]",4,1,2,3,-10.0,10.0,4.0,-4.0
g20260815_ky07,16,1511064268,"[21000, 32300, 23000, 23700]",4,1,3,2,-10.0,10.0,-4.0,4.0
g20260815_ky07,17,1511064269,"[20400, 30900, 24000, 24700]",4,1,3,2,-10.0,10.0,-4.0,4.0
g20260815_ky07,18,1511064270,"[17000, 25300, 36000, 21700]",4,2,1,3,-10.0,4.0,10.0,-4.0
g20260815_ky07,19,1511064271,"[21000, 27300, 20400, 31300]",3,2,4,1,-4.0,4.0,-10.0,10.0
g20260815_ky07,20,1511064272,"[19100, 26300, 31900, 22700]",4,2,1,3,-10.0,4.0,10.0,-4.0
g20260815_ky07,21,1511064273,"[19100, 22800, 34700, 23400]",4,3,1,2,-10.0,-4.0,10.0,4.0
g20260815_ky07,22,1511064274,"[19100, 41000, 20100, 19800]",4,1,2,3,-10.0,10.0,4.0,-4.0
g20260815_ky07,23,1511064275,"[41000, 22300, 18000, 18700]",1,2,4,3,10.0,4.0,-10.0,-4.0
g20260815_ky07,24,1511064276,"[10100, 41200, 24000, 24700]",4,1,3,2,-10.0,10.0,-4.0,4.0
g20260815_ky07,25,1511064277,"[37000, 27300, 24000, 11700]",1,2,3,4,10.0,4.0,-4.0,-10.0
g20260815_ky07,26,1511064278,"[20200, 30300, 24300, 25200]",4,1,3,2,-10.0,10.0,-4.0,4.0
g20260815_ky07,27,1511064279,"[19100, 30300, 21000, 29600]",4,1,3,2,-10.0,10.0,-4.0,4.0
g20260815_ky07,28,1511064280,"[21200, 26800, 28900, 23100]",4,2,1,3,-10.0,4.0,10.0,-4.0
g20260815_ky07,29,1511064281,"[26000, 36600, 23000, 14400]",2,1,3,4,4.0,10.0,-4.0,-10.0
g20260815_ky07,30,1511064282,"[30700, 28300, 24000, 17000]",1,2,3,4,10.0,4.0,-4.0,-10.0
g20260815_ky07,31,1511064283,"[31700, 27300, 24000, 17000]",1,2,3,4,10.0,4.0,-4.0,-10.0
g20260815_ky07,32,1511064284,"[15000, 28300, 23000, 33700]",4,2,3,1,-10.0,4.0,-4.0,10.0
g20260815_ky07,33,1511064285,"[19000, 26300, 33000, 21700]",4,2,1,3,-10.0,4.0,10.0,-4.0
g20260815_ky07,34,1511064286,"[23000, 16300, 22000, 38700]",2,4,3,1,4.0,-10.0,-4.0,10.0
g20260815_ky07,35,1511064287,"[10100, 28300, 29200, 32400]",4,3,2,1,-10.0,-4.0,4.0,10.0
g20260815_ky07,36,1511064288,"[22000, 30300, 21000, 26700]",3,1,4,2,-4.0,10.0,-10.0,4.0
g20260815_ky07,37,1511064289,"[21900, 36600, 20900, 20600]",2,1,3,4,4.0,10.0,-4.0,-10.0
g20260815_ky07,38,1511064290,"[23000, 21900, 30400, 24700]",3,4,1,2,-4.0,-10.0,10.0,4.0
g20260815_ky07,39,1511064291,"[19000, 26300, 32000, 22700]",4,2,1,3,-10.0,4.0,10.0,-4.0
g20260815_ky07,40,1511064292,"[17800, 25700, 24000, 32500]",4,2,3,1,-10.0,4.0,-4.0,10.0
g20260815_ky07,41,1511064293,"[22000, 27300, 31200, 19500]",3,2,1,4,-4.0,4.0,10.0,-10.0
g20260815_ky07,42,1511064294,"[26900, 31200, 20100, 21800]",2,1,4,3,4.0,10.0,-10.0,-4.0
g20260815_ky07,43,1511064295,"[26900, 26300, 16000, 30800]",2,3,4,1,4.0,-4.0,-10.0,10.0
g20260815_ky07,44,1511064296,"[20400, 30900, 24000, 24700]",4,1,3,2,-10.0,10.0,-4.0,4.0
g20260815_ky07,45,1511064297,"[22000, 28300, 32000, 17700]",3,2,1,4,-4.0,4.0,10.0,-10.0
g20260815_ky07,46,1511064298,"[21700, 31000, 23300, 24000]",4,1,3,2,-10.0,10.0,-4.0,4.0
g20260815_ky07,47,1511064299,"[27400, 10300, 25500, 36800]",2,4,3,1,4.0,-10.0,-4.0,10.0
g20260815_ky07,48,1511064300,"[24200, 23400, 20700, 31700]",2,3,4,1,4.0,-4.0,-10.0,10.0
g20260815_ky07,49,1511064301,"[14100, 29800, 25500, 30600]",4,2,3,1,-10.0,4.0,-4.0,10.0
g20260815_ky07,50,1511064302,"[23000, 30200, 25000, 21800]",3,1,2,4,-4.0,10.0,4.0,-10.0
g20260815_ky07,51,1511064303,"[24500, 31300, 23200, 21000]",2,1,3,4,4.0,10.0,-4.0,-10.0
g20260815_ky07,52,1511064304,"[21000, 35300, 22000, 21700]",4,1,2,3,-10.0,10.0,4.0,-4.0
g20260815_ky07,53,1511064305,"[30700, 28300, 16300, 24700]",1,2,4,3,10.0,4.0,-10.0,-4.0
g20260815_ky07,54,1511064306,"[21300, 30800, 23600, 24300]",4,1,3,2,-10.0,10.0,-4.0,4.0
g20260815_ky07,55,1511064307,"[34700, 24400, 20100, 20800]",1,2,4,3,10.0,4.0,-10.0,-4.0
g20260815_ky07,56,1511064308,"[16800, 26000, 26300, 30900]",4,3,2,1,-10.0,-4.0,4.0,10.0
g20260815_ky07,57,1511064309,"[23000, 30900, 21400, 24700]",3,1,4,2,-4.0,10.0,-10.0,4.0
g20260815_ky07,58,1511064310,"[36000, 27300, 12000, 24700]",1,2,4,3,10.0,4.0,-10.0,-4.0
g20260815_ky07,59,1511064311,"[28400, 22900, 23600, 24100]",1,4,3,2,10.0,-10.0,-4.0,4.0
g20260815_ky07,60,1511064312,"[20000, 31300, 24000, 24700]",4,1,3,2,-10.0,10.0,-4.0,4.0
g20260815_ky07,61,1511064313,"[18100, 26300, 22000, 33600]",4,2,3,1,-10.0,4.0,-4.0,10.0
g20260815_ky07,62,1511064314,"[34700, 24400, 20100, 20800]",1,2,4,3,10.0,4.0,-10.0,-4.0
g20260815_ky07,63,1511064315,"[19100, 36200, 22000, 22700]",4,1,3,2,-10.0,10.0,-4.0,4.0
g20260815_ky07,64,1511064316,"[19400, 24700, 34800, 21100]",4,2,1,3,-10.0,4.0,10.0,-4.0
g20260815_ky07,65,1511064317,"[21000, 32300, 23000, 23700]",4,1,3,2,-10.0,10.0,-4.0,4.0
g20260815_ky07,66,1511064318,"[20400, 30900, 24000, 24700]",4,1,3,2,-10.0,10.0,-4.0,4.0
g20260815_ky07,67,1511064319,"[27400, 26100, 27100, 19400]",1,3,2,4,10.0,-4.0,4.0,-10.0
g20260815_ky07,68,1511064320,"[27400, 28300, 21200, 23100]",2,1,4,3,4.0,10.0,-10.0,-4.0
g20260815_ky07,69,1511064321,"[24500, 32200, 18100, 25200]",3,1,4,2,-4.0,10.0,-10.0,4.0
g20260815_ky07,70,1511064322,"[23000, 28300, 15300, 33400]",3,2,4,1,-4.0,4.0,-10.0,10.0
g20260815_ky07,71,1511064323,"[35000, 24300, 20000, 20700]",1,2,4,3,10.0,4.0,-10.0,-4.0
g20260815_ky07,72,1511064324,"[21100, 28300, 20100, 30500]",3,2,4,1,-4.0,4.0,-10.0,10.0
g20260815_ky07,73,1511064325,"[31800, 25700, 21400, 21100]",1,2,3,4,10.0,4.0,-4.0,-10.0
g20260815_ky07,74,1511064326,"[17000, 25300, 21000, 36700]",4,2,3,1,-10.0,4.0,-4.0,10.0
g20260815_ky07,75,1511064327,"[17100, 24300, 35900, 22700]",4,2,1,3,-10.0,4.0,10.0,-4.0
g20260815_ky07,76,1511064328,"[21000, 32300, 23000, 23700]",4,1,3,2,-10.0,10.0,-4.0,4.0
g20260815_ky07,77,1511064329,"[31800, 26500, 22700, 19000]",1,2,3,4,10.0,4.0,-4.0,-10.0
g20260815_ky07,78,1511064330,"[34700, 24400, 20100, 20800]",1,2,4,3,10.0,4.0,-10.0,-4.0
g20260815_ky07,79,1511064331,"[36000, 28300, 11000, 24700]",1,2,4,3,10.0,4.0,-10.0,-4.0
g20260815_ky07,80,1511064332,"[19000, 26300, 22000, 32700]",4,2,3,1,-10.0,4.0,-4.0,10.0
g20260815_ky07,81,1511064333,"[20900, 25500, 21400, 32200]",4,2,3,1,-10.0,4.0,-4.0,10.0
g20260815_ky07,82,1511064334,"[19100, 36200, 22000, 22700]",4,1,3,2,-10.0,10.0,-4.0,4.0
g20260815_ky07,83,1511064335,"[26000, 27300, 14700, 32000]",3,2,4,1,-4.0,4.0,-10.0,10.0
g20260815_ky07,84,1511064336,"[23000, 28300, 15000, 33700]",3,2,4,1,-4.0,4.0,-10.0,10.0
g20260815_ky07,85,1511064337,"[26000, 19300, 31000, 23700]",2,4,1,3,4.0,-10.0,10.0,-4.0
g20260815_ky07,86,1511064338,"[22500, 30400, 22700, 24400]",4,1,3,2,-10.0,10.0,-4.0,4.0
g20260815_ky07,87,1511064339,"[23000, 20300, 24000, 32700]",3,4,2,1,-4.0,-10.0,4.0,10.0
g20260815_ky07,88,1511064340,"[27400, 21900, 25700, 25000]",1,4,2,3,10.0,-10.0,4.0,-4.0
g20260815_ky07,89,1511064341,"[29000, 31500, 18100, 21400]",2,1,4,3,4.0,10.0,-10.0,-4.0
g20260815_ky07,90,1511064342,"[34900, 22500, 17900, 24700]",1,3,4,2,10.0,-4.0,-10.0,4.0
g20260815_ky07,91,1511064343,"[25500, 31300, 20300, 22900]",2,1,4,3,4.0,10.0,-10.0,-4.0
g20260815_ky07,92,1511064344,"[25300, 28000, 28300, 18400]",3,2,1,4,-4.0,4.0,10.0,-10.0
g20260815_ky07,93,1511064345,"[42000, 28300, 24000, 5700]",1,2,3,4,10.0,4.0,-4.0,-10.0
g20260815_ky07,94,1511064346,"[23900, 33200, 15100, 27800]",3,1,4,2,-4.0,10.0,-10.0,4.0
g20260815_ky07,95,1511064347,"[28600, 26600, 21800, 23000]",1,2,4,3,10.0,4.0,-10.0,-4.0
g20260815_ky07,96,1511064348,"[17800, 31500, 23300, 27400]",4,1,3,2,-10.0,10.0,-4.0,4.0
g20260815_ky07,97,1511064349,"[20000, 22300, 34000, 23700]",4,3,1,2,-10.0,-4.0,10.0,4.0
g20260815_ky07,98,1511064350,"[23900, 24200, 19900, 32000]",3,2,4,1,-4.0,4.0,-10.0,10.0
g20260815_ky07,99,1511064351,"[28800, 30900, 21400, 18900]",2,1,3,4,4.0,10.0,-4.0,-10.0
g20260815_ky07,100,1511064352,"[23000, 30600, 21700, 24700]",3,1,4,2,-4.0,10.0,-10.0,4.0
g20260815_ky07,101,1511064353,"[23000, 30300, 22000, 24700]",3,1,4,2,-4.0,10.0,-10.0,4.0
g20260815_ky07,102,1511064354,"[34700, 24400, 20100, 20800]",1,2,4,3,10.0,4.0,-10.0,-4.0
g20260815_ky07,103,1511064355,"[19700, 31200, 26000, 23100]",4,1,2,3,-10.0,10.0,4.0,-4.0
g20260815_ky07,104,1511064356,"[22000, 23800, 37200, 17000]",3,2,1,4,-4.0,4.0,10.0,-10.0
g20260815_ky07,105,1511064357,"[23000, 30300, 24000, 22700]",3,1,2,4,-4.0,10.0,4.0,-10.0
g20260815_ky07,106,1511064358,"[11000, 28300, 36000, 24700]",4,2,1,3,-10.0,4.0,10.0,-4.0
g20260815_ky07,107,1511064359,"[21000, 35000, 28000, 16000]",3,1,2,4,-4.0,10.0,4.0,-10.0
g20260815_ky07,108,1511064360,"[25900, 30600, 21100, 22400]",2,1,4,3,4.0,10.0,-10.0,-4.0
g20260815_ky07,109,1511064361,"[17400, 29900, 28000, 24700]",4,1,2,3,-10.0,10.0,4.0,-4.0
g20260815_ky07,110,1511064362,"[17200, 30200, 27900, 24700]",4,1,2,3,-10.0,10.0,4.0,-4.0
g20260815_ky07,111,1511064363,"[18600, 28300, 22100, 30000]",4,2,3,1,-10.0,4.0,-4.0,10.0
g20260815_ky07,112,1511064364,"[31500, 28000, 14700, 25800]",1,2,4,3,10.0,4.0,-10.0,-4.0
g20260815_ky07,113,1511064365,"[17000, 25300, 36000, 21700]",4,2,1,3,-10.0,4.0,10.0,-4.0
g20260815_ky07,114,1511064366,"[22600, 23600, 32500, 21300]",3,2,1,4,-4.0,4.0,10.0,-10.0
g20260815_ky07,115,1511064367,"[33100, 20200, 23000, 23700]",1,4,3,2,10.0,-10.0,-4.0,4.0
g20260815_ky07,116,1511064368,"[21000, 30300, 24000, 24700]",4,1,3,2,-10.0,10.0,-4.0,4.0
g20260815_ky07,117,1511064369,"[36000, 28300, 24000, 11700]",1,2,3,4,10.0,4.0,-4.0,-10.0
g20260815_ky07,118,1511064370,"[26900, 33400, 26000, 13700]",2,1,3,4,4.0,10.0,-4.0,-10.0
g20260815_ky07,119,1511064371,"[23500, 30100, 25500, 20900]",3,1,2,4,-4.0,10.0,4.0,-10.0
g20260815_ky07,120,1511064372,"[33100, 26800, 13900, 26200]",1,2,4,3,10.0,4.0,-10.0,-4.0
g20260815_ky07,121,1511064373,"[23000, 30300, 24000, 22700]",3,1,2,4,-4.0,10.0,4.0,-10.0
g20260815_ky07,122,1511064374,"[35000, 24300, 20000, 20700]",1,2,4,3,10.0,4.0,-10.0,-4.0
g20260815_ky07,123,1511064375,"[27300, 27600, 26000, 19100]",2,1,3,4,4.0,10.0,-4.0,-10.0
g20260815_ky07,124,1511064376,"[21000, 30300, 24000, 24700]",4,1,3,2,-10.0,10.0,-4.0,4.0
g20260815_ky07,125,1511064377,"[26500, 22500, 27500, 23500]",2,4,1,3,4.0,-10.0,10.0,-4.0
g20260815_ky07,126,1511064378,"[20400, 27000, 18800, 33800]",3,2,4,1,-4.0,4.0,-10.0,10.0
g20260815_ky07,127,1511064379,"[21700, 31000, 23300, 24000]",4,1,3,2,-10.0,10.0,-4.0,4.0
g20260815_ky07,128,1511064380,"[23000, 13000, 29200, 34800]",3,4,2,1,-4.0,-10.0,4.0,10.0
g20260815_ky07,129,1511064381,"[20000, 24400, 30900, 24700]",4,3,1,2,-10.0,-4.0,10.0,4.0
g20260815_ky07,130,1511064382,"[42000, 22300, 17000, 18700]",1,2,4,3,10.0,4.0,-10.0,-4.0
g20260815_ky07,131,1511064383,"[30000, 26000, 23000, 21000]",1,2,3,4,10.0,4.0,-4.0,-10.0
g20260815_ky07,132,1511064384,"[19500, 24000, 32700, 23800]",4,2,1,3,-10.0,4.0,10.0,-4.0
g20260815_ky07,133,1511064385,"[20900, 25800, 21500, 31800]",4,2,3,1,-10.0,4.0,-4.0,10.0
g20260815_ky07,134,1511064386,"[26900, 36600, 24000, 12500]",2,1,3,4,4.0,10.0,-4.0,-10.0
g20260815_ky07,135,1511064387,"[22000, 31300, 25000, 21700]",3,1,2,4,-4.0,10.0,4.0,-10.0
g20260815_ky07,136,1511064388,"[18100, 28300, 22000, 31600]",4,2,3,1,-10.0,4.0,-4.0,10.0
g20260815_ky07,137,1511064389,"[30700, 28300, 16300, 24700]",1,2,4,3,10.0,4.0,-10.0,-4.0
g20260815_ky07,138,1511064390,"[19000, 36300, 22000, 22700]",4,1,3,2,-10.0,10.0,-4.0,4.0
g20260815_ky07,139,1511064391,"[15300, 36000, 24000, 24700]",4,1,3,2,-10.0,10.0,-4.0,4.0
g20260815_ky07,140,1511064392,"[23000, 28300, 32000, 16700]",3,2,1,4,-4.0,4.0,10.0,-10.0
g20260815_ky07,141,1511064393,"[30700, 28300, 24000, 17000]",1,2,3,4,10.0,4.0,-4.0,-10.0
g20260815_ky07,142,1511064394,"[23000, 31300, 22000, 23700]",3,1,4,2,-4.0,10.0,-10.0,4.0
g20260815_ky07,143,1511064395,"[20500, 30800, 24000, 24700]",4,1,3,2,-10.0,10.0,-4.0,4.0
g20260815_ky07,144,1511064396,"[19100, 36200, 22000, 22700]",4,1,3,2,-10.0,10.0,-4.0,4.0
g20260815_ky07,145,1511064397,"[23000, 30300, 24000, 22700]",3,1,2,4,-4.0,10.0,4.0,-10.0
g20260815_ky07,146,1511064398,"[20600, 24600, 32500, 22300]",4,2,1,3,-10.0,4.0,10.0,-4.0
g20260815_ky07,147,1511064399,"[24500, 22900, 22500, 30100]",2,3,4,1,4.0,-4.0,-10.0,10.0
g20260815_ky07,148,1511064400,"[14300, 28300, 32700, 24700]",4,2,1,3,-10.0,4.0,10.0,-4.0
g20260815_ky07,149,1511064401,"[20900, 31600, 21900, 25600]",4,1,3,2,-10.0,10.0,-4.0,4.0
g20260815_ky07,150,1511064402,"[23100, 23500, 32400, 21000]",3,2,1,4,-4.0,4.0,10.0,-10.0
g20260815_ky07,151,1511064403,"[27200, 26700, 34700, 11400]",2,3,1,4,4.0,-4.0,10.0,-10.0
g20260815_ky07,152,1511064404,"[18100, 37200, 22000, 22700]",4,1,3,2,-10.0,10.0,-4.0,4.0
g20260815_ky07,153,1511064405,"[17000, 40300, 21000, 21700]",4,1,3,2,-10.0,10.0,-4.0,4.0
g20260815_ky07,154,1511064406,"[20700, 25600, 30700, 23000]",4,2,1,3,-10.0,4.0,10.0,-4.0
g20260815_ky07,155,1511064407,"[21000, 32300, 23000, 23700]",4,1,3,2,-10.0,10.0,-4.0,4.0
g20260815_ky07,156,1511064408,"[30800, 25700, 21400, 22100]",1,2,4,3,10.0,4.0,-10.0,-4.0
g20260815_ky07,157,1511064409,"[23000, 28300, 30200, 18500]",3,2,1,4,-4.0,4.0,10.0,-10.0
g20260815_ky07,158,1511064410,"[26600, 27300, 25600, 20500]",2,1,3,4,4.0,10.0,-4.0,-10.0
g20260815_ky07,159,1511064411,"[19000, 25300, 25000, 30700]",4,2,3,1,-10.0,4.0,-4.0,10.0
g20260815_ky07,160,1511064412,"[34600, 28300, 24000, 13100]",1,2,3,4,10.0,4.0,-4.0,-10.0
g20260815_ky07,161,1511064413,"[19400, 24700, 20400, 35500]",4,2,3,1,-10.0,4.0,-4.0,10.0
g20260815_ky07,162,1511064414,"[40000, 28300, 1100, 30600]",1,3,4,2,10.0,-4.0,-10.0,4.0
g20260815_ky07,163,1511064415,"[26000, 36600, 12700, 24700]",2,1,4,3,4.0,10.0,-10.0,-4.0
g20260815_ky07,164,1511064416,"[15000, 24300, 40000, 20700]",4,2,1,3,-10.0,4.0,10.0,-4.0
g20260815_ky07,165,1511064417,"[23500, 20700, 24500, 31300]",3,4,2,1,-4.0,-10.0,4.0,10.0
g20260815_ky07,166,1511064418,"[19000, 20300, 23900, 36800]",4,3,2,1,-10.0,-4.0,4.0,10.0
g20260815_ky07,167,1511064419,"[11000, 28300, 36000, 24700]",4,2,1,3,-10.0,4.0,10.0,-4.0
g20260815_ky07,168,1511064420,"[22400, 34900, 21500, 21200]",2,1,3,4,4.0,10.0,-4.0,-10.0
g20260815_ky07,169,1511064421,"[18000, 28300, 31900, 21800]",4,2,1,3,-10.0,4.0,10.0,-4.0
g20260815_ky07,170,1511064422,"[9400, 24400, 39500, 26700]",4,3,1,2,-10.0,-4.0,10.0,4.0
g20260815_ky07,171,1511064423,"[20000, 36000, 16300, 27700]",3,1,4,2,-4.0,10.0,-10.0,4.0
g20260815_ky07,172,1511064424,"[32400, 23600, 24500, 19500]",1,3,2,4,10.0,-4.0,4.0,-10.0
g20260815_ky07,173,1511064425,"[22300, 27000, 18900, 31800]",3,2,4,1,-4.0,4.0,-10.0,10.0
g20260815_ky07,174,1511064426,"[21700, 31000, 23300, 24000]",4,1,3,2,-10.0,10.0,-4.0,4.0
g20260815_ky07,175,1511064427,"[22000, 28300, 37000, 12700]",3,2,1,4,-4.0,4.0,10.0,-10.0
g20260815_ky07,176,1511064428,"[35000, 24300, 20000, 20700]",1,2,4,3,10.0,4.0,-10.0,-4.0
g20260815_ky07,177,1511064429,"[14300, 28300, 24000, 33400]",4,2,3,1,-10.0,4.0,-4.0,10.0
g20260815_ky07,178,1511064430,"[19000, 36300, 22000, 22700]",4,1,3,2,-10.0,10.0,-4.0,4.0
g20260815_ky07,179,1511064431,"[17800, 33500, 24000, 24700]",4,1,3,2,-10.0,10.0,-4.0,4.0
g20260815_ky07,180,1511064432,"[25600, 32300, 19700, 22400]",2,1,4,3,4.0,10.0,-10.0,-4.0
g20260815_ky07,181,1511064433,"[23200, 29800, 33100, 13900]",3,2,1,4,-4.0,4.0,10.0,-10.0
g20260815_ky07,182,1511064434,"[24500, 17500, 24500, 33500]",2,4,3,1,4.0,-10.0,-4.0,10.0
g20260815_ky07,183,1511064435,"[20000, 24400, 32900, 22700]",4,2,1,3,-10.0,4.0,10.0,-4.0
g20260815_ky07,184,1511064436,"[20000, 41900, 19200, 18900]",2,1,3,4,4.0,10.0,-4.0,-10.0
g20260815_ky07,185,1511064437,"[23000, 30300, 24000, 22700]",3,1,2,4,-4.0,10.0,4.0,-10.0
g20260815_ky07,186,1511064438,"[25000, 24600, 22600, 27800]",2,3,4,1,4.0,-4.0,-10.0,10.0
g20260815_ky07,187,1511064439,"[15000, 36300, 24000, 24700]",4,1,3,2,-10.0,10.0,-4.0,4.0
g20260815_ky07,188,1511064440,"[30600, 20700, 25500, 23200]",1,4,2,3,10.0,-10.0,4.0,-4.0
g20260815_ky07,189,1511064441,"[35000, 28300, 24000, 12700]",1,2,3,4,10.0,4.0,-4.0,-10.0
g20260815_ky07,190,1511064442,"[14600, 27000, 22700, 35700]",4,2,3,1,-10.0,4.0,-4.0,10.0
g20260815_ky07,191,1511064443,"[31300, 17900, 29500, 21300]",1,4,2,3,10.0,-10.0,4.0,-4.0
g20260818_ky01,0,1511064269,"[34400, 31300, 2100, 32200]",1,3,4,2,10.0,-4.0,-10.0,4.0
g20260818_ky01,1,1511064270,"[6900, 51800, 23400, 17900]",4,1,2,3,-10.0,10.0,4.0,-4.0
g20260818_ky01,2,1511064271,"[15000, 59000, 7600, 18400]",3,1,4,2,-4.0,10.0,-10.0,4.0
g20260818_ky01,3,1511064272,"[5700, 41100, 18400, 34800]",4,1,3,2,-10.0,10.0,-4.0,4.0
g20260818_ky01,4,1511064273,"[34200, 22500, 9200, 33100]",1,3,4,2,10.0,-4.0,-10.0,4.0
g20260818_ky01,5,1511064274,"[34300, 8800, 43600, 13300]",2,4,1,3,4.0,-10.0,10.0,-4.0
g20260818_ky01,6,1511064275,"[34600, 5600, 26800, 33000]",1,4,3,2,10.0,-10.0,-4.0,4.0
g20260818_ky01,7,1511064276,"[16900, 16800, 25400, 40900]",3,4,2,1,-4.0,-10.0,4.0,10.0
g20260818_ky01,8,1511064277,"[2200, 46600, 19700, 31500]",4,1,3,2,-10.0,10.0,-4.0,4.0
g20260818_ky01,9,1511064278,"[23100, 24600, 34400, 17900]",3,2,1,4,-4.0,4.0,10.0,-10.0
g20260818_ky01,10,1511064279,"[19800, 32200, 30900, 17100]",3,1,2,4,-4.0,10.0,4.0,-10.0
g20260818_ky01,11,1511064280,"[25900, 37900, 18300, 17900]",2,1,3,4,4.0,10.0,-4.0,-10.0
g20260818_ky01,12,1511064281,"[28700, 18100, 33700, 19500]",2,4,1,3,4.0,-10.0,10.0,-4.0
g20260818_ky01,13,1511064282,"[40100, 11000, 12700, 35200]",1,4,3,2,10.0,-10.0,-4.0,4.0
g20260818_ky01,14,1511064283,"[-6000, 12500, 48900, 44600]",4,3,1,2,-10.0,-4.0,10.0,4.0
g20260818_ky01,15,1511064284,"[23800, 27900, 32100, 16200]",3,2,1,4,-4.0,4.0,10.0,-10.0
g20260818_ky01,16,1511064285,"[26200, 25500, 15900, 32400]",2,3,4,1,4.0,-4.0,-10.0,10.0
g20260818_ky01,17,1511064286,"[7500, 31900, 33900, 26700]",4,2,1,3,-10.0,4.0,10.0,-4.0
g20260818_ky01,18,1511064287,"[20700, 24300, 30900, 24100]",4,2,1,3,-10.0,4.0,10.0,-4.0
g20260818_ky01,19,1511064288,"[30000, 24500, 19200, 26300]",1,3,4,2,10.0,-4.0,-10.0,4.0
g20260818_ky01,20,1511064289,"[24100, 22000, 22600, 31300]",2,4,3,1,4.0,-10.0,-4.0,10.0
g20260818_ky01,21,1511064290,"[16700, 40100, 26400, 16800]",4,1,2,3,-10.0,10.0,4.0,-4.0
g20260818_ky01,22,1511064291,"[30200, 26000, 27100, 16700]",1,3,2,4,10.0,-4.0,4.0,-10.0
g20260818_ky01,23,1511064292,"[40900, 9800, 12200, 37100]",1,4,3,2,10.0,-10.0,-4.0,4.0
g20260818_ky01,24,1511064293,"[16300, 31300, 18800, 33600]",4,2,3,1,-10.0,4.0,-4.0,10.0
g20260818_ky01,25,1511064294,"[28000, 28400, 11600, 32000]",3,2,4,1,-4.0,4.0,-10.0,10.0
g20260818_ky01,26,1511064295,"[26700, 31700, 11600, 30000]",3,1,4,2,-4.0,10.0,-10.0,4.0
g20260818_ky01,27,1511064296,"[18700, 19000, 39500, 22800]",4,3,1,2,-10.0,-4.0,10.0,4.0
g20260818_ky01,28,1511064297,"[16400, 37200, 24500, 21900]",4,1,2,3,-10.0,10.0,4.0,-4.0
g20260818_ky01,29,1511064298,"[6700, 36400, 20100, 36800]",4,2,3,1,-10.0,4.0,-4.0,10.0
g20260818_ky01,30,1511064299,"[29300, 15800, 16700, 38200]",2,4,3,1,4.0,-10.0,-4.0,10.0
g20260818_ky01,31,1511064300,"[30100, 21400, 27500, 21000]",1,3,2,4,10.0,-4.0,4.0,-10.0
g20260818_ky01,32,1511064301,"[28000, 55000, -1300, 18300]",2,1,4,3,4.0,10.0,-10.0,-4.0
g20260818_ky01,33,1511064302,"[46800, 2200, 15800, 35200]",1,4,3,2,10.0,-10.0,-4.0,4.0
g20260818_ky01,34,1511064303,"[38200, 27900, 19400, 14500]",1,2,3,4,10.0,4.0,-4.0,-10.0
g20260818_ky01,35,1511064304,"[14000, 40400, 16800, 28800]",4,1,3,2,-10.0,10.0,-4.0,4.0
g20260818_ky01,36,1511064305,"[20800, 8600, 18000, 52600]",2,4,3,1,4.0,-10.0,-4.0,10.0
g20260818_ky01,37,1511064306,"[26000, 35000, 11000, 28000]",3,1,4,2,-4.0,10.0,-10.0,4.0
g20260818_ky01,38,1511064307,"[23200, 26800, 15000, 35000]",3,2,4,1,-4.0,4.0,-10.0,10.0
g20260818_ky01,39,1511064308,"[22600, 24100, 37800, 15500]",3,2,1,4,-4.0,4.0,10.0,-10.0
g20260818_ky01,40,1511064309,"[46400, 24100, 12500, 17000]",1,2,4,3,10.0,4.0,-10.0,-4.0
g20260818_ky01,41,1511064310,"[23500, 27900, 11200, 37400]",3,2,4,1,-4.0,4.0,-10.0,10.0
g20260818_ky01,42,1511064311,"[16000, 20900, 38900, 23200]",4,3,1,2,-10.0,-4.0,10.0,4.0
g20260818_ky01,43,1511064312,"[29400, 6500, 23700, 40400]",2,4,3,1,4.0,-10.0,-4.0,10.0
g20260818_ky01,44,1511064313,"[15000, 14600, 26500, 43900]",3,4,2,1,-4.0,-10.0,4.0,10.0
g20260818_ky01,45,1511064314,"[27800, 14700, 31300, 26200]",2,4,1,3,4.0,-10.0,10.0,-4.0
g20260818_ky01,46,1511064315,"[27900, 23100, 13100, 35900]",2,3,4,1,4.0,-4.0,-10.0,10.0
g20260818_ky01,47,1511064316,"[9900, 22300, 39200, 28600]",4,3,1,2,-10.0,-4.0,10.0,4.0
g20260818_ky01,48,1511064317,"[28300, 33800, 16000, 20900]",2,1,4,3,4.0,10.0,-10.0,-4.0
g20260818_ky01,49,1511064318,"[29400, 35100, 16300, 19200]",2,1,4,3,4.0,10.0,-10.0,-4.0
g20260818_ky01,50,1511064319,"[9900, 24600, 15200, 50300]",4,2,3,1,-10.0,4.0,-4.0,10.0
g20260818_ky01,51,1511064320,"[20000, -1100, 41400, 39700]",3,4,1,2,-4.0,-10.0,10.0,4.0
g20260818_ky01,52,1511064321,"[29900, 19900, 31600, 18600]",2,3,1,4,4.0,-4.0,10.0,-10.0
g20260818_ky01,53,1511064322,"[32200, 6900, 44700, 16200]",2,4,1,3,4.0,-10.0,10.0,-4.0
g20260818_ky01,54,1511064323,"[13300, 26900, 17100, 42700]",4,2,3,1,-10.0,4.0,-4.0,10.0
g20260818_ky01,55,1511064324,"[11200, 33600, 26300, 28900]",4,1,3,2,-10.0,10.0,-4.0,4.0
g20260818_ky01,56,1511064325,"[26400, 26000, 17600, 30000]",2,3,4,1,4.0,-4.0,-10.0,10.0
g20260818_ky01,57,1511064326,"[36300, 12700, 18500, 32500]",1,4,3,2,10.0,-10.0,-4.0,4.0
g20260818_ky01,58,1511064327,"[58700, 24400, -1100, 18000]",1,2,4,3,10.0,4.0,-10.0,-4.0
g20260818_ky01,59,1511064328,"[3100, 25500, 28700, 42700]",4,3,2,1,-10.0,-4.0,4.0,10.0
g20260818_ky01,60,1511064329,"[24400, 28700, 15600, 31300]",3,2,4,1,-4.0,4.0,-10.0,10.0
g20260818_ky01,61,1511064330,"[39700, 2900, 22800, 34600]",1,4,3,2,10.0,-10.0,-4.0,4.0
g20260818_ky01,62,1511064331,"[31600, 8600, 39700, 20100]",2,4,1,3,4.0,-10.0,10.0,-4.0
g20260818_ky01,63,1511064332,"[28000, 31100, 16200, 24700]",2,1,4,3,4.0,10.0,-10.0,-4.0
g20260818_ky01,64,1511064333,"[21600, 18400, 9500, 50500]",2,3,4,1,4.0,-4.0,-10.0,10.0
g20260818_ky01,65,1511064334,"[9900, 25500, 27500, 37100]",4,3,2,1,-10.0,-4.0,4.0,10.0
g20260818_ky01,66,1511064335,"[31400, 13400, 29100, 25100]",1,4,2,3,10.0,-10.0,4.0,-4.0
g20260818_ky01,67,1511064336,"[8300, 51700, 17000, 23000]",4,1,3,2,-10.0,10.0,-4.0,4.0
g20260818_ky01,68,1511064337,"[14700, 14600, 28700, 42000]",3,4,2,1,-4.0,-10.0,4.0,10.0
g20260818_ky01,69,1511064338,"[15600, 21300, 19700, 43400]",4,2,3,1,-10.0,4.0,-4.0,10.0
g20260818_ky01,70,1511064339,"[26700, 32100, 20700, 20500]",2,1,3,4,4.0,10.0,-4.0,-10.0
g20260818_ky01,71,1511064340,"[16900, 19900, 33700, 29500]",4,3,1,2,-10.0,-4.0,10.0,4.0
g20260818_ky01,72,1511064341,"[26600, 30700, 15000, 27700]",3,1,4,2,-4.0,10.0,-10.0,4.0
g20260818_ky01,73,1511064342,"[25600, 25600, 14800, 34000]",2,3,4,1,4.0,-4.0,-10.0,10.0
g20260818_ky01,74,1511064343,"[27500, 11200, 27900, 33400]",3,4,2,1,-4.0,-10.0,4.0,10.0
g20260818_ky01,75,1511064344,"[31000, 28400, 4800, 35800]",2,3,4,1,4.0,-4.0,-10.0,10.0
g20260818_ky01,76,1511064345,"[10400, 35800, 25000, 28800]",4,1,3,2,-10.0,10.0,-4.0,4.0
g20260818_ky01,77,1511064346,"[39600, 10400, 21200, 28800]",1,4,3,2,10.0,-10.0,-4.0,4.0
g20260818_ky01,78,1511064347,"[20300, 3600, 35100, 41000]",3,4,2,1,-4.0,-10.0,4.0,10.0
g20260818_ky01,79,1511064348,"[35700, 10800, 33300, 20200]",1,4,2,3,10.0,-10.0,4.0,-4.0
g20260818_ky01,80,1511064349,"[45900, 15700, 21600, 16800]",1,4,2,3,10.0,-10.0,4.0,-4.0
g20260818_ky01,81,1511064350,"[17200, 30200, 9100, 43500]",3,2,4,1,-4.0,4.0,-10.0,10.0
g20260818_ky01,82,1511064351,"[47300, 21900, 31400, -600]",1,3,2,4,10.0,-4.0,4.0,-10.0
g20260818_ky01,83,1511064352,"[22400, 16700, 12900, 48000]",2,3,4,1,4.0,-4.0,-10.0,10.0
g20260818_ky01,84,1511064353,"[17000, 35300, -5100, 52800]",3,2,4,1,-4.0,4.0,-10.0,10.0
g20260818_ky01,85,1511064354,"[1600, 38800, 29100, 30500]",4,1,3,2,-10.0,10.0,-4.0,4.0
g20260818_ky01,86,1511064355,"[11700, 38100, 31700, 18500]",4,1,2,3,-10.0,10.0,4.0,-4.0
g20260818_ky01,87,1511064356,"[20700, 21200, 20500, 37600]",3,2,4,1,-4.0,4.0,-10.0,10.0
g20260818_ky01,88,1511064357,"[35700, 25900, 15500, 22900]",1,2,4,3,10.0,4.0,-10.0,-4.0
g20260818_ky01,89,1511064358,"[36500, 3900, 23000, 36600]",2,4,3,1,4.0,-10.0,-4.0,10.0
g20260818_ky01,90,1511064359,"[39500, 0, 15000, 45500]",2,4,3,1,4.0,-10.0,-4.0,10.0
g20260818_ky01,91,1511064360,"[36500, 19100, 30000, 14400]",1,3,2,4,10.0,-4.0,4.0,-10.0
g20260818_ky01,92,1511064361,"[26600, 15000, 40700, 17700]",2,4,1,3,4.0,-10.0,10.0,-4.0
g20260818_ky01,93,1511064362,"[23600, 28000, 8300, 40100]",3,2,4,1,-4.0,4.0,-10.0,10.0
g20260818_ky01,94,1511064363,"[10600, 34800, 12300, 42300]",4,2,3,1,-10.0,4.0,-4.0,10.0
g20260818_ky01,95,1511064364,"[18000, 40300, 13000, 28700]",3,1,4,2,-4.0,10.0,-10.0,4.0
g20260818_ky01,96,1511064365,"[16300, 35700, 16300, 31700]",3,1,4,2,-4.0,10.0,-10.0,4.0
g20260818_ky01,97,1511064366,"[-3400, 39600, 16700, 47100]",4,2,3,1,-10.0,4.0,-4.0,10.0
g20260818_ky01,98,1511064367,"[42600, 13300, 9200, 34900]",1,3,4,2,10.0,-4.0,-10.0,4.0
g20260818_ky01,99,1511064368,"[34200, 10100, 19000, 36700]",2,4,3,1,4.0,-10.0,-4.0,10.0
g20260818_ky01,100,1511064369,"[-600, 43500, 51800, 5300]",4,2,1,3,-10.0,4.0,10.0,-4.0
g20260818_ky01,101,1511064370,"[27300, 33500, 5700, 33500]",3,1,4,2,-4.0,10.0,-10.0,4.0
g20260818_ky01,102,1511064371,"[19900, 13700, 38100, 28300]",3,4,1,2,-4.0,-10.0,10.0,4.0
g20260818_ky01,103,1511064372,"[32100, 41300, 19000, 7600]",2,1,3,4,4.0,10.0,-4.0,-10.0
g20260818_ky01,104,1511064373,"[23600, 9400, 26600, 40400]",3,4,2,1,-4.0,-10.0,4.0,10.0
g20260818_ky01,105,1511064374,"[22800, -500, 32800, 44900]",3,4,2,1,-4.0,-10.0,4.0,10.0
g20260818_ky01,106,1511064375,"[10400, 40900, 13500, 35200]",4,1,3,2,-10.0,10.0,-4.0,4.0
g20260818_ky01,107,1511064376,"[25000, 23500, 17700, 33800]",2,3,4,1,4.0,-4.0,-10.0,10.0
g20260818_ky01,108,1511064377,"[32100, 20800, 14400, 32700]",2,3,4,1,4.0,-4.0,-10.0,10.0
g20260818_ky01,109,1511064378,"[16300, 37500, 15000, 31200]",3,1,4,2,-4.0,10.0,-10.0,4.0
g20260818_ky01,110,1511064379,"[3500, 25000, 28700, 42800]",4,3,2,1,-10.0,-4.0,4.0,10.0
g20260818_ky01,111,1511064380,"[34500, -500, 39200, 26800]",2,4,1,3,4.0,-10.0,10.0,-4.0
g20260818_ky01,112,1511064381,"[26700, 36600, 14500, 22200]",2,1,4,3,4.0,10.0,-10.0,-4.0
g20260818_ky01,113,1511064382,"[27600, 17400, 24500, 30500]",2,4,3,1,4.0,-10.0,-4.0,10.0
g20260818_ky01,114,1511064383,"[20900, 27300, 40100, 11700]",3,2,1,4,-4.0,4.0,10.0,-10.0
g20260818_ky01,115,1511064384,"[26400, 47100, 6300, 20200]",2,1,4,3,4.0,10.0,-10.0,-4.0
g20260818_ky01,116,1511064385,"[22800, 19100, 38000, 20100]",2,4,1,3,4.0,-10.0,10.0,-4.0
g20260818_ky01,117,1511064386,"[28600, 14400, 18700, 38300]",2,4,3,1,4.0,-10.0,-4.0,10.0
g20260818_ky01,118,1511064387,"[32600, 9500, 24800, 33100]",2,4,3,1,4.0,-10.0,-4.0,10.0
g20260818_ky01,119,1511064388,"[3800, 43200, 17300, 35700]",4,1,3,2,-10.0,10.0,-4.0,4.0
g20260818_ky01,120,1511064389,"[40200, 29100, 15800, 14900]",1,2,3,4,10.0,4.0,-4.0,-10.0
g20260818_ky01,121,1511064390,"[37400, 22400, 15400, 24800]",1,3,4,2,10.0,-4.0,-10.0,4.0
g20260818_ky01,122,1511064391,"[29300, 34700, 25400, 10600]",2,1,3,4,4.0,10.0,-4.0,-10.0
g20260818_ky01,123,1511064392,"[4800, 11100, 43500, 40600]",4,3,1,2,-10.0,-4.0,10.0,4.0
g20260818_ky01,124,1511064393,"[-1700, 14100, 43100, 44500]",4,3,2,1,-10.0,-4.0,4.0,10.0
g20260818_ky01,125,1511064394,"[18800, 15700, 27800, 36700]",3,4,2,1,-4.0,-10.0,4.0,10.0
g20260818_ky01,126,1511064395,"[5900, 42600, 39400, 12100]",4,1,2,3,-10.0,10.0,4.0,-4.0
g20260818_ky01,127,1511064396,"[25100, 9900, 48600, 16400]",2,4,1,3,4.0,-10.0,10.0,-4.0
g20260818_ky01,128,1511064397,"[18300, 19300, 24500, 37900]",4,3,2,1,-10.0,-4.0,4.0,10.0
g20260818_ky01,129,1511064398,"[13900, 26500, 32600, 27000]",4,3,1,2,-10.0,-4.0,10.0,4.0
g20260818_ky01,130,1511064399,"[8400, 32500, 28600, 30500]",4,1,3,2,-10.0,10.0,-4.0,4.0
g20260818_ky01,131,1511064400,"[21400, 15500, 26200, 36900]",3,4,2,1,-4.0,-10.0,4.0,10.0
g20260818_ky01,132,1511064401,"[33300, 16700, 15500, 34500]",2,3,4,1,4.0,-4.0,-10.0,10.0
g20260818_ky01,133,1511064402,"[27800, 25600, 31600, 15000]",2,3,1,4,4.0,-4.0,10.0,-10.0
g20260818_ky01,134,1511064403,"[30700, 28500, 8100, 32700]",2,3,4,1,4.0,-4.0,-10.0,10.0
g20260818_ky01,135,1511064404,"[-11600, 28900, 49200, 33500]",4,3,1,2,-10.0,-4.0,10.0,4.0
g20260818_ky01,136,1511064405,"[13800, 27600, 27700, 30900]",4,3,2,1,-10.0,-4.0,4.0,10.0
g20260818_ky01,137,1511064406,"[31100, 37300, 19100, 12500]",2,1,3,4,4.0,10.0,-4.0,-10.0
g20260818_ky01,138,1511064407,"[46500, 14300, 6800, 32400]",1,3,4,2,10.0,-4.0,-10.0,4.0
g20260818_ky01,139,1511064408,"[18800, 25000, 22500, 33700]",4,2,3,1,-10.0,4.0,-4.0,10.0
g20260818_ky01,140,1511064409,"[3800, 34300, 32500, 28400]",4,1,2,3,-10.0,10.0,4.0,-4.0
g20260818_ky01,141,1511064410,"[-1200, 8500, 52300, 40400]",4,3,1,2,-10.0,-4.0,10.0,4.0
g20260818_ky01,142,1511064411,"[23300, 26000, 14800, 35900]",3,2,4,1,-4.0,4.0,-10.0,10.0
g20260818_ky01,143,1511064412,"[9100, 19500, 28400, 43000]",4,3,2,1,-10.0,-4.0,4.0,10.0
g20260818_ky01,144,1511064413,"[8500, 21700, 42700, 27100]",4,3,1,2,-10.0,-4.0,10.0,4.0
g20260818_ky01,145,1511064414,"[10500, 42000, 17600, 29900]",4,1,3,2,-10.0,10.0,-4.0,4.0
g20260818_ky01,146,1511064415,"[12500, 33600, 10700, 43200]",3,2,4,1,-4.0,4.0,-10.0,10.0
g20260818_ky01,147,1511064416,"[38800, 19400, 18300, 23500]",1,3,4,2,10.0,-4.0,-10.0,4.0
g20260818_ky01,148,1511064417,"[18100, 31600, 31200, 19100]",4,1,2,3,-10.0,10.0,4.0,-4.0
g20260818_ky01,149,1511064418,"[26200, 52300, 1600, 19900]",2,1,4,3,4.0,10.0,-10.0,-4.0
g20260818_ky01,150,1511064419,"[30100, 30300, 12700, 26900]",2,1,4,3,4.0,10.0,-10.0,-4.0
g20260818_ky01,151,1511064420,"[27000, 29100, 7500, 35400]",3,2,4,1,-4.0,4.0,-10.0,10.0
g20260818_ky01,152,1511064421,"[9800, 42200, 16100, 31900]",4,1,3,2,-10.0,10.0,-4.0,4.0
g20260818_ky01,153,1511064422,"[25700, 12100, 25000, 37200]",2,4,3,1,4.0,-10.0,-4.0,10.0
g20260818_ky01,154,1511064423,"[13100, 25300, 18000, 41600]",4,2,3,1,-10.0,4.0,-4.0,10.0
g20260818_ky01,155,1511064424,"[17600, 33000, 29700, 19700]",4,1,2,3,-10.0,10.0,4.0,-4.0
g20260818_ky01,156,1511064425,"[34700, 43900, 17200, 4200]",2,1,3,4,4.0,10.0,-4.0,-10.0
g20260818_ky01,157,1511064426,"[8700, 23300, 40200, 27800]",4,3,1,2,-10.0,-4.0,10.0,4.0
g20260818_ky01,158,1511064427,"[4400, 35600, 27000, 33000]",4,1,3,2,-10.0,10.0,-4.0,4.0
g20260818_ky01,159,1511064428,"[19300, 5500, 49200, 26000]",3,4,1,2,-4.0,-10.0,10.0,4.0
g20260818_ky01,160,1511064429,"[20900, 35100, 24500, 19500]",3,1,2,4,-4.0,10.0,4.0,-10.0
g20260818_ky01,161,1511064430,"[27400, 22600, 16800, 33200]",2,3,4,1,4.0,-4.0,-10.0,10.0
g20260818_ky01,162,1511064431,"[15100, 22300, 26900, 35700]",4,3,2,1,-10.0,-4.0,4.0,10.0
g20260818_ky01,163,1511064432,"[33900, 15000, 35300, 15800]",2,4,1,3,4.0,-10.0,10.0,-4.0
g20260818_ky01,164,1511064433,"[19300, 29700, 19100, 31900]",3,2,4,1,-4.0,4.0,-10.0,10.0
g20260818_ky01,165,1511064434,"[18500, 23600, 32600, 25300]",4,3,1,2,-10.0,-4.0,10.0,4.0
g20260818_ky01,166,1511064435,"[-7300, 25000, 40200, 42100]",4,3,2,1,-10.0,-4.0,4.0,10.0
g20260818_ky01,167,1511064436,"[14700, 13300, 28000, 44000]",3,4,2,1,-4.0,-10.0,4.0,10.0
g20260818_ky01,168,1511064437,"[27700, 33000, 39700, -400]",3,2,1,4,-4.0,4.0,10.0,-10.0
g20260818_ky01,169,1511064438,"[4800, 12400, 21800, 61000]",4,3,2,1,-10.0,-4.0,4.0,10.0
g20260818_ky01,170,1511064439,"[16200, 26100, 26500, 31200]",4,3,2,1,-10.0,-4.0,4.0,10.0
g20260818_ky01,171,1511064440,"[15600, 48200, 9200, 27000]",3,1,4,2,-4.0,10.0,-10.0,4.0
g20260818_ky01,172,1511064441,"[31200, 22100, 30100, 16600]",1,3,2,4,10.0,-4.0,4.0,-10.0
g20260818_ky01,173,1511064442,"[38200, 16300, 14000, 31500]",1,3,4,2,10.0,-4.0,-10.0,4.0
g20260818_ky01,174,1511064443,"[4600, 35400, 38800, 19200]",4,2,1,3,-10.0,4.0,10.0,-4.0
g20260818_ky01,175,1511064444,"[14700, 36200, 44200, 4900]",3,2,1,4,-4.0,4.0,10.0,-10.0
g20260818_ky01,176,1511064445,"[35500, 30700, 12700, 21100]",1,2,4,3,10.0,4.0,-10.0,-4.0
g20260818_ky01,177,1511064446,"[24700, 34600, 7500, 33200]",3,1,4,2,-4.0,10.0,-10.0,4.0
g20260818_ky01,178,1511064447,"[-6900, 35100, 53500, 18300]",4,2,1,3,-10.0,4.0,10.0,-4.0
g20260818_ky01,179,1511064448,"[24100, 30700, 29800, 15400]",3,1,2,4,-4.0,10.0,4.0,-10.0
g20260818_ky01,180,1511064449,"[32900, 21200, 21400, 24500]",1,4,3,2,10.0,-10.0,-4.0,4.0
g20260818_ky01,181,1511064450,"[24600, 32000, 19600, 23800]",2,1,4,3,4.0,10.0,-10.0,-4.0
g20260818_ky01,182,1511064451,"[25200, 27500, 11300, 36000]",3,2,4,1,-4.0,4.0,-10.0,10.0
g20260818_ky01,183,1511064452,"[8100, 39900, 31400, 19600]",4,1,2,3,-10.0,10.0,4.0,-4.0
g20260818_ky01,184,1511064453,"[21500, 10300, 41200, 26000]",3,4,1,2,-4.0,-10.0,10.0,4.0
g20260818_ky01,185,1511064454,"[25500, 31000, 7800, 35700]",3,2,4,1,-4.0,4.0,-10.0,10.0
g20260818_ky01,186,1511064455,"[32700, 24200, 7400, 35700]",2,3,4,1,4.0,-4.0,-10.0,10.0
g20260818_ky01,187,1511064456,"[15100, 23100, 26100, 34700]",4,3,2,1,-10.0,-4.0,4.0,10.0
g20260818_ky01,188,1511064457,"[12800, 33900, 25900, 27400]",4,1,3,2,-10.0,10.0,-4.0,4.0
g20260818_ky01,189,1511064458,"[30900, 30300, 24600, 14200]",1,2,3,4,10.0,4.0,-4.0,-10.0
g20260818_ky01,190,1511064459,"[13500, 11800, 43300, 31400]",3,4,1,2,-4.0,-10.0,10.0,4.0
g20260818_ky01,191,1511064460,"[11200, 32800, 20500, 35500]",4,2,3,1,-10.0,4.0,-4.0,10.0
g20260818_ky06,0,1511064286,"[8800, 16700, 43200, 31300]",4,3,1,2,-10.0,-4.0,10.0,4.0
g20260818_ky06,1,1511064287,"[8400, 17500, 42500, 31600]",4,3,1,2,-10.0,-4.0,10.0,4.0
g20260818_ky06,2,1511064288,"[9600, 20500, 38300, 31600]",4,3,1,2,-10.0,-4.0,10.0,4.0
g20260818_ky06,3,1511064289,"[5300, 16600, 45400, 32700]",4,3,1,2,-10.0,-4.0,10.0,4.0
g20260818_ky06,4,1511064290,"[-1900, 17500, 39300, 45100]",4,3,2,1,-10.0,-4.0,4.0,10.0
g20260818_ky06,5,1511064291,"[8100, 20000, 39300, 32600]",4,3,1,2,-10.0,-4.0,10.0,4.0
g20260818_ky06,6,1511064292,"[10600, 8900, 39300, 41200]",3,4,2,1,-4.0,-10.0,4.0,10.0
g20260818_ky06,7,1511064293,"[10600, 15600, 41200, 32600]",4,3,1,2,-10.0,-4.0,10.0,4.0
g20260818_ky06,8,1511064294,"[22200, 12500, 34300, 31000]",3,4,1,2,-4.0,-10.0,10.0,4.0
g20260818_ky06,9,1511064295,"[10600, 13000, 39300, 37100]",4,3,1,2,-10.0,-4.0,10.0,4.0
g20260818_ky06,10,1511064296,"[9600, 8900, 39300, 42200]",3,4,2,1,-4.0,-10.0,4.0,10.0
g20260818_ky06,11,1511064297,"[9000, 23600, 37700, 29700]",4,3,1,2,-10.0,-4.0,10.0,4.0
g20260818_ky06,12,1511064298,"[14200, 16500, 38300, 31000]",4,3,1,2,-10.0,-4.0,10.0,4.0
g20260818_ky06,13,1511064299,"[11300, 16000, 38600, 34100]",4,3,1,2,-10.0,-4.0,10.0,4.0
g20260818_ky06,14,1511064300,"[13800, 17500, 39300, 29400]",4,3,1,2,-10.0,-4.0,10.0,4.0
g20260818_ky06,15,1511064301,"[19500, 17500, 30400, 32600]",3,4,2,1,-4.0,-10.0,4.0,10.0
g20260818_ky06,16,1511064302,"[10600, 19700, 39300, 30400]",4,3,1,2,-10.0,-4.0,10.0,4.0
g20260818_ky06,17,1511064303,"[11100, 16000, 40800, 31100]",4,3,1,2,-10.0,-4.0,10.0,4.0
g20260818_ky06,18,1511064304,"[2900, 17500, 39300, 40300]",4,3,2,1,-10.0,-4.0,4.0,10.0
g20260818_ky06,19,1511064305,"[10000, 19500, 38700, 31800]",4,3,1,2,-10.0,-4.0,10.0,4.0
g20260818_ky06,20,1511064306,"[10600, 17500, 41200, 30700]",4,3,1,2,-10.0,-4.0,10.0,4.0
g20260818_ky06,21,1511064307,"[19400, 15200, 37000, 28400]",3,4,1,2,-4.0,-10.0,10.0,4.0
g20260818_ky06,22,1511064308,"[14100, 14000, 39300, 32600]",3,4,1,2,-4.0,-10.0,10.0,4.0
g20260818_ky06,23,1511064309,"[12600, 16500, 38300, 31600]",4,3,1,2,-10.0,-4.0,10.0,4.0
g20260818_ky06,24,1511064310,"[15400, 12700, 39300, 32600]",3,4,1,2,-4.0,-10.0,10.0,4.0
g20260818_ky06,25,1511064311,"[7700, 17600, 43000, 31700]",4,3,1,2,-10.0,-4.0,10.0,4.0
g20260818_ky06,26,1511064312,"[19500, 8600, 39300, 32600]",3,4,1,2,-4.0,-10.0,10.0,4.0
g20260818_ky06,27,1511064313,"[6300, 13200, 35000, 45500]",4,3,2,1,-10.0,-4.0,4.0,10.0
g20260818_ky06,28,1511064314,"[8400, 17500, 41500, 32600]",4,3,1,2,-10.0,-4.0,10.0,4.0
g20260818_ky06,29,1511064315,"[8700, 17500, 41200, 32600]",4,3,1,2,-10.0,-4.0,10.0,4.0
g20260818_ky06,30,1511064316,"[9000, 15900, 45400, 29700]",4,3,1,2,-10.0,-4.0,10.0,4.0
g20260818_ky06,31,1511064317,"[15400, 12700, 39300, 32600]",3,4,1,2,-4.0,-10.0,10.0,4.0
g20260818_ky06,32,1511064318,"[9900, 16800, 41700, 31600]",4,3,1,2,-10.0,-4.0,10.0,4.0
g20260818_ky06,33,1511064319,"[9100, 19500, 38300, 33100]",4,3,1,2,-10.0,-4.0,10.0,4.0
g20260818_ky06,34,1511064320,"[18200, 10900, 37800, 33100]",3,4,1,2,-4.0,-10.0,10.0,4.0
g20260818_ky06,35,1511064321,"[400, 16500, 48500, 34600]",4,3,1,2,-10.0,-4.0,10.0,4.0
g20260818_ky06,36,1511064322,"[7700, 14600, 36400, 41300]",4,3,2,1,-10.0,-4.0,4.0,10.0
g20260818_ky06,37,1511064323,"[10600, 5000, 39300, 45100]",3,4,2,1,-4.0,-10.0,4.0,10.0
g20260818_ky06,38,1511064324,"[9600, 11000, 43800, 35600]",4,3,1,2,-10.0,-4.0,10.0,4.0
g20260818_ky06,39,1511064325,"[5800, 22300, 39300, 32600]",4,3,1,2,-10.0,-4.0,10.0,4.0
g20260818_ky06,40,1511064326,"[8900, 20200, 37800, 33100]",4,3,1,2,-10.0,-4.0,10.0,4.0
g20260818_ky06,41,1511064327,"[13100, 15100, 36900, 34900]",4,3,1,2,-10.0,-4.0,10.0,4.0
g20260818_ky06,42,1511064328,"[19500, 15200, 37000, 28300]",3,4,1,2,-4.0,-10.0,10.0,4.0
g20260818_ky06,43,1511064329,"[12600, 16500, 38300, 31600]",4,3,1,2,-10.0,-4.0,10.0,4.0
g20260818_ky06,44,1511064330,"[10600, 19400, 39300, 30700]",4,3,1,2,-10.0,-4.0,10.0,4.0
g20260818_ky06,45,1511064331,"[12100, 20200, 34600, 33100]",4,3,1,2,-10.0,-4.0,10.0,4.0
g20260818_ky06,46,1511064332,"[9800, 16700, 43200, 30300]",4,3,1,2,-10.0,-4.0,10.0,4.0
g20260818_ky06,47,1511064333,"[23500, 14200, 36000, 26300]",3,4,1,2,-4.0,-10.0,10.0,4.0
g20260818_ky06,48,1511064334,"[12600, 16500, 38300, 31600]",4,3,1,2,-10.0,-4.0,10.0,4.0
g20260818_ky06,49,1511064335,"[11100, 16000, 41000, 31900]",4,3,1,2,-10.0,-4.0,10.0,4.0
g20260818_ky06,50,1511064336,"[16700, 7000, 38300, 38000]",3,4,1,2,-4.0,-10.0,10.0,4.0
g20260818_ky06,51,1511064337,"[5800, 21700, 36100, 36400]",4,3,2,1,-10.0,-4.0,4.0,10.0
g20260818_ky06,52,1511064338,"[12600, 16500, 38300, 31600]",4,3,1,2,-10.0,-4.0,10.0,4.0
g20260818_ky06,53,1511064339,"[9800, 20400, 38500, 31300]",4,3,1,2,-10.0,-4.0,10.0,4.0
g20260818_ky06,54,1511064340,"[6300, 12200, 35000, 46500]",4,3,2,1,-10.0,-4.0,4.0,10.0
g20260818_ky06,55,1511064341,"[10600, 20400, 36400, 32600]",4,3,1,2,-10.0,-4.0,10.0,4.0
g20260818_ky06,56,1511064342,"[10600, 18300, 36100, 35000]",4,3,1,2,-10.0,-4.0,10.0,4.0
g20260818_ky06,57,1511064343,"[5400, 22700, 37900, 34000]",4,3,1,2,-10.0,-4.0,10.0,4.0
g20260818_ky06,58,1511064344,"[13500, 17500, 39300, 29700]",4,3,1,2,-10.0,-4.0,10.0,4.0
g20260818_ky06,59,1511064345,"[10600, 15300, 41500, 32600]",4,3,1,2,-10.0,-4.0,10.0,4.0
g20260818_ky06,60,1511064346,"[10600, 15600, 41200, 32600]",4,3,1,2,-10.0,-4.0,10.0,4.0
g20260818_ky06,61,1511064347,"[8200, 15100, 46100, 30600]",4,3,1,2,-10.0,-4.0,10.0,4.0
g20260818_ky06,62,1511064348,"[8900, 20900, 38600, 31600]",4,3,1,2,-10.0,-4.0,10.0,4.0
g20260818_ky06,63,1511064349,"[1000, 17500, 39300, 42200]",4,3,2,1,-10.0,-4.0,4.0,10.0
g20260821_ky00,0,1511064303,"[8000, 30500, 28300, 31200]",4,2,3,1,-10.0,4.0,-4.0,10.0
g20260821_ky00,1,1511064304,"[49000, 21400, 5100, 24500]",1,3,4,2,10.0,-4.0,-10.0,4.0
g20260821_ky00,2,1511064305,"[15200, 56200, -4300, 32900]",3,1,4,2,-4.0,10.0,-10.0,4.0
g20260821_ky00,3,1511064306,"[20600, 43700, 9300, 26400]",3,1,4,2,-4.0,10.0,-10.0,4.0
g20260821_ky00,4,1511064307,"[23700, 17700, 35500, 23100]",2,4,1,3,4.0,-10.0,10.0,-4.0
g20260821_ky00,5,1511064308,"[22600, 17800, 35700, 23900]",3,4,1,2,-4.0,-10.0,10.0,4.0
g20260821_ky00,6,1511064309,"[19200, 10600, 57300, 11900]",2,4,1,3,4.0,-10.0,10.0,-4.0
g20260821_ky00,7,1511064310,"[20100, 13400, 22900, 43600]",3,4,2,1,-4.0,-10.0,4.0,10.0
g20260821_ky00,8,1511064311,"[31900, 27500, 11700, 28900]",1,3,4,2,10.0,-4.0,-10.0,4.0
g20260821_ky00,9,1511064312,"[30700, 31500, 21200, 16600]",2,1,3,4,4.0,10.0,-4.0,-10.0
g20260821_ky00,10,1511064313,"[14900, 29300, 22600, 33200]",4,2,3,1,-10.0,4.0,-4.0,10.0
g20260821_ky00,11,1511064314,"[21900, 26500, 15100, 36500]",3,2,4,1,-4.0,4.0,-10.0,10.0
g20260821_ky00,12,1511064315,"[34900, 14000, 25800, 24300]",1,4,2,3,10.0,-10.0,4.0,-4.0
g20260821_ky00,13,1511064316,"[35000, 28200, 25200, 11600]",1,2,3,4,10.0,4.0,-4.0,-10.0
g20260821_ky00,14,1511064317,"[35900, 26300, 17200, 20600]",1,2,4,3,10.0,4.0,-10.0,-4.0
g20260821_ky00,15,1511064318,"[33800, 26200, 25700, 14300]",1,2,3,4,10.0,4.0,-4.0,-10.0
g20260821_ky00,16,1511064319,"[37400, 24700, 12800, 25100]",1,3,4,2,10.0,-4.0,-10.0,4.0
g20260821_ky00,17,1511064320,"[24100, 33700, 5300, 36900]",3,2,4,1,-4.0,4.0,-10.0,10.0
g20260821_ky00,18,1511064321,"[23900, 28800, 6300, 41000]",3,2,4,1,-4.0,4.0,-10.0,10.0
g20260821_ky00,19,1511064322,"[16100, 21800, 36300, 25800]",4,3,1,2,-10.0,-4.0,10.0,4.0
g20260821_ky00,20,1511064323,"[2600, 41000, 41400, 15000]",4,2,1,3,-10.0,4.0,10.0,-4.0
g20260821_ky00,21,1511064324,"[-2100, 34800, 26600, 40700]",4,2,3,1,-10.0,4.0,-4.0,10.0
g20260821_ky00,22,1511064325,"[25900, 31200, 19000, 23900]",2,1,4,3,4.0,10.0,-10.0,-4.0
g20260821_ky00,23,1511064326,"[42100, 9000, 17700, 31200]",1,4,3,2,10.0,-10.0,-4.0,4.0
g20260821_ky00,24,1511064327,"[38200, 8800, 19500, 33500]",1,4,3,2,10.0,-10.0,-4.0,4.0
g20260821_ky00,25,1511064328,"[33500, 22000, 18800, 25700]",1,3,4,2,10.0,-4.0,-10.0,4.0
g20260821_ky00,26,1511064329,"[32800, 18600, 30300, 18300]",1,3,2,4,10.0,-4.0,4.0,-10.0
g20260821_ky00,27,1511064330,"[15400, 36400, 17100, 31100]",4,1,3,2,-10.0,10.0,-4.0,4.0
g20260821_ky00,28,1511064331,"[25100, 18400, 20100, 36400]",2,4,3,1,4.0,-10.0,-4.0,10.0
g20260821_ky00,29,1511064332,"[30000, 36000, -2500, 36500]",3,2,4,1,-4.0,4.0,-10.0,10.0
g20260821_ky00,30,1511064333,"[16700, 22600, 39400, 21300]",4,2,1,3,-10.0,4.0,10.0,-4.0
g20260821_ky00,31,1511064334,"[15800, 28000, 25900, 30300]",4,2,3,1,-10.0,4.0,-4.0,10.0
g20260821_ky00,32,1511064335,"[33600, 20700, 30100, 15600]",1,3,2,4,10.0,-4.0,4.0,-10.0
g20260821_ky00,33,1511064336,"[39100, 12800, 37200, 9900]",1,3,2,4,10.0,-4.0,4.0,-10.0
g20260821_ky00,34,1511064337,"[27500, 21600, 39500, 11400]",2,3,1,4,4.0,-4.0,10.0,-10.0
g20260821_ky00,35,1511064338,"[8200, 18600, 50200, 23000]",4,3,1,2,-10.0,-4.0,10.0,4.0
g20260821_ky00,36,1511064339,"[32400, 25500, 4300, 37800]",2,3,4,1,4.0,-4.0,-10.0,10.0
g20260821_ky00,37,1511064340,"[17700, 20200, 16100, 45000]",3,2,4,1,-4.0,4.0,-10.0,10.0
g20260821_ky00,38,1511064341,"[26000, 31400, 13500, 29100]",3,1,4,2,-4.0,10.0,-10.0,4.0
g20260821_ky00,39,1511064342,"[45000, -3800, 13400, 45400]",2,4,3,1,4.0,-10.0,-4.0,10.0
g20260821_ky00,40,1511064343,"[4100, 16200, 43600, 36100]",4,3,1,2,-10.0,-4.0,10.0,4.0
g20260821_ky00,41,1511064344,"[16700, 33500, 25400, 24400]",4,1,2,3,-10.0,10.0,4.0,-4.0
g20260821_ky00,42,1511064345,"[23400, 32800, 4300, 38500]",3,2,4,1,-4.0,4.0,-10.0,10.0
g20260821_ky00,43,1511064346,"[8800, 27900, 41700, 21600]",4,2,1,3,-10.0,4.0,10.0,-4.0
g20260821_ky00,44,1511064347,"[27400, 9500, 23400, 39700]",2,4,3,1,4.0,-10.0,-4.0,10.0
g20260821_ky00,45,1511064348,"[26200, 34200, 23500, 16100]",2,1,3,4,4.0,10.0,-4.0,-10.0
g20260821_ky00,46,1511064349,"[26500, 25500, -10100, 58100]",2,3,4,1,4.0,-4.0,-10.0,10.0
g20260821_ky00,47,1511064350,"[11700, 41200, 16400, 30700]",4,1,3,2,-10.0,10.0,-4.0,4.0
g20260821_ky00,48,1511064351,"[23300, 13500, 37000, 26200]",3,4,1,2,-4.0,-10.0,10.0,4.0
g20260821_ky00,49,1511064352,"[14800, 18200, 26700, 40300]",4,3,2,1,-10.0,-4.0,4.0,10.0
g20260821_ky00,50,1511064353,"[24600, 41000, 600, 33800]",3,1,4,2,-4.0,10.0,-10.0,4.0
g20260821_ky00,51,1511064354,"[14700, 29400, 36400, 19500]",4,2,1,3,-10.0,4.0,10.0,-4.0
g20260821_ky00,52,1511064355,"[32800, 39200, 9800, 18200]",2,1,4,3,4.0,10.0,-10.0,-4.0
g20260821_ky00,53,1511064356,"[41200, 38800, -2100, 22100]",1,2,4,3,10.0,4.0,-10.0,-4.0
g20260821_ky00,54,1511064357,"[11900, 38900, 17100, 32100]",4,1,3,2,-10.0,10.0,-4.0,4.0
g20260821_ky00,55,1511064358,"[24000, 20200, 31600, 24200]",3,4,1,2,-4.0,-10.0,10.0,4.0
g20260821_ky00,56,1511064359,"[12800, 13000, 35000, 39200]",4,3,2,1,-10.0,-4.0,4.0,10.0
g20260821_ky00,57,1511064360,"[25600, -5500, 29700, 50200]",3,4,2,1,-4.0,-10.0,4.0,10.0
g20260821_ky00,58,1511064361,"[36200, 37400, 16300, 10100]",2,1,3,4,4.0,10.0,-4.0,-10.0
g20260821_ky00,59,1511064362,"[27400, 50800, 4600, 17200]",2,1,4,3,4.0,10.0,-10.0,-4.0
g20260821_ky00,60,1511064363,"[46500, 25300, 25400, 2800]",1,3,2,4,10.0,-4.0,4.0,-10.0
g20260821_ky00,61,1511064364,"[16300, 30400, 10400, 42900]",3,2,4,1,-4.0,4.0,-10.0,10.0
g20260821_ky00,62,1511064365,"[35500, 28600, 32000, 3900]",1,3,2,4,10.0,-4.0,4.0,-10.0
g20260821_ky00,63,1511064366,"[23900, 44300, 20200, 11600]",2,1,3,4,4.0,10.0,-4.0,-10.0
g20260821_ky00,64,1511064367,"[17000, -1600, 31900, 52700]",3,4,2,1,-4.0,-10.0,4.0,10.0
g20260821_ky00,65,1511064368,"[18500, 44900, 25000, 11600]",3,1,2,4,-4.0,10.0,4.0,-10.0
g20260821_ky00,66,1511064369,"[14700, 48300, 20400, 16600]",4,1,2,3,-10.0,10.0,4.0,-4.0
g20260821_ky00,67,1511064370,"[22600, 25800, 36000, 15600]",3,2,1,4,-4.0,4.0,10.0,-10.0
g20260821_ky00,68,1511064371,"[33200, 29300, 19300, 18200]",1,2,3,4,10.0,4.0,-4.0,-10.0
g20260821_ky00,69,1511064372,"[10900, 34500, 14900, 39700]",4,2,3,1,-10.0,4.0,-4.0,10.0
g20260821_ky00,70,1511064373,"[52100, 22800, -8400, 33500]",1,3,4,2,10.0,-4.0,-10.0,4.0
g20260821_ky00,71,1511064374,"[27500, 30600, 17400, 24500]",2,1,4,3,4.0,10.0,-10.0,-4.0
g20260821_ky00,72,1511064375,"[17300, 23000, 42200, 16500]",3,2,1,4,-4.0,4.0,10.0,-10.0
g20260821_ky00,73,1511064376,"[18900, 23700, 33400, 23000]",4,2,1,3,-10.0,4.0,10.0,-4.0
g20260821_ky00,74,1511064377,"[30200, 47900, 3500, 18400]",2,1,4,3,4.0,10.0,-10.0,-4.0
g20260821_ky00,75,1511064378,"[36000, 29100, 15700, 19200]",1,2,4,3,10.0,4.0,-10.0,-4.0
g20260821_ky00,76,1511064379,"[19000, 37100, 10200, 33700]",3,1,4,2,-4.0,10.0,-10.0,4.0
g20260821_ky00,77,1511064380,"[26900, 31100, 27900, 14100]",3,1,2,4,-4.0,10.0,4.0,-10.0
g20260821_ky00,78,1511064381,"[32400, 10000, 21900, 35700]",2,4,3,1,4.0,-10.0,-4.0,10.0
g20260821_ky00,79,1511064382,"[19200, 31100, 11200, 38500]",3,2,4,1,-4.0,4.0,-10.0,10.0
g20260821_ky00,80,1511064383,"[26400, 24000, 17100, 32500]",2,3,4,1,4.0,-4.0,-10.0,10.0
g20260821_ky00,81,1511064384,"[27700, 6300, 39800, 26200]",2,4,1,3,4.0,-10.0,10.0,-4.0
g20260821_ky00,82,1511064385,"[9000, 35100, 23700, 32200]",4,1,3,2,-10.0,10.0,-4.0,4.0
g20260821_ky00,83,1511064386,"[29500, 35800, 8500, 26200]",2,1,4,3,4.0,10.0,-10.0,-4.0
g20260821_ky00,84,1511064387,"[14500, 29700, 19200, 36600]",4,2,3,1,-10.0,4.0,-4.0,10.0
g20260821_ky00,85,1511064388,"[5600, 33000, 10500, 49900]",4,2,3,1,-10.0,4.0,-4.0,10.0
g20260821_ky00,86,1511064389,"[22500, 12700, 39800, 25000]",3,4,1,2,-4.0,-10.0,10.0,4.0
g20260821_ky00,87,1511064390,"[38400, 13300, 28100, 20200]",1,4,2,3,10.0,-10.0,4.0,-4.0
g20260821_ky00,88,1511064391,"[39800, 4500, 18700, 37000]",1,4,3,2,10.0,-10.0,-4.0,4.0
g20260821_ky00,89,1511064392,"[14000, 22100, 43900, 20000]",4,2,1,3,-10.0,4.0,10.0,-4.0
g20260821_ky00,90,1511064393,"[31900, 34700, 10900, 22500]",2,1,4,3,4.0,10.0,-10.0,-4.0
g20260821_ky00,91,1511064394,"[27400, 23000, 32100, 17500]",2,3,1,4,4.0,-4.0,10.0,-10.0
g20260821_ky00,92,1511064395,"[-1700, 40000, 53300, 8400]",4,2,1,3,-10.0,4.0,10.0,-4.0
g20260821_ky00,93,1511064396,"[41700, 14000, -4600, 48900]",2,3,4,1,4.0,-4.0,-10.0,10.0
g20260821_ky00,94,1511064397,"[27100, 14100, 7600, 50200]",2,3,4,1,4.0,-4.0,-10.0,10.0
g20260821_ky00,95,1511064398,"[35000, 18700, 3900, 42400]",2,3,4,1,4.0,-4.0,-10.0,10.0
g20260821_ky00,96,1511064399,"[45100, 2900, 23200, 28800]",1,4,3,2,10.0,-10.0,-4.0,4.0
g20260821_ky00,97,1511064400,"[19000, 21300, 27900, 31800]",4,3,2,1,-10.0,-4.0,4.0,10.0
g20260821_ky00,98,1511064401,"[32100, 33900, 31900, 2100]",2,1,3,4,4.0,10.0,-4.0,-10.0
g20260821_ky00,99,1511064402,"[7500, 36100, 22500, 33900]",4,1,3,2,-10.0,10.0,-4.0,4.0
g20260821_ky00,100,1511064403,"[30300, 18500, 20300, 30900]",2,4,3,1,4.0,-10.0,-4.0,10.0
g20260821_ky00,101,1511064404,"[34800, 11700, 28600, 24900]",1,4,2,3,10.0,-10.0,4.0,-4.0
g20260821_ky00,102,1511064405,"[36200, 4200, 19800, 39800]",2,4,3,1,4.0,-10.0,-4.0,10.0
g20260821_ky00,103,1511064406,"[41200, 4100, 27200, 27500]",1,4,3,2,10.0,-10.0,-4.0,4.0
g20260821_ky00,104,1511064407,"[30500, 19900, 21900, 27700]",1,4,3,2,10.0,-10.0,-4.0,4.0
g20260821_ky00,105,1511064408,"[37100, 16300, 21900, 24700]",1,4,3,2,10.0,-10.0,-4.0,4.0
g20260821_ky00,106,1511064409,"[21600, 28300, 15400, 34700]",3,2,4,1,-4.0,4.0,-10.0,10.0
g20260821_ky00,107,1511064410,"[27200, 32600, -700, 40900]",3,2,4,1,-4.0,4.0,-10.0,10.0
g20260821_ky00,108,1511064411,"[26000, 47700, 13700, 12600]",2,1,3,4,4.0,10.0,-4.0,-10.0
g20260821_ky00,109,1511064412,"[26100, 32100, 30900, 10900]",3,1,2,4,-4.0,10.0,4.0,-10.0
g20260821_ky00,110,1511064413,"[23500, 19400, 19700, 37400]",2,4,3,1,4.0,-10.0,-4.0,10.0
g20260821_ky00,111,1511064414,"[1400, 62000, 12500, 24100]",4,1,3,2,-10.0,10.0,-4.0,4.0
g20260821_ky00,112,1511064415,"[32700, 15400, 31900, 19000]",1,4,2,3,10.0,-10.0,4.0,-4.0
g20260821_ky00,113,1511064416,"[25600, 42900, 20600, 10900]",2,1,3,4,4.0,10.0,-4.0,-10.0
g20260821_ky00,114,1511064417,"[30900, 26400, 17300, 25400]",1,2,4,3,10.0,4.0,-10.0,-4.0
g20260821_ky00,115,1511064418,"[22500, 40200, 11400, 25900]",3,1,4,2,-4.0,10.0,-10.0,4.0
g20260821_ky00,116,1511064419,"[36500, 39900, 28500, -4900]",2,1,3,4,4.0,10.0,-4.0,-10.0
g20260821_ky00,117,1511064420,"[41300, 13900, 17700, 27100]",1,4,3,2,10.0,-10.0,-4.0,4.0
g20260821_ky00,118,1511064421,"[16100, 25100, 19900, 36900]",4,2,3,1,-10.0,4.0,-4.0,10.0
g20260821_ky00,119,1511064422,"[20800, 22000, 13100, 44100]",3,2,4,1,-4.0,4.0,-10.0,10.0
g20260821_ky00,120,1511064423,"[30100, 44600, 200, 25100]",2,1,4,3,4.0,10.0,-10.0,-4.0
g20260821_ky00,121,1511064424,"[20200, 35500, 24000, 20300]",4,1,2,3,-10.0,10.0,4.0,-4.0
g20260821_ky00,122,1511064425,"[23600, 13400, 51300, 11700]",2,3,1,4,4.0,-4.0,10.0,-10.0
g20260821_ky00,123,1511064426,"[20200, 22000, 25000, 32800]",4,3,2,1,-10.0,-4.0,4.0,10.0
g20260821_ky00,124,1511064427,"[35500, 36200, 5800, 21500]",2,1,4,3,4.0,10.0,-10.0,-4.0
g20260821_ky00,125,1511064428,"[28800, 24600, 13600, 33000]",2,3,4,1,4.0,-4.0,-10.0,10.0
g20260821_ky00,126,1511064429,"[24200, 29900, 34600, 11300]",3,2,1,4,-4.0,4.0,10.0,-10.0
g20260821_ky00,127,1511064430,"[27500, 19500, 20200, 32800]",2,4,3,1,4.0,-10.0,-4.0,10.0
g20260821_ky00,128,1511064431,"[29400, 15700, 32800, 22100]",2,4,1,3,4.0,-10.0,10.0,-4.0
g20260821_ky00,129,1511064432,"[25100, 10200, 28400, 36300]",3,4,2,1,-4.0,-10.0,4.0,10.0
g20260821_ky00,130,1511064433,"[29000, 18100, 34900, 18000]",2,3,1,4,4.0,-4.0,10.0,-10.0
g20260821_ky00,131,1511064434,"[20200, 28500, 12900, 38400]",3,2,4,1,-4.0,4.0,-10.0,10.0
g20260821_ky00,132,1511064435,"[31600, 2200, 32200, 34000]",3,4,2,1,-4.0,-10.0,4.0,10.0
g20260821_ky00,133,1511064436,"[14600, 24600, 23600, 37200]",4,2,3,1,-10.0,4.0,-4.0,10.0
g20260821_ky00,134,1511064437,"[33900, 22400, 13400, 30300]",1,3,4,2,10.0,-4.0,-10.0,4.0
g20260821_ky00,135,1511064438,"[36700, 34900, 14500, 13900]",1,2,3,4,10.0,4.0,-4.0,-10.0
g20260821_ky00,136,1511064439,"[21300, 24000, 35700, 19000]",3,2,1,4,-4.0,4.0,10.0,-10.0
g20260821_ky00,137,1511064440,"[30000, 11000, 37900, 21100]",2,4,1,3,4.0,-10.0,10.0,-4.0
g20260821_ky00,138,1511064441,"[20200, 50600, -800, 30000]",3,1,4,2,-4.0,10.0,-10.0,4.0
g20260821_ky00,139,1511064442,"[25900, 30100, 28000, 16000]",3,1,2,4,-4.0,10.0,4.0,-10.0
g20260821_ky00,140,1511064443,"[27900, 31800, 17400, 22900]",2,1,4,3,4.0,10.0,-10.0,-4.0
g20260821_ky00,141,1511064444,"[27900, 34400, 35900, 1800]",3,2,1,4,-4.0,4.0,10.0,-10.0
g20260821_ky00,142,1511064445,"[37200, 16700, 19700, 26400]",1,4,3,2,10.0,-10.0,-4.0,4.0
g20260821_ky00,143,1511064446,"[15500, 37500, 31000, 16000]",4,1,2,3,-10.0,10.0,4.0,-4.0
g20260821_ky00,144,1511064447,"[23300, 35300, 27000, 14400]",3,1,2,4,-4.0,10.0,4.0,-10.0
g20260821_ky00,145,1511064448,"[38900, 2100, 30200, 28800]",1,4,2,3,10.0,-10.0,4.0,-4.0
g20260821_ky00,146,1511064449,"[36100, 25500, 5000, 33400]",1,3,4,2,10.0,-4.0,-10.0,4.0
g20260821_ky00,147,1511064450,"[44300, 28700, -1600, 28600]",1,2,4,3,10.0,4.0,-10.0,-4.0
g20260821_ky00,148,1511064451,"[37000, 14800, 24600, 23600]",1,4,2,3,10.0,-10.0,4.0,-4.0
g20260821_ky00,149,1511064452,"[31200, 35800, 26800, 6200]",2,1,3,4,4.0,10.0,-4.0,-10.0
g20260821_ky00,150,1511064453,"[23200, 29200, 15000, 32600]",3,2,4,1,-4.0,4.0,-10.0,10.0
g20260821_ky00,151,1511064454,"[35600, 26600, 11400, 25400]",1,2,4,3,10.0,4.0,-10.0,-4.0
g20260821_ky00,152,1511064455,"[31200, 30500, 16400, 21900]",1,2,4,3,10.0,4.0,-10.0,-4.0
g20260821_ky00,153,1511064456,"[21900, 13500, 21700, 42900]",2,4,3,1,4.0,-10.0,-4.0,10.0
g20260821_ky00,154,1511064457,"[28300, 18800, 43200, 9700]",2,3,1,4,4.0,-4.0,10.0,-10.0
g20260821_ky00,155,1511064458,"[20400, 15900, 21100, 41600]",3,4,2,1,-4.0,-10.0,4.0,10.0
g20260821_ky00,156,1511064459,"[42700, -1800, 30700, 28400]",1,4,2,3,10.0,-10.0,4.0,-4.0
g20260821_ky00,157,1511064460,"[41300, 34100, 22400, 2200]",1,2,3,4,10.0,4.0,-4.0,-10.0
g20260821_ky00,158,1511064461,"[24300, 13700, 44000, 18000]",2,4,1,3,4.0,-10.0,10.0,-4.0
g20260821_ky00,159,1511064462,"[43400, 19900, 17900, 18800]",1,2,4,3,10.0,4.0,-10.0,-4.0
g20260821_ky00,160,1511064463,"[5300, 28900, 13800, 52000]",4,2,3,1,-10.0,4.0,-4.0,10.0
g20260821_ky00,161,1511064464,"[40300, 29200, 800, 29700]",1,3,4,2,10.0,-4.0,-10.0,4.0
g20260821_ky00,162,1511064465,"[31800, 10100, 16600, 41500]",2,4,3,1,4.0,-10.0,-4.0,10.0
g20260821_ky00,163,1511064466,"[23300, 29200, 15300, 32200]",3,2,4,1,-4.0,4.0,-10.0,10.0
g20260821_ky00,164,1511064467,"[37100, 37000, -300, 26200]",1,2,4,3,10.0,4.0,-10.0,-4.0
g20260821_ky00,165,1511064468,"[40900, 16300, 6100, 36700]",1,3,4,2,10.0,-4.0,-10.0,4.0
g20260821_ky00,166,1511064469,"[49400, 12600, 18900, 19100]",1,4,3,2,10.0,-10.0,-4.0,4.0
g20260821_ky00,167,1511064470,"[11200, 17300, 51500, 20000]",4,3,1,2,-10.0,-4.0,10.0,4.0
g20260821_ky00,168,1511064471,"[30100, 17500, 42400, 10000]",2,3,1,4,4.0,-4.0,10.0,-10.0
g20260821_ky00,169,1511064472,"[-400, 65400, 18700, 16300]",4,1,2,3,-10.0,10.0,4.0,-4.0
g20260821_ky00,170,1511064473,"[25000, 6700, 39600, 28700]",3,4,1,2,-4.0,-10.0,10.0,4.0
g20260821_ky00,171,1511064474,"[29600, 30400, 25800, 14200]",2,1,3,4,4.0,10.0,-4.0,-10.0
g20260821_ky00,172,1511064475,"[3100, 27400, 40000, 29500]",4,3,1,2,-10.0,-4.0,10.0,4.0
g20260821_ky00,173,1511064476,"[19500, 45400, 30100, 5000]",3,1,2,4,-4.0,10.0,4.0,-10.0
g20260821_ky00,174,1511064477,"[30200, 17800, 46000, 5000]",2,3,1,4,4.0,-4.0,10.0,-10.0
g20260821_ky00,175,1511064478,"[39300, 21200, 21700, 17800]",1,3,2,4,10.0,-4.0,4.0,-10.0
g20260821_ky00,176,1511064479,"[32200, 26900, -600, 41500]",2,3,4,1,4.0,-4.0,-10.0,10.0
g20260821_ky00,177,1511064480,"[35900, 23300, 41600, -800]",2,3,1,4,4.0,-4.0,10.0,-10.0
g20260821_ky00,178,1511064481,"[24700, 46800, 900, 27600]",3,1,4,2,-4.0,10.0,-10.0,4.0
g20260821_ky00,179,1511064482,"[34600, 45900, -200, 19700]",2,1,4,3,4.0,10.0,-10.0,-4.0
g20260821_ky00,180,1511064483,"[36600, 32200, 7700, 23500]",1,2,4,3,10.0,4.0,-10.0,-4.0
g20260821_ky00,181,1511064484,"[20000, 36300, 15500, 28200]",3,1,4,2,-4.0,10.0,-10.0,4.0
g20260821_ky00,182,1511064485,"[26800, 20900, 31500, 20800]",2,3,1,4,4.0,-4.0,10.0,-10.0
g20260821_ky00,183,1511064486,"[16600, 46700, 8200, 28500]",3,1,4,2,-4.0,10.0,-10.0,4.0
g20260821_ky00,184,1511064487,"[37100, 25300, -8500, 46100]",2,3,4,1,4.0,-4.0,-10.0,10.0
g20260821_ky00,185,1511064488,"[17000, 1400, 36300, 45300]",3,4,2,1,-4.0,-10.0,4.0,10.0
g20260821_ky00,186,1511064489,"[20300, 36000, 31000, 12700]",3,1,2,4,-4.0,10.0,4.0,-10.0
g20260821_ky00,187,1511064490,"[30700, 40500, -1400, 30200]",2,1,4,3,4.0,10.0,-10.0,-4.0
g20260821_ky00,188,1511064491,"[33400, 25800, 17600, 23200]",1,2,4,3,10.0,4.0,-10.0,-4.0
g20260821_ky00,189,1511064492,"[9000, 36500, 20500, 34000]",4,1,3,2,-10.0,10.0,-4.0,4.0
g20260821_ky00,190,1511064493,"[36100, 18200, 20500, 25200]",1,4,3,2,10.0,-10.0,-4.0,4.0
g20260821_ky00,191,1511064494,"[29100, 25300, 35500, 10100]",2,3,1,4,4.0,-4.0,10.0,-10.0
g20260824_ky00,0,1511064320,"[58500, 14700, -3600, 30400]",1,3,4,2,10.0,-4.0,-10.0,4.0
g20260824_ky00,1,1511064321,"[64200, 20500, 16700, -1400]",1,2,3,4,10.0,4.0,-4.0,-10.0
g20260824_ky00,2,1511064322,"[68700, 28900, -5700, 8100]",1,2,4,3,10.0,4.0,-10.0,-4.0
g20260824_ky00,3,1511064323,"[53500, 1100, 18300, 27100]",1,4,3,2,10.0,-10.0,-4.0,4.0
g20260824_ky00,4,1511064324,"[70400, 19500, -2500, 12600]",1,2,4,3,10.0,4.0,-10.0,-4.0
g20260824_ky00,5,1511064325,"[62700, -900, 21200, 17000]",1,4,2,3,10.0,-10.0,4.0,-4.0
g20260824_ky00,6,1511064326,"[57700, 39000, -2800, 6100]",1,2,4,3,10.0,4.0,-10.0,-4.0
g20260824_ky00,7,1511064327,"[63700, 19000, -2800, 20100]",1,3,4,2,10.0,-4.0,-10.0,4.0
g20260824_ky00,8,1511064328,"[58700, 16000, 28500, -3200]",1,3,2,4,10.0,-4.0,4.0,-10.0
g20260824_ky00,9,1511064329,"[36300, 42400, 3700, 17600]",2,1,4,3,4.0,10.0,-10.0,-4.0
g20260824_ky00,10,1511064330,"[70100, 21000, -3200, 12100]",1,2,4,3,10.0,4.0,-10.0,-4.0
g20260824_ky00,11,1511064331,"[63700, 19700, -3200, 19800]",1,3,4,2,10.0,-4.0,-10.0,4.0
g20260824_ky00,12,1511064332,"[62100, 16400, -2400, 23900]",1,3,4,2,10.0,-4.0,-10.0,4.0
g20260824_ky00,13,1511064333,"[55800, 16100, 4500, 23600]",1,3,4,2,10.0,-4.0,-10.0,4.0
g20260824_ky00,14,1511064334,"[62100, 17900, -3000, 23000]",1,3,4,2,10.0,-4.0,-10.0,4.0
g20260824_ky00,15,1511064335,"[62700, 28900, -1700, 10100]",1,2,4,3,10.0,4.0,-10.0,-4.0
g20260824_ky00,16,1511064336,"[47200, 30400, 5900, 16500]",1,2,4,3,10.0,4.0,-10.0,-4.0
g20260824_ky00,17,1511064337,"[62700, 24000, -5800, 19100]",1,2,4,3,10.0,4.0,-10.0,-4.0
g20260824_ky00,18,1511064338,"[62000, 25000, 8500, 4500]",1,2,3,4,10.0,4.0,-4.0,-10.0
g20260824_ky00,19,1511064339,"[72000, 18400, -1800, 11400]",1,2,4,3,10.0,4.0,-10.0,-4.0
g20260824_ky00,20,1511064340,"[74100, 16600, -300, 8600]",1,2,4,3,10.0,4.0,-10.0,-4.0
g20260824_ky00,21,1511064341,"[59700, 16000, -2800, 27100]",1,3,4,2,10.0,-4.0,-10.0,4.0
g20260824_ky00,22,1511064342,"[49900, 13500, 16900, 19700]",1,4,3,2,10.0,-10.0,-4.0,4.0
g20260824_ky00,23,1511064343,"[37600, 14800, 10500, 37100]",1,3,4,2,10.0,-4.0,-10.0,4.0
g20260824_ky00,24,1511064344,"[66800, 1500, 13600, 18100]",1,4,3,2,10.0,-10.0,-4.0,4.0
g20260824_ky00,25,1511064345,"[63700, 24900, 11500, -100]",1,2,3,4,10.0,4.0,-4.0,-10.0
g20260824_ky00,26,1511064346,"[48400, 11800, 12600, 27200]",1,4,3,2,10.0,-10.0,-4.0,4.0
g20260824_ky00,27,1511064347,"[63700, 21000, -5800, 21100]",1,3,4,2,10.0,-4.0,-10.0,4.0
g20260824_ky00,28,1511064348,"[62400, 20400, -1100, 18300]",1,2,4,3,10.0,4.0,-10.0,-4.0
g20260824_ky00,29,1511064349,"[58800, 31500, 14400, -4700]",1,2,3,4,10.0,4.0,-4.0,-10.0
g20260824_ky00,30,1511064350,"[78900, 10400, 6900, 3800]",1,2,3,4,10.0,4.0,-4.0,-10.0
g20260824_ky00,31,1511064351,"[44900, 22800, 11600, 20700]",1,2,4,3,10.0,4.0,-10.0,-4.0
g20260824_ky00,32,1511064352,"[44200, 20700, 14400, 20700]",1,2,4,3,10.0,4.0,-10.0,-4.0
g20260824_ky00,33,1511064353,"[57300, 14000, 35000, -6300]",1,3,2,4,10.0,-4.0,4.0,-10.0
g20260824_ky00,34,1511064354,"[59800, 32700, -700, 8200]",1,2,4,3,10.0,4.0,-10.0,-4.0
g20260824_ky00,35,1511064355,"[62200, 15500, -600, 22900]",1,3,4,2,10.0,-4.0,-10.0,4.0
g20260824_ky00,36,1511064356,"[57600, 16300, 18500, 7600]",1,3,2,4,10.0,-4.0,4.0,-10.0
g20260824_ky00,37,1511064357,"[73700, 20000, -5300, 11600]",1,2,4,3,10.0,4.0,-10.0,-4.0
g20260824_ky00,38,1511064358,"[77100, 9000, 13300, 600]",1,3,2,4,10.0,-4.0,4.0,-10.0
g20260824_ky00,39,1511064359,"[62300, 22800, 400, 14500]",1,2,4,3,10.0,4.0,-10.0,-4.0
g20260824_ky00,40,1511064360,"[67700, 15300, 8900, 8100]",1,2,3,4,10.0,4.0,-4.0,-10.0
g20260824_ky00,41,1511064361,"[59000, 28900, -2500, 14600]",1,2,4,3,10.0,4.0,-10.0,-4.0
g20260824_ky00,42,1511064362,"[75700, 16700, -1500, 9100]",1,2,4,3,10.0,4.0,-10.0,-4.0
g20260824_ky00,43,1511064363,"[60400, 28900, -300, 11000]",1,2,4,3,10.0,4.0,-10.0,-4.0
g20260824_ky00,44,1511064364,"[62700, 19000, -1700, 20000]",1,3,4,2,10.0,-4.0,-10.0,4.0
g20260824_ky00,45,1511064365,"[53400, 45100, -1900, 3400]",1,2,4,3,10.0,4.0,-10.0,-4.0
g20260824_ky00,46,1511064366,"[63700, 24900, -700, 12100]",1,2,4,3,10.0,4.0,-10.0,-4.0
g20260824_ky00,47,1511064367,"[61700, 17000, -800, 22100]",1,3,4,2,10.0,-4.0,-10.0,4.0
g20260824_ky00,48,1511064368,"[66700, 30700, 5100, -2500]",1,2,3,4,10.0,4.0,-4.0,-10.0
g20260824_ky00,49,1511064369,"[60600, 22300, -3900, 21000]",1,2,4,3,10.0,4.0,-10.0,-4.0
g20260824_ky00,50,1511064370,"[53100, 33500, 2400, 11000]",1,2,4,3,10.0,4.0,-10.0,-4.0
g20260824_ky00,51,1511064371,"[61900, 31000, -1900, 9000]",1,2,4,3,10.0,4.0,-10.0,-4.0
g20260824_ky00,52,1511064372,"[54500, 26000, 13500, 6000]",1,2,3,4,10.0,4.0,-4.0,-10.0
g20260824_ky00,53,1511064373,"[60200, 14300, 17300, 8200]",1,3,2,4,10.0,-4.0,4.0,-10.0
g20260824_ky00,54,1511064374,"[59700, 33000, -800, 8100]",1,2,4,3,10.0,4.0,-10.0,-4.0
g20260824_ky00,55,1511064375,"[63700, -3000, 3200, 36100]",1,4,3,2,10.0,-10.0,-4.0,4.0
g20260824_ky00,56,1511064376,"[63700, 21000, -4800, 20100]",1,2,4,3,10.0,4.0,-10.0,-4.0
g20260824_ky00,57,1511064377,"[72500, 17400, -400, 10500]",1,2,4,3,10.0,4.0,-10.0,-4.0
g20260824_ky00,58,1511064378,"[62900, 20300, -200, 17000]",1,2,4,3,10.0,4.0,-10.0,-4.0
g20260824_ky00,59,1511064379,"[62400, 18400, -14100, 33300]",1,3,4,2,10.0,-4.0,-10.0,4.0
g20260824_ky00,60,1511064380,"[54100, 19600, 9100, 16200]",1,2,4,3,10.0,4.0,-10.0,-4.0
g20260824_ky00,61,1511064381,"[61400, 15400, -100, 23300]",1,3,4,2,10.0,-4.0,-10.0,4.0
g20260824_ky00,62,1511064382,"[63700, 33000, -8800, 12100]",1,2,4,3,10.0,4.0,-10.0,-4.0
g20260824_ky00,63,1511064383,"[59700, 33000, -800, 8100]",1,2,4,3,10.0,4.0,-10.0,-4.0
g20260824_ky02,0,1511064337,"[66800, 17900, -400, 15700]",1,2,4,3,10.0,4.0,-10.0,-4.0
g20260824_ky02,1,1511064338,"[60000, 29200, -3900, 14700]",1,2,4,3,10.0,4.0,-10.0,-4.0
g20260824_ky02,2,1511064339,"[79800, 13800, -2500, 8900]",1,2,4,3,10.0,4.0,-10.0,-4.0
g20260824_ky02,3,1511064340,"[65000, 21400, -900, 14500]",1,2,4,3,10.0,4.0,-10.0,-4.0
g20260824_ky02,4,1511064341,"[98000, -3600, -1600, 7200]",1,4,3,2,10.0,-10.0,-4.0,4.0
g20260824_ky02,5,1511064342,"[66100, -900, 16300, 18500]",1,4,3,2,10.0,-10.0,-4.0,4.0
g20260824_ky02,6,1511064343,"[68000, 14500, -5700, 23200]",1,3,4,2,10.0,-4.0,-10.0,4.0
g20260824_ky02,7,1511064344,"[67900, 15600, 13000, 3500]",1,2,3,4,10.0,4.0,-4.0,-10.0
g20260824_ky02,8,1511064345,"[43000, 16800, 22200, 18000]",1,4,2,3,10.0,-10.0,4.0,-4.0
g20260824_ky02,9,1511064346,"[60000, 32100, -3900, 11800]",1,2,4,3,10.0,4.0,-10.0,-4.0
g20260824_ky02,10,1511064347,"[46700, 39900, -7400, 20800]",1,2,4,3,10.0,4.0,-10.0,-4.0
g20260824_ky02,11,1511064348,"[49300, 8100, 10400, 32200]",1,4,3,2,10.0,-10.0,-4.0,4.0
g20260824_ky02,12,1511064349,"[63100, 14500, -1600, 24000]",1,3,4,2,10.0,-4.0,-10.0,4.0
g20260824_ky02,13,1511064350,"[67300, 19600, -7200, 20300]",1,3,4,2,10.0,-4.0,-10.0,4.0
g20260824_ky02,14,1511064351,"[67000, 19400, -900, 14500]",1,2,4,3,10.0,4.0,-10.0,-4.0
g20260824_ky02,15,1511064352,"[72600, 19400, 6500, 1500]",1,2,3,4,10.0,4.0,-4.0,-10.0
g20260824_ky02,16,1511064353,"[77000, 16400, -1900, 8500]",1,2,4,3,10.0,4.0,-10.0,-4.0
g20260824_ky02,17,1511064354,"[61100, 15500, -2800, 26200]",1,3,4,2,10.0,-4.0,-10.0,4.0
g20260824_ky02,18,1511064355,"[73100, 16700, -1600, 11800]",1,2,4,3,10.0,4.0,-10.0,-4.0
g20260824_ky02,19,1511064356,"[63300, 16400, 7800, 12500]",1,2,4,3,10.0,4.0,-10.0,-4.0
g20260824_ky02,20,1511064357,"[67200, 17200, -1100, 15700]",1,2,4,3,10.0,4.0,-10.0,-4.0
g20260824_ky02,21,1511064358,"[74600, 18400, -5200, 12200]",1,2,4,3,10.0,4.0,-10.0,-4.0
g20260824_ky02,22,1511064359,"[64000, 28400, -6900, 14500]",1,2,4,3,10.0,4.0,-10.0,-4.0
g20260824_ky02,23,1511064360,"[61000, 29600, 8600, 800]",1,2,3,4,10.0,4.0,-4.0,-10.0
g20260824_ky02,24,1511064361,"[66900, 9400, 2500, 21200]",1,3,4,2,10.0,-4.0,-10.0,4.0
g20260824_ky02,25,1511064362,"[65000, 19400, -16900, 32500]",1,3,4,2,10.0,-4.0,-10.0,4.0
g20260824_ky02,26,1511064363,"[56700, 15300, 5500, 22500]",1,3,4,2,10.0,-4.0,-10.0,4.0
g20260824_ky02,27,1511064364,"[73000, 19400, -6900, 14500]",1,2,4,3,10.0,4.0,-10.0,-4.0
g20260824_ky02,28,1511064365,"[60100, 30300, -900, 10500]",1,2,4,3,10.0,4.0,-10.0,-4.0
g20260824_ky02,29,1511064366,"[63700, 17100, -200, 19400]",1,3,4,2,10.0,-4.0,-10.0,4.0
g20260824_ky02,30,1511064367,"[77200, 20400, -1000, 3400]",1,2,4,3,10.0,4.0,-10.0,-4.0
g20260824_ky02,31,1511064368,"[73000, 17400, -900, 10500]",1,2,4,3,10.0,4.0,-10.0,-4.0
g20260824_ky02,32,1511064369,"[65000, 19400, -11900, 27500]",1,3,4,2,10.0,-4.0,-10.0,4.0
g20260824_ky02,33,1511064370,"[65000, 21400, -900, 14500]",1,2,4,3,10.0,4.0,-10.0,-4.0
g20260824_ky02,34,1511064371,"[59400, 26100, 1700, 12800]",1,2,4,3,10.0,4.0,-10.0,-4.0
g20260824_ky02,35,1511064372,"[66300, 19400, -200, 14500]",1,2,4,3,10.0,4.0,-10.0,-4.0
g20260824_ky02,36,1511064373,"[70000, 9300, 19300, 1400]",1,3,2,4,10.0,-4.0,4.0,-10.0
g20260824_ky02,37,1511064374,"[59000, 13400, -4900, 32500]",1,3,4,2,10.0,-4.0,-10.0,4.0
g20260824_ky02,38,1511064375,"[65000, 19400, -10500, 26100]",1,3,4,2,10.0,-4.0,-10.0,4.0
g20260824_ky02,39,1511064376,"[76000, 14400, -1900, 11500]",1,2,4,3,10.0,4.0,-10.0,-4.0
g20260824_ky02,40,1511064377,"[59200, 17900, -600, 23500]",1,3,4,2,10.0,-4.0,-10.0,4.0
g20260824_ky02,41,1511064378,"[65000, 24300, -3800, 14500]",1,2,4,3,10.0,4.0,-10.0,-4.0
g20260824_ky02,42,1511064379,"[56700, 27200, 2700, 13400]",1,2,4,3,10.0,4.0,-10.0,-4.0
g20260824_ky02,43,1511064380,"[77000, 16400, -1900, 8500]",1,2,4,3,10.0,4.0,-10.0,-4.0
g20260824_ky02,44,1511064381,"[57000, 27400, -5100, 20700]",1,2,4,3,10.0,4.0,-10.0,-4.0
g20260824_ky02,45,1511064382,"[68000, 19400, -1900, 14500]",1,2,4,3,10.0,4.0,-10.0,-4.0
g20260824_ky02,46,1511064383,"[66800, 22100, 300, 10800]",1,2,4,3,10.0,4.0,-10.0,-4.0
g20260824_ky02,47,1511064384,"[71100, 15700, -1100, 13300]",1,2,4,3,10.0,4.0,-10.0,-4.0
g20260824_ky02,48,1511064385,"[61400, 9900, 14900, 12800]",1,4,2,3,10.0,-10.0,4.0,-4.0
g20260824_ky02,49,1511064386,"[75000, 15300, -1800, 11500]",1,2,4,3,10.0,4.0,-10.0,-4.0
g20260824_ky02,50,1511064387,"[65000, 19400, -2800, 18400]",1,2,4,3,10.0,4.0,-10.0,-4.0
g20260824_ky02,51,1511064388,"[77800, 3100, 15900, 3200]",1,4,2,3,10.0,-10.0,4.0,-4.0
g20260824_ky02,52,1511064389,"[61100, 15500, -2800, 26200]",1,3,4,2,10.0,-4.0,-10.0,4.0
g20260824_ky02,53,1511064390,"[62000, 32400, -2900, 8500]",1,2,4,3,10.0,4.0,-10.0,-4.0
g20260824_ky02,54,1511064391,"[66000, 24400, -5900, 15500]",1,2,4,3,10.0,4.0,-10.0,-4.0
g20260824_ky02,55,1511064392,"[65000, 27400, -6900, 14500]",1,2,4,3,10.0,4.0,-10.0,-4.0
g20260824_ky02,56,1511064393,"[59000, 17300, -2700, 26400]",1,3,4,2,10.0,-4.0,-10.0,4.0
g20260824_ky02,57,1511064394,"[62000, 14400, -1900, 25500]",1,3,4,2,10.0,-4.0,-10.0,4.0
g20260824_ky02,58,1511064395,"[67000, 19400, -900, 14500]",1,2,4,3,10.0,4.0,-10.0,-4.0
g20260824_ky02,59,1511064396,"[68400, 14800, -500, 17300]",1,3,4,2,10.0,-4.0,-10.0,4.0
g20260824_ky02,60,1511064397,"[57400, 11100, 13100, 18400]",1,4,3,2,10.0,-10.0,-4.0,4.0
g20260824_ky02,61,1511064398,"[62000, 31400, -1900, 8500]",1,2,4,3,10.0,4.0,-10.0,-4.0
g20260824_ky02,62,1511064399,"[64000, 22300, -2800, 16500]",1,2,4,3,10.0,4.0,-10.0,-4.0
g20260824_ky02,63,1511064400,"[64600, 26000, -4400, 13800]",1,2,4,3,10.0,4.0,-10.0,-4.0
g20260824_ky04,0,1511064354,"[63500, 33000, -900, 4400]",1,2,4,3,10.0,4.0,-10.0,-4.0
g20260824_ky04,1,1511064355,"[59800, 18400, -4900, 26700]",1,3,4,2,10.0,-4.0,-10.0,4.0
g20260824_ky04,2,1511064356,"[59100, 17700, -1200, 24400]",1,3,4,2,10.0,-4.0,-10.0,4.0
g20260824_ky04,3,1511064357,"[65700, 8100, 12100, 14100]",1,4,3,2,10.0,-10.0,-4.0,4.0
g20260824_ky04,4,1511064358,"[61800, 13400, -400, 25200]",1,3,4,2,10.0,-4.0,-10.0,4.0
g20260824_ky04,5,1511064359,"[57600, 18400, 7300, 15700]",1,2,4,3,10.0,4.0,-10.0,-4.0
g20260824_ky04,6,1511064360,"[61100, 13400, 16700, 8800]",1,3,2,4,10.0,-4.0,4.0,-10.0
g20260824_ky04,7,1511064361,"[59800, 14300, -1800, 27700]",1,3,4,2,10.0,-4.0,-10.0,4.0
g20260824_ky04,8,1511064362,"[51800, 42400, -4900, 10700]",1,2,4,3,10.0,4.0,-10.0,-4.0
g20260824_ky04,9,1511064363,"[62100, 19400, -1200, 19700]",1,3,4,2,10.0,-4.0,-10.0,4.0
g20260824_ky04,10,1511064364,"[56800, 15400, 9200, 17600]",1,3,4,2,10.0,-4.0,-10.0,4.0
g20260824_ky04,11,1511064365,"[56600, 16400, 16000, 11000]",1,2,3,4,10.0,4.0,-4.0,-10.0
g20260824_ky04,12,1511064366,"[61500, 18700, 15400, 4400]",1,2,3,4,10.0,4.0,-4.0,-10.0
g20260824_ky04,13,1511064367,"[59800, 13500, -5600, 32300]",1,3,4,2,10.0,-4.0,-10.0,4.0
g20260824_ky04,14,1511064368,"[54000, 16900, 10600, 18500]",1,3,4,2,10.0,-4.0,-10.0,4.0
g20260824_ky04,15,1511064369,"[74800, 11400, 2100, 11700]",1,3,4,2,10.0,-4.0,-10.0,4.0
g20260824_ky04,16,1511064370,"[59300, 28100, 600, 12000]",1,2,4,3,10.0,4.0,-10.0,-4.0
g20260824_ky04,17,1511064371,"[54600, 11200, -2400, 36600]",1,3,4,2,10.0,-4.0,-10.0,4.0
g20260824_ky04,18,1511064372,"[66000, 18400, -3100, 18700]",1,3,4,2,10.0,-4.0,-10.0,4.0
g20260824_ky04,19,1511064373,"[64700, 9600, 4100, 21600]",1,3,4,2,10.0,-4.0,-10.0,4.0
g20260824_ky04,20,1511064374,"[55800, 30400, -900, 14700]",1,2,4,3,10.0,4.0,-10.0,-4.0
g20260824_ky04,21,1511064375,"[68100, 11000, 3200, 17700]",1,3,4,2,10.0,-4.0,-10.0,4.0
g20260824_ky04,22,1511064376,"[60100, 13600, 14100, 12200]",1,3,2,4,10.0,-4.0,4.0,-10.0
g20260824_ky04,23,1511064377,"[67500, 25300, 0, 6200]",1,2,4,3,10.0,4.0,-10.0,-4.0
g20260824_ky04,24,1511064378,"[63800, 21600, -3100, 17700]",1,2,4,3,10.0,4.0,-10.0,-4.0
g20260824_ky04,25,1511064379,"[56200, 3300, 12100, 28400]",1,4,3,2,10.0,-10.0,-4.0,4.0
g20260824_ky04,26,1511064380,"[67000, 13200, -900, 20700]",1,3,4,2,10.0,-4.0,-10.0,4.0
g20260824_ky04,27,1511064381,"[56800, 11700, 5100, 25400]",1,3,4,2,10.0,-4.0,-10.0,4.0
g20260824_ky04,28,1511064382,"[51700, 17900, 12100, 18300]",1,3,4,2,10.0,-4.0,-10.0,4.0
g20260824_ky04,29,1511064383,"[53800, 20500, 8000, 17700]",1,2,4,3,10.0,4.0,-10.0,-4.0
g20260824_ky04,30,1511064384,"[66000, 13200, 8300, 12500]",1,2,4,3,10.0,4.0,-10.0,-4.0
g20260824_ky04,31,1511064385,"[59900, 23400, 1900, 14800]",1,2,4,3,10.0,4.0,-10.0,-4.0
g20260824_ky04,32,1511064386,"[59300, 10100, -300, 30900]",1,3,4,2,10.0,-4.0,-10.0,4.0
g20260824_ky04,33,1511064387,"[63600, 7100, 23400, 5900]",1,3,2,4,10.0,-4.0,4.0,-10.0
g20260824_ky04,34,1511064388,"[59800, 24200, -2700, 18700]",1,2,4,3,10.0,4.0,-10.0,-4.0
g20260824_ky04,35,1511064389,"[59800, 26100, -4600, 18700]",1,2,4,3,10.0,4.0,-10.0,-4.0
g20260824_ky04,36,1511064390,"[57200, 27200, -500, 16100]",1,2,4,3,10.0,4.0,-10.0,-4.0
g20260824_ky04,37,1511064391,"[63800, 18400, 600, 17200]",1,2,4,3,10.0,4.0,-10.0,-4.0
g20260824_ky04,38,1511064392,"[49300, 21600, 7000, 22100]",1,3,4,2,10.0,-4.0,-10.0,4.0
g20260824_ky04,39,1511064393,"[59800, 22300, -800, 18700]",1,2,4,3,10.0,4.0,-10.0,-4.0
g20260824_ky04,40,1511064394,"[60100, 16900, 800, 22200]",1,3,4,2,10.0,-4.0,-10.0,4.0
g20260824_ky04,41,1511064395,"[51100, 29100, 1900, 17900]",1,2,4,3,10.0,4.0,-10.0,-4.0
g20260824_ky04,42,1511064396,"[57000, 15500, 2800, 24700]",1,3,4,2,10.0,-4.0,-10.0,4.0
g20260824_ky04,43,1511064397,"[75400, 4800, 5000, 14800]",1,4,3,2,10.0,-10.0,-4.0,4.0
g20260824_ky04,44,1511064398,"[68100, 19300, 0, 12600]",1,2,4,3,10.0,4.0,-10.0,-4.0
g20260824_ky04,45,1511064399,"[58800, 25900, -1400, 16700]",1,2,4,3,10.0,4.0,-10.0,-4.0
g20260824_ky04,46,1511064400,"[57400, 17600, 19200, 5800]",1,3,2,4,10.0,-4.0,4.0,-10.0
g20260824_ky04,47,1511064401,"[55200, 18400, 5100, 21300]",1,3,4,2,10.0,-4.0,-10.0,4.0
g20260824_ky04,48,1511064402,"[56100, 17800, -1600, 27700]",1,3,4,2,10.0,-4.0,-10.0,4.0
g20260824_ky04,49,1511064403,"[63800, 12800, 3500, 19900]",1,3,4,2,10.0,-4.0,-10.0,4.0
g20260824_ky04,50,1511064404,"[59800, 18400, -800, 22600]",1,3,4,2,10.0,-4.0,-10.0,4.0
g20260824_ky04,51,1511064405,"[59800, 18400, -500, 22300]",1,3,4,2,10.0,-4.0,-10.0,4.0
g20260824_ky04,52,1511064406,"[56700, 15400, 5100, 22800]",1,3,4,2,10.0,-4.0,-10.0,4.0
g20260824_ky04,53,1511064407,"[56200, 18400, -1100, 26500]",1,3,4,2,10.0,-4.0,-10.0,4.0
g20260824_ky04,54,1511064408,"[46800, 27400, 100, 25700]",1,2,4,3,10.0,4.0,-10.0,-4.0
g20260824_ky04,55,1511064409,"[53900, 10900, 11900, 23300]",1,4,3,2,10.0,-10.0,-4.0,4.0
g20260824_ky04,56,1511064410,"[59800, 30000, -8500, 18700]",1,2,4,3,10.0,4.0,-10.0,-4.0
g20260824_ky04,57,1511064411,"[67000, -1800, 16100, 18700]",1,4,3,2,10.0,-10.0,-4.0,4.0
g20260824_ky04,58,1511064412,"[53300, 14000, 9500, 23200]",1,3,4,2,10.0,-4.0,-10.0,4.0
g20260824_ky04,59,1511064413,"[60400, 17300, 3100, 19200]",1,3,4,2,10.0,-4.0,-10.0,4.0
g20260824_ky04,60,1511064414,"[55000, 12600, 14100, 18300]",1,4,3,2,10.0,-10.0,-4.0,4.0
g20260824_ky04,61,1511064415,"[62500, 15900, 2400, 19200]",1,3,4,2,10.0,-4.0,-10.0,4.0
g20260824_ky04,62,1511064416,"[51800, 18400, -4600, 34400]",1,3,4,2,10.0,-4.0,-10.0,4.0
g20260824_ky04,63,1511064417,"[64000, 18500, 2100, 15400]",1,2,4,3,10.0,4.0,-10.0,-4.0
g20260825_ky02,0,1511064371,"[38900, 2300, 35800, 23000]",1,4,2,3,10.0,-10.0,4.0,-4.0
g20260825_ky02,1,1511064372,"[31400, 23700, 40800, 4100]",2,3,1,4,4.0,-4.0,10.0,-10.0
g20260825_ky02,2,1511064373,"[38400, 9100, 28400, 24100]",1,4,2,3,10.0,-10.0,4.0,-4.0
g20260825_ky02,3,1511064374,"[49400, 16400, 15200, 19000]",1,3,4,2,10.0,-4.0,-10.0,4.0
g20260825_ky02,4,1511064375,"[34900, 30300, 10700, 24100]",1,2,4,3,10.0,4.0,-10.0,-4.0
g20260825_ky02,5,1511064376,"[61100, 11000, 11000, 16900]",1,3,4,2,10.0,-4.0,-10.0,4.0
g20260825_ky02,6,1511064377,"[22700, 4600, 19700, 53000]",2,4,3,1,4.0,-10.0,-4.0,10.0
g20260825_ky02,7,1511064378,"[38800, -300, 42600, 18900]",2,4,1,3,4.0,-10.0,10.0,-4.0
g20260825_ky02,8,1511064379,"[36600, 39200, 4400, 18800]",2,1,4,3,4.0,10.0,-10.0,-4.0
g20260825_ky02,9,1511064380,"[45000, 14000, 12100, 28900]",1,3,4,2,10.0,-4.0,-10.0,4.0
g20260825_ky02,10,1511064381,"[31700, 33300, 6200, 28800]",2,1,4,3,4.0,10.0,-10.0,-4.0
g20260825_ky02,11,1511064382,"[38800, 28700, 1600, 30900]",1,3,4,2,10.0,-4.0,-10.0,4.0
g20260825_ky02,12,1511064383,"[30800, 15900, 18200, 35100]",2,4,3,1,4.0,-10.0,-4.0,10.0
g20260825_ky02,13,1511064384,"[36000, 3500, 21100, 39400]",2,4,3,1,4.0,-10.0,-4.0,10.0
g20260825_ky02,14,1511064385,"[38200, 32600, -800, 30000]",1,2,4,3,10.0,4.0,-10.0,-4.0
g20260825_ky02,15,1511064386,"[27200, 32200, 3300, 37300]",3,2,4,1,-4.0,4.0,-10.0,10.0
g20260825_ky02,16,1511064387,"[43500, 22300, 4000, 30200]",1,3,4,2,10.0,-4.0,-10.0,4.0
g20260825_ky02,17,1511064388,"[13900, 26900, 15400, 42800]",4,2,3,1,-10.0,4.0,-4.0,10.0
g20260825_ky02,18,1511064389,"[32300, 27900, 21700, 18100]",1,2,3,4,10.0,4.0,-4.0,-10.0
g20260825_ky02,19,1511064390,"[40800, -1700, 24300, 36600]",1,4,3,2,10.0,-10.0,-4.0,4.0
g20260825_ky02,20,1511064391,"[55900, 21900, -3600, 25800]",1,3,4,2,10.0,-4.0,-10.0,4.0
g20260825_ky02,21,1511064392,"[48500, 40300, -8300, 19500]",1,2,4,3,10.0,4.0,-10.0,-4.0
g20260825_ky02,22,1511064393,"[46700, 6500, 7900, 38900]",1,4,3,2,10.0,-10.0,-4.0,4.0
g20260825_ky02,23,1511064394,"[27000, 4500, 40300, 28200]",3,4,1,2,-4.0,-10.0,10.0,4.0
g20260825_ky02,24,1511064395,"[46000, 18700, -1100, 36400]",1,3,4,2,10.0,-4.0,-10.0,4.0
g20260825_ky02,25,1511064396,"[29700, 25000, 5100, 40200]",2,3,4,1,4.0,-4.0,-10.0,10.0
g20260825_ky02,26,1511064397,"[17400, 20100, 30500, 32000]",4,3,2,1,-10.0,-4.0,4.0,10.0
g20260825_ky02,27,1511064398,"[51400, -1200, 25300, 24500]",1,4,2,3,10.0,-10.0,4.0,-4.0
g20260825_ky02,28,1511064399,"[28700, 18700, 20900, 31700]",2,4,3,1,4.0,-10.0,-4.0,10.0
g20260825_ky02,29,1511064400,"[43800, 32500, 8600, 15100]",1,2,4,3,10.0,4.0,-10.0,-4.0
g20260825_ky02,30,1511064401,"[40800, 14900, 11100, 33200]",1,3,4,2,10.0,-4.0,-10.0,4.0
g20260825_ky02,31,1511064402,"[45600, 27000, 11700, 15700]",1,2,4,3,10.0,4.0,-10.0,-4.0
g20260825_ky02,32,1511064403,"[43000, 33700, 2000, 21300]",1,2,4,3,10.0,4.0,-10.0,-4.0
g20260825_ky02,33,1511064404,"[47300, 16500, 23000, 13200]",1,3,2,4,10.0,-4.0,4.0,-10.0
g20260825_ky02,34,1511064405,"[31100, 15100, 15300, 38500]",2,4,3,1,4.0,-10.0,-4.0,10.0
g20260825_ky02,35,1511064406,"[33500, 15600, 27300, 23600]",1,4,2,3,10.0,-10.0,4.0,-4.0
g20260825_ky02,36,1511064407,"[38700, 11200, 23900, 26200]",1,4,3,2,10.0,-10.0,-4.0,4.0
g20260825_ky02,37,1511064408,"[33800, 7700, 23900, 34600]",2,4,3,1,4.0,-10.0,-4.0,10.0
g20260825_ky02,38,1511064409,"[46200, 19200, 24400, 10200]",1,3,2,4,10.0,-4.0,4.0,-10.0
g20260825_ky02,39,1511064410,"[39200, 34600, 2200, 24000]",1,2,4,3,10.0,4.0,-10.0,-4.0
g20260825_ky02,40,1511064411,"[54400, 27700, 11500, 6400]",1,2,3,4,10.0,4.0,-4.0,-10.0
g20260825_ky02,41,1511064412,"[36900, 24500, 18000, 20600]",1,2,4,3,10.0,4.0,-10.0,-4.0
g20260825_ky02,42,1511064413,"[48600, 13200, 10600, 27600]",1,3,4,2,10.0,-4.0,-10.0,4.0
g20260825_ky02,43,1511064414,"[43900, 9500, 14100, 32500]",1,4,3,2,10.0,-10.0,-4.0,4.0
g20260825_ky02,44,1511064415,"[30300, 28000, 14300, 27400]",1,2,4,3,10.0,4.0,-10.0,-4.0
g20260825_ky02,45,1511064416,"[39500, 44000, -5600, 22100]",2,1,4,3,4.0,10.0,-10.0,-4.0
g20260825_ky02,46,1511064417,"[39200, 35700, 8300, 16800]",1,2,4,3,10.0,4.0,-10.0,-4.0
g20260825_ky02,47,1511064418,"[40600, 4400, 29700, 25300]",1,4,2,3,10.0,-10.0,4.0,-4.0
g20260825_ky02,48,1511064419,"[48900, 27000, 24500, -400]",1,2,3,4,10.0,4.0,-4.0,-10.0
g20260825_ky02,49,1511064420,"[41500, 25300, 25700, 7500]",1,3,2,4,10.0,-4.0,4.0,-10.0
g20260825_ky02,50,1511064421,"[40500, 20700, 20300, 18500]",1,2,3,4,10.0,4.0,-4.0,-10.0
g20260825_ky02,51,1511064422,"[25200, 23200, 16300, 35300]",2,3,4,1,4.0,-4.0,-10.0,10.0
g20260825_ky02,52,1511064423,"[41400, 19300, 3400, 35900]",1,3,4,2,10.0,-4.0,-10.0,4.0
g20260825_ky02,53,1511064424,"[34600, -9900, 35300, 40000]",3,4,2,1,-4.0,-10.0,4.0,10.0
g20260825_ky02,54,1511064425,"[41400, 17900, 12200, 28500]",1,3,4,2,10.0,-4.0,-10.0,4.0
g20260825_ky02,55,1511064426,"[47100, 11400, 17900, 23600]",1,4,3,2,10.0,-10.0,-4.0,4.0
g20260825_ky02,56,1511064427,"[38500, 22900, 18900, 19700]",1,2,4,3,10.0,4.0,-10.0,-4.0
g20260825_ky02,57,1511064428,"[30800, 20700, 40800, 7700]",2,3,1,4,4.0,-4.0,10.0,-10.0
g20260825_ky02,58,1511064429,"[39800, 29600, 18500, 12100]",1,2,3,4,10.0,4.0,-4.0,-10.0
g20260825_ky02,59,1511064430,"[39800, 22300, 18300, 19600]",1,2,4,3,10.0,4.0,-10.0,-4.0
g20260825_ky02,60,1511064431,"[38700, 11700, 11300, 38300]",1,3,4,2,10.0,-4.0,-10.0,4.0
g20260825_ky02,61,1511064432,"[37700, 17100, 15500, 29700]",1,3,4,2,10.0,-4.0,-10.0,4.0
g20260825_ky02,62,1511064433,"[28300, 3300, 29400, 39000]",3,4,2,1,-4.0,-10.0,4.0,10.0
g20260825_ky02,63,1511064434,"[62100, 8400, 13500, 16000]",1,4,3,2,10.0,-10.0,-4.0,4.0
g20260825_ky02,64,1511064435,"[19100, 10600, 17000, 53300]",2,4,3,1,4.0,-10.0,-4.0,10.0
g20260825_ky02,65,1511064436,"[35900, 16400, 21900, 25800]",1,4,3,2,10.0,-10.0,-4.0,4.0
g20260825_ky02,66,1511064437,"[14900, 22700, 38700, 23700]",4,3,1,2,-10.0,-4.0,10.0,4.0
g20260825_ky02,67,1511064438,"[23500, 20900, 41300, 14300]",2,3,1,4,4.0,-4.0,10.0,-10.0
g20260825_ky02,68,1511064439,"[48700, 16200, 16300, 17800]",1,4,3,2,10.0,-10.0,-4.0,4.0
g20260825_ky02,69,1511064440,"[51300, 16200, 11300, 21200]",1,3,4,2,10.0,-4.0,-10.0,4.0
g20260825_ky02,70,1511064441,"[35900, 14700, 21700, 27700]",1,4,3,2,10.0,-10.0,-4.0,4.0
g20260825_ky02,71,1511064442,"[48800, 6600, 21800, 22800]",1,4,3,2,10.0,-10.0,-4.0,4.0
g20260825_ky02,72,1511064443,"[46400, 24600, 14700, 14300]",1,2,3,4,10.0,4.0,-4.0,-10.0
g20260825_ky02,73,1511064444,"[46400, -14000, 33300, 34300]",1,4,3,2,10.0,-10.0,-4.0,4.0
g20260825_ky02,74,1511064445,"[48100, 20900, 5500, 25500]",1,3,4,2,10.0,-4.0,-10.0,4.0
g20260825_ky02,75,1511064446,"[49800, 18900, 10000, 21300]",1,3,4,2,10.0,-4.0,-10.0,4.0
g20260825_ky02,76,1511064447,"[27700, 20200, 30600, 21500]",2,4,1,3,4.0,-10.0,10.0,-4.0
g20260825_ky02,77,1511064448,"[52800, 13400, 20200, 13600]",1,4,2,3,10.0,-10.0,4.0,-4.0
g20260825_ky02,78,1511064449,"[37500, 27700, 16400, 18400]",1,2,4,3,10.0,4.0,-10.0,-4.0
g20260825_ky02,79,1511064450,"[44800, 11500, 20800, 22900]",1,4,3,2,10.0,-10.0,-4.0,4.0
g20260825_ky02,80,1511064451,"[36900, 12800, 23700, 24600]",1,4,3,2,10.0,-10.0,-4.0,4.0
g20260825_ky02,81,1511064452,"[40600, 37000, 6000, 16400]",1,2,4,3,10.0,4.0,-10.0,-4.0
g20260825_ky02,82,1511064453,"[34400, 19500, 19800, 26300]",1,4,3,2,10.0,-10.0,-4.0,4.0
g20260825_ky02,83,1511064454,"[52000, -1300, 25700, 23600]",1,4,2,3,10.0,-10.0,4.0,-4.0
g20260825_ky02,84,1511064455,"[50600, 6900, 14400, 27100]",1,4,3,2,10.0,-10.0,-4.0,4.0
g20260825_ky02,85,1511064456,"[40700, 18300, 18300, 22700]",1,3,4,2,10.0,-4.0,-10.0,4.0
g20260825_ky02,86,1511064457,"[29500, 40100, 18600, 11800]",2,1,3,4,4.0,10.0,-4.0,-10.0
g20260825_ky02,87,1511064458,"[43300, 22800, 21200, 12700]",1,2,3,4,10.0,4.0,-4.0,-10.0
g20260825_ky02,88,1511064459,"[44200, 21500, 16200, 18100]",1,2,4,3,10.0,4.0,-10.0,-4.0
g20260825_ky02,89,1511064460,"[34600, 5000, 11800, 48600]",2,4,3,1,4.0,-10.0,-4.0,10.0
g20260825_ky02,90,1511064461,"[52600, -1000, 26600, 21800]",1,4,2,3,10.0,-10.0,4.0,-4.0
g20260825_ky02,91,1511064462,"[52000, 8700, 16700, 22600]",1,4,3,2,10.0,-10.0,-4.0,4.0
g20260825_ky02,92,1511064463,"[34800, 11700, -6700, 60200]",2,3,4,1,4.0,-4.0,-10.0,10.0
g20260825_ky02,93,1511064464,"[45600, 27600, 19000, 7800]",1,2,3,4,10.0,4.0,-4.0,-10.0
g20260825_ky02,94,1511064465,"[40300, 28700, 9000, 22000]",1,2,4,3,10.0,4.0,-10.0,-4.0
g20260825_ky02,95,1511064466,"[49400, 33300, 18800, -1500]",1,2,3,4,10.0,4.0,-4.0,-10.0
g20260825_ky02,96,1511064467,"[37000, 10200, 5500, 47300]",2,3,4,1,4.0,-4.0,-10.0,10.0
g20260825_ky02,97,1511064468,"[45400, 17600, 11900, 25100]",1,3,4,2,10.0,-4.0,-10.0,4.0
g20260825_ky02,98,1511064469,"[58400, 6500, 18400, 16700]",1,4,2,3,10.0,-10.0,4.0,-4.0
g20260825_ky02,99,1511064470,"[35900, 27800, 26300, 10000]",1,2,3,4,10.0,4.0,-4.0,-10.0
g20260825_ky02,100,1511064471,"[48400, 24900, 16900, 9800]",1,2,3,4,10.0,4.0,-4.0,-10.0
g20260825_ky02,101,1511064472,"[28500, 4200, 11700, 55600]",2,4,3,1,4.0,-10.0,-4.0,10.0
g20260825_ky02,102,1511064473,"[33600, 23700, 23200, 19500]",1,2,3,4,10.0,4.0,-4.0,-10.0
g20260825_ky02,103,1511064474,"[39700, 3100, 34200, 23000]",1,4,2,3,10.0,-10.0,4.0,-4.0
g20260825_ky02,104,1511064475,"[41500, 21900, 20200, 16400]",1,2,3,4,10.0,4.0,-4.0,-10.0
g20260825_ky02,105,1511064476,"[37700, 20000, 12500, 29800]",1,3,4,2,10.0,-4.0,-10.0,4.0
g20260825_ky02,106,1511064477,"[36400, 3400, 40000, 20200]",2,4,1,3,4.0,-10.0,10.0,-4.0
g20260825_ky02,107,1511064478,"[38600, 32700, 9200, 19500]",1,2,4,3,10.0,4.0,-10.0,-4.0
g20260825_ky02,108,1511064479,"[41800, 9300, 27200, 21700]",1,4,2,3,10.0,-10.0,4.0,-4.0
g20260825_ky02,109,1511064480,"[64100, 6400, 16900, 12600]",1,4,2,3,10.0,-10.0,4.0,-4.0
g20260825_ky02,110,1511064481,"[47500, 21600, 27200, 2700]",1,3,2,4,10.0,-4.0,4.0,-10.0
g20260825_ky02,111,1511064482,"[40700, 14500, 12800, 32000]",1,3,4,2,10.0,-4.0,-10.0,4.0
g20260825_ky02,112,1511064483,"[36600, 43500, -1800, 21700]",2,1,4,3,4.0,10.0,-10.0,-4.0
g20260825_ky02,113,1511064484,"[42200, 16100, 21100, 20600]",1,4,2,3,10.0,-10.0,4.0,-4.0
g20260825_ky02,114,1511064485,"[31100, 29400, 22300, 17200]",1,2,3,4,10.0,4.0,-4.0,-10.0
g20260825_ky02,115,1511064486,"[40100, 22400, 24100, 13400]",1,3,2,4,10.0,-4.0,4.0,-10.0
g20260825_ky02,116,1511064487,"[53700, 18800, 21500, 6000]",1,3,2,4,10.0,-4.0,4.0,-10.0
g20260825_ky02,117,1511064488,"[39700, 11000, 25200, 24100]",1,4,2,3,10.0,-10.0,4.0,-4.0
g20260825_ky02,118,1511064489,"[42300, 8900, -100, 48900]",2,3,4,1,4.0,-4.0,-10.0,10.0
g20260825_ky02,119,1511064490,"[40300, 18300, 25800, 15600]",1,3,2,4,10.0,-4.0,4.0,-10.0
g20260825_ky02,120,1511064491,"[35200, 27600, 17600, 19600]",1,2,4,3,10.0,4.0,-10.0,-4.0
g20260825_ky02,121,1511064492,"[45900, 16700, 23400, 14000]",1,3,2,4,10.0,-4.0,4.0,-10.0
g20260825_ky02,122,1511064493,"[31600, 31200, 10500, 26700]",1,2,4,3,10.0,4.0,-10.0,-4.0
g20260825_ky02,123,1511064494,"[46700, 17800, 20600, 14900]",1,3,2,4,10.0,-4.0,4.0,-10.0
g20260825_ky02,124,1511064495,"[46800, 24400, 24500, 4300]",1,3,2,4,10.0,-4.0,4.0,-10.0
g20260825_ky02,125,1511064496,"[43000, 35700, 3700, 17600]",1,2,4,3,10.0,4.0,-10.0,-4.0
g20260825_ky02,126,1511064497,"[32500, 18000, 18100, 31400]",1,4,3,2,10.0,-10.0,-4.0,4.0
g20260825_ky02,127,1511064498,"[36000, 23500, 21300, 19200]",1,2,3,4,10.0,4.0,-4.0,-10.0
g20260828_ky00,0,1511064388,"[32800, 18900, 50300, -2000]",2,3,1,4,4.0,-4.0,10.0,-10.0
g20260828_ky00,1,1511064389,"[13500, 43400, 23500, 19600]",4,1,2,3,-10.0,10.0,4.0,-4.0
g20260828_ky00,2,1511064390,"[11500, 38100, 29400, 21000]",4,1,2,3,-10.0,10.0,4.0,-4.0
g20260828_ky00,3,1511064391,"[33600, 20400, 16100, 29900]",1,3,4,2,10.0,-4.0,-10.0,4.0
g20260828_ky00,4,1511064392,"[42900, 16100, 29200, 11800]",1,3,2,4,10.0,-4.0,4.0,-10.0
g20260828_ky00,5,1511064393,"[31400, 50200, -2800, 21200]",2,1,4,3,4.0,10.0,-10.0,-4.0
g20260828_ky00,6,1511064394,"[39300, 39300, 22300, -900]",1,2,3,4,10.0,4.0,-4.0,-10.0
g20260828_ky00,7,1511064395,"[26000, 42900, 31800, -700]",3,1,2,4,-4.0,10.0,4.0,-10.0
g20260828_ky00,8,1511064396,"[14100, 45000, 24000, 15900]",4,1,2,3,-10.0,10.0,4.0,-4.0
g20260828_ky00,9,1511064397,"[34800, 33700, 20800, 10700]",1,2,3,4,10.0,4.0,-4.0,-10.0
g20260828_ky00,10,1511064398,"[23200, 400, 38000, 38400]",3,4,2,1,-4.0,-10.0,4.0,10.0
g20260828_ky00,11,1511064399,"[24900, 36400, 18200, 20500]",2,1,4,3,4.0,10.0,-10.0,-4.0
g20260828_ky00,12,1511064400,"[24100, 28800, 47200, -100]",3,2,1,4,-4.0,4.0,10.0,-10.0
g20260828_ky00,13,1511064401,"[39200, 16700, 30500, 13600]",1,3,2,4,10.0,-4.0,4.0,-10.0
g20260828_ky00,14,1511064402,"[11700, 34500, 29400, 24400]",4,1,2,3,-10.0,10.0,4.0,-4.0
g20260828_ky00,15,1511064403,"[27000, 19600, 32700, 20700]",2,4,1,3,4.0,-10.0,10.0,-4.0
g20260828_ky00,16,1511064404,"[28100, 9800, 38500, 23600]",2,4,1,3,4.0,-10.0,10.0,-4.0
g20260828_ky00,17,1511064405,"[31100, 40600, 36200, -7900]",3,1,2,4,-4.0,10.0,4.0,-10.0
g20260828_ky00,18,1511064406,"[30400, 32500, 5200, 31900]",3,1,4,2,-4.0,10.0,-10.0,4.0
g20260828_ky00,19,1511064407,"[26800, 21800, 30800, 20600]",2,3,1,4,4.0,-4.0,10.0,-10.0
g20260828_ky00,20,1511064408,"[33200, 24900, 20800, 21100]",1,2,4,3,10.0,4.0,-10.0,-4.0
g20260828_ky00,21,1511064409,"[40900, 38500, 16000, 4600]",1,2,3,4,10.0,4.0,-4.0,-10.0
g20260828_ky00,22,1511064410,"[41500, 33600, 14200, 10700]",1,2,3,4,10.0,4.0,-4.0,-10.0
g20260828_ky00,23,1511064411,"[22900, 19900, 25700, 31500]",3,4,2,1,-4.0,-10.0,4.0,10.0
g20260828_ky00,24,1511064412,"[500, 36200, 27600, 35700]",4,1,3,2,-10.0,10.0,-4.0,4.0
g20260828_ky00,25,1511064413,"[13600, 49000, 11900, 25500]",3,1,4,2,-4.0,10.0,-10.0,4.0
g20260828_ky00,26,1511064414,"[33300, 20400, 22300, 24000]",1,4,3,2,10.0,-10.0,-4.0,4.0
g20260828_ky00,27,1511064415,"[33000, 27100, 34700, 5200]",2,3,1,4,4.0,-4.0,10.0,-10.0
g20260828_ky00,28,1511064416,"[23900, 27100, 7900, 41100]",3,2,4,1,-4.0,4.0,-10.0,10.0
g20260828_ky00,29,1511064417,"[22400, 42000, 20800, 14800]",2,1,3,4,4.0,10.0,-4.0,-10.0
g20260828_ky00,30,1511064418,"[34900, 600, 40300, 24200]",2,4,1,3,4.0,-10.0,10.0,-4.0
g20260828_ky00,31,1511064419,"[18100, 31400, 28300, 22200]",4,1,2,3,-10.0,10.0,4.0,-4.0
g20260828_ky00,32,1511064420,"[21500, 23500, 38100, 16900]",3,2,1,4,-4.0,4.0,10.0,-10.0
g20260828_ky00,33,1511064421,"[29100, 5700, 41000, 24200]",2,4,1,3,4.0,-10.0,10.0,-4.0
g20260828_ky00,34,1511064422,"[22700, 14900, 25300, 37100]",3,4,2,1,-4.0,-10.0,4.0,10.0
g20260828_ky00,35,1511064423,"[31100, 39100, 35000, -5200]",3,1,2,4,-4.0,10.0,4.0,-10.0
g20260828_ky00,36,1511064424,"[25700, 36100, 19800, 18400]",2,1,3,4,4.0,10.0,-4.0,-10.0
g20260828_ky00,37,1511064425,"[36900, 16000, 19900, 27200]",1,4,3,2,10.0,-10.0,-4.0,4.0
g20260828_ky00,38,1511064426,"[32000, 24600, 38800, 4600]",2,3,1,4,4.0,-4.0,10.0,-10.0
g20260828_ky00,39,1511064427,"[44300, 28900, 19100, 7700]",1,2,3,4,10.0,4.0,-4.0,-10.0
g20260828_ky00,40,1511064428,"[45100, 28200, 4200, 22500]",1,2,4,3,10.0,4.0,-10.0,-4.0
g20260828_ky00,41,1511064429,"[9300, 39600, 32700, 18400]",4,1,2,3,-10.0,10.0,4.0,-4.0
g20260828_ky00,42,1511064430,"[39100, 16800, 44100, 0]",2,3,1,4,4.0,-4.0,10.0,-10.0
g20260828_ky00,43,1511064431,"[19500, 25600, 32500, 22400]",4,2,1,3,-10.0,4.0,10.0,-4.0
g20260828_ky00,44,1511064432,"[46500, 32300, -800, 22000]",1,2,4,3,10.0,4.0,-10.0,-4.0
g20260828_ky00,45,1511064433,"[46800, 19200, 14600, 19400]",1,3,4,2,10.0,-4.0,-10.0,4.0
g20260828_ky00,46,1511064434,"[32000, 26000, 29700, 12300]",1,3,2,4,10.0,-4.0,4.0,-10.0
g20260828_ky00,47,1511064435,"[10500, 14100, 21400, 54000]",4,3,2,1,-10.0,-4.0,4.0,10.0
g20260828_ky00,48,1511064436,"[47200, 33900, -2700, 21600]",1,2,4,3,10.0,4.0,-10.0,-4.0
g20260828_ky00,49,1511064437,"[27100, 30400, 23400, 19100]",2,1,3,4,4.0,10.0,-4.0,-10.0
g20260828_ky00,50,1511064438,"[-2800, 33500, 33000, 36300]",4,2,3,1,-10.0,4.0,-4.0,10.0
g20260828_ky00,51,1511064439,"[39000, 26700, 23300, 11000]",1,2,3,4,10.0,4.0,-4.0,-10.0
g20260828_ky00,52,1511064440,"[31900, 24000, 52200, -8100]",2,3,1,4,4.0,-4.0,10.0,-10.0
g20260828_ky00,53,1511064441,"[40200, 42800, 10100, 6900]",2,1,3,4,4.0,10.0,-4.0,-10.0
g20260828_ky00,54,1511064442,"[27600, 30400, 9900, 32100]",3,2,4,1,-4.0,4.0,-10.0,10.0
g20260828_ky00,55,1511064443,"[26300, 31800, 26500, 15400]",3,1,2,4,-4.0,10.0,4.0,-10.0
g20260828_ky00,56,1511064444,"[36400, 22300, 18200, 23100]",1,3,4,2,10.0,-4.0,-10.0,4.0
g20260828_ky00,57,1511064445,"[18000, 28300, 34000, 19700]",4,2,1,3,-10.0,4.0,10.0,-4.0
g20260828_ky00,58,1511064446,"[20800, 11400, 32600, 35200]",3,4,2,1,-4.0,-10.0,4.0,10.0
g20260828_ky00,59,1511064447,"[29100, 27700, 32900, 10300]",2,3,1,4,4.0,-4.0,10.0,-10.0
g20260828_ky00,60,1511064448,"[35600, 24300, 30000, 10100]",1,3,2,4,10.0,-4.0,4.0,-10.0
g20260828_ky00,61,1511064449,"[18700, 12800, 30300, 38200]",3,4,2,1,-4.0,-10.0,4.0,10.0
g20260828_ky00,62,1511064450,"[33800, 18600, 17700, 29900]",1,3,4,2,10.0,-4.0,-10.0,4.0
g20260828_ky00,63,1511064451,"[13100, 33300, 26900, 26700]",4,1,2,3,-10.0,10.0,4.0,-4.0
g20260828_ky00,64,1511064452,"[23900, 23500, 33700, 18900]",2,3,1,4,4.0,-4.0,10.0,-10.0
g20260828_ky00,65,1511064453,"[24100, 24300, 32400, 19200]",3,2,1,4,-4.0,4.0,10.0,-10.0
g20260828_ky00,66,1511064454,"[28500, -800, 46800, 25500]",2,4,1,3,4.0,-10.0,10.0,-4.0
g20260828_ky00,67,1511064455,"[21000, 16200, 40300, 22500]",3,4,1,2,-4.0,-10.0,10.0,4.0
g20260828_ky00,68,1511064456,"[26900, 39400, 14500, 19200]",2,1,4,3,4.0,10.0,-10.0,-4.0
g20260828_ky00,69,1511064457,"[24000, 36300, 21300, 18400]",2,1,3,4,4.0,10.0,-4.0,-10.0
g20260828_ky00,70,1511064458,"[40400, 24300, 10900, 24400]",1,3,4,2,10.0,-4.0,-10.0,4.0
g20260828_ky00,71,1511064459,"[22200, 30400, 28100, 19300]",3,1,2,4,-4.0,10.0,4.0,-10.0
g20260828_ky00,72,1511064460,"[9200, 47000, 17600, 26200]",4,1,3,2,-10.0,10.0,-4.0,4.0
g20260828_ky00,73,1511064461,"[15400, 43100, 42000, -500]",3,1,2,4,-4.0,10.0,4.0,-10.0
g20260828_ky00,74,1511064462,"[38800, 36900, 27300, -3000]",1,2,3,4,10.0,4.0,-4.0,-10.0
g20260828_ky00,75,1511064463,"[41800, 15100, 9100, 33000]",1,3,4,2,10.0,-4.0,-10.0,4.0
g20260828_ky00,76,1511064464,"[29600, 6800, 47600, 16000]",2,4,1,3,4.0,-10.0,10.0,-4.0
g20260828_ky00,77,1511064465,"[-1000, 29000, 28800, 43200]",4,2,3,1,-10.0,4.0,-4.0,10.0
g20260828_ky00,78,1511064466,"[36900, 31100, 23000, 9000]",1,2,3,4,10.0,4.0,-4.0,-10.0
g20260828_ky00,79,1511064467,"[26700, 40800, 9200, 23300]",2,1,4,3,4.0,10.0,-10.0,-4.0
g20260828_ky00,80,1511064468,"[22400, 34500, 18100, 25000]",3,1,4,2,-4.0,10.0,-10.0,4.0
g20260828_ky00,81,1511064469,"[41300, -1900, 44700, 15900]",2,4,1,3,4.0,-10.0,10.0,-4.0
g20260828_ky00,82,1511064470,"[38500, 14600, 21600, 24300]",1,4,3,2,10.0,-10.0,-4.0,4.0
g20260828_ky00,83,1511064471,"[28000, 49900, 28200, -6100]",3,1,2,4,-4.0,10.0,4.0,-10.0
g20260828_ky00,84,1511064472,"[32900, 48400, 19100, -400]",2,1,3,4,4.0,10.0,-4.0,-10.0
g20260828_ky00,85,1511064473,"[50200, 29200, 1100, 19500]",1,2,4,3,10.0,4.0,-10.0,-4.0
g20260828_ky00,86,1511064474,"[53000, 24000, 28200, -5200]",1,3,2,4,10.0,-4.0,4.0,-10.0
g20260828_ky00,87,1511064475,"[16500, 34900, 30600, 18000]",4,1,2,3,-10.0,10.0,4.0,-4.0
g20260828_ky00,88,1511064476,"[24600, 36400, 15900, 23100]",2,1,4,3,4.0,10.0,-10.0,-4.0
g20260828_ky00,89,1511064477,"[6700, 45200, 37600, 10500]",4,1,2,3,-10.0,10.0,4.0,-4.0
g20260828_ky00,90,1511064478,"[30100, 17600, 19800, 32500]",2,4,3,1,4.0,-10.0,-4.0,10.0
g20260828_ky00,91,1511064479,"[24800, 5500, 54800, 14900]",2,4,1,3,4.0,-10.0,10.0,-4.0
g20260828_ky00,92,1511064480,"[33500, 19500, 39600, 7400]",2,3,1,4,4.0,-4.0,10.0,-10.0
g20260828_ky00,93,1511064481,"[23300, 42500, 8600, 25600]",3,1,4,2,-4.0,10.0,-10.0,4.0
g20260828_ky00,94,1511064482,"[45100, 9100, 29600, 16200]",1,4,2,3,10.0,-10.0,4.0,-4.0
g20260828_ky00,95,1511064483,"[14300, 21600, 31700, 32400]",4,3,2,1,-10.0,-4.0,4.0,10.0
g20260828_ky00,96,1511064484,"[45500, 23800, 16800, 13900]",1,2,3,4,10.0,4.0,-4.0,-10.0
g20260828_ky00,97,1511064485,"[25500, 17000, 59800, -2300]",2,3,1,4,4.0,-4.0,10.0,-10.0
g20260828_ky00,98,1511064486,"[22800, 26400, 17300, 33500]",3,2,4,1,-4.0,4.0,-10.0,10.0
g20260828_ky00,99,1511064487,"[25200, 24800, 33900, 16100]",2,3,1,4,4.0,-4.0,10.0,-10.0
g20260828_ky00,100,1511064488,"[33600, 100, 37800, 28500]",2,4,1,3,4.0,-10.0,10.0,-4.0
g20260828_ky00,101,1511064489,"[31300, 34900, 38100, -4300]",3,2,1,4,-4.0,4.0,10.0,-10.0
g20260828_ky00,102,1511064490,"[18000, -3500, 51900, 33600]",3,4,1,2,-4.0,-10.0,10.0,4.0
g20260828_ky00,103,1511064491,"[24600, 41300, 16300, 17800]",2,1,4,3,4.0,10.0,-10.0,-4.0
g20260828_ky00,104,1511064492,"[31400, 47700, 17800, 3100]",2,1,3,4,4.0,10.0,-4.0,-10.0
g20260828_ky00,105,1511064493,"[31600, 21900, 35400, 11100]",2,3,1,4,4.0,-4.0,10.0,-10.0
g20260828_ky00,106,1511064494,"[27700, 16600, 31000, 24700]",2,4,1,3,4.0,-10.0,10.0,-4.0
g20260828_ky00,107,1511064495,"[18700, 26300, 33900, 21100]",4,2,1,3,-10.0,4.0,10.0,-4.0
g20260828_ky00,108,1511064496,"[27000, 9200, 22500, 41300]",2,4,3,1,4.0,-10.0,-4.0,10.0
g20260828_ky00,109,1511064497,"[-1800, 21300, 37500, 43000]",4,3,2,1,-10.0,-4.0,4.0,10.0
g20260828_ky00,110,1511064498,"[36200, 22900, 31200, 9700]",1,3,2,4,10.0,-4.0,4.0,-10.0
g20260828_ky00,111,1511064499,"[24000, 16100, 29800, 30100]",3,4,2,1,-4.0,-10.0,4.0,10.0
g20260828_ky00,112,1511064500,"[14500, 40200, 33500, 11800]",3,1,2,4,-4.0,10.0,4.0,-10.0
g20260828_ky00,113,1511064501,"[25500, 18000, 19300, 36200]",2,4,3,1,4.0,-10.0,-4.0,10.0
g20260828_ky00,114,1511064502,"[30700, 18800, 21500, 29000]",1,4,3,2,10.0,-10.0,-4.0,4.0
g20260828_ky00,115,1511064503,"[31400, 31200, 15200, 22200]",1,2,4,3,10.0,4.0,-10.0,-4.0
g20260828_ky00,116,1511064504,"[-1000, 42000, 29200, 28800]",4,1,2,3,-10.0,10.0,4.0,-4.0
g20260828_ky00,117,1511064505,"[100, 29900, 33300, 36700]",4,3,2,1,-10.0,-4.0,4.0,10.0
g20260828_ky00,118,1511064506,"[23900, 23500, 41800, 10800]",2,3,1,4,4.0,-4.0,10.0,-10.0
g20260828_ky00,119,1511064507,"[16900, 16000, 64400, 2700]",2,3,1,4,4.0,-4.0,10.0,-10.0
g20260828_ky00,120,1511064508,"[13500, 33400, 30300, 22800]",4,1,2,3,-10.0,10.0,4.0,-4.0
g20260828_ky00,121,1511064509,"[39300, 6500, 41000, 13200]",2,4,1,3,4.0,-10.0,10.0,-4.0
g20260828_ky00,122,1511064510,"[38300, 37900, 24300, -500]",1,2,3,4,10.0,4.0,-4.0,-10.0
g20260828_ky00,123,1511064511,"[23300, 28300, 42000, 6400]",3,2,1,4,-4.0,4.0,10.0,-10.0
g20260828_ky00,124,1511064512,"[28500, 12900, 40500, 18100]",2,4,1,3,4.0,-10.0,10.0,-4.0
g20260828_ky00,125,1511064513,"[39800, 18600, 22900, 18700]",1,4,2,3,10.0,-10.0,4.0,-4.0
g20260828_ky00,126,1511064514,"[39200, 35100, 17600, 8100]",1,2,3,4,10.0,4.0,-4.0,-10.0
g20260828_ky00,127,1511064515,"[22900, 23500, 21100, 32500]",3,2,4,1,-4.0,4.0,-10.0,10.0
g20260828_ky00,128,1511064516,"[9000, 28400, 26000, 36600]",4,2,3,1,-10.0,4.0,-4.0,10.0
g20260828_ky00,129,1511064517,"[33600, 11600, 33100, 21700]",1,4,2,3,10.0,-10.0,4.0,-4.0
g20260828_ky00,130,1511064518,"[20000, 25100, 42800, 12100]",3,2,1,4,-4.0,4.0,10.0,-10.0
g20260828_ky00,131,1511064519,"[21500, 54900, 13700, 9900]",2,1,3,4,4.0,10.0,-4.0,-10.0
g20260828_ky00,132,1511064520,"[51900, 24000, 21200, 2900]",1,2,3,4,10.0,4.0,-4.0,-10.0
g20260828_ky00,133,1511064521,"[33200, 19800, 25200, 20800]",1,4,2,3,10.0,-10.0,4.0,-4.0
g20260828_ky00,134,1511064522,"[31100, 26800, 18700, 23400]",1,2,4,3,10.0,4.0,-10.0,-4.0
g20260828_ky00,135,1511064523,"[13400, 19400, 27700, 39500]",4,3,2,1,-10.0,-4.0,4.0,10.0
g20260828_ky00,136,1511064524,"[20800, 23500, 36100, 19600]",3,2,1,4,-4.0,4.0,10.0,-10.0
g20260828_ky00,137,1511064525,"[34000, 12500, 39000, 14500]",2,4,1,3,4.0,-10.0,10.0,-4.0
g20260828_ky00,138,1511064526,"[11900, 21500, 21400, 45200]",4,2,3,1,-10.0,4.0,-4.0,10.0
g20260828_ky00,139,1511064527,"[16300, 10000, 42700, 31000]",3,4,1,2,-4.0,-10.0,10.0,4.0
g20260828_ky00,140,1511064528,"[7100, 23400, 43100, 26400]",4,3,1,2,-10.0,-4.0,10.0,4.0
g20260828_ky00,141,1511064529,"[34100, 28500, 30400, 7000]",1,3,2,4,10.0,-4.0,4.0,-10.0
g20260828_ky00,142,1511064530,"[30800, 18000, 29500, 21700]",1,4,2,3,10.0,-10.0,4.0,-4.0
g20260828_ky00,143,1511064531,"[30600, 26100, 32000, 11300]",2,3,1,4,4.0,-4.0,10.0,-10.0
g20260828_ky00,144,1511064532,"[48200, 17000, 25700, 9100]",1,3,2,4,10.0,-4.0,4.0,-10.0
g20260828_ky00,145,1511064533,"[35600, 15900, 31100, 17400]",1,4,2,3,10.0,-10.0,4.0,-4.0
g20260828_ky00,146,1511064534,"[40600, 28600, 32300, -1500]",1,3,2,4,10.0,-4.0,4.0,-10.0
g20260828_ky00,147,1511064535,"[17500, 26600, 25600, 30300]",4,2,3,1,-10.0,4.0,-4.0,10.0
g20260828_ky00,148,1511064536,"[34100, 18200, 38800, 8900]",2,3,1,4,4.0,-4.0,10.0,-10.0
g20260828_ky00,149,1511064537,"[20000, 36700, 26800, 16500]",3,1,2,4,-4.0,10.0,4.0,-10.0
g20260828_ky00,150,1511064538,"[30000, 11500, 28100, 30400]",2,4,3,1,4.0,-10.0,-4.0,10.0
g20260828_ky00,151,1511064539,"[29400, 31100, 18400, 21100]",2,1,4,3,4.0,10.0,-10.0,-4.0
g20260828_ky00,152,1511064540,"[33000, 32700, 16200, 18100]",1,2,4,3,10.0,4.0,-10.0,-4.0
g20260828_ky00,153,1511064541,"[25600, 32900, 20900, 20600]",2,1,3,4,4.0,10.0,-4.0,-10.0
g20260828_ky00,154,1511064542,"[19900, 18400, 25300, 35400]",3,4,2,1,-4.0,-10.0,4.0,10.0
g20260828_ky00,155,1511064543,"[28800, 3900, 41500, 25800]",2,4,1,3,4.0,-10.0,10.0,-4.0
g20260828_ky00,156,1511064544,"[21300, 22300, 30700, 25700]",4,3,1,2,-10.0,-4.0,10.0,4.0
g20260828_ky00,157,1511064545,"[33600, 15600, 23600, 27200]",1,4,3,2,10.0,-10.0,-4.0,4.0
g20260828_ky00,158,1511064546,"[41000, 22500, 20300, 16200]",1,2,3,4,10.0,4.0,-4.0,-10.0
g20260828_ky00,159,1511064547,"[34100, 53800, 20300, -8200]",2,1,3,4,4.0,10.0,-4.0,-10.0
g20260828_ky00,160,1511064548,"[34400, 22400, 44400, -1200]",2,3,1,4,4.0,-4.0,10.0,-10.0
g20260828_ky00,161,1511064549,"[26100, 16100, 13900, 43900]",2,3,4,1,4.0,-4.0,-10.0,10.0
g20260828_ky00,162,1511064550,"[32900, 12100, 22400, 32600]",1,4,3,2,10.0,-10.0,-4.0,4.0
g20260828_ky00,163,1511064551,"[14500, 16200, 51900, 17400]",4,3,1,2,-10.0,-4.0,10.0,4.0
g20260828_ky00,164,1511064552,"[41300, 19400, 21800, 17500]",1,3,2,4,10.0,-4.0,4.0,-10.0
g20260828_ky00,165,1511064553,"[24200, 18200, 40400, 17200]",2,3,1,4,4.0,-4.0,10.0,-10.0
g20260828_ky00,166,1511064554,"[9000, 23500, 25300, 42200]",4,3,2,1,-10.0,-4.0,4.0,10.0
g20260828_ky00,167,1511064555,"[22900, 16800, 44600, 15700]",2,3,1,4,4.0,-4.0,10.0,-10.0
g20260828_ky00,168,1511064556,"[37500, 31900, 7200, 23400]",1,2,4,3,10.0,4.0,-10.0,-4.0
g20260828_ky00,169,1511064557,"[23900, 14300, 40200, 21600]",2,4,1,3,4.0,-10.0,10.0,-4.0
g20260828_ky00,170,1511064558,"[35300, 16700, 16900, 31100]",1,4,3,2,10.0,-10.0,-4.0,4.0
g20260828_ky00,171,1511064559,"[15700, 15600, 52700, 16000]",3,4,1,2,-4.0,-10.0,10.0,4.0
g20260828_ky00,172,1511064560,"[17100, 52400, 15600, 14900]",2,1,3,4,4.0,10.0,-4.0,-10.0
g20260828_ky00,173,1511064561,"[57600, -2400, 20400, 24400]",1,4,3,2,10.0,-10.0,-4.0,4.0
g20260828_ky00,174,1511064562,"[26700, 32500, 26600, 14200]",2,1,3,4,4.0,10.0,-4.0,-10.0
g20260828_ky00,175,1511064563,"[45700, -2600, 39500, 17400]",1,4,2,3,10.0,-10.0,4.0,-4.0
g20260828_ky00,176,1511064564,"[20100, 29700, 34900, 15300]",3,2,1,4,-4.0,4.0,10.0,-10.0
g20260828_ky00,177,1511064565,"[34000, 28400, 29600, 8000]",1,3,2,4,10.0,-4.0,4.0,-10.0
g20260828_ky00,178,1511064566,"[21500, 22000, 35500, 21000]",3,2,1,4,-4.0,4.0,10.0,-10.0
g20260828_ky00,179,1511064567,"[34400, 13200, 22300, 30100]",1,4,3,2,10.0,-10.0,-4.0,4.0
g20260828_ky00,180,1511064568,"[13100, 16100, 29700, 41100]",4,3,2,1,-10.0,-4.0,4.0,10.0
g20260828_ky00,181,1511064569,"[15700, 47400, 16400, 20500]",4,1,3,2,-10.0,10.0,-4.0,4.0
g20260828_ky00,182,1511064570,"[27400, 14700, 30800, 27100]",2,4,1,3,4.0,-10.0,10.0,-4.0
g20260828_ky00,183,1511064571,"[34700, 23700, 25700, 15900]",1,3,2,4,10.0,-4.0,4.0,-10.0
g20260828_ky00,184,1511064572,"[34800, 25500, 20500, 19200]",1,2,3,4,10.0,4.0,-4.0,-10.0
g20260828_ky00,185,1511064573,"[36000, 23200, 18100, 21700]",1,2,4,3,10.0,4.0,-10.0,-4.0
g20260828_ky00,186,1511064574,"[16700, 37000, 15800, 30500]",3,1,4,2,-4.0,10.0,-10.0,4.0
g20260828_ky00,187,1511064575,"[25400, 26400, 34200, 14000]",3,2,1,4,-4.0,4.0,10.0,-10.0
g20260828_ky00,188,1511064576,"[24300, 16600, 43700, 15400]",2,3,1,4,4.0,-4.0,10.0,-10.0
g20260828_ky00,189,1511064577,"[19100, 17800, 32500, 30600]",3,4,1,2,-4.0,-10.0,10.0,4.0
g20260828_ky00,190,1511064578,"[42000, 18700, 21300, 18000]",1,3,2,4,10.0,-4.0,4.0,-10.0
g20260828_ky00,191,1511064579,"[41100, -1100, 33300, 26700]",1,4,2,3,10.0,-10.0,4.0,-4.0
g20260832_ky07,0,1511064405,"[12500, 39600, 27700, 20200]",4,1,2,3,-10.0,10.0,4.0,-4.0
g20260832_ky07,1,1511064406,"[24500, 20200, 34100, 21200]",2,4,1,3,4.0,-10.0,10.0,-4.0
g20260832_ky07,2,1511064407,"[20600, 26600, 31600, 21200]",4,2,1,3,-10.0,4.0,10.0,-4.0
g20260832_ky07,3,1511064408,"[31200, 16600, 27700, 24500]",1,4,2,3,10.0,-10.0,4.0,-4.0
g20260832_ky07,4,1511064409,"[20400, 31100, 33000, 15500]",3,2,1,4,-4.0,4.0,10.0,-10.0
g20260832_ky07,5,1511064410,"[33300, 24000, 24100, 18600]",1,3,2,4,10.0,-4.0,4.0,-10.0
g20260832_ky07,6,1511064411,"[19900, 39200, 15100, 25800]",3,1,4,2,-4.0,10.0,-10.0,4.0
g20260832_ky07,7,1511064412,"[30300, 20800, 27700, 21200]",1,4,2,3,10.0,-10.0,4.0,-4.0
g20260832_ky07,8,1511064413,"[36200, 22700, 23800, 17300]",1,3,2,4,10.0,-4.0,4.0,-10.0
g20260832_ky07,9,1511064414,"[27500, 28100, 21300, 23100]",2,1,4,3,4.0,10.0,-10.0,-4.0
g20260832_ky07,10,1511064415,"[22500, 30600, 26700, 20200]",3,1,2,4,-4.0,10.0,4.0,-10.0
g20260832_ky07,11,1511064416,"[20600, 24600, 35600, 19200]",3,2,1,4,-4.0,4.0,10.0,-10.0
g20260832_ky07,12,1511064417,"[24500, 27600, 31300, 16600]",3,2,1,4,-4.0,4.0,10.0,-10.0
g20260832_ky07,13,1511064418,"[24500, 34300, 20000, 21200]",2,1,4,3,4.0,10.0,-10.0,-4.0
g20260832_ky07,14,1511064419,"[23000, 19400, 26200, 30400]",3,4,2,1,-4.0,-10.0,4.0,10.0
g20260832_ky07,15,1511064420,"[21400, 25500, 33000, 20100]",3,2,1,4,-4.0,4.0,10.0,-10.0
g20260832_ky07,16,1511064421,"[16600, 24600, 25800, 33000]",4,3,2,1,-10.0,-4.0,4.0,10.0
g20260832_ky07,17,1511064422,"[20500, 39600, 22700, 17200]",3,1,2,4,-4.0,10.0,4.0,-10.0
g20260832_ky07,18,1511064423,"[23800, 25700, 26200, 24300]",4,2,1,3,-10.0,4.0,10.0,-4.0
g20260832_ky07,19,1511064424,"[30300, 20800, 27700, 21200]",1,4,2,3,10.0,-10.0,4.0,-4.0
g20260832_ky07,20,1511064425,"[26100, 24200, 28600, 21100]",2,3,1,4,4.0,-4.0,10.0,-10.0
g20260832_ky07,21,1511064426,"[24500, 18600, 25700, 31200]",3,4,2,1,-4.0,-10.0,4.0,10.0
g20260832_ky07,22,1511064427,"[25300, 29300, 25800, 19600]",3,1,2,4,-4.0,10.0,4.0,-10.0
g20260832_ky07,23,1511064428,"[36100, 26600, 27700, 9600]",1,3,2,4,10.0,-4.0,4.0,-10.0
g20260832_ky07,24,1511064429,"[14700, 27600, 31600, 26100]",4,2,1,3,-10.0,4.0,10.0,-4.0
g20260832_ky07,25,1511064430,"[20500, 34600, 25700, 19200]",3,1,2,4,-4.0,10.0,4.0,-10.0
g20260832_ky07,26,1511064431,"[30500, 24600, 25700, 19200]",1,3,2,4,10.0,-4.0,4.0,-10.0
g20260832_ky07,27,1511064432,"[16500, 26600, 26700, 30200]",4,3,2,1,-10.0,-4.0,4.0,10.0
g20260832_ky07,28,1511064433,"[24500, 24000, 30300, 21200]",2,3,1,4,4.0,-4.0,10.0,-10.0
g20260832_ky07,29,1511064434,"[26500, 14600, 30000, 28900]",3,4,1,2,-4.0,-10.0,10.0,4.0
g20260832_ky07,30,1511064435,"[25000, 25100, 32500, 17400]",3,2,1,4,-4.0,4.0,10.0,-10.0
g20260832_ky07,31,1511064436,"[24500, 33600, 16700, 25200]",3,1,4,2,-4.0,10.0,-10.0,4.0
g20260832_ky07,32,1511064437,"[22500, 41600, 27700, 8200]",3,1,2,4,-4.0,10.0,4.0,-10.0
g20260832_ky07,33,1511064438,"[30500, 24600, 25700, 19200]",1,3,2,4,10.0,-4.0,4.0,-10.0
g20260832_ky07,34,1511064439,"[17500, 26100, 26200, 30200]",4,3,2,1,-10.0,-4.0,4.0,10.0
g20260832_ky07,35,1511064440,"[34500, 17600, 26700, 21200]",1,4,2,3,10.0,-10.0,4.0,-4.0
g20260832_ky07,36,1511064441,"[21500, 26600, 30700, 21200]",3,2,1,4,-4.0,4.0,10.0,-10.0
g20260832_ky07,37,1511064442,"[17400, 25600, 26600, 30400]",4,3,2,1,-10.0,-4.0,4.0,10.0
g20260832_ky07,38,1511064443,"[32300, 24000, 25100, 18600]",1,3,2,4,10.0,-4.0,4.0,-10.0
g20260832_ky07,39,1511064444,"[25300, 30900, 23700, 20100]",2,1,3,4,4.0,10.0,-4.0,-10.0
g20260832_ky07,40,1511064445,"[19800, 23300, 34200, 22700]",4,2,1,3,-10.0,4.0,10.0,-4.0
g20260832_ky07,41,1511064446,"[23200, 35100, 21200, 20500]",2,1,3,4,4.0,10.0,-4.0,-10.0
g20260832_ky07,42,1511064447,"[21900, 26600, 30300, 21200]",3,2,1,4,-4.0,4.0,10.0,-10.0
g20260832_ky07,43,1511064448,"[17500, 30800, 24600, 27100]",4,1,3,2,-10.0,10.0,-4.0,4.0
g20260832_ky07,44,1511064449,"[17800, 28500, 23900, 29800]",4,2,3,1,-10.0,4.0,-4.0,10.0
g20260832_ky07,45,1511064450,"[25000, 16900, 32100, 26000]",3,4,1,2,-4.0,-10.0,10.0,4.0
g20260832_ky07,46,1511064451,"[22200, 30100, 28800, 18900]",3,1,2,4,-4.0,10.0,4.0,-10.0
g20260832_ky07,47,1511064452,"[30500, 24600, 25700, 19200]",1,3,2,4,10.0,-4.0,4.0,-10.0
g20260832_ky07,48,1511064453,"[18000, 28200, 22200, 31600]",4,2,3,1,-10.0,4.0,-4.0,10.0
g20260832_ky07,49,1511064454,"[27500, 23800, 23300, 24400]",1,3,4,2,10.0,-4.0,-10.0,4.0
g20260832_ky07,50,1511064455,"[24500, 21400, 32900, 21200]",2,3,1,4,4.0,-4.0,10.0,-10.0
g20260832_ky07,51,1511064456,"[31900, 16300, 27200, 24600]",1,4,2,3,10.0,-10.0,4.0,-4.0
g20260832_ky07,52,1511064457,"[20800, 22900, 25100, 31200]",4,3,2,1,-10.0,-4.0,4.0,10.0
g20260832_ky07,53,1511064458,"[16500, 42600, 23700, 17200]",4,1,2,3,-10.0,10.0,4.0,-4.0
g20260832_ky07,54,1511064459,"[20600, 34500, 25700, 19200]",3,1,2,4,-4.0,10.0,4.0,-10.0
g20260832_ky07,55,1511064460,"[24500, 31800, 35700, 8000]",3,2,1,4,-4.0,4.0,10.0,-10.0
g20260832_ky07,56,1511064461,"[24500, 11200, 28900, 35400]",3,4,2,1,-4.0,-10.0,4.0,10.0
g20260832_ky07,57,1511064462,"[36500, 21000, 25000, 17500]",1,3,2,4,10.0,-4.0,4.0,-10.0
g20260832_ky07,58,1511064463,"[43500, 20600, 21700, 14200]",1,3,2,4,10.0,-4.0,4.0,-10.0
g20260832_ky07,59,1511064464,"[20500, 22600, 24200, 32700]",4,3,2,1,-10.0,-4.0,4.0,10.0
g20260832_ky07,60,1511064465,"[18500, 23600, 39700, 18200]",3,2,1,4,-4.0,4.0,10.0,-10.0
g20260832_ky07,61,1511064466,"[25000, 26100, 22000, 26900]",3,2,4,1,-4.0,4.0,-10.0,10.0
g20260832_ky07,62,1511064467,"[42500, 20600, 21700, 15200]",1,3,2,4,10.0,-4.0,4.0,-10.0
g20260832_ky07,63,1511064468,"[24200, 23000, 25200, 26600]",3,4,2,1,-4.0,-10.0,4.0,10.0
g20260832_ky07,64,1511064469,"[20600, 30500, 27700, 21200]",4,1,2,3,-10.0,10.0,4.0,-4.0
g20260832_ky07,65,1511064470,"[20600, 26600, 31600, 21200]",4,2,1,3,-10.0,4.0,10.0,-4.0
g20260832_ky07,66,1511064471,"[15600, 23600, 25700, 35100]",4,3,2,1,-10.0,-4.0,4.0,10.0
g20260832_ky07,67,1511064472,"[38500, 25600, 14700, 21200]",1,2,4,3,10.0,4.0,-10.0,-4.0
g20260832_ky07,68,1511064473,"[18600, 26600, 31600, 23200]",4,2,1,3,-10.0,4.0,10.0,-4.0
g20260832_ky07,69,1511064474,"[20900, 26500, 22100, 30500]",4,2,3,1,-10.0,4.0,-4.0,10.0
g20260832_ky07,70,1511064475,"[24800, 28600, 29700, 16900]",3,2,1,4,-4.0,4.0,10.0,-10.0
g20260832_ky07,71,1511064476,"[33300, 21200, 26100, 19400]",1,3,2,4,10.0,-4.0,4.0,-10.0
g20260832_ky07,72,1511064477,"[22700, 31400, 24200, 21700]",3,1,2,4,-4.0,10.0,4.0,-10.0
g20260832_ky07,73,1511064478,"[30300, 26600, 27700, 15400]",1,3,2,4,10.0,-4.0,4.0,-10.0
g20260832_ky07,74,1511064479,"[24500, 18600, 35700, 21200]",2,4,1,3,4.0,-10.0,10.0,-4.0
g20260832_ky07,75,1511064480,"[21300, 25600, 30900, 22200]",4,2,1,3,-10.0,4.0,10.0,-4.0
g20260832_ky07,76,1511064481,"[39800, 13200, 29100, 17900]",1,4,2,3,10.0,-10.0,4.0,-4.0
g20260832_ky07,77,1511064482,"[30400, 22200, 25300, 22100]",1,3,2,4,10.0,-4.0,4.0,-10.0
g20260832_ky07,78,1511064483,"[30100, 25100, 21900, 22900]",1,2,4,3,10.0,4.0,-10.0,-4.0
g20260832_ky07,79,1511064484,"[27400, 22400, 31900, 18300]",2,3,1,4,4.0,-4.0,10.0,-10.0
g20260832_ky07,80,1511064485,"[24500, 26600, 31600, 17300]",3,2,1,4,-4.0,4.0,10.0,-10.0
g20260832_ky07,81,1511064486,"[19800, 21400, 32300, 26500]",4,3,1,2,-10.0,-4.0,10.0,4.0
g20260832_ky07,82,1511064487,"[19600, 31600, 26700, 22100]",4,1,2,3,-10.0,10.0,4.0,-4.0
g20260832_ky07,83,1511064488,"[20600, 24600, 35600, 19200]",3,2,1,4,-4.0,4.0,10.0,-10.0
g20260832_ky07,84,1511064489,"[19600, 24600, 25700, 30100]",4,3,2,1,-10.0,-4.0,4.0,10.0
g20260832_ky07,85,1511064490,"[28400, 13300, 23800, 34500]",2,4,3,1,4.0,-10.0,-4.0,10.0
g20260832_ky07,86,1511064491,"[21300, 31900, 24800, 22000]",4,1,2,3,-10.0,10.0,4.0,-4.0
g20260832_ky07,87,1511064492,"[19600, 31500, 27700, 21200]",4,1,2,3,-10.0,10.0,4.0,-4.0
g20260832_ky07,88,1511064493,"[21500, 25600, 20500, 32400]",3,2,4,1,-4.0,4.0,-10.0,10.0
g20260832_ky07,89,1511064494,"[21200, 33900, 26400, 18500]",3,1,2,4,-4.0,10.0,4.0,-10.0
g20260832_ky07,90,1511064495,"[24500, 31800, 27700, 16000]",3,1,2,4,-4.0,10.0,4.0,-10.0
g20260832_ky07,91,1511064496,"[23500, 27600, 18700, 30200]",3,2,4,1,-4.0,4.0,-10.0,10.0
g20260832_ky07,92,1511064497,"[36200, 22700, 23800, 17300]",1,3,2,4,10.0,-4.0,4.0,-10.0
g20260832_ky07,93,1511064498,"[24400, 26500, 31000, 18100]",3,2,1,4,-4.0,4.0,10.0,-10.0
g20260832_ky07,94,1511064499,"[23500, 25300, 30000, 21200]",3,2,1,4,-4.0,4.0,10.0,-10.0
g20260832_ky07,95,1511064500,"[19600, 35300, 27700, 17400]",3,1,2,4,-4.0,10.0,4.0,-10.0
g20260832_ky07,96,1511064501,"[27700, 22500, 25800, 24000]",1,4,2,3,10.0,-10.0,4.0,-4.0
g20260832_ky07,97,1511064502,"[32500, 10400, 28700, 28400]",1,4,2,3,10.0,-10.0,4.0,-4.0
g20260832_ky07,98,1511064503,"[18900, 24000, 27100, 30000]",4,3,2,1,-10.0,-4.0,4.0,10.0
g20260832_ky07,99,1511064504,"[23700, 26600, 21300, 28400]",3,2,4,1,-4.0,4.0,-10.0,10.0
g20260832_ky07,100,1511064505,"[23500, 26600, 30000, 19900]",3,2,1,4,-4.0,4.0,10.0,-10.0
g20260832_ky07,101,1511064506,"[22900, 27300, 33900, 15900]",3,2,1,4,-4.0,4.0,10.0,-10.0
g20260832_ky07,102,1511064507,"[27000, 22400, 31900, 18700]",2,3,1,4,4.0,-4.0,10.0,-10.0
g20260832_ky07,103,1511064508,"[36100, 15000, 27700, 21200]",1,4,2,3,10.0,-10.0,4.0,-4.0
g20260832_ky07,104,1511064509,"[20500, 34600, 25700, 19200]",3,1,2,4,-4.0,10.0,4.0,-10.0
g20260832_ky07,105,1511064510,"[28700, 25300, 31600, 14400]",2,3,1,4,4.0,-4.0,10.0,-10.0
g20260832_ky07,106,1511064511,"[36200, 22700, 23800, 17300]",1,3,2,4,10.0,-4.0,4.0,-10.0
g20260832_ky07,107,1511064512,"[24500, 26600, 36400, 12500]",3,2,1,4,-4.0,4.0,10.0,-10.0
g20260832_ky07,108,1511064513,"[38300, 21000, 25100, 15600]",1,3,2,4,10.0,-4.0,4.0,-10.0
g20260832_ky07,109,1511064514,"[36200, 22700, 23800, 17300]",1,3,2,4,10.0,-4.0,4.0,-10.0
g20260832_ky07,110,1511064515,"[23500, 38100, 29700, 8700]",3,1,2,4,-4.0,10.0,4.0,-10.0
g20260832_ky07,111,1511064516,"[22600, 33300, 23400, 20700]",3,1,2,4,-4.0,10.0,4.0,-10.0
g20260832_ky07,112,1511064517,"[22500, 24100, 31500, 21900]",3,2,1,4,-4.0,4.0,10.0,-10.0
g20260832_ky07,113,1511064518,"[31000, 21000, 28300, 19700]",1,3,2,4,10.0,-4.0,4.0,-10.0
g20260832_ky07,114,1511064519,"[41400, 21700, 23800, 13100]",1,3,2,4,10.0,-4.0,4.0,-10.0
g20260832_ky07,115,1511064520,"[24500, 31800, 22500, 21200]",2,1,3,4,4.0,10.0,-4.0,-10.0
g20260832_ky07,116,1511064521,"[17500, 47600, 21700, 13200]",3,1,2,4,-4.0,10.0,4.0,-10.0
g20260832_ky07,117,1511064522,"[20900, 26600, 23100, 28400]",4,2,3,1,-10.0,4.0,-4.0,10.0
g20260832_ky07,118,1511064523,"[42500, 20600, 21700, 15200]",1,3,2,4,10.0,-4.0,4.0,-10.0
g20260832_ky07,119,1511064524,"[23200, 25600, 30000, 21200]",3,2,1,4,-4.0,4.0,10.0,-10.0
g20260832_ky07,120,1511064525,"[20500, 34600, 25700, 19200]",3,1,2,4,-4.0,10.0,4.0,-10.0
g20260832_ky07,121,1511064526,"[22500, 24600, 33700, 19200]",3,2,1,4,-4.0,4.0,10.0,-10.0
g20260832_ky07,122,1511064527,"[22500, 19700, 24700, 33100]",3,4,2,1,-4.0,-10.0,4.0,10.0
g20260832_ky07,123,1511064528,"[12500, 38600, 27700, 21200]",4,1,2,3,-10.0,10.0,4.0,-4.0
g20260832_ky07,124,1511064529,"[23500, 25000, 30300, 21200]",3,2,1,4,-4.0,4.0,10.0,-10.0
g20260832_ky07,125,1511064530,"[28400, 30700, 27700, 13200]",2,1,3,4,4.0,10.0,-4.0,-10.0
g20260832_ky07,126,1511064531,"[26900, 36500, 21200, 15400]",2,1,3,4,4.0,10.0,-4.0,-10.0
g20260832_ky07,127,1511064532,"[24500, 30500, 23800, 21200]",2,1,3,4,4.0,10.0,-4.0,-10.0
g20260832_ky07,128,1511064533,"[17600, 20600, 24700, 37100]",4,3,2,1,-10.0,-4.0,4.0,10.0
g20260832_ky07,129,1511064534,"[23000, 40400, 16900, 19700]",2,1,4,3,4.0,10.0,-10.0,-4.0
g20260832_ky07,130,1511064535,"[24000, 30100, 25700, 19200]",3,1,2,4,-4.0,10.0,4.0,-10.0
g20260832_ky07,131,1511064536,"[32700, 26200, 17700, 23400]",1,2,4,3,10.0,4.0,-10.0,-4.0
g20260832_ky07,132,1511064537,"[24800, 25500, 32000, 17700]",3,2,1,4,-4.0,4.0,10.0,-10.0
g20260832_ky07,133,1511064538,"[17600, 26100, 27800, 28500]",4,3,2,1,-10.0,-4.0,4.0,10.0
g20260832_ky07,134,1511064539,"[30100, 25800, 22100, 22000]",1,2,3,4,10.0,4.0,-4.0,-10.0
g20260832_ky07,135,1511064540,"[16900, 24800, 34500, 23800]",4,2,1,3,-10.0,4.0,10.0,-4.0
g20260832_ky07,136,1511064541,"[27500, 21000, 18900, 32600]",2,3,4,1,4.0,-4.0,-10.0,10.0
g20260832_ky07,137,1511064542,"[14000, 26600, 28800, 30600]",4,3,2,1,-10.0,-4.0,4.0,10.0
g20260832_ky07,138,1511064543,"[22500, 30600, 26700, 20200]",3,1,2,4,-4.0,10.0,4.0,-10.0
g20260832_ky07,139,1511064544,"[31300, 24500, 25000, 19200]",1,3,2,4,10.0,-4.0,4.0,-10.0
g20260832_ky07,140,1511064545,"[11600, 24600, 25700, 38100]",4,3,2,1,-10.0,-4.0,4.0,10.0
g20260832_ky07,141,1511064546,"[25000, 24000, 35600, 15400]",2,3,1,4,4.0,-4.0,10.0,-10.0
g20260832_ky07,142,1511064547,"[21500, 22200, 35100, 21200]",3,2,1,4,-4.0,4.0,10.0,-10.0
g20260832_ky07,143,1511064548,"[20600, 34500, 25700, 19200]",3,1,2,4,-4.0,10.0,4.0,-10.0
g20260832_ky07,144,1511064549,"[30500, 24600, 25700, 19200]",1,3,2,4,10.0,-4.0,4.0,-10.0
g20260832_ky07,145,1511064550,"[24500, 30500, 23800, 21200]",2,1,3,4,4.0,10.0,-4.0,-10.0
g20260832_ky07,146,1511064551,"[23500, 25600, 30700, 20200]",3,2,1,4,-4.0,4.0,10.0,-10.0
g20260832_ky07,147,1511064552,"[33300, 24000, 25100, 17600]",1,3,2,4,10.0,-4.0,4.0,-10.0
g20260832_ky07,148,1511064553,"[17500, 23600, 40700, 18200]",4,2,1,3,-10.0,4.0,10.0,-4.0
g20260832_ky07,149,1511064554,"[20900, 38400, 24100, 16600]",3,1,2,4,-4.0,10.0,4.0,-10.0
g20260832_ky07,150,1511064555,"[18500, 38600, 24700, 18200]",3,1,2,4,-4.0,10.0,4.0,-10.0
g20260832_ky07,151,1511064556,"[28500, 22600, 37500, 11400]",2,3,1,4,4.0,-4.0,10.0,-10.0
g20260832_ky07,152,1511064557,"[24500, 26600, 15700, 33200]",3,2,4,1,-4.0,4.0,-10.0,10.0
g20260832_ky07,153,1511064558,"[32400, 24700, 23700, 19200]",1,2,3,4,10.0,4.0,-4.0,-10.0
g20260832_ky07,154,1511064559,"[24500, 29200, 36400, 9900]",3,2,1,4,-4.0,4.0,10.0,-10.0
g20260832_ky07,155,1511064560,"[36500, 26600, 27700, 9200]",1,3,2,4,10.0,-4.0,4.0,-10.0
g20260832_ky07,156,1511064561,"[35500, 16900, 26700, 20900]",1,4,2,3,10.0,-10.0,4.0,-4.0
g20260832_ky07,157,1511064562,"[24500, 30500, 27700, 17300]",3,1,2,4,-4.0,10.0,4.0,-10.0
g20260832_ky07,158,1511064563,"[30500, 24600, 25700, 19200]",1,3,2,4,10.0,-4.0,4.0,-10.0
g20260832_ky07,159,1511064564,"[31700, 27700, 27400, 13200]",1,2,3,4,10.0,4.0,-4.0,-10.0
g20260832_ky07,160,1511064565,"[24500, 22700, 31600, 21200]",2,3,1,4,4.0,-4.0,10.0,-10.0
g20260832_ky07,161,1511064566,"[31700, 24200, 25300, 18800]",1,3,2,4,10.0,-4.0,4.0,-10.0
g20260832_ky07,162,1511064567,"[19900, 20400, 34300, 25400]",4,3,1,2,-10.0,-4.0,10.0,4.0
g20260832_ky07,163,1511064568,"[6600, 25300, 39000, 29100]",4,3,1,2,-10.0,-4.0,10.0,4.0
g20260832_ky07,164,1511064569,"[37200, 22700, 23800, 16300]",1,3,2,4,10.0,-4.0,4.0,-10.0
g20260832_ky07,165,1511064570,"[18500, 38600, 24700, 18200]",3,1,2,4,-4.0,10.0,4.0,-10.0
g20260832_ky07,166,1511064571,"[24500, 33500, 21100, 20900]",2,1,3,4,4.0,10.0,-4.0,-10.0
g20260832_ky07,167,1511064572,"[17500, 44100, 21200, 17200]",3,1,2,4,-4.0,10.0,4.0,-10.0
g20260832_ky07,168,1511064573,"[24500, 26600, 30700, 18200]",3,2,1,4,-4.0,4.0,10.0,-10.0
g20260832_ky07,169,1511064574,"[36100, 26600, 16100, 21200]",1,2,4,3,10.0,4.0,-10.0,-4.0
g20260832_ky07,170,1511064575,"[24500, 30500, 27700, 17300]",3,1,2,4,-4.0,10.0,4.0,-10.0
g20260832_ky07,171,1511064576,"[18700, 20400, 24500, 36400]",4,3,2,1,-10.0,-4.0,4.0,10.0
g20260832_ky07,172,1511064577,"[18100, 18800, 35600, 27500]",4,3,1,2,-10.0,-4.0,10.0,4.0
g20260832_ky07,173,1511064578,"[14500, 22700, 25700, 37100]",4,3,2,1,-10.0,-4.0,4.0,10.0
g20260832_ky07,174,1511064579,"[25500, 33100, 25700, 15700]",3,1,2,4,-4.0,10.0,4.0,-10.0
g20260832_ky07,175,1511064580,"[21900, 25300, 33900, 18900]",3,2,1,4,-4.0,4.0,10.0,-10.0
g20260832_ky07,176,1511064581,"[24500, 26600, 39700, 9200]",3,2,1,4,-4.0,4.0,10.0,-10.0
g20260832_ky07,177,1511064582,"[21200, 30300, 26400, 22100]",4,1,2,3,-10.0,10.0,4.0,-4.0
g20260832_ky07,178,1511064583,"[22900, 30400, 28100, 18600]",3,1,2,4,-4.0,10.0,4.0,-10.0
g20260832_ky07,179,1511064584,"[13900, 24300, 34400, 27400]",4,3,1,2,-10.0,-4.0,10.0,4.0
g20260832_ky07,180,1511064585,"[21900, 34400, 19900, 23800]",3,1,4,2,-4.0,10.0,-10.0,4.0
g20260832_ky07,181,1511064586,"[43500, 19600, 21700, 15200]",1,3,2,4,10.0,-4.0,4.0,-10.0
g20260832_ky07,182,1511064587,"[18600, 28600, 31600, 21200]",4,2,1,3,-10.0,4.0,10.0,-4.0
g20260832_ky07,183,1511064588,"[21500, 21700, 26700, 30100]",4,3,2,1,-10.0,-4.0,4.0,10.0
g20260832_ky07,184,1511064589,"[28100, 15800, 24500, 31600]",2,4,3,1,4.0,-10.0,-4.0,10.0
g20260832_ky07,185,1511064590,"[21800, 24300, 30400, 23500]",4,2,1,3,-10.0,4.0,10.0,-4.0
g20260832_ky07,186,1511064591,"[24500, 41200, 26700, 7600]",3,1,2,4,-4.0,10.0,4.0,-10.0
g20260832_ky07,187,1511064592,"[36500, 22900, 24700, 15900]",1,3,2,4,10.0,-4.0,4.0,-10.0
g20260832_ky07,188,1511064593,"[34500, 26600, 17700, 21200]",1,2,4,3,10.0,4.0,-10.0,-4.0
g20260832_ky07,189,1511064594,"[23500, 26100, 30700, 19700]",3,2,1,4,-4.0,4.0,10.0,-10.0
g20260832_ky07,190,1511064595,"[22000, 30100, 27700, 19200]",3,1,2,4,-4.0,10.0,4.0,-10.0
g20260832_ky07,191,1511064596,"[20600, 30500, 27700, 21200]",4,1,2,3,-10.0,10.0,4.0,-4.0
g20260832_ky09,0,1511064422,"[15700, 28300, 25700, 30300]",4,2,3,1,-10.0,4.0,-4.0,10.0
g20260832_ky09,1,1511064423,"[31400, 20600, 27200, 20800]",1,4,2,3,10.0,-10.0,4.0,-4.0
g20260832_ky09,2,1511064424,"[23700, 28300, 34900, 13100]",3,2,1,4,-4.0,4.0,10.0,-10.0
g20260832_ky09,3,1511064425,"[25400, 27400, 26700, 20500]",3,1,2,4,-4.0,10.0,4.0,-10.0
g20260832_ky09,4,1511064426,"[23000, 31000, 23900, 22100]",3,1,2,4,-4.0,10.0,4.0,-10.0
g20260832_ky09,5,1511064427,"[32600, 26300, 22300, 18800]",1,2,3,4,10.0,4.0,-4.0,-10.0
g20260832_ky09,6,1511064428,"[23400, 27400, 26900, 22300]",3,1,2,4,-4.0,10.0,4.0,-10.0
g20260832_ky09,7,1511064429,"[25700, 28000, 26500, 19800]",3,1,2,4,-4.0,10.0,4.0,-10.0
g20260832_ky09,8,1511064430,"[22200, 26800, 29000, 22000]",3,2,1,4,-4.0,4.0,10.0,-10.0
g20260832_ky09,9,1511064431,"[19100, 25700, 36900, 18300]",3,2,1,4,-4.0,4.0,10.0,-10.0
g20260832_ky09,10,1511064432,"[19800, 32200, 27200, 20800]",4,1,2,3,-10.0,10.0,4.0,-4.0
g20260832_ky09,11,1511064433,"[10700, 28300, 27200, 33800]",4,2,3,1,-10.0,4.0,-4.0,10.0
g20260832_ky09,12,1511064434,"[23700, 28300, 30100, 17900]",3,2,1,4,-4.0,4.0,10.0,-10.0
g20260832_ky09,13,1511064435,"[27700, 28300, 26200, 17800]",2,1,3,4,4.0,10.0,-4.0,-10.0
g20260832_ky09,14,1511064436,"[27900, 23200, 22100, 26800]",1,3,4,2,10.0,-4.0,-10.0,4.0
g20260832_ky09,15,1511064437,"[21100, 30900, 24600, 23400]",4,1,2,3,-10.0,10.0,4.0,-4.0
g20260832_ky09,16,1511064438,"[10700, 28300, 40200, 20800]",4,2,1,3,-10.0,4.0,10.0,-4.0
g20260832_ky09,17,1511064439,"[21600, 26200, 32500, 19700]",3,2,1,4,-4.0,4.0,10.0,-10.0
g20260832_ky09,18,1511064440,"[24200, 23600, 32900, 19300]",2,3,1,4,4.0,-4.0,10.0,-10.0
g20260832_ky09,19,1511064441,"[23700, 28300, 51200, -3200]",3,2,1,4,-4.0,4.0,10.0,-10.0
g20260832_ky09,20,1511064442,"[31700, 16400, 27200, 24700]",1,4,2,3,10.0,-10.0,4.0,-4.0
g20260832_ky09,21,1511064443,"[27000, 28700, 25600, 18700]",2,1,3,4,4.0,10.0,-4.0,-10.0
g20260832_ky09,22,1511064444,"[22700, 31900, 24600, 20800]",3,1,2,4,-4.0,10.0,4.0,-10.0
g20260832_ky09,23,1511064445,"[32700, 22400, 25200, 19700]",1,3,2,4,10.0,-4.0,4.0,-10.0
g20260832_ky09,24,1511064446,"[15900, 26300, 23200, 34600]",4,2,3,1,-10.0,4.0,-4.0,10.0
g20260832_ky09,25,1511064447,"[23700, 25400, 23300, 27600]",3,2,4,1,-4.0,4.0,-10.0,10.0
g20260832_ky09,26,1511064448,"[23700, 28300, 38800, 9200]",3,2,1,4,-4.0,4.0,10.0,-10.0
g20260832_ky09,27,1511064449,"[36000, 28300, 12900, 22800]",1,2,4,3,10.0,4.0,-10.0,-4.0
g20260832_ky09,28,1511064450,"[21600, 26200, 33500, 18700]",3,2,1,4,-4.0,4.0,10.0,-10.0
g20260832_ky09,29,1511064451,"[20700, 28300, 30200, 19800]",3,2,1,4,-4.0,4.0,10.0,-10.0
g20260832_ky09,30,1511064452,"[20800, 30600, 26700, 21900]",4,1,2,3,-10.0,10.0,4.0,-4.0
g20260832_ky09,31,1511064453,"[28300, 28300, 22600, 20800]",1,2,3,4,10.0,4.0,-4.0,-10.0
g20260832_ky09,32,1511064454,"[22700, 28300, 31100, 17900]",3,2,1,4,-4.0,4.0,10.0,-10.0
g20260832_ky09,33,1511064455,"[35900, 23300, 25100, 15700]",1,3,2,4,10.0,-4.0,4.0,-10.0
g20260832_ky09,34,1511064456,"[25500, 29800, 23400, 21300]",2,1,3,4,4.0,10.0,-4.0,-10.0
g20260832_ky09,35,1511064457,"[27300, 25500, 26700, 20500]",1,3,2,4,10.0,-4.0,4.0,-10.0
g20260832_ky09,36,1511064458,"[29600, 24300, 21200, 24900]",1,3,4,2,10.0,-4.0,-10.0,4.0
g20260832_ky09,37,1511064459,"[17600, 28900, 23300, 30200]",4,2,3,1,-10.0,4.0,-4.0,10.0
g20260832_ky09,38,1511064460,"[19100, 27700, 33900, 19300]",4,2,1,3,-10.0,4.0,10.0,-4.0
g20260832_ky09,39,1511064461,"[20500, 28300, 31900, 19300]",3,2,1,4,-4.0,4.0,10.0,-10.0
g20260832_ky09,40,1511064462,"[11800, 28300, 40600, 19300]",4,2,1,3,-10.0,4.0,10.0,-4.0
g20260832_ky09,41,1511064463,"[17900, 28300, 33000, 20800]",4,2,1,3,-10.0,4.0,10.0,-4.0
g20260832_ky09,42,1511064464,"[23700, 30300, 27200, 18800]",3,1,2,4,-4.0,10.0,4.0,-10.0
g20260832_ky09,43,1511064465,"[35700, 25300, 21200, 17800]",1,2,3,4,10.0,4.0,-4.0,-10.0
g20260832_ky09,44,1511064466,"[29500, 26800, 25700, 18000]",1,2,3,4,10.0,4.0,-4.0,-10.0
g20260832_ky09,45,1511064467,"[23700, 29600, 19700, 27000]",3,1,4,2,-4.0,10.0,-10.0,4.0
g20260832_ky09,46,1511064468,"[23200, 30300, 26200, 20300]",3,1,2,4,-4.0,10.0,4.0,-10.0
g20260832_ky09,47,1511064469,"[21100, 32200, 23300, 23400]",4,1,3,2,-10.0,10.0,-4.0,4.0
g20260832_ky09,48,1511064470,"[32600, 26300, 23300, 17800]",1,2,3,4,10.0,4.0,-4.0,-10.0
g20260832_ky09,49,1511064471,"[23700, 36300, 27200, 12800]",3,1,2,4,-4.0,10.0,4.0,-10.0
g20260832_ky09,50,1511064472,"[27900, 29800, 25800, 16500]",2,1,3,4,4.0,10.0,-4.0,-10.0
g20260832_ky09,51,1511064473,"[27200, 27400, 25800, 19600]",2,1,3,4,4.0,10.0,-4.0,-10.0
g20260832_ky09,52,1511064474,"[23700, 22500, 33000, 20800]",2,3,1,4,4.0,-4.0,10.0,-10.0
g20260832_ky09,53,1511064475,"[31000, 19600, 25900, 23500]",1,4,2,3,10.0,-10.0,4.0,-4.0
g20260832_ky09,54,1511064476,"[29900, 28300, 29800, 12000]",1,3,2,4,10.0,-4.0,4.0,-10.0
g20260832_ky09,55,1511064477,"[26400, 23000, 24600, 26000]",1,4,3,2,10.0,-10.0,-4.0,4.0
g20260832_ky09,56,1511064478,"[35000, 19000, 26200, 19800]",1,4,2,3,10.0,-10.0,4.0,-4.0
g20260832_ky09,57,1511064479,"[26000, 28300, 24900, 20800]",2,1,3,4,4.0,10.0,-4.0,-10.0
g20260832_ky09,58,1511064480,"[27400, 25600, 25100, 20900]",1,2,3,4,10.0,4.0,-4.0,-10.0
g20260832_ky09,59,1511064481,"[22700, 27300, 30200, 19800]",3,2,1,4,-4.0,4.0,10.0,-10.0
g20260832_ky09,60,1511064482,"[22400, 34500, 23600, 19500]",3,1,2,4,-4.0,10.0,4.0,-10.0
g20260832_ky09,61,1511064483,"[32900, 23200, 24100, 19800]",1,3,2,4,10.0,-4.0,4.0,-10.0
g20260832_ky09,62,1511064484,"[27900, 23400, 26200, 22500]",1,3,2,4,10.0,-4.0,4.0,-10.0
g20260832_ky09,63,1511064485,"[15700, 30300, 27200, 26800]",4,1,2,3,-10.0,10.0,4.0,-4.0
g20260832_ky09,64,1511064486,"[21800, 27800, 26700, 23700]",4,1,2,3,-10.0,10.0,4.0,-4.0
g20260832_ky09,65,1511064487,"[40700, 28300, 27200, 3800]",1,2,3,4,10.0,4.0,-4.0,-10.0
g20260832_ky09,66,1511064488,"[20700, 25300, 40200, 13800]",3,2,1,4,-4.0,4.0,10.0,-10.0
g20260832_ky09,67,1511064489,"[23700, 28300, 34900, 13100]",3,2,1,4,-4.0,4.0,10.0,-10.0
g20260832_ky09,68,1511064490,"[20500, 27300, 26200, 25000]",4,1,2,3,-10.0,10.0,4.0,-4.0
g20260832_ky09,69,1511064491,"[27000, 26700, 24600, 21700]",1,2,3,4,10.0,4.0,-4.0,-10.0
g20260832_ky09,70,1511064492,"[16000, 27300, 35900, 20800]",4,2,1,3,-10.0,4.0,10.0,-4.0
g20260832_ky09,71,1511064493,"[30000, 23300, 28200, 18500]",1,3,2,4,10.0,-4.0,4.0,-10.0
g20260832_ky09,72,1511064494,"[18500, 30900, 24600, 26000]",4,1,3,2,-10.0,10.0,-4.0,4.0
g20260832_ky09,73,1511064495,"[7000, 28300, 35900, 28800]",4,3,1,2,-10.0,-4.0,10.0,4.0
g20260832_ky09,74,1511064496,"[30600, 24400, 27200, 17800]",1,3,2,4,10.0,-4.0,4.0,-10.0
g20260832_ky09,75,1511064497,"[23700, 23300, 21200, 31800]",2,3,4,1,4.0,-4.0,-10.0,10.0
g20260832_ky09,76,1511064498,"[27600, 18900, 30700, 22800]",2,4,1,3,4.0,-10.0,10.0,-4.0
g20260832_ky09,77,1511064499,"[23700, 25300, 30200, 20800]",3,2,1,4,-4.0,4.0,10.0,-10.0
g20260832_ky09,78,1511064500,"[21700, 36200, 23300, 18800]",3,1,2,4,-4.0,10.0,4.0,-10.0
g20260832_ky09,79,1511064501,"[25700, 22400, 31100, 20800]",2,3,1,4,4.0,-4.0,10.0,-10.0
g20260832_ky09,80,1511064502,"[39200, 20000, 24100, 16700]",1,3,2,4,10.0,-4.0,4.0,-10.0
g20260832_ky09,81,1511064503,"[26900, 26300, 35100, 11700]",2,3,1,4,4.0,-4.0,10.0,-10.0
g20260832_ky09,82,1511064504,"[25000, 28300, 22000, 24700]",2,1,4,3,4.0,10.0,-10.0,-4.0
g20260832_ky09,83,1511064505,"[20100, 35100, 24600, 20200]",4,1,2,3,-10.0,10.0,4.0,-4.0
g20260832_ky09,84,1511064506,"[19400, 31800, 27700, 21100]",4,1,2,3,-10.0,10.0,4.0,-4.0
g20260832_ky09,85,1511064507,"[20500, 33500, 22200, 23800]",4,1,3,2,-10.0,10.0,-4.0,4.0
g20260832_ky09,86,1511064508,"[34400, 20100, 26200, 19300]",1,3,2,4,10.0,-4.0,4.0,-10.0
g20260832_ky09,87,1511064509,"[26000, 29900, 23600, 20500]",2,1,3,4,4.0,10.0,-4.0,-10.0
g20260832_ky09,88,1511064510,"[18500, 33500, 27200, 20800]",4,1,2,3,-10.0,10.0,4.0,-4.0
g20260832_ky09,89,1511064511,"[26900, 26300, 17000, 29800]",2,3,4,1,4.0,-4.0,-10.0,10.0
g20260832_ky09,90,1511064512,"[28900, 11100, 27200, 32800]",2,4,3,1,4.0,-10.0,-4.0,10.0
g20260832_ky09,91,1511064513,"[23700, 30300, 27200, 18800]",3,1,2,4,-4.0,10.0,4.0,-10.0
g20260832_ky09,92,1511064514,"[17900, 28300, 33000, 20800]",4,2,1,3,-10.0,4.0,10.0,-4.0
g20260832_ky09,93,1511064515,"[21200, 30600, 24700, 23500]",4,1,2,3,-10.0,10.0,4.0,-4.0
g20260832_ky09,94,1511064516,"[21600, 28200, 29000, 21200]",3,2,1,4,-4.0,4.0,10.0,-10.0
g20260832_ky09,95,1511064517,"[20700, 25300, 21200, 32800]",4,2,3,1,-10.0,4.0,-4.0,10.0
g20260832_ky09,96,1511064518,"[30500, 25500, 26200, 17800]",1,3,2,4,10.0,-4.0,4.0,-10.0
g20260832_ky09,97,1511064519,"[22400, 33500, 24600, 19500]",3,1,2,4,-4.0,10.0,4.0,-10.0
g20260832_ky09,98,1511064520,"[20700, 25300, 21200, 32800]",4,2,3,1,-10.0,4.0,-4.0,10.0
g20260832_ky09,99,1511064521,"[23700, 37300, 27200, 11800]",3,1,2,4,-4.0,10.0,4.0,-10.0
g20260832_ky09,100,1511064522,"[35700, 16300, 27200, 20800]",1,4,2,3,10.0,-10.0,4.0,-4.0
g20260832_ky09,101,1511064523,"[27500, 27200, 24500, 20800]",1,2,3,4,10.0,4.0,-4.0,-10.0
g20260832_ky09,102,1511064524,"[19800, 24400, 39900, 15900]",3,2,1,4,-4.0,4.0,10.0,-10.0
g20260832_ky09,103,1511064525,"[24700, 19300, 35200, 20800]",2,4,1,3,4.0,-10.0,10.0,-4.0
g20260832_ky09,104,1511064526,"[23700, 28300, 31100, 16900]",3,2,1,4,-4.0,4.0,10.0,-10.0
g20260832_ky09,105,1511064527,"[23200, 29900, 26500, 20400]",3,1,2,4,-4.0,10.0,4.0,-10.0
g20260832_ky09,106,1511064528,"[20400, 25000, 28400, 26200]",4,3,1,2,-10.0,-4.0,10.0,4.0
g20260832_ky09,107,1511064529,"[22700, 27300, 34400, 15600]",3,2,1,4,-4.0,4.0,10.0,-10.0
g20260832_ky09,108,1511064530,"[23600, 31600, 24600, 20200]",3,1,2,4,-4.0,10.0,4.0,-10.0
g20260832_ky09,109,1511064531,"[20400, 29600, 26200, 23800]",4,1,2,3,-10.0,10.0,4.0,-4.0
g20260832_ky09,110,1511064532,"[26300, 24400, 24600, 24700]",1,4,3,2,10.0,-10.0,-4.0,4.0
g20260832_ky09,111,1511064533,"[27800, 25100, 24000, 23100]",1,2,3,4,10.0,4.0,-4.0,-10.0
g20260832_ky09,112,1511064534,"[22400, 27000, 31100, 19500]",3,2,1,4,-4.0,4.0,10.0,-10.0
g20260832_ky09,113,1511064535,"[25200, 26800, 31200, 16800]",3,2,1,4,-4.0,4.0,10.0,-10.0
g20260832_ky09,114,1511064536,"[23700, 22100, 29800, 24400]",3,4,1,2,-4.0,-10.0,10.0,4.0
g20260832_ky09,115,1511064537,"[23700, 32200, 23300, 20800]",2,1,3,4,4.0,10.0,-4.0,-10.0
g20260832_ky09,116,1511064538,"[22700, 28300, 34000, 15000]",3,2,1,4,-4.0,4.0,10.0,-10.0
g20260832_ky09,117,1511064539,"[21700, 30300, 27200, 20800]",3,1,2,4,-4.0,10.0,4.0,-10.0
g20260832_ky09,118,1511064540,"[16200, 35800, 25700, 22300]",4,1,2,3,-10.0,10.0,4.0,-4.0
g20260832_ky09,119,1511064541,"[19800, 33200, 27200, 19800]",3,1,2,4,-4.0,10.0,4.0,-10.0
g20260832_ky09,120,1511064542,"[27500, 20600, 27200, 24700]",1,4,2,3,10.0,-10.0,4.0,-4.0
g20260832_ky09,121,1511064543,"[26900, 23100, 26200, 23800]",1,4,2,3,10.0,-10.0,4.0,-4.0
g20260832_ky09,122,1511064544,"[27700, 27800, 24200, 20300]",2,1,3,4,4.0,10.0,-4.0,-10.0
g20260832_ky09,123,1511064545,"[30000, 24600, 25300, 20100]",1,3,2,4,10.0,-4.0,4.0,-10.0
g20260832_ky09,124,1511064546,"[27900, 29300, 24300, 18500]",2,1,3,4,4.0,10.0,-4.0,-10.0
g20260832_ky09,125,1511064547,"[20400, 28000, 29700, 21900]",4,2,1,3,-10.0,4.0,10.0,-4.0
g20260832_ky09,126,1511064548,"[23700, 25400, 30100, 20800]",3,2,1,4,-4.0,4.0,10.0,-10.0
g20260832_ky09,127,1511064549,"[13100, 28300, 37800, 20800]",4,2,1,3,-10.0,4.0,10.0,-4.0
g20260832_ky09,128,1511064550,"[17900, 23400, 27200, 31500]",4,3,2,1,-10.0,-4.0,4.0,10.0
g20260832_ky09,129,1511064551,"[25300, 27300, 24600, 22800]",2,1,3,4,4.0,10.0,-4.0,-10.0
g20260832_ky09,130,1511064552,"[23700, 36300, 19500, 20500]",2,1,4,3,4.0,10.0,-10.0,-4.0
g20260832_ky09,131,1511064553,"[23700, 32200, 27200, 16900]",3,1,2,4,-4.0,10.0,4.0,-10.0
g20260832_ky09,132,1511064554,"[34700, 24300, 22200, 18800]",1,2,3,4,10.0,4.0,-4.0,-10.0
g20260832_ky09,133,1511064555,"[20700, 25300, 21200, 32800]",4,2,3,1,-10.0,4.0,-4.0,10.0
g20260832_ky09,134,1511064556,"[23700, 30600, 27200, 18500]",3,1,2,4,-4.0,10.0,4.0,-10.0
g20260832_ky09,135,1511064557,"[23700, 30300, 25200, 20800]",3,1,2,4,-4.0,10.0,4.0,-10.0
g20260832_ky09,136,1511064558,"[21200, 27800, 14400, 36600]",3,2,4,1,-4.0,4.0,-10.0,10.0
g20260832_ky09,137,1511064559,"[15700, 16300, 27200, 40800]",4,3,2,1,-10.0,-4.0,4.0,10.0
g20260832_ky09,138,1511064560,"[23700, 28300, 39200, 8800]",3,2,1,4,-4.0,4.0,10.0,-10.0
g20260832_ky09,139,1511064561,"[28000, 23000, 28800, 20200]",2,3,1,4,4.0,-4.0,10.0,-10.0
g20260832_ky09,140,1511064562,"[25000, 26500, 25100, 23400]",3,1,2,4,-4.0,10.0,4.0,-10.0
g20260832_ky09,141,1511064563,"[31400, 20600, 27200, 20800]",1,4,2,3,10.0,-10.0,4.0,-4.0
g20260832_ky09,142,1511064564,"[29500, 24700, 26600, 19200]",1,3,2,4,10.0,-4.0,4.0,-10.0
g20260832_ky09,143,1511064565,"[22700, 27300, 30200, 19800]",3,2,1,4,-4.0,4.0,10.0,-10.0
g20260832_ky09,144,1511064566,"[23700, 28300, 34900, 13100]",3,2,1,4,-4.0,4.0,10.0,-10.0
g20260832_ky09,145,1511064567,"[22700, 31300, 27200, 18800]",3,1,2,4,-4.0,10.0,4.0,-10.0
g20260832_ky09,146,1511064568,"[19700, 24300, 31100, 24900]",4,3,1,2,-10.0,-4.0,10.0,4.0
g20260832_ky09,147,1511064569,"[35400, 27600, 25900, 11100]",1,2,3,4,10.0,4.0,-4.0,-10.0
g20260832_ky09,148,1511064570,"[21300, 25900, 31700, 21100]",3,2,1,4,-4.0,4.0,10.0,-10.0
g20260832_ky09,149,1511064571,"[21700, 29300, 28200, 20800]",3,1,2,4,-4.0,10.0,4.0,-10.0
g20260832_ky09,150,1511064572,"[23200, 30300, 26200, 20300]",3,1,2,4,-4.0,10.0,4.0,-10.0
g20260832_ky09,151,1511064573,"[17900, 28300, 33000, 20800]",4,2,1,3,-10.0,4.0,10.0,-4.0
g20260832_ky09,152,1511064574,"[31600, 26300, 23300, 18800]",1,2,3,4,10.0,4.0,-4.0,-10.0
g20260832_ky09,153,1511064575,"[22400, 27000, 18800, 31800]",3,2,4,1,-4.0,4.0,-10.0,10.0
g20260832_ky09,154,1511064576,"[19800, 27300, 26200, 26700]",4,1,3,2,-10.0,10.0,-4.0,4.0
g20260832_ky09,155,1511064577,"[21800, 32200, 25300, 20700]",3,1,2,4,-4.0,10.0,4.0,-10.0
g20260832_ky09,156,1511064578,"[23000, 27600, 30300, 19100]",3,2,1,4,-4.0,4.0,10.0,-10.0
g20260832_ky09,157,1511064579,"[22700, 25400, 32100, 19800]",3,2,1,4,-4.0,4.0,10.0,-10.0
g20260832_ky09,158,1511064580,"[25200, 42100, 13400, 19300]",2,1,4,3,4.0,10.0,-10.0,-4.0
g20260832_ky09,159,1511064581,"[23200, 27800, 28600, 20400]",3,2,1,4,-4.0,4.0,10.0,-10.0
g20260832_ky09,160,1511064582,"[20700, 37300, 23200, 18800]",3,1,2,4,-4.0,10.0,4.0,-10.0
g20260832_ky09,161,1511064583,"[21300, 25900, 31700, 21100]",3,2,1,4,-4.0,4.0,10.0,-10.0
g20260832_ky09,162,1511064584,"[19600, 25200, 36500, 18700]",3,2,1,4,-4.0,4.0,10.0,-10.0
g20260832_ky09,163,1511064585,"[11700, 24300, 23200, 40800]",4,2,3,1,-10.0,4.0,-4.0,10.0
g20260832_ky09,164,1511064586,"[17700, 22300, 45200, 14800]",3,2,1,4,-4.0,4.0,10.0,-10.0
g20260832_ky09,165,1511064587,"[23700, 28300, 45200, 2800]",3,2,1,4,-4.0,4.0,10.0,-10.0
g20260832_ky09,166,1511064588,"[19800, 32200, 27200, 20800]",4,1,2,3,-10.0,10.0,4.0,-4.0
g20260832_ky09,167,1511064589,"[25100, 27300, 26200, 21400]",3,1,2,4,-4.0,10.0,4.0,-10.0
g20260832_ky09,168,1511064590,"[23700, 33200, 27200, 15900]",3,1,2,4,-4.0,10.0,4.0,-10.0
g20260832_ky09,169,1511064591,"[23700, 34500, 21000, 20800]",2,1,3,4,4.0,10.0,-4.0,-10.0
g20260832_ky09,170,1511064592,"[22700, 27300, 25000, 24000]",4,1,2,3,-10.0,10.0,4.0,-4.0
g20260832_ky09,171,1511064593,"[22600, 27200, 15700, 34500]",3,2,4,1,-4.0,4.0,-10.0,10.0
g20260832_ky09,172,1511064594,"[22700, 30300, 26200, 19800]",3,1,2,4,-4.0,10.0,4.0,-10.0
g20260832_ky09,173,1511064595,"[22700, 28300, 34000, 15000]",3,2,1,4,-4.0,4.0,10.0,-10.0
g20260832_ky09,174,1511064596,"[23200, 27800, 34200, 14800]",3,2,1,4,-4.0,4.0,10.0,-10.0
g20260832_ky09,175,1511064597,"[22700, 27300, 30200, 19800]",3,2,1,4,-4.0,4.0,10.0,-10.0
g20260832_ky09,176,1511064598,"[23700, 26300, 25200, 24800]",4,1,2,3,-10.0,10.0,4.0,-4.0
g20260832_ky09,177,1511064599,"[21400, 28000, 28300, 22300]",4,2,1,3,-10.0,4.0,10.0,-4.0
g20260832_ky09,178,1511064600,"[27700, 27300, 29100, 15900]",2,3,1,4,4.0,-4.0,10.0,-10.0
g20260832_ky09,179,1511064601,"[15700, 36300, 27200, 20800]",4,1,2,3,-10.0,10.0,4.0,-4.0
g20260832_ky09,180,1511064602,"[22700, 30300, 26200, 19800]",3,1,2,4,-4.0,10.0,4.0,-10.0
g20260832_ky09,181,1511064603,"[22200, 30800, 28700, 18300]",3,1,2,4,-4.0,10.0,4.0,-10.0
g20260832_ky09,182,1511064604,"[25200, 26800, 28000, 20000]",3,2,1,4,-4.0,4.0,10.0,-10.0
g20260832_ky09,183,1511064605,"[22700, 27300, 29200, 20800]",3,2,1,4,-4.0,4.0,10.0,-10.0
g20260832_ky09,184,1511064606,"[21200, 25800, 34100, 18900]",3,2,1,4,-4.0,4.0,10.0,-10.0
g20260832_ky09,185,1511064607,"[19700, 24300, 39200, 16800]",3,2,1,4,-4.0,4.0,10.0,-10.0
g20260832_ky09,186,1511064608,"[23700, 28300, 33000, 15000]",3,2,1,4,-4.0,4.0,10.0,-10.0
g20260832_ky09,187,1511064609,"[25700, 28300, 21300, 24700]",2,1,4,3,4.0,10.0,-10.0,-4.0
g20260832_ky09,188,1511064610,"[25400, 25000, 23600, 26000]",2,3,4,1,4.0,-4.0,-10.0,10.0
g20260832_ky09,189,1511064611,"[21800, 31200, 25300, 21700]",3,1,2,4,-4.0,10.0,4.0,-10.0
g20260832_ky09,190,1511064612,"[22700, 36300, 25200, 15800]",3,1,2,4,-4.0,10.0,4.0,-10.0
g20260832_ky09,191,1511064613,"[23700, 30300, 27200, 18800]",3,1,2,4,-4.0,10.0,4.0,-10.0
g20260833_ky03,0,1511064439,"[29200, 30100, 23400, 17300]",2,1,3,4,4.0,10.0,-4.0,-10.0
g20260833_ky03,1,1511064440,"[17400, 32500, 25800, 24300]",4,1,2,3,-10.0,10.0,4.0,-4.0
g20260833_ky03,2,1511064441,"[30300, 22900, 21500, 24300]",1,3,4,2,10.0,-4.0,-10.0,4.0
g20260833_ky03,3,1511064442,"[16800, 28300, 30500, 24400]",4,2,1,3,-10.0,4.0,10.0,-4.0
g20260833_ky03,4,1511064443,"[23700, 16400, 36500, 23400]",2,4,1,3,4.0,-10.0,10.0,-4.0
g20260833_ky03,5,1511064444,"[20900, 23300, 15400, 39400]",3,2,4,1,-4.0,4.0,-10.0,10.0
g20260833_ky03,6,1511064445,"[12400, 29600, 26900, 31100]",4,2,3,1,-10.0,4.0,-4.0,10.0
g20260833_ky03,7,1511064446,"[27500, 31000, 14200, 27300]",2,1,4,3,4.0,10.0,-10.0,-4.0
g20260833_ky03,8,1511064447,"[27600, 14800, 20300, 37300]",2,4,3,1,4.0,-10.0,-4.0,10.0
g20260833_ky03,9,1511064448,"[26700, 21600, 32000, 19700]",2,3,1,4,4.0,-4.0,10.0,-10.0
g20260833_ky03,10,1511064449,"[29000, 28000, 43400, -400]",2,3,1,4,4.0,-4.0,10.0,-10.0
g20260833_ky03,11,1511064450,"[43900, 23800, 33400, -1100]",1,3,2,4,10.0,-4.0,4.0,-10.0
g20260833_ky03,12,1511064451,"[23000, 33900, 25900, 17200]",3,1,2,4,-4.0,10.0,4.0,-10.0
g20260833_ky03,13,1511064452,"[30100, 32600, 26000, 11300]",2,1,3,4,4.0,10.0,-4.0,-10.0
g20260833_ky03,14,1511064453,"[34100, 4500, 27900, 33500]",1,4,3,2,10.0,-10.0,-4.0,4.0
g20260833_ky03,15,1511064454,"[6600, 30800, 34400, 28200]",4,2,1,3,-10.0,4.0,10.0,-4.0
g20260833_ky03,16,1511064455,"[28000, 19300, 33700, 19000]",2,3,1,4,4.0,-4.0,10.0,-10.0
g20260833_ky03,17,1511064456,"[16100, 24800, 26400, 32700]",4,3,2,1,-10.0,-4.0,4.0,10.0
g20260833_ky03,18,1511064457,"[14600, 28500, 26800, 30100]",4,2,3,1,-10.0,4.0,-4.0,10.0
g20260833_ky03,19,1511064458,"[7500, 29400, 35700, 27400]",4,2,1,3,-10.0,4.0,10.0,-4.0
g20260833_ky03,20,1511064459,"[8700, 30500, 38800, 22000]",4,2,1,3,-10.0,4.0,10.0,-4.0
g20260833_ky03,21,1511064460,"[3600, 39400, 25200, 31800]",4,1,3,2,-10.0,10.0,-4.0,4.0
g20260833_ky03,22,1511064461,"[20400, 37100, 17600, 24900]",3,1,4,2,-4.0,10.0,-10.0,4.0
g20260833_ky03,23,1511064462,"[17100, 37100, 24100, 21700]",4,1,2,3,-10.0,10.0,4.0,-4.0
g20260833_ky03,24,1511064463,"[28000, 35500, 10300, 26200]",2,1,4,3,4.0,10.0,-10.0,-4.0
g20260833_ky03,25,1511064464,"[-400, 40200, 28300, 31900]",4,1,3,2,-10.0,10.0,-4.0,4.0
g20260833_ky03,26,1511064465,"[23900, 25200, 35200, 15700]",3,2,1,4,-4.0,4.0,10.0,-10.0
g20260833_ky03,27,1511064466,"[54100, 7300, 12000, 26600]",1,4,3,2,10.0,-10.0,-4.0,4.0
g20260833_ky03,28,1511064467,"[30200, 27900, 20200, 21700]",1,2,4,3,10.0,4.0,-10.0,-4.0
g20260833_ky03,29,1511064468,"[20900, 32000, 32900, 14200]",3,2,1,4,-4.0,4.0,10.0,-10.0
g20260833_ky03,30,1511064469,"[6200, 37300, 21500, 35000]",4,1,3,2,-10.0,10.0,-4.0,4.0
g20260833_ky03,31,1511064470,"[25600, 16900, 37200, 20300]",2,4,1,3,4.0,-10.0,10.0,-4.0
g20260833_ky03,32,1511064471,"[21500, 33700, 27300, 17500]",3,1,2,4,-4.0,10.0,4.0,-10.0
g20260833_ky03,33,1511064472,"[41800, 19300, 16900, 22000]",1,3,4,2,10.0,-4.0,-10.0,4.0
g20260833_ky03,34,1511064473,"[16100, 26900, 39600, 17400]",4,2,1,3,-10.0,4.0,10.0,-4.0
g20260833_ky03,35,1511064474,"[-2500, 24500, 26800, 51200]",4,3,2,1,-10.0,-4.0,4.0,10.0
g20260833_ky03,36,1511064475,"[29200, 21400, 33900, 15500]",2,3,1,4,4.0,-4.0,10.0,-10.0
g20260833_ky03,37,1511064476,"[23200, 31500, 20800, 24500]",3,1,4,2,-4.0,10.0,-10.0,4.0
g20260833_ky03,38,1511064477,"[36100, 15600, 22400, 25900]",1,4,3,2,10.0,-10.0,-4.0,4.0
g20260833_ky03,39,1511064478,"[21500, 26700, 20800, 31000]",3,2,4,1,-4.0,4.0,-10.0,10.0
g20260833_ky03,40,1511064479,"[32700, 25000, 22100, 20200]",1,2,3,4,10.0,4.0,-4.0,-10.0
g20260833_ky03,41,1511064480,"[18100, 31100, 25800, 25000]",4,1,2,3,-10.0,10.0,4.0,-4.0
g20260833_ky03,42,1511064481,"[25800, 21700, 33300, 19200]",2,3,1,4,4.0,-4.0,10.0,-10.0
g20260833_ky03,43,1511064482,"[31600, 26300, 27700, 14400]",1,3,2,4,10.0,-4.0,4.0,-10.0
g20260833_ky03,44,1511064483,"[41100, 22800, 12000, 24100]",1,3,4,2,10.0,-4.0,-10.0,4.0
g20260833_ky03,45,1511064484,"[16400, 35200, 33500, 14900]",3,1,2,4,-4.0,10.0,4.0,-10.0
g20260833_ky03,46,1511064485,"[21900, 24400, 34500, 19200]",3,2,1,4,-4.0,4.0,10.0,-10.0
g20260833_ky03,47,1511064486,"[30300, 22800, 27000, 19900]",1,3,2,4,10.0,-4.0,4.0,-10.0
g20260833_ky03,48,1511064487,"[18600, 67100, 22300, -8000]",3,1,2,4,-4.0,10.0,4.0,-10.0
g20260833_ky03,49,1511064488,"[19500, 38000, 18100, 24400]",3,1,4,2,-4.0,10.0,-10.0,4.0
g20260833_ky03,50,1511064489,"[24600, 20300, 33000, 22100]",2,4,1,3,4.0,-10.0,10.0,-4.0
g20260833_ky03,51,1511064490,"[10700, 19900, 49400, 20000]",4,3,1,2,-10.0,-4.0,10.0,4.0
g20260833_ky03,52,1511064491,"[21700, 23200, 9800, 45300]",3,2,4,1,-4.0,4.0,-10.0,10.0
g20260833_ky03,53,1511064492,"[28200, 22000, 17700, 32100]",2,3,4,1,4.0,-4.0,-10.0,10.0
g20260833_ky03,54,1511064493,"[7500, 25900, 27600, 39000]",4,3,2,1,-10.0,-4.0,4.0,10.0
g20260833_ky03,55,1511064494,"[31600, 17900, 25600, 24900]",1,4,2,3,10.0,-10.0,4.0,-4.0
g20260833_ky03,56,1511064495,"[28800, 16300, 31800, 23100]",2,4,1,3,4.0,-10.0,10.0,-4.0
g20260833_ky03,57,1511064496,"[49500, 18600, 22400, 9500]",1,3,2,4,10.0,-4.0,4.0,-10.0
g20260833_ky03,58,1511064497,"[21600, 26300, 14200, 36900]",3,2,4,1,-4.0,4.0,-10.0,10.0
g20260833_ky03,59,1511064498,"[58600, 8600, 10900, 21900]",1,4,3,2,10.0,-10.0,-4.0,4.0
g20260833_ky03,60,1511064499,"[13000, 40200, 26400, 20400]",4,1,2,3,-10.0,10.0,4.0,-4.0
g20260833_ky03,61,1511064500,"[31100, 28900, 14200, 25800]",1,2,4,3,10.0,4.0,-10.0,-4.0
g20260833_ky03,62,1511064501,"[23800, 24600, 30900, 20700]",3,2,1,4,-4.0,4.0,10.0,-10.0
g20260833_ky03,63,1511064502,"[25100, 34300, 40100, -500]",3,2,1,4,-4.0,4.0,10.0,-10.0
g20260833_ky03,64,1511064503,"[21700, 25800, 31900, 20600]",3,2,1,4,-4.0,4.0,10.0,-10.0
g20260833_ky03,65,1511064504,"[19300, 24000, 36000, 20700]",4,2,1,3,-10.0,4.0,10.0,-4.0
g20260833_ky03,66,1511064505,"[27500, 23700, 33000, 15800]",2,3,1,4,4.0,-4.0,10.0,-10.0
g20260833_ky03,67,1511064506,"[36000, 22800, 23500, 17700]",1,3,2,4,10.0,-4.0,4.0,-10.0
g20260833_ky03,68,1511064507,"[21300, 25800, 22600, 30300]",4,2,3,1,-10.0,4.0,-4.0,10.0
g20260833_ky03,69,1511064508,"[28200, 20400, 30200, 21200]",2,4,1,3,4.0,-10.0,10.0,-4.0
g20260833_ky03,70,1511064509,"[25500, 28200, 33600, 12700]",3,2,1,4,-4.0,4.0,10.0,-10.0
g20260833_ky03,71,1511064510,"[43800, 11100, 23400, 21700]",1,4,2,3,10.0,-10.0,4.0,-4.0
g20260833_ky03,72,1511064511,"[47100, 24100, 7400, 21400]",1,2,4,3,10.0,4.0,-10.0,-4.0
g20260833_ky03,73,1511064512,"[20700, 34300, 25800, 19200]",3,1,2,4,-4.0,10.0,4.0,-10.0
g20260833_ky03,74,1511064513,"[25800, 31500, 27500, 15200]",3,1,2,4,-4.0,10.0,4.0,-10.0
g20260833_ky03,75,1511064514,"[17500, 43800, 20900, 17800]",4,1,2,3,-10.0,10.0,4.0,-4.0
g20260833_ky03,76,1511064515,"[22300, 38200, 19000, 20500]",2,1,4,3,4.0,10.0,-10.0,-4.0
g20260833_ky03,77,1511064516,"[21900, 33900, 24100, 20100]",3,1,2,4,-4.0,10.0,4.0,-10.0
g20260833_ky03,78,1511064517,"[22300, 21100, 22500, 34100]",3,4,2,1,-4.0,-10.0,4.0,10.0
g20260833_ky03,79,1511064518,"[30400, 20800, 15900, 32900]",2,3,4,1,4.0,-4.0,-10.0,10.0
g20260833_ky03,80,1511064519,"[22000, 22100, 24900, 31000]",4,3,2,1,-10.0,-4.0,4.0,10.0
g20260833_ky03,81,1511064520,"[27100, 33100, 24100, 15700]",2,1,3,4,4.0,10.0,-4.0,-10.0
g20260833_ky03,82,1511064521,"[23000, 19200, 32000, 25800]",3,4,1,2,-4.0,-10.0,10.0,4.0
g20260833_ky03,83,1511064522,"[16300, 26300, 24400, 33000]",4,2,3,1,-10.0,4.0,-4.0,10.0
g20260833_ky03,84,1511064523,"[16800, 18700, 25800, 38700]",4,3,2,1,-10.0,-4.0,4.0,10.0
g20260833_ky03,85,1511064524,"[23900, 21400, 33600, 21100]",2,3,1,4,4.0,-4.0,10.0,-10.0
g20260833_ky03,86,1511064525,"[8600, 30800, 23400, 37200]",4,2,3,1,-10.0,4.0,-4.0,10.0
g20260833_ky03,87,1511064526,"[21700, 15700, 27100, 35500]",3,4,2,1,-4.0,-10.0,4.0,10.0
g20260833_ky03,88,1511064527,"[29400, 31300, 21200, 18100]",2,1,3,4,4.0,10.0,-4.0,-10.0
g20260833_ky03,89,1511064528,"[42000, 9600, 33000, 15400]",1,4,2,3,10.0,-10.0,4.0,-4.0
g20260833_ky03,90,1511064529,"[30900, 27700, 18400, 23000]",1,2,4,3,10.0,4.0,-10.0,-4.0
g20260833_ky03,91,1511064530,"[7000, 20900, 33200, 37900]",4,3,2,1,-10.0,-4.0,4.0,10.0
g20260833_ky03,92,1511064531,"[32900, 22900, 16600, 27600]",1,3,4,2,10.0,-4.0,-10.0,4.0
g20260833_ky03,93,1511064532,"[15600, 20700, 25900, 37800]",4,3,2,1,-10.0,-4.0,4.0,10.0
g20260833_ky03,94,1511064533,"[27500, 17100, 22100, 33300]",2,4,3,1,4.0,-10.0,-4.0,10.0
g20260833_ky03,95,1511064534,"[38600, 24600, 18000, 18800]",1,2,4,3,10.0,4.0,-10.0,-4.0
g20260833_ky03,96,1511064535,"[22000, 32000, 26500, 19500]",3,1,2,4,-4.0,10.0,4.0,-10.0
g20260833_ky03,97,1511064536,"[21400, 18800, 36900, 22900]",3,4,1,2,-4.0,-10.0,10.0,4.0
g20260833_ky03,98,1511064537,"[24600, 40800, 19900, 14700]",2,1,3,4,4.0,10.0,-4.0,-10.0
g20260833_ky03,99,1511064538,"[27300, 25800, 32900, 14000]",2,3,1,4,4.0,-4.0,10.0,-10.0
g20260833_ky03,100,1511064539,"[21800, 29800, 30600, 17800]",3,2,1,4,-4.0,4.0,10.0,-10.0
g20260833_ky03,101,1511064540,"[31400, 23500, 20600, 24500]",1,3,4,2,10.0,-4.0,-10.0,4.0
g20260833_ky03,102,1511064541,"[34200, 25900, 12900, 27000]",1,3,4,2,10.0,-4.0,-10.0,4.0
g20260833_ky03,103,1511064542,"[12300, 27900, 40100, 19700]",4,2,1,3,-10.0,4.0,10.0,-4.0
g20260833_ky03,104,1511064543,"[31100, 21800, 22200, 24900]",1,4,3,2,10.0,-10.0,-4.0,4.0
g20260833_ky03,105,1511064544,"[28400, 30700, 23500, 17400]",2,1,3,4,4.0,10.0,-4.0,-10.0
g20260833_ky03,106,1511064545,"[26700, 25300, 10400, 37600]",2,3,4,1,4.0,-4.0,-10.0,10.0
g20260833_ky03,107,1511064546,"[15500, 23700, 19300, 41500]",4,2,3,1,-10.0,4.0,-4.0,10.0
g20260833_ky03,108,1511064547,"[27300, 35900, 25900, 10900]",2,1,3,4,4.0,10.0,-4.0,-10.0
g20260833_ky03,109,1511064548,"[33800, 25000, 18800, 22400]",1,2,4,3,10.0,4.0,-10.0,-4.0
g20260833_ky03,110,1511064549,"[26200, 31400, 22700, 19700]",2,1,3,4,4.0,10.0,-4.0,-10.0
g20260833_ky03,111,1511064550,"[26400, 31700, 21500, 20400]",2,1,3,4,4.0,10.0,-4.0,-10.0
g20260833_ky03,112,1511064551,"[24300, 26500, 9800, 39400]",3,2,4,1,-4.0,4.0,-10.0,10.0
g20260833_ky03,113,1511064552,"[24200, 33800, 17100, 24900]",3,1,4,2,-4.0,10.0,-10.0,4.0
g20260833_ky03,114,1511064553,"[37600, 32000, 20100, 10300]",1,2,3,4,10.0,4.0,-4.0,-10.0
g20260833_ky03,115,1511064554,"[25400, 33900, 23000, 17700]",2,1,3,4,4.0,10.0,-4.0,-10.0
g20260833_ky03,116,1511064555,"[27000, 36600, 20800, 15600]",2,1,3,4,4.0,10.0,-4.0,-10.0
g20260833_ky03,117,1511064556,"[27900, 3400, 33900, 34800]",3,4,2,1,-4.0,-10.0,4.0,10.0
g20260833_ky03,118,1511064557,"[15400, 31600, 9300, 43700]",3,2,4,1,-4.0,4.0,-10.0,10.0
g20260833_ky03,119,1511064558,"[20800, 47900, 24900, 6400]",3,1,2,4,-4.0,10.0,4.0,-10.0
g20260833_ky03,120,1511064559,"[9200, 30600, 37800, 22400]",4,2,1,3,-10.0,4.0,10.0,-4.0
g20260833_ky03,121,1511064560,"[39900, 13700, 19900, 26500]",1,4,3,2,10.0,-10.0,-4.0,4.0
g20260833_ky03,122,1511064561,"[28200, 14000, 23400, 34400]",2,4,3,1,4.0,-10.0,-4.0,10.0
g20260833_ky03,123,1511064562,"[19900, 19200, 36800, 24100]",3,4,1,2,-4.0,-10.0,10.0,4.0
g20260833_ky03,124,1511064563,"[19400, 26700, 16700, 37200]",3,2,4,1,-4.0,4.0,-10.0,10.0
g20260833_ky03,125,1511064564,"[22600, 36700, 20200, 20500]",2,1,4,3,4.0,10.0,-10.0,-4.0
g20260833_ky03,126,1511064565,"[13300, 32900, 24200, 29600]",4,1,3,2,-10.0,10.0,-4.0,4.0
g20260833_ky03,127,1511064566,"[31000, 24200, 18600, 26200]",1,3,4,2,10.0,-4.0,-10.0,4.0
g20260833_ky03,128,1511064567,"[13600, 16100, 52400, 17900]",4,3,1,2,-10.0,-4.0,10.0,4.0
g20260833_ky03,129,1511064568,"[28500, 32500, 15700, 23300]",2,1,4,3,4.0,10.0,-10.0,-4.0
g20260833_ky03,130,1511064569,"[6100, 38900, 32400, 22600]",4,1,2,3,-10.0,10.0,4.0,-4.0
g20260833_ky03,131,1511064570,"[6700, 34100, 23400, 35800]",4,2,3,1,-10.0,4.0,-4.0,10.0
g20260833_ky03,132,1511064571,"[25500, 30100, 15600, 28800]",3,1,4,2,-4.0,10.0,-10.0,4.0
g20260833_ky03,133,1511064572,"[31600, 22700, 21400, 24300]",1,3,4,2,10.0,-4.0,-10.0,4.0
g20260833_ky03,134,1511064573,"[19700, 22900, 20100, 36300]",4,2,3,1,-10.0,4.0,-4.0,10.0
g20260833_ky03,135,1511064574,"[-2100, 30800, 42400, 28900]",4,2,1,3,-10.0,4.0,10.0,-4.0
g20260833_ky03,136,1511064575,"[25900, 32300, 28900, 12900]",3,1,2,4,-4.0,10.0,4.0,-10.0
g20260833_ky03,137,1511064576,"[25900, 30900, 18600, 24600]",2,1,4,3,4.0,10.0,-10.0,-4.0
g20260833_ky03,138,1511064577,"[24000, 30500, 19600, 25900]",3,1,4,2,-4.0,10.0,-10.0,4.0
g20260833_ky03,139,1511064578,"[19500, 28200, 30700, 21600]",4,2,1,3,-10.0,4.0,10.0,-4.0
g20260833_ky03,140,1511064579,"[27800, 31000, 34600, 6600]",3,2,1,4,-4.0,4.0,10.0,-10.0
g20260833_ky03,141,1511064580,"[18800, 26900, 23400, 30900]",4,2,3,1,-10.0,4.0,-4.0,10.0
g20260833_ky03,142,1511064581,"[21500, 34900, 19900, 23700]",3,1,4,2,-4.0,10.0,-10.0,4.0
g20260833_ky03,143,1511064582,"[21000, 10100, 27600, 41300]",3,4,2,1,-4.0,-10.0,4.0,10.0
g20260833_ky03,144,1511064583,"[26000, 23300, 18100, 32600]",2,3,4,1,4.0,-4.0,-10.0,10.0
g20260833_ky03,145,1511064584,"[18400, 35300, 18400, 27900]",3,1,4,2,-4.0,10.0,-10.0,4.0
g20260833_ky03,146,1511064585,"[27200, 32100, 16400, 24300]",2,1,4,3,4.0,10.0,-10.0,-4.0
g20260833_ky03,147,1511064586,"[52600, 4800, 21100, 21500]",1,4,3,2,10.0,-10.0,-4.0,4.0
g20260833_ky03,148,1511064587,"[18900, 27200, 30300, 22600]",4,2,1,3,-10.0,4.0,10.0,-4.0
g20260833_ky03,149,1511064588,"[20700, 20700, 26500, 32100]",3,4,2,1,-4.0,-10.0,4.0,10.0
g20260833_ky03,150,1511064589,"[24300, 30800, 19500, 25400]",3,1,4,2,-4.0,10.0,-10.0,4.0
g20260833_ky03,151,1511064590,"[3600, 25400, 33600, 37400]",4,3,2,1,-10.0,-4.0,4.0,10.0
g20260833_ky03,152,1511064591,"[22000, 35000, 14900, 28100]",3,1,4,2,-4.0,10.0,-10.0,4.0
g20260833_ky03,153,1511064592,"[37200, 35500, 9900, 17400]",1,2,4,3,10.0,4.0,-10.0,-4.0
g20260833_ky03,154,1511064593,"[37000, 24300, 10500, 28200]",1,3,4,2,10.0,-4.0,-10.0,4.0
g20260833_ky03,155,1511064594,"[32900, 28500, 13100, 25500]",1,2,4,3,10.0,4.0,-10.0,-4.0
g20260833_ky03,156,1511064595,"[18000, 36800, 34100, 11100]",3,1,2,4,-4.0,10.0,4.0,-10.0
g20260833_ky03,157,1511064596,"[24700, 11600, 28200, 35500]",3,4,2,1,-4.0,-10.0,4.0,10.0
g20260833_ky03,158,1511064597,"[33100, 20600, 20900, 25400]",1,4,3,2,10.0,-10.0,-4.0,4.0
g20260833_ky03,159,1511064598,"[25700, 30300, 24500, 19500]",2,1,3,4,4.0,10.0,-4.0,-10.0
g20260833_ky03,160,1511064599,"[22600, 25700, 34800, 16900]",3,2,1,4,-4.0,4.0,10.0,-10.0
g20260833_ky03,161,1511064600,"[44000, 23700, 3100, 29200]",1,3,4,2,10.0,-4.0,-10.0,4.0
g20260833_ky03,162,1511064601,"[20800, 31900, 22700, 24600]",4,1,3,2,-10.0,10.0,-4.0,4.0
g20260833_ky03,163,1511064602,"[22800, 32300, 24300, 20600]",3,1,2,4,-4.0,10.0,4.0,-10.0
g20260833_ky03,164,1511064603,"[35900, 25200, 24400, 14500]",1,2,3,4,10.0,4.0,-4.0,-10.0
g20260833_ky03,165,1511064604,"[16800, 26600, 25700, 30900]",4,2,3,1,-10.0,4.0,-4.0,10.0
g20260833_ky03,166,1511064605,"[26900, 30700, 26800, 15600]",2,1,3,4,4.0,10.0,-4.0,-10.0
g20260833_ky03,167,1511064606,"[30200, 18400, 28800, 22600]",1,4,2,3,10.0,-10.0,4.0,-4.0
g20260833_ky03,168,1511064607,"[17000, 35200, 18800, 29000]",4,1,3,2,-10.0,10.0,-4.0,4.0
g20260833_ky03,169,1511064608,"[20200, 32900, 23400, 23500]",4,1,3,2,-10.0,10.0,-4.0,4.0
g20260833_ky03,170,1511064609,"[30000, 19200, 23500, 27300]",1,4,3,2,10.0,-10.0,-4.0,4.0
g20260833_ky03,171,1511064610,"[16800, 27100, 21900, 34200]",4,2,3,1,-10.0,4.0,-4.0,10.0
g20260833_ky03,172,1511064611,"[18700, 30700, 28900, 21700]",4,1,2,3,-10.0,10.0,4.0,-4.0
g20260833_ky03,173,1511064612,"[19600, 26500, 30700, 23200]",4,2,1,3,-10.0,4.0,10.0,-4.0
g20260833_ky03,174,1511064613,"[25200, 19800, 33300, 21700]",2,4,1,3,4.0,-10.0,10.0,-4.0
g20260833_ky03,175,1511064614,"[23200, 22200, 30100, 22500]",2,4,1,3,4.0,-10.0,10.0,-4.0
g20260833_ky03,176,1511064615,"[18400, 27000, 23000, 31600]",4,2,3,1,-10.0,4.0,-4.0,10.0
g20260833_ky03,177,1511064616,"[33600, 22500, 21500, 22400]",1,2,4,3,10.0,4.0,-10.0,-4.0
g20260833_ky03,178,1511064617,"[30500, 16200, 24000, 29300]",1,4,3,2,10.0,-10.0,-4.0,4.0
g20260833_ky03,179,1511064618,"[39800, 30400, 13100, 16700]",1,2,4,3,10.0,4.0,-10.0,-4.0
g20260833_ky03,180,1511064619,"[42100, 23800, 26800, 7300]",1,3,2,4,10.0,-4.0,4.0,-10.0
g20260833_ky03,181,1511064620,"[24600, 32900, 23500, 19000]",2,1,3,4,4.0,10.0,-4.0,-10.0
g20260833_ky03,182,1511064621,"[12700, 38800, 21800, 26700]",4,1,3,2,-10.0,10.0,-4.0,4.0
g20260833_ky03,183,1511064622,"[25800, 30700, 14200, 29300]",3,1,4,2,-4.0,10.0,-10.0,4.0
g20260833_ky03,184,1511064623,"[17500, 25100, 33700, 23700]",4,2,1,3,-10.0,4.0,10.0,-4.0
g20260833_ky03,185,1511064624,"[14400, 25600, 36000, 24000]",4,2,1,3,-10.0,4.0,10.0,-4.0
g20260833_ky03,186,1511064625,"[12300, 34500, 29900, 23300]",4,1,2,3,-10.0,10.0,4.0,-4.0
g20260833_ky03,187,1511064626,"[19300, 24500, 26000, 30200]",4,3,2,1,-10.0,-4.0,4.0,10.0
g20260833_ky03,188,1511064627,"[36500, 21400, 23700, 18400]",1,3,2,4,10.0,-4.0,4.0,-10.0
g20260833_ky03,189,1511064628,"[24300, 18900, 31000, 25800]",3,4,1,2,-4.0,-10.0,10.0,4.0
g20260833_ky03,190,1511064629,"[20600, 28200, 20800, 30400]",4,2,3,1,-10.0,4.0,-4.0,10.0
g20260833_ky03,191,1511064630,"[37900, 27700, 35300, -900]",1,3,2,4,10.0,-4.0,4.0,-10.0
g20260834_ky06,0,1511064456,"[20600, 19300, 22000, 38100]",3,4,2,1,-4.0,-10.0,4.0,10.0
g20260834_ky06,1,1511064457,"[21000, 19300, 28700, 31000]",3,4,2,1,-4.0,-10.0,4.0,10.0
g20260834_ky06,2,1511064458,"[18200, 30100, 25700, 26000]",4,1,3,2,-10.0,10.0,-4.0,4.0
g20260834_ky06,3,1511064459,"[24900, 15700, 31300, 28100]",3,4,1,2,-4.0,-10.0,10.0,4.0
g20260834_ky06,4,1511064460,"[16700, 19000, 28400, 35900]",4,3,2,1,-10.0,-4.0,4.0,10.0
g20260834_ky06,5,1511064461,"[16500, 21800, 30200, 30500]",4,3,2,1,-10.0,-4.0,4.0,10.0
g20260834_ky06,6,1511064462,"[18000, 14500, 29700, 37800]",3,4,2,1,-4.0,-10.0,4.0,10.0
g20260834_ky06,7,1511064463,"[16000, 18300, 27700, 38000]",4,3,2,1,-10.0,-4.0,4.0,10.0
g20260834_ky06,8,1511064464,"[18000, 17400, 29700, 34900]",3,4,2,1,-4.0,-10.0,4.0,10.0
g20260834_ky06,9,1511064465,"[13400, 30900, 27700, 28000]",4,1,3,2,-10.0,10.0,-4.0,4.0
g20260834_ky06,10,1511064466,"[17500, 22300, 29200, 31000]",4,3,2,1,-10.0,-4.0,4.0,10.0
g20260834_ky06,11,1511064467,"[18000, 20300, 34900, 26800]",4,3,1,2,-10.0,-4.0,10.0,4.0
g20260834_ky06,12,1511064468,"[21000, 20300, 26700, 32000]",3,4,2,1,-4.0,-10.0,4.0,10.0
g20260834_ky06,13,1511064469,"[19300, 19000, 32300, 29400]",3,4,1,2,-4.0,-10.0,10.0,4.0
g20260834_ky06,14,1511064470,"[16500, 23300, 29200, 31000]",4,3,2,1,-10.0,-4.0,4.0,10.0
g20260834_ky06,15,1511064471,"[18000, 13900, 36100, 32000]",3,4,1,2,-4.0,-10.0,10.0,4.0
g20260834_ky06,16,1511064472,"[17000, 7700, 29700, 45600]",3,4,2,1,-4.0,-10.0,4.0,10.0
g20260834_ky06,17,1511064473,"[16000, 19300, 32700, 32000]",4,3,1,2,-10.0,-4.0,10.0,4.0
g20260834_ky06,18,1511064474,"[16500, 20300, 29700, 33500]",4,3,2,1,-10.0,-4.0,4.0,10.0
g20260834_ky06,19,1511064475,"[26000, 12300, 29700, 32000]",3,4,2,1,-4.0,-10.0,4.0,10.0
g20260834_ky06,20,1511064476,"[16700, 22400, 29400, 31500]",4,3,2,1,-10.0,-4.0,4.0,10.0
g20260834_ky06,21,1511064477,"[19300, 20300, 29700, 30700]",4,3,2,1,-10.0,-4.0,4.0,10.0
g20260834_ky06,22,1511064478,"[18000, 22300, 27700, 32000]",4,3,2,1,-10.0,-4.0,4.0,10.0
g20260834_ky06,23,1511064479,"[25000, 12600, 34900, 27500]",3,4,1,2,-4.0,-10.0,10.0,4.0
g20260834_ky06,24,1511064480,"[16000, 19300, 34700, 30000]",4,3,1,2,-10.0,-4.0,10.0,4.0
g20260834_ky06,25,1511064481,"[15100, 20300, 29700, 34900]",4,3,2,1,-10.0,-4.0,4.0,10.0
g20260834_ky06,26,1511064482,"[21900, 16400, 29700, 32000]",3,4,2,1,-4.0,-10.0,4.0,10.0
g20260834_ky06,27,1511064483,"[16700, 19000, 34900, 29400]",4,3,1,2,-10.0,-4.0,10.0,4.0
g20260834_ky06,28,1511064484,"[10300, 20300, 37400, 32000]",4,3,1,2,-10.0,-4.0,10.0,4.0
g20260834_ky06,29,1511064485,"[19000, 21300, 26700, 33000]",4,3,2,1,-10.0,-4.0,4.0,10.0
g20260834_ky06,30,1511064486,"[13900, 21000, 27400, 37700]",4,3,2,1,-10.0,-4.0,4.0,10.0
g20260834_ky06,31,1511064487,"[20800, 18300, 27700, 33200]",3,4,2,1,-4.0,-10.0,4.0,10.0
g20260834_ky06,32,1511064488,"[18000, 28000, 22000, 32000]",4,2,3,1,-10.0,4.0,-4.0,10.0
g20260834_ky06,33,1511064489,"[23500, 20800, 31200, 23500]",2,4,1,3,4.0,-10.0,10.0,-4.0
g20260834_ky06,34,1511064490,"[22000, 17300, 27700, 33000]",3,4,2,1,-4.0,-10.0,4.0,10.0
g20260834_ky06,35,1511064491,"[20000, 19300, 28700, 31000]",3,4,2,1,-4.0,-10.0,4.0,10.0
g20260834_ky06,36,1511064492,"[18000, 21300, 28700, 32000]",4,3,2,1,-10.0,-4.0,4.0,10.0
g20260834_ky06,37,1511064493,"[12800, 25500, 29700, 32000]",4,3,2,1,-10.0,-4.0,4.0,10.0
g20260834_ky06,38,1511064494,"[15100, 20300, 29700, 34900]",4,3,2,1,-10.0,-4.0,4.0,10.0
g20260834_ky06,39,1511064495,"[19600, 12600, 29700, 38100]",3,4,2,1,-4.0,-10.0,4.0,10.0
g20260834_ky06,40,1511064496,"[18000, 12600, 29700, 39700]",3,4,2,1,-4.0,-10.0,4.0,10.0
g20260834_ky06,41,1511064497,"[18000, 20300, 32300, 29400]",4,3,1,2,-10.0,-4.0,10.0,4.0
g20260834_ky06,42,1511064498,"[18500, 21800, 28200, 30500]",4,3,2,1,-10.0,-4.0,4.0,10.0
g20260834_ky06,43,1511064499,"[16700, 19000, 28400, 35900]",4,3,2,1,-10.0,-4.0,4.0,10.0
g20260834_ky06,44,1511064500,"[18000, 22900, 27100, 32000]",4,3,2,1,-10.0,-4.0,4.0,10.0
g20260834_ky06,45,1511064501,"[18000, 20300, 28200, 33500]",4,3,2,1,-10.0,-4.0,4.0,10.0
g20260834_ky06,46,1511064502,"[18000, 20300, 33600, 28100]",4,3,1,2,-10.0,-4.0,10.0,4.0
g20260834_ky06,47,1511064503,"[10000, 20300, 37700, 32000]",4,3,1,2,-10.0,-4.0,10.0,4.0
g20260834_ky06,48,1511064504,"[30500, 19200, 26600, 23700]",1,4,2,3,10.0,-10.0,4.0,-4.0
g20260834_ky06,49,1511064505,"[17000, 23300, 28700, 31000]",4,3,2,1,-10.0,-4.0,4.0,10.0
g20260834_ky06,50,1511064506,"[17500, 19800, 31700, 31000]",4,3,1,2,-10.0,-4.0,10.0,4.0
g20260834_ky06,51,1511064507,"[21000, 19300, 28700, 31000]",3,4,2,1,-4.0,-10.0,4.0,10.0
g20260834_ky06,52,1511064508,"[19500, 21800, 28200, 30500]",4,3,2,1,-10.0,-4.0,4.0,10.0
g20260834_ky06,53,1511064509,"[17300, 23000, 29000, 30700]",4,3,2,1,-10.0,-4.0,4.0,10.0
g20260834_ky06,54,1511064510,"[19500, 21800, 28200, 30500]",4,3,2,1,-10.0,-4.0,4.0,10.0
g20260834_ky06,55,1511064511,"[16000, 20300, 31700, 32000]",4,3,2,1,-10.0,-4.0,4.0,10.0
g20260834_ky06,56,1511064512,"[21900, 16400, 29700, 32000]",3,4,2,1,-4.0,-10.0,4.0,10.0
g20260834_ky06,57,1511064513,"[18000, 20300, 31700, 30000]",4,3,1,2,-10.0,-4.0,10.0,4.0
g20260834_ky06,58,1511064514,"[17000, 19300, 28700, 35000]",4,3,2,1,-10.0,-4.0,4.0,10.0
g20260834_ky06,59,1511064515,"[17700, 21400, 29400, 31500]",4,3,2,1,-10.0,-4.0,4.0,10.0
g20260834_ky06,60,1511064516,"[20000, 20300, 27700, 32000]",4,3,2,1,-10.0,-4.0,4.0,10.0
g20260834_ky06,61,1511064517,"[17300, 19600, 32400, 30700]",4,3,1,2,-10.0,-4.0,10.0,4.0
g20260834_ky06,62,1511064518,"[26000, 20300, 21700, 32000]",2,4,3,1,4.0,-10.0,-4.0,10.0
g20260834_ky06,63,1511064519,"[18000, 20300, 28200, 33500]",4,3,2,1,-10.0,-4.0,4.0,10.0
g20260836_ky01,0,1511064473,"[11000, 26500, 15200, 46300]",4,2,3,1,-10.0,4.0,-4.0,10.0
g20260836_ky01,1,1511064474,"[23000, 55600, -600, 22000]",2,1,4,3,4.0,10.0,-10.0,-4.0
g20260836_ky01,2,1511064475,"[27900, 32700, 40000, -600]",3,2,1,4,-4.0,4.0,10.0,-10.0
g20260836_ky01,3,1511064476,"[38000, 31400, 14200, 16400]",1,2,4,3,10.0,4.0,-10.0,-4.0
g20260836_ky01,4,1511064477,"[13200, 36500, 33100, 17200]",4,1,2,3,-10.0,10.0,4.0,-4.0
g20260836_ky01,5,1511064478,"[44400, 27400, 17300, 10900]",1,2,3,4,10.0,4.0,-4.0,-10.0
g20260836_ky01,6,1511064479,"[16700, 41800, 11200, 30300]",3,1,4,2,-4.0,10.0,-10.0,4.0
g20260836_ky01,7,1511064480,"[29700, 24500, 14400, 31400]",2,3,4,1,4.0,-4.0,-10.0,10.0
g20260836_ky01,8,1511064481,"[21200, 23400, 16200, 39200]",3,2,4,1,-4.0,4.0,-10.0,10.0
g20260836_ky01,9,1511064482,"[29100, 14000, 23900, 33000]",2,4,3,1,4.0,-10.0,-4.0,10.0
g20260836_ky01,10,1511064483,"[18100, 26900, 24400, 30600]",4,2,3,1,-10.0,4.0,-4.0,10.0
g20260836_ky01,11,1511064484,"[19300, 32300, 45300, 3100]",3,2,1,4,-4.0,4.0,10.0,-10.0
g20260836_ky01,12,1511064485,"[-7500, 23000, 54900, 29600]",4,3,1,2,-10.0,-4.0,10.0,4.0
g20260836_ky01,13,1511064486,"[34200, 32100, 21700, 12000]",1,2,3,4,10.0,4.0,-4.0,-10.0
g20260836_ky01,14,1511064487,"[13100, 34200, 16600, 36100]",4,2,3,1,-10.0,4.0,-4.0,10.0
g20260836_ky01,15,1511064488,"[43200, 29300, 9000, 18500]",1,2,4,3,10.0,4.0,-10.0,-4.0
g20260836_ky01,16,1511064489,"[10600, 12200, 37600, 39600]",4,3,2,1,-10.0,-4.0,4.0,10.0
g20260836_ky01,17,1511064490,"[13100, 21800, 28300, 35800]",4,3,2,1,-10.0,-4.0,4.0,10.0
g20260836_ky01,18,1511064491,"[-3000, 44500, 34300, 24200]",4,1,2,3,-10.0,10.0,4.0,-4.0
g20260836_ky01,19,1511064492,"[26300, 26600, 34800, 12300]",3,2,1,4,-4.0,4.0,10.0,-10.0
g20260836_ky01,20,1511064493,"[35100, 41800, -400, 23500]",2,1,4,3,4.0,10.0,-10.0,-4.0
g20260836_ky01,21,1511064494,"[15100, 21000, 26000, 37900]",4,3,2,1,-10.0,-4.0,4.0,10.0
g20260836_ky01,22,1511064495,"[13900, 11600, 30900, 43600]",3,4,2,1,-4.0,-10.0,4.0,10.0
g20260836_ky01,23,1511064496,"[32300, 46400, 13400, 7900]",2,1,3,4,4.0,10.0,-4.0,-10.0
g20260836_ky01,24,1511064497,"[33300, 22100, 30200, 14400]",1,3,2,4,10.0,-4.0,4.0,-10.0
g20260836_ky01,25,1511064498,"[37200, 28500, 22000, 12300]",1,2,3,4,10.0,4.0,-4.0,-10.0
g20260836_ky01,26,1511064499,"[12300, 17200, 17800, 52700]",4,3,2,1,-10.0,-4.0,4.0,10.0
g20260836_ky01,27,1511064500,"[6400, 18800, 31200, 43600]",4,3,2,1,-10.0,-4.0,4.0,10.0
g20260836_ky01,28,1511064501,"[7900, 40100, 25700, 26300]",4,1,3,2,-10.0,10.0,-4.0,4.0
g20260836_ky01,29,1511064502,"[25000, 33200, 15200, 26600]",3,1,4,2,-4.0,10.0,-10.0,4.0
g20260836_ky01,30,1511064503,"[41000, 16400, 22700, 19900]",1,4,2,3,10.0,-10.0,4.0,-4.0
g20260836_ky01,31,1511064504,"[34100, 25900, 18800, 21200]",1,2,4,3,10.0,4.0,-10.0,-4.0
g20260836_ky01,32,1511064505,"[19300, 8000, 53300, 19400]",3,4,1,2,-4.0,-10.0,10.0,4.0
g20260836_ky01,33,1511064506,"[46100, 20900, 27200, 5800]",1,3,2,4,10.0,-4.0,4.0,-10.0
g20260836_ky01,34,1511064507,"[5800, 27800, 25600, 40800]",4,2,3,1,-10.0,4.0,-4.0,10.0
g20260836_ky01,35,1511064508,"[21700, 36900, -6800, 48200]",3,2,4,1,-4.0,4.0,-10.0,10.0
g20260836_ky01,36,1511064509,"[18900, 14400, 32600, 34100]",3,4,2,1,-4.0,-10.0,4.0,10.0
g20260836_ky01,37,1511064510,"[15400, 40600, 8500, 35500]",3,1,4,2,-4.0,10.0,-10.0,4.0
g20260836_ky01,38,1511064511,"[39800, 3900, 28000, 28300]",1,4,3,2,10.0,-10.0,-4.0,4.0
g20260836_ky01,39,1511064512,"[22500, 39600, 19000, 18900]",2,1,3,4,4.0,10.0,-4.0,-10.0
g20260836_ky01,40,1511064513,"[24700, 23800, 41400, 10100]",2,3,1,4,4.0,-4.0,10.0,-10.0
g20260836_ky01,41,1511064514,"[18300, 15100, 29500, 37100]",3,4,2,1,-4.0,-10.0,4.0,10.0
g20260836_ky01,42,1511064515,"[28400, 32400, 15700, 23500]",2,1,4,3,4.0,10.0,-10.0,-4.0
g20260836_ky01,43,1511064516,"[22900, 42800, -1300, 35600]",3,1,4,2,-4.0,10.0,-10.0,4.0
g20260836_ky01,44,1511064517,"[29500, 18200, 20900, 31400]",2,4,3,1,4.0,-10.0,-4.0,10.0
g20260836_ky01,45,1511064518,"[1600, 23500, 21400, 53500]",4,2,3,1,-10.0,4.0,-4.0,10.0
g20260836_ky01,46,1511064519,"[20900, 48700, 13000, 17400]",2,1,4,3,4.0,10.0,-10.0,-4.0
g20260836_ky01,47,1511064520,"[27900, 23600, 30600, 17900]",2,3,1,4,4.0,-4.0,10.0,-10.0
g20260836_ky01,48,1511064521,"[-2900, 30500, 49800, 22600]",4,2,1,3,-10.0,4.0,10.0,-4.0
g20260836_ky01,49,1511064522,"[12200, 28900, 35900, 23000]",4,2,1,3,-10.0,4.0,10.0,-4.0
g20260836_ky01,50,1511064523,"[12200, 28900, 42100, 16800]",4,2,1,3,-10.0,4.0,10.0,-4.0
g20260836_ky01,51,1511064524,"[8200, 29100, 32100, 30600]",4,3,1,2,-10.0,-4.0,10.0,4.0
g20260836_ky01,52,1511064525,"[22500, 33000, 20300, 24200]",3,1,4,2,-4.0,10.0,-10.0,4.0
g20260836_ky01,53,1511064526,"[38500, 27000, 9800, 24700]",1,2,4,3,10.0,4.0,-10.0,-4.0
g20260836_ky01,54,1511064527,"[17400, 20000, 24600, 35000]",4,3,2,1,-10.0,-4.0,4.0,10.0
g20260836_ky01,55,1511064528,"[27500, 30800, 32200, 9500]",3,2,1,4,-4.0,4.0,10.0,-10.0
g20260836_ky01,56,1511064529,"[12000, 39700, 30400, 15900]",4,1,2,3,-10.0,10.0,4.0,-4.0
g20260836_ky01,57,1511064530,"[21400, 37000, 6800, 34800]",3,1,4,2,-4.0,10.0,-10.0,4.0
g20260836_ky01,58,1511064531,"[48300, 18200, 13600, 19900]",1,3,4,2,10.0,-4.0,-10.0,4.0
g20260836_ky01,59,1511064532,"[35000, 25900, 18400, 20700]",1,2,4,3,10.0,4.0,-10.0,-4.0
g20260836_ky01,60,1511064533,"[13800, 21500, 34000, 29700]",4,3,1,2,-10.0,-4.0,10.0,4.0
g20260836_ky01,61,1511064534,"[22700, 42300, 10800, 24200]",3,1,4,2,-4.0,10.0,-10.0,4.0
g20260836_ky01,62,1511064535,"[32100, 21100, 27700, 19100]",1,3,2,4,10.0,-4.0,4.0,-10.0
g20260836_ky01,63,1511064536,"[18500, 37200, 30200, 14100]",3,1,2,4,-4.0,10.0,4.0,-10.0
g20260836_ky01,64,1511064537,"[32500, 19000, 31100, 17400]",1,3,2,4,10.0,-4.0,4.0,-10.0
g20260836_ky01,65,1511064538,"[30600, 20100, 21800, 27500]",1,4,3,2,10.0,-10.0,-4.0,4.0
g20260836_ky01,66,1511064539,"[13400, 24100, 39800, 22700]",4,2,1,3,-10.0,4.0,10.0,-4.0
g20260836_ky01,67,1511064540,"[20300, 36700, 11200, 30800]",3,1,4,2,-4.0,10.0,-10.0,4.0
g20260836_ky01,68,1511064541,"[39900, 23500, 26700, 9900]",1,3,2,4,10.0,-4.0,4.0,-10.0
g20260836_ky01,69,1511064542,"[37500, 14900, 15100, 32500]",1,4,3,2,10.0,-10.0,-4.0,4.0
g20260836_ky01,70,1511064543,"[30600, 28200, 18700, 22500]",1,2,4,3,10.0,4.0,-10.0,-4.0
g20260836_ky01,71,1511064544,"[23800, 16600, 27900, 31700]",3,4,2,1,-4.0,-10.0,4.0,10.0
g20260836_ky01,72,1511064545,"[25400, 50900, 16700, 7000]",2,1,3,4,4.0,10.0,-4.0,-10.0
g20260836_ky01,73,1511064546,"[31000, 31700, 24000, 13300]",2,1,3,4,4.0,10.0,-4.0,-10.0
g20260836_ky01,74,1511064547,"[14100, 32700, 24600, 28600]",4,1,3,2,-10.0,10.0,-4.0,4.0
g20260836_ky01,75,1511064548,"[-2200, 43500, 24100, 34600]",4,1,3,2,-10.0,10.0,-4.0,4.0
g20260836_ky01,76,1511064549,"[37000, 19700, 33200, 10100]",1,3,2,4,10.0,-4.0,4.0,-10.0
g20260836_ky01,77,1511064550,"[24500, 11200, 24900, 36400]",3,4,2,1,-4.0,-10.0,4.0,10.0
g20260836_ky01,78,1511064551,"[-200, 30800, 39000, 30400]",4,2,1,3,-10.0,4.0,10.0,-4.0
g20260836_ky01,79,1511064552,"[37300, 21000, 10100, 31600]",1,3,4,2,10.0,-4.0,-10.0,4.0
g20260836_ky01,80,1511064553,"[28800, 39800, 11100, 20300]",2,1,4,3,4.0,10.0,-10.0,-4.0
g20260836_ky01,81,1511064554,"[40700, -800, 31400, 28700]",1,4,2,3,10.0,-10.0,4.0,-4.0
g20260836_ky01,82,1511064555,"[49600, -1900, 34900, 17400]",1,4,2,3,10.0,-10.0,4.0,-4.0
g20260836_ky01,83,1511064556,"[46100, 23300, 1200, 29400]",1,3,4,2,10.0,-4.0,-10.0,4.0
g20260836_ky01,84,1511064557,"[20700, 51200, 11200, 16900]",2,1,4,3,4.0,10.0,-10.0,-4.0
g20260836_ky01,85,1511064558,"[49500, 2500, 26500, 21500]",1,4,2,3,10.0,-10.0,4.0,-4.0
g20260836_ky01,86,1511064559,"[21300, 14900, 14700, 49100]",2,3,4,1,4.0,-4.0,-10.0,10.0
g20260836_ky01,87,1511064560,"[22600, 22200, 41100, 14100]",2,3,1,4,4.0,-4.0,10.0,-10.0
g20260836_ky01,88,1511064561,"[21000, 32400, 20600, 26000]",3,1,4,2,-4.0,10.0,-10.0,4.0
g20260836_ky01,89,1511064562,"[22300, 12600, 38000, 27100]",3,4,1,2,-4.0,-10.0,10.0,4.0
g20260836_ky01,90,1511064563,"[33400, 27000, 12000, 27600]",1,3,4,2,10.0,-4.0,-10.0,4.0
g20260836_ky01,91,1511064564,"[33900, 23600, 11000, 31500]",1,3,4,2,10.0,-4.0,-10.0,4.0
g20260836_ky01,92,1511064565,"[30000, 28300, 32500, 9200]",2,3,1,4,4.0,-4.0,10.0,-10.0
g20260836_ky01,93,1511064566,"[32800, 25500, 22300, 19400]",1,2,3,4,10.0,4.0,-4.0,-10.0
g20260836_ky01,94,1511064567,"[15900, 22200, 36700, 25200]",4,3,1,2,-10.0,-4.0,10.0,4.0
g20260836_ky01,95,1511064568,"[16600, 29900, 21200, 32300]",4,2,3,1,-10.0,4.0,-4.0,10.0
g20260836_ky01,96,1511064569,"[40900, 3000, 33100, 23000]",1,4,2,3,10.0,-10.0,4.0,-4.0
g20260836_ky01,97,1511064570,"[20500, 18300, 39600, 21600]",3,4,1,2,-4.0,-10.0,10.0,4.0
g20260836_ky01,98,1511064571,"[23600, 19600, 26000, 30800]",3,4,2,1,-4.0,-10.0,4.0,10.0
g20260836_ky01,99,1511064572,"[17000, 14500, 47100, 21400]",3,4,1,2,-4.0,-10.0,10.0,4.0
g20260836_ky01,100,1511064573,"[13600, 33400, 28300, 24700]",4,1,2,3,-10.0,10.0,4.0,-4.0
g20260836_ky01,101,1511064574,"[25500, 8300, 19400, 46800]",2,4,3,1,4.0,-10.0,-4.0,10.0
g20260836_ky01,102,1511064575,"[25200, 9700, 19600, 45500]",2,4,3,1,4.0,-10.0,-4.0,10.0
g20260836_ky01,103,1511064576,"[8900, 16700, 42200, 32200]",4,3,1,2,-10.0,-4.0,10.0,4.0
g20260836_ky01,104,1511064577,"[31000, 28000, 35900, 5100]",2,3,1,4,4.0,-4.0,10.0,-10.0
g20260836_ky01,105,1511064578,"[14900, 28000, 35000, 22100]",4,2,1,3,-10.0,4.0,10.0,-4.0
g20260836_ky01,106,1511064579,"[33400, 11100, 28900, 26600]",1,4,2,3,10.0,-10.0,4.0,-4.0
g20260836_ky01,107,1511064580,"[15800, 31200, 37000, 16000]",4,2,1,3,-10.0,4.0,10.0,-4.0
g20260836_ky01,108,1511064581,"[48000, 20000, 8000, 24000]",1,3,4,2,10.0,-4.0,-10.0,4.0
g20260836_ky01,109,1511064582,"[37100, 14300, 35400, 13200]",1,3,2,4,10.0,-4.0,4.0,-10.0
g20260836_ky01,110,1511064583,"[21900, 28500, 34100, 15500]",3,2,1,4,-4.0,4.0,10.0,-10.0
g20260836_ky01,111,1511064584,"[24000, 31900, 24900, 19200]",3,1,2,4,-4.0,10.0,4.0,-10.0
g20260836_ky01,112,1511064585,"[18900, -1800, 32100, 50800]",3,4,2,1,-4.0,-10.0,4.0,10.0
g20260836_ky01,113,1511064586,"[19600, 22900, 37900, 19600]",3,2,1,4,-4.0,4.0,10.0,-10.0
g20260836_ky01,114,1511064587,"[17800, 34800, 5400, 42000]",3,2,4,1,-4.0,4.0,-10.0,10.0
g20260836_ky01,115,1511064588,"[25000, 42100, 12800, 20100]",2,1,4,3,4.0,10.0,-10.0,-4.0
g20260836_ky01,116,1511064589,"[29500, 38800, 16000, 15700]",2,1,3,4,4.0,10.0,-4.0,-10.0
g20260836_ky01,117,1511064590,"[37600, 32700, 1400, 28300]",1,2,4,3,10.0,4.0,-10.0,-4.0
g20260836_ky01,118,1511064591,"[11000, 29400, 19000, 40600]",4,2,3,1,-10.0,4.0,-4.0,10.0
g20260836_ky01,119,1511064592,"[12800, 36400, 43500, 7300]",3,2,1,4,-4.0,4.0,10.0,-10.0
g20260836_ky01,120,1511064593,"[27200, 32100, 25400, 15300]",2,1,3,4,4.0,10.0,-4.0,-10.0
g20260836_ky01,121,1511064594,"[13900, 19300, 36200, 29600]",4,3,1,2,-10.0,-4.0,10.0,4.0
g20260836_ky01,122,1511064595,"[15600, 24300, 45700, 14400]",3,2,1,4,-4.0,4.0,10.0,-10.0
g20260836_ky01,123,1511064596,"[32100, 30900, 16700, 18300]",1,2,4,3,10.0,4.0,-10.0,-4.0
g20260836_ky01,124,1511064597,"[37500, 20900, 27500, 14100]",1,3,2,4,10.0,-4.0,4.0,-10.0
g20260836_ky01,125,1511064598,"[32600, 15900, 23200, 28300]",1,4,3,2,10.0,-10.0,-4.0,4.0
g20260836_ky01,126,1511064599,"[23300, 19100, 30500, 26100]",3,4,1,2,-4.0,-10.0,10.0,4.0
g20260836_ky01,127,1511064600,"[21700, 34300, 23500, 19500]",3,1,2,4,-4.0,10.0,4.0,-10.0
g20260836_ky01,128,1511064601,"[30900, 20900, 24300, 23900]",1,4,2,3,10.0,-10.0,4.0,-4.0
g20260836_ky01,129,1511064602,"[17300, 34600, 29900, 18200]",4,1,2,3,-10.0,10.0,4.0,-4.0
g20260836_ky01,130,1511064603,"[27200, 15700, 33100, 24000]",2,4,1,3,4.0,-10.0,10.0,-4.0
g20260836_ky01,131,1511064604,"[19200, 29500, 21300, 30000]",4,2,3,1,-10.0,4.0,-4.0,10.0
g20260836_ky01,132,1511064605,"[16700, 37300, 22700, 23300]",4,1,3,2,-10.0,10.0,-4.0,4.0
g20260836_ky01,133,1511064606,"[23100, 17800, 27900, 31200]",3,4,2,1,-4.0,-10.0,4.0,10.0
g20260836_ky01,134,1511064607,"[37200, 20700, 29900, 12200]",1,3,2,4,10.0,-4.0,4.0,-10.0
g20260836_ky01,135,1511064608,"[14100, 43800, 25100, 17000]",4,1,2,3,-10.0,10.0,4.0,-4.0
g20260836_ky01,136,1511064609,"[27300, 18500, 30900, 23300]",2,4,1,3,4.0,-10.0,10.0,-4.0
g20260836_ky01,137,1511064610,"[33500, 21200, 11900, 33400]",1,3,4,2,10.0,-4.0,-10.0,4.0
g20260836_ky01,138,1511064611,"[29600, 13300, 20900, 36200]",2,4,3,1,4.0,-10.0,-4.0,10.0
g20260836_ky01,139,1511064612,"[22900, 12000, 41200, 23900]",3,4,1,2,-4.0,-10.0,10.0,4.0
g20260836_ky01,140,1511064613,"[18900, 29700, 42700, 8700]",3,2,1,4,-4.0,4.0,10.0,-10.0
g20260836_ky01,141,1511064614,"[40800, 26900, 7100, 25200]",1,2,4,3,10.0,4.0,-10.0,-4.0
g20260836_ky01,142,1511064615,"[35300, 15500, 22900, 25300]",1,4,3,2,10.0,-10.0,-4.0,4.0
g20260836_ky01,143,1511064616,"[14700, 30500, 44300, 10500]",3,2,1,4,-4.0,4.0,10.0,-10.0
g20260836_ky01,144,1511064617,"[10600, 28600, 25200, 35600]",4,2,3,1,-10.0,4.0,-4.0,10.0
g20260836_ky01,145,1511064618,"[32200, 25400, 14700, 27700]",1,3,4,2,10.0,-4.0,-10.0,4.0
g20260836_ky01,146,1511064619,"[33700, 19500, 26700, 20100]",1,4,2,3,10.0,-10.0,4.0,-4.0
g20260836_ky01,147,1511064620,"[31100, 7000, 27300, 34600]",2,4,3,1,4.0,-10.0,-4.0,10.0
g20260836_ky01,148,1511064621,"[20500, 26900, 32900, 19700]",3,2,1,4,-4.0,4.0,10.0,-10.0
g20260836_ky01,149,1511064622,"[16500, 46200, 18900, 18400]",4,1,2,3,-10.0,10.0,4.0,-4.0
g20260836_ky01,150,1511064623,"[26600, 36300, 20200, 16900]",2,1,3,4,4.0,10.0,-4.0,-10.0
g20260836_ky01,151,1511064624,"[21500, 20300, 30800, 27400]",3,4,1,2,-4.0,-10.0,10.0,4.0
g20260836_ky01,152,1511064625,"[13800, 36200, 18900, 31100]",4,1,3,2,-10.0,10.0,-4.0,4.0
g20260836_ky01,153,1511064626,"[29600, 35800, 10500, 24100]",2,1,4,3,4.0,10.0,-10.0,-4.0
g20260836_ky01,154,1511064627,"[31400, 9400, 26800, 32400]",2,4,3,1,4.0,-10.0,-4.0,10.0
g20260836_ky01,155,1511064628,"[32700, 15000, 11100, 41200]",2,3,4,1,4.0,-4.0,-10.0,10.0
g20260836_ky01,156,1511064629,"[23400, 39700, 25000, 11900]",3,1,2,4,-4.0,10.0,4.0,-10.0
g20260836_ky01,157,1511064630,"[13600, 44500, 22200, 19700]",4,1,2,3,-10.0,10.0,4.0,-4.0
g20260836_ky01,158,1511064631,"[42900, 26700, 9300, 21100]",1,2,4,3,10.0,4.0,-10.0,-4.0
g20260836_ky01,159,1511064632,"[21100, 44600, 28400, 5900]",3,1,2,4,-4.0,10.0,4.0,-10.0
g20260836_ky01,160,1511064633,"[31400, 28700, 12500, 27400]",1,2,4,3,10.0,4.0,-10.0,-4.0
g20260836_ky01,161,1511064634,"[29400, 18400, 49400, 2800]",2,3,1,4,4.0,-4.0,10.0,-10.0
g20260836_ky01,162,1511064635,"[27400, 36800, 13100, 22700]",2,1,4,3,4.0,10.0,-10.0,-4.0
g20260836_ky01,163,1511064636,"[41500, 22800, 15900, 19800]",1,2,4,3,10.0,4.0,-10.0,-4.0
g20260836_ky01,164,1511064637,"[23300, 12800, 16600, 47300]",2,4,3,1,4.0,-10.0,-4.0,10.0
g20260836_ky01,165,1511064638,"[20400, 29400, 34800, 15400]",3,2,1,4,-4.0,4.0,10.0,-10.0
g20260836_ky01,166,1511064639,"[24000, 27000, 24300, 24700]",4,1,3,2,-10.0,10.0,-4.0,4.0
g20260836_ky01,167,1511064640,"[13400, 22000, 28800, 35800]",4,3,2,1,-10.0,-4.0,4.0,10.0
g20260836_ky01,168,1511064641,"[24000, 46300, 27300, 2400]",3,1,2,4,-4.0,10.0,4.0,-10.0
g20260836_ky01,169,1511064642,"[22900, 18400, 18100, 40600]",2,3,4,1,4.0,-4.0,-10.0,10.0
g20260836_ky01,170,1511064643,"[16800, 15400, 21900, 45900]",3,4,2,1,-4.0,-10.0,4.0,10.0
g20260836_ky01,171,1511064644,"[18900, 26300, 24500, 30300]",4,2,3,1,-10.0,4.0,-4.0,10.0
g20260836_ky01,172,1511064645,"[18700, 22900, 33800, 24600]",4,3,1,2,-10.0,-4.0,10.0,4.0
g20260836_ky01,173,1511064646,"[22400, 22000, 42700, 12900]",2,3,1,4,4.0,-4.0,10.0,-10.0
g20260836_ky01,174,1511064647,"[6000, 26600, 30800, 36600]",4,3,2,1,-10.0,-4.0,4.0,10.0
g20260836_ky01,175,1511064648,"[9900, 36700, 22200, 31200]",4,1,3,2,-10.0,10.0,-4.0,4.0
g20260836_ky01,176,1511064649,"[200, 34000, 35700, 30100]",4,2,1,3,-10.0,4.0,10.0,-4.0
g20260836_ky01,177,1511064650,"[28400, 33800, 32600, 5200]",3,1,2,4,-4.0,10.0,4.0,-10.0
g20260836_ky01,178,1511064651,"[21500, 46200, 7000, 25300]",3,1,4,2,-4.0,10.0,-10.0,4.0
g20260836_ky01,179,1511064652,"[23000, 15800, 16500, 44700]",2,4,3,1,4.0,-10.0,-4.0,10.0
g20260836_ky01,180,1511064653,"[21300, 19200, 27100, 32400]",3,4,2,1,-4.0,-10.0,4.0,10.0
g20260836_ky01,181,1511064654,"[15200, 56500, 20700, 7600]",3,1,2,4,-4.0,10.0,4.0,-10.0
g20260836_ky01,182,1511064655,"[32600, 40700, 17700, 9000]",2,1,3,4,4.0,10.0,-4.0,-10.0
g20260836_ky01,183,1511064656,"[45400, 17800, 23700, 13100]",1,3,2,4,10.0,-4.0,4.0,-10.0
g20260836_ky01,184,1511064657,"[24100, 16700, 28700, 30500]",3,4,2,1,-4.0,-10.0,4.0,10.0
g20260836_ky01,185,1511064658,"[38000, 3300, 43900, 14800]",2,4,1,3,4.0,-10.0,10.0,-4.0
g20260836_ky01,186,1511064659,"[24600, 19700, 34100, 21600]",2,4,1,3,4.0,-10.0,10.0,-4.0
g20260836_ky01,187,1511064660,"[42400, 14200, -900, 44300]",2,3,4,1,4.0,-4.0,-10.0,10.0
g20260836_ky01,188,1511064661,"[25500, 18500, 26000, 30000]",3,4,2,1,-4.0,-10.0,4.0,10.0
g20260836_ky01,189,1511064662,"[28800, 10600, 22400, 38200]",2,4,3,1,4.0,-10.0,-4.0,10.0
g20260836_ky01,190,1511064663,"[31400, 23600, 24000, 21000]",1,3,2,4,10.0,-4.0,4.0,-10.0
g20260836_ky01,191,1511064664,"[23500, 5700, 38200, 32600]",3,4,1,2,-4.0,-10.0,10.0,4.0
g20260837_ky02,0,1511064490,"[37700, 20600, 19300, 21400]",1,3,4,2,10.0,-4.0,-10.0,4.0
g20260837_ky02,1,1511064491,"[34200, 16900, 18000, 30900]",1,4,3,2,10.0,-10.0,-4.0,4.0
g20260837_ky02,2,1511064492,"[11600, 39500, 16400, 32500]",4,1,3,2,-10.0,10.0,-4.0,4.0
g20260837_ky02,3,1511064493,"[32900, 24500, 16200, 25400]",1,3,4,2,10.0,-4.0,-10.0,4.0
g20260837_ky02,4,1511064494,"[25900, 37800, 39100, -2800]",3,2,1,4,-4.0,4.0,10.0,-10.0
g20260837_ky02,5,1511064495,"[39700, 34100, 11800, 14400]",1,2,4,3,10.0,4.0,-10.0,-4.0
g20260837_ky02,6,1511064496,"[35500, 25900, 26300, 12300]",1,3,2,4,10.0,-4.0,4.0,-10.0
g20260837_ky02,7,1511064497,"[15500, 31000, 32100, 21400]",4,2,1,3,-10.0,4.0,10.0,-4.0
g20260837_ky02,8,1511064498,"[21900, 26500, 10800, 40800]",3,2,4,1,-4.0,4.0,-10.0,10.0
g20260837_ky02,9,1511064499,"[39100, 30800, 16600, 13500]",1,2,3,4,10.0,4.0,-4.0,-10.0
g20260837_ky02,10,1511064500,"[24200, 35600, 5700, 34500]",3,1,4,2,-4.0,10.0,-10.0,4.0
g20260837_ky02,11,1511064501,"[37900, 37800, 5800, 18500]",1,2,4,3,10.0,4.0,-10.0,-4.0
g20260837_ky02,12,1511064502,"[32500, 29500, 22200, 15800]",1,2,3,4,10.0,4.0,-4.0,-10.0
g20260837_ky02,13,1511064503,"[35900, 23400, 14000, 26700]",1,3,4,2,10.0,-4.0,-10.0,4.0
g20260837_ky02,14,1511064504,"[32700, 30600, 20800, 15900]",1,2,3,4,10.0,4.0,-4.0,-10.0
g20260837_ky02,15,1511064505,"[40900, 17500, 15600, 26000]",1,3,4,2,10.0,-4.0,-10.0,4.0
g20260837_ky02,16,1511064506,"[35400, 32900, -800, 32500]",1,2,4,3,10.0,4.0,-10.0,-4.0
g20260837_ky02,17,1511064507,"[42000, 23400, 12400, 21200]",1,2,4,3,10.0,4.0,-10.0,-4.0
g20260837_ky02,18,1511064508,"[28800, 43700, 19100, 8400]",2,1,3,4,4.0,10.0,-4.0,-10.0
g20260837_ky02,19,1511064509,"[39700, 17700, 24100, 18500]",1,4,2,3,10.0,-10.0,4.0,-4.0
g20260837_ky02,20,1511064510,"[25600, 59100, 17200, -1900]",2,1,3,4,4.0,10.0,-4.0,-10.0
g20260837_ky02,21,1511064511,"[49400, 29800, -4300, 25100]",1,2,4,3,10.0,4.0,-10.0,-4.0
g20260837_ky02,22,1511064512,"[40100, 43500, 3700, 11700]",2,1,4,3,4.0,10.0,-10.0,-4.0
g20260837_ky02,23,1511064513,"[30600, 33400, 21500, 14500]",2,1,3,4,4.0,10.0,-4.0,-10.0
g20260837_ky02,24,1511064514,"[42600, 22800, 16700, 16900]",1,2,4,3,10.0,4.0,-10.0,-4.0
g20260837_ky02,25,1511064515,"[40100, 27800, 23800, 8300]",1,2,3,4,10.0,4.0,-4.0,-10.0
g20260837_ky02,26,1511064516,"[30500, 20300, 28500, 20700]",1,4,2,3,10.0,-10.0,4.0,-4.0
g20260837_ky02,27,1511064517,"[38000, 19300, 18100, 24600]",1,3,4,2,10.0,-4.0,-10.0,4.0
g20260837_ky02,28,1511064518,"[22200, 32800, 28700, 16300]",3,1,2,4,-4.0,10.0,4.0,-10.0
g20260837_ky02,29,1511064519,"[24800, 33500, 23500, 18200]",2,1,3,4,4.0,10.0,-4.0,-10.0
g20260837_ky02,30,1511064520,"[40300, 30900, -5600, 34400]",1,3,4,2,10.0,-4.0,-10.0,4.0
g20260837_ky02,31,1511064521,"[43400, 30700, 9400, 16500]",1,2,4,3,10.0,4.0,-10.0,-4.0
g20260837_ky02,32,1511064522,"[25400, 35900, 5500, 33200]",3,1,4,2,-4.0,10.0,-10.0,4.0
g20260837_ky02,33,1511064523,"[36700, 31200, 21600, 10500]",1,2,3,4,10.0,4.0,-4.0,-10.0
g20260837_ky02,34,1511064524,"[27700, 44400, 18000, 9900]",2,1,3,4,4.0,10.0,-4.0,-10.0
g20260837_ky02,35,1511064525,"[34200, 49800, 15000, 1000]",2,1,3,4,4.0,10.0,-4.0,-10.0
g20260837_ky02,36,1511064526,"[31800, 32500, 2200, 33500]",3,2,4,1,-4.0,4.0,-10.0,10.0
g20260837_ky02,37,1511064527,"[52400, 20500, 8600, 17500]",1,2,4,3,10.0,4.0,-10.0,-4.0
g20260837_ky02,38,1511064528,"[37000, 23700, 18700, 20600]",1,2,4,3,10.0,4.0,-10.0,-4.0
g20260837_ky02,39,1511064529,"[36300, 24200, 26200, 13300]",1,3,2,4,10.0,-4.0,4.0,-10.0
g20260837_ky02,40,1511064530,"[33700, 23500, 24300, 18500]",1,3,2,4,10.0,-4.0,4.0,-10.0
g20260837_ky02,41,1511064531,"[34600, 12500, 27400, 25500]",1,4,2,3,10.0,-10.0,4.0,-4.0
g20260837_ky02,42,1511064532,"[23700, 27100, 17900, 31300]",3,2,4,1,-4.0,4.0,-10.0,10.0
g20260837_ky02,43,1511064533,"[46300, 17100, 17700, 18900]",1,4,3,2,10.0,-10.0,-4.0,4.0
g20260837_ky02,44,1511064534,"[36000, 30600, 19800, 13600]",1,2,3,4,10.0,4.0,-4.0,-10.0
g20260837_ky02,45,1511064535,"[19800, 33700, 18500, 28000]",3,1,4,2,-4.0,10.0,-10.0,4.0
g20260837_ky02,46,1511064536,"[37500, 21100, 31100, 10300]",1,3,2,4,10.0,-4.0,4.0,-10.0
g20260837_ky02,47,1511064537,"[38700, -6800, 40700, 27400]",2,4,1,3,4.0,-10.0,10.0,-4.0
g20260837_ky02,48,1511064538,"[29600, 31900, 43500, -5000]",3,2,1,4,-4.0,4.0,10.0,-10.0
g20260837_ky02,49,1511064539,"[33700, 35600, 8800, 21900]",2,1,4,3,4.0,10.0,-10.0,-4.0
g20260837_ky02,50,1511064540,"[24400, 26800, 12300, 36500]",3,2,4,1,-4.0,4.0,-10.0,10.0
g20260837_ky02,51,1511064541,"[20600, 20800, 23500, 35100]",4,3,2,1,-10.0,-4.0,4.0,10.0
g20260837_ky02,52,1511064542,"[39600, 30200, 18400, 11800]",1,2,3,4,10.0,4.0,-4.0,-10.0
g20260837_ky02,53,1511064543,"[32300, 12700, 18000, 37000]",2,4,3,1,4.0,-10.0,-4.0,10.0
g20260837_ky02,54,1511064544,"[21100, 31600, 26500, 20800]",3,1,2,4,-4.0,10.0,4.0,-10.0
g20260837_ky02,55,1511064545,"[32100, 19600, 37300, 11000]",2,3,1,4,4.0,-4.0,10.0,-10.0
g20260837_ky02,56,1511064546,"[22500, 38200, 23800, 15500]",3,1,2,4,-4.0,10.0,4.0,-10.0
g20260837_ky02,57,1511064547,"[51700, 24400, -1900, 25800]",1,3,4,2,10.0,-4.0,-10.0,4.0
g20260837_ky02,58,1511064548,"[37600, 25300, 13700, 23400]",1,2,4,3,10.0,4.0,-10.0,-4.0
g20260837_ky02,59,1511064549,"[30800, 31500, 19300, 18400]",2,1,3,4,4.0,10.0,-4.0,-10.0
g20260837_ky02,60,1511064550,"[26900, 23300, 19700, 30100]",2,3,4,1,4.0,-4.0,-10.0,10.0
g20260837_ky02,61,1511064551,"[36000, 31500, 24200, 8300]",1,2,3,4,10.0,4.0,-4.0,-10.0
g20260837_ky02,62,1511064552,"[35100, 33900, 19900, 11100]",1,2,3,4,10.0,4.0,-4.0,-10.0
g20260837_ky02,63,1511064553,"[37800, 43500, 4700, 14000]",2,1,4,3,4.0,10.0,-10.0,-4.0
g20260837_ky02,64,1511064554,"[37200, 37800, 8700, 16300]",2,1,4,3,4.0,10.0,-10.0,-4.0
g20260837_ky02,65,1511064555,"[49300, 12900, 15300, 22500]",1,4,3,2,10.0,-10.0,-4.0,4.0
g20260837_ky02,66,1511064556,"[27700, 33700, 21300, 17300]",2,1,3,4,4.0,10.0,-4.0,-10.0
g20260837_ky02,67,1511064557,"[28000, 41400, 33600, -3000]",3,1,2,4,-4.0,10.0,4.0,-10.0
g20260837_ky02,68,1511064558,"[37000, 16100, 21800, 25100]",1,4,3,2,10.0,-10.0,-4.0,4.0
g20260837_ky02,69,1511064559,"[33400, 35700, 13000, 17900]",2,1,4,3,4.0,10.0,-10.0,-4.0
g20260837_ky02,70,1511064560,"[26100, 34700, 24500, 14700]",2,1,3,4,4.0,10.0,-4.0,-10.0
g20260837_ky02,71,1511064561,"[9700, 27700, 47700, 14900]",4,2,1,3,-10.0,4.0,10.0,-4.0
g20260837_ky02,72,1511064562,"[45600, 31800, 24900, -2300]",1,2,3,4,10.0,4.0,-4.0,-10.0
g20260837_ky02,73,1511064563,"[31000, 40600, 700, 27700]",2,1,4,3,4.0,10.0,-10.0,-4.0
g20260837_ky02,74,1511064564,"[42900, 28300, 15100, 13700]",1,2,3,4,10.0,4.0,-4.0,-10.0
g20260837_ky02,75,1511064565,"[44800, 21300, 27400, 6500]",1,3,2,4,10.0,-4.0,4.0,-10.0
g20260837_ky02,76,1511064566,"[36100, 19100, 17000, 27800]",1,3,4,2,10.0,-4.0,-10.0,4.0
g20260837_ky02,77,1511064567,"[30800, 44700, 18000, 6500]",2,1,3,4,4.0,10.0,-4.0,-10.0
g20260837_ky02,78,1511064568,"[22100, 37000, 23100, 17800]",3,1,2,4,-4.0,10.0,4.0,-10.0
g20260837_ky02,79,1511064569,"[41700, 29500, 17800, 11000]",1,2,3,4,10.0,4.0,-4.0,-10.0
g20260837_ky02,80,1511064570,"[41000, 23500, 18600, 16900]",1,2,3,4,10.0,4.0,-4.0,-10.0
g20260837_ky02,81,1511064571,"[34200, 22900, 29200, 13700]",1,3,2,4,10.0,-4.0,4.0,-10.0
g20260837_ky02,82,1511064572,"[27500, 31700, 28100, 12700]",3,1,2,4,-4.0,10.0,4.0,-10.0
g20260837_ky02,83,1511064573,"[29800, 37200, 21000, 12000]",2,1,3,4,4.0,10.0,-4.0,-10.0
g20260837_ky02,84,1511064574,"[29600, 31300, 5800, 33300]",3,2,4,1,-4.0,4.0,-10.0,10.0
g20260837_ky02,85,1511064575,"[21800, 25600, 21400, 28200]",3,2,4,1,-4.0,4.0,-10.0,10.0
g20260837_ky02,86,1511064576,"[8700, 26600, 18300, 46400]",4,2,3,1,-10.0,4.0,-4.0,10.0
g20260837_ky02,87,1511064577,"[34100, 35700, -3500, 33700]",2,1,4,3,4.0,10.0,-10.0,-4.0
g20260837_ky02,88,1511064578,"[31200, 15600, 19600, 33600]",2,4,3,1,4.0,-10.0,-4.0,10.0
g20260837_ky02,89,1511064579,"[27000, 36000, 33200, 3800]",3,1,2,4,-4.0,10.0,4.0,-10.0
g20260837_ky02,90,1511064580,"[39000, 42700, -4200, 22500]",2,1,4,3,4.0,10.0,-10.0,-4.0
g20260837_ky02,91,1511064581,"[37700, 34100, -3300, 31500]",1,2,4,3,10.0,4.0,-10.0,-4.0
g20260837_ky02,92,1511064582,"[44000, 23800, 12300, 19900]",1,2,4,3,10.0,4.0,-10.0,-4.0
g20260837_ky02,93,1511064583,"[38500, 43200, 10500, 7800]",2,1,3,4,4.0,10.0,-4.0,-10.0
g20260837_ky02,94,1511064584,"[45800, 33600, -800, 21400]",1,2,4,3,10.0,4.0,-10.0,-4.0
g20260837_ky02,95,1511064585,"[32100, 20300, 28700, 18900]",1,3,2,4,10.0,-4.0,4.0,-10.0
g20260837_ky02,96,1511064586,"[30100, 23400, 29600, 16900]",1,3,2,4,10.0,-4.0,4.0,-10.0
g20260837_ky02,97,1511064587,"[32300, 31000, 18600, 18100]",1,2,3,4,10.0,4.0,-4.0,-10.0
g20260837_ky02,98,1511064588,"[35800, 33000, 15400, 15800]",1,2,4,3,10.0,4.0,-10.0,-4.0
g20260837_ky02,99,1511064589,"[27400, 31800, 10700, 30100]",3,1,4,2,-4.0,10.0,-10.0,4.0
g20260837_ky02,100,1511064590,"[40900, 37600, 15800, 5700]",1,2,3,4,10.0,4.0,-4.0,-10.0
g20260837_ky02,101,1511064591,"[23900, 34300, 17500, 24300]",3,1,4,2,-4.0,10.0,-10.0,4.0
g20260837_ky02,102,1511064592,"[31100, 22200, 35300, 11400]",2,3,1,4,4.0,-4.0,10.0,-10.0
g20260837_ky02,103,1511064593,"[25000, 34200, 19200, 21600]",2,1,4,3,4.0,10.0,-10.0,-4.0
g20260837_ky02,104,1511064594,"[19800, 15300, 36200, 28700]",3,4,1,2,-4.0,-10.0,10.0,4.0
g20260837_ky02,105,1511064595,"[29700, 31700, 4700, 33900]",3,2,4,1,-4.0,4.0,-10.0,10.0
g20260837_ky02,106,1511064596,"[33200, 18500, 21700, 25600]",1,4,3,2,10.0,-10.0,-4.0,4.0
g20260837_ky02,107,1511064597,"[32300, 28300, 15600, 22800]",1,2,4,3,10.0,4.0,-10.0,-4.0
g20260837_ky02,108,1511064598,"[37500, 29400, 12700, 20400]",1,2,4,3,10.0,4.0,-10.0,-4.0
g20260837_ky02,109,1511064599,"[44500, 28800, -4300, 31000]",1,3,4,2,10.0,-4.0,-10.0,4.0
g20260837_ky02,110,1511064600,"[18200, 27200, 22500, 32100]",4,2,3,1,-10.0,4.0,-4.0,10.0
g20260837_ky02,111,1511064601,"[41500, 30800, 17500, 10200]",1,2,3,4,10.0,4.0,-4.0,-10.0
g20260837_ky02,112,1511064602,"[32100, 23400, 25400, 19100]",1,3,2,4,10.0,-4.0,4.0,-10.0
g20260837_ky02,113,1511064603,"[37900, 27600, 18100, 16400]",1,2,3,4,10.0,4.0,-4.0,-10.0
g20260837_ky02,114,1511064604,"[27100, 30000, 21200, 21700]",2,1,4,3,4.0,10.0,-10.0,-4.0
g20260837_ky02,115,1511064605,"[38700, 17200, 25100, 19000]",1,4,2,3,10.0,-10.0,4.0,-4.0
g20260837_ky02,116,1511064606,"[32200, 29300, 23400, 15100]",1,2,3,4,10.0,4.0,-4.0,-10.0
g20260837_ky02,117,1511064607,"[37000, 22900, 14100, 26000]",1,3,4,2,10.0,-4.0,-10.0,4.0
g20260837_ky02,118,1511064608,"[30700, 27100, 22300, 19900]",1,2,3,4,10.0,4.0,-4.0,-10.0
g20260837_ky02,119,1511064609,"[38500, 35200, 9400, 16900]",1,2,4,3,10.0,4.0,-10.0,-4.0
g20260837_ky02,120,1511064610,"[34900, 25400, 16600, 23100]",1,2,4,3,10.0,4.0,-10.0,-4.0
g20260837_ky02,121,1511064611,"[30400, 18200, 28000, 23400]",1,4,2,3,10.0,-10.0,4.0,-4.0
g20260837_ky02,122,1511064612,"[41400, 16500, 24800, 17300]",1,4,2,3,10.0,-10.0,4.0,-4.0
g20260837_ky02,123,1511064613,"[23800, 34400, 18500, 23300]",2,1,4,3,4.0,10.0,-10.0,-4.0
g20260837_ky02,124,1511064614,"[41500, 33400, 17600, 7500]",1,2,3,4,10.0,4.0,-4.0,-10.0
g20260837_ky02,125,1511064615,"[29000, 43100, 16200, 11700]",2,1,3,4,4.0,10.0,-4.0,-10.0
g20260837_ky02,126,1511064616,"[24600, 37600, 20400, 17400]",2,1,3,4,4.0,10.0,-4.0,-10.0
g20260837_ky02,127,1511064617,"[35100, 26000, 23800, 15100]",1,2,3,4,10.0,4.0,-4.0,-10.0
g20260837_ky05,0,1511064507,"[20700, 32500, 25700, 21100]",4,1,2,3,-10.0,10.0,4.0,-4.0
g20260837_ky05,1,1511064508,"[25700, 22000, 34500, 17800]",2,3,1,4,4.0,-4.0,10.0,-10.0
g20260837_ky05,2,1511064509,"[13500, 23000, 30000, 33500]",4,3,2,1,-10.0,-4.0,4.0,10.0
g20260837_ky05,3,1511064510,"[33800, 24300, 25000, 16900]",1,3,2,4,10.0,-4.0,4.0,-10.0
g20260837_ky05,4,1511064511,"[39600, 23000, 26400, 11000]",1,3,2,4,10.0,-4.0,4.0,-10.0
g20260837_ky05,5,1511064512,"[33000, 18400, 35300, 13300]",2,3,1,4,4.0,-4.0,10.0,-10.0
g20260837_ky05,6,1511064513,"[30600, 23000, 55400, -9000]",2,3,1,4,4.0,-4.0,10.0,-10.0
g20260837_ky05,7,1511064514,"[12400, 36300, 44400, 6900]",3,2,1,4,-4.0,4.0,10.0,-10.0
g20260837_ky05,8,1511064515,"[32600, 32000, 22500, 12900]",1,2,3,4,10.0,4.0,-4.0,-10.0
g20260837_ky05,9,1511064516,"[30600, 17100, 33500, 18800]",2,4,1,3,4.0,-10.0,10.0,-4.0
g20260837_ky05,10,1511064517,"[29600, 32300, 28500, 9600]",2,1,3,4,4.0,10.0,-4.0,-10.0
g20260837_ky05,11,1511064518,"[31100, 18700, 36300, 13900]",2,3,1,4,4.0,-4.0,10.0,-10.0
g20260837_ky05,12,1511064519,"[28700, 20600, 36800, 13900]",2,3,1,4,4.0,-4.0,10.0,-10.0
g20260837_ky05,13,1511064520,"[32300, 25100, 29000, 13600]",1,3,2,4,10.0,-4.0,4.0,-10.0
g20260837_ky05,14,1511064521,"[26100, 19100, 47500, 7300]",2,3,1,4,4.0,-4.0,10.0,-10.0
g20260837_ky05,15,1511064522,"[16100, 24600, 46000, 13300]",3,2,1,4,-4.0,4.0,10.0,-10.0
g20260837_ky05,16,1511064523,"[33300, 23600, 30200, 12900]",1,3,2,4,10.0,-4.0,4.0,-10.0
g20260837_ky05,17,1511064524,"[32600, 18600, 31000, 17800]",1,3,2,4,10.0,-4.0,4.0,-10.0
g20260837_ky05,18,1511064525,"[36300, 21200, 28900, 13600]",1,3,2,4,10.0,-4.0,4.0,-10.0
g20260837_ky05,19,1511064526,"[31600, 27200, 26800, 14400]",1,2,3,4,10.0,4.0,-4.0,-10.0
g20260837_ky05,20,1511064527,"[20900, 30700, 33500, 14900]",3,2,1,4,-4.0,4.0,10.0,-10.0
g20260837_ky05,21,1511064528,"[29300, 17700, 32700, 20300]",2,4,1,3,4.0,-10.0,10.0,-4.0
g20260837_ky05,22,1511064529,"[27100, 22500, 37900, 10500]",2,3,1,4,4.0,-4.0,10.0,-10.0
g20260837_ky05,23,1511064530,"[31500, 19900, 38800, 9800]",2,3,1,4,4.0,-4.0,10.0,-10.0
g20260837_ky05,24,1511064531,"[30600, 19500, 27000, 22900]",1,4,2,3,10.0,-10.0,4.0,-4.0
g20260837_ky05,25,1511064532,"[29600, 16600, 31200, 22600]",2,4,1,3,4.0,-10.0,10.0,-4.0
g20260837_ky05,26,1511064533,"[30600, 3700, 31500, 34200]",3,4,2,1,-4.0,-10.0,4.0,10.0
g20260837_ky05,27,1511064534,"[34300, 14300, 26100, 25300]",1,4,2,3,10.0,-10.0,4.0,-4.0
g20260837_ky05,28,1511064535,"[23800, 20000, 37900, 18300]",2,3,1,4,4.0,-4.0,10.0,-10.0
g20260837_ky05,29,1511064536,"[27900, 33300, 21800, 17000]",2,1,3,4,4.0,10.0,-4.0,-10.0
g20260837_ky05,30,1511064537,"[33700, 22400, 34000, 9900]",2,3,1,4,4.0,-4.0,10.0,-10.0
g20260837_ky05,31,1511064538,"[34600, 13300, 38200, 13900]",2,4,1,3,4.0,-10.0,10.0,-4.0
g20260837_ky05,32,1511064539,"[37600, 27000, 22500, 12900]",1,2,3,4,10.0,4.0,-4.0,-10.0
g20260837_ky05,33,1511064540,"[42100, 14700, 36900, 6300]",1,3,2,4,10.0,-4.0,4.0,-10.0
g20260837_ky05,34,1511064541,"[31900, 21700, 31500, 14900]",1,3,2,4,10.0,-4.0,4.0,-10.0
g20260837_ky05,35,1511064542,"[39000, 22500, 31000, 7500]",1,3,2,4,10.0,-4.0,4.0,-10.0
g20260837_ky05,36,1511064543,"[17600, 23000, 33500, 25900]",4,3,1,2,-10.0,-4.0,10.0,4.0
g20260837_ky05,37,1511064544,"[35000, 18300, 34000, 12700]",1,3,2,4,10.0,-4.0,4.0,-10.0
g20260837_ky05,38,1511064545,"[35600, 16800, 41900, 5700]",2,3,1,4,4.0,-4.0,10.0,-10.0
g20260837_ky05,39,1511064546,"[33800, 19400, 29200, 17600]",1,3,2,4,10.0,-4.0,4.0,-10.0
g20260837_ky05,40,1511064547,"[23200, 20900, 32700, 23200]",2,4,1,3,4.0,-10.0,10.0,-4.0
g20260837_ky05,41,1511064548,"[34800, 18800, 20500, 25900]",1,4,3,2,10.0,-10.0,-4.0,4.0
g20260837_ky05,42,1511064549,"[31100, 29800, 35000, 4100]",2,3,1,4,4.0,-4.0,10.0,-10.0
g20260837_ky05,43,1511064550,"[25200, 30700, 28700, 15400]",3,1,2,4,-4.0,10.0,4.0,-10.0
g20260837_ky05,44,1511064551,"[21300, 22500, 38200, 18000]",3,2,1,4,-4.0,4.0,10.0,-10.0
g20260837_ky05,45,1511064552,"[30600, 33800, 31500, 4100]",3,1,2,4,-4.0,10.0,4.0,-10.0
g20260837_ky05,46,1511064553,"[30900, 22700, 31500, 14900]",2,3,1,4,4.0,-4.0,10.0,-10.0
g20260837_ky05,47,1511064554,"[29800, 21500, 33300, 15400]",2,3,1,4,4.0,-4.0,10.0,-10.0
g20260837_ky05,48,1511064555,"[27600, 23900, 9600, 38900]",2,3,4,1,4.0,-4.0,-10.0,10.0
g20260837_ky05,49,1511064556,"[27100, 21500, 37600, 13800]",2,3,1,4,4.0,-4.0,10.0,-10.0
g20260837_ky05,50,1511064557,"[31100, 25000, 30500, 13400]",1,3,2,4,10.0,-4.0,4.0,-10.0
g20260837_ky05,51,1511064558,"[35100, 16600, 27200, 21100]",1,4,2,3,10.0,-10.0,4.0,-4.0
g20260837_ky05,52,1511064559,"[29100, 22000, 50900, -2000]",2,3,1,4,4.0,-4.0,10.0,-10.0
g20260837_ky05,53,1511064560,"[30000, 6000, 38700, 25300]",2,4,1,3,4.0,-10.0,10.0,-4.0
g20260837_ky05,54,1511064561,"[31500, 15800, 35400, 17300]",2,4,1,3,4.0,-10.0,10.0,-4.0
g20260837_ky05,55,1511064562,"[31800, 21200, 34500, 12500]",2,3,1,4,4.0,-4.0,10.0,-10.0
g20260837_ky05,56,1511064563,"[27500, 22900, 39700, 9900]",2,3,1,4,4.0,-4.0,10.0,-10.0
g20260837_ky05,57,1511064564,"[25600, 34100, 23500, 16800]",2,1,3,4,4.0,10.0,-4.0,-10.0
g20260837_ky05,58,1511064565,"[30600, 28200, 27600, 13600]",1,2,3,4,10.0,4.0,-4.0,-10.0
g20260837_ky05,59,1511064566,"[29000, 21400, 33800, 15800]",2,3,1,4,4.0,-4.0,10.0,-10.0
g20260837_ky05,60,1511064567,"[35600, 23000, 30500, 10900]",1,3,2,4,10.0,-4.0,4.0,-10.0
g20260837_ky05,61,1511064568,"[30600, 22400, 31500, 15500]",2,3,1,4,4.0,-4.0,10.0,-10.0
g20260837_ky05,62,1511064569,"[19500, 7000, 54300, 19200]",2,4,1,3,4.0,-10.0,10.0,-4.0
g20260837_ky05,63,1511064570,"[21900, 30700, 32500, 14900]",3,2,1,4,-4.0,4.0,10.0,-10.0
g20260837_ky05,64,1511064571,"[27300, 28200, 30900, 12600]",3,2,1,4,-4.0,4.0,10.0,-10.0
g20260837_ky05,65,1511064572,"[30100, 38000, 30500, 1400]",3,1,2,4,-4.0,10.0,4.0,-10.0
g20260837_ky05,66,1511064573,"[30900, 25700, 21800, 21600]",1,2,3,4,10.0,4.0,-4.0,-10.0
g20260837_ky05,67,1511064574,"[22900, 15400, 26700, 35000]",3,4,2,1,-4.0,-10.0,4.0,10.0
g20260837_ky05,68,1511064575,"[29600, 22000, 33800, 14600]",2,3,1,4,4.0,-4.0,10.0,-10.0
g20260837_ky05,69,1511064576,"[30300, 23400, 31900, 14400]",2,3,1,4,4.0,-4.0,10.0,-10.0
g20260837_ky05,70,1511064577,"[25200, 35800, 31900, 7100]",3,1,2,4,-4.0,10.0,4.0,-10.0
g20260837_ky05,71,1511064578,"[40300, 20400, 27900, 11400]",1,3,2,4,10.0,-4.0,4.0,-10.0
g20260837_ky05,72,1511064579,"[33600, 20000, 30500, 14900]",1,3,2,4,10.0,-4.0,4.0,-10.0
g20260837_ky05,73,1511064580,"[33600, 34300, 18200, 13900]",2,1,3,4,4.0,10.0,-4.0,-10.0
g20260837_ky05,74,1511064581,"[25200, 28800, 31900, 14100]",3,2,1,4,-4.0,4.0,10.0,-10.0
g20260837_ky05,75,1511064582,"[30700, 20700, 29200, 19400]",1,3,2,4,10.0,-4.0,4.0,-10.0
g20260837_ky05,76,1511064583,"[36100, 19000, 31000, 13900]",1,3,2,4,10.0,-4.0,4.0,-10.0
g20260837_ky05,77,1511064584,"[29100, 33800, 30000, 7100]",3,1,2,4,-4.0,10.0,4.0,-10.0
g20260837_ky05,78,1511064585,"[34700, 20700, 31200, 13400]",1,3,2,4,10.0,-4.0,4.0,-10.0
g20260837_ky05,79,1511064586,"[23900, 19200, 35300, 21600]",2,4,1,3,4.0,-10.0,10.0,-4.0
g20260837_ky05,80,1511064587,"[30300, 14300, 41500, 13900]",2,3,1,4,4.0,-4.0,10.0,-10.0
g20260837_ky05,81,1511064588,"[30700, 25900, 30500, 12900]",1,3,2,4,10.0,-4.0,4.0,-10.0
g20260837_ky05,82,1511064589,"[35900, 21000, 29500, 13600]",1,3,2,4,10.0,-4.0,4.0,-10.0
g20260837_ky05,83,1511064590,"[31300, 20300, 26900, 21500]",1,4,2,3,10.0,-10.0,4.0,-4.0
g20260837_ky05,84,1511064591,"[36400, 20600, 29100, 13900]",1,3,2,4,10.0,-4.0,4.0,-10.0
g20260837_ky05,85,1511064592,"[32000, 21600, 39600, 6800]",2,3,1,4,4.0,-4.0,10.0,-10.0
g20260837_ky05,86,1511064593,"[29600, 15600, 33500, 20300]",2,4,1,3,4.0,-10.0,10.0,-4.0
g20260837_ky05,87,1511064594,"[31800, 13000, 38300, 16900]",2,4,1,3,4.0,-10.0,10.0,-4.0
g20260837_ky05,88,1511064595,"[30400, 14500, 35100, 20000]",2,4,1,3,4.0,-10.0,10.0,-4.0
g20260837_ky05,89,1511064596,"[28800, 14000, 51300, 5900]",2,3,1,4,4.0,-4.0,10.0,-10.0
g20260837_ky05,90,1511064597,"[31300, 13800, 37700, 17200]",2,4,1,3,4.0,-10.0,10.0,-4.0
g20260837_ky05,91,1511064598,"[40200, 23000, 29500, 7300]",1,3,2,4,10.0,-4.0,4.0,-10.0
g20260837_ky05,92,1511064599,"[27000, 16400, 36900, 19700]",2,4,1,3,4.0,-10.0,10.0,-4.0
g20260837_ky05,93,1511064600,"[28900, 23000, 33400, 14700]",2,3,1,4,4.0,-4.0,10.0,-10.0
g20260837_ky05,94,1511064601,"[28600, 19800, 32700, 18900]",2,3,1,4,4.0,-4.0,10.0,-10.0
g20260837_ky05,95,1511064602,"[28600, 25000, 33800, 12600]",2,3,1,4,4.0,-4.0,10.0,-10.0
g20260837_ky05,96,1511064603,"[32600, 21000, 29500, 15900]",1,3,2,4,10.0,-4.0,4.0,-10.0
g20260837_ky05,97,1511064604,"[28600, 22000, 35100, 14300]",2,3,1,4,4.0,-4.0,10.0,-10.0
g20260837_ky05,98,1511064605,"[30300, 16100, 28600, 24000]",1,4,2,3,10.0,-10.0,4.0,-4.0
g20260837_ky05,99,1511064606,"[30600, 27300, 30500, 11600]",1,3,2,4,10.0,-4.0,4.0,-10.0
g20260837_ky05,100,1511064607,"[30600, 2000, 31500, 35900]",3,4,2,1,-4.0,-10.0,4.0,10.0
g20260837_ky05,101,1511064608,"[30700, 16200, 34800, 18300]",2,4,1,3,4.0,-10.0,10.0,-4.0
g20260837_ky05,102,1511064609,"[32000, 21600, 30100, 16300]",1,3,2,4,10.0,-4.0,4.0,-10.0
g20260837_ky05,103,1511064610,"[37500, 17100, 31500, 13900]",1,3,2,4,10.0,-4.0,4.0,-10.0
g20260837_ky05,104,1511064611,"[28000, 23800, 31900, 16300]",2,3,1,4,4.0,-4.0,10.0,-10.0
g20260837_ky05,105,1511064612,"[30000, 22500, 34900, 12600]",2,3,1,4,4.0,-4.0,10.0,-10.0
g20260837_ky05,106,1511064613,"[37600, 18000, 32300, 12100]",1,3,2,4,10.0,-4.0,4.0,-10.0
g20260837_ky05,107,1511064614,"[30600, 22000, 28500, 18900]",1,3,2,4,10.0,-4.0,4.0,-10.0
g20260837_ky05,108,1511064615,"[28100, 33900, 28500, 9500]",3,1,2,4,-4.0,10.0,4.0,-10.0
g20260837_ky05,109,1511064616,"[32100, 22500, 28500, 16900]",1,3,2,4,10.0,-4.0,4.0,-10.0
g20260837_ky05,110,1511064617,"[27600, 21000, 32500, 18900]",2,3,1,4,4.0,-4.0,10.0,-10.0
g20260837_ky05,111,1511064618,"[26400, 23000, 35700, 14900]",2,3,1,4,4.0,-4.0,10.0,-10.0
g20260837_ky05,112,1511064619,"[29700, 24600, 32000, 13700]",2,3,1,4,4.0,-4.0,10.0,-10.0
g20260837_ky05,113,1511064620,"[31600, 24000, 31500, 12900]",1,3,2,4,10.0,-4.0,4.0,-10.0
g20260837_ky05,114,1511064621,"[28300, 18400, 30200, 23100]",2,4,1,3,4.0,-10.0,10.0,-4.0
g20260837_ky05,115,1511064622,"[28900, 24200, 38600, 8300]",2,3,1,4,4.0,-4.0,10.0,-10.0
g20260837_ky05,116,1511064623,"[22300, 34900, 27900, 14900]",3,1,2,4,-4.0,10.0,4.0,-10.0
g20260837_ky05,117,1511064624,"[37300, 17300, 30000, 15400]",1,3,2,4,10.0,-4.0,4.0,-10.0
g20260837_ky05,118,1511064625,"[24700, 23000, 33500, 18800]",2,3,1,4,4.0,-4.0,10.0,-10.0
g20260837_ky05,119,1511064626,"[11100, 30900, 31100, 26900]",4,2,1,3,-10.0,4.0,10.0,-4.0
g20260837_ky05,120,1511064627,"[32300, 20300, 27800, 19600]",1,3,2,4,10.0,-4.0,4.0,-10.0
g20260837_ky05,121,1511064628,"[27600, 22600, 33000, 16800]",2,3,1,4,4.0,-4.0,10.0,-10.0
g20260837_ky05,122,1511064629,"[28100, 22500, 33500, 15900]",2,3,1,4,4.0,-4.0,10.0,-10.0
g20260837_ky05,123,1511064630,"[30900, 4700, 33500, 30900]",2,4,1,3,4.0,-10.0,10.0,-4.0
g20260837_ky05,124,1511064631,"[29600, 20400, 31100, 18900]",2,3,1,4,4.0,-4.0,10.0,-10.0
g20260837_ky05,125,1511064632,"[38800, 17900, 27100, 16200]",1,3,2,4,10.0,-4.0,4.0,-10.0
g20260837_ky05,126,1511064633,"[32000, 21800, 32700, 13500]",2,3,1,4,4.0,-4.0,10.0,-10.0
g20260837_ky05,127,1511064634,"[31200, 19400, 37500, 11900]",2,3,1,4,4.0,-4.0,10.0,-10.0
g20260838_ky04,0,1511064524,"[25700, 30500, 25800, 17000]",3,1,2,4,-4.0,10.0,4.0,-10.0
g20260838_ky04,1,1511064525,"[32500, 30300, 22100, 15100]",1,2,3,4,10.0,4.0,-4.0,-10.0
g20260838_ky04,2,1511064526,"[22000, 24600, 21400, 32000]",3,2,4,1,-4.0,4.0,-10.0,10.0
g20260838_ky04,3,1511064527,"[27700, 34100, 22800, 15400]",2,1,3,4,4.0,10.0,-4.0,-10.0
g20260838_ky04,4,1511064528,"[25400, 36700, 22200, 14700]",2,1,3,4,4.0,10.0,-4.0,-10.0
g20260838_ky04,5,1511064529,"[33400, 11600, 27700, 27300]",1,4,2,3,10.0,-10.0,4.0,-4.0
g20260838_ky04,6,1511064530,"[31300, 29500, 24200, 15000]",1,2,3,4,10.0,4.0,-4.0,-10.0
g20260838_ky04,7,1511064531,"[17900, 29400, 37800, 14900]",3,2,1,4,-4.0,4.0,10.0,-10.0
g20260838_ky04,8,1511064532,"[23800, 31000, 36000, 9200]",3,2,1,4,-4.0,4.0,10.0,-10.0
g20260838_ky04,9,1511064533,"[17900, 54200, 15100, 11800]",2,1,3,4,4.0,10.0,-4.0,-10.0
g20260838_ky04,10,1511064534,"[36600, 31600, 20000, 11800]",1,2,3,4,10.0,4.0,-4.0,-10.0
g20260838_ky04,11,1511064535,"[34200, 40500, 14400, 10900]",2,1,3,4,4.0,10.0,-4.0,-10.0
g20260838_ky04,12,1511064536,"[31500, 27700, 32300, 8500]",2,3,1,4,4.0,-4.0,10.0,-10.0
g20260838_ky04,13,1511064537,"[37300, 29500, 17200, 16000]",1,2,3,4,10.0,4.0,-4.0,-10.0
g20260838_ky04,14,1511064538,"[23700, 33900, 19900, 22500]",2,1,4,3,4.0,10.0,-10.0,-4.0
g20260838_ky04,15,1511064539,"[32900, 28800, 24500, 13800]",1,2,3,4,10.0,4.0,-4.0,-10.0
g20260838_ky04,16,1511064540,"[31000, 30100, 25500, 13400]",1,2,3,4,10.0,4.0,-4.0,-10.0
g20260838_ky04,17,1511064541,"[32600, 39800, 20700, 6900]",2,1,3,4,4.0,10.0,-4.0,-10.0
g20260838_ky04,18,1511064542,"[22400, 28900, 38100, 10600]",3,2,1,4,-4.0,4.0,10.0,-10.0
g20260838_ky04,19,1511064543,"[21500, 35700, 27400, 15400]",3,1,2,4,-4.0,10.0,4.0,-10.0
g20260838_ky04,20,1511064544,"[24100, 32400, 24200, 19300]",3,1,2,4,-4.0,10.0,4.0,-10.0
g20260838_ky04,21,1511064545,"[29200, 30800, 25400, 14600]",2,1,3,4,4.0,10.0,-4.0,-10.0
g20260838_ky04,22,1511064546,"[22900, 26800, 33100, 17200]",3,2,1,4,-4.0,4.0,10.0,-10.0
g20260838_ky04,23,1511064547,"[24800, 34500, 31600, 9100]",3,1,2,4,-4.0,10.0,4.0,-10.0
g20260838_ky04,24,1511064548,"[13900, 39300, 38200, 8600]",3,1,2,4,-4.0,10.0,4.0,-10.0
g20260838_ky04,25,1511064549,"[19900, 27600, 31000, 21500]",4,2,1,3,-10.0,4.0,10.0,-4.0
g20260838_ky04,26,1511064550,"[28700, 36500, 24800, 10000]",2,1,3,4,4.0,10.0,-4.0,-10.0
g20260838_ky04,27,1511064551,"[34600, 42500, 9700, 13200]",2,1,4,3,4.0,10.0,-10.0,-4.0
g20260838_ky04,28,1511064552,"[31200, 37500, 18800, 12500]",2,1,3,4,4.0,10.0,-4.0,-10.0
g20260838_ky04,29,1511064553,"[34900, 23800, 10900, 30400]",1,3,4,2,10.0,-4.0,-10.0,4.0
g20260838_ky04,30,1511064554,"[24700, 39500, 36400, -600]",3,1,2,4,-4.0,10.0,4.0,-10.0
g20260838_ky04,31,1511064555,"[24100, 43900, 23200, 8800]",2,1,3,4,4.0,10.0,-4.0,-10.0
g20260838_ky04,32,1511064556,"[37700, 29500, 8800, 24000]",1,2,4,3,10.0,4.0,-10.0,-4.0
g20260838_ky04,33,1511064557,"[32900, 31200, 13000, 22900]",1,2,4,3,10.0,4.0,-10.0,-4.0
g20260838_ky04,34,1511064558,"[17400, 14900, 45900, 21800]",3,4,1,2,-4.0,-10.0,10.0,4.0
g20260838_ky04,35,1511064559,"[27400, 23100, 38900, 10600]",2,3,1,4,4.0,-4.0,10.0,-10.0
g20260838_ky04,36,1511064560,"[31900, 37300, 24800, 6000]",2,1,3,4,4.0,10.0,-4.0,-10.0
g20260838_ky04,37,1511064561,"[36200, 30700, 25800, 7300]",1,2,3,4,10.0,4.0,-4.0,-10.0
g20260838_ky04,38,1511064562,"[31700, 25500, 21800, 21000]",1,2,3,4,10.0,4.0,-4.0,-10.0
g20260838_ky04,39,1511064563,"[42000, 31400, 18700, 7900]",1,2,3,4,10.0,4.0,-4.0,-10.0
g20260838_ky04,40,1511064564,"[23100, 32100, 30800, 14000]",3,1,2,4,-4.0,10.0,4.0,-10.0
g20260838_ky04,41,1511064565,"[24700, 44000, 10800, 20500]",2,1,4,3,4.0,10.0,-10.0,-4.0
g20260838_ky04,42,1511064566,"[22100, 32500, 22200, 23200]",4,1,3,2,-10.0,10.0,-4.0,4.0
g20260838_ky04,43,1511064567,"[26100, 28900, 35200, 9800]",3,2,1,4,-4.0,4.0,10.0,-10.0
g20260838_ky04,44,1511064568,"[24400, 27400, 30600, 17600]",3,2,1,4,-4.0,4.0,10.0,-10.0
g20260838_ky04,45,1511064569,"[30700, 19000, 26700, 23600]",1,4,2,3,10.0,-10.0,4.0,-4.0
g20260838_ky04,46,1511064570,"[37700, 25500, 14800, 22000]",1,2,4,3,10.0,4.0,-10.0,-4.0
g20260838_ky04,47,1511064571,"[37800, 28900, 24200, 9100]",1,2,3,4,10.0,4.0,-4.0,-10.0
g20260838_ky04,48,1511064572,"[41700, 28500, 27500, 2300]",1,2,3,4,10.0,4.0,-4.0,-10.0
g20260838_ky04,49,1511064573,"[38100, 23900, 13100, 24900]",1,3,4,2,10.0,-4.0,-10.0,4.0
g20260838_ky04,50,1511064574,"[26700, 28900, 13100, 31300]",3,2,4,1,-4.0,4.0,-10.0,10.0
g20260838_ky04,51,1511064575,"[27400, 27900, 30700, 14000]",3,2,1,4,-4.0,4.0,10.0,-10.0
g20260838_ky04,52,1511064576,"[37300, 40900, 18800, 3000]",2,1,3,4,4.0,10.0,-4.0,-10.0
g20260838_ky04,53,1511064577,"[38200, 47200, 14300, 300]",2,1,3,4,4.0,10.0,-4.0,-10.0
g20260838_ky04,54,1511064578,"[28700, 41800, 15500, 14000]",2,1,3,4,4.0,10.0,-4.0,-10.0
g20260838_ky04,55,1511064579,"[26200, 33000, 26300, 11500]",3,1,2,4,-4.0,10.0,4.0,-10.0
g20260838_ky04,56,1511064580,"[41200, 17100, 23300, 18400]",1,4,2,3,10.0,-10.0,4.0,-4.0
g20260838_ky04,57,1511064581,"[20700, 23600, 32100, 23600]",4,2,1,3,-10.0,4.0,10.0,-4.0
g20260838_ky04,58,1511064582,"[14900, 39500, 27400, 18200]",4,1,2,3,-10.0,10.0,4.0,-4.0
g20260838_ky04,59,1511064583,"[5600, 31600, 27600, 35200]",4,2,3,1,-10.0,4.0,-4.0,10.0
g20260838_ky04,60,1511064584,"[35900, 39900, 23500, 700]",2,1,3,4,4.0,10.0,-4.0,-10.0
g20260838_ky04,61,1511064585,"[21100, 19600, 38600, 19700]",2,4,1,3,4.0,-10.0,10.0,-4.0
g20260838_ky04,62,1511064586,"[33200, 30500, 22600, 12700]",1,2,3,4,10.0,4.0,-4.0,-10.0
g20260838_ky04,63,1511064587,"[35600, 29500, 26000, 8900]",1,2,3,4,10.0,4.0,-4.0,-10.0
g20260838_ky04,64,1511064588,"[22200, 24300, 22600, 30900]",4,2,3,1,-10.0,4.0,-4.0,10.0
g20260838_ky04,65,1511064589,"[27300, 22900, 17900, 31900]",2,3,4,1,4.0,-4.0,-10.0,10.0
g20260838_ky04,66,1511064590,"[14700, 35200, 46700, 3400]",3,2,1,4,-4.0,4.0,10.0,-10.0
g20260838_ky04,67,1511064591,"[27500, 36800, 21700, 14000]",2,1,3,4,4.0,10.0,-4.0,-10.0
g20260838_ky04,68,1511064592,"[26900, 46700, 16900, 9500]",2,1,3,4,4.0,10.0,-4.0,-10.0
g20260838_ky04,69,1511064593,"[27700, 43500, 29400, -600]",3,1,2,4,-4.0,10.0,4.0,-10.0
g20260838_ky04,70,1511064594,"[30400, 30100, 14700, 24800]",1,2,4,3,10.0,4.0,-10.0,-4.0
g20260838_ky04,71,1511064595,"[40700, 29200, 21100, 9000]",1,2,3,4,10.0,4.0,-4.0,-10.0
g20260838_ky04,72,1511064596,"[20800, 31800, 23300, 24100]",4,1,3,2,-10.0,10.0,-4.0,4.0
g20260838_ky04,73,1511064597,"[31100, 23600, 19200, 26100]",1,3,4,2,10.0,-4.0,-10.0,4.0
g20260838_ky04,74,1511064598,"[24700, 29500, 35000, 10800]",3,2,1,4,-4.0,4.0,10.0,-10.0
g20260838_ky04,75,1511064599,"[31300, 32000, 24500, 12200]",2,1,3,4,4.0,10.0,-4.0,-10.0
g20260838_ky04,76,1511064600,"[25700, 33400, 22400, 18500]",2,1,3,4,4.0,10.0,-4.0,-10.0
g20260838_ky04,77,1511064601,"[34800, 31200, 17500, 16500]",1,2,3,4,10.0,4.0,-4.0,-10.0
g20260838_ky04,78,1511064602,"[37500, 21000, 29300, 12200]",1,3,2,4,10.0,-4.0,4.0,-10.0
g20260838_ky04,79,1511064603,"[36000, 24100, 29700, 10200]",1,3,2,4,10.0,-4.0,4.0,-10.0
g20260838_ky04,80,1511064604,"[47200, 18200, 20500, 14100]",1,3,2,4,10.0,-4.0,4.0,-10.0
g20260838_ky04,81,1511064605,"[26500, 32300, 23000, 18200]",2,1,3,4,4.0,10.0,-4.0,-10.0
g20260838_ky04,82,1511064606,"[23700, 39600, 34500, 2200]",3,1,2,4,-4.0,10.0,4.0,-10.0
g20260838_ky04,83,1511064607,"[16600, 44600, 21300, 17500]",4,1,2,3,-10.0,10.0,4.0,-4.0
g20260838_ky04,84,1511064608,"[34100, 25100, 14800, 26000]",1,3,4,2,10.0,-4.0,-10.0,4.0
g20260838_ky04,85,1511064609,"[34200, 28800, 25300, 11700]",1,2,3,4,10.0,4.0,-4.0,-10.0
g20260838_ky04,86,1511064610,"[31900, 31200, 21200, 15700]",1,2,3,4,10.0,4.0,-4.0,-10.0
g20260838_ky04,87,1511064611,"[25700, 37800, 24500, 12000]",2,1,3,4,4.0,10.0,-4.0,-10.0
g20260838_ky04,88,1511064612,"[37100, 31500, 25800, 5600]",1,2,3,4,10.0,4.0,-4.0,-10.0
g20260838_ky04,89,1511064613,"[32200, 26200, 20600, 21000]",1,2,4,3,10.0,4.0,-10.0,-4.0
g20260838_ky04,90,1511064614,"[38600, 28500, 15700, 17200]",1,2,4,3,10.0,4.0,-10.0,-4.0
g20260838_ky04,91,1511064615,"[22300, 18400, 31500, 27800]",3,4,1,2,-4.0,-10.0,10.0,4.0
g20260838_ky04,92,1511064616,"[21200, 25500, 21800, 31500]",4,2,3,1,-10.0,4.0,-4.0,10.0
g20260838_ky04,93,1511064617,"[27000, 27500, 32500, 13000]",3,2,1,4,-4.0,4.0,10.0,-10.0
g20260838_ky04,94,1511064618,"[22800, 42400, 26700, 8100]",3,1,2,4,-4.0,10.0,4.0,-10.0
g20260838_ky04,95,1511064619,"[33700, 29000, 23400, 13900]",1,2,3,4,10.0,4.0,-4.0,-10.0
g20260838_ky04,96,1511064620,"[25200, 34300, 33200, 6300]",3,1,2,4,-4.0,10.0,4.0,-10.0
g20260838_ky04,97,1511064621,"[25400, 31500, 22900, 20200]",2,1,3,4,4.0,10.0,-4.0,-10.0
g20260838_ky04,98,1511064622,"[33000, 30500, 23800, 12700]",1,2,3,4,10.0,4.0,-4.0,-10.0
g20260838_ky04,99,1511064623,"[26400, 28500, 30800, 14300]",3,2,1,4,-4.0,4.0,10.0,-10.0
g20260838_ky04,100,1511064624,"[26300, 38700, 27700, 7300]",3,1,2,4,-4.0,10.0,4.0,-10.0
g20260838_ky04,101,1511064625,"[13900, 30000, 34400, 21700]",4,2,1,3,-10.0,4.0,10.0,-4.0
g20260838_ky04,102,1511064626,"[19500, 41400, 22800, 16300]",3,1,2,4,-4.0,10.0,4.0,-10.0
g20260838_ky04,103,1511064627,"[19100, 42500, 25800, 12600]",3,1,2,4,-4.0,10.0,4.0,-10.0
g20260838_ky04,104,1511064628,"[36900, 35500, 18700, 8900]",1,2,3,4,10.0,4.0,-4.0,-10.0
g20260838_ky04,105,1511064629,"[19000, 32800, 22500, 24700]",4,1,3,2,-10.0,10.0,-4.0,4.0
g20260838_ky04,106,1511064630,"[18900, 34300, 31300, 15500]",3,1,2,4,-4.0,10.0,4.0,-10.0
g20260838_ky04,107,1511064631,"[13800, 54700, 19400, 12100]",3,1,2,4,-4.0,10.0,4.0,-10.0
g20260838_ky04,108,1511064632,"[7100, 38100, 32900, 21900]",4,1,2,3,-10.0,10.0,4.0,-4.0
g20260838_ky04,109,1511064633,"[38100, 31900, 23000, 7000]",1,2,3,4,10.0,4.0,-4.0,-10.0
g20260838_ky04,110,1511064634,"[36800, 28900, 29900, 4400]",1,3,2,4,10.0,-4.0,4.0,-10.0
g20260838_ky04,111,1511064635,"[22200, 39600, 16400, 21800]",2,1,4,3,4.0,10.0,-10.0,-4.0
g20260838_ky04,112,1511064636,"[25200, 25000, 20700, 28100]",2,3,4,1,4.0,-4.0,-10.0,10.0
g20260838_ky04,113,1511064637,"[16400, 38200, 35000, 10400]",3,1,2,4,-4.0,10.0,4.0,-10.0
g20260838_ky04,114,1511064638,"[23800, 33000, 22500, 20700]",2,1,3,4,4.0,10.0,-4.0,-10.0
g20260838_ky04,115,1511064639,"[37100, 27900, 23500, 11500]",1,2,3,4,10.0,4.0,-4.0,-10.0
g20260838_ky04,116,1511064640,"[33000, 29900, 32200, 4900]",1,3,2,4,10.0,-4.0,4.0,-10.0
g20260838_ky04,117,1511064641,"[25700, 30500, 31800, 12000]",3,2,1,4,-4.0,4.0,10.0,-10.0
g20260838_ky04,118,1511064642,"[17100, 34300, 27700, 20900]",4,1,2,3,-10.0,10.0,4.0,-4.0
g20260838_ky04,119,1511064643,"[16600, 26500, 44300, 12600]",3,2,1,4,-4.0,4.0,10.0,-10.0
g20260838_ky04,120,1511064644,"[30900, 32500, 30600, 6000]",2,1,3,4,4.0,10.0,-4.0,-10.0
g20260838_ky04,121,1511064645,"[34400, 24800, 27300, 13500]",1,3,2,4,10.0,-4.0,4.0,-10.0
g20260838_ky04,122,1511064646,"[24700, 30500, 40800, 4000]",3,2,1,4,-4.0,4.0,10.0,-10.0
g20260838_ky04,123,1511064647,"[25100, 20300, 19700, 34900]",2,3,4,1,4.0,-4.0,-10.0,10.0
g20260838_ky04,124,1511064648,"[27200, 34900, 22400, 15500]",2,1,3,4,4.0,10.0,-4.0,-10.0
g20260838_ky04,125,1511064649,"[22500, 29500, 36000, 12000]",3,2,1,4,-4.0,4.0,10.0,-10.0
g20260838_ky04,126,1511064650,"[37300, 28200, 26000, 8500]",1,2,3,4,10.0,4.0,-4.0,-10.0
g20260838_ky04,127,1511064651,"[32000, 34100, 22200, 11700]",2,1,3,4,4.0,10.0,-4.0,-10.0
g20260840_ky03,0,1511064541,"[10500, 22700, 32100, 34700]",4,3,2,1,-10.0,-4.0,4.0,10.0
g20260840_ky03,1,1511064542,"[2000, 26900, 38300, 32800]",4,3,1,2,-10.0,-4.0,10.0,4.0
g20260840_ky03,2,1511064543,"[13600, 50900, 22900, 12600]",3,1,2,4,-4.0,10.0,4.0,-10.0
g20260840_ky03,3,1511064544,"[22100, 31300, 23800, 22800]",4,1,2,3,-10.0,10.0,4.0,-4.0
g20260840_ky03,4,1511064545,"[13400, 18000, 28600, 40000]",4,3,2,1,-10.0,-4.0,4.0,10.0
g20260840_ky03,5,1511064546,"[16700, 23600, 21000, 38700]",4,2,3,1,-10.0,4.0,-4.0,10.0
g20260840_ky03,6,1511064547,"[27300, 42400, 14200, 16100]",2,1,4,3,4.0,10.0,-10.0,-4.0
g20260840_ky03,7,1511064548,"[-800, 41200, 26200, 33400]",4,1,3,2,-10.0,10.0,-4.0,4.0
g20260840_ky03,8,1511064549,"[15400, 25600, 26300, 32700]",4,3,2,1,-10.0,-4.0,4.0,10.0
g20260840_ky03,9,1511064550,"[15300, 36200, 27300, 20200]",4,1,2,3,-10.0,10.0,4.0,-4.0
g20260840_ky03,10,1511064551,"[23400, 35100, 4600, 36900]",3,2,4,1,-4.0,4.0,-10.0,10.0
g20260840_ky03,11,1511064552,"[37100, 26000, 10600, 26300]",1,3,4,2,10.0,-4.0,-10.0,4.0
g20260840_ky03,12,1511064553,"[3100, 28000, 19800, 49100]",4,2,3,1,-10.0,4.0,-4.0,10.0
g20260840_ky03,13,1511064554,"[29000, 30800, 23700, 16500]",2,1,3,4,4.0,10.0,-4.0,-10.0
g20260840_ky03,14,1511064555,"[27000, 21000, 43300, 8700]",2,3,1,4,4.0,-4.0,10.0,-10.0
g20260840_ky03,15,1511064556,"[20800, 22300, 22500, 34400]",4,3,2,1,-10.0,-4.0,4.0,10.0
g20260840_ky03,16,1511064557,"[15500, 37900, 37000, 9600]",3,1,2,4,-4.0,10.0,4.0,-10.0
g20260840_ky03,17,1511064558,"[16700, 34200, 30700, 18400]",4,1,2,3,-10.0,10.0,4.0,-4.0
g20260840_ky03,18,1511064559,"[21500, 36400, 3100, 39000]",3,2,4,1,-4.0,4.0,-10.0,10.0
g20260840_ky03,19,1511064560,"[20700, 30900, 24600, 22800]",4,1,2,3,-10.0,10.0,4.0,-4.0
g20260840_ky03,20,1511064561,"[9800, 31200, 25200, 33800]",4,2,3,1,-10.0,4.0,-4.0,10.0
g20260840_ky03,21,1511064562,"[5300, 38400, 20900, 35400]",4,1,3,2,-10.0,10.0,-4.0,4.0
g20260840_ky03,22,1511064563,"[30300, 29600, 14900, 25200]",1,2,4,3,10.0,4.0,-10.0,-4.0
g20260840_ky03,23,1511064564,"[17800, 39500, 27100, 15600]",3,1,2,4,-4.0,10.0,4.0,-10.0
g20260840_ky03,24,1511064565,"[23100, 30000, 28000, 18900]",3,1,2,4,-4.0,10.0,4.0,-10.0
g20260840_ky03,25,1511064566,"[30500, 29100, 12300, 28100]",1,2,4,3,10.0,4.0,-10.0,-4.0
g20260840_ky03,26,1511064567,"[30300, 27800, 20400, 21500]",1,2,4,3,10.0,4.0,-10.0,-4.0
g20260840_ky03,27,1511064568,"[21600, 16700, 32800, 28900]",3,4,1,2,-4.0,-10.0,10.0,4.0
g20260840_ky03,28,1511064569,"[15900, 34100, 21000, 29000]",4,1,3,2,-10.0,10.0,-4.0,4.0
g20260840_ky03,29,1511064570,"[41700, 23400, 14600, 20300]",1,2,4,3,10.0,4.0,-10.0,-4.0
g20260840_ky03,30,1511064571,"[36500, 17300, 18200, 28000]",1,4,3,2,10.0,-10.0,-4.0,4.0
g20260840_ky03,31,1511064572,"[9900, 32000, 19700, 38400]",4,2,3,1,-10.0,4.0,-4.0,10.0
g20260840_ky03,32,1511064573,"[39300, 12400, 23900, 24400]",1,4,3,2,10.0,-10.0,-4.0,4.0
g20260840_ky03,33,1511064574,"[20100, 46300, 9700, 23900]",3,1,4,2,-4.0,10.0,-10.0,4.0
g20260840_ky03,34,1511064575,"[12400, 54600, 17200, 14800]",4,1,2,3,-10.0,10.0,4.0,-4.0
g20260840_ky03,35,1511064576,"[45400, 27400, 25500, 1700]",1,2,3,4,10.0,4.0,-4.0,-10.0
g20260840_ky03,36,1511064577,"[16700, 44200, 7800, 31300]",3,1,4,2,-4.0,10.0,-10.0,4.0
g20260840_ky03,37,1511064578,"[13400, 29400, 18600, 36600]",4,2,3,1,-10.0,4.0,-4.0,10.0
g20260840_ky03,38,1511064579,"[19900, 34300, 27100, 18700]",3,1,2,4,-4.0,10.0,4.0,-10.0
g20260840_ky03,39,1511064580,"[3300, 33900, 27500, 35300]",4,2,3,1,-10.0,4.0,-4.0,10.0
g20260840_ky03,40,1511064581,"[8400, 54500, 17000, 19100]",4,1,3,2,-10.0,10.0,-4.0,4.0
g20260840_ky03,41,1511064582,"[29400, 36400, 12800, 21400]",2,1,4,3,4.0,10.0,-10.0,-4.0
g20260840_ky03,42,1511064583,"[20300, 25500, 23500, 30700]",4,2,3,1,-10.0,4.0,-4.0,10.0
g20260840_ky03,43,1511064584,"[16600, 18200, 38400, 26800]",4,3,1,2,-10.0,-4.0,10.0,4.0
g20260840_ky03,44,1511064585,"[13400, 45100, 16600, 24900]",4,1,3,2,-10.0,10.0,-4.0,4.0
g20260840_ky03,45,1511064586,"[37100, 20600, 21800, 20500]",1,3,2,4,10.0,-4.0,4.0,-10.0
g20260840_ky03,46,1511064587,"[14800, 30100, 35700, 19400]",4,2,1,3,-10.0,4.0,10.0,-4.0
g20260840_ky03,47,1511064588,"[18700, 32400, 19300, 29600]",4,1,3,2,-10.0,10.0,-4.0,4.0
g20260840_ky03,48,1511064589,"[300, 27100, 51400, 21200]",4,2,1,3,-10.0,4.0,10.0,-4.0
g20260840_ky03,49,1511064590,"[5300, 25400, 37000, 32300]",4,3,1,2,-10.0,-4.0,10.0,4.0
g20260840_ky03,50,1511064591,"[34600, 22100, 18500, 24800]",1,3,4,2,10.0,-4.0,-10.0,4.0
g20260840_ky03,51,1511064592,"[31200, 23900, 18300, 24600]",1,3,4,2,10.0,-4.0,-10.0,4.0
g20260840_ky03,52,1511064593,"[30000, 38700, 13500, 17800]",2,1,4,3,4.0,10.0,-10.0,-4.0
g20260840_ky03,53,1511064594,"[30200, 17800, 30300, 21700]",2,4,1,3,4.0,-10.0,10.0,-4.0
g20260840_ky03,54,1511064595,"[38000, 5800, 21500, 34700]",1,4,3,2,10.0,-10.0,-4.0,4.0
g20260840_ky03,55,1511064596,"[12900, 26300, 20100, 40700]",4,2,3,1,-10.0,4.0,-4.0,10.0
g20260840_ky03,56,1511064597,"[18400, 31200, 30400, 20000]",4,1,2,3,-10.0,10.0,4.0,-4.0
g20260840_ky03,57,1511064598,"[22100, 31800, 23400, 20700]",3,1,2,4,-4.0,10.0,4.0,-10.0
g20260840_ky03,58,1511064599,"[26700, 31600, 16900, 24800]",2,1,4,3,4.0,10.0,-10.0,-4.0
g20260840_ky03,59,1511064600,"[19300, 26600, 16200, 37900]",3,2,4,1,-4.0,4.0,-10.0,10.0
g20260840_ky03,60,1511064601,"[25500, 35500, 17700, 21300]",2,1,4,3,4.0,10.0,-10.0,-4.0
g20260840_ky03,61,1511064602,"[17400, 35200, 21900, 24500]",4,1,3,2,-10.0,10.0,-4.0,4.0
g20260840_ky03,62,1511064603,"[15700, 37900, 22800, 23600]",4,1,3,2,-10.0,10.0,-4.0,4.0
g20260840_ky03,63,1511064604,"[13600, 30100, 21200, 35100]",4,2,3,1,-10.0,4.0,-4.0,10.0
g20260840_ky03,64,1511064605,"[20600, 34300, 23700, 20400]",3,1,2,4,-4.0,10.0,4.0,-10.0
g20260840_ky03,65,1511064606,"[33300, 16300, 28600, 21800]",1,4,2,3,10.0,-10.0,4.0,-4.0
g20260840_ky03,66,1511064607,"[42600, 12300, 27900, 17200]",1,4,2,3,10.0,-10.0,4.0,-4.0
g20260840_ky03,67,1511064608,"[25100, 37400, 20600, 16900]",2,1,3,4,4.0,10.0,-4.0,-10.0
g20260840_ky03,68,1511064609,"[18100, 39800, 23800, 18300]",4,1,2,3,-10.0,10.0,4.0,-4.0
g20260840_ky03,69,1511064610,"[11700, 32900, 19100, 36300]",4,2,3,1,-10.0,4.0,-4.0,10.0
g20260840_ky03,70,1511064611,"[5000, 31300, 26200, 37500]",4,2,3,1,-10.0,4.0,-4.0,10.0
g20260840_ky03,71,1511064612,"[14800, 31000, 32200, 22000]",4,2,1,3,-10.0,4.0,10.0,-4.0
g20260840_ky03,72,1511064613,"[7600, 31300, 27500, 33600]",4,2,3,1,-10.0,4.0,-4.0,10.0
g20260840_ky03,73,1511064614,"[14100, 22700, 33100, 30100]",4,3,1,2,-10.0,-4.0,10.0,4.0
g20260840_ky03,74,1511064615,"[25500, 30700, 28500, 15300]",3,1,2,4,-4.0,10.0,4.0,-10.0
g20260840_ky03,75,1511064616,"[22600, 37000, 25000, 15400]",3,1,2,4,-4.0,10.0,4.0,-10.0
g20260840_ky03,76,1511064617,"[1800, 37500, 39200, 21500]",4,2,1,3,-10.0,4.0,10.0,-4.0
g20260840_ky03,77,1511064618,"[24500, 34900, 23400, 17200]",2,1,3,4,4.0,10.0,-4.0,-10.0
g20260840_ky03,78,1511064619,"[22700, 9000, 42700, 25600]",3,4,1,2,-4.0,-10.0,10.0,4.0
g20260840_ky03,79,1511064620,"[23100, 32000, 20300, 24600]",3,1,4,2,-4.0,10.0,-10.0,4.0
g20260840_ky03,80,1511064621,"[24000, 31400, 25900, 17700]",3,1,2,4,-4.0,10.0,4.0,-10.0
g20260840_ky03,81,1511064622,"[6600, 31500, 26900, 35000]",4,2,3,1,-10.0,4.0,-4.0,10.0
g20260840_ky03,82,1511064623,"[11200, 30500, 26100, 32200]",4,2,3,1,-10.0,4.0,-4.0,10.0
g20260840_ky03,83,1511064624,"[20500, 36700, 22100, 20700]",4,1,2,3,-10.0,10.0,4.0,-4.0
g20260840_ky03,84,1511064625,"[12800, 40500, 23900, 22800]",4,1,2,3,-10.0,10.0,4.0,-4.0
g20260840_ky03,85,1511064626,"[9700, 42900, 20200, 27200]",4,1,3,2,-10.0,10.0,-4.0,4.0
g20260840_ky03,86,1511064627,"[19600, 35500, 15500, 29400]",3,1,4,2,-4.0,10.0,-10.0,4.0
g20260840_ky03,87,1511064628,"[20000, 29200, 30200, 20600]",4,2,1,3,-10.0,4.0,10.0,-4.0
g20260840_ky03,88,1511064629,"[24400, 37500, 30900, 7200]",3,1,2,4,-4.0,10.0,4.0,-10.0
g20260840_ky03,89,1511064630,"[-1200, 34700, 35000, 31500]",4,2,1,3,-10.0,4.0,10.0,-4.0
g20260840_ky03,90,1511064631,"[25900, 3900, 23200, 47000]",2,4,3,1,4.0,-10.0,-4.0,10.0
g20260840_ky03,91,1511064632,"[20400, 23400, 25800, 30400]",4,3,2,1,-10.0,-4.0,4.0,10.0
g20260840_ky03,92,1511064633,"[11000, 27600, 26400, 35000]",4,2,3,1,-10.0,4.0,-4.0,10.0
g20260840_ky03,93,1511064634,"[32400, 29500, 10900, 27200]",1,2,4,3,10.0,4.0,-10.0,-4.0
g20260840_ky03,94,1511064635,"[46300, 30000, 24200, -500]",1,2,3,4,10.0,4.0,-4.0,-10.0
g20260840_ky03,95,1511064636,"[31600, 33900, 4900, 28600]",2,1,4,3,4.0,10.0,-10.0,-4.0
g20260840_ky03,96,1511064637,"[22600, 39400, 19100, 18900]",2,1,3,4,4.0,10.0,-4.0,-10.0
g20260840_ky03,97,1511064638,"[22700, 34000, 13100, 30200]",3,1,4,2,-4.0,10.0,-10.0,4.0
g20260840_ky03,98,1511064639,"[3300, 39500, 1400, 55800]",3,2,4,1,-4.0,4.0,-10.0,10.0
g20260840_ky03,99,1511064640,"[29800, 26700, 16200, 27300]",1,3,4,2,10.0,-4.0,-10.0,4.0
g20260840_ky03,100,1511064641,"[13900, 29500, 17800, 38800]",4,2,3,1,-10.0,4.0,-4.0,10.0
g20260840_ky03,101,1511064642,"[20000, 30100, 27900, 22000]",4,1,2,3,-10.0,10.0,4.0,-4.0
g20260840_ky03,102,1511064643,"[13300, 41900, 25800, 19000]",4,1,2,3,-10.0,10.0,4.0,-4.0
g20260840_ky03,103,1511064644,"[16500, 28500, 24900, 30100]",4,2,3,1,-10.0,4.0,-4.0,10.0
g20260840_ky03,104,1511064645,"[31100, 23200, 24500, 21200]",1,3,2,4,10.0,-4.0,4.0,-10.0
g20260840_ky03,105,1511064646,"[15500, 29700, 22700, 32100]",4,2,3,1,-10.0,4.0,-4.0,10.0
g20260840_ky03,106,1511064647,"[12700, 30000, 23200, 34100]",4,2,3,1,-10.0,4.0,-4.0,10.0
g20260840_ky03,107,1511064648,"[36300, 31200, 10700, 21800]",1,2,4,3,10.0,4.0,-10.0,-4.0
g20260840_ky03,108,1511064649,"[24000, 41300, 23200, 11500]",2,1,3,4,4.0,10.0,-4.0,-10.0
g20260840_ky03,109,1511064650,"[26400, 25900, 17300, 30400]",2,3,4,1,4.0,-4.0,-10.0,10.0
g20260840_ky03,110,1511064651,"[33100, 41900, 20100, 4900]",2,1,3,4,4.0,10.0,-4.0,-10.0
g20260840_ky03,111,1511064652,"[11500, 49100, 16700, 20700]",4,1,3,2,-10.0,10.0,-4.0,4.0
g20260840_ky03,112,1511064653,"[30600, 8800, 18900, 41700]",2,4,3,1,4.0,-10.0,-4.0,10.0
g20260840_ky03,113,1511064654,"[11200, 26100, 23100, 39600]",4,2,3,1,-10.0,4.0,-4.0,10.0
g20260840_ky03,114,1511064655,"[5700, 28700, 13500, 52100]",4,2,3,1,-10.0,4.0,-4.0,10.0
g20260840_ky03,115,1511064656,"[15000, 25000, 25900, 34100]",4,3,2,1,-10.0,-4.0,4.0,10.0
g20260840_ky03,116,1511064657,"[34600, 19600, 21100, 24700]",1,4,3,2,10.0,-10.0,-4.0,4.0
g20260840_ky03,117,1511064658,"[13900, 22900, 39000, 24200]",4,3,1,2,-10.0,-4.0,10.0,4.0
g20260840_ky03,118,1511064659,"[22700, 42900, 22200, 12200]",2,1,3,4,4.0,10.0,-4.0,-10.0
g20260840_ky03,119,1511064660,"[-1500, 38200, 28000, 35300]",4,1,3,2,-10.0,10.0,-4.0,4.0
g20260840_ky03,120,1511064661,"[7400, 12900, 43500, 36200]",4,3,1,2,-10.0,-4.0,10.0,4.0
g20260840_ky03,121,1511064662,"[29100, 32000, 10900, 28000]",2,1,4,3,4.0,10.0,-10.0,-4.0
g20260840_ky03,122,1511064663,"[12600, 41500, 22400, 23500]",4,1,3,2,-10.0,10.0,-4.0,4.0
g20260840_ky03,123,1511064664,"[30400, 28800, 26400, 14400]",1,2,3,4,10.0,4.0,-4.0,-10.0
g20260840_ky03,124,1511064665,"[38800, 31400, 34600, -4800]",1,3,2,4,10.0,-4.0,4.0,-10.0
g20260840_ky03,125,1511064666,"[23200, 26400, 18000, 32400]",3,2,4,1,-4.0,4.0,-10.0,10.0
g20260840_ky03,126,1511064667,"[20000, 19200, 34200, 25600]",3,4,1,2,-4.0,-10.0,10.0,4.0
g20260840_ky03,127,1511064668,"[-400, 47100, 37000, 16300]",4,1,2,3,-10.0,10.0,4.0,-4.0
g20260840_ky03,128,1511064669,"[18900, 31500, 22700, 26900]",4,1,3,2,-10.0,10.0,-4.0,4.0
g20260840_ky03,129,1511064670,"[33800, 35500, -3100, 33800]",2,1,4,3,4.0,10.0,-10.0,-4.0
g20260840_ky03,130,1511064671,"[15400, 30300, 23700, 30600]",4,2,3,1,-10.0,4.0,-4.0,10.0
g20260840_ky03,131,1511064672,"[4400, 35400, 25000, 35200]",4,1,3,2,-10.0,10.0,-4.0,4.0
g20260840_ky03,132,1511064673,"[31200, 38200, 12000, 18600]",2,1,4,3,4.0,10.0,-10.0,-4.0
g20260840_ky03,133,1511064674,"[12500, 50300, 26100, 11100]",3,1,2,4,-4.0,10.0,4.0,-10.0
g20260840_ky03,134,1511064675,"[17900, 36000, 28300, 17800]",3,1,2,4,-4.0,10.0,4.0,-10.0
g20260840_ky03,135,1511064676,"[25700, 36200, 14600, 23500]",2,1,4,3,4.0,10.0,-10.0,-4.0
g20260840_ky03,136,1511064677,"[34700, 31700, 28300, 5300]",1,2,3,4,10.0,4.0,-4.0,-10.0
g20260840_ky03,137,1511064678,"[21600, 30700, 22400, 25300]",4,1,3,2,-10.0,10.0,-4.0,4.0
g20260840_ky03,138,1511064679,"[13000, 30700, 30200, 26100]",4,1,2,3,-10.0,10.0,4.0,-4.0
g20260840_ky03,139,1511064680,"[46500, 2600, 6800, 44100]",1,4,3,2,10.0,-10.0,-4.0,4.0
g20260840_ky03,140,1511064681,"[6600, 44700, 32700, 14000]",4,1,2,3,-10.0,10.0,4.0,-4.0
g20260840_ky03,141,1511064682,"[23800, 24700, 19000, 32500]",3,2,4,1,-4.0,4.0,-10.0,10.0
g20260840_ky03,142,1511064683,"[10900, 24700, 31000, 33400]",4,3,2,1,-10.0,-4.0,4.0,10.0
g20260840_ky03,143,1511064684,"[30800, 23100, 23300, 22800]",1,3,2,4,10.0,-4.0,4.0,-10.0
g20260840_ky03,144,1511064685,"[26400, 19000, 33200, 21400]",2,4,1,3,4.0,-10.0,10.0,-4.0
g20260840_ky03,145,1511064686,"[12000, 28200, 25500, 33300]",4,2,3,1,-10.0,4.0,-4.0,10.0
g20260840_ky03,146,1511064687,"[32600, 24300, 23500, 19600]",1,2,3,4,10.0,4.0,-4.0,-10.0
g20260840_ky03,147,1511064688,"[16600, 32400, 22200, 28800]",4,1,3,2,-10.0,10.0,-4.0,4.0
g20260840_ky03,148,1511064689,"[10800, 31000, 38400, 19800]",4,2,1,3,-10.0,4.0,10.0,-4.0
g20260840_ky03,149,1511064690,"[27500, 5500, 20100, 45900]",2,4,3,1,4.0,-10.0,-4.0,10.0
g20260840_ky03,150,1511064691,"[10700, 33600, 35600, 20100]",4,2,1,3,-10.0,4.0,10.0,-4.0
g20260840_ky03,151,1511064692,"[27600, 13600, 25000, 33800]",2,4,3,1,4.0,-10.0,-4.0,10.0
g20260840_ky03,152,1511064693,"[18700, 42600, 17400, 21300]",3,1,4,2,-4.0,10.0,-10.0,4.0
g20260840_ky03,153,1511064694,"[12700, 42500, 15500, 29300]",4,1,3,2,-10.0,10.0,-4.0,4.0
g20260840_ky03,154,1511064695,"[37400, 29800, -11700, 44500]",2,3,4,1,4.0,-4.0,-10.0,10.0
g20260840_ky03,155,1511064696,"[-200, 28300, 41200, 30700]",4,3,1,2,-10.0,-4.0,10.0,4.0
g20260840_ky03,156,1511064697,"[13600, 51500, 15500, 19400]",4,1,3,2,-10.0,10.0,-4.0,4.0
g20260840_ky03,157,1511064698,"[37200, 28500, 29000, 5300]",1,3,2,4,10.0,-4.0,4.0,-10.0
g20260840_ky03,158,1511064699,"[33400, 7400, 26200, 33000]",1,4,3,2,10.0,-10.0,-4.0,4.0
g20260840_ky03,159,1511064700,"[17900, 28400, 22600, 31100]",4,2,3,1,-10.0,4.0,-4.0,10.0
g20260840_ky03,160,1511064701,"[16800, 30600, 28700, 23900]",4,1,2,3,-10.0,10.0,4.0,-4.0
g20260840_ky03,161,1511064702,"[23200, 20700, 51100, 5000]",2,3,1,4,4.0,-4.0,10.0,-10.0
g20260840_ky03,162,1511064703,"[25200, -700, 37800, 37700]",3,4,1,2,-4.0,-10.0,10.0,4.0
g20260840_ky03,163,1511064704,"[16500, 19500, 47300, 16700]",4,2,1,3,-10.0,4.0,10.0,-4.0
g20260840_ky03,164,1511064705,"[35600, 23800, 20100, 20500]",1,2,4,3,10.0,4.0,-10.0,-4.0
g20260840_ky03,165,1511064706,"[22100, 37300, 23900, 16700]",3,1,2,4,-4.0,10.0,4.0,-10.0
g20260840_ky03,166,1511064707,"[23600, 37900, 20800, 17700]",2,1,3,4,4.0,10.0,-4.0,-10.0
g20260840_ky03,167,1511064708,"[12700, 25800, 29600, 30900]",4,3,2,1,-10.0,-4.0,4.0,10.0
g20260840_ky03,168,1511064709,"[22000, 24100, 22400, 31500]",4,2,3,1,-10.0,4.0,-4.0,10.0
g20260840_ky03,169,1511064710,"[10200, 24100, 43800, 21900]",4,2,1,3,-10.0,4.0,10.0,-4.0
g20260840_ky03,170,1511064711,"[11100, 25000, 22500, 41400]",4,2,3,1,-10.0,4.0,-4.0,10.0
g20260840_ky03,171,1511064712,"[8000, 35500, 65100, -8600]",3,2,1,4,-4.0,4.0,10.0,-10.0
g20260840_ky03,172,1511064713,"[7800, 47000, 22700, 22500]",4,1,2,3,-10.0,10.0,4.0,-4.0
g20260840_ky03,173,1511064714,"[48300, 20800, 17600, 13300]",1,2,3,4,10.0,4.0,-4.0,-10.0
g20260840_ky03,174,1511064715,"[12100, 21900, 34300, 31700]",4,3,1,2,-10.0,-4.0,10.0,4.0
g20260840_ky03,175,1511064716,"[24200, 24700, 20100, 31000]",3,2,4,1,-4.0,4.0,-10.0,10.0
g20260840_ky03,176,1511064717,"[14100, 23300, 35200, 27400]",4,3,1,2,-10.0,-4.0,10.0,4.0
g20260840_ky03,177,1511064718,"[4900, 32300, 30400, 32400]",4,2,3,1,-10.0,4.0,-4.0,10.0
g20260840_ky03,178,1511064719,"[34500, 35000, 23000, 7500]",2,1,3,4,4.0,10.0,-4.0,-10.0
g20260840_ky03,179,1511064720,"[34000, 8000, 21200, 36800]",2,4,3,1,4.0,-10.0,-4.0,10.0
g20260840_ky03,180,1511064721,"[15400, 21400, 19600, 42600]",4,2,3,1,-10.0,4.0,-4.0,10.0
g20260840_ky03,181,1511064722,"[32200, 24700, 11600, 31500]",1,3,4,2,10.0,-4.0,-10.0,4.0
g20260840_ky03,182,1511064723,"[22900, 29600, 31400, 16100]",3,2,1,4,-4.0,4.0,10.0,-10.0
g20260840_ky03,183,1511064724,"[39500, 36000, 900, 23600]",1,2,4,3,10.0,4.0,-10.0,-4.0
g20260840_ky03,184,1511064725,"[19100, 34000, 26900, 20000]",4,1,2,3,-10.0,10.0,4.0,-4.0
g20260840_ky03,185,1511064726,"[22300, 20200, 31700, 25800]",3,4,1,2,-4.0,-10.0,10.0,4.0
g20260840_ky03,186,1511064727,"[11600, 46500, 21800, 20100]",4,1,2,3,-10.0,10.0,4.0,-4.0
g20260840_ky03,187,1511064728,"[18600, 40700, 20700, 19000]",4,1,2,3,-10.0,10.0,4.0,-4.0
g20260840_ky03,188,1511064729,"[24900, 35800, 26800, 12500]",3,1,2,4,-4.0,10.0,4.0,-10.0
g20260840_ky03,189,1511064730,"[21000, 27800, 19400, 31800]",3,2,4,1,-4.0,4.0,-10.0,10.0
g20260840_ky03,190,1511064731,"[5400, 29400, 29100, 36100]",4,2,3,1,-10.0,4.0,-4.0,10.0
g20260840_ky03,191,1511064732,"[22900, 27900, 15600, 33600]",3,2,4,1,-4.0,4.0,-10.0,10.0
g20260843_ky06,0,1511064558,"[27000, 17400, 56100, -500]",2,3,1,4,4.0,-4.0,10.0,-10.0
g20260843_ky06,1,1511064559,"[27000, 17400, 56100, -500]",2,3,1,4,4.0,-4.0,10.0,-10.0
g20260843_ky06,2,1511064560,"[26000, 5400, 58400, 10200]",2,4,1,3,4.0,-10.0,10.0,-4.0
g20260843_ky06,3,1511064561,"[25500, 19400, 55600, -500]",2,3,1,4,4.0,-4.0,10.0,-10.0
g20260843_ky06,4,1511064562,"[26100, 17900, 41000, 15000]",2,3,1,4,4.0,-4.0,10.0,-10.0
g20260843_ky06,5,1511064563,"[26000, 17400, 56100, 500]",2,3,1,4,4.0,-4.0,10.0,-10.0
g20260843_ky06,6,1511064564,"[26000, 9400, 64100, 500]",2,3,1,4,4.0,-4.0,10.0,-10.0
g20260843_ky06,7,1511064565,"[24000, 19400, 56100, 500]",2,3,1,4,4.0,-4.0,10.0,-10.0
g20260843_ky06,8,1511064566,"[23000, 29400, 53100, -5500]",3,2,1,4,-4.0,4.0,10.0,-10.0
g20260843_ky06,9,1511064567,"[24200, 17800, 53600, 4400]",2,3,1,4,4.0,-4.0,10.0,-10.0
g20260843_ky06,10,1511064568,"[24400, 12100, 53500, 10000]",2,3,1,4,4.0,-4.0,10.0,-10.0
g20260843_ky06,11,1511064569,"[24000, 19400, 56100, 500]",2,3,1,4,4.0,-4.0,10.0,-10.0
g20260843_ky06,12,1511064570,"[24100, 18500, 56000, 1400]",2,3,1,4,4.0,-4.0,10.0,-10.0
g20260843_ky06,13,1511064571,"[23700, 17400, 56900, 2000]",2,3,1,4,4.0,-4.0,10.0,-10.0
g20260843_ky06,14,1511064572,"[26500, 14900, 56600, 1000]",2,3,1,4,4.0,-4.0,10.0,-10.0
g20260843_ky06,15,1511064573,"[26000, 17400, 56100, 500]",2,3,1,4,4.0,-4.0,10.0,-10.0
g20260843_ky06,16,1511064574,"[26000, 21300, 56100, -3400]",2,3,1,4,4.0,-4.0,10.0,-10.0
g20260843_ky06,17,1511064575,"[25300, 16700, 58800, -800]",2,3,1,4,4.0,-4.0,10.0,-10.0
g20260843_ky06,18,1511064576,"[21400, 15700, 51500, 11400]",2,3,1,4,4.0,-4.0,10.0,-10.0
g20260843_ky06,19,1511064577,"[28600, 17400, 56100, -2100]",2,3,1,4,4.0,-4.0,10.0,-10.0
g20260843_ky06,20,1511064578,"[25200, 16600, 51300, 5900]",2,3,1,4,4.0,-4.0,10.0,-10.0
g20260843_ky06,21,1511064579,"[14700, 30700, 53100, 1500]",3,2,1,4,-4.0,4.0,10.0,-10.0
g20260843_ky06,22,1511064580,"[27000, 14400, 53100, 5500]",2,3,1,4,4.0,-4.0,10.0,-10.0
g20260843_ky06,23,1511064581,"[27100, 14900, 55600, 2400]",2,3,1,4,4.0,-4.0,10.0,-10.0
g20260843_ky06,24,1511064582,"[26000, 17400, 58100, -1500]",2,3,1,4,4.0,-4.0,10.0,-10.0
g20260843_ky06,25,1511064583,"[13700, 21700, 52100, 12500]",3,2,1,4,-4.0,4.0,10.0,-10.0
g20260843_ky06,26,1511064584,"[26000, 17400, 58100, -1500]",2,3,1,4,4.0,-4.0,10.0,-10.0
g20260843_ky06,27,1511064585,"[26000, 16400, 69100, -11500]",2,3,1,4,4.0,-4.0,10.0,-10.0
g20260843_ky06,28,1511064586,"[28000, 17400, 54100, 500]",2,3,1,4,4.0,-4.0,10.0,-10.0
g20260843_ky06,29,1511064587,"[26000, 25400, 56100, -7500]",2,3,1,4,4.0,-4.0,10.0,-10.0
g20260843_ky06,30,1511064588,"[25000, 16400, 60100, -1500]",2,3,1,4,4.0,-4.0,10.0,-10.0
g20260843_ky06,31,1511064589,"[24500, 18900, 57600, -1000]",2,3,1,4,4.0,-4.0,10.0,-10.0
g20260843_ky06,32,1511064590,"[24500, 18900, 57600, -1000]",2,3,1,4,4.0,-4.0,10.0,-10.0
g20260843_ky06,33,1511064591,"[24700, 18700, 62500, -5900]",2,3,1,4,4.0,-4.0,10.0,-10.0
g20260843_ky06,34,1511064592,"[28000, 17400, 54100, 500]",2,3,1,4,4.0,-4.0,10.0,-10.0
g20260843_ky06,35,1511064593,"[25000, 16400, 67400, -8800]",2,3,1,4,4.0,-4.0,10.0,-10.0
g20260843_ky06,36,1511064594,"[26000, 17400, 68100, -11500]",2,3,1,4,4.0,-4.0,10.0,-10.0
g20260843_ky06,37,1511064595,"[28000, 16900, 55600, -500]",2,3,1,4,4.0,-4.0,10.0,-10.0
g20260843_ky06,38,1511064596,"[30000, 16400, 55100, -1500]",2,3,1,4,4.0,-4.0,10.0,-10.0
g20260843_ky06,39,1511064597,"[25700, 18500, 55800, 0]",2,3,1,4,4.0,-4.0,10.0,-10.0
g20260843_ky06,40,1511064598,"[20800, 9400, 60500, 9300]",2,3,1,4,4.0,-4.0,10.0,-10.0
g20260843_ky06,41,1511064599,"[28000, 17400, 56100, -1500]",2,3,1,4,4.0,-4.0,10.0,-10.0
g20260843_ky06,42,1511064600,"[18300, 25100, 56100, 500]",3,2,1,4,-4.0,4.0,10.0,-10.0
g20260843_ky06,43,1511064601,"[27300, 14600, 56100, 2000]",2,3,1,4,4.0,-4.0,10.0,-10.0
g20260843_ky06,44,1511064602,"[28500, 15100, 55800, 600]",2,3,1,4,4.0,-4.0,10.0,-10.0
g20260843_ky06,45,1511064603,"[26000, 16100, 57400, 500]",2,3,1,4,4.0,-4.0,10.0,-10.0
g20260843_ky06,46,1511064604,"[28000, 16900, 55600, -500]",2,3,1,4,4.0,-4.0,10.0,-10.0
g20260843_ky06,47,1511064605,"[28200, 13400, 56100, 2300]",2,3,1,4,4.0,-4.0,10.0,-10.0
g20260843_ky06,48,1511064606,"[600, 19800, 55600, 24000]",4,3,1,2,-10.0,-4.0,10.0,4.0
g20260843_ky06,49,1511064607,"[24000, 15400, 64000, -3400]",2,3,1,4,4.0,-4.0,10.0,-10.0
g20260843_ky06,50,1511064608,"[28000, 17400, 56100, -1500]",2,3,1,4,4.0,-4.0,10.0,-10.0
g20260843_ky06,51,1511064609,"[27500, 10100, 57600, 4800]",2,3,1,4,4.0,-4.0,10.0,-10.0
g20260843_ky06,52,1511064610,"[24000, 25400, 54100, -3500]",3,2,1,4,-4.0,4.0,10.0,-10.0
g20260843_ky06,53,1511064611,"[27300, 17400, 56100, -800]",2,3,1,4,4.0,-4.0,10.0,-10.0
g20260843_ky06,54,1511064612,"[27900, 13100, 54400, 4600]",2,3,1,4,4.0,-4.0,10.0,-10.0
g20260843_ky06,55,1511064613,"[28000, 17400, 54100, 500]",2,3,1,4,4.0,-4.0,10.0,-10.0
g20260843_ky06,56,1511064614,"[24700, 16100, 61300, -2100]",2,3,1,4,4.0,-4.0,10.0,-10.0
g20260843_ky06,57,1511064615,"[26000, 18400, 55100, 500]",2,3,1,4,4.0,-4.0,10.0,-10.0
g20260843_ky06,58,1511064616,"[24000, 7400, 54100, 14500]",2,4,1,3,4.0,-10.0,10.0,-4.0
g20260843_ky06,59,1511064617,"[27600, 10300, 56100, 6000]",2,3,1,4,4.0,-4.0,10.0,-10.0
g20260843_ky06,60,1511064618,"[24400, 17400, 54800, 3400]",2,3,1,4,4.0,-4.0,10.0,-10.0
g20260843_ky06,61,1511064619,"[27100, 17100, 55800, 0]",2,3,1,4,4.0,-4.0,10.0,-10.0
g20260843_ky06,62,1511064620,"[38000, 17400, 44100, 500]",2,3,1,4,4.0,-4.0,10.0,-10.0
g20260843_ky06,63,1511064621,"[22100, 21300, 56100, 500]",2,3,1,4,4.0,-4.0,10.0,-10.0
g20260844_ky02,0,1511064575,"[43700, 25300, 26600, 4400]",1,3,2,4,10.0,-4.0,4.0,-10.0
g20260844_ky02,1,1511064576,"[-1500, 19400, 22500, 59600]",4,3,2,1,-10.0,-4.0,4.0,10.0
g20260844_ky02,2,1511064577,"[27200, 5700, 24100, 43000]",2,4,3,1,4.0,-10.0,-4.0,10.0
g20260844_ky02,3,1511064578,"[32700, 21100, 22300, 23900]",1,4,3,2,10.0,-10.0,-4.0,4.0
g20260844_ky02,4,1511064579,"[13800, 22900, 44500, 18800]",4,2,1,3,-10.0,4.0,10.0,-4.0
g20260844_ky02,5,1511064580,"[17000, 28300, 33400, 21300]",4,2,1,3,-10.0,4.0,10.0,-4.0
g20260844_ky02,6,1511064581,"[37800, 31100, 13200, 17900]",1,2,4,3,10.0,4.0,-10.0,-4.0
g20260844_ky02,7,1511064582,"[31700, 25400, 26700, 16200]",1,3,2,4,10.0,-4.0,4.0,-10.0
g20260844_ky02,8,1511064583,"[16000, 25500, 30200, 28300]",4,3,1,2,-10.0,-4.0,10.0,4.0
g20260844_ky02,9,1511064584,"[17100, 38100, 11600, 33200]",3,1,4,2,-4.0,10.0,-10.0,4.0
g20260844_ky02,10,1511064585,"[38100, 21000, 33400, 7500]",1,3,2,4,10.0,-4.0,4.0,-10.0
g20260844_ky02,11,1511064586,"[9800, 25300, 30600, 34300]",4,3,2,1,-10.0,-4.0,4.0,10.0
g20260844_ky02,12,1511064587,"[34900, -1000, 40900, 25200]",2,4,1,3,4.0,-10.0,10.0,-4.0
g20260844_ky02,13,1511064588,"[27800, 20200, 31500, 20500]",2,4,1,3,4.0,-10.0,10.0,-4.0
g20260844_ky02,14,1511064589,"[28200, 37500, 21300, 13000]",2,1,3,4,4.0,10.0,-4.0,-10.0
g20260844_ky02,15,1511064590,"[43600, 7300, 22600, 26500]",1,4,3,2,10.0,-10.0,-4.0,4.0
g20260844_ky02,16,1511064591,"[28600, 9800, 27600, 34000]",2,4,3,1,4.0,-10.0,-4.0,10.0
g20260844_ky02,17,1511064592,"[24600, 20100, 24200, 31100]",2,4,3,1,4.0,-10.0,-4.0,10.0
g20260844_ky02,18,1511064593,"[27700, 26000, 15700, 30600]",2,3,4,1,4.0,-4.0,-10.0,10.0
g20260844_ky02,19,1511064594,"[28700, 2900, 45600, 22800]",2,4,1,3,4.0,-10.0,10.0,-4.0
g20260844_ky02,20,1511064595,"[11000, 6800, 16200, 66000]",3,4,2,1,-4.0,-10.0,4.0,10.0
g20260844_ky02,21,1511064596,"[10700, 31000, 21500, 36800]",4,2,3,1,-10.0,4.0,-4.0,10.0
g20260844_ky02,22,1511064597,"[27100, 25000, 10800, 37100]",2,3,4,1,4.0,-4.0,-10.0,10.0
g20260844_ky02,23,1511064598,"[30800, 19500, 8300, 41400]",2,3,4,1,4.0,-4.0,-10.0,10.0
g20260844_ky02,24,1511064599,"[14300, 35900, 23900, 23900]",4,1,2,3,-10.0,10.0,4.0,-4.0
g20260844_ky02,25,1511064600,"[23300, 22500, 22500, 31700]",2,3,4,1,4.0,-4.0,-10.0,10.0
g20260844_ky02,26,1511064601,"[17600, 23200, 25700, 33500]",4,3,2,1,-10.0,-4.0,4.0,10.0
g20260844_ky02,27,1511064602,"[20500, 19900, 22100, 37500]",3,4,2,1,-4.0,-10.0,4.0,10.0
g20260844_ky02,28,1511064603,"[20800, 24300, 20800, 34100]",3,2,4,1,-4.0,4.0,-10.0,10.0
g20260844_ky02,29,1511064604,"[12500, 37800, 22200, 27500]",4,1,3,2,-10.0,10.0,-4.0,4.0
g20260844_ky02,30,1511064605,"[22700, 31700, 15300, 30300]",3,1,4,2,-4.0,10.0,-10.0,4.0
g20260844_ky02,31,1511064606,"[21900, 22500, 25500, 30100]",4,3,2,1,-10.0,-4.0,4.0,10.0
g20260844_ky02,32,1511064607,"[31100, 25100, 23000, 20800]",1,2,3,4,10.0,4.0,-4.0,-10.0
g20260844_ky02,33,1511064608,"[16400, 34600, 25800, 23200]",4,1,2,3,-10.0,10.0,4.0,-4.0
g20260844_ky02,34,1511064609,"[22300, 28000, 31700, 18000]",3,2,1,4,-4.0,4.0,10.0,-10.0
g20260844_ky02,35,1511064610,"[17800, 42300, 18500, 21400]",4,1,3,2,-10.0,10.0,-4.0,4.0
g20260844_ky02,36,1511064611,"[17400, 19100, 30600, 32900]",4,3,2,1,-10.0,-4.0,4.0,10.0
g20260844_ky02,37,1511064612,"[24500, 17900, 33900, 23700]",2,4,1,3,4.0,-10.0,10.0,-4.0
g20260844_ky02,38,1511064613,"[28400, 41700, 11800, 18100]",2,1,4,3,4.0,10.0,-10.0,-4.0
g20260844_ky02,39,1511064614,"[27000, 21900, 34300, 16800]",2,3,1,4,4.0,-4.0,10.0,-10.0
g20260844_ky02,40,1511064615,"[21500, 35000, 23300, 20200]",3,1,2,4,-4.0,10.0,4.0,-10.0
g20260844_ky02,41,1511064616,"[23600, 37600, 20100, 17700]",2,1,3,4,4.0,10.0,-4.0,-10.0
g20260844_ky02,42,1511064617,"[37000, 21700, 17500, 23800]",1,3,4,2,10.0,-4.0,-10.0,4.0
g20260844_ky02,43,1511064618,"[20300, 13200, 24500, 42000]",3,4,2,1,-4.0,-10.0,4.0,10.0
g20260844_ky02,44,1511064619,"[37700, 29600, 13700, 19000]",1,2,4,3,10.0,4.0,-10.0,-4.0
g20260844_ky02,45,1511064620,"[17500, 36000, 16300, 30200]",3,1,4,2,-4.0,10.0,-10.0,4.0
g20260844_ky02,46,1511064621,"[16300, 24600, 25100, 34000]",4,3,2,1,-10.0,-4.0,4.0,10.0
g20260844_ky02,47,1511064622,"[27100, 25800, 35100, 12000]",2,3,1,4,4.0,-4.0,10.0,-10.0
g20260844_ky02,48,1511064623,"[20600, 34100, 21300, 24000]",4,1,3,2,-10.0,10.0,-4.0,4.0
g20260844_ky02,49,1511064624,"[30700, 21900, 30400, 17000]",1,3,2,4,10.0,-4.0,4.0,-10.0
g20260844_ky02,50,1511064625,"[16200, 29500, 22100, 31200]",4,2,3,1,-10.0,4.0,-4.0,10.0
g20260844_ky02,51,1511064626,"[24500, 26100, 10200, 39200]",3,2,4,1,-4.0,4.0,-10.0,10.0
g20260844_ky02,52,1511064627,"[14800, 36400, 14000, 34800]",3,1,4,2,-4.0,10.0,-10.0,4.0
g20260844_ky02,53,1511064628,"[19700, 38000, 29700, 12600]",3,1,2,4,-4.0,10.0,4.0,-10.0
g20260844_ky02,54,1511064629,"[8900, 38900, 24100, 28100]",4,1,3,2,-10.0,10.0,-4.0,4.0
g20260844_ky02,55,1511064630,"[25400, 7400, 43200, 24000]",2,4,1,3,4.0,-10.0,10.0,-4.0
g20260844_ky02,56,1511064631,"[23900, 15400, 29100, 31600]",3,4,2,1,-4.0,-10.0,4.0,10.0
g20260844_ky02,57,1511064632,"[18700, 18700, 22800, 39800]",3,4,2,1,-4.0,-10.0,4.0,10.0
g20260844_ky02,58,1511064633,"[41300, 15400, 24300, 19000]",1,4,2,3,10.0,-10.0,4.0,-4.0
g20260844_ky02,59,1511064634,"[39900, -700, 33300, 27500]",1,4,2,3,10.0,-10.0,4.0,-4.0
g20260844_ky02,60,1511064635,"[22800, 28900, 16600, 31700]",3,2,4,1,-4.0,4.0,-10.0,10.0
g20260844_ky02,61,1511064636,"[33200, 32500, 4900, 29400]",1,2,4,3,10.0,4.0,-10.0,-4.0
g20260844_ky02,62,1511064637,"[31000, 21200, 27100, 20700]",1,3,2,4,10.0,-4.0,4.0,-10.0
g20260844_ky02,63,1511064638,"[24100, 19400, 20100, 36400]",2,4,3,1,4.0,-10.0,-4.0,10.0
g20260844_ky02,64,1511064639,"[21700, 16900, 18500, 42900]",2,4,3,1,4.0,-10.0,-4.0,10.0
g20260844_ky02,65,1511064640,"[25300, 30800, 23900, 20000]",2,1,3,4,4.0,10.0,-4.0,-10.0
g20260844_ky02,66,1511064641,"[31600, 16000, 33600, 18800]",2,4,1,3,4.0,-10.0,10.0,-4.0
g20260844_ky02,67,1511064642,"[21000, 40700, 17900, 19400]",2,1,4,3,4.0,10.0,-10.0,-4.0
g20260844_ky02,68,1511064643,"[36600, 18400, 25100, 19900]",1,4,2,3,10.0,-10.0,4.0,-4.0
g20260844_ky02,69,1511064644,"[36400, 20800, 26700, 16100]",1,3,2,4,10.0,-4.0,4.0,-10.0
g20260844_ky02,70,1511064645,"[32700, 18300, 20700, 28300]",1,4,3,2,10.0,-10.0,-4.0,4.0
g20260844_ky02,71,1511064646,"[18100, 31900, 19600, 30400]",4,1,3,2,-10.0,10.0,-4.0,4.0
g20260844_ky02,72,1511064647,"[28800, 13400, 26600, 31200]",2,4,3,1,4.0,-10.0,-4.0,10.0
g20260844_ky02,73,1511064648,"[37600, 8500, 28400, 25500]",1,4,2,3,10.0,-10.0,4.0,-4.0
g20260844_ky02,74,1511064649,"[21900, 22900, 24800, 30400]",4,3,2,1,-10.0,-4.0,4.0,10.0
g20260844_ky02,75,1511064650,"[20800, 31600, 31200, 16400]",3,1,2,4,-4.0,10.0,4.0,-10.0
g20260844_ky02,76,1511064651,"[19600, 37800, 19000, 21600]",3,1,4,2,-4.0,10.0,-10.0,4.0
g20260844_ky02,77,1511064652,"[32500, 22200, 21600, 23700]",1,3,4,2,10.0,-4.0,-10.0,4.0
g20260844_ky02,78,1511064653,"[34500, 19000, 17000, 29500]",1,3,4,2,10.0,-4.0,-10.0,4.0
g20260844_ky02,79,1511064654,"[15900, 19600, 21300, 43200]",4,3,2,1,-10.0,-4.0,4.0,10.0
g20260844_ky02,80,1511064655,"[17600, 8400, 50200, 23800]",3,4,1,2,-4.0,-10.0,10.0,4.0
g20260844_ky02,81,1511064656,"[27000, 44500, 17300, 11200]",2,1,3,4,4.0,10.0,-4.0,-10.0
g20260844_ky02,82,1511064657,"[32600, 14500, 19100, 33800]",2,4,3,1,4.0,-10.0,-4.0,10.0
g20260844_ky02,83,1511064658,"[27600, 4400, 21500, 46500]",2,4,3,1,4.0,-10.0,-4.0,10.0
g20260844_ky02,84,1511064659,"[33200, 23500, 22000, 20300]",1,2,3,4,10.0,4.0,-4.0,-10.0
g20260844_ky02,85,1511064660,"[22200, 20500, 39600, 17700]",2,3,1,4,4.0,-4.0,10.0,-10.0
g20260844_ky02,86,1511064661,"[15200, 21500, 33700, 29600]",4,3,1,2,-10.0,-4.0,10.0,4.0
g20260844_ky02,87,1511064662,"[25900, 24700, 15800, 33600]",2,3,4,1,4.0,-4.0,-10.0,10.0
g20260844_ky02,88,1511064663,"[10300, 21800, 35200, 32700]",4,3,1,2,-10.0,-4.0,10.0,4.0
g20260844_ky02,89,1511064664,"[13100, 28400, 35400, 23100]",4,2,1,3,-10.0,4.0,10.0,-4.0
g20260844_ky02,90,1511064665,"[20700, 11300, 18500, 48500]",2,4,3,1,4.0,-10.0,-4.0,10.0
g20260844_ky02,91,1511064666,"[-400, 36300, 21900, 42200]",4,2,3,1,-10.0,4.0,-4.0,10.0
g20260844_ky02,92,1511064667,"[31000, 21100, 28800, 19100]",1,3,2,4,10.0,-4.0,4.0,-10.0
g20260844_ky02,93,1511064668,"[18700, 18600, 23900, 38800]",3,4,2,1,-4.0,-10.0,4.0,10.0
g20260844_ky02,94,1511064669,"[20300, 15100, 29000, 35600]",3,4,2,1,-4.0,-10.0,4.0,10.0
g20260844_ky02,95,1511064670,"[4700, 26600, 48400, 20300]",4,2,1,3,-10.0,4.0,10.0,-4.0
g20260844_ky02,96,1511064671,"[29700, 18000, 18900, 33400]",2,4,3,1,4.0,-10.0,-4.0,10.0
g20260844_ky02,97,1511064672,"[34700, 16900, 16100, 32300]",1,3,4,2,10.0,-4.0,-10.0,4.0
g20260844_ky02,98,1511064673,"[43800, 16500, 17200, 22500]",1,4,3,2,10.0,-10.0,-4.0,4.0
g20260844_ky02,99,1511064674,"[31400, 28200, 26000, 14400]",1,2,3,4,10.0,4.0,-4.0,-10.0
g20260844_ky02,100,1511064675,"[28300, 33900, 20600, 17200]",2,1,3,4,4.0,10.0,-4.0,-10.0
g20260844_ky02,101,1511064676,"[12200, 26600, 26500, 34700]",4,2,3,1,-10.0,4.0,-4.0,10.0
g20260844_ky02,102,1511064677,"[11000, 25100, 13900, 50000]",4,2,3,1,-10.0,4.0,-4.0,10.0
g20260844_ky02,103,1511064678,"[34300, 24200, 24800, 16700]",1,3,2,4,10.0,-4.0,4.0,-10.0
g20260844_ky02,104,1511064679,"[16800, 21700, 31600, 29900]",4,3,1,2,-10.0,-4.0,10.0,4.0
g20260844_ky02,105,1511064680,"[24800, 48500, 10700, 16000]",2,1,4,3,4.0,10.0,-10.0,-4.0
g20260844_ky02,106,1511064681,"[31100, 22900, 21300, 22700]",1,2,4,3,10.0,4.0,-10.0,-4.0
g20260844_ky02,107,1511064682,"[12200, 19100, 31600, 37100]",4,3,2,1,-10.0,-4.0,4.0,10.0
g20260844_ky02,108,1511064683,"[24600, 31400, 23400, 20600]",2,1,3,4,4.0,10.0,-4.0,-10.0
g20260844_ky02,109,1511064684,"[28700, 27300, 8000, 36000]",2,3,4,1,4.0,-4.0,-10.0,10.0
g20260844_ky02,110,1511064685,"[24300, -800, 22700, 53800]",2,4,3,1,4.0,-10.0,-4.0,10.0
g20260844_ky02,111,1511064686,"[15500, 32800, 26800, 23900]",4,1,2,3,-10.0,10.0,4.0,-4.0
g20260844_ky02,112,1511064687,"[32900, 8100, 32300, 26700]",1,4,2,3,10.0,-10.0,4.0,-4.0
g20260844_ky02,113,1511064688,"[16200, 31800, 16700, 35300]",4,2,3,1,-10.0,4.0,-4.0,10.0
g20260844_ky02,114,1511064689,"[8200, 36500, 18600, 36700]",4,2,3,1,-10.0,4.0,-4.0,10.0
g20260844_ky02,115,1511064690,"[38600, 14100, 19000, 28300]",1,4,3,2,10.0,-10.0,-4.0,4.0
g20260844_ky02,116,1511064691,"[42100, 16100, 35900, 5900]",1,3,2,4,10.0,-4.0,4.0,-10.0
g20260844_ky02,117,1511064692,"[26000, 21000, 37100, 15900]",2,3,1,4,4.0,-4.0,10.0,-10.0
g20260844_ky02,118,1511064693,"[17600, 32800, 17700, 31900]",4,1,3,2,-10.0,10.0,-4.0,4.0
g20260844_ky02,119,1511064694,"[43700, 19500, 18000, 18800]",1,2,4,3,10.0,4.0,-10.0,-4.0
g20260844_ky02,120,1511064695,"[10900, 34300, 31900, 22900]",4,1,2,3,-10.0,10.0,4.0,-4.0
g20260844_ky02,121,1511064696,"[21700, 37100, 13300, 27900]",3,1,4,2,-4.0,10.0,-10.0,4.0
g20260844_ky02,122,1511064697,"[34300, 26200, 28400, 11100]",1,3,2,4,10.0,-4.0,4.0,-10.0
g20260844_ky02,123,1511064698,"[27500, 11800, 24100, 36600]",2,4,3,1,4.0,-10.0,-4.0,10.0
g20260844_ky02,124,1511064699,"[24900, 40500, -2700, 37300]",3,1,4,2,-4.0,10.0,-10.0,4.0
g20260844_ky02,125,1511064700,"[21900, 22600, 18400, 37100]",3,2,4,1,-4.0,4.0,-10.0,10.0
g20260844_ky02,126,1511064701,"[45100, 13500, 26800, 14600]",1,4,2,3,10.0,-10.0,4.0,-4.0
g20260844_ky02,127,1511064702,"[22700, 35500, 20900, 20900]",2,1,3,4,4.0,10.0,-4.0,-10.0
g20260844_ky02,128,1511064703,"[20100, 45600, 12500, 21800]",3,1,4,2,-4.0,10.0,-10.0,4.0
g20260844_ky02,129,1511064704,"[700, 45500, 31700, 22100]",4,1,2,3,-10.0,10.0,4.0,-4.0
g20260844_ky02,130,1511064705,"[34600, 24500, 18000, 21900]",1,2,4,3,10.0,4.0,-10.0,-4.0
g20260844_ky02,131,1511064706,"[16100, 33200, 24900, 25800]",4,1,3,2,-10.0,10.0,-4.0,4.0
g20260844_ky02,132,1511064707,"[35700, 42700, 16800, 4800]",2,1,3,4,4.0,10.0,-4.0,-10.0
g20260844_ky02,133,1511064708,"[16400, 31000, 24500, 28100]",4,1,3,2,-10.0,10.0,-4.0,4.0
g20260844_ky02,134,1511064709,"[12800, 24700, 16100, 46400]",4,2,3,1,-10.0,4.0,-4.0,10.0
g20260844_ky02,135,1511064710,"[13500, 15800, 24000, 46700]",4,3,2,1,-10.0,-4.0,4.0,10.0
g20260844_ky02,136,1511064711,"[21300, 26000, 11700, 41000]",3,2,4,1,-4.0,4.0,-10.0,10.0
g20260844_ky02,137,1511064712,"[38900, 21400, 5600, 34100]",1,3,4,2,10.0,-4.0,-10.0,4.0
g20260844_ky02,138,1511064713,"[57600, 4000, 18100, 19300]",1,4,3,2,10.0,-10.0,-4.0,4.0
g20260844_ky02,139,1511064714,"[21600, 15700, 19900, 42800]",2,4,3,1,4.0,-10.0,-4.0,10.0
g20260844_ky02,140,1511064715,"[19100, 21100, 27100, 31700]",4,3,2,1,-10.0,-4.0,4.0,10.0
g20260844_ky02,141,1511064716,"[29200, 31500, 14800, 24500]",2,1,4,3,4.0,10.0,-10.0,-4.0
g20260844_ky02,142,1511064717,"[21600, 18300, 20400, 39700]",2,4,3,1,4.0,-10.0,-4.0,10.0
g20260844_ky02,143,1511064718,"[19300, 20300, 22200, 38200]",4,3,2,1,-10.0,-4.0,4.0,10.0
g20260844_ky02,144,1511064719,"[18600, 34500, -4800, 51700]",3,2,4,1,-4.0,4.0,-10.0,10.0
g20260844_ky02,145,1511064720,"[29100, 19200, 11000, 40700]",2,3,4,1,4.0,-4.0,-10.0,10.0
g20260844_ky02,146,1511064721,"[23000, 7000, 41200, 28800]",3,4,1,2,-4.0,-10.0,10.0,4.0
g20260844_ky02,147,1511064722,"[21200, 36200, 10900, 31700]",3,1,4,2,-4.0,10.0,-10.0,4.0
g20260844_ky02,148,1511064723,"[45100, 19900, 27100, 7900]",1,3,2,4,10.0,-4.0,4.0,-10.0
g20260844_ky02,149,1511064724,"[29600, -700, 18300, 52800]",2,4,3,1,4.0,-10.0,-4.0,10.0
g20260844_ky02,150,1511064725,"[39500, 18000, 19500, 23000]",1,4,3,2,10.0,-10.0,-4.0,4.0
g20260844_ky02,151,1511064726,"[31900, 21100, 25600, 21400]",1,4,2,3,10.0,-10.0,4.0,-4.0
g20260844_ky02,152,1511064727,"[33900, 18900, 19500, 27700]",1,4,3,2,10.0,-10.0,-4.0,4.0
g20260844_ky02,153,1511064728,"[17000, 22900, 36100, 24000]",4,3,1,2,-10.0,-4.0,10.0,4.0
g20260844_ky02,154,1511064729,"[34000, 11300, 31300, 23400]",1,4,2,3,10.0,-10.0,4.0,-4.0
g20260844_ky02,155,1511064730,"[31400, 22400, 24800, 21400]",1,3,2,4,10.0,-4.0,4.0,-10.0
g20260844_ky02,156,1511064731,"[25700, 18000, 18700, 37600]",2,4,3,1,4.0,-10.0,-4.0,10.0
g20260844_ky02,157,1511064732,"[27500, 31300, 18800, 22400]",2,1,4,3,4.0,10.0,-10.0,-4.0
g20260844_ky02,158,1511064733,"[33700, 29200, 19600, 17500]",1,2,3,4,10.0,4.0,-4.0,-10.0
g20260844_ky02,159,1511064734,"[26200, 31100, 24400, 18300]",2,1,3,4,4.0,10.0,-4.0,-10.0
g20260844_ky02,160,1511064735,"[27100, 21400, -9100, 60600]",2,3,4,1,4.0,-4.0,-10.0,10.0
g20260844_ky02,161,1511064736,"[35200, 32000, 16300, 16500]",1,2,4,3,10.0,4.0,-10.0,-4.0
g20260844_ky02,162,1511064737,"[18500, 30700, 15100, 35700]",3,2,4,1,-4.0,4.0,-10.0,10.0
g20260844_ky02,163,1511064738,"[26300, 1400, 44000, 28300]",3,4,1,2,-4.0,-10.0,10.0,4.0
g20260844_ky02,164,1511064739,"[28100, 25200, 33400, 13300]",2,3,1,4,4.0,-4.0,10.0,-10.0
g20260844_ky02,165,1511064740,"[25300, 29100, 40500, 5100]",3,2,1,4,-4.0,4.0,10.0,-10.0
g20260844_ky02,166,1511064741,"[16000, 41500, 20100, 22400]",4,1,3,2,-10.0,10.0,-4.0,4.0
g20260844_ky02,167,1511064742,"[36100, 21500, 24400, 18000]",1,3,2,4,10.0,-4.0,4.0,-10.0
g20260844_ky02,168,1511064743,"[23800, 33400, 21900, 20900]",2,1,3,4,4.0,10.0,-4.0,-10.0
g20260844_ky02,169,1511064744,"[18300, 17200, 14700, 49800]",2,3,4,1,4.0,-4.0,-10.0,10.0
g20260844_ky02,170,1511064745,"[15900, 37000, 21100, 26000]",4,1,3,2,-10.0,10.0,-4.0,4.0
g20260844_ky02,171,1511064746,"[22000, 36900, 23200, 17900]",3,1,2,4,-4.0,10.0,4.0,-10.0
g20260844_ky02,172,1511064747,"[21800, 38400, 24100, 15700]",3,1,2,4,-4.0,10.0,4.0,-10.0
g20260844_ky02,173,1511064748,"[27500, 31700, 13500, 27300]",2,1,4,3,4.0,10.0,-10.0,-4.0
g20260844_ky02,174,1511064749,"[30700, 37200, 3400, 28700]",2,1,4,3,4.0,10.0,-10.0,-4.0
g20260844_ky02,175,1511064750,"[41700, 18000, 34400, 5900]",1,3,2,4,10.0,-4.0,4.0,-10.0
g20260844_ky02,176,1511064751,"[34300, 31400, 12100, 22200]",1,2,4,3,10.0,4.0,-10.0,-4.0
g20260844_ky02,177,1511064752,"[25200, 11400, 37000, 26400]",3,4,1,2,-4.0,-10.0,10.0,4.0
g20260844_ky02,178,1511064753,"[33300, 18100, 23700, 24900]",1,4,3,2,10.0,-10.0,-4.0,4.0
g20260844_ky02,179,1511064754,"[23100, 32600, 8500, 35800]",3,2,4,1,-4.0,4.0,-10.0,10.0
g20260844_ky02,180,1511064755,"[23100, 23500, 30600, 22800]",3,2,1,4,-4.0,4.0,10.0,-10.0
g20260844_ky02,181,1511064756,"[39300, 23700, 17800, 19200]",1,2,4,3,10.0,4.0,-10.0,-4.0
g20260844_ky02,182,1511064757,"[16000, 11600, 39400, 33000]",3,4,1,2,-4.0,-10.0,10.0,4.0
g20260844_ky02,183,1511064758,"[15000, 41500, 21000, 22500]",4,1,3,2,-10.0,10.0,-4.0,4.0
g20260844_ky02,184,1511064759,"[26800, 12700, 30600, 29900]",3,4,1,2,-4.0,-10.0,10.0,4.0
g20260844_ky02,185,1511064760,"[22500, 13300, 21700, 41500]",2,4,3,1,4.0,-10.0,-4.0,10.0
g20260844_ky02,186,1511064761,"[47400, 19500, 11100, 22000]",1,3,4,2,10.0,-4.0,-10.0,4.0
g20260844_ky02,187,1511064762,"[38800, -1200, 11200, 51200]",2,4,3,1,4.0,-10.0,-4.0,10.0
g20260844_ky02,188,1511064763,"[17400, 25500, 16400, 39700]",3,2,4,1,-4.0,4.0,-10.0,10.0
g20260844_ky02,189,1511064764,"[22600, 30900, 19900, 26600]",3,1,4,2,-4.0,10.0,-10.0,4.0
g20260844_ky02,190,1511064765,"[9500, 32700, 21200, 36600]",4,2,3,1,-10.0,4.0,-4.0,10.0
g20260844_ky02,191,1511064766,"[36600, 8200, 26600, 28600]",1,4,3,2,10.0,-10.0,-4.0,4.0
g20260846_ky04,0,1511064592,"[30200, 18800, 21200, 29800]",1,4,3,2,10.0,-10.0,-4.0,4.0
g20260846_ky04,1,1511064593,"[48800, 27300, -7500, 31400]",1,3,4,2,10.0,-4.0,-10.0,4.0
g20260846_ky04,2,1511064594,"[34300, 30700, 8200, 26800]",1,2,4,3,10.0,4.0,-10.0,-4.0
g20260846_ky04,3,1511064595,"[40600, 42600, -14700, 31500]",2,1,4,3,4.0,10.0,-10.0,-4.0
g20260846_ky04,4,1511064596,"[25300, 28600, 16000, 30100]",3,2,4,1,-4.0,4.0,-10.0,10.0
g20260846_ky04,5,1511064597,"[43200, 36400, -2700, 23100]",1,2,4,3,10.0,4.0,-10.0,-4.0
g20260846_ky04,6,1511064598,"[37600, 28800, 900, 32700]",1,3,4,2,10.0,-4.0,-10.0,4.0
g20260846_ky04,7,1511064599,"[29600, 25000, 13600, 31800]",2,3,4,1,4.0,-4.0,-10.0,10.0
g20260846_ky04,8,1511064600,"[24900, 28100, 5000, 42000]",3,2,4,1,-4.0,4.0,-10.0,10.0
g20260846_ky04,9,1511064601,"[35100, 40600, 1400, 22900]",2,1,4,3,4.0,10.0,-10.0,-4.0
g20260846_ky04,10,1511064602,"[30800, 24600, -100, 44700]",2,3,4,1,4.0,-4.0,-10.0,10.0
g20260846_ky04,11,1511064603,"[34600, 29800, 18500, 17100]",1,2,3,4,10.0,4.0,-4.0,-10.0
g20260846_ky04,12,1511064604,"[35900, 37900, -6200, 32400]",2,1,4,3,4.0,10.0,-10.0,-4.0
g20260846_ky04,13,1511064605,"[35700, 24800, -2400, 41900]",2,3,4,1,4.0,-4.0,-10.0,10.0
g20260846_ky04,14,1511064606,"[33000, 26100, 1200, 39700]",2,3,4,1,4.0,-4.0,-10.0,10.0
g20260846_ky04,15,1511064607,"[35900, 33500, -1100, 31700]",1,2,4,3,10.0,4.0,-10.0,-4.0
g20260846_ky04,16,1511064608,"[38200, 34800, 1600, 25400]",1,2,4,3,10.0,4.0,-10.0,-4.0
g20260846_ky04,17,1511064609,"[32700, 21900, 8600, 36800]",2,3,4,1,4.0,-4.0,-10.0,10.0
g20260846_ky04,18,1511064610,"[33000, 37900, -1100, 30200]",2,1,4,3,4.0,10.0,-10.0,-4.0
g20260846_ky04,19,1511064611,"[36900, 29500, -200, 33800]",1,3,4,2,10.0,-4.0,-10.0,4.0
g20260846_ky04,20,1511064612,"[34700, 30600, -300, 34000]",1,3,4,2,10.0,-4.0,-10.0,4.0
g20260846_ky04,21,1511064613,"[35900, 27300, -800, 37600]",2,3,4,1,4.0,-4.0,-10.0,10.0
g20260846_ky04,22,1511064614,"[10400, 29800, 19400, 40400]",4,2,3,1,-10.0,4.0,-4.0,10.0
g20260846_ky04,23,1511064615,"[30300, 26100, 11000, 32600]",2,3,4,1,4.0,-4.0,-10.0,10.0
g20260846_ky04,24,1511064616,"[31400, 37300, 5400, 25900]",2,1,4,3,4.0,10.0,-10.0,-4.0
g20260846_ky04,25,1511064617,"[43700, 25700, -1800, 32400]",1,3,4,2,10.0,-4.0,-10.0,4.0
g20260846_ky04,26,1511064618,"[36400, 26800, -3200, 40000]",2,3,4,1,4.0,-4.0,-10.0,10.0
g20260846_ky04,27,1511064619,"[42100, 26300, -700, 32300]",1,3,4,2,10.0,-4.0,-10.0,4.0
g20260846_ky04,28,1511064620,"[35900, 28300, -5200, 41000]",2,3,4,1,4.0,-4.0,-10.0,10.0
g20260846_ky04,29,1511064621,"[36600, 28000, 9100, 26300]",1,2,4,3,10.0,4.0,-10.0,-4.0
g20260846_ky04,30,1511064622,"[39700, 27600, 7400, 25300]",1,2,4,3,10.0,4.0,-10.0,-4.0
g20260846_ky04,31,1511064623,"[33400, 38000, -3300, 31900]",2,1,4,3,4.0,10.0,-10.0,-4.0
g20260846_ky04,32,1511064624,"[40000, 40900, -19200, 38300]",2,1,4,3,4.0,10.0,-10.0,-4.0
g20260846_ky04,33,1511064625,"[36700, 39100, -4000, 28200]",2,1,4,3,4.0,10.0,-10.0,-4.0
g20260846_ky04,34,1511064626,"[37600, 21200, -100, 41300]",2,3,4,1,4.0,-4.0,-10.0,10.0
g20260846_ky04,35,1511064627,"[22000, 36500, -200, 41700]",3,2,4,1,-4.0,4.0,-10.0,10.0
g20260846_ky04,36,1511064628,"[43300, 30200, 800, 25700]",1,2,4,3,10.0,4.0,-10.0,-4.0
g20260846_ky04,37,1511064629,"[36100, 25800, -100, 38200]",2,3,4,1,4.0,-4.0,-10.0,10.0
g20260846_ky04,38,1511064630,"[30800, 24000, 5400, 39800]",2,3,4,1,4.0,-4.0,-10.0,10.0
g20260846_ky04,39,1511064631,"[34200, 32000, -1300, 35100]",2,3,4,1,4.0,-4.0,-10.0,10.0
g20260846_ky04,40,1511064632,"[25000, 15000, 9400, 50600]",2,3,4,1,4.0,-4.0,-10.0,10.0
g20260846_ky04,41,1511064633,"[48100, 25700, -6200, 32400]",1,3,4,2,10.0,-4.0,-10.0,4.0
g20260846_ky04,42,1511064634,"[34900, 39800, -6100, 31400]",2,1,4,3,4.0,10.0,-10.0,-4.0
g20260846_ky04,43,1511064635,"[33900, 31500, -1000, 35600]",2,3,4,1,4.0,-4.0,-10.0,10.0
g20260846_ky04,44,1511064636,"[35900, 28300, -2100, 37900]",2,3,4,1,4.0,-4.0,-10.0,10.0
g20260846_ky04,45,1511064637,"[35900, 27300, -600, 36400]",2,3,4,1,4.0,-4.0,-10.0,10.0
g20260846_ky04,46,1511064638,"[36900, 23500, -100, 39700]",2,3,4,1,4.0,-4.0,-10.0,10.0
g20260846_ky04,47,1511064639,"[21800, 33800, 1900, 42500]",3,2,4,1,-4.0,4.0,-10.0,10.0
g20260846_ky04,48,1511064640,"[29800, 34800, -3600, 39000]",3,2,4,1,-4.0,4.0,-10.0,10.0
g20260846_ky04,49,1511064641,"[42200, 22100, -900, 36600]",1,3,4,2,10.0,-4.0,-10.0,4.0
g20260846_ky04,50,1511064642,"[31900, 20500, 24400, 23200]",1,4,2,3,10.0,-10.0,4.0,-4.0
g20260846_ky04,51,1511064643,"[28700, 42900, -800, 29200]",3,1,4,2,-4.0,10.0,-10.0,4.0
g20260846_ky04,52,1511064644,"[23600, 20000, 30000, 26400]",3,4,1,2,-4.0,-10.0,10.0,4.0
g20260846_ky04,53,1511064645,"[35900, 36900, -5200, 32400]",2,1,4,3,4.0,10.0,-10.0,-4.0
g20260846_ky04,54,1511064646,"[21700, 18200, 20700, 39400]",2,4,3,1,4.0,-10.0,-4.0,10.0
g20260846_ky04,55,1511064647,"[38500, 23800, 4000, 33700]",1,3,4,2,10.0,-4.0,-10.0,4.0
g20260846_ky04,56,1511064648,"[35800, 30100, 1600, 32500]",1,3,4,2,10.0,-4.0,-10.0,4.0
g20260846_ky04,57,1511064649,"[35900, 32800, -1100, 32400]",1,2,4,3,10.0,4.0,-10.0,-4.0
g20260846_ky04,58,1511064650,"[34500, 38800, -3600, 30300]",2,1,4,3,4.0,10.0,-10.0,-4.0
g20260846_ky04,59,1511064651,"[35900, 28300, -4900, 40700]",2,3,4,1,4.0,-4.0,-10.0,10.0
g20260846_ky04,60,1511064652,"[29700, 43800, -2700, 29200]",2,1,4,3,4.0,10.0,-10.0,-4.0
g20260846_ky04,61,1511064653,"[39300, 36100, -1200, 25800]",1,2,4,3,10.0,4.0,-10.0,-4.0
g20260846_ky04,62,1511064654,"[39400, 28300, -100, 32400]",1,3,4,2,10.0,-4.0,-10.0,4.0
g20260846_ky04,63,1511064655,"[29600, 23600, 100, 46700]",2,3,4,1,4.0,-4.0,-10.0,10.0
g20260846_ky04,64,1511064656,"[30700, 19600, 23000, 26700]",1,4,3,2,10.0,-10.0,-4.0,4.0
g20260846_ky04,65,1511064657,"[41100, 30300, -1900, 30500]",1,3,4,2,10.0,-4.0,-10.0,4.0
g20260846_ky04,66,1511064658,"[32400, 31000, 5700, 30900]",1,2,4,3,10.0,4.0,-10.0,-4.0
g20260846_ky04,67,1511064659,"[34900, 37200, -1900, 29800]",2,1,4,3,4.0,10.0,-10.0,-4.0
g20260846_ky04,68,1511064660,"[27600, 26300, 2400, 43700]",2,3,4,1,4.0,-4.0,-10.0,10.0
g20260846_ky04,69,1511064661,"[48800, 15300, -2000, 37900]",1,3,4,2,10.0,-4.0,-10.0,4.0
g20260846_ky04,70,1511064662,"[42600, 25100, 10500, 21800]",1,2,4,3,10.0,4.0,-10.0,-4.0
g20260846_ky04,71,1511064663,"[32000, 36200, -500, 32300]",3,1,4,2,-4.0,10.0,-10.0,4.0
g20260846_ky04,72,1511064664,"[33600, 22100, 12800, 30500]",1,3,4,2,10.0,-4.0,-10.0,4.0
g20260846_ky04,73,1511064665,"[29400, 29000, 2400, 39200]",2,3,4,1,4.0,-4.0,-10.0,10.0
g20260846_ky04,74,1511064666,"[35900, 28300, -6200, 42000]",2,3,4,1,4.0,-4.0,-10.0,10.0
g20260846_ky04,75,1511064667,"[38500, 26100, -4100, 39500]",2,3,4,1,4.0,-4.0,-10.0,10.0
g20260846_ky04,76,1511064668,"[49200, 24200, -700, 27300]",1,3,4,2,10.0,-4.0,-10.0,4.0
g20260846_ky04,77,1511064669,"[55500, 22100, -3800, 26200]",1,3,4,2,10.0,-4.0,-10.0,4.0
g20260846_ky04,78,1511064670,"[25900, 27600, 8800, 37700]",3,2,4,1,-4.0,4.0,-10.0,10.0
g20260846_ky04,79,1511064671,"[35900, 37600, -5900, 32400]",2,1,4,3,4.0,10.0,-10.0,-4.0
g20260846_ky04,80,1511064672,"[28800, 32800, -4800, 43200]",3,2,4,1,-4.0,4.0,-10.0,10.0
g20260846_ky04,81,1511064673,"[10500, 28100, 18900, 42500]",4,2,3,1,-10.0,4.0,-4.0,10.0
g20260846_ky04,82,1511064674,"[31700, 43100, -16800, 42000]",3,1,4,2,-4.0,10.0,-10.0,4.0
g20260846_ky04,83,1511064675,"[41400, 40300, -800, 19100]",1,2,4,3,10.0,4.0,-10.0,-4.0
g20260846_ky04,84,1511064676,"[25600, 32600, 11500, 30300]",3,1,4,2,-4.0,10.0,-10.0,4.0
g20260846_ky04,85,1511064677,"[42300, 23100, 3200, 31400]",1,3,4,2,10.0,-4.0,-10.0,4.0
g20260846_ky04,86,1511064678,"[34900, 31800, -2600, 35900]",2,3,4,1,4.0,-4.0,-10.0,10.0
g20260846_ky04,87,1511064679,"[35900, 29300, -3700, 38500]",2,3,4,1,4.0,-4.0,-10.0,10.0
g20260846_ky04,88,1511064680,"[29000, 27300, 3400, 40300]",2,3,4,1,4.0,-4.0,-10.0,10.0
g20260846_ky04,89,1511064681,"[29200, 34700, 13400, 22700]",2,1,4,3,4.0,10.0,-10.0,-4.0
g20260846_ky04,90,1511064682,"[39400, 28300, -100, 32400]",1,3,4,2,10.0,-4.0,-10.0,4.0
g20260846_ky04,91,1511064683,"[41400, 27300, -3900, 35200]",1,3,4,2,10.0,-4.0,-10.0,4.0
g20260846_ky04,92,1511064684,"[25900, 19000, 30300, 24800]",2,4,1,3,4.0,-10.0,10.0,-4.0
g20260846_ky04,93,1511064685,"[40100, 20200, -2800, 42500]",2,3,4,1,4.0,-4.0,-10.0,10.0
g20260846_ky04,94,1511064686,"[41200, 22400, -800, 37200]",1,3,4,2,10.0,-4.0,-10.0,4.0
g20260846_ky04,95,1511064687,"[42000, 30300, -3700, 31400]",1,3,4,2,10.0,-4.0,-10.0,4.0
g20260846_ky04,96,1511064688,"[23600, 34400, 15600, 25400]",3,1,4,2,-4.0,10.0,-10.0,4.0
g20260846_ky04,97,1511064689,"[39400, 28300, -100, 32400]",1,3,4,2,10.0,-4.0,-10.0,4.0
g20260846_ky04,98,1511064690,"[39500, 28800, -200, 30900]",1,3,4,2,10.0,-4.0,-10.0,4.0
g20260846_ky04,99,1511064691,"[29600, 20400, 16300, 33700]",2,3,4,1,4.0,-4.0,-10.0,10.0
g20260846_ky04,100,1511064692,"[25300, 21400, 13100, 40200]",2,3,4,1,4.0,-4.0,-10.0,10.0
g20260846_ky04,101,1511064693,"[34400, 38500, -4800, 31900]",2,1,4,3,4.0,10.0,-10.0,-4.0
g20260846_ky04,102,1511064694,"[36400, 20000, 4500, 39100]",2,3,4,1,4.0,-4.0,-10.0,10.0
g20260846_ky04,103,1511064695,"[32900, 17900, 22900, 26300]",1,4,3,2,10.0,-10.0,-4.0,4.0
g20260846_ky04,104,1511064696,"[44200, 28300, -4900, 32400]",1,3,4,2,10.0,-4.0,-10.0,4.0
g20260846_ky04,105,1511064697,"[35900, 31300, -9200, 42000]",2,3,4,1,4.0,-4.0,-10.0,10.0
g20260846_ky04,106,1511064698,"[33900, 16400, -500, 50200]",2,3,4,1,4.0,-4.0,-10.0,10.0
g20260846_ky04,107,1511064699,"[30000, 26500, 10900, 31600]",2,3,4,1,4.0,-4.0,-10.0,10.0
g20260846_ky04,108,1511064700,"[35900, 36900, -5200, 32400]",2,1,4,3,4.0,10.0,-10.0,-4.0
g20260846_ky04,109,1511064701,"[26200, 26600, 5000, 42200]",3,2,4,1,-4.0,4.0,-10.0,10.0
g20260846_ky04,110,1511064702,"[40700, 33100, 10100, 16100]",1,2,4,3,10.0,4.0,-10.0,-4.0
g20260846_ky04,111,1511064703,"[47000, 29100, -5300, 29200]",1,3,4,2,10.0,-4.0,-10.0,4.0
g20260846_ky04,112,1511064704,"[42800, 21700, 7100, 28400]",1,3,4,2,10.0,-4.0,-10.0,4.0
g20260846_ky04,113,1511064705,"[32000, 29100, 12300, 26600]",1,2,4,3,10.0,4.0,-10.0,-4.0
g20260846_ky04,114,1511064706,"[29100, 26900, -900, 44900]",2,3,4,1,4.0,-4.0,-10.0,10.0
g20260846_ky04,115,1511064707,"[33600, 28800, 16400, 21200]",1,2,4,3,10.0,4.0,-10.0,-4.0
g20260846_ky04,116,1511064708,"[32500, 24900, 3500, 39100]",2,3,4,1,4.0,-4.0,-10.0,10.0
g20260846_ky04,117,1511064709,"[37700, 11900, 8300, 42100]",2,3,4,1,4.0,-4.0,-10.0,10.0
g20260846_ky04,118,1511064710,"[35900, 19700, 1100, 43300]",2,3,4,1,4.0,-4.0,-10.0,10.0
g20260846_ky04,119,1511064711,"[55500, 28300, -16200, 32400]",1,3,4,2,10.0,-4.0,-10.0,4.0
g20260846_ky04,120,1511064712,"[37900, 16700, 1400, 43000]",2,3,4,1,4.0,-4.0,-10.0,10.0
g20260846_ky04,121,1511064713,"[32900, 21700, 14700, 30700]",1,3,4,2,10.0,-4.0,-10.0,4.0
g20260846_ky04,122,1511064714,"[34900, 30300, -600, 33400]",1,3,4,2,10.0,-4.0,-10.0,4.0
g20260846_ky04,123,1511064715,"[27800, 32300, 10100, 29800]",3,1,4,2,-4.0,10.0,-10.0,4.0
g20260846_ky04,124,1511064716,"[34700, 21200, 3900, 40200]",2,3,4,1,4.0,-4.0,-10.0,10.0
g20260846_ky04,125,1511064717,"[34400, 24500, 9200, 29900]",1,3,4,2,10.0,-4.0,-10.0,4.0
g20260846_ky04,126,1511064718,"[49200, 23200, -700, 28300]",1,3,4,2,10.0,-4.0,-10.0,4.0
g20260846_ky04,127,1511064719,"[48200, 24200, -700, 28300]",1,3,4,2,10.0,-4.0,-10.0,4.0
