decision_id,year,game_id,kyoku_index,seat,decision_index,expert_action,top1_action,top2_action,top3_action,top4_action,pi1,pi2,pi3,pi4,gap12,gap13,gap14,log_gap12,policy_entropy,top4_cum_prob,expert_is_top1,expert_in_top4,gap_bucket,n_worlds,mean_a,mean_b,mean_c,mean_d,std_a,std_b,std_c,std_d,se_a,se_b,se_c,se_d,delta_ba_mean,delta_ba_std,delta_ba_se,delta_ba_ci95_lo,delta_ba_ci95_hi,delta_ca_mean,delta_ca_std,delta_ca_se,delta_ca_ci95_lo,delta_ca_ci95_hi,delta_da_mean,delta_da_std,delta_da_se,delta_da_ci95_lo,delta_da_ci95_hi,teacher_best,verdict95,verdict80,determined95,determined80
2025-2025041716gm-00a9-0000-248298e2-00-s0-d8,2025,2025041716gm-00a9-0000-248298e2,0,0,8,5,23,5,13,20,0.3940773904323578,0.37245094776153564,0.1938985288143158,0.037049874663352966,0.021626442670822144,0.200178861618042,0.3570275157690048,0.056441967139844396,1.1923973560333252,0.9974767416715622,False,True,lt005,128,0.7534038619196508,0.6038749834697228,0.7967721167224227,0.5933365539967781,2.4093121753070577,2.5623126788006654,2.3928939825107247,2.459126584841409,0.21295512214436654,0.2264785838375273,0.21150394521172713,0.2173581354921845,-0.14952887844992802,1.706777077465023,0.15085920568115938,-0.44521292158500037,0.14615516468514433,0.043368254802771844,1.8283349109498686,0.1616035017265943,-0.273374608581353,0.3601111181868967,-0.16006730792287271,1.7130526237302708,0.1514138908461352,-0.4568385339812977,0.13670391813555227,3,uncertain,uncertain,False,False
2025-2025041217gm-00a9-0000-a3087215-08-s2-d19,2025,2025041217gm-00a9-0000-a3087215,8,2,19,75,75,15,65,3,0.4641362726688385,0.4416682720184326,0.07258421182632446,0.00906052440404892,0.022468000650405884,0.39155206084251404,0.4550757482647896,0.049619115699779615,1.0196523666381836,0.9874492809176445,True,True,lt005,32,-4.905017261393368,-6.021513250831049,-6.689393387816381,-7.321288664941676,3.5106627536428183,2.266226728641714,1.6932540190345453,1.1094646687405123,0.6206033598899686,0.40061607188219045,0.29932784978267557,0.1961274976883257,-1.1164959894376807,2.4823098015787917,0.43881452342554916,-1.9765724553517572,-0.2564195235236043,-1.7843761264230125,4.008064213936619,0.708532346276428,-3.1730995251248113,-0.3956527277212136,-2.4162714035483077,3.593164123220106,0.6351876793612881,-3.661239255096432,-1.171303552000183,1,keep_top1,keep_top1,True,True
2024-2024122714gm-00a9-0000-1f8c2640-05-s0-d12,2024,2024122714gm-00a9-0000-1f8c2640,5,0,12,4,57,4,19,35,0.38312315940856934,0.3603389263153076,0.2083480805158615,0.03259538859128952,0.02278423309326172,0.17477507889270782,0.3505277708172798,0.06131145198537635,1.2586193084716797,0.984405554831028,False,True,lt005,128,-7.116043864543826,-6.967409338705693,-7.297726342962051,-7.198404666332863,1.409850283026934,1.5867613401021383,1.2549627066576212,1.1173781482481384,0.12461433694826478,0.14025121296385945,0.11092408000172849,0.09876320822199075,0.1486345258381334,1.394165479334366,0.12322798306669046,-0.09289232097257988,0.3901613726488467,-0.1816824784182245,0.9820886950176313,0.08680519699670178,-0.35182066453176,-0.011544292304689008,-0.08236080178903649,1.2390570302994257,0.10951820355019867,-0.29701648074742587,0.1322948771693529,2,uncertain,uncertain,False,False
2025-2025041017gm-00a9-0000-b39f2649-06-s2-d7,2025,2025041017gm-00a9-0000-b39f2649,6,2,7,102,0,102,-1,-1,0.5115237832069397,0.4884762167930603,0.0,0.0,0.023047566413879395,0.5115237832069397,0.5115237832069397,0.046103297192764736,0.6928815841674805,1.0,False,True,lt005,128,1.5980673019603273,nan,nan,nan,2.674712832763995,nan,nan,nan,0.2364134477217626,nan,nan,nan,nan,nan,nan,nan,nan,nan,nan,nan,nan,nan,nan,nan,nan,nan,nan,1,keep_top1,keep_top1,False,False
2025-2025011223gm-00a9-0000-7704598d-06-s0-d3,2025,2025011223gm-00a9-0000-7704598d,6,0,3,53,53,63,17,48,0.5113060474395752,0.4879661500453949,0.0006167107494547963,7.608642044942826e-05,0.023339897394180298,0.5106893366901204,0.5112299610191258,0.046722290805710776,0.6987643241882324,0.9999649946548743,True,True,lt005,128,-3.2170005520326868,-3.2166422813925237,-3.070991685356603,-3.967405636458352,2.1787940838280386,2.2075891226032076,2.5152788520986555,1.6325768664222344,0.19258000893549213,0.1951251548332986,0.2223213416117593,0.14430077163193078,0.00035827064016302756,0.9932492175800546,0.08779165714488614,-0.1717133773638138,0.17242991864413987,0.14600886667608393,2.5019394585232306,0.22114229465499688,-0.28743003084770996,0.5794477641998779,-0.7504050844256653,2.6544495898587623,0.23462241316337257,-1.2102650142258755,-0.2905451546254551,3,uncertain,uncertain,False,False
2025-2025041017gm-00a9-0000-b39f2649-10-s0-d1,2025,2025041017gm-00a9-0000-b39f2649,10,0,1,21,57,21,37,39,0.4378792643547058,0.41323530673980713,0.14767976105213165,0.0008278820314444602,0.02464395761489868,0.29019950330257416,0.43705138232326135,0.05792603952874187,1.0186281204223633,0.999622214178089,False,True,lt005,128,0.28150655976335415,0.13634004939446953,-0.07985910507632354,0.32950236460021287,3.2274873684198813,3.4461738139999407,3.2568737245730612,3.2076237664988105,0.28527227555045287,0.3046016091283582,0.28786968701423743,0.2835165645983055,-0.14516651036888462,3.3939027093119862,0.29998145255523767,-0.7331301573771505,0.44279713663938125,-0.3613656648396777,3.5798921471888048,0.31642075164920924,-0.9815503380721278,0.2588190083927724,0.047995804836858724,3.4400240209431896,0.3040580390816929,-0.5479579517632593,0.6439495614369768,4,uncertain,uncertain,False,False
2024-2024091920gm-00a9-0000-49049014-03-s0-d13,2024,2024091920gm-00a9-0000-49049014,3,0,13,65,45,65,34,21,0.5103368163108826,0.48523223400115967,0.0015549407107755542,0.0013277876423671842,0.0251045823097229,0.508781875600107,0.5090090286685154,0.05044332254767403,0.7254523634910583,0.998451778665185,False,True,lt005,128,-2.8420283231826033,-2.782314317933924,-3.0288026619000448,-2.532134511453478,2.0095689761925466,1.9598882878534827,1.8664754625412798,2.0378176583082013,0.17762248129098215,0.17323128733866122,0.1649746820601546,0.18011933562642748,0.059714005248679314,0.5487130872042547,0.04849984311099174,-0.035345687248864485,0.15477369774622313,-0.18677433871744142,1.8511112429849856,0.16361666408066777,-0.5074630003155503,0.1339143228806674,0.30989381172912545,2.029414187913676,0.1793765667637438,-0.04168425912781243,0.6614718825860633,4,uncertain,override_top4,False,False
2024-2024092905gm-00a9-0000-4f383722-09-s2-d9,2024,2024092905gm-00a9-0000-4f383722,9,2,9,67,19,65,67,41,0.3478798270225525,0.3223249018192291,0.24685846269130707,0.07432186603546143,0.025554925203323364,0.10102136433124542,0.27355796098709106,0.0762970467932822,1.3154386281967163,0.9913850575685501,False,True,lt005,128,-0.216560099125644,-0.22833229751375939,-0.26500450636385153,-0.3251882265118269,2.2337035181643543,2.1394109164559407,1.9902693597471943,2.0631198312731502,0.19743336310678292,0.18909899584631523,0.17591662008313116,0.18235575288671127,-0.011772198388115385,2.258961903819678,0.19966591007912096,-0.4031173821431925,0.3795729853669617,-0.04844440723820753,2.0222249808777786,0.1787411246329392,-0.3987770115187684,0.3018881970423533,-0.10862812738618288,2.3031992930873946,0.2035759798207699,-0.5076370478348918,0.29038079306252607,1,keep_top1,keep_top1,False,False
2024-2024100121gm-00a9-0000-c39c6e95-09-s0-d14,2024,2024100121gm-00a9-0000-c39c6e95,9,0,14,65,65,31,67,18,0.3156779110431671,0.28982171416282654,0.20976701378822327,0.18451789021492004,0.025856196880340576,0.10591089725494385,0.13116002082824707,0.08545646975073162,1.3645732402801514,0.999784529209137,True,True,lt005,128,9.983916163485393,9.98279965921768,9.984018753404577,9.983887682783557,0.027203616376375837,0.029419542377238737,0.027221482671790465,0.02719579303718629,0.002404482701566596,0.002600344739293814,0.0024060618738968916,0.0024037912095425397,-0.0011165042677137443,0.024739143837890595,0.0021866520460652288,-0.005402342278001592,0.0031693337425741036,0.00010258991918135618,0.0014088158487235599,0.0001245229050094388,-0.00014147497463714385,0.0003466548129998562,-2.8480701836933187e-05,0.0001847013292205715,1.632544529825439e-05,-6.047857462151179e-05,3.517170947645417e-06,3,uncertain,uncertain,False,False
2025-2025041222gm-00a9-0000-8add91ad-05-s2-d15,2025,2025041222gm-00a9-0000-8add91ad,5,2,15,23,31,39,23,25,0.28754839301109314,0.2606934905052185,0.21256613731384277,0.1617516130208969,0.026854902505874634,0.07498225569725037,0.12579677999019623,0.09804581825508896,1.5577727556228638,0.9225596338510513,False,True,lt005,128,8.853747700224687,8.887294355721735,8.827887499977805,8.86660425712762,0.6080992093550435,0.5630450825987012,0.5838555791868268,0.5644076989932963,0.05374888432114116,0.04976662450241017,0.051606029909575565,0.04988706391400694,0.03354665549704805,0.2932709424451016,0.025921734015987626,-0.017259943174287695,0.0843532541683838,-0.02586020024688196,0.3287883811800552,0.029061061738470558,-0.08281988125428424,0.031099480760520333,0.01285655690293197,0.2789322825446977,0.024654363559899726,-0.03546599567447149,0.061179109480335434,2,uncertain,override_top2,False,False
2025-2025011111gm-00a9-0000-44d5eaac-05-s1-d2,2025,2025011111gm-00a9-0000-44d5eaac,5,1,2,53,53,56,23,41,0.5134061574935913,0.48612481355667114,0.0002849790034815669,0.000116614050057251,0.027281343936920166,0.5131211784901097,0.5132895434435341,0.05460185297866482,0.6970698237419128,0.9999325641038013,True,True,lt005,128,-2.434594906117127,-2.259692558371171,-2.5452030577944242,-2.6777931737087783,2.374178576003297,2.306134593791018,2.6250245653850834,2.458136040561343,0.20984972135496904,0.2038354261998141,0.23202158387063276,0.21727058291999696,0.17490234774595592,1.8255263048844834,0.16135525367727988,-0.14135394946151264,0.4911586449534245,-0.11060815167729743,2.9369891828367183,0.2595956209319225,-0.6194155687038655,0.39819926534927064,-0.24319826759165153,3.138268246665531,0.2773863447999517,-0.7868755033995569,0.30047896821625386,2,uncertain,uncertain,False,False
2025-2025041222gm-00a9-0000-8add91ad-09-s2-d0,2025,2025041222gm-00a9-0000-8add91ad,9,2,0,57,63,57,21,31,0.5130901336669922,0.4850243628025055,0.0013571388553828,0.0002938777324743569,0.028065770864486694,0.5117329948116094,0.5127962559345178,0.05625240663505582,0.7068637609481812,0.9997655130573548,False,True,lt005,128,4.179456415070035,4.192197142823261,4.3671943132453634,4.291480830415367,1.9989734674717428,1.9349993041569016,2.075653522150936,1.8706702936227937,0.17668596178265697,0.1710313911950745,0.18346358511333355,0.16534545624811342,0.012740727753225656,0.9887603569369781,0.08739489416982105,-0.1585532648196236,0.1840347203260749,0.18773789817532816,1.393696825991335,0.12318655957208008,-0.053707758585948784,0.4291835549366051,0.11202441534533136,2.131974034696603,0.18844166215595146,-0.2573212424803335,0.4813700731709962,3,uncertain,override_top3,False,False
2024-2024092313gm-00a9-0000-546f9980-10-s2-d3,2024,2024092313gm-00a9-0000-546f9980,10,2,3,61,61,65,60,23,0.38714489340782166,0.35839447379112244,0.07630790024995804,0.07209590077400208,0.02875041961669922,0.3108369931578636,0.3150489926338196,0.07716476265729333,1.4772822856903076,0.8939431682229042,True,True,lt005,128,6.2503907587178915,6.311048414066171,5.971104782260333,5.6129298378367665,3.452554101971252,3.479408103451692,3.4816963792026985,2.8400289014862143,0.30516555223966285,0.30753913305826447,0.30774138997085965,0.2510254618758354,0.060657655348279604,2.085365940235227,0.1843220496994737,-0.3006135620626888,0.421928872759248,-0.27928597645755815,3.035766581851276,0.2683263920158179,-0.8052057048085612,0.24663375189344494,-0.637460920881125,3.824415685829635,0.33803378319079197,-1.3000071359350773,0.025085294172827233,2,uncertain,uncertain,False,False
2025-2025122620gm-00a9-0000-0e700f01-04-s3-d11,2025,2025122620gm-00a9-0000-0e700f01,4,3,11,24,13,15,9,24,0.29391562938690186,0.26475292444229126,0.16062085330486298,0.12579888105392456,0.029162704944610596,0.13329477608203888,0.1681167483329773,0.104495720806429,1.7393091917037964,0.8450882881879807,False,True,lt005,128,1.5749554863359663,1.7228520600183401,1.5232458608734305,2.270277397808968,1.7949160388963479,1.6532115946048136,1.859890316221789,1.6413508722924157,0.15864966284551305,0.14612464116016113,0.1643926318579524,0.14507629151305276,0.14789657368237386,1.6441064757431745,0.14531985474883932,-0.13693034162535123,0.43272348899009894,-0.05170962546253577,1.963160714892654,0.17352053175745324,-0.3918098677071441,0.28839061678207256,0.6953219114730018,2.0564228633825534,0.1817638189606076,0.33906482631021095,1.0515789966357927,4,override_top4,override_top4,False,False
2025-2025041217gm-00a9-0000-a3087215-11-s0-d6,2025,2025041217gm-00a9-0000-a3087215,11,0,6,55,55,67,65,63,0.3188767433166504,0.2895725965499878,0.18976493179798126,0.18488545715808868,0.029304146766662598,0.12911181151866913,0.1339912861585617,0.09639861267016037,1.4323948621749878,0.9830997288227081,True,True,lt005,128,-5.4130720374934995,-5.216818550579006,-5.418596330175156,-5.425857774752437,2.243899843307478,2.0378570408905703,2.1934388626770587,2.228027325140412,0.19833459943826862,0.1801228165878092,0.19387443673963206,0.19693165378446373,0.19625348691449318,1.35667894092557,0.11991460987768175,-0.03877914844576305,0.4312861222747494,-0.005524292681656107,1.4022617553582346,0.12394359952654489,-0.2484537477536841,0.23740516239037188,-0.012785737258937502,1.3763935281282231,0.12165714966509295,-0.2512337506025197,0.22566227608464468,2,uncertain,override_top2,False,False
2024-2024122418gm-00a9-0000-47dd466b-04-s2-d9,2024,2024122418gm-00a9-0000-47dd466b,4,2,9,31,31,54,49,43,0.4658634662628174,0.4363517165184021,0.0370575450360775,0.03496844321489334,0.029511749744415283,0.4288059212267399,0.43089502304792404,0.06544399293059788,1.0543711185455322,0.9742411710321903,True,True,lt005,128,3.381679235808406,3.511612813911597,3.170224345551105,3.716468544660529,2.9223577339403337,3.1059838309036945,3.0423380938466407,3.3115674248545437,0.2583023713402703,0.27453277863597164,0.2689072371026393,0.29270397280889004,0.1299335781031914,3.817844699445587,0.3374529845618863,-0.5314742716381058,0.7913414278444886,-0.21145489025730058,3.856556201142931,0.3408746302318997,-0.879569165511824,0.4566593849972228,0.3347893088521232,3.642749591420957,0.3219766172822855,-0.29628486102115636,0.9658634787254028,4,uncertain,uncertain,False,False
2025-2025122620gm-00a9-0000-0e700f01-03-s2-d11,2025,2025122620gm-00a9-0000-0e700f01,3,2,11,37,49,37,43,30,0.489101380109787,0.4589676558971405,0.0245815496891737,0.020082535222172737,0.030133724212646484,0.4645198304206133,0.46901884488761425,0.06359004815205538,0.9216927289962769,0.9927331209182739,False,True,lt005,128,-3.7228124166103953,-4.341512039407462,-4.569048677065439,-4.173952634770103,2.938497519948763,2.5435928429782857,2.104288800608109,2.8416658608738077,0.2597289403569528,0.22482396848093936,0.18599461006061258,0.2511701500112722,-0.6186996227970667,2.581671698759671,0.22818969562379463,-1.065951426219704,-0.1714478193744292,-0.8462362604550435,2.9263138910703317,0.2586520495320279,-1.3531942775378183,-0.33927824337226886,-0.45114021815970773,2.839747495281087,0.25100058884634624,-0.9431013722985464,0.04082093597913089,1,keep_top1,keep_top1,False,True
2025-2025040921gm-00a9-0000-9f24706f-03-s2-d1,2025,2025040921gm-00a9-0000-9f24706f,3,2,1,19,59,19,31,4,0.5135153532028198,0.48113012313842773,0.005184553563594818,0.00015410507330670953,0.03238523006439209,0.508330799639225,0.5133612481295131,0.06514216825535146,0.723086953163147,0.9999841349781491,False,True,lt005,128,-0.9402943874883931,-1.0729251411685254,-1.014288283578935,-2.193265700509073,3.350950794044085,3.3561863705766326,3.1953702644434423,2.8156166238393037,0.2961850037363773,0.2966477676950755,0.2824334977987262,0.248867700992293,-0.13263075368013233,2.6153888666771405,0.23116990038340066,-0.5857237584315976,0.32046225107133297,-0.07399389609054197,3.3174333477808844,0.29322245204378167,-0.648709902096354,0.5007221099152701,-1.25297131302068,3.4294304534062157,0.3031216911513989,-1.8470898276774221,-0.6588527983639382,1,keep_top1,keep_top1,False,False
2025-2025011111gm-00a9-0000-44d5eaac-00-s2-d16,2025,2025011111gm-00a9-0000-44d5eaac,0,2,16,49,16,63,47,49,0.41823992133140564,0.3855645954608917,0.06713800877332687,0.03886648640036583,0.032675325870513916,0.35110191255807877,0.3793734349310398,0.08134650057128212,1.4059100151062012,0.9098090119659901,False,True,lt005,128,-0.3408409111434594,-0.412329264334403,-0.363428212585859,-0.28159643843537197,1.081313107816919,0.8809230456722891,1.2229400839102813,1.0006463184306411,0.09557547889040546,0.07786333241229779,0.10809365328972566,0.08844547466645745,-0.0714883531909436,1.1889518934022525,0.10508949329116474,-0.2774637600416265,0.1344870536597393,-0.02258730144239962,1.5277827790802447,0.13503819540845874,-0.28726216444297875,0.2420875615581795,0.059244472708087415,1.2484277006071167,0.11034646161505264,-0.15703459205741577,0.2755235374735906,4,uncertain,uncertain,False,False
2024-2024092213gm-00a9-0000-5f7264d2-04-s2-d1,2024,2024092213gm-00a9-0000-5f7264d2,4,2,1,33,65,33,1,23,0.36999690532684326,0.336153507232666,0.20986944437026978,0.035073187202215195,0.033843398094177246,0.1601274609565735,0.33492371812462807,0.09592671922653995,1.3726696968078613,0.9510930441319942,False,True,lt005,128,-2.896476114023244,-2.4754286412571673,-2.7246730753977317,-2.7200858176365728,2.5115120414469247,2.9107784705466244,2.7187601244406747,2.4517274315842195,0.22198839944234872,0.25727889938191567,0.24030671505144785,0.21670413656178483,0.4210474727660767,2.545251240519598,0.22497055149936,-0.019894808172668865,0.8619897537048222,0.17180303862551227,2.5900360324495075,0.22892900525781842,-0.2768978116798118,0.6205038889308363,0.17639029638667125,3.0591691365221614,0.27039490515392695,-0.3535837177150255,0.706364310488368,2,uncertain,override_top2,False,False
2025-2025041017gm-00a9-0000-b39f2649-03-s3-d8,2025,2025041017gm-00a9-0000-b39f2649,3,3,8,45,50,29,1,47,0.2408050000667572,0.20687434077262878,0.20391707122325897,0.1901099532842636,0.03393065929412842,0.03688792884349823,0.05069504678249359,0.15187591808723577,1.7492506504058838,0.8417063653469086,False,False,lt005,128,-2.23829264001688,-2.1434196022164542,-2.432427548847045,-2.382082304917276,1.5297661707016497,0.9480507169561787,1.0306294314957911,1.1594223994849928,0.13521350411661426,0.08379663635856026,0.09109563248763877,0.10247943011692708,0.09487303780042566,1.4861713298887038,0.1313602281711665,-0.16259300941506066,0.352339085015912,-0.19413490883016493,1.6228398238229418,0.143440130525598,-0.47527756466033705,0.08700774700000719,-0.14378966490039602,1.4879425208260693,0.1315167808114899,-0.4015625552909162,0.11398322549012418,2,uncertain,uncertain,False,False
2024-2024092523gm-00a9-0000-e7bdeed7-02-s0-d17,2024,2024092523gm-00a9-0000-e7bdeed7,2,0,17,59,59,41,47,55,0.3178234398365021,0.2837073504924774,0.11795865744352341,0.10022296011447906,0.03411608934402466,0.19986478239297867,0.217600479722023,0.11355275708419299,1.7590776681900024,0.819712407886982,True,True,lt005,128,0.34703961526975036,0.4656300460919738,0.04772638384019956,0.4504766417085193,0.9625944010186143,0.8884443558992361,0.7837883599949085,1.0390083444844789,0.08508212856155813,0.07852812859540803,0.06927775804593533,0.09183623076179792,0.11859043082222342,0.9727496429525896,0.08597973361607111,-0.04992984706527595,0.2871107087097228,-0.2993132314295508,0.9915261719491548,0.08763935998864826,-0.4710863770073014,-0.1275400858518002,0.10343702643876895,1.109505988880351,0.09806740106304779,-0.08877507964480472,0.2956491325223426,2,uncertain,override_top2,False,False
2024-2024091912gm-00a9-0000-86203624-06-s2-d5,2024,2024091912gm-00a9-0000-86203624,6,2,5,0,0,163,-1,-1,0.5174493789672852,0.48255065083503723,0.0,0.0,0.034898728132247925,0.5174493789672852,0.5174493789672852,0.06982581084090955,0.6925381422042847,1.0000000298023224,True,True,lt005,128,-6.583872174902353,-6.8794101468438384,nan,nan,1.952233649011682,1.0072283969573956,nan,nan,0.1725547064595898,0.08902725371152877,nan,nan,-0.295537971941485,2.087998206043854,0.18455471132486942,-0.6572652061382291,0.06618926225525906,nan,nan,nan,nan,nan,nan,nan,nan,nan,nan,1,keep_top1,keep_top1,False,False
2025-2025041300gm-00a9-0000-884209f2-05-s0-d2,2025,2025041300gm-00a9-0000-884209f2,5,0,2,58,65,58,61,19,0.3722068965435028,0.33669573068618774,0.2907978892326355,0.00013470293197315186,0.035511165857315063,0.08140900731086731,0.37207219361152966,0.10027022695808974,1.0963406562805176,0.9998352193942992,False,True,lt005,128,-7.199661080772557,-7.370848220409016,-7.271694236362009,-7.563651161331109,1.9637520885782174,1.9126260615551347,2.005489387198787,1.8321320093129838,0.1735728023003629,0.16905385724996935,0.17726189316073948,0.1619391209767682,-0.1711871396364586,1.2227111300805857,0.10807341643903112,-0.3830110358569596,0.040636756584042394,-0.07203315558945178,1.0945444190834932,0.09674497263047854,-0.2616533019451897,0.11758699076628615,-0.3639900805585512,1.993357753708241,0.1761895981222351,-0.7093216928781321,-0.018658468238970383,1,keep_top1,keep_top1,False,False
2024-2024100121gm-00a9-0000-c39c6e95-12-s0-d16,2024,2024100121gm-00a9-0000-c39c6e95,12,0,16,19,35,19,33,37,0.3932529389858246,0.35709190368652344,0.13162508606910706,0.05442989990115166,0.03616103529930115,0.26162785291671753,0.33882303908467293,0.09645983354674703,1.437745451927185,0.9363998286426067,False,True,lt005,128,9.874664369659392,9.887404195736096,9.904262681467724,9.912044557332983,0.2895765208122677,0.18984577708624895,0.15980106227336408,0.16690527497278584,0.025595190192345237,0.016780154544664538,0.014124551846788687,0.014752481468632778,0.012739826076704874,0.2827392563089451,0.02499085568046205,-0.03624225105700074,0.06172190321041049,0.029598311808332278,0.27793834648791804,0.024566511194172885,-0.018552050132246575,0.07774867374891113,0.03738018767359219,0.28266623498103244,0.024984401445944764,-0.011589239160459543,0.08634961450764392,4,uncertain,override_top4,False,False
2025-2025040815gm-00a9-0000-3be4a59c-04-s2-d12,2025,2025040815gm-00a9-0000-3be4a59c,4,2,12,51,67,51,34,5,0.40166541934013367,0.3646194040775299,0.13847415149211884,0.06583856046199799,0.03704601526260376,0.26319126784801483,0.3358268588781357,0.09676537086641313,1.3153902292251587,0.9705975353717804,False,True,lt005,128,1.3655131526029436,1.4246182754286565,1.4297110645275097,1.0453361363979639,2.2175501363325707,2.1702740470115054,1.8908096166638604,1.7881202233052227,0.1960055923777392,0.19182693695937592,0.167125537734469,0.15804899193449082,0.0591051228257129,1.8379272600429226,0.1624513536129952,-0.2592995302557577,0.3775097759071835,0.06419791192456614,2.1476279553789084,0.18982528633927825,-0.3078596493004192,0.4362554731495515,-0.32017701620497974,2.6150481973176576,0.23113978918162154,-0.773211003000958,0.1328569705909985,3,uncertain,uncertain,False,False
2025-2025011210gm-00a9-0000-65465afe-00-s3-d2,2025,2025011210gm-00a9-0000-65465afe,0,3,2,47,67,47,2,29,0.3918352723121643,0.3541662096977234,0.23919782042503357,0.012265264987945557,0.03766906261444092,0.15263745188713074,0.37957000732421875,0.10107520591390629,1.148843765258789,0.9974645674228668,False,True,lt005,128,0.15243729919893667,-0.05096760712331161,0.007777973543852568,-0.4153924189740792,2.3711975286692444,2.194358680973568,2.126763657804521,1.9961841062650079,0.20958623150685068,0.1939557379589972,0.18798112555183535,0.17643941475459934,-0.20340490632224828,2.050474794306519,0.18123807896327884,-0.5586315410902748,0.15182172844577824,-0.1446593256550841,2.3550078396333305,0.20815525164402615,-0.5526436188773753,0.26332496756720714,-0.5678297181730159,2.467321095206736,0.21808243472316277,-0.9952712902304148,-0.14038814611561684,1,keep_top1,keep_top1,False,False
2025-2025011210gm-00a9-0000-65465afe-06-s0-d15,2025,2025011210gm-00a9-0000-65465afe,6,0,15,63,61,57,63,55,0.33929556608200073,0.3009571135044098,0.24057738482952118,0.10869326442480087,0.03833845257759094,0.09871818125247955,0.23060230165719986,0.11990382931929755,1.3710942268371582,0.9895233288407326,False,True,lt005,128,5.750095947380032,5.583986846722837,5.554063107992988,5.777722406644898,1.860095883152173,1.8969768912861968,1.784259661616957,1.881114427749754,0.16441080157926016,0.16767065294783073,0.1577077632658706,0.16626859600621285,-0.16610910065719509,0.9183352035760309,0.0811701312313675,-0.3252025578706754,-0.007015643443714775,-0.19603283938704408,0.7866842715570129,0.0695337228838454,-0.3323189362393811,-0.059746742534707076,0.027626459264865844,1.6184732660210244,0.14305417769657566,-0.25275972902042243,0.3080126475501541,4,uncertain,uncertain,False,False
2025-2025041221gm-00a9-0000-d8d9d627-11-s1-d1,2025,2025041221gm-00a9-0000-d8d9d627,11,1,1,63,60,37,63,43,0.37171927094459534,0.33233943581581116,0.2957819998264313,4.1383060306543484e-05,0.03937983512878418,0.07593727111816406,0.3716778878842888,0.11198207772443136,1.0959597826004028,0.9998820896471443,False,True,lt005,128,1.2209882510438774,1.0977004616891577,0.8424480813638411,0.7089716583662948,3.9725215294072873,3.998981194209427,3.8025556695233167,3.6425886798504536,0.35112461398168093,0.35346334003287044,0.33610161246991116,0.3219623945744512,-0.12328778935471973,2.98762452566165,0.2640711952168244,-0.6408673319796955,0.394291753270256,-0.37854016968003634,3.434323941294828,0.3035542184601104,-0.9735064378618526,0.21642609850177996,-0.5120165926775826,4.860476868629254,0.4296095192010127,-1.3540512503115676,0.3300180649564023,1,keep_top1,keep_top1,False,False
2024-2024092300gm-00a9-0000-5808ce85-06-s2-d19,2024,2024092300gm-00a9-0000-5808ce85,6,2,19,23,23,66,31,17,0.29564931988716125,0.25548040866851807,0.17059090733528137,0.1107880175113678,0.04016891121864319,0.12505841255187988,0.18486130237579346,0.14602829356290115,1.7744309902191162,0.8325086534023285,True,True,lt005,128,9.994097056120953,9.993442410745278,9.995383088808058,9.995608172079027,0.005385832273490962,0.005176206972054569,0.0046488131979228135,0.005090096269681899,0.00047604481536485236,0.00045751638134560894,0.00041090091709009263,0.0004499051986480525,-0.0006546453756746673,0.005410344740421182,0.0004782114318135986,-0.0015919397820293205,0.00028264903067998595,0.0012860326871058786,0.006653984840937497,0.0005881347253674243,0.000133288625385727,0.00243877674882603,0.0015111159580749878,0.00617738867402734,0.0005460091776787134,0.00044093796982470944,0.002581293946325266,4,uncertain,uncertain,False,True
2024-2024093020gm-00a9-0000-4385d1bc-02-s3-d4,2024,2024093020gm-00a9-0000-4385d1bc,2,3,4,47,47,23,62,43,0.3368973433971405,0.29618725180625916,0.18057937920093536,0.1132560670375824,0.04071009159088135,0.15631796419620514,0.2236412763595581,0.12878640318109524,1.5748330354690552,0.9269200414419174,True,True,lt005,128,1.5499157693557208,1.433986941279727,1.6787861208431423,1.4554769198148279,1.6977229317842144,1.5654916451527676,1.6604410925170736,1.7275350791704749,0.15005892470506554,0.1383712197723008,0.14676364453495278,0.15269397115238525,-0.1159288280759938,1.7950219150193116,0.15865902106107724,-0.42690050935570517,0.19504285320371756,0.12887035148742143,2.1302452809867756,0.1882888604720489,-0.2401758150377944,0.49791651801263725,-0.09443884954089299,1.1320471836725612,0.10005978002475013,-0.29055601838940326,0.10167831930761728,3,uncertain,uncertain,False,False
2024-2024100121gm-00a9-0000-c39c6e95-00-s3-d1,2024,2024100121gm-00a9-0000-c39c6e95,0,3,1,13,49,13,57,61,0.5165528655052185,0.4756679832935333,0.007589241024106741,0.0001752659591147676,0.04088488221168518,0.5089636244811118,0.5163775995461037,0.08245753990576388,0.733404815196991,0.9999853557819733,False,True,lt005,128,0.6082281552953646,0.5298730405629613,0.32242115505505353,0.3096042698598467,2.2484111154303883,2.3328222414905926,2.156704877360036,2.178833383580324,0.1987333433270046,0.20619430328259997,0.19062758047492284,0.19258348257565963,-0.07835511473240331,2.3305147946011906,0.20599035186475947,-0.48209620438733186,0.32538597492252525,-0.285807000240311,1.955865200300195,0.17287569327738161,-0.624643359063979,0.053029358583356945,-0.2986238854355179,2.3465669979746737,0.2074091795970564,-0.7051458774457484,0.10789810657471266,1,keep_top1,keep_top1,False,False
2025-2025011500gm-00a9-0000-30b78cb2-05-s0-d18,2025,2025011500gm-00a9-0000-30b78cb2,5,0,18,31,37,31,39,44,0.5134273767471313,0.4703896939754486,0.006704327184706926,0.005512168165296316,0.04303768277168274,0.5067230495624244,0.507915208581835,0.08754710413706646,0.7845901846885681,0.9960335660725832,False,True,lt005,128,-5.909842077395297,-6.111264457140351,-6.557550791359972,-6.035490380090778,1.229378225099239,1.017970222291662,0.6307638932402924,1.0858310599765726,0.10866270995134422,0.08997670590355142,0.055752178279729774,0.09597481321655141,-0.20142237974505406,1.1776305955520425,0.10408882248095022,-0.40543647180771647,0.00259171231760838,-0.6477087139646756,1.153670171223819,0.10197100016562598,-0.8475718742893025,-0.44784555364004863,-0.1256483026954811,0.9193484931244694,0.08125969422024329,-0.2849173033671579,0.03362069797619574,1,keep_top1,keep_top1,False,True
2025-2025011200gm-00a9-0000-18c17918-09-s3-d5,2025,2025011200gm-00a9-0000-18c17918,9,3,5,37,177,17,37,53,0.49847573041915894,0.45330682396888733,0.029466379433870316,0.010629627853631973,0.045168906450271606,0.4690093509852886,0.48784610256552696,0.09498569118644584,0.9050010442733765,0.9918785616755486,False,True,lt005,64,-7.936827420002373,-6.456267866142753,-5.705313164527979,-6.31260143845293,1.492142017377628,4.3421934186209965,5.201124653247431,4.003910000936147,0.1865177521722035,0.5427741773276246,0.6501405816559289,0.5004887501170183,1.4805595538596208,4.933308086401814,0.6166635108002267,0.2718990726911763,2.6892200350280655,2.2315142554743943,5.6431287079313766,0.7053910884914221,0.8489477220312072,3.6140807889175814,1.6242259815494435,4.470479958281451,0.5588099947851813,0.5289583917704881,2.7194935713283988,3,uncertain,uncertain,True,True
2025-2025011223gm-00a9-0000-7704598d-09-s2-d11,2025,2025011223gm-00a9-0000-7704598d,9,2,11,19,15,19,35,33,0.38905778527259827,0.3437599241733551,0.16059137880802155,0.061462946236133575,0.045297861099243164,0.22846640646457672,0.3275948390364647,0.12378436195832465,1.404929280281067,0.9548720344901085,False,True,lt005,128,9.951065379910267,9.968891830495501,9.97459542706105,9.931461428359565,0.11228661588805636,0.07584726560640945,0.05995580735617979,0.2920626489138286,0.009924828441366721,0.006704014480593664,0.005299394744133627,0.025814934947284256,0.017826450585235645,0.12239405794384513,0.010818208543629014,-0.003377238160277223,0.03903013933074852,0.02353004715078312,0.1262126092309232,0.011155723982304204,0.0016648281454668817,0.04539526615609936,-0.019603951550702894,0.29184868035200656,0.025796022619656116,-0.07016415588522888,0.030956252783823093,3,override_top3,uncertain,False,False
2025-2025011015gm-00a9-0000-3c8247e4-02-s0-d11,2025,2025011015gm-00a9-0000-3c8247e4,2,0,11,29,29,6,23,53,0.5223112106323242,0.4765709638595581,0.0007677758112549782,0.00026069124578498304,0.04574024677276611,0.5215434348210692,0.5220505193865392,0.0916469598754115,0.7010094523429871,0.9999106415489223,True,True,lt005,128,0.1425232028159371,0.3030926265382732,0.33386583195533603,0.2206527155249205,1.3181724698838604,1.3221551454459743,1.1930249511338689,0.9239944144122549,0.11651108652853721,0.1168631086406918,0.10544950413393851,0.0816703395261748,0.16056942372233607,0.944365842327486,0.0834709363788389,-0.003033611580188167,0.3241724590248603,0.19134262913939892,1.2343586021691604,0.10910291725122014,-0.02249908867299255,0.4051843469517904,0.07812951270898338,1.2211146312191423,0.10793230454264571,-0.1334178041946022,0.28967682961256896,3,uncertain,uncertain,False,False
2024-2024122817gm-00a9-0000-d56449ed-02-s3-d8,2024,2024122817gm-00a9-0000-d56449ed,2,3,8,21,21,20,25,23,0.31444844603538513,0.2678897976875305,0.2050304412841797,0.10560018569231033,0.046558648347854614,0.10941800475120544,0.2088482603430748,0.1602444458422836,1.6152278184890747,0.8929688706994057,True,True,lt005,128,0.42448991461424157,0.5248914118856192,0.08150088181719184,0.1744363225880079,1.055387466825053,1.1368863516510186,0.5968805197568298,0.7910605563235321,0.09328395432141091,0.10048750608635863,0.05275728288477567,0.06992053546319654,0.1004014972713776,0.7660756767910876,0.06771216324513148,-0.032314342689080094,0.23311733723183528,-0.34298903279704973,0.9318363936068397,0.08236347910947664,-0.5044214518516239,-0.18155661374247553,-0.2500535920262337,1.1018902005352142,0.09739425411518184,-0.4409463300919901,-0.059160853960477267,2,uncertain,override_top2,False,True
2025-2025011014gm-00a9-0000-9ea4d5cd-05-s0-d18,2025,2025011014gm-00a9-0000-9ea4d5cd,5,0,18,43,43,50,229,41,0.4246625304222107,0.3763946294784546,0.19801661372184753,0.0004554521001409739,0.048267900943756104,0.22664591670036316,0.4242070783220697,0.12065666795116348,1.0596792697906494,0.9995292257226538,True,True,lt005,128,-2.434892594697885,-2.654284768155776,-2.3838472634379286,-2.8318824788439088,1.4398788707451327,1.3634765505304725,1.7143985927782497,1.550523132220107,0.12726851419888896,0.12051543935861742,0.15153285882627185,0.13704817764743044,-0.21939217345789075,1.2536261978877767,0.11080594819994445,-0.4365718319297819,-0.002212514985999642,0.05104533125995658,1.7799509165182552,0.15732692040615856,-0.2573154327361142,0.35940609525602735,-0.39698988414602354,1.6154911628738742,0.1427905945268822,-0.6768594494187126,-0.11712031887333446,3,uncertain,uncertain,False,False
2025-2025040815gm-00a9-0000-3be4a59c-08-s1-d4,2025,2025040815gm-00a9-0000-3be4a59c,8,1,4,121,121,0,-1,-1,0.5244323015213013,0.4755677580833435,0.0,0.0,0.048864543437957764,0.5244323015213013,0.5244323015213013,0.09780697666497917,0.6919528245925903,1.0000000596046448,True,True,lt005,128,5.205101810494536,5.455223399822092,nan,nan,3.9654177787653575,4.394073821427494,nan,nan,0.3504967252003351,0.3883849245207084,nan,nan,0.2501215893275559,5.654085547757554,0.4997552790285277,-0.7293987575683584,1.2296419362234703,nan,nan,nan,nan,nan,nan,nan,nan,nan,nan,2,uncertain,uncertain,False,False
2025-2025041222gm-00a9-0000-8add91ad-02-s0-d6,2025,2025041222gm-00a9-0000-8add91ad,2,0,6,23,23,52,43,63,0.38231077790260315,0.332468718290329,0.2638314962387085,0.012771698646247387,0.04984205961227417,0.11847928166389465,0.36953907925635576,0.13968805722893196,1.182295560836792,0.991382691077888,True,True,lt005,128,2.462239760621742,2.1721825741697103,2.5469554844676168,2.1133488256746205,2.8016216700767584,2.746188553869285,2.881472810623958,2.5194372984630355,0.24763071015380703,0.24273106860723123,0.25468862052460767,0.222688899814691,-0.2900571864520316,2.513049279676851,0.22212427338943375,-0.7254207622953217,0.1453063893912585,0.08471572384587489,2.5592582389079457,0.2262086069424187,-0.3586531457612658,0.5280845934530156,-0.3488909349471214,3.1155977876286802,0.27538254038525556,-0.8886407141022223,0.1908588442079795,3,uncertain,uncertain,False,False
2024-2024093020gm-00a9-0000-4385d1bc-11-s3-d0,2024,2024093020gm-00a9-0000-4385d1bc,11,3,0,61,53,61,17,65,0.48972585797309875,0.4329594671726227,0.042402852326631546,0.032539572566747665,0.056766390800476074,0.4473230056464672,0.4571862854063511,0.12320164669691025,0.9754526019096375,0.9976277500391006,False,True,05_20,64,0.7427252649094953,0.9668844907610037,0.7069977225469302,0.514889184221829,4.2160131390718005,3.7796374383717537,4.323181865661952,4.0813631017766,0.5270016423839751,0.4724546797964692,0.540397733207744,0.510170387722075,0.22415922585150838,2.8663300579123843,0.35829125723904803,-0.4780916383370257,0.9264100900400425,-0.035727542362565146,4.490983266304431,0.5613729082880539,-1.1360184426071507,1.0645633578820204,-0.22783608068766625,3.1644507903533268,0.39555634879416585,-1.0031265243242313,0.5474543629488988,2,uncertain,uncertain,False,False
2024-2024093020gm-00a9-0000-4385d1bc-13-s1-d6,2024,2024093020gm-00a9-0000-4385d1bc,13,1,6,54,54,9,37,41,0.44726333022117615,0.38655170798301697,0.06979946792125702,0.041022881865501404,0.06071162223815918,0.37746386229991913,0.40624044835567474,0.14588188251181788,1.2715117931365967,0.9446373879909515,True,True,05_20,64,7.4454337813196165,8.012108633210534,7.586180416045227,7.783560425583987,2.8882600759565946,2.511306256774961,2.6958223469600546,2.7951159525439038,0.3610325094945743,0.31391328209687014,0.33697779337000683,0.34938949406798797,0.5666748518909177,2.6616459600954463,0.3327057450119308,-0.08542840833246668,1.2187781121143022,0.14074663472561078,2.3053386814185632,0.2881673351773204,-0.42406134222193725,0.7055546116731588,0.33812664426437067,2.8827153488115127,0.3603394186014391,-0.36813861619445,1.0443919047231913,2,uncertain,override_top2,False,False
2024-2024092611gm-00a9-0000-4789b0e8-00-s3-d21,2024,2024092611gm-00a9-0000-4789b0e8,0,3,21,3,29,3,39,37,0.3713192939758301,0.3056563138961792,0.10404032468795776,0.07468314468860626,0.06566298007965088,0.2672789692878723,0.2966361492872238,0.19460100960320692,1.5990321636199951,0.8556990772485733,False,True,05_20,32,-0.5070104394108057,-0.00824075099080801,-0.7013474255800247,-0.7069185394793749,0.8101611591728711,1.3206309326180186,0.5805312129289153,0.583337267685435,0.14321761237627276,0.23345677197472883,0.10262438933812187,0.10312043442480084,0.4987696884199977,1.1467797686358225,0.20272393773248254,0.10143077046433191,0.8961086063756635,-0.19433698616921902,0.520884562413596,0.0920802515745103,-0.37481427925525923,-0.013859693083178831,-0.19990810006856918,0.5390633169305562,0.09529383172262733,-0.3866840102449187,-0.01313218989221962,2,override_top2,override_top2,True,True
2024-2024092000gm-00a9-0000-c29ace67-01-s0-d4,2024,2024092000gm-00a9-0000-c29ace67,1,0,4,43,43,49,8,11,0.519169270992279,0.44844290614128113,0.0231363233178854,0.008382936008274555,0.07072636485099792,0.49603294767439365,0.5107863349840045,0.14644860451637332,0.8341443538665771,0.9991314364597201,True,True,05_20,64,3.561760049953591,3.4135405478882603,3.638864316686522,3.563283740193583,1.9041114452171177,1.9098737303353275,2.0198781462567705,2.1557201209071875,0.23801393065213972,0.23873421629191593,0.2524847682820963,0.26946501511339843,-0.14821950206533074,1.0946871718326665,0.1368358964790833,-0.41641785916433405,0.11997885503367256,0.07710426673293114,2.4430922675832476,0.30538653344790595,-0.5214533388249645,0.6756618722908267,0.0015236902399919927,2.5854059235486586,0.3231757404435823,-0.6319007610294294,0.6349481415094134,3,uncertain,uncertain,False,False
2024-2024092922gm-00a9-0000-d78d568e-10-s3-d9,2024,2024092922gm-00a9-0000-d78d568e,10,3,9,53,53,34,29,39,0.4879620373249054,0.41517341136932373,0.07866077125072479,0.01609254628419876,0.07278862595558167,0.4093012660741806,0.47186949104070663,0.16154131878684952,0.9970183372497559,0.9978887662291527,True,True,05_20,64,5.046333035827502,5.026574938538033,3.8538978082942776,4.98604340586644,2.9668357941625154,2.9777313964684353,2.713664830560667,3.0436382267871274,0.3708544742703144,0.3722164245585544,0.3392081038200834,0.3804547783483909,-0.019758097289468424,3.1940409388053386,0.3992551173506673,-0.8022981272967764,0.7627819327178396,-1.192435227533224,3.6023701851690944,0.4502962731461368,-2.0750159228996523,-0.3098545321667958,-0.06028962996106202,3.9930747821176604,0.49913434776470755,-1.0385929515798888,0.9180136916577648,1,keep_top1,keep_top1,False,False
2024-2024092922gm-00a9-0000-d78d568e-01-s1-d2,2024,2024092922gm-00a9-0000-d78d568e,1,1,2,55,37,55,65,67,0.5197546482086182,0.44382548332214355,0.020460709929466248,0.014531436376273632,0.07592916488647461,0.4992939382791519,0.5052232118323445,0.1579254402755822,0.851989209651947,0.9985722778365016,False,True,05_20,64,-1.1771760263945907,-0.9672877450939268,-0.7985812819097191,-0.7833898323588073,2.129325315266763,2.480742933919017,2.304853686850774,2.1073562006447504,0.2661656644083454,0.3100928667398771,0.28810671085634676,0.2634195250805938,0.20988828130066395,2.4753037453915474,0.3094129681739434,-0.39656113632026513,0.816337698921593,0.3785947444848716,2.5640081799999686,0.32050102249999607,-0.24958725961512063,1.0067767485848638,0.3937861940357834,2.270168961627259,0.2837711202034074,-0.16240520156289506,0.9499775896344619,4,uncertain,override_top4,False,False
2024-2024092000gm-00a9-0000-c29ace67-12-s0-d0,2024,2024092000gm-00a9-0000-c29ace67,12,0,0,37,61,37,17,67,0.4468874931335449,0.367166668176651,0.14688746631145477,0.021360790356993675,0.07972082495689392,0.30000002682209015,0.42552670277655125,0.19649098803315068,1.1879593133926392,0.9823024179786444,False,True,05_20,64,9.979806411299363,9.980943428512415,9.974124529272089,9.976944822448385,0.05612520644318653,0.05548177417512621,0.08771873992878573,0.07440847426586651,0.007015650805398317,0.006935221771890776,0.010964842491098217,0.009301059283233314,0.0011370172130511502,0.02476513987077007,0.0030956424838462586,-0.004930442055287517,0.007204476481389817,-0.005681882027275209,0.07406338207247583,0.009257922759059478,-0.023827410635031788,0.01246364658048137,-0.00286158885098009,0.047651817736837104,0.005956477217104638,-0.01453628419650518,0.008813106494545,2,uncertain,uncertain,False,False
2024-2024092905gm-00a9-0000-4f383722-06-s0-d2,2024,2024092905gm-00a9-0000-4f383722,6,0,2,3,37,3,33,53,0.5089901089668274,0.4266240894794464,0.04638269916176796,0.016819342970848083,0.08236601948738098,0.46260740980505943,0.4921707659959793,0.17652531109287783,0.9277589917182922,0.9988162405788898,False,True,05_20,64,-2.10320906142897,-2.111090565043014,-1.9012320568672294,-1.992038999844226,2.6717494525766052,2.61732465233068,2.347845146320206,2.433168103938321,0.33396868157207565,0.327165581541335,0.29348064329002577,0.3041460129922901,-0.00788150361404405,2.2742089423364162,0.28427611779205203,-0.5650626944864661,0.549299687258378,0.20197700456174061,2.4401686855450837,0.30502108569313546,-0.3958643233968049,0.7998183325202861,0.11117006158474396,2.2055372535206934,0.2756921566900867,-0.42918656552782586,0.6515266886973138,3,uncertain,uncertain,False,False
2024-2024122817gm-00a9-0000-d56449ed-05-s1-d2,2024,2024122817gm-00a9-0000-d56449ed,5,1,2,57,57,65,53,27,0.48258572816848755,0.39815908670425415,0.0637296587228775,0.04089142382144928,0.0844266414642334,0.41885606944561005,0.44169430434703827,0.1923069392004444,1.1098949909210205,0.9853658974170685,True,True,05_20,64,0.8306651252205484,0.6939331151079386,0.9463174676056951,0.36157517961692065,1.8329822458435718,1.4588088589924058,1.5811122785575487,1.5449121188101835,0.22912278073044648,0.18235110737405072,0.19763903481969358,0.19311401485127294,-0.13673201011260971,1.3309382964448002,0.16636728705560003,-0.46281189274158574,0.1893478725163663,0.11565234238514677,1.7001026726101556,0.21251283407626945,-0.3008728124043413,0.5321774971746349,-0.4690899456036277,2.138130031319669,0.2672662539149586,-0.9929318032769466,0.05475191206969121,3,uncertain,uncertain,False,False
2025-2025040921gm-00a9-0000-9f24706f-04-s1-d3,2025,2025040921gm-00a9-0000-9f24706f,4,1,3,21,21,13,5,53,0.39055198431015015,0.3019178807735443,0.21905216574668884,0.05996057763695717,0.08863410353660583,0.1714998185634613,0.330591406673193,0.25740602042281946,1.350311517715454,0.9714826084673405,True,True,05_20,32,5.419660779327387,4.2161258471314795,4.336355836741859,3.8422747212462127,2.312646502942336,1.6769961231873973,2.3378600312985425,2.366924773737361,0.4088220061794702,0.2964538326823398,0.4132791703990484,0.41841713951703063,-1.2035349321959075,2.333344163858355,0.4124808702765744,-2.0119974379379935,-0.3950724264538217,-1.083304942585528,2.3316930359353076,0.41218898933882603,-1.8911953616896269,-0.2754145234814289,-1.5773860580811743,2.6912586903376017,0.47575181746623624,-2.509859620314997,-0.6449124958473512,1,keep_top1,keep_top1,True,True
2025-2025011015gm-00a9-0000-3c8247e4-09-s1-d6,2025,2025011015gm-00a9-0000-3c8247e4,9,1,6,5,35,25,33,5,0.34630870819091797,0.2495899349451065,0.16826209425926208,0.12696506083011627,0.09671877324581146,0.17804661393165588,0.2193436473608017,0.32751128652778494,1.6538190841674805,0.8911257982254028,False,True,05_20,64,3.7359632669430294,3.6310790887743423,3.696283068296653,3.50694142909534,1.0705026546524956,1.2621477933814276,0.9978619092097578,1.7487976081997532,0.13381283183156195,0.15776847417267845,0.12473273865121973,0.21859970102496915,-0.10488417816868711,0.844929507405502,0.10561618842568775,-0.3118919074830351,0.10212355114566088,-0.0396801986463764,0.6456531925434499,0.08070664906793124,-0.19786523081952162,0.11850483352676883,-0.2290218378476896,1.9385232535709596,0.24231540669636994,-0.7039600349725748,0.24591635927719552,1,keep_top1,keep_top1,False,False
2024-2024093020gm-00a9-0000-4385d1bc-03-s3-d7,2024,2024093020gm-00a9-0000-4385d1bc,3,3,7,13,13,39,5,35,0.31596338748931885,0.21472705900669098,0.13928881287574768,0.12131904065608978,0.10123632848262787,0.17667457461357117,0.19464434683322906,0.3862586158521031,1.8528321981430054,0.7912983000278473,True,True,05_20,64,1.0077483743662015,0.5945346655789763,0.7717821469996125,0.6077077477239072,2.1566594889415374,1.3862141616079124,1.534588491027178,1.404755708886611,0.26958243611769217,0.17327677020098906,0.19182356137839726,0.17559446361082637,-0.4132137087872252,2.193624263492951,0.27420303293661885,-0.9506516533429982,0.1242242357685478,-0.235966227366589,2.5403526899703572,0.31754408624629465,-0.8583526364093266,0.38642018167614856,-0.40004062664229423,2.116460095271367,0.26455751190892085,-0.918573349983779,0.11849209669919059,1,keep_top1,keep_top1,False,False
2025-2025041520gm-00a9-0000-d292f784-01-s1-d5,2025,2025041520gm-00a9-0000-d292f784,1,1,5,51,51,63,33,20,0.5509757995605469,0.4487011730670929,0.00021423090947791934,4.7844223445281386e-05,0.10227462649345398,0.550761568651069,0.5509279553371016,0.2053337598987136,0.6909876465797424,0.999939047760563,True,True,05_20,64,0.04442438296973705,0.16960788281721761,-0.7071064276169636,-0.9730083541362546,3.572492571393697,3.4227415922792614,3.4041543595419075,2.763306976664908,0.4465615714242121,0.4278426990349077,0.42551929494273844,0.3454133720831135,0.12518349984748056,1.6882228004987756,0.21102785006234695,-0.2884310862747195,0.5387980859696806,-0.7515308105867007,3.405496900603363,0.42568711257542036,-1.5858775512345247,0.0828159300611232,-1.0174327371059917,3.2683311982847076,0.40854139978558845,-1.818173880685745,-0.21669159352623835,2,uncertain,uncertain,False,False
2025-2025041017gm-00a9-0000-5584369a-09-s0-d19,2025,2025041017gm-00a9-0000-5584369a,9,0,19,31,58,31,13,9,0.5388806462287903,0.4311513304710388,0.014756661839783192,0.0046179466880857944,0.10772931575775146,0.5241239843890071,0.5342626995407045,0.22303496756104457,0.8505825996398926,0.9894065852276981,False,True,05_20,64,6.303741730836919,6.27744324420928,6.3244499762076885,6.32858554716222,0.6801594912517507,0.7041212594898042,0.7541668006796208,0.5048168748762427,0.08501993640646884,0.08801515743622552,0.0942708500849526,0.06310210935953034,-0.02629848662763834,0.23425140975916048,0.02928142621989506,-0.08369008201863265,0.031093108763355977,0.020708245370769873,0.3092796455743726,0.038659955696796575,-0.05506526779495141,0.09648175853649116,0.024843816325301304,0.5656207742261888,0.0707025967782736,-0.11373327336011496,0.16342090601071757,4,uncertain,uncertain,False,False
2025-2025041216gm-00a9-0000-3d010e8a-06-s2-d5,2025,2025041216gm-00a9-0000-3d010e8a,6,2,5,37,45,22,39,37,0.37753915786743164,0.26337766647338867,0.19810819625854492,0.0551278218626976,0.11416149139404297,0.17943096160888672,0.32241133600473404,0.36008529644022513,1.5444265604019165,0.8941528424620628,False,True,05_20,64,6.718019386546985,6.737830668463175,6.932928495303713,6.728986704867566,1.6815125413497867,1.7646556116050927,1.4358230426144152,1.459472796181777,0.21018906766872333,0.22058195145063658,0.1794778803268019,0.18243409952272213,0.019811281916190637,1.9523992972163577,0.24404991215204472,-0.458526545901817,0.4981491097341983,0.21490910875672853,2.1422615013287545,0.2677826876660943,-0.30994495906881636,0.7397631765822734,0.010967318320581398,2.0404888136578156,0.25506110170722696,-0.48895244102558344,0.5108870776667462,3,uncertain,uncertain,False,False
2025-2025010923gm-00a9-0000-65e0833f-08-s3-d2,2025,2025010923gm-00a9-0000-65e0833f,8,3,2,55,55,61,65,50,0.5277602076530457,0.41007179021835327,0.03629401698708534,0.019449478015303612,0.11768841743469238,0.4914661906659603,0.508310729637742,0.2523097859116513,0.9342193603515625,0.9935754928737879,True,True,05_20,64,-2.1800987494934816,-2.5553987766797945,-2.5413102178099507,-2.3499574412344373,2.435060844102453,2.2837364772619018,2.562765610053847,2.3677301930806873,0.3043826055128066,0.2854670596577377,0.3203457012567309,0.2959662741350859,-0.37530002718631295,1.9609578154593272,0.2451197269324159,-0.8557346919738481,0.10513463760122221,-0.3612114683164691,1.4950313357864569,0.1868789169733071,-0.727494145584151,0.0050712089512128244,-0.1698586917409557,2.101447371926129,0.2626809214907661,-0.6847132978628573,0.3449959143809459,1,keep_top1,keep_top1,False,False
2025-2025040921gm-00a9-0000-9f24706f-06-s1-d7,2025,2025040921gm-00a9-0000-9f24706f,6,1,7,63,67,63,51,45,0.512617290019989,0.38920024037361145,0.08954070508480072,0.0075976550579071045,0.12341704964637756,0.4230765849351883,0.5050196349620819,0.27543557548287867,0.9716410636901855,0.9989558905363083,False,True,05_20,64,4.939707512260858,4.833838270190631,4.6843058269083295,4.445486962427204,3.607152334254782,3.5587567767334782,3.5820495632399556,3.6363180218284126,0.4508940417818478,0.4448445970916848,0.44775619540499445,0.45453975272855157,-0.10586924207022719,1.5029371077069373,0.18786713846336717,-0.47408883345842684,0.26235034931797246,-0.2554016853525283,3.6782366247337426,0.4597795780917178,-1.156569658412295,0.6457662877072387,-0.4942205498336536,3.1155355754001146,0.3894419469250143,-1.2575267658066815,0.26908566613937446,1,keep_top1,keep_top1,False,False
2024-2024122510gm-00a9-0000-281f1a32-00-s2-d8,2024,2024122510gm-00a9-0000-281f1a32,0,2,8,5,45,5,29,25,0.42693307995796204,0.3031814694404602,0.0989065021276474,0.0806955099105835,0.12375161051750183,0.32802657783031464,0.34623757004737854,0.3422957442572697,1.442674994468689,0.9097165614366531,False,True,05_20,64,0.12492333018963109,0.008531423654858372,0.23792798330214282,0.17212914896663278,2.4020026996402013,2.4861168317591504,2.1483734263357928,2.0575780902306176,0.30025033745502516,0.3107646039698938,0.2685466782919741,0.2571972612788272,-0.11639190653477272,2.3464652771999797,0.29330815964999746,-0.6912758994487678,0.45849208637922234,0.11300465311251173,2.5619111876845553,0.3202388984605694,-0.5146635878702043,0.7406728940952277,0.047205818777001696,2.9272137983504627,0.36590172479380784,-0.6699615618188617,0.7643731993728651,3,uncertain,uncertain,False,False
2024-2024092000gm-00a9-0000-e0b6f7b7-07-s3-d1,2024,2024092000gm-00a9-0000-e0b6f7b7,7,3,1,55,21,55,5,29,0.5032487511634827,0.3775644898414612,0.09531591832637787,0.023174092173576355,0.12568426132202148,0.4079328328371048,0.4800746589899063,0.28734319485809057,1.0307211875915527,0.9993032515048981,False,True,05_20,64,5.606395157723391,5.584415930429401,5.601470046099202,5.748089449775783,3.3007223140014137,3.0887642195728184,3.441242070003525,3.4198499757515597,0.4125902892501767,0.3860955274466023,0.43015525875044064,0.42748124696894496,-0.021979227293989823,2.8121163808487526,0.3515145476060941,-0.7109477406019342,0.6669892860139546,-0.004925111624189071,2.332738749748423,0.29159234371855286,-0.5764461053125527,0.5665958820641745,0.14169429205239226,3.244912028978983,0.4056140036223729,-0.6533091550474586,0.9366977391522431,4,uncertain,uncertain,False,False
2025-2025122819gm-00a9-0000-ec66618b-05-s2-d6,2025,2025122819gm-00a9-0000-ec66618b,5,2,6,1,1,43,23,37,0.35968661308288574,0.2280377447605133,0.20571985840797424,0.205352783203125,0.13164886832237244,0.1539667546749115,0.15433382987976074,0.45572197066581066,1.3639788627624512,0.9987969994544983,True,True,05_20,64,0.0027926531693083234,-0.7101156699936837,-0.5873939263110515,-0.6038585856294958,2.6142972143780825,2.6215594687660793,2.3768571376219643,2.41839500526068,0.3267871517972603,0.3276949335957599,0.29710714220274553,0.302299375657585,-0.712908323162992,3.3604650088104973,0.42005812610131216,-1.536222250321564,0.11040560399557975,-0.5901865794803598,2.8572616649643807,0.3571577081205476,-1.290215687396633,0.10984252843591347,-0.6066512387988041,2.858073726786189,0.35725921584827364,-1.3068793018614204,0.0935768242638122,1,keep_top1,keep_top1,False,True
2024-2024092000gm-00a9-0000-e0b6f7b7-01-s2-d14,2024,2024092000gm-00a9-0000-e0b6f7b7,1,2,14,17,26,17,65,51,0.4025242328643799,0.26571395993232727,0.2590043246746063,0.04581374675035477,0.1368102729320526,0.14351990818977356,0.3567104861140251,0.41533490933050476,1.3352162837982178,0.9730562642216682,False,True,05_20,64,0.3201270686695352,0.09769190987572074,0.1944336729357019,0.23878775909543037,1.7832003908065928,1.985025633918667,1.999219323235605,1.7521365247927216,0.2229000488508241,0.24812820423983337,0.24990241540445063,0.2190170655990902,-0.22243515879381448,2.09669629345513,0.26208703668189126,-0.7361257506903214,0.2912554331026924,-0.1256933957338333,2.6108049433334917,0.32635061791668646,-0.7653406068505387,0.5139538153828721,-0.08133930957410485,2.1444215495415526,0.2680526936926941,-0.6067225892117852,0.44404397006357554,1,keep_top1,keep_top1,False,False
2024-2024100219gm-00a9-0000-04bc459d-02-s1-d6,2024,2024100219gm-00a9-0000-04bc459d,2,1,6,60,60,27,3,51,0.3782901465892792,0.24137961864471436,0.16665717959403992,0.13753755390644073,0.13691052794456482,0.21163296699523926,0.24075259268283844,0.44929060945495536,1.6159751415252686,0.9238644987344742,True,True,05_20,64,-2.2992811356307357,-2.127943561063148,-2.03680027712835,-1.8991526928875828,1.64215785227709,1.1416568280163772,1.7519777846166078,2.28092178834255,0.20526973153463626,0.14270710350204716,0.21899722307707598,0.28511522354281876,0.17133757456758758,1.80668561365884,0.225835701707355,-0.2713004007788282,0.6139755499140034,0.26248085850238567,2.3866186217429988,0.29832732771787485,-0.322240703824649,0.8472024208294203,0.40012844274315285,2.7250271977652356,0.34062839972065445,-0.26750322070932986,1.0677601061956357,4,uncertain,uncertain,False,False
2025-2025041520gm-00a9-0000-d292f784-01-s1-d1,2025,2025041520gm-00a9-0000-d292f784,1,1,1,55,66,55,63,51,0.41501399874687195,0.27314746379852295,0.2266298234462738,0.08455434441566467,0.141866534948349,0.18838417530059814,0.3304596543312073,0.4183004417969872,1.2705904245376587,0.9993456304073334,False,True,05_20,64,-2.1112670633228845,-1.9340565289821825,-2.0210279876191635,-2.0101728871522937,2.4670465793353453,2.677463645930674,2.094802081664692,2.5363209518343774,0.30838082241691817,0.3346829557413343,0.2618502602080865,0.3170401189792972,0.177210534340702,2.4376209514862994,0.30470261893578743,-0.4200065987734414,0.7744276674548454,0.09023907570372103,2.6723719811293494,0.33404649764116867,-0.5644920596729696,0.7449702110804116,0.1010941761705908,3.2822209027604803,0.41027761284506004,-0.7030499450057268,0.9052382973469084,2,uncertain,uncertain,False,False
2024-2024092523gm-00a9-0000-e7bdeed7-10-s0-d0,2024,2024092523gm-00a9-0000-e7bdeed7,10,0,0,35,35,21,39,34,0.548933744430542,0.4063107669353485,0.04419304430484772,0.000182721036253497,0.14262297749519348,0.5047407001256943,0.5487510233942885,0.3008594475227431,0.838202953338623,0.9996202767069917,True,True,05_20,64,9.341438419001154,9.339272133964283,9.470118415795184,9.145080027456942,1.4365974565335347,1.2854039213158068,1.2543295608932474,1.7207745079473138,0.17957468206669183,0.16067549016447585,0.15679119511165593,0.21509681349341422,-0.0021662850368713293,0.9442205918329037,0.11802757397911297,-0.23350033003593273,0.22916775996219008,0.12867999679403042,0.8937625942632326,0.11172032428290407,-0.09029183880046157,0.3476518323885224,-0.1963583915442122,1.905749034176596,0.2382186292720745,-0.6632669049174782,0.2705501218290538,3,uncertain,uncertain,False,False
2025-2025041204gm-00a9-0000-7c4cdbd5-01-s2-d6,2025,2025041204gm-00a9-0000-7c4cdbd5,1,2,6,9,9,17,15,1,0.552828848361969,0.4086484909057617,0.020932093262672424,0.014608481898903847,0.14418035745620728,0.5318967550992966,0.5382203664630651,0.3021931059072078,0.8570370078086853,0.997017914429307,True,True,05_20,64,0.3515229260083288,0.08403132937382907,-0.2131626212503761,-0.1303186600562185,2.2371379355770693,2.4669187556886256,2.4616282633854745,1.708257742172117,0.27964224194713366,0.3083648444610782,0.3077035329231843,0.21353221777151463,-0.26749159663449973,2.7200759410764634,0.34000949263455793,-0.9339102021982333,0.39892700892923383,-0.5646855472587049,3.033449637611122,0.3791812047013903,-1.3078807084734299,0.17850961395602005,-0.4818415860645473,2.2567445467177647,0.2820930683397206,-1.0347440000103996,0.07106082788130508,1,keep_top1,keep_top1,False,False
2024-2024092101gm-00a9-0000-89973dff-06-s1-d8,2024,2024092101gm-00a9-0000-89973dff,6,1,8,63,63,43,61,1,0.3839850127696991,0.23589080572128296,0.13159248232841492,0.11535254120826721,0.14809420704841614,0.2523925304412842,0.2686324715614319,0.4872345122495094,1.648988127708435,0.8668208420276642,True,True,05_20,64,9.391823195682692,9.159888619080498,9.46264507928854,9.554193462051995,1.0778049147351938,1.4082607705323902,1.0052994857177977,0.7324045527649885,0.13472561434189922,0.17603259631654877,0.1256624357147247,0.09155056909562356,-0.23193457660219352,1.2229290591394675,0.15286613239243343,-0.5315521960913631,0.06768304288697602,0.07082188360584829,0.4860121145721636,0.06075151432152045,-0.04825108446433178,0.18989485167602838,0.16237026636930296,0.7869268705724494,0.09836585882155617,-0.03042681692094712,0.35516734965955304,4,uncertain,override_top4,False,False
2025-2025011102gm-00a9-0000-034cfa13-01-s2-d3,2025,2025011102gm-00a9-0000-034cfa13,1,2,3,63,67,63,16,21,0.48527464270591736,0.33678725361824036,0.11971960216760635,0.047360002994537354,0.148487389087677,0.365555040538311,0.43791463971138,0.36526356818505934,1.1788899898529053,0.9891415014863014,False,True,05_20,64,-0.34421102970372885,-0.5796378152444959,-0.6406601564958692,-0.5880424334318377,1.4533489992587465,1.5539491516063997,1.8080401491496554,1.7226503378910412,0.1816686249073433,0.19424364395079996,0.22600501864370692,0.21533129223638015,-0.23542678554076701,1.6580977149103087,0.20726221436378858,-0.6416607256937926,0.1708071546122586,-0.2964491267921403,2.032732891244343,0.25409161140554287,-0.7944686851470043,0.2015704315627237,-0.24383140372810885,1.8979837512218674,0.23724796890273342,-0.7088374227774663,0.22117461532124866,1,keep_top1,keep_top1,False,False
2025-2025041222gm-00a9-0000-8add91ad-06-s1-d7,2025,2025041222gm-00a9-0000-8add91ad,6,1,7,69,43,69,61,57,0.4282499849796295,0.2786257266998291,0.14666862785816193,0.14340198040008545,0.14962425827980042,0.2815813571214676,0.28484800457954407,0.42983770226327744,1.300034523010254,0.996946319937706,False,True,05_20,64,-0.2139648568117991,-0.22133511025458574,-0.09500034269876778,-0.009849214518908411,0.638401227458916,0.379064944913119,0.6183858011427802,0.8333119961491686,0.0798001534323645,0.04738311811413987,0.07729822514284752,0.10416399951864608,-0.007370253442786634,0.5050872405492564,0.06313590506865704,-0.13111662737735444,0.11637612049178117,0.11896451411303133,0.4647960326790432,0.0580995040848804,0.00508948610666575,0.2328395421193969,0.2041156422928907,0.8399027541258016,0.1049878442657252,-0.0016605324679306865,0.4098918170537121,4,uncertain,uncertain,False,False
2025-2025040921gm-00a9-0000-9f24706f-08-s2-d3,2025,2025040921gm-00a9-0000-9f24706f,8,2,3,53,53,17,15,1,0.4533466696739197,0.30337825417518616,0.1260475069284439,0.09424962848424911,0.14996841549873352,0.32729916274547577,0.35909704118967056,0.40167671746175804,1.3173775672912598,0.9770220592617989,True,True,05_20,64,-9.189768300519127,-9.232110252602101,-9.166594281712865,-8.99576665530682,1.9839205760269611,1.97570343045844,2.1408123652984066,2.36516670740939,0.24799007200337014,0.246962928807305,0.2676015456623008,0.29564583842617376,-0.04234195208297464,1.2125784835749354,0.15157231044686692,-0.3394236805588338,0.25473977639288453,0.023174018806262353,1.5031451840269898,0.18789314800337373,-0.34509655128035016,0.39144458889287487,0.19400164521230678,1.4822502012144834,0.18528127515181042,-0.16914965408524163,0.5571529445098552,4,uncertain,uncertain,False,False
2025-2025041217gm-00a9-0000-a3087215-08-s0-d9,2025,2025041217gm-00a9-0000-a3087215,8,0,9,47,53,55,47,37,0.4492456316947937,0.29615604877471924,0.1423504501581192,0.05597994476556778,0.15308958292007446,0.3068951815366745,0.3932656869292259,0.416683294851808,1.4028398990631104,0.9437320753931999,False,True,05_20,64,-2.4107656497963035,-2.439259319087796,-2.9124768559704535,-2.904118946986273,2.458920927929839,2.4259243713294794,1.7068299462143597,1.6882218097666224,0.3073651159912299,0.3032405464161849,0.21335374327679496,0.2110277262208278,-0.02849366929149255,1.4566247963932502,0.18207809954915627,-0.38536674440783886,0.32837940582485375,-0.50171120617415,2.6930064352499583,0.3366258044062448,-1.1614977828103896,0.15807537046208975,-0.49335329718996945,2.5018336337845115,0.31272920422306394,-1.1063025374671747,0.11959594308723587,1,keep_top1,keep_top1,False,False
2025-2025040921gm-00a9-0000-9f24706f-08-s0-d8,2025,2025040921gm-00a9-0000-9f24706f,8,0,8,45,45,33,63,29,0.5659441947937012,0.4101872146129608,0.016555121168494225,0.00527199637144804,0.15575698018074036,0.549389073625207,0.5606721984222531,0.3218818010855268,0.7963493466377258,0.9979585269466043,True,True,05_20,64,-4.489252811103995,-4.018741305438823,-4.297551801688826,-4.217295435653568,1.9691982893905216,1.5994634876836005,1.4348102403367304,1.6097116913409864,0.2461497861738152,0.19993293596045006,0.1793512800420913,0.2012139614176233,0.4705115056651721,1.9095791338543535,0.2386973917317942,0.002664617870855479,0.9383583934594887,0.1917010094151692,2.5226022524817573,0.31532528156021966,-0.42633654244286134,0.8097385612731998,0.27195737545042675,2.3019877940589146,0.28774847425736433,-0.2920296340940073,0.8359443849948608,2,override_top2,override_top2,False,False
2025-2025123121gm-00a9-0000-60ebef25-11-s1-d2,2025,2025123121gm-00a9-0000-60ebef25,11,1,2,37,35,37,67,59,0.3768376410007477,0.22011443972587585,0.1842924803495407,0.13922996819019318,0.15672320127487183,0.19254516065120697,0.2376076728105545,0.5376668425341741,1.537231683731079,0.9204745292663574,False,True,05_20,64,9.343503856572259,9.553462614434865,9.588060587824632,9.586929974273659,2.1994889733861833,1.2359263233970628,1.0654697205543235,1.2173202543087442,0.2749361216732729,0.15449079042463285,0.13318371506929044,0.15216503178859303,0.20995875786260726,2.1218336456410074,0.2652292057051259,-0.3098904853194396,0.7298080010446542,0.24455673125237457,2.3918721917648127,0.2989840239706016,-0.34145195573000453,0.8305654182347536,0.24342611770140088,2.490454621830994,0.31130682772887425,-0.36673526464719264,0.8535875000499944,3,uncertain,uncertain,False,False
2025-2025041622gm-00a9-0000-82e8b63b-04-s1-d13,2025,2025041622gm-00a9-0000-82e8b63b,4,1,13,75,75,57,26,41,0.5790353417396545,0.420952171087265,8.248108315456193e-06,1.1315843266856973e-06,0.15808317065238953,0.5790270936313391,0.5790342101553279,0.31884429562439986,0.6807593703269958,0.9999968925195617,True,True,05_20,48,2.4278938523881757,1.238045386581992,0.8333784813404463,-0.4319440306474765,4.183775458953636,2.9357626082482633,3.9430207566618223,2.6943067505521694,0.6038759718639579,0.4237408330372432,0.5691260238197463,0.38888968192768025,-1.1898484658061836,3.788269333052646,0.5467895798001874,-2.2615560422145506,-0.11814088939781642,-1.5945153710477296,4.481800622212488,0.6468921989221531,-2.8624240809351496,-0.32660666116030956,-2.8598378830356523,4.739386532444277,0.6840715225750976,-4.200618067282844,-1.519057698788461,1,keep_top1,keep_top1,True,True
2025-2025041311gm-00a9-0000-5f819544-10-s3-d2,2025,2025041311gm-00a9-0000-5f819544,10,3,2,55,17,55,19,40,0.45147380232810974,0.28938886523246765,0.2507699131965637,0.008197735995054245,0.1620849370956421,0.20070388913154602,0.4432760663330555,0.4447460094341852,1.1057868003845215,0.9998303167521954,False,True,05_20,64,0.4804329402275016,-0.0576790550539954,0.8218221405652457,-0.09315109263980048,3.5856457291835393,3.8782658555497878,3.2878284089295446,3.226405867061,0.4482057161479424,0.48478323194372347,0.4109785511161931,0.403300733382625,-0.538111995281497,3.9266585975389385,0.4908323246923673,-1.500143351678537,0.42391936111554296,0.3413892003377441,2.815087070734151,0.3518858838417689,-0.34830713199212293,1.0310855326676112,-0.5735840328673021,3.456369524256426,0.43204619053205323,-1.4203945663101263,0.2732265005755222,3,uncertain,uncertain,False,False
2024-2024122418gm-00a9-0000-f2e7a0a6-03-s0-d11,2024,2024122418gm-00a9-0000-f2e7a0a6,3,0,11,151,151,0,-1,-1,0.581361711025238,0.4186382591724396,0.0,0.0,0.16272345185279846,0.581361711025238,0.581361711025238,0.32836592568356704,0.6798486709594727,0.9999999701976776,True,True,05_20,64,9.763585403262965,9.73392541457357,nan,nan,0.10252286820480082,0.11714381615913516,nan,nan,0.012815358525600102,0.014642977019891895,nan,nan,-0.02965998868939579,0.143480219087828,0.0179350273859785,-0.06481264236591364,0.005492664987122066,nan,nan,nan,nan,nan,nan,nan,nan,nan,nan,1,keep_top1,keep_top1,False,False
2025-2025041618gm-00a9-0000-e2c616d9-10-s1-d3,2025,2025041618gm-00a9-0000-e2c616d9,10,1,3,41,41,67,71,13,0.5750141143798828,0.41111496090888977,0.009410914033651352,0.0025042633060365915,0.16389915347099304,0.5656032003462315,0.5725098510738462,0.33552170161848016,0.7560198307037354,0.9980442526284605,True,True,05_20,64,9.941561128591443,9.94392760241236,9.93336871377953,9.931631701434863,0.16420923851547733,0.06996485799136704,0.11706644310259691,0.1658842028794304,0.020526154814434667,0.00874560724892088,0.014633305387824614,0.0207355253599288,0.002366473820917925,0.17950556245453095,0.02243819530681637,-0.04161238898044216,0.04634533662227801,-0.008192414811914794,0.20001207080673483,0.025001508850841854,-0.05719537215956483,0.04081054253573524,-0.009929427156578963,0.045715466632985376,0.005714433329123172,-0.021129716481660378,0.0012708621685024544,2,uncertain,uncertain,False,False
2024-2024100219gm-00a9-0000-04bc459d-02-s3-d17,2024,2024100219gm-00a9-0000-04bc459d,2,3,17,67,14,67,15,27,0.5812737345695496,0.4150974750518799,0.0018026093021035194,0.0016399486921727657,0.16617625951766968,0.579471125267446,0.5796337858773768,0.33670841744205926,0.7039403915405273,0.9998137676157057,False,True,05_20,64,-1.3092502697836608,-1.0673537377733737,-1.3329216858837754,-1.34318713308312,0.42012240309588494,1.170838501143146,0.26732736693682985,0.28267164918199716,0.05251530038698562,0.14635481264289324,0.03341592086710373,0.035333956147749646,0.24189653201028705,1.1280878304505053,0.14101097880631316,-0.03448498645008674,0.5182780504706608,-0.023671416100114584,0.36347698829091335,0.04543462353636417,-0.11272327823138835,0.06538044603115918,-0.03393686329945922,0.3775456087984629,0.04719320109980786,-0.12643553745508262,0.05856181085616419,2,uncertain,override_top2,False,False
2025-2025122914gm-00a9-0000-be67f40d-05-s3-d1,2025,2025122914gm-00a9-0000-be67f40d,5,3,1,59,53,59,65,68,0.397205114364624,0.2295248657464981,0.21934819221496582,0.14049004018306732,0.16768024861812592,0.1778569221496582,0.2567150741815567,0.5484414370212588,1.3958005905151367,0.9865682125091553,False,True,05_20,64,-3.517396957089659,-3.5632838874007575,-3.3254221902461722,-3.2627230135258287,1.9362213270256525,1.678617863887926,1.9473527044922136,2.357784970746472,0.24202766587820657,0.20982723298599076,0.2434190880615267,0.294723121343309,-0.045886930311098695,1.9189343572214943,0.2398667946526868,-0.5160258478303648,0.4242519872081674,0.19197476684348658,2.7776687337449197,0.34720859171811497,-0.48855407292401876,0.8725036066109919,0.2546739435638301,3.030632631714253,0.37882907896428164,-0.4878310512061619,0.9971789383338221,4,uncertain,uncertain,False,False
2025-2025010923gm-00a9-0000-65e0833f-05-s3-d2,2025,2025010923gm-00a9-0000-65e0833f,5,3,2,0,139,0,-1,-1,0.5840001702308655,0.41599977016448975,0.0,0.0,0.16800040006637573,0.5840001702308655,0.5840001702308655,0.3392165665474892,0.6789679527282715,0.9999999403953552,False,True,05_20,64,-4.624161988351261,-5.253380843081686,nan,nan,2.5145136246025475,2.057421520024763,nan,nan,0.31431420307531843,0.25717769000309537,nan,nan,-0.6292188547304249,3.314178293452361,0.41427228668154514,-1.4411925366262532,0.18275482716540348,nan,nan,nan,nan,nan,nan,nan,nan,nan,nan,1,keep_top1,keep_top1,False,False
2025-2025040821gm-00a9-0000-b7ac449d-06-s3-d8,2025,2025040821gm-00a9-0000-b7ac449d,6,3,8,63,67,63,42,45,0.5539445877075195,0.3848936855792999,0.03821606934070587,0.022768307477235794,0.1690509021282196,0.5157285183668137,0.5311762802302837,0.36409750475486546,0.9073365926742554,0.9998226501047611,False,True,05_20,64,6.912128880246655,6.654431858929229,6.322285478504824,6.401918910903532,2.6848955798463643,2.675700079547262,2.6883556401564204,2.6527564535174246,0.33561194748079554,0.33446250994340776,0.33604445501955255,0.3315945566896781,-0.25769702131742633,1.8453001202662098,0.23066251503327623,-0.7097955507826477,0.19440150814779505,-0.589843401741831,2.52839723737251,0.31604965467156376,-1.209300724898096,0.029613921414433975,-0.5102099693431228,2.712000554491263,0.33900006931140786,-1.1746501051934821,0.15423016650723664,1,keep_top1,keep_top1,False,False
2024-2024122403gm-00a9-0000-ea9d4781-07-s1-d8,2024,2024122403gm-00a9-0000-ea9d4781,7,1,8,53,38,53,19,29,0.41828086972236633,0.24758020043373108,0.21329736709594727,0.11620054394006729,0.17070066928863525,0.20498350262641907,0.30208032578229904,0.5244185723360091,1.3209397792816162,0.995358981192112,False,True,05_20,64,-0.48858680093690054,-0.10709639706328744,-0.14788291155855404,-0.48807643948384793,2.941673183740662,2.623599261529273,2.733970718150152,3.034812857502605,0.36770914796758275,0.3279499076911591,0.341746339768769,0.3793516071878256,0.3814904038736131,2.5340841659748743,0.3167605207468593,-0.23936021679023112,1.0023410245374573,0.3407038893783465,1.9035220443703431,0.2379402555462929,-0.12565901149238756,0.8070667902490806,0.0005103614530526102,2.879036541128009,0.35987956764100115,-0.7048535911233096,0.7058743140294148,2,uncertain,uncertain,False,False
2024-2024092313gm-00a9-0000-546f9980-02-s0-d7,2024,2024092313gm-00a9-0000-546f9980,2,0,7,49,23,49,37,39,0.5413958430290222,0.3687274158000946,0.06873492151498795,0.010877600871026516,0.1726684272289276,0.47266092151403427,0.5305182421579957,0.38409303847215204,0.985771656036377,0.9897357812151313,False,True,05_20,64,5.326067471032729,5.209475037627271,4.674950330227148,4.834069570817519,2.2938943161125933,2.4626589657084885,2.465548553307827,2.300106389130003,0.28673678951407416,0.30783237071356107,0.3081935691634784,0.28751329864125036,-0.116592433405458,2.4778360006874007,0.3097295000859251,-0.7236622535738712,0.49047738676295516,-0.6511171408055816,2.9017809901798386,0.3627226237724798,-1.362053483399642,0.05981920178847888,-0.4919979002152104,3.097600638517488,0.387200079814686,-1.2509100566519948,0.26691425622157416,1,keep_top1,keep_top1,False,False
2025-2025122807gm-00a9-0000-c1328d8f-00-s3-d8,2025,2025122807gm-00a9-0000-c1328d8f,0,3,8,15,32,15,37,23,0.5640508532524109,0.38667142391204834,0.026928704231977463,0.008144290186464787,0.17737942934036255,0.5371221490204334,0.5559065630659461,0.3775691141971316,0.9014817476272583,0.9857952715829015,False,True,05_20,64,-0.06835850607603788,-0.24997333635110408,-0.2516335794935003,0.06304221099708229,1.703820152465468,1.839273925112622,1.4826890687325547,2.031250568189966,0.2129775190581835,0.22990924063907775,0.18533613359156934,0.2539063210237458,-0.1816148302750662,0.8823127056688195,0.11028908820860243,-0.39778144316392694,0.034551782613794574,-0.1832750734174624,1.9219581704041175,0.2402447713005147,-0.6541548251664713,0.2876046783315464,0.13140071707312018,1.7691371941794645,0.22114214927243306,-0.3020378955008486,0.5648393296470889,4,uncertain,uncertain,False,False
2025-2025040821gm-00a9-0000-b7ac449d-07-s1-d14,2025,2025040821gm-00a9-0000-b7ac449d,7,1,14,2,2,57,3,25,0.5547456741333008,0.37529417872428894,0.0570460706949234,0.01125655323266983,0.17945149540901184,0.4976996034383774,0.543489120900631,0.39079956888775735,0.9214692115783691,0.998342476785183,True,True,05_20,64,-3.2724136856850237,-4.453700049285544,-3.1954445432056673,-4.059562079433817,2.587448928406476,2.1077461236266495,2.462431736282473,2.819259582305607,0.3234311160508095,0.2634682654533312,0.3078039670353091,0.3524074477882009,-1.1812863636005204,2.470206037980289,0.3087757547475361,-1.786486842905691,-0.5760858842953497,0.07696914247935638,1.6483855986333733,0.20604819982917166,-0.3268853291858201,0.48082361414453284,-0.7871483937487938,2.7066091338991365,0.33832614173739206,-1.4502676315540821,-0.12402915594350528,3,uncertain,uncertain,False,False
2025-2025011210gm-00a9-0000-65465afe-05-s1-d12,2025,2025011210gm-00a9-0000-65465afe,5,1,12,18,18,51,39,41,0.5640455484390259,0.38276830315589905,0.05035914108157158,0.0019359927391633391,0.18127724528312683,0.5136864073574543,0.5621095556998625,0.3877051543534079,0.8607128262519836,0.9991089854156598,True,True,05_20,64,-1.887660404550843,-1.898763713252265,-2.0866206335485913,-1.881784828248783,1.6459856073253532,1.6591678784525359,1.5010532643393264,1.758921949372239,0.20574820091566914,0.20739598480656699,0.1876316580424158,0.21986524367152988,-0.011103308701422065,0.7975712921412945,0.09969641151766181,-0.2065082752760392,0.18430165787319508,-0.19896022899774835,1.6736573281296367,0.2092071660162046,-0.6090062743895093,0.21108581639401264,0.005875576302059926,1.7665205664507964,0.22081507080634954,-0.42692196247838515,0.438673115082505,4,uncertain,uncertain,False,False
2025-2025041300gm-00a9-0000-884209f2-07-s1-d23,2025,2025041300gm-00a9-0000-884209f2,7,1,23,13,11,13,15,9,0.4474482238292694,0.2650684118270874,0.1731577217578888,0.07925023883581161,0.182379812002182,0.2742905020713806,0.3681979849934578,0.5235728795735728,1.372974157333374,0.9649245962500572,False,True,05_20,64,1.468793855048716,1.6026636416791007,1.6910032788291574,1.5257229268318042,1.0165796084846512,1.1777464083199578,1.0363260730313357,1.091059075316966,0.1270724510605814,0.14721830103999473,0.12954075912891697,0.13638238441462075,0.13386978663038462,0.5377567205718039,0.06721959007147549,0.002119390090292661,0.2656201831704766,0.22220942378044128,0.6011751796650683,0.07514689745813354,0.07492150476249956,0.369497342798383,0.05692907178308815,0.49361463247906967,0.06170182905988371,-0.06400651317428392,0.1778646567404602,3,uncertain,uncertain,False,False
2024-2024092220gm-00a9-0000-bb3aa554-03-s3-d2,2024,2024092220gm-00a9-0000-bb3aa554,3,3,2,63,65,63,33,11,0.5293933153152466,0.3421535789966583,0.06741182506084442,0.0409245565533638,0.18723973631858826,0.46198149025440216,0.4884687587618828,0.4364719651474759,1.1184030771255493,0.9798832759261131,False,True,05_20,64,-1.5970212004031055,-1.6651585202780552,-1.9659088712069206,-2.368162189493887,1.9132421551106618,1.9797514562657819,1.1277428672323764,1.779320666267663,0.23915526938883272,0.24746893203322273,0.14096785840404705,0.22241508328345788,-0.06813731987494975,1.1039539706448638,0.13799424633060797,-0.33860604268294137,0.20233140293304186,-0.3688876708038151,2.2394075300441383,0.2799259412555173,-0.917542515664629,0.1797671740569987,-0.7711409890907817,2.347403186668214,0.29342539833352677,-1.346254769824494,-0.19602720835706922,1,keep_top1,keep_top1,False,False
2025-2025040815gm-00a9-0000-3be4a59c-06-s3-d11,2025,2025040815gm-00a9-0000-3be4a59c,6,3,11,41,41,13,25,39,0.5171298980712891,0.3254441022872925,0.09215979278087616,0.037715546786785126,0.19168579578399658,0.4249701052904129,0.47941435128450394,0.4631033783348788,1.1548701524734497,0.9724493399262428,True,True,05_20,64,-3.154313627630472,-3.715491371898679,-3.9676748261554167,-2.9435306298546493,3.459655326699757,2.8627399298608216,2.7793059975783967,3.4216383262011902,0.43245691583746965,0.3578424912326027,0.3474132496972996,0.4277047907751488,-0.5611777442682069,3.9284223058123557,0.49105278822654447,-1.523641209192234,0.40128572065582024,-0.8133611985249445,3.927092052401049,0.4908865065501311,-1.7754987513632015,0.1487763543133125,0.21078299777582288,1.8340197544972585,0.22925246931215731,-0.23855184207600544,0.6601178376276512,4,uncertain,uncertain,False,False
2024-2024092013gm-00a9-0000-9cd6d54a-06-s1-d2,2024,2024092013gm-00a9-0000-9cd6d54a,6,1,2,57,19,57,35,15,0.5771014094352722,0.3811536729335785,0.03122085891664028,0.005482365842908621,0.19594773650169373,0.5458805505186319,0.5716190435923636,0.4148153691465266,0.8495436310768127,0.9949583071283996,False,True,05_20,64,-3.1453035898448434,-3.162414513274598,-3.2240519434453745,-3.6265900740763755,2.6004794752976044,2.7297516218698226,2.538717652372208,2.255359782458821,0.32505993441220055,0.3412189527337278,0.317339706546526,0.28191997280735265,-0.01711092342975462,1.5195954914841532,0.18994943643551915,-0.38941181884337217,0.35518997198386293,-0.07874835360053112,2.6115699397955203,0.32644624247444004,-0.7185829888504336,0.5610862816493714,-0.4812864842315321,2.510752685435863,0.31384408567948285,-1.0964208921633185,0.13384792370025433,1,keep_top1,keep_top1,False,False
2025-2025041716gm-00a9-0000-248298e2-01-s0-d9,2025,2025041716gm-00a9-0000-248298e2,1,0,9,13,39,13,37,31,0.5823909640312195,0.3827943205833435,0.02531062439084053,0.005410476122051477,0.19959664344787598,0.557080339640379,0.576980487909168,0.41964415874873606,0.8291228413581848,0.995906385127455,False,True,05_20,64,6.698110351275318,6.609301085285551,6.355821707300493,6.011542178701347,1.8945253709661616,1.9584172500362083,2.035986894533294,1.7875866946859948,0.2368156713707702,0.24480215625452603,0.25449836181666174,0.22344833683574936,-0.08880926598976657,2.2068257992787927,0.2758532249098491,-0.6294815868130708,0.4518630548335376,-0.3422886439748254,2.339301529756706,0.29241269121958824,-0.9154175187652184,0.2308402308155676,-0.6865681725739705,2.3171517016038408,0.2896439627004801,-1.2542703394669115,-0.11886600568102956,1,keep_top1,keep_top1,False,False
2024-2024092922gm-00a9-0000-d78d568e-02-s3-d11,2024,2024092922gm-00a9-0000-d78d568e,2,3,11,41,41,3,-1,-1,0.6034861207008362,0.3965138792991638,0.0,0.0,0.20697224140167236,0.6034861207008362,0.6034861207008362,0.4200119972630426,0.6715728044509888,1.0,True,True,20_50,64,1.4121002163155936,1.0873639240744524,nan,nan,2.247412247182507,2.139499516558014,nan,nan,0.2809265308978134,0.26743743956975174,nan,nan,-0.3247362922411412,2.845446438640185,0.3556808048300231,-1.0218706697079865,0.37239808522570406,nan,nan,nan,nan,nan,nan,nan,nan,nan,nan,1,keep_top1,keep_top1,False,False
2025-2025010923gm-00a9-0000-65e0833f-00-s2-d1,2025,2025010923gm-00a9-0000-65e0833f,0,2,1,55,67,55,59,47,0.47192078828811646,0.2618752717971802,0.2546062767505646,0.005154356826096773,0.21004551649093628,0.21731451153755188,0.4667664314620197,0.5889428215136254,1.120617151260376,0.993556693661958,False,True,20_50,64,-0.43691323162056506,-0.20095743890851736,-0.5450119230663404,-0.4567153154639527,1.8456807069290488,1.660165019367313,1.4330076590622214,1.574108062005851,0.2307100883661311,0.20752062742091412,0.17912595738277767,0.19676350775073137,0.2359557927120477,1.4232738790973853,0.17790923488717317,-0.11274630766681171,0.5846578930909071,-0.10809869144577533,1.3795104134154683,0.17243880167693354,-0.44607874273256504,0.22988135984101438,-0.019802083843387663,2.0459532015580097,0.2557441501947512,-0.5210606182251001,0.48145645053832475,2,uncertain,override_top2,False,False
2025-2025041017gm-00a9-0000-b39f2649-05-s3-d12,2025,2025041017gm-00a9-0000-b39f2649,5,3,12,29,35,19,29,25,0.5122248530387878,0.29889678955078125,0.09956125169992447,0.04445149004459381,0.2133280634880066,0.4126636013388634,0.46777336299419403,0.5386653663741028,1.2425475120544434,0.9551343843340874,False,True,20_50,64,-1.3257436408748617,-1.3569953667320078,-0.8176512340141926,-1.3480060302536003,2.184270055415148,2.1867103553880263,2.960201182376259,2.0150396071532737,0.2730337569268935,0.2733387944235033,0.3700251477970324,0.2518799508941592,-0.031251725857146084,1.9533112417993157,0.24416390522491446,-0.5098129800979785,0.44730952838368626,0.5080924068606691,2.3185611955500676,0.28982014944375845,-0.059955086049097384,1.0761398997704357,-0.02226238937873859,2.373130114058982,0.29664126425737275,-0.6036792673231892,0.559154488565712,3,uncertain,override_top3,False,False
2025-2025011221gm-00a9-0000-22bab0de-08-s3-d12,2025,2025011221gm-00a9-0000-22bab0de,8,3,12,47,47,67,8,43,0.5944175124168396,0.37646907567977905,0.014298822730779648,0.010028524324297905,0.21794843673706055,0.58011868968606,0.5843889880925417,0.4567460477549238,0.8131460547447205,0.9952139351516962,True,True,20_50,64,-0.9685587821004447,-0.7073268781241495,-1.3366756591822195,-1.3174981217671302,1.884889536903633,1.8847393412715858,1.9649412081746553,2.0984620503205056,0.23561119211295412,0.23559241765894823,0.24561765102183192,0.2623077562900632,0.26123190397629514,2.0652444704375172,0.25815555880468966,-0.24475299128089656,0.7672167992334868,-0.3681168770817749,2.4154817335801892,0.30193521669752366,-0.9599099018089212,0.22367614764537147,-0.34893933966668556,2.4797282360708914,0.30996602950886143,-0.9564727575040539,0.2585940781706828,2,uncertain,uncertain,False,False
2025-2025041520gm-00a9-0000-d292f784-04-s0-d16,2025,2025041520gm-00a9-0000-d292f784,4,0,16,46,67,46,1,63,0.611690878868103,0.38392895460128784,0.0020420579239726067,0.0009845609311014414,0.22776192426681519,0.6096488209441304,0.6107063179370016,0.46576953360631757,0.6977958679199219,0.9986464523244649,False,True,20_50,64,-0.6032713244785555,-0.9041836315009277,-0.8031487441039644,-0.4072668624103244,1.8996763817332534,1.5036624935483602,2.1163402437349403,2.5512877456986316,0.23745954771665667,0.18795781169354503,0.26454253046686754,0.31891096821232895,-0.30091230702237226,1.910316569637467,0.2387895712046834,-0.7689398665835516,0.16711525253880716,-0.19987741962540895,2.000688848457008,0.250086106057126,-0.6900461874973759,0.290291348246558,0.19600446206823108,2.1171465967774834,0.2646433245971854,-0.32269645414225234,0.7147053782787145,4,uncertain,uncertain,False,False
2024-2024092922gm-00a9-0000-d78d568e-07-s1-d5,2024,2024092922gm-00a9-0000-d78d568e,7,1,5,63,63,57,15,25,0.4862841069698334,0.2570677697658539,0.1760973483324051,0.03891753405332565,0.2292163372039795,0.3101867586374283,0.4473665729165077,0.6374532896206825,1.3256968259811401,0.958366759121418,True,True,20_50,64,1.0608792059065308,1.0046933235425968,0.8014040585258044,0.8395417835999979,2.704714628949814,2.4938124531984944,2.683608518103434,1.5498072347997935,0.33808932861872676,0.3117265566498118,0.33545106476292924,0.1937259043499742,-0.05618588236393407,1.959384991835307,0.24492312397941338,-0.5362352053635843,0.4238634406357161,-0.2594751473807264,2.8811971387146498,0.3601496423393312,-0.9653684463658156,0.4464181516043628,-0.22133742230653297,2.7881276440809595,0.34851595551011993,-0.904428695106368,0.4617538504933021,1,keep_top1,keep_top1,False,False
2025-2025123121gm-00a9-0000-1ceba434-05-s0-d8,2025,2025123121gm-00a9-0000-1ceba434,5,0,8,96,96,0,-1,-1,0.6160284876823425,0.3839714825153351,0.0,0.0,0.23205700516700745,0.6160284876823425,0.6160284876823425,0.4727249231547477,0.6659749746322632,0.9999999701976776,True,True,20_50,64,-4.165730130727752,-4.034450489009032,nan,nan,1.738423463438213,2.928772565670537,nan,nan,0.21730293292977662,0.3660965707088171,nan,nan,0.13127964171872009,3.0147018709929982,0.3768377338741248,-0.6073223166745645,0.8698816001120047,nan,nan,nan,nan,nan,nan,nan,nan,nan,nan,2,uncertain,uncertain,False,False
2025-2025011015gm-00a9-0000-3c8247e4-00-s2-d5,2025,2025011015gm-00a9-0000-3c8247e4,0,2,5,21,17,21,27,53,0.5081835389137268,0.26510119438171387,0.1405162364244461,0.037458207458257675,0.24308234453201294,0.3676673024892807,0.47072533145546913,0.6507310607151894,1.2915486097335815,0.9512591771781445,False,True,20_50,64,0.198399220360443,0.5279700646642596,-0.13429899187758565,-0.17638334422372282,1.556640798292881,1.6221212585849305,1.2921928078354763,1.3809134826461869,0.19458009978661012,0.2027651573231163,0.16152410097943454,0.17261418533077336,0.32957084430381656,1.94044884580605,0.24255610572575625,-0.1458391229186657,0.8049808115262989,-0.33269821223802865,1.5537070177512757,0.19421337721890947,-0.7133564315870912,0.047960007111033875,-0.3747825645841658,1.6996145259799975,0.2124518157474997,-0.7911881234492653,0.04162299428093358,2,uncertain,override_top2,False,True
2025-2025041716gm-00a9-0000-248298e2-00-s3-d2,2025,2025041716gm-00a9-0000-248298e2,0,3,2,14,59,67,33,14,0.4010442793369293,0.1480969488620758,0.11600600928068161,0.07964842766523361,0.2529473304748535,0.2850382700562477,0.3213958516716957,0.9962047243121508,1.9064666032791138,0.7447956651449203,False,True,20_50,64,-0.5126250645844266,-0.7503741574473679,-0.7728814051952213,-0.3839393958915025,1.5920114197139112,1.4394639942158771,1.2154769596915562,1.8323853343813885,0.1990014274642389,0.17993299927698464,0.15193461996144453,0.22904816679767356,-0.23774909286294132,2.050755328643574,0.2563444160804467,-0.7401841483806169,0.2646859626547342,-0.2602563406107947,1.9806726907559062,0.24758408634448828,-0.7455211498459917,0.22500846862440232,0.12868566869292408,2.3461084244008923,0.29326355305011154,-0.4461108952852946,0.7034822326711427,4,uncertain,uncertain,False,False
2025-2025041622gm-00a9-0000-82e8b63b-02-s2-d4,2025,2025041622gm-00a9-0000-82e8b63b,2,2,4,7,7,3,25,63,0.5988048315048218,0.33550554513931274,0.030433716252446175,0.014144954271614552,0.26329928636550903,0.5683711152523756,0.5846598772332072,0.579297236897069,0.9488601684570312,0.9788890471681952,True,True,20_50,64,1.1336952489655232,1.2166573993017664,0.5824440771830268,1.0741823578428011,2.2950406944736175,2.5886715747698825,2.8511476850799236,3.479479430323157,0.2868800868092022,0.3235839468462353,0.35639346063499044,0.43493492879039464,0.08296215033624321,1.4148028545248632,0.1768503568156079,-0.26366454902234826,0.4295888496948347,-0.5512511717824964,2.719785763887711,0.3399732204859639,-1.2175986839349857,0.11509634036999283,-0.05951289112272207,3.674132808447662,0.45926660105595773,-0.9596754291923992,0.8406496469469551,2,uncertain,uncertain,False,False
2024-2024091915gm-00a9-0000-7030187d-06-s0-d8,2024,2024091915gm-00a9-0000-7030187d,6,0,8,61,55,61,49,7,0.6135412454605103,0.34695950150489807,0.033443041145801544,0.0040725721046328545,0.2665817439556122,0.5800982043147087,0.6094686733558774,0.5700394288804789,0.8154993653297424,0.9980163602158427,False,True,20_50,64,-2.1806219812860945,-2.1756665448338026,-2.361907156649977,-1.9398810503844288,1.9181726881258971,1.807311386379547,1.3852296365976766,2.00871783401706,0.23977158601573714,0.22591392329744336,0.17315370457470958,0.2510897292521325,0.004955436452291906,1.396432615416616,0.174554076927077,-0.337170554324779,0.3470814272293628,-0.18128517536388244,1.9419761245663227,0.24274701557079034,-0.6570693258826314,0.2944989751548666,0.2407409309016657,2.2030428354184237,0.27538035442730296,-0.29900456377584805,0.7804864255791795,4,uncertain,uncertain,False,False
2024-2024092000gm-00a9-0000-e0b6f7b7-07-s2-d15,2024,2024092000gm-00a9-0000-e0b6f7b7,7,2,15,19,19,2,47,23,0.454108864068985,0.18092305958271027,0.177891805768013,0.12211097776889801,0.2731858044862747,0.276217058300972,0.331997886300087,0.920265102281725,1.5065703392028809,0.9350347071886063,True,True,20_50,48,3.836175948705204,4.36715199712368,3.257995892325804,3.257995892325804,1.5870943161782822,1.9913223656329464,0.7174460686801196,0.7174460686801196,0.22907733266871408,0.287422625960376,0.10355442022037646,0.10355442022037646,0.5309760484184759,1.8442721436830707,0.26619775465358725,0.00922844929744493,1.0527236475395068,-0.5781800563793998,1.5825956389155205,0.2284280045365509,-1.0258989452710396,-0.1304611674877601,-0.5781800563793998,1.5825956389155205,0.2284280045365509,-1.0258989452710396,-0.1304611674877601,2,override_top2,override_top2,True,True
2024-2024100121gm-00a9-0000-c39c6e95-13-s2-d10,2024,2024100121gm-00a9-0000-c39c6e95,13,2,10,59,49,11,59,23,0.5014797449111938,0.22270043194293976,0.21064795553684235,0.055427126586437225,0.2787793129682541,0.2908317893743515,0.4460526183247566,0.8117357037411639,1.2235538959503174,0.9902552589774132,False,True,20_50,64,-1.610260125732907,-1.8466214522187556,-1.7432749529690454,-1.7471326772403017,1.1516867449134385,0.905466304287883,0.9743725312943857,1.21577398852208,0.1439608431141798,0.11318328803598537,0.12179656641179822,0.15197174856526,-0.23636132648584862,0.9551320418754414,0.11939150523443018,-0.4703686767453318,-0.0023539762263654895,-0.13301482723613844,0.7431283684952733,0.09289104606190916,-0.3150812775174804,0.049051623045203524,-0.13687255150739475,1.1179754380482823,0.13974692975603528,-0.4107765338292239,0.13703143081443442,1,keep_top1,keep_top1,False,False
2025-2025041520gm-00a9-0000-d292f784-05-s3-d0,2025,2025041520gm-00a9-0000-d292f784,5,3,0,61,35,61,3,47,0.5797562003135681,0.2998282313346863,0.07158360630273819,0.04476698487997055,0.27992796897888184,0.5081725940108299,0.5349892154335976,0.6593979224219411,1.0311189889907837,0.9959350228309631,False,True,20_50,64,0.7107756744735525,0.6099665240617469,0.5813571450125892,0.4132292494541616,2.4340934726411882,2.488322343336877,2.4484377004932325,2.3872506330830667,0.30426168408014853,0.3110402929171096,0.30605471256165406,0.29840632913538334,-0.1008091504118056,1.8131756567531931,0.22664695709414914,-0.5450371863163379,0.3434188854927267,-0.12941852946096333,1.54854483157387,0.19356810394673374,-0.5088120131965614,0.2499749542746348,-0.2975464250193909,2.165724658329651,0.2707155822912064,-0.8281489663101554,0.23305611627137368,1,keep_top1,keep_top1,False,False
2024-2024122418gm-00a9-0000-47dd466b-01-s2-d7,2024,2024122418gm-00a9-0000-47dd466b,1,2,7,37,37,51,4,45,0.49521148204803467,0.21314451098442078,0.20330780744552612,0.04864503815770149,0.2820669710636139,0.29190367460250854,0.4465664438903332,0.8430145168012813,1.3151683807373047,0.9603088386356831,True,True,20_50,64,0.26678537344560027,-0.048017724649980664,-0.12580069317482412,-0.2551709023537114,1.6894875871555302,1.6360051809715181,1.4304151462813683,1.52432490393507,0.21118594839444127,0.20450064762143977,0.17880189328517104,0.19054061299188374,-0.31480309809558094,1.7802426856519922,0.22253033570649902,-0.750962556080319,0.12135635988915716,-0.3925860666204244,2.029693905594745,0.2537117381993431,-0.889861073491137,0.10468894025028813,-0.5219562757993117,1.971464986870085,0.24643312335876064,-1.0049651975824825,-0.038947354016140856,1,keep_top1,keep_top1,False,True
2025-2025011200gm-00a9-0000-18c17918-08-s0-d2,2025,2025011200gm-00a9-0000-18c17918,8,0,2,61,61,67,39,33,0.6191636323928833,0.32779404520988464,0.022131867706775665,0.015958989039063454,0.29136958718299866,0.5970317646861076,0.6032046433538198,0.6359840871149959,0.8848975896835327,0.9850485343486071,True,True,20_50,64,8.627272252777498,8.68862044576469,8.99620795392035,8.75937607221438,2.001016648089001,1.840977338750246,1.333002752344866,2.0101605925708954,0.25012708101112513,0.23012216734378074,0.16662534404310825,0.2512700740713619,0.0613481929871913,1.0140598821151512,0.1267574852643939,-0.18709647813102073,0.3097928641054033,0.3689357011428518,1.6899588222724955,0.21124485278406194,-0.0451042103139096,0.7829756125996132,0.13210381943688287,2.2275724975291746,0.27844656219114683,-0.41365144245776486,0.6778590813315306,3,uncertain,override_top3,False,False
2025-2025122807gm-00a9-0000-c1328d8f-04-s2-d7,2025,2025122807gm-00a9-0000-c1328d8f,4,2,7,40,40,5,17,55,0.45923471450805664,0.16762810945510864,0.10433188825845718,0.08746056258678436,0.291606605052948,0.35490282624959946,0.3717741519212723,1.0078135484467234,1.7257543802261353,0.8186552748084068,True,True,20_50,64,-3.22756204576217,-3.399270642141346,-3.2454116052249447,-2.89103433029959,1.4488207916863598,0.7345534635887615,1.23140271492536,1.1035229836535148,0.18110259896079497,0.09181918294859519,0.15392533936567,0.13794037295668934,-0.17170859637917602,1.3800770758942873,0.1725096344867859,-0.5098274799732764,0.16641028721492435,-0.017849559462774778,1.4108297468441804,0.17635371835552255,-0.363502847439599,0.32780372851404943,0.3365277154625801,1.5812325410781272,0.1976540676347659,-0.05087425710156107,0.7239296880267212,4,uncertain,override_top4,False,False
2025-2025123121gm-00a9-0000-60ebef25-09-s0-d4,2025,2025123121gm-00a9-0000-60ebef25,9,0,4,17,35,3,49,17,0.5455264449119568,0.24644115567207336,0.0981297567486763,0.052124105393886566,0.2990852892398834,0.4473966881632805,0.4934023395180702,0.7946280367951521,1.2883751392364502,0.942221462726593,False,True,20_50,64,-6.777439446263088,-6.890195314855646,-6.537236128891891,-8.015038334855944,2.4936942078530735,2.426987204027515,2.676057275615594,1.747980215157305,0.3117117759816342,0.30337340050343936,0.33450715945194925,0.21849752689466312,-0.11275586859255782,2.252465095497112,0.281558136937139,-0.6646098169893502,0.43909807980423454,0.24020331737119704,2.7971496476701283,0.34964370595876604,-0.4450983463079844,0.9255049810503785,-1.2375988885928564,2.2838984882331737,0.2854873110291467,-1.7971540182099839,-0.6780437589757289,3,uncertain,uncertain,False,False
2024-2024122418gm-00a9-0000-47dd466b-03-s1-d5,2024,2024122418gm-00a9-0000-47dd466b,3,1,5,60,60,55,1,3,0.6382956504821777,0.33475711941719055,0.02670426294207573,0.00014490974717773497,0.3035385310649872,0.611591387540102,0.638150740735,0.6453963258086433,0.7520040273666382,0.9999019425886218,True,True,20_50,64,1.0743325590156019,1.0445360721787438,0.9118536089081317,0.490327377920039,1.7594977170890695,1.6767308230871503,1.3551284466074394,1.6095496083428986,0.2199372146361337,0.20959135288589378,0.16939105582592992,0.20119370104286233,-0.029796486836858094,0.8810593357666663,0.11013241697083329,-0.24565602409969134,0.18606305042597515,-0.16247895010747015,1.5197978210415979,0.18997472763019974,-0.5348294162626617,0.2098715160477213,-0.5840051810955629,1.8916546873808544,0.2364568359226068,-1.047460579503872,-0.12054978268725358,1,keep_top1,keep_top1,False,False
2024-2024092905gm-00a9-0000-4f383722-04-s0-d11,2024,2024092905gm-00a9-0000-4f383722,4,0,11,39,75,39,31,26,0.5973826050758362,0.28707990050315857,0.10084649920463562,0.01004987396299839,0.3103027045726776,0.49653610587120056,0.5873327311128378,0.732797211661504,0.9711319208145142,0.9953588787466288,False,True,20_50,64,-1.3259415907377843,-1.0813947168790037,-0.6234840502438601,-0.7428567159222439,1.7232891988719268,2.133721860653552,1.9729987284697954,1.9592366175867308,0.21541114985899085,0.266715232581694,0.24662484105872443,0.24490457719834136,0.2445468738587806,2.6315354476218924,0.32894193095273655,-0.40017931080858304,0.8892730585261442,0.7024575404939242,2.3529196351781225,0.2941149543972653,0.12599222987528413,1.278922851112564,0.5830848748155404,2.299651963606145,0.2874564954507681,0.019670143732034906,1.146499605899046,3,uncertain,uncertain,False,False
2025-2025010923gm-00a9-0000-65e0833f-00-s3-d6,2025,2025010923gm-00a9-0000-65e0833f,0,3,6,31,5,41,31,49,0.4902300536632538,0.17823299765586853,0.16910004615783691,0.07875321060419083,0.31199705600738525,0.32113000750541687,0.41147684305906296,1.0117831082720867,1.5004916191101074,0.91631630808115,False,True,20_50,64,-0.16311496391426772,-0.23023901390843093,-0.17043756309431046,-0.5373695380985737,1.4539607459263275,1.7509216143695965,1.7034185165544677,1.0839799839537694,0.18174509324079094,0.21886520179619956,0.21292731456930847,0.13549749799422117,-0.06712404999416322,1.9613968146432235,0.24517460183040293,-0.5476662695817529,0.41341816959342653,-0.007322599180042744,1.8618142129795727,0.2327267766224466,-0.46346708136003806,0.44882188299995257,-0.37425457418430597,1.6126261792953973,0.20157827241192466,-0.7693479881116783,0.020838839743066384,1,keep_top1,keep_top1,False,False
2024-2024092000gm-00a9-0000-e0b6f7b7-05-s2-d5,2024,2024092000gm-00a9-0000-e0b6f7b7,5,2,5,35,16,35,11,33,0.5803561806678772,0.2604357600212097,0.11799588799476624,0.022830380126833916,0.3199204206466675,0.46236029267311096,0.5575258005410433,0.8012857914789075,1.0874016284942627,0.9816182088106871,False,True,20_50,64,4.3198081377031485,4.883498697390678,4.6819391529825225,4.671916013312966,2.5596090323074967,2.0891999592192514,2.1647182312514452,2.019537027846136,0.3199511290384371,0.2611499949024064,0.27058977890643066,0.252442128480767,0.5636905596875295,2.08790197086835,0.26098774635854377,0.05215457682478364,1.0752265425502752,0.36213101527937397,2.598495658743527,0.3248119573429409,-0.27450042111279016,0.9987624516715381,0.3521078756098177,2.604921915611736,0.325615239451467,-0.2860979937150575,0.9903137449346929,2,override_top2,override_top2,False,False
2025-2025041612gm-00a9-0000-17df09bd-05-s2-d2,2025,2025041612gm-00a9-0000-17df09bd,5,2,2,1,1,57,63,67,0.623025119304657,0.3017766773700714,0.04104751721024513,0.033595919609069824,0.32124844193458557,0.5819776020944118,0.5894291996955872,0.7248995729673642,0.9062327146530151,0.9994452334940434,True,True,20_50,64,0.09968823016970418,-0.059194262069468095,0.23544186917297338,-0.014549286442161247,2.7848297449820074,2.652558861954291,2.715659809673284,2.5409498979863963,0.3481037181227509,0.3315698577442864,0.3394574762091605,0.31761873724829953,-0.15888249223917228,2.109519949850868,0.2636899937313585,-0.6757148799526349,0.35794989547429035,0.1357536390032692,2.7129668227354857,0.3391208528419357,-0.5289232325669248,0.8004305105734631,-0.11423751661186543,2.768790349723742,0.34609879371546776,-0.7925911522941822,0.5641161190704513,3,uncertain,uncertain,False,False
2024-2024123020gm-00a9-0000-d4b5e627-01-s3-d3,2024,2024123020gm-00a9-0000-d4b5e627,1,3,3,38,38,35,57,23,0.627327561378479,0.2922839820384979,0.0739545002579689,0.003697831416502595,0.3350435793399811,0.5533730611205101,0.6236297299619764,0.7637429597725002,0.8864103555679321,0.9972638750914484,True,True,20_50,64,-0.5738265949185006,-0.6335027564200573,-0.5063703778432682,-0.576365546672605,2.1464861788098584,2.012663427491314,1.5843553685382676,1.474794289319603,0.2683107723512323,0.2515829284364143,0.19804442106728345,0.1843492861649504,-0.059676161501556635,0.6572254961305225,0.08215318701631531,-0.22069640805353463,0.10134408505042136,0.06745621707523242,1.5372538996303466,0.19215673745379333,-0.3091709883342025,0.4440834224846673,-0.002538951754104346,2.012383688631025,0.2515479610788781,-0.49557295546870545,0.49049505196049675,3,uncertain,uncertain,False,False
2025-2025123119gm-00a9-0000-4c392a7b-06-s0-d21,2025,2025123119gm-00a9-0000-4c392a7b,6,0,21,29,9,29,35,2,0.6574479341506958,0.3109648823738098,0.02417347952723503,0.0022598577197641134,0.346483051776886,0.6332744546234608,0.6551880764309317,0.7486855859216281,0.7770028710365295,0.9948461537715048,False,True,20_50,64,-0.7292140242061578,-0.6589994385140017,6.101834933768259,0.05300904207979329,1.7657089525528775,1.719607013845925,1.4897406749004167,3.0839085975084495,0.2207136190691097,0.21495087673074062,0.1862175843625521,0.3854885746885562,0.0702145856921561,0.8063913902011174,0.10079892377513967,-0.12735130490711766,0.26778047629142987,6.831048957974417,1.9346611043244728,0.2418326380405591,6.357056987414921,7.305040928533913,0.7822230662859511,2.765332290593401,0.3456665363241751,0.10471665509056793,1.4597294774813343,3,uncertain,uncertain,False,False
2025-2025011217gm-00a9-0000-dafeed52-08-s1-d10,2025,2025011217gm-00a9-0000-dafeed52,8,1,10,9,30,9,67,41,0.6771697402000427,0.32162362337112427,0.0008427540888078511,0.00030135936685837805,0.35554611682891846,0.6763269861112349,0.6768683808331843,0.7445399752000661,0.6378543972969055,0.9999374770268332,False,True,20_50,64,-2.4903313565882854,-2.615155868617876,-5.3775505382800475,-4.888720841136092,4.374665654888216,4.45090260359766,4.099223419255296,4.048196185273808,0.546833206861027,0.5563628254497075,0.512402927406912,0.506024523159226,-0.12482451202959055,0.968827482071329,0.12110343525891612,-0.3621872451370661,0.11253822107788505,-2.887219181691762,5.062967033138141,0.6328708791422676,-4.127646104810607,-1.6467922585729176,-2.398389484547806,4.105647751552437,0.5132059689440547,-3.4042731836781535,-1.392505785417459,1,keep_top1,keep_top1,False,False
2024-2024092220gm-00a9-0000-bb3aa554-02-s1-d1,2024,2024092220gm-00a9-0000-bb3aa554,2,1,1,1,1,17,15,30,0.6152088046073914,0.25837644934654236,0.12367676943540573,0.0017891726456582546,0.356832355260849,0.4915320351719856,0.6134196319617331,0.8675441024144082,0.926371693611145,0.9990511960349977,True,True,20_50,64,-2.144505636446411,-2.5124646939948434,-2.572811760168406,-3.1990876106137875,3.7816346933646923,3.4322232698004735,3.3844508551409582,3.027309950974184,0.47270433667058653,0.4290279087250592,0.4230563568926198,0.378413743871773,-0.3679590575484326,3.2750038669975736,0.4093754833746967,-1.1703350049628383,0.43441688986597293,-0.4283061237219954,3.417352876006679,0.42716910950083486,-1.2655575783436317,0.4089453308996409,-1.0545819741673768,4.098795456072374,0.5123494320090467,-2.0587868609051085,-0.050377087429645195,1,keep_top1,keep_top1,False,False
2025-2025041222gm-00a9-0000-8add91ad-00-s1-d1,2025,2025041222gm-00a9-0000-8add91ad,0,1,1,39,67,61,39,9,0.5855692625045776,0.22580157220363617,0.17978277802467346,0.0028987100813537836,0.35976769030094147,0.4057864844799042,0.5826705524232239,0.9529278578706935,1.0126657485961914,0.994052322814241,False,True,20_50,64,-0.6171243076678365,-0.6139921097783372,-0.4190397406928241,-0.9301479676796589,1.6519488675065195,1.6626774704547984,1.9190377813713049,0.9130845680805066,0.20649360843831494,0.2078346838068498,0.2398797226714131,0.11413557101006333,0.0031321978894993663,1.1608373468019715,0.14510466835024644,-0.28127295207698366,0.2875373478559824,0.19808456697501242,1.4967036096461752,0.1870879512057719,-0.1686078173883005,0.5647769513383254,-0.31302366001182236,1.4724850055385912,0.1840606256923239,-0.6737824863687771,0.047735166345132474,3,uncertain,uncertain,False,False
2025-2025011200gm-00a9-0000-18c17918-16-s1-d6,2025,2025011200gm-00a9-0000-18c17918,16,1,6,3,3,67,47,39,0.6007213592529297,0.239585742354393,0.1522953063249588,0.003960005007684231,0.3611356168985367,0.4484260529279709,0.5967613542452455,0.9192198400580486,0.9812782406806946,0.9965624129399657,True,True,20_50,64,-0.14624008160453172,-0.747549128898001,0.2889273410785904,-1.9169790222636038,5.081109639901534,5.059603334232276,4.588609648802902,4.079457294766982,0.6351387049876918,0.6324504167790345,0.5735762061003628,0.5099321618458728,-0.6013090472934692,4.940814829511566,0.6176018536889457,-1.8118086805238027,0.6091905859368643,0.43516742268312214,5.267405122949317,0.6584256403686646,-0.8553468324394604,1.7256816778057047,-1.7707389406590721,4.350968834126495,0.5438711042658119,-2.836726305020063,-0.7047515762980809,3,uncertain,uncertain,False,False
2024-2024100103gm-00a9-0000-6b5f32dc-02-s0-d10,2024,2024100103gm-00a9-0000-6b5f32dc,2,0,10,11,20,21,43,39,0.556533932685852,0.1936294436454773,0.11948314309120178,0.06388431787490845,0.36290448904037476,0.43705078959465027,0.4926496148109436,1.0557818958090415,1.2924487590789795,0.9335308372974396,False,False,20_50,64,-6.040319439431187,-5.977705819532275,-6.243914523744024,-6.111958476249129,1.5938534664633313,1.7896590729133972,1.3036326637137943,1.452836131789751,0.1992316833079164,0.22370738411417465,0.16295408296422428,0.18160451647371886,0.06261361989891157,1.726185942756106,0.21577324284451324,-0.3603019360763344,0.4855291758741575,-0.20359508431283757,1.904890498411231,0.23811131230140387,-0.6702932564235891,0.26310308779791397,-0.07163903681794181,1.8733668282830014,0.23417085353537517,-0.5306139097472771,0.3873358361113935,2,uncertain,uncertain,False,False
2024-2024091915gm-00a9-0000-7030187d-00-s3-d11,2024,2024091915gm-00a9-0000-7030187d,0,3,11,61,61,53,67,65,0.6023435592651367,0.2347595989704132,0.16287286579608917,9.54246297624195e-06,0.3675839602947235,0.43947069346904755,0.6023340168021605,0.9422659715420509,0.9414207935333252,0.9999855664946153,True,True,20_50,64,1.5510229568462819,1.5371521139750257,1.5265278574079275,-0.35254589072428644,2.739943331761789,2.7057879208325915,2.669769726411957,1.455168206085185,0.3424929164702236,0.33822349010407393,0.3337212158014946,0.18189602576064812,-0.013870842871256173,2.094825359816611,0.26185316997707636,-0.5271030560263258,0.49936137028381344,-0.024495099438354373,2.4984079053497137,0.3123009881687142,-0.6366050362490342,0.5876148373723254,-1.9035688475705683,2.7747741089907967,0.3468467636238496,-2.5833885042733136,-1.223749190867823,1,keep_top1,keep_top1,False,False
2024-2024100200gm-00a9-0000-0aacab28-05-s2-d15,2024,2024100200gm-00a9-0000-0aacab28,5,2,15,15,35,60,15,9,0.5854425430297852,0.20566394925117493,0.1833065152168274,0.02523849345743656,0.37977859377861023,0.40213602781295776,0.5602040495723486,1.0461245226209486,1.04572331905365,0.999651500955224,False,True,20_50,64,5.247623881423351,5.2445088871900225,5.249674171265951,4.831104511031299,1.307439315010727,1.4840188396557763,1.429790316715356,0.8375865548205851,0.16342991437634088,0.18550235495697204,0.1787237895894195,0.10469831935257314,-0.0031149942333286162,0.5811180780382404,0.07263975975478006,-0.14548892335269753,0.1392589348860403,0.0020502898426002503,0.506445460100536,0.063305682512567,-0.12202884788203108,0.12612942756723158,-0.4165193703920522,1.3158753905002136,0.1644844238125267,-0.7389088410646045,-0.09412989971949987,3,uncertain,uncertain,False,False
2024-2024092313gm-00a9-0000-324a20ee-01-s0-d8,2024,2024092313gm-00a9-0000-324a20ee,1,0,8,26,21,26,29,33,0.6532045602798462,0.27099475264549255,0.04987107589840889,0.025476256385445595,0.38220980763435364,0.6033334843814373,0.6277283038944006,0.879790884756422,0.878887414932251,0.9995466452091932,False,True,20_50,64,-0.7588285024976358,-0.6579690095968544,-0.9956637085415423,-1.1392937119817361,1.9904429965441874,2.3910475399624023,2.550209432943423,2.057838575662857,0.24880537456802343,0.2988809424953003,0.3187761791179279,0.25722982195785715,0.10085949290078133,2.548274639054849,0.31853432988185615,-0.5234677936676567,0.7251867794692194,-0.2368352060439065,2.8921114025397947,0.36151392531747434,-0.9454024996661562,0.4717320875783432,-0.38046520948410034,2.571074792597205,0.32138434907465063,-1.0103785336704156,0.24944811470221484,2,uncertain,uncertain,False,False
2025-2025011023gm-00a9-0000-6d5806f0-01-s0-d16,2025,2025011023gm-00a9-0000-6d5806f0,1,0,16,17,17,56,15,3,0.6932227611541748,0.30591481924057007,0.0004581209796015173,0.00011736198212020099,0.38730794191360474,0.6927646401745733,0.6931053991720546,0.8180446974987431,0.6238035559654236,0.9997130633564666,True,True,20_50,64,1.0125800458918093,1.00671825655445,-0.12901985610369593,0.1983354992553359,2.523738501206573,2.616846967635072,1.780421004157771,2.037464683930892,0.3154673126508216,0.327105870954384,0.22255262551972138,0.2546830854913615,-0.005861789337359369,1.333963794830374,0.16674547435379675,-0.332682919070801,0.32095934039608226,-1.1415999019955052,3.0807678681694997,0.38509598352118746,-1.8963880296970326,-0.38681177429397784,-0.8142445466364734,2.2470536369522662,0.2808817046190333,-1.3647726876897786,-0.2637164055831682,1,keep_top1,keep_top1,False,False
2025-2025123119gm-00a9-0000-4c392a7b-04-s0-d7,2025,2025123119gm-00a9-0000-4c392a7b,4,0,7,57,34,57,55,49,0.6161745190620422,0.22149015963077545,0.13317511975765228,0.028440888971090317,0.3946843594312668,0.48299939930438995,0.5877336300909519,1.0231520711222624,1.00779128074646,0.9992806874215603,False,True,20_50,64,-4.065102570777526,-4.240525534500193,-4.018236801239254,-4.427646872871264,3.1029406455418176,2.587523287517112,2.8562479670713143,2.462031630413075,0.3878675806927272,0.323440410939639,0.3570309958839143,0.3077539538016344,-0.1754229637226672,3.6726833649326136,0.4590854206165767,-1.0752303881311573,0.7243844606858231,0.04686576953827171,3.263256881122235,0.40790711014027936,-0.7526321663366758,0.8463637054132193,-0.3625443020937382,3.869890424846141,0.48373630310576765,-1.3106674561810427,0.5855788519935664,3,uncertain,uncertain,False,False
2025-2025011223gm-00a9-0000-7704598d-03-s0-d9,2025,2025011223gm-00a9-0000-7704598d,3,0,9,65,65,1,53,7,0.6513969898223877,0.2527867257595062,0.07551294565200806,0.014507828280329704,0.39861026406288147,0.5758840441703796,0.636889161542058,0.9465731197107399,0.9195873737335205,0.9942044895142317,True,True,20_50,64,-1.040026177361142,-0.8924510455108248,-0.7573124537593685,-1.4191324761486612,2.2362706558431564,2.4046642773455713,2.7577854868136864,2.031480055570679,0.27953383198039455,0.3005830346681964,0.3447231858517108,0.25393500694633486,0.14757513185031712,2.5049722291870986,0.3131215286483873,-0.466143064300522,0.7612933280011562,0.2827137236017734,2.042601488643244,0.2553251860804055,-0.21772364111582143,0.7831510883193682,-0.37910629878751934,2.3464098661523707,0.29330123326904634,-0.9539767159948501,0.19576411841981145,3,uncertain,uncertain,False,False
2025-2025011014gm-00a9-0000-9ea4d5cd-06-s0-d14,2025,2025011014gm-00a9-0000-9ea4d5cd,6,0,14,27,27,67,31,29,0.6122787594795227,0.20916292071342468,0.07521922886371613,0.036593206226825714,0.403115838766098,0.5370595306158066,0.575685553252697,1.074074194916509,1.2138216495513916,0.9332541152834892,True,True,20_50,64,-1.8633920430438593,-1.6002418918069452,-1.8446455334778875,-1.8467247702647,0.8972119500643827,1.1908540968133947,1.0068668319544227,0.8002507119369344,0.11215149375804784,0.14885676210167434,0.12585835399430284,0.1000313389921168,0.2631501512369141,0.8885253753478295,0.11106567191847869,0.04546143427669588,0.4808388681971323,0.018746509565971792,0.8712232806654252,0.10890291008317815,-0.19470319419705737,0.23219621332900095,0.016667272779159248,0.7236649068995321,0.09045811336244151,-0.1606306294112261,0.1939651749695446,2,override_top2,override_top2,False,False
2024-2024092523gm-00a9-0000-e7bdeed7-10-s2-d9,2024,2024092523gm-00a9-0000-e7bdeed7,10,2,9,44,44,13,17,73,0.6976971626281738,0.2937612533569336,0.007081860210746527,0.0013720199931412935,0.40393590927124023,0.6906153024174273,0.6963251426350325,0.8650177701616326,0.6560670137405396,0.9999122961889952,True,True,20_50,64,4.8173540055442885,4.987869712441679,4.187158185214713,3.844070553098277,1.8439296126813975,2.26098997208063,1.9381883256648975,1.854911736840218,0.2304912015851747,0.28262374651007877,0.2422735407081122,0.23186396710502724,0.17051570689739037,1.7046303166007981,0.21307878957509976,-0.24711872066980517,0.5881501344645859,-0.6301958203295754,2.360156407770101,0.29501955097126265,-1.2084341402332504,-0.05195750042590064,-0.9732834524460117,2.382258766596995,0.2977823458246244,-1.5569368502622756,-0.38963005462974787,2,uncertain,uncertain,False,False
2024-2024092905gm-00a9-0000-4f383722-00-s3-d1,2024,2024092905gm-00a9-0000-4f383722,0,3,1,1,1,55,65,17,0.6988804936408997,0.2815172076225281,0.018419036641716957,0.0006833334336988628,0.4173632860183716,0.6804614569991827,0.6981971602072008,0.9092861859745198,0.6900531649589539,0.9995000713388436,True,True,20_50,64,0.12732347869314253,0.04839272517710924,-0.024885105318389833,0.07291677186731249,2.238183561818737,2.3308723268989477,2.2342325695341825,2.3030350636406527,0.27977294522734214,0.29135904086236847,0.2792790711917728,0.2878793829550816,-0.07893075351603329,1.266807557909396,0.1583509447386745,-0.3892986052038353,0.23143709817176872,-0.15220858401153237,1.9209912403210176,0.2401239050401272,-0.6228514378901817,0.3184342698671169,-0.05440670682583004,2.17025946601762,0.2712824332522025,-0.5861202760001469,0.47730686234848685,1,keep_top1,keep_top1,False,False
2024-2024092101gm-00a9-0000-89973dff-00-s0-d18,2024,2024092101gm-00a9-0000-89973dff,0,0,18,2,2,5,7,13,0.6927715539932251,0.2655036151409149,0.03983253985643387,0.001815384952351451,0.4272679388523102,0.6529390141367912,0.6909561690408736,0.9590718399874067,0.7469459772109985,0.9999230939429253,True,True,20_50,64,1.9179687312571332,1.8654260756156873,1.2871540416090284,1.24878448821255,2.3995014920559097,1.9983684751902004,1.8663472571914708,1.9586932861806683,0.2999376865069887,0.24979605939877506,0.23329340714893385,0.24483666077258354,-0.05254265564144589,3.0240998540016566,0.3780124817502071,-0.7934471198718518,0.68836180858896,-0.6308146896481048,2.3297923299061214,0.2912240412382652,-1.2016138104751044,-0.06001556882110515,-0.6691842430445831,2.5089049599097475,0.31361311998871844,-1.2838659582224712,-0.05450252786669496,1,keep_top1,keep_top1,False,False
2025-2025122819gm-00a9-0000-ec66618b-01-s1-d3,2025,2025122819gm-00a9-0000-ec66618b,1,1,3,17,65,3,17,25,0.7018502354621887,0.2646144926548004,0.030886821448802948,0.0015307391295209527,0.4372357428073883,0.6709634140133858,0.7003194963326678,0.9754460193492387,0.7262886762619019,0.998882288695313,False,True,20_50,64,-0.9936750938650221,-1.018139012157917,-0.9023521485505626,-1.1222970968810841,1.8198321802307549,1.7972667226434136,1.9482574464831843,1.8140711756492456,0.22747902252884436,0.2246583403304267,0.24353218081039804,0.2267588969561557,-0.02446391829289496,1.4939978745462534,0.18674973431828168,-0.390493397556727,0.3415655609709371,0.0913229453144595,2.020477481294945,0.2525596851618681,-0.403694037602802,0.586339928231721,-0.12862200301606208,2.187215510789163,0.2734019388486454,-0.664489803159407,0.4072457971272828,3,uncertain,uncertain,False,False
2024-2024122023gm-00a9-0000-df6602c9-00-s2-d5,2024,2024122023gm-00a9-0000-df6602c9,0,2,5,1,1,16,19,17,0.6985827088356018,0.25662490725517273,0.024653369560837746,0.011015033349394798,0.4419578015804291,0.6739293392747641,0.687567675486207,1.0014380669637786,0.7901836037635803,0.9908760190010071,True,True,20_50,64,0.17315211868844926,-0.042658833554014564,0.5233540744520724,0.2789967351127416,1.0540546400575903,1.0257262358856098,2.0245975206270805,1.4940281439679652,0.1317568300071988,0.12821577948570123,0.25307469007838507,0.18675351799599565,-0.21581095224246383,1.209492258302468,0.1511865322878085,-0.5121365555265684,0.08051465104164085,0.3502019557636231,2.093307493102158,0.26166343663776975,-0.16265838004640554,0.8630622915736518,0.10584461642429233,1.3381944953442657,0.1672743119180332,-0.22201303493505276,0.4337022677836374,3,uncertain,override_top3,False,False
2024-2024092013gm-00a9-0000-9cd6d54a-02-s3-d1,2024,2024092013gm-00a9-0000-9cd6d54a,2,3,1,61,61,19,1,66,0.6753758788108826,0.2269178032875061,0.08579806238412857,0.01070889551192522,0.44845807552337646,0.589577816426754,0.6646669832989573,1.0906815415302233,0.8703711032867432,0.9988006399944425,True,True,20_50,64,-5.315768869331805,-5.228199664357817,-5.265051675931318,-4.966307496011723,1.2396461584421343,1.2849857621567111,1.293150655826022,0.9491085301675972,0.1549557698052668,0.1606232202695889,0.16164383197825274,0.11863856627094965,0.08756920497398823,1.1504155658486235,0.14380194573107793,-0.1942826086589245,0.36942101860690096,0.050717193400487304,1.0206068898201224,0.1275758612275153,-0.1993314946054427,0.3007658814064173,0.3494613733200822,1.379744723410626,0.17246809042632824,0.011423916084478847,0.6874988305556855,4,override_top4,override_top4,False,False
2024-2024122622gm-00a9-0000-5e56ec3a-08-s1-d1,2024,2024122622gm-00a9-0000-5e56ec3a,8,1,1,51,3,51,39,45,0.7096642255783081,0.2490227222442627,0.038441408425569534,0.002373172203078866,0.4606415033340454,0.6712228171527386,0.7072910533752292,1.0472477901575834,0.7334956526756287,0.9995015284512192,False,True,20_50,64,1.485955713014846,1.3764518673197017,1.3492311515183246,1.397782629399444,1.7112939493500425,1.886545758730397,2.241102702403708,1.853896759665665,0.21391174366875532,0.23581821984129964,0.2801378378004635,0.23173709495820813,-0.10950384569514426,1.479110571139046,0.18488882139238075,-0.47188593562421055,0.252878244233922,-0.13672456149652135,1.9368437344472522,0.24210546680590653,-0.6112512764360981,0.3378021534430554,-0.08817308361540199,2.16326487509849,0.27040810938731125,-0.618172978014532,0.441826810783728,1,keep_top1,keep_top1,False,False
2025-2025041216gm-00a9-0000-3d010e8a-08-s0-d1,2025,2025041216gm-00a9-0000-3d010e8a,8,0,1,47,1,59,61,47,0.6869763731956482,0.21646709740161896,0.06801354885101318,0.016567541286349297,0.47050927579402924,0.618962824344635,0.6704088319092989,1.1548613395153382,0.9116392731666565,0.9880245607346296,False,True,20_50,64,-6.001538390886026,-6.169180247153463,-6.110464358235845,-6.092868757426459,1.131413955845157,1.3392001984529658,1.4351279808288346,1.3679125216151462,0.14142674448064463,0.16740002480662072,0.17939099760360433,0.17098906520189328,-0.1676418562674371,1.2128943356749462,0.15161179195936828,-0.4648009685077989,0.12951725597292468,-0.10892596734981908,1.2856936095871254,0.16071170119839068,-0.4239209016986648,0.20606896699902666,-0.0913303665404328,1.6105066879018057,0.20131333598772572,-0.4859045050763752,0.3032437719955096,1,keep_top1,keep_top1,False,False
2025-2025011200gm-00a9-0000-18c17918-01-s0-d4,2025,2025011200gm-00a9-0000-18c17918,1,0,4,60,60,67,11,1,0.7347393035888672,0.26006725430488586,0.004540934693068266,0.0005026111612096429,0.4746720492839813,0.7301983688957989,0.7342366924276575,1.0385754793315645,0.606563150882721,0.999850103748031,True,True,20_50,64,5.243265253557183,5.031315149186412,4.457168516310048,4.991967570353154,1.4017506708495135,1.329735450800395,1.6520380236086576,1.7819797367677304,0.1752188338561892,0.16621693135004936,0.2065047529510822,0.2227474670959663,-0.21195010437077144,1.4401759282213524,0.18002199102766905,-0.5647932067850028,0.1408929980434599,-0.786096737247135,1.651383411484968,0.206422926435621,-1.190685673060952,-0.3815078014333179,-0.25129768320402945,1.817797431043776,0.227224678880472,-0.6966580538097545,0.19406268740169563,1,keep_top1,keep_top1,False,False
2024-2024092313gm-00a9-0000-324a20ee-09-s3-d11,2024,2024092313gm-00a9-0000-324a20ee,9,3,11,17,17,75,11,53,0.6886651515960693,0.21050739288330078,0.04165882617235184,0.0358663871884346,0.47815775871276855,0.6470063254237175,0.6527987644076347,1.1852343879118719,0.9558455944061279,0.9766977578401566,True,True,20_50,64,1.4153939850898496,1.2845722683625809,0.6763626700039822,0.8765467050998268,3.3365459679545446,3.8721031545592584,3.796192546105906,3.148711073572228,0.4170682459943181,0.4840128943199073,0.47452406826323823,0.3935888841965285,-0.13082171672726872,3.256543909964306,0.40706798874553823,-0.9286749746685237,0.6670315412139862,-0.7390313150858674,2.118861861963445,0.2648577327454306,-1.2581524712669114,-0.21991015890482335,-0.5388472799900228,3.9820421589917836,0.49775526987397295,-1.51444760894301,0.4367530489629642,1,keep_top1,keep_top1,False,False
2024-2024100216gm-00a9-0000-2cbf5f5f-04-s2-d9,2024,2024100216gm-00a9-0000-2cbf5f5f,4,2,9,11,11,61,3,29,0.7412804961204529,0.24630506336688995,0.006314815487712622,0.003541860030964017,0.4949754327535629,0.7349656806327403,0.7377386360894889,1.101808228306465,0.6372852325439453,0.9974422350060195,True,True,20_50,64,-1.662541691068327,-1.8428827053285204,-2.170487600567867,-2.078194625239121,1.3819253132578138,1.5170490572747082,1.4009034220120544,0.9853254215939613,0.17274066415722672,0.18963113215933852,0.1751129277515068,0.12316567769924516,-0.18034101426019333,1.4124558013971007,0.1765569751746376,-0.526392685602483,0.1657106570820963,-0.50794590949954,2.1326578033691392,0.2665822254211424,-1.0304470713249791,0.01455525232589916,-0.41565293417079374,1.7900652659764265,0.2237581582470533,-0.8542189243350182,0.022913055993430742,1,keep_top1,keep_top1,False,False
2025-2025040820gm-00a9-0000-57062ba3-04-s2-d3,2025,2025040820gm-00a9-0000-57062ba3,4,2,3,0,0,154,-1,-1,0.7494833469390869,0.2505166530609131,0.0,0.0,0.49896669387817383,0.7494833469390869,0.7494833469390869,1.0958587008016438,0.5629020929336548,1.0,True,True,20_50,64,0.8751087705604732,-0.3332091238698922,nan,nan,3.8727716122809475,2.6515164353462133,nan,nan,0.48409645153511843,0.33143955441827666,nan,nan,-1.2083178944303654,4.71546970079317,0.5894337125991462,-2.363607971124692,-0.05302781773603882,nan,nan,nan,nan,nan,nan,nan,nan,nan,nan,1,keep_top1,keep_top1,False,False
2024-2024100200gm-00a9-0000-0aacab28-06-s0-d0,2024,2024100200gm-00a9-0000-0aacab28,6,0,0,110,110,0,-1,-1,0.7497678399085999,0.2502322196960449,0.0,0.0,0.49953562021255493,0.7497678399085999,0.7497678399085999,1.0973742463168334,0.5625901222229004,1.0000000596046448,True,True,20_50,64,3.3674603262043092,2.7420239899583976,nan,nan,2.5729311128387553,3.048073314670933,nan,nan,0.3216163891048444,0.3810091643338666,nan,nan,-0.6254363362459117,3.822111190717262,0.47776389883965775,-1.561853577971641,0.3109809054798175,nan,nan,nan,nan,nan,nan,nan,nan,nan,nan,1,keep_top1,keep_top1,False,False
2024-2024092013gm-00a9-0000-9cd6d54a-09-s2-d7,2024,2024092013gm-00a9-0000-9cd6d54a,9,2,7,17,17,65,37,41,0.7480005621910095,0.24534350633621216,0.002768439007923007,0.00234125554561615,0.5026570558547974,0.7452321231830865,0.7456593066453934,1.1147444343210364,0.60511314868927,0.9984537630807608,True,True,50_70,64,9.93040525365291,9.930273738846413,9.922574797869906,9.929895545466074,0.45060048995320723,0.4505842727111724,0.5143255858403458,0.4505359724583906,0.056325061244150904,0.05632303408889655,0.06429069823004323,0.056316996557298826,-0.0001315148064967575,0.0018162510501762413,0.00022703138127203016,-0.0005764963137899367,0.0003134667007964216,-0.007830455783003537,0.6887833572036188,0.08609791965045235,-0.17658237829789014,0.16092146673188307,-0.0005097081868356557,0.005758430132272682,0.0007198037665340852,-0.0019205235692424626,0.0009011071955711512,1,keep_top1,keep_top1,False,False
2024-2024091920gm-00a9-0000-49049014-03-s1-d0,2024,2024091920gm-00a9-0000-49049014,3,1,0,1,1,37,68,63,0.6775524020195007,0.16845573484897614,0.11639424413442612,0.036970432847738266,0.5090966671705246,0.5611581578850746,0.6405819691717625,1.3918138818296473,0.9417603611946106,0.9993728138506413,True,True,50_70,64,9.05624337849315,9.087575000622223,9.03048993893799,9.063640302626027,0.6776222347670632,0.5387344454740954,0.6921359657352458,0.6690522333276008,0.0847027793458829,0.06734180568426193,0.08651699571690573,0.0836315291659501,0.031331622129073367,0.5295615566486412,0.06619519458108016,-0.09841095924984372,0.16107420350799045,-0.025753439555160185,0.6959038944772961,0.08698798680966201,-0.19624989370209772,0.14474301459177735,0.007396924132876848,0.7637490291043332,0.09546862863804165,-0.17972158799768478,0.19451543626343848,2,uncertain,uncertain,False,False
2025-2025041216gm-00a9-0000-e52dffef-07-s3-d2,2025,2025041216gm-00a9-0000-e52dffef,7,3,2,161,161,0,-1,-1,0.7552650570869446,0.2447349578142166,0.0,0.0,0.510530099272728,0.7552650570869446,0.7552650570869446,1.1268929364964733,0.5564765930175781,1.0000000149011612,True,True,50_70,64,8.947854071090763,9.297577323632224,nan,nan,2.1699822482563285,1.3546096894457236,nan,nan,0.27124778103204106,0.16932621118071545,nan,nan,0.34972325254145975,2.379284212470282,0.29741052655878525,-0.2332013795137593,0.9326478845966788,nan,nan,nan,nan,nan,nan,nan,nan,nan,nan,2,uncertain,uncertain,False,False
2025-2025040820gm-00a9-0000-57062ba3-01-s3-d4,2025,2025040820gm-00a9-0000-57062ba3,1,3,4,44,51,39,3,44,0.7255270481109619,0.21187350153923035,0.031619295477867126,0.022356366738677025,0.5136535465717316,0.6939077526330948,0.7031706813722849,1.2309089479283082,0.8064846992492676,0.9913762118667364,False,True,50_70,64,0.19550890621030703,-0.26585631107445806,-0.1939499870641157,-0.43818991200532764,2.5390967743921005,2.126368797831226,2.477224177727374,2.1413653478965027,0.31738709679901256,0.2657960997289032,0.3096530222159217,0.26767066848706283,-0.4613652172847651,2.5439188370112262,0.3179898546264033,-1.0846253323525155,0.16189489778298527,-0.38945889327442273,2.587983154298233,0.3234978942872791,-1.0235147660774897,0.24459697952864423,-0.6336988182156347,2.506984244643886,0.31337303058048577,-1.2479099581533868,-0.01948767827788256,1,keep_top1,keep_top1,False,False
2024-2024122023gm-00a9-0000-df6602c9-02-s2-d15,2024,2024122023gm-00a9-0000-df6602c9,2,2,15,59,47,59,13,23,0.7497093677520752,0.2287604957818985,0.014241086319088936,0.004955020733177662,0.5209488719701767,0.7354682814329863,0.7447543470188975,1.187010035462599,0.6566956639289856,0.9976659705862403,False,True,50_70,64,0.6601817364571616,0.9121669888554607,0.9629589449905325,1.4192162061226554,1.3512368373818295,1.948261541587431,1.9733166702508902,1.8022245559505763,0.1689046046727287,0.24353269269842887,0.24666458378136127,0.22527806949382204,0.25198525239829905,1.6980619865880484,0.21225774832350605,-0.1640399343157728,0.6680104391123709,0.30277720853337087,1.7210841846613918,0.21513552308267397,-0.11888841670867012,0.7244428337754119,0.7590344696654938,1.7150335574512245,0.21437919468140307,0.3388512480899438,1.179217691241044,4,override_top4,uncertain,False,False
2024-2024091915gm-00a9-0000-7030187d-09-s1-d1,2024,2024091915gm-00a9-0000-7030187d,9,1,1,55,55,60,57,25,0.7369508147239685,0.20906184613704681,0.031081954017281532,0.006100448314100504,0.5278889685869217,0.705868860706687,0.730850366409868,1.2598910300950226,0.7847626209259033,0.9831950631923974,True,True,50_70,64,9.32063619300434,9.569240577408666,9.5913664331511,9.51156260296163,2.5242399028125724,0.920091969690297,1.0348122286242591,1.0070712666715003,0.31552998785157155,0.11501149621128713,0.1293515285780324,0.12588390833393753,0.2486043844043253,2.3907609222409265,0.2988451152801158,-0.33713204154470167,0.8343408103533523,0.2707302401467597,2.707418974037393,0.33842737175467413,-0.3925874084924016,0.934047888785921,0.1909264099572906,2.503809231487355,0.3129761539359194,-0.42250685175711133,0.8043596716716925,3,uncertain,uncertain,False,False
2025-2025122620gm-00a9-0000-0e700f01-05-s1-d4,2025,2025122620gm-00a9-0000-0e700f01,5,1,4,39,39,51,29,11,0.7110123038291931,0.18014129996299744,0.09369467943906784,0.008321927860379219,0.5308710038661957,0.6173176243901253,0.7026903759688139,1.3729481918837625,0.8502820730209351,0.9931702110916376,True,True,50_70,64,2.0819578224472934,2.0115159812485217,2.6433893169814837,1.9925315506843617,3.483096674556418,3.250700271693578,3.359703562741627,3.300827166743741,0.43538708431955225,0.40633753396169725,0.4199629453427034,0.4126033958429676,-0.07044184119877173,2.9546354749531227,0.36932943436914034,-0.7943275325622868,0.6534438501647434,0.5614314945341903,3.047008949456728,0.380876118682091,-0.18508569808270803,1.3079486871510886,-0.08942627176293172,3.8530930321320653,0.48163662901650817,-1.0334340646352878,0.8545815211094243,3,uncertain,override_top3,False,False
2025-2025040817gm-00a9-0000-b8b0f594-01-s3-d7,2025,2025040817gm-00a9-0000-b8b0f594,1,3,7,1,1,7,21,49,0.6931701898574829,0.15630383789539337,0.09533806890249252,0.0511445514857769,0.5368663519620895,0.5978321209549904,0.642025638371706,1.4894737614499773,0.9434149861335754,0.9959566481411457,True,True,50_70,64,-0.7178068704670295,-1.1431558993645012,-0.8839221365051344,-1.146911711373832,2.4974699165689778,2.313652508405673,2.5174513150631377,2.202209400708427,0.3121837395711222,0.2892065635507091,0.3146814143828922,0.2752761750885534,-0.4253490288974717,2.1737228307544383,0.2717153538443048,-0.9579111224323091,0.10721306463736568,-0.1661152660381049,2.498904402345137,0.31236305029314215,-0.7783468446126635,0.4461163125364537,-0.42910484090680256,2.3930415283545825,0.2991301910443228,-1.0154000153536753,0.15719033354007017,1,keep_top1,keep_top1,False,False
2025-2025123119gm-00a9-0000-4c392a7b-03-s0-d0,2025,2025123119gm-00a9-0000-4c392a7b,3,0,0,55,55,67,65,40,0.751833438873291,0.20008324086666107,0.031189199537038803,0.011744877323508263,0.5517501980066299,0.7206442393362522,0.7400885615497828,1.3237813242647878,0.7260323762893677,0.9948507566004992,True,True,50_70,64,-3.250419435353251,-3.339776079665171,-3.3325613335182425,-3.3581235362798907,1.999504424837041,1.8690829995245632,2.1766925900159735,1.523001141779859,0.24993805310463013,0.2336353749405704,0.2720865737519967,0.19037514272248238,-0.08935664431191981,1.3934427471118398,0.17418034338897997,-0.43075011735432056,0.25203682873048094,-0.08214189816499129,1.5381628105797822,0.19227035132247278,-0.45899178675703795,0.29470799042705537,-0.10770410092663951,2.1547812493260357,0.26934765616575446,-0.6356255070115182,0.4202173051582392,1,keep_top1,keep_top1,False,False
2025-2025041221gm-00a9-0000-d8d9d627-05-s0-d4,2025,2025041221gm-00a9-0000-d8d9d627,5,0,4,19,19,17,65,63,0.6574118137359619,0.0895162969827652,0.0873209610581398,0.08260461688041687,0.5678955167531967,0.5700908526778221,0.574807196855545,1.9938899335635587,1.2219511270523071,0.9168536886572838,True,True,50_70,64,8.27927901167277,8.378112834860985,8.20439776085368,8.321697515062624,0.798642869980481,0.5247180119426186,0.9671556875910527,0.6950603461179592,0.09983035874756012,0.06558975149282732,0.1208944609488816,0.0868825432647449,0.09883382318821532,0.6972929328312635,0.08716161660390793,-0.07200294535544424,0.2696705917318749,-0.07488125081908947,1.1923797687803603,0.14904747109754504,-0.36701429417027776,0.2172517925320988,0.04241850338985387,0.9264982883257851,0.11581228604072313,-0.18457357724996348,0.2694105840296712,2,uncertain,uncertain,False,False
2024-2024123104gm-00a9-0000-f69869df-04-s1-d7,2024,2024123104gm-00a9-0000-f69869df,4,1,7,0,0,135,-1,-1,0.7850652933120728,0.21493475139141083,0.0,0.0,0.5701305419206619,0.7850652933120728,0.7850652933120728,1.2954323903498868,0.5204218626022339,1.0000000447034836,True,True,50_70,64,0.8348175758437719,-0.03357766955741681,nan,nan,2.9720699462174984,2.425103303658635,nan,nan,0.3715087432771873,0.3031379129573294,nan,nan,-0.8683952454011887,3.3321161720081904,0.4165145215010238,-1.6847637075431954,-0.052026783259182086,nan,nan,nan,nan,nan,nan,nan,nan,nan,nan,1,keep_top1,keep_top1,False,False
2025-2025011210gm-00a9-0000-65465afe-06-s0-d14,2025,2025011210gm-00a9-0000-65465afe,6,0,14,44,44,61,57,63,0.6892723441123962,0.11601214855909348,0.08844407647848129,0.06016405671834946,0.5732601955533028,0.600828267633915,0.6291082873940468,1.7819415528066356,1.0402413606643677,0.9538926258683205,True,True,50_70,64,4.977582284307573,5.022741537482943,4.907147361373063,4.990683734009508,0.844662110838619,0.7150152811007946,0.8309624210442661,0.8666934882039333,0.10558276385482737,0.08937691013759932,0.10387030263053326,0.10833668602549167,0.045159253175370395,0.555736999131788,0.0694671248914735,-0.09099631161191765,0.18131481796265844,-0.07043492293450981,0.546922055768502,0.06836525697106274,-0.2044308265977928,0.06356098072877317,0.013101449701935053,0.4011730247722261,0.05014662809652826,-0.08518594136726033,0.11138884077113044,2,uncertain,uncertain,False,False
2025-2025011511gm-00a9-0000-da96440f-01-s2-d5,2025,2025011511gm-00a9-0000-da96440f,1,2,5,1,1,43,7,45,0.7680230140686035,0.1891603171825409,0.04068468511104584,0.0016094001475721598,0.5788626968860626,0.7273383289575577,0.7664136139210314,1.4012248043645918,0.6626067757606506,0.9994774165097624,True,True,50_70,64,0.8540810737758875,0.8594800541177392,0.8559416442876682,0.29983068839646876,1.9528264716669534,2.0596753594679718,2.236092677138635,2.074457177542176,0.24410330895836918,0.25745941993349647,0.2795115846423294,0.259307147192772,0.005398980341851711,1.804386428555885,0.22554830356948563,-0.43667569465434014,0.44747365533804356,0.0018605705117806792,1.869086022352612,0.2336357527940765,-0.45606550496460924,0.4597866459881706,-0.5542503853794187,2.6497290880462026,0.3312161360057753,-1.2034340119507383,0.09493324119190083,2,uncertain,uncertain,False,False
2025-2025122807gm-00a9-0000-c1328d8f-08-s1-d13,2025,2025122807gm-00a9-0000-c1328d8f,8,1,13,57,57,61,7,1,0.7771483063697815,0.1926957368850708,0.02950046956539154,0.000428624713094905,0.5844525694847107,0.74764783680439,0.7767196816566866,1.3945187505339465,0.6224068999290466,0.9997731375333387,True,True,50_70,64,3.388605347206976,3.3714651257450896,3.196607940379181,3.204101372828518,2.367858979345658,2.43266372194434,1.5752972480852596,2.763773084647067,0.29598237241820724,0.3040829652430425,0.19691215601065745,0.3454716355808834,-0.01714022146188654,0.7060751347389019,0.08825939184236274,-0.1901286294729175,0.15584818654914442,-0.1919974068277952,2.6681721023755753,0.3335215127969469,-0.8456995719098112,0.46170475825422075,-0.18450397437845822,3.096956280031008,0.387119535003876,-0.9432582629860552,0.5742503142291387,1,keep_top1,keep_top1,False,False
2025-2025041314gm-00a9-0000-447ba93f-10-s2-d5,2025,2025041314gm-00a9-0000-447ba93f,10,2,5,51,51,11,53,41,0.7372170686721802,0.14331963658332825,0.06402455270290375,0.03444996103644371,0.5938974320888519,0.6731925159692764,0.7027671076357365,1.637805022175728,0.8871755599975586,0.9790112189948559,True,True,50_70,64,-1.2993521786670499,-1.1798754001270026,-0.9969066938906508,-0.8534694965222798,4.967204893774033,6.026801870702421,4.891128371541982,5.5566914683097215,0.6209006117217541,0.7533502338378026,0.6113910464427478,0.6945864335387152,0.11947677854004723,7.073414162253237,0.8841767702816546,-1.613509691211996,1.8524632482920904,0.3024454847763991,2.6313107795473796,0.32891384744342245,-0.34222565621270884,0.947116625765507,0.4458826821447701,6.303608632992435,0.7879510791240544,-1.0985014329383764,1.9902667972279167,4,uncertain,uncertain,False,False
2025-2025011023gm-00a9-0000-6d5806f0-05-s0-d13,2025,2025011023gm-00a9-0000-6d5806f0,5,0,13,49,23,49,30,21,0.7790130376815796,0.17753994464874268,0.0258081816136837,0.01670687273144722,0.6014730930328369,0.7532048560678959,0.7623061649501324,1.478832158291733,0.6716020107269287,0.9990680366754532,False,True,50_70,64,2.4956086807651445,2.175902421819046,2.2801407700171694,2.891924229566939,1.5177950497677473,1.543607352918657,1.6277646478974328,1.227334424861697,0.1897243812209684,0.19295091911483211,0.2034705809871791,0.15341680310771214,-0.3197062589460984,1.3501488239364914,0.16876860299206142,-0.6504927208105388,0.011080202918341997,-0.2154679107479751,1.1475989859607267,0.14344987324509084,-0.49662966230835315,0.06569384081240293,0.39631554880179465,1.5086058537197915,0.18857573171497394,0.026707114640445728,0.7659239829631436,4,override_top4,override_top4,False,True
2025-2025040821gm-00a9-0000-b7ac449d-00-s2-d6,2025,2025040821gm-00a9-0000-b7ac449d,0,2,6,33,33,11,32,41,0.7109759449958801,0.102369524538517,0.09167588502168655,0.05485254153609276,0.6086064204573631,0.6193000599741936,0.6561234034597874,1.9380495402133675,1.0262964963912964,0.9598738960921764,True,True,50_70,64,1.0911934454925358,1.303947169566527,1.0384105877019465,1.4493088752496988,1.5217536804849023,1.331144059798948,1.424443231352194,1.4219505824855982,0.1902192100606128,0.1663930074748685,0.17805540391902425,0.17774382281069978,0.21275372407399118,1.8582606927502496,0.2322825865937812,-0.24252014564982,0.6680275937978024,-0.05278285779058933,1.0368891375154488,0.1296111421894311,-0.30682069648187427,0.2012549809006956,0.35811542975716293,1.5264182715712973,0.19080228394641216,-0.015857046777804917,0.7320879062921308,4,uncertain,override_top4,False,False
2025-2025041217gm-00a9-0000-a3087215-00-s3-d6,2025,2025041217gm-00a9-0000-a3087215,0,3,6,61,66,61,45,43,0.7484238147735596,0.13546651601791382,0.10733389109373093,0.0055030216462910175,0.6129572987556458,0.6410899236798286,0.7429207931272686,1.7092449192866361,0.7771356701850891,0.9967272435314953,False,True,50_70,64,0.10184302215930074,0.13588296913076192,0.053747937083244324,-0.37527472502551973,1.6570440847801116,1.8042692019739488,1.7562767414871019,1.3233834380708251,0.20713051059751394,0.2255336502467436,0.21953459268588774,0.16542292975885314,0.03403994697146118,0.6937509061740724,0.08671886327175905,-0.13592902504118656,0.20400891898410892,-0.04809508507605642,2.05172492637751,0.25646561579718874,-0.5507676920385464,0.4545775218864335,-0.4771177471848205,1.993723784401358,0.24921547305016975,-0.9655800743631532,0.011344579993512238,2,uncertain,uncertain,False,False
2024-2024092300gm-00a9-0000-5808ce85-02-s0-d6,2024,2024092300gm-00a9-0000-5808ce85,2,0,6,1,1,39,27,9,0.8108190298080444,0.18832120299339294,0.00046684464905411005,0.0003722241090144962,0.6224978268146515,0.8103521851589903,0.8104468056990299,1.4598958531925952,0.4912321865558624,0.999979301559506,True,True,50_70,64,-1.749473102740012,-1.759147114411462,-1.3516539168776944,-1.4200208028778434,2.6632401089266544,2.7996622554293604,2.929012656306129,2.882454966681096,0.3329050136158318,0.34995778192867005,0.36612658203826615,0.360306870835137,-0.009674011671449989,1.8686765061669306,0.23358456327086632,-0.467499755682348,0.448151732339448,0.3978191858623177,2.6738004886168047,0.3342250610771006,-0.2572619338487995,1.0529003055734347,0.32945229986216873,3.222873904362049,0.40285923804525614,-0.46015180670653333,1.1190564064308708,3,uncertain,uncertain,False,False
2025-2025011500gm-00a9-0000-30b78cb2-08-s1-d18,2025,2025011500gm-00a9-0000-30b78cb2,8,1,18,1,4,1,59,33,0.7792922258377075,0.14653082191944122,0.06861546635627747,0.004198178648948669,0.6327614039182663,0.71067675948143,0.7750940471887589,1.6711503101151883,0.6915557384490967,0.9986366927623749,False,True,50_70,64,-5.781630808698537,-5.532194120256463,-5.544481683595222,-5.772032722903532,0.8395058307935097,1.5868592604024112,1.4840376729114952,0.7114768996728098,0.10493822884918871,0.1983574075503014,0.1855047091139369,0.08893461245910123,0.24943668844207423,1.5581562299556344,0.1947695287444543,-0.13231158789705622,0.6311849647812047,0.23714912510331487,1.533992218965481,0.19174902737068514,-0.13867896854322798,0.6129772187498577,0.009598085795005318,0.9686916644094348,0.12108645805117935,-0.22773137198530619,0.24692754357531682,2,uncertain,override_top2,False,False
2025-2025041314gm-00a9-0000-447ba93f-01-s2-d0,2025,2025041314gm-00a9-0000-447ba93f,1,2,0,61,61,19,1,17,0.7548922300338745,0.10632877051830292,0.07121938467025757,0.0611221045255661,0.6485634595155716,0.6836728453636169,0.6937701255083084,1.9600390946736002,0.8503831028938293,0.9935624897480011,True,True,50_70,64,3.607532914611511,3.445412145461887,3.551187381410273,3.572600742918439,1.506414832301612,1.5892072339802306,1.5919432577848203,1.7090404526888392,0.1883018540377015,0.19865090424752882,0.19899290722310253,0.2136300565861049,-0.1621207691496238,0.9158168396544559,0.11447710495680699,-0.3864958948649655,0.0622543565657179,-0.05634553320123814,1.0968615412434903,0.1371076926554363,-0.3250766108058933,0.212385544403417,-0.03493217169307172,1.1614628913558516,0.14518286141948145,-0.3194905800752553,0.24962623668911188,1,keep_top1,keep_top1,False,False
2025-2025040821gm-00a9-0000-b7ac449d-09-s0-d6,2025,2025040821gm-00a9-0000-b7ac449d,9,0,6,14,14,9,3,75,0.7873204946517944,0.1331401914358139,0.057078659534454346,0.019154509529471397,0.6541803032159805,0.7302418351173401,0.768165985122323,1.7772327573924416,0.7149866819381714,0.9966938551515341,True,True,50_70,64,9.271460634526646,8.952899789408189,8.8891250534609,9.140022863299166,1.3112195593449294,1.3862556823475845,1.4284885227840465,1.6213282411523326,0.16390244491811617,0.17328196029344806,0.1785610653480058,0.20266603014404158,-0.318560845118457,1.1780798273172448,0.1472599784146556,-0.607190402811182,-0.029931287425732034,-0.38233558106574556,1.3156615479407119,0.16445769349258899,-0.7046726603112199,-0.059998501820271166,-0.13143777122748068,1.8275281193417983,0.22844101491772478,-0.5791821604662213,0.31630661801125987,1,keep_top1,keep_top1,False,False
2024-2024091915gm-00a9-0000-7030187d-08-s2-d2,2024,2024091915gm-00a9-0000-7030187d,8,2,2,53,21,53,5,37,0.7385432124137878,0.08018284291028976,0.07973979413509369,0.05465275049209595,0.6583603695034981,0.6588034182786942,0.6838904619216919,2.220370050835257,0.9823326468467712,0.9531185999512672,False,True,50_70,64,1.1296426429699977,1.4162340248892633,0.6855312702080312,1.1323661003111738,2.4836754870234956,2.243595895249161,2.8292819505718327,2.805739519817926,0.31045943587793695,0.28044948690614513,0.3536602438214791,0.35071743997724075,0.2865913819192656,2.2448840161639922,0.28061050202049903,-0.26340520204091256,0.8365879658794437,-0.44411137276196655,2.806198203108393,0.3507747753885491,-1.1316299325235228,0.24340718699958974,0.002723457341176072,2.6824250621173875,0.33530313276467344,-0.6544706828775838,0.659917597559936,2,uncertain,uncertain,False,False
2025-2025011102gm-00a9-0000-034cfa13-09-s3-d4,2025,2025011102gm-00a9-0000-034cfa13,9,3,4,37,67,63,15,1,0.7888923287391663,0.12760969996452332,0.03722453489899635,0.033808011561632156,0.6612826287746429,0.7516677938401699,0.7550843171775341,1.8216534595050975,0.7508350014686584,0.9875345751643181,False,False,50_70,64,-8.086583986317237,-7.958487790777156,-7.873104634735228,-7.8615841791131515,1.793546443404104,1.9293568800520744,1.9478647057596283,2.0361849793000046,0.224193305425513,0.2411696100065093,0.24348308821995354,0.2545231224125006,0.12809619554008123,1.124899210775253,0.1406124013469066,-0.14750411109985573,0.4036965021800182,0.21347935158200926,1.7124419089089729,0.2140552386136216,-0.20606891610068906,0.6330276192647075,0.2249998072040853,1.6953198439470443,0.21191498049338053,-0.19035355456294056,0.6403531689711112,4,uncertain,uncertain,False,False
2025-2025041300gm-00a9-0000-884209f2-11-s0-d11,2025,2025041300gm-00a9-0000-884209f2,11,0,11,39,39,25,14,53,0.7857266068458557,0.12200648337602615,0.06343364715576172,0.012076172977685928,0.6637201234698296,0.722292959690094,0.7736504338681698,1.8625347177347849,0.7658987641334534,0.9832429103553295,True,True,50_70,64,-8.268986287616087,-8.194077584408433,-8.029696619246764,-8.42362265241529,1.5091946064906399,1.499496431422097,1.8444117949814312,1.6066934287182768,0.18864932581132998,0.18743705392776214,0.2305514743726789,0.2008366785897846,0.07490870320765453,1.6095501328723354,0.20119376660904192,-0.3194310793460676,0.4692484857613767,0.23928966836932375,1.5846142868475377,0.1980767858559422,-0.14894083190832297,0.6275201686469705,-0.1546363647992024,1.7558519502134018,0.21948149377667522,-0.5848200926014858,0.275547363003081,3,uncertain,uncertain,False,False
2025-2025011200gm-00a9-0000-18c17918-01-s0-d2,2025,2025011200gm-00a9-0000-18c17918,1,0,2,65,65,68,19,27,0.7919225692749023,0.12529723346233368,0.07788585126399994,0.003537907497957349,0.6666253358125687,0.7140367180109024,0.788384661776945,1.843774838620683,0.6729283332824707,0.9986435614991933,True,True,50_70,64,4.689896507828962,4.732229744175129,4.771254575054627,4.694499956727668,1.8085342936450233,1.7155231102670414,1.694757062057266,1.8431025759583728,0.2260667867056279,0.21444038878338018,0.21184463275715826,0.2303878219947966,0.042333236346166814,1.400683883679783,0.17508548545997288,-0.30083431515538,0.38550078784771363,0.08135806722566485,1.6803770803616103,0.21004713504520128,-0.3303343174629296,0.49305045191425934,0.0046034488987061195,1.6422127808466325,0.20527659760582906,-0.39773868240871885,0.4069455802061311,3,uncertain,uncertain,False,False
2025-2025040821gm-00a9-0000-b7ac449d-10-s2-d9,2025,2025040821gm-00a9-0000-b7ac449d,10,2,9,0,0,133,-1,-1,0.8346341252326965,0.16536583006381989,0.0,0.0,0.6692682951688766,0.8346341252326965,0.8346341252326965,1.6188332839026267,0.44846153259277344,0.9999999552965164,True,True,50_70,64,-3.991490377208393,-4.105784441991542,nan,nan,0.08887626369009169,0.8659861084855007,nan,nan,0.011109532961261461,0.10824826356068759,nan,nan,-0.11429406478314874,0.8674932609358954,0.10843665761698693,-0.3268299137124431,0.09824178414614562,nan,nan,nan,nan,nan,nan,nan,nan,nan,nan,1,keep_top1,keep_top1,False,False
2025-2025041017gm-00a9-0000-b39f2649-06-s3-d13,2025,2025041017gm-00a9-0000-b39f2649,6,3,13,13,20,13,27,17,0.8247721791267395,0.15274836122989655,0.008720223791897297,0.006683703977614641,0.672023817896843,0.8160519553348422,0.8180884751491249,1.6863153321378634,0.5633589625358582,0.992924468126148,False,True,50_70,64,-1.9647457848768681,-2.0221435737330467,-2.074924154439941,-2.113334892084822,0.8467522173360861,0.7808679768664377,0.5742807829870519,0.4424006222513411,0.10584402716701076,0.09760849710830471,0.07178509787338148,0.055300077781417635,-0.05739778885617852,0.3623926212379374,0.04529907765474218,-0.1461839810594732,0.03138840334711615,-0.11017836956307292,0.5269713383249862,0.06587141729062328,-0.23928634745269453,0.01892960832654869,-0.14858910720795393,0.6085885827056748,0.07607357283820936,-0.29769330997084426,0.0005150955549363956,1,keep_top1,keep_top1,False,False
2025-2025011217gm-00a9-0000-dafeed52-08-s1-d2,2025,2025011217gm-00a9-0000-dafeed52,8,1,2,57,57,65,11,9,0.8116034269332886,0.12451737374067307,0.03552095964550972,0.0269387848675251,0.6870860531926155,0.7760824672877789,0.7846646420657635,1.8745665760972727,0.6543114185333252,0.9985805451869965,True,True,50_70,64,-2.4250220577349637,-2.7092398833673315,-4.4390342427549285,-4.3868766880573276,5.950780747542711,5.994362751309634,5.286235687159247,5.843402433612085,0.7438475934428389,0.7492953439137042,0.6607794608949059,0.7304253042015106,-0.28421782563236775,4.186135658195655,0.5232669572744568,-1.309821061890303,0.7413854106255675,-2.014012185019965,6.882709987671684,0.8603387484589605,-3.7002761319995274,-0.3277482380404022,-1.9618546303223638,7.229239032428848,0.903654879053606,-3.733018193267432,-0.19069106737729613,1,keep_top1,keep_top1,False,False
2024-2024092220gm-00a9-0000-bb3aa554-08-s1-d2,2024,2024092220gm-00a9-0000-bb3aa554,8,1,2,19,59,53,19,16,0.8052929043769836,0.10849879682064056,0.061098743230104446,0.019406873732805252,0.6967941075563431,0.7441941611468792,0.7858860306441784,2.004466983899469,0.6963198781013489,0.9942973181605339,False,True,50_70,64,-8.821403294543643,-8.881132009807516,-8.806955746457106,-8.655343062839165,0.9436292734313002,0.8371255341147562,1.0086824059358417,0.9703349459063675,0.11795365917891253,0.10464069176434453,0.1260853007419802,0.12129186823829594,-0.0597287152638728,0.6767700162900471,0.08459625203625588,-0.22553736925493434,0.10607993872718874,0.014447548086536699,0.886185403666258,0.11077317545828225,-0.2026678758116965,0.2315629719847699,0.1660602317044777,0.9199048420585608,0.1149881052573201,-0.0593164545998697,0.3914369180088251,4,uncertain,override_top4,False,False
2024-2024092905gm-00a9-0000-4f383722-09-s3-d17,2024,2024092905gm-00a9-0000-4f383722,9,3,17,31,31,53,47,9,0.8871638774871826,0.08172934502363205,0.025776859372854233,0.003242474514991045,0.8054345324635506,0.8613870181143284,0.8839214029721916,2.384616602429499,0.4383818507194519,0.99791255639866,True,True,ge70,64,-7.262817196683045,-7.369028848878543,nan,-7.581733221031527,1.4248969892090735,1.1944885622484622,nan,1.6380916794952103,0.17811212365113419,0.14931107028105778,nan,0.20476145993690129,-0.10621165219549766,1.6183893640423317,0.20229867050529146,-0.5027170463858689,0.29029374199487357,nan,nan,nan,nan,nan,-0.3189160243484821,2.175117810610449,0.27188972632630615,-0.8518198879480421,0.2139878392510779,1,keep_top1,keep_top1,False,False
2025-2025041311gm-00a9-0000-5f819544-00-s1-d11,2025,2025041311gm-00a9-0000-5f819544,0,1,11,28,28,33,49,59,0.9091828465461731,0.09046593308448792,0.00017801493231672794,0.00013180036330595613,0.8187169134616852,0.9090048316138564,0.9090510461828671,2.307572875432525,0.30710363388061523,0.9999585949262837,True,True,ge70,64,0.9593806152115576,0.70842669531703,0.879347279900685,0.9656336908228695,2.72601139789916,2.551825523740119,2.6629580739940972,2.356171626973582,0.340751424737395,0.31897819046751485,0.33286975924926215,0.2945214533716978,-0.25095391989452764,2.303831137359529,0.2879788921699411,-0.8153925485476122,0.31348470875855694,-0.08003333531087264,2.9276628269650478,0.36595785337063097,-0.7973107279173093,0.637244057295564,0.006253075611311942,3.1181456135690895,0.3897682016961362,-0.757692599713115,0.7701987509357389,4,uncertain,uncertain,False,False
2025-2025040815gm-00a9-0000-3be4a59c-09-s1-d5,2025,2025040815gm-00a9-0000-3be4a59c,9,1,5,54,54,59,25,29,0.9035929441452026,0.0703040212392807,0.02297208644449711,0.002276221988722682,0.8332889229059219,0.8806208577007055,0.90131672215648,2.5535499776506687,0.3856853246688843,0.9991452738177031,True,True,ge70,64,9.599024457271259,9.728674307690024,9.52680288297766,9.250067399568827,1.90177927492852,0.9411286113611794,1.805522672926386,2.182917111771716,0.237722409366065,0.11764107642014743,0.22569033411579825,0.2728646389714645,0.1296498504187653,2.087320290781202,0.26091503634765023,-0.38174362082262914,0.6410433216601598,-0.07222157429359877,0.8871929623528446,0.11089912029410558,-0.2895838500700457,0.14514070148284816,-0.34895705770243257,1.743556501154367,0.21794456264429587,-0.7761284004852524,0.07821428508038736,2,uncertain,uncertain,False,False
2024-2024122714gm-00a9-0000-1f8c2640-04-s0-d12,2024,2024122714gm-00a9-0000-1f8c2640,4,0,12,150,150,0,-1,-1,0.9367061257362366,0.06329385936260223,0.0,0.0,0.8734122663736343,0.9367061257362366,0.9367061257362366,2.69458128393809,0.23593613505363464,0.9999999850988388,True,True,ge70,64,-5.914444450754672,-6.365415674361429,nan,nan,1.3429018154873333,1.325595522066025,nan,nan,0.16786272693591667,0.16569944025825312,nan,nan,-0.4509712236067571,1.8243394281901313,0.2280424285237664,-0.8979343835133393,-0.00400806370017498,nan,nan,nan,nan,nan,nan,nan,nan,nan,nan,1,keep_top1,keep_top1,False,False
2024-2024122817gm-00a9-0000-d56449ed-01-s0-d15,2024,2024122817gm-00a9-0000-d56449ed,1,0,15,62,62,31,55,53,0.9457969665527344,0.04893661290407181,0.0028811166994273663,0.0014616239350289106,0.8968603536486626,0.942915849853307,0.9443353426177055,2.961502076455822,0.23436105251312256,0.9990763200912625,True,True,ge70,64,0.6292484024306759,0.2930426866514608,1.1977677285904065,2.430870554642752,1.7436090063878986,1.5214867608774425,2.0753003450580554,2.5892653823482603,0.21795112579848733,0.1901858451096803,0.2594125431322569,0.32365817279353254,-0.3362057157792151,2.083180714275581,0.2603975892844476,-0.8465849907767324,0.17417355921830224,0.5685193261597306,2.233376503804201,0.2791720629755251,0.021342082727701328,1.1156965695917598,1.801622152212076,2.9428297739996796,0.36785372174995995,1.0806288575821545,2.5226154468419972,4,uncertain,uncertain,False,True
2025-2025122914gm-00a9-0000-be67f40d-01-s3-d1,2025,2025122914gm-00a9-0000-be67f40d,1,3,1,67,67,21,3,15,0.9326679110527039,0.02480762079358101,0.024205928668379784,0.015519795008003712,0.9078602902591228,0.9084619823843241,0.9171481160447001,3.6268983047494325,0.328354150056839,0.9972012555226684,True,True,ge70,64,-0.5302112560602836,-0.7616742236423306,-0.6739911182085052,-0.7016161271603778,2.1530423384918183,2.118790510730157,2.2854963180478816,2.0433498792316582,0.2691302923114773,0.2648488138412696,0.2856870397559852,0.2554187349039573,-0.23146296758204699,2.0310829245142474,0.25388536556428093,-0.7290782840880377,0.2661523489239436,-0.14377986214822158,2.1314732889652808,0.2664341611206601,-0.6659908179447154,0.3784310936482722,-0.17140487110009417,1.718940288576221,0.21486753607202763,-0.5925452418012683,0.24973549960108,1,keep_top1,keep_top1,False,False
2025-2025041520gm-00a9-0000-d292f784-02-s3-d5,2025,2025041520gm-00a9-0000-d292f784,2,3,5,44,44,1,23,19,0.9712364673614502,0.026413144543766975,0.002002557972446084,0.00011932827328564599,0.9448233228176832,0.9692339093890041,0.9711171390881645,3.604708182739592,0.14004838466644287,0.9997714981509489,True,True,ge70,64,-1.5928106649662368,-1.4193558830884285,-1.1779267074307427,-1.495116091798991,1.8901360969555774,1.964189115668571,1.94149803664174,2.2555897028602536,0.23626701211944717,0.24552363945857136,0.2426872545802175,0.2819487128575317,0.17345478187780827,1.5743655537942074,0.19679569422427592,-0.21226477880177252,0.5591743425573891,0.4148839575354941,2.033885824545569,0.2542357280681961,-0.08341806947817026,0.9131859845491586,0.09769457316724584,1.7002649596126698,0.21253311995158372,-0.31887034193785824,0.5142594882723499,3,uncertain,override_top3,False,False
2024-2024092000gm-00a9-0000-e0b6f7b7-07-s3-d19,2024,2024092000gm-00a9-0000-e0b6f7b7,7,3,19,43,43,65,11,67,0.9720707535743713,0.01389576867222786,0.01299806497991085,0.0008029394666664302,0.9581749849021435,0.9590726885944605,0.9712678141077049,4.24784421183048,0.15107429027557373,0.9997675266931765,True,True,ge70,32,5.979070728404622,8.29672796257455,5.024984822332044,8.107071281811841,2.278273105171532,1.630045239091201,2.185138312605024,1.211372577385231,0.40274559051543063,0.28815401055055884,0.3862815296683855,0.21414244100313065,2.3176572341699284,2.4702513866682807,0.4366828766871534,1.4617587958631078,3.1735556724767493,-0.9540859060725779,1.9079883973949632,0.3372878835558079,-1.6151701578419613,-0.29300165430319447,2.128000553407219,2.4370440068897326,0.43081258583044124,1.283607885179554,2.9723932216348836,2,uncertain,uncertain,True,True
2025-2025123119gm-00a9-0000-4c392a7b-07-s1-d10,2025,2025123119gm-00a9-0000-4c392a7b,7,1,10,75,75,57,67,50,0.9885231256484985,0.011283373460173607,0.00012185589002911001,1.960072768270038e-05,0.9772397521883249,0.9884012697584694,0.9885035249208158,4.472881770047492,0.06392193585634232,0.999947955726384,True,True,ge70,48,9.144540372100058,8.560363242331656,7.594428409522142,7.9216389732221915,1.5622668168994598,1.3359385883650094,2.5026482686912157,1.3219631628200097,0.22549379182073073,0.19282612590333673,0.3612261629039561,0.19080894697822542,-0.5841771297684014,1.5478637326195677,0.2234148856741916,-1.0220703056898168,-0.1462839538469859,-1.5501119625779154,2.5407567381613196,0.3667266466806984,-2.268896190072084,-0.8313277350837466,-1.222901398877866,1.8529476846529356,0.26744996113216657,-1.7471033226969126,-0.6986994750588196,1,keep_top1,keep_top1,True,True
2024-2024122714gm-00a9-0000-1f8c2640-02-s2-d7,2024,2024122714gm-00a9-0000-1f8c2640,2,2,7,37,37,21,29,14,0.9879066944122314,0.007133514154702425,0.0025210913736373186,0.002061804523691535,0.980773180257529,0.9853856030385941,0.9858448898885399,4.930784272605741,0.07862677425146103,0.9996231044642627,True,True,ge70,64,3.5463880174211226,3.998591755735106,3.5574006895767525,3.9546343341935426,1.5196958816634722,1.7839197798549749,1.508585163359985,1.5744793236645367,0.18996198520793403,0.22298997248187186,0.18857314541999812,0.1968099154580671,0.4522037383139832,1.6006988625751128,0.2000873578218891,0.06003251698308054,0.8443749596448858,0.011012672155629843,1.7990850773645792,0.2248856346705724,-0.42976317179869206,0.45178851610995174,0.40824631677241996,1.5997898956910217,0.1999737369613777,0.016297792328119676,0.8001948412167202,2,uncertain,uncertain,False,False
2025-2025041612gm-00a9-0000-17df09bd-05-s2-d7,2025,2025041612gm-00a9-0000-17df09bd,5,2,7,0,0,139,-1,-1,0.9960959553718567,0.0039040129631757736,0.0,0.0,0.9921919424086809,0.9960959553718567,0.9960959553718567,5.541838604647992,0.025547094643115997,0.9999999683350325,True,True,ge70,64,-0.38998691705091915,-0.6962527435680386,nan,nan,2.1959274789695304,1.3337831868416838,nan,nan,0.2744909348711913,0.16672289835521048,nan,nan,-0.3062658265171194,2.713031935347411,0.3391289919184264,-0.9709586506772351,0.35842699764299624,nan,nan,nan,nan,nan,nan,nan,nan,nan,nan,1,keep_top1,keep_top1,False,False
2025-2025122807gm-00a9-0000-c1328d8f-10-s1-d12,2025,2025122807gm-00a9-0000-c1328d8f,10,1,12,0,0,155,-1,-1,0.9987465143203735,0.0012534256093204021,0.0,0.0,0.9974930887110531,0.9987465143203735,0.9987465143203735,6.680620716550901,0.009627933613955975,0.9999999399296939,True,True,ge70,64,3.423346404953918,3.425539998538625,nan,nan,1.1670819064566338,1.1493444332352865,nan,nan,0.14588523830707922,0.1436680541544108,nan,nan,0.002193593584706832,1.6812046918672279,0.21015058648340348,-0.40970155592276397,0.41408874309217764,nan,nan,nan,nan,nan,nan,nan,nan,nan,nan,2,uncertain,uncertain,False,False
2024-2024122101gm-00a9-0000-c77ef6cc-08-s2-d5,2024,2024122101gm-00a9-0000-c77ef6cc,8,2,5,28,28,39,37,71,0.9992364645004272,0.00043099361937493086,0.00032086201827041805,7.697747605561744e-06,0.9988054708810523,0.9989156024821568,0.9992287667528217,7.748653445063345,0.006831310223788023,0.9999960178856782,True,True,ge70,64,-3.5127704633341637,-3.4439066933700815,-3.5638100574724376,-3.8294359244173393,1.3619540521686684,1.2975940480130597,1.325229237606634,0.7667208488064934,0.17024425652108355,0.16219925600163246,0.16565365470082924,0.09584010610081167,0.06886376996408217,1.6551253497970797,0.20689066872463496,-0.33664194073620235,0.4743694806643667,-0.05103959413827397,1.5721868743305614,0.19652335929132017,-0.4362253783492615,0.33414619007271357,-0.3166654610831756,1.2500988513694458,0.15626235642118072,-0.6229396796686898,-0.010391242497661435,2,uncertain,uncertain,False,False
2024-2024122101gm-00a9-0000-c77ef6cc-09-s0-d10,2024,2024122101gm-00a9-0000-c77ef6cc,9,0,10,0,0,124,-1,-1,0.9996521472930908,0.0003478956059552729,0.0,0.0,0.9993042516871355,0.9996521472930908,0.9996521472930908,7.963260192859117,0.0031182963866740465,1.000000042899046,True,True,ge70,64,5.852952745746734,nan,nan,nan,1.9895801607459986,nan,nan,nan,0.24869752009324983,nan,nan,nan,nan,nan,nan,nan,nan,nan,nan,nan,nan,nan,nan,nan,nan,nan,nan,1,keep_top1,keep_top1,False,False
2024-2024100216gm-00a9-0000-2cbf5f5f-01-s1-d6,2024,2024100216gm-00a9-0000-2cbf5f5f,1,1,6,161,161,0,-1,-1,0.9998656511306763,0.0001342774194199592,0.0,0.0,0.9997313737112563,0.9998656511306763,0.9998656511306763,8.915468246045357,0.0013315039686858654,0.9999999285500962,True,True,ge70,64,7.452843061543714,4.84870369618995,nan,nan,4.5355226332946,5.816445291228357,nan,nan,0.566940329161825,0.7270556614035446,nan,nan,-2.604139365353765,7.233897924309481,0.9042372405386851,-4.376444356809587,-0.8318343738979421,nan,nan,nan,nan,nan,nan,nan,nan,nan,nan,1,keep_top1,keep_top1,False,False
2025-2025041221gm-00a9-0000-d8d9d627-08-s2-d2,2025,2025041221gm-00a9-0000-d8d9d627,8,2,2,0,0,139,94,-1,0.9999111890792847,6.150933768367395e-05,2.7302388843963854e-05,0.0,0.999849679741601,0.9998838866904407,0.9999111890792847,9.696232747557653,0.0009721294627524912,1.0000000008058123,True,True,ge70,64,-6.194354907809611,-6.360403142214182,-6.667999769087601,nan,1.6279162947837875,1.229112321904643,1.1538695005674378,nan,0.20348953684797344,0.15363904023808037,0.14423368757092972,nan,-0.1660482344045704,2.0963900447362906,0.26204875559203633,-0.6796637953649616,0.3475673265558208,-0.47364486127798955,2.0328558861845396,0.25410698577306745,-0.9716945533932018,0.02440483083722267,nan,nan,nan,nan,nan,1,keep_top1,keep_top1,False,False
2024-2024092922gm-00a9-0000-d78d568e-05-s2-d4,2024,2024092922gm-00a9-0000-d78d568e,5,2,4,0,0,85,-1,-1,0.9999920129776001,8.020189852686599e-06,0.0,0.0,0.9999839927877474,0.9999920129776001,0.9999920129776001,11.733540476906928,0.00010209227912127972,1.0000000331674528,True,True,ge70,64,-2.21933079911852,nan,nan,nan,2.6089206712837902,nan,nan,nan,0.3261150839104738,nan,nan,nan,nan,nan,nan,nan,nan,nan,nan,nan,nan,nan,nan,nan,nan,nan,nan,1,keep_top1,keep_top1,False,False
2025-2025123121gm-00a9-0000-60ebef25-12-s1-d11,2025,2025123121gm-00a9-0000-60ebef25,12,1,11,0,0,77,-1,-1,0.9999973773956299,2.5728986656758934e-06,0.0,0.0,0.9999948044969642,0.9999973773956299,0.9999973773956299,12.870474786557294,3.573703725123778e-05,0.9999999502942956,True,True,ge70,64,8.507377002090655,8.897207946512758,nan,nan,1.1107257626644909,0.485064871381054,nan,nan,0.13884072033306136,0.06063310892263175,nan,nan,0.3898309444221034,1.0374182611787863,0.1296772826473483,0.1356634704333008,0.643998418410906,nan,nan,nan,nan,nan,nan,nan,nan,nan,nan,2,override_top2,override_top2,False,False
2025-2025123119gm-00a9-0000-4c392a7b-06-s0-d3,2025,2025123119gm-00a9-0000-4c392a7b,6,0,3,0,0,94,-1,-1,0.9999980926513672,1.8582610437078984e-06,0.0,0.0,0.9999962343903235,0.9999980926513672,0.9999980926513672,13.195867522939254,2.6428717319504358e-05,0.9999999509124109,True,True,ge70,64,1.414270894631045,0.11630176717881113,nan,nan,2.6144623762512675,1.639271806053126,nan,nan,0.32680779703140844,0.20490897575664074,nan,nan,-1.2979691274522338,3.0914436072663443,0.38643045090829303,-2.055372811232488,-0.5405654436719795,nan,nan,nan,nan,nan,nan,nan,nan,nan,nan,1,keep_top1,keep_top1,False,False
2025-2025011500gm-00a9-0000-30b78cb2-07-s3-d8,2025,2025011500gm-00a9-0000-30b78cb2,7,3,8,2,2,-1,-1,-1,1.0,0.0,0.0,0.0,1.0,1.0,1.0,inf,-0.0,1.0,True,True,ge70,64,3.873466167373408,nan,nan,nan,1.6004862864704479,nan,nan,nan,0.20006078580880599,nan,nan,nan,nan,nan,nan,nan,nan,nan,nan,nan,nan,nan,nan,nan,nan,nan,nan,1,keep_top1,keep_top1,False,False
2025-2025041612gm-00a9-0000-17df09bd-03-s3-d0,2025,2025041612gm-00a9-0000-17df09bd,3,3,0,18,59,18,25,53,0.37146851420402527,0.3712952136993408,0.13986676931381226,0.1068577915430069,0.00017330050468444824,0.231601744890213,0.26461072266101837,0.00046663697032789386,1.3076342344284058,0.9894882887601852,False,True,lt005,128,6.094007162983871,6.140240200997141,6.383147054717199,6.628808658017306,2.0141119031274672,1.9376313509609477,2.001589065179283,1.8007802127036454,0.17802402309624685,0.17126403346301716,0.17691715014213916,0.15916798747866262,0.046233038013269834,1.312111227915321,0.11597534336624138,-0.18107863498456325,0.2735447110111029,0.28913989173332766,2.582755247901577,0.22828546874204347,-0.15829962700107753,0.7365794104677328,0.5348014950334345,2.373179939834001,0.20976145355406312,0.12366904606747087,0.9459339439993982,4,override_top4,override_top4,False,False
2025-2025011223gm-00a9-0000-7704598d-06-s3-d0,2025,2025011223gm-00a9-0000-7704598d,6,3,0,25,25,41,36,31,0.365277498960495,0.36368897557258606,0.23126226663589478,0.020755767822265625,0.0015885233879089355,0.13401523232460022,0.34452173113822937,0.004358296184723942,1.2419660091400146,0.9809845089912415,True,True,lt005,128,-7.437997053858453,-7.650383203828824,-7.728259406158031,-7.534124786823668,1.7254985441686763,1.7654528475349374,1.6078612039043596,1.5591961122596227,0.1525139651886483,0.15604546004463177,0.14211619506094236,0.13781476802231007,-0.21238614997037075,2.292033712541242,0.20258907260576126,-0.6094607322776628,0.18468843233692128,-0.2902623522995782,1.7525293727880185,0.15490317546587684,-0.5938725762126968,0.013347871613540396,-0.09612773296521482,1.8086578696641593,0.15986428056074273,-0.40946172286427057,0.21720625693384094,1,keep_top1,keep_top1,False,False
2024-2024092523gm-00a9-0000-e7bdeed7-06-s3-d7,2024,2024092523gm-00a9-0000-e7bdeed7,6,3,7,65,50,65,61,21,0.39321520924568176,0.3915075361728668,0.1988743394613266,0.012051447294652462,0.0017076730728149414,0.19434086978435516,0.3811637619510293,0.00435230348151272,1.1373008489608765,0.9956485321745276,False,True,lt005,128,-1.0259550297923852,-0.6755560900492128,-0.7680861213302705,-1.3448801674967399,2.4299351545347725,2.1374469064097785,2.102879242578212,2.416343166961358,0.21477795320188986,0.18892540024357027,0.18587002155543556,0.21357657987901926,0.3503989397431724,2.5021772488254665,0.2211633125468983,-0.08308115284874829,0.783879032335093,0.25786890846211463,2.3509950074414854,0.207800564037199,-0.1494201970507954,0.6651580139750246,-0.3189251377043547,2.742990538208645,0.2424484012872338,-0.794124004227333,0.1562737288186235,2,uncertain,override_top2,False,False
2024-2024091920gm-00a9-0000-49049014-01-s1-d6,2024,2024091920gm-00a9-0000-49049014,1,1,6,69,4,69,43,51,0.38940680027008057,0.3872106969356537,0.21270588040351868,0.009603357873857021,0.00219610333442688,0.1767009198665619,0.37980344239622355,0.005655574838198119,1.1164920330047607,0.99892673548311,False,True,lt005,128,7.026751461623007,7.318858887024362,7.103518783874648,6.919037579285941,1.6256664011326274,1.7865161646222862,1.854963380020298,1.6954980881193953,0.14368996702350137,0.15790721183797513,0.16395714810813392,0.14986227444975636,0.2921074254013547,2.0088102072450242,0.1775554149574638,-0.05590118791527432,0.6401160387179837,0.07676732225164073,2.141270144301601,0.18926332992349487,-0.2941888043984092,0.4477234489016907,-0.10771388233706602,2.016061452659538,0.17819634055804512,-0.45697870983083444,0.2415509451567024,2,uncertain,override_top2,False,False
2025-2025041522gm-00a9-0000-b0bc1a7b-06-s1-d6,2025,2025041522gm-00a9-0000-b0bc1a7b,6,1,6,36,21,36,31,19,0.3607146143913269,0.3577011525630951,0.2433626353740692,0.02609563060104847,0.0030134618282318115,0.11735197901725769,0.33461898379027843,0.008389235427715303,1.246504545211792,0.9878740329295397,False,True,lt005,128,4.468741204694346,4.349790680375406,4.283247329239401,4.631086794330287,2.4860946166776747,2.328323508448632,2.387657110484616,2.6281857877813586,0.21974179526551926,0.20579666770251015,0.2110410667464937,0.23230099909478838,-0.11895052431894015,2.749762979001264,0.24304700613843946,-0.5953226563502815,0.35742160771240117,-0.1854938754549451,2.670478791695662,0.23603920782785753,-0.6481307227975459,0.27714297188765563,0.16234558963594026,1.3171263665915982,0.1164186231870647,-0.06583491181070655,0.39052609108258707,4,uncertain,override_top4,False,False
2025-2025011200gm-00a9-0000-18c17918-09-s0-d4,2025,2025011200gm-00a9-0000-18c17918,9,0,4,43,43,53,33,49,0.4793621897697449,0.4757038950920105,0.02033119462430477,0.01916574314236641,0.003658294677734375,0.4590309951454401,0.46019644662737846,0.007660857457776782,0.8970304727554321,0.9945630226284266,True,True,lt005,128,6.534267722408998,6.242299731968217,5.907131048439801,6.526131564176914,3.5743035998105546,3.780989587674682,3.7884968450465646,3.224927738760438,0.31592678918069134,0.334195422130062,0.3348589762045333,0.28504603411426305,-0.2919679904407815,4.473996079455688,0.39544912084814304,-1.0670482673031418,0.4831122864215789,-0.627136673969197,3.9556535428089927,0.34963368051810373,-1.3124186877846804,0.058145339846286226,-0.008136158232083801,3.978402241256365,0.3516444003850168,-0.6973591829867167,0.6810868665225491,1,keep_top1,keep_top1,False,False
2025-2025011023gm-00a9-0000-6d5806f0-10-s2-d5,2025,2025011023gm-00a9-0000-6d5806f0,10,2,5,19,17,19,41,48,0.4323478639125824,0.4268231689929962,0.11148133128881454,0.029130244627594948,0.005524694919586182,0.32086653262376785,0.40321761928498745,0.012860701432910626,1.0756645202636719,0.9997826088219881,False,True,lt005,128,-4.222694674191189,-4.22194619730044,-4.415115918328411,-4.256723004926926,3.790378687917205,3.9539203585922666,3.852720132347701,3.900971740060541,0.335025309186403,0.34948048722901714,0.340535566449624,0.3448004463267368,0.0007484768907488615,3.006857825877789,0.26577119484275297,-0.5201630650010469,0.5216600187825446,-0.19242124413722195,3.381215219571725,0.298860026301291,-0.7781868956877522,0.39334440741330834,-0.034028330735736745,3.786440495942113,0.33467721890500274,-0.6899956797895421,0.6219390183180686,2,uncertain,uncertain,False,False
2025-2025011014gm-00a9-0000-9ea4d5cd-07-s3-d10,2025,2025011014gm-00a9-0000-9ea4d5cd,7,3,10,17,68,65,59,17,0.4384661316871643,0.43238309025764465,0.09062856435775757,0.02005220763385296,0.006083041429519653,0.34783756732940674,0.41841392405331135,0.01397059379581167,1.1210813522338867,0.9815299939364195,False,True,lt005,128,4.440454487116881,4.449498724362684,4.420824008660816,4.296041112609373,2.7071779268961222,2.4909845856383908,2.5058736637676096,2.611365423294843,0.23928298374834844,0.22017401154200852,0.2214900325558569,0.2308142748709828,0.009044237245802833,1.6894634304236418,0.1493288810274055,-0.28364036956791194,0.3017288440595176,-0.019630478456065248,1.9634384637172522,0.17354508151712075,-0.3597788382296219,0.3205178813174914,-0.1444133745075078,2.8698070907180875,0.25365750681799965,-0.6415820878707871,0.3527553388557715,2,uncertain,uncertain,False,False
2025-2025123119gm-00a9-0000-4c392a7b-04-s3-d10,2025,2025123119gm-00a9-0000-4c392a7b,4,3,10,10,25,53,10,35,0.35373222827911377,0.34751325845718384,0.15213070809841156,0.05462793633341789,0.006218969821929932,0.2016015201807022,0.2991042919456959,0.017737391504598632,1.5326669216156006,0.9080041311681271,False,True,lt005,128,-4.0986144878552295,-4.019709121261258,-4.108125827653566,-3.8951606797636487,0.7110841746332593,0.9738629167041832,0.7520660707619848,1.1332846105884493,0.06285155523470211,0.08607813404345473,0.06647387731701516,0.10016915414518103,0.07890536659397185,0.9105078052864705,0.08047828043016798,-0.07883206304915741,0.2366427962371011,-0.009511339798336849,0.5382192535488378,0.04757231049369312,-0.10275306836597536,0.08373038876930167,0.20345380809158087,0.9507449555915116,0.0840347756597076,0.03874564779855397,0.3681619683846078,4,override_top4,override_top4,False,False
2024-2024100200gm-00a9-0000-0aacab28-03-s0-d2,2024,2024100200gm-00a9-0000-0aacab28,3,0,2,54,17,54,55,3,0.457881361246109,0.45085617899894714,0.0805206224322319,0.0073873805813491344,0.007025182247161865,0.3773607388138771,0.4504939806647599,0.015461718904735466,0.9763374924659729,0.9966455432586372,False,True,lt005,128,4.816574972792296,4.896053534153907,4.790367712943407,4.639839888848655,1.7117010470302856,1.8600781668198985,1.8079070585217856,1.8996091143560974,0.15129442721490355,0.16440923566192403,0.15979791760447237,0.167903310795621,0.07947856136161136,1.4577422406774108,0.12884742795063367,-0.17306239742163065,0.33201952014485336,-0.026207259848888498,1.3233870664791378,0.11697199610524633,-0.2554723722151713,0.2030578525173943,-0.17673508394364035,1.8252841051507935,0.16133384604301815,-0.4929494221879559,0.1394792543006752,2,uncertain,uncertain,False,False
2025-2025041314gm-00a9-0000-447ba93f-08-s2-d8,2025,2025041314gm-00a9-0000-447ba93f,8,2,8,21,21,45,33,1,0.3261260688304901,0.31725990772247314,0.1654912829399109,0.1500173658132553,0.008866161108016968,0.16063478589057922,0.1761087030172348,0.027562684693472894,1.4752390384674072,0.9588946253061295,True,True,lt005,96,-3.2263244105076105,-3.860660399803843,-2.669293079682878,-2.4345080052832295,2.1299583714918713,2.1731797557872587,2.4693141957643787,2.422835309928938,0.21738796598018756,0.22179923004270594,0.2520233247597391,0.2472795933384932,-0.6343359892962326,2.5991023074414756,0.26526976843841604,-1.154264735435528,-0.11440724315693718,0.5570313308247327,2.737337148782217,0.2793783028533913,0.00944985723208569,1.1046128044173797,0.791816405224381,2.6055653946378974,0.2659294045131806,0.2705947723785471,1.313038038070215,4,uncertain,uncertain,True,True
2024-2024091917gm-00a9-0000-24c42be7-07-s0-d10,2024,2024091917gm-00a9-0000-24c42be7,7,0,10,22,15,22,65,41,0.5049077868461609,0.49484002590179443,0.00018877327966038138,2.6010729925474152e-05,0.010067760944366455,0.5047190135665005,0.5048817761162354,0.02014128195885645,0.6954870820045471,0.9999625967575412,False,True,lt005,128,-4.780024677891561,-5.071661252493868,-5.067830342429261,-6.009150064558526,3.2901903996237727,3.0895187180033874,3.446714160959253,2.358467977818232,0.2908144928711058,0.27307745451287047,0.30464936950324867,0.20846108754082443,-0.2916365746023075,3.434549233344769,0.303574131652143,-0.8866418726405078,0.3033687234358927,-0.28780566453770007,4.00411169275664,0.35391681632207067,-0.9814826245289586,0.4058712954535585,-1.229125386666965,3.3559186044087403,0.2966241002859394,-1.8105086232274061,-0.6477421501065237,1,keep_top1,keep_top1,False,False
2024-2024093020gm-00a9-0000-4385d1bc-10-s1-d7,2024,2024093020gm-00a9-0000-4385d1bc,10,1,7,65,73,39,41,65,0.29599764943122864,0.2855558395385742,0.21189899742603302,0.14796334505081177,0.010441809892654419,0.08409865200519562,0.14803430438041687,0.03591391813620248,1.5425870418548584,0.9414158314466476,False,True,lt005,128,1.8846500269437456,1.1754821363477674,0.24040608421137222,1.777130398618226,3.8191971726585403,3.6960481816354114,3.0397367432366647,4.37746538460392,0.3375725274344179,0.32668759160332594,0.2686773080205696,0.3869169322328513,-0.7091678905959782,4.0002517322046405,0.3535756407868918,-1.402176146538286,-0.01615963465367032,-1.6442439427323734,3.918263729859003,0.3463288567325744,-2.323048501928219,-0.9654393835365276,-0.10751962832551953,4.244777107331812,0.37518883465246766,-0.8428897442443561,0.6278504875933171,1,keep_top1,keep_top1,False,False
2024-2024092123gm-00a9-0000-dc75db61-02-s0-d6,2024,2024092123gm-00a9-0000-dc75db61,2,0,6,29,65,29,67,48,0.38132521510124207,0.36866313219070435,0.245865136384964,0.0027898706030100584,0.01266208291053772,0.13546007871627808,0.378535344498232,0.03376928779278998,1.1069021224975586,0.9986433542799205,False,True,lt005,128,0.13901944749522954,0.028905668877996504,0.08755197888240218,0.12860327455564402,1.495497038941742,1.7778809661672381,1.514768018917285,1.7664299227480014,0.1321845121850135,0.1571439609149181,0.13388784226261558,0.1561318221082426,-0.11011377861723304,1.680972874991704,0.14857841486216006,-0.40132747174706673,0.18109991451260066,-0.05146746861282736,1.4227595661313894,0.12575536715119195,-0.2979479882291636,0.19501305100350885,-0.010416172939585522,1.936290950139517,0.17114555764922443,-0.3458614659320654,0.32502912005289436,1,keep_top1,keep_top1,False,False
2024-2024092313gm-00a9-0000-546f9980-09-s0-d10,2024,2024092313gm-00a9-0000-546f9980,9,0,10,65,4,69,65,19,0.3150889575481415,0.30234068632125854,0.2965058386325836,0.07743212580680847,0.012748271226882935,0.01858311891555786,0.237656831741333,0.04130052192233635,1.329287052154541,0.9913676083087921,False,True,lt005,128,-3.805673471888369,-3.6490485378696036,-3.5680078560748854,-3.672735224424102,0.21035778617783765,0.9306819626607149,1.5890086177950307,0.9472783417415621,0.01859317713521735,0.08226144086567458,0.14044984612584113,0.08372836738957579,0.15662493401876532,0.932958069966602,0.08246262222951221,-0.005001805551078625,0.3182516735886093,0.23766561581348356,1.5658008246242268,0.13839854763490983,-0.03359553755093969,0.5089267691779068,0.13293824746426708,0.956936764023227,0.08458205937594185,-0.032842588912578935,0.2987190838411131,3,uncertain,uncertain,False,True
2024-2024092223gm-00a9-0000-7e6fd370-05-s3-d1,2024,2024092223gm-00a9-0000-7e6fd370,5,3,1,59,53,59,65,174,0.4907458424568176,0.477338045835495,0.022074393928050995,0.00943656824529171,0.013407796621322632,0.46867144852876663,0.4813092742115259,0.027701429941600852,0.8341925144195557,0.9995948504656553,False,True,lt005,128,-0.6742539411534381,-0.6563026865478605,-0.5469984902838405,-1.7825485987850698,3.5981698266676334,3.5031506618940407,3.857307733800747,1.5633379406634336,0.3180362855371885,0.3096376985679273,0.3409410569617278,0.13818085739116578,0.01795125460557756,2.7580842634049776,0.24378251071719542,-0.45986246640012546,0.4957649756112806,0.12725545086959755,3.594920024005999,0.3177490408497435,-0.49553266919589967,0.7500435709350948,-1.1082946576316317,3.940740820420841,0.3483155696272769,-1.7909931741010943,-0.42559614116216904,3,uncertain,uncertain,False,False
2024-2024092922gm-00a9-0000-d78d568e-07-s0-d3,2024,2024092922gm-00a9-0000-d78d568e,7,0,3,57,10,57,49,51,0.507261335849762,0.4919774532318115,0.0005168797797523439,0.000174963497556746,0.01528388261795044,0.5067444560700096,0.5070863723522052,0.030593437437075877,0.6994825005531311,0.9999306323588826,False,True,lt005,128,0.23611472932680044,0.30448392090329435,0.09881077511090552,-0.1080549645703286,3.1988282549509455,3.127194673433576,3.12721368628464,3.1139904707071975,0.28273914386586796,0.2764075699594165,0.2764092504739062,0.2752404722984185,0.0683691915764939,2.822218862824762,0.249451261986997,-0.4205552819180202,0.5572936650710081,-0.13730395421589492,4.186208377355089,0.3700120413859646,-0.8625275553323856,0.5879196469005957,-0.34416969389712904,4.5340201124563935,0.4007545459442636,-1.1296486039478855,0.4413092161536275,2,uncertain,uncertain,False,False
2025-2025041311gm-00a9-0000-5f819544-03-s2-d11,2025,2025041311gm-00a9-0000-5f819544,3,2,11,46,23,9,53,46,0.32799196243286133,0.3113954961299896,0.26848939061164856,0.0376286581158638,0.016596466302871704,0.05950257182121277,0.29036330431699753,0.05192530730556255,1.4312081336975098,0.9455055072903633,False,True,lt005,128,4.9693713387569005,5.145027501809794,4.997621029721813,5.153686508551661,1.4038406809997053,1.712241916327741,1.4245796659952723,1.4543165379785865,0.12408315815505405,0.15134223375839934,0.12591624277071548,0.12854463574955022,0.17565616305289344,1.9316859130370982,0.17073852602888245,-0.15899134796371617,0.510303674069503,0.028249690964912588,1.734219180318482,0.15328476780837183,-0.2721884539394962,0.3286878358693214,0.18431516979476026,1.6621312969076472,0.1469130389082235,-0.10363438646535778,0.4722647260548783,4,uncertain,uncertain,False,False
2024-2024093020gm-00a9-0000-4385d1bc-03-s1-d19,2024,2024093020gm-00a9-0000-4385d1bc,3,1,19,5,5,12,29,51,0.50304114818573,0.48445528745651245,0.007926184684038162,0.0036952290683984756,0.01858586072921753,0.4951149635016918,0.4993459191173315,0.03764683117133938,0.762806236743927,0.9991178493946791,True,True,lt005,128,-4.385769891785458,-4.403783043380827,-4.354740964714438,-4.376763315987773,0.5715780894439914,0.5684225526690835,0.5719867077926725,0.5729353348342131,0.05052084287793716,0.05024193019645955,0.05055695997859586,0.05064080755533216,-0.01801315159536898,0.14353674816930667,0.012686975997497813,-0.04287962455046469,0.0068533213597267335,0.031028927071020007,0.19155583253969152,0.016931303520581323,-0.0021564278293193864,0.0642142819713594,0.00900657579768449,0.17695474785554668,0.015640737771476593,-0.02164927023440963,0.03966242182977861,3,uncertain,override_top3,False,False
2025-2025041522gm-00a9-0000-b0bc1a7b-05-s0-d0,2025,2025041522gm-00a9-0000-b0bc1a7b,5,0,0,17,17,1,67,43,0.4957548975944519,0.47633323073387146,0.018909238278865814,0.0077980621717870235,0.019421666860580444,0.4768456593155861,0.4879568354226649,0.03996397264540286,0.8239509463310242,0.9987954287789762,True,True,lt005,128,7.625380233608809,7.5914549700395195,7.584041753090901,7.810990163967574,1.3036347876843497,1.37609504872826,1.396871737805174,1.3016568108603905,0.11522612482028609,0.12163076756412314,0.12346718478123445,0.11505129471712967,-0.033925263569289044,1.2757929305724116,0.1127652290747013,-0.25494511255570357,0.18709458541712548,-0.04133848051790778,1.8300504120505166,0.16175513203426944,-0.3583785393050759,0.27570157826926034,0.1856099303587655,1.4304358020029204,0.12643385695603532,-0.06220042927506372,0.43342028999259474,4,uncertain,override_top4,False,False
