decision_id,n_worlds,best_candidate,mean_a,mean_b,mean_c,mean_d,delta_ba_mean,delta_ba_se,delta_ca_mean,delta_ca_se,delta_da_mean,delta_da_se
2025-2025041716gm-00a9-0000-248298e2-00-s0-d8,16,3,0.22756576910614967,0.045952361077070236,0.8193845450878143,0.30110306572169065,-0.18161340802907944,0.6395077891516667,0.5918187759816647,0.3946377378681824,0.07353729661554098,0.4717486239200027
2025-2025041716gm-00a9-0000-248298e2-00-s0-d8,32,3,0.48036322533153,0.48864793707616627,1.1398939264472574,0.5892671796027571,0.008284711744636297,0.39780261422998825,0.6595307011157274,0.2764290296439147,0.10890395427122712,0.34323174335758233
2025-2025041716gm-00a9-0000-248298e2-00-s0-d8,48,3,0.8015548205003142,0.7434378430868188,1.173294230364263,0.7409169922272364,-0.058116977413495384,0.2697664476629792,0.3717394098639488,0.2029496526970881,-0.06063782827307781,0.2440217305802828
2025-2025041716gm-00a9-0000-248298e2-00-s0-d8,64,3,0.5778254926844966,0.5263065572362393,0.9915700670389924,0.49051084043458104,-0.05151893544825725,0.20659110891397084,0.41374457435449585,0.1894976599880939,-0.08731465224991553,0.18414518358984722
2025-2025041716gm-00a9-0000-248298e2-00-s0-d8,80,3,0.6480307133635506,0.5917711582034826,0.8780955174239352,0.45954950656741855,-0.056259555160067976,0.16566441699975887,0.23006480406038463,0.18212789502102375,-0.18848120679613203,0.17354334726855783
2025-2025041716gm-00a9-0000-248298e2-00-s0-d8,96,3,0.7760399644224284,0.7633254437241703,0.9624871056100043,0.5932330691915316,-0.012714520698258033,0.1613413080003833,0.18644714118757597,0.16492648200008694,-0.18280689523089677,0.1841406788524453
2025-2025041716gm-00a9-0000-248298e2-00-s0-d8,112,3,0.8153362119503852,0.6754883953835815,0.856485325826465,0.6342750652526904,-0.13984781656680362,0.17059994876386847,0.041149113876079876,0.1844718679253245,-0.1810611466976947,0.17225124562872993
2025-2025041716gm-00a9-0000-248298e2-00-s0-d8,128,3,0.7534038619196508,0.6038749834697228,0.7967721167224227,0.5933365539967781,-0.14952887844992802,0.15085920568115938,0.043368254802771844,0.1616035017265943,-0.16006730792287271,0.1514138908461352
2025-2025041217gm-00a9-0000-a3087215-08-s2-d19,16,1,-5.397598679875955,-6.7901669254060835,-6.9359203894855455,-7.4222042147303,-1.3925682455301285,0.7605543630178508,-1.5383217096095905,0.74493351947362,-2.024605534854345,0.7655692785160143
2025-2025041217gm-00a9-0000-a3087215-08-s2-d19,32,1,-4.905017261393368,-6.021513250831049,-6.689393387816381,-7.321288664941676,-1.1164959894376807,0.43881452342554916,-1.7843761264230125,0.708532346276428,-2.4162714035483077,0.6351876793612881
2024-2024122714gm-00a9-0000-1f8c2640-05-s0-d12,16,2,-6.756755122158211,-6.664246411412023,-6.944384719710797,-6.956154576677363,0.09250871074618772,0.22686087847816216,-0.18762959755258635,0.23508365051050395,-0.19939945451915264,0.2647678116732914
2024-2024122714gm-00a9-0000-1f8c2640-05-s0-d12,32,2,-6.4519071875547525,-6.289806371030863,-6.880016639828682,-6.912836912641069,0.16210081652388908,0.2951729960489486,-0.4281094522739295,0.199094847450226,-0.46092972508631647,0.2901786541389622
2024-2024122714gm-00a9-0000-1f8c2640-05-s0-d12,48,2,-6.760770307810162,-6.706598821057317,-6.946576314410777,-7.085222183605462,0.054171486752845034,0.2151806490039666,-0.18580600660061464,0.17603252673689926,-0.3244518757952998,0.21887626612860117
2024-2024122714gm-00a9-0000-1f8c2640-05-s0-d12,64,2,-6.958155947020714,-6.92604066527565,-7.12882804234323,-7.1295942830438435,0.03211528174506384,0.17642914632263107,-0.17067209532251582,0.1483704250754143,-0.17143833602312952,0.17571954797067355
2024-2024122714gm-00a9-0000-1f8c2640-05-s0-d12,80,2,-7.059533967458992,-6.9536292379722,-7.211208510826691,-7.194444450162701,0.10590472948679235,0.1524406736127352,-0.15167454336769878,0.11948081155671794,-0.13491048270370812,0.14204369157056337
2024-2024122714gm-00a9-0000-1f8c2640-05-s0-d12,96,2,-7.0033941251773895,-6.946699669410009,-7.189162198834917,-7.132129548687469,0.05669445576738023,0.13090645923369684,-0.18576807365752757,0.1094227313382394,-0.12873542351007927,0.13525970734592688
2024-2024122714gm-00a9-0000-1f8c2640-05-s0-d12,112,2,-7.068546738519217,-7.035119220737085,-7.25315245172117,-7.170143096597583,0.033427517782131745,0.11866087960358111,-0.18460571320195282,0.0961809632212458,-0.10159635807836562,0.12081024062037334
2024-2024122714gm-00a9-0000-1f8c2640-05-s0-d12,128,2,-7.116043864543826,-6.967409338705693,-7.297726342962051,-7.198404666332863,0.1486345258381334,0.12322798306669046,-0.1816824784182245,0.08680519699670178,-0.08236080178903649,0.10951820355019867
2025-2025041017gm-00a9-0000-b39f2649-06-s2-d7,16,1,1.389227299252525,nan,nan,nan,nan,nan,nan,nan,nan,nan
2025-2025041017gm-00a9-0000-b39f2649-06-s2-d7,32,1,1.2240398490102962,nan,nan,nan,nan,nan,nan,nan,nan,nan
2025-2025041017gm-00a9-0000-b39f2649-06-s2-d7,48,1,1.620306433333705,nan,nan,nan,nan,nan,nan,nan,nan,nan
2025-2025041017gm-00a9-0000-b39f2649-06-s2-d7,64,1,1.5661275433849369,nan,nan,nan,nan,nan,nan,nan,nan,nan
2025-2025041017gm-00a9-0000-b39f2649-06-s2-d7,80,1,1.6314862747705774,nan,nan,nan,nan,nan,nan,nan,nan,nan
2025-2025041017gm-00a9-0000-b39f2649-06-s2-d7,96,1,1.7199333230310003,nan,nan,nan,nan,nan,nan,nan,nan,nan
2025-2025041017gm-00a9-0000-b39f2649-06-s2-d7,112,1,1.5824341162744011,nan,nan,nan,nan,nan,nan,nan,nan,nan
2025-2025041017gm-00a9-0000-b39f2649-06-s2-d7,128,1,1.5980673019603273,nan,nan,nan,nan,nan,nan,nan,nan,nan
2025-2025011223gm-00a9-0000-7704598d-06-s0-d3,16,2,-2.904295460844878,-2.8320450467581395,-3.0249134300247533,-4.1616481768433005,0.0722504140867386,0.3304225284102734,-0.12061796917987522,0.25746455614086017,-1.2573527159984224,0.7677748345075819
2025-2025011223gm-00a9-0000-7704598d-06-s0-d3,32,3,-2.9920860415732022,-2.9647073013038607,-2.7141189001486055,-4.059493951383047,0.027378740269341506,0.17972751943356174,0.2779671414245968,0.24524109567037405,-1.0674079098098446,0.5002295604529483
2025-2025011223gm-00a9-0000-7704598d-06-s0-d3,48,3,-3.1496474510640837,-3.171224445308326,-2.9585647250302523,-4.083526982498976,-0.021576994244242087,0.1396300365115198,0.19108272603383133,0.18496671554316987,-0.9338795314348923,0.35518210123845273
2025-2025011223gm-00a9-0000-7704598d-06-s0-d3,64,3,-3.350122042967996,-3.351632699603215,-2.8884150405101536,-4.080740378354676,-0.0015106566352187656,0.11929507721689717,0.46170700245784246,0.26308237224547193,-0.73061833538668,0.3055995346799155
2025-2025011223gm-00a9-0000-7704598d-06-s0-d3,80,3,-3.3535310320163263,-3.349729633565585,-2.792558412514336,-4.021891355776461,0.0038013984507415445,0.0957273583800944,0.5609726195019903,0.2385805994696991,-0.6683603237601347,0.2728507628616333
2025-2025011223gm-00a9-0000-7704598d-06-s0-d3,96,3,-3.3485559747071725,-3.295082638584669,-2.9483184429736866,-4.0762323178981505,0.05347333612250319,0.08815530375739056,0.4002375317334857,0.21861547006349547,-0.7276763431909785,0.23608839735681
2025-2025011223gm-00a9-0000-7704598d-06-s0-d3,112,3,-3.235955403632293,-3.2050348820807164,-3.0061895780745544,-3.980798876931658,0.030920521551576843,0.07753269061900141,0.22976582555773867,0.24108642388385912,-0.7448434732993648,0.2544166961255045
2025-2025011223gm-00a9-0000-7704598d-06-s0-d3,128,3,-3.2170005520326868,-3.2166422813925237,-3.070991685356603,-3.967405636458352,0.00035827064016302756,0.08779165714488614,0.14600886667608393,0.22114229465499688,-0.7504050844256653,0.23462241316337257
2025-2025041017gm-00a9-0000-b39f2649-10-s0-d1,16,4,-1.2477926629399008,-1.0901497446429858,-0.009898075328692357,0.29309767024051325,0.157642918296915,0.27680201180285124,1.2378945876112084,0.7337469627394491,1.540890333180414,0.8828694142145482
2025-2025041017gm-00a9-0000-b39f2649-10-s0-d1,32,4,-0.12324393182861115,-0.46661986647485776,-0.15985813905255952,0.39676315577376897,-0.3433759346462466,0.5057883710592874,-0.03661420722394837,0.6823619762176458,0.5200070876023801,0.5999285798269177
2025-2025041017gm-00a9-0000-b39f2649-10-s0-d1,48,4,0.4027518944262643,0.03972368292654475,0.30603502466765536,0.7823463159462847,-0.3630282114997196,0.35764225081092504,-0.09671686975860894,0.4638972708647314,0.3795944215200204,0.4141394801589055
2025-2025041017gm-00a9-0000-b39f2649-10-s0-d1,64,1,0.32345172801330335,0.1325179033415722,-0.2656210589333554,0.006808258409357393,-0.19093382467173114,0.31748659137350876,-0.5890727869466588,0.4185930866561937,-0.31664346960394596,0.44314968454810816
2025-2025041017gm-00a9-0000-b39f2649-10-s0-d1,80,1,0.22614785019604255,0.06607338912339741,-0.1811698609696748,0.12007543567887638,-0.16007446107264514,0.31385007326281017,-0.40731771116571736,0.3770910567305537,-0.10607241451716617,0.40723203832726057
2025-2025041017gm-00a9-0000-b39f2649-10-s0-d1,96,1,0.3546170984199411,0.2034699411461768,-0.09276400629787436,0.3484395972611338,-0.1511471572737643,0.30406346906121945,-0.4473811047178155,0.32795899643379695,-0.006177501158807293,0.34099026406186367
2025-2025041017gm-00a9-0000-b39f2649-10-s0-d1,112,1,0.32417444464918177,0.24393567022891766,-0.2925380903231241,0.2687505759464029,-0.08023877442026414,0.2902959276220312,-0.6167125349723059,0.31365130169266786,-0.055423868702778885,0.3264224677724341
2025-2025041017gm-00a9-0000-b39f2649-10-s0-d1,128,4,0.28150655976335415,0.13634004939446953,-0.07985910507632354,0.32950236460021287,-0.14516651036888462,0.29998145255523767,-0.3613656648396777,0.31642075164920924,0.047995804836858724,0.3040580390816929
2024-2024091920gm-00a9-0000-49049014-03-s0-d13,16,4,-2.3154384915251285,-2.421346095390618,-2.867419023416005,-1.9123500280547887,-0.10590760386548936,0.10590760386548936,-0.5519805318908766,0.36099316733551134,0.4030884634703398,0.43232233277835524
2024-2024091920gm-00a9-0000-49049014-03-s0-d13,32,4,-2.7622803787817247,-2.734814054565504,-2.9024959040107206,-2.1742625482729636,0.027466324216220528,0.11195489945836684,-0.14021552522899583,0.30697794315523536,0.5880178305087611,0.28325123939493596
2024-2024091920gm-00a9-0000-49049014-03-s0-d13,48,4,-3.0239517018392994,-2.9258910759041705,-2.9740602162200958,-2.462068381214825,0.09806062593512858,0.10320845076478037,0.0498914856192035,0.2990261532679711,0.5618833206244744,0.2775294778237052
2024-2024091920gm-00a9-0000-49049014-03-s0-d13,64,4,-2.939920923912723,-2.856736135603569,-3.0633069238137978,-2.319559022638714,0.0831847883091541,0.07784001772249366,-0.12338599990107468,0.24026296705053146,0.6203619012740091,0.2460774796902116
2024-2024091920gm-00a9-0000-49049014-03-s0-d13,80,4,-2.806287948327372,-2.7056151354161555,-2.9538525069394383,-2.343524889019318,0.10067281291121617,0.07061564268933297,-0.14756455861206633,0.2163390538597625,0.46276305930805395,0.2077373522085371
2024-2024091920gm-00a9-0000-49049014-03-s0-d13,96,4,-2.7641296548536047,-2.662584376783343,-2.977435206817366,-2.459754123153592,0.1015452780702617,0.06124388829114547,-0.2133055519637613,0.1954105668371413,0.3043755317000129,0.18699129096788913
2024-2024091920gm-00a9-0000-49049014-03-s0-d13,112,4,-2.741907649656891,-2.675763160630595,-2.948436588146641,-2.4898671366598655,0.06614448902629581,0.055411034865608166,-0.2065289384897499,0.17531974777951465,0.25204051299702507,0.1738388017742114
2024-2024091920gm-00a9-0000-49049014-03-s0-d13,128,4,-2.8420283231826033,-2.782314317933924,-3.0288026619000448,-2.532134511453478,0.059714005248679314,0.04849984311099174,-0.18677433871744142,0.16361666408066777,0.30989381172912545,0.1793765667637438
2024-2024092905gm-00a9-0000-4f383722-09-s2-d9,16,2,0.04405265663308455,0.5610001479240054,-0.4800547768541037,-0.46469813522469394,0.5169474912909209,0.534903347672185,-0.5241074334871882,0.6101169848981696,-0.5087507918577785,0.4231338390927303
2024-2024092905gm-00a9-0000-4f383722-09-s2-d9,32,2,-0.49846966103928025,0.19390960968712534,-0.3503692221561323,-0.7705576388729583,0.6923792707264056,0.3316520326512529,0.14810043888314794,0.3821220957899368,-0.272087977833678,0.26647151608319547
2024-2024092905gm-00a9-0000-4f383722-09-s2-d9,48,2,-0.21445240294095433,-0.11747926364159866,-0.175841530364778,-0.8282579734322629,0.09697313929935565,0.325311718021611,0.03861087257617631,0.2861867772287308,-0.6138055704913086,0.28877780720450164
2024-2024092905gm-00a9-0000-4f383722-09-s2-d9,64,1,-0.2242373190436524,-0.2280099832404403,-0.3741216655940889,-0.5723114554840265,-0.0037726641967879004,0.27914245258978854,-0.14988434655043648,0.2533014367961686,-0.3480741364403741,0.24051970879723797
2024-2024092905gm-00a9-0000-4f383722-09-s2-d9,80,1,-0.19776942614366816,-0.2898154035244261,-0.2981904203807062,-0.4581280061248208,-0.0920459773807579,0.2526453787948396,-0.10042099423703803,0.2095846443730931,-0.26035857998115264,0.25052108067069184
2024-2024092905gm-00a9-0000-4f383722-09-s2-d9,96,1,-0.1331601566923458,-0.24430064506069962,-0.2479649686867257,-0.4902916487672542,-0.11114048836835384,0.21797277208669105,-0.11480481199437993,0.18361196000178412,-0.3571314920749084,0.2218275591129631
2024-2024092905gm-00a9-0000-4f383722-09-s2-d9,112,1,-0.20047780410040364,-0.2555768727173212,-0.347135208275014,-0.3722267232298009,-0.05509906861691759,0.21325728668245417,-0.14665740417461035,0.19181444708254455,-0.17174891912939724,0.21878137018279567
2024-2024092905gm-00a9-0000-4f383722-09-s2-d9,128,1,-0.216560099125644,-0.22833229751375939,-0.26500450636385153,-0.3251882265118269,-0.011772198388115385,0.19966591007912096,-0.04844440723820753,0.1787411246329392,-0.10862812738618288,0.2035759798207699
2024-2024100121gm-00a9-0000-c39c6e95-09-s0-d14,16,1,9.982344953410546,9.974798424632638,9.982299005205864,9.982299005205864,-0.007546528777906514,0.007258031184595228,-4.594820468017957e-05,4.5948204680179565e-05,-4.594820468017957e-05,4.5948204680179565e-05
2024-2024100121gm-00a9-0000-c39c6e95-09-s0-d14,32,1,9.986512455585174,9.982306805121507,9.986466507380495,9.986414541465958,-0.004205650463666055,0.0036411237620478584,-4.594820468017957e-05,3.1961954550823e-05,-9.791411921566961e-05,5.9732529156890455e-05
2024-2024100121gm-00a9-0000-c39c6e95-09-s0-d14,48,3,9.986435715385925,9.98415397339096,9.986719960962496,9.986355123238221,-0.0022817419949635966,0.002461661855781008,0.00028424557657165855,0.00033218570315628014,-8.05921477038396e-05,4.2500172659640826e-05
2024-2024100121gm-00a9-0000-c39c6e95-09-s0-d14,64,2,9.981934390396717,9.984109159773961,9.98213957023508,9.981877428993043,0.002174769377245228,0.003345704715770875,0.00020517983836271236,0.0002493630902936427,-5.696140367386637e-05,3.2385039890594675e-05
2024-2024100121gm-00a9-0000-c39c6e95-09-s0-d14,80,2,9.98046124903922,9.98226626600744,9.98062539290991,9.980415679916282,0.0018050169682184204,0.002673787086265243,0.0001641438706901699,0.00019938849943763578,-4.55691229390931e-05,2.599371710859612e-05
2024-2024100121gm-00a9-0000-c39c6e95-09-s0-d14,96,2,9.982012974937213,9.982439813906597,9.982149761496123,9.981975000668099,0.00042683896938357685,0.002544949469508564,0.0001367865589084749,0.00016610070550192137,-3.797426911591092e-05,2.1708653749500325e-05
2024-2024100121gm-00a9-0000-c39c6e95-09-s0-d14,112,3,9.983387872696577,9.982187485091552,9.983505118318499,9.98335532332305,-0.0012003876050238021,0.002498801342465147,0.00011724562192154992,0.00014233763092622007,-3.254937352792364e-05,1.8636171696715472e-05
2024-2024100121gm-00a9-0000-c39c6e95-09-s0-d14,128,3,9.983916163485393,9.98279965921768,9.984018753404577,9.983887682783557,-0.0011165042677137443,0.0021866520460652288,0.00010258991918135618,0.0001245229050094388,-2.8480701836933187e-05,1.632544529825439e-05
2025-2025041222gm-00a9-0000-8add91ad-05-s2-d15,16,2,8.956002400489524,9.038253062666627,8.945630419591907,8.901079308910994,0.08225066217710264,0.08225066217710264,-0.010371980897616595,0.007085411840223379,-0.05492309157853015,0.06490398242692309
2025-2025041222gm-00a9-0000-8add91ad-05-s2-d15,32,2,8.96463993343059,9.005765264519141,8.957129472764791,8.933280650671804,0.04112533108855132,0.04112533108855132,-0.007510460665798746,0.010471482166244859,-0.03135928275878541,0.03317229492014965
2025-2025041222gm-00a9-0000-8add91ad-05-s2-d15,48,2,8.946734258371484,9.015691467929477,8.95905481033454,8.94510901364265,0.06895720955799334,0.040057490268657,0.012320551963057369,0.03664306220225673,-0.001625244728832816,0.04231770280434976
2025-2025041222gm-00a9-0000-8add91ad-05-s2-d15,64,2,8.899839137266099,8.948170953786757,8.884338970892713,8.91658860276948,0.04833181652065832,0.0419443708389678,-0.015500166373385582,0.0459430623111745,0.016749465503380634,0.03709854102323791
2025-2025041222gm-00a9-0000-8add91ad-05-s2-d15,80,2,8.877371471602327,8.933120516577128,8.870583162357798,8.898979160736781,0.055749044974800196,0.03744683801626393,-0.0067883092445299555,0.04160054006787832,0.021607689134452813,0.035359456972145986
2025-2025041222gm-00a9-0000-8add91ad-05-s2-d15,96,2,8.845595772926345,8.880059289469576,8.827944827620135,8.853336823085556,0.034463516543231286,0.03308326601374536,-0.017650945306210513,0.03611648114700933,0.007741050159211227,0.03127125358709528
2025-2025041222gm-00a9-0000-8add91ad-05-s2-d15,112,2,8.865406623351387,8.894946780388441,8.837333820340323,8.87204180920214,0.029540157037055387,0.028358898536687688,-0.028072803011062724,0.03321144059806627,0.00663518585075248,0.02678503502792103
2025-2025041222gm-00a9-0000-8add91ad-05-s2-d15,128,2,8.853747700224687,8.887294355721735,8.827887499977805,8.86660425712762,0.03354665549704805,0.025921734015987626,-0.02586020024688196,0.029061061738470558,0.01285655690293197,0.024654363559899726
2025-2025011111gm-00a9-0000-44d5eaac-05-s1-d2,16,2,-1.7571994396857917,-1.5540125598199666,-2.1932375812903047,-3.7965116108534858,0.20318687986582518,0.2459453209024689,-0.43603814160451293,0.9940745768661647,-2.039312171167694,0.9705818172260815
2025-2025011111gm-00a9-0000-44d5eaac-05-s1-d2,32,2,-2.550684659392573,-2.228881229646504,-2.74389110179618,-3.5069563843426295,0.321803429746069,0.16485962550985417,-0.19320644240360707,0.5601793048291922,-0.9562717249500565,0.679805119251817
2025-2025011111gm-00a9-0000-44d5eaac-05-s1-d2,48,2,-2.5734326413366944,-2.0289271495615444,-2.730207216266232,-3.1567157139846436,0.5445054917751501,0.2231002098201705,-0.15677457492953786,0.4047894588877916,-0.5832830726479491,0.4956120209589902
2025-2025011111gm-00a9-0000-44d5eaac-05-s1-d2,64,2,-2.60788644925924,-2.2045728981029242,-2.839778387307888,-3.0694688956136815,0.40331355115631595,0.19110276458408273,-0.23189193804864772,0.35846963056506587,-0.46158244635444134,0.40829657404609904
2025-2025011111gm-00a9-0000-44d5eaac-05-s1-d2,80,2,-2.5582404148299247,-2.20047755734995,-2.5387038170127196,-2.864577838452533,0.3577628574799746,0.19999993212720163,0.019536597817204893,0.3305413035829736,-0.3063374236226082,0.356924776372275
2025-2025011111gm-00a9-0000-44d5eaac-05-s1-d2,96,2,-2.530735478794668,-2.2680939492808343,-2.6539572546413788,-2.8469294384800983,0.2626415295138334,0.16921211855971677,-0.12322177584671105,0.29032465556177856,-0.31619395968543057,0.3200224625442058
2025-2025011111gm-00a9-0000-44d5eaac-05-s1-d2,112,2,-2.3824021644374755,-2.2786290227917823,-2.6152798804271566,-2.722291882607221,0.10377314164569336,0.1675363934005485,-0.23287771598968124,0.26496601958631677,-0.3398897181697456,0.28829630516462434
2025-2025011111gm-00a9-0000-44d5eaac-05-s1-d2,128,2,-2.434594906117127,-2.259692558371171,-2.5452030577944242,-2.6777931737087783,0.17490234774595592,0.16135525367727988,-0.11060815167729743,0.2595956209319225,-0.24319826759165153,0.2773863447999517
2025-2025041222gm-00a9-0000-8add91ad-09-s2-d0,16,4,3.846908642910421,4.2228921062196605,3.9287989642762113,4.374090226250701,0.3759834633092396,0.2089950600996236,0.08189032136579044,0.4571635666243197,0.5271815833402798,0.3070266712002755
2025-2025041222gm-00a9-0000-8add91ad-09-s2-d0,32,2,4.090971223205997,4.243088705959963,4.17167226546735,4.229662699872279,0.1521174827539653,0.22581734196524778,0.080701042261353,0.3027274169125396,0.13869147666628123,0.35759735600169307
2025-2025041222gm-00a9-0000-8add91ad-09-s2-d0,48,2,4.534076346540435,4.631833420118103,4.536970627894334,4.34259753524384,0.09775707357766805,0.15076112781144868,0.0028942813538985015,0.23443167237869714,-0.19147881129659558,0.30675625093334774
2025-2025041222gm-00a9-0000-8add91ad-09-s2-d0,64,3,4.3891440715224235,4.4576884029893336,4.54968213952543,4.363087860957421,0.06854433146691008,0.12124122209562463,0.16053806800300663,0.20899095735191733,-0.026056210565002402,0.2770393434474199
2025-2025041222gm-00a9-0000-8add91ad-09-s2-d0,80,3,4.428052035396831,4.4272404020019165,4.546378955520777,4.25821410083081,-0.0008116333949146793,0.1120769083938771,0.11832692012394545,0.1762081713399134,-0.16983793456602142,0.23950362807921455
2025-2025041222gm-00a9-0000-8add91ad-09-s2-d0,96,3,4.255048131272512,4.297591223571241,4.4069490278167605,4.289615433841997,0.04254309229872888,0.10544490412029817,0.1519008965442481,0.15470142435567563,0.03456730256948504,0.22363464109218947
2025-2025041222gm-00a9-0000-8add91ad-09-s2-d0,112,3,4.186677741895567,4.21037173809652,4.364772173182636,4.310136598205905,0.023693996200953343,0.0947956291511635,0.17809443128706853,0.13591535727954915,0.12345885631033784,0.20183121724831277
2025-2025041222gm-00a9-0000-8add91ad-09-s2-d0,128,3,4.179456415070035,4.192197142823261,4.3671943132453634,4.291480830415367,0.012740727753225656,0.08739489416982105,0.18773789817532816,0.12318655957208008,0.11202441534533136,0.18844166215595146
2024-2024092313gm-00a9-0000-546f9980-10-s2-d3,16,1,6.2220764765881995,6.135394474411669,6.188072972607415,5.075213414117798,-0.08668200217653066,0.08668200217653066,-0.034003503980784444,0.8525573129063326,-1.146863062470402,1.0443921257269424
2024-2024092313gm-00a9-0000-546f9980-10-s2-d3,32,1,6.412397124358449,6.137774380245219,6.275447567071296,5.9511890588156575,-0.2746227441132305,0.17110599756095868,-0.13694955728715286,0.42717911643662376,-0.4612080655427917,0.6377809353116499
2024-2024092313gm-00a9-0000-546f9980-10-s2-d3,48,2,6.108898695019282,6.274908493058774,6.079161862518352,5.817548709167643,0.1660097980394918,0.2749721619659933,-0.029736832500930177,0.44479310655533805,-0.29134998585163885,0.49823834250967974
2024-2024092313gm-00a9-0000-546f9980-10-s2-d3,64,2,6.10675008433509,6.3440914801216195,5.959333181117017,5.498991964672143,0.23734139578652957,0.25676389091079493,-0.14741690321807255,0.36878070897829107,-0.6077581196629467,0.45191626203772445
2024-2024092313gm-00a9-0000-546f9980-10-s2-d3,80,2,6.255745299933006,6.405904168569487,5.836295019188219,5.444311972126752,0.1501588686364812,0.2096244576462733,-0.41945028074478613,0.33774677152052746,-0.8114333278062531,0.38954749465175287
2024-2024092313gm-00a9-0000-546f9980-10-s2-d3,96,2,6.348552066369668,6.476478350778403,6.035661349427272,5.65615961073551,0.12792628440873463,0.1745987732339962,-0.31289071694239584,0.30763820027001937,-0.6923924556341584,0.35370256335513967
2024-2024092313gm-00a9-0000-546f9980-10-s2-d3,112,2,6.324355411520181,6.464198675829599,5.954418534585045,5.645199511565944,0.1398432643094176,0.15780820732735298,-0.3699368769351362,0.2895391043618971,-0.6791558999542369,0.32444144932339763
2024-2024092313gm-00a9-0000-546f9980-10-s2-d3,128,2,6.2503907587178915,6.311048414066171,5.971104782260333,5.6129298378367665,0.060657655348279604,0.1843220496994737,-0.27928597645755815,0.2683263920158179,-0.637460920881125,0.33803378319079197
2025-2025122620gm-00a9-0000-0e700f01-04-s3-d11,16,4,1.4390039155259728,1.145501340739429,0.8173781409859657,1.8898308160714805,-0.29350257478654385,0.4986794978800641,-0.6216257745400071,0.5157085542716238,0.45082690054550767,0.561640989841404
2025-2025122620gm-00a9-0000-0e700f01-04-s3-d11,32,4,1.4225494861602783,1.628489128081128,1.0959440623410046,2.1140152522712015,0.20593964192084968,0.2988743320266491,-0.3266054238192737,0.3055211029623032,0.6914657661109231,0.32507397089112655
2025-2025122620gm-00a9-0000-0e700f01-04-s3-d11,48,4,1.7402242020859073,1.790223854361102,1.3792871922875445,2.1028402240869277,0.04999965227519473,0.2605017580978861,-0.36093700979836285,0.28322125316209246,0.3626160220010206,0.2924515853313342
2025-2025122620gm-00a9-0000-0e700f01-04-s3-d11,64,4,1.5833546607173048,1.5851069378550164,1.2388981691328809,2.1225280175858643,0.0017522771377116442,0.21659640190422946,-0.34445649158442393,0.24822055378237634,0.5391733568685595,0.25910238314800127
2025-2025122620gm-00a9-0000-0e700f01-04-s3-d11,80,4,1.636473994224798,1.6817866192664952,1.341026552056428,2.15799092061352,0.045312625041697176,0.20736073783250317,-0.2954474421683699,0.23868772589141138,0.5215169263887219,0.2490263837460605
2025-2025122620gm-00a9-0000-0e700f01-04-s3-d11,96,4,1.6380749340848222,1.7641732958533491,1.5312652470602188,2.229783482674975,0.12609836176852696,0.17782000611604734,-0.10680968702460329,0.22035273183548165,0.5917085485901529,0.2145770015681482
2025-2025122620gm-00a9-0000-0e700f01-04-s3-d11,112,4,1.6129346044784012,1.7468254458092685,1.5521100279791946,2.242723799493563,0.13389084133086726,0.1595234030693466,-0.06082457649920668,0.191914462763219,0.6297891950151617,0.1964139784551904
2025-2025122620gm-00a9-0000-0e700f01-04-s3-d11,128,4,1.5749554863359663,1.7228520600183401,1.5232458608734305,2.270277397808968,0.14789657368237386,0.14531985474883932,-0.05170962546253577,0.17352053175745324,0.6953219114730018,0.1817638189606076
2025-2025041217gm-00a9-0000-a3087215-11-s0-d6,16,2,-5.499833720487743,-5.110064140599945,-5.31786695224929,-5.562491919585966,0.3897695798877976,0.3122461171035677,0.18196676823845337,0.13930446709624852,-0.06265819909822312,0.08494632351847185
2025-2025041217gm-00a9-0000-a3087215-11-s0-d6,32,2,-5.475869558261508,-5.303180568615204,-5.3618393116595655,-5.505773277234454,0.17268898964630353,0.16463740773140273,0.11403024660194205,0.08456455140165786,-0.02990371897294608,0.07077238604076586
2025-2025041217gm-00a9-0000-a3087215-11-s0-d6,48,2,-5.448607353855739,-5.1033922261631615,-5.278829448790039,-5.284375919440682,0.3452151276925785,0.19244483493559936,0.16977790506570045,0.21195621830134484,0.16423143441505772,0.18088882366606013
2025-2025041217gm-00a9-0000-a3087215-11-s0-d6,64,2,-5.459871709747503,-5.199502640256455,-5.368219096483671,-5.380953128367622,0.2603690694910483,0.14916517159250517,0.09165261326383245,0.17758642741913458,0.07891858137988095,0.13992415050235255
2025-2025041217gm-00a9-0000-a3087215-11-s0-d6,80,2,-5.31384208234258,-5.067718258972116,-5.179340310259318,-5.270331798958227,0.24612382337046484,0.16791852055382334,0.13450177208326294,0.17112209588328253,0.04351028338435299,0.15286442839892864
2025-2025041217gm-00a9-0000-a3087215-11-s0-d6,96,2,-5.400304187414851,-5.139708517333588,-5.31543772032138,-5.402337056797506,0.2605956700812631,0.14299020230416304,0.08486646709347194,0.15551846444069456,-0.0020328693826551594,0.14175203790913948
2025-2025041217gm-00a9-0000-a3087215-11-s0-d6,112,2,-5.34242623506177,-5.123735900752016,-5.336132219018452,-5.371619995172774,0.21869033430975346,0.13216690151757846,0.006294016043316982,0.13783324120776888,-0.029193760111005367,0.1351078085300842
2025-2025041217gm-00a9-0000-a3087215-11-s0-d6,128,2,-5.4130720374934995,-5.216818550579006,-5.418596330175156,-5.425857774752437,0.19625348691449318,0.11991460987768175,-0.005524292681656107,0.12394359952654489,-0.012785737258937502,0.12165714966509295
2024-2024122418gm-00a9-0000-47dd466b-04-s2-d9,16,4,3.3579101855430054,3.5893411845027003,2.9382261213613674,4.031214921691571,0.231430998959695,0.9969462850642237,-0.41968406418163795,0.8589289720035365,0.673304736148566,0.7695246588679703
2024-2024122418gm-00a9-0000-47dd466b-04-s2-d9,32,4,2.7822624878099305,3.0614722932805307,2.290578087166068,3.174267355927441,0.27920980547060026,0.613958735202151,-0.4916844006438623,0.6126834312110425,0.39200486811751034,0.5813231490261725
2024-2024122418gm-00a9-0000-47dd466b-04-s2-d9,48,4,3.23806190728889,3.487125762864404,2.7772049024060834,3.806508165129344,0.24906385557551403,0.611356423184936,-0.4608570048828066,0.570133930310379,0.568446257840454,0.5618637570943574
2024-2024122418gm-00a9-0000-47dd466b-04-s2-d9,64,4,3.137759659137373,3.785184848580684,3.046914416780055,3.982022570733534,0.647425189443311,0.5168570312985532,-0.09084524235731806,0.5103028344874616,0.8442629115961608,0.5015427706918704
2024-2024122418gm-00a9-0000-47dd466b-04-s2-d9,80,4,3.2606544565438527,3.753497924898693,3.2301431609201243,3.97876749264251,0.4928434683548403,0.43365962536825825,-0.030511295623728073,0.4618014505120028,0.7181130360986572,0.4448602025429449
2024-2024122418gm-00a9-0000-47dd466b-04-s2-d9,96,4,3.25082074120049,3.64360681591279,3.2355944302204684,3.9885344734187433,0.39278607471230015,0.3841982230638257,-0.015226310980021177,0.40438554161310974,0.7377137322182534,0.3845550073268457
2024-2024122418gm-00a9-0000-47dd466b-04-s2-d9,112,4,3.385307059741795,3.4638044794877976,3.1540933265267603,3.8581516994932565,0.07849741974600224,0.3599001361348456,-0.23121373321503466,0.3677143873414666,0.47284463975146146,0.3600143811899643
2024-2024122418gm-00a9-0000-47dd466b-04-s2-d9,128,4,3.381679235808406,3.511612813911597,3.170224345551105,3.716468544660529,0.1299335781031914,0.3374529845618863,-0.21145489025730058,0.3408746302318997,0.3347893088521232,0.3219766172822855
2025-2025122620gm-00a9-0000-0e700f01-03-s2-d11,16,1,-2.6454527657479048,-4.512451934162527,-4.900918235536665,-3.731892951298505,-1.8669991684146225,0.8880953683485788,-2.25546546978876,0.8088546515276921,-1.0864401855506003,1.1884146921169938
2025-2025122620gm-00a9-0000-0e700f01-03-s2-d11,32,1,-3.4107300193572883,-4.297573799267411,-4.878013080917299,-4.2325775264180265,-0.886843779910123,0.4903145875384054,-1.4672830615600105,0.5100216476554628,-0.8218475070607383,0.6833880724926795
2025-2025122620gm-00a9-0000-0e700f01-03-s2-d11,48,1,-3.813312064642863,-4.229226424358785,-4.752274934202433,-4.540850060177036,-0.41591435971592244,0.37689317747578016,-0.9389628695595699,0.37376826422500903,-0.7275379955341729,0.5049977191374492
2025-2025122620gm-00a9-0000-0e700f01-03-s2-d11,64,1,-3.625509022109327,-4.320624449988827,-4.827500257408246,-4.365183551417431,-0.6951154278795002,0.39519027165694537,-1.2019912352989195,0.3535281210678047,-0.739674529308104,0.42537070510205377
2025-2025122620gm-00a9-0000-0e700f01-03-s2-d11,80,1,-3.539945298212115,-4.207252397853881,-4.700763522461057,-4.171544907963835,-0.6673070996417664,0.33540880786164284,-1.160818224248942,0.3373556299776219,-0.63159960975172,0.34554392193947175
2025-2025122620gm-00a9-0000-0e700f01-03-s2-d11,96,1,-3.718601231201319,-4.2830268804294365,-4.712124510823439,-4.149000777145072,-0.5644256492281178,0.2803262428974957,-0.9935232796221195,0.285212413263348,-0.43039954594375257,0.31484965306991164
2025-2025122620gm-00a9-0000-0e700f01-03-s2-d11,112,1,-3.6988440853102866,-4.268338012103674,-4.635245802633498,-4.157908750702128,-0.5694939267933867,0.25341997124467625,-0.9364017173232112,0.2714620307250773,-0.45906466539184165,0.2785274589440434
2025-2025122620gm-00a9-0000-0e700f01-03-s2-d11,128,1,-3.7228124166103953,-4.341512039407462,-4.569048677065439,-4.173952634770103,-0.6186996227970667,0.22818969562379463,-0.8462362604550435,0.2586520495320279,-0.45114021815970773,0.25100058884634624
2025-2025040921gm-00a9-0000-9f24706f-03-s2-d1,16,2,-1.58147132396698,-1.5544410021975636,-2.242515228688717,-3.283463953062892,0.027030321769416332,0.41179527283218476,-0.6610439047217369,0.6594418754368769,-1.701992629095912,0.9819900390731015
2025-2025040921gm-00a9-0000-9f24706f-03-s2-d1,32,1,-1.413498817011714,-1.5532902078703046,-1.8977326408494264,-2.6358316177502275,-0.1397913908585906,0.3580682687184304,-0.4842338238377124,0.49499899488094135,-1.2223328007385135,0.5470739196543953
2025-2025040921gm-00a9-0000-9f24706f-03-s2-d1,48,1,-1.1436438551172614,-1.1902232977251213,-1.2404585155891255,-2.2374590560017773,-0.04657944260785977,0.363279244606868,-0.09681466047186404,0.5076787423827888,-1.0938152008845161,0.5235222540422731
2025-2025040921gm-00a9-0000-9f24706f-03-s2-d1,64,3,-1.3432063357322477,-1.3787546439561993,-1.2949575071397703,-2.540100636018906,-0.03554830822395161,0.32541234301122,0.048248828592477366,0.47790542769655014,-1.196894300286658,0.4442096939331401
2025-2025040921gm-00a9-0000-9f24706f-03-s2-d1,80,3,-1.1558965297881514,-1.1998541246168315,-1.0111381568713114,-2.2841719614807516,-0.043957594828680155,0.31878829308847334,0.14475837291684002,0.42712820694839826,-1.1282754316926003,0.3865999629262619
2025-2025040921gm-00a9-0000-9f24706f-03-s2-d1,96,3,-0.9951567275760075,-1.0543568854530652,-0.9714866051411567,-2.0873775311823315,-0.05920015787705779,0.28385045928790914,0.023670122434850782,0.36955209276889794,-1.092220803606324,0.343654889430785
2025-2025040921gm-00a9-0000-9f24706f-03-s2-d1,112,1,-0.9723842212198568,-1.0573647231794894,-1.0491851791573157,-2.146097828866914,-0.08498050195963255,0.25312166357208266,-0.0768009579374588,0.3273788522237993,-1.1737136076470571,0.329866505605444
2025-2025040921gm-00a9-0000-9f24706f-03-s2-d1,128,1,-0.9402943874883931,-1.0729251411685254,-1.014288283578935,-2.193265700509073,-0.13263075368013233,0.23116990038340066,-0.07399389609054197,0.29322245204378167,-1.25297131302068,0.3031216911513989
2025-2025011111gm-00a9-0000-44d5eaac-00-s2-d16,16,4,-0.4612479396164417,-0.10769126005470753,-0.34704387094825506,-0.08096793293952942,0.3535566795617342,0.2485610710669177,0.11420406866818666,0.48937632025015954,0.3802800066769123,0.2416332100495341
2025-2025011111gm-00a9-0000-44d5eaac-00-s2-d16,32,4,-0.22102102171629667,-0.3401443320326507,-0.1221497564110905,0.04015637212432921,-0.11912331031635404,0.23966811856874762,0.09887126530520618,0.2952078176365385,0.2611773938406259,0.20049035535952628
2025-2025011111gm-00a9-0000-44d5eaac-00-s2-d16,48,4,-0.4241799482454856,-0.43289643432945013,-0.39651548660670716,-0.2922445680014789,-0.008716486083964506,0.17663339107297657,0.027664461638778448,0.21479927385830117,0.13193538024400672,0.15215286840282696
2025-2025011111gm-00a9-0000-44d5eaac-00-s2-d16,64,4,-0.5253617167472839,-0.40810263925231993,-0.3565798265626654,-0.2648926043184474,0.117259077494964,0.15353529928348286,0.16878189018461853,0.17313277496436383,0.2604691124288365,0.12963849594034388
2025-2025011111gm-00a9-0000-44d5eaac-00-s2-d16,80,4,-0.3967496292665601,-0.41718662846833465,-0.42778527019545437,-0.25174858486279844,-0.020436999201774598,0.13927128563041707,-0.03103564092889428,0.16983038701479833,0.14500104440376163,0.1331862245978481
2025-2025011111gm-00a9-0000-44d5eaac-00-s2-d16,96,4,-0.33619287128870684,-0.3853852281657358,-0.41239319609788555,-0.24747039059487483,-0.04919235687702894,0.12156345899531541,-0.07620032480917871,0.1468354670268626,0.08872248069383204,0.12356944269759572
2025-2025011111gm-00a9-0000-44d5eaac-00-s2-d16,112,4,-0.2794050934857556,-0.3811390422550695,-0.40286160200568183,-0.2745279818108039,-0.10173394876931395,0.11299534184575773,-0.12345650851992625,0.13298123645182036,0.004877111674951655,0.11501866290473339
2025-2025011111gm-00a9-0000-44d5eaac-00-s2-d16,128,4,-0.3408409111434594,-0.412329264334403,-0.363428212585859,-0.28159643843537197,-0.0714883531909436,0.10508949329116474,-0.02258730144239962,0.13503819540845874,0.059244472708087415,0.11034646161505264
2024-2024092213gm-00a9-0000-5f7264d2-04-s2-d1,16,4,-3.520222683553584,-3.0622251672903076,-3.2785775527590886,-2.979097146075219,0.45799751626327634,0.239399571391084,0.24164513079449534,0.3087806391541985,0.541125537478365,0.8310321223805276
2024-2024092213gm-00a9-0000-5f7264d2-04-s2-d1,32,4,-3.0348499755491503,-2.9099585691583343,-3.13466657261597,-2.8547541953157634,0.12489140639081597,0.4087528818522195,-0.09981659706681967,0.45151862781930796,0.1800957802333869,0.5682741088709397
2024-2024092213gm-00a9-0000-5f7264d2-04-s2-d1,48,4,-2.9143956704453253,-2.8873627464054152,-3.041140207904391,-2.687203085826089,0.027032924039910238,0.3461270706715588,-0.12674453745906553,0.37055773335399583,0.2271925846192365,0.46471730288997504
2024-2024092213gm-00a9-0000-5f7264d2-04-s2-d1,64,4,-2.7095755850023124,-2.469202331994893,-2.469606167083839,-2.4490095138316974,0.2403732530074194,0.28939265249642737,0.23996941791847348,0.31169521132918726,0.26056607117061503,0.38227228176831896
2024-2024092213gm-00a9-0000-5f7264d2-04-s2-d1,80,3,-2.863217113679275,-2.6672498466446997,-2.627622255962342,-2.66732783743646,0.19596726703457534,0.24179042096080597,0.2355948577169329,0.25967232575139637,0.19588927624281496,0.3217724127124848
2024-2024092213gm-00a9-0000-5f7264d2-04-s2-d1,96,2,-2.912642062137214,-2.5490513460341995,-2.6111546224759272,-2.6729505984306647,0.36359071610301424,0.26632513336445524,0.30148743966128677,0.2617269738682754,0.23969146370654926,0.30603198534647813
2024-2024092213gm-00a9-0000-5f7264d2-04-s2-d1,112,2,-2.8835131967373724,-2.5483056130636084,-2.7299669845961034,-2.720151658452648,0.335207583673764,0.23535003137210614,0.153546212141269,0.23187252888758259,0.1633615382847243,0.29841891716350233
2024-2024092213gm-00a9-0000-5f7264d2-04-s2-d1,128,2,-2.896476114023244,-2.4754286412571673,-2.7246730753977317,-2.7200858176365728,0.4210474727660767,0.22497055149936,0.17180303862551227,0.22892900525781842,0.17639029638667125,0.27039490515392695
2025-2025041017gm-00a9-0000-b39f2649-03-s3-d8,16,3,-2.830121753271669,-2.5073579410091043,-2.483124291524291,-2.7914558076299727,0.3227638122625649,0.39249939812056905,0.3469974617473781,0.4958376463505508,0.03866594564169645,0.4174902496219913
2025-2025041017gm-00a9-0000-b39f2649-03-s3-d8,32,3,-2.495892667910084,-2.284683566307649,-2.20040185097605,-2.3499074205756187,0.2112091016024351,0.21038214743426153,0.29549081693403423,0.2580005599065898,0.14598524733446538,0.25248936571032404
2025-2025041017gm-00a9-0000-b39f2649-03-s3-d8,48,2,-2.507482856977731,-2.19959659796829,-2.418511520101068,-2.4900362229285142,0.3078862590094407,0.16764828045542834,0.08897133687666307,0.19717084411110927,0.017446634049216907,0.19503036332811508
2025-2025041017gm-00a9-0000-b39f2649-03-s3-d8,64,2,-2.311812737840228,-2.219436593935825,-2.4762825820071157,-2.36221243836917,0.09237614390440285,0.17699122262871345,-0.16446984416688792,0.207349044908757,-0.05039970052894205,0.17150490949672842
2025-2025041017gm-00a9-0000-b39f2649-03-s3-d8,80,1,-2.1912488194182513,-2.2176538187079133,-2.4010281841037795,-2.31780307777226,-0.026404999289661647,0.18706597439483533,-0.209779364685528,0.20172688418975251,-0.1265542583540082,0.18108297390562342
2025-2025041017gm-00a9-0000-b39f2649-03-s3-d8,96,2,-2.1998136568193636,-2.1251249877580753,-2.4505610336200334,-2.40103244377921,0.07468866906128824,0.16210963519819366,-0.25074737680067,0.17738684267039198,-0.20121878695984682,0.16636499695031
2025-2025041017gm-00a9-0000-b39f2649-03-s3-d8,112,2,-2.233311468668814,-2.1580317997307117,-2.481944071444949,-2.4421258739062717,0.07527966893810246,0.14626749020503163,-0.24863260277613466,0.15783795688064864,-0.2088144052374576,0.14671576914360185
2025-2025041017gm-00a9-0000-b39f2649-03-s3-d8,128,2,-2.23829264001688,-2.1434196022164542,-2.432427548847045,-2.382082304917276,0.09487303780042566,0.1313602281711665,-0.19413490883016493,0.143440130525598,-0.14378966490039602,0.1315167808114899
2024-2024092523gm-00a9-0000-e7bdeed7-02-s0-d17,16,2,0.08877076953649521,0.5794638637453318,-0.12995370477437973,0.4696532147936523,0.49069309420883656,0.22965926369734566,-0.21872447431087494,0.15057936141913675,0.3808824452571571,0.34739229105629316
2024-2024092523gm-00a9-0000-e7bdeed7-02-s0-d17,32,2,0.31902440218254924,0.4103739717975259,0.00854145921766758,0.39314919780008495,0.09134956961497664,0.17169194820742842,-0.31048294296488166,0.17685578247155814,0.07412479561753571,0.20991716003665326
2024-2024092523gm-00a9-0000-e7bdeed7-02-s0-d17,48,2,0.35989575429509085,0.37896041696270305,0.05212403337160746,0.36485619206602377,0.019064662667612236,0.1456014465544479,-0.30777172092348337,0.13579125071985515,0.004960437770932913,0.15491576326607648
2024-2024092523gm-00a9-0000-e7bdeed7-02-s0-d17,64,2,0.3643845214974135,0.3787229862064123,0.07818847429007292,0.35261419822927564,0.0143384647089988,0.12000294849487604,-0.2861960472073406,0.10650638870450682,-0.011770323268137872,0.12636852877454516
2024-2024092523gm-00a9-0000-e7bdeed7-02-s0-d17,80,1,0.4143848802894354,0.39064268916845324,0.11575875133275985,0.3942243508063257,-0.02374219112098217,0.104542573239554,-0.2986261289566755,0.10663598131128513,-0.020160529483109712,0.10953686292559738
2024-2024092523gm-00a9-0000-e7bdeed7-02-s0-d17,96,2,0.38908507612844306,0.4466892958929141,0.11626412129650514,0.4243480258155614,0.057604219764471054,0.10303018072030612,-0.27282095483193797,0.09633667182738001,0.03526294968711833,0.10809561411889877
2024-2024092523gm-00a9-0000-e7bdeed7-02-s0-d17,112,2,0.37219618047986713,0.47269647302372114,0.11961576555456434,0.4032886086164841,0.10050029254385404,0.09324265060027928,-0.25258041492530275,0.08953877210981703,0.031092428136616945,0.09959615911947374
2024-2024092523gm-00a9-0000-e7bdeed7-02-s0-d17,128,2,0.34703961526975036,0.4656300460919738,0.04772638384019956,0.4504766417085193,0.11859043082222342,0.08597973361607111,-0.2993132314295508,0.08763935998864826,0.10343702643876895,0.09806740106304779
2024-2024091912gm-00a9-0000-86203624-06-s2-d5,16,2,-7.37103848613333,-6.571922522969544,nan,nan,0.7991159631637856,0.4397508723730191,nan,nan,nan,nan
2024-2024091912gm-00a9-0000-86203624-06-s2-d5,32,2,-6.973307237087283,-6.560799663420767,nan,nan,0.4125075736665167,0.26176770730776566,nan,nan,nan,nan
2024-2024091912gm-00a9-0000-86203624-06-s2-d5,48,2,-6.834363405806168,-6.65537811726487,nan,nan,0.17898528854129836,0.258891328638625,nan,nan,nan,nan
2024-2024091912gm-00a9-0000-86203624-06-s2-d5,64,2,-6.792577701780829,-6.697449153201887,nan,nan,0.09512854857894126,0.2162454346798858,nan,nan,nan,nan
2024-2024091912gm-00a9-0000-86203624-06-s2-d5,80,1,-6.607324042811524,-6.800184280470421,nan,nan,-0.19286023765889695,0.25666455566350316,nan,nan,nan,nan
2024-2024091912gm-00a9-0000-86203624-06-s2-d5,96,1,-6.738673826291536,-6.874423739625247,nan,nan,-0.13574991333371145,0.2207172704857925,nan,nan,nan,nan
2024-2024091912gm-00a9-0000-86203624-06-s2-d5,112,1,-6.621786019432226,-6.89223493001087,nan,nan,-0.2704489105786446,0.20593997001916642,nan,nan,nan,nan
2024-2024091912gm-00a9-0000-86203624-06-s2-d5,128,1,-6.583872174902353,-6.8794101468438384,nan,nan,-0.295537971941485,0.18455471132486942,nan,nan,nan,nan
2025-2025041300gm-00a9-0000-884209f2-05-s0-d2,16,3,-7.227811018907232,-7.463630860642297,-7.088326411816524,-7.399157780659152,-0.23581984173506498,0.298193615933916,0.13948460709070787,0.12650300437806022,-0.17134676175191998,0.4211092310659933
2025-2025041300gm-00a9-0000-884209f2-05-s0-d2,32,4,-7.220802469615592,-7.269526786316419,-7.017440341878682,-6.878986069394159,-0.04872431670082733,0.20078395476010075,0.20336212773690931,0.12863435387505787,0.34181640022143256,0.35820762495774217
2025-2025041300gm-00a9-0000-884209f2-05-s0-d2,48,3,-7.211516108810126,-7.222148187691346,-7.028574915544596,-7.1714647300929455,-0.010632078881220272,0.17267471072901577,0.18294119326552996,0.13785518014203735,0.04005137871718034,0.3146430336902187
2025-2025041300gm-00a9-0000-884209f2-05-s0-d2,64,3,-7.227672564462409,-7.217196654237341,-7.151861142745474,-7.20890972793859,0.010475910225068219,0.13091397743780697,0.075811421716935,0.11668127247595259,0.018762836523819715,0.24207770990498062
2025-2025041300gm-00a9-0000-884209f2-05-s0-d2,80,3,-7.17382646721926,-7.16363288578832,-7.123048274847315,-7.346107645226584,0.010193581430939957,0.10647664037608086,0.0507781923719449,0.1059717471317925,-0.17228117800732434,0.22705645421023715
2025-2025041300gm-00a9-0000-884209f2-05-s0-d2,96,1,-7.056047603473114,-7.14604087459611,-7.103546256160371,-7.382122240399137,-0.089993271122997,0.111222024644051,-0.04749865268725747,0.11289759553519944,-0.32607463692602323,0.21357372473080297
2025-2025041300gm-00a9-0000-884209f2-05-s0-d2,112,1,-7.186802525601057,-7.270187617233595,-7.243928226010082,-7.471355774025142,-0.08338509163253807,0.10641066029043908,-0.05712570040902522,0.10866103369452189,-0.2845532484240851,0.18938254241555336
2025-2025041300gm-00a9-0000-884209f2-05-s0-d2,128,1,-7.199661080772557,-7.370848220409016,-7.271694236362009,-7.563651161331109,-0.1711871396364586,0.10807341643903112,-0.07203315558945178,0.09674497263047854,-0.3639900805585512,0.1761895981222351
2024-2024100121gm-00a9-0000-c39c6e95-12-s0-d16,16,3,9.892900861780266,9.876108442173418,9.911438061668328,9.870824921943207,-0.01679241960684763,0.05680721209713302,0.018537199888061906,0.040878336709414285,-0.02207593983705891,0.05902285860262075
2024-2024100121gm-00a9-0000-c39c6e95-12-s0-d16,32,4,9.894323483650972,9.84720502671826,9.896517853473025,9.902150124065136,-0.04711845693271144,0.036546079843290995,0.0021943698220532326,0.020507898685022348,0.007826640414164032,0.035516049282274635
2024-2024100121gm-00a9-0000-c39c6e95-12-s0-d16,48,3,9.854254844952974,9.845828166137034,9.88927841223107,9.8801287317207,-0.008426678815939207,0.03574448711412122,0.03502356727809541,0.02655348468206934,0.025873886767725434,0.029969925152099786
2024-2024100121gm-00a9-0000-c39c6e95-12-s0-d16,64,3,9.865404776173383,9.865304810693955,9.900672961655042,9.899003701492648,-9.996547942803247e-05,0.027345359683559667,0.03526818548165922,0.022280794550971473,0.03359892531926478,0.025033117965325827
2024-2024100121gm-00a9-0000-c39c6e95-12-s0-d16,80,4,9.847194202307653,9.87740305008159,9.904929259284343,9.906263305818502,0.030208847773935687,0.03804956025428803,0.05773505697668888,0.03563492276871062,0.05906910351084811,0.03674174084967335
2024-2024100121gm-00a9-0000-c39c6e95-12-s0-d16,96,4,9.861437407886909,9.88279513645797,9.901539119775622,9.916992738994894,0.021357728571061625,0.03178899473583771,0.04010171188871355,0.030551172387840067,0.05555533110798461,0.031226660099622414
2024-2024100121gm-00a9-0000-c39c6e95-12-s0-d16,112,4,9.873860749876872,9.88281275861634,9.896970020385675,9.911507847550455,0.008952008739467538,0.02803092667591172,0.02310927050880172,0.027113679385814986,0.037647097673583776,0.02798486345382
2024-2024100121gm-00a9-0000-c39c6e95-12-s0-d16,128,4,9.874664369659392,9.887404195736096,9.904262681467724,9.912044557332983,0.012739826076704874,0.02499085568046205,0.029598311808332278,0.024566511194172885,0.03738018767359219,0.024984401445944764
2025-2025040815gm-00a9-0000-3be4a59c-04-s2-d12,16,1,2.3409236496081576,1.8722859177505597,1.69602554384619,1.9572305324836634,-0.46863773185759783,0.5662452911106292,-0.6448981057619676,0.5952546096777245,-0.38369311712449417,0.96128649129904
2025-2025040815gm-00a9-0000-3be4a59c-04-s2-d12,32,1,1.904464449151419,1.778821442159824,1.8989311551558785,1.3572729532315861,-0.12564300699159503,0.30046754842580115,-0.005533293995540589,0.34695140918615347,-0.547191495919833,0.540810287029751
2025-2025040815gm-00a9-0000-3be4a59c-04-s2-d12,48,3,1.813433486269787,1.7589309885321807,1.9059615117730573,1.1141199280003395,-0.05450249773760637,0.2317495313697018,0.09252802550327033,0.2854397582957047,-0.6993135582694473,0.3829405057780237
2025-2025040815gm-00a9-0000-3be4a59c-04-s2-d12,64,3,1.6670159512432292,1.3161283739027567,1.8790894109697547,1.0557043729204452,-0.3508875773404725,0.23978667084310368,0.21207345972652547,0.27903935557363785,-0.611311578322784,0.3487581517378011
2025-2025040815gm-00a9-0000-3be4a59c-04-s2-d12,80,3,1.5672325233928859,1.4623498249100522,1.7014300190610812,1.0338559588999487,-0.1048826984828338,0.22938639759223378,0.1341974956681952,0.24031754854921158,-0.5333765644929371,0.3069165157997452
2025-2025040815gm-00a9-0000-3be4a59c-04-s2-d12,96,3,1.51701566328605,1.5223428560614896,1.572407700334831,1.0852596988455236,0.005327192775439471,0.2071373176053391,0.05539203704878067,0.22949839494519247,-0.43175596444052644,0.27963792888597017
2025-2025040815gm-00a9-0000-3be4a59c-04-s2-d12,112,3,1.5115911366384742,1.5019497962535493,1.592157470960436,1.0476872703210185,-0.00964134038492505,0.17894705296049734,0.08056633432196188,0.2091463271879598,-0.4639038663174558,0.2507253386969782
2025-2025040815gm-00a9-0000-3be4a59c-04-s2-d12,128,3,1.3655131526029436,1.4246182754286565,1.4297110645275097,1.0453361363979639,0.0591051228257129,0.1624513536129952,0.06419791192456614,0.18982528633927825,-0.32017701620497974,0.23113978918162154
2025-2025011210gm-00a9-0000-65465afe-00-s3-d2,16,1,0.6338590793311596,-0.6829202910885215,-0.09091026894748211,-0.1197979124262929,-1.316779370419681,0.5997308928248252,-0.7247693482786417,0.6113574055262646,-0.7536569917574525,0.637920551194544
2025-2025011210gm-00a9-0000-65465afe-00-s3-d2,32,1,0.5631100255995989,-0.3022631383500993,-0.1150775970891118,0.22517785895615816,-0.8653731639496982,0.36909420470259946,-0.6781876226887107,0.4365229643623608,-0.3379321666434407,0.437601556781581
2025-2025011210gm-00a9-0000-65465afe-00-s3-d2,48,1,0.34457658836618066,-0.3236912696932753,-0.10281735053285956,-0.129695777160426,-0.668267858059456,0.31773931804557237,-0.4473939388990402,0.3701946915845196,-0.4742723655266066,0.39748825436985724
2025-2025011210gm-00a9-0000-65465afe-00-s3-d2,64,1,0.24670714640524238,-0.34258007863536477,-0.2665862765861675,-0.4110022229142487,-0.5892872250406072,0.25693514817663066,-0.5132934229914099,0.3098644925641173,-0.6577093693194911,0.3494897177626956
2025-2025011210gm-00a9-0000-65465afe-00-s3-d2,80,1,0.13543805843219162,-0.3277299301698804,-0.2519784287549555,-0.5127119943499565,-0.463167988602072,0.2132813457368428,-0.38741648718714716,0.26316838631154627,-0.6481500527821481,0.2835319813375379
2025-2025011210gm-00a9-0000-65465afe-00-s3-d2,96,1,0.2146171706262976,-0.22296927077695727,-0.09776236171213289,-0.46951274232318,-0.43758644140325487,0.19220372601902244,-0.31237953233843047,0.23635487924310566,-0.6841299129494777,0.2650182349712543
2025-2025011210gm-00a9-0000-65465afe-00-s3-d2,112,1,0.1695667963608035,-0.17344731212194478,-0.15688218342672502,-0.40195603548948255,-0.34301410848274827,0.1706439087373066,-0.3264489797875285,0.211186799124058,-0.5715228318502861,0.2371445308152543
2025-2025011210gm-00a9-0000-65465afe-00-s3-d2,128,1,0.15243729919893667,-0.05096760712331161,0.007777973543852568,-0.4153924189740792,-0.20340490632224828,0.18123807896327884,-0.1446593256550841,0.20815525164402615,-0.5678297181730159,0.21808243472316277
2025-2025011210gm-00a9-0000-65465afe-06-s0-d15,16,1,5.925747320841765,5.647991001140326,5.3441466529038735,5.216353061638074,-0.27775631970143877,0.24576993048732654,-0.5816006679378916,0.34825616714676755,-0.709394259203691,0.43124730115736426
2025-2025011210gm-00a9-0000-65465afe-06-s0-d15,32,1,5.7976319922017865,5.631113459370681,5.479191285252455,5.379914800665574,-0.1665185328311054,0.12550735645715252,-0.3184407069493318,0.17976602681393544,-0.41771719153621234,0.30548059523976173
2025-2025011210gm-00a9-0000-65465afe-06-s0-d15,48,1,5.884589991037501,5.5537810245587025,5.5732542718857685,5.654367404815275,-0.33080896647879854,0.16899352997185424,-0.3113357191517328,0.14920226405176998,-0.2302225862222258,0.3018591885130113
2025-2025011210gm-00a9-0000-65465afe-06-s0-d15,64,1,5.991862883587601,5.726322183953016,5.740927119448315,5.862300186534412,-0.2655406996345846,0.12834196711119308,-0.2509357641392853,0.11366146106781873,-0.12956269705318846,0.2353286607498941
2025-2025011210gm-00a9-0000-65465afe-06-s0-d15,80,1,5.880643271352165,5.646927437640261,5.655404942296445,5.770683542219922,-0.23371583371190355,0.10494665058767351,-0.22523832905571908,0.09341352801536149,-0.1099597291322425,0.1881104855016567
2025-2025011210gm-00a9-0000-65465afe-06-s0-d15,96,1,5.929726136251702,5.701712296945819,5.699563426499178,5.809963628096739,-0.22801383930588295,0.09317454916179094,-0.2301627097525246,0.08448337114440388,-0.11976250815496314,0.1709642773653996
2025-2025011210gm-00a9-0000-65465afe-06-s0-d15,112,1,5.863376022299884,5.6712582033651415,5.669416314410877,5.848597424387533,-0.19211781893474317,0.08030416211787318,-0.1939597078890074,0.07291947073981724,-0.014778597912352,0.15748008051874146
2025-2025011210gm-00a9-0000-65465afe-06-s0-d15,128,4,5.750095947380032,5.583986846722837,5.554063107992988,5.777722406644898,-0.16610910065719509,0.0811701312313675,-0.19603283938704408,0.0695337228838454,0.027626459264865844,0.14305417769657566
2025-2025041221gm-00a9-0000-d8d9d627-11-s1-d1,16,1,1.3487170117045935,0.4684139322748706,0.946106409690401,0.038957267272053286,-0.8803030794297229,1.0255372127485767,-0.4026106020141924,0.9179008363115905,-1.3097597444325402,1.102685284164081
2025-2025041221gm-00a9-0000-d8d9d627-11-s1-d1,32,3,0.7755515099181594,1.030039956920973,1.2107784718900803,0.4776282521470421,0.2544884470028137,0.6297092024955345,0.4352269619719209,0.6148529788980275,-0.2979232577711173,0.7768521895008389
2025-2025041221gm-00a9-0000-d8d9d627-11-s1-d1,48,3,1.1268024531977971,0.9633579153890727,1.140554627624321,0.206350908230282,-0.1634445378087245,0.49402878181752136,0.013752174426523803,0.48529593741711796,-0.9204515449675151,0.6148327232667525
2025-2025041221gm-00a9-0000-d8d9d627-11-s1-d1,64,3,0.6330285163049894,0.4980129821672108,0.8832253087896902,0.20399214742701588,-0.13501553413777856,0.3820786531957616,0.25019679248470084,0.4287022791856601,-0.4290363688779735,0.5382765721125671
2025-2025041221gm-00a9-0000-d8d9d627-11-s1-d1,80,3,0.8228581951881097,0.6467736110631449,0.9252479729375864,0.6164391247738422,-0.17608458412496475,0.3233138426418486,0.1023897777494767,0.3567462000502467,-0.2064190704142675,0.48131516456044104
2025-2025041221gm-00a9-0000-d8d9d627-11-s1-d1,96,1,0.9125174686603259,0.8119700175348044,0.7434074517497796,0.4028024833733828,-0.10054745112552155,0.2832048151404785,-0.1691100169105463,0.3342587834073893,-0.509714985286943,0.44585212681828934
2025-2025041221gm-00a9-0000-d8d9d627-11-s1-d1,112,1,0.9953580438753177,0.7704173530087246,0.7427444480361893,0.34236118901162627,-0.22494069086659302,0.2617504516561317,-0.25261359583912835,0.3328390383902716,-0.6529968548636914,0.41240962205318826
2025-2025041221gm-00a9-0000-d8d9d627-11-s1-d1,128,1,1.2209882510438774,1.0977004616891577,0.8424480813638411,0.7089716583662948,-0.12328778935471973,0.2640711952168244,-0.37854016968003634,0.3035542184601104,-0.5120165926775826,0.4296095192010127
2024-2024092300gm-00a9-0000-5808ce85-06-s2-d19,16,4,9.994008355092157,9.992938626364182,9.996518018864476,9.997514887696386,-0.001069728727974617,0.001701770732008039,0.002509663772319315,0.0018232150135399266,0.0035065326042291733,0.0018616957654699604
2024-2024092300gm-00a9-0000-5808ce85-06-s2-d19,32,4,9.99433716997041,9.99234453409284,9.994947337985376,9.99680755041318,-0.001992635877570592,0.0012211389900211916,0.0006101680149633304,0.0012519977156776737,0.0024703804427675946,0.0011726782444673241
2024-2024092300gm-00a9-0000-5808ce85-06-s2-d19,48,3,9.99405477420739,9.992051441575846,9.99592273142895,9.995364388769167,-0.002003332631545026,0.0009136537637461113,0.00186795722155908,0.0009946550742927927,0.0013096145617744377,0.0009623049858154315
2024-2024092300gm-00a9-0000-5808ce85-06-s2-d19,64,3,9.993821747629426,9.99265553201349,9.995541372743745,9.995482523716165,-0.0011662156159347736,0.0007701542002772584,0.0017196251143183627,0.0008816384428814861,0.0016607760867390353,0.0008214707910436731
2024-2024092300gm-00a9-0000-5808ce85-06-s2-d19,80,4,9.9941186949939,9.99285667035582,9.995507067872785,9.995537256108232,-0.00126202463807914,0.0006646936674445798,0.0013883728788854244,0.0007892548729586368,0.00141856111433305,0.000718321632634466
2024-2024092300gm-00a9-0000-5808ce85-06-s2-d19,96,4,9.994181355903526,9.99328436175657,9.995446873165621,9.995739162562243,-0.0008969941469559503,0.0005847714205507712,0.0012655172620945065,0.0006893517424521745,0.0015578066587151513,0.0006413818669132063
2024-2024092300gm-00a9-0000-5808ce85-06-s2-d19,112,4,9.994191742258009,9.993548159692427,9.995629603187115,9.995637971788515,-0.0006435825655815971,0.0005281094334057558,0.0014378609291072644,0.0006244839375233543,0.0014462295305074527,0.0005859557761516923
2024-2024092300gm-00a9-0000-5808ce85-06-s2-d19,128,4,9.994097056120953,9.993442410745278,9.995383088808058,9.995608172079027,-0.0006546453756746673,0.0004782114318135986,0.0012860326871058786,0.0005881347253674243,0.0015111159580749878,0.0005460091776787134
2024-2024093020gm-00a9-0000-4385d1bc-02-s3-d4,16,3,1.629225192591548,1.6863363292068243,2.221444657072425,1.7605554573237896,0.05711113661527634,0.3699628945039611,0.5922194644808769,0.29996786511865314,0.13133026473224163,0.2380916822582806
2024-2024093020gm-00a9-0000-4385d1bc-02-s3-d4,32,3,1.6238709904719144,1.5906619559973478,2.1135181532008573,1.6309162771794945,-0.03320903447456658,0.37011057117291274,0.48964716272894293,0.3539343552506355,0.00704528670758009,0.1647788742607166
2024-2024093020gm-00a9-0000-4385d1bc-02-s3-d4,48,3,1.7322255834005773,1.3866318866300087,1.9314916875058163,1.6579189421609044,-0.34559369677056867,0.3486929259753627,0.19926610410523912,0.33336534042473986,-0.0743066412396729,0.1666879055531936
2024-2024093020gm-00a9-0000-4385d1bc-02-s3-d4,64,3,1.606499917455949,1.334086291724816,1.816014970652759,1.632787419250235,-0.2724136257311329,0.2768603764749892,0.20951505319681019,0.27970472240970007,0.026287501794286072,0.16089053081756335
2024-2024093020gm-00a9-0000-4385d1bc-02-s3-d4,80,3,1.622324573341757,1.3853413976728917,1.696373894624412,1.623831902258098,-0.23698317566886545,0.23129425262602904,0.074049321282655,0.23165258658146565,0.0015073289163410664,0.13456699469290345
2024-2024093020gm-00a9-0000-4385d1bc-02-s3-d4,96,3,1.5149008253744494,1.3317031172725062,1.6489515862582873,1.406424992562582,-0.18319770810194314,0.2019219284734025,0.13405076088383794,0.20634036066001651,-0.10847583281186719,0.12954265509065108
2024-2024093020gm-00a9-0000-4385d1bc-02-s3-d4,112,3,1.5121315851408457,1.321350238552051,1.6427103764643627,1.4097461528810007,-0.19078134658879467,0.1772195620295016,0.13057879132351705,0.19151591981201405,-0.10238543225984488,0.11136349749648737
2024-2024093020gm-00a9-0000-4385d1bc-02-s3-d4,128,3,1.5499157693557208,1.433986941279727,1.6787861208431423,1.4554769198148279,-0.1159288280759938,0.15865902106107724,0.12887035148742143,0.1882888604720489,-0.09443884954089299,0.10005978002475013
2024-2024100121gm-00a9-0000-c39c6e95-00-s3-d1,16,3,-0.07148256711661816,0.09670479036867619,0.3478224743157625,-0.32104394119232893,0.16818735748529434,0.8669884981102223,0.4193050414323807,0.44364355004023126,-0.24956137407571077,0.34481356477074304
2024-2024100121gm-00a9-0000-c39c6e95-00-s3-d1,32,3,0.24042985192500055,-0.024622395168989897,0.3806744306348264,0.2747980300337076,-0.26505224709399045,0.4747690633735642,0.14024457870982587,0.34563664429354773,0.03436817810870707,0.25524278665727324
2024-2024100121gm-00a9-0000-c39c6e95-00-s3-d1,48,3,0.3768477481789887,0.12796351903428635,0.5420673176025351,0.36748556202898425,-0.24888422914470235,0.319337528770875,0.1652195694235464,0.2683668662614325,-0.009362186150004467,0.2013427673197389
2024-2024100121gm-00a9-0000-c39c6e95-00-s3-d1,64,3,0.5935575454495847,0.37011711788363755,0.7286566102411598,0.265651871683076,-0.22344042756594718,0.25149244404212073,0.13509906479157507,0.2307151121900376,-0.3279056737665087,0.2280832978346347
2024-2024100121gm-00a9-0000-c39c6e95-00-s3-d1,80,1,0.5018438305705786,0.23067966187372804,0.35919581055641175,0.17093849256634713,-0.27116416869685056,0.2522191039185661,-0.14264802001416682,0.21992119316222045,-0.33090533800423144,0.22409705947564726
2024-2024100121gm-00a9-0000-c39c6e95-00-s3-d1,96,1,0.4934329157695174,0.3221552796506633,0.3158071809448302,0.4108882326787959,-0.17127763611885408,0.2500608579170586,-0.17762573482468724,0.20073221167571492,-0.08254468309072156,0.24889588942911917
2024-2024100121gm-00a9-0000-c39c6e95-00-s3-d1,112,1,0.4654188486082213,0.3807866891979107,0.2820298300523843,0.3047470864839852,-0.08463215941031065,0.2316553651052754,-0.18338901855583703,0.17417225377523865,-0.16067176212423614,0.219525390320636
2024-2024100121gm-00a9-0000-c39c6e95-00-s3-d1,128,1,0.6082281552953646,0.5298730405629613,0.32242115505505353,0.3096042698598467,-0.07835511473240331,0.20599035186475947,-0.285807000240311,0.17287569327738161,-0.2986238854355179,0.2074091795970564
2025-2025011500gm-00a9-0000-30b78cb2-05-s0-d18,16,1,-5.937476385850459,-6.079869615728967,-6.418369481922127,-6.23015870002564,-0.14239322987850755,0.3133746535305555,-0.48089309607166797,0.30611726818983803,-0.2926823141751811,0.3169797107971979
2025-2025011500gm-00a9-0000-30b78cb2-05-s0-d18,32,2,-6.095812338462565,-6.0066926589934155,-6.518032289750408,-6.1900094548473135,0.08911967946914956,0.2267401125148865,-0.4222199512878433,0.20906574386179422,-0.09419711638474837,0.17146638034207917
2025-2025011500gm-00a9-0000-30b78cb2-05-s0-d18,48,1,-6.0283068211283535,-6.221022566780448,-6.603010813356377,-6.210970553802326,-0.19271574565209448,0.2063518152013513,-0.5747039922280237,0.20010946834049975,-0.18266373267397285,0.16094168845524778
2025-2025011500gm-00a9-0000-30b78cb2-05-s0-d18,64,1,-5.924363017722499,-6.125225845433306,-6.568863697029883,-6.0813127047149464,-0.20086282771080732,0.1596920192194066,-0.6445006793073844,0.16268736717279259,-0.15694968699244782,0.12649481636155555
2025-2025011500gm-00a9-0000-30b78cb2-05-s0-d18,80,1,-5.913721870817244,-6.128764360677451,-6.600257584196515,-6.072120928624645,-0.21504248986020685,0.13709633651103476,-0.6865357133792713,0.14132239639087005,-0.15839905780740082,0.10281978052205473
2025-2025011500gm-00a9-0000-30b78cb2-05-s0-d18,96,1,-5.857879675497922,-6.055032986177442,-6.552830488110582,-6.031426303612534,-0.19715331067952016,0.11777796449250709,-0.6949508126126602,0.12415956913443629,-0.17354662811461216,0.09288995183546826
2025-2025011500gm-00a9-0000-30b78cb2-05-s0-d18,112,1,-5.857314525853975,-6.063604943670465,-6.541483526849853,-6.008867043652572,-0.20629041781648993,0.11074375957358987,-0.6841690009958776,0.11290397169876266,-0.1515525177985962,0.08560236899051854
2025-2025011500gm-00a9-0000-30b78cb2-05-s0-d18,128,1,-5.909842077395297,-6.111264457140351,-6.557550791359972,-6.035490380090778,-0.20142237974505406,0.10408882248095022,-0.6477087139646756,0.10197100016562598,-0.1256483026954811,0.08125969422024329
2025-2025011200gm-00a9-0000-18c17918-09-s3-d5,16,3,-7.7072889872360975,-7.257846894506656,-5.547514440942905,-6.52462356587057,0.44944209272944136,0.6175479801950859,2.1597745462931925,1.231347943102284,1.1826654213655274,0.5998727359653694
2025-2025011200gm-00a9-0000-18c17918-09-s3-d5,32,3,-7.909436680056388,-6.596413103208761,-5.1164097484179365,-5.539410835135641,1.3130235768476268,0.7704174184921163,2.793026931638451,1.1248011850508688,2.3700258449207467,0.8229443727595486
2025-2025011200gm-00a9-0000-18c17918-09-s3-d5,48,3,-7.911110464015413,-6.68029170445152,-5.545676850041976,-5.98281373397064,1.230818759563893,0.6732912442157408,2.365433613973437,0.8739218597558679,1.9282967300447733,0.6887123706771145
2025-2025011200gm-00a9-0000-18c17918-09-s3-d5,64,3,-7.936827420002373,-6.456267866142753,-5.705313164527979,-6.31260143845293,1.4805595538596208,0.6166635108002267,2.2315142554743943,0.7053910884914221,1.6242259815494435,0.5588099947851813
2025-2025011223gm-00a9-0000-7704598d-09-s2-d11,16,2,9.94901303235834,9.981023763974209,9.980002556343319,9.971607050865423,0.03201073161586798,0.03444193567519942,0.030989523984978007,0.03459938965503102,0.02259401850708087,0.035445391818842924
2025-2025011223gm-00a9-0000-7704598d-09-s2-d11,32,3,9.9486345909263,9.970665808370022,9.979095580746396,9.961416121235004,0.02203121744372094,0.017310504993419313,0.030460989820096707,0.021575534953219684,0.012781530308704603,0.02363019451506031
2025-2025011223gm-00a9-0000-7704598d-09-s2-d11,48,3,9.950373924405183,9.960611227088842,9.967709089321879,9.951878822039758,0.010237302683658819,0.020538848951337313,0.0173351649166954,0.02225902971908569,0.001504897634574361,0.02253645736698542
2025-2025011223gm-00a9-0000-7704598d-09-s2-d11,64,3,9.954999146954849,9.96060265704897,9.970538413722107,9.956943960624136,0.005603510094121328,0.016619801056605824,0.015539266767258836,0.017195531773144188,0.0019448136692853113,0.01743794317904255
2025-2025011223gm-00a9-0000-7704598d-09-s2-d11,80,3,9.956611216529932,9.964088729650973,9.971753631394236,9.959039893842387,0.007477513121038659,0.013982489364423034,0.015142414864301235,0.014705591481294494,0.002428677312451977,0.014922447453290407
2025-2025011223gm-00a9-0000-7704598d-09-s2-d11,96,3,9.94891109773316,9.964437613487997,9.970863231672398,9.921449812769124,0.015526515754837822,0.013312170064770356,0.02195213393924043,0.013857368412891213,-0.0274612849640359,0.034282846663043855
2025-2025011223gm-00a9-0000-7704598d-09-s2-d11,112,3,9.949162106292732,9.967293767578278,9.973087266400503,9.925400178129204,0.018131661285546743,0.01214662794385105,0.02392516010777284,0.012569153189305545,-0.023761928163529653,0.02938370955324232
2025-2025011223gm-00a9-0000-7704598d-09-s2-d11,128,3,9.951065379910267,9.968891830495501,9.97459542706105,9.931461428359565,0.017826450585235645,0.010818208543629014,0.02353004715078312,0.011155723982304204,-0.019603951550702894,0.025796022619656116
2025-2025011015gm-00a9-0000-3c8247e4-02-s0-d11,16,3,-0.3416623412631452,-0.07252996228635311,0.0014249123632907867,-0.003070967271924019,0.2691323789767921,0.2691323789767921,0.343087253626436,0.2879948611690055,0.3385913739912212,0.3254444101642355
2025-2025011015gm-00a9-0000-3c8247e4-02-s0-d11,32,4,-0.09153965977020562,0.07599988207221031,0.11711459001526237,0.1957610105164349,0.16753954184241593,0.14813189569147125,0.20865424978546798,0.15483840226883747,0.2873006702866405,0.16955898161769828
2025-2025011015gm-00a9-0000-3c8247e4-02-s0-d11,48,3,-0.09572633094891596,0.15820318053980978,0.3513356077795227,0.12646922776669575,0.2539295114887257,0.13849984237627122,0.4470619387284387,0.16333573884355035,0.2221955587156117,0.15936300203615594
2025-2025011015gm-00a9-0000-3c8247e4-02-s0-d11,64,3,-0.06749140749889193,0.14645610459410818,0.3500088448636234,0.2643531455905759,0.21394751209300011,0.10646592133521364,0.4175002523625153,0.1801602276724698,0.3318445530894678,0.16975291325358197
2025-2025011015gm-00a9-0000-3c8247e4-02-s0-d11,80,3,0.05933885332779028,0.23049686300219036,0.37187805138528346,0.2594647418532986,0.1711580096744001,0.0855812134328899,0.3125391980574932,0.15446985454073944,0.20012588852550833,0.14936517365217664
2025-2025011015gm-00a9-0000-3c8247e4-02-s0-d11,96,3,0.08190316847079278,0.29482504853998154,0.3157952884212136,0.23981244565705614,0.21292188006918877,0.11023650906933558,0.23389211995042083,0.1324610699452864,0.15790927718626335,0.12791203309812135
2025-2025011015gm-00a9-0000-3c8247e4-02-s0-d11,112,3,0.15507020362669469,0.34678524789550075,0.37245510052889585,0.22166745363418677,0.19171504426880606,0.09474646377841259,0.21738489690220117,0.12279146097538317,0.06659725000749209,0.12021156525324023
2025-2025011015gm-00a9-0000-3c8247e4-02-s0-d11,128,3,0.1425232028159371,0.3030926265382732,0.33386583195533603,0.2206527155249205,0.16056942372233607,0.0834709363788389,0.19134262913939892,0.10910291725122014,0.07812951270898338,0.10793230454264571
2024-2024122817gm-00a9-0000-d56449ed-02-s3-d8,16,1,0.46500313421711326,0.33962081698700786,0.06937914341688156,0.20940204337239265,-0.1253823172301054,0.1253823172301054,-0.3956239908002317,0.31218057962584944,-0.2556010908447206,0.3490581193124226
2024-2024122817gm-00a9-0000-d56449ed-02-s3-d8,32,2,0.3622346620541066,0.5059365667402744,0.06905635260045528,0.14264673460274935,0.14370190468616784,0.2244117172183297,-0.2931783094536513,0.16611628580227736,-0.21958792745135725,0.18286299334140255
2024-2024122817gm-00a9-0000-d56449ed-02-s3-d8,48,2,0.23389647885536155,0.353747612486283,-0.0033107083290815353,0.07176768841842811,0.11985113363092144,0.15035636311317616,-0.23720718718444309,0.11798815414201293,-0.16212879043693343,0.12904637169030533
2024-2024122817gm-00a9-0000-d56449ed-02-s3-d8,64,2,0.4154598348541185,0.5192529265768826,0.03572927322238684,0.09616823960095644,0.10379309172276407,0.1230971012769935,-0.3797305616317317,0.1110594993181648,-0.3192915952531621,0.12855395013348075
2024-2024122817gm-00a9-0000-d56449ed-02-s3-d8,80,2,0.49652374936267735,0.5926339030265808,0.026485997438430785,0.07483717054128647,0.09611015366390348,0.09901888547364791,-0.47003775192424657,0.10712209313176946,-0.4216865788213909,0.11944628091193157
2024-2024122817gm-00a9-0000-d56449ed-02-s3-d8,96,2,0.47957663075067103,0.5860019493848085,0.024143464242418606,0.08308720805992682,0.10642531863413751,0.0854693803457239,-0.45543316650825244,0.0950484212787876,-0.3964894226907442,0.10649009792613204
2024-2024122817gm-00a9-0000-d56449ed-02-s3-d8,112,2,0.4452791069634259,0.5409781464508602,0.030078759150845662,0.12696223725963915,0.09569903948743429,0.07634646193464092,-0.4152003478125802,0.08316444994348172,-0.3183168697037867,0.10642507211018554
2024-2024122817gm-00a9-0000-d56449ed-02-s3-d8,128,2,0.42448991461424157,0.5248914118856192,0.08150088181719184,0.1744363225880079,0.1004014972713776,0.06771216324513148,-0.34298903279704973,0.08236347910947664,-0.2500535920262337,0.09739425411518184
2025-2025011014gm-00a9-0000-9ea4d5cd-05-s0-d18,16,3,-2.7217987393960357,-2.6946995006874204,-2.3076052833348513,-3.209028584882617,0.027099238708615303,0.12547419124189377,0.4141934560611844,0.49979726950684283,-0.4872298454865813,0.31026626444405536
2025-2025011014gm-00a9-0000-9ea4d5cd-05-s0-d18,32,3,-2.599052280187607,-2.433906754478812,-2.297335165552795,-3.1045820012222975,0.1651455257087946,0.20381874170454356,0.3017171146348119,0.3345451724251765,-0.5055297210346907,0.29778522569435584
2025-2025011014gm-00a9-0000-9ea4d5cd-05-s0-d18,48,3,-2.2997763069967427,-2.3155034969871244,-2.1091807071740427,-2.849326667531083,-0.0157271899903814,0.18464246002662024,0.19059559982270002,0.25194057432070316,-0.5495503605343401,0.23286752842919634
2025-2025011014gm-00a9-0000-9ea4d5cd-05-s0-d18,64,3,-2.3246474175248295,-2.479781978065148,-2.038579978980124,-2.875766979646869,-0.1551345605403185,0.15667097750906983,0.2860674385447055,0.23928652722621926,-0.5511195621220395,0.19173675546394925
2025-2025011014gm-00a9-0000-9ea4d5cd-05-s0-d18,80,3,-2.3953135272488,-2.5020141119137405,-2.1818661401048303,-2.8393211384303867,-0.10670058466494084,0.14464166721613606,0.21344738714396955,0.2034191291100007,-0.444007611181587,0.17592467023319439
2025-2025011014gm-00a9-0000-9ea4d5cd-05-s0-d18,96,3,-2.551524156394104,-2.677098785992712,-2.332079300074838,-2.9572201249344894,-0.12557462959860763,0.1338053192401243,0.21944485631926605,0.18829875089384818,-0.40569596854038537,0.16638198030889978
2025-2025011014gm-00a9-0000-9ea4d5cd-05-s0-d18,112,3,-2.547687855016972,-2.695454167202115,-2.4037602780985514,-2.9107797488437166,-0.14776631218514272,0.11593350270128877,0.14392757691842104,0.1676639100467512,-0.3630918938267444,0.14831382218961386
2025-2025011014gm-00a9-0000-9ea4d5cd-05-s0-d18,128,3,-2.434892594697885,-2.654284768155776,-2.3838472634379286,-2.8318824788439088,-0.21939217345789075,0.11080594819994445,0.05104533125995658,0.15732692040615856,-0.39698988414602354,0.1427905945268822
2025-2025040815gm-00a9-0000-3be4a59c-08-s1-d4,16,2,3.990708879564977,5.830712826623669,nan,nan,1.8400039470586924,1.4387077635354981,nan,nan,nan,nan
2025-2025040815gm-00a9-0000-3be4a59c-08-s1-d4,32,2,4.719586485931643,5.527372288546908,nan,nan,0.807785802615265,0.9527752055791638,nan,nan,nan,nan
2025-2025040815gm-00a9-0000-3be4a59c-08-s1-d4,48,2,4.926176139958936,6.545294473672295,nan,nan,1.6191183337133601,0.7388745770779526,nan,nan,nan,nan
2025-2025040815gm-00a9-0000-3be4a59c-08-s1-d4,64,2,5.312146590715344,6.330120197839275,nan,nan,1.0179736071239316,0.641119429533283,nan,nan,nan,nan
2025-2025040815gm-00a9-0000-3be4a59c-08-s1-d4,80,2,5.292280312866927,5.576724173188964,nan,nan,0.2844438603220372,0.644951270885311,nan,nan,nan,nan
2025-2025040815gm-00a9-0000-3be4a59c-08-s1-d4,96,2,5.515897438945402,5.781263866564198,nan,nan,0.26536642761879664,0.5657298922528153,nan,nan,nan,nan
2025-2025040815gm-00a9-0000-3be4a59c-08-s1-d4,112,1,5.566526907847377,5.4764716832091755,nan,nan,-0.09005522463820191,0.5271090163664643,nan,nan,nan,nan
2025-2025040815gm-00a9-0000-3be4a59c-08-s1-d4,128,2,5.205101810494536,5.455223399822092,nan,nan,0.2501215893275559,0.4997552790285277,nan,nan,nan,nan
2025-2025041222gm-00a9-0000-8add91ad-02-s0-d6,16,1,2.7191769247874618,2.122133578872308,2.5773401788901538,2.4607663974165916,-0.5970433459151536,0.7458345725187947,-0.141836745897308,0.6595327149117831,-0.2584105273708701,0.6116347171563754
2025-2025041222gm-00a9-0000-8add91ad-02-s0-d6,32,1,2.493149081012234,1.9989593734499067,2.454485248075798,1.918451700359583,-0.4941897075623274,0.47095129942627123,-0.03866383293643594,0.45712360692393544,-0.5746973806526512,0.5375986329734722
2025-2025041222gm-00a9-0000-8add91ad-02-s0-d6,48,3,2.618479839293286,2.1228476324273893,2.747689189040102,2.3271892512372383,-0.49563220686589676,0.3656398353929688,0.12920934974681586,0.37037001188390173,-0.29129058805604774,0.4870241845562568
2025-2025041222gm-00a9-0000-8add91ad-02-s0-d6,64,3,2.8736984118877444,2.285647304612212,3.091473915905226,2.3080226769379806,-0.5880511072755326,0.33848330793649434,0.21777550401748158,0.3379978836370828,-0.5656757349497639,0.442151948332364
2025-2025041222gm-00a9-0000-8add91ad-02-s0-d6,80,3,2.6291826283675617,2.050014642532915,2.936033758556005,2.238039327808656,-0.579167985834647,0.29809636894618075,0.3068511301884428,0.29469829544626724,-0.39114330055890606,0.3648085795170371
2025-2025041222gm-00a9-0000-8add91ad-02-s0-d6,96,3,2.6356767125447127,2.120729168993421,2.840983001583178,2.230900450978273,-0.5149475435512917,0.26572194470181904,0.20530628903846568,0.2665681996233264,-0.40477626156643964,0.3240930809625727
2025-2025041222gm-00a9-0000-8add91ad-02-s0-d6,112,3,2.5441712305764668,2.1306827151815275,2.7371495395283483,2.1264704871157716,-0.41348851539493936,0.23248824694214115,0.1929783089518813,0.234007913244152,-0.41770074346069513,0.30819127108979705
2025-2025041222gm-00a9-0000-8add91ad-02-s0-d6,128,3,2.462239760621742,2.1721825741697103,2.5469554844676168,2.1133488256746205,-0.2900571864520316,0.22212427338943375,0.08471572384587489,0.2262086069424187,-0.3488909349471214,0.27538254038525556
2024-2024093020gm-00a9-0000-4385d1bc-11-s3-d0,16,1,1.3068376377304958,1.2391549999592826,0.9423732320428826,0.6061939902429003,-0.0676826377712132,0.9250654885890911,-0.3644644056876132,0.9216073249737345,-0.7006436474875954,0.9772759327463184
2024-2024093020gm-00a9-0000-4385d1bc-11-s3-d0,32,2,1.0732470959756029,1.3400337918719742,0.6999694071855629,0.4559545227821218,0.2667866958963714,0.5804051995706824,-0.37327768879004,0.6360191950174634,-0.6172925731934811,0.6114305206618409
2024-2024093020gm-00a9-0000-4385d1bc-11-s3-d0,48,2,0.4331019613709941,0.7183479836312472,0.44405528935749317,0.13653476258089844,0.2852460222602531,0.3929175520528622,0.010953327986499062,0.6352866047683172,-0.2965671987900957,0.41768445648107894
2024-2024093020gm-00a9-0000-4385d1bc-11-s3-d0,64,2,0.7427252649094953,0.9668844907610037,0.7069977225469302,0.514889184221829,0.22415922585150838,0.35829125723904803,-0.035727542362565146,0.5613729082880539,-0.22783608068766625,0.39555634879416585
2024-2024093020gm-00a9-0000-4385d1bc-13-s1-d6,16,3,7.198155974780903,7.819370720583279,7.884529059116616,7.345497306092923,0.6212147458023765,0.33282939331352746,0.6863730843357132,0.4122594505566219,0.14734133131202043,0.5490436463351118
2024-2024093020gm-00a9-0000-4385d1bc-13-s1-d6,32,2,7.8539361375302335,8.354599822338308,8.295296777833315,8.004095037292544,0.5006636848080745,0.2712210655856267,0.4413606403030812,0.4228667716818473,0.15015889976231023,0.352151237938218
2024-2024093020gm-00a9-0000-4385d1bc-13-s1-d6,48,3,7.627853869242808,7.776224294651807,7.989373745557813,7.725906216188508,0.14837042540899859,0.2833805269304086,0.3615198763150052,0.3449766747973436,0.09805234694569975,0.37790439403262466
2024-2024093020gm-00a9-0000-4385d1bc-13-s1-d6,64,2,7.4454337813196165,8.012108633210534,7.586180416045227,7.783560425583987,0.5666748518909177,0.3327057450119308,0.14074663472561078,0.2881673351773204,0.33812664426437067,0.3603394186014391
2024-2024092611gm-00a9-0000-4789b0e8-00-s3-d21,16,2,-0.49608789943158627,-0.16089344955980778,-0.7122249398380518,-0.7045731153339148,0.3351944498717785,0.23009600701734303,-0.21613704040646553,0.13063705210878057,-0.2084852159023285,0.14297243045699565
2024-2024092611gm-00a9-0000-4789b0e8-00-s3-d21,32,2,-0.5070104394108057,-0.00824075099080801,-0.7013474255800247,-0.7069185394793749,0.4987696884199977,0.20272393773248254,-0.19433698616921902,0.0920802515745103,-0.19990810006856918,0.09529383172262733
2024-2024092000gm-00a9-0000-c29ace67-01-s0-d4,16,3,4.0534506246913224,3.9271497891750187,4.230347843375057,4.227301417617127,-0.12630083551630378,0.3469819946558058,0.17689721868373454,0.4803782208462355,0.17385079292580485,0.477599027261106
2024-2024092000gm-00a9-0000-c29ace67-01-s0-d4,32,4,3.619312117458321,3.497731436858885,4.061414972646162,4.259365846286528,-0.12158068059943616,0.26473034010693763,0.44210285518784076,0.4323910993229534,0.6400537288282067,0.43242601846423134
2024-2024092000gm-00a9-0000-c29ace67-01-s0-d4,48,4,3.5878647431576005,3.3899463079093644,3.6190006482259682,3.799995229113847,-0.19791843524823585,0.18235676229007813,0.03113590506836772,0.37843874885796014,0.21213048595624664,0.3906084043164348
2024-2024092000gm-00a9-0000-c29ace67-01-s0-d4,64,3,3.561760049953591,3.4135405478882603,3.638864316686522,3.563283740193583,-0.14821950206533074,0.1368358964790833,0.07710426673293114,0.30538653344790595,0.0015236902399919927,0.3231757404435823
2024-2024092922gm-00a9-0000-d78d568e-10-s3-d9,16,2,4.586584533470159,5.0166436105719185,3.2473670818144456,4.251623417134397,0.4300590771017596,0.8393217113021041,-1.3392174516557134,0.9195393198982388,-0.3349611163357622,0.937065803547597
2024-2024092922gm-00a9-0000-d78d568e-10-s3-d9,32,1,5.1177247680134315,5.04703190600776,3.732459687482333,4.523707523447229,-0.07069286200567149,0.5556733494400008,-1.3852650805310986,0.5836401927606019,-0.5940172445662029,0.7191567976184634
2024-2024092922gm-00a9-0000-d78d568e-10-s3-d9,48,1,4.820946809454957,4.623263951029609,3.7298658440898484,4.702290590893729,-0.19768285842534775,0.4029408221726253,-1.0910809653651086,0.4875158179213939,-0.11865621856122743,0.6002795605803117
2024-2024092922gm-00a9-0000-d78d568e-10-s3-d9,64,1,5.046333035827502,5.026574938538033,3.8538978082942776,4.98604340586644,-0.019758097289468424,0.3992551173506673,-1.192435227533224,0.4502962731461368,-0.06028962996106202,0.49913434776470755
2024-2024092922gm-00a9-0000-d78d568e-01-s1-d2,16,4,-1.587236536666751,-2.212789671495557,-1.7648886246606708,-1.3742764042690396,-0.6255531348288059,0.425818830789399,-0.17765208799391985,0.22226625793541013,0.21296013239771128,0.2246853020862138
2024-2024092922gm-00a9-0000-d78d568e-01-s1-d2,32,3,-1.48548741848208,-1.4579126797616482,-1.3389596766792238,-1.343281485605985,0.027574738720431924,0.33263389757076656,0.14652774180285633,0.31077607171919325,0.14220593287609518,0.24059058759839647
2024-2024092922gm-00a9-0000-d78d568e-01-s1-d2,48,4,-1.053839307744056,-1.1112943571060896,-0.9468655303741494,-0.9386598657195767,-0.057455049362033606,0.33276744157814364,0.1069737773699065,0.3256117900170152,0.11517944202447931,0.2703802238297719
2024-2024092922gm-00a9-0000-d78d568e-01-s1-d2,64,4,-1.1771760263945907,-0.9672877450939268,-0.7985812819097191,-0.7833898323588073,0.20988828130066395,0.3094129681739434,0.3785947444848716,0.32050102249999607,0.3937861940357834,0.2837711202034074
2024-2024092000gm-00a9-0000-c29ace67-12-s0-d0,16,1,9.995414513652428,9.988571116268664,9.994926083381113,9.993635462700336,-0.0068433973837647155,0.005354130466074109,-0.0004884302713146216,0.0005950801505584512,-0.0017790509520925202,0.0009593928077955403
2024-2024092000gm-00a9-0000-c29ace67-12-s0-d0,32,2,9.988721857051125,9.989337266068445,9.974362423722019,9.979034020110133,0.00061540901731999,0.005047932016434298,-0.014359433329106275,0.018273430593750636,-0.009687836940992012,0.011139767757595152
2024-2024092000gm-00a9-0000-c29ace67-12-s0-d0,48,2,9.97720382785237,9.979732587915823,9.969767903108126,9.974251714030038,0.0025287600634537797,0.0038824195539374907,-0.0074359247442434455,0.01234734383094247,-0.0029521138223308485,0.007855858177432505
2024-2024092000gm-00a9-0000-c29ace67-12-s0-d0,64,2,9.979806411299363,9.980943428512415,9.974124529272089,9.976944822448385,0.0011370172130511502,0.0030956424838462586,-0.005681882027275209,0.009257922759059478,-0.00286158885098009,0.005956477217104638
2024-2024092905gm-00a9-0000-4f383722-06-s0-d2,16,3,-2.0369837206962984,-1.0667859926325036,-0.9955218696341035,-1.68486512410891,0.9701977280637948,0.5519749047860809,1.041461851062195,0.583366397696682,0.3521185965873883,0.6284129014004579
2024-2024092905gm-00a9-0000-4f383722-06-s0-d2,32,3,-2.024644859286127,-1.9027294519819407,-1.8959854009444825,-2.0508028238182305,0.12191540730418637,0.4468469345172313,0.1286594583416445,0.43692216318386273,-0.026157964532103506,0.4162169596194566
2024-2024092905gm-00a9-0000-4f383722-06-s0-d2,48,2,-2.0802434657610624,-2.0167132367872305,-2.052131875915317,-2.0682538153487258,0.06353022897383198,0.34621572569686615,0.028111589845745282,0.3596677278752609,0.011989650412336536,0.3537032985953412
2024-2024092905gm-00a9-0000-4f383722-06-s0-d2,64,3,-2.10320906142897,-2.111090565043014,-1.9012320568672294,-1.992038999844226,-0.00788150361404405,0.28427611779205203,0.20197700456174061,0.30502108569313546,0.11117006158474396,0.2756921566900867
2024-2024122817gm-00a9-0000-d56449ed-05-s1-d2,16,2,0.459661933593452,0.7735159602016211,0.21671659126877785,0.7474119677208364,0.3138540266081691,0.30410765225852854,-0.24294534232467413,0.4101979002399609,0.2877500341273844,0.30503995513052695
2024-2024122817gm-00a9-0000-d56449ed-05-s1-d2,32,3,0.41532158199697733,0.39755212888121605,0.43043378042057157,0.1901008861605078,-0.01776945311576128,0.22342151828889908,0.015112198423594236,0.26741764287332914,-0.22522069583646953,0.3413534331329202
2024-2024122817gm-00a9-0000-d56449ed-05-s1-d2,48,3,0.6715051097174486,0.6278421813622117,0.7753741095463434,0.3435624671789507,-0.04366292835523685,0.17839073893760027,0.10386899982889493,0.21594722222693916,-0.32794264253849786,0.25687127961741874
2024-2024122817gm-00a9-0000-d56449ed-05-s1-d2,64,3,0.8306651252205484,0.6939331151079386,0.9463174676056951,0.36157517961692065,-0.13673201011260971,0.16636728705560003,0.11565234238514677,0.21251283407626945,-0.4690899456036277,0.2672662539149586
2025-2025040921gm-00a9-0000-9f24706f-04-s1-d3,16,1,4.857705380534753,3.5102988625876606,3.7886245494592004,3.5497385864146054,-1.3474065179470927,0.7036731767123544,-1.0690808310755529,0.7372572335676506,-1.3079667941201478,0.7617755732218621
2025-2025040921gm-00a9-0000-9f24706f-04-s1-d3,32,1,5.419660779327387,4.2161258471314795,4.336355836741859,3.8422747212462127,-1.2035349321959075,0.4124808702765744,-1.083304942585528,0.41218898933882603,-1.5773860580811743,0.47575181746623624
2025-2025011015gm-00a9-0000-3c8247e4-09-s1-d6,16,2,3.8470453364807327,4.080047313381868,3.8723124483175013,3.5102182930887693,0.23300197690113578,0.21278269071793854,0.025267111836768663,0.16690841688645947,-0.33682704339196334,0.39541145161222946
2025-2025011015gm-00a9-0000-3c8247e4-09-s1-d6,32,2,3.6644147093992174,3.70222772209501,3.6417690616289207,3.5454585788543014,0.037813012695792736,0.14162614494596332,-0.022645647770296762,0.14732098856877854,-0.11895613054491605,0.2465159875606604
2025-2025011015gm-00a9-0000-3c8247e4-09-s1-d6,48,1,3.7249234929659565,3.6958538430705374,3.665283150677297,3.6756761964510383,-0.029069649895419047,0.11345180888543736,-0.059640342288659554,0.10496792807446476,-0.04924729651491836,0.2098785439954341
2025-2025011015gm-00a9-0000-3c8247e4-09-s1-d6,64,1,3.7359632669430294,3.6310790887743423,3.696283068296653,3.50694142909534,-0.10488417816868711,0.10561618842568775,-0.0396801986463764,0.08070664906793124,-0.2290218378476896,0.24231540669636994
2024-2024093020gm-00a9-0000-4385d1bc-03-s3-d7,16,1,1.614393902476877,0.14415077026933432,0.6776152015663683,1.0756093626841903,-1.4702431322075427,0.6673132574580904,-0.9367787009105086,0.8009659479107984,-0.5387845397926867,0.7114379917245184
2024-2024093020gm-00a9-0000-4385d1bc-03-s3-d7,32,1,0.967761303531006,0.45369564183056355,0.8659049544949085,0.6820851259399205,-0.5140656617004424,0.43195269289676,-0.10185634903609753,0.4991015762805987,-0.28567617759108543,0.3663839841471271
2024-2024093020gm-00a9-0000-4385d1bc-03-s3-d7,48,1,1.0157994087785482,0.48848955969636637,0.886255370763441,0.5420790044590831,-0.5273098490821818,0.356061460497281,-0.1295440380151073,0.4037621381918909,-0.47372040431946516,0.30653269333879984
2024-2024093020gm-00a9-0000-4385d1bc-03-s3-d7,64,1,1.0077483743662015,0.5945346655789763,0.7717821469996125,0.6077077477239072,-0.4132137087872252,0.27420303293661885,-0.235966227366589,0.31754408624629465,-0.40004062664229423,0.26455751190892085
2025-2025041520gm-00a9-0000-d292f784-01-s1-d5,16,2,-0.177996804472059,0.20011833729222417,-0.20255163591355085,-0.6875347082968801,0.3781151417642832,0.595054055287086,-0.024554831441491842,0.7409521911791807,-0.5095379038248211,0.8686703390809964
2025-2025041520gm-00a9-0000-d292f784-01-s1-d5,32,2,-0.26035826676525176,0.07220998383127153,-0.4804248698055744,-0.732684115297161,0.3325682505965233,0.30072773538780256,-0.22006660304032266,0.5834465390805847,-0.4723258485319093,0.5569847509919578
2025-2025041520gm-00a9-0000-d292f784-01-s1-d5,48,2,0.27754703746177256,0.34894097413052805,-0.3154446669407965,-0.8261919284705073,0.07139393666875549,0.2666415585182893,-0.5929917044025691,0.5129700534403306,-1.1037389659322798,0.51461522955117
2025-2025041520gm-00a9-0000-d292f784-01-s1-d5,64,2,0.04442438296973705,0.16960788281721761,-0.7071064276169636,-0.9730083541362546,0.12518349984748056,0.21102785006234695,-0.7515308105867007,0.42568711257542036,-1.0174327371059917,0.40854139978558845
2025-2025041017gm-00a9-0000-5584369a-09-s0-d19,16,4,6.134656608221121,6.153387873666361,6.247116681654006,6.314469574950635,0.018731265445239842,0.018731265445239842,0.11246007343288511,0.07306633760610959,0.1798129667295143,0.260873199203154
2025-2025041017gm-00a9-0000-5584369a-09-s0-d19,32,4,6.332266480894759,6.329253991076257,6.379130884888582,6.431538596982136,-0.0030124898185022175,0.01576110024724087,0.046864403993822634,0.03892690288790828,0.09927211608737707,0.12945661577179524
2025-2025041017gm-00a9-0000-5584369a-09-s0-d19,48,4,6.298718963827317,6.2636543149904655,6.313082123330484,6.331844052261052,-0.03506464883685112,0.03906197449118906,0.014363159503166875,0.049019933910286154,0.03312508843373507,0.09448963538670899
2025-2025041017gm-00a9-0000-5584369a-09-s0-d19,64,4,6.303741730836919,6.27744324420928,6.3244499762076885,6.32858554716222,-0.02629848662763834,0.02928142621989506,0.020708245370769873,0.038659955696796575,0.024843816325301304,0.0707025967782736
2025-2025041216gm-00a9-0000-3d010e8a-06-s2-d5,16,3,6.565743522151024,7.122455742715829,7.486991957281134,7.068917655735277,0.5567122205648047,0.5715783207522791,0.92124843513011,0.5137050377218114,0.5031741335842526,0.45597265314446794
2025-2025041216gm-00a9-0000-3d010e8a-06-s2-d5,32,3,6.5896572150195425,6.775000590723721,7.091338321861258,6.852840684539842,0.18534337570417847,0.3191806404976466,0.5016811068417155,0.3678554173313959,0.2631834695202997,0.3469167996310224
2025-2025041216gm-00a9-0000-3d010e8a-06-s2-d5,48,3,6.652631671177612,6.629104237953773,7.050408456743753,6.856012657828008,-0.023527433223838063,0.27987144230073924,0.39777678556614166,0.2956837870278291,0.20338098665039675,0.28140417500008247
2025-2025041216gm-00a9-0000-3d010e8a-06-s2-d5,64,3,6.718019386546985,6.737830668463175,6.932928495303713,6.728986704867566,0.019811281916190637,0.24404991215204472,0.21490910875672853,0.2677826876660943,0.010967318320581398,0.25506110170722696
2025-2025010923gm-00a9-0000-65e0833f-08-s3-d2,16,1,-1.814922137564281,-2.377252081525512,-2.784119828545954,-2.2081615251663607,-0.562329943961231,0.36410160907068706,-0.9691976909816731,0.4049267823488484,-0.39323938760207966,0.575787679602683
2025-2025010923gm-00a9-0000-65e0833f-08-s3-d2,32,1,-1.8357910603444907,-2.241230971645564,-2.2670102767369826,-1.9101336636595079,-0.40543991130107315,0.323939414496229,-0.43121921639249194,0.23361439344981913,-0.07434260331501719,0.3026086892207057
2025-2025010923gm-00a9-0000-65e0833f-08-s3-d2,48,4,-2.0120001228982196,-2.205848984012846,-2.4680857113028956,-1.9632670219725696,-0.19384886111462643,0.23213159552430712,-0.45608558840467595,0.20908030708617556,0.04873310092564983,0.27095852500924433
2025-2025010923gm-00a9-0000-65e0833f-08-s3-d2,64,1,-2.1800987494934816,-2.5553987766797945,-2.5413102178099507,-2.3499574412344373,-0.37530002718631295,0.2451197269324159,-0.3612114683164691,0.1868789169733071,-0.1698586917409557,0.2626809214907661
2025-2025040921gm-00a9-0000-9f24706f-06-s1-d7,16,1,5.8741373142859885,5.054125321905602,5.561768841760866,5.09801654538235,-0.8200119923803868,0.5611721490420932,-0.31236847252512234,0.45460835257595894,-0.7761207689036382,0.635762169860957
2025-2025040921gm-00a9-0000-9f24706f-06-s1-d7,32,1,5.186272754349922,4.752496661458828,4.735735402139042,4.563740311102414,-0.43377609289109387,0.3142645915005365,-0.45053735221087976,0.519143529362081,-0.6225324432475077,0.5398911900622302
2025-2025040921gm-00a9-0000-9f24706f-06-s1-d7,48,1,5.421148545427478,5.260677354738678,4.80894473453564,4.939899998337534,-0.16047119068880042,0.24993584038615196,-0.6122038108918378,0.4144741058859978,-0.4812485470899439,0.4227430006428232
2025-2025040921gm-00a9-0000-9f24706f-06-s1-d7,64,1,4.939707512260858,4.833838270190631,4.6843058269083295,4.445486962427204,-0.10586924207022719,0.18786713846336717,-0.2554016853525283,0.4597795780917178,-0.4942205498336536,0.3894419469250143
2024-2024122510gm-00a9-0000-281f1a32-00-s2-d8,16,3,-0.7484098174609244,0.1771828760392964,0.9678505500778556,0.34059325279667974,0.9255926935002208,0.46130441876312694,1.71626036753878,0.7499721578043865,1.0890030702576041,0.797378808400162
2024-2024122510gm-00a9-0000-281f1a32-00-s2-d8,32,3,-0.3671519064810127,-0.16598355979658663,0.27185014076530933,0.16989525011740625,0.20116834668442607,0.341521550959778,0.639002047246322,0.4620861186867886,0.537047156598419,0.4849298515545913
2024-2024122510gm-00a9-0000-281f1a32-00-s2-d8,48,3,0.26593790503587417,0.2853309113488649,0.5198415235572611,0.25157034769654274,0.019393006312990718,0.3482999686356723,0.25390361852138693,0.3919838493345821,-0.014367557339331446,0.43773525520068585
2024-2024122510gm-00a9-0000-281f1a32-00-s2-d8,64,3,0.12492333018963109,0.008531423654858372,0.23792798330214282,0.17212914896663278,-0.11639190653477272,0.29330815964999746,0.11300465311251173,0.3202388984605694,0.047205818777001696,0.36590172479380784
2024-2024092000gm-00a9-0000-e0b6f7b7-07-s3-d1,16,4,4.745058308089938,4.26141095883213,5.283661224057141,5.487822318809776,-0.48364734925780795,0.8974533560503797,0.5386029159672034,0.5373687343327201,0.7427640107198386,0.6404069313244095
2024-2024092000gm-00a9-0000-e0b6f7b7-07-s3-d1,32,3,5.479875481393719,4.851551628856214,5.4929226747908615,5.408754961154955,-0.6283238525375054,0.5545480632951332,0.01304719339714211,0.3947474099057815,-0.07112052023876458,0.5763264965844407
2024-2024092000gm-00a9-0000-e0b6f7b7-07-s3-d1,48,3,5.506472620167709,5.169626816294188,5.654824098578852,5.378237868334726,-0.3368458038735203,0.42316245610914976,0.1483514784111435,0.27325797782123545,-0.1282347518329819,0.5078669508346001
2024-2024092000gm-00a9-0000-e0b6f7b7-07-s3-d1,64,4,5.606395157723391,5.584415930429401,5.601470046099202,5.748089449775783,-0.021979227293989823,0.3515145476060941,-0.004925111624189071,0.29159234371855286,0.14169429205239226,0.4056140036223729
2025-2025122819gm-00a9-0000-ec66618b-05-s2-d6,16,1,0.5886497995816171,-0.725506754592061,-0.23513593163806945,-0.16436719661578536,-1.3141565541736782,0.9599789327294347,-0.8237857312196866,1.009943019850137,-0.7530169961974025,0.9236759678064529
2025-2025122819gm-00a9-0000-ec66618b-05-s2-d6,32,1,0.34014503423532005,-0.3266571224667132,-0.7662488693022169,-0.6494032361079007,-0.6668021567020332,0.6665950047363534,-1.106393903537537,0.6193689509585477,-0.9895482703432208,0.536245865125586
2025-2025122819gm-00a9-0000-ec66618b-05-s2-d6,48,1,-0.1380520564756201,-0.6735926145532479,-0.8711504420498386,-0.6348614898355057,-0.5355405580776278,0.48617795416640813,-0.7330983855742185,0.45785195206590934,-0.4968094333598856,0.4421080928524058
2025-2025122819gm-00a9-0000-ec66618b-05-s2-d6,64,1,0.0027926531693083234,-0.7101156699936837,-0.5873939263110515,-0.6038585856294958,-0.712908323162992,0.42005812610131216,-0.5901865794803598,0.3571577081205476,-0.6066512387988041,0.35725921584827364
2024-2024092000gm-00a9-0000-e0b6f7b7-01-s2-d14,16,4,0.3403735472820699,0.4357568114064634,0.24561983905732632,0.5279634930193424,0.09538326412439346,0.7386900897199108,-0.0947537082247436,0.9280970028017225,0.1875899457372725,0.7840160514520719
2024-2024092000gm-00a9-0000-e0b6f7b7-01-s2-d14,32,4,0.24739112495444715,0.03991123917512596,0.07644615927711129,0.7004814012907445,-0.2074798857793212,0.42429530651352143,-0.17094496567733586,0.5227475812218556,0.4530902763362974,0.4402403180369808
2024-2024092000gm-00a9-0000-e0b6f7b7-01-s2-d14,48,4,0.1697922949679196,0.012432592455297709,0.022850085825969774,0.33274335879832506,-0.15735970251262188,0.2994664984681405,-0.1469422091419498,0.3899920862802916,0.16295106383040547,0.3098793723785756
2024-2024092000gm-00a9-0000-e0b6f7b7-01-s2-d14,64,1,0.3201270686695352,0.09769190987572074,0.1944336729357019,0.23878775909543037,-0.22243515879381448,0.26208703668189126,-0.1256933957338333,0.32635061791668646,-0.08133930957410485,0.2680526936926941
2024-2024100219gm-00a9-0000-04bc459d-02-s1-d6,16,1,-1.955692794173956,-1.9690314219333231,-2.3128963545896113,-2.0240226797759533,-0.013338627759367228,0.26646486806535463,-0.3572035604156554,0.3879068032035128,-0.06832988560199738,0.473429959468867
2024-2024100219gm-00a9-0000-04bc459d-02-s1-d6,32,2,-2.3867619535158155,-2.2291324520483613,-2.384070096886717,-2.3648180668242276,0.15762950146745425,0.27371495726097356,0.0026918566290987656,0.4275737113931039,0.021943886691587977,0.40200624141574454
2024-2024100219gm-00a9-0000-04bc459d-02-s1-d6,48,4,-2.413310359804503,-2.132376841114213,-2.2361987193580717,-1.9803762242663652,0.28093351869028993,0.2825986522021546,0.17711164044643132,0.3493951749056338,0.4329341355381378,0.40051830618737855
2024-2024100219gm-00a9-0000-04bc459d-02-s1-d6,64,4,-2.2992811356307357,-2.127943561063148,-2.03680027712835,-1.8991526928875828,0.17133757456758758,0.225835701707355,0.26248085850238567,0.29832732771787485,0.40012844274315285,0.34062839972065445
2025-2025041520gm-00a9-0000-d292f784-01-s1-d1,16,2,-2.343333749566227,-2.260579088702798,-2.717467804905027,-2.5797447678633034,0.08275466086342931,0.16698462928245775,-0.37413405533879995,0.45917350476692237,-0.23641101829707623,0.5223572014534666
2025-2025041520gm-00a9-0000-d292f784-01-s1-d1,32,2,-2.305355347925797,-1.7231936736498028,-2.2128820449579507,-1.8224684237502515,0.5821616742759943,0.3847845953878823,0.0924733029678464,0.31884699078946965,0.4828869241755456,0.4996381454554682
2025-2025041520gm-00a9-0000-d292f784-01-s1-d1,48,2,-2.0566957775639216,-1.7719709397739887,-2.2739544023837275,-2.0120854632696137,0.2847248377899329,0.3691549599260193,-0.21725862481980585,0.39893950593613137,0.044610314294307805,0.44932499224091343
2025-2025041520gm-00a9-0000-d292f784-01-s1-d1,64,2,-2.1112670633228845,-1.9340565289821825,-2.0210279876191635,-2.0101728871522937,0.177210534340702,0.30470261893578743,0.09023907570372103,0.33404649764116867,0.1010941761705908,0.41027761284506004
2024-2024092523gm-00a9-0000-e7bdeed7-10-s0-d0,16,3,8.893307712808337,8.89115600459877,9.160944618176188,8.53211874861222,-0.002151708209567005,0.001855177189475346,0.26763690536785134,0.21540190181015823,-0.361188964196117,0.43362932852104585
2024-2024092523gm-00a9-0000-e7bdeed7-10-s0-d0,32,3,9.1052276870615,9.108233216077465,9.437428705393721,9.126600098725795,0.0030055290159651804,0.0032236497369167194,0.3322010183322206,0.20150506157928705,0.021372411664295043,0.27210002065453687
2024-2024092523gm-00a9-0000-e7bdeed7-10-s0-d0,48,3,9.160128729701787,9.193383924791874,9.394355459622437,9.231861280788985,0.033255195090087376,0.15493452205520644,0.23422672992064975,0.1355079543591162,0.07173255108719918,0.2467042859627621
2024-2024092523gm-00a9-0000-e7bdeed7-10-s0-d0,64,3,9.341438419001154,9.339272133964283,9.470118415795184,9.145080027456942,-0.0021662850368713293,0.11802757397911297,0.12867999679403042,0.11172032428290407,-0.1963583915442122,0.2382186292720745
2025-2025041204gm-00a9-0000-7c4cdbd5-01-s2-d6,16,1,-0.3837493909522891,-0.6851105000823736,-1.1325787454843521,-0.9570922730490565,-0.3013611091300845,0.6987643022662565,-0.748829354532063,0.6127474405333251,-0.5733428820967674,0.7567807582745063
2025-2025041204gm-00a9-0000-7c4cdbd5-01-s2-d6,32,1,0.06395217124372721,-0.30543970596045256,-0.40187174873426557,-0.6311557497829199,-0.36939187720417976,0.49948115383431746,-0.4658239199779928,0.5115580432414519,-0.6951079210266471,0.42141849279622384
2025-2025041204gm-00a9-0000-7c4cdbd5-01-s2-d6,48,1,0.02584365631143252,-0.23801303065071502,-0.2135520757486423,-0.4916358180344105,-0.26385668696214754,0.4070859889547329,-0.2393957320600748,0.4386699224898703,-0.517479474345843,0.3462869988506518
2025-2025041204gm-00a9-0000-7c4cdbd5-01-s2-d6,64,1,0.3515229260083288,0.08403132937382907,-0.2131626212503761,-0.1303186600562185,-0.26749159663449973,0.34000949263455793,-0.5646855472587049,0.3791812047013903,-0.4818415860645473,0.2820930683397206
2024-2024092101gm-00a9-0000-89973dff-06-s1-d8,16,4,9.248594246094612,9.062655802948782,9.365718874625813,9.421198748939194,-0.18593844314582952,0.23659436057912128,0.11712462853120087,0.07271255140199813,0.17260450284458084,0.13565378660290384
2024-2024092101gm-00a9-0000-89973dff-06-s1-d8,32,4,9.386385448446497,9.160415345071923,9.565789645149707,9.603897301570141,-0.22597010337457224,0.15809236335294738,0.17940419670320962,0.11593731844430959,0.21751185312364463,0.12884926153256285
2024-2024092101gm-00a9-0000-89973dff-06-s1-d8,48,3,9.464145900842425,9.223099724481456,9.568455964648956,9.56639532820966,-0.24104617636096806,0.1615259896333319,0.10431006380653181,0.07981149732853733,0.10224942736723482,0.1038513988443343
2024-2024092101gm-00a9-0000-89973dff-06-s1-d8,64,4,9.391823195682692,9.159888619080498,9.46264507928854,9.554193462051995,-0.23193457660219352,0.15286613239243343,0.07082188360584829,0.06075151432152045,0.16237026636930296,0.09836585882155617
2025-2025011102gm-00a9-0000-034cfa13-01-s2-d3,16,1,0.2594991270452738,-0.4688085578382015,-0.8326393701136112,-0.500885620713234,-0.7283076848834753,0.5363975648046526,-1.092138497158885,0.5145777018150727,-0.7603847477585077,0.36387324923308106
2025-2025011102gm-00a9-0000-034cfa13-01-s2-d3,32,1,-0.3981411028653383,-0.9655620330013335,-0.7865798221901059,-0.5084570590406656,-0.5674209301359951,0.33374485818248467,-0.3884387193247676,0.35625961002836276,-0.1103159561753273,0.2547541374618863
2025-2025011102gm-00a9-0000-034cfa13-01-s2-d3,48,1,-0.29148832708597183,-0.6525017929573854,-0.7558837831020355,-0.3712505005920927,-0.36101346587141353,0.2606031685006348,-0.4643954560160637,0.2916208839484702,-0.07976217350612085,0.21366880654044104
2025-2025011102gm-00a9-0000-034cfa13-01-s2-d3,64,1,-0.34421102970372885,-0.5796378152444959,-0.6406601564958692,-0.5880424334318377,-0.23542678554076701,0.20726221436378858,-0.2964491267921403,0.25409161140554287,-0.24383140372810885,0.23724796890273342
2025-2025041222gm-00a9-0000-8add91ad-06-s1-d7,16,4,-0.038845510222017765,-0.2351561989635229,-0.1225766777060926,0.014553104294463992,-0.19631068874150515,0.11845037782738185,-0.08373116748407483,0.11384949974688975,0.05339861451648176,0.24536103457615333
2025-2025041222gm-00a9-0000-8add91ad-06-s1-d7,32,4,-0.18172496394254267,-0.26707156747579575,-0.07846384821459651,-0.05615709244739264,-0.08534660353325307,0.063925843524306,0.10326111572794616,0.09534948419967795,0.12556787149515003,0.13433336692391032
2025-2025041222gm-00a9-0000-8add91ad-06-s1-d7,48,4,-0.19880418619140983,-0.20863119078179201,-0.06662186700850725,0.027660250896587968,-0.00982700459038218,0.08440175306206328,0.13218231918290257,0.0734943368124016,0.2264644370879978,0.135872846387721
2025-2025041222gm-00a9-0000-8add91ad-06-s1-d7,64,4,-0.2139648568117991,-0.22133511025458574,-0.09500034269876778,-0.009849214518908411,-0.007370253442786634,0.06313590506865704,0.11896451411303133,0.0580995040848804,0.2041156422928907,0.1049878442657252
2025-2025040921gm-00a9-0000-9f24706f-08-s2-d3,16,3,-9.161701638748127,-9.058740917826071,-8.564993354561011,-9.219761106283613,0.10296072092205577,0.2069138454487078,0.5967082841871161,0.5289818349051184,-0.058059467535485965,0.09531399275070082
2025-2025040921gm-00a9-0000-9f24706f-08-s2-d3,32,4,-9.117125025252463,-9.008634067102726,-8.771542181521404,-8.634381488870808,0.10849095814973708,0.10713023817027029,0.34558284373105863,0.26618660508613534,0.4827435363816548,0.3512943063706651
2025-2025040921gm-00a9-0000-9f24706f-08-s2-d3,48,4,-9.236291240003169,-9.149782672604607,-8.98610540522968,-8.984176739707015,0.08650856739856276,0.1342480109042559,0.25018583477348955,0.21058570092766365,0.2521145002961542,0.24691269365067445
2025-2025040921gm-00a9-0000-9f24706f-08-s2-d3,64,4,-9.189768300519127,-9.232110252602101,-9.166594281712865,-8.99576665530682,-0.04234195208297464,0.15157231044686692,0.023174018806262353,0.18789314800337373,0.19400164521230678,0.18528127515181042
2025-2025041217gm-00a9-0000-a3087215-08-s0-d9,16,1,-1.9684759294614196,-2.503141618799418,-3.232462889980525,-2.947270684875548,-0.5346656893379986,0.5352868778224164,-1.2639869605191052,0.8506626737433042,-0.9787947554141283,0.7077219612104145
2025-2025041217gm-00a9-0000-a3087215-08-s0-d9,32,1,-2.4355717321486736,-2.5136304915977234,-2.8610532035818323,-2.9797376497881487,-0.07805875944904983,0.34633764959858876,-0.42548147143315873,0.5135910865473059,-0.5441659176394751,0.3826118059667392
2025-2025041217gm-00a9-0000-a3087215-08-s0-d9,48,1,-2.1565345840669274,-2.2386512444184823,-2.8905055374683193,-2.9412171210472784,-0.08211666035155456,0.2381777880637737,-0.7339709534013915,0.42422622854677816,-0.7846825369803506,0.33511011784176087
2025-2025041217gm-00a9-0000-a3087215-08-s0-d9,64,1,-2.4107656497963035,-2.439259319087796,-2.9124768559704535,-2.904118946986273,-0.02849366929149255,0.18207809954915627,-0.50171120617415,0.3366258044062448,-0.49335329718996945,0.31272920422306394
2025-2025040921gm-00a9-0000-9f24706f-08-s0-d8,16,3,-4.259086297662407,-4.332320927903083,-3.691151281185739,-4.5651145951633225,-0.07323463024067678,0.6591446318948303,0.5679350164766674,0.41420750694017294,-0.30602829750091587,0.3985607791163031
2025-2025040921gm-00a9-0000-9f24706f-08-s0-d8,32,3,-4.560104851806386,-4.268578250520818,-4.065807480758849,-4.354023087681526,0.2915266012855682,0.37954210192306986,0.4942973710475371,0.36329829828424315,0.20608176412486046,0.4025168815293029
2025-2025040921gm-00a9-0000-9f24706f-08-s0-d8,48,3,-4.662307549226095,-4.070627031095,-4.063065094936671,-4.225528019761138,0.5916805181310943,0.31486511684463153,0.5992424542894241,0.36343983005333036,0.4367795294649568,0.36698360027186555
2025-2025040921gm-00a9-0000-9f24706f-08-s0-d8,64,2,-4.489252811103995,-4.018741305438823,-4.297551801688826,-4.217295435653568,0.4705115056651721,0.2386973917317942,0.1917010094151692,0.31532528156021966,0.27195737545042675,0.28774847425736433
2025-2025123121gm-00a9-0000-60ebef25-11-s1-d2,16,4,8.95103459030946,9.455182701122379,9.433859960658179,9.745865611332416,0.5041481108129197,0.8618109994040182,0.4828253703487201,0.8627277521041584,0.7948310210229549,0.7928717562766378
2025-2025123121gm-00a9-0000-60ebef25-11-s1-d2,32,2,9.363567942869121,9.535296351744401,9.393062197885564,9.315613822480296,0.17172840887528062,0.43211878849932883,0.02949425501644376,0.44907320339182355,-0.047954120388824295,0.48825223203723994
2025-2025123121gm-00a9-0000-60ebef25-11-s1-d2,48,3,9.387099006055246,9.48110953970322,9.571219104283214,9.523133878151059,0.0940105336479727,0.2877524813242176,0.1841200982279665,0.3378644219175598,0.13603487209581222,0.36141285700793363
2025-2025123121gm-00a9-0000-60ebef25-11-s1-d2,64,3,9.343503856572259,9.553462614434865,9.588060587824632,9.586929974273659,0.20995875786260726,0.2652292057051259,0.24455673125237457,0.2989840239706016,0.24342611770140088,0.31130682772887425
2025-2025041622gm-00a9-0000-82e8b63b-04-s1-d13,16,1,3.1661435780115426,1.9358550813049078,1.8576056153145828,-0.325652361381799,-1.2302884967066348,0.8851845152684782,-1.3085379626969598,1.3083927113840088,-3.4917959393933415,1.2062739948273848
2025-2025041622gm-00a9-0000-82e8b63b-04-s1-d13,32,1,2.487612124590669,1.6346964408876374,0.5178686544697371,-0.4033479932695627,-0.8529156837030314,0.7060493291642223,-1.9697434701209318,0.8533285033493407,-2.8909601178602315,0.9495184447314926
2025-2025041622gm-00a9-0000-82e8b63b-04-s1-d13,48,1,2.4278938523881757,1.238045386581992,0.8333784813404463,-0.4319440306474765,-1.1898484658061836,0.5467895798001874,-1.5945153710477296,0.6468921989221531,-2.8598378830356523,0.6840715225750976
2025-2025041311gm-00a9-0000-5f819544-10-s3-d2,16,3,1.290252661854538,-0.0033833729485195363,1.755437022582555,0.07972873922153667,-1.2936360348030576,0.7594424205728316,0.46518436072801705,0.5347805201142878,-1.2105239226330013,0.8472173803015809
2025-2025041311gm-00a9-0000-5f819544-10-s3-d2,32,3,0.49970995873536594,-0.2867490348194224,1.1160031675944992,-0.18090266273156885,-0.7864589935547883,0.6722509453050042,0.6162932088591333,0.578574979873719,-0.6806126214669348,0.5557358032447041
2025-2025041311gm-00a9-0000-5f819544-10-s3-d2,48,3,0.5183401520425832,0.2800349802143198,1.0854035554615014,0.22146561985755397,-0.23830517182826347,0.5597374901260178,0.5670634034189183,0.39880736381285425,-0.29687453218502924,0.5005195193317585
2025-2025041311gm-00a9-0000-5f819544-10-s3-d2,64,3,0.4804329402275016,-0.0576790550539954,0.8218221405652457,-0.09315109263980048,-0.538111995281497,0.4908323246923673,0.3413892003377441,0.3518858838417689,-0.5735840328673021,0.43204619053205323
2024-2024122418gm-00a9-0000-f2e7a0a6-03-s0-d11,16,1,9.805287214741043,9.743167781921557,nan,nan,-0.062119432819486065,0.03937449686838593,nan,nan,nan,nan
2024-2024122418gm-00a9-0000-f2e7a0a6-03-s0-d11,32,1,9.762015910723676,9.731266747225227,nan,nan,-0.030749163498448695,0.027055404446593954,nan,nan,nan,nan
2024-2024122418gm-00a9-0000-f2e7a0a6-03-s0-d11,48,1,9.75843754237735,9.742842780563336,nan,nan,-0.015594761814014646,0.02084900607001129,nan,nan,nan,nan
2024-2024122418gm-00a9-0000-f2e7a0a6-03-s0-d11,64,1,9.763585403262965,9.73392541457357,nan,nan,-0.02965998868939579,0.0179350273859785,nan,nan,nan,nan
2025-2025041618gm-00a9-0000-e2c616d9-10-s1-d3,16,2,9.955953106006794,9.96621411139653,9.94597703925482,9.955405314476273,0.01026100538973651,0.00984421671308892,-0.009976066751972823,0.0054862072866949125,-0.000547791530520314,0.011395602276121441
2025-2025041618gm-00a9-0000-e2c616d9-10-s1-d3,32,1,9.962679964525805,9.93854000467308,9.938402466152485,9.94776411128193,-0.024139959852723436,0.016271647329928047,-0.024277498373319162,0.009066526249778564,-0.014915853243874233,0.009482661401127917
2025-2025041618gm-00a9-0000-e2c616d9-10-s1-d3,48,2,9.932694003793927,9.941538844293987,9.923551662591967,9.922555288146958,0.008844840500061698,0.029257181350851237,-0.009142341201960372,0.03337720644105267,-0.01013871564696922,0.007309912011876712
2025-2025041618gm-00a9-0000-e2c616d9-10-s1-d3,64,2,9.941561128591443,9.94392760241236,9.93336871377953,9.931631701434863,0.002366473820917925,0.02243819530681637,-0.008192414811914794,0.025001508850841854,-0.009929427156578963,0.005714433329123172
2024-2024100219gm-00a9-0000-04bc459d-02-s3-d17,16,2,-1.491871458478272,-1.1769344648346305,-1.4252485716715455,-1.4252485716715455,0.31493699364364147,0.31493699364364147,0.06662288680672646,0.06662288680672646,0.06662288680672646,0.06662288680672646
2024-2024100219gm-00a9-0000-04bc459d-02-s3-d17,32,2,-1.3962606736458838,-1.238792176824063,-1.3743368037976325,-1.384602250996977,0.15746849682182074,0.1574684968218207,0.021923869848251343,0.03554999882478592,0.011658422648906708,0.05092146739807046
2024-2024100219gm-00a9-0000-04bc459d-02-s3-d17,48,2,-1.3795738434419036,-1.0494534183914463,-1.3505225830400984,-1.3718015616759658,0.3301204250504573,0.18660099189302765,0.02905126040180524,0.02752068808717526,0.007772281765937805,0.03377610414152766
2024-2024100219gm-00a9-0000-04bc459d-02-s3-d17,64,2,-1.3092502697836608,-1.0673537377733737,-1.3329216858837754,-1.34318713308312,0.24189653201028705,0.14101097880631316,-0.023671416100114584,0.04543462353636417,-0.03393686329945922,0.04719320109980786
2025-2025122914gm-00a9-0000-be67f40d-05-s3-d1,16,4,-3.5771915772929788,-3.676871018484235,-3.6997061618603766,-3.5305259358137846,-0.09967944119125605,0.16722935053950216,-0.12251458456739783,0.37618363013927286,0.046665641479194164,0.12585921467885128
2025-2025122914gm-00a9-0000-be67f40d-05-s3-d1,32,4,-3.5647905441001058,-3.3403959809802473,-3.348044045967981,-3.2793094818480313,0.2243945631198585,0.22324635057876527,0.21674649813212454,0.28267440948689226,0.2854810622520745,0.2086143322032336
2025-2025122914gm-00a9-0000-be67f40d-05-s3-d1,48,4,-3.6273222879196205,-3.208499784270922,-3.1797626786865294,-2.9952027881518006,0.41882250364869833,0.20107411151437615,0.4475596092330913,0.40072426128526367,0.63211949976782,0.43951809518282725
2025-2025122914gm-00a9-0000-be67f40d-05-s3-d1,64,4,-3.517396957089659,-3.5632838874007575,-3.3254221902461722,-3.2627230135258287,-0.045886930311098695,0.2398667946526868,0.19197476684348658,0.34720859171811497,0.2546739435638301,0.37882907896428164
2025-2025010923gm-00a9-0000-65e0833f-05-s3-d2,16,1,-3.7025224252138287,-5.73245882379706,nan,nan,-2.0299363985832315,0.7721363037030065,nan,nan,nan,nan
2025-2025010923gm-00a9-0000-65e0833f-05-s3-d2,32,1,-4.330310447548982,-5.544239695635042,nan,nan,-1.2139292480860604,0.5531251545100515,nan,nan,nan,nan
2025-2025010923gm-00a9-0000-65e0833f-05-s3-d2,48,1,-4.32855366403237,-5.376376085206478,nan,nan,-1.0478224211741083,0.49544780764591406,nan,nan,nan,nan
2025-2025010923gm-00a9-0000-65e0833f-05-s3-d2,64,1,-4.624161988351261,-5.253380843081686,nan,nan,-0.6292188547304249,0.41427228668154514,nan,nan,nan,nan
2025-2025040821gm-00a9-0000-b7ac449d-06-s3-d8,16,1,8.415979011326272,7.755474391466123,7.0609737165796105,7.231796292442596,-0.6605046198601485,0.37655076573559076,-1.355005294746661,0.49436966525307485,-1.184182718883676,0.5799706154928057
2025-2025040821gm-00a9-0000-b7ac449d-06-s3-d8,32,1,6.661053497180546,6.48499798408011,5.744154569227248,6.195469137019245,-0.17605551310043666,0.3784999949731103,-0.916898927953298,0.5421886188210868,-0.46558436016130145,0.4997830908358499
2025-2025040821gm-00a9-0000-b7ac449d-06-s3-d8,48,1,6.762439270452281,6.542610758886137,6.072684785881582,6.322011024269159,-0.21982851156614439,0.2923149362693376,-0.6897544845706989,0.3901932529401801,-0.440428246183122,0.38744146734419294
2025-2025040821gm-00a9-0000-b7ac449d-06-s3-d8,64,1,6.912128880246655,6.654431858929229,6.322285478504824,6.401918910903532,-0.25769702131742633,0.23066251503327623,-0.589843401741831,0.31604965467156376,-0.5102099693431228,0.33900006931140786
2024-2024122403gm-00a9-0000-ea9d4781-07-s1-d8,16,3,-0.6873606742592528,-0.8094548587687314,-0.3703291976125911,-1.1020056181587279,-0.12209418450947851,0.39508648629540566,0.31703147664666176,0.17827671257875188,-0.41464494389947504,0.5971101128109633
2024-2024122403gm-00a9-0000-ea9d4781-07-s1-d8,32,3,-0.34735393001756165,0.019322546126204543,0.20505020684504416,-0.19860752068052534,0.3666764761437662,0.38303966232920444,0.5524041368626058,0.29779011724313015,0.1487464093370363,0.5509097386348869
2024-2024122403gm-00a9-0000-ea9d4781-07-s1-d8,48,3,-0.5442904403995877,-0.06387192170950584,-0.007039027841528878,-0.2729641953580237,0.48041851869008195,0.32333901418268307,0.5372514125580589,0.2321524131976375,0.2713262450415641,0.4454179747689225
2024-2024122403gm-00a9-0000-ea9d4781-07-s1-d8,64,2,-0.48858680093690054,-0.10709639706328744,-0.14788291155855404,-0.48807643948384793,0.3814904038736131,0.3167605207468593,0.3407038893783465,0.2379402555462929,0.0005103614530526102,0.35987956764100115
2024-2024092313gm-00a9-0000-546f9980-02-s0-d7,16,1,4.753373303334229,4.101127657399047,3.7827588004874997,3.9411969810607843,-0.6522456459351815,0.8002638798339472,-0.970614502846729,0.7395231269557477,-0.8121763222734444,0.8139918541595057
2024-2024092313gm-00a9-0000-546f9980-02-s0-d7,32,1,5.167999644676456,4.779527418810176,4.345249156031059,4.322865673690103,-0.3884722258662805,0.4778956843085038,-0.8227504886453971,0.5027689878108071,-0.8451339709863532,0.6117982926914162
2024-2024092313gm-00a9-0000-546f9980-02-s0-d7,48,1,5.38406113537106,5.096233050164301,4.528463780647144,4.994037006632425,-0.28782808520675945,0.3505463320706174,-0.8555973547239167,0.42044506486118866,-0.3900241287386355,0.4627676509132912
2024-2024092313gm-00a9-0000-546f9980-02-s0-d7,64,1,5.326067471032729,5.209475037627271,4.674950330227148,4.834069570817519,-0.116592433405458,0.3097295000859251,-0.6511171408055816,0.3627226237724798,-0.4919979002152104,0.387200079814686
2025-2025122807gm-00a9-0000-c1328d8f-00-s3-d8,16,4,-0.6257331110537052,-0.6642296998761594,-0.3794115032069385,0.37915269704535604,-0.038496588822454214,0.21938911785596601,0.2463216078467667,0.5223733406378086,1.0048858080990613,0.6599907640739356
2025-2025122807gm-00a9-0000-c1328d8f-00-s3-d8,32,4,-0.12253554724156857,-0.13697794103063643,-0.3130837755743414,0.5378061409574002,-0.014442393789067864,0.15262762326424045,-0.19054822833277285,0.3000167419243561,0.6603416881989688,0.3566205704888033
2025-2025122807gm-00a9-0000-c1328d8f-00-s3-d8,48,4,-0.16572289044658342,-0.1787679116241634,-0.2069147041377922,0.15168862029289207,-0.01304502117757996,0.10325991768876494,-0.04119181369120876,0.2871020898725898,0.3174115107394755,0.2586283856474638
2025-2025122807gm-00a9-0000-c1328d8f-00-s3-d8,64,4,-0.06835850607603788,-0.24997333635110408,-0.2516335794935003,0.06304221099708229,-0.1816148302750662,0.11028908820860243,-0.1832750734174624,0.2402447713005147,0.13140071707312018,0.22114214927243306
2025-2025040821gm-00a9-0000-b7ac449d-07-s1-d14,16,1,-3.462073363829404,-5.111771487630904,-3.462073363829404,-4.855454144999385,-1.6496981238014996,0.681520104929255,0.0,0.0,-1.3933807811699808,0.5510183901295003
2025-2025040821gm-00a9-0000-b7ac449d-07-s1-d14,32,1,-2.7530574495904148,-4.674129448889289,-2.864131639711559,-3.639510589418933,-1.9210719992988743,0.4147424486491556,-0.11107419012114406,0.11107419012114406,-0.886453139828518,0.4397064559456097
2025-2025040821gm-00a9-0000-b7ac449d-07-s1-d14,48,1,-3.188616263369719,-4.502799254182416,-3.2531615623738617,-3.9596657985045263,-1.3141829908126965,0.3620931366932689,-0.06454529900414248,0.15322922670735314,-0.7710495351348072,0.40168860707018067
2025-2025040821gm-00a9-0000-b7ac449d-07-s1-d14,64,3,-3.2724136856850237,-4.453700049285544,-3.1954445432056673,-4.059562079433817,-1.1812863636005204,0.3087757547475361,0.07696914247935638,0.20604819982917166,-0.7871483937487938,0.33832614173739206
2025-2025011210gm-00a9-0000-65465afe-05-s1-d12,16,1,-1.823298699222505,-1.9566684123128653,-2.443726673722267,-2.4348714090301655,-0.13336971309036016,0.10611546648245995,-0.6204279744997621,0.3147199397477528,-0.6115727098076604,0.5795708534391439
2025-2025011210gm-00a9-0000-65465afe-05-s1-d12,32,1,-1.7788177910260856,-1.979123999364674,-2.0675244341837242,-1.9483042513893452,-0.20030620833858848,0.10343365208835939,-0.2887066431576386,0.24772262736175096,-0.16948646036325954,0.36194068698746584
2025-2025011210gm-00a9-0000-65465afe-05-s1-d12,48,1,-1.818419711664319,-1.899526017718017,-2.0328164955135435,-1.947239632466032,-0.08110630605369806,0.12292967865313105,-0.21439678384922445,0.1889165680988644,-0.1288199208017128,0.2833080648793987
2025-2025011210gm-00a9-0000-65465afe-05-s1-d12,64,4,-1.887660404550843,-1.898763713252265,-2.0866206335485913,-1.881784828248783,-0.011103308701422065,0.09969641151766181,-0.19896022899774835,0.2092071660162046,0.005875576302059926,0.22081507080634954
2025-2025041300gm-00a9-0000-884209f2-07-s1-d23,16,3,0.9204036556184292,0.9204036556184292,1.234636951237917,0.9204036556184292,0.0,0.0,0.31423329561948776,0.1990149087968145,0.0,0.0
2025-2025041300gm-00a9-0000-884209f2-07-s1-d23,32,3,1.4395448844879866,1.4980428256094456,1.6644309721887112,1.4555018998216838,0.05849794112145901,0.058497941121459,0.2248860877007246,0.11566348974476072,0.0159570153336972,0.10175320461375531
2025-2025041300gm-00a9-0000-884209f2-07-s1-d23,48,3,1.3471071769793828,1.4308070453504722,1.6012972816824913,1.4230126060235004,0.0836998683710893,0.04927512236268941,0.2541901047031085,0.09598983522609972,0.07590542904411753,0.08230163916629271
2025-2025041300gm-00a9-0000-884209f2-07-s1-d23,64,3,1.468793855048716,1.6026636416791007,1.6910032788291574,1.5257229268318042,0.13386978663038462,0.06721959007147549,0.22220942378044128,0.07514689745813354,0.05692907178308815,0.06170182905988371
2024-2024092220gm-00a9-0000-bb3aa554-03-s3-d2,16,1,-1.75220657302998,-2.2277928225230426,-1.9605109493713826,-2.235265017254278,-0.4755862494930625,0.2538925077554378,-0.20830437634140253,0.36945761118170123,-0.483058444224298,0.4240133536328605
2024-2024092220gm-00a9-0000-bb3aa554-03-s3-d2,32,1,-1.7202544455649331,-1.821365465526469,-2.0541730554541573,-2.4226721929153427,-0.10111101996153593,0.17465129956385758,-0.33391860988922417,0.32915792198953303,-0.7024177473504096,0.45467455799061196
2024-2024092220gm-00a9-0000-bb3aa554-03-s3-d2,48,1,-1.5896367822618533,-1.7865300488192588,-2.090516112977639,-2.4296919596381485,-0.19689326655740538,0.15544457331313646,-0.5008793307157854,0.3151511318671104,-0.8400551773762951,0.35324533143239595
2024-2024092220gm-00a9-0000-bb3aa554-03-s3-d2,64,1,-1.5970212004031055,-1.6651585202780552,-1.9659088712069206,-2.368162189493887,-0.06813731987494975,0.13799424633060797,-0.3688876708038151,0.2799259412555173,-0.7711409890907817,0.29342539833352677
2025-2025040815gm-00a9-0000-3be4a59c-06-s3-d11,16,4,-3.0463979057967663,-4.531537774833851,-4.515503539703786,-2.6111402586102486,-1.4851398690370843,1.0207467764494165,-1.46910563390702,1.145995167357658,0.4352576471865177,0.5665081012882213
2025-2025040815gm-00a9-0000-3be4a59c-06-s3-d11,32,4,-2.7809849265031517,-3.8455135207041167,-3.3310274004470557,-2.5910235103219748,-1.064528594200965,0.7898695612478491,-0.550042473943904,0.8560075995825344,0.1899614161811769,0.43499799822205937
2025-2025040815gm-00a9-0000-3be4a59c-06-s3-d11,48,4,-3.1699119498953223,-3.6530781822511926,-3.6907861013896763,-2.888867952860892,-0.4831662323558703,0.5981420572627937,-0.520874151494354,0.6040810274551994,0.2810439970344305,0.3057956459040922
2025-2025040815gm-00a9-0000-3be4a59c-06-s3-d11,64,4,-3.154313627630472,-3.715491371898679,-3.9676748261554167,-2.9435306298546493,-0.5611777442682069,0.49105278822654447,-0.8133611985249445,0.4908865065501311,0.21078299777582288,0.22925246931215731
2024-2024092013gm-00a9-0000-9cd6d54a-06-s1-d2,16,1,-2.901587219617795,-3.266848167142598,-3.702968171564862,-3.4828342389373574,-0.36526094752480276,0.2679713775072697,-0.8013809519470669,0.5883664786234487,-0.5812470193195622,0.6351413483248145
2024-2024092013gm-00a9-0000-9cd6d54a-06-s1-d2,32,2,-2.878255154355429,-2.753320337695186,-3.3631290125777014,-3.6845991475711344,0.12493481666024309,0.3226949688556545,-0.48487385822227225,0.5332866290172641,-0.8063439932157053,0.5076648599140849
2024-2024092013gm-00a9-0000-9cd6d54a-06-s1-d2,48,1,-3.0387635794274197,-3.0621090671338607,-3.2782829622010468,-3.8418331852784227,-0.02334548770644081,0.23557719299334404,-0.23951938277362692,0.4069364812616434,-0.8030696058510026,0.3878451258808779
2024-2024092013gm-00a9-0000-9cd6d54a-06-s1-d2,64,1,-3.1453035898448434,-3.162414513274598,-3.2240519434453745,-3.6265900740763755,-0.01711092342975462,0.18994943643551915,-0.07874835360053112,0.32644624247444004,-0.4812864842315321,0.31384408567948285
2025-2025041716gm-00a9-0000-248298e2-01-s0-d9,16,3,7.252543589798734,7.305561842513271,7.38281021581497,5.869744234805694,0.053018252714537084,0.5671437289039155,0.13026662601623684,0.47618760594649545,-1.3827993549930397,0.674744866416642
2025-2025041716gm-00a9-0000-248298e2-01-s0-d9,32,1,7.158414808054658,6.960074305716262,6.645984316688555,6.421815357767628,-0.19834050233839662,0.42823998361270527,-0.5124304913661035,0.4108580158450509,-0.7365994502870308,0.4564128849434273
2025-2025041716gm-00a9-0000-248298e2-01-s0-d9,48,1,6.808140242207931,6.586932763403941,6.648378203196141,6.151419778053726,-0.22120747880398994,0.31486219609942767,-0.15976203901179056,0.3500942373492955,-0.6567204641542048,0.34765200041379585
2025-2025041716gm-00a9-0000-248298e2-01-s0-d9,64,1,6.698110351275318,6.609301085285551,6.355821707300493,6.011542178701347,-0.08880926598976657,0.2758532249098491,-0.3422886439748254,0.29241269121958824,-0.6865681725739705,0.2896439627004801
2024-2024092922gm-00a9-0000-d78d568e-02-s3-d11,16,1,1.5752503350377083,1.2729960840661079,nan,nan,-0.3022542509716004,0.696178559755227,nan,nan,nan,nan
2024-2024092922gm-00a9-0000-d78d568e-02-s3-d11,32,1,1.4255874722730368,1.2773755096131936,nan,nan,-0.14821196265984327,0.4897257810704214,nan,nan,nan,nan
2024-2024092922gm-00a9-0000-d78d568e-02-s3-d11,48,1,1.37654486624524,1.0611320919512461,nan,nan,-0.3154127742939939,0.44608284009745164,nan,nan,nan,nan
2024-2024092922gm-00a9-0000-d78d568e-02-s3-d11,64,1,1.4121002163155936,1.0873639240744524,nan,nan,-0.3247362922411412,0.3556808048300231,nan,nan,nan,nan
2025-2025010923gm-00a9-0000-65e0833f-00-s2-d1,16,3,-0.6428401842713356,-0.28166563250124454,-0.23112612962722778,-0.6836675358936191,0.36117455177009106,0.3575282651003443,0.4117140546441078,0.3323676115338855,-0.04082735162228346,0.4623822179528564
2025-2025010923gm-00a9-0000-65e0833f-00-s2-d1,32,2,-0.5456612629350275,-0.128978785360232,-0.23250251705758274,-0.43864588579162955,0.4166824775747955,0.23226632448216125,0.31315874587744474,0.19413512434578306,0.10701537714339793,0.3785661376750592
2025-2025010923gm-00a9-0000-65e0833f-00-s2-d1,48,2,-0.5909787996982535,-0.19586267260213694,-0.4756376654841006,-0.38742445145423215,0.39511612709611654,0.21633367071198456,0.11534113421415289,0.16711624942646294,0.20355434824402133,0.29914015356818885
2025-2025010923gm-00a9-0000-65e0833f-00-s2-d1,64,2,-0.43691323162056506,-0.20095743890851736,-0.5450119230663404,-0.4567153154639527,0.2359557927120477,0.17790923488717317,-0.10809869144577533,0.17243880167693354,-0.019802083843387663,0.2557441501947512
2025-2025041017gm-00a9-0000-b39f2649-05-s3-d12,16,4,-1.6320171924307942,-2.0547513836063445,-1.4211552701890469,-1.2056787393521518,-0.4227341911755502,0.2915852673835849,0.21086192224174738,0.320165779013002,0.4263384530786425,0.7312741077040535
2025-2025041017gm-00a9-0000-b39f2649-05-s3-d12,32,3,-1.540676986798644,-1.7391461143270135,-1.1519698200863786,-1.4300381755456328,-0.19846912752836943,0.3350716366568237,0.38870716671226546,0.34823351162780164,0.11063881125301123,0.44427384848425944
2025-2025041017gm-00a9-0000-b39f2649-05-s3-d12,48,3,-1.5200003809295595,-1.5358767613846187,-0.8746832349182417,-1.4763627937063575,-0.01587638045505931,0.2579188595119625,0.6453171460113177,0.33225853968252084,0.04363758722320199,0.31707600943353564
2025-2025041017gm-00a9-0000-b39f2649-05-s3-d12,64,3,-1.3257436408748617,-1.3569953667320078,-0.8176512340141926,-1.3480060302536003,-0.031251725857146084,0.24416390522491446,0.5080924068606691,0.28982014944375845,-0.02226238937873859,0.29664126425737275
2025-2025011221gm-00a9-0000-22bab0de-08-s3-d12,16,1,-1.1417092584306374,-1.2725522262626328,-1.5598928138351766,-1.1529570478014648,-0.13084296783199534,0.6172286244298608,-0.4181835554045392,0.6890424911858603,-0.011247789370827377,0.6433750224732097
2025-2025011221gm-00a9-0000-22bab0de-08-s3-d12,32,2,-0.9338476880511735,-0.39938909135526046,-1.0591197856338113,-0.9820712869404815,0.534458596695913,0.44370976231681564,-0.1252720975826378,0.4391601828718064,-0.04822359888930805,0.5260021420580637
2025-2025011221gm-00a9-0000-22bab0de-08-s3-d12,48,2,-0.9598083597181054,-0.5778355226308728,-1.3422654033784056,-1.1261067165469285,0.3819728370872326,0.31821879960798966,-0.38245704366030014,0.37523599893385984,-0.16629835682882307,0.38307021317895623
2025-2025011221gm-00a9-0000-22bab0de-08-s3-d12,64,2,-0.9685587821004447,-0.7073268781241495,-1.3366756591822195,-1.3174981217671302,0.26123190397629514,0.25815555880468966,-0.3681168770817749,0.30193521669752366,-0.34893933966668556,0.30996602950886143
2025-2025041520gm-00a9-0000-d292f784-04-s0-d16,16,4,0.09180912678129971,-0.1233860517386347,-0.5042092563817278,0.2526774163125083,-0.21519517851993442,0.6014208708524487,-0.5960183831630275,0.549553583336837,0.16086828953120857,0.6170907505556947
2025-2025041520gm-00a9-0000-d292f784-04-s0-d16,32,4,-0.42544969537993893,-0.9372671635937877,-0.42380836559459567,0.02369464439107105,-0.5118174682138488,0.3857168056498101,0.0016413297853432596,0.41144899379625627,0.44914433977101,0.4290431779677549
2025-2025041520gm-00a9-0000-d292f784-04-s0-d16,48,4,-0.3806267657394831,-0.7917522365072122,-0.5516130873778214,-0.06161739393913498,-0.411125470767729,0.28574832201579164,-0.17098632163833827,0.3216925888357282,0.31900937180034816,0.3000758435164948
2025-2025041520gm-00a9-0000-d292f784-04-s0-d16,64,4,-0.6032713244785555,-0.9041836315009277,-0.8031487441039644,-0.4072668624103244,-0.30091230702237226,0.2387895712046834,-0.19987741962540895,0.250086106057126,0.19600446206823108,0.2646433245971854
2024-2024092922gm-00a9-0000-d78d568e-07-s1-d5,16,1,1.3414010857231915,0.685329380678013,0.4851225344464183,0.8093434141483158,-0.6560717050451785,0.5528475792872011,-0.8562785512767732,0.5633206165760017,-0.5320576715748757,0.731061294986282
2024-2024092922gm-00a9-0000-d78d568e-07-s1-d5,32,1,1.5144308862509206,0.8768025673925877,0.7671375216450542,0.758509047649568,-0.6376283188583329,0.39243822493286323,-0.7472933646058664,0.37903001162917804,-0.7559218386013526,0.5050315910392816
2024-2024092922gm-00a9-0000-d78d568e-07-s1-d5,48,1,1.1754795530578122,0.9428738198475912,1.031276856161033,0.9479400086177824,-0.23260573321022093,0.3127506432551275,-0.14420269689677903,0.34672049178260633,-0.2275395444400298,0.40664734199449004
2024-2024092922gm-00a9-0000-d78d568e-07-s1-d5,64,1,1.0608792059065308,1.0046933235425968,0.8014040585258044,0.8395417835999979,-0.05618588236393407,0.24492312397941338,-0.2594751473807264,0.3601496423393312,-0.22133742230653297,0.34851595551011993
2025-2025123121gm-00a9-0000-1ceba434-05-s0-d8,16,2,-3.755535544070881,-2.7580664921551943,nan,nan,0.9974690519156866,1.1029076533730195,nan,nan,nan,nan
2025-2025123121gm-00a9-0000-1ceba434-05-s0-d8,32,2,-3.5878657992871013,-3.3147240806138143,nan,nan,0.27314171867328696,0.6431993104895677,nan,nan,nan,nan
2025-2025123121gm-00a9-0000-1ceba434-05-s0-d8,48,2,-3.9542119304921166,-3.9236355082830414,nan,nan,0.030576422209075343,0.4496735286352548,nan,nan,nan,nan
2025-2025123121gm-00a9-0000-1ceba434-05-s0-d8,64,2,-4.165730130727752,-4.034450489009032,nan,nan,0.13127964171872009,0.3768377338741248,nan,nan,nan,nan
2025-2025011015gm-00a9-0000-3c8247e4-00-s2-d5,16,2,-0.16183071210980415,0.24237312469631433,-0.08392571285367012,-0.4695942234247923,0.4042038368061185,0.5240614122148843,0.07790499925613403,0.5868541915547189,-0.30776351131498814,0.48208848728348885
2025-2025011015gm-00a9-0000-3c8247e4-00-s2-d5,32,2,0.1819880004040897,0.469348362646997,-0.029575799591839314,-0.1791660189628601,0.2873603622429073,0.3895190100367603,-0.211563799995929,0.34452210994939664,-0.3611540193669498,0.3133760391524074
2025-2025011015gm-00a9-0000-3c8247e4-00-s2-d5,48,2,0.22062823828309774,0.5201988692084948,-0.08608992770314217,-0.2576181199401617,0.2995706309253971,0.2760281215283879,-0.3067181659862399,0.24954344557343214,-0.47824635822325945,0.26427956674825726
2025-2025011015gm-00a9-0000-3c8247e4-00-s2-d5,64,2,0.198399220360443,0.5279700646642596,-0.13429899187758565,-0.17638334422372282,0.32957084430381656,0.24255610572575625,-0.33269821223802865,0.19421337721890947,-0.3747825645841658,0.2124518157474997
2025-2025041716gm-00a9-0000-248298e2-00-s3-d2,16,4,-0.8796975323930383,-0.9969755820930004,-0.8451387733221054,-0.23851837310940027,-0.11727804969996214,0.5393129717106951,0.034558759070932865,0.40084388189589326,0.641179159283638,0.49103791956192017
2025-2025041716gm-00a9-0000-248298e2-00-s3-d2,32,4,-0.822903195861727,-0.6666358262300491,-0.7359512140974402,-0.28301011212170124,0.15626736963167787,0.3757269140218762,0.08695198176428676,0.27531622501302705,0.5398930837400258,0.3430912367823529
2025-2025041716gm-00a9-0000-248298e2-00-s3-d2,48,4,-0.5903068648961683,-0.706559877221783,-0.7997226087997357,-0.34629256278276443,-0.11625301232561469,0.29912115110338044,-0.2094157439035674,0.2568605693886097,0.24401430211340389,0.31994878995312226
2025-2025041716gm-00a9-0000-248298e2-00-s3-d2,64,4,-0.5126250645844266,-0.7503741574473679,-0.7728814051952213,-0.3839393958915025,-0.23774909286294132,0.2563444160804467,-0.2602563406107947,0.24758408634448828,0.12868566869292408,0.29326355305011154
2025-2025041622gm-00a9-0000-82e8b63b-02-s2-d4,16,4,0.5989819837268442,0.8423574545886368,1.1643882698845118,1.871239819796756,0.24337547086179256,0.33174934807615153,0.5654062861576676,0.6468541471942749,1.2722578360699117,0.9142588935726035
2025-2025041622gm-00a9-0000-82e8b63b-02-s2-d4,32,4,0.9444321988848969,0.9522597951581702,0.5836410460760817,1.3783662134082988,0.00782759627327323,0.2022663775133791,-0.36079115280881524,0.45742479560707994,0.43393401452340186,0.5997163962779807
2025-2025041622gm-00a9-0000-82e8b63b-02-s2-d4,48,2,1.2109051545266993,1.3195031191183564,0.7387406512474021,1.1599556935252622,0.10859796459165712,0.16927552838826493,-0.4721645032792973,0.4042317312383885,-0.05094946100143716,0.5256687870602997
2025-2025041622gm-00a9-0000-82e8b63b-02-s2-d4,64,2,1.1336952489655232,1.2166573993017664,0.5824440771830268,1.0741823578428011,0.08296215033624321,0.1768503568156079,-0.5512511717824964,0.3399732204859639,-0.05951289112272207,0.45926660105595773
2024-2024091915gm-00a9-0000-7030187d-06-s0-d8,16,2,-2.403484409675002,-2.1643400562461466,-2.4780278416583315,-2.796658458886668,0.23914435342885554,0.6728931555021739,-0.07454343198332936,0.5174042569530414,-0.393174049211666,0.46906008976162555
2024-2024091915gm-00a9-0000-7030187d-06-s0-d8,32,4,-2.335667921928689,-2.2234406729694456,-2.580369986302685,-2.1470328632276505,0.1122272489592433,0.33849147168061655,-0.2447020643739961,0.29691048978894147,0.18863505870103836,0.3638570055966024
2024-2024091915gm-00a9-0000-7030187d-06-s0-d8,48,4,-2.274144855036866,-2.231861329113599,-2.3998252696280056,-1.9321213106256134,0.04228352592326701,0.22610270809678185,-0.1256804145911398,0.22288911434424122,0.34202354441125254,0.2976333364038326
2024-2024091915gm-00a9-0000-7030187d-06-s0-d8,64,4,-2.1806219812860945,-2.1756665448338026,-2.361907156649977,-1.9398810503844288,0.004955436452291906,0.174554076927077,-0.18128517536388244,0.24274701557079034,0.2407409309016657,0.27538035442730296
2024-2024092000gm-00a9-0000-e0b6f7b7-07-s2-d15,16,2,3.586464931599039,4.476775196439121,3.2113283406361006,3.2113283406361006,0.8903102648400818,0.5573842811894304,-0.3751365909629385,0.3751365909629385,-0.3751365909629385,0.3751365909629385
2024-2024092000gm-00a9-0000-e0b6f7b7-07-s2-d15,32,2,3.9034274697278306,4.3485826021478715,3.3271710927365348,3.3271710927365348,0.4451551324200409,0.33992883303345395,-0.5762563769912958,0.27391956092956365,-0.5762563769912958,0.27391956092956365
2024-2024092000gm-00a9-0000-e0b6f7b7-07-s2-d15,48,2,3.836175948705204,4.36715199712368,3.257995892325804,3.257995892325804,0.5309760484184759,0.26619775465358725,-0.5781800563793998,0.2284280045365509,-0.5781800563793998,0.2284280045365509
2024-2024100121gm-00a9-0000-c39c6e95-13-s2-d10,16,1,-1.5173377385185631,-1.9824035759124854,-1.7468131770042419,-1.8735031914516185,-0.46506583739392227,0.3225319420452753,-0.22947543848567875,0.23607692022040086,-0.35616545293305535,0.3522208963064057
2024-2024100121gm-00a9-0000-c39c6e95-13-s2-d10,32,1,-1.6033892890661718,-1.8500728471656203,-1.7276181488643942,-1.8484708285297984,-0.24668355809944842,0.1637265129345642,-0.1242288597982224,0.11799771842144502,-0.24508153946362654,0.18345015484783558
2024-2024100121gm-00a9-0000-c39c6e95-13-s2-d10,48,1,-1.4491700429484808,-1.6714752713191956,-1.5721809674888998,-1.5788526758146872,-0.22230522837071476,0.15074879168993882,-0.12301092454041888,0.11760704374676409,-0.1296826328662064,0.15485742439268443
2024-2024100121gm-00a9-0000-c39c6e95-13-s2-d10,64,1,-1.610260125732907,-1.8466214522187556,-1.7432749529690454,-1.7471326772403017,-0.23636132648584862,0.11939150523443018,-0.13301482723613844,0.09289104606190916,-0.13687255150739475,0.13974692975603528
2025-2025041520gm-00a9-0000-d292f784-05-s3-d0,16,4,-0.23491368209943175,-0.023444547783583403,-0.779102633241564,0.3713552427943796,0.21146913431584835,0.26434964360213004,-0.5441889511421323,0.4399090665950984,0.6062689248938113,0.5545981627414469
2025-2025041520gm-00a9-0000-d292f784-05-s3-d0,32,2,0.5932453299319604,0.6868460475961911,0.13809252489591017,0.49072246720606927,0.09360071766423061,0.2778998918302047,-0.45515280503605027,0.29058050969256055,-0.10252286272589117,0.37927027502912436
2025-2025041520gm-00a9-0000-d292f784-05-s3-d0,48,1,0.7883084395143669,0.5277956550028952,0.394148085382767,0.3980556362172744,-0.2605127845114718,0.24161416757270343,-0.3941603541315999,0.20530727446311453,-0.3902528032970925,0.3222594001507299
2025-2025041520gm-00a9-0000-d292f784-05-s3-d0,64,1,0.7107756744735525,0.6099665240617469,0.5813571450125892,0.4132292494541616,-0.1008091504118056,0.22664695709414914,-0.12941852946096333,0.19356810394673374,-0.2975464250193909,0.2707155822912064
2024-2024122418gm-00a9-0000-47dd466b-01-s2-d7,16,1,0.21837496105581522,-0.1260248888283968,0.011334925889968872,-0.3210724121890962,-0.344399849884212,0.49088531881966785,-0.20704003516584635,0.5156217206182785,-0.5394473732449114,0.6065497299331267
2024-2024122418gm-00a9-0000-47dd466b-01-s2-d7,32,1,0.2281872327439487,0.012836199253797531,0.02021626429632306,-0.0900780928786844,-0.21535103349015117,0.33555089397286775,-0.20797096844762564,0.355080675398716,-0.3182653256226331,0.38098916531378685
2024-2024122418gm-00a9-0000-47dd466b-01-s2-d7,48,1,0.27153885706017417,-0.05229293120404085,-0.028984181272486847,-0.19414666093265018,-0.323831788264215,0.27413125106367225,-0.300523038332661,0.29893838649490423,-0.4656855179928243,0.29459656992460637
2024-2024122418gm-00a9-0000-47dd466b-01-s2-d7,64,1,0.26678537344560027,-0.048017724649980664,-0.12580069317482412,-0.2551709023537114,-0.31480309809558094,0.22253033570649902,-0.3925860666204244,0.2537117381993431,-0.5219562757993117,0.24643312335876064
2025-2025011200gm-00a9-0000-18c17918-08-s0-d2,16,3,9.103148357857876,9.203094477492776,9.423095345369255,9.096116344198297,0.0999461196349003,0.06733564347197746,0.3199469875113792,0.3181992072533947,-0.0070320136595780625,0.4966527629294478
2025-2025011200gm-00a9-0000-18c17918-08-s0-d2,32,4,8.521297364255059,8.407153242137838,8.905015568929425,8.964460477594619,-0.1141441221172208,0.14813636580928494,0.38371820467436635,0.3016033401651038,0.4431631133395606,0.3646221798605835
2025-2025011200gm-00a9-0000-18c17918-08-s0-d2,48,4,8.626733110205372,8.52180969680343,8.890956421618712,8.99075438271848,-0.10492341340194145,0.10102925393392631,0.2642233114133414,0.20171079940818115,0.36402127251310795,0.2469509816934224
2025-2025011200gm-00a9-0000-18c17918-08-s0-d2,64,3,8.627272252777498,8.68862044576469,8.99620795392035,8.75937607221438,0.0613481929871913,0.1267574852643939,0.3689357011428518,0.21124485278406194,0.13210381943688287,0.27844656219114683
2025-2025122807gm-00a9-0000-c1328d8f-04-s2-d7,16,4,-3.6972787357954076,-3.5337479166919366,-3.9610397844808176,-3.4462676232215017,0.163530819103471,0.40483438095160895,-0.26376104868541006,0.29154824921358863,0.25101111257390585,0.516620394100489
2025-2025122807gm-00a9-0000-c1328d8f-04-s2-d7,32,4,-3.555716291120916,-3.386967848346103,-3.4755562681821175,-3.150278437300585,0.16874844277481316,0.2357554947145326,0.08016002293879865,0.18678368743106347,0.40543785382033093,0.2979835093575915
2025-2025122807gm-00a9-0000-c1328d8f-04-s2-d7,48,4,-3.319917642894628,-3.412040163297206,-3.3261739895679057,-2.9822380593201765,-0.09212252040257833,0.207129077757016,-0.006256346673277828,0.20024930621417897,0.3376795835744512,0.2531551100891982
2025-2025122807gm-00a9-0000-c1328d8f-04-s2-d7,64,4,-3.22756204576217,-3.399270642141346,-3.2454116052249447,-2.89103433029959,-0.17170859637917602,0.1725096344867859,-0.017849559462774778,0.17635371835552255,0.3365277154625801,0.1976540676347659
2025-2025123121gm-00a9-0000-60ebef25-09-s0-d4,16,3,-6.606569402851164,-6.186869524128269,-5.757502703461796,-7.750880782972672,0.41969987872289494,0.6572505738519617,0.8490666993893683,0.7160024272889524,-1.1443113801215077,0.5384013164261428
2025-2025123121gm-00a9-0000-60ebef25-09-s0-d4,32,3,-6.665231154845969,-6.639838764102024,-6.282839758634509,-7.913622588330327,0.025392390743945725,0.4547996055085325,0.38239139621146023,0.5661252558644063,-1.2483914334843575,0.3899886525224294
2025-2025123121gm-00a9-0000-60ebef25-09-s0-d4,48,3,-6.921599932497581,-6.83591191930221,-6.421080818045691,-7.9442012812639105,0.08568801319537063,0.3136620747918132,0.5005191144518903,0.44737771355600153,-1.0226013487663295,0.2822952920602826
2025-2025123121gm-00a9-0000-60ebef25-09-s0-d4,64,3,-6.777439446263088,-6.890195314855646,-6.537236128891891,-8.015038334855944,-0.11275586859255782,0.281558136937139,0.24020331737119704,0.34964370595876604,-1.2375988885928564,0.2854873110291467
2024-2024122418gm-00a9-0000-47dd466b-03-s1-d5,16,3,0.7377736270427704,0.7367471242323518,1.2664297502487898,0.1765637407079339,-0.0010265028104186058,0.30687533760174235,0.5286561232060194,0.35550614200207004,-0.5612098863348365,0.5297925553894234
2024-2024122418gm-00a9-0000-47dd466b-03-s1-d5,32,3,0.7832598781678826,0.7303852611221373,0.8740540598519146,0.2735468540340662,-0.052874617045745254,0.18336744937812946,0.09079418168403208,0.26409605460848484,-0.5097130241338164,0.3777140744338411
2024-2024122418gm-00a9-0000-47dd466b-03-s1-d5,48,3,0.9536385894753039,0.9472573725506663,0.996417209195594,0.3828203321124117,-0.006381216924637556,0.13463677938276924,0.0427786197202901,0.1922840461388083,-0.5708182573628923,0.29117636229071325
2024-2024122418gm-00a9-0000-47dd466b-03-s1-d5,64,1,1.0743325590156019,1.0445360721787438,0.9118536089081317,0.490327377920039,-0.029796486836858094,0.11013241697083329,-0.16247895010747015,0.18997472763019974,-0.5840051810955629,0.2364568359226068
2024-2024092905gm-00a9-0000-4f383722-04-s0-d11,16,4,-1.2110739399213344,-1.178379904711619,-0.5929419610183686,-0.3857339422684163,0.032694035209715366,0.41224119622408506,0.6181319789029658,0.4994766228644623,0.8253399976529181,0.40846704571246056
2024-2024092905gm-00a9-0000-4f383722-04-s0-d11,32,3,-1.2544257959234528,-1.2536606879439205,-0.8036830009659752,-0.8930796193890274,0.0007651079795323312,0.4185017012479812,0.4507427949574776,0.36275813582705424,0.36134617653442547,0.3691236432037012
2024-2024092905gm-00a9-0000-4f383722-04-s0-d11,48,3,-1.0746959444368258,-1.1421111250141014,-0.6552340966882184,-0.8737478602367142,-0.06741518057727565,0.3655533546775595,0.4194618477486074,0.3084550334359699,0.20094808420011154,0.3256010950298987
2024-2024092905gm-00a9-0000-4f383722-04-s0-d11,64,3,-1.3259415907377843,-1.0813947168790037,-0.6234840502438601,-0.7428567159222439,0.2445468738587806,0.32894193095273655,0.7024575404939242,0.2941149543972653,0.5830848748155404,0.2874564954507681
2025-2025010923gm-00a9-0000-65e0833f-00-s3-d6,16,1,0.2335771443322301,-0.4213908575475216,-0.20070359576493502,-0.5944679584354162,-0.6549680018797517,0.3591867435616406,-0.4342807400971651,0.6987718751049296,-0.8280451027676463,0.6407408419263231
2025-2025010923gm-00a9-0000-65e0833f-00-s3-d6,32,3,-0.052233094815164804,-0.11823531333357096,-0.006026327144354582,-0.4185051033273339,-0.06600221851840615,0.24343398238165143,0.04620676767081022,0.3927215411499205,-0.3662720085121691,0.3624166759442973
2025-2025010923gm-00a9-0000-65e0833f-00-s3-d6,48,2,-0.23113221333672604,-0.01393945204714934,-0.2357069617137313,-0.6036892073849837,0.21719276128957668,0.21801703157839095,-0.0045747483770052595,0.26937622686617213,-0.37255699404825765,0.24676223006357134
2025-2025010923gm-00a9-0000-65e0833f-00-s3-d6,64,1,-0.16311496391426772,-0.23023901390843093,-0.17043756309431046,-0.5373695380985737,-0.06712404999416322,0.24517460183040293,-0.007322599180042744,0.2327267766224466,-0.37425457418430597,0.20157827241192466
2024-2024092000gm-00a9-0000-e0b6f7b7-05-s2-d5,16,2,3.733939564874163,4.742851380513457,4.727298963058274,4.378319207840832,1.0089118156392942,0.718039703121691,0.9933593981841113,0.8237530053771172,0.644379642966669,0.7479466640742621
2024-2024092000gm-00a9-0000-e0b6f7b7-05-s2-d5,32,2,4.399503711141733,4.9352615857969795,4.719558241580671,4.80161517693341,0.5357578746552463,0.4195011494951793,0.32005453043893795,0.47259174261123893,0.4021114657916769,0.4116152585807242
2024-2024092000gm-00a9-0000-e0b6f7b7-05-s2-d5,48,2,4.261613884351391,4.930229589500716,4.574801612179726,4.7896237081810495,0.6686157051493259,0.3315300364244343,0.3131877278283355,0.38675461724201704,0.5280098238296583,0.33255537279007813
2024-2024092000gm-00a9-0000-e0b6f7b7-05-s2-d5,64,2,4.3198081377031485,4.883498697390678,4.6819391529825225,4.671916013312966,0.5636905596875295,0.26098774635854377,0.36213101527937397,0.3248119573429409,0.3521078756098177,0.325615239451467
2025-2025041612gm-00a9-0000-17df09bd-05-s2-d2,16,3,0.2754081487073563,0.20280313710100017,0.3749357209599111,0.1979249619471375,-0.07260501160635613,0.25288982883647443,0.09952757225255482,0.7294866709407489,-0.07748318676021881,0.63790421745338
2025-2025041612gm-00a9-0000-17df09bd-05-s2-d2,32,3,0.40008012103498913,0.04018152003118303,0.40319713069766294,0.2243206642306177,-0.3598986010038061,0.36744952941179787,0.0031170096626738086,0.5397518644714523,-0.17575945680437144,0.507791335175626
2025-2025041612gm-00a9-0000-17df09bd-05-s2-d2,48,3,0.2926846357683341,0.20199248627007668,0.6762769498806543,0.23330058735276302,-0.0906921494982574,0.3416275902548109,0.3835923141123203,0.4128864936968719,-0.059384048415571065,0.42428571556320427
2025-2025041612gm-00a9-0000-17df09bd-05-s2-d2,64,3,0.09968823016970418,-0.059194262069468095,0.23544186917297338,-0.014549286442161247,-0.15888249223917228,0.2636899937313585,0.1357536390032692,0.3391208528419357,-0.11423751661186543,0.34609879371546776
2024-2024123020gm-00a9-0000-d4b5e627-01-s3-d3,16,4,-0.781627744436264,-0.757431261241436,-0.5776107534766197,-0.2227875292301178,0.024196483194828033,0.024196483194828033,0.20401699095964432,0.260283995885266,0.5588402152061462,0.46039145969576256
2024-2024123020gm-00a9-0000-d4b5e627-01-s3-d3,32,4,-0.7060655356617644,-0.7214297150494531,-0.7490948932245374,-0.5497142309322953,-0.015364179387688637,0.030364243884680935,-0.04302935756277293,0.30014569885737535,0.15635130472946912,0.38769127813089554
2024-2024123020gm-00a9-0000-d4b5e627-01-s3-d3,48,3,-0.5676274295741072,-0.628134311720108,-0.5614830244642993,-0.6005845819599926,-0.06050688214600086,0.10786356709220003,0.006144405109807849,0.24548415941076882,-0.032957152385885514,0.33134582052614886
2024-2024123020gm-00a9-0000-d4b5e627-01-s3-d3,64,3,-0.5738265949185006,-0.6335027564200573,-0.5063703778432682,-0.576365546672605,-0.059676161501556635,0.08215318701631531,0.06745621707523242,0.19215673745379333,-0.002538951754104346,0.2515479610788781
2025-2025123119gm-00a9-0000-4c392a7b-06-s0-d21,16,3,-0.6561940496321768,-0.8768702358938754,6.041296240524389,0.33015006594359875,-0.2206761862616986,0.24874080119819178,6.697490290156566,0.37764092117963405,0.9863441155757755,0.8806659937147431
2025-2025123119gm-00a9-0000-4c392a7b-06-s0-d21,32,3,-0.8894021082669497,-0.8574195391265675,5.827343845972791,0.008934789977502078,0.03198256914038211,0.17158739863192918,6.716745954239741,0.36144083916952213,0.8983368982444517,0.5328986536447298
2025-2025123119gm-00a9-0000-4c392a7b-06-s0-d21,48,3,-0.7765725677988181,-0.7552508550385634,6.07613933897422,-0.08568561488452058,0.02132171276025474,0.11380275695121887,6.852711906773038,0.2711775634629359,0.6908869529142976,0.3864988771149615
2025-2025123119gm-00a9-0000-4c392a7b-06-s0-d21,64,3,-0.7292140242061578,-0.6589994385140017,6.101834933768259,0.05300904207979329,0.0702145856921561,0.10079892377513967,6.831048957974417,0.2418326380405591,0.7822230662859511,0.3456665363241751
2025-2025011217gm-00a9-0000-dafeed52-08-s1-d10,16,1,-2.3180496822169516,-2.3180496822169516,-3.8627541845780797,-4.14858925515,0.0,0.0,-1.544704502361128,1.433646294586599,-1.8305395729330485,1.127702354589711
2025-2025011217gm-00a9-0000-dafeed52-08-s1-d10,32,1,-2.6226199843076756,-2.802855538771837,-4.958114831068087,-5.12402217302224,-0.1802355544641614,0.18023555446416137,-2.3354948467604117,0.988567543347307,-2.5014021887145645,0.7866611810022464
2025-2025011217gm-00a9-0000-dafeed52-08-s1-d10,48,1,-2.7741672433233666,-2.9884897043327023,-5.381630652448318,-5.4521626310282345,-0.21432246100933602,0.15275509603879828,-2.6074634091249513,0.7273420515863852,-2.6779953877048683,0.5864859337974444
2025-2025011217gm-00a9-0000-dafeed52-08-s1-d10,64,1,-2.4903313565882854,-2.615155868617876,-5.3775505382800475,-4.888720841136092,-0.12482451202959055,0.12110343525891612,-2.887219181691762,0.6328708791422676,-2.398389484547806,0.5132059689440547
2024-2024092220gm-00a9-0000-bb3aa554-02-s1-d1,16,1,-1.9236626755446196,-3.1835040592122823,-3.0380737588275224,-3.4914228222332895,-1.2598413836676627,1.0043198134620206,-1.1144110832829028,0.994335685522146,-1.56776014668867,1.0279242573888008
2024-2024092220gm-00a9-0000-bb3aa554-02-s1-d1,32,1,-1.6775848532561213,-2.5767486533441115,-2.5653409757942427,-3.0788739379495382,-0.8991638000879902,0.7734365450353881,-0.8877561225381214,0.7618987428053693,-1.401289084693417,0.6249020576815641
2024-2024092220gm-00a9-0000-bb3aa554-02-s1-d1,48,1,-1.9067651698132977,-2.519207407584569,-2.4767389054371356,-2.749889579213535,-0.6124422377712714,0.5207236732954396,-0.5699737356238378,0.5683462163704135,-0.8431244094002371,0.6232672549567955
2024-2024092220gm-00a9-0000-bb3aa554-02-s1-d1,64,1,-2.144505636446411,-2.5124646939948434,-2.572811760168406,-3.1990876106137875,-0.3679590575484326,0.4093754833746967,-0.4283061237219954,0.42716910950083486,-1.0545819741673768,0.5123494320090467
2025-2025041222gm-00a9-0000-8add91ad-00-s1-d1,16,1,-0.9139018356800079,-1.33747960627079,-1.6206060890108347,-1.2328106667846441,-0.42357777059078217,0.3337903987085299,-0.7067042533308268,0.3662382137045827,-0.3189088311046362,0.18799863479821605
2025-2025041222gm-00a9-0000-8add91ad-00-s1-d1,32,1,-0.7520212242379785,-1.0577856376767159,-0.951978764962405,-0.985686288040597,-0.3057644134387374,0.1733658485781413,-0.1999575407244265,0.25881624960715927,-0.23366506380261853,0.11002009322522929
2025-2025041222gm-00a9-0000-8add91ad-00-s1-d1,48,1,-0.6519878031685948,-0.7203424430141846,-0.6754106904069582,-0.8736741156705344,-0.0683546398455898,0.1465914615138981,-0.023422887238363426,0.195179426032627,-0.22168631250193963,0.11754830481163092
2025-2025041222gm-00a9-0000-8add91ad-00-s1-d1,64,3,-0.6171243076678365,-0.6139921097783372,-0.4190397406928241,-0.9301479676796589,0.0031321978894993663,0.14510466835024644,0.19808456697501242,0.1870879512057719,-0.31302366001182236,0.1840606256923239
2025-2025011200gm-00a9-0000-18c17918-16-s1-d6,16,1,1.637313582733782,-1.2398242778751865,0.6683382365492889,-1.1064738788900286,-2.8771378606089684,0.9424601484960176,-0.968975346184493,1.543806316250649,-2.7437874616238105,1.240612520498196
2025-2025011200gm-00a9-0000-18c17918-16-s1-d6,32,3,0.32123306595320855,-1.1130882104129114,0.9584268080785705,-1.2539123679662225,-1.43432127636612,0.6584032805924891,0.637193742125362,0.9966665637344474,-1.575145433919431,0.7219957190879178
2025-2025011200gm-00a9-0000-18c17918-16-s1-d6,48,3,-0.21593889643808475,-0.9351375844595017,0.3802068020538627,-1.6395855951056244,-0.7191986880214168,0.6351281429584428,0.5961456984919474,0.7325993459674116,-1.4236466986675396,0.5178561026608467
2025-2025011200gm-00a9-0000-18c17918-16-s1-d6,64,3,-0.14624008160453172,-0.747549128898001,0.2889273410785904,-1.9169790222636038,-0.6013090472934692,0.6176018536889457,0.43516742268312214,0.6584256403686646,-1.7707389406590721,0.5438711042658119
2024-2024100103gm-00a9-0000-6b5f32dc-02-s0-d10,16,4,-6.4958986402489245,-6.44811045518145,-6.390093845315278,-5.930392625741661,0.04778818506747484,0.42004903901059387,0.10580479493364692,0.2523971468225277,0.5655060145072639,0.44228240900392574
2024-2024100103gm-00a9-0000-6b5f32dc-02-s0-d10,32,4,-6.38678536482621,-6.2597571378573775,-6.3484067192766815,-6.035918259294704,0.12702822696883231,0.3419073173261469,0.0383786455495283,0.3294183769220014,0.35086710553150624,0.3293347935434459
2024-2024100103gm-00a9-0000-6b5f32dc-02-s0-d10,48,4,-6.2167882336458815,-6.162217310940226,-6.226640277852614,-6.123060297220945,0.0545709227056553,0.27747587889641856,-0.009852044206733504,0.28269733214400405,0.09372793642493586,0.2789103177157048
2024-2024100103gm-00a9-0000-6b5f32dc-02-s0-d10,64,2,-6.040319439431187,-5.977705819532275,-6.243914523744024,-6.111958476249129,0.06261361989891157,0.21577324284451324,-0.20359508431283757,0.23811131230140387,-0.07163903681794181,0.23417085353537517
2024-2024091915gm-00a9-0000-7030187d-00-s3-d11,16,3,1.7959348447620869,1.8732532421126962,2.1171623654663563,-0.45249541476368904,0.0773183973506093,0.5245630960525272,0.3212275207042694,0.571644184484198,-2.248430259525776,0.6721562965069646
2024-2024091915gm-00a9-0000-7030187d-00-s3-d11,32,3,1.6261715181171894,1.7077521074097604,1.838065312243998,-0.5507639008574188,0.08158058929257095,0.41240360947783244,0.21189379412680864,0.3304923796511069,-2.176935418974608,0.4899066775422944
2024-2024091915gm-00a9-0000-7030187d-00-s3-d11,48,3,1.6797511881838243,1.7682352682265143,1.796033759911855,-0.47639037513484556,0.08848408004269004,0.30761747490243263,0.11628257172803085,0.27474087040228057,-2.15614156331867,0.37965139434019834
2024-2024091915gm-00a9-0000-7030187d-00-s3-d11,64,1,1.5510229568462819,1.5371521139750257,1.5265278574079275,-0.35254589072428644,-0.013870842871256173,0.26185316997707636,-0.024495099438354373,0.3123009881687142,-1.9035688475705683,0.3468467636238496
2024-2024100200gm-00a9-0000-0aacab28-05-s2-d15,16,2,5.07751697380445,5.229490327168605,5.179598902803264,5.012701767729595,0.15197335336415563,0.15197335336415563,0.10208192899881396,0.16308283161205064,-0.06481520607485436,0.3980824264117619
2024-2024100200gm-00a9-0000-0aacab28-05-s2-d15,32,2,5.337034030832001,5.407159519229026,5.356191738123016,5.029702802508837,0.07012548839702504,0.08689030943770998,0.019157707291014958,0.08740760356714235,-0.3073312283231644,0.24478598089199302
2024-2024100200gm-00a9-0000-0aacab28-05-s2-d15,48,1,5.272090185579145,5.224654165440977,5.24126195119364,4.867148671978309,-0.04743602013816902,0.0864265617784622,-0.03082823438550501,0.07111681516769257,-0.4049415136008368,0.1836596182948719
2024-2024100200gm-00a9-0000-0aacab28-05-s2-d15,64,3,5.247623881423351,5.2445088871900225,5.249674171265951,4.831104511031299,-0.0031149942333286162,0.07263975975478006,0.0020502898426002503,0.063305682512567,-0.4165193703920522,0.1644844238125267
2024-2024092313gm-00a9-0000-324a20ee-01-s0-d8,16,2,-0.628793129697442,-0.6193411643616855,-0.7742764153517783,-0.7848490821197629,0.00945196533575654,0.7738497187799668,-0.14548328565433621,0.9537976293409348,-0.15605595242232084,0.5264997954340492
2024-2024092313gm-00a9-0000-324a20ee-01-s0-d8,32,3,-0.704082289012149,-0.6591593883931637,-0.6067884578369558,-1.2440912600141019,0.044922900618985295,0.465794041618442,0.09729383117519319,0.5726826983331708,-0.5400089710019529,0.44028372882534517
2024-2024092313gm-00a9-0000-324a20ee-01-s0-d8,48,1,-0.7827132078818977,-0.8026956512282292,-0.9781216788105667,-1.2068598483068247,-0.019982443346331518,0.36326824892795556,-0.19540847092866898,0.4609299459800108,-0.42414664042492706,0.382225392673383
2024-2024092313gm-00a9-0000-324a20ee-01-s0-d8,64,2,-0.7588285024976358,-0.6579690095968544,-0.9956637085415423,-1.1392937119817361,0.10085949290078133,0.31853432988185615,-0.2368352060439065,0.36151392531747434,-0.38046520948410034,0.32138434907465063
2025-2025011023gm-00a9-0000-6d5806f0-01-s0-d16,16,1,1.2131977891549468,0.7790559339337051,-1.2583462856709957,-0.052856073481962085,-0.4341418552212417,0.44927122950295545,-2.4715440748259425,0.876989708749553,-1.2660538626369089,0.5911314094787439
2025-2025011023gm-00a9-0000-6d5806f0-01-s0-d16,32,1,0.9793956666253507,0.6837634516414255,-0.45813221484422684,0.1708131736377254,-0.2956322149839252,0.257224642842891,-1.4375278814695776,0.5183512163495425,-0.8085824929876253,0.3632747507678088
2025-2025011023gm-00a9-0000-6d5806f0-01-s0-d16,48,1,1.0658957768852513,0.8815464170960089,-0.3787709518025319,0.18424327399892113,-0.18434935978924236,0.187811617481131,-1.444666728687783,0.4047836455782536,-0.8816525028863301,0.3251052206641786
2025-2025011023gm-00a9-0000-6d5806f0-01-s0-d16,64,1,1.0125800458918093,1.00671825655445,-0.12901985610369593,0.1983354992553359,-0.005861789337359369,0.16674547435379675,-1.1415999019955052,0.38509598352118746,-0.8142445466364734,0.2808817046190333
2025-2025123119gm-00a9-0000-4c392a7b-04-s0-d7,16,2,-3.9911111789988354,-3.4822552600235213,-3.703611964272568,-3.9261820567480754,0.5088559189753141,1.2682292984757038,0.2874992147262674,1.1211420583214806,0.06492912225075997,1.26921474674943
2025-2025123119gm-00a9-0000-4c392a7b-04-s0-d7,32,3,-4.290456426329911,-4.065036550178775,-3.8920666779886233,-4.2270498972939095,0.22541987615113612,0.7148913707255323,0.3983897483412875,0.6095230493708821,0.0634065290360013,0.7275221759173438
2025-2025123119gm-00a9-0000-4c392a7b-04-s0-d7,48,3,-4.2631813726232695,-4.319017529730142,-4.098838449737134,-4.362379001210987,-0.05583615710687203,0.5400158227549742,0.16434292288613506,0.48355890008274766,-0.09919762858771719,0.5440375118638248
2025-2025123119gm-00a9-0000-4c392a7b-04-s0-d7,64,3,-4.065102570777526,-4.240525534500193,-4.018236801239254,-4.427646872871264,-0.1754229637226672,0.4590854206165767,0.04686576953827171,0.40790711014027936,-0.3625443020937382,0.48373630310576765
2025-2025011223gm-00a9-0000-7704598d-03-s0-d9,16,3,-0.6716356193646789,-1.068895968142897,-0.1513124939519912,-1.6266051791608334,-0.39726034877821803,0.8036840080651333,0.5203231254126877,0.4086311268386567,-0.9549695597961545,0.47732441729513947
2025-2025011223gm-00a9-0000-7704598d-03-s0-d9,32,3,-0.9755267910659313,-1.0616430647205561,-0.4037560751894489,-1.4463991398224607,-0.08611627365462482,0.41462454342303584,0.5717707158764824,0.286062677641765,-0.4708723487565294,0.4912140529411255
2025-2025011223gm-00a9-0000-7704598d-03-s0-d9,48,3,-0.9177554134900371,-0.8646906064047167,-0.39924098015762866,-1.5161845705006272,0.053064807085320354,0.36306658786146523,0.5185144333324084,0.21946646710826273,-0.5984291570105901,0.36241282050986456
2025-2025011223gm-00a9-0000-7704598d-03-s0-d9,64,3,-1.040026177361142,-0.8924510455108248,-0.7573124537593685,-1.4191324761486612,0.14757513185031712,0.3131215286483873,0.2827137236017734,0.2553251860804055,-0.37910629878751934,0.29330123326904634
2025-2025011014gm-00a9-0000-9ea4d5cd-06-s0-d14,16,2,-1.6104064360260963,-1.2093554344028234,-1.3274134788662195,-1.6468697506934404,0.4010510016232729,0.19607861145988428,0.2829929571598768,0.16911050132317243,-0.03646331466734409,0.06454453030112792
2025-2025011014gm-00a9-0000-9ea4d5cd-06-s0-d14,32,2,-1.5855615446344018,-1.237121719866991,-1.4630361227318645,-1.6104064360260963,0.34843982476741076,0.1356844035970643,0.12252542190253735,0.13931445475084597,-0.024844891391694546,0.04460640544381926
2025-2025011014gm-00a9-0000-9ea4d5cd-06-s0-d14,48,2,-1.7576917490611474,-1.5325101742831369,-1.7017381673989196,-1.7937907190062106,0.22518157477801046,0.11323049111722436,0.05595358166222771,0.12771238248325478,-0.036098969945063196,0.09122495675834968
2025-2025011014gm-00a9-0000-9ea4d5cd-06-s0-d14,64,2,-1.8633920430438593,-1.6002418918069452,-1.8446455334778875,-1.8467247702647,0.2631501512369141,0.11106567191847869,0.018746509565971792,0.10890291008317815,0.016667272779159248,0.09045811336244151
2024-2024092523gm-00a9-0000-e7bdeed7-10-s2-d9,16,1,4.44816848732944,4.367987327264018,4.3016803780933515,3.858785839916891,-0.08018116006542186,0.41187413374780674,-0.14648810923608835,0.2317269771220862,-0.589382647412549,0.5656921513238111
2024-2024092523gm-00a9-0000-e7bdeed7-10-s2-d9,32,2,4.502263771045818,4.795730759551361,4.0368445344172414,3.2957518649063786,0.29346698850554276,0.31971434822225336,-0.465419236628577,0.1975501236023964,-1.2065119061394398,0.5250274317719047
2024-2024092523gm-00a9-0000-e7bdeed7-10-s2-d9,48,2,4.666743903519849,4.924408121176687,3.920064280108363,3.6888833758965425,0.25766421765683845,0.21653756762318657,-0.7466796234114857,0.3236419236576001,-0.9778605276233066,0.37003130166948633
2024-2024092523gm-00a9-0000-e7bdeed7-10-s2-d9,64,2,4.8173540055442885,4.987869712441679,4.187158185214713,3.844070553098277,0.17051570689739037,0.21307878957509976,-0.6301958203295754,0.29501955097126265,-0.9732834524460117,0.2977823458246244
2024-2024092905gm-00a9-0000-4f383722-00-s3-d1,16,4,-0.3407296221703291,-0.20402653887867928,-0.03440988063812256,0.6394926588982344,0.13670308329164982,0.19884381770329604,0.30631974153220654,0.3431899282605033,0.9802222810685635,0.718751279455359
2024-2024092905gm-00a9-0000-4f383722-00-s3-d1,32,4,0.552547849714756,0.7373555954545736,0.4048816040158272,0.8907408905215561,0.18480774573981762,0.1289372910275153,-0.14766624569892883,0.2897344999315437,0.3381930408068001,0.4385060476173251
2024-2024092905gm-00a9-0000-4f383722-00-s3-d1,48,4,0.24231850045422712,0.3224489036947489,0.2946129472305377,0.43093357297281426,0.08013040324052174,0.14360809845725975,0.0522944467763106,0.2583964393051543,0.1886150725185871,0.30214175716352176
2024-2024092905gm-00a9-0000-4f383722-00-s3-d1,64,1,0.12732347869314253,0.04839272517710924,-0.024885105318389833,0.07291677186731249,-0.07893075351603329,0.1583509447386745,-0.15220858401153237,0.2401239050401272,-0.05440670682583004,0.2712824332522025
2024-2024092101gm-00a9-0000-89973dff-00-s0-d18,16,2,1.6232343073934317,1.9893895419081673,0.4685893040150404,0.755783106200397,0.36615523451473564,0.834279704836924,-1.1546450033783913,0.44103133615583745,-0.8674512011930346,0.598888858472022
2024-2024092101gm-00a9-0000-89973dff-00-s0-d18,32,2,1.5500903511419892,2.1840470069437288,0.9971843254752457,1.2713466517161578,0.6339566558017395,0.5578111613476449,-0.5529060256667435,0.4334397538593432,-0.27874369942583144,0.4581940918410867
2024-2024092101gm-00a9-0000-89973dff-00-s0-d18,48,2,1.7854025290968518,2.0171993678668514,1.2257069449018065,1.1896757232025266,0.23179683876999965,0.4626144900808965,-0.5596955841950452,0.36322876218464156,-0.5957268058943251,0.3914303758814336
2024-2024092101gm-00a9-0000-89973dff-00-s0-d18,64,1,1.9179687312571332,1.8654260756156873,1.2871540416090284,1.24878448821255,-0.05254265564144589,0.3780124817502071,-0.6308146896481048,0.2912240412382652,-0.6691842430445831,0.31361311998871844
2025-2025122819gm-00a9-0000-ec66618b-01-s1-d3,16,3,-0.7307427218183875,-1.1737654940225184,-0.6450805715285242,-0.7921386156231165,-0.4430227722041309,0.3484411195975466,0.08566215028986335,0.608628925680789,-0.061395893804728985,0.39569000620835754
2025-2025122819gm-00a9-0000-ec66618b-01-s1-d3,32,1,-0.7870219964534044,-0.8981228463817388,-0.8520794964861125,-0.9323533971328288,-0.11110084992833436,0.24969427747023018,-0.06505750003270805,0.36654735341259365,-0.1453314006794244,0.3618947144155504
2025-2025122819gm-00a9-0000-ec66618b-01-s1-d3,48,3,-0.8195959823206067,-1.0492914700880647,-0.7375195257676145,-1.0844518565572798,-0.22969548776745796,0.21096752166463154,0.08207645655299227,0.2813049495580341,-0.2648558742366731,0.30745206612616854
2025-2025122819gm-00a9-0000-ec66618b-01-s1-d3,64,3,-0.9936750938650221,-1.018139012157917,-0.9023521485505626,-1.1222970968810841,-0.02446391829289496,0.18674973431828168,0.0913229453144595,0.2525596851618681,-0.12862200301606208,0.2734019388486454
2024-2024122023gm-00a9-0000-df6602c9-00-s2-d5,16,4,-0.009577276185154915,-0.1929615419358015,0.11986915115267038,0.16857391316443682,-0.1833842657506466,0.14920975418060903,0.1294464273378253,0.33116764612930877,0.17815118934959173,0.40898037684338534
2024-2024122023gm-00a9-0000-df6602c9-00-s2-d5,32,3,0.17680204939097166,-0.2029983731918037,0.252600034000352,0.1568898092955351,-0.37980042258277535,0.1963686772271425,0.07579798460938036,0.36237615164571396,-0.019912240095436573,0.2336528400754356
2024-2024122023gm-00a9-0000-df6602c9-00-s2-d5,48,3,0.17135415288309255,-0.08419893433650334,0.5169363925233483,0.2459164895117283,-0.2555530872195959,0.1852746994923502,0.34558223964025575,0.30274787243319257,0.07456233662863572,0.19208724787050854
2024-2024122023gm-00a9-0000-df6602c9-00-s2-d5,64,3,0.17315211868844926,-0.042658833554014564,0.5233540744520724,0.2789967351127416,-0.21581095224246383,0.1511865322878085,0.3502019557636231,0.26166343663776975,0.10584461642429233,0.1672743119180332
2024-2024092013gm-00a9-0000-9cd6d54a-02-s3-d1,16,4,-5.863610730622895,-5.57135607174132,-5.734902259078808,-4.814968895167112,0.29225465888157487,0.2536350139479446,0.12870847154408693,0.09759096430437325,1.0486418354557827,0.3579928924748556
2024-2024092013gm-00a9-0000-9cd6d54a-02-s3-d1,32,4,-5.634909784013871,-5.5307150045991875,-5.663628431560937,-5.034838280058466,0.10419477941468358,0.14834970950407173,-0.02871864754706621,0.09236206804592306,0.6000715039554052,0.2563674856281506
2024-2024092013gm-00a9-0000-9cd6d54a-02-s3-d1,48,4,-5.4863140569456545,-5.272025940590538,-5.3874395312353345,-4.933109959432234,0.21428811635511616,0.15264340175788926,0.09887452571031947,0.1234265379790392,0.5532040975134199,0.18626042997234252
2024-2024092013gm-00a9-0000-9cd6d54a-02-s3-d1,64,4,-5.315768869331805,-5.228199664357817,-5.265051675931318,-4.966307496011723,0.08756920497398823,0.14380194573107793,0.050717193400487304,0.1275758612275153,0.3494613733200822,0.17246809042632824
2024-2024122622gm-00a9-0000-5e56ec3a-08-s1-d1,16,4,1.682239100075094,1.2545773773163091,1.4084756773372646,1.8463547321007354,-0.4276617227587849,0.3715816971715878,-0.2737634227378294,0.3036996125588823,0.1641156320256414,0.36619576146299715
2024-2024122622gm-00a9-0000-5e56ec3a-08-s1-d1,32,1,1.508285192619951,1.4072632112147403,1.4387504720507422,1.383582452646806,-0.10102198140521068,0.3406375388062578,-0.06953472056920873,0.3482451489613363,-0.12470273997314507,0.3973814231376023
2024-2024122622gm-00a9-0000-5e56ec3a-08-s1-d1,48,1,1.6953978487727,1.640870868669784,1.593276027754958,1.5670206781748373,-0.054526980102915935,0.23217967376529805,-0.10212182101774185,0.2533815658183615,-0.12837717059786277,0.27034629201832167
2024-2024122622gm-00a9-0000-5e56ec3a-08-s1-d1,64,1,1.485955713014846,1.3764518673197017,1.3492311515183246,1.397782629399444,-0.10950384569514426,0.18488882139238075,-0.13672456149652135,0.24210546680590653,-0.08817308361540199,0.27040810938731125
2025-2025041216gm-00a9-0000-3d010e8a-08-s0-d1,16,1,-5.97920886832253,-6.337612018558502,-6.3510519666565415,-6.056280938792952,-0.35840315023597213,0.1989739476693332,-0.3718430983340113,0.3085275248061926,-0.07707207047042175,0.4658018315259907
2025-2025041216gm-00a9-0000-3d010e8a-08-s0-d1,32,3,-6.042579540299357,-6.032872857360417,-6.015170062377138,-6.2012439397585695,0.009706682938940503,0.20025846212538548,0.027409477922219594,0.2066863859162068,-0.1586643994592123,0.27119899133693454
2025-2025041216gm-00a9-0000-3d010e8a-08-s0-d1,48,1,-6.020106650219835,-6.1688303673997025,-6.106190172198846,-6.202962149015245,-0.1487237171798673,0.16587026135865587,-0.08608352197901088,0.17204729547013473,-0.18285549879540972,0.20325099211253536
2025-2025041216gm-00a9-0000-3d010e8a-08-s0-d1,64,1,-6.001538390886026,-6.169180247153463,-6.110464358235845,-6.092868757426459,-0.1676418562674371,0.15161179195936828,-0.10892596734981908,0.16071170119839068,-0.0913303665404328,0.20131333598772572
2025-2025011200gm-00a9-0000-18c17918-01-s0-d4,16,1,5.3788021682121325,4.964878018188756,5.011335613904521,5.298846940771909,-0.41392415002337657,0.5430366127167703,-0.36746655430761166,0.32124013875958896,-0.0799552274402231,0.4896105729242269
2025-2025011200gm-00a9-0000-18c17918-01-s0-d4,32,1,5.139767113534617,4.930308898939984,4.395198980462737,4.77713813308219,-0.20945821459463332,0.34019522666210067,-0.7445681330718799,0.27261057962284,-0.36262898045242764,0.29449148774175143
2025-2025011200gm-00a9-0000-18c17918-01-s0-d4,48,1,5.221886855715032,5.042783545097336,4.338768191790829,4.834218862398605,-0.17910331061769588,0.22837693644261878,-0.8831186639242029,0.24046757841301145,-0.3876679933164269,0.24873319896777482
2025-2025011200gm-00a9-0000-18c17918-01-s0-d4,64,1,5.243265253557183,5.031315149186412,4.457168516310048,4.991967570353154,-0.21195010437077144,0.18002199102766905,-0.786096737247135,0.206422926435621,-0.25129768320402945,0.227224678880472
2024-2024092313gm-00a9-0000-324a20ee-09-s3-d11,16,4,1.1813626902257965,0.8998960124508812,0.5126681018864474,1.5114850596582983,-0.2814666777749153,0.972919551184885,-0.6686945883393491,0.6520250135075172,0.3301223694325017,1.1253880637046902
2024-2024092313gm-00a9-0000-324a20ee-09-s3-d11,32,1,1.6456789941603347,1.2109924918581783,1.205538383844214,1.2575896276030107,-0.43468650230215644,0.5402610272245464,-0.44014061031612073,0.37656806346024535,-0.38808936655732396,0.6488478585362121
2024-2024092313gm-00a9-0000-324a20ee-09-s3-d11,48,4,1.2757744574125052,0.8424442076420746,0.6767748553017251,1.3061227865716016,-0.4333302497704305,0.4111213273804202,-0.59899960211078,0.30538628461477424,0.030348329159096465,0.5493465468772083
2024-2024092313gm-00a9-0000-324a20ee-09-s3-d11,64,1,1.4153939850898496,1.2845722683625809,0.6763626700039822,0.8765467050998268,-0.13082171672726872,0.40706798874553823,-0.7390313150858674,0.2648577327454306,-0.5388472799900228,0.49775526987397295
2024-2024100216gm-00a9-0000-2cbf5f5f-04-s2-d9,16,4,-2.074162295437418,-2.4941481381538324,-2.132487796188798,-1.8755545540479943,-0.4199858427164145,0.4286853142019874,-0.05832550075137988,0.4287534607449378,0.1986077413894236,0.3180341452607762
2024-2024100216gm-00a9-0000-2cbf5f5f-04-s2-d9,32,1,-1.522616900561843,-1.8644247189804446,-2.3114547611039598,-2.0522297303541563,-0.34180781841860153,0.28597734236152866,-0.7888378605421167,0.46121430757164306,-0.5296128297923133,0.36589538329607324
2024-2024100216gm-00a9-0000-2cbf5f5f-04-s2-d9,48,1,-1.6242231585783884,-1.767470677383244,-2.2004150161713674,-2.0834888837998733,-0.14324751880485564,0.22236206351008864,-0.5761918575929789,0.3485918560005755,-0.4592657252214849,0.2698080152936756
2024-2024100216gm-00a9-0000-2cbf5f5f-04-s2-d9,64,1,-1.662541691068327,-1.8428827053285204,-2.170487600567867,-2.078194625239121,-0.18034101426019333,0.1765569751746376,-0.50794590949954,0.2665822254211424,-0.41565293417079374,0.2237581582470533
2025-2025040820gm-00a9-0000-57062ba3-04-s2-d3,16,1,3.7010468616208527,-0.1312390025705099,nan,nan,-3.8322858641913626,1.2528751786555177,nan,nan,nan,nan
2025-2025040820gm-00a9-0000-57062ba3-04-s2-d3,32,1,2.037660132849851,-0.38660459546372294,nan,nan,-2.424264728313574,0.9343282546449654,nan,nan,nan,nan
2025-2025040820gm-00a9-0000-57062ba3-04-s2-d3,48,1,1.1113683482132426,-0.5119874707112709,nan,nan,-1.6233558189245134,0.674659313154984,nan,nan,nan,nan
2025-2025040820gm-00a9-0000-57062ba3-04-s2-d3,64,1,0.8751087705604732,-0.3332091238698922,nan,nan,-1.2083178944303654,0.5894337125991462,nan,nan,nan,nan
2024-2024100200gm-00a9-0000-0aacab28-06-s0-d0,16,2,2.380913185654208,2.626197699806653,nan,nan,0.2452845141524449,0.7670069341487333,nan,nan,nan,nan
2024-2024100200gm-00a9-0000-0aacab28-06-s0-d0,32,1,2.8971370233921334,2.3352600767393596,nan,nan,-0.5618769466527738,0.5789330830039102,nan,nan,nan,nan
2024-2024100200gm-00a9-0000-0aacab28-06-s0-d0,48,1,3.2376898699052012,2.742046850238694,nan,nan,-0.4956430196665072,0.516772222728004,nan,nan,nan,nan
2024-2024100200gm-00a9-0000-0aacab28-06-s0-d0,64,1,3.3674603262043092,2.7420239899583976,nan,nan,-0.6254363362459117,0.47776389883965775,nan,nan,nan,nan
2024-2024092013gm-00a9-0000-9cd6d54a-09-s2-d7,16,1,9.987925892556387,9.987390175504416,9.986881904863061,9.985726900544957,-0.0005357170519713073,0.00046353768302060435,-0.0010439876933259207,0.0006889850252998751,-0.002198992011429368,0.0012600262360042815
2024-2024092013gm-00a9-0000-9cd6d54a-09-s2-d7,32,1,9.987787709506518,9.987269428009341,9.987184921002836,9.98655752535886,-0.0005182814971773642,0.00033568215623424946,-0.0006027885036825054,0.0009909857477194699,-0.0012301841476585196,0.0009861946571939149
2024-2024092013gm-00a9-0000-9cd6d54a-09-s2-d7,48,3,9.98723796411029,9.987062611034963,9.98727612854284,9.986166487544521,-0.00017535307532901,0.00030324295658113435,3.8164432549373885e-05,0.0007810162355449292,-0.001071476565769558,0.0006994436059541136
2024-2024092013gm-00a9-0000-9cd6d54a-09-s2-d7,64,1,9.93040525365291,9.930273738846413,9.922574797869906,9.929895545466074,-0.0001315148064967575,0.00022703138127203016,-0.007830455783003537,0.08609791965045235,-0.0005097081868356557,0.0007198037665340852
2024-2024091920gm-00a9-0000-49049014-03-s1-d0,16,3,9.243536448339,9.17424158049107,9.258029336444906,9.136185410592589,-0.06929486784792971,0.0369969772781557,0.014492888105905877,0.04920707045604038,-0.10735103774641175,0.10981060532326936
2024-2024091920gm-00a9-0000-49049014-03-s1-d0,32,4,9.163237316316781,9.196000428609523,9.151512084719343,9.202034252007252,0.032763112292741425,0.05971719701861434,-0.011725231597438324,0.11917265216027277,0.03879693569047049,0.09381380302769424
2024-2024091920gm-00a9-0000-49049014-03-s1-d0,48,2,9.09585306784129,9.170987449255486,9.100209126352032,9.121038648727941,0.07513438141419708,0.08078264591663342,0.004356058510741907,0.11129426578662009,0.02518558088665183,0.11742054984722534
2024-2024091920gm-00a9-0000-49049014-03-s1-d0,64,2,9.05624337849315,9.087575000622223,9.03048993893799,9.063640302626027,0.031331622129073367,0.06619519458108016,-0.025753439555160185,0.08698798680966201,0.007396924132876848,0.09546862863804165
2025-2025041216gm-00a9-0000-e52dffef-07-s3-d2,16,2,8.727614709286385,9.528044867258956,nan,nan,0.8004301579725706,0.6396128247418448,nan,nan,nan,nan
2025-2025041216gm-00a9-0000-e52dffef-07-s3-d2,32,2,9.00487785212912,9.314734301655953,nan,nan,0.30985644952683433,0.33609311958714516,nan,nan,nan,nan
2025-2025041216gm-00a9-0000-e52dffef-07-s3-d2,48,2,9.111721632077822,9.336346607799038,nan,nan,0.22462497572121679,0.29535989267349627,nan,nan,nan,nan
2025-2025041216gm-00a9-0000-e52dffef-07-s3-d2,64,2,8.947854071090763,9.297577323632224,nan,nan,0.34972325254145975,0.29741052655878525,nan,nan,nan,nan
2025-2025040820gm-00a9-0000-57062ba3-01-s3-d4,16,3,-0.2431429815478623,-0.7885783761739731,0.294494875241071,-0.39816896757110953,-0.5454353946261108,0.7108613128460565,0.5376378567889333,0.41700510149898334,-0.15502598602324724,0.49172077407874837
2025-2025040820gm-00a9-0000-57062ba3-01-s3-d4,32,1,0.4386810519499704,0.12808588054031134,0.11333829420618713,-0.363379507092759,-0.3105951714096591,0.5685148270367849,-0.3253427577437833,0.4355792712457694,-0.8020605590427294,0.5181416459094064
2025-2025040820gm-00a9-0000-57062ba3-01-s3-d4,48,1,0.12315184460021555,-0.33724686813851196,-0.3236157572828233,-0.7028494463302195,-0.4603987127387275,0.40645915182934816,-0.4467676018830389,0.3364392580577216,-0.8260012909304351,0.37445686081766183
2025-2025040820gm-00a9-0000-57062ba3-01-s3-d4,64,1,0.19550890621030703,-0.26585631107445806,-0.1939499870641157,-0.43818991200532764,-0.4613652172847651,0.3179898546264033,-0.38945889327442273,0.3234978942872791,-0.6336988182156347,0.31337303058048577
2024-2024122023gm-00a9-0000-df6602c9-02-s2-d15,16,4,0.8151576337404549,0.8730839374475181,1.0011382824741304,1.1965201662387699,0.0579263037070632,0.3227850213620247,0.18598064873367548,0.3875446527049612,0.381362532498315,0.5209778974708454
2024-2024122023gm-00a9-0000-df6602c9-02-s2-d15,32,4,0.7047046984080225,0.8357683452777565,1.0736047101672739,1.5044426651438698,0.13106364686973393,0.21332716502492022,0.36890001175925136,0.2868759289034252,0.7997379667358473,0.3027055097022133
2024-2024122023gm-00a9-0000-df6602c9-02-s2-d15,48,4,0.7244826656145354,1.0706056395623211,1.1008983897433307,1.3248499932233244,0.3461229739477858,0.28215218050456814,0.37641572412879515,0.2815290689232194,0.600367327608789,0.21922877943303032
2024-2024122023gm-00a9-0000-df6602c9-02-s2-d15,64,4,0.6601817364571616,0.9121669888554607,0.9629589449905325,1.4192162061226554,0.25198525239829905,0.21225774832350605,0.30277720853337087,0.21513552308267397,0.7590344696654938,0.21437919468140307
2024-2024091915gm-00a9-0000-7030187d-09-s1-d1,16,2,8.539404220935781,9.715860052255891,9.661136370313217,9.565204327607828,1.1764558313201112,1.185195557783272,1.1217321493774364,1.2094534533366075,1.0258001066720475,1.2185327818166063
2024-2024091915gm-00a9-0000-7030187d-09-s1-d1,32,2,9.110818774357519,9.641760000126968,9.550307223631496,9.569151223602049,0.5309412257694492,0.5958996712289581,0.439488449273977,0.614095677186131,0.45833244924452843,0.6110492303256229
2024-2024091915gm-00a9-0000-7030187d-09-s1-d1,48,2,9.284474051850475,9.61355788919311,9.472378829896387,9.603361117529959,0.32908383734263413,0.39882006805168724,0.18790477804591177,0.43435342341674604,0.3188870656794835,0.40742730461413035
2024-2024091915gm-00a9-0000-7030187d-09-s1-d1,64,3,9.32063619300434,9.569240577408666,9.5913664331511,9.51156260296163,0.2486043844043253,0.2988451152801158,0.2707302401467597,0.33842737175467413,0.1909264099572906,0.3129761539359194
2025-2025122620gm-00a9-0000-0e700f01-05-s1-d4,16,1,2.55422461865237,2.1324950070120394,2.3978122186963446,2.1490062508382834,-0.4217296116403304,0.6276871485214858,-0.15641239995602518,0.9582969206622339,-0.4052183678140864,0.7865945883284642
2025-2025122620gm-00a9-0000-0e700f01-05-s1-d4,32,3,2.784012199816061,2.5687098820781102,2.8433072901971173,2.5031704356952105,-0.21530231773795094,0.5636429085729409,0.05929509038105607,0.5238139096114001,-0.2808417641208507,0.6324562775603312
2025-2025122620gm-00a9-0000-0e700f01-05-s1-d4,48,3,2.3316518802700252,2.1463691836979706,2.7927475247318703,2.1505767972945855,-0.1852826965720548,0.48221190605660297,0.46109564446184476,0.4599744427687669,-0.18107508297543973,0.5693786740260331
2025-2025122620gm-00a9-0000-0e700f01-05-s1-d4,64,3,2.0819578224472934,2.0115159812485217,2.6433893169814837,1.9925315506843617,-0.07044184119877173,0.36932943436914034,0.5614314945341903,0.380876118682091,-0.08942627176293172,0.48163662901650817
2025-2025040817gm-00a9-0000-b8b0f594-01-s3-d7,16,1,-0.7964794863946736,-0.8430684839840978,-0.9642916242592037,-1.7037552662659436,-0.04658899758942425,0.5126747312636355,-0.1678121378645301,0.4792996516618948,-0.9072757798712701,0.5026554413698215
2025-2025040817gm-00a9-0000-b8b0f594-01-s3-d7,32,2,-1.1149092193227261,-0.9777178772492334,-1.2283859432209283,-1.5864445933839306,0.1371913420734927,0.31398909987118206,-0.11347672389820218,0.32102612938638014,-0.4715353740612045,0.3533312337843111
2025-2025040817gm-00a9-0000-b8b0f594-01-s3-d7,48,3,-1.004917534533888,-1.3300514348472159,-0.9576236554421484,-1.4673659620651354,-0.32513390031332773,0.2884050849701874,0.047293879091739655,0.34799696122017215,-0.4624484275312473,0.3647181702002934
2025-2025040817gm-00a9-0000-b8b0f594-01-s3-d7,64,1,-0.7178068704670295,-1.1431558993645012,-0.8839221365051344,-1.146911711373832,-0.4253490288974717,0.2717153538443048,-0.1661152660381049,0.31236305029314215,-0.42910484090680256,0.2991301910443228
2025-2025123119gm-00a9-0000-4c392a7b-03-s0-d0,16,1,-3.397702543530613,-3.496947955340147,-3.4749835568945855,-3.427042067050934,-0.09924541180953383,0.2735452738277014,-0.0772810133639723,0.5564073838826755,-0.029339523520320654,0.29534676963935724
2025-2025123119gm-00a9-0000-4c392a7b-03-s0-d0,32,4,-3.2698059544782154,-3.3340875061112456,-3.4574119132594205,-3.1965423204237595,-0.06428155163303018,0.32682862641598515,-0.18760595878120512,0.379296638675755,0.0732636340544559,0.40333209177628476
2025-2025123119gm-00a9-0000-4c392a7b-03-s0-d0,48,1,-3.270614619871291,-3.4114385118785626,-3.3686361799870306,-3.330343490544086,-0.14082389200727144,0.2314022331686973,-0.0980215601157397,0.25559911852110506,-0.05972887067279468,0.3358275383665318
2025-2025123119gm-00a9-0000-4c392a7b-03-s0-d0,64,1,-3.250419435353251,-3.339776079665171,-3.3325613335182425,-3.3581235362798907,-0.08935664431191981,0.17418034338897997,-0.08214189816499129,0.19227035132247278,-0.10770410092663951,0.26934765616575446
2025-2025041221gm-00a9-0000-d8d9d627-05-s0-d4,16,1,8.495347017975291,8.484181038249517,8.10473416277091,8.432544442883227,-0.011165979725774378,0.0852173458727868,-0.39061285520438105,0.3017394486473472,-0.06280257509206422,0.08538742484260423
2025-2025041221gm-00a9-0000-d8d9d627-05-s0-d4,32,1,8.398104462987249,8.354628184999456,8.210177077475237,8.388733599986153,-0.043476277987792855,0.06424607106667363,-0.18792738551201182,0.16705455211969658,-0.009370863001095131,0.08032494097989568
2025-2025041221gm-00a9-0000-d8d9d627-05-s0-d4,48,1,8.376194890416324,8.359791775926473,8.217813849563148,8.33260458191459,-0.01640311448985206,0.049477488883409214,-0.15838104085317659,0.1438065993406306,-0.0435903085017344,0.11031003037366315
2025-2025041221gm-00a9-0000-d8d9d627-05-s0-d4,64,2,8.27927901167277,8.378112834860985,8.20439776085368,8.321697515062624,0.09883382318821532,0.08716161660390793,-0.07488125081908947,0.14904747109754504,0.04241850338985387,0.11581228604072313
2024-2024123104gm-00a9-0000-f69869df-04-s1-d7,16,1,1.1778016129974276,0.6407302565639839,nan,nan,-0.5370713564334437,1.0914460611544643,nan,nan,nan,nan
2024-2024123104gm-00a9-0000-f69869df-04-s1-d7,32,1,0.504161604330875,0.3220290038152598,nan,nan,-0.1821326005156152,0.6505225454261128,nan,nan,nan,nan
2024-2024123104gm-00a9-0000-f69869df-04-s1-d7,48,1,0.956042157796522,0.1922603277101492,nan,nan,-0.7637818300863728,0.5123806263058047,nan,nan,nan,nan
2024-2024123104gm-00a9-0000-f69869df-04-s1-d7,64,1,0.8348175758437719,-0.03357766955741681,nan,nan,-0.8683952454011887,0.4165145215010238,nan,nan,nan,nan
2025-2025011210gm-00a9-0000-65465afe-06-s0-d14,16,3,4.827571999747306,4.818899618461728,4.875832241261378,4.875832241261378,-0.008672381285578012,0.005996846417777658,0.04826024151407182,0.09957083227774967,0.04826024151407182,0.09957083227774967
2025-2025011210gm-00a9-0000-65465afe-06-s0-d14,32,4,5.046914467937313,5.076510799699463,4.945848556119017,5.093519334797747,0.02959633176214993,0.0478920467884013,-0.10106591181829572,0.1215729916137875,0.04660486686043441,0.06840523583950188
2025-2025011210gm-00a9-0000-65465afe-06-s0-d14,48,2,4.9558803416633355,5.003848546650261,4.86349016521126,4.961011423574139,0.047968204986924924,0.08851849261056347,-0.09239017645207544,0.0894341549706633,0.005131081910803914,0.060206930640973454
2025-2025011210gm-00a9-0000-65465afe-06-s0-d14,64,2,4.977582284307573,5.022741537482943,4.907147361373063,4.990683734009508,0.045159253175370395,0.0694671248914735,-0.07043492293450981,0.06836525697106274,0.013101449701935053,0.05014662809652826
2025-2025011511gm-00a9-0000-da96440f-01-s2-d5,16,2,0.5860395235940814,1.6314463401213288,0.5294857257977128,-0.4950754423625767,1.0454068165272474,0.5000846712270224,-0.0565537977963686,0.32474498339011637,-1.0811149659566581,0.5231479912329987
2025-2025011511gm-00a9-0000-da96440f-01-s2-d5,32,2,0.7147762198001146,1.0735775725916028,0.6099960464052856,-0.14734103297814727,0.35880135279148817,0.33289319166103626,-0.10478017339482903,0.2404258187558042,-0.8621172527782619,0.46134398795939713
2025-2025011511gm-00a9-0000-da96440f-01-s2-d5,48,2,0.665932380904754,0.872292872518301,0.5755185880698264,0.20540872464577356,0.206360491613547,0.22949001743625327,-0.09041379283492763,0.2558931982688123,-0.46052365625898045,0.3673858772922869
2025-2025011511gm-00a9-0000-da96440f-01-s2-d5,64,2,0.8540810737758875,0.8594800541177392,0.8559416442876682,0.29983068839646876,0.005398980341851711,0.22554830356948563,0.0018605705117806792,0.2336357527940765,-0.5542503853794187,0.3312161360057753
2025-2025122807gm-00a9-0000-c1328d8f-08-s1-d13,16,4,3.861585109916632,3.70039607254148,2.971203105757013,4.134175047038298,-0.1611890373751521,0.21641917517681508,-0.8903820041596191,0.7614646027374679,0.27258993712166557,0.8851801137256322
2025-2025122807gm-00a9-0000-c1328d8f-08-s1-d13,32,2,3.4737083284962864,3.4990378937764035,3.1386980706010945,3.2954266128908785,0.025329565280117095,0.15684675990830396,-0.3350102578951919,0.4735626547500224,-0.17828171560540795,0.5829758144281272
2025-2025122807gm-00a9-0000-c1328d8f-08-s1-d13,48,1,3.490311747608454,3.4685023577549146,3.1393143401558823,3.2609527157983393,-0.021809389853539567,0.11797946330248409,-0.35099740745257196,0.3682623811624716,-0.22935903181011477,0.48344143594539457
2025-2025122807gm-00a9-0000-c1328d8f-08-s1-d13,64,1,3.388605347206976,3.3714651257450896,3.196607940379181,3.204101372828518,-0.01714022146188654,0.08825939184236274,-0.1919974068277952,0.3335215127969469,-0.18450397437845822,0.387119535003876
2025-2025041314gm-00a9-0000-447ba93f-10-s2-d5,16,1,-0.02225891567650251,-2.3041267672670074,-0.7553520356013905,-1.8302340730151627,-2.281867851590505,1.8019533325018384,-0.733093119924888,0.5005177807285465,-1.8079751573386602,1.7842043667786436
2025-2025041314gm-00a9-0000-447ba93f-10-s2-d5,32,1,0.09383355284808204,-2.0051445044664433,-0.3302933584782295,-0.9015047962418521,-2.0989780573145254,1.2173960447133647,-0.42412691132631153,0.27243976181888807,-0.9953383490899341,1.0922162164691152
2025-2025041314gm-00a9-0000-447ba93f-10-s2-d5,48,3,-1.2512657892736267,-1.9316518433182257,-0.958947276316394,-1.1204830398108545,-0.6803860540445991,1.059725439659935,0.2923185129572327,0.40679795065518304,0.1307827494627721,0.9429075561870921
2025-2025041314gm-00a9-0000-447ba93f-10-s2-d5,64,4,-1.2993521786670499,-1.1798754001270026,-0.9969066938906508,-0.8534694965222798,0.11947677854004723,0.8841767702816546,0.3024454847763991,0.32891384744342245,0.4458826821447701,0.7879510791240544
2025-2025011023gm-00a9-0000-6d5806f0-05-s0-d13,16,4,2.6242014365270734,2.238141623325646,2.245564065873623,3.232630554586649,-0.38605981320142746,0.1847567930451036,-0.3786373706534505,0.21351718639850806,0.6084291180595756,0.3512406945401117
2025-2025011023gm-00a9-0000-6d5806f0-05-s0-d13,32,4,2.625001072883606,2.4889680377673358,2.462842907058075,3.1315344837494195,-0.13603303511627018,0.16153538409702248,-0.1621581658255309,0.16794718803009395,0.5065334108658135,0.20909418421868456
2025-2025011023gm-00a9-0000-6d5806f0-05-s0-d13,48,4,2.4626061669550836,2.2885964394857488,2.2470964674527445,2.885059723009666,-0.174009727469335,0.16316232825509472,-0.21550969950233897,0.13560231555931396,0.4224535560545822,0.2434416022428071
2025-2025011023gm-00a9-0000-6d5806f0-05-s0-d13,64,4,2.4956086807651445,2.175902421819046,2.2801407700171694,2.891924229566939,-0.3197062589460984,0.16876860299206142,-0.2154679107479751,0.14344987324509084,0.39631554880179465,0.18857573171497394
2025-2025040821gm-00a9-0000-b7ac449d-00-s2-d6,16,4,1.1821001451462507,1.475194494239986,1.4891921319067478,1.9519260227680206,0.2930943490937352,0.4343774256473697,0.3070919867604971,0.2044791554914853,0.7698258776217699,0.3934782149773365
2025-2025040821gm-00a9-0000-b7ac449d-00-s2-d6,32,4,1.363919522613287,1.3694977411068976,1.5670503452420235,1.770262103062123,0.0055782184936106205,0.280049014694511,0.2031308226287365,0.10732509928394932,0.4063425804488361,0.24483811803124456
2025-2025040821gm-00a9-0000-b7ac449d-00-s2-d6,48,4,1.1002569645643234,1.334493133239448,1.2383461476614077,1.56320895627141,0.23423616867512465,0.3003407422421099,0.13808918309708437,0.1149028907292249,0.46295199170708656,0.2408161190973891
2025-2025040821gm-00a9-0000-b7ac449d-00-s2-d6,64,4,1.0911934454925358,1.303947169566527,1.0384105877019465,1.4493088752496988,0.21275372407399118,0.2322825865937812,-0.05278285779058933,0.1296111421894311,0.35811542975716293,0.19080228394641216
2025-2025041217gm-00a9-0000-a3087215-00-s3-d6,16,3,-0.24827575031667948,0.05996539443731308,0.13439156021922827,-0.3547274265438318,0.30824114475399256,0.32334969512073547,0.38266731053590775,0.28485296771028795,-0.10645167622715235,0.502606589313248
2025-2025041217gm-00a9-0000-a3087215-00-s3-d6,32,2,0.14975111722014844,0.274701175512746,-0.14561550272628665,-0.43635397404432297,0.12495005829259753,0.1646672491988989,-0.2953666199464351,0.357013052636346,-0.5861050912644714,0.3493731732831044
2025-2025041217gm-00a9-0000-a3087215-00-s3-d6,48,2,0.14354551350697875,0.204139433025072,0.01213334904362758,-0.4260334602246682,0.060593919518093266,0.11143175356054968,-0.13141216446335116,0.3210461627848843,-0.5695789737316469,0.2980914477384609
2025-2025041217gm-00a9-0000-a3087215-00-s3-d6,64,2,0.10184302215930074,0.13588296913076192,0.053747937083244324,-0.37527472502551973,0.03403994697146118,0.08671886327175905,-0.04809508507605642,0.25646561579718874,-0.4771177471848205,0.24921547305016975
2024-2024092300gm-00a9-0000-5808ce85-02-s0-d6,16,2,-0.9950191285461187,-0.34020840423181653,-0.5645545707084239,-0.641156894620508,0.6548107243143022,0.4597921240703638,0.4304645578376949,0.7109971340150928,0.3538622339256108,0.8760891289781522
2024-2024092300gm-00a9-0000-5808ce85-02-s0-d6,32,3,-1.8714205455034971,-1.3181076912442222,-1.2889211017172784,-1.5729614773299545,0.5533128542592749,0.32017900927222825,0.5824994437862188,0.41511326587846475,0.2984590681735426,0.6196641158224855
2024-2024092300gm-00a9-0000-5808ce85-02-s0-d6,48,3,-1.7046395122694473,-1.5677985937800258,-1.1400971490268905,-1.3836441401702662,0.1368409184894214,0.2696302907343106,0.5645423632425567,0.34471940453843264,0.320995372099181,0.45914222309548197
2024-2024092300gm-00a9-0000-5808ce85-02-s0-d6,64,3,-1.749473102740012,-1.759147114411462,-1.3516539168776944,-1.4200208028778434,-0.009674011671449989,0.23358456327086632,0.3978191858623177,0.3342250610771006,0.32945229986216873,0.40285923804525614
2025-2025011500gm-00a9-0000-30b78cb2-08-s1-d18,16,2,-5.763709316554014,-5.5160522240330465,-5.7442109329858795,-5.749716900987551,0.24765709252096713,0.35614071985460455,0.01949838356813416,0.36208729543136486,0.013992415566463023,0.18977962321358482
2025-2025011500gm-00a9-0000-30b78cb2-08-s1-d18,32,2,-5.735087597975507,-5.554409150994616,-5.844969362311531,-5.772713564540027,0.18067844698089175,0.25113292873281884,-0.10988176433602348,0.2514060519037492,-0.03762596656451933,0.12189422888382113
2025-2025011500gm-00a9-0000-30b78cb2-08-s1-d18,48,2,-5.674347178428434,-5.53717138953895,-5.566112267163892,-5.65880559157813,0.13717578888948387,0.2317169409585444,0.10823491126454125,0.22608771201656747,0.015541586850304157,0.1071868349891261
2025-2025011500gm-00a9-0000-30b78cb2-08-s1-d18,64,2,-5.781630808698537,-5.532194120256463,-5.544481683595222,-5.772032722903532,0.24943668844207423,0.1947695287444543,0.23714912510331487,0.19174902737068514,0.009598085795005318,0.12108645805117935
2025-2025041314gm-00a9-0000-447ba93f-01-s2-d0,16,3,3.776277757482603,3.8023292853031307,3.828031294280663,3.7641899122390896,0.026051527820527554,0.19967319370231584,0.05175353679805994,0.19880277806165295,-0.012087845243513584,0.2123007913047716
2025-2025041314gm-00a9-0000-447ba93f-01-s2-d0,32,1,3.7976167149608955,3.637252407032065,3.785284241545014,3.7814659535652027,-0.16036430792883039,0.16847265668742445,-0.012332473415881395,0.13774583414506003,-0.016150761395692825,0.1850296623782818
2025-2025041314gm-00a9-0000-447ba93f-01-s2-d0,48,4,3.5979188329850635,3.3864321468087533,3.588821357310129,3.6114840640996895,-0.21148668617630997,0.14846362034804503,-0.009097475674934685,0.16978283978586514,0.01356523111462593,0.1526643535419571
2025-2025041314gm-00a9-0000-447ba93f-01-s2-d0,64,1,3.607532914611511,3.445412145461887,3.551187381410273,3.572600742918439,-0.1621207691496238,0.11447710495680699,-0.05634553320123814,0.1371076926554363,-0.03493217169307172,0.14518286141948145
2025-2025040821gm-00a9-0000-b7ac449d-09-s0-d6,16,2,9.505378188914232,9.647959672568295,9.430198272293339,9.390844572320432,0.14258148365406131,0.163596647129269,-0.07517991662089263,0.34228446934594753,-0.11453361659379957,0.3319249915344871
2025-2025040821gm-00a9-0000-b7ac449d-09-s0-d6,32,1,9.404572852133187,9.22698580519117,9.183158811000222,9.164632112539447,-0.17758704694201788,0.20332960022608623,-0.2214140411329668,0.24237165846000178,-0.23994073959374235,0.22636056814420696
2025-2025040821gm-00a9-0000-b7ac449d-09-s0-d6,48,1,9.345464128482968,9.046448675221956,9.028094396223496,9.131773278665017,-0.29901545326101236,0.16568843427419766,-0.3173697322594715,0.20082158384259496,-0.21369084981795128,0.22857119267827017
2025-2025040821gm-00a9-0000-b7ac449d-09-s0-d6,64,1,9.271460634526646,8.952899789408189,8.8891250534609,9.140022863299166,-0.318560845118457,0.1472599784146556,-0.38233558106574556,0.16445769349258899,-0.13143777122748068,0.22844101491772478
2024-2024091915gm-00a9-0000-7030187d-08-s2-d2,16,2,0.2923174640736761,0.7700654208970263,0.40881765741642084,-0.09371746963688565,0.47774795682335025,0.7406615842716894,0.11650019334274475,0.8730804298122227,-0.38603493371056175,1.0695993432400273
2024-2024091915gm-00a9-0000-7030187d-08-s2-d2,32,1,1.1803237801600517,1.1442051666356292,0.8475027817041791,0.7270879999862245,-0.03611861352442247,0.44327861585996114,-0.33282099845587254,0.5144765940230931,-0.45323578017382715,0.5825828116765409
2024-2024091915gm-00a9-0000-7030187d-08-s2-d2,48,2,0.8448322504338345,1.1135286284137085,0.6917678193450835,0.8038379423202665,0.26869637797987406,0.3607130448957676,-0.153064431088751,0.3796919847337969,-0.04099430811356797,0.41903590443918876
2024-2024091915gm-00a9-0000-7030187d-08-s2-d2,64,2,1.1296426429699977,1.4162340248892633,0.6855312702080312,1.1323661003111738,0.2865913819192656,0.28061050202049903,-0.44411137276196655,0.3507747753885491,0.002723457341176072,0.33530313276467344
2025-2025011102gm-00a9-0000-034cfa13-09-s3-d4,16,4,-8.481206149906939,-8.148337369373621,-8.044905633822054,-7.951303756430207,0.3328687805333175,0.33464866825632766,0.4363005160848843,0.40723001920873425,0.529902393476732,0.35458530769879576
2025-2025011102gm-00a9-0000-034cfa13-09-s3-d4,32,2,-8.377878567371567,-7.938494239235297,-7.95296778455122,-8.066289478767317,0.4393843281362706,0.2177349418765675,0.4249107828203478,0.3209246247276474,0.3115890886042507,0.3177811880356023
2025-2025011102gm-00a9-0000-034cfa13-09-s3-d4,48,4,-8.059331553861663,-7.854038678516493,-7.799926071514089,-7.723587619530538,0.20529287534517002,0.16584371650350171,0.25940548234757443,0.2817687479135975,0.33574393433112465,0.2677451063067854
2025-2025011102gm-00a9-0000-034cfa13-09-s3-d4,64,4,-8.086583986317237,-7.958487790777156,-7.873104634735228,-7.8615841791131515,0.12809619554008123,0.1406124013469066,0.21347935158200926,0.2140552386136216,0.2249998072040853,0.21191498049338053
2025-2025041300gm-00a9-0000-884209f2-11-s0-d11,16,3,-8.659485802667518,-8.410528948304432,-8.047072532956463,-8.368788539247987,0.24895685436308668,0.31321807370588217,0.6124132697110554,0.32571142928119784,0.2906972634195313,0.44261316788514027
2025-2025041300gm-00a9-0000-884209f2-11-s0-d11,32,3,-8.561097528061907,-8.429015119985934,-8.29239971608655,-8.621735036289323,0.1320824080759735,0.18237873647429276,0.2686978119753576,0.20714587484239966,-0.06063750822741554,0.25453210133768484
2025-2025041300gm-00a9-0000-884209f2-11-s0-d11,48,3,-8.314463998000596,-8.320065286141471,-8.17320007511294,-8.551605563333831,-0.005601288140875719,0.17191789503008115,0.14126392288765524,0.2122147960369358,-0.2371415653332368,0.23343237834540903
2025-2025041300gm-00a9-0000-884209f2-11-s0-d11,64,3,-8.268986287616087,-8.194077584408433,-8.029696619246764,-8.42362265241529,0.07490870320765453,0.20119376660904192,0.23928966836932375,0.1980767858559422,-0.1546363647992024,0.21948149377667522
2025-2025011200gm-00a9-0000-18c17918-01-s0-d2,16,3,4.736765273148194,4.586302061099559,4.750224641058594,4.514655091334134,-0.1504632120486349,0.3029884265083785,0.013459367910400033,0.39269293266755095,-0.22211018181405962,0.4098538450070327
2025-2025011200gm-00a9-0000-18c17918-01-s0-d2,32,3,4.845662057225127,4.531965336180292,4.922427569224965,4.547920262324624,-0.3136967210448347,0.20922250050047944,0.07676551199983805,0.2553953311545404,-0.297741794900503,0.25281098588144557
2025-2025011200gm-00a9-0000-18c17918-01-s0-d2,48,3,4.696279705676716,4.586749299667038,4.714954899682198,4.607972720230464,-0.10953040600967749,0.17915992889251156,0.0186751940054819,0.19380947574983562,-0.08830698544625193,0.2085054764443174
2025-2025011200gm-00a9-0000-18c17918-01-s0-d2,64,3,4.689896507828962,4.732229744175129,4.771254575054627,4.694499956727668,0.042333236346166814,0.17508548545997288,0.08135806722566485,0.21004713504520128,0.0046034488987061195,0.20527659760582906
2025-2025040821gm-00a9-0000-b7ac449d-10-s2-d9,16,1,-3.9782110349207187,-3.980667824201305,nan,nan,-0.0024567892805862357,0.01068255970293028,nan,nan,nan,nan
2025-2025040821gm-00a9-0000-b7ac449d-10-s2-d9,32,1,-3.998319175634265,-4.081168278974644,nan,nan,-0.08284910334037932,0.10911730154146186,nan,nan,nan,nan
2025-2025040821gm-00a9-0000-b7ac449d-10-s2-d9,48,1,-3.9955920056894834,-4.163050050919078,nan,nan,-0.16745804522959418,0.14357269013296126,nan,nan,nan,nan
2025-2025040821gm-00a9-0000-b7ac449d-10-s2-d9,64,1,-3.991490377208393,-4.105784441991542,nan,nan,-0.11429406478314874,0.10843665761698693,nan,nan,nan,nan
2025-2025041017gm-00a9-0000-b39f2649-06-s3-d13,16,1,-2.0944395065307617,-2.0944395065307617,-2.182240905240178,-2.0944395065307617,0.0,0.0,-0.08780139870941639,0.05997977398385189,0.0,0.0
2025-2025041017gm-00a9-0000-b39f2649-06-s3-d13,32,2,-1.9886950138024986,-1.9827684168703854,-2.146332864649594,-2.104789966251701,0.005926596932113171,0.00592659693211317,-0.15763785084709525,0.11385554742888351,-0.11609495244920254,0.1106077888124719
2025-2025041017gm-00a9-0000-b39f2649-06-s3-d13,48,1,-1.9727288611854117,-1.9943849549939234,-2.0778207617501416,-2.075732654581467,-0.021656093808511894,0.04334087630108318,-0.10509190056473017,0.076273015293047,-0.1030037933960557,0.08495546233812913
2025-2025041017gm-00a9-0000-b39f2649-06-s3-d13,64,1,-1.9647457848768681,-2.0221435737330467,-2.074924154439941,-2.113334892084822,-0.05739778885617852,0.04529907765474218,-0.11017836956307292,0.06587141729062328,-0.14858910720795393,0.07607357283820936
2025-2025011217gm-00a9-0000-dafeed52-08-s1-d2,16,3,-4.206298869976308,-5.053043376567075,-3.618780975953996,-5.170054262920985,-0.8467445065907668,0.9814313136871722,0.5875178940223122,1.7540917245628378,-0.9637553929446767,1.8566978536492857
2025-2025011217gm-00a9-0000-dafeed52-08-s1-d2,32,1,-2.5602382325014332,-3.2112905034446158,-4.588834199368648,-5.2532611189465115,-0.6510522709431825,0.8442650960355702,-2.028595966867215,1.2700039599125958,-2.6930228864450783,1.2501453341892366
2025-2025011217gm-00a9-0000-dafeed52-08-s1-d2,48,1,-1.8305100335273892,-2.4611422268305128,-4.255236249352795,-4.497298237470659,-0.6306321933031237,0.6469169175567775,-2.4247262158254066,1.098022081933593,-2.6667882039432698,1.0938722375505003
2025-2025011217gm-00a9-0000-dafeed52-08-s1-d2,64,1,-2.4250220577349637,-2.7092398833673315,-4.4390342427549285,-4.3868766880573276,-0.28421782563236775,0.5232669572744568,-2.014012185019965,0.8603387484589605,-1.9618546303223638,0.903654879053606
2024-2024092220gm-00a9-0000-bb3aa554-08-s1-d2,16,4,-8.682257337100964,-8.715911612378477,-8.575198677170192,-8.207187636304297,-0.03365427527751308,0.03365427527751308,0.10705865993077168,0.09188254520770144,0.47506970079666644,0.18232996147600464
2024-2024092220gm-00a9-0000-bb3aa554-08-s1-d2,32,4,-8.643600052776037,-8.780594068032315,-8.739610122153408,-8.440100220250315,-0.13699401525627763,0.14053252679649555,-0.09601006937737111,0.16201599072858225,0.203499832525722,0.19392839241035337
2024-2024092220gm-00a9-0000-bb3aa554-08-s1-d2,48,4,-8.80041071941893,-8.879438279476744,-8.84486107562437,-8.631244075028613,-0.0790275600578146,0.10962671276110209,-0.04445035620544028,0.11082752803261785,0.16916664439031592,0.1322976489004042
2024-2024092220gm-00a9-0000-bb3aa554-08-s1-d2,64,4,-8.821403294543643,-8.881132009807516,-8.806955746457106,-8.655343062839165,-0.0597287152638728,0.08459625203625588,0.014447548086536699,0.11077317545828225,0.1660602317044777,0.1149881052573201
2024-2024092905gm-00a9-0000-4f383722-09-s3-d17,16,1,-7.135586017580408,-7.536845187387371,nan,-7.493580171075337,-0.40125916980696275,0.535295740376383,nan,nan,-0.35799415349492847,0.8394382368827351
2024-2024092905gm-00a9-0000-4f383722-09-s3-d17,32,1,-7.185706922559575,-7.473378096601209,nan,-7.6187939610595095,-0.287671174041634,0.3226565107829468,nan,nan,-0.43308703849993435,0.46397272173155224
2024-2024092905gm-00a9-0000-4f383722-09-s3-d17,48,1,-7.122091891656207,-7.414181631911863,nan,-7.576029589229923,-0.2920897402556572,0.23408571857110025,nan,nan,-0.45393769757371655,0.3333288757994234
2024-2024092905gm-00a9-0000-4f383722-09-s3-d17,64,1,-7.262817196683045,-7.369028848878543,nan,-7.581733221031527,-0.10621165219549766,0.20229867050529146,nan,nan,-0.3189160243484821,0.27188972632630615
2025-2025041311gm-00a9-0000-5f819544-00-s1-d11,16,1,0.7743739238940179,0.3917612652294338,0.5523347943089902,0.7393274521455169,-0.38261265866458416,0.49779095275210283,-0.2220391295850277,0.7433757707549057,-0.03504647174850106,0.663391973946737
2025-2025041311gm-00a9-0000-5f819544-00-s1-d11,32,1,1.1583850722527131,0.8762153817806393,0.7819534698501229,0.6377976993098855,-0.28216969047207385,0.44201195360784834,-0.3764316024025902,0.5502398432519499,-0.5205873729428276,0.5865432785624083
2025-2025041311gm-00a9-0000-5f819544-00-s1-d11,48,1,0.8618247200890133,0.5988535676151514,0.7682885487253467,0.6382158906199038,-0.262971152473862,0.31628485481559365,-0.09353617136366665,0.4451302384081036,-0.22360882946910957,0.434859700683884
2025-2025041311gm-00a9-0000-5f819544-00-s1-d11,64,4,0.9593806152115576,0.70842669531703,0.879347279900685,0.9656336908228695,-0.25095391989452764,0.2879788921699411,-0.08003333531087264,0.36595785337063097,0.006253075611311942,0.3897682016961362
2025-2025040815gm-00a9-0000-3be4a59c-09-s1-d5,16,2,8.7447486965998,9.867094625568996,8.701219720663005,8.929324865097499,1.122345928969196,0.9223476918634703,-0.04352897593679472,0.19121255519347927,0.1845761684976992,0.30592056861887607
2025-2025040815gm-00a9-0000-3be4a59c-09-s1-d5,32,2,9.322092481438313,9.887937563649368,9.301295071224938,9.03920831783141,0.5658450822110552,0.46457682145948737,-0.020797410213373446,0.09468047731049153,-0.28288416360690327,0.2947471534865381
2025-2025040815gm-00a9-0000-3be4a59c-09-s1-d5,48,2,9.539372880063057,9.782400407460363,9.400279658654197,9.184019754746288,0.24302752739730712,0.3377057931146154,-0.13909322140885946,0.13897161223064505,-0.3553531253167688,0.23184524455686456
2025-2025040815gm-00a9-0000-3be4a59c-09-s1-d5,64,2,9.599024457271259,9.728674307690024,9.52680288297766,9.250067399568827,0.1296498504187653,0.26091503634765023,-0.07222157429359877,0.11089912029410558,-0.34895705770243257,0.21794456264429587
2024-2024122714gm-00a9-0000-1f8c2640-04-s0-d12,16,1,-5.983485930715688,-6.085804914298933,nan,nan,-0.10231898358324543,0.4119445003394104,nan,nan,nan,nan
2024-2024122714gm-00a9-0000-1f8c2640-04-s0-d12,32,1,-5.876150883472292,-6.227402127260575,nan,nan,-0.3512512437882833,0.3217789878737879,nan,nan,nan,nan
2024-2024122714gm-00a9-0000-1f8c2640-04-s0-d12,48,1,-5.707404390734155,-6.26197070357254,nan,nan,-0.5545663128383845,0.26054136361680635,nan,nan,nan,nan
2024-2024122714gm-00a9-0000-1f8c2640-04-s0-d12,64,1,-5.914444450754672,-6.365415674361429,nan,nan,-0.4509712236067571,0.2280424285237664,nan,nan,nan,nan
2024-2024122817gm-00a9-0000-d56449ed-01-s0-d15,16,4,1.026474203914404,0.12387453764677048,1.3851414429955184,1.670903974212706,-0.9025996662676334,0.621356800482858,0.35866723908111453,0.61853447273791,0.6444297702983022,0.8732182361753362
2024-2024122817gm-00a9-0000-d56449ed-01-s0-d15,32,4,0.7777503887191415,0.4548176743555814,1.0473768066149205,1.7817279151640832,-0.3229327143635601,0.42189779578634223,0.269626417895779,0.4002825128946215,1.0039775264449418,0.569105336946437
2024-2024122817gm-00a9-0000-d56449ed-01-s0-d15,48,4,0.7706553904960552,0.3490475597791374,1.3109910980177422,2.1470651803538203,-0.42160783071691793,0.32996141968738013,0.5403357075216869,0.3381255001161811,1.376409789857765,0.43297095511592193
2024-2024122817gm-00a9-0000-d56449ed-01-s0-d15,64,4,0.6292484024306759,0.2930426866514608,1.1977677285904065,2.430870554642752,-0.3362057157792151,0.2603975892844476,0.5685193261597306,0.2791720629755251,1.801622152212076,0.36785372174995995
2025-2025122914gm-00a9-0000-be67f40d-01-s3-d1,16,4,-0.7981542309280485,-0.8664170333649963,-0.6611792319454253,-0.6273287921212614,-0.06826280243694782,0.3726381796465076,0.13697499898262322,0.46298785842305956,0.17082543880678713,0.3161971414856878
2025-2025122914gm-00a9-0000-be67f40d-01-s3-d1,32,4,-0.6649653877830133,-0.8395598450442776,-0.9858489038888365,-0.6143688450101763,-0.17459445726126432,0.32280130733149287,-0.3208835161058232,0.3842091845264712,0.05059654277283698,0.32633297206283696
2025-2025122914gm-00a9-0000-be67f40d-01-s3-d1,48,4,-0.7615716794971377,-0.7720106348861009,-0.7649582303129137,-0.6611964368882278,-0.010438955388963223,0.2976004878825089,-0.0033865508157759905,0.3094250084952063,0.1003752426089098,0.22953716839798335
2025-2025122914gm-00a9-0000-be67f40d-01-s3-d1,64,1,-0.5302112560602836,-0.7616742236423306,-0.6739911182085052,-0.7016161271603778,-0.23146296758204699,0.25388536556428093,-0.14377986214822158,0.2664341611206601,-0.17140487110009417,0.21486753607202763
2025-2025041520gm-00a9-0000-d292f784-02-s3-d5,16,3,-1.7701286962255836,-1.8817463894374669,-0.982275643851608,-2.1056320308707654,-0.1116176932118833,0.2969908066981796,0.7878530523739755,0.4622309451507163,-0.3355033346451819,0.48262039358560527
2025-2025041520gm-00a9-0000-d292f784-02-s3-d5,32,3,-2.1246011778712273,-2.092578645562753,-1.131999709410593,-1.8706714543513954,0.03202253230847418,0.16126549858838854,0.9926014684606344,0.4095657317731988,0.2539297235198319,0.3540114381411517
2025-2025041520gm-00a9-0000-d292f784-02-s3-d5,48,3,-1.80091277595299,-1.8252173917523276,-1.1381709827110171,-1.6673886232698958,-0.024304615799337626,0.1826419033547863,0.6627417932419727,0.294409150569374,0.13352415268309414,0.2625283683309014
2025-2025041520gm-00a9-0000-d292f784-02-s3-d5,64,3,-1.5928106649662368,-1.4193558830884285,-1.1779267074307427,-1.495116091798991,0.17345478187780827,0.19679569422427592,0.4148839575354941,0.2542357280681961,0.09769457316724584,0.21253311995158372
2024-2024092000gm-00a9-0000-e0b6f7b7-07-s3-d19,16,2,5.833898828961537,8.210380691378305,5.048888335441006,8.07060803202512,2.3764818624167674,0.6823109778542032,-0.7850104935205309,0.4159659310048301,2.236709203063583,0.6226895942661047
2024-2024092000gm-00a9-0000-e0b6f7b7-07-s3-d19,32,2,5.979070728404622,8.29672796257455,5.024984822332044,8.107071281811841,2.3176572341699284,0.4366828766871534,-0.9540859060725779,0.3372878835558079,2.128000553407219,0.43081258583044124
2025-2025123119gm-00a9-0000-4c392a7b-07-s1-d10,16,2,8.625873259783248,8.735482626690782,7.942981411028057,8.103826670485432,0.10960936690753442,0.49593730032169053,-0.6828918487551903,0.6724397638195093,-0.5220465892978154,0.5429685323240052
2025-2025123119gm-00a9-0000-4c392a7b-07-s1-d10,32,1,8.847128080041102,8.43762286800927,7.8414028282941075,8.073775053948339,-0.40950521203183143,0.28226559899431763,-1.0057252517469948,0.40656733000995776,-0.7733530260927637,0.3028814269250133
2025-2025123119gm-00a9-0000-4c392a7b-07-s1-d10,48,1,9.144540372100058,8.560363242331656,7.594428409522142,7.9216389732221915,-0.5841771297684014,0.2234148856741916,-1.5501119625779154,0.3667266466806984,-1.222901398877866,0.26744996113216657
2024-2024122714gm-00a9-0000-1f8c2640-02-s2-d7,16,2,3.6230481558013707,4.587703047611285,3.454586161999032,3.9903548343572766,0.9646548918099143,0.5711132667649191,-0.16846199380233884,0.5231801105946843,0.3673066785559058,0.4886761219276426
2024-2024122714gm-00a9-0000-1f8c2640-02-s2-d7,32,2,3.470115917385556,4.255132391088409,3.21114511822816,3.9219207459827885,0.7850164737028535,0.31945967515736473,-0.25897079915739596,0.26527860924086827,0.4518048285972327,0.2967146424033782
2024-2024122714gm-00a9-0000-1f8c2640-02-s2-d7,48,4,3.3606292751307287,3.9850708838979094,3.499483192882811,3.9884172094364962,0.6244416087671804,0.2354445701739248,0.13885391775208214,0.279723806488882,0.6277879343057672,0.23686161276815873
2024-2024122714gm-00a9-0000-1f8c2640-02-s2-d7,64,2,3.5463880174211226,3.998591755735106,3.5574006895767525,3.9546343341935426,0.4522037383139832,0.2000873578218891,0.011012672155629843,0.2248856346705724,0.40824631677241996,0.1999737369613777
2025-2025041612gm-00a9-0000-17df09bd-05-s2-d7,16,1,0.1351143334104563,-0.42996565578505397,nan,nan,-0.5650799891955103,0.8841101052437552,nan,nan,nan,nan
2025-2025041612gm-00a9-0000-17df09bd-05-s2-d7,32,1,-0.3417520471593889,-0.8573839096352458,nan,nan,-0.5156318624758569,0.4750493635362246,nan,nan,nan,nan
2025-2025041612gm-00a9-0000-17df09bd-05-s2-d7,48,1,-0.2521230307975202,-0.6809149348797897,nan,nan,-0.4287919040822696,0.4230756965424797,nan,nan,nan,nan
2025-2025041612gm-00a9-0000-17df09bd-05-s2-d7,64,1,-0.38998691705091915,-0.6962527435680386,nan,nan,-0.3062658265171194,0.3391289919184264,nan,nan,nan,nan
2025-2025122807gm-00a9-0000-c1328d8f-10-s1-d12,16,2,3.194221290090354,3.666384308322449,nan,nan,0.47216301823209506,0.46631834051552484,nan,nan,nan,nan
2025-2025122807gm-00a9-0000-c1328d8f-10-s1-d12,32,2,3.3988863741542445,3.6442060623594443,nan,nan,0.24531968820519978,0.2348586847080903,nan,nan,nan,nan
2025-2025122807gm-00a9-0000-c1328d8f-10-s1-d12,48,2,3.4647184251152794,3.634188016723783,nan,nan,0.16946959160850383,0.15715005381308583,nan,nan,nan,nan
2025-2025122807gm-00a9-0000-c1328d8f-10-s1-d12,64,2,3.423346404953918,3.425539998538625,nan,nan,0.002193593584706832,0.21015058648340348,nan,nan,nan,nan
2024-2024122101gm-00a9-0000-c77ef6cc-08-s2-d5,16,3,-3.572401894722134,-3.1932014734484255,-3.1207690094597638,-3.761547366157174,0.37920042127370834,0.2929897380181628,0.4516328852623701,0.3469099480961325,-0.18914547143504024,0.35816413455926704
2024-2024122101gm-00a9-0000-c77ef6cc-08-s2-d5,32,1,-3.429273610468954,-3.479863701155409,-3.6068506424780935,-3.8472022057976574,-0.05059009068645537,0.303627758872909,-0.17757703200913966,0.30001913653676787,-0.4179285953287035,0.20534891789622128
2024-2024122101gm-00a9-0000-c77ef6cc-08-s2-d5,48,1,-3.372042798437178,-3.461555404278139,-3.587683423111836,-3.8514835581493876,-0.08951260584096114,0.2169470512599223,-0.21564062467465797,0.20920068809560144,-0.4794407597122093,0.14638634146785615
2024-2024122101gm-00a9-0000-c77ef6cc-08-s2-d5,64,2,-3.5127704633341637,-3.4439066933700815,-3.5638100574724376,-3.8294359244173393,0.06886376996408217,0.20689066872463496,-0.05103959413827397,0.19652335929132017,-0.3166654610831756,0.15626235642118072
2024-2024122101gm-00a9-0000-c77ef6cc-09-s0-d10,16,1,5.617602894737502,nan,nan,nan,nan,nan,nan,nan,nan,nan
2024-2024122101gm-00a9-0000-c77ef6cc-09-s0-d10,32,1,5.902600343550148,nan,nan,nan,nan,nan,nan,nan,nan,nan
2024-2024122101gm-00a9-0000-c77ef6cc-09-s0-d10,48,1,5.963232614725712,nan,nan,nan,nan,nan,nan,nan,nan,nan
2024-2024122101gm-00a9-0000-c77ef6cc-09-s0-d10,64,1,5.852952745746734,nan,nan,nan,nan,nan,nan,nan,nan,nan
2024-2024100216gm-00a9-0000-2cbf5f5f-01-s1-d6,16,1,9.510806185148434,2.299599125146118,nan,nan,-7.211207060002316,1.470297156522965,nan,nan,nan,nan
2024-2024100216gm-00a9-0000-2cbf5f5f-01-s1-d6,32,1,8.498379583820647,4.081276484688925,nan,nan,-4.417103099131721,1.2298009191132608,nan,nan,nan,nan
2024-2024100216gm-00a9-0000-2cbf5f5f-01-s1-d6,48,1,7.886351186102183,4.242533190947772,nan,nan,-3.643817995154411,1.0481720934949985,nan,nan,nan,nan
2024-2024100216gm-00a9-0000-2cbf5f5f-01-s1-d6,64,1,7.452843061543714,4.84870369618995,nan,nan,-2.604139365353765,0.9042372405386851,nan,nan,nan,nan
2025-2025041221gm-00a9-0000-d8d9d627-08-s2-d2,16,1,-6.270866976803518,-6.376500184269389,-7.073519060482795,nan,-0.10563320746587124,0.5469842738123475,-0.802652083679277,0.46548206146812793,nan,nan
2025-2025041221gm-00a9-0000-d8d9d627-08-s2-d2,32,2,-6.6585307796704,-6.357958811365279,-6.833096655030204,nan,0.3005719683051211,0.4144637882969629,-0.1745658753598036,0.3657316846059488,nan,nan
2025-2025041221gm-00a9-0000-d8d9d627-08-s2-d2,48,1,-6.39857371984787,-6.40101937049197,-6.730604490245241,nan,-0.0024456506441007755,0.3286408056188271,-0.33203077039737156,0.31924974036549686,nan,nan
2025-2025041221gm-00a9-0000-d8d9d627-08-s2-d2,64,1,-6.194354907809611,-6.360403142214182,-6.667999769087601,nan,-0.1660482344045704,0.26204875559203633,-0.47364486127798955,0.25410698577306745,nan,nan
2024-2024092922gm-00a9-0000-d78d568e-05-s2-d4,16,1,-1.8876848849467933,nan,nan,nan,nan,nan,nan,nan,nan,nan
2024-2024092922gm-00a9-0000-d78d568e-05-s2-d4,32,1,-2.4907385194674134,nan,nan,nan,nan,nan,nan,nan,nan,nan
2024-2024092922gm-00a9-0000-d78d568e-05-s2-d4,48,1,-2.4881086045255265,nan,nan,nan,nan,nan,nan,nan,nan,nan
2024-2024092922gm-00a9-0000-d78d568e-05-s2-d4,64,1,-2.21933079911852,nan,nan,nan,nan,nan,nan,nan,nan,nan
2025-2025123121gm-00a9-0000-60ebef25-12-s1-d11,16,2,8.188300886668912,8.925514585521999,nan,nan,0.7372136988530853,0.3844886847972107,nan,nan,nan,nan
2025-2025123121gm-00a9-0000-60ebef25-12-s1-d11,32,2,8.39944665287726,8.90782945445345,nan,nan,0.5083828015761909,0.21247123831376616,nan,nan,nan,nan
2025-2025123121gm-00a9-0000-60ebef25-12-s1-d11,48,2,8.47746179555827,8.940400538980224,nan,nan,0.46293874342195424,0.15448237676314172,nan,nan,nan,nan
2025-2025123121gm-00a9-0000-60ebef25-12-s1-d11,64,2,8.507377002090655,8.897207946512758,nan,nan,0.3898309444221034,0.1296772826473483,nan,nan,nan,nan
2025-2025123119gm-00a9-0000-4c392a7b-06-s0-d3,16,1,0.8210812056204304,0.4809265579096973,nan,nan,-0.3401546477107331,0.8023231734796638,nan,nan,nan,nan
2025-2025123119gm-00a9-0000-4c392a7b-06-s0-d3,32,1,1.272787336667534,0.2033193337265402,nan,nan,-1.0694680029409938,0.573295908578846,nan,nan,nan,nan
2025-2025123119gm-00a9-0000-4c392a7b-06-s0-d3,48,1,1.367204277194105,0.06809547388305266,nan,nan,-1.2991088033110525,0.4549582833161538,nan,nan,nan,nan
2025-2025123119gm-00a9-0000-4c392a7b-06-s0-d3,64,1,1.414270894631045,0.11630176717881113,nan,nan,-1.2979691274522338,0.38643045090829303,nan,nan,nan,nan
2025-2025011500gm-00a9-0000-30b78cb2-07-s3-d8,16,1,3.963554949616082,nan,nan,nan,nan,nan,nan,nan,nan,nan
2025-2025011500gm-00a9-0000-30b78cb2-07-s3-d8,32,1,3.912464463734068,nan,nan,nan,nan,nan,nan,nan,nan,nan
2025-2025011500gm-00a9-0000-30b78cb2-07-s3-d8,48,1,3.8952707975016287,nan,nan,nan,nan,nan,nan,nan,nan,nan
2025-2025011500gm-00a9-0000-30b78cb2-07-s3-d8,64,1,3.873466167373408,nan,nan,nan,nan,nan,nan,nan,nan,nan
2025-2025041612gm-00a9-0000-17df09bd-03-s3-d0,16,2,6.396286996314302,6.907053792660008,6.246888780835434,5.8742254004464485,0.5107667963457061,0.3432685210796206,-0.14939821547886822,0.4252665523210874,-0.5220615958678536,0.49434807903856043
2025-2025041612gm-00a9-0000-17df09bd-03-s3-d0,32,3,6.497192955146602,6.300188372275443,6.6364149774599355,6.394553186328267,-0.19700458287115907,0.303003386679059,0.13922202231333358,0.3191806705570521,-0.10263976881833514,0.330567878725546
2025-2025041612gm-00a9-0000-17df09bd-03-s3-d0,48,1,6.490887619540445,6.295459428773029,6.391981129922594,6.41698207781883,-0.1954281907674158,0.20435401547904877,-0.09890648961785094,0.2671872232973082,-0.07390554172161501,0.26508363756785597
2025-2025041612gm-00a9-0000-17df09bd-03-s3-d0,64,1,6.583438340956491,6.490376906753227,6.322568306855828,6.478928466709476,-0.09306143420326407,0.16705746650703576,-0.26087003410066245,0.25407731861908917,-0.10450987424701452,0.25823420883211345
2025-2025041612gm-00a9-0000-17df09bd-03-s3-d0,80,4,6.331107738733408,6.283275886805495,6.412866686386406,6.580121081606558,-0.0478318519279128,0.13712271212917287,0.08175894765299745,0.23827317833630884,0.24901334287314966,0.2479661259226286
2025-2025041612gm-00a9-0000-17df09bd-03-s3-d0,96,4,6.23387958215244,6.245646922495022,6.3838598423826625,6.611608168896358,0.011767340342582125,0.12906852805307617,0.14998026023022248,0.24341666911522325,0.377728586743918,0.23881711387283572
2025-2025041612gm-00a9-0000-17df09bd-03-s3-d0,112,4,6.190899444738794,6.188653213741158,6.399247148689223,6.655434005104065,-0.0022462309976357835,0.12004139801965631,0.2083477039504292,0.23912398804523172,0.46453456036527185,0.22280550284666648
2025-2025041612gm-00a9-0000-17df09bd-03-s3-d0,128,4,6.094007162983871,6.140240200997141,6.383147054717199,6.628808658017306,0.046233038013269834,0.11597534336624138,0.28913989173332766,0.22828546874204347,0.5348014950334345,0.20976145355406312
2025-2025011223gm-00a9-0000-7704598d-06-s3-d0,16,4,-7.628997173480457,-6.922333395166788,-7.98036240003421,-6.589923460269347,0.7066637783136684,0.47890269633186194,-0.351365226553753,0.3065964135400199,1.0390737132111099,0.34514230693559356
2025-2025011223gm-00a9-0000-7704598d-06-s3-d0,32,1,-7.314740337838884,-7.422326975818578,-7.776571756665362,-7.444294081957196,-0.10758663797969348,0.4182180741824826,-0.4618314188264776,0.2695438212852706,-0.12955374411831144,0.34868541098189404
2025-2025011223gm-00a9-0000-7704598d-06-s3-d0,48,1,-7.426682714819132,-7.584247657835173,-7.743650594173232,-7.5016529975594795,-0.15756494301604107,0.2955064159945143,-0.31696787935410004,0.20531570394798665,-0.07497028274034771,0.28473732017381514
2025-2025011223gm-00a9-0000-7704598d-06-s3-d0,64,4,-7.388288188187289,-7.76071416711784,-7.601630307457526,-7.351477435549896,-0.3724259789305506,0.2602767792907076,-0.21334211927023716,0.17084037002817706,0.03681075263739331,0.2227289061902557
2025-2025011223gm-00a9-0000-7704598d-06-s3-d0,80,4,-7.509861959295813,-7.694858429627493,-7.621993242192548,-7.424738861172227,-0.18499647033168004,0.23372891056167014,-0.11213128289673477,0.153565895632049,0.0851230981235858,0.19299799295357462
2025-2025011223gm-00a9-0000-7704598d-06-s3-d0,96,1,-7.533619419550329,-7.794213522938662,-7.6832185978188745,-7.543104405461539,-0.26059410338833305,0.2079893203363482,-0.14959917826854507,0.14710556323471943,-0.009484985911209757,0.16552796770324082
2025-2025011223gm-00a9-0000-7704598d-06-s3-d0,112,4,-7.585275043295821,-7.7285081378234155,-7.76399624660345,-7.576265017439645,-0.143233094527594,0.2043216122288224,-0.1787212033076295,0.1401346238138032,0.009010025856176591,0.14679213657340515
2025-2025011223gm-00a9-0000-7704598d-06-s3-d0,128,1,-7.437997053858453,-7.650383203828824,-7.728259406158031,-7.534124786823668,-0.21238614997037075,0.20258907260576126,-0.2902623522995782,0.15490317546587684,-0.09612773296521482,0.15986428056074273
2024-2024092523gm-00a9-0000-e7bdeed7-06-s3-d7,16,3,-0.7523325700312853,-0.2541253864765167,0.3395884968340397,-1.3318506042705849,0.49820718355476856,0.632571837164687,1.091921066865325,0.5689462365323094,-0.5795180342392996,0.8775362488444556
2024-2024092523gm-00a9-0000-e7bdeed7-06-s3-d7,32,3,-1.0416826670989394,-0.5340579152107239,-0.3564133890904486,-1.5086030220263638,0.5076247518882155,0.42310298945522967,0.6852692780084908,0.3755141737209741,-0.46692035492742434,0.5268702966860699
2024-2024092523gm-00a9-0000-e7bdeed7-06-s3-d7,48,3,-0.947605373027424,-0.5448200730606914,-0.3533629213149349,-1.5154234109213576,0.4027852999667327,0.34354847341290184,0.5942424517124891,0.29320146303255423,-0.5678180378939336,0.38849648655039326
2024-2024092523gm-00a9-0000-e7bdeed7-06-s3-d7,64,3,-0.8514636119361967,-0.3334940306376666,-0.2588025026489049,-1.3134781217959244,0.5179695812985301,0.30679893492574395,0.5926611092872918,0.24576857028603508,-0.4620145098597277,0.3433204233142976
2024-2024092523gm-00a9-0000-e7bdeed7-06-s3-d7,80,3,-1.019735316094011,-0.5867602084763348,-0.4697863956913352,-1.2114162366138772,0.43297510761767627,0.2600185602842891,0.5499489204026758,0.2290372861125643,-0.19168092051986604,0.30568824666314254
2024-2024092523gm-00a9-0000-e7bdeed7-06-s3-d7,96,2,-1.0004200847664226,-0.624778326950036,-0.6581835638110837,-1.2791526168002747,0.3756417578163867,0.22870244485939753,0.3422365209553391,0.21437803985846843,-0.278732532033852,0.27290887616399273
2024-2024092523gm-00a9-0000-e7bdeed7-06-s3-d7,112,2,-0.9909198115180645,-0.6047388618878488,-0.7530994388673987,-1.3139359426318802,0.38618094963021576,0.21775227363979452,0.23782037265066588,0.2060863439780835,-0.3230161311138155,0.24711953795891992
2024-2024092523gm-00a9-0000-e7bdeed7-06-s3-d7,128,2,-1.0259550297923852,-0.6755560900492128,-0.7680861213302705,-1.3448801674967399,0.3503989397431724,0.2211633125468983,0.25786890846211463,0.207800564037199,-0.3189251377043547,0.2424484012872338
2024-2024091920gm-00a9-0000-49049014-01-s1-d6,16,2,6.698926535129431,7.138701224132092,6.843197444904945,6.913952058996074,0.43977468900266103,0.39487565262489704,0.14427090977551416,0.7748450539892792,0.2150255238666432,0.4808818978127404
2024-2024091920gm-00a9-0000-49049014-01-s1-d6,32,2,6.901438096385391,7.414456228092604,6.8997753175208345,6.750494092135341,0.5130181317072129,0.3729566245613119,-0.0016627788645564578,0.48446518870840005,-0.15094400425005006,0.3251163081505394
2024-2024091920gm-00a9-0000-49049014-01-s1-d6,48,2,6.991919781981778,7.443589950693422,6.976517584761798,6.937609709110499,0.4516701687116438,0.3003189511809302,-0.015402197219979522,0.35757958860182976,-0.05431007287127917,0.24172472279929666
2024-2024091920gm-00a9-0000-49049014-01-s1-d6,64,2,7.024899755272145,7.450846794079098,7.10050807826002,6.941522170218377,0.42594703880695306,0.23631403761746345,0.07560832298787545,0.3011311093749762,-0.08337758505376769,0.23323044707962687
2024-2024091920gm-00a9-0000-49049014-01-s1-d6,80,2,7.0041431710287725,7.259877910539217,7.1315111668888225,6.832035582346725,0.25573473951044434,0.21026399291737521,0.12736799586004963,0.24531251204677232,-0.1721075886820472,0.20244263147992958
2024-2024091920gm-00a9-0000-49049014-01-s1-d6,96,2,7.030180378702123,7.331634778705241,7.1965290419386365,6.981716755285258,0.3014544000031189,0.18743305923378828,0.16634866323651445,0.2164260748291967,-0.04846362341686472,0.1831263408183872
2024-2024091920gm-00a9-0000-49049014-01-s1-d6,112,2,7.033392561350671,7.351371928869672,7.1535990496292925,6.948585862379072,0.31797936751900124,0.1905278745205597,0.12020648827862195,0.2098368421992729,-0.08480669897159844,0.18989610820620184
2024-2024091920gm-00a9-0000-49049014-01-s1-d6,128,2,7.026751461623007,7.318858887024362,7.103518783874648,6.919037579285941,0.2921074254013547,0.1775554149574638,0.07676732225164073,0.18926332992349487,-0.10771388233706602,0.17819634055804512
2025-2025041522gm-00a9-0000-b0bc1a7b-06-s1-d6,16,2,4.673807162825142,4.966214615093122,4.674372082382433,4.611771165135906,0.29240745226798026,0.9341684162458384,0.0005649195572914323,0.9718254302315664,-0.062035997689235955,0.062035997689235955
2025-2025041522gm-00a9-0000-b0bc1a7b-06-s1-d6,32,3,4.469290681272923,4.703452667084093,4.824656828160187,4.823702009464341,0.23416198581116987,0.5368262518775676,0.3553661468872633,0.5668609506553873,0.35441132819141785,0.2548104253366645
2025-2025041522gm-00a9-0000-b0bc1a7b-06-s1-d6,48,4,4.356767884127294,4.222896592532076,4.38618475213237,4.73064819355083,-0.13387129159521768,0.4092270079066277,0.02941686800507644,0.3993694131288911,0.37388030942353606,0.21668218671379058
2025-2025041522gm-00a9-0000-b0bc1a7b-06-s1-d6,64,4,4.389852545302688,4.338868564871973,4.443375557432091,4.87032738047543,-0.05098398043071484,0.36066563388843836,0.05352301212940347,0.35790662588894306,0.4804748351727426,0.20409775352995338
2025-2025041522gm-00a9-0000-b0bc1a7b-06-s1-d6,80,4,4.453442767893921,4.331475081853933,4.479992738773762,4.839224180068459,-0.12196768603998862,0.3087141444794486,0.026549970879841567,0.3111964965717903,0.38578141217453776,0.16441194437729792
2025-2025041522gm-00a9-0000-b0bc1a7b-06-s1-d6,96,4,4.470232127972167,4.307232189953197,4.306375955818567,4.784956474205842,-0.16299993801897017,0.2788217866563251,-0.1638561721536007,0.2767627488410285,0.3147243462336746,0.1394390898210275
2025-2025041522gm-00a9-0000-b0bc1a7b-06-s1-d6,112,4,4.45365559475422,4.23685475087359,4.237790185927191,4.634672522434195,-0.21680084388062987,0.2582589976689475,-0.2158654088270282,0.25816108802446674,0.18101692767997488,0.13297577454420148
2025-2025041522gm-00a9-0000-b0bc1a7b-06-s1-d6,128,4,4.468741204694346,4.349790680375406,4.283247329239401,4.631086794330287,-0.11895052431894015,0.24304700613843946,-0.1854938754549451,0.23603920782785753,0.16234558963594026,0.1164186231870647
2025-2025011200gm-00a9-0000-18c17918-09-s0-d4,16,4,7.17734771277901,7.349148619916832,7.306032351116301,7.530521577129093,0.17180090713782192,0.8757740626691161,0.12868463833729038,0.4525661097428972,0.353173864350083,0.5152659240462882
2025-2025011200gm-00a9-0000-18c17918-09-s0-d4,32,4,6.8156991882569855,7.316220115416627,6.884784320703147,7.399383321780988,0.5005209271596414,0.6779462789690056,0.06908513244616188,0.47905662355350864,0.5836841335240024,0.5844630168792887
2025-2025011200gm-00a9-0000-18c17918-09-s0-d4,48,2,6.345313203437779,7.061901540269294,5.443979792441799,6.853496551114556,0.7165883368315159,0.6317111775588563,-0.9013334109959791,0.6147737388911039,0.508183347676777,0.5692264029540667
2025-2025011200gm-00a9-0000-18c17918-09-s0-d4,64,2,6.329977590919782,6.764698535654588,5.640141919696816,6.418042584279306,0.4347209447348064,0.5721010396779663,-0.6898356712229656,0.5041930734972981,0.08806499335952367,0.5026885230172138
2025-2025011200gm-00a9-0000-18c17918-09-s0-d4,80,4,6.239387450206914,6.158462906267596,5.537857183553842,6.308237432257101,-0.08092454393931803,0.5037851666869765,-0.7015302666530715,0.44765950649959046,0.06884998205018747,0.43707117035985016
2025-2025011200gm-00a9-0000-18c17918-09-s0-d4,96,4,6.256078101610115,6.202492843055552,5.610858640843541,6.459672094918839,-0.05358525855456264,0.4767565094114879,-0.6452194607665737,0.43039346328987893,0.20359399330872444,0.42656175975968474
2025-2025011200gm-00a9-0000-18c17918-09-s0-d4,112,4,6.382899885361927,6.446814689922511,5.834846464114378,6.607169269457756,0.06391480456058421,0.4195143827890359,-0.5480534212475489,0.39020454572730934,0.2242693840958298,0.3827035643488401
2025-2025011200gm-00a9-0000-18c17918-09-s0-d4,128,1,6.534267722408998,6.242299731968217,5.907131048439801,6.526131564176914,-0.2919679904407815,0.39544912084814304,-0.627136673969197,0.34963368051810373,-0.008136158232083801,0.3516444003850168
2025-2025011023gm-00a9-0000-6d5806f0-10-s2-d5,16,1,-3.8762394533259794,-4.382713199534919,-5.019404124264838,-4.294562082262928,-0.5064737462089397,1.1962333184474268,-1.1431646709388588,1.227569005420118,-0.4183226289369486,1.2657150267661619
2025-2025011023gm-00a9-0000-6d5806f0-10-s2-d5,32,1,-3.743855202686973,-4.127878987070289,-4.591231197016896,-4.792683178583502,-0.3840237843833165,0.6099617396453187,-0.8473759943299228,0.6414620815581967,-1.048827975896529,0.7242894248973408
2025-2025011023gm-00a9-0000-6d5806f0-10-s2-d5,48,1,-4.312283612273556,-4.508700674778083,-4.669595735011778,-4.713264871948316,-0.19641706250452748,0.43700139552623757,-0.35731212273822166,0.47824711706905915,-0.40098125967476034,0.5526438460980634
2025-2025011023gm-00a9-0000-6d5806f0-10-s2-d5,64,1,-4.422039647852216,-4.708379056355625,-4.613099129670445,-4.9377315165215805,-0.2863394085034088,0.3779125356554568,-0.19105948181822896,0.4180555832409567,-0.5156918686693643,0.4697114702756984
2025-2025011023gm-00a9-0000-6d5806f0-10-s2-d5,80,1,-4.404887286809389,-4.553985904360888,-4.438624486784102,-4.531026160044348,-0.14909861755149906,0.32076659726664825,-0.03373719997471199,0.39236821729196775,-0.12613887323495873,0.4193106807620396
2025-2025011023gm-00a9-0000-6d5806f0-10-s2-d5,96,1,-4.3634339832012,-4.512519218937086,-4.4305653225407395,-4.492614992605316,-0.14908523573588658,0.27819793682533295,-0.06713133933953941,0.3470873861240392,-0.12918100940411628,0.3588895394505536
2025-2025011023gm-00a9-0000-6d5806f0-10-s2-d5,112,1,-4.379422957232497,-4.450532842275736,-4.442945493190824,-4.448029720110883,-0.07110988504324009,0.26965578459369705,-0.06352253595832735,0.3184504495201575,-0.06860676287838682,0.32846889759672104
2025-2025011023gm-00a9-0000-6d5806f0-10-s2-d5,128,2,-4.222694674191189,-4.22194619730044,-4.415115918328411,-4.256723004926926,0.0007484768907488615,0.26577119484275297,-0.19242124413722195,0.298860026301291,-0.034028330735736745,0.33467721890500274
2025-2025011014gm-00a9-0000-9ea4d5cd-07-s3-d10,16,3,4.836911143310317,4.663993314177787,4.9258771661598075,4.457199943693013,-0.17291782913252973,0.3910841135268824,0.0889660228494904,0.33378077579699716,-0.3797111996173044,0.42972234332386594
2025-2025011014gm-00a9-0000-9ea4d5cd-07-s3-d10,32,3,4.202546521808927,4.290157129424188,4.320496305796496,4.016306088402871,0.08761060761526096,0.2299512871280018,0.11794978398756939,0.22359898609755025,-0.18624043340605567,0.35555825540933395
2025-2025011014gm-00a9-0000-9ea4d5cd-07-s3-d10,48,4,4.354927067234105,4.1791890963722835,4.253240681313097,4.355032348904994,-0.17573797086182216,0.20435071302268795,-0.10168638592100858,0.18848435847078782,0.00010528167088826497,0.2789267389310113
2025-2025011014gm-00a9-0000-9ea4d5cd-07-s3-d10,64,3,4.388042625985918,4.197496485238844,4.460299402228202,4.3489314134178585,-0.19054614074707388,0.1735400542312561,0.0722567762422841,0.18483069140265004,-0.03911121256805927,0.2902460412512356
2025-2025011014gm-00a9-0000-9ea4d5cd-07-s3-d10,80,3,4.271200249197318,4.259194388914693,4.371162449507574,4.3657505676552315,-0.012005860282624781,0.21267981991191576,0.09996220031025586,0.21778768827944942,0.09455031845791381,0.33486604764365185
2025-2025011014gm-00a9-0000-9ea4d5cd-07-s3-d10,96,1,4.4288181232782335,4.41881323970938,4.385934185331432,4.286372105197643,-0.010004883568853984,0.17704711885144866,-0.042883937946802085,0.20406683234299816,-0.14244601808059087,0.3012554968961683
2025-2025011014gm-00a9-0000-9ea4d5cd-07-s3-d10,112,2,4.412374108513307,4.441150273661281,4.365889134577628,4.315481757337303,0.028776165147974098,0.16598409855306692,-0.046484973935678554,0.1926395980142903,-0.09689235117600349,0.26809835549358907
2025-2025011014gm-00a9-0000-9ea4d5cd-07-s3-d10,128,2,4.440454487116881,4.449498724362684,4.420824008660816,4.296041112609373,0.009044237245802833,0.1493288810274055,-0.019630478456065248,0.17354508151712075,-0.1444133745075078,0.25365750681799965
2025-2025123119gm-00a9-0000-4c392a7b-04-s3-d10,16,4,-4.047561607323587,-4.00741689838469,-4.182560867862776,-3.8342935098335147,0.040144708938896656,0.06270229021406068,-0.13499926053918898,0.20632449939534311,0.21326809749007225,0.29004844017790143
2025-2025123119gm-00a9-0000-4c392a7b-04-s3-d10,32,4,-4.147597899660468,-4.0868195574730635,-4.157104180776514,-3.693737326655537,0.06077834218740463,0.05968416312457274,-0.009506281116046011,0.10640457552585024,0.4538605730049312,0.2409785927366944
2025-2025123119gm-00a9-0000-4c392a7b-04-s3-d10,48,4,-4.191062704271947,-4.091884195571765,-4.153698504902422,-3.8798979634884745,0.09917850870018204,0.0979293363301679,0.03736419936952492,0.07555923634755679,0.31116474078347284,0.16275325095228088
2025-2025123119gm-00a9-0000-4c392a7b-04-s3-d10,64,4,-4.136724886018783,-4.0920326876221225,-4.118344463699032,-3.8472160706296563,0.04469219839666039,0.09358315042794939,0.018380422319751233,0.06252403543203072,0.28950881538912654,0.1274261445821682
2025-2025123119gm-00a9-0000-4c392a7b-04-s3-d10,80,4,-4.123539176862687,-3.97739919712767,-4.111868348857388,-3.907002216670662,0.14613997973501683,0.12374940504073367,0.011670828005298972,0.055014903238728194,0.2165369601920247,0.10533279546022434
2025-2025123119gm-00a9-0000-4c392a7b-04-s3-d10,96,4,-4.12738798900197,-4.008874494582415,-4.09689569810871,-3.955371219664812,0.11851349441955487,0.10413939591395985,0.03049229089325915,0.049544906214847036,0.1720167693371574,0.0901676323991177
2025-2025123119gm-00a9-0000-4c392a7b-04-s3-d10,112,4,-4.110603425784835,-4.027139605022967,-4.116348309010001,-3.9225606098771095,0.08346382076186794,0.09110085962995126,-0.005744883225166372,0.04867633141123393,0.18804281590772526,0.08826456560003129
2025-2025123119gm-00a9-0000-4c392a7b-04-s3-d10,128,4,-4.0986144878552295,-4.019709121261258,-4.108125827653566,-3.8951606797636487,0.07890536659397185,0.08047828043016798,-0.009511339798336849,0.04757231049369312,0.20345380809158087,0.0840347756597076
2024-2024100200gm-00a9-0000-0aacab28-03-s0-d2,16,2,4.9768394593847916,5.538433947891463,4.965910193161108,5.2423538019065745,0.561594488506671,0.36975033778514615,-0.010929266223683953,0.3266149429566003,0.26551434252178296,0.4379352300168595
2024-2024100200gm-00a9-0000-0aacab28-03-s0-d2,32,3,4.8423375830752775,5.048675544006983,5.05047633277718,4.877406310552033,0.2063379609317053,0.25677143044565726,0.20813874970190227,0.28936563001415927,0.03506872747675516,0.28501285873816856
2024-2024100200gm-00a9-0000-0aacab28-03-s0-d2,48,2,4.940282261037889,5.030677426975065,4.901912496464017,4.878324290795717,0.0903951659371766,0.22593816823392235,-0.03836976457387209,0.257469908027189,-0.061957970242171236,0.2046195099548772
2024-2024100200gm-00a9-0000-0aacab28-03-s0-d2,64,2,4.872265625279397,5.114910105665331,4.777247392223217,4.8455864467978245,0.242644480385934,0.19275546586039694,-0.09501823305618018,0.20402338029980988,-0.026679178481572308,0.18643605938180074
2024-2024100200gm-00a9-0000-0aacab28-03-s0-d2,80,2,4.771841819351539,5.013088649313431,4.751037067826838,4.822949292801786,0.24124682996189223,0.16182050008145202,-0.020804751524701716,0.16981502033213663,0.0511074734502472,0.17899695437939764
2024-2024100200gm-00a9-0000-0aacab28-03-s0-d2,96,2,4.739493243852242,4.962511896019957,4.784945110198653,4.746575023600599,0.22301865216771452,0.13563682717188053,0.04545186634641141,0.1497645131042421,0.007081779748356591,0.17924145252843168
2024-2024100200gm-00a9-0000-0aacab28-03-s0-d2,112,2,4.723205304596506,4.920118801944357,4.74690140383817,4.7278322935121,0.19691349734785035,0.11640388260410736,0.023696099241663302,0.12910702442277835,0.004626988915593496,0.15515681756104255
2024-2024100200gm-00a9-0000-0aacab28-03-s0-d2,128,2,4.816574972792296,4.896053534153907,4.790367712943407,4.639839888848655,0.07947856136161136,0.12884742795063367,-0.026207259848888498,0.11697199610524633,-0.17673508394364035,0.16133384604301815
2025-2025041314gm-00a9-0000-447ba93f-08-s2-d8,16,1,-3.0051827118732035,-4.221947269943485,-3.9393437152320985,-3.4300844472600147,-1.216764558070281,0.5358263530631712,-0.934161003358895,0.5649593812094696,-0.4249017353868112,0.4454356105020142
2025-2025041314gm-00a9-0000-447ba93f-08-s2-d8,32,3,-3.2464010942785535,-3.9533861396594148,-2.998336502481834,-3.138506975839846,-0.7069850453808613,0.4553290155262952,0.24806459179671947,0.5403798226897553,0.10789411843870766,0.5084034609088368
2025-2025041314gm-00a9-0000-447ba93f-08-s2-d8,48,4,-3.0951972623588517,-3.8385259837062526,-2.5893000163390147,-2.4885500883101486,-0.7433287213474008,0.36083765037687626,0.5058972460198371,0.398221627030013,0.6066471740487032,0.3999958230957723
2025-2025041314gm-00a9-0000-447ba93f-08-s2-d8,64,4,-2.9338911084196297,-3.8863269823978044,-2.643745199762634,-2.449767714337213,-0.9524358739781746,0.34383362070188017,0.29014590865699574,0.3360208673274536,0.4841233940824168,0.3420539938359292
2025-2025041314gm-00a9-0000-447ba93f-08-s2-d8,80,4,-3.1739495674963107,-3.775007210513286,-2.627111500364845,-2.4909434159868398,-0.601057643016975,0.30405774146863196,0.5468380671314662,0.308560241566489,0.6830061515094712,0.2997792954185495
2025-2025041314gm-00a9-0000-447ba93f-08-s2-d8,96,4,-3.2263244105076105,-3.860660399803843,-2.669293079682878,-2.4345080052832295,-0.6343359892962326,0.26526976843841604,0.5570313308247327,0.2793783028533913,0.791816405224381,0.2659294045131806
2024-2024091917gm-00a9-0000-24c42be7-07-s0-d10,16,2,-4.996492207108531,-4.668431840837002,-5.149285624735057,-5.931192161981016,0.32806036627152935,0.2224681649612995,-0.1527934176265262,0.9756430017969353,-0.9346999548724853,0.7009526240246978
2024-2024091917gm-00a9-0000-24c42be7-07-s0-d10,32,1,-4.846723915270559,-5.23004177752955,-5.1936139680910856,-6.043425206793472,-0.3833178622589912,0.3998379400172878,-0.34689005282052676,0.8155665091864807,-1.1967012915229134,0.5352364237753905
2024-2024091917gm-00a9-0000-24c42be7-07-s0-d10,48,1,-4.502706930402685,-5.124726798960182,-4.961709556092198,-5.4018651084819185,-0.6220198685574966,0.5031697798264462,-0.45900262568951194,0.6411461838814914,-0.899158178079233,0.49214532022320934
2024-2024091917gm-00a9-0000-24c42be7-07-s0-d10,64,1,-4.618412131387231,-4.913586185868553,-4.890081762730915,-5.748617838111386,-0.29517405448132195,0.42268588662412265,-0.27166963134368416,0.5550889728119195,-1.1302057067241549,0.41271518019182696
2024-2024091917gm-00a9-0000-24c42be7-07-s0-d10,80,1,-4.426113032411377,-4.695084507415595,-4.655425066304451,-5.730630873309565,-0.26897147500421853,0.39500367476726067,-0.22931203389307483,0.5143533300844811,-1.3045178408981883,0.39690508048822815
2024-2024091917gm-00a9-0000-24c42be7-07-s0-d10,96,1,-4.632599348684987,-4.899654792679939,-4.8484365978717205,-5.8729186692277535,-0.2670554439949531,0.33083123845861856,-0.21583724918673397,0.44306166702885424,-1.240319320542767,0.3506330402589609
2024-2024091917gm-00a9-0000-24c42be7-07-s0-d10,112,1,-4.666226506472283,-4.917739590257822,-4.927508536436237,-5.951706000446783,-0.2515130837855395,0.3325920872961244,-0.26128202996395494,0.3952728180041549,-1.2854794939745002,0.3238126764646032
2024-2024091917gm-00a9-0000-24c42be7-07-s0-d10,128,1,-4.780024677891561,-5.071661252493868,-5.067830342429261,-6.009150064558526,-0.2916365746023075,0.303574131652143,-0.28780566453770007,0.35391681632207067,-1.229125386666965,0.2966241002859394
2024-2024093020gm-00a9-0000-4385d1bc-10-s1-d7,16,1,2.7620398515027773,0.7296493768772052,0.0621637012809515,1.1710447841451241,-2.032390474625572,1.2443640634105577,-2.699876150221826,1.075117584370226,-1.5909950673576532,0.9124845336568912
2024-2024093020gm-00a9-0000-4385d1bc-10-s1-d7,32,1,2.4039861912406195,1.4700145880888158,0.3956558872014284,2.0948124128926793,-0.9339716031518037,0.7627798143447997,-2.008330304039191,0.6414219940204677,-0.30917377834794024,0.691376930614706
2024-2024093020gm-00a9-0000-4385d1bc-10-s1-d7,48,1,2.2617607630624357,1.175038487551016,-0.05108458395504082,1.771768548138425,-1.0867222755114199,0.6021615934030758,-2.312845347017477,0.583014716582136,-0.48999221492401074,0.6089149998805398
2024-2024093020gm-00a9-0000-4385d1bc-10-s1-d7,64,1,2.351370253778441,1.430838066790784,0.18682205415643693,1.8508791622657554,-0.920532186987657,0.48535956178331763,-2.164548199622004,0.49229674994375566,-0.5004910915126857,0.49646208478170223
2024-2024093020gm-00a9-0000-4385d1bc-10-s1-d7,80,1,2.2604721950323436,1.3434777912303162,0.1890844942747208,1.8635136252721622,-0.9169944038020276,0.4269223398222098,-2.071387700757623,0.4185450080291918,-0.3969585697601815,0.4278204803495022
2024-2024093020gm-00a9-0000-4385d1bc-10-s1-d7,96,1,2.0664412080138086,1.317066421763646,0.07076492903494606,1.8716021205593734,-0.7493747862501626,0.43679526323815593,-1.9956762789788627,0.4167506207389361,-0.19483908745443537,0.44313730949279745
2024-2024093020gm-00a9-0000-4385d1bc-10-s1-d7,112,1,1.918588747990725,1.1761562118495346,0.07493323736135997,1.6945930809461711,-0.7424325361411904,0.3881819073112138,-1.843655510629365,0.3868298796207278,-0.22399566704455406,0.4121793523440499
2024-2024093020gm-00a9-0000-4385d1bc-10-s1-d7,128,1,1.8846500269437456,1.1754821363477674,0.24040608421137222,1.777130398618226,-0.7091678905959782,0.3535756407868918,-1.6442439427323734,0.3463288567325744,-0.10751962832551953,0.37518883465246766
2024-2024092123gm-00a9-0000-dc75db61-02-s0-d6,16,4,-0.4741346752271056,-0.4739740788936615,-0.49964186176657677,0.7723559197038412,0.0001605963334441185,0.26533936296794797,-0.02550718653947115,0.533085322557549,1.2464905949309468,0.6972055666494982
2024-2024092123gm-00a9-0000-dc75db61-02-s0-d6,32,4,-0.03772479388862848,-0.28560722805559635,0.05801223358139396,0.7040056767873466,-0.24788243416696787,0.28126136789175354,0.09573702747002244,0.31721176557650166,0.7417304706759751,0.39235256215174835
2024-2024092123gm-00a9-0000-dc75db61-02-s0-d6,48,4,-0.0812771013006568,-0.07980581310888131,0.2327442541718483,0.24783748916039863,0.001471288191775481,0.2537304036224315,0.3140213554725051,0.27539410798563496,0.32911459046105546,0.3123042986219979
2024-2024092123gm-00a9-0000-dc75db61-02-s0-d6,64,3,-0.04770255018956959,-0.0564644014229998,0.15734016196802258,0.11995029542595148,-0.008761851233430207,0.20458671787767235,0.20504271215759218,0.2080833438126544,0.16765284561552107,0.269869449688976
2024-2024092123gm-00a9-0000-dc75db61-02-s0-d6,80,3,0.03724497426301241,-0.015065701771527528,0.1846460573375225,0.12817962747067213,-0.05231067603453994,0.1690729123239495,0.1474010830745101,0.16706792970221024,0.09093465320765973,0.22455510412236113
2024-2024092123gm-00a9-0000-dc75db61-02-s0-d6,96,4,-0.016166513009617727,-0.05652578671773275,0.017322393289456766,0.05667724118878444,-0.04035927370811502,0.17959561927732015,0.03348890629907449,0.15159714008546565,0.07284375419840217,0.19159305371137936
2024-2024092123gm-00a9-0000-dc75db61-02-s0-d6,112,4,0.1103617065985288,-0.007867117412388325,0.12160583013402564,0.13247088396123477,-0.11822882401091712,0.1673618859317413,0.011244123535496848,0.1309585696231748,0.02210917736270598,0.16995508727465697
2024-2024092123gm-00a9-0000-dc75db61-02-s0-d6,128,1,0.13901944749522954,0.028905668877996504,0.08755197888240218,0.12860327455564402,-0.11011377861723304,0.14857841486216006,-0.05146746861282736,0.12575536715119195,-0.010416172939585522,0.17114555764922443
2024-2024092313gm-00a9-0000-546f9980-09-s0-d10,16,4,-3.8380358992938,-3.874336134744226,-3.7566893421565055,-3.7167382469408494,-0.036300235450426044,0.03481461425912805,0.08134655713729444,0.13480994820212613,0.12129765235295054,0.13247434264946747
2024-2024092313gm-00a9-0000-546f9980-09-s0-d10,32,2,-3.800690365321884,-3.3763125827840668,-3.756757458416587,-3.7107610496046846,0.42437778253781744,0.27666994875661716,0.043932906905297386,0.06743671807157663,0.08992931571719964,0.09724707770607281
2024-2024092313gm-00a9-0000-546f9980-09-s0-d10,48,2,-3.813115662309201,-3.5055265805382683,-3.6834470120782803,-3.630900655088908,0.30758908177093264,0.18731976839486508,0.12966865023092092,0.10974536070012725,0.18221500722029305,0.12172752904181439
2024-2024092313gm-00a9-0000-546f9980-09-s0-d10,64,2,-3.818012053623363,-3.5084871643018687,-3.715383569055689,-3.675677691496105,0.30952488932149436,0.1575877738635253,0.10262848456767415,0.0824900389921854,0.14233436212725792,0.0916563616376632
2024-2024092313gm-00a9-0000-546f9980-09-s0-d10,80,3,-3.793103515020152,-3.579379998852005,-3.5736012191465534,-3.701635043197416,0.2137235161681474,0.12875902849763593,0.21950229587359898,0.16193337152331602,0.09146847182273632,0.07516492616757933
2024-2024092313gm-00a9-0000-546f9980-09-s0-d10,96,3,-3.7886917937735802,-3.6119586937084214,-3.6036241637314297,-3.707309241779266,0.176733100065159,0.10759665506605003,0.18506763004215068,0.1350409284530619,0.08138255199431417,0.0626781826456422
2024-2024092313gm-00a9-0000-546f9980-09-s0-d10,112,3,-3.8011299548752993,-3.6285143827058977,-3.533563541423535,-3.6489938657051004,0.17261557216940154,0.09407994477588481,0.2675664134517644,0.15802370977773944,0.15213608917019883,0.09650557998490829
2024-2024092313gm-00a9-0000-546f9980-09-s0-d10,128,3,-3.805673471888369,-3.6490485378696036,-3.5680078560748854,-3.672735224424102,0.15662493401876532,0.08246262222951221,0.23766561581348356,0.13839854763490983,0.13293824746426708,0.08458205937594185
2024-2024092223gm-00a9-0000-7e6fd370-05-s3-d1,16,1,1.04387173242867,0.5028303830185905,-0.6493742865277454,-1.7211584253236651,-0.5410413494100794,0.8502652323354952,-1.6932460189564154,0.825933844146594,-2.765030157752335,1.0594498948188942
2024-2024092223gm-00a9-0000-7e6fd370-05-s3-d1,32,1,0.17146126076113433,-0.11256257892819121,-0.5688022040412761,-1.9286649352870882,-0.28402383968932554,0.42817818255699475,-0.7402634648024105,0.4455197883393935,-2.1001261960482225,0.5871333617147715
2024-2024092223gm-00a9-0000-7e6fd370-05-s3-d1,48,2,-0.574306604374821,-0.530872798563602,-0.8807323524185146,-1.8490557686115305,0.04343380581121892,0.32381795633047933,-0.3064257480436936,0.35538588679785676,-1.2747491642367095,0.48689556359548475
2024-2024092223gm-00a9-0000-7e6fd370-05-s3-d1,64,2,-0.5380893299879972,-0.5315220477059484,-0.5566802882749471,-1.7307614093297161,0.006567282282048836,0.30712902683175025,-0.0185909582869499,0.3727784374341643,-1.192672079341719,0.44141858882014834
2024-2024092223gm-00a9-0000-7e6fd370-05-s3-d1,80,3,-0.6454290305962787,-0.658596269832924,-0.6005797555597383,-1.6569237625226378,-0.0131672392366454,0.2456624238034839,0.04484927503654035,0.34272464538959185,-1.0114947319263592,0.3825181040610763
2024-2024092223gm-00a9-0000-7e6fd370-05-s3-d1,96,1,-0.6365292541546902,-0.6557695865437078,-0.6682106895835508,-1.6942215592910845,-0.019240332389017567,0.25222671741149966,-0.03168143542886052,0.33143398915504424,-1.0576923051363945,0.34184679880973196
2024-2024092223gm-00a9-0000-7e6fd370-05-s3-d1,112,3,-0.7414602966995777,-0.7361644665278229,-0.63902652314677,-1.7795974823280372,0.0052958301717548496,0.24748196231989708,0.10243377355280765,0.33903206209008535,-1.0381371856284594,0.32635289210234136
2024-2024092223gm-00a9-0000-7e6fd370-05-s3-d1,128,3,-0.6742539411534381,-0.6563026865478605,-0.5469984902838405,-1.7825485987850698,0.01795125460557756,0.24378251071719542,0.12725545086959755,0.3177490408497435,-1.1082946576316317,0.3483155696272769
2024-2024092922gm-00a9-0000-d78d568e-07-s0-d3,16,3,-0.0664431331679225,0.09347547963261604,0.11006893520243466,-0.6398316659033298,0.15991861280053854,0.37947772087680104,0.17651206837035716,0.9651014656628235,-0.5733885327354074,1.0015351548514322
2024-2024092922gm-00a9-0000-d78d568e-07-s0-d3,32,1,-0.29750282666645944,-0.39782463168376125,-0.4586407453753054,-1.1729359177406877,-0.10032180501730181,0.5580355993412686,-0.16113791870884597,0.6606065840118445,-0.8754330910742283,0.6715957916903791
2024-2024092922gm-00a9-0000-d78d568e-07-s0-d3,48,2,7.16730331381162e-05,0.04626971473529314,-0.49465876932178315,-1.1037257825567697,0.046198041702155024,0.3975121931504171,-0.49473044235492125,0.5698237711070026,-1.103797455589908,0.5931328209793444
2024-2024092922gm-00a9-0000-d78d568e-07-s0-d3,64,1,0.020926950470311567,-0.12469289464934263,-0.34664370933023747,-0.6104894240561407,-0.1456198451196542,0.33556265791426904,-0.36757065980054904,0.468927555530567,-0.6314163745264523,0.516039699842476
2024-2024092922gm-00a9-0000-d78d568e-07-s0-d3,80,1,0.1348371009575203,0.04736233133589849,-0.03719798513920978,-0.45053561008535326,-0.08747476962162182,0.27979998221403474,-0.17203508609673007,0.4074982395961854,-0.5853727110428736,0.4681648190318287
2024-2024092922gm-00a9-0000-d78d568e-07-s0-d3,96,2,0.08341884469458212,0.2178600640812268,0.17212376514604935,-0.234991523087956,0.13444121938664466,0.2883190682550515,0.08870492045146723,0.39361118683804636,-0.3184103677825381,0.43873754237476514
2024-2024092922gm-00a9-0000-d78d568e-07-s0-d3,112,2,0.20165940716729633,0.2280948551903878,0.18557034309820405,-0.08181344401756567,0.02643544802309147,0.2688175085022742,-0.016089064069092274,0.3646944647814136,-0.283472851184862,0.41179352854803514
2024-2024092922gm-00a9-0000-d78d568e-07-s0-d3,128,2,0.23611472932680044,0.30448392090329435,0.09881077511090552,-0.1080549645703286,0.0683691915764939,0.249451261986997,-0.13730395421589492,0.3700120413859646,-0.34416969389712904,0.4007545459442636
2025-2025041311gm-00a9-0000-5f819544-03-s2-d11,16,3,5.289414932049112,5.045643515477423,5.6928043808438815,5.617987117991458,-0.24377141657168977,0.4117129550904803,0.4033894487947691,0.5678589342383144,0.3285721859423454,0.6434685660131938
2025-2025041311gm-00a9-0000-5f819544-03-s2-d11,32,3,4.956612454509013,5.011637493997114,5.243422771600308,5.214855701676873,0.05502503948810045,0.28108940024160733,0.28681031709129456,0.30550876120933834,0.25824324716785974,0.34015816601752197
2025-2025041311gm-00a9-0000-5f819544-03-s2-d11,48,3,4.990504945560436,5.110677488361641,5.296353764659822,5.097291527871186,0.12017254280120444,0.22830777719703943,0.30584881909938605,0.23046776078080047,0.10678658231075033,0.25902575562124336
2025-2025041311gm-00a9-0000-5f819544-03-s2-d11,64,3,4.994169627090741,5.11168889469991,5.144658459512357,5.006391676209975,0.11751926760916831,0.20136267287663712,0.15048883242161537,0.18461563046437615,0.012222049119233525,0.20280115214207534
2025-2025041311gm-00a9-0000-5f819544-03-s2-d11,80,2,4.962273067614296,5.20475403642522,5.130269098504504,4.9747423133884485,0.24248096881092351,0.18899030430759642,0.1679960308902082,0.18153324513457592,0.012469245774152427,0.17923957266971804
2025-2025041311gm-00a9-0000-5f819544-03-s2-d11,96,2,5.034129491119529,5.20641996344684,5.067794228313384,5.072386526067138,0.17229047232731118,0.187484439228433,0.03366473719385491,0.1769442109460285,0.038257034947609014,0.17326870178731837
2025-2025041311gm-00a9-0000-5f819544-03-s2-d11,112,2,5.014481135082731,5.140844195294499,5.105647755742082,5.086790322958973,0.12636306021176832,0.18633925126992348,0.09116662065935088,0.15762637293346635,0.07230918787624217,0.1550179572178409
2025-2025041311gm-00a9-0000-5f819544-03-s2-d11,128,4,4.9693713387569005,5.145027501809794,4.997621029721813,5.153686508551661,0.17565616305289344,0.17073852602888245,0.028249690964912588,0.15328476780837183,0.18431516979476026,0.1469130389082235
2024-2024093020gm-00a9-0000-4385d1bc-03-s1-d19,16,3,-4.439809346571565,-4.439809346571565,-4.367756740190089,-4.439809346571565,0.0,0.0,0.07205260638147593,0.07205260638147593,0.0,0.0
2024-2024093020gm-00a9-0000-4385d1bc-03-s1-d19,32,3,-4.475835649762303,-4.475835649762303,-4.403783043380827,-4.475835649762303,0.0,0.0,0.07205260638147593,0.05012039417998155,0.0,0.0
2024-2024093020gm-00a9-0000-4385d1bc-03-s1-d19,48,3,-4.487844417492549,-4.511861952953041,-4.446472514731188,-4.463826882032056,-0.024017535460491974,0.02401753546049198,0.04137190276136001,0.03445511834239103,0.024017535460491974,0.02401753546049198
2024-2024093020gm-00a9-0000-4385d1bc-03-s1-d19,64,3,-4.403783043380827,-4.439809346571565,-4.372754116309807,-4.403783043380827,-0.03602630319073796,0.025271456440500835,0.031028927071020007,0.025871523701140316,0.0,0.025675825419387108
2024-2024093020gm-00a9-0000-4385d1bc-03-s1-d19,80,3,-4.382167261466384,-4.410988304018974,-4.357344119809568,-4.382167261466384,-0.02882104255259037,0.020250159323927305,0.024823141656816004,0.020711572108367774,0.0,0.020508133537057553
2024-2024093020gm-00a9-0000-4385d1bc-03-s1-d19,96,3,-4.379765507920335,-4.403783043380827,-4.3470707888094084,-4.367756740190089,-0.024017535460491974,0.016893341712674075,0.032694719110925995,0.020908126718004107,0.012008767730245987,0.020872649994042758
2024-2024093020gm-00a9-0000-4385d1bc-03-s1-d19,112,3,-4.367756740190089,-4.388343199156225,-4.33229510925178,-4.357463510707021,-0.02058645896613598,0.014491105100903236,0.03546163093830858,0.019324346883039516,0.01029322948306799,0.017881855018707565
2024-2024093020gm-00a9-0000-4385d1bc-03-s1-d19,128,3,-4.385769891785458,-4.403783043380827,-4.354740964714438,-4.376763315987773,-0.01801315159536898,0.012686975997497813,0.031028927071020007,0.016931303520581323,0.00900657579768449,0.015640737771476593
2025-2025041522gm-00a9-0000-b0bc1a7b-05-s0-d0,16,4,7.809023802121374,7.710231441501946,7.457456576088589,7.895675225812738,-0.0987923606194272,0.30155843891647033,-0.3515672260327847,0.36639762367371176,0.08665142369136447,0.40211238631657154
2025-2025041522gm-00a9-0000-b0bc1a7b-05-s0-d0,32,4,7.345106251834295,7.3810857560290515,7.476010568361744,7.754283569614017,0.03597950419475637,0.2546650918163576,0.13090431652744883,0.25485325985481594,0.4091773177797222,0.29458882388480284
2025-2025041522gm-00a9-0000-b0bc1a7b-05-s0-d0,48,4,7.755817448717305,7.709451162096381,7.606399403032962,7.992909775463583,-0.04636628662092335,0.17728552886249732,-0.14941804568434236,0.2215493273726543,0.23709232674627856,0.21121740985467016
2025-2025041522gm-00a9-0000-b0bc1a7b-05-s0-d0,64,4,7.573328724741998,7.5856802030670565,7.540916144928076,7.803388706749047,0.012351478325058451,0.14164262419508097,-0.03241257981392209,0.2016151065716687,0.2300599820070488,0.18608182675362328
2025-2025041522gm-00a9-0000-b0bc1a7b-05-s0-d0,80,4,7.515621862182025,7.525470820387227,7.556283162115188,7.7575961866354195,0.009848958205202507,0.1527275415012563,0.04066129993316281,0.17863212461270755,0.24197432445339473,0.16824416518405408
2025-2025041522gm-00a9-0000-b0bc1a7b-05-s0-d0,96,4,7.541375629065328,7.543716549876346,7.522628838435518,7.7873003760560096,0.002340920811017592,0.12925190371348236,-0.018746790629810068,0.19356302274949297,0.24592474699068134,0.1433946314891159
2025-2025041522gm-00a9-0000-b0bc1a7b-05-s0-d0,112,4,7.58692455315658,7.587159734927029,7.548309685333022,7.759786551650255,0.00023518177044934419,0.12202799042433456,-0.03861486782355834,0.17558073315413547,0.1728619984936748,0.13452806300175435
2025-2025041522gm-00a9-0000-b0bc1a7b-05-s0-d0,128,4,7.625380233608809,7.5914549700395195,7.584041753090901,7.810990163967574,-0.033925263569289044,0.1127652290747013,-0.04133848051790778,0.16175513203426944,0.1856099303587655,0.12643385695603532
