decision_id,world_idx,branch,candidate_rank,action_id,final_scores,final_rank,final_utility,round_wind,kyoku_idx,honba,riichi_sticks,n_kyoku,done
2024-2024091917gm-00a9-0000-24c42be7-07-s0-d10,0,A,1,15,"[8300,26400,39400,25900]",4,-10.0,1,3,0,0,6,True
2024-2024091917gm-00a9-0000-24c42be7-07-s0-d10,0,B,3,65,"[12100,37600,30400,19900]",4,-10.0,1,3,0,0,5,True
2024-2024091917gm-00a9-0000-24c42be7-07-s0-d10,1,A,1,15,"[22700,17900,36900,20500]",2,4.0,1,3,2,2,8,True
2024-2024091917gm-00a9-0000-24c42be7-07-s0-d10,1,B,3,65,"[22700,17900,36900,20500]",2,4.0,1,3,2,2,8,True
2024-2024091917gm-00a9-0000-24c42be7-07-s0-d10,2,A,1,15,"[4000,36000,27100,31900]",4,-10.0,1,3,0,1,5,True
2024-2024091917gm-00a9-0000-24c42be7-07-s0-d10,2,B,3,65,"[20200,19900,26900,33000]",3,-4.0,1,3,1,0,6,True
2024-2024091917gm-00a9-0000-24c42be7-07-s0-d10,3,A,1,15,"[15200,22400,42800,19600]",4,-10.0,1,3,0,0,6,True
2024-2024091917gm-00a9-0000-24c42be7-07-s0-d10,3,B,3,65,"[13100,22400,35400,29100]",4,-10.0,1,3,2,0,5,True
2024-2024091917gm-00a9-0000-24c42be7-07-s0-d10,4,A,1,15,"[4700,38600,32700,24000]",4,-10.0,1,3,0,0,5,True
2024-2024091917gm-00a9-0000-24c42be7-07-s0-d10,4,B,3,65,"[37700,22300,28400,11600]",1,10.0,1,3,1,0,7,True
2024-2024091917gm-00a9-0000-24c42be7-07-s0-d10,5,A,1,15,"[20700,28000,18400,32900]",3,-4.0,1,3,0,0,4,True
2024-2024091917gm-00a9-0000-24c42be7-07-s0-d10,5,B,3,65,"[38800,200,40300,20700]",2,4.0,1,3,1,0,6,True
2024-2024091917gm-00a9-0000-24c42be7-07-s0-d10,6,A,1,15,"[14200,45700,16400,23700]",4,-10.0,1,3,1,0,5,True
2024-2024091917gm-00a9-0000-24c42be7-07-s0-d10,6,B,3,65,"[14200,45700,16400,23700]",4,-10.0,1,3,1,0,5,True
2024-2024091917gm-00a9-0000-24c42be7-07-s0-d10,7,A,1,15,"[23700,18900,19600,37800]",2,4.0,1,3,0,0,5,True
2024-2024091917gm-00a9-0000-24c42be7-07-s0-d10,7,B,3,65,"[9100,29600,37400,23900]",4,-10.0,1,3,1,0,4,True
2024-2024091917gm-00a9-0000-24c42be7-07-s0-d10,8,A,1,15,"[11100,21400,38100,29400]",4,-10.0,1,3,1,0,4,True
2024-2024091917gm-00a9-0000-24c42be7-07-s0-d10,8,B,3,65,"[20900,23600,32000,23500]",4,-10.0,1,3,0,0,6,True
2024-2024091917gm-00a9-0000-24c42be7-07-s0-d10,9,A,1,15,"[-1500,25100,42100,34300]",4,-10.0,1,2,1,0,4,True
2024-2024091917gm-00a9-0000-24c42be7-07-s0-d10,9,B,3,65,"[-1500,25100,42100,34300]",4,-10.0,1,2,1,0,4,True
2024-2024091917gm-00a9-0000-24c42be7-07-s0-d10,10,A,1,15,"[20300,22700,22800,34200]",4,-10.0,1,3,0,0,5,True
2024-2024091917gm-00a9-0000-24c42be7-07-s0-d10,10,B,3,65,"[21200,15500,28300,35000]",3,-4.0,1,3,0,0,6,True
2024-2024091917gm-00a9-0000-24c42be7-07-s0-d10,11,A,1,15,"[17900,31800,28400,21900]",4,-10.0,1,3,0,0,4,True
2024-2024091917gm-00a9-0000-24c42be7-07-s0-d10,11,B,3,65,"[8700,35000,22400,33900]",4,-10.0,1,3,0,0,4,True
2024-2024091917gm-00a9-0000-24c42be7-07-s0-d10,12,A,1,15,"[19600,35500,14600,30300]",3,-4.0,1,3,0,0,7,True
2024-2024091917gm-00a9-0000-24c42be7-07-s0-d10,12,B,3,65,"[9100,21700,36600,32600]",4,-10.0,1,3,1,0,4,True
2024-2024091917gm-00a9-0000-24c42be7-07-s0-d10,13,A,1,15,"[14200,31300,35100,19400]",4,-10.0,1,3,2,0,6,True
2024-2024091917gm-00a9-0000-24c42be7-07-s0-d10,13,B,3,65,"[49600,-2000,38500,13900]",1,10.0,1,3,0,0,6,True
2024-2024091917gm-00a9-0000-24c42be7-07-s0-d10,14,A,1,15,"[29700,38800,25100,6400]",2,4.0,1,3,0,0,9,True
2024-2024091917gm-00a9-0000-24c42be7-07-s0-d10,14,B,3,65,"[22800,45600,8100,23500]",3,-4.0,1,3,2,0,8,True
2024-2024091917gm-00a9-0000-24c42be7-07-s0-d10,15,A,1,15,"[4700,25000,44200,26100]",4,-10.0,1,3,0,0,5,True
2024-2024091917gm-00a9-0000-24c42be7-07-s0-d10,15,B,3,65,"[12700,25000,32300,30000]",4,-10.0,1,3,0,0,5,True
2024-2024091917gm-00a9-0000-24c42be7-07-s0-d10,16,A,1,15,"[31100,10400,25400,32100]",2,4.0,1,3,0,1,5,True
2024-2024091917gm-00a9-0000-24c42be7-07-s0-d10,16,B,3,65,"[29700,21800,17400,31100]",2,4.0,1,3,0,0,5,True
2024-2024091917gm-00a9-0000-24c42be7-07-s0-d10,17,A,1,15,"[22000,26300,19700,32000]",3,-4.0,1,3,1,0,6,True
2024-2024091917gm-00a9-0000-24c42be7-07-s0-d10,17,B,3,65,"[23500,19000,27500,30000]",3,-4.0,1,3,0,0,7,True
2024-2024091917gm-00a9-0000-24c42be7-07-s0-d10,18,A,1,15,"[5200,21300,32900,40600]",4,-10.0,1,3,0,0,5,True
2024-2024091917gm-00a9-0000-24c42be7-07-s0-d10,18,B,3,65,"[30600,17900,31700,19800]",2,4.0,1,3,0,0,7,True
2024-2024091917gm-00a9-0000-24c42be7-07-s0-d10,19,A,1,15,"[3900,37000,34800,24300]",4,-10.0,1,3,0,0,6,True
2024-2024091917gm-00a9-0000-24c42be7-07-s0-d10,19,B,3,65,"[-5200,29400,47100,28700]",4,-10.0,1,1,1,0,4,True
2024-2024091917gm-00a9-0000-24c42be7-07-s0-d10,20,A,1,15,"[2400,38100,36100,23400]",4,-10.0,1,3,0,0,5,True
2024-2024091917gm-00a9-0000-24c42be7-07-s0-d10,20,B,3,65,"[13200,21900,29800,35100]",4,-10.0,1,3,1,0,7,True
2024-2024091917gm-00a9-0000-24c42be7-07-s0-d10,21,A,1,15,"[15800,35200,27800,21200]",4,-10.0,1,3,0,0,6,True
2024-2024091917gm-00a9-0000-24c42be7-07-s0-d10,21,B,3,65,"[26200,21100,30500,22200]",2,4.0,1,3,0,0,4,True
2024-2024091917gm-00a9-0000-24c42be7-07-s0-d10,22,A,1,15,"[32000,22800,18500,26700]",1,10.0,1,3,2,0,7,True
2024-2024091917gm-00a9-0000-24c42be7-07-s0-d10,22,B,3,65,"[32000,22800,18500,26700]",1,10.0,1,3,2,0,7,True
2024-2024091917gm-00a9-0000-24c42be7-07-s0-d10,23,A,1,15,"[12700,22900,35700,26700]",4,-10.0,1,3,3,2,7,True
2024-2024091917gm-00a9-0000-24c42be7-07-s0-d10,23,B,3,65,"[17900,19200,33800,29100]",4,-10.0,1,3,1,0,7,True
2024-2024091917gm-00a9-0000-24c42be7-07-s0-d10,24,A,1,15,"[17300,23300,35500,23900]",4,-10.0,2,0,0,0,9,True
2024-2024091917gm-00a9-0000-24c42be7-07-s0-d10,24,B,3,65,"[17300,23300,35500,23900]",4,-10.0,2,0,0,0,9,True
2024-2024091917gm-00a9-0000-24c42be7-07-s0-d10,25,A,1,15,"[15100,35000,17600,32300]",4,-10.0,1,3,2,0,8,True
2024-2024091917gm-00a9-0000-24c42be7-07-s0-d10,25,B,3,65,"[-1500,38900,27100,35500]",4,-10.0,1,3,0,0,6,True
2024-2024091917gm-00a9-0000-24c42be7-07-s0-d10,26,A,1,15,"[38800,24700,18300,18200]",1,10.0,1,3,0,0,6,True
2024-2024091917gm-00a9-0000-24c42be7-07-s0-d10,26,B,3,65,"[7700,26300,42200,23800]",4,-10.0,1,3,0,0,5,True
2024-2024091917gm-00a9-0000-24c42be7-07-s0-d10,27,A,1,15,"[44800,25200,8100,21900]",1,10.0,1,3,2,0,8,True
2024-2024091917gm-00a9-0000-24c42be7-07-s0-d10,27,B,3,65,"[13200,25800,26100,32900]",4,-10.0,1,3,0,2,4,True
2024-2024091917gm-00a9-0000-24c42be7-07-s0-d10,28,A,1,15,"[16200,28800,24000,31000]",4,-10.0,1,3,1,0,5,True
2024-2024091917gm-00a9-0000-24c42be7-07-s0-d10,28,B,3,65,"[23000,30800,22500,23700]",3,-4.0,2,0,1,0,7,True
2024-2024091917gm-00a9-0000-24c42be7-07-s0-d10,29,A,1,15,"[22500,22600,30400,24500]",4,-10.0,1,3,0,0,4,True
2024-2024091917gm-00a9-0000-24c42be7-07-s0-d10,29,B,3,65,"[23100,22900,31800,22200]",2,4.0,1,3,0,0,4,True
2024-2024091917gm-00a9-0000-24c42be7-07-s0-d10,30,A,1,15,"[7800,20000,41000,31200]",4,-10.0,1,3,0,0,6,True
2024-2024091917gm-00a9-0000-24c42be7-07-s0-d10,30,B,3,65,"[25400,15800,44200,14600]",2,4.0,1,3,0,0,5,True
2024-2024091917gm-00a9-0000-24c42be7-07-s0-d10,31,A,1,15,"[13200,34200,27700,24900]",4,-10.0,1,3,0,0,6,True
2024-2024091917gm-00a9-0000-24c42be7-07-s0-d10,31,B,3,65,"[12200,35200,27700,24900]",4,-10.0,1,3,0,0,6,True
2024-2024091917gm-00a9-0000-24c42be7-07-s0-d10,32,A,1,15,"[33100,25500,33900,7500]",2,4.0,1,3,0,0,6,True
2024-2024091917gm-00a9-0000-24c42be7-07-s0-d10,32,B,3,65,"[-2300,27300,21900,53100]",4,-10.0,1,3,0,0,7,True
2024-2024091917gm-00a9-0000-24c42be7-07-s0-d10,33,A,1,15,"[27900,8900,34500,28700]",3,-4.0,1,3,0,0,6,True
2024-2024091917gm-00a9-0000-24c42be7-07-s0-d10,33,B,3,65,"[8300,36400,29000,26300]",4,-10.0,1,3,0,0,4,True
2024-2024091917gm-00a9-0000-24c42be7-07-s0-d10,34,A,1,15,"[11100,25200,29800,33900]",4,-10.0,1,3,0,0,5,True
2024-2024091917gm-00a9-0000-24c42be7-07-s0-d10,34,B,3,65,"[5900,23600,33700,36800]",4,-10.0,1,3,0,0,6,True
2024-2024091917gm-00a9-0000-24c42be7-07-s0-d10,35,A,1,15,"[26600,6200,32400,34800]",3,-4.0,1,3,0,0,5,True
2024-2024091917gm-00a9-0000-24c42be7-07-s0-d10,35,B,3,65,"[25700,21500,21400,31400]",2,4.0,1,3,0,0,5,True
2024-2024091917gm-00a9-0000-24c42be7-07-s0-d10,36,A,1,15,"[11600,21900,20500,46000]",4,-10.0,1,3,0,0,5,True
2024-2024091917gm-00a9-0000-24c42be7-07-s0-d10,36,B,3,65,"[11600,21900,20500,46000]",4,-10.0,1,3,0,0,5,True
2024-2024091917gm-00a9-0000-24c42be7-07-s0-d10,37,A,1,15,"[25700,21400,32600,20300]",2,4.0,1,3,2,0,6,True
2024-2024091917gm-00a9-0000-24c42be7-07-s0-d10,37,B,3,65,"[16100,17700,43800,22400]",4,-10.0,1,3,1,0,5,True
2024-2024091917gm-00a9-0000-24c42be7-07-s0-d10,38,A,1,15,"[-3200,27700,23400,52100]",4,-10.0,1,3,0,0,7,True
2024-2024091917gm-00a9-0000-24c42be7-07-s0-d10,38,B,3,65,"[8200,22100,35300,34400]",4,-10.0,1,3,0,0,4,True
2024-2024091917gm-00a9-0000-24c42be7-07-s0-d10,39,A,1,15,"[35700,1300,23400,39600]",2,4.0,1,3,0,0,5,True
2024-2024091917gm-00a9-0000-24c42be7-07-s0-d10,39,B,3,65,"[30700,21900,28800,18600]",1,10.0,2,0,0,0,7,True
2024-2024091917gm-00a9-0000-24c42be7-07-s0-d10,40,A,1,15,"[12300,40600,16500,30600]",4,-10.0,1,3,0,0,6,True
2024-2024091917gm-00a9-0000-24c42be7-07-s0-d10,40,B,3,65,"[6200,38900,18200,36700]",4,-10.0,1,3,0,0,6,True
2024-2024091917gm-00a9-0000-24c42be7-07-s0-d10,41,A,1,15,"[20500,29700,35300,14500]",3,-4.0,1,3,1,0,7,True
2024-2024091917gm-00a9-0000-24c42be7-07-s0-d10,41,B,3,65,"[20200,26000,34900,18900]",3,-4.0,1,3,1,0,7,True
2024-2024091917gm-00a9-0000-24c42be7-07-s0-d10,42,A,1,15,"[24900,14500,27600,31000]",3,-4.0,1,3,0,2,5,True
2024-2024091917gm-00a9-0000-24c42be7-07-s0-d10,42,B,3,65,"[24900,14500,27600,31000]",3,-4.0,1,3,0,2,5,True
2024-2024091917gm-00a9-0000-24c42be7-07-s0-d10,43,A,1,15,"[5100,32100,29200,33600]",4,-10.0,1,3,1,0,9,True
2024-2024091917gm-00a9-0000-24c42be7-07-s0-d10,43,B,3,65,"[11200,16200,44100,28500]",4,-10.0,1,3,0,0,7,True
2024-2024091917gm-00a9-0000-24c42be7-07-s0-d10,44,A,1,15,"[-1300,43000,31400,26900]",4,-10.0,1,0,0,0,1,True
2024-2024091917gm-00a9-0000-24c42be7-07-s0-d10,44,B,3,65,"[23100,30000,24100,22800]",3,-4.0,1,3,0,0,7,True
2024-2024091917gm-00a9-0000-24c42be7-07-s0-d10,45,A,1,15,"[31000,11400,31100,26500]",2,4.0,1,3,0,0,5,True
2024-2024091917gm-00a9-0000-24c42be7-07-s0-d10,45,B,3,65,"[31000,11400,31100,26500]",2,4.0,1,3,0,0,5,True
2024-2024091917gm-00a9-0000-24c42be7-07-s0-d10,46,A,1,15,"[32400,22200,27900,17500]",1,10.0,1,3,0,0,6,True
2024-2024091917gm-00a9-0000-24c42be7-07-s0-d10,46,B,3,65,"[17100,41400,21900,19600]",4,-10.0,1,3,0,0,6,True
2024-2024091917gm-00a9-0000-24c42be7-07-s0-d10,47,A,1,15,"[19500,34000,33600,12900]",3,-4.0,1,3,2,0,6,True
2024-2024091917gm-00a9-0000-24c42be7-07-s0-d10,47,B,3,65,"[18200,24100,43900,13800]",3,-4.0,1,3,2,0,6,True
2024-2024091917gm-00a9-0000-24c42be7-07-s0-d10,48,A,1,15,"[-2300,27000,31400,43900]",4,-10.0,1,0,0,0,1,True
2024-2024091917gm-00a9-0000-24c42be7-07-s0-d10,48,B,3,65,"[20200,9800,34300,35700]",3,-4.0,1,3,1,0,5,True
2024-2024091917gm-00a9-0000-24c42be7-07-s0-d10,49,A,1,15,"[20300,3400,34600,41700]",3,-4.0,1,3,2,0,10,True
2024-2024091917gm-00a9-0000-24c42be7-07-s0-d10,49,B,3,65,"[23900,35100,17200,23800]",2,4.0,1,3,1,0,9,True
2024-2024091917gm-00a9-0000-24c42be7-07-s0-d10,50,A,1,15,"[27000,23800,15000,34200]",2,4.0,1,3,0,0,5,True
2024-2024091917gm-00a9-0000-24c42be7-07-s0-d10,50,B,3,65,"[40300,22900,28300,8500]",1,10.0,1,3,1,0,4,True
2024-2024091917gm-00a9-0000-24c42be7-07-s0-d10,51,A,1,15,"[10000,30600,23200,36200]",4,-10.0,1,3,0,0,5,True
2024-2024091917gm-00a9-0000-24c42be7-07-s0-d10,51,B,3,65,"[8500,37000,18800,35700]",4,-10.0,1,3,0,0,5,True
2024-2024091917gm-00a9-0000-24c42be7-07-s0-d10,52,A,1,15,"[11100,33800,29800,21300]",4,-10.0,1,3,3,4,7,True
2024-2024091917gm-00a9-0000-24c42be7-07-s0-d10,52,B,3,65,"[-800,29200,37400,34200]",4,-10.0,1,2,0,0,5,True
2024-2024091917gm-00a9-0000-24c42be7-07-s0-d10,53,A,1,15,"[-1300,42400,33000,25900]",4,-10.0,1,1,0,0,3,True
2024-2024091917gm-00a9-0000-24c42be7-07-s0-d10,53,B,3,65,"[-1300,42400,33000,25900]",4,-10.0,1,1,0,0,3,True
2024-2024091917gm-00a9-0000-24c42be7-07-s0-d10,54,A,1,15,"[17200,25800,18700,38300]",4,-10.0,1,3,0,0,6,True
2024-2024091917gm-00a9-0000-24c42be7-07-s0-d10,54,B,3,65,"[26500,7600,23000,42900]",2,4.0,1,3,0,0,6,True
2024-2024091917gm-00a9-0000-24c42be7-07-s0-d10,55,A,1,15,"[17800,22000,26100,34100]",4,-10.0,1,3,1,0,7,True
2024-2024091917gm-00a9-0000-24c42be7-07-s0-d10,55,B,3,65,"[32400,31300,32400,3900]",1,10.0,1,3,1,0,7,True
2024-2024091917gm-00a9-0000-24c42be7-07-s0-d10,56,A,1,15,"[14300,18300,33800,33600]",4,-10.0,1,3,0,0,6,True
2024-2024091917gm-00a9-0000-24c42be7-07-s0-d10,56,B,3,65,"[13200,38000,27300,21500]",4,-10.0,1,3,0,0,4,True
2024-2024091917gm-00a9-0000-24c42be7-07-s0-d10,57,A,1,15,"[17300,32500,31900,18300]",4,-10.0,1,3,0,0,5,True
2024-2024091917gm-00a9-0000-24c42be7-07-s0-d10,57,B,3,65,"[17900,32600,30800,18700]",4,-10.0,1,3,0,0,5,True
2024-2024091917gm-00a9-0000-24c42be7-07-s0-d10,58,A,1,15,"[35600,28000,16700,19700]",1,10.0,1,3,1,0,7,True
2024-2024091917gm-00a9-0000-24c42be7-07-s0-d10,58,B,3,65,"[39700,-1000,34600,26700]",1,10.0,1,3,1,0,7,True
2024-2024091917gm-00a9-0000-24c42be7-07-s0-d10,59,A,1,15,"[8700,22900,49800,18600]",4,-10.0,1,3,0,0,6,True
2024-2024091917gm-00a9-0000-24c42be7-07-s0-d10,59,B,3,65,"[8700,22900,49800,18600]",4,-10.0,1,3,0,0,6,True
2024-2024091917gm-00a9-0000-24c42be7-07-s0-d10,60,A,1,15,"[10800,30900,35400,22900]",4,-10.0,1,3,0,0,5,True
2024-2024091917gm-00a9-0000-24c42be7-07-s0-d10,60,B,3,65,"[-1900,27000,48000,26900]",4,-10.0,1,1,0,0,2,True
2024-2024091917gm-00a9-0000-24c42be7-07-s0-d10,61,A,1,15,"[32100,25600,17700,24600]",1,10.0,2,0,0,0,6,True
2024-2024091917gm-00a9-0000-24c42be7-07-s0-d10,61,B,3,65,"[16000,12700,48400,22900]",3,-4.0,1,3,0,0,5,True
2024-2024091917gm-00a9-0000-24c42be7-07-s0-d10,62,A,1,15,"[31500,6800,25400,36300]",2,4.0,1,3,0,0,5,True
2024-2024091917gm-00a9-0000-24c42be7-07-s0-d10,62,B,3,65,"[13400,35800,24900,25900]",4,-10.0,1,3,1,0,6,True
2024-2024091917gm-00a9-0000-24c42be7-07-s0-d10,63,A,1,15,"[4300,7300,37700,50700]",4,-10.0,1,3,0,0,7,True
2024-2024091917gm-00a9-0000-24c42be7-07-s0-d10,63,B,3,65,"[33900,-11000,35400,41700]",3,-4.0,1,3,0,0,7,True
2024-2024091917gm-00a9-0000-24c42be7-07-s0-d10,64,A,1,15,"[6200,45900,26000,21900]",4,-10.0,1,3,1,0,6,True
2024-2024091917gm-00a9-0000-24c42be7-07-s0-d10,64,B,3,65,"[3600,50800,24700,20900]",4,-10.0,1,3,1,0,6,True
2024-2024091917gm-00a9-0000-24c42be7-07-s0-d10,65,A,1,15,"[-3900,20900,43100,39900]",4,-10.0,1,3,0,0,6,True
2024-2024091917gm-00a9-0000-24c42be7-07-s0-d10,65,B,3,65,"[-800,30000,46200,24600]",4,-10.0,1,2,0,0,4,True
2024-2024091917gm-00a9-0000-24c42be7-07-s0-d10,66,A,1,15,"[2900,18100,47400,31600]",4,-10.0,1,3,1,0,6,True
2024-2024091917gm-00a9-0000-24c42be7-07-s0-d10,66,B,3,65,"[12200,20200,60100,7500]",3,-4.0,1,3,0,0,8,True
2024-2024091917gm-00a9-0000-24c42be7-07-s0-d10,67,A,1,15,"[22100,12500,37300,28100]",3,-4.0,1,3,1,0,6,True
2024-2024091917gm-00a9-0000-24c42be7-07-s0-d10,67,B,3,65,"[17700,23600,24700,34000]",4,-10.0,1,3,0,0,8,True
2024-2024091917gm-00a9-0000-24c42be7-07-s0-d10,68,A,1,15,"[23600,26000,38500,11900]",3,-4.0,1,3,0,0,8,True
2024-2024091917gm-00a9-0000-24c42be7-07-s0-d10,68,B,3,65,"[2500,27600,42400,27500]",4,-10.0,1,3,1,0,7,True
2024-2024091917gm-00a9-0000-24c42be7-07-s0-d10,69,A,1,15,"[37000,28100,13900,21000]",1,10.0,1,3,0,0,6,True
2024-2024091917gm-00a9-0000-24c42be7-07-s0-d10,69,B,3,65,"[5300,31000,20700,43000]",4,-10.0,1,3,0,0,6,True
2024-2024091917gm-00a9-0000-24c42be7-07-s0-d10,70,A,1,15,"[27200,30600,25400,16800]",2,4.0,2,0,0,0,6,True
2024-2024091917gm-00a9-0000-24c42be7-07-s0-d10,70,B,3,65,"[36300,23000,22800,17900]",1,10.0,1,3,0,0,5,True
2024-2024091917gm-00a9-0000-24c42be7-07-s0-d10,71,A,1,15,"[18700,18800,29400,33100]",4,-10.0,1,3,0,0,5,True
2024-2024091917gm-00a9-0000-24c42be7-07-s0-d10,71,B,3,65,"[14100,25200,22800,37900]",4,-10.0,1,3,0,0,6,True
2024-2024091917gm-00a9-0000-24c42be7-07-s0-d10,72,A,1,15,"[16700,30500,31100,21700]",4,-10.0,1,3,2,0,7,True
2024-2024091917gm-00a9-0000-24c42be7-07-s0-d10,72,B,3,65,"[16200,23100,31800,28900]",4,-10.0,1,3,0,0,5,True
2024-2024091917gm-00a9-0000-24c42be7-07-s0-d10,73,A,1,15,"[22100,20100,31300,25500]",3,-4.0,1,3,0,1,6,True
2024-2024091917gm-00a9-0000-24c42be7-07-s0-d10,73,B,3,65,"[22100,20100,31300,25500]",3,-4.0,1,3,0,1,6,True
2024-2024091917gm-00a9-0000-24c42be7-07-s0-d10,74,A,1,15,"[6900,52200,19100,20800]",4,-10.0,1,3,0,1,6,True
2024-2024091917gm-00a9-0000-24c42be7-07-s0-d10,74,B,3,65,"[5900,30800,36300,27000]",4,-10.0,1,3,0,0,5,True
2024-2024091917gm-00a9-0000-24c42be7-07-s0-d10,75,A,1,15,"[20700,12600,29200,37500]",3,-4.0,1,3,0,0,5,True
2024-2024091917gm-00a9-0000-24c42be7-07-s0-d10,75,B,3,65,"[20700,12600,29200,37500]",3,-4.0,1,3,0,0,5,True
2024-2024091917gm-00a9-0000-24c42be7-07-s0-d10,76,A,1,15,"[17500,17900,24800,39800]",4,-10.0,1,3,0,0,4,True
2024-2024091917gm-00a9-0000-24c42be7-07-s0-d10,76,B,3,65,"[19200,23200,24900,32700]",4,-10.0,1,3,1,0,7,True
2024-2024091917gm-00a9-0000-24c42be7-07-s0-d10,77,A,1,15,"[11100,34400,40000,14500]",4,-10.0,1,3,0,0,7,True
2024-2024091917gm-00a9-0000-24c42be7-07-s0-d10,77,B,3,65,"[23300,3400,49900,23400]",3,-4.0,1,3,0,0,7,True
2024-2024091917gm-00a9-0000-24c42be7-07-s0-d10,78,A,1,15,"[-5700,23900,47600,34200]",4,-10.0,1,2,0,0,4,True
2024-2024091917gm-00a9-0000-24c42be7-07-s0-d10,78,B,3,65,"[-2700,35100,25500,42100]",4,-10.0,1,3,0,0,4,True
2024-2024091917gm-00a9-0000-24c42be7-07-s0-d10,79,A,1,15,"[400,36700,30000,32900]",4,-10.0,1,3,0,0,8,True
2024-2024091917gm-00a9-0000-24c42be7-07-s0-d10,79,B,3,65,"[6700,28900,38700,25700]",4,-10.0,1,3,0,0,5,True
2024-2024091917gm-00a9-0000-24c42be7-07-s0-d10,80,A,1,15,"[16200,13500,34900,35400]",3,-4.0,1,3,0,0,6,True
2024-2024091917gm-00a9-0000-24c42be7-07-s0-d10,80,B,3,65,"[20800,21800,31400,26000]",4,-10.0,1,3,0,0,7,True
2024-2024091917gm-00a9-0000-24c42be7-07-s0-d10,81,A,1,15,"[19700,37200,6300,36800]",3,-4.0,1,3,0,0,6,True
2024-2024091917gm-00a9-0000-24c42be7-07-s0-d10,81,B,3,65,"[19700,37200,6300,36800]",3,-4.0,1,3,0,0,6,True
2024-2024091917gm-00a9-0000-24c42be7-07-s0-d10,82,A,1,15,"[23300,18900,33800,24000]",3,-4.0,1,3,1,0,7,True
2024-2024091917gm-00a9-0000-24c42be7-07-s0-d10,82,B,3,65,"[23300,18900,33800,24000]",3,-4.0,1,3,1,0,7,True
2024-2024091917gm-00a9-0000-24c42be7-07-s0-d10,83,A,1,15,"[22500,33000,22500,21000]",2,4.0,1,3,0,1,7,True
2024-2024091917gm-00a9-0000-24c42be7-07-s0-d10,83,B,3,65,"[6000,46300,24300,23400]",4,-10.0,1,3,0,0,6,True
2024-2024091917gm-00a9-0000-24c42be7-07-s0-d10,84,A,1,15,"[2000,25700,25400,46900]",4,-10.0,1,3,0,0,7,True
2024-2024091917gm-00a9-0000-24c42be7-07-s0-d10,84,B,3,65,"[14400,33000,33200,19400]",4,-10.0,1,3,1,0,7,True
2024-2024091917gm-00a9-0000-24c42be7-07-s0-d10,85,A,1,15,"[5800,31300,38100,24800]",4,-10.0,1,3,0,0,5,True
2024-2024091917gm-00a9-0000-24c42be7-07-s0-d10,85,B,3,65,"[13700,32400,29000,24900]",4,-10.0,1,3,0,0,4,True
2024-2024091917gm-00a9-0000-24c42be7-07-s0-d10,86,A,1,15,"[36600,9300,29800,24300]",1,10.0,1,3,0,0,8,True
2024-2024091917gm-00a9-0000-24c42be7-07-s0-d10,86,B,3,65,"[19900,20900,28100,31100]",4,-10.0,2,0,0,0,6,True
2024-2024091917gm-00a9-0000-24c42be7-07-s0-d10,87,A,1,15,"[15900,19200,27600,37300]",4,-10.0,1,3,0,0,5,True
2024-2024091917gm-00a9-0000-24c42be7-07-s0-d10,87,B,3,65,"[6600,29100,30600,33700]",4,-10.0,1,3,0,0,5,True
2024-2024091917gm-00a9-0000-24c42be7-07-s0-d10,88,A,1,15,"[15700,28200,30500,25600]",4,-10.0,1,3,0,0,8,True
2024-2024091917gm-00a9-0000-24c42be7-07-s0-d10,88,B,3,65,"[6200,34300,33500,26000]",4,-10.0,1,3,0,0,9,True
2024-2024091917gm-00a9-0000-24c42be7-07-s0-d10,89,A,1,15,"[6400,23100,22500,48000]",4,-10.0,1,3,0,0,4,True
2024-2024091917gm-00a9-0000-24c42be7-07-s0-d10,89,B,3,65,"[11900,35000,28400,24700]",4,-10.0,1,3,0,0,5,True
2024-2024091917gm-00a9-0000-24c42be7-07-s0-d10,90,A,1,15,"[26100,33700,17800,22400]",2,4.0,1,3,1,0,7,True
2024-2024091917gm-00a9-0000-24c42be7-07-s0-d10,90,B,3,65,"[-700,29200,47200,24300]",4,-10.0,1,2,2,0,7,True
2024-2024091917gm-00a9-0000-24c42be7-07-s0-d10,91,A,1,15,"[16900,24500,40400,18200]",4,-10.0,1,3,1,0,5,True
2024-2024091917gm-00a9-0000-24c42be7-07-s0-d10,91,B,3,65,"[14700,14300,26500,44500]",3,-4.0,1,3,0,0,5,True
2024-2024091917gm-00a9-0000-24c42be7-07-s0-d10,92,A,1,15,"[20600,19400,29200,30800]",3,-4.0,1,3,1,0,6,True
2024-2024091917gm-00a9-0000-24c42be7-07-s0-d10,92,B,3,65,"[20600,19400,29200,30800]",3,-4.0,1,3,1,0,6,True
2024-2024091917gm-00a9-0000-24c42be7-07-s0-d10,93,A,1,15,"[11300,39600,24200,24900]",4,-10.0,1,3,1,0,8,True
2024-2024091917gm-00a9-0000-24c42be7-07-s0-d10,93,B,3,65,"[21200,20000,35600,23200]",3,-4.0,1,3,0,0,6,True
2024-2024091917gm-00a9-0000-24c42be7-07-s0-d10,94,A,1,15,"[-1600,32900,29800,38900]",4,-10.0,1,3,0,0,7,True
2024-2024091917gm-00a9-0000-24c42be7-07-s0-d10,94,B,3,65,"[-1600,32900,29800,38900]",4,-10.0,1,3,0,0,7,True
2024-2024091917gm-00a9-0000-24c42be7-07-s0-d10,95,A,1,15,"[12200,35200,25700,26900]",4,-10.0,1,3,0,0,7,True
2024-2024091917gm-00a9-0000-24c42be7-07-s0-d10,95,B,3,65,"[34900,23000,27800,14300]",1,10.0,1,3,0,0,6,True
2024-2024091917gm-00a9-0000-24c42be7-07-s0-d10,96,A,1,15,"[29500,3700,51100,15700]",2,4.0,1,3,0,0,8,True
2024-2024091917gm-00a9-0000-24c42be7-07-s0-d10,96,B,3,65,"[2800,15700,60300,21200]",4,-10.0,1,3,0,0,7,True
2024-2024091917gm-00a9-0000-24c42be7-07-s0-d10,97,A,1,15,"[10000,25900,26300,37800]",4,-10.0,1,3,0,0,7,True
2024-2024091917gm-00a9-0000-24c42be7-07-s0-d10,97,B,3,65,"[24300,15800,29400,30500]",3,-4.0,2,0,0,0,9,True
2024-2024091917gm-00a9-0000-24c42be7-07-s0-d10,98,A,1,15,"[-1000,27000,38400,35600]",4,-10.0,1,1,0,0,2,True
2024-2024091917gm-00a9-0000-24c42be7-07-s0-d10,98,B,3,65,"[3500,23400,26500,46600]",4,-10.0,1,3,0,0,6,True
2024-2024091917gm-00a9-0000-24c42be7-07-s0-d10,99,A,1,15,"[17700,34400,25700,22200]",4,-10.0,1,3,0,0,4,True
2024-2024091917gm-00a9-0000-24c42be7-07-s0-d10,99,B,3,65,"[20400,31200,24700,23700]",4,-10.0,1,3,0,0,5,True
2024-2024091917gm-00a9-0000-24c42be7-07-s0-d10,100,A,1,15,"[20700,25000,21700,32600]",4,-10.0,1,3,2,0,6,True
2024-2024091917gm-00a9-0000-24c42be7-07-s0-d10,100,B,3,65,"[10700,28600,28400,32300]",4,-10.0,1,3,0,0,6,True
2024-2024091917gm-00a9-0000-24c42be7-07-s0-d10,101,A,1,15,"[12500,44800,24200,18500]",4,-10.0,1,3,0,0,7,True
2024-2024091917gm-00a9-0000-24c42be7-07-s0-d10,101,B,3,65,"[-600,46100,34000,20500]",4,-10.0,1,1,1,0,5,True
2024-2024091917gm-00a9-0000-24c42be7-07-s0-d10,102,A,1,15,"[20200,30000,29400,20400]",4,-10.0,1,3,0,0,4,True
2024-2024091917gm-00a9-0000-24c42be7-07-s0-d10,102,B,3,65,"[1700,36300,24800,37200]",4,-10.0,1,3,2,0,7,True
2024-2024091917gm-00a9-0000-24c42be7-07-s0-d10,103,A,1,15,"[18500,32700,18200,30600]",3,-4.0,1,3,0,0,5,True
2024-2024091917gm-00a9-0000-24c42be7-07-s0-d10,103,B,3,65,"[15000,31800,25600,27600]",4,-10.0,1,3,0,0,5,True
2024-2024091917gm-00a9-0000-24c42be7-07-s0-d10,104,A,1,15,"[17400,27100,34500,21000]",4,-10.0,1,3,0,0,5,True
2024-2024091917gm-00a9-0000-24c42be7-07-s0-d10,104,B,3,65,"[23100,33600,30800,12500]",3,-4.0,1,3,0,0,5,True
2024-2024091917gm-00a9-0000-24c42be7-07-s0-d10,105,A,1,15,"[33100,27900,16800,22200]",1,10.0,1,3,0,0,6,True
2024-2024091917gm-00a9-0000-24c42be7-07-s0-d10,105,B,3,65,"[21500,30100,33900,14500]",3,-4.0,1,3,0,0,8,True
2024-2024091917gm-00a9-0000-24c42be7-07-s0-d10,106,A,1,15,"[27500,5500,33000,34000]",3,-4.0,1,3,0,0,5,True
2024-2024091917gm-00a9-0000-24c42be7-07-s0-d10,106,B,3,65,"[33700,15800,37400,13100]",2,4.0,1,3,0,0,6,True
2024-2024091917gm-00a9-0000-24c42be7-07-s0-d10,107,A,1,15,"[-3600,38000,39700,25900]",4,-10.0,1,1,0,0,3,True
2024-2024091917gm-00a9-0000-24c42be7-07-s0-d10,107,B,3,65,"[26200,35200,11600,27000]",3,-4.0,1,3,0,0,8,True
2024-2024091917gm-00a9-0000-24c42be7-07-s0-d10,108,A,1,15,"[6700,16900,34000,42400]",4,-10.0,1,3,0,0,6,True
2024-2024091917gm-00a9-0000-24c42be7-07-s0-d10,108,B,3,65,"[7100,19300,43200,30400]",4,-10.0,1,3,0,0,6,True
2024-2024091917gm-00a9-0000-24c42be7-07-s0-d10,109,A,1,15,"[9900,16100,37000,36000]",4,-10.0,1,3,0,1,6,True
2024-2024091917gm-00a9-0000-24c42be7-07-s0-d10,109,B,3,65,"[9900,16100,37000,36000]",4,-10.0,1,3,0,1,6,True
2024-2024091917gm-00a9-0000-24c42be7-07-s0-d10,110,A,1,15,"[4600,27700,47900,19800]",4,-10.0,1,3,0,0,6,True
2024-2024091917gm-00a9-0000-24c42be7-07-s0-d10,110,B,3,65,"[13400,21400,26900,38300]",4,-10.0,1,3,0,0,4,True
2024-2024091917gm-00a9-0000-24c42be7-07-s0-d10,111,A,1,15,"[40000,9700,20100,30200]",1,10.0,1,3,1,0,6,True
2024-2024091917gm-00a9-0000-24c42be7-07-s0-d10,111,B,3,65,"[32800,7700,29100,30400]",1,10.0,1,3,0,0,6,True
2024-2024091917gm-00a9-0000-24c42be7-07-s0-d10,112,A,1,15,"[12500,27700,39900,19900]",4,-10.0,1,3,0,0,7,True
2024-2024091917gm-00a9-0000-24c42be7-07-s0-d10,112,B,3,65,"[30400,32800,33000,3800]",3,-4.0,1,3,0,0,5,True
2024-2024091917gm-00a9-0000-24c42be7-07-s0-d10,113,A,1,15,"[14100,21500,26100,37300]",4,-10.0,1,3,1,1,5,True
2024-2024091917gm-00a9-0000-24c42be7-07-s0-d10,113,B,3,65,"[-3600,24500,38800,40300]",4,-10.0,1,2,0,0,4,True
2024-2024091917gm-00a9-0000-24c42be7-07-s0-d10,114,A,1,15,"[19800,42300,18600,19300]",2,4.0,1,3,0,0,6,True
2024-2024091917gm-00a9-0000-24c42be7-07-s0-d10,114,B,3,65,"[14700,43000,47100,-4800]",3,-4.0,1,2,0,0,3,True
2024-2024091917gm-00a9-0000-24c42be7-07-s0-d10,115,A,1,15,"[13000,25300,36700,25000]",4,-10.0,1,3,4,0,5,True
2024-2024091917gm-00a9-0000-24c42be7-07-s0-d10,115,B,3,65,"[3600,47500,26800,22100]",4,-10.0,1,3,0,0,4,True
2024-2024091917gm-00a9-0000-24c42be7-07-s0-d10,116,A,1,15,"[4000,30700,44700,20600]",4,-10.0,1,3,2,0,6,True
2024-2024091917gm-00a9-0000-24c42be7-07-s0-d10,116,B,3,65,"[3300,46400,23200,27100]",4,-10.0,1,3,0,0,4,True
2024-2024091917gm-00a9-0000-24c42be7-07-s0-d10,117,A,1,15,"[11300,31800,25000,31900]",4,-10.0,1,3,1,0,6,True
2024-2024091917gm-00a9-0000-24c42be7-07-s0-d10,117,B,3,65,"[30600,19200,31200,19000]",2,4.0,1,3,0,0,5,True
2024-2024091917gm-00a9-0000-24c42be7-07-s0-d10,118,A,1,15,"[33900,25100,27800,13200]",1,10.0,1,3,0,0,5,True
2024-2024091917gm-00a9-0000-24c42be7-07-s0-d10,118,B,3,65,"[40400,23100,26200,10300]",1,10.0,1,3,0,0,5,True
2024-2024091917gm-00a9-0000-24c42be7-07-s0-d10,119,A,1,15,"[18700,30000,20400,30900]",4,-10.0,1,3,0,0,4,True
2024-2024091917gm-00a9-0000-24c42be7-07-s0-d10,119,B,3,65,"[18700,30000,20400,30900]",4,-10.0,1,3,0,0,4,True
2024-2024091917gm-00a9-0000-24c42be7-07-s0-d10,120,A,1,15,"[6600,30800,32300,30300]",4,-10.0,1,3,0,0,7,True
2024-2024091917gm-00a9-0000-24c42be7-07-s0-d10,120,B,3,65,"[9800,27500,28800,33900]",4,-10.0,1,3,0,0,5,True
2024-2024091917gm-00a9-0000-24c42be7-07-s0-d10,121,A,1,15,"[7700,33800,26500,32000]",4,-10.0,1,3,0,0,6,True
2024-2024091917gm-00a9-0000-24c42be7-07-s0-d10,121,B,3,65,"[7700,33800,26500,32000]",4,-10.0,1,3,0,0,6,True
2024-2024091917gm-00a9-0000-24c42be7-07-s0-d10,122,A,1,15,"[34500,12600,25200,27700]",1,10.0,1,3,0,0,6,True
2024-2024091917gm-00a9-0000-24c42be7-07-s0-d10,122,B,3,65,"[25900,20200,34600,19300]",2,4.0,1,3,0,0,6,True
2024-2024091917gm-00a9-0000-24c42be7-07-s0-d10,123,A,1,15,"[28700,-300,29900,41700]",3,-4.0,1,2,0,0,5,True
2024-2024091917gm-00a9-0000-24c42be7-07-s0-d10,123,B,3,65,"[16100,47800,23100,13000]",3,-4.0,1,3,0,0,6,True
2024-2024091917gm-00a9-0000-24c42be7-07-s0-d10,124,A,1,15,"[28500,30100,26900,14500]",2,4.0,2,0,0,0,7,True
2024-2024091917gm-00a9-0000-24c42be7-07-s0-d10,124,B,3,65,"[31700,24100,19400,24800]",1,10.0,1,3,0,0,7,True
2024-2024091917gm-00a9-0000-24c42be7-07-s0-d10,125,A,1,15,"[4700,31100,30400,33800]",4,-10.0,1,3,0,0,5,True
2024-2024091917gm-00a9-0000-24c42be7-07-s0-d10,125,B,3,65,"[4700,31100,30400,33800]",4,-10.0,1,3,0,0,5,True
2024-2024091917gm-00a9-0000-24c42be7-07-s0-d10,126,A,1,15,"[23500,32100,24700,19700]",3,-4.0,1,3,2,0,6,True
2024-2024091917gm-00a9-0000-24c42be7-07-s0-d10,126,B,3,65,"[23500,32100,24700,19700]",3,-4.0,1,3,2,0,6,True
2024-2024091917gm-00a9-0000-24c42be7-07-s0-d10,127,A,1,15,"[4200,29100,31800,34900]",4,-10.0,1,3,0,0,5,True
2024-2024091917gm-00a9-0000-24c42be7-07-s0-d10,127,B,3,65,"[-600,32900,43100,24600]",4,-10.0,1,1,0,0,2,True
2024-2024091917gm-00a9-0000-24c42be7-07-s0-d10,128,A,1,15,"[34600,7300,39100,19000]",2,4.0,1,3,0,0,7,True
2024-2024091917gm-00a9-0000-24c42be7-07-s0-d10,128,B,3,65,"[15100,25600,33200,26100]",4,-10.0,2,2,0,0,10,True
2024-2024091917gm-00a9-0000-24c42be7-07-s0-d10,129,A,1,15,"[33200,28900,17000,20900]",1,10.0,1,3,0,0,7,True
2024-2024091917gm-00a9-0000-24c42be7-07-s0-d10,129,B,3,65,"[33200,17600,14800,34400]",2,4.0,1,3,0,0,8,True
2024-2024091917gm-00a9-0000-24c42be7-07-s0-d10,130,A,1,15,"[17600,28500,30100,23800]",4,-10.0,1,3,0,0,7,True
2024-2024091917gm-00a9-0000-24c42be7-07-s0-d10,130,B,3,65,"[19400,28200,33000,19400]",3,-4.0,1,3,0,0,7,True
2024-2024091917gm-00a9-0000-24c42be7-07-s0-d10,131,A,1,15,"[6300,21600,38800,33300]",4,-10.0,1,3,0,0,4,True
2024-2024091917gm-00a9-0000-24c42be7-07-s0-d10,131,B,3,65,"[5100,30800,28100,36000]",4,-10.0,1,3,0,0,4,True
2024-2024091917gm-00a9-0000-24c42be7-07-s0-d10,132,A,1,15,"[16100,26800,34300,22800]",4,-10.0,1,3,0,0,5,True
2024-2024091917gm-00a9-0000-24c42be7-07-s0-d10,132,B,3,65,"[-7500,27300,39100,41100]",4,-10.0,1,3,0,0,4,True
2024-2024091917gm-00a9-0000-24c42be7-07-s0-d10,133,A,1,15,"[37900,19700,29700,12700]",1,10.0,1,3,0,0,6,True
2024-2024091917gm-00a9-0000-24c42be7-07-s0-d10,133,B,3,65,"[-2300,44000,31400,26900]",4,-10.0,1,0,0,0,1,True
2024-2024091917gm-00a9-0000-24c42be7-07-s0-d10,134,A,1,15,"[32900,12400,28800,25900]",1,10.0,1,3,1,0,6,True
2024-2024091917gm-00a9-0000-24c42be7-07-s0-d10,134,B,3,65,"[8700,27800,28200,34300]",4,-10.0,1,3,0,1,7,True
2024-2024091917gm-00a9-0000-24c42be7-07-s0-d10,135,A,1,15,"[26900,14200,30000,28900]",3,-4.0,2,0,0,0,6,True
2024-2024091917gm-00a9-0000-24c42be7-07-s0-d10,135,B,3,65,"[8100,27600,24000,40300]",4,-10.0,1,3,0,0,5,True
2024-2024091917gm-00a9-0000-24c42be7-07-s0-d10,136,A,1,15,"[400,28500,24400,46700]",4,-10.0,1,3,0,0,6,True
2024-2024091917gm-00a9-0000-24c42be7-07-s0-d10,136,B,3,65,"[400,28500,24400,46700]",4,-10.0,1,3,0,0,6,True
2024-2024091917gm-00a9-0000-24c42be7-07-s0-d10,137,A,1,15,"[26700,14700,27700,30900]",3,-4.0,2,0,0,0,6,True
2024-2024091917gm-00a9-0000-24c42be7-07-s0-d10,137,B,3,65,"[18300,22500,30500,26700]",4,-10.0,1,3,1,2,5,True
2024-2024091917gm-00a9-0000-24c42be7-07-s0-d10,138,A,1,15,"[16500,21900,25300,36300]",4,-10.0,1,3,0,0,6,True
2024-2024091917gm-00a9-0000-24c42be7-07-s0-d10,138,B,3,65,"[16500,21900,25300,36300]",4,-10.0,1,3,0,0,6,True
2024-2024091917gm-00a9-0000-24c42be7-07-s0-d10,139,A,1,15,"[28500,19600,37700,14200]",2,4.0,1,3,0,0,7,True
2024-2024091917gm-00a9-0000-24c42be7-07-s0-d10,139,B,3,65,"[21700,27000,10800,40500]",3,-4.0,1,3,0,0,4,True
2024-2024091917gm-00a9-0000-24c42be7-07-s0-d10,140,A,1,15,"[34300,25500,16300,23900]",1,10.0,1,3,1,0,6,True
2024-2024091917gm-00a9-0000-24c42be7-07-s0-d10,140,B,3,65,"[21500,31200,24800,22500]",4,-10.0,1,3,0,0,5,True
2024-2024091917gm-00a9-0000-24c42be7-07-s0-d10,141,A,1,15,"[22000,34000,10800,31200]",3,-4.0,1,3,0,2,6,True
2024-2024091917gm-00a9-0000-24c42be7-07-s0-d10,141,B,3,65,"[30700,34500,14200,19600]",2,4.0,1,3,0,1,6,True
2024-2024091917gm-00a9-0000-24c42be7-07-s0-d10,142,A,1,15,"[-200,26700,53100,20400]",4,-10.0,1,2,3,0,8,True
2024-2024091917gm-00a9-0000-24c42be7-07-s0-d10,142,B,3,65,"[29800,33000,18700,18500]",2,4.0,1,3,0,0,6,True
2024-2024091917gm-00a9-0000-24c42be7-07-s0-d10,143,A,1,15,"[14100,30800,29800,23300]",4,-10.0,1,3,3,2,6,True
2024-2024091917gm-00a9-0000-24c42be7-07-s0-d10,143,B,3,65,"[14500,34100,28400,21000]",4,-10.0,1,3,2,2,6,True
2024-2024091917gm-00a9-0000-24c42be7-07-s0-d10,144,A,1,15,"[1700,30100,27800,40400]",4,-10.0,1,3,0,0,5,True
2024-2024091917gm-00a9-0000-24c42be7-07-s0-d10,144,B,3,65,"[10200,16700,42600,30500]",4,-10.0,1,3,2,0,7,True
2024-2024091917gm-00a9-0000-24c42be7-07-s0-d10,145,A,1,15,"[32800,26300,26400,14500]",1,10.0,1,3,0,0,5,True
2024-2024091917gm-00a9-0000-24c42be7-07-s0-d10,145,B,3,65,"[20700,30000,14500,34800]",3,-4.0,1,3,1,0,4,True
2024-2024091917gm-00a9-0000-24c42be7-07-s0-d10,146,A,1,15,"[-1000,30300,31100,39600]",4,-10.0,1,1,1,0,4,True
2024-2024091917gm-00a9-0000-24c42be7-07-s0-d10,146,B,3,65,"[19800,32300,21700,26200]",4,-10.0,1,3,0,0,4,True
2024-2024091917gm-00a9-0000-24c42be7-07-s0-d10,147,A,1,15,"[20200,30000,26900,22900]",4,-10.0,1,3,0,0,5,True
2024-2024091917gm-00a9-0000-24c42be7-07-s0-d10,147,B,3,65,"[20200,30000,26900,22900]",4,-10.0,1,3,0,0,5,True
2024-2024091917gm-00a9-0000-24c42be7-07-s0-d10,148,A,1,15,"[23600,36300,17500,22600]",2,4.0,2,3,0,0,9,True
2024-2024091917gm-00a9-0000-24c42be7-07-s0-d10,148,B,3,65,"[22900,8900,21300,46900]",2,4.0,2,1,0,0,9,True
2024-2024091917gm-00a9-0000-24c42be7-07-s0-d10,149,A,1,15,"[15200,28500,23900,31400]",4,-10.0,1,3,0,1,5,True
2024-2024091917gm-00a9-0000-24c42be7-07-s0-d10,149,B,3,65,"[34600,13700,31900,19800]",1,10.0,1,3,0,0,5,True
2024-2024091917gm-00a9-0000-24c42be7-07-s0-d10,150,A,1,15,"[10200,46500,18800,23500]",4,-10.0,1,3,1,1,7,True
2024-2024091917gm-00a9-0000-24c42be7-07-s0-d10,150,B,3,65,"[5900,22500,29600,42000]",4,-10.0,1,3,0,0,5,True
2024-2024091917gm-00a9-0000-24c42be7-07-s0-d10,151,A,1,15,"[3300,38300,31500,26900]",4,-10.0,1,3,1,0,7,True
2024-2024091917gm-00a9-0000-24c42be7-07-s0-d10,151,B,3,65,"[21200,26100,32400,20300]",3,-4.0,2,0,1,0,7,True
2024-2024091917gm-00a9-0000-24c42be7-07-s0-d10,152,A,1,15,"[16000,24100,34300,25600]",4,-10.0,1,3,0,0,6,True
2024-2024091917gm-00a9-0000-24c42be7-07-s0-d10,152,B,3,65,"[17000,23100,33300,26600]",4,-10.0,1,3,0,0,6,True
2024-2024091917gm-00a9-0000-24c42be7-07-s0-d10,153,A,1,15,"[30000,25000,33400,11600]",2,4.0,1,3,1,0,4,True
2024-2024091917gm-00a9-0000-24c42be7-07-s0-d10,153,B,3,65,"[14900,28100,21000,36000]",4,-10.0,1,3,0,0,5,True
2024-2024091917gm-00a9-0000-24c42be7-07-s0-d10,154,A,1,15,"[32300,26900,9800,31000]",1,10.0,1,3,0,0,7,True
2024-2024091917gm-00a9-0000-24c42be7-07-s0-d10,154,B,3,65,"[27900,30400,14400,27300]",2,4.0,1,3,0,0,7,True
2024-2024091917gm-00a9-0000-24c42be7-07-s0-d10,155,A,1,15,"[-3300,39200,25100,39000]",4,-10.0,1,1,2,0,4,True
2024-2024091917gm-00a9-0000-24c42be7-07-s0-d10,155,B,3,65,"[-3200,24100,56600,22500]",4,-10.0,1,3,0,0,7,True
2024-2024091917gm-00a9-0000-24c42be7-07-s0-d10,156,A,1,15,"[1100,41100,32900,24900]",4,-10.0,1,3,0,0,6,True
2024-2024091917gm-00a9-0000-24c42be7-07-s0-d10,156,B,3,65,"[28500,15300,25300,30900]",2,4.0,1,3,1,0,6,True
2024-2024091917gm-00a9-0000-24c42be7-07-s0-d10,157,A,1,15,"[22200,16000,29900,31900]",3,-4.0,2,1,0,0,7,True
2024-2024091917gm-00a9-0000-24c42be7-07-s0-d10,157,B,3,65,"[31200,21900,13300,33600]",2,4.0,1,3,0,0,5,True
2024-2024091917gm-00a9-0000-24c42be7-07-s0-d10,158,A,1,15,"[15500,23900,24500,36100]",4,-10.0,1,3,0,0,5,True
2024-2024091917gm-00a9-0000-24c42be7-07-s0-d10,158,B,3,65,"[15900,42800,28200,13100]",3,-4.0,1,3,0,0,7,True
2024-2024091917gm-00a9-0000-24c42be7-07-s0-d10,159,A,1,15,"[6000,32500,29600,31900]",4,-10.0,1,3,1,0,6,True
2024-2024091917gm-00a9-0000-24c42be7-07-s0-d10,159,B,3,65,"[22000,18000,23600,36400]",3,-4.0,1,3,0,0,5,True
2024-2024091917gm-00a9-0000-24c42be7-07-s0-d10,160,A,1,15,"[13800,19800,41600,24800]",4,-10.0,1,3,1,0,5,True
2024-2024091917gm-00a9-0000-24c42be7-07-s0-d10,160,B,3,65,"[12800,18800,42600,25800]",4,-10.0,1,3,1,0,5,True
2024-2024091917gm-00a9-0000-24c42be7-07-s0-d10,161,A,1,15,"[-2600,44900,36400,21300]",4,-10.0,1,1,3,0,6,True
2024-2024091917gm-00a9-0000-24c42be7-07-s0-d10,161,B,3,65,"[-1600,42900,36400,22300]",4,-10.0,1,1,3,0,6,True
2024-2024091917gm-00a9-0000-24c42be7-07-s0-d10,162,A,1,15,"[20900,31400,32900,14800]",3,-4.0,1,3,0,0,5,True
2024-2024091917gm-00a9-0000-24c42be7-07-s0-d10,162,B,3,65,"[27600,53100,19800,-500]",2,4.0,1,1,1,0,5,True
2024-2024091917gm-00a9-0000-24c42be7-07-s0-d10,163,A,1,15,"[14200,36500,23800,25500]",4,-10.0,1,3,0,0,7,True
2024-2024091917gm-00a9-0000-24c42be7-07-s0-d10,163,B,3,65,"[23800,20500,33900,21800]",2,4.0,2,0,0,0,7,True
2024-2024091917gm-00a9-0000-24c42be7-07-s0-d10,164,A,1,15,"[16100,22600,35100,26200]",4,-10.0,1,3,2,0,8,True
2024-2024091917gm-00a9-0000-24c42be7-07-s0-d10,164,B,3,65,"[16100,22600,35100,26200]",4,-10.0,1,3,2,0,8,True
2024-2024091917gm-00a9-0000-24c42be7-07-s0-d10,165,A,1,15,"[-1200,30300,43500,27400]",4,-10.0,1,2,0,0,5,True
2024-2024091917gm-00a9-0000-24c42be7-07-s0-d10,165,B,3,65,"[-3500,49000,27400,27100]",4,-10.0,1,2,4,0,7,True
2024-2024091917gm-00a9-0000-24c42be7-07-s0-d10,166,A,1,15,"[5500,18000,30400,46100]",4,-10.0,1,3,0,0,7,True
2024-2024091917gm-00a9-0000-24c42be7-07-s0-d10,166,B,3,65,"[41100,9000,25400,24500]",1,10.0,1,3,2,0,8,True
2024-2024091917gm-00a9-0000-24c42be7-07-s0-d10,167,A,1,15,"[33100,33700,30300,2900]",2,4.0,1,3,0,0,6,True
2024-2024091917gm-00a9-0000-24c42be7-07-s0-d10,167,B,3,65,"[17900,19900,34200,28000]",4,-10.0,1,3,1,0,7,True
2024-2024091917gm-00a9-0000-24c42be7-07-s0-d10,168,A,1,15,"[7400,35900,25800,30900]",4,-10.0,1,3,2,0,7,True
2024-2024091917gm-00a9-0000-24c42be7-07-s0-d10,168,B,3,65,"[1700,24400,36800,37100]",4,-10.0,1,3,2,0,6,True
2024-2024091917gm-00a9-0000-24c42be7-07-s0-d10,169,A,1,15,"[31000,20500,36900,11600]",2,4.0,1,3,1,0,7,True
2024-2024091917gm-00a9-0000-24c42be7-07-s0-d10,169,B,3,65,"[35400,12600,40300,11700]",2,4.0,1,3,0,0,6,True
2024-2024091917gm-00a9-0000-24c42be7-07-s0-d10,170,A,1,15,"[7200,27200,40400,25200]",4,-10.0,1,3,1,0,6,True
2024-2024091917gm-00a9-0000-24c42be7-07-s0-d10,170,B,3,65,"[8900,24700,45700,20700]",4,-10.0,1,3,0,0,7,True
2024-2024091917gm-00a9-0000-24c42be7-07-s0-d10,171,A,1,15,"[6500,47600,16300,28600]",4,-10.0,1,3,0,1,7,True
2024-2024091917gm-00a9-0000-24c42be7-07-s0-d10,171,B,3,65,"[8800,41700,17400,31100]",4,-10.0,1,3,0,1,7,True
2024-2024091917gm-00a9-0000-24c42be7-07-s0-d10,172,A,1,15,"[29300,35500,-3700,38900]",3,-4.0,1,3,0,0,6,True
2024-2024091917gm-00a9-0000-24c42be7-07-s0-d10,172,B,3,65,"[31500,31500,15300,21700]",1,10.0,1,3,0,0,7,True
2024-2024091917gm-00a9-0000-24c42be7-07-s0-d10,173,A,1,15,"[-500,30800,44300,25400]",4,-10.0,1,2,1,0,5,True
2024-2024091917gm-00a9-0000-24c42be7-07-s0-d10,173,B,3,65,"[10400,17300,32700,39600]",4,-10.0,1,3,0,0,4,True
2024-2024091917gm-00a9-0000-24c42be7-07-s0-d10,174,A,1,15,"[8000,34000,22600,35400]",4,-10.0,1,3,0,0,7,True
2024-2024091917gm-00a9-0000-24c42be7-07-s0-d10,174,B,3,65,"[18400,23900,33200,24500]",4,-10.0,1,3,1,0,5,True
2024-2024091917gm-00a9-0000-24c42be7-07-s0-d10,175,A,1,15,"[8800,16800,39300,35100]",4,-10.0,1,3,1,0,7,True
2024-2024091917gm-00a9-0000-24c42be7-07-s0-d10,175,B,3,65,"[8800,16800,39300,35100]",4,-10.0,1,3,1,0,7,True
2024-2024091917gm-00a9-0000-24c42be7-07-s0-d10,176,A,1,15,"[16700,18100,47700,17500]",4,-10.0,1,3,2,0,8,True
2024-2024091917gm-00a9-0000-24c42be7-07-s0-d10,176,B,3,65,"[18800,21000,40500,19700]",4,-10.0,1,3,2,0,8,True
2024-2024091917gm-00a9-0000-24c42be7-07-s0-d10,177,A,1,15,"[15100,17700,40100,27100]",4,-10.0,1,3,1,0,5,True
2024-2024091917gm-00a9-0000-24c42be7-07-s0-d10,177,B,3,65,"[11400,32500,22800,33300]",4,-10.0,1,3,1,0,5,True
2024-2024091917gm-00a9-0000-24c42be7-07-s0-d10,178,A,1,15,"[5000,24800,34000,36200]",4,-10.0,1,3,0,0,5,True
2024-2024091917gm-00a9-0000-24c42be7-07-s0-d10,178,B,3,65,"[12700,21200,27400,38700]",4,-10.0,1,3,0,0,4,True
2024-2024091917gm-00a9-0000-24c42be7-07-s0-d10,179,A,1,15,"[22400,8200,48800,20600]",2,4.0,1,3,3,0,7,True
2024-2024091917gm-00a9-0000-24c42be7-07-s0-d10,179,B,3,65,"[15200,26700,44700,13400]",3,-4.0,1,3,1,0,7,True
2024-2024091917gm-00a9-0000-24c42be7-07-s0-d10,180,A,1,15,"[25300,35200,25600,13900]",3,-4.0,2,0,0,0,7,True
2024-2024091917gm-00a9-0000-24c42be7-07-s0-d10,180,B,3,65,"[100,25700,47300,26900]",4,-10.0,1,3,0,0,4,True
2024-2024091917gm-00a9-0000-24c42be7-07-s0-d10,181,A,1,15,"[43600,25500,3900,26000]",1,10.0,1,3,0,1,5,True
2024-2024091917gm-00a9-0000-24c42be7-07-s0-d10,181,B,3,65,"[-1000,18000,39400,43600]",4,-10.0,1,2,0,0,3,True
2024-2024091917gm-00a9-0000-24c42be7-07-s0-d10,182,A,1,15,"[19400,27400,30900,22300]",4,-10.0,1,3,1,0,6,True
2024-2024091917gm-00a9-0000-24c42be7-07-s0-d10,182,B,3,65,"[36500,31500,32100,-100]",1,10.0,1,2,0,0,5,True
2024-2024091917gm-00a9-0000-24c42be7-07-s0-d10,183,A,1,15,"[18600,26500,41400,13500]",3,-4.0,1,3,0,0,6,True
2024-2024091917gm-00a9-0000-24c42be7-07-s0-d10,183,B,3,65,"[14800,37900,23600,22700]",4,-10.0,1,3,0,1,5,True
2024-2024091917gm-00a9-0000-24c42be7-07-s0-d10,184,A,1,15,"[13700,26900,23400,36000]",4,-10.0,1,3,0,0,5,True
2024-2024091917gm-00a9-0000-24c42be7-07-s0-d10,184,B,3,65,"[25000,9800,38400,25800]",3,-4.0,1,3,0,1,7,True
2024-2024091917gm-00a9-0000-24c42be7-07-s0-d10,185,A,1,15,"[24600,34000,34100,7300]",3,-4.0,1,3,2,0,7,True
2024-2024091917gm-00a9-0000-24c42be7-07-s0-d10,185,B,3,65,"[33100,-1100,30200,37800]",2,4.0,1,3,0,0,7,True
2024-2024091917gm-00a9-0000-24c42be7-07-s0-d10,186,A,1,15,"[14500,25500,31000,29000]",4,-10.0,1,3,0,0,6,True
2024-2024091917gm-00a9-0000-24c42be7-07-s0-d10,186,B,3,65,"[16000,33100,24200,26700]",4,-10.0,1,3,0,0,7,True
2024-2024091917gm-00a9-0000-24c42be7-07-s0-d10,187,A,1,15,"[5800,23800,21800,48600]",4,-10.0,1,3,0,0,6,True
2024-2024091917gm-00a9-0000-24c42be7-07-s0-d10,187,B,3,65,"[19200,23800,28200,27800]",4,-10.0,2,3,0,1,10,True
2024-2024091917gm-00a9-0000-24c42be7-07-s0-d10,188,A,1,15,"[17900,27700,31800,22600]",4,-10.0,1,3,0,0,7,True
2024-2024091917gm-00a9-0000-24c42be7-07-s0-d10,188,B,3,65,"[13900,26500,34200,25400]",4,-10.0,1,3,1,0,4,True
2024-2024091917gm-00a9-0000-24c42be7-07-s0-d10,189,A,1,15,"[20700,16600,29700,32000]",3,-4.0,1,3,0,1,5,True
2024-2024091917gm-00a9-0000-24c42be7-07-s0-d10,189,B,3,65,"[28200,21800,30400,19600]",2,4.0,2,1,0,0,7,True
2024-2024091917gm-00a9-0000-24c42be7-07-s0-d10,190,A,1,15,"[21700,20000,40800,17500]",2,4.0,1,3,0,0,5,True
2024-2024091917gm-00a9-0000-24c42be7-07-s0-d10,190,B,3,65,"[14200,26300,27900,31600]",4,-10.0,1,3,1,0,5,True
2024-2024091917gm-00a9-0000-24c42be7-07-s0-d10,191,A,1,15,"[12500,49000,18000,20500]",4,-10.0,1,3,0,0,6,True
2024-2024091917gm-00a9-0000-24c42be7-07-s0-d10,191,B,3,65,"[13600,33400,34800,18200]",4,-10.0,1,3,0,0,6,True
2024-2024091917gm-00a9-0000-24c42be7-07-s0-d10,192,A,1,15,"[6400,25000,47700,20900]",4,-10.0,1,3,0,0,4,True
2024-2024091917gm-00a9-0000-24c42be7-07-s0-d10,192,B,3,65,"[15700,33100,30600,20600]",4,-10.0,1,3,0,0,7,True
2024-2024091917gm-00a9-0000-24c42be7-07-s0-d10,193,A,1,15,"[-2000,25000,47100,29900]",4,-10.0,1,2,0,0,3,True
2024-2024091917gm-00a9-0000-24c42be7-07-s0-d10,193,B,3,65,"[27700,13200,35100,24000]",2,4.0,1,3,1,0,6,True
2024-2024091917gm-00a9-0000-24c42be7-07-s0-d10,194,A,1,15,"[32200,17700,33200,16900]",2,4.0,1,3,0,0,6,True
2024-2024091917gm-00a9-0000-24c42be7-07-s0-d10,194,B,3,65,"[14100,33600,35100,17200]",4,-10.0,1,3,0,0,5,True
2024-2024091917gm-00a9-0000-24c42be7-07-s0-d10,195,A,1,15,"[25700,27000,38900,8400]",3,-4.0,1,3,0,0,6,True
2024-2024091917gm-00a9-0000-24c42be7-07-s0-d10,195,B,3,65,"[11500,19700,31600,37200]",4,-10.0,1,3,0,0,7,True
2024-2024091917gm-00a9-0000-24c42be7-07-s0-d10,196,A,1,15,"[7300,48000,24800,19900]",4,-10.0,1,3,0,0,4,True
2024-2024091917gm-00a9-0000-24c42be7-07-s0-d10,196,B,3,65,"[34300,21900,31200,12600]",1,10.0,1,3,0,0,5,True
2024-2024091917gm-00a9-0000-24c42be7-07-s0-d10,197,A,1,15,"[16200,17600,43200,23000]",4,-10.0,1,3,0,0,6,True
2024-2024091917gm-00a9-0000-24c42be7-07-s0-d10,197,B,3,65,"[25400,39200,16600,18800]",2,4.0,1,3,0,0,7,True
2024-2024091917gm-00a9-0000-24c42be7-07-s0-d10,198,A,1,15,"[44300,1100,46500,8100]",2,4.0,1,3,1,0,6,True
2024-2024091917gm-00a9-0000-24c42be7-07-s0-d10,198,B,3,65,"[16800,31000,27600,24600]",4,-10.0,1,3,1,0,7,True
2024-2024091917gm-00a9-0000-24c42be7-07-s0-d10,199,A,1,15,"[14200,29600,42400,13800]",3,-4.0,1,3,2,0,10,True
2024-2024091917gm-00a9-0000-24c42be7-07-s0-d10,199,B,3,65,"[12000,35100,25700,27200]",4,-10.0,1,3,0,0,5,True
2024-2024091917gm-00a9-0000-24c42be7-07-s0-d10,200,A,1,15,"[22300,15600,26200,33900]",3,-4.0,1,3,1,2,5,True
2024-2024091917gm-00a9-0000-24c42be7-07-s0-d10,200,B,3,65,"[7300,25600,41600,24500]",4,-10.0,1,3,0,1,6,True
2024-2024091917gm-00a9-0000-24c42be7-07-s0-d10,201,A,1,15,"[11700,21400,33300,33600]",4,-10.0,1,3,1,0,4,True
2024-2024091917gm-00a9-0000-24c42be7-07-s0-d10,201,B,3,65,"[11700,21400,33300,33600]",4,-10.0,1,3,1,0,4,True
2024-2024091917gm-00a9-0000-24c42be7-07-s0-d10,202,A,1,15,"[23000,44900,21300,10800]",2,4.0,1,3,0,0,6,True
2024-2024091917gm-00a9-0000-24c42be7-07-s0-d10,202,B,3,65,"[21600,48900,22100,7400]",3,-4.0,1,3,0,0,6,True
2024-2024091917gm-00a9-0000-24c42be7-07-s0-d10,203,A,1,15,"[21900,36400,18500,23200]",3,-4.0,2,0,0,0,6,True
2024-2024091917gm-00a9-0000-24c42be7-07-s0-d10,203,B,3,65,"[3600,27700,46100,22600]",4,-10.0,1,3,0,0,4,True
2024-2024091917gm-00a9-0000-24c42be7-07-s0-d10,204,A,1,15,"[4000,38600,48300,9100]",4,-10.0,1,3,2,0,8,True
2024-2024091917gm-00a9-0000-24c42be7-07-s0-d10,204,B,3,65,"[3600,48600,14900,32900]",4,-10.0,1,3,1,0,5,True
2024-2024091917gm-00a9-0000-24c42be7-07-s0-d10,205,A,1,15,"[6100,39800,25200,28900]",4,-10.0,1,3,0,0,6,True
2024-2024091917gm-00a9-0000-24c42be7-07-s0-d10,205,B,3,65,"[12600,24000,44800,18600]",4,-10.0,1,3,0,0,6,True
2024-2024091917gm-00a9-0000-24c42be7-07-s0-d10,206,A,1,15,"[11900,36200,33200,18700]",4,-10.0,1,3,1,0,6,True
2024-2024091917gm-00a9-0000-24c42be7-07-s0-d10,206,B,3,65,"[19600,18900,18300,43200]",2,4.0,1,3,0,0,4,True
2024-2024091917gm-00a9-0000-24c42be7-07-s0-d10,207,A,1,15,"[18600,28200,31600,21600]",4,-10.0,1,3,1,0,5,True
2024-2024091917gm-00a9-0000-24c42be7-07-s0-d10,207,B,3,65,"[6100,51700,9100,33100]",4,-10.0,1,3,0,0,6,True
2024-2024091917gm-00a9-0000-24c42be7-07-s0-d10,208,A,1,15,"[16700,23300,41900,18100]",4,-10.0,1,3,0,0,6,True
2024-2024091917gm-00a9-0000-24c42be7-07-s0-d10,208,B,3,65,"[16800,29200,32500,21500]",4,-10.0,1,3,0,0,7,True
2024-2024091917gm-00a9-0000-24c42be7-07-s0-d10,209,A,1,15,"[24000,24700,15900,35400]",3,-4.0,1,3,0,0,6,True
2024-2024091917gm-00a9-0000-24c42be7-07-s0-d10,209,B,3,65,"[11000,31000,30200,27800]",4,-10.0,1,3,1,0,6,True
2024-2024091917gm-00a9-0000-24c42be7-07-s0-d10,210,A,1,15,"[9400,22100,28400,40100]",4,-10.0,1,3,0,0,5,True
2024-2024091917gm-00a9-0000-24c42be7-07-s0-d10,210,B,3,65,"[15700,20100,35300,28900]",4,-10.0,1,3,3,0,4,True
2024-2024091917gm-00a9-0000-24c42be7-07-s0-d10,211,A,1,15,"[21700,39100,31300,7900]",3,-4.0,1,3,0,0,4,True
2024-2024091917gm-00a9-0000-24c42be7-07-s0-d10,211,B,3,65,"[21700,39100,31300,7900]",3,-4.0,1,3,0,0,4,True
2024-2024091917gm-00a9-0000-24c42be7-07-s0-d10,212,A,1,15,"[-100,30600,21300,48200]",4,-10.0,1,2,0,0,5,True
2024-2024091917gm-00a9-0000-24c42be7-07-s0-d10,212,B,3,65,"[-3300,38000,39400,25900]",4,-10.0,1,1,0,0,3,True
2024-2024091917gm-00a9-0000-24c42be7-07-s0-d10,213,A,1,15,"[17700,21700,43700,16900]",3,-4.0,1,3,0,0,6,True
2024-2024091917gm-00a9-0000-24c42be7-07-s0-d10,213,B,3,65,"[21300,25400,20000,33300]",3,-4.0,1,3,0,0,4,True
2024-2024091917gm-00a9-0000-24c42be7-07-s0-d10,214,A,1,15,"[15500,24700,32600,27200]",4,-10.0,1,3,0,0,5,True
2024-2024091917gm-00a9-0000-24c42be7-07-s0-d10,214,B,3,65,"[15500,24700,32600,27200]",4,-10.0,1,3,0,0,5,True
2024-2024091917gm-00a9-0000-24c42be7-07-s0-d10,215,A,1,15,"[14700,20300,35400,29600]",4,-10.0,1,3,2,0,6,True
2024-2024091917gm-00a9-0000-24c42be7-07-s0-d10,215,B,3,65,"[29500,17200,35000,18300]",2,4.0,1,3,1,0,6,True
2024-2024091917gm-00a9-0000-24c42be7-07-s0-d10,216,A,1,15,"[10600,32500,22900,34000]",4,-10.0,1,3,0,0,5,True
2024-2024091917gm-00a9-0000-24c42be7-07-s0-d10,216,B,3,65,"[13400,28800,23200,34600]",4,-10.0,1,3,0,0,5,True
2024-2024091917gm-00a9-0000-24c42be7-07-s0-d10,217,A,1,15,"[16700,16900,32700,33700]",4,-10.0,1,3,0,0,5,True
2024-2024091917gm-00a9-0000-24c42be7-07-s0-d10,217,B,3,65,"[15800,20100,20200,43900]",4,-10.0,1,3,0,0,4,True
2024-2024091917gm-00a9-0000-24c42be7-07-s0-d10,218,A,1,15,"[7300,21600,44800,26300]",4,-10.0,1,3,0,0,4,True
2024-2024091917gm-00a9-0000-24c42be7-07-s0-d10,218,B,3,65,"[4600,45700,29800,19900]",4,-10.0,1,3,1,0,6,True
2024-2024091917gm-00a9-0000-24c42be7-07-s0-d10,219,A,1,15,"[9700,23300,33000,34000]",4,-10.0,1,3,0,0,6,True
2024-2024091917gm-00a9-0000-24c42be7-07-s0-d10,219,B,3,65,"[11000,20500,35100,33400]",4,-10.0,1,3,0,0,6,True
2024-2024091917gm-00a9-0000-24c42be7-07-s0-d10,220,A,1,15,"[17100,23300,30400,29200]",4,-10.0,1,3,0,0,4,True
2024-2024091917gm-00a9-0000-24c42be7-07-s0-d10,220,B,3,65,"[9700,32000,32400,25900]",4,-10.0,1,3,0,0,4,True
2024-2024091917gm-00a9-0000-24c42be7-07-s0-d10,221,A,1,15,"[7000,36700,23400,32900]",4,-10.0,1,3,0,0,7,True
2024-2024091917gm-00a9-0000-24c42be7-07-s0-d10,221,B,3,65,"[-200,51300,23700,25200]",4,-10.0,1,1,4,0,5,True
2024-2024091917gm-00a9-0000-24c42be7-07-s0-d10,222,A,1,15,"[4600,39100,32600,23700]",4,-10.0,1,3,0,0,6,True
2024-2024091917gm-00a9-0000-24c42be7-07-s0-d10,222,B,3,65,"[7100,25100,26800,41000]",4,-10.0,1,3,0,0,4,True
2024-2024091917gm-00a9-0000-24c42be7-07-s0-d10,223,A,1,15,"[23700,23700,34100,18500]",2,4.0,1,3,0,0,7,True
2024-2024091917gm-00a9-0000-24c42be7-07-s0-d10,223,B,3,65,"[-2300,27000,31400,43900]",4,-10.0,1,0,0,0,1,True
2024-2024091917gm-00a9-0000-24c42be7-07-s0-d10,224,A,1,15,"[32200,26300,29600,11900]",1,10.0,1,3,0,0,5,True
2024-2024091917gm-00a9-0000-24c42be7-07-s0-d10,224,B,3,65,"[-5100,33000,41200,30900]",4,-10.0,1,2,0,0,5,True
2024-2024091917gm-00a9-0000-24c42be7-07-s0-d10,225,A,1,15,"[700,45300,25400,28600]",4,-10.0,1,3,0,0,5,True
2024-2024091917gm-00a9-0000-24c42be7-07-s0-d10,225,B,3,65,"[9200,45100,33900,11800]",4,-10.0,1,3,0,0,5,True
2024-2024091917gm-00a9-0000-24c42be7-07-s0-d10,226,A,1,15,"[4300,31800,36100,27800]",4,-10.0,1,3,1,0,6,True
2024-2024091917gm-00a9-0000-24c42be7-07-s0-d10,226,B,3,65,"[-2900,30600,27900,44400]",4,-10.0,1,3,1,0,6,True
2024-2024091917gm-00a9-0000-24c42be7-07-s0-d10,227,A,1,15,"[12600,23400,24900,39100]",4,-10.0,1,3,0,0,5,True
2024-2024091917gm-00a9-0000-24c42be7-07-s0-d10,227,B,3,65,"[16800,21700,33200,28300]",4,-10.0,1,3,1,0,6,True
2024-2024091917gm-00a9-0000-24c42be7-07-s0-d10,228,A,1,15,"[28400,35600,21200,14800]",2,4.0,1,3,0,0,6,True
2024-2024091917gm-00a9-0000-24c42be7-07-s0-d10,228,B,3,65,"[30900,1900,25600,41600]",2,4.0,1,3,0,0,6,True
2024-2024091917gm-00a9-0000-24c42be7-07-s0-d10,229,A,1,15,"[10100,10500,38800,40600]",4,-10.0,1,3,0,0,8,True
2024-2024091917gm-00a9-0000-24c42be7-07-s0-d10,229,B,3,65,"[12000,31900,19900,34200]",4,-10.0,1,3,0,2,6,True
2024-2024091917gm-00a9-0000-24c42be7-07-s0-d10,230,A,1,15,"[10600,24800,25000,39600]",4,-10.0,1,3,0,0,5,True
2024-2024091917gm-00a9-0000-24c42be7-07-s0-d10,230,B,3,65,"[16200,28000,38600,17200]",4,-10.0,1,3,0,0,4,True
2024-2024091917gm-00a9-0000-24c42be7-07-s0-d10,231,A,1,15,"[8400,32400,30400,28800]",4,-10.0,1,3,1,0,4,True
2024-2024091917gm-00a9-0000-24c42be7-07-s0-d10,231,B,3,65,"[19000,25200,22900,31900]",4,-10.0,1,3,0,1,8,True
2024-2024091917gm-00a9-0000-24c42be7-07-s0-d10,232,A,1,15,"[20300,21800,32200,24700]",4,-10.0,1,3,1,1,5,True
2024-2024091917gm-00a9-0000-24c42be7-07-s0-d10,232,B,3,65,"[24800,31600,18400,25200]",3,-4.0,2,0,2,0,6,True
2024-2024091917gm-00a9-0000-24c42be7-07-s0-d10,233,A,1,15,"[25600,34100,10400,29900]",3,-4.0,2,1,0,0,10,True
2024-2024091917gm-00a9-0000-24c42be7-07-s0-d10,233,B,3,65,"[34500,28900,14000,22600]",1,10.0,1,3,0,0,8,True
2024-2024091917gm-00a9-0000-24c42be7-07-s0-d10,234,A,1,15,"[23300,17700,41900,17100]",2,4.0,1,3,0,0,6,True
2024-2024091917gm-00a9-0000-24c42be7-07-s0-d10,234,B,3,65,"[19600,27900,36300,16200]",3,-4.0,1,3,0,0,6,True
2024-2024091917gm-00a9-0000-24c42be7-07-s0-d10,235,A,1,15,"[-4800,41600,31000,32200]",4,-10.0,1,3,0,0,7,True
2024-2024091917gm-00a9-0000-24c42be7-07-s0-d10,235,B,3,65,"[-4800,41600,31000,32200]",4,-10.0,1,3,0,0,7,True
2024-2024091917gm-00a9-0000-24c42be7-07-s0-d10,236,A,1,15,"[-1100,27300,47800,26000]",4,-10.0,1,3,0,0,6,True
2024-2024091917gm-00a9-0000-24c42be7-07-s0-d10,236,B,3,65,"[18900,25800,49600,5700]",3,-4.0,1,3,0,0,5,True
2024-2024091917gm-00a9-0000-24c42be7-07-s0-d10,237,A,1,15,"[11300,32200,28300,28200]",4,-10.0,1,3,0,0,5,True
2024-2024091917gm-00a9-0000-24c42be7-07-s0-d10,237,B,3,65,"[3100,34400,35600,26900]",4,-10.0,1,3,0,0,4,True
2024-2024091917gm-00a9-0000-24c42be7-07-s0-d10,238,A,1,15,"[31600,25700,23700,19000]",1,10.0,1,3,1,0,7,True
2024-2024091917gm-00a9-0000-24c42be7-07-s0-d10,238,B,3,65,"[32200,36900,13300,17600]",2,4.0,1,3,0,0,5,True
2024-2024091917gm-00a9-0000-24c42be7-07-s0-d10,239,A,1,15,"[23400,24100,32100,19400]",3,-4.0,1,3,0,1,4,True
2024-2024091917gm-00a9-0000-24c42be7-07-s0-d10,239,B,3,65,"[24000,30800,19300,25900]",3,-4.0,1,3,0,0,6,True
2024-2024091917gm-00a9-0000-24c42be7-07-s0-d10,240,A,1,15,"[17300,28300,24000,30400]",4,-10.0,2,0,1,0,9,True
2024-2024091917gm-00a9-0000-24c42be7-07-s0-d10,240,B,3,65,"[36600,3700,29500,30200]",1,10.0,1,3,0,0,6,True
2024-2024091917gm-00a9-0000-24c42be7-07-s0-d10,241,A,1,15,"[-5800,40800,37800,27200]",4,-10.0,1,1,1,0,4,True
2024-2024091917gm-00a9-0000-24c42be7-07-s0-d10,241,B,3,65,"[5100,14200,40000,40700]",4,-10.0,1,3,0,0,6,True
2024-2024091917gm-00a9-0000-24c42be7-07-s0-d10,242,A,1,15,"[20500,19000,39300,21200]",3,-4.0,1,3,0,0,7,True
2024-2024091917gm-00a9-0000-24c42be7-07-s0-d10,242,B,3,65,"[14100,38200,23800,23900]",4,-10.0,1,3,0,0,6,True
2024-2024091917gm-00a9-0000-24c42be7-07-s0-d10,243,A,1,15,"[11900,40800,27500,19800]",4,-10.0,1,3,1,0,6,True
2024-2024091917gm-00a9-0000-24c42be7-07-s0-d10,243,B,3,65,"[11200,18100,31400,39300]",4,-10.0,1,3,0,0,5,True
2024-2024091917gm-00a9-0000-24c42be7-07-s0-d10,244,A,1,15,"[-6800,43800,34700,28300]",4,-10.0,1,2,1,0,7,True
2024-2024091917gm-00a9-0000-24c42be7-07-s0-d10,244,B,3,65,"[17900,33000,26100,23000]",4,-10.0,2,0,0,0,5,True
2024-2024091917gm-00a9-0000-24c42be7-07-s0-d10,245,A,1,15,"[33200,8900,28900,29000]",1,10.0,1,3,0,0,5,True
2024-2024091917gm-00a9-0000-24c42be7-07-s0-d10,245,B,3,65,"[23400,30300,32400,13900]",3,-4.0,1,3,0,0,5,True
2024-2024091917gm-00a9-0000-24c42be7-07-s0-d10,246,A,1,15,"[16700,27300,30100,25900]",4,-10.0,1,3,0,0,4,True
2024-2024091917gm-00a9-0000-24c42be7-07-s0-d10,246,B,3,65,"[16700,27300,30100,25900]",4,-10.0,1,3,0,0,4,True
2024-2024091917gm-00a9-0000-24c42be7-07-s0-d10,247,A,1,15,"[22600,24300,14500,38600]",3,-4.0,1,3,0,0,5,True
2024-2024091917gm-00a9-0000-24c42be7-07-s0-d10,247,B,3,65,"[13000,26500,19500,41000]",4,-10.0,1,3,0,0,6,True
2024-2024091917gm-00a9-0000-24c42be7-07-s0-d10,248,A,1,15,"[1700,43800,29800,24700]",4,-10.0,1,3,2,0,8,True
2024-2024091917gm-00a9-0000-24c42be7-07-s0-d10,248,B,3,65,"[3800,19100,35000,42100]",4,-10.0,1,3,0,0,4,True
2024-2024091917gm-00a9-0000-24c42be7-07-s0-d10,249,A,1,15,"[10000,19700,35100,35200]",4,-10.0,1,3,0,0,6,True
2024-2024091917gm-00a9-0000-24c42be7-07-s0-d10,249,B,3,65,"[31900,27600,26000,14500]",1,10.0,1,3,1,0,7,True
2024-2024091917gm-00a9-0000-24c42be7-07-s0-d10,250,A,1,15,"[5600,38700,33200,22500]",4,-10.0,1,3,1,0,8,True
2024-2024091917gm-00a9-0000-24c42be7-07-s0-d10,250,B,3,65,"[25500,37000,8600,28900]",3,-4.0,1,3,0,0,8,True
2024-2024091917gm-00a9-0000-24c42be7-07-s0-d10,251,A,1,15,"[13500,27000,26900,32600]",4,-10.0,2,0,2,0,6,True
2024-2024091917gm-00a9-0000-24c42be7-07-s0-d10,251,B,3,65,"[21200,17700,33900,27200]",3,-4.0,1,3,0,0,5,True
2024-2024091917gm-00a9-0000-24c42be7-07-s0-d10,252,A,1,15,"[6900,34900,34400,23800]",4,-10.0,1,3,0,0,8,True
2024-2024091917gm-00a9-0000-24c42be7-07-s0-d10,252,B,3,65,"[7900,32100,36200,23800]",4,-10.0,1,3,0,0,8,True
2024-2024091917gm-00a9-0000-24c42be7-07-s0-d10,253,A,1,15,"[16900,25000,38800,19300]",4,-10.0,1,3,0,0,7,True
2024-2024091917gm-00a9-0000-24c42be7-07-s0-d10,253,B,3,65,"[19300,30800,25500,24400]",4,-10.0,1,3,1,0,8,True
2024-2024091917gm-00a9-0000-24c42be7-07-s0-d10,254,A,1,15,"[5900,16000,35200,42900]",4,-10.0,1,3,0,0,5,True
2024-2024091917gm-00a9-0000-24c42be7-07-s0-d10,254,B,3,65,"[13100,11500,36300,39100]",3,-4.0,1,3,0,0,5,True
2024-2024091917gm-00a9-0000-24c42be7-07-s0-d10,255,A,1,15,"[6500,37700,37900,17900]",4,-10.0,1,3,0,0,4,True
2024-2024091917gm-00a9-0000-24c42be7-07-s0-d10,255,B,3,65,"[6500,37700,37900,17900]",4,-10.0,1,3,0,0,4,True
2024-2024092905gm-00a9-0000-4f383722-09-s2-d9,0,A,1,19,"[14800,59100,18700,7400]",2,4.0,1,3,0,0,2,True
2024-2024092905gm-00a9-0000-4f383722-09-s2-d9,0,B,2,65,"[5600,60700,13300,20400]",3,-4.0,1,3,1,0,3,True
2024-2024092905gm-00a9-0000-4f383722-09-s2-d9,1,A,1,19,"[8400,54700,9200,27700]",3,-4.0,1,3,1,0,3,True
2024-2024092905gm-00a9-0000-4f383722-09-s2-d9,1,B,2,65,"[23100,53600,14000,9300]",3,-4.0,1,3,1,0,4,True
2024-2024092905gm-00a9-0000-4f383722-09-s2-d9,2,A,1,19,"[12400,72600,6600,8400]",4,-10.0,1,3,0,0,2,True
2024-2024092905gm-00a9-0000-4f383722-09-s2-d9,2,B,2,65,"[25900,50100,20100,3900]",3,-4.0,1,3,0,0,3,True
2024-2024092905gm-00a9-0000-4f383722-09-s2-d9,3,A,1,19,"[20500,58600,16600,4300]",3,-4.0,1,3,1,0,4,True
2024-2024092905gm-00a9-0000-4f383722-09-s2-d9,3,B,2,65,"[13700,59400,18200,8700]",2,4.0,1,3,0,0,2,True
2024-2024092905gm-00a9-0000-4f383722-09-s2-d9,4,A,1,19,"[11600,58500,13300,16600]",3,-4.0,1,3,1,0,4,True
2024-2024092905gm-00a9-0000-4f383722-09-s2-d9,4,B,2,65,"[12800,58400,12100,16700]",4,-10.0,1,3,1,0,4,True
2024-2024092905gm-00a9-0000-4f383722-09-s2-d9,5,A,1,19,"[16700,58700,23000,1600]",2,4.0,1,3,0,0,3,True
2024-2024092905gm-00a9-0000-4f383722-09-s2-d9,5,B,2,65,"[16700,58700,23000,1600]",2,4.0,1,3,0,0,3,True
2024-2024092905gm-00a9-0000-4f383722-09-s2-d9,6,A,1,19,"[15700,62000,23300,-1000]",2,4.0,1,3,0,0,4,True
2024-2024092905gm-00a9-0000-4f383722-09-s2-d9,6,B,2,65,"[23500,49600,15700,11200]",3,-4.0,1,3,1,0,2,True
2024-2024092905gm-00a9-0000-4f383722-09-s2-d9,7,A,1,19,"[15700,58200,16200,9900]",2,4.0,1,3,1,0,3,True
2024-2024092905gm-00a9-0000-4f383722-09-s2-d9,7,B,2,65,"[15700,58200,16200,9900]",2,4.0,1,3,1,0,3,True
2024-2024092905gm-00a9-0000-4f383722-09-s2-d9,8,A,1,19,"[30000,42100,16200,11700]",3,-4.0,1,3,1,0,2,True
2024-2024092905gm-00a9-0000-4f383722-09-s2-d9,8,B,2,65,"[30800,43100,16700,9400]",3,-4.0,1,3,0,0,2,True
2024-2024092905gm-00a9-0000-4f383722-09-s2-d9,9,A,1,19,"[15300,59400,26800,-1500]",2,4.0,1,2,1,0,2,True
2024-2024092905gm-00a9-0000-4f383722-09-s2-d9,9,B,2,65,"[17600,41500,19200,21700]",3,-4.0,1,3,0,0,2,True
2024-2024092905gm-00a9-0000-4f383722-09-s2-d9,10,A,1,19,"[14700,65400,16300,3600]",2,4.0,1,3,1,0,3,True
2024-2024092905gm-00a9-0000-4f383722-09-s2-d9,10,B,2,65,"[14700,65400,16300,3600]",2,4.0,1,3,1,0,3,True
2024-2024092905gm-00a9-0000-4f383722-09-s2-d9,11,A,1,19,"[12200,52700,7300,27800]",4,-10.0,1,3,2,0,5,True
2024-2024092905gm-00a9-0000-4f383722-09-s2-d9,11,B,2,65,"[19000,42800,17200,20000]",4,-10.0,1,3,2,1,5,True
2024-2024092905gm-00a9-0000-4f383722-09-s2-d9,12,A,1,19,"[17500,57900,14400,10200]",3,-4.0,1,3,1,0,2,True
2024-2024092905gm-00a9-0000-4f383722-09-s2-d9,12,B,2,65,"[17500,57900,14400,10200]",3,-4.0,1,3,1,0,2,True
2024-2024092905gm-00a9-0000-4f383722-09-s2-d9,13,A,1,19,"[21100,58100,19100,1700]",3,-4.0,1,3,1,0,4,True
2024-2024092905gm-00a9-0000-4f383722-09-s2-d9,13,B,2,65,"[21400,62000,9500,7100]",3,-4.0,1,3,0,0,2,True
2024-2024092905gm-00a9-0000-4f383722-09-s2-d9,14,A,1,19,"[25400,59400,11000,4200]",3,-4.0,1,3,0,0,3,True
2024-2024092905gm-00a9-0000-4f383722-09-s2-d9,14,B,2,65,"[25900,58400,12500,3200]",3,-4.0,1,3,0,0,3,True
2024-2024092905gm-00a9-0000-4f383722-09-s2-d9,15,A,1,19,"[10700,63700,17200,8400]",2,4.0,1,3,0,0,3,True
2024-2024092905gm-00a9-0000-4f383722-09-s2-d9,15,B,2,65,"[6500,63000,15600,14900]",2,4.0,1,3,0,0,3,True
2024-2024092905gm-00a9-0000-4f383722-09-s2-d9,16,A,1,19,"[13700,59400,29200,-2300]",2,4.0,1,2,0,0,1,True
2024-2024092905gm-00a9-0000-4f383722-09-s2-d9,16,B,2,65,"[13700,59400,29200,-2300]",2,4.0,1,2,0,0,1,True
2024-2024092905gm-00a9-0000-4f383722-09-s2-d9,17,A,1,19,"[13400,64400,12800,9400]",3,-4.0,1,3,0,0,2,True
2024-2024092905gm-00a9-0000-4f383722-09-s2-d9,17,B,2,65,"[8900,68000,18200,4900]",2,4.0,1,3,3,0,4,True
2024-2024092905gm-00a9-0000-4f383722-09-s2-d9,18,A,1,19,"[3100,54600,24000,18300]",2,4.0,1,3,0,0,4,True
2024-2024092905gm-00a9-0000-4f383722-09-s2-d9,18,B,2,65,"[22000,55000,18700,4300]",3,-4.0,1,3,0,0,3,True
2024-2024092905gm-00a9-0000-4f383722-09-s2-d9,19,A,1,19,"[12400,59100,14600,13900]",2,4.0,1,3,0,0,2,True
2024-2024092905gm-00a9-0000-4f383722-09-s2-d9,19,B,2,65,"[12400,59100,14600,13900]",2,4.0,1,3,0,0,2,True
2024-2024092905gm-00a9-0000-4f383722-09-s2-d9,20,A,1,19,"[19100,57900,18700,4300]",3,-4.0,1,3,0,0,2,True
2024-2024092905gm-00a9-0000-4f383722-09-s2-d9,20,B,2,65,"[19100,57900,18700,4300]",3,-4.0,1,3,0,0,2,True
2024-2024092905gm-00a9-0000-4f383722-09-s2-d9,21,A,1,19,"[11600,56000,15000,17400]",3,-4.0,1,3,0,0,3,True
2024-2024092905gm-00a9-0000-4f383722-09-s2-d9,21,B,2,65,"[11600,56000,15000,17400]",3,-4.0,1,3,0,0,3,True
2024-2024092905gm-00a9-0000-4f383722-09-s2-d9,22,A,1,19,"[15700,62800,12300,9200]",3,-4.0,1,3,0,0,2,True
2024-2024092905gm-00a9-0000-4f383722-09-s2-d9,22,B,2,65,"[15700,62800,12300,9200]",3,-4.0,1,3,0,0,2,True
2024-2024092905gm-00a9-0000-4f383722-09-s2-d9,23,A,1,19,"[13700,58400,30200,-2300]",2,4.0,1,2,0,0,1,True
2024-2024092905gm-00a9-0000-4f383722-09-s2-d9,23,B,2,65,"[7900,57100,25000,10000]",2,4.0,1,3,0,0,3,True
2024-2024092905gm-00a9-0000-4f383722-09-s2-d9,24,A,1,19,"[10300,58900,23400,6400]",2,4.0,1,3,0,1,4,True
2024-2024092905gm-00a9-0000-4f383722-09-s2-d9,24,B,2,65,"[7500,68600,18100,5800]",2,4.0,1,3,0,0,3,True
2024-2024092905gm-00a9-0000-4f383722-09-s2-d9,25,A,1,19,"[13700,67400,23000,-4100]",2,4.0,1,2,1,0,2,True
2024-2024092905gm-00a9-0000-4f383722-09-s2-d9,25,B,2,65,"[24400,52300,12700,10600]",3,-4.0,1,3,2,0,5,True
2024-2024092905gm-00a9-0000-4f383722-09-s2-d9,26,A,1,19,"[9700,55900,13700,19700]",3,-4.0,1,3,1,1,3,True
2024-2024092905gm-00a9-0000-4f383722-09-s2-d9,26,B,2,65,"[17500,57300,21500,3700]",2,4.0,1,3,0,0,3,True
2024-2024092905gm-00a9-0000-4f383722-09-s2-d9,27,A,1,19,"[10700,60400,20400,8500]",2,4.0,1,3,0,0,3,True
2024-2024092905gm-00a9-0000-4f383722-09-s2-d9,27,B,2,65,"[11200,66800,15300,6700]",2,4.0,1,3,0,0,2,True
2024-2024092905gm-00a9-0000-4f383722-09-s2-d9,28,A,1,19,"[9800,64600,17400,8200]",2,4.0,1,3,0,0,3,True
2024-2024092905gm-00a9-0000-4f383722-09-s2-d9,28,B,2,65,"[9300,64100,17400,9200]",2,4.0,1,3,0,0,3,True
2024-2024092905gm-00a9-0000-4f383722-09-s2-d9,29,A,1,19,"[22400,48700,22500,6400]",2,4.0,1,3,1,0,4,True
2024-2024092905gm-00a9-0000-4f383722-09-s2-d9,29,B,2,65,"[21500,58900,17700,1900]",3,-4.0,1,3,0,0,3,True
2024-2024092905gm-00a9-0000-4f383722-09-s2-d9,30,A,1,19,"[16200,61900,13000,8900]",3,-4.0,1,3,1,0,4,True
2024-2024092905gm-00a9-0000-4f383722-09-s2-d9,30,B,2,65,"[16200,61900,13000,8900]",3,-4.0,1,3,1,0,4,True
2024-2024092905gm-00a9-0000-4f383722-09-s2-d9,31,A,1,19,"[18100,56600,18700,6600]",2,4.0,1,3,0,0,3,True
2024-2024092905gm-00a9-0000-4f383722-09-s2-d9,31,B,2,65,"[14600,60500,18100,6800]",2,4.0,1,3,0,0,3,True
2024-2024092905gm-00a9-0000-4f383722-09-s2-d9,32,A,1,19,"[14700,65800,9800,9700]",3,-4.0,1,3,0,0,2,True
2024-2024092905gm-00a9-0000-4f383722-09-s2-d9,32,B,2,65,"[13700,64600,17200,4500]",2,4.0,1,3,0,0,2,True
2024-2024092905gm-00a9-0000-4f383722-09-s2-d9,33,A,1,19,"[16900,59400,16000,7700]",3,-4.0,1,3,0,0,3,True
2024-2024092905gm-00a9-0000-4f383722-09-s2-d9,33,B,2,65,"[15000,60400,15900,8700]",2,4.0,1,3,0,0,3,True
2024-2024092905gm-00a9-0000-4f383722-09-s2-d9,34,A,1,19,"[7400,55100,21300,16200]",2,4.0,1,3,1,0,3,True
2024-2024092905gm-00a9-0000-4f383722-09-s2-d9,34,B,2,65,"[15700,59400,15200,8700]",3,-4.0,1,3,0,1,2,True
2024-2024092905gm-00a9-0000-4f383722-09-s2-d9,35,A,1,19,"[9400,63200,12300,15100]",3,-4.0,1,3,1,0,3,True
2024-2024092905gm-00a9-0000-4f383722-09-s2-d9,35,B,2,65,"[9400,63200,12300,15100]",3,-4.0,1,3,1,0,3,True
2024-2024092905gm-00a9-0000-4f383722-09-s2-d9,36,A,1,19,"[18000,55100,12400,14500]",4,-10.0,1,3,1,0,3,True
2024-2024092905gm-00a9-0000-4f383722-09-s2-d9,36,B,2,65,"[23800,57200,16300,2700]",3,-4.0,1,3,0,0,4,True
2024-2024092905gm-00a9-0000-4f383722-09-s2-d9,37,A,1,19,"[21700,43100,7100,28100]",4,-10.0,1,3,1,0,4,True
2024-2024092905gm-00a9-0000-4f383722-09-s2-d9,37,B,2,65,"[14700,65600,9000,10700]",4,-10.0,1,3,1,0,2,True
2024-2024092905gm-00a9-0000-4f383722-09-s2-d9,38,A,1,19,"[12700,56100,19500,11700]",2,4.0,1,3,1,0,2,True
2024-2024092905gm-00a9-0000-4f383722-09-s2-d9,38,B,2,65,"[12700,56100,19500,11700]",2,4.0,1,3,1,0,2,True
2024-2024092905gm-00a9-0000-4f383722-09-s2-d9,39,A,1,19,"[12700,63400,16200,7700]",2,4.0,1,3,0,0,2,True
2024-2024092905gm-00a9-0000-4f383722-09-s2-d9,39,B,2,65,"[12400,66600,12600,8400]",2,4.0,1,3,0,0,2,True
2024-2024092905gm-00a9-0000-4f383722-09-s2-d9,40,A,1,19,"[13300,59000,18600,9100]",2,4.0,1,3,0,0,3,True
2024-2024092905gm-00a9-0000-4f383722-09-s2-d9,40,B,2,65,"[12700,58100,19200,10000]",2,4.0,1,3,0,0,3,True
2024-2024092905gm-00a9-0000-4f383722-09-s2-d9,41,A,1,19,"[13800,62900,17700,5600]",2,4.0,1,3,0,0,3,True
2024-2024092905gm-00a9-0000-4f383722-09-s2-d9,41,B,2,65,"[16100,60600,13100,10200]",3,-4.0,1,3,1,0,3,True
2024-2024092905gm-00a9-0000-4f383722-09-s2-d9,42,A,1,19,"[5400,67700,17200,9700]",2,4.0,1,3,1,0,2,True
2024-2024092905gm-00a9-0000-4f383722-09-s2-d9,42,B,2,65,"[12200,51200,22200,14400]",2,4.0,1,3,0,0,3,True
2024-2024092905gm-00a9-0000-4f383722-09-s2-d9,43,A,1,19,"[10600,53300,18500,17600]",2,4.0,1,3,1,0,4,True
2024-2024092905gm-00a9-0000-4f383722-09-s2-d9,43,B,2,65,"[14700,47700,19500,18100]",2,4.0,1,3,1,0,4,True
2024-2024092905gm-00a9-0000-4f383722-09-s2-d9,44,A,1,19,"[12100,71200,12600,4100]",2,4.0,1,3,1,0,2,True
2024-2024092905gm-00a9-0000-4f383722-09-s2-d9,44,B,2,65,"[16700,56800,17800,8700]",2,4.0,1,3,1,0,2,True
2024-2024092905gm-00a9-0000-4f383722-09-s2-d9,45,A,1,19,"[14600,50500,13200,21700]",4,-10.0,1,3,1,0,3,True
2024-2024092905gm-00a9-0000-4f383722-09-s2-d9,45,B,2,65,"[11100,57700,10600,20600]",4,-10.0,1,3,1,0,3,True
2024-2024092905gm-00a9-0000-4f383722-09-s2-d9,46,A,1,19,"[23000,38500,18700,19800]",4,-10.0,1,3,1,0,4,True
2024-2024092905gm-00a9-0000-4f383722-09-s2-d9,46,B,2,65,"[23000,38500,18700,19800]",4,-10.0,1,3,1,0,4,True
2024-2024092905gm-00a9-0000-4f383722-09-s2-d9,47,A,1,19,"[13200,70000,12500,4300]",3,-4.0,1,3,0,0,3,True
2024-2024092905gm-00a9-0000-4f383722-09-s2-d9,47,B,2,65,"[14700,66500,16700,2100]",2,4.0,1,3,0,0,3,True
2024-2024092905gm-00a9-0000-4f383722-09-s2-d9,48,A,1,19,"[13900,60200,15700,10200]",2,4.0,1,3,1,0,2,True
2024-2024092905gm-00a9-0000-4f383722-09-s2-d9,48,B,2,65,"[18200,58500,15500,7800]",3,-4.0,1,3,0,0,3,True
2024-2024092905gm-00a9-0000-4f383722-09-s2-d9,49,A,1,19,"[10700,60700,24800,3800]",2,4.0,1,3,0,0,3,True
2024-2024092905gm-00a9-0000-4f383722-09-s2-d9,49,B,2,65,"[11700,63800,13200,11300]",2,4.0,1,3,0,0,2,True
2024-2024092905gm-00a9-0000-4f383722-09-s2-d9,50,A,1,19,"[17800,54300,18700,9200]",2,4.0,1,3,2,0,3,True
2024-2024092905gm-00a9-0000-4f383722-09-s2-d9,50,B,2,65,"[20500,53900,14900,10700]",3,-4.0,1,3,0,0,4,True
2024-2024092905gm-00a9-0000-4f383722-09-s2-d9,51,A,1,19,"[13200,65100,16200,5500]",2,4.0,1,3,0,0,2,True
2024-2024092905gm-00a9-0000-4f383722-09-s2-d9,51,B,2,65,"[12400,65600,17200,4800]",2,4.0,1,3,0,0,2,True
2024-2024092905gm-00a9-0000-4f383722-09-s2-d9,52,A,1,19,"[9700,65400,11200,13700]",3,-4.0,1,3,0,0,2,True
2024-2024092905gm-00a9-0000-4f383722-09-s2-d9,52,B,2,65,"[19700,55400,11200,13700]",4,-10.0,1,3,0,0,2,True
2024-2024092905gm-00a9-0000-4f383722-09-s2-d9,53,A,1,19,"[20300,58700,16500,4500]",3,-4.0,1,3,0,0,2,True
2024-2024092905gm-00a9-0000-4f383722-09-s2-d9,53,B,2,65,"[20700,54400,16500,8400]",3,-4.0,1,3,0,0,2,True
2024-2024092905gm-00a9-0000-4f383722-09-s2-d9,54,A,1,19,"[19100,63700,9600,7600]",3,-4.0,1,3,0,0,3,True
2024-2024092905gm-00a9-0000-4f383722-09-s2-d9,54,B,2,65,"[19900,59000,11800,9300]",3,-4.0,1,3,0,0,3,True
2024-2024092905gm-00a9-0000-4f383722-09-s2-d9,55,A,1,19,"[17300,54100,21900,6700]",2,4.0,1,3,0,0,3,True
2024-2024092905gm-00a9-0000-4f383722-09-s2-d9,55,B,2,65,"[17000,56900,23700,2400]",2,4.0,1,3,0,0,3,True
2024-2024092905gm-00a9-0000-4f383722-09-s2-d9,56,A,1,19,"[10800,62300,17200,9700]",2,4.0,1,3,0,0,2,True
2024-2024092905gm-00a9-0000-4f383722-09-s2-d9,56,B,2,65,"[19600,48300,21100,11000]",2,4.0,1,3,0,0,3,True
2024-2024092905gm-00a9-0000-4f383722-09-s2-d9,57,A,1,19,"[15200,62500,15700,6600]",2,4.0,1,3,1,0,2,True
2024-2024092905gm-00a9-0000-4f383722-09-s2-d9,57,B,2,65,"[27700,56300,16900,-900]",3,-4.0,1,3,1,0,4,True
2024-2024092905gm-00a9-0000-4f383722-09-s2-d9,58,A,1,19,"[13200,44300,29300,13200]",2,4.0,1,3,2,0,3,True
2024-2024092905gm-00a9-0000-4f383722-09-s2-d9,58,B,2,65,"[11000,59900,28000,1100]",2,4.0,1,3,0,0,5,True
2024-2024092905gm-00a9-0000-4f383722-09-s2-d9,59,A,1,19,"[16700,59400,15200,8700]",3,-4.0,1,3,0,0,2,True
2024-2024092905gm-00a9-0000-4f383722-09-s2-d9,59,B,2,65,"[14700,51700,24900,8700]",2,4.0,1,3,0,0,2,True
2024-2024092905gm-00a9-0000-4f383722-09-s2-d9,60,A,1,19,"[10900,58400,21200,9500]",2,4.0,1,3,0,0,3,True
2024-2024092905gm-00a9-0000-4f383722-09-s2-d9,60,B,2,65,"[10900,58400,21200,9500]",2,4.0,1,3,0,0,3,True
2024-2024092905gm-00a9-0000-4f383722-09-s2-d9,61,A,1,19,"[19400,63800,12700,4100]",3,-4.0,1,3,0,0,3,True
2024-2024092905gm-00a9-0000-4f383722-09-s2-d9,61,B,2,65,"[19400,63800,12700,4100]",3,-4.0,1,3,0,0,3,True
2024-2024092905gm-00a9-0000-4f383722-09-s2-d9,62,A,1,19,"[11800,58500,10300,19400]",4,-10.0,1,3,1,0,3,True
2024-2024092905gm-00a9-0000-4f383722-09-s2-d9,62,B,2,65,"[11800,58500,10300,19400]",4,-10.0,1,3,1,0,3,True
2024-2024092905gm-00a9-0000-4f383722-09-s2-d9,63,A,1,19,"[13200,56900,17700,11200]",2,4.0,1,3,1,1,2,True
2024-2024092905gm-00a9-0000-4f383722-09-s2-d9,63,B,2,65,"[-2300,59400,25200,17700]",2,4.0,1,3,0,0,2,True
2024-2024092905gm-00a9-0000-4f383722-09-s2-d9,64,A,1,19,"[12300,61800,14800,11100]",2,4.0,1,3,1,0,2,True
2024-2024092905gm-00a9-0000-4f383722-09-s2-d9,64,B,2,65,"[12300,61800,14800,11100]",2,4.0,1,3,1,0,2,True
2024-2024092905gm-00a9-0000-4f383722-09-s2-d9,65,A,1,19,"[15700,57400,19200,7700]",2,4.0,1,3,0,0,2,True
2024-2024092905gm-00a9-0000-4f383722-09-s2-d9,65,B,2,65,"[15700,57400,19200,7700]",2,4.0,1,3,0,0,2,True
2024-2024092905gm-00a9-0000-4f383722-09-s2-d9,66,A,1,19,"[27900,57400,7000,7700]",4,-10.0,1,3,0,0,2,True
2024-2024092905gm-00a9-0000-4f383722-09-s2-d9,66,B,2,65,"[27900,57400,7000,7700]",4,-10.0,1,3,0,0,2,True
2024-2024092905gm-00a9-0000-4f383722-09-s2-d9,67,A,1,19,"[5700,55200,27100,12000]",2,4.0,1,3,0,0,3,True
2024-2024092905gm-00a9-0000-4f383722-09-s2-d9,67,B,2,65,"[5700,54200,28100,12000]",2,4.0,1,3,0,0,3,True
2024-2024092905gm-00a9-0000-4f383722-09-s2-d9,68,A,1,19,"[17500,56600,14700,11200]",3,-4.0,1,3,1,0,3,True
2024-2024092905gm-00a9-0000-4f383722-09-s2-d9,68,B,2,65,"[13100,63000,13200,10700]",2,4.0,1,3,1,0,3,True
2024-2024092905gm-00a9-0000-4f383722-09-s2-d9,69,A,1,19,"[11800,63300,16200,8700]",2,4.0,1,3,0,0,2,True
2024-2024092905gm-00a9-0000-4f383722-09-s2-d9,69,B,2,65,"[11800,63300,16200,8700]",2,4.0,1,3,0,0,2,True
2024-2024092905gm-00a9-0000-4f383722-09-s2-d9,70,A,1,19,"[15700,51700,22900,9700]",2,4.0,1,3,0,0,2,True
2024-2024092905gm-00a9-0000-4f383722-09-s2-d9,70,B,2,65,"[15700,51700,22900,9700]",2,4.0,1,3,0,0,2,True
2024-2024092905gm-00a9-0000-4f383722-09-s2-d9,71,A,1,19,"[-7400,57700,19700,30000]",3,-4.0,1,3,0,0,3,True
2024-2024092905gm-00a9-0000-4f383722-09-s2-d9,71,B,2,65,"[-7400,57700,19700,30000]",3,-4.0,1,3,0,0,3,True
2024-2024092905gm-00a9-0000-4f383722-09-s2-d9,72,A,1,19,"[80000,40300,-13900,-6400]",4,-10.0,1,2,1,0,2,True
2024-2024092905gm-00a9-0000-4f383722-09-s2-d9,72,B,2,65,"[14700,61400,16200,7700]",2,4.0,1,3,0,0,2,True
2024-2024092905gm-00a9-0000-4f383722-09-s2-d9,73,A,1,19,"[7700,67400,15000,9900]",2,4.0,1,3,1,0,5,True
2024-2024092905gm-00a9-0000-4f383722-09-s2-d9,73,B,2,65,"[7700,67400,15000,9900]",2,4.0,1,3,1,0,5,True
2024-2024092905gm-00a9-0000-4f383722-09-s2-d9,74,A,1,19,"[14000,56400,9400,20200]",4,-10.0,1,3,1,0,3,True
2024-2024092905gm-00a9-0000-4f383722-09-s2-d9,74,B,2,65,"[14000,56400,9400,20200]",4,-10.0,1,3,1,0,3,True
2024-2024092905gm-00a9-0000-4f383722-09-s2-d9,75,A,1,19,"[12600,55200,17500,14700]",2,4.0,1,3,1,0,3,True
2024-2024092905gm-00a9-0000-4f383722-09-s2-d9,75,B,2,65,"[14200,61400,16700,7700]",2,4.0,1,3,0,0,2,True
2024-2024092905gm-00a9-0000-4f383722-09-s2-d9,76,A,1,19,"[21500,58900,11700,7900]",3,-4.0,1,3,1,0,3,True
2024-2024092905gm-00a9-0000-4f383722-09-s2-d9,76,B,2,65,"[18700,59400,15500,6400]",3,-4.0,1,3,1,0,3,True
2024-2024092905gm-00a9-0000-4f383722-09-s2-d9,77,A,1,19,"[13500,61400,16700,8400]",2,4.0,1,3,0,0,2,True
2024-2024092905gm-00a9-0000-4f383722-09-s2-d9,77,B,2,65,"[12300,52800,5700,29200]",4,-10.0,1,3,1,0,5,True
2024-2024092905gm-00a9-0000-4f383722-09-s2-d9,78,A,1,19,"[15700,59400,20200,4700]",2,4.0,1,3,0,0,2,True
2024-2024092905gm-00a9-0000-4f383722-09-s2-d9,78,B,2,65,"[19500,56800,14600,9100]",3,-4.0,1,3,1,0,2,True
2024-2024092905gm-00a9-0000-4f383722-09-s2-d9,79,A,1,19,"[13600,58900,19800,7700]",2,4.0,1,3,0,0,3,True
2024-2024092905gm-00a9-0000-4f383722-09-s2-d9,79,B,2,65,"[8400,46300,35700,9600]",2,4.0,1,3,1,0,4,True
2024-2024092905gm-00a9-0000-4f383722-09-s2-d9,80,A,1,19,"[8000,64900,19400,7700]",2,4.0,1,3,0,0,4,True
2024-2024092905gm-00a9-0000-4f383722-09-s2-d9,80,B,2,65,"[21600,49500,25300,3600]",2,4.0,1,3,3,0,4,True
2024-2024092905gm-00a9-0000-4f383722-09-s2-d9,81,A,1,19,"[14700,67400,18200,-300]",2,4.0,1,3,0,0,3,True
2024-2024092905gm-00a9-0000-4f383722-09-s2-d9,81,B,2,65,"[11600,70700,16000,1700]",2,4.0,1,3,0,0,3,True
2024-2024092905gm-00a9-0000-4f383722-09-s2-d9,82,A,1,19,"[11500,67300,11000,10200]",3,-4.0,1,3,1,0,3,True
2024-2024092905gm-00a9-0000-4f383722-09-s2-d9,82,B,2,65,"[9200,67400,15500,7900]",2,4.0,1,3,1,0,3,True
2024-2024092905gm-00a9-0000-4f383722-09-s2-d9,83,A,1,19,"[7700,58900,24200,9200]",2,4.0,1,3,0,0,2,True
2024-2024092905gm-00a9-0000-4f383722-09-s2-d9,83,B,2,65,"[17300,62000,21100,-400]",2,4.0,1,3,0,0,3,True
2024-2024092905gm-00a9-0000-4f383722-09-s2-d9,84,A,1,19,"[11700,66300,15300,6700]",2,4.0,1,3,0,0,2,True
2024-2024092905gm-00a9-0000-4f383722-09-s2-d9,84,B,2,65,"[11700,66300,15300,6700]",2,4.0,1,3,0,0,2,True
2024-2024092905gm-00a9-0000-4f383722-09-s2-d9,85,A,1,19,"[-8500,59400,39400,9700]",2,4.0,1,2,1,0,2,True
2024-2024092905gm-00a9-0000-4f383722-09-s2-d9,85,B,2,65,"[11700,66400,15200,6700]",2,4.0,1,3,0,0,2,True
2024-2024092905gm-00a9-0000-4f383722-09-s2-d9,86,A,1,19,"[22300,47900,18600,11200]",3,-4.0,1,3,1,0,4,True
2024-2024092905gm-00a9-0000-4f383722-09-s2-d9,86,B,2,65,"[18300,61200,19300,1200]",2,4.0,1,3,0,0,3,True
2024-2024092905gm-00a9-0000-4f383722-09-s2-d9,87,A,1,19,"[16300,62400,15200,6100]",3,-4.0,1,3,0,0,2,True
2024-2024092905gm-00a9-0000-4f383722-09-s2-d9,87,B,2,65,"[16300,62400,15200,6100]",3,-4.0,1,3,0,0,2,True
2024-2024092905gm-00a9-0000-4f383722-09-s2-d9,88,A,1,19,"[14200,56900,18700,10200]",2,4.0,1,3,1,0,2,True
2024-2024092905gm-00a9-0000-4f383722-09-s2-d9,88,B,2,65,"[14200,56900,18700,10200]",2,4.0,1,3,1,0,2,True
2024-2024092905gm-00a9-0000-4f383722-09-s2-d9,89,A,1,19,"[22100,58100,12600,7200]",3,-4.0,1,3,0,0,3,True
2024-2024092905gm-00a9-0000-4f383722-09-s2-d9,89,B,2,65,"[22100,58100,12600,7200]",3,-4.0,1,3,0,0,3,True
2024-2024092905gm-00a9-0000-4f383722-09-s2-d9,90,A,1,19,"[10500,59400,20100,10000]",2,4.0,1,3,0,0,3,True
2024-2024092905gm-00a9-0000-4f383722-09-s2-d9,90,B,2,65,"[11000,58900,17700,12400]",2,4.0,1,3,0,0,3,True
2024-2024092905gm-00a9-0000-4f383722-09-s2-d9,91,A,1,19,"[15600,57400,13900,13100]",3,-4.0,1,3,0,0,3,True
2024-2024092905gm-00a9-0000-4f383722-09-s2-d9,91,B,2,65,"[17600,59400,9400,13600]",4,-10.0,1,3,0,0,3,True
2024-2024092905gm-00a9-0000-4f383722-09-s2-d9,92,A,1,19,"[13200,65300,16200,5300]",2,4.0,1,3,0,0,2,True
2024-2024092905gm-00a9-0000-4f383722-09-s2-d9,92,B,2,65,"[18900,60700,10700,9700]",3,-4.0,1,3,0,0,2,True
2024-2024092905gm-00a9-0000-4f383722-09-s2-d9,93,A,1,19,"[13900,57900,18000,10200]",2,4.0,1,3,1,0,2,True
2024-2024092905gm-00a9-0000-4f383722-09-s2-d9,93,B,2,65,"[13900,57900,18000,10200]",2,4.0,1,3,1,0,2,True
2024-2024092905gm-00a9-0000-4f383722-09-s2-d9,94,A,1,19,"[18600,59400,17200,4800]",3,-4.0,1,3,0,0,2,True
2024-2024092905gm-00a9-0000-4f383722-09-s2-d9,94,B,2,65,"[19700,58400,15200,6700]",3,-4.0,1,3,0,0,2,True
2024-2024092905gm-00a9-0000-4f383722-09-s2-d9,95,A,1,19,"[22000,57300,15100,5600]",3,-4.0,1,3,1,0,2,True
2024-2024092905gm-00a9-0000-4f383722-09-s2-d9,95,B,2,65,"[12800,54700,19600,12900]",2,4.0,1,3,0,0,3,True
2024-2024092905gm-00a9-0000-4f383722-09-s2-d9,96,A,1,19,"[15200,59800,19300,5700]",2,4.0,1,3,0,0,3,True
2024-2024092905gm-00a9-0000-4f383722-09-s2-d9,96,B,2,65,"[15200,59800,19300,5700]",2,4.0,1,3,0,0,3,True
2024-2024092905gm-00a9-0000-4f383722-09-s2-d9,97,A,1,19,"[16400,61300,13300,9000]",3,-4.0,1,3,0,0,2,True
2024-2024092905gm-00a9-0000-4f383722-09-s2-d9,97,B,2,65,"[16300,59400,14600,9700]",3,-4.0,1,3,0,0,2,True
2024-2024092905gm-00a9-0000-4f383722-09-s2-d9,98,A,1,19,"[11300,53000,13600,22100]",3,-4.0,1,3,1,0,3,True
2024-2024092905gm-00a9-0000-4f383722-09-s2-d9,98,B,2,65,"[7500,58400,21200,12900]",2,4.0,1,3,0,0,2,True
2024-2024092905gm-00a9-0000-4f383722-09-s2-d9,99,A,1,19,"[23200,57000,14500,5300]",3,-4.0,1,3,0,0,2,True
2024-2024092905gm-00a9-0000-4f383722-09-s2-d9,99,B,2,65,"[100,68400,17800,13700]",2,4.0,1,3,0,0,3,True
2024-2024092905gm-00a9-0000-4f383722-09-s2-d9,100,A,1,19,"[12400,61700,17200,8700]",2,4.0,1,3,1,0,2,True
2024-2024092905gm-00a9-0000-4f383722-09-s2-d9,100,B,2,65,"[21300,59900,12800,6000]",3,-4.0,1,3,0,0,2,True
2024-2024092905gm-00a9-0000-4f383722-09-s2-d9,101,A,1,19,"[22700,57400,14200,5700]",3,-4.0,1,3,0,0,2,True
2024-2024092905gm-00a9-0000-4f383722-09-s2-d9,101,B,2,65,"[22700,57400,14200,5700]",3,-4.0,1,3,0,0,2,True
2024-2024092905gm-00a9-0000-4f383722-09-s2-d9,102,A,1,19,"[15200,61000,14500,9300]",3,-4.0,1,3,0,0,2,True
2024-2024092905gm-00a9-0000-4f383722-09-s2-d9,102,B,2,65,"[11700,61200,16900,10200]",2,4.0,1,3,0,0,3,True
2024-2024092905gm-00a9-0000-4f383722-09-s2-d9,103,A,1,19,"[7700,68400,8200,15700]",3,-4.0,1,3,0,0,2,True
2024-2024092905gm-00a9-0000-4f383722-09-s2-d9,103,B,2,65,"[18700,54400,7200,19700]",4,-10.0,1,3,2,0,4,True
2024-2024092905gm-00a9-0000-4f383722-09-s2-d9,104,A,1,19,"[13700,67400,15200,3700]",2,4.0,1,3,0,0,2,True
2024-2024092905gm-00a9-0000-4f383722-09-s2-d9,104,B,2,65,"[13700,67400,15200,3700]",2,4.0,1,3,0,0,2,True
2024-2024092905gm-00a9-0000-4f383722-09-s2-d9,105,A,1,19,"[18700,55200,16900,9200]",3,-4.0,1,3,0,0,2,True
2024-2024092905gm-00a9-0000-4f383722-09-s2-d9,105,B,2,65,"[18000,48300,5100,28600]",4,-10.0,1,3,1,0,3,True
2024-2024092905gm-00a9-0000-4f383722-09-s2-d9,106,A,1,19,"[10100,57800,12600,18500]",3,-4.0,1,3,2,1,3,True
2024-2024092905gm-00a9-0000-4f383722-09-s2-d9,106,B,2,65,"[16700,53000,12900,17400]",4,-10.0,1,3,2,0,5,True
2024-2024092905gm-00a9-0000-4f383722-09-s2-d9,107,A,1,19,"[18000,58400,14900,8700]",3,-4.0,1,3,1,0,2,True
2024-2024092905gm-00a9-0000-4f383722-09-s2-d9,107,B,2,65,"[18000,58400,14900,8700]",3,-4.0,1,3,1,0,2,True
2024-2024092905gm-00a9-0000-4f383722-09-s2-d9,108,A,1,19,"[19200,67400,15800,-2400]",3,-4.0,1,3,0,0,3,True
2024-2024092905gm-00a9-0000-4f383722-09-s2-d9,108,B,2,65,"[18700,44800,18700,17800]",3,-4.0,1,3,1,0,4,True
2024-2024092905gm-00a9-0000-4f383722-09-s2-d9,109,A,1,19,"[18000,58300,16100,7600]",3,-4.0,1,3,1,0,2,True
2024-2024092905gm-00a9-0000-4f383722-09-s2-d9,109,B,2,65,"[16700,50200,24500,8600]",2,4.0,1,3,3,0,4,True
2024-2024092905gm-00a9-0000-4f383722-09-s2-d9,110,A,1,19,"[9600,68100,15200,7100]",2,4.0,1,3,1,0,4,True
2024-2024092905gm-00a9-0000-4f383722-09-s2-d9,110,B,2,65,"[10000,63800,18700,7500]",2,4.0,1,3,0,0,3,True
2024-2024092905gm-00a9-0000-4f383722-09-s2-d9,111,A,1,19,"[10700,58400,13200,17700]",3,-4.0,1,3,0,0,2,True
2024-2024092905gm-00a9-0000-4f383722-09-s2-d9,111,B,2,65,"[10700,58400,13200,17700]",3,-4.0,1,3,0,0,2,True
2024-2024092905gm-00a9-0000-4f383722-09-s2-d9,112,A,1,19,"[18900,54400,16200,10500]",3,-4.0,1,3,2,0,3,True
2024-2024092905gm-00a9-0000-4f383722-09-s2-d9,112,B,2,65,"[18900,54400,16200,10500]",3,-4.0,1,3,2,0,3,True
2024-2024092905gm-00a9-0000-4f383722-09-s2-d9,113,A,1,19,"[9800,72300,11300,6600]",2,4.0,1,3,1,0,3,True
2024-2024092905gm-00a9-0000-4f383722-09-s2-d9,113,B,2,65,"[6900,76800,6800,9500]",4,-10.0,1,3,2,0,4,True
2024-2024092905gm-00a9-0000-4f383722-09-s2-d9,114,A,1,19,"[15000,58100,18200,8700]",2,4.0,1,3,1,0,3,True
2024-2024092905gm-00a9-0000-4f383722-09-s2-d9,114,B,2,65,"[14200,60900,18700,6200]",2,4.0,1,3,0,0,2,True
2024-2024092905gm-00a9-0000-4f383722-09-s2-d9,115,A,1,19,"[14800,51100,24700,9400]",2,4.0,1,3,0,0,2,True
2024-2024092905gm-00a9-0000-4f383722-09-s2-d9,115,B,2,65,"[14800,51100,24700,9400]",2,4.0,1,3,0,0,2,True
2024-2024092905gm-00a9-0000-4f383722-09-s2-d9,116,A,1,19,"[13700,60700,15900,9700]",2,4.0,1,3,1,0,2,True
2024-2024092905gm-00a9-0000-4f383722-09-s2-d9,116,B,2,65,"[14400,60500,15900,9200]",2,4.0,1,3,0,0,2,True
2024-2024092905gm-00a9-0000-4f383722-09-s2-d9,117,A,1,19,"[16000,58400,20100,5500]",2,4.0,1,3,1,0,4,True
2024-2024092905gm-00a9-0000-4f383722-09-s2-d9,117,B,2,65,"[16000,58400,20100,5500]",2,4.0,1,3,1,0,4,True
2024-2024092905gm-00a9-0000-4f383722-09-s2-d9,118,A,1,19,"[19500,59800,14600,6100]",3,-4.0,1,3,1,0,2,True
2024-2024092905gm-00a9-0000-4f383722-09-s2-d9,118,B,2,65,"[-3900,58300,26700,18900]",2,4.0,1,3,0,0,3,True
2024-2024092905gm-00a9-0000-4f383722-09-s2-d9,119,A,1,19,"[22700,57400,15200,4700]",3,-4.0,1,3,0,0,2,True
2024-2024092905gm-00a9-0000-4f383722-09-s2-d9,119,B,2,65,"[22700,57400,15200,4700]",3,-4.0,1,3,0,0,2,True
2024-2024092905gm-00a9-0000-4f383722-09-s2-d9,120,A,1,19,"[16100,51100,14800,18000]",4,-10.0,1,3,0,0,3,True
2024-2024092905gm-00a9-0000-4f383722-09-s2-d9,120,B,2,65,"[16100,51100,14800,18000]",4,-10.0,1,3,0,0,3,True
2024-2024092905gm-00a9-0000-4f383722-09-s2-d9,121,A,1,19,"[22800,58100,14600,4500]",3,-4.0,1,3,0,0,2,True
2024-2024092905gm-00a9-0000-4f383722-09-s2-d9,121,B,2,65,"[8800,58400,20200,12600]",2,4.0,1,3,0,0,2,True
2024-2024092905gm-00a9-0000-4f383722-09-s2-d9,122,A,1,19,"[11400,59400,19500,9700]",2,4.0,1,3,1,0,2,True
2024-2024092905gm-00a9-0000-4f383722-09-s2-d9,122,B,2,65,"[11200,58900,18200,11700]",2,4.0,1,3,0,0,2,True
2024-2024092905gm-00a9-0000-4f383722-09-s2-d9,123,A,1,19,"[15600,58400,24100,1900]",2,4.0,1,3,0,0,3,True
2024-2024092905gm-00a9-0000-4f383722-09-s2-d9,123,B,2,65,"[16600,59400,24000,0]",2,4.0,1,3,0,0,3,True
2024-2024092905gm-00a9-0000-4f383722-09-s2-d9,124,A,1,19,"[22800,54200,15900,7100]",3,-4.0,1,3,0,0,2,True
2024-2024092905gm-00a9-0000-4f383722-09-s2-d9,124,B,2,65,"[25700,61600,6000,6700]",4,-10.0,1,3,0,0,2,True
2024-2024092905gm-00a9-0000-4f383722-09-s2-d9,125,A,1,19,"[16600,52600,10900,19900]",4,-10.0,1,3,1,0,4,True
2024-2024092905gm-00a9-0000-4f383722-09-s2-d9,125,B,2,65,"[2900,57600,22300,17200]",2,4.0,1,3,1,0,4,True
2024-2024092905gm-00a9-0000-4f383722-09-s2-d9,126,A,1,19,"[17200,56900,16700,9200]",3,-4.0,1,3,1,0,3,True
2024-2024092905gm-00a9-0000-4f383722-09-s2-d9,126,B,2,65,"[5900,64000,11600,18500]",3,-4.0,1,3,2,0,6,True
2024-2024092905gm-00a9-0000-4f383722-09-s2-d9,127,A,1,19,"[18900,55500,15900,9700]",3,-4.0,1,3,0,0,2,True
2024-2024092905gm-00a9-0000-4f383722-09-s2-d9,127,B,2,65,"[18900,59400,15900,5800]",3,-4.0,1,3,0,0,2,True
2024-2024092905gm-00a9-0000-4f383722-09-s2-d9,128,A,1,19,"[20900,59400,17200,2500]",3,-4.0,1,3,0,0,2,True
2024-2024092905gm-00a9-0000-4f383722-09-s2-d9,128,B,2,65,"[20900,58900,16200,4000]",3,-4.0,1,3,0,0,2,True
2024-2024092905gm-00a9-0000-4f383722-09-s2-d9,129,A,1,19,"[21800,63300,5200,9700]",4,-10.0,1,3,0,0,2,True
2024-2024092905gm-00a9-0000-4f383722-09-s2-d9,129,B,2,65,"[28500,47200,5400,18900]",4,-10.0,1,3,1,0,4,True
2024-2024092905gm-00a9-0000-4f383722-09-s2-d9,130,A,1,19,"[5300,56200,19100,19400]",3,-4.0,1,3,0,0,4,True
2024-2024092905gm-00a9-0000-4f383722-09-s2-d9,130,B,2,65,"[17200,54000,18700,10100]",2,4.0,1,3,1,0,3,True
2024-2024092905gm-00a9-0000-4f383722-09-s2-d9,131,A,1,19,"[12500,63600,17200,6700]",2,4.0,1,3,0,0,2,True
2024-2024092905gm-00a9-0000-4f383722-09-s2-d9,131,B,2,65,"[16200,57900,17700,6200]",2,4.0,1,3,2,2,3,True
2024-2024092905gm-00a9-0000-4f383722-09-s2-d9,132,A,1,19,"[10200,58900,15200,15700]",3,-4.0,1,3,0,0,3,True
2024-2024092905gm-00a9-0000-4f383722-09-s2-d9,132,B,2,65,"[10200,58900,15200,15700]",3,-4.0,1,3,0,0,3,True
2024-2024092905gm-00a9-0000-4f383722-09-s2-d9,133,A,1,19,"[9800,68700,12800,8700]",2,4.0,1,3,1,0,4,True
2024-2024092905gm-00a9-0000-4f383722-09-s2-d9,133,B,2,65,"[-20900,67700,20200,33000]",3,-4.0,1,3,1,0,4,True
2024-2024092905gm-00a9-0000-4f383722-09-s2-d9,134,A,1,19,"[11700,66700,19100,2500]",2,4.0,1,3,0,0,3,True
2024-2024092905gm-00a9-0000-4f383722-09-s2-d9,134,B,2,65,"[11700,66700,19100,2500]",2,4.0,1,3,0,0,3,True
2024-2024092905gm-00a9-0000-4f383722-09-s2-d9,135,A,1,19,"[9400,63700,17400,9500]",2,4.0,1,3,1,0,3,True
2024-2024092905gm-00a9-0000-4f383722-09-s2-d9,135,B,2,65,"[6900,65200,17700,10200]",2,4.0,1,3,2,0,3,True
2024-2024092905gm-00a9-0000-4f383722-09-s2-d9,136,A,1,19,"[12700,66900,13600,6800]",2,4.0,1,3,0,0,3,True
2024-2024092905gm-00a9-0000-4f383722-09-s2-d9,136,B,2,65,"[14200,65400,12200,8200]",3,-4.0,1,3,0,0,3,True
2024-2024092905gm-00a9-0000-4f383722-09-s2-d9,137,A,1,19,"[13700,67100,15900,3300]",2,4.0,1,3,0,0,2,True
2024-2024092905gm-00a9-0000-4f383722-09-s2-d9,137,B,2,65,"[13700,67100,15900,3300]",2,4.0,1,3,0,0,2,True
2024-2024092905gm-00a9-0000-4f383722-09-s2-d9,138,A,1,19,"[13700,60700,18500,7100]",2,4.0,1,3,0,0,2,True
2024-2024092905gm-00a9-0000-4f383722-09-s2-d9,138,B,2,65,"[15700,59400,17800,7100]",2,4.0,1,3,0,0,2,True
2024-2024092905gm-00a9-0000-4f383722-09-s2-d9,139,A,1,19,"[9800,72000,9500,8700]",3,-4.0,1,3,0,0,2,True
2024-2024092905gm-00a9-0000-4f383722-09-s2-d9,139,B,2,65,"[17800,61300,15200,5700]",3,-4.0,1,3,0,0,2,True
2024-2024092905gm-00a9-0000-4f383722-09-s2-d9,140,A,1,19,"[10500,63500,18000,8000]",2,4.0,1,3,2,0,3,True
2024-2024092905gm-00a9-0000-4f383722-09-s2-d9,140,B,2,65,"[16700,58900,15700,8700]",3,-4.0,1,3,0,0,2,True
2024-2024092905gm-00a9-0000-4f383722-09-s2-d9,141,A,1,19,"[2000,57100,19200,21700]",3,-4.0,1,3,2,0,5,True
2024-2024092905gm-00a9-0000-4f383722-09-s2-d9,141,B,2,65,"[15700,57900,17200,9200]",2,4.0,1,3,0,0,2,True
2024-2024092905gm-00a9-0000-4f383722-09-s2-d9,142,A,1,19,"[11700,69400,11200,7700]",3,-4.0,1,3,0,0,2,True
2024-2024092905gm-00a9-0000-4f383722-09-s2-d9,142,B,2,65,"[15500,57000,18900,8600]",2,4.0,1,3,0,0,3,True
2024-2024092905gm-00a9-0000-4f383722-09-s2-d9,143,A,1,19,"[18300,58400,14600,8700]",3,-4.0,1,3,1,0,2,True
2024-2024092905gm-00a9-0000-4f383722-09-s2-d9,143,B,2,65,"[18400,59100,16700,5800]",3,-4.0,1,3,0,0,2,True
2024-2024092905gm-00a9-0000-4f383722-09-s2-d9,144,A,1,19,"[14500,57600,17900,10000]",2,4.0,1,3,2,0,3,True
2024-2024092905gm-00a9-0000-4f383722-09-s2-d9,144,B,2,65,"[15500,58500,20600,5400]",2,4.0,1,3,0,0,3,True
2024-2024092905gm-00a9-0000-4f383722-09-s2-d9,145,A,1,19,"[12700,60400,15200,11700]",2,4.0,1,3,0,0,2,True
2024-2024092905gm-00a9-0000-4f383722-09-s2-d9,145,B,2,65,"[12700,63700,16200,7400]",2,4.0,1,3,1,0,2,True
2024-2024092905gm-00a9-0000-4f383722-09-s2-d9,146,A,1,19,"[16700,54400,26000,2900]",2,4.0,1,3,1,0,4,True
2024-2024092905gm-00a9-0000-4f383722-09-s2-d9,146,B,2,65,"[11100,65400,20500,3000]",2,4.0,1,3,1,0,5,True
2024-2024092905gm-00a9-0000-4f383722-09-s2-d9,147,A,1,19,"[10900,54200,17200,17700]",3,-4.0,1,3,0,0,2,True
2024-2024092905gm-00a9-0000-4f383722-09-s2-d9,147,B,2,65,"[8700,56400,13200,21700]",3,-4.0,1,3,0,0,2,True
2024-2024092905gm-00a9-0000-4f383722-09-s2-d9,148,A,1,19,"[15700,59400,17200,7700]",2,4.0,1,3,0,0,2,True
2024-2024092905gm-00a9-0000-4f383722-09-s2-d9,148,B,2,65,"[13900,57100,18300,10700]",2,4.0,1,3,0,0,3,True
2024-2024092905gm-00a9-0000-4f383722-09-s2-d9,149,A,1,19,"[18900,60100,10300,10700]",4,-10.0,1,3,1,0,3,True
2024-2024092905gm-00a9-0000-4f383722-09-s2-d9,149,B,2,65,"[6500,59300,13800,20400]",3,-4.0,1,3,2,0,4,True
2024-2024092905gm-00a9-0000-4f383722-09-s2-d9,150,A,1,19,"[18200,56000,17600,8200]",3,-4.0,1,3,0,0,3,True
2024-2024092905gm-00a9-0000-4f383722-09-s2-d9,150,B,2,65,"[16100,54800,24300,4800]",2,4.0,1,3,3,0,4,True
2024-2024092905gm-00a9-0000-4f383722-09-s2-d9,151,A,1,19,"[7500,57100,16500,18900]",3,-4.0,1,3,1,0,3,True
2024-2024092905gm-00a9-0000-4f383722-09-s2-d9,151,B,2,65,"[9300,56000,17900,16800]",2,4.0,1,3,1,0,3,True
2024-2024092905gm-00a9-0000-4f383722-09-s2-d9,152,A,1,19,"[11700,70000,-1400,19700]",4,-10.0,1,3,2,0,4,True
2024-2024092905gm-00a9-0000-4f383722-09-s2-d9,152,B,2,65,"[22000,57100,25500,-4600]",2,4.0,1,3,0,0,5,True
2024-2024092905gm-00a9-0000-4f383722-09-s2-d9,153,A,1,19,"[29400,54700,12900,3000]",3,-4.0,1,3,0,0,2,True
2024-2024092905gm-00a9-0000-4f383722-09-s2-d9,153,B,2,65,"[30400,54700,12900,2000]",3,-4.0,1,3,0,0,2,True
2024-2024092905gm-00a9-0000-4f383722-09-s2-d9,154,A,1,19,"[21700,54500,8800,15000]",4,-10.0,1,3,0,0,3,True
2024-2024092905gm-00a9-0000-4f383722-09-s2-d9,154,B,2,65,"[20400,48100,14600,16900]",4,-10.0,1,3,1,0,3,True
2024-2024092905gm-00a9-0000-4f383722-09-s2-d9,155,A,1,19,"[10700,62500,18600,8200]",2,4.0,1,3,2,0,3,True
2024-2024092905gm-00a9-0000-4f383722-09-s2-d9,155,B,2,65,"[14400,58400,19500,7700]",2,4.0,1,3,1,0,2,True
2024-2024092905gm-00a9-0000-4f383722-09-s2-d9,156,A,1,19,"[11700,54900,8700,24700]",4,-10.0,1,3,0,0,2,True
2024-2024092905gm-00a9-0000-4f383722-09-s2-d9,156,B,2,65,"[17000,55200,13000,14800]",4,-10.0,1,3,2,0,3,True
2024-2024092905gm-00a9-0000-4f383722-09-s2-d9,157,A,1,19,"[21700,53500,15200,9600]",3,-4.0,1,3,0,0,2,True
2024-2024092905gm-00a9-0000-4f383722-09-s2-d9,157,B,2,65,"[23500,55800,13600,7100]",3,-4.0,1,3,1,0,2,True
2024-2024092905gm-00a9-0000-4f383722-09-s2-d9,158,A,1,19,"[15700,58900,28200,-2800]",2,4.0,1,3,0,0,2,True
2024-2024092905gm-00a9-0000-4f383722-09-s2-d9,158,B,2,65,"[2400,68700,21700,7200]",2,4.0,1,3,0,0,3,True
2024-2024092905gm-00a9-0000-4f383722-09-s2-d9,159,A,1,19,"[14900,62000,17400,5700]",2,4.0,1,3,0,0,3,True
2024-2024092905gm-00a9-0000-4f383722-09-s2-d9,159,B,2,65,"[21000,45800,33400,-200]",2,4.0,1,2,2,0,3,True
2024-2024092905gm-00a9-0000-4f383722-09-s2-d9,160,A,1,19,"[14900,57900,16000,11200]",2,4.0,1,3,2,0,3,True
2024-2024092905gm-00a9-0000-4f383722-09-s2-d9,160,B,2,65,"[14700,59400,18200,7700]",2,4.0,1,3,0,0,2,True
2024-2024092905gm-00a9-0000-4f383722-09-s2-d9,161,A,1,19,"[15300,57600,14600,12500]",3,-4.0,1,3,2,0,4,True
2024-2024092905gm-00a9-0000-4f383722-09-s2-d9,161,B,2,65,"[14100,56800,21000,8100]",2,4.0,1,3,1,0,2,True
2024-2024092905gm-00a9-0000-4f383722-09-s2-d9,162,A,1,19,"[16900,51200,10200,21700]",4,-10.0,1,3,0,0,2,True
2024-2024092905gm-00a9-0000-4f383722-09-s2-d9,162,B,2,65,"[15300,51700,20500,12500]",2,4.0,1,3,2,0,5,True
2024-2024092905gm-00a9-0000-4f383722-09-s2-d9,163,A,1,19,"[21700,59400,10200,8700]",3,-4.0,1,3,0,0,2,True
2024-2024092905gm-00a9-0000-4f383722-09-s2-d9,163,B,2,65,"[20700,60400,11200,7700]",3,-4.0,1,3,0,0,2,True
2024-2024092905gm-00a9-0000-4f383722-09-s2-d9,164,A,1,19,"[4400,54000,7900,33700]",3,-4.0,1,3,1,0,3,True
2024-2024092905gm-00a9-0000-4f383722-09-s2-d9,164,B,2,65,"[13700,60700,17200,8400]",2,4.0,1,3,0,0,2,True
2024-2024092905gm-00a9-0000-4f383722-09-s2-d9,165,A,1,19,"[11100,62000,19200,7700]",2,4.0,1,3,0,0,2,True
2024-2024092905gm-00a9-0000-4f383722-09-s2-d9,165,B,2,65,"[5200,60400,20200,14200]",2,4.0,1,3,0,0,3,True
2024-2024092905gm-00a9-0000-4f383722-09-s2-d9,166,A,1,19,"[8700,57200,17700,16400]",2,4.0,1,3,1,0,4,True
2024-2024092905gm-00a9-0000-4f383722-09-s2-d9,166,B,2,65,"[8700,57200,17700,16400]",2,4.0,1,3,1,0,4,True
2024-2024092905gm-00a9-0000-4f383722-09-s2-d9,167,A,1,19,"[18800,55300,15700,10200]",3,-4.0,1,3,1,0,2,True
2024-2024092905gm-00a9-0000-4f383722-09-s2-d9,167,B,2,65,"[6600,55400,23800,14200]",2,4.0,1,3,1,0,4,True
2024-2024092905gm-00a9-0000-4f383722-09-s2-d9,168,A,1,19,"[12600,62200,17000,8200]",2,4.0,1,3,0,0,3,True
2024-2024092905gm-00a9-0000-4f383722-09-s2-d9,168,B,2,65,"[16300,58700,16300,8700]",3,-4.0,1,3,0,0,2,True
2024-2024092905gm-00a9-0000-4f383722-09-s2-d9,169,A,1,19,"[26600,58100,15900,-600]",3,-4.0,1,3,0,0,2,True
2024-2024092905gm-00a9-0000-4f383722-09-s2-d9,169,B,2,65,"[23400,59400,17200,0]",3,-4.0,1,3,0,0,2,True
2024-2024092905gm-00a9-0000-4f383722-09-s2-d9,170,A,1,19,"[18300,59600,15200,6900]",3,-4.0,1,3,0,0,2,True
2024-2024092905gm-00a9-0000-4f383722-09-s2-d9,170,B,2,65,"[11400,57500,21100,10000]",2,4.0,1,3,0,0,3,True
2024-2024092905gm-00a9-0000-4f383722-09-s2-d9,171,A,1,19,"[23400,59400,17200,0]",3,-4.0,1,3,0,0,2,True
2024-2024092905gm-00a9-0000-4f383722-09-s2-d9,171,B,2,65,"[23400,59400,17200,0]",3,-4.0,1,3,0,0,2,True
2024-2024092905gm-00a9-0000-4f383722-09-s2-d9,172,A,1,19,"[20400,53700,15700,10200]",3,-4.0,1,3,1,0,2,True
2024-2024092905gm-00a9-0000-4f383722-09-s2-d9,172,B,2,65,"[21400,52700,15700,10200]",3,-4.0,1,3,1,0,2,True
2024-2024092905gm-00a9-0000-4f383722-09-s2-d9,173,A,1,19,"[13700,56800,19800,9700]",2,4.0,1,3,0,0,2,True
2024-2024092905gm-00a9-0000-4f383722-09-s2-d9,173,B,2,65,"[13700,56800,19800,9700]",2,4.0,1,3,0,0,2,True
2024-2024092905gm-00a9-0000-4f383722-09-s2-d9,174,A,1,19,"[17700,51400,19700,11200]",2,4.0,1,3,0,0,3,True
2024-2024092905gm-00a9-0000-4f383722-09-s2-d9,174,B,2,65,"[21000,52400,17900,8700]",3,-4.0,1,3,1,0,4,True
2024-2024092905gm-00a9-0000-4f383722-09-s2-d9,175,A,1,19,"[15200,61800,12800,10200]",3,-4.0,1,3,1,0,2,True
2024-2024092905gm-00a9-0000-4f383722-09-s2-d9,175,B,2,65,"[13500,57800,21900,6800]",2,4.0,1,3,1,0,3,True
2024-2024092905gm-00a9-0000-4f383722-09-s2-d9,176,A,1,19,"[9600,55700,26400,8300]",2,4.0,1,3,1,0,4,True
2024-2024092905gm-00a9-0000-4f383722-09-s2-d9,176,B,2,65,"[7400,54100,30600,7900]",2,4.0,1,3,4,0,5,True
2024-2024092905gm-00a9-0000-4f383722-09-s2-d9,177,A,1,19,"[20500,56800,14600,8100]",3,-4.0,1,3,1,0,2,True
2024-2024092905gm-00a9-0000-4f383722-09-s2-d9,177,B,2,65,"[20500,56800,14600,8100]",3,-4.0,1,3,1,0,2,True
2024-2024092905gm-00a9-0000-4f383722-09-s2-d9,178,A,1,19,"[13200,59600,15200,12000]",2,4.0,1,3,1,0,4,True
2024-2024092905gm-00a9-0000-4f383722-09-s2-d9,178,B,2,65,"[17600,59400,14600,8400]",3,-4.0,1,3,0,0,2,True
2024-2024092905gm-00a9-0000-4f383722-09-s2-d9,179,A,1,19,"[26100,55200,10200,8500]",3,-4.0,1,3,1,0,4,True
2024-2024092905gm-00a9-0000-4f383722-09-s2-d9,179,B,2,65,"[12500,57800,17200,12500]",2,4.0,1,3,2,0,4,True
2024-2024092905gm-00a9-0000-4f383722-09-s2-d9,180,A,1,19,"[11600,56300,22700,9400]",2,4.0,1,3,1,0,3,True
2024-2024092905gm-00a9-0000-4f383722-09-s2-d9,180,B,2,65,"[14700,47800,36800,700]",2,4.0,1,3,0,0,3,True
2024-2024092905gm-00a9-0000-4f383722-09-s2-d9,181,A,1,19,"[6200,59400,23200,11200]",2,4.0,1,3,0,0,3,True
2024-2024092905gm-00a9-0000-4f383722-09-s2-d9,181,B,2,65,"[15700,59400,7500,17400]",4,-10.0,1,3,0,0,2,True
2024-2024092905gm-00a9-0000-4f383722-09-s2-d9,182,A,1,19,"[23500,54600,17700,4200]",3,-4.0,1,3,0,0,3,True
2024-2024092905gm-00a9-0000-4f383722-09-s2-d9,182,B,2,65,"[17000,58400,16200,8400]",3,-4.0,1,3,2,0,3,True
2024-2024092905gm-00a9-0000-4f383722-09-s2-d9,183,A,1,19,"[19900,59400,16200,4500]",3,-4.0,1,3,0,0,2,True
2024-2024092905gm-00a9-0000-4f383722-09-s2-d9,183,B,2,65,"[19900,59400,16200,4500]",3,-4.0,1,3,0,0,2,True
2024-2024092905gm-00a9-0000-4f383722-09-s2-d9,184,A,1,19,"[17600,64600,15900,1900]",3,-4.0,1,3,0,0,2,True
2024-2024092905gm-00a9-0000-4f383722-09-s2-d9,184,B,2,65,"[13700,67400,20800,-1900]",2,4.0,1,3,0,0,2,True
2024-2024092905gm-00a9-0000-4f383722-09-s2-d9,185,A,1,19,"[5700,51400,13200,29700]",3,-4.0,1,3,0,0,2,True
2024-2024092905gm-00a9-0000-4f383722-09-s2-d9,185,B,2,65,"[5700,51400,13200,29700]",3,-4.0,1,3,0,0,2,True
2024-2024092905gm-00a9-0000-4f383722-09-s2-d9,186,A,1,19,"[13200,57900,31600,-2700]",2,4.0,1,2,1,0,2,True
2024-2024092905gm-00a9-0000-4f383722-09-s2-d9,186,B,2,65,"[13200,57900,31600,-2700]",2,4.0,1,2,1,0,2,True
2024-2024092905gm-00a9-0000-4f383722-09-s2-d9,187,A,1,19,"[8200,67400,18700,5700]",2,4.0,1,3,0,0,3,True
2024-2024092905gm-00a9-0000-4f383722-09-s2-d9,187,B,2,65,"[1900,65400,26800,5900]",2,4.0,1,3,0,0,4,True
2024-2024092905gm-00a9-0000-4f383722-09-s2-d9,188,A,1,19,"[16300,59300,16700,7700]",2,4.0,1,3,0,0,3,True
2024-2024092905gm-00a9-0000-4f383722-09-s2-d9,188,B,2,65,"[16400,58400,17500,7700]",2,4.0,1,3,0,0,2,True
2024-2024092905gm-00a9-0000-4f383722-09-s2-d9,189,A,1,19,"[12400,54200,18500,14900]",2,4.0,1,3,0,0,2,True
2024-2024092905gm-00a9-0000-4f383722-09-s2-d9,189,B,2,65,"[12400,54200,18500,14900]",2,4.0,1,3,0,0,2,True
2024-2024092905gm-00a9-0000-4f383722-09-s2-d9,190,A,1,19,"[1100,59400,21700,17800]",2,4.0,1,3,2,0,4,True
2024-2024092905gm-00a9-0000-4f383722-09-s2-d9,190,B,2,65,"[8600,56000,12500,22900]",3,-4.0,1,3,1,0,3,True
2024-2024092905gm-00a9-0000-4f383722-09-s2-d9,191,A,1,19,"[13700,57900,20500,7900]",2,4.0,1,3,1,0,3,True
2024-2024092905gm-00a9-0000-4f383722-09-s2-d9,191,B,2,65,"[14400,59500,16900,9200]",2,4.0,1,3,0,0,2,True
2024-2024092905gm-00a9-0000-4f383722-09-s2-d9,192,A,1,19,"[12500,63500,18000,6000]",2,4.0,1,3,2,0,3,True
2024-2024092905gm-00a9-0000-4f383722-09-s2-d9,192,B,2,65,"[10800,63600,18100,7500]",2,4.0,1,3,2,0,3,True
2024-2024092905gm-00a9-0000-4f383722-09-s2-d9,193,A,1,19,"[11800,56500,17000,14700]",2,4.0,1,3,0,0,3,True
2024-2024092905gm-00a9-0000-4f383722-09-s2-d9,193,B,2,65,"[11800,56500,17000,14700]",2,4.0,1,3,0,0,3,True
2024-2024092905gm-00a9-0000-4f383722-09-s2-d9,194,A,1,19,"[5700,54000,39600,700]",2,4.0,1,3,0,0,4,True
2024-2024092905gm-00a9-0000-4f383722-09-s2-d9,194,B,2,65,"[5700,54000,39600,700]",2,4.0,1,3,0,0,4,True
2024-2024092905gm-00a9-0000-4f383722-09-s2-d9,195,A,1,19,"[8100,51200,28000,12700]",2,4.0,1,3,0,0,4,True
2024-2024092905gm-00a9-0000-4f383722-09-s2-d9,195,B,2,65,"[24800,59100,7900,8200]",4,-10.0,1,3,0,0,2,True
2024-2024092905gm-00a9-0000-4f383722-09-s2-d9,196,A,1,19,"[18900,57400,19200,4500]",2,4.0,1,3,0,0,2,True
2024-2024092905gm-00a9-0000-4f383722-09-s2-d9,196,B,2,65,"[18900,57400,19200,4500]",2,4.0,1,3,0,0,2,True
2024-2024092905gm-00a9-0000-4f383722-09-s2-d9,197,A,1,19,"[23900,56200,16000,3900]",3,-4.0,1,3,0,0,4,True
2024-2024092905gm-00a9-0000-4f383722-09-s2-d9,197,B,2,65,"[14600,61400,19200,4800]",2,4.0,1,3,3,0,4,True
2024-2024092905gm-00a9-0000-4f383722-09-s2-d9,198,A,1,19,"[12700,67900,18700,700]",2,4.0,1,3,0,0,3,True
2024-2024092905gm-00a9-0000-4f383722-09-s2-d9,198,B,2,65,"[12700,67900,18700,700]",2,4.0,1,3,0,0,3,True
2024-2024092905gm-00a9-0000-4f383722-09-s2-d9,199,A,1,19,"[12200,51100,19700,17000]",2,4.0,1,3,0,0,3,True
2024-2024092905gm-00a9-0000-4f383722-09-s2-d9,199,B,2,65,"[22700,59400,3000,14900]",4,-10.0,1,3,0,0,2,True
2024-2024092905gm-00a9-0000-4f383722-09-s2-d9,200,A,1,19,"[12700,58400,16000,12900]",2,4.0,1,3,0,0,2,True
2024-2024092905gm-00a9-0000-4f383722-09-s2-d9,200,B,2,65,"[20400,59400,10500,9700]",3,-4.0,1,3,0,0,2,True
2024-2024092905gm-00a9-0000-4f383722-09-s2-d9,201,A,1,19,"[12700,60400,19200,7700]",2,4.0,1,3,0,0,2,True
2024-2024092905gm-00a9-0000-4f383722-09-s2-d9,201,B,2,65,"[11000,62100,18900,8000]",2,4.0,1,3,0,0,2,True
2024-2024092905gm-00a9-0000-4f383722-09-s2-d9,202,A,1,19,"[17100,52900,16700,13300]",3,-4.0,1,3,1,0,3,True
2024-2024092905gm-00a9-0000-4f383722-09-s2-d9,202,B,2,65,"[4500,59600,24700,11200]",2,4.0,1,3,3,0,4,True
2024-2024092905gm-00a9-0000-4f383722-09-s2-d9,203,A,1,19,"[15100,38000,19900,27000]",3,-4.0,1,3,1,0,4,True
2024-2024092905gm-00a9-0000-4f383722-09-s2-d9,203,B,2,65,"[16300,59800,15800,8100]",3,-4.0,1,3,1,0,2,True
2024-2024092905gm-00a9-0000-4f383722-09-s2-d9,204,A,1,19,"[19000,57400,15900,7700]",3,-4.0,1,3,0,0,2,True
2024-2024092905gm-00a9-0000-4f383722-09-s2-d9,204,B,2,65,"[15700,43400,24900,16000]",2,4.0,1,3,0,0,3,True
2024-2024092905gm-00a9-0000-4f383722-09-s2-d9,205,A,1,19,"[21500,51600,17200,9700]",3,-4.0,1,3,0,0,2,True
2024-2024092905gm-00a9-0000-4f383722-09-s2-d9,205,B,2,65,"[17700,59400,14200,8700]",3,-4.0,1,3,0,0,2,True
2024-2024092905gm-00a9-0000-4f383722-09-s2-d9,206,A,1,19,"[12200,38000,30000,19800]",2,4.0,1,3,0,0,4,True
2024-2024092905gm-00a9-0000-4f383722-09-s2-d9,206,B,2,65,"[24800,48300,17700,9200]",3,-4.0,1,3,2,0,3,True
2024-2024092905gm-00a9-0000-4f383722-09-s2-d9,207,A,1,19,"[7900,54600,28800,7700]",2,4.0,1,3,0,1,4,True
2024-2024092905gm-00a9-0000-4f383722-09-s2-d9,207,B,2,65,"[12700,66400,13200,7700]",2,4.0,1,3,0,0,2,True
2024-2024092905gm-00a9-0000-4f383722-09-s2-d9,208,A,1,19,"[15200,61800,15700,7300]",2,4.0,1,3,1,0,2,True
2024-2024092905gm-00a9-0000-4f383722-09-s2-d9,208,B,2,65,"[24400,56800,14700,4100]",3,-4.0,1,3,0,0,3,True
2024-2024092905gm-00a9-0000-4f383722-09-s2-d9,209,A,1,19,"[20200,60000,15500,4300]",3,-4.0,1,3,0,0,3,True
2024-2024092905gm-00a9-0000-4f383722-09-s2-d9,209,B,2,65,"[6200,64900,15900,13000]",2,4.0,1,3,1,0,4,True
2024-2024092905gm-00a9-0000-4f383722-09-s2-d9,210,A,1,19,"[20300,57800,13200,8700]",3,-4.0,1,3,2,0,3,True
2024-2024092905gm-00a9-0000-4f383722-09-s2-d9,210,B,2,65,"[20300,57800,13200,8700]",3,-4.0,1,3,2,0,3,True
2024-2024092905gm-00a9-0000-4f383722-09-s2-d9,211,A,1,19,"[3800,60300,17900,18000]",3,-4.0,1,3,0,0,3,True
2024-2024092905gm-00a9-0000-4f383722-09-s2-d9,211,B,2,65,"[13200,51800,16000,19000]",3,-4.0,1,3,0,0,3,True
2024-2024092905gm-00a9-0000-4f383722-09-s2-d9,212,A,1,19,"[14200,57000,20500,8300]",2,4.0,1,3,0,0,3,True
2024-2024092905gm-00a9-0000-4f383722-09-s2-d9,212,B,2,65,"[14400,60500,15900,9200]",2,4.0,1,3,0,0,2,True
2024-2024092905gm-00a9-0000-4f383722-09-s2-d9,213,A,1,19,"[6200,57600,23500,12700]",2,4.0,1,3,4,0,5,True
2024-2024092905gm-00a9-0000-4f383722-09-s2-d9,213,B,2,65,"[10300,51200,26300,12200]",2,4.0,1,3,5,0,6,True
2024-2024092905gm-00a9-0000-4f383722-09-s2-d9,214,A,1,19,"[12700,58400,25200,3700]",2,4.0,1,3,1,0,2,True
2024-2024092905gm-00a9-0000-4f383722-09-s2-d9,214,B,2,65,"[6900,66400,9200,17500]",3,-4.0,1,3,1,0,4,True
2024-2024092905gm-00a9-0000-4f383722-09-s2-d9,215,A,1,19,"[15700,61500,16200,6600]",2,4.0,1,3,0,0,2,True
2024-2024092905gm-00a9-0000-4f383722-09-s2-d9,215,B,2,65,"[15700,61500,16200,6600]",2,4.0,1,3,0,0,2,True
2024-2024092905gm-00a9-0000-4f383722-09-s2-d9,216,A,1,19,"[20400,65900,3500,10200]",4,-10.0,1,3,1,0,3,True
2024-2024092905gm-00a9-0000-4f383722-09-s2-d9,216,B,2,65,"[15400,54800,18600,11200]",2,4.0,1,3,2,0,3,True
2024-2024092905gm-00a9-0000-4f383722-09-s2-d9,217,A,1,19,"[23300,57300,15100,4300]",3,-4.0,1,3,1,0,4,True
2024-2024092905gm-00a9-0000-4f383722-09-s2-d9,217,B,2,65,"[12900,63200,16600,7300]",2,4.0,1,3,2,0,5,True
2024-2024092905gm-00a9-0000-4f383722-09-s2-d9,218,A,1,19,"[21600,53500,16800,8100]",3,-4.0,1,3,1,0,4,True
2024-2024092905gm-00a9-0000-4f383722-09-s2-d9,218,B,2,65,"[21600,53500,16800,8100]",3,-4.0,1,3,1,0,4,True
2024-2024092905gm-00a9-0000-4f383722-09-s2-d9,219,A,1,19,"[6400,65300,13600,14700]",3,-4.0,1,3,1,0,3,True
2024-2024092905gm-00a9-0000-4f383722-09-s2-d9,219,B,2,65,"[7300,63900,16800,12000]",2,4.0,1,3,1,0,3,True
2024-2024092905gm-00a9-0000-4f383722-09-s2-d9,220,A,1,19,"[1400,58700,15900,24000]",3,-4.0,1,3,1,0,4,True
2024-2024092905gm-00a9-0000-4f383722-09-s2-d9,220,B,2,65,"[17700,58600,15100,8600]",3,-4.0,1,3,1,0,4,True
2024-2024092905gm-00a9-0000-4f383722-09-s2-d9,221,A,1,19,"[11400,54400,20200,14000]",2,4.0,1,3,0,0,3,True
2024-2024092905gm-00a9-0000-4f383722-09-s2-d9,221,B,2,65,"[17700,59400,15200,7700]",3,-4.0,1,3,0,0,2,True
2024-2024092905gm-00a9-0000-4f383722-09-s2-d9,222,A,1,19,"[7500,57100,19200,16200]",2,4.0,1,3,1,0,3,True
2024-2024092905gm-00a9-0000-4f383722-09-s2-d9,222,B,2,65,"[7500,57100,19200,16200]",2,4.0,1,3,1,0,3,True
2024-2024092905gm-00a9-0000-4f383722-09-s2-d9,223,A,1,19,"[15800,59100,15900,9200]",2,4.0,1,3,0,0,2,True
2024-2024092905gm-00a9-0000-4f383722-09-s2-d9,223,B,2,65,"[22900,57900,17400,1800]",3,-4.0,1,3,1,0,4,True
2024-2024092905gm-00a9-0000-4f383722-09-s2-d9,224,A,1,19,"[19700,57900,15200,7200]",3,-4.0,1,3,0,0,2,True
2024-2024092905gm-00a9-0000-4f383722-09-s2-d9,224,B,2,65,"[13700,54400,8200,23700]",4,-10.0,1,3,0,0,2,True
2024-2024092905gm-00a9-0000-4f383722-09-s2-d9,225,A,1,19,"[-2000,58700,12500,30800]",3,-4.0,1,3,1,0,3,True
2024-2024092905gm-00a9-0000-4f383722-09-s2-d9,225,B,2,65,"[13700,59400,32000,-5100]",2,4.0,1,2,1,0,2,True
2024-2024092905gm-00a9-0000-4f383722-09-s2-d9,226,A,1,19,"[13500,55200,19000,12300]",2,4.0,1,3,1,0,4,True
2024-2024092905gm-00a9-0000-4f383722-09-s2-d9,226,B,2,65,"[16100,58400,17000,8500]",2,4.0,1,3,0,0,2,True
2024-2024092905gm-00a9-0000-4f383722-09-s2-d9,227,A,1,19,"[12500,58300,21600,7600]",2,4.0,1,3,2,0,3,True
2024-2024092905gm-00a9-0000-4f383722-09-s2-d9,227,B,2,65,"[13700,55400,20800,10100]",2,4.0,1,3,2,0,3,True
2024-2024092905gm-00a9-0000-4f383722-09-s2-d9,228,A,1,19,"[11400,57100,22300,9200]",2,4.0,1,3,0,0,2,True
2024-2024092905gm-00a9-0000-4f383722-09-s2-d9,228,B,2,65,"[16000,57700,13900,12400]",3,-4.0,1,3,0,0,2,True
2024-2024092905gm-00a9-0000-4f383722-09-s2-d9,229,A,1,19,"[21000,58400,22200,-1600]",2,4.0,1,2,1,0,2,True
2024-2024092905gm-00a9-0000-4f383722-09-s2-d9,229,B,2,65,"[12300,57400,18100,12200]",2,4.0,1,3,0,0,3,True
2024-2024092905gm-00a9-0000-4f383722-09-s2-d9,230,A,1,19,"[21000,57500,20100,1400]",3,-4.0,1,3,0,0,3,True
2024-2024092905gm-00a9-0000-4f383722-09-s2-d9,230,B,2,65,"[11600,56100,26900,5400]",2,4.0,1,3,0,0,4,True
2024-2024092905gm-00a9-0000-4f383722-09-s2-d9,231,A,1,19,"[13200,60900,16200,9700]",2,4.0,1,3,0,0,2,True
2024-2024092905gm-00a9-0000-4f383722-09-s2-d9,231,B,2,65,"[12900,61200,15700,10200]",2,4.0,1,3,1,0,2,True
2024-2024092905gm-00a9-0000-4f383722-09-s2-d9,232,A,1,19,"[20700,58400,21200,-300]",2,4.0,1,2,1,0,2,True
2024-2024092905gm-00a9-0000-4f383722-09-s2-d9,232,B,2,65,"[5100,64400,15900,14600]",2,4.0,1,3,1,0,4,True
2024-2024092905gm-00a9-0000-4f383722-09-s2-d9,233,A,1,19,"[12700,67300,12300,7700]",3,-4.0,1,3,0,0,2,True
2024-2024092905gm-00a9-0000-4f383722-09-s2-d9,233,B,2,65,"[15100,59900,17700,5300]",2,4.0,1,3,1,2,3,True
2024-2024092905gm-00a9-0000-4f383722-09-s2-d9,234,A,1,19,"[13200,58900,17700,9200]",2,4.0,1,3,2,1,3,True
2024-2024092905gm-00a9-0000-4f383722-09-s2-d9,234,B,2,65,"[15600,61400,13300,9700]",3,-4.0,1,3,0,0,2,True
2024-2024092905gm-00a9-0000-4f383722-09-s2-d9,235,A,1,19,"[15300,59800,22400,2500]",2,4.0,1,3,0,0,3,True
2024-2024092905gm-00a9-0000-4f383722-09-s2-d9,235,B,2,65,"[14600,58500,3800,23100]",4,-10.0,1,3,1,0,3,True
2024-2024092905gm-00a9-0000-4f383722-09-s2-d9,236,A,1,19,"[9700,51600,11500,27200]",3,-4.0,1,3,1,0,3,True
2024-2024092905gm-00a9-0000-4f383722-09-s2-d9,236,B,2,65,"[8600,64700,11100,15600]",3,-4.0,1,3,1,0,3,True
2024-2024092905gm-00a9-0000-4f383722-09-s2-d9,237,A,1,19,"[20100,58400,11800,9700]",3,-4.0,1,3,0,0,2,True
2024-2024092905gm-00a9-0000-4f383722-09-s2-d9,237,B,2,65,"[20400,63400,8500,7700]",3,-4.0,1,3,0,0,2,True
2024-2024092905gm-00a9-0000-4f383722-09-s2-d9,238,A,1,19,"[23300,53200,15000,8500]",3,-4.0,1,3,2,0,3,True
2024-2024092905gm-00a9-0000-4f383722-09-s2-d9,238,B,2,65,"[12700,61300,14300,11700]",2,4.0,1,3,1,0,2,True
2024-2024092905gm-00a9-0000-4f383722-09-s2-d9,239,A,1,19,"[13300,61800,19500,5400]",2,4.0,1,3,0,0,3,True
2024-2024092905gm-00a9-0000-4f383722-09-s2-d9,239,B,2,65,"[12300,60800,18600,8300]",2,4.0,1,3,0,0,3,True
2024-2024092905gm-00a9-0000-4f383722-09-s2-d9,240,A,1,19,"[6600,59000,18600,15800]",2,4.0,1,3,1,0,3,True
2024-2024092905gm-00a9-0000-4f383722-09-s2-d9,240,B,2,65,"[6600,59000,18600,15800]",2,4.0,1,3,1,0,3,True
2024-2024092905gm-00a9-0000-4f383722-09-s2-d9,241,A,1,19,"[14000,55900,16800,13300]",2,4.0,1,3,2,0,4,True
2024-2024092905gm-00a9-0000-4f383722-09-s2-d9,241,B,2,65,"[19700,56400,11200,12700]",4,-10.0,1,3,0,0,2,True
2024-2024092905gm-00a9-0000-4f383722-09-s2-d9,242,A,1,19,"[9700,55400,15200,19700]",3,-4.0,1,3,0,0,2,True
2024-2024092905gm-00a9-0000-4f383722-09-s2-d9,242,B,2,65,"[9700,55400,15200,19700]",3,-4.0,1,3,0,0,2,True
2024-2024092905gm-00a9-0000-4f383722-09-s2-d9,243,A,1,19,"[7200,56700,8900,27200]",3,-4.0,1,3,1,0,3,True
2024-2024092905gm-00a9-0000-4f383722-09-s2-d9,243,B,2,65,"[7200,56700,8900,27200]",3,-4.0,1,3,1,0,3,True
2024-2024092905gm-00a9-0000-4f383722-09-s2-d9,244,A,1,19,"[16100,60700,15600,7600]",3,-4.0,1,3,1,0,2,True
2024-2024092905gm-00a9-0000-4f383722-09-s2-d9,244,B,2,65,"[19300,50400,13600,16700]",4,-10.0,1,3,2,0,3,True
2024-2024092905gm-00a9-0000-4f383722-09-s2-d9,245,A,1,19,"[15700,56400,12200,15700]",4,-10.0,1,3,0,0,2,True
2024-2024092905gm-00a9-0000-4f383722-09-s2-d9,245,B,2,65,"[15700,56400,12200,15700]",4,-10.0,1,3,0,0,2,True
2024-2024092905gm-00a9-0000-4f383722-09-s2-d9,246,A,1,19,"[11400,67100,14300,7200]",2,4.0,1,3,0,0,2,True
2024-2024092905gm-00a9-0000-4f383722-09-s2-d9,246,B,2,65,"[11400,67100,14300,7200]",2,4.0,1,3,0,0,2,True
2024-2024092905gm-00a9-0000-4f383722-09-s2-d9,247,A,1,19,"[12100,60800,19100,8000]",2,4.0,1,3,0,0,3,True
2024-2024092905gm-00a9-0000-4f383722-09-s2-d9,247,B,2,65,"[19000,57400,15200,8400]",3,-4.0,1,3,0,0,2,True
2024-2024092905gm-00a9-0000-4f383722-09-s2-d9,248,A,1,19,"[12000,55400,17600,15000]",2,4.0,1,3,1,0,4,True
2024-2024092905gm-00a9-0000-4f383722-09-s2-d9,248,B,2,65,"[6200,57800,15500,20500]",3,-4.0,1,3,0,0,3,True
2024-2024092905gm-00a9-0000-4f383722-09-s2-d9,249,A,1,19,"[10700,57600,12900,18800]",3,-4.0,1,3,1,0,4,True
2024-2024092905gm-00a9-0000-4f383722-09-s2-d9,249,B,2,65,"[19100,57700,6000,17200]",4,-10.0,1,3,1,0,4,True
2024-2024092905gm-00a9-0000-4f383722-09-s2-d9,250,A,1,19,"[20600,52300,11100,16000]",4,-10.0,1,3,0,0,3,True
2024-2024092905gm-00a9-0000-4f383722-09-s2-d9,250,B,2,65,"[21600,50400,11000,17000]",4,-10.0,1,3,0,0,3,True
2024-2024092905gm-00a9-0000-4f383722-09-s2-d9,251,A,1,19,"[30700,39200,21000,9100]",3,-4.0,1,3,0,0,4,True
2024-2024092905gm-00a9-0000-4f383722-09-s2-d9,251,B,2,65,"[13700,56300,23600,6400]",2,4.0,1,3,4,0,5,True
2024-2024092905gm-00a9-0000-4f383722-09-s2-d9,252,A,1,19,"[10300,57000,34500,-1800]",2,4.0,1,3,4,0,5,True
2024-2024092905gm-00a9-0000-4f383722-09-s2-d9,252,B,2,65,"[10300,57000,34500,-1800]",2,4.0,1,3,4,0,5,True
2024-2024092905gm-00a9-0000-4f383722-09-s2-d9,253,A,1,19,"[15200,53700,20900,10200]",2,4.0,1,3,1,0,2,True
2024-2024092905gm-00a9-0000-4f383722-09-s2-d9,253,B,2,65,"[15200,53700,20900,10200]",2,4.0,1,3,1,0,2,True
2024-2024092905gm-00a9-0000-4f383722-09-s2-d9,254,A,1,19,"[3900,59400,20700,16000]",2,4.0,1,3,0,0,3,True
2024-2024092905gm-00a9-0000-4f383722-09-s2-d9,254,B,2,65,"[11000,59400,8900,20700]",4,-10.0,1,3,1,0,3,True
2024-2024092905gm-00a9-0000-4f383722-09-s2-d9,255,A,1,19,"[12900,55600,14200,16300]",3,-4.0,1,3,0,1,3,True
2024-2024092905gm-00a9-0000-4f383722-09-s2-d9,255,B,2,65,"[12900,55600,14200,16300]",3,-4.0,1,3,0,1,3,True
2025-2025011102gm-00a9-0000-034cfa13-01-s2-d3,0,A,1,67,"[31200,32600,8600,27600]",4,-10.0,1,3,1,0,10,True
2025-2025011102gm-00a9-0000-034cfa13-01-s2-d3,0,B,2,63,"[31200,32600,8600,27600]",4,-10.0,1,3,1,0,10,True
2025-2025011102gm-00a9-0000-034cfa13-01-s2-d3,1,A,1,67,"[30900,36900,27500,4700]",3,-4.0,1,3,1,0,11,True
2025-2025011102gm-00a9-0000-034cfa13-01-s2-d3,1,B,2,63,"[30900,36900,27500,4700]",3,-4.0,1,3,1,0,11,True
2025-2025011102gm-00a9-0000-034cfa13-01-s2-d3,2,A,1,67,"[14500,20500,36900,28100]",1,10.0,1,3,0,0,13,True
2025-2025011102gm-00a9-0000-034cfa13-01-s2-d3,2,B,2,63,"[14500,20500,36900,28100]",1,10.0,1,3,0,0,13,True
2025-2025011102gm-00a9-0000-034cfa13-01-s2-d3,3,A,1,67,"[23000,33800,19300,23900]",4,-10.0,1,3,0,0,10,True
2025-2025011102gm-00a9-0000-034cfa13-01-s2-d3,3,B,2,63,"[23900,25300,33600,17200]",1,10.0,1,3,0,0,11,True
2025-2025011102gm-00a9-0000-034cfa13-01-s2-d3,4,A,1,67,"[20100,36500,20200,23200]",3,-4.0,1,3,0,0,8,True
2025-2025011102gm-00a9-0000-034cfa13-01-s2-d3,4,B,2,63,"[20100,36500,20200,23200]",3,-4.0,1,3,0,0,8,True
2025-2025011102gm-00a9-0000-034cfa13-01-s2-d3,5,A,1,67,"[26400,39000,11700,22900]",4,-10.0,1,3,1,0,12,True
2025-2025011102gm-00a9-0000-034cfa13-01-s2-d3,5,B,2,63,"[26400,39000,11700,22900]",4,-10.0,1,3,1,0,12,True
2025-2025011102gm-00a9-0000-034cfa13-01-s2-d3,6,A,1,67,"[44000,24500,20500,11000]",3,-4.0,1,3,0,0,12,True
2025-2025011102gm-00a9-0000-034cfa13-01-s2-d3,6,B,2,63,"[44000,24500,20500,11000]",3,-4.0,1,3,0,0,12,True
2025-2025011102gm-00a9-0000-034cfa13-01-s2-d3,7,A,1,67,"[17300,29900,35200,17600]",1,10.0,1,3,0,0,11,True
2025-2025011102gm-00a9-0000-034cfa13-01-s2-d3,7,B,2,63,"[17300,29900,35200,17600]",1,10.0,1,3,0,0,11,True
2025-2025011102gm-00a9-0000-034cfa13-01-s2-d3,8,A,1,67,"[22100,15900,34900,27100]",1,10.0,1,3,0,0,13,True
2025-2025011102gm-00a9-0000-034cfa13-01-s2-d3,8,B,2,63,"[-1500,19800,43500,38200]",1,10.0,0,3,1,0,7,True
2025-2025011102gm-00a9-0000-034cfa13-01-s2-d3,9,A,1,67,"[26800,10600,45000,17600]",1,10.0,1,3,1,0,11,True
2025-2025011102gm-00a9-0000-034cfa13-01-s2-d3,9,B,2,63,"[25900,12100,63800,-1800]",1,10.0,1,0,0,0,7,True
2025-2025011102gm-00a9-0000-034cfa13-01-s2-d3,10,A,1,67,"[30100,49200,3900,16800]",4,-10.0,1,3,0,0,14,True
2025-2025011102gm-00a9-0000-034cfa13-01-s2-d3,10,B,2,63,"[30100,49200,3900,16800]",4,-10.0,1,3,0,0,14,True
2025-2025011102gm-00a9-0000-034cfa13-01-s2-d3,11,A,1,67,"[34400,42800,-7900,30700]",4,-10.0,1,2,0,0,9,True
2025-2025011102gm-00a9-0000-034cfa13-01-s2-d3,11,B,2,63,"[34400,42800,-7900,30700]",4,-10.0,1,2,0,0,9,True
2025-2025011102gm-00a9-0000-034cfa13-01-s2-d3,12,A,1,67,"[52600,27100,22600,-2300]",3,-4.0,1,0,1,0,7,True
2025-2025011102gm-00a9-0000-034cfa13-01-s2-d3,12,B,2,63,"[52600,27100,22600,-2300]",3,-4.0,1,0,1,0,7,True
2025-2025011102gm-00a9-0000-034cfa13-01-s2-d3,13,A,1,67,"[13200,21800,22100,42900]",2,4.0,1,3,0,0,10,True
2025-2025011102gm-00a9-0000-034cfa13-01-s2-d3,13,B,2,63,"[29500,11800,11500,47200]",4,-10.0,1,3,0,0,10,True
2025-2025011102gm-00a9-0000-034cfa13-01-s2-d3,14,A,1,67,"[21400,25700,30200,22700]",1,10.0,2,2,0,0,14,True
2025-2025011102gm-00a9-0000-034cfa13-01-s2-d3,14,B,2,63,"[31200,32200,22000,14600]",3,-4.0,1,3,1,0,9,True
2025-2025011102gm-00a9-0000-034cfa13-01-s2-d3,15,A,1,67,"[25000,31100,26600,17300]",2,4.0,1,3,1,0,12,True
2025-2025011102gm-00a9-0000-034cfa13-01-s2-d3,15,B,2,63,"[25000,31100,26600,17300]",2,4.0,1,3,1,0,12,True
2025-2025011102gm-00a9-0000-034cfa13-01-s2-d3,16,A,1,67,"[41200,37500,16300,5000]",3,-4.0,1,3,0,0,10,True
2025-2025011102gm-00a9-0000-034cfa13-01-s2-d3,16,B,2,63,"[41200,37500,16300,5000]",3,-4.0,1,3,0,0,10,True
2025-2025011102gm-00a9-0000-034cfa13-01-s2-d3,17,A,1,67,"[30900,-2500,43000,28600]",1,10.0,1,2,0,0,10,True
2025-2025011102gm-00a9-0000-034cfa13-01-s2-d3,17,B,2,63,"[37000,-5500,43300,25200]",1,10.0,0,2,0,0,4,True
2025-2025011102gm-00a9-0000-034cfa13-01-s2-d3,18,A,1,67,"[31100,4000,44800,20100]",1,10.0,1,3,2,0,12,True
2025-2025011102gm-00a9-0000-034cfa13-01-s2-d3,18,B,2,63,"[31100,4000,44800,20100]",1,10.0,1,3,2,0,12,True
2025-2025011102gm-00a9-0000-034cfa13-01-s2-d3,19,A,1,67,"[20500,25800,-3900,57600]",4,-10.0,1,3,0,0,14,True
2025-2025011102gm-00a9-0000-034cfa13-01-s2-d3,19,B,2,63,"[62400,13300,15500,8800]",2,4.0,1,3,1,0,13,True
2025-2025011102gm-00a9-0000-034cfa13-01-s2-d3,20,A,1,67,"[18800,25800,30900,24500]",1,10.0,2,1,0,0,16,True
2025-2025011102gm-00a9-0000-034cfa13-01-s2-d3,20,B,2,63,"[27000,10700,27100,33200]",2,4.0,1,3,0,2,9,True
2025-2025011102gm-00a9-0000-034cfa13-01-s2-d3,21,A,1,67,"[29400,45000,30600,-5000]",2,4.0,1,1,0,0,7,True
2025-2025011102gm-00a9-0000-034cfa13-01-s2-d3,21,B,2,63,"[29400,45000,30600,-5000]",2,4.0,1,1,0,0,7,True
2025-2025011102gm-00a9-0000-034cfa13-01-s2-d3,22,A,1,67,"[26500,8900,15700,48900]",3,-4.0,1,3,0,0,10,True
2025-2025011102gm-00a9-0000-034cfa13-01-s2-d3,22,B,2,63,"[26500,8900,15700,48900]",3,-4.0,1,3,0,0,10,True
2025-2025011102gm-00a9-0000-034cfa13-01-s2-d3,23,A,1,67,"[18200,12200,30700,38900]",2,4.0,1,3,0,0,11,True
2025-2025011102gm-00a9-0000-034cfa13-01-s2-d3,23,B,2,63,"[18200,12200,30700,38900]",2,4.0,1,3,0,0,11,True
2025-2025011102gm-00a9-0000-034cfa13-01-s2-d3,24,A,1,67,"[35100,25500,17700,21700]",4,-10.0,1,3,0,0,11,True
2025-2025011102gm-00a9-0000-034cfa13-01-s2-d3,24,B,2,63,"[18400,20000,12800,48800]",4,-10.0,1,3,0,0,9,True
2025-2025011102gm-00a9-0000-034cfa13-01-s2-d3,25,A,1,67,"[16800,35600,26700,20900]",2,4.0,1,3,1,0,11,True
2025-2025011102gm-00a9-0000-034cfa13-01-s2-d3,25,B,2,63,"[16800,35600,26700,20900]",2,4.0,1,3,1,0,11,True
2025-2025011102gm-00a9-0000-034cfa13-01-s2-d3,26,A,1,67,"[30200,19900,25400,22500]",2,4.0,1,3,0,2,8,True
2025-2025011102gm-00a9-0000-034cfa13-01-s2-d3,26,B,2,63,"[31700,11500,39700,17100]",1,10.0,1,3,0,0,10,True
2025-2025011102gm-00a9-0000-034cfa13-01-s2-d3,27,A,1,67,"[28400,28500,-600,43700]",4,-10.0,1,1,1,0,11,True
2025-2025011102gm-00a9-0000-034cfa13-01-s2-d3,27,B,2,63,"[39700,-1200,27400,34100]",3,-4.0,1,2,0,0,10,True
2025-2025011102gm-00a9-0000-034cfa13-01-s2-d3,28,A,1,67,"[47100,16400,7400,29100]",4,-10.0,1,3,0,0,10,True
2025-2025011102gm-00a9-0000-034cfa13-01-s2-d3,28,B,2,63,"[47100,16400,7400,29100]",4,-10.0,1,3,0,0,10,True
2025-2025011102gm-00a9-0000-034cfa13-01-s2-d3,29,A,1,67,"[32700,32800,12500,22000]",4,-10.0,1,3,1,0,10,True
2025-2025011102gm-00a9-0000-034cfa13-01-s2-d3,29,B,2,63,"[32700,32800,12500,22000]",4,-10.0,1,3,1,0,10,True
2025-2025011102gm-00a9-0000-034cfa13-01-s2-d3,30,A,1,67,"[38800,37400,19800,4000]",3,-4.0,1,3,1,0,12,True
2025-2025011102gm-00a9-0000-034cfa13-01-s2-d3,30,B,2,63,"[38800,37400,19800,4000]",3,-4.0,1,3,1,0,12,True
2025-2025011102gm-00a9-0000-034cfa13-01-s2-d3,31,A,1,67,"[30200,39000,26300,4500]",3,-4.0,1,3,0,0,9,True
2025-2025011102gm-00a9-0000-034cfa13-01-s2-d3,31,B,2,63,"[30200,39000,26300,4500]",3,-4.0,1,3,0,0,9,True
2025-2025011102gm-00a9-0000-034cfa13-01-s2-d3,32,A,1,67,"[25800,10800,23400,40000]",3,-4.0,1,3,2,0,11,True
2025-2025011102gm-00a9-0000-034cfa13-01-s2-d3,32,B,2,63,"[25800,10800,23400,40000]",3,-4.0,1,3,2,0,11,True
2025-2025011102gm-00a9-0000-034cfa13-01-s2-d3,33,A,1,67,"[25400,26600,16700,31300]",4,-10.0,1,3,0,0,10,True
2025-2025011102gm-00a9-0000-034cfa13-01-s2-d3,33,B,2,63,"[25400,26600,16700,31300]",4,-10.0,1,3,0,0,10,True
2025-2025011102gm-00a9-0000-034cfa13-01-s2-d3,34,A,1,67,"[42200,30500,34500,-7200]",2,4.0,1,0,1,0,6,True
2025-2025011102gm-00a9-0000-034cfa13-01-s2-d3,34,B,2,63,"[42200,30500,34500,-7200]",2,4.0,1,0,1,0,6,True
2025-2025011102gm-00a9-0000-034cfa13-01-s2-d3,35,A,1,67,"[-6800,65900,25700,15200]",2,4.0,1,2,1,0,11,True
2025-2025011102gm-00a9-0000-034cfa13-01-s2-d3,35,B,2,63,"[-6800,65900,25700,15200]",2,4.0,1,2,1,0,11,True
2025-2025011102gm-00a9-0000-034cfa13-01-s2-d3,36,A,1,67,"[43800,-700,43300,13600]",2,4.0,1,0,1,0,9,True
2025-2025011102gm-00a9-0000-034cfa13-01-s2-d3,36,B,2,63,"[37100,27900,14400,20600]",4,-10.0,1,3,0,0,10,True
2025-2025011102gm-00a9-0000-034cfa13-01-s2-d3,37,A,1,67,"[19700,31000,23300,26000]",3,-4.0,1,3,0,0,10,True
2025-2025011102gm-00a9-0000-034cfa13-01-s2-d3,37,B,2,63,"[7700,19200,26100,47000]",2,4.0,1,3,0,0,10,True
2025-2025011102gm-00a9-0000-034cfa13-01-s2-d3,38,A,1,67,"[29300,13100,9100,48500]",4,-10.0,1,3,0,0,12,True
2025-2025011102gm-00a9-0000-034cfa13-01-s2-d3,38,B,2,63,"[29300,13100,9100,48500]",4,-10.0,1,3,0,0,12,True
2025-2025011102gm-00a9-0000-034cfa13-01-s2-d3,39,A,1,67,"[7900,38900,18100,35100]",3,-4.0,1,3,0,0,14,True
2025-2025011102gm-00a9-0000-034cfa13-01-s2-d3,39,B,2,63,"[7900,38900,18100,35100]",3,-4.0,1,3,0,0,14,True
2025-2025011102gm-00a9-0000-034cfa13-01-s2-d3,40,A,1,67,"[26200,37900,24200,11700]",3,-4.0,1,3,0,0,12,True
2025-2025011102gm-00a9-0000-034cfa13-01-s2-d3,40,B,2,63,"[26200,37900,24200,11700]",3,-4.0,1,3,0,0,12,True
2025-2025011102gm-00a9-0000-034cfa13-01-s2-d3,41,A,1,67,"[9000,17500,46300,27200]",1,10.0,1,3,1,0,10,True
2025-2025011102gm-00a9-0000-034cfa13-01-s2-d3,41,B,2,63,"[29800,32200,44500,-6500]",1,10.0,1,1,0,0,7,True
2025-2025011102gm-00a9-0000-034cfa13-01-s2-d3,42,A,1,67,"[37800,12900,3900,45400]",4,-10.0,1,3,0,0,10,True
2025-2025011102gm-00a9-0000-034cfa13-01-s2-d3,42,B,2,63,"[6000,36300,24800,32900]",3,-4.0,1,3,0,0,14,True
2025-2025011102gm-00a9-0000-034cfa13-01-s2-d3,43,A,1,67,"[24800,36000,20400,18800]",3,-4.0,1,3,0,0,11,True
2025-2025011102gm-00a9-0000-034cfa13-01-s2-d3,43,B,2,63,"[24800,36000,20400,18800]",3,-4.0,1,3,0,0,11,True
2025-2025011102gm-00a9-0000-034cfa13-01-s2-d3,44,A,1,67,"[27800,36300,12100,23800]",4,-10.0,1,3,0,0,8,True
2025-2025011102gm-00a9-0000-034cfa13-01-s2-d3,44,B,2,63,"[27800,36300,12100,23800]",4,-10.0,1,3,0,0,8,True
2025-2025011102gm-00a9-0000-034cfa13-01-s2-d3,45,A,1,67,"[20900,-15700,57400,37400]",1,10.0,0,3,0,0,6,True
2025-2025011102gm-00a9-0000-034cfa13-01-s2-d3,45,B,2,63,"[20900,-9300,57400,31000]",1,10.0,0,3,0,0,6,True
2025-2025011102gm-00a9-0000-034cfa13-01-s2-d3,46,A,1,67,"[43900,24600,35000,-3500]",2,4.0,0,3,0,0,5,True
2025-2025011102gm-00a9-0000-034cfa13-01-s2-d3,46,B,2,63,"[43900,24600,35000,-3500]",2,4.0,0,3,0,0,5,True
2025-2025011102gm-00a9-0000-034cfa13-01-s2-d3,47,A,1,67,"[36200,29400,2500,31900]",4,-10.0,1,3,0,0,11,True
2025-2025011102gm-00a9-0000-034cfa13-01-s2-d3,47,B,2,63,"[36200,29400,2500,31900]",4,-10.0,1,3,0,0,11,True
2025-2025011102gm-00a9-0000-034cfa13-01-s2-d3,48,A,1,67,"[50000,10100,28600,11300]",2,4.0,1,3,0,0,11,True
2025-2025011102gm-00a9-0000-034cfa13-01-s2-d3,48,B,2,63,"[50000,10100,28600,11300]",2,4.0,1,3,0,0,11,True
2025-2025011102gm-00a9-0000-034cfa13-01-s2-d3,49,A,1,67,"[19600,29400,20900,30100]",3,-4.0,1,3,1,0,9,True
2025-2025011102gm-00a9-0000-034cfa13-01-s2-d3,49,B,2,63,"[19600,29400,20900,30100]",3,-4.0,1,3,1,0,9,True
2025-2025011102gm-00a9-0000-034cfa13-01-s2-d3,50,A,1,67,"[50800,-8500,31800,25900]",2,4.0,1,3,0,0,10,True
2025-2025011102gm-00a9-0000-034cfa13-01-s2-d3,50,B,2,63,"[6000,41300,19500,33200]",3,-4.0,1,3,1,0,11,True
2025-2025011102gm-00a9-0000-034cfa13-01-s2-d3,51,A,1,67,"[24900,20100,47100,7900]",1,10.0,1,3,0,0,10,True
2025-2025011102gm-00a9-0000-034cfa13-01-s2-d3,51,B,2,63,"[24900,20100,47100,7900]",1,10.0,1,3,0,0,10,True
2025-2025011102gm-00a9-0000-034cfa13-01-s2-d3,52,A,1,67,"[48100,24800,12300,14800]",4,-10.0,1,3,0,0,9,True
2025-2025011102gm-00a9-0000-034cfa13-01-s2-d3,52,B,2,63,"[51800,10900,18500,18800]",3,-4.0,1,3,1,0,11,True
2025-2025011102gm-00a9-0000-034cfa13-01-s2-d3,53,A,1,67,"[38800,22200,-3100,42100]",4,-10.0,0,3,1,0,5,True
2025-2025011102gm-00a9-0000-034cfa13-01-s2-d3,53,B,2,63,"[38800,22200,-3100,42100]",4,-10.0,0,3,1,0,5,True
2025-2025011102gm-00a9-0000-034cfa13-01-s2-d3,54,A,1,67,"[33600,23300,30800,12300]",2,4.0,1,3,0,0,11,True
2025-2025011102gm-00a9-0000-034cfa13-01-s2-d3,54,B,2,63,"[33600,23300,30800,12300]",2,4.0,1,3,0,0,11,True
2025-2025011102gm-00a9-0000-034cfa13-01-s2-d3,55,A,1,67,"[59200,29500,-5300,16600]",4,-10.0,0,3,1,0,8,True
2025-2025011102gm-00a9-0000-034cfa13-01-s2-d3,55,B,2,63,"[59200,29500,-4300,15600]",4,-10.0,0,3,1,0,8,True
2025-2025011102gm-00a9-0000-034cfa13-01-s2-d3,56,A,1,67,"[36200,21500,23500,18800]",2,4.0,1,3,0,0,9,True
2025-2025011102gm-00a9-0000-034cfa13-01-s2-d3,56,B,2,63,"[36200,21500,23500,18800]",2,4.0,1,3,0,0,9,True
2025-2025011102gm-00a9-0000-034cfa13-01-s2-d3,57,A,1,67,"[35700,32200,22800,9300]",3,-4.0,1,3,0,0,9,True
2025-2025011102gm-00a9-0000-034cfa13-01-s2-d3,57,B,2,63,"[35700,32200,22800,9300]",3,-4.0,1,3,0,0,9,True
2025-2025011102gm-00a9-0000-034cfa13-01-s2-d3,58,A,1,67,"[5500,28100,40400,26000]",1,10.0,1,3,0,0,12,True
2025-2025011102gm-00a9-0000-034cfa13-01-s2-d3,58,B,2,63,"[38000,12600,22000,27400]",3,-4.0,1,3,1,0,11,True
2025-2025011102gm-00a9-0000-034cfa13-01-s2-d3,59,A,1,67,"[30700,17600,34200,17500]",1,10.0,1,3,0,0,9,True
2025-2025011102gm-00a9-0000-034cfa13-01-s2-d3,59,B,2,63,"[36100,18000,20000,25900]",3,-4.0,1,3,0,0,8,True
2025-2025011102gm-00a9-0000-034cfa13-01-s2-d3,60,A,1,67,"[6400,45900,28700,19000]",2,4.0,1,3,0,0,12,True
2025-2025011102gm-00a9-0000-034cfa13-01-s2-d3,60,B,2,63,"[27000,15300,34000,23700]",1,10.0,1,3,0,0,9,True
2025-2025011102gm-00a9-0000-034cfa13-01-s2-d3,61,A,1,67,"[47000,7900,26200,18900]",2,4.0,1,3,0,0,11,True
2025-2025011102gm-00a9-0000-034cfa13-01-s2-d3,61,B,2,63,"[24000,21300,7300,47400]",4,-10.0,1,3,0,0,9,True
2025-2025011102gm-00a9-0000-034cfa13-01-s2-d3,62,A,1,67,"[23400,32500,22800,21300]",3,-4.0,1,3,1,0,10,True
2025-2025011102gm-00a9-0000-034cfa13-01-s2-d3,62,B,2,63,"[23700,41800,22300,12200]",3,-4.0,1,3,0,0,9,True
2025-2025011102gm-00a9-0000-034cfa13-01-s2-d3,63,A,1,67,"[28400,33600,31900,6100]",2,4.0,1,3,0,0,10,True
2025-2025011102gm-00a9-0000-034cfa13-01-s2-d3,63,B,2,63,"[28400,33600,31900,6100]",2,4.0,1,3,0,0,10,True
2025-2025011102gm-00a9-0000-034cfa13-01-s2-d3,64,A,1,67,"[35700,16400,37700,10200]",1,10.0,1,3,0,0,11,True
2025-2025011102gm-00a9-0000-034cfa13-01-s2-d3,64,B,2,63,"[35700,16400,37700,10200]",1,10.0,1,3,0,0,11,True
2025-2025011102gm-00a9-0000-034cfa13-01-s2-d3,65,A,1,67,"[33300,38100,5900,22700]",4,-10.0,1,3,0,0,9,True
2025-2025011102gm-00a9-0000-034cfa13-01-s2-d3,65,B,2,63,"[25500,44200,34000,-3700]",2,4.0,1,1,0,0,6,True
2025-2025011102gm-00a9-0000-034cfa13-01-s2-d3,66,A,1,67,"[21700,34200,4100,40000]",4,-10.0,1,3,0,0,10,True
2025-2025011102gm-00a9-0000-034cfa13-01-s2-d3,66,B,2,63,"[19800,6000,33100,39100]",2,4.0,1,3,0,2,10,True
2025-2025011102gm-00a9-0000-034cfa13-01-s2-d3,67,A,1,67,"[14400,38900,18100,28600]",3,-4.0,1,3,0,0,10,True
2025-2025011102gm-00a9-0000-034cfa13-01-s2-d3,67,B,2,63,"[26800,38100,19100,16000]",3,-4.0,1,3,0,0,10,True
2025-2025011102gm-00a9-0000-034cfa13-01-s2-d3,68,A,1,67,"[25100,16300,35600,23000]",1,10.0,1,3,0,0,10,True
2025-2025011102gm-00a9-0000-034cfa13-01-s2-d3,68,B,2,63,"[25100,16300,35600,23000]",1,10.0,1,3,0,0,10,True
2025-2025011102gm-00a9-0000-034cfa13-01-s2-d3,69,A,1,67,"[26100,-18200,44700,47400]",2,4.0,1,2,2,0,11,True
2025-2025011102gm-00a9-0000-034cfa13-01-s2-d3,69,B,2,63,"[26100,-18200,44700,47400]",2,4.0,1,2,2,0,11,True
2025-2025011102gm-00a9-0000-034cfa13-01-s2-d3,70,A,1,67,"[33600,23000,-2700,46100]",4,-10.0,1,1,1,0,7,True
2025-2025011102gm-00a9-0000-034cfa13-01-s2-d3,70,B,2,63,"[37700,28600,3900,29800]",4,-10.0,1,3,1,0,10,True
2025-2025011102gm-00a9-0000-034cfa13-01-s2-d3,71,A,1,67,"[40600,31700,28000,-300]",3,-4.0,1,0,0,0,7,True
2025-2025011102gm-00a9-0000-034cfa13-01-s2-d3,71,B,2,63,"[2800,48300,28600,20300]",2,4.0,1,3,0,0,11,True
2025-2025011102gm-00a9-0000-034cfa13-01-s2-d3,72,A,1,67,"[24100,13700,30200,32000]",2,4.0,1,3,0,0,10,True
2025-2025011102gm-00a9-0000-034cfa13-01-s2-d3,72,B,2,63,"[36000,28800,20600,14600]",3,-4.0,1,3,0,0,11,True
2025-2025011102gm-00a9-0000-034cfa13-01-s2-d3,73,A,1,67,"[48300,19800,14200,17700]",4,-10.0,1,3,0,0,11,True
2025-2025011102gm-00a9-0000-034cfa13-01-s2-d3,73,B,2,63,"[48300,19800,14200,17700]",4,-10.0,1,3,0,0,11,True
2025-2025011102gm-00a9-0000-034cfa13-01-s2-d3,74,A,1,67,"[21600,16600,31000,28800]",1,10.0,1,3,1,2,10,True
2025-2025011102gm-00a9-0000-034cfa13-01-s2-d3,74,B,2,63,"[21600,16600,31000,28800]",1,10.0,1,3,1,2,10,True
2025-2025011102gm-00a9-0000-034cfa13-01-s2-d3,75,A,1,67,"[42000,16800,2000,39200]",4,-10.0,1,3,0,0,10,True
2025-2025011102gm-00a9-0000-034cfa13-01-s2-d3,75,B,2,63,"[22800,12600,36700,25900]",1,10.0,1,3,1,2,11,True
2025-2025011102gm-00a9-0000-034cfa13-01-s2-d3,76,A,1,67,"[43100,50400,8300,-1800]",3,-4.0,1,2,1,0,9,True
2025-2025011102gm-00a9-0000-034cfa13-01-s2-d3,76,B,2,63,"[43100,50400,8300,-1800]",3,-4.0,1,2,1,0,9,True
2025-2025011102gm-00a9-0000-034cfa13-01-s2-d3,77,A,1,67,"[45500,36400,18200,-100]",3,-4.0,1,0,0,0,8,True
2025-2025011102gm-00a9-0000-034cfa13-01-s2-d3,77,B,2,63,"[16700,800,40500,42000]",2,4.0,1,3,0,0,10,True
2025-2025011102gm-00a9-0000-034cfa13-01-s2-d3,78,A,1,67,"[12600,31000,41900,14500]",1,10.0,1,3,1,0,11,True
2025-2025011102gm-00a9-0000-034cfa13-01-s2-d3,78,B,2,63,"[12600,31000,41900,14500]",1,10.0,1,3,1,0,11,True
2025-2025011102gm-00a9-0000-034cfa13-01-s2-d3,79,A,1,67,"[42400,34300,7500,14800]",4,-10.0,1,3,0,1,10,True
2025-2025011102gm-00a9-0000-034cfa13-01-s2-d3,79,B,2,63,"[42400,34300,7500,14800]",4,-10.0,1,3,0,1,10,True
2025-2025011102gm-00a9-0000-034cfa13-01-s2-d3,80,A,1,67,"[31200,24400,38900,4500]",1,10.0,1,3,1,1,11,True
2025-2025011102gm-00a9-0000-034cfa13-01-s2-d3,80,B,2,63,"[36200,30600,15800,17400]",4,-10.0,1,3,0,0,10,True
2025-2025011102gm-00a9-0000-034cfa13-01-s2-d3,81,A,1,67,"[17000,22400,28500,31100]",2,4.0,1,3,0,1,9,True
2025-2025011102gm-00a9-0000-034cfa13-01-s2-d3,81,B,2,63,"[17000,22400,28500,31100]",2,4.0,1,3,0,1,9,True
2025-2025011102gm-00a9-0000-034cfa13-01-s2-d3,82,A,1,67,"[22700,30000,23100,24200]",3,-4.0,1,3,0,0,8,True
2025-2025011102gm-00a9-0000-034cfa13-01-s2-d3,82,B,2,63,"[22700,30000,23100,24200]",3,-4.0,1,3,0,0,8,True
2025-2025011102gm-00a9-0000-034cfa13-01-s2-d3,83,A,1,67,"[34300,17200,28000,20500]",2,4.0,1,3,2,0,10,True
2025-2025011102gm-00a9-0000-034cfa13-01-s2-d3,83,B,2,63,"[34300,17200,28000,20500]",2,4.0,1,3,2,0,10,True
2025-2025011102gm-00a9-0000-034cfa13-01-s2-d3,84,A,1,67,"[53100,-2900,27200,22600]",2,4.0,0,3,1,0,6,True
2025-2025011102gm-00a9-0000-034cfa13-01-s2-d3,84,B,2,63,"[53100,-2900,27200,22600]",2,4.0,0,3,1,0,6,True
2025-2025011102gm-00a9-0000-034cfa13-01-s2-d3,85,A,1,67,"[41100,20600,11200,27100]",4,-10.0,1,3,0,0,9,True
2025-2025011102gm-00a9-0000-034cfa13-01-s2-d3,85,B,2,63,"[41100,20600,11200,27100]",4,-10.0,1,3,0,0,9,True
2025-2025011102gm-00a9-0000-034cfa13-01-s2-d3,86,A,1,67,"[18600,28200,20400,32800]",3,-4.0,1,3,0,0,11,True
2025-2025011102gm-00a9-0000-034cfa13-01-s2-d3,86,B,2,63,"[26600,3300,37700,32400]",1,10.0,1,3,0,0,11,True
2025-2025011102gm-00a9-0000-034cfa13-01-s2-d3,87,A,1,67,"[25200,16200,20100,38500]",3,-4.0,1,3,0,0,10,True
2025-2025011102gm-00a9-0000-034cfa13-01-s2-d3,87,B,2,63,"[25200,16200,20100,38500]",3,-4.0,1,3,0,0,10,True
2025-2025011102gm-00a9-0000-034cfa13-01-s2-d3,88,A,1,67,"[43600,18000,27400,11000]",2,4.0,1,3,0,0,11,True
2025-2025011102gm-00a9-0000-034cfa13-01-s2-d3,88,B,2,63,"[43600,18000,27400,11000]",2,4.0,1,3,0,0,11,True
2025-2025011102gm-00a9-0000-034cfa13-01-s2-d3,89,A,1,67,"[48400,12800,17500,21300]",3,-4.0,1,3,0,0,8,True
2025-2025011102gm-00a9-0000-034cfa13-01-s2-d3,89,B,2,63,"[28200,20500,47900,3400]",1,10.0,1,3,0,0,10,True
2025-2025011102gm-00a9-0000-034cfa13-01-s2-d3,90,A,1,67,"[43900,21400,-6300,41000]",4,-10.0,0,3,1,0,8,True
2025-2025011102gm-00a9-0000-034cfa13-01-s2-d3,90,B,2,63,"[32700,23300,42800,1200]",1,10.0,1,3,0,0,10,True
2025-2025011102gm-00a9-0000-034cfa13-01-s2-d3,91,A,1,67,"[18700,21400,39400,19500]",1,10.0,1,3,0,1,12,True
2025-2025011102gm-00a9-0000-034cfa13-01-s2-d3,91,B,2,63,"[19400,42300,-300,38600]",4,-10.0,1,2,1,0,10,True
2025-2025011102gm-00a9-0000-034cfa13-01-s2-d3,92,A,1,67,"[45900,30600,16900,6600]",3,-4.0,1,3,1,0,13,True
2025-2025011102gm-00a9-0000-034cfa13-01-s2-d3,92,B,2,63,"[45900,30600,16900,6600]",3,-4.0,1,3,1,0,13,True
2025-2025011102gm-00a9-0000-034cfa13-01-s2-d3,93,A,1,67,"[7700,29700,42300,20300]",1,10.0,1,3,1,0,12,True
2025-2025011102gm-00a9-0000-034cfa13-01-s2-d3,93,B,2,63,"[12400,27200,27600,32800]",2,4.0,1,3,0,0,11,True
2025-2025011102gm-00a9-0000-034cfa13-01-s2-d3,94,A,1,67,"[25100,21900,41200,11800]",1,10.0,1,3,0,0,11,True
2025-2025011102gm-00a9-0000-034cfa13-01-s2-d3,94,B,2,63,"[25100,21900,41200,11800]",1,10.0,1,3,0,0,11,True
2025-2025011102gm-00a9-0000-034cfa13-01-s2-d3,95,A,1,67,"[48100,6800,20900,24200]",3,-4.0,1,3,0,0,13,True
2025-2025011102gm-00a9-0000-034cfa13-01-s2-d3,95,B,2,63,"[48100,6800,20900,24200]",3,-4.0,1,3,0,0,13,True
2025-2025011102gm-00a9-0000-034cfa13-01-s2-d3,96,A,1,67,"[9000,37100,38700,14200]",1,10.0,1,3,1,1,11,True
2025-2025011102gm-00a9-0000-034cfa13-01-s2-d3,96,B,2,63,"[9000,37100,38700,14200]",1,10.0,1,3,1,1,11,True
2025-2025011102gm-00a9-0000-034cfa13-01-s2-d3,97,A,1,67,"[17700,23400,22900,36000]",3,-4.0,1,3,0,0,9,True
2025-2025011102gm-00a9-0000-034cfa13-01-s2-d3,97,B,2,63,"[17700,23400,22900,36000]",3,-4.0,1,3,0,0,9,True
2025-2025011102gm-00a9-0000-034cfa13-01-s2-d3,98,A,1,67,"[3900,43400,38300,14400]",2,4.0,1,3,0,0,13,True
2025-2025011102gm-00a9-0000-034cfa13-01-s2-d3,98,B,2,63,"[3900,43400,38300,14400]",2,4.0,1,3,0,0,13,True
2025-2025011102gm-00a9-0000-034cfa13-01-s2-d3,99,A,1,67,"[29300,36400,8400,25900]",4,-10.0,1,3,1,0,12,True
2025-2025011102gm-00a9-0000-034cfa13-01-s2-d3,99,B,2,63,"[39300,14400,22000,23300]",3,-4.0,1,3,1,1,10,True
2025-2025011102gm-00a9-0000-034cfa13-01-s2-d3,100,A,1,67,"[48700,16700,-9700,44300]",4,-10.0,1,3,0,0,11,True
2025-2025011102gm-00a9-0000-034cfa13-01-s2-d3,100,B,2,63,"[49100,-2500,24700,28700]",3,-4.0,0,2,2,0,6,True
2025-2025011102gm-00a9-0000-034cfa13-01-s2-d3,101,A,1,67,"[44100,10700,16100,29100]",3,-4.0,1,3,1,0,14,True
2025-2025011102gm-00a9-0000-034cfa13-01-s2-d3,101,B,2,63,"[44100,10700,16100,29100]",3,-4.0,1,3,1,0,14,True
2025-2025011102gm-00a9-0000-034cfa13-01-s2-d3,102,A,1,67,"[19400,15600,39300,25700]",1,10.0,1,3,0,0,8,True
2025-2025011102gm-00a9-0000-034cfa13-01-s2-d3,102,B,2,63,"[19400,15600,39300,25700]",1,10.0,1,3,0,0,8,True
2025-2025011102gm-00a9-0000-034cfa13-01-s2-d3,103,A,1,67,"[40800,9500,28300,21400]",2,4.0,1,3,0,0,10,True
2025-2025011102gm-00a9-0000-034cfa13-01-s2-d3,103,B,2,63,"[40800,9500,28300,21400]",2,4.0,1,3,0,0,10,True
2025-2025011102gm-00a9-0000-034cfa13-01-s2-d3,104,A,1,67,"[30900,22400,24700,22000]",2,4.0,1,3,0,0,10,True
2025-2025011102gm-00a9-0000-034cfa13-01-s2-d3,104,B,2,63,"[22400,17000,26200,33400]",2,4.0,1,3,0,1,8,True
2025-2025011102gm-00a9-0000-034cfa13-01-s2-d3,105,A,1,67,"[-800,37900,35200,27700]",2,4.0,1,2,0,0,8,True
2025-2025011102gm-00a9-0000-034cfa13-01-s2-d3,105,B,2,63,"[22700,18700,16000,42600]",4,-10.0,1,3,0,0,9,True
2025-2025011102gm-00a9-0000-034cfa13-01-s2-d3,106,A,1,67,"[22400,34800,14500,28300]",4,-10.0,1,3,1,0,9,True
2025-2025011102gm-00a9-0000-034cfa13-01-s2-d3,106,B,2,63,"[23500,21800,24100,30600]",2,4.0,1,3,0,0,10,True
2025-2025011102gm-00a9-0000-034cfa13-01-s2-d3,107,A,1,67,"[42100,27400,19000,11500]",3,-4.0,1,3,0,0,9,True
2025-2025011102gm-00a9-0000-034cfa13-01-s2-d3,107,B,2,63,"[42100,27400,19000,11500]",3,-4.0,1,3,0,0,9,True
2025-2025011102gm-00a9-0000-034cfa13-01-s2-d3,108,A,1,67,"[40300,17000,22300,20400]",2,4.0,1,3,0,0,11,True
2025-2025011102gm-00a9-0000-034cfa13-01-s2-d3,108,B,2,63,"[47200,400,33800,17600]",2,4.0,1,3,2,1,11,True
2025-2025011102gm-00a9-0000-034cfa13-01-s2-d3,109,A,1,67,"[23800,35900,10500,29800]",4,-10.0,1,3,0,0,13,True
2025-2025011102gm-00a9-0000-034cfa13-01-s2-d3,109,B,2,63,"[23800,35900,10500,29800]",4,-10.0,1,3,0,0,13,True
2025-2025011102gm-00a9-0000-034cfa13-01-s2-d3,110,A,1,67,"[28100,36800,14400,20700]",4,-10.0,1,3,1,0,12,True
2025-2025011102gm-00a9-0000-034cfa13-01-s2-d3,110,B,2,63,"[23500,19600,39100,17800]",1,10.0,1,3,3,0,12,True
2025-2025011102gm-00a9-0000-034cfa13-01-s2-d3,111,A,1,67,"[25100,29500,12200,32200]",4,-10.0,1,3,0,1,13,True
2025-2025011102gm-00a9-0000-034cfa13-01-s2-d3,111,B,2,63,"[34500,20200,23300,22000]",2,4.0,2,0,0,0,18,True
2025-2025011102gm-00a9-0000-034cfa13-01-s2-d3,112,A,1,67,"[24100,41500,-6100,40500]",4,-10.0,1,3,0,0,13,True
2025-2025011102gm-00a9-0000-034cfa13-01-s2-d3,112,B,2,63,"[26200,31100,8800,33900]",4,-10.0,1,3,1,0,12,True
2025-2025011102gm-00a9-0000-034cfa13-01-s2-d3,113,A,1,67,"[47900,-7000,29800,29300]",2,4.0,1,3,0,0,9,True
2025-2025011102gm-00a9-0000-034cfa13-01-s2-d3,113,B,2,63,"[31500,25300,27600,15600]",2,4.0,2,1,0,0,13,True
2025-2025011102gm-00a9-0000-034cfa13-01-s2-d3,114,A,1,67,"[22500,36500,30700,10300]",2,4.0,1,3,1,0,16,True
2025-2025011102gm-00a9-0000-034cfa13-01-s2-d3,114,B,2,63,"[7700,31900,19300,41100]",3,-4.0,1,3,0,0,11,True
2025-2025011102gm-00a9-0000-034cfa13-01-s2-d3,115,A,1,67,"[2500,28200,13000,56300]",3,-4.0,1,3,1,0,10,True
2025-2025011102gm-00a9-0000-034cfa13-01-s2-d3,115,B,2,63,"[2500,28200,13000,56300]",3,-4.0,1,3,1,0,10,True
2025-2025011102gm-00a9-0000-034cfa13-01-s2-d3,116,A,1,67,"[21800,9700,30700,37800]",2,4.0,1,3,0,0,9,True
2025-2025011102gm-00a9-0000-034cfa13-01-s2-d3,116,B,2,63,"[21800,9700,30700,37800]",2,4.0,1,3,0,0,9,True
2025-2025011102gm-00a9-0000-034cfa13-01-s2-d3,117,A,1,67,"[18700,31200,19200,30900]",3,-4.0,1,3,0,0,8,True
2025-2025011102gm-00a9-0000-034cfa13-01-s2-d3,117,B,2,63,"[44300,12600,35900,7200]",2,4.0,1,3,3,0,12,True
2025-2025011102gm-00a9-0000-034cfa13-01-s2-d3,118,A,1,67,"[15300,37000,37100,10600]",1,10.0,1,3,0,0,10,True
2025-2025011102gm-00a9-0000-034cfa13-01-s2-d3,118,B,2,63,"[15300,37000,37100,10600]",1,10.0,1,3,0,0,10,True
2025-2025011102gm-00a9-0000-034cfa13-01-s2-d3,119,A,1,67,"[41600,37400,24600,-3600]",3,-4.0,0,1,1,0,3,True
2025-2025011102gm-00a9-0000-034cfa13-01-s2-d3,119,B,2,63,"[41600,37400,24600,-3600]",3,-4.0,0,1,1,0,3,True
2025-2025011102gm-00a9-0000-034cfa13-01-s2-d3,120,A,1,67,"[9900,22600,36500,31000]",1,10.0,1,3,0,0,11,True
2025-2025011102gm-00a9-0000-034cfa13-01-s2-d3,120,B,2,63,"[9900,22600,36500,31000]",1,10.0,1,3,0,0,11,True
2025-2025011102gm-00a9-0000-034cfa13-01-s2-d3,121,A,1,67,"[50000,-6500,23300,33200]",3,-4.0,0,2,0,0,6,True
2025-2025011102gm-00a9-0000-034cfa13-01-s2-d3,121,B,2,63,"[29000,13600,20600,36800]",3,-4.0,1,3,1,0,14,True
2025-2025011102gm-00a9-0000-034cfa13-01-s2-d3,122,A,1,67,"[32000,36700,35200,-3900]",2,4.0,1,2,0,0,9,True
2025-2025011102gm-00a9-0000-034cfa13-01-s2-d3,122,B,2,63,"[16700,-3700,86800,200]",1,10.0,1,2,3,0,11,True
2025-2025011102gm-00a9-0000-034cfa13-01-s2-d3,123,A,1,67,"[6100,45100,28100,20700]",2,4.0,1,3,0,0,10,True
2025-2025011102gm-00a9-0000-034cfa13-01-s2-d3,123,B,2,63,"[6100,45100,28100,20700]",2,4.0,1,3,0,0,10,True
2025-2025011102gm-00a9-0000-034cfa13-01-s2-d3,124,A,1,67,"[20500,35000,18500,26000]",4,-10.0,1,3,0,0,9,True
2025-2025011102gm-00a9-0000-034cfa13-01-s2-d3,124,B,2,63,"[28600,33100,11000,27300]",4,-10.0,1,3,0,0,10,True
2025-2025011102gm-00a9-0000-034cfa13-01-s2-d3,125,A,1,67,"[65100,19000,12200,3700]",3,-4.0,1,3,1,0,11,True
2025-2025011102gm-00a9-0000-034cfa13-01-s2-d3,125,B,2,63,"[43800,33000,3400,19800]",4,-10.0,1,3,0,0,13,True
2025-2025011102gm-00a9-0000-034cfa13-01-s2-d3,126,A,1,67,"[14900,25800,15000,44300]",3,-4.0,1,3,0,0,8,True
2025-2025011102gm-00a9-0000-034cfa13-01-s2-d3,126,B,2,63,"[25400,30000,16700,27900]",4,-10.0,1,3,0,0,9,True
2025-2025011102gm-00a9-0000-034cfa13-01-s2-d3,127,A,1,67,"[-1700,26400,41400,33900]",1,10.0,0,3,0,0,6,True
2025-2025011102gm-00a9-0000-034cfa13-01-s2-d3,127,B,2,63,"[-1700,26400,41400,33900]",1,10.0,0,3,0,0,6,True
2025-2025011102gm-00a9-0000-034cfa13-01-s2-d3,128,A,1,67,"[40300,2400,40000,17300]",2,4.0,1,3,0,0,11,True
2025-2025011102gm-00a9-0000-034cfa13-01-s2-d3,128,B,2,63,"[4800,21500,44700,29000]",1,10.0,1,3,2,0,10,True
2025-2025011102gm-00a9-0000-034cfa13-01-s2-d3,129,A,1,67,"[12100,30000,37000,20900]",1,10.0,1,3,0,0,9,True
2025-2025011102gm-00a9-0000-034cfa13-01-s2-d3,129,B,2,63,"[42300,-1900,38100,21500]",2,4.0,1,0,0,0,7,True
2025-2025011102gm-00a9-0000-034cfa13-01-s2-d3,130,A,1,67,"[28800,18000,42500,8700]",1,10.0,1,3,4,2,10,True
2025-2025011102gm-00a9-0000-034cfa13-01-s2-d3,130,B,2,63,"[28800,18000,42500,8700]",1,10.0,1,3,4,2,10,True
2025-2025011102gm-00a9-0000-034cfa13-01-s2-d3,131,A,1,67,"[32000,4900,46600,16500]",1,10.0,1,3,3,0,11,True
2025-2025011102gm-00a9-0000-034cfa13-01-s2-d3,131,B,2,63,"[32000,4900,46600,16500]",1,10.0,1,3,3,0,11,True
2025-2025011102gm-00a9-0000-034cfa13-01-s2-d3,132,A,1,67,"[62500,9200,12700,15600]",3,-4.0,1,3,0,0,11,True
2025-2025011102gm-00a9-0000-034cfa13-01-s2-d3,132,B,2,63,"[64000,18900,-2300,19400]",4,-10.0,1,0,1,0,8,True
2025-2025011102gm-00a9-0000-034cfa13-01-s2-d3,133,A,1,67,"[24300,17600,27800,30300]",2,4.0,1,3,0,0,10,True
2025-2025011102gm-00a9-0000-034cfa13-01-s2-d3,133,B,2,63,"[24300,17600,27800,30300]",2,4.0,1,3,0,0,10,True
2025-2025011102gm-00a9-0000-034cfa13-01-s2-d3,134,A,1,67,"[28000,33700,22300,16000]",3,-4.0,1,3,0,0,10,True
2025-2025011102gm-00a9-0000-034cfa13-01-s2-d3,134,B,2,63,"[28000,33700,22300,16000]",3,-4.0,1,3,0,0,10,True
2025-2025011102gm-00a9-0000-034cfa13-01-s2-d3,135,A,1,67,"[23900,33400,24700,18000]",2,4.0,1,3,0,0,9,True
2025-2025011102gm-00a9-0000-034cfa13-01-s2-d3,135,B,2,63,"[23900,33400,24700,18000]",2,4.0,1,3,0,0,9,True
2025-2025011102gm-00a9-0000-034cfa13-01-s2-d3,136,A,1,67,"[29100,-2900,47900,25900]",1,10.0,1,2,0,0,9,True
2025-2025011102gm-00a9-0000-034cfa13-01-s2-d3,136,B,2,63,"[26400,24100,14000,35500]",4,-10.0,1,3,0,0,10,True
2025-2025011102gm-00a9-0000-034cfa13-01-s2-d3,137,A,1,67,"[30900,32400,30400,6300]",3,-4.0,1,3,0,0,10,True
2025-2025011102gm-00a9-0000-034cfa13-01-s2-d3,137,B,2,63,"[30900,32400,30400,6300]",3,-4.0,1,3,0,0,10,True
2025-2025011102gm-00a9-0000-034cfa13-01-s2-d3,138,A,1,67,"[26800,47800,8000,17400]",4,-10.0,1,3,0,0,10,True
2025-2025011102gm-00a9-0000-034cfa13-01-s2-d3,138,B,2,63,"[26800,47800,8000,17400]",4,-10.0,1,3,0,0,10,True
2025-2025011102gm-00a9-0000-034cfa13-01-s2-d3,139,A,1,67,"[34700,8200,28500,28600]",3,-4.0,1,3,0,0,10,True
2025-2025011102gm-00a9-0000-034cfa13-01-s2-d3,139,B,2,63,"[34700,8200,28500,28600]",3,-4.0,1,3,0,0,10,True
2025-2025011102gm-00a9-0000-034cfa13-01-s2-d3,140,A,1,67,"[7700,23700,37000,31600]",1,10.0,1,3,0,0,10,True
2025-2025011102gm-00a9-0000-034cfa13-01-s2-d3,140,B,2,63,"[7700,23700,37000,31600]",1,10.0,1,3,0,0,10,True
2025-2025011102gm-00a9-0000-034cfa13-01-s2-d3,141,A,1,67,"[31800,35000,33800,-600]",2,4.0,1,3,0,0,10,True
2025-2025011102gm-00a9-0000-034cfa13-01-s2-d3,141,B,2,63,"[11000,29800,52800,6400]",1,10.0,1,3,2,0,11,True
2025-2025011102gm-00a9-0000-034cfa13-01-s2-d3,142,A,1,67,"[42200,23600,-3400,37600]",4,-10.0,0,2,0,0,5,True
2025-2025011102gm-00a9-0000-034cfa13-01-s2-d3,142,B,2,63,"[42200,23600,-3400,37600]",4,-10.0,0,2,0,0,5,True
2025-2025011102gm-00a9-0000-034cfa13-01-s2-d3,143,A,1,67,"[52400,40700,-300,7200]",4,-10.0,0,3,0,0,6,True
2025-2025011102gm-00a9-0000-034cfa13-01-s2-d3,143,B,2,63,"[52400,40700,-300,7200]",4,-10.0,0,3,0,0,6,True
2025-2025011102gm-00a9-0000-034cfa13-01-s2-d3,144,A,1,67,"[23200,20300,19800,36700]",4,-10.0,1,3,0,0,8,True
2025-2025011102gm-00a9-0000-034cfa13-01-s2-d3,144,B,2,63,"[23200,20300,19800,36700]",4,-10.0,1,3,0,0,8,True
2025-2025011102gm-00a9-0000-034cfa13-01-s2-d3,145,A,1,67,"[33400,31600,15600,19400]",4,-10.0,1,3,0,0,8,True
2025-2025011102gm-00a9-0000-034cfa13-01-s2-d3,145,B,2,63,"[33400,31600,15600,19400]",4,-10.0,1,3,0,0,8,True
2025-2025011102gm-00a9-0000-034cfa13-01-s2-d3,146,A,1,67,"[9200,24800,24900,41100]",2,4.0,1,3,1,0,9,True
2025-2025011102gm-00a9-0000-034cfa13-01-s2-d3,146,B,2,63,"[40300,28200,35200,-3700]",2,4.0,1,1,0,0,9,True
2025-2025011102gm-00a9-0000-034cfa13-01-s2-d3,147,A,1,67,"[66500,-1100,18000,15600]",2,4.0,1,3,1,1,12,True
2025-2025011102gm-00a9-0000-034cfa13-01-s2-d3,147,B,2,63,"[56400,16700,11800,15100]",4,-10.0,1,3,0,0,12,True
2025-2025011102gm-00a9-0000-034cfa13-01-s2-d3,148,A,1,67,"[50900,10700,40400,-2000]",2,4.0,1,3,0,0,12,True
2025-2025011102gm-00a9-0000-034cfa13-01-s2-d3,148,B,2,63,"[12700,27500,38400,21400]",1,10.0,1,3,0,0,9,True
2025-2025011102gm-00a9-0000-034cfa13-01-s2-d3,149,A,1,67,"[37700,14500,27900,19900]",2,4.0,1,3,0,0,9,True
2025-2025011102gm-00a9-0000-034cfa13-01-s2-d3,149,B,2,63,"[39900,6000,42400,11700]",1,10.0,1,3,0,0,9,True
2025-2025011102gm-00a9-0000-034cfa13-01-s2-d3,150,A,1,67,"[11800,23500,32700,32000]",1,10.0,1,3,0,0,10,True
2025-2025011102gm-00a9-0000-034cfa13-01-s2-d3,150,B,2,63,"[22000,32400,32500,13100]",1,10.0,1,3,0,0,14,True
2025-2025011102gm-00a9-0000-034cfa13-01-s2-d3,151,A,1,67,"[48500,21000,30600,-100]",2,4.0,1,0,0,0,5,True
2025-2025011102gm-00a9-0000-034cfa13-01-s2-d3,151,B,2,63,"[39600,13100,42300,5000]",1,10.0,1,3,1,0,10,True
2025-2025011102gm-00a9-0000-034cfa13-01-s2-d3,152,A,1,67,"[43800,-400,28100,28500]",3,-4.0,1,3,0,0,12,True
2025-2025011102gm-00a9-0000-034cfa13-01-s2-d3,152,B,2,63,"[43800,-400,28100,28500]",3,-4.0,1,3,0,0,12,True
2025-2025011102gm-00a9-0000-034cfa13-01-s2-d3,153,A,1,67,"[36600,39900,12100,11400]",3,-4.0,1,3,0,0,14,True
2025-2025011102gm-00a9-0000-034cfa13-01-s2-d3,153,B,2,63,"[36600,39900,12100,11400]",3,-4.0,1,3,0,0,14,True
2025-2025011102gm-00a9-0000-034cfa13-01-s2-d3,154,A,1,67,"[24300,14500,36500,24700]",1,10.0,1,3,0,0,10,True
2025-2025011102gm-00a9-0000-034cfa13-01-s2-d3,154,B,2,63,"[24300,14500,36500,24700]",1,10.0,1,3,0,0,10,True
2025-2025011102gm-00a9-0000-034cfa13-01-s2-d3,155,A,1,67,"[23100,38500,26700,11700]",2,4.0,1,3,1,0,10,True
2025-2025011102gm-00a9-0000-034cfa13-01-s2-d3,155,B,2,63,"[23100,38500,26700,11700]",2,4.0,1,3,1,0,10,True
2025-2025011102gm-00a9-0000-034cfa13-01-s2-d3,156,A,1,67,"[15400,28600,17300,38700]",3,-4.0,1,3,0,0,8,True
2025-2025011102gm-00a9-0000-034cfa13-01-s2-d3,156,B,2,63,"[15400,28600,17300,38700]",3,-4.0,1,3,0,0,8,True
2025-2025011102gm-00a9-0000-034cfa13-01-s2-d3,157,A,1,67,"[23500,33000,7100,36400]",4,-10.0,1,3,0,0,10,True
2025-2025011102gm-00a9-0000-034cfa13-01-s2-d3,157,B,2,63,"[23500,33000,7100,36400]",4,-10.0,1,3,0,0,10,True
2025-2025011102gm-00a9-0000-034cfa13-01-s2-d3,158,A,1,67,"[42500,31000,25200,1300]",3,-4.0,1,3,0,0,10,True
2025-2025011102gm-00a9-0000-034cfa13-01-s2-d3,158,B,2,63,"[42500,31000,25200,1300]",3,-4.0,1,3,0,0,10,True
2025-2025011102gm-00a9-0000-034cfa13-01-s2-d3,159,A,1,67,"[40000,9100,12300,38600]",3,-4.0,1,3,0,0,9,True
2025-2025011102gm-00a9-0000-034cfa13-01-s2-d3,159,B,2,63,"[40000,9100,12300,38600]",3,-4.0,1,3,0,0,9,True
2025-2025011102gm-00a9-0000-034cfa13-01-s2-d3,160,A,1,67,"[20000,14700,31400,33900]",2,4.0,1,3,0,0,8,True
2025-2025011102gm-00a9-0000-034cfa13-01-s2-d3,160,B,2,63,"[20000,14700,31400,33900]",2,4.0,1,3,0,0,8,True
2025-2025011102gm-00a9-0000-034cfa13-01-s2-d3,161,A,1,67,"[31600,16300,32700,19400]",1,10.0,1,3,2,0,12,True
2025-2025011102gm-00a9-0000-034cfa13-01-s2-d3,161,B,2,63,"[49400,13400,22400,14800]",2,4.0,1,3,2,0,12,True
2025-2025011102gm-00a9-0000-034cfa13-01-s2-d3,162,A,1,67,"[25700,28700,41600,4000]",1,10.0,1,3,0,0,9,True
2025-2025011102gm-00a9-0000-034cfa13-01-s2-d3,162,B,2,63,"[25700,28700,41600,4000]",1,10.0,1,3,0,0,9,True
2025-2025011102gm-00a9-0000-034cfa13-01-s2-d3,163,A,1,67,"[-5800,23000,40000,42800]",2,4.0,1,1,0,0,6,True
2025-2025011102gm-00a9-0000-034cfa13-01-s2-d3,163,B,2,63,"[-5800,23000,40000,42800]",2,4.0,1,1,0,0,6,True
2025-2025011102gm-00a9-0000-034cfa13-01-s2-d3,164,A,1,67,"[34000,22800,-200,42400]",4,-10.0,0,3,0,1,5,True
2025-2025011102gm-00a9-0000-034cfa13-01-s2-d3,164,B,2,63,"[7900,22600,19000,50500]",3,-4.0,1,3,2,0,10,True
2025-2025011102gm-00a9-0000-034cfa13-01-s2-d3,165,A,1,67,"[28900,17400,7400,46300]",4,-10.0,1,3,0,0,11,True
2025-2025011102gm-00a9-0000-034cfa13-01-s2-d3,165,B,2,63,"[28900,17400,7400,46300]",4,-10.0,1,3,0,0,11,True
2025-2025011102gm-00a9-0000-034cfa13-01-s2-d3,166,A,1,67,"[34500,-3100,39500,29100]",1,10.0,1,3,1,0,12,True
2025-2025011102gm-00a9-0000-034cfa13-01-s2-d3,166,B,2,63,"[30700,15700,39700,12900]",1,10.0,1,3,1,1,10,True
2025-2025011102gm-00a9-0000-034cfa13-01-s2-d3,167,A,1,67,"[37300,6300,12600,43800]",3,-4.0,1,3,2,0,11,True
2025-2025011102gm-00a9-0000-034cfa13-01-s2-d3,167,B,2,63,"[37300,6300,12600,43800]",3,-4.0,1,3,2,0,11,True
2025-2025011102gm-00a9-0000-034cfa13-01-s2-d3,168,A,1,67,"[58700,5700,28900,6700]",2,4.0,1,3,1,0,12,True
2025-2025011102gm-00a9-0000-034cfa13-01-s2-d3,168,B,2,63,"[58700,5700,28900,6700]",2,4.0,1,3,1,0,12,True
2025-2025011102gm-00a9-0000-034cfa13-01-s2-d3,169,A,1,67,"[37800,32200,17700,12300]",3,-4.0,1,3,0,0,12,True
2025-2025011102gm-00a9-0000-034cfa13-01-s2-d3,169,B,2,63,"[37800,32200,17700,12300]",3,-4.0,1,3,0,0,12,True
2025-2025011102gm-00a9-0000-034cfa13-01-s2-d3,170,A,1,67,"[23800,18600,26300,31300]",2,4.0,1,3,0,0,10,True
2025-2025011102gm-00a9-0000-034cfa13-01-s2-d3,170,B,2,63,"[49500,9900,38200,2400]",2,4.0,1,3,0,0,9,True
2025-2025011102gm-00a9-0000-034cfa13-01-s2-d3,171,A,1,67,"[30700,26200,19500,23600]",4,-10.0,1,3,0,0,9,True
2025-2025011102gm-00a9-0000-034cfa13-01-s2-d3,171,B,2,63,"[30700,26200,19500,23600]",4,-10.0,1,3,0,0,9,True
2025-2025011102gm-00a9-0000-034cfa13-01-s2-d3,172,A,1,67,"[29700,37000,5400,27900]",4,-10.0,1,3,0,0,10,True
2025-2025011102gm-00a9-0000-034cfa13-01-s2-d3,172,B,2,63,"[29700,37000,5400,27900]",4,-10.0,1,3,0,0,10,True
2025-2025011102gm-00a9-0000-034cfa13-01-s2-d3,173,A,1,67,"[55400,28500,13500,2600]",3,-4.0,1,3,0,0,13,True
2025-2025011102gm-00a9-0000-034cfa13-01-s2-d3,173,B,2,63,"[19100,27000,16200,37700]",4,-10.0,2,0,0,0,11,True
2025-2025011102gm-00a9-0000-034cfa13-01-s2-d3,174,A,1,67,"[42800,-2500,46500,13200]",1,10.0,1,2,0,0,9,True
2025-2025011102gm-00a9-0000-034cfa13-01-s2-d3,174,B,2,63,"[42800,-2500,46500,13200]",1,10.0,1,2,0,0,9,True
2025-2025011102gm-00a9-0000-034cfa13-01-s2-d3,175,A,1,67,"[30800,-4800,30600,43400]",3,-4.0,1,3,0,0,8,True
2025-2025011102gm-00a9-0000-034cfa13-01-s2-d3,175,B,2,63,"[30800,-4800,30600,43400]",3,-4.0,1,3,0,0,8,True
2025-2025011102gm-00a9-0000-034cfa13-01-s2-d3,176,A,1,67,"[20300,43300,5600,30800]",4,-10.0,1,3,0,0,12,True
2025-2025011102gm-00a9-0000-034cfa13-01-s2-d3,176,B,2,63,"[-1800,25500,42900,33400]",1,10.0,0,3,2,0,5,True
2025-2025011102gm-00a9-0000-034cfa13-01-s2-d3,177,A,1,67,"[43200,28300,9300,19200]",4,-10.0,1,3,0,0,11,True
2025-2025011102gm-00a9-0000-034cfa13-01-s2-d3,177,B,2,63,"[37600,34000,33200,-4800]",3,-4.0,1,3,1,0,11,True
2025-2025011102gm-00a9-0000-034cfa13-01-s2-d3,178,A,1,67,"[33200,10100,41000,15700]",1,10.0,1,3,1,0,11,True
2025-2025011102gm-00a9-0000-034cfa13-01-s2-d3,178,B,2,63,"[33200,10100,41000,15700]",1,10.0,1,3,1,0,11,True
2025-2025011102gm-00a9-0000-034cfa13-01-s2-d3,179,A,1,67,"[24000,43400,18900,13700]",3,-4.0,1,3,1,0,14,True
2025-2025011102gm-00a9-0000-034cfa13-01-s2-d3,179,B,2,63,"[24000,43400,18900,13700]",3,-4.0,1,3,1,0,14,True
2025-2025011102gm-00a9-0000-034cfa13-01-s2-d3,180,A,1,67,"[28200,30000,34000,7800]",1,10.0,1,3,3,0,12,True
2025-2025011102gm-00a9-0000-034cfa13-01-s2-d3,180,B,2,63,"[28200,30000,34000,7800]",1,10.0,1,3,3,0,12,True
2025-2025011102gm-00a9-0000-034cfa13-01-s2-d3,181,A,1,67,"[58000,37400,8700,-4100]",3,-4.0,1,0,0,0,10,True
2025-2025011102gm-00a9-0000-034cfa13-01-s2-d3,181,B,2,63,"[58000,37400,8700,-4100]",3,-4.0,1,0,0,0,10,True
2025-2025011102gm-00a9-0000-034cfa13-01-s2-d3,182,A,1,67,"[17900,32700,25000,24400]",2,4.0,2,0,1,0,10,True
2025-2025011102gm-00a9-0000-034cfa13-01-s2-d3,182,B,2,63,"[17900,32700,25000,24400]",2,4.0,2,0,1,0,10,True
2025-2025011102gm-00a9-0000-034cfa13-01-s2-d3,183,A,1,67,"[29400,30400,3700,36500]",4,-10.0,1,3,0,0,12,True
2025-2025011102gm-00a9-0000-034cfa13-01-s2-d3,183,B,2,63,"[31200,25100,16600,27100]",4,-10.0,1,3,0,0,11,True
2025-2025011102gm-00a9-0000-034cfa13-01-s2-d3,184,A,1,67,"[45100,16200,19100,19600]",3,-4.0,1,3,1,0,9,True
2025-2025011102gm-00a9-0000-034cfa13-01-s2-d3,184,B,2,63,"[-2300,29100,27400,45800]",3,-4.0,1,1,0,0,8,True
2025-2025011102gm-00a9-0000-034cfa13-01-s2-d3,185,A,1,67,"[59100,-700,27200,14400]",2,4.0,1,2,1,0,10,True
2025-2025011102gm-00a9-0000-034cfa13-01-s2-d3,185,B,2,63,"[59100,-700,27200,14400]",2,4.0,1,2,1,0,10,True
2025-2025011102gm-00a9-0000-034cfa13-01-s2-d3,186,A,1,67,"[43000,7600,23400,26000]",3,-4.0,1,3,4,0,10,True
2025-2025011102gm-00a9-0000-034cfa13-01-s2-d3,186,B,2,63,"[43000,7600,23400,26000]",3,-4.0,1,3,4,0,10,True
2025-2025011102gm-00a9-0000-034cfa13-01-s2-d3,187,A,1,67,"[37200,29800,11600,21400]",4,-10.0,1,3,1,0,11,True
2025-2025011102gm-00a9-0000-034cfa13-01-s2-d3,187,B,2,63,"[37200,29800,11600,21400]",4,-10.0,1,3,1,0,11,True
2025-2025011102gm-00a9-0000-034cfa13-01-s2-d3,188,A,1,67,"[18600,41000,46200,-5800]",1,10.0,1,2,0,0,8,True
2025-2025011102gm-00a9-0000-034cfa13-01-s2-d3,188,B,2,63,"[18600,41000,46200,-5800]",1,10.0,1,2,0,0,8,True
2025-2025011102gm-00a9-0000-034cfa13-01-s2-d3,189,A,1,67,"[38800,15800,900,44500]",4,-10.0,1,3,0,0,11,True
2025-2025011102gm-00a9-0000-034cfa13-01-s2-d3,189,B,2,63,"[38800,15800,900,44500]",4,-10.0,1,3,0,0,11,True
2025-2025011102gm-00a9-0000-034cfa13-01-s2-d3,190,A,1,67,"[34900,25100,36200,3800]",1,10.0,1,3,0,0,9,True
2025-2025011102gm-00a9-0000-034cfa13-01-s2-d3,190,B,2,63,"[34900,25100,36200,3800]",1,10.0,1,3,0,0,9,True
2025-2025011102gm-00a9-0000-034cfa13-01-s2-d3,191,A,1,67,"[200,25700,36400,37700]",2,4.0,1,3,0,0,12,True
2025-2025011102gm-00a9-0000-034cfa13-01-s2-d3,191,B,2,63,"[59300,21300,3500,15900]",4,-10.0,1,3,0,0,11,True
2025-2025011102gm-00a9-0000-034cfa13-01-s2-d3,192,A,1,67,"[49400,12400,44700,-6500]",2,4.0,1,3,0,0,11,True
2025-2025011102gm-00a9-0000-034cfa13-01-s2-d3,192,B,2,63,"[49400,12400,44700,-6500]",2,4.0,1,3,0,0,11,True
2025-2025011102gm-00a9-0000-034cfa13-01-s2-d3,193,A,1,67,"[29500,38200,17600,14700]",3,-4.0,1,3,0,0,8,True
2025-2025011102gm-00a9-0000-034cfa13-01-s2-d3,193,B,2,63,"[29500,38200,17600,14700]",3,-4.0,1,3,0,0,8,True
2025-2025011102gm-00a9-0000-034cfa13-01-s2-d3,194,A,1,67,"[24000,11300,31200,33500]",2,4.0,1,3,0,0,11,True
2025-2025011102gm-00a9-0000-034cfa13-01-s2-d3,194,B,2,63,"[24000,11300,31200,33500]",2,4.0,1,3,0,0,11,True
2025-2025011102gm-00a9-0000-034cfa13-01-s2-d3,195,A,1,67,"[20000,37900,19300,22800]",4,-10.0,2,1,0,0,12,True
2025-2025011102gm-00a9-0000-034cfa13-01-s2-d3,195,B,2,63,"[20000,37900,19300,22800]",4,-10.0,2,1,0,0,12,True
2025-2025011102gm-00a9-0000-034cfa13-01-s2-d3,196,A,1,67,"[13900,39700,17400,29000]",3,-4.0,1,3,1,0,12,True
2025-2025011102gm-00a9-0000-034cfa13-01-s2-d3,196,B,2,63,"[13900,39700,17400,29000]",3,-4.0,1,3,1,0,12,True
2025-2025011102gm-00a9-0000-034cfa13-01-s2-d3,197,A,1,67,"[39300,22900,28700,9100]",2,4.0,1,3,1,0,12,True
2025-2025011102gm-00a9-0000-034cfa13-01-s2-d3,197,B,2,63,"[39300,22900,28700,9100]",2,4.0,1,3,1,0,12,True
2025-2025011102gm-00a9-0000-034cfa13-01-s2-d3,198,A,1,67,"[78400,18300,-4500,7800]",4,-10.0,0,1,0,0,5,True
2025-2025011102gm-00a9-0000-034cfa13-01-s2-d3,198,B,2,63,"[78400,18300,-4500,7800]",4,-10.0,0,1,0,0,5,True
2025-2025011102gm-00a9-0000-034cfa13-01-s2-d3,199,A,1,67,"[8400,33800,25300,32500]",3,-4.0,1,3,0,0,10,True
2025-2025011102gm-00a9-0000-034cfa13-01-s2-d3,199,B,2,63,"[8400,33800,25300,32500]",3,-4.0,1,3,0,0,10,True
2025-2025011102gm-00a9-0000-034cfa13-01-s2-d3,200,A,1,67,"[25100,28200,33400,13300]",1,10.0,1,3,2,0,11,True
2025-2025011102gm-00a9-0000-034cfa13-01-s2-d3,200,B,2,63,"[20700,23900,37700,17700]",1,10.0,1,3,3,0,10,True
2025-2025011102gm-00a9-0000-034cfa13-01-s2-d3,201,A,1,67,"[30700,13000,12200,44100]",4,-10.0,1,3,0,0,11,True
2025-2025011102gm-00a9-0000-034cfa13-01-s2-d3,201,B,2,63,"[30200,-500,27200,43100]",3,-4.0,1,1,0,0,8,True
2025-2025011102gm-00a9-0000-034cfa13-01-s2-d3,202,A,1,67,"[43600,32100,3500,20800]",4,-10.0,1,3,0,0,10,True
2025-2025011102gm-00a9-0000-034cfa13-01-s2-d3,202,B,2,63,"[43600,32100,3500,20800]",4,-10.0,1,3,0,0,10,True
2025-2025011102gm-00a9-0000-034cfa13-01-s2-d3,203,A,1,67,"[14300,37800,29700,18200]",2,4.0,1,3,3,0,11,True
2025-2025011102gm-00a9-0000-034cfa13-01-s2-d3,203,B,2,63,"[14300,37800,29700,18200]",2,4.0,1,3,3,0,11,True
2025-2025011102gm-00a9-0000-034cfa13-01-s2-d3,204,A,1,67,"[17400,32400,29000,21200]",2,4.0,2,0,0,0,14,True
2025-2025011102gm-00a9-0000-034cfa13-01-s2-d3,204,B,2,63,"[17400,32400,29000,21200]",2,4.0,2,0,0,0,14,True
2025-2025011102gm-00a9-0000-034cfa13-01-s2-d3,205,A,1,67,"[36800,26100,16500,20600]",4,-10.0,1,3,0,0,12,True
2025-2025011102gm-00a9-0000-034cfa13-01-s2-d3,205,B,2,63,"[35200,15500,33700,15600]",2,4.0,1,3,0,0,13,True
2025-2025011102gm-00a9-0000-034cfa13-01-s2-d3,206,A,1,67,"[30800,20600,20900,27700]",3,-4.0,1,3,0,0,9,True
2025-2025011102gm-00a9-0000-034cfa13-01-s2-d3,206,B,2,63,"[34900,29200,17500,18400]",4,-10.0,1,3,1,0,9,True
2025-2025011102gm-00a9-0000-034cfa13-01-s2-d3,207,A,1,67,"[50300,15800,23300,10600]",2,4.0,1,3,2,0,13,True
2025-2025011102gm-00a9-0000-034cfa13-01-s2-d3,207,B,2,63,"[36100,-500,17800,46600]",3,-4.0,1,2,0,0,11,True
2025-2025011102gm-00a9-0000-034cfa13-01-s2-d3,208,A,1,67,"[12500,8100,33800,45600]",2,4.0,1,3,0,0,12,True
2025-2025011102gm-00a9-0000-034cfa13-01-s2-d3,208,B,2,63,"[12500,8100,33800,45600]",2,4.0,1,3,0,0,12,True
2025-2025011102gm-00a9-0000-034cfa13-01-s2-d3,209,A,1,67,"[26200,32600,1600,39600]",4,-10.0,1,3,0,0,11,True
2025-2025011102gm-00a9-0000-034cfa13-01-s2-d3,209,B,2,63,"[22200,16800,26100,34900]",2,4.0,1,3,0,0,10,True
2025-2025011102gm-00a9-0000-034cfa13-01-s2-d3,210,A,1,67,"[23300,23900,32200,20600]",1,10.0,1,3,1,0,10,True
2025-2025011102gm-00a9-0000-034cfa13-01-s2-d3,210,B,2,63,"[23300,23900,32200,20600]",1,10.0,1,3,1,0,10,True
2025-2025011102gm-00a9-0000-034cfa13-01-s2-d3,211,A,1,67,"[39600,39200,17500,3700]",3,-4.0,1,3,0,0,8,True
2025-2025011102gm-00a9-0000-034cfa13-01-s2-d3,211,B,2,63,"[39600,39200,17500,3700]",3,-4.0,1,3,0,0,8,True
2025-2025011102gm-00a9-0000-034cfa13-01-s2-d3,212,A,1,67,"[26200,6900,24500,42400]",3,-4.0,1,3,0,0,10,True
2025-2025011102gm-00a9-0000-034cfa13-01-s2-d3,212,B,2,63,"[26200,6900,24500,42400]",3,-4.0,1,3,0,0,10,True
2025-2025011102gm-00a9-0000-034cfa13-01-s2-d3,213,A,1,67,"[10500,36200,30600,22700]",2,4.0,1,3,2,0,9,True
2025-2025011102gm-00a9-0000-034cfa13-01-s2-d3,213,B,2,63,"[10500,36200,30600,22700]",2,4.0,1,3,2,0,9,True
2025-2025011102gm-00a9-0000-034cfa13-01-s2-d3,214,A,1,67,"[2400,39400,14300,43900]",3,-4.0,1,3,0,0,12,True
2025-2025011102gm-00a9-0000-034cfa13-01-s2-d3,214,B,2,63,"[2400,39400,14300,43900]",3,-4.0,1,3,0,0,12,True
2025-2025011102gm-00a9-0000-034cfa13-01-s2-d3,215,A,1,67,"[23100,19400,35600,21900]",1,10.0,1,3,0,0,9,True
2025-2025011102gm-00a9-0000-034cfa13-01-s2-d3,215,B,2,63,"[23100,19400,35600,21900]",1,10.0,1,3,0,0,9,True
2025-2025011102gm-00a9-0000-034cfa13-01-s2-d3,216,A,1,67,"[20100,36400,28200,15300]",2,4.0,1,3,1,0,13,True
2025-2025011102gm-00a9-0000-034cfa13-01-s2-d3,216,B,2,63,"[45900,4300,23700,26100]",3,-4.0,1,3,2,0,11,True
2025-2025011102gm-00a9-0000-034cfa13-01-s2-d3,217,A,1,67,"[45500,-400,35200,19700]",2,4.0,1,0,0,0,7,True
2025-2025011102gm-00a9-0000-034cfa13-01-s2-d3,217,B,2,63,"[45500,-400,35200,19700]",2,4.0,1,0,0,0,7,True
2025-2025011102gm-00a9-0000-034cfa13-01-s2-d3,218,A,1,67,"[16000,19000,36800,28200]",1,10.0,1,3,0,0,11,True
2025-2025011102gm-00a9-0000-034cfa13-01-s2-d3,218,B,2,63,"[57800,18700,16700,6800]",3,-4.0,1,3,0,0,13,True
2025-2025011102gm-00a9-0000-034cfa13-01-s2-d3,219,A,1,67,"[28400,9700,62600,-700]",1,10.0,1,3,0,0,11,True
2025-2025011102gm-00a9-0000-034cfa13-01-s2-d3,219,B,2,63,"[2200,41900,44300,11600]",1,10.0,1,3,0,0,11,True
2025-2025011102gm-00a9-0000-034cfa13-01-s2-d3,220,A,1,67,"[19300,28200,31500,21000]",1,10.0,1,3,0,0,12,True
2025-2025011102gm-00a9-0000-034cfa13-01-s2-d3,220,B,2,63,"[26300,33300,22300,18100]",3,-4.0,1,3,1,0,11,True
2025-2025011102gm-00a9-0000-034cfa13-01-s2-d3,221,A,1,67,"[22800,31700,8900,36600]",4,-10.0,1,3,0,0,10,True
2025-2025011102gm-00a9-0000-034cfa13-01-s2-d3,221,B,2,63,"[38100,4000,26400,31500]",3,-4.0,1,3,0,0,9,True
2025-2025011102gm-00a9-0000-034cfa13-01-s2-d3,222,A,1,67,"[69600,-3200,11600,22000]",3,-4.0,1,3,0,0,13,True
2025-2025011102gm-00a9-0000-034cfa13-01-s2-d3,222,B,2,63,"[69600,-3200,11600,22000]",3,-4.0,1,3,0,0,13,True
2025-2025011102gm-00a9-0000-034cfa13-01-s2-d3,223,A,1,67,"[10600,38300,21600,29500]",3,-4.0,1,3,0,0,12,True
2025-2025011102gm-00a9-0000-034cfa13-01-s2-d3,223,B,2,63,"[10600,38300,21600,29500]",3,-4.0,1,3,0,0,12,True
2025-2025011102gm-00a9-0000-034cfa13-01-s2-d3,224,A,1,67,"[15400,25200,39300,20100]",1,10.0,1,3,4,0,13,True
2025-2025011102gm-00a9-0000-034cfa13-01-s2-d3,224,B,2,63,"[15400,25200,39300,20100]",1,10.0,1,3,4,0,13,True
2025-2025011102gm-00a9-0000-034cfa13-01-s2-d3,225,A,1,67,"[34800,24400,15100,25700]",4,-10.0,1,3,1,0,12,True
2025-2025011102gm-00a9-0000-034cfa13-01-s2-d3,225,B,2,63,"[34800,24400,15100,25700]",4,-10.0,1,3,1,0,12,True
2025-2025011102gm-00a9-0000-034cfa13-01-s2-d3,226,A,1,67,"[40200,12000,17500,30300]",3,-4.0,1,3,0,0,10,True
2025-2025011102gm-00a9-0000-034cfa13-01-s2-d3,226,B,2,63,"[40200,12000,17500,30300]",3,-4.0,1,3,0,0,10,True
2025-2025011102gm-00a9-0000-034cfa13-01-s2-d3,227,A,1,67,"[73900,4800,24000,-2700]",2,4.0,1,3,2,0,10,True
2025-2025011102gm-00a9-0000-034cfa13-01-s2-d3,227,B,2,63,"[41400,30100,5800,22700]",4,-10.0,1,3,1,0,10,True
2025-2025011102gm-00a9-0000-034cfa13-01-s2-d3,228,A,1,67,"[33400,17500,17700,31400]",3,-4.0,1,3,0,0,10,True
2025-2025011102gm-00a9-0000-034cfa13-01-s2-d3,228,B,2,63,"[33400,17500,17700,31400]",3,-4.0,1,3,0,0,10,True
2025-2025011102gm-00a9-0000-034cfa13-01-s2-d3,229,A,1,67,"[31500,33300,15900,19300]",4,-10.0,1,3,0,0,9,True
2025-2025011102gm-00a9-0000-034cfa13-01-s2-d3,229,B,2,63,"[33900,30900,7200,28000]",4,-10.0,1,3,0,0,11,True
2025-2025011102gm-00a9-0000-034cfa13-01-s2-d3,230,A,1,67,"[27300,24700,8600,39400]",4,-10.0,1,3,0,0,11,True
2025-2025011102gm-00a9-0000-034cfa13-01-s2-d3,230,B,2,63,"[27300,24700,8600,39400]",4,-10.0,1,3,0,0,11,True
2025-2025011102gm-00a9-0000-034cfa13-01-s2-d3,231,A,1,67,"[24500,-1500,38600,38400]",1,10.0,1,2,1,0,9,True
2025-2025011102gm-00a9-0000-034cfa13-01-s2-d3,231,B,2,63,"[18700,40600,43200,-2500]",1,10.0,1,2,0,0,10,True
2025-2025011102gm-00a9-0000-034cfa13-01-s2-d3,232,A,1,67,"[51400,11200,15700,21700]",3,-4.0,1,3,1,0,10,True
2025-2025011102gm-00a9-0000-034cfa13-01-s2-d3,232,B,2,63,"[51400,11200,15700,21700]",3,-4.0,1,3,1,0,10,True
2025-2025011102gm-00a9-0000-034cfa13-01-s2-d3,233,A,1,67,"[47100,47700,-21200,26400]",4,-10.0,1,1,0,0,6,True
2025-2025011102gm-00a9-0000-034cfa13-01-s2-d3,233,B,2,63,"[25700,19600,21600,33100]",3,-4.0,2,1,0,0,11,True
2025-2025011102gm-00a9-0000-034cfa13-01-s2-d3,234,A,1,67,"[22700,4800,28000,44500]",2,4.0,1,3,0,0,10,True
2025-2025011102gm-00a9-0000-034cfa13-01-s2-d3,234,B,2,63,"[22700,4800,28000,44500]",2,4.0,1,3,0,0,10,True
2025-2025011102gm-00a9-0000-034cfa13-01-s2-d3,235,A,1,67,"[6800,34400,17000,41800]",3,-4.0,1,3,0,0,9,True
2025-2025011102gm-00a9-0000-034cfa13-01-s2-d3,235,B,2,63,"[43900,-2100,46300,11900]",1,10.0,1,0,0,0,6,True
2025-2025011102gm-00a9-0000-034cfa13-01-s2-d3,236,A,1,67,"[24900,27500,36200,11400]",1,10.0,2,1,0,0,13,True
2025-2025011102gm-00a9-0000-034cfa13-01-s2-d3,236,B,2,63,"[24900,27500,36200,11400]",1,10.0,2,1,0,0,13,True
2025-2025011102gm-00a9-0000-034cfa13-01-s2-d3,237,A,1,67,"[38500,15800,15400,30300]",4,-10.0,1,3,2,0,10,True
2025-2025011102gm-00a9-0000-034cfa13-01-s2-d3,237,B,2,63,"[38500,15800,15400,30300]",4,-10.0,1,3,2,0,10,True
2025-2025011102gm-00a9-0000-034cfa13-01-s2-d3,238,A,1,67,"[36000,8800,32300,22900]",2,4.0,1,3,0,0,9,True
2025-2025011102gm-00a9-0000-034cfa13-01-s2-d3,238,B,2,63,"[36000,8800,32300,22900]",2,4.0,1,3,0,0,9,True
2025-2025011102gm-00a9-0000-034cfa13-01-s2-d3,239,A,1,67,"[25000,34900,10600,29500]",4,-10.0,1,3,0,0,9,True
2025-2025011102gm-00a9-0000-034cfa13-01-s2-d3,239,B,2,63,"[25000,34900,10600,29500]",4,-10.0,1,3,0,0,9,True
2025-2025011102gm-00a9-0000-034cfa13-01-s2-d3,240,A,1,67,"[33100,19700,30000,17200]",2,4.0,1,3,0,0,10,True
2025-2025011102gm-00a9-0000-034cfa13-01-s2-d3,240,B,2,63,"[33100,19700,30000,17200]",2,4.0,1,3,0,0,10,True
2025-2025011102gm-00a9-0000-034cfa13-01-s2-d3,241,A,1,67,"[26200,1600,40200,32000]",1,10.0,1,3,2,0,10,True
2025-2025011102gm-00a9-0000-034cfa13-01-s2-d3,241,B,2,63,"[10700,26600,46400,15300]",1,10.0,1,3,0,1,9,True
2025-2025011102gm-00a9-0000-034cfa13-01-s2-d3,242,A,1,67,"[14300,5700,38900,41100]",2,4.0,1,3,0,0,9,True
2025-2025011102gm-00a9-0000-034cfa13-01-s2-d3,242,B,2,63,"[14300,5700,38900,41100]",2,4.0,1,3,0,0,9,True
2025-2025011102gm-00a9-0000-034cfa13-01-s2-d3,243,A,1,67,"[27000,37800,-3100,38300]",4,-10.0,1,1,0,0,8,True
2025-2025011102gm-00a9-0000-034cfa13-01-s2-d3,243,B,2,63,"[27000,37800,-3100,38300]",4,-10.0,1,1,0,0,8,True
2025-2025011102gm-00a9-0000-034cfa13-01-s2-d3,244,A,1,67,"[51300,21800,27400,-500]",2,4.0,1,2,0,0,10,True
2025-2025011102gm-00a9-0000-034cfa13-01-s2-d3,244,B,2,63,"[51300,21800,27400,-500]",2,4.0,1,2,0,0,10,True
2025-2025011102gm-00a9-0000-034cfa13-01-s2-d3,245,A,1,67,"[23400,5400,35500,35700]",2,4.0,1,3,1,0,12,True
2025-2025011102gm-00a9-0000-034cfa13-01-s2-d3,245,B,2,63,"[23400,5400,35500,35700]",2,4.0,1,3,1,0,12,True
2025-2025011102gm-00a9-0000-034cfa13-01-s2-d3,246,A,1,67,"[25000,17800,45400,11800]",1,10.0,1,3,0,0,11,True
2025-2025011102gm-00a9-0000-034cfa13-01-s2-d3,246,B,2,63,"[25000,17800,45400,11800]",1,10.0,1,3,0,0,11,True
2025-2025011102gm-00a9-0000-034cfa13-01-s2-d3,247,A,1,67,"[28400,34500,39100,-2000]",1,10.0,0,1,0,0,3,True
2025-2025011102gm-00a9-0000-034cfa13-01-s2-d3,247,B,2,63,"[12800,29100,20100,38000]",3,-4.0,1,3,0,0,10,True
2025-2025011102gm-00a9-0000-034cfa13-01-s2-d3,248,A,1,67,"[45500,-2000,22600,33900]",3,-4.0,1,2,1,0,11,True
2025-2025011102gm-00a9-0000-034cfa13-01-s2-d3,248,B,2,63,"[45500,-2000,22600,33900]",3,-4.0,1,2,1,0,11,True
2025-2025011102gm-00a9-0000-034cfa13-01-s2-d3,249,A,1,67,"[20600,24300,23000,32100]",3,-4.0,2,0,2,0,10,True
2025-2025011102gm-00a9-0000-034cfa13-01-s2-d3,249,B,2,63,"[33700,31100,9800,25400]",4,-10.0,1,3,0,0,9,True
2025-2025011102gm-00a9-0000-034cfa13-01-s2-d3,250,A,1,67,"[19700,35600,39100,5600]",1,10.0,1,3,0,0,10,True
2025-2025011102gm-00a9-0000-034cfa13-01-s2-d3,250,B,2,63,"[19700,35600,39100,5600]",1,10.0,1,3,0,0,10,True
2025-2025011102gm-00a9-0000-034cfa13-01-s2-d3,251,A,1,67,"[18700,25400,33000,22900]",1,10.0,1,3,1,0,10,True
2025-2025011102gm-00a9-0000-034cfa13-01-s2-d3,251,B,2,63,"[18700,25400,33000,22900]",1,10.0,1,3,1,0,10,True
2025-2025011102gm-00a9-0000-034cfa13-01-s2-d3,252,A,1,67,"[37200,15100,25800,21900]",2,4.0,1,3,3,0,10,True
2025-2025011102gm-00a9-0000-034cfa13-01-s2-d3,252,B,2,63,"[28800,34900,8300,28000]",4,-10.0,1,3,0,0,11,True
2025-2025011102gm-00a9-0000-034cfa13-01-s2-d3,253,A,1,67,"[4900,25500,21000,48600]",3,-4.0,1,3,0,0,11,True
2025-2025011102gm-00a9-0000-034cfa13-01-s2-d3,253,B,2,63,"[33500,18000,34600,13900]",1,10.0,1,3,0,0,10,True
2025-2025011102gm-00a9-0000-034cfa13-01-s2-d3,254,A,1,67,"[24400,11800,18200,45600]",3,-4.0,1,3,0,0,12,True
2025-2025011102gm-00a9-0000-034cfa13-01-s2-d3,254,B,2,63,"[24400,11800,18200,45600]",3,-4.0,1,3,0,0,12,True
2025-2025011102gm-00a9-0000-034cfa13-01-s2-d3,255,A,1,67,"[28100,7600,40500,23800]",1,10.0,1,3,0,0,11,True
2025-2025011102gm-00a9-0000-034cfa13-01-s2-d3,255,B,2,63,"[22400,17600,52100,7900]",1,10.0,1,3,0,0,12,True
2025-2025011221gm-00a9-0000-22bab0de-00-s1-d0,0,A,1,65,"[-5800,27500,43600,34700]",3,-4.0,1,3,1,0,10,True
2025-2025011221gm-00a9-0000-22bab0de-00-s1-d0,0,B,2,19,"[20000,37400,-7600,50200]",2,4.0,1,3,0,0,8,True
2025-2025011221gm-00a9-0000-22bab0de-00-s1-d0,1,A,1,65,"[19300,25800,2100,52800]",2,4.0,1,3,0,0,9,True
2025-2025011221gm-00a9-0000-22bab0de-00-s1-d0,1,B,2,19,"[19300,25800,2100,52800]",2,4.0,1,3,0,0,9,True
2025-2025011221gm-00a9-0000-22bab0de-00-s1-d0,2,A,1,65,"[22900,30300,33200,12600]",2,4.0,1,3,0,1,10,True
2025-2025011221gm-00a9-0000-22bab0de-00-s1-d0,2,B,2,19,"[22900,30300,33200,12600]",2,4.0,1,3,0,1,10,True
2025-2025011221gm-00a9-0000-22bab0de-00-s1-d0,3,A,1,65,"[30700,28500,31100,9700]",3,-4.0,2,0,1,0,10,True
2025-2025011221gm-00a9-0000-22bab0de-00-s1-d0,3,B,2,19,"[8100,18600,40300,33000]",3,-4.0,1,3,0,0,13,True
2025-2025011221gm-00a9-0000-22bab0de-00-s1-d0,4,A,1,65,"[39400,39000,3300,18300]",2,4.0,1,3,0,0,11,True
2025-2025011221gm-00a9-0000-22bab0de-00-s1-d0,4,B,2,19,"[39400,39000,3300,18300]",2,4.0,1,3,0,0,11,True
2025-2025011221gm-00a9-0000-22bab0de-00-s1-d0,5,A,1,65,"[37400,23000,13400,26200]",3,-4.0,1,3,0,0,11,True
2025-2025011221gm-00a9-0000-22bab0de-00-s1-d0,5,B,2,19,"[37400,23000,13400,26200]",3,-4.0,1,3,0,0,11,True
2025-2025011221gm-00a9-0000-22bab0de-00-s1-d0,6,A,1,65,"[19200,8600,25200,47000]",4,-10.0,1,3,0,0,11,True
2025-2025011221gm-00a9-0000-22bab0de-00-s1-d0,6,B,2,19,"[28800,29000,7300,33900]",2,4.0,1,3,0,1,8,True
2025-2025011221gm-00a9-0000-22bab0de-00-s1-d0,7,A,1,65,"[-5300,36900,38300,30100]",2,4.0,1,2,1,0,8,True
2025-2025011221gm-00a9-0000-22bab0de-00-s1-d0,7,B,2,19,"[30100,51700,21700,-3500]",1,10.0,1,1,1,0,8,True
2025-2025011221gm-00a9-0000-22bab0de-00-s1-d0,8,A,1,65,"[25200,19300,18200,37300]",3,-4.0,2,0,0,0,10,True
2025-2025011221gm-00a9-0000-22bab0de-00-s1-d0,8,B,2,19,"[66800,21600,8300,3300]",2,4.0,1,3,2,0,13,True
2025-2025011221gm-00a9-0000-22bab0de-00-s1-d0,9,A,1,65,"[14500,38600,25800,21100]",1,10.0,1,3,0,0,9,True
2025-2025011221gm-00a9-0000-22bab0de-00-s1-d0,9,B,2,19,"[14500,38600,25800,21100]",1,10.0,1,3,0,0,9,True
2025-2025011221gm-00a9-0000-22bab0de-00-s1-d0,10,A,1,65,"[38300,23700,-1900,39900]",3,-4.0,1,2,1,0,8,True
2025-2025011221gm-00a9-0000-22bab0de-00-s1-d0,10,B,2,19,"[13500,14400,8500,63600]",2,4.0,1,3,0,0,9,True
2025-2025011221gm-00a9-0000-22bab0de-00-s1-d0,11,A,1,65,"[20100,35000,6400,38500]",2,4.0,1,3,0,0,8,True
2025-2025011221gm-00a9-0000-22bab0de-00-s1-d0,11,B,2,19,"[20100,35000,6400,38500]",2,4.0,1,3,0,0,8,True
2025-2025011221gm-00a9-0000-22bab0de-00-s1-d0,12,A,1,65,"[32200,26200,28700,12900]",3,-4.0,1,3,0,0,12,True
2025-2025011221gm-00a9-0000-22bab0de-00-s1-d0,12,B,2,19,"[32200,26200,28700,12900]",3,-4.0,1,3,0,0,12,True
2025-2025011221gm-00a9-0000-22bab0de-00-s1-d0,13,A,1,65,"[12600,20500,29400,37500]",3,-4.0,1,3,0,0,9,True
2025-2025011221gm-00a9-0000-22bab0de-00-s1-d0,13,B,2,19,"[26900,22400,21200,29500]",3,-4.0,2,3,0,0,14,True
2025-2025011221gm-00a9-0000-22bab0de-00-s1-d0,14,A,1,65,"[13100,27600,14900,44400]",2,4.0,1,3,0,0,8,True
2025-2025011221gm-00a9-0000-22bab0de-00-s1-d0,14,B,2,19,"[13100,27600,14900,44400]",2,4.0,1,3,0,0,8,True
2025-2025011221gm-00a9-0000-22bab0de-00-s1-d0,15,A,1,65,"[19900,17100,22400,40600]",4,-10.0,1,3,1,0,11,True
2025-2025011221gm-00a9-0000-22bab0de-00-s1-d0,15,B,2,19,"[-2000,42100,22900,37000]",1,10.0,1,3,0,0,8,True
2025-2025011221gm-00a9-0000-22bab0de-00-s1-d0,16,A,1,65,"[12600,27900,26900,32600]",2,4.0,1,3,0,0,11,True
2025-2025011221gm-00a9-0000-22bab0de-00-s1-d0,16,B,2,19,"[12600,27900,26900,32600]",2,4.0,1,3,0,0,11,True
2025-2025011221gm-00a9-0000-22bab0de-00-s1-d0,17,A,1,65,"[25700,9000,45300,19000]",4,-10.0,1,3,0,1,12,True
2025-2025011221gm-00a9-0000-22bab0de-00-s1-d0,17,B,2,19,"[37200,-1400,42200,22000]",4,-10.0,1,1,0,0,9,True
2025-2025011221gm-00a9-0000-22bab0de-00-s1-d0,18,A,1,65,"[9700,28700,29500,32100]",3,-4.0,1,3,0,0,8,True
2025-2025011221gm-00a9-0000-22bab0de-00-s1-d0,18,B,2,19,"[9700,28700,29500,32100]",3,-4.0,1,3,0,0,8,True
2025-2025011221gm-00a9-0000-22bab0de-00-s1-d0,19,A,1,65,"[32300,18500,39700,9500]",3,-4.0,1,3,0,0,8,True
2025-2025011221gm-00a9-0000-22bab0de-00-s1-d0,19,B,2,19,"[32300,18500,39700,9500]",3,-4.0,1,3,0,0,8,True
2025-2025011221gm-00a9-0000-22bab0de-00-s1-d0,20,A,1,65,"[46800,4800,34700,13700]",4,-10.0,1,3,0,0,11,True
2025-2025011221gm-00a9-0000-22bab0de-00-s1-d0,20,B,2,19,"[46800,4800,34700,13700]",4,-10.0,1,3,0,0,11,True
2025-2025011221gm-00a9-0000-22bab0de-00-s1-d0,21,A,1,65,"[25000,25600,26200,23200]",2,4.0,2,3,0,0,15,True
2025-2025011221gm-00a9-0000-22bab0de-00-s1-d0,21,B,2,19,"[25700,22600,16600,35100]",3,-4.0,1,3,0,0,8,True
2025-2025011221gm-00a9-0000-22bab0de-00-s1-d0,22,A,1,65,"[24300,5600,33600,36500]",4,-10.0,1,3,0,0,12,True
2025-2025011221gm-00a9-0000-22bab0de-00-s1-d0,22,B,2,19,"[4000,8300,75800,11900]",3,-4.0,1,3,0,0,12,True
2025-2025011221gm-00a9-0000-22bab0de-00-s1-d0,23,A,1,65,"[38700,16900,26400,18000]",4,-10.0,1,3,2,0,12,True
2025-2025011221gm-00a9-0000-22bab0de-00-s1-d0,23,B,2,19,"[38700,16900,26400,18000]",4,-10.0,1,3,2,0,12,True
2025-2025011221gm-00a9-0000-22bab0de-00-s1-d0,24,A,1,65,"[31700,29800,32000,6500]",3,-4.0,1,3,0,0,9,True
2025-2025011221gm-00a9-0000-22bab0de-00-s1-d0,24,B,2,19,"[31700,29800,32000,6500]",3,-4.0,1,3,0,0,9,True
2025-2025011221gm-00a9-0000-22bab0de-00-s1-d0,25,A,1,65,"[27700,4300,47100,20900]",4,-10.0,1,3,0,0,13,True
2025-2025011221gm-00a9-0000-22bab0de-00-s1-d0,25,B,2,19,"[27700,4300,47100,20900]",4,-10.0,1,3,0,0,13,True
2025-2025011221gm-00a9-0000-22bab0de-00-s1-d0,26,A,1,65,"[27500,32800,14000,25700]",1,10.0,1,3,0,0,9,True
2025-2025011221gm-00a9-0000-22bab0de-00-s1-d0,26,B,2,19,"[27500,32800,14000,25700]",1,10.0,1,3,0,0,9,True
2025-2025011221gm-00a9-0000-22bab0de-00-s1-d0,27,A,1,65,"[1400,42200,23100,33300]",1,10.0,1,3,0,0,11,True
2025-2025011221gm-00a9-0000-22bab0de-00-s1-d0,27,B,2,19,"[1400,42200,23100,33300]",1,10.0,1,3,0,0,11,True
2025-2025011221gm-00a9-0000-22bab0de-00-s1-d0,28,A,1,65,"[16300,38700,26900,17100]",1,10.0,1,3,1,1,13,True
2025-2025011221gm-00a9-0000-22bab0de-00-s1-d0,28,B,2,19,"[18100,29500,53000,-600]",2,4.0,1,2,4,0,12,True
2025-2025011221gm-00a9-0000-22bab0de-00-s1-d0,29,A,1,65,"[44900,-7500,39000,23600]",4,-10.0,1,2,1,0,11,True
2025-2025011221gm-00a9-0000-22bab0de-00-s1-d0,29,B,2,19,"[44900,-7500,39000,23600]",4,-10.0,1,2,1,0,11,True
2025-2025011221gm-00a9-0000-22bab0de-00-s1-d0,30,A,1,65,"[24800,26600,32600,16000]",2,4.0,1,3,0,0,16,True
2025-2025011221gm-00a9-0000-22bab0de-00-s1-d0,30,B,2,19,"[7900,24000,30900,37200]",3,-4.0,1,3,0,0,11,True
2025-2025011221gm-00a9-0000-22bab0de-00-s1-d0,31,A,1,65,"[4200,28800,39500,27500]",2,4.0,1,3,1,0,12,True
2025-2025011221gm-00a9-0000-22bab0de-00-s1-d0,31,B,2,19,"[37800,12300,28300,21600]",4,-10.0,1,3,0,0,10,True
2025-2025011221gm-00a9-0000-22bab0de-00-s1-d0,32,A,1,65,"[27700,13700,24400,34200]",4,-10.0,1,3,0,0,9,True
2025-2025011221gm-00a9-0000-22bab0de-00-s1-d0,32,B,2,19,"[27700,13700,24400,34200]",4,-10.0,1,3,0,0,9,True
2025-2025011221gm-00a9-0000-22bab0de-00-s1-d0,33,A,1,65,"[17900,41700,25000,15400]",1,10.0,1,3,3,0,12,True
2025-2025011221gm-00a9-0000-22bab0de-00-s1-d0,33,B,2,19,"[17900,41700,25000,15400]",1,10.0,1,3,3,0,12,True
2025-2025011221gm-00a9-0000-22bab0de-00-s1-d0,34,A,1,65,"[12500,25000,38100,24400]",2,4.0,1,3,0,0,9,True
2025-2025011221gm-00a9-0000-22bab0de-00-s1-d0,34,B,2,19,"[12500,25000,38100,24400]",2,4.0,1,3,0,0,9,True
2025-2025011221gm-00a9-0000-22bab0de-00-s1-d0,35,A,1,65,"[7600,20400,37800,34200]",3,-4.0,1,3,0,0,8,True
2025-2025011221gm-00a9-0000-22bab0de-00-s1-d0,35,B,2,19,"[7600,20400,37800,34200]",3,-4.0,1,3,0,0,8,True
2025-2025011221gm-00a9-0000-22bab0de-00-s1-d0,36,A,1,65,"[24800,55700,-2300,21800]",1,10.0,1,1,2,0,9,True
2025-2025011221gm-00a9-0000-22bab0de-00-s1-d0,36,B,2,19,"[50000,-700,36700,14000]",4,-10.0,1,0,2,0,9,True
2025-2025011221gm-00a9-0000-22bab0de-00-s1-d0,37,A,1,65,"[39800,6800,20300,33100]",4,-10.0,1,3,0,0,9,True
2025-2025011221gm-00a9-0000-22bab0de-00-s1-d0,37,B,2,19,"[47000,31800,37400,-16200]",3,-4.0,1,1,0,0,11,True
2025-2025011221gm-00a9-0000-22bab0de-00-s1-d0,38,A,1,65,"[25100,32500,27300,15100]",1,10.0,1,3,0,0,8,True
2025-2025011221gm-00a9-0000-22bab0de-00-s1-d0,38,B,2,19,"[45700,1400,19600,33300]",4,-10.0,1,3,0,0,10,True
2025-2025011221gm-00a9-0000-22bab0de-00-s1-d0,39,A,1,65,"[39900,15400,13800,30900]",3,-4.0,1,3,0,0,12,True
2025-2025011221gm-00a9-0000-22bab0de-00-s1-d0,39,B,2,19,"[39900,15400,13800,30900]",3,-4.0,1,3,0,0,12,True
2025-2025011221gm-00a9-0000-22bab0de-00-s1-d0,40,A,1,65,"[20000,36500,27400,16100]",1,10.0,1,3,0,0,9,True
2025-2025011221gm-00a9-0000-22bab0de-00-s1-d0,40,B,2,19,"[31800,20300,48400,-500]",3,-4.0,1,3,0,0,9,True
2025-2025011221gm-00a9-0000-22bab0de-00-s1-d0,41,A,1,65,"[40100,19600,25700,14600]",3,-4.0,1,3,1,0,11,True
2025-2025011221gm-00a9-0000-22bab0de-00-s1-d0,41,B,2,19,"[40100,19600,25700,14600]",3,-4.0,1,3,1,0,11,True
2025-2025011221gm-00a9-0000-22bab0de-00-s1-d0,42,A,1,65,"[36200,27200,200,36400]",3,-4.0,1,3,0,0,9,True
2025-2025011221gm-00a9-0000-22bab0de-00-s1-d0,42,B,2,19,"[36200,27200,200,36400]",3,-4.0,1,3,0,0,9,True
2025-2025011221gm-00a9-0000-22bab0de-00-s1-d0,43,A,1,65,"[26900,38500,17400,17200]",1,10.0,1,3,0,0,8,True
2025-2025011221gm-00a9-0000-22bab0de-00-s1-d0,43,B,2,19,"[26900,38500,17400,17200]",1,10.0,1,3,0,0,8,True
2025-2025011221gm-00a9-0000-22bab0de-00-s1-d0,44,A,1,65,"[24400,23600,33600,18400]",3,-4.0,1,3,0,0,10,True
2025-2025011221gm-00a9-0000-22bab0de-00-s1-d0,44,B,2,19,"[47400,14800,22400,15400]",4,-10.0,1,3,0,0,12,True
2025-2025011221gm-00a9-0000-22bab0de-00-s1-d0,45,A,1,65,"[24900,16400,19100,39600]",4,-10.0,1,3,0,0,10,True
2025-2025011221gm-00a9-0000-22bab0de-00-s1-d0,45,B,2,19,"[24400,17100,19200,39300]",4,-10.0,1,3,0,0,10,True
2025-2025011221gm-00a9-0000-22bab0de-00-s1-d0,46,A,1,65,"[16300,9400,36200,38100]",4,-10.0,1,3,0,0,10,True
2025-2025011221gm-00a9-0000-22bab0de-00-s1-d0,46,B,2,19,"[16300,9400,36200,38100]",4,-10.0,1,3,0,0,10,True
2025-2025011221gm-00a9-0000-22bab0de-00-s1-d0,47,A,1,65,"[39400,14300,30900,15400]",4,-10.0,1,3,2,0,12,True
2025-2025011221gm-00a9-0000-22bab0de-00-s1-d0,47,B,2,19,"[39400,14300,30900,15400]",4,-10.0,1,3,2,0,12,True
2025-2025011221gm-00a9-0000-22bab0de-00-s1-d0,48,A,1,65,"[-200,32000,39200,29000]",2,4.0,0,3,0,0,4,True
2025-2025011221gm-00a9-0000-22bab0de-00-s1-d0,48,B,2,19,"[-200,32000,39200,29000]",2,4.0,0,3,0,0,4,True
2025-2025011221gm-00a9-0000-22bab0de-00-s1-d0,49,A,1,65,"[20700,37600,23400,18300]",1,10.0,1,3,1,0,14,True
2025-2025011221gm-00a9-0000-22bab0de-00-s1-d0,49,B,2,19,"[20700,37600,23400,18300]",1,10.0,1,3,1,0,14,True
2025-2025011221gm-00a9-0000-22bab0de-00-s1-d0,50,A,1,65,"[31300,30800,8600,29300]",2,4.0,1,3,0,0,12,True
2025-2025011221gm-00a9-0000-22bab0de-00-s1-d0,50,B,2,19,"[27000,49400,27600,-4000]",1,10.0,1,0,0,0,7,True
2025-2025011221gm-00a9-0000-22bab0de-00-s1-d0,51,A,1,65,"[8100,34400,24000,33500]",1,10.0,1,3,0,0,10,True
2025-2025011221gm-00a9-0000-22bab0de-00-s1-d0,51,B,2,19,"[25900,11600,26800,35700]",4,-10.0,1,3,0,0,11,True
2025-2025011221gm-00a9-0000-22bab0de-00-s1-d0,52,A,1,65,"[39800,12800,34700,10700]",3,-4.0,1,3,0,2,12,True
2025-2025011221gm-00a9-0000-22bab0de-00-s1-d0,52,B,2,19,"[46400,-9300,29200,33700]",4,-10.0,0,3,1,0,8,True
2025-2025011221gm-00a9-0000-22bab0de-00-s1-d0,53,A,1,65,"[37400,29900,29300,3400]",2,4.0,1,3,0,0,13,True
2025-2025011221gm-00a9-0000-22bab0de-00-s1-d0,53,B,2,19,"[38700,12900,18800,29600]",4,-10.0,2,0,3,0,11,True
2025-2025011221gm-00a9-0000-22bab0de-00-s1-d0,54,A,1,65,"[42300,29000,31700,-3000]",3,-4.0,0,3,3,0,9,True
2025-2025011221gm-00a9-0000-22bab0de-00-s1-d0,54,B,2,19,"[4800,36500,26700,32000]",1,10.0,1,3,1,0,12,True
2025-2025011221gm-00a9-0000-22bab0de-00-s1-d0,55,A,1,65,"[-7700,43000,34000,30700]",1,10.0,0,3,0,0,4,True
2025-2025011221gm-00a9-0000-22bab0de-00-s1-d0,55,B,2,19,"[-7700,43000,34000,30700]",1,10.0,0,3,0,0,4,True
2025-2025011221gm-00a9-0000-22bab0de-00-s1-d0,56,A,1,65,"[26200,20500,22500,30800]",4,-10.0,2,3,2,0,14,True
2025-2025011221gm-00a9-0000-22bab0de-00-s1-d0,56,B,2,19,"[26200,20500,22500,30800]",4,-10.0,2,3,2,0,14,True
2025-2025011221gm-00a9-0000-22bab0de-00-s1-d0,57,A,1,65,"[35300,12100,30900,21700]",4,-10.0,1,3,0,0,11,True
2025-2025011221gm-00a9-0000-22bab0de-00-s1-d0,57,B,2,19,"[35300,12100,30900,21700]",4,-10.0,1,3,0,0,11,True
2025-2025011221gm-00a9-0000-22bab0de-00-s1-d0,58,A,1,65,"[-1600,19800,28900,52900]",3,-4.0,1,0,0,0,5,True
2025-2025011221gm-00a9-0000-22bab0de-00-s1-d0,58,B,2,19,"[53900,-1400,7400,40100]",4,-10.0,0,3,1,0,7,True
2025-2025011221gm-00a9-0000-22bab0de-00-s1-d0,59,A,1,65,"[22800,20500,37100,19600]",3,-4.0,1,3,1,0,13,True
2025-2025011221gm-00a9-0000-22bab0de-00-s1-d0,59,B,2,19,"[22800,20500,37100,19600]",3,-4.0,1,3,1,0,13,True
2025-2025011221gm-00a9-0000-22bab0de-00-s1-d0,60,A,1,65,"[13900,28200,14300,43600]",2,4.0,1,3,0,0,11,True
2025-2025011221gm-00a9-0000-22bab0de-00-s1-d0,60,B,2,19,"[32000,13100,40100,14800]",4,-10.0,1,3,0,0,11,True
2025-2025011221gm-00a9-0000-22bab0de-00-s1-d0,61,A,1,65,"[8900,22400,22900,45800]",3,-4.0,1,3,0,0,12,True
2025-2025011221gm-00a9-0000-22bab0de-00-s1-d0,61,B,2,19,"[8900,22400,22900,45800]",3,-4.0,1,3,0,0,12,True
2025-2025011221gm-00a9-0000-22bab0de-00-s1-d0,62,A,1,65,"[39600,24200,23200,13000]",2,4.0,1,3,0,0,11,True
2025-2025011221gm-00a9-0000-22bab0de-00-s1-d0,62,B,2,19,"[17300,20900,10900,50900]",2,4.0,1,3,0,0,12,True
2025-2025011221gm-00a9-0000-22bab0de-00-s1-d0,63,A,1,65,"[21800,21900,44100,12200]",2,4.0,1,3,2,0,13,True
2025-2025011221gm-00a9-0000-22bab0de-00-s1-d0,63,B,2,19,"[2300,24800,24700,48200]",2,4.0,1,3,2,0,9,True
2025-2025011221gm-00a9-0000-22bab0de-00-s1-d0,64,A,1,65,"[54200,-200,26600,19400]",4,-10.0,0,2,0,0,5,True
2025-2025011221gm-00a9-0000-22bab0de-00-s1-d0,64,B,2,19,"[16800,33200,19900,30100]",1,10.0,1,3,0,0,10,True
2025-2025011221gm-00a9-0000-22bab0de-00-s1-d0,65,A,1,65,"[64600,14700,20800,-100]",3,-4.0,1,0,0,0,7,True
2025-2025011221gm-00a9-0000-22bab0de-00-s1-d0,65,B,2,19,"[64600,14700,20800,-100]",3,-4.0,1,0,0,0,7,True
2025-2025011221gm-00a9-0000-22bab0de-00-s1-d0,66,A,1,65,"[23800,25600,19900,30700]",2,4.0,1,3,0,0,8,True
2025-2025011221gm-00a9-0000-22bab0de-00-s1-d0,66,B,2,19,"[29600,12000,34300,24100]",4,-10.0,1,3,0,0,9,True
2025-2025011221gm-00a9-0000-22bab0de-00-s1-d0,67,A,1,65,"[44800,25700,10500,19000]",2,4.0,1,3,0,0,12,True
2025-2025011221gm-00a9-0000-22bab0de-00-s1-d0,67,B,2,19,"[44800,25700,10500,19000]",2,4.0,1,3,0,0,12,True
2025-2025011221gm-00a9-0000-22bab0de-00-s1-d0,68,A,1,65,"[16200,29800,18200,35800]",2,4.0,1,3,0,0,13,True
2025-2025011221gm-00a9-0000-22bab0de-00-s1-d0,68,B,2,19,"[16200,29800,18200,35800]",2,4.0,1,3,0,0,13,True
2025-2025011221gm-00a9-0000-22bab0de-00-s1-d0,69,A,1,65,"[34200,23800,37000,5000]",3,-4.0,1,3,0,0,8,True
2025-2025011221gm-00a9-0000-22bab0de-00-s1-d0,69,B,2,19,"[34200,23800,37000,5000]",3,-4.0,1,3,0,0,8,True
2025-2025011221gm-00a9-0000-22bab0de-00-s1-d0,70,A,1,65,"[37000,47700,21600,-6300]",1,10.0,1,2,0,0,14,True
2025-2025011221gm-00a9-0000-22bab0de-00-s1-d0,70,B,2,19,"[37000,47700,21600,-6300]",1,10.0,1,2,0,0,14,True
2025-2025011221gm-00a9-0000-22bab0de-00-s1-d0,71,A,1,65,"[53400,29600,3000,14000]",2,4.0,1,3,0,0,10,True
2025-2025011221gm-00a9-0000-22bab0de-00-s1-d0,71,B,2,19,"[53400,29600,3000,14000]",2,4.0,1,3,0,0,10,True
2025-2025011221gm-00a9-0000-22bab0de-00-s1-d0,72,A,1,65,"[32600,33900,15400,18100]",1,10.0,1,3,0,0,9,True
2025-2025011221gm-00a9-0000-22bab0de-00-s1-d0,72,B,2,19,"[42600,22300,21100,14000]",2,4.0,1,3,1,0,9,True
2025-2025011221gm-00a9-0000-22bab0de-00-s1-d0,73,A,1,65,"[58500,-5900,25900,21500]",4,-10.0,1,2,2,0,11,True
2025-2025011221gm-00a9-0000-22bab0de-00-s1-d0,73,B,2,19,"[58500,-5900,25900,21500]",4,-10.0,1,2,2,0,11,True
2025-2025011221gm-00a9-0000-22bab0de-00-s1-d0,74,A,1,65,"[56600,10200,23000,10200]",3,-4.0,1,3,0,0,11,True
2025-2025011221gm-00a9-0000-22bab0de-00-s1-d0,74,B,2,19,"[33400,24600,20500,21500]",2,4.0,1,3,0,0,8,True
2025-2025011221gm-00a9-0000-22bab0de-00-s1-d0,75,A,1,65,"[11600,51100,16200,21100]",1,10.0,1,3,3,0,11,True
2025-2025011221gm-00a9-0000-22bab0de-00-s1-d0,75,B,2,19,"[36100,12200,29000,22700]",4,-10.0,1,3,1,0,11,True
2025-2025011221gm-00a9-0000-22bab0de-00-s1-d0,76,A,1,65,"[26400,43600,30300,-300]",1,10.0,1,0,0,0,10,True
2025-2025011221gm-00a9-0000-22bab0de-00-s1-d0,76,B,2,19,"[26400,43600,30300,-300]",1,10.0,1,0,0,0,10,True
2025-2025011221gm-00a9-0000-22bab0de-00-s1-d0,77,A,1,65,"[12900,27300,30300,29500]",3,-4.0,1,3,1,0,10,True
2025-2025011221gm-00a9-0000-22bab0de-00-s1-d0,77,B,2,19,"[9700,34500,30400,25400]",1,10.0,1,3,0,0,11,True
2025-2025011221gm-00a9-0000-22bab0de-00-s1-d0,78,A,1,65,"[16900,33000,-100,50200]",2,4.0,0,2,1,0,8,True
2025-2025011221gm-00a9-0000-22bab0de-00-s1-d0,78,B,2,19,"[16900,33000,-100,50200]",2,4.0,0,2,1,0,8,True
2025-2025011221gm-00a9-0000-22bab0de-00-s1-d0,79,A,1,65,"[25400,33200,6000,35400]",2,4.0,1,3,0,0,13,True
2025-2025011221gm-00a9-0000-22bab0de-00-s1-d0,79,B,2,19,"[6500,11800,45400,35300]",3,-4.0,1,3,1,1,12,True
2025-2025011221gm-00a9-0000-22bab0de-00-s1-d0,80,A,1,65,"[24900,20600,24000,30500]",4,-10.0,1,3,0,0,10,True
2025-2025011221gm-00a9-0000-22bab0de-00-s1-d0,80,B,2,19,"[7000,27800,51100,14100]",2,4.0,1,3,0,0,10,True
2025-2025011221gm-00a9-0000-22bab0de-00-s1-d0,81,A,1,65,"[15800,8500,43300,32400]",4,-10.0,1,3,1,0,14,True
2025-2025011221gm-00a9-0000-22bab0de-00-s1-d0,81,B,2,19,"[38900,23100,-1100,39100]",3,-4.0,1,1,1,0,9,True
2025-2025011221gm-00a9-0000-22bab0de-00-s1-d0,82,A,1,65,"[29400,14300,18100,38200]",4,-10.0,1,3,0,0,11,True
2025-2025011221gm-00a9-0000-22bab0de-00-s1-d0,82,B,2,19,"[-3400,45800,14700,42900]",1,10.0,1,2,1,0,11,True
2025-2025011221gm-00a9-0000-22bab0de-00-s1-d0,83,A,1,65,"[29000,32600,-3300,41700]",2,4.0,1,2,0,0,10,True
2025-2025011221gm-00a9-0000-22bab0de-00-s1-d0,83,B,2,19,"[29000,32600,-3300,41700]",2,4.0,1,2,0,0,10,True
2025-2025011221gm-00a9-0000-22bab0de-00-s1-d0,84,A,1,65,"[30900,16100,26000,27000]",4,-10.0,1,3,0,0,10,True
2025-2025011221gm-00a9-0000-22bab0de-00-s1-d0,84,B,2,19,"[21900,23200,13900,41000]",2,4.0,1,3,0,0,10,True
2025-2025011221gm-00a9-0000-22bab0de-00-s1-d0,85,A,1,65,"[11700,71800,-5500,22000]",1,10.0,1,1,0,0,9,True
2025-2025011221gm-00a9-0000-22bab0de-00-s1-d0,85,B,2,19,"[11700,71800,-5500,22000]",1,10.0,1,1,0,0,9,True
2025-2025011221gm-00a9-0000-22bab0de-00-s1-d0,86,A,1,65,"[27500,22200,10800,39500]",3,-4.0,1,3,2,0,11,True
2025-2025011221gm-00a9-0000-22bab0de-00-s1-d0,86,B,2,19,"[27500,22200,10800,39500]",3,-4.0,1,3,2,0,11,True
2025-2025011221gm-00a9-0000-22bab0de-00-s1-d0,87,A,1,65,"[35300,6900,25700,32100]",4,-10.0,1,3,0,0,8,True
2025-2025011221gm-00a9-0000-22bab0de-00-s1-d0,87,B,2,19,"[35300,6900,25700,32100]",4,-10.0,1,3,0,0,8,True
2025-2025011221gm-00a9-0000-22bab0de-00-s1-d0,88,A,1,65,"[26500,19500,51800,2200]",3,-4.0,1,3,0,0,11,True
2025-2025011221gm-00a9-0000-22bab0de-00-s1-d0,88,B,2,19,"[26500,19500,51800,2200]",3,-4.0,1,3,0,0,11,True
2025-2025011221gm-00a9-0000-22bab0de-00-s1-d0,89,A,1,65,"[43800,26700,23500,6000]",2,4.0,1,3,0,0,9,True
2025-2025011221gm-00a9-0000-22bab0de-00-s1-d0,89,B,2,19,"[43800,26700,23500,6000]",2,4.0,1,3,0,0,9,True
2025-2025011221gm-00a9-0000-22bab0de-00-s1-d0,90,A,1,65,"[21400,38100,23600,16900]",1,10.0,1,3,3,0,13,True
2025-2025011221gm-00a9-0000-22bab0de-00-s1-d0,90,B,2,19,"[28900,-1900,34200,38800]",4,-10.0,1,2,1,0,13,True
2025-2025011221gm-00a9-0000-22bab0de-00-s1-d0,91,A,1,65,"[28000,26700,40400,4900]",3,-4.0,1,3,0,0,9,True
2025-2025011221gm-00a9-0000-22bab0de-00-s1-d0,91,B,2,19,"[28000,26700,40400,4900]",3,-4.0,1,3,0,0,9,True
2025-2025011221gm-00a9-0000-22bab0de-00-s1-d0,92,A,1,65,"[13900,43600,20600,21900]",1,10.0,1,3,0,0,15,True
2025-2025011221gm-00a9-0000-22bab0de-00-s1-d0,92,B,2,19,"[13900,43600,20600,21900]",1,10.0,1,3,0,0,15,True
2025-2025011221gm-00a9-0000-22bab0de-00-s1-d0,93,A,1,65,"[20400,33100,12300,34200]",2,4.0,1,3,0,0,12,True
2025-2025011221gm-00a9-0000-22bab0de-00-s1-d0,93,B,2,19,"[20800,21300,16400,41500]",2,4.0,1,3,0,0,11,True
2025-2025011221gm-00a9-0000-22bab0de-00-s1-d0,94,A,1,65,"[26500,45600,8100,18800]",1,10.0,1,3,1,1,12,True
2025-2025011221gm-00a9-0000-22bab0de-00-s1-d0,94,B,2,19,"[31500,44700,-2200,26000]",1,10.0,1,2,0,0,10,True
2025-2025011221gm-00a9-0000-22bab0de-00-s1-d0,95,A,1,65,"[15800,31600,31500,21100]",1,10.0,1,3,1,0,10,True
2025-2025011221gm-00a9-0000-22bab0de-00-s1-d0,95,B,2,19,"[10100,36900,18600,34400]",1,10.0,1,3,0,0,11,True
2025-2025011221gm-00a9-0000-22bab0de-00-s1-d0,96,A,1,65,"[1900,24700,44500,28900]",3,-4.0,1,3,0,0,10,True
2025-2025011221gm-00a9-0000-22bab0de-00-s1-d0,96,B,2,19,"[1900,24700,44500,28900]",3,-4.0,1,3,0,0,10,True
2025-2025011221gm-00a9-0000-22bab0de-00-s1-d0,97,A,1,65,"[17300,6100,37300,39300]",4,-10.0,1,3,0,0,9,True
2025-2025011221gm-00a9-0000-22bab0de-00-s1-d0,97,B,2,19,"[32100,51700,9300,6900]",1,10.0,1,3,0,0,12,True
2025-2025011221gm-00a9-0000-22bab0de-00-s1-d0,98,A,1,65,"[33300,10600,19400,36700]",4,-10.0,1,3,0,0,11,True
2025-2025011221gm-00a9-0000-22bab0de-00-s1-d0,98,B,2,19,"[33300,10600,19400,36700]",4,-10.0,1,3,0,0,11,True
2025-2025011221gm-00a9-0000-22bab0de-00-s1-d0,99,A,1,65,"[4800,49200,33300,12700]",1,10.0,1,3,1,0,13,True
2025-2025011221gm-00a9-0000-22bab0de-00-s1-d0,99,B,2,19,"[-5200,52300,34100,18800]",1,10.0,1,3,1,0,13,True
2025-2025011221gm-00a9-0000-22bab0de-00-s1-d0,100,A,1,65,"[11700,31000,18400,38900]",2,4.0,1,3,0,0,11,True
2025-2025011221gm-00a9-0000-22bab0de-00-s1-d0,100,B,2,19,"[11700,31000,18400,38900]",2,4.0,1,3,0,0,11,True
2025-2025011221gm-00a9-0000-22bab0de-00-s1-d0,101,A,1,65,"[8900,14800,18900,57400]",3,-4.0,1,3,0,0,11,True
2025-2025011221gm-00a9-0000-22bab0de-00-s1-d0,101,B,2,19,"[8900,14800,18900,57400]",3,-4.0,1,3,0,0,11,True
2025-2025011221gm-00a9-0000-22bab0de-00-s1-d0,102,A,1,65,"[26000,10200,44800,19000]",4,-10.0,1,3,1,0,11,True
2025-2025011221gm-00a9-0000-22bab0de-00-s1-d0,102,B,2,19,"[26000,10200,44800,19000]",4,-10.0,1,3,1,0,11,True
2025-2025011221gm-00a9-0000-22bab0de-00-s1-d0,103,A,1,65,"[43000,25000,34000,-2000]",3,-4.0,0,0,1,0,2,True
2025-2025011221gm-00a9-0000-22bab0de-00-s1-d0,103,B,2,19,"[38100,28800,15000,18100]",2,4.0,1,3,0,0,10,True
2025-2025011221gm-00a9-0000-22bab0de-00-s1-d0,104,A,1,65,"[39400,34600,18000,8000]",2,4.0,1,3,1,0,13,True
2025-2025011221gm-00a9-0000-22bab0de-00-s1-d0,104,B,2,19,"[36000,31400,18800,13800]",2,4.0,1,3,0,0,12,True
2025-2025011221gm-00a9-0000-22bab0de-00-s1-d0,105,A,1,65,"[13400,24100,33700,28800]",3,-4.0,1,3,0,0,10,True
2025-2025011221gm-00a9-0000-22bab0de-00-s1-d0,105,B,2,19,"[39800,-4100,46400,17900]",4,-10.0,1,3,0,0,11,True
2025-2025011221gm-00a9-0000-22bab0de-00-s1-d0,106,A,1,65,"[-1000,35000,29900,36100]",2,4.0,0,2,0,0,4,True
2025-2025011221gm-00a9-0000-22bab0de-00-s1-d0,106,B,2,19,"[-1000,35000,29900,36100]",2,4.0,0,2,0,0,4,True
2025-2025011221gm-00a9-0000-22bab0de-00-s1-d0,107,A,1,65,"[200,33300,25900,40600]",2,4.0,1,3,0,0,9,True
2025-2025011221gm-00a9-0000-22bab0de-00-s1-d0,107,B,2,19,"[6200,31300,24900,37600]",2,4.0,1,3,0,0,9,True
2025-2025011221gm-00a9-0000-22bab0de-00-s1-d0,108,A,1,65,"[15700,36000,30700,17600]",1,10.0,1,3,0,0,12,True
2025-2025011221gm-00a9-0000-22bab0de-00-s1-d0,108,B,2,19,"[15700,36000,30700,17600]",1,10.0,1,3,0,0,12,True
2025-2025011221gm-00a9-0000-22bab0de-00-s1-d0,109,A,1,65,"[28500,14100,39400,18000]",4,-10.0,1,3,0,0,12,True
2025-2025011221gm-00a9-0000-22bab0de-00-s1-d0,109,B,2,19,"[28500,14100,39400,18000]",4,-10.0,1,3,0,0,12,True
2025-2025011221gm-00a9-0000-22bab0de-00-s1-d0,110,A,1,65,"[44200,28000,22900,4900]",2,4.0,1,3,0,0,13,True
2025-2025011221gm-00a9-0000-22bab0de-00-s1-d0,110,B,2,19,"[44200,28000,22900,4900]",2,4.0,1,3,0,0,13,True
2025-2025011221gm-00a9-0000-22bab0de-00-s1-d0,111,A,1,65,"[38000,23100,15800,23100]",2,4.0,1,3,0,0,10,True
2025-2025011221gm-00a9-0000-22bab0de-00-s1-d0,111,B,2,19,"[30800,21200,22800,25200]",4,-10.0,2,3,0,0,13,True
2025-2025011221gm-00a9-0000-22bab0de-00-s1-d0,112,A,1,65,"[39600,20100,22600,17700]",3,-4.0,1,3,0,0,14,True
2025-2025011221gm-00a9-0000-22bab0de-00-s1-d0,112,B,2,19,"[39400,-4900,29400,36100]",4,-10.0,1,3,0,0,12,True
2025-2025011221gm-00a9-0000-22bab0de-00-s1-d0,113,A,1,65,"[44900,5000,53600,-3500]",3,-4.0,1,0,1,0,7,True
2025-2025011221gm-00a9-0000-22bab0de-00-s1-d0,113,B,2,19,"[46000,-11800,19200,46600]",4,-10.0,1,2,0,0,10,True
2025-2025011221gm-00a9-0000-22bab0de-00-s1-d0,114,A,1,65,"[36800,27800,13200,22200]",2,4.0,1,3,0,0,13,True
2025-2025011221gm-00a9-0000-22bab0de-00-s1-d0,114,B,2,19,"[36800,27800,13200,22200]",2,4.0,1,3,0,0,13,True
2025-2025011221gm-00a9-0000-22bab0de-00-s1-d0,115,A,1,65,"[37300,15700,39700,7300]",3,-4.0,1,3,0,0,10,True
2025-2025011221gm-00a9-0000-22bab0de-00-s1-d0,115,B,2,19,"[37300,15700,39700,7300]",3,-4.0,1,3,0,0,10,True
2025-2025011221gm-00a9-0000-22bab0de-00-s1-d0,116,A,1,65,"[17800,26500,11500,44200]",2,4.0,1,3,0,0,10,True
2025-2025011221gm-00a9-0000-22bab0de-00-s1-d0,116,B,2,19,"[19900,21000,34600,24500]",3,-4.0,1,3,0,0,14,True
2025-2025011221gm-00a9-0000-22bab0de-00-s1-d0,117,A,1,65,"[22400,29700,30900,17000]",2,4.0,1,3,2,0,8,True
2025-2025011221gm-00a9-0000-22bab0de-00-s1-d0,117,B,2,19,"[22400,29700,30900,17000]",2,4.0,1,3,2,0,8,True
2025-2025011221gm-00a9-0000-22bab0de-00-s1-d0,118,A,1,65,"[0,43300,36100,20600]",1,10.0,1,3,0,0,11,True
2025-2025011221gm-00a9-0000-22bab0de-00-s1-d0,118,B,2,19,"[26700,36500,19600,17200]",1,10.0,1,3,0,0,12,True
2025-2025011221gm-00a9-0000-22bab0de-00-s1-d0,119,A,1,65,"[18600,39700,-2500,44200]",2,4.0,1,1,0,0,6,True
2025-2025011221gm-00a9-0000-22bab0de-00-s1-d0,119,B,2,19,"[18600,39700,-2500,44200]",2,4.0,1,1,0,0,6,True
2025-2025011221gm-00a9-0000-22bab0de-00-s1-d0,120,A,1,65,"[25500,17200,25900,30400]",4,-10.0,1,3,0,1,8,True
2025-2025011221gm-00a9-0000-22bab0de-00-s1-d0,120,B,2,19,"[38600,24700,42900,-6200]",3,-4.0,1,3,1,0,9,True
2025-2025011221gm-00a9-0000-22bab0de-00-s1-d0,121,A,1,65,"[18400,35500,22200,23900]",1,10.0,1,3,0,0,12,True
2025-2025011221gm-00a9-0000-22bab0de-00-s1-d0,121,B,2,19,"[-3300,43700,28900,30700]",1,10.0,1,3,1,0,10,True
2025-2025011221gm-00a9-0000-22bab0de-00-s1-d0,122,A,1,65,"[18300,1800,45800,34100]",4,-10.0,1,3,1,0,11,True
2025-2025011221gm-00a9-0000-22bab0de-00-s1-d0,122,B,2,19,"[25000,25800,4900,44300]",2,4.0,1,3,0,0,13,True
2025-2025011221gm-00a9-0000-22bab0de-00-s1-d0,123,A,1,65,"[31200,7700,42300,18800]",4,-10.0,1,3,2,0,11,True
2025-2025011221gm-00a9-0000-22bab0de-00-s1-d0,123,B,2,19,"[31200,7700,42300,18800]",4,-10.0,1,3,2,0,11,True
2025-2025011221gm-00a9-0000-22bab0de-00-s1-d0,124,A,1,65,"[17200,38200,22900,21700]",1,10.0,1,3,2,0,11,True
2025-2025011221gm-00a9-0000-22bab0de-00-s1-d0,124,B,2,19,"[10200,14700,32900,42200]",3,-4.0,1,3,0,0,11,True
2025-2025011221gm-00a9-0000-22bab0de-00-s1-d0,125,A,1,65,"[27100,20000,11200,41700]",3,-4.0,1,3,0,0,11,True
2025-2025011221gm-00a9-0000-22bab0de-00-s1-d0,125,B,2,19,"[32000,12800,17800,36400]",4,-10.0,1,3,0,1,12,True
2025-2025011221gm-00a9-0000-22bab0de-00-s1-d0,126,A,1,65,"[50900,13200,13300,22600]",4,-10.0,1,3,1,0,15,True
2025-2025011221gm-00a9-0000-22bab0de-00-s1-d0,126,B,2,19,"[29000,-300,32000,39300]",4,-10.0,0,3,0,0,5,True
2025-2025011221gm-00a9-0000-22bab0de-00-s1-d0,127,A,1,65,"[31800,8800,42100,17300]",4,-10.0,1,3,0,0,9,True
2025-2025011221gm-00a9-0000-22bab0de-00-s1-d0,127,B,2,19,"[31800,8800,42100,17300]",4,-10.0,1,3,0,0,9,True
2025-2025011221gm-00a9-0000-22bab0de-00-s1-d0,128,A,1,65,"[10000,13500,37300,39200]",3,-4.0,1,3,0,0,10,True
2025-2025011221gm-00a9-0000-22bab0de-00-s1-d0,128,B,2,19,"[10000,13500,37300,39200]",3,-4.0,1,3,0,0,10,True
2025-2025011221gm-00a9-0000-22bab0de-00-s1-d0,129,A,1,65,"[35500,40800,26500,-2800]",1,10.0,0,3,0,0,5,True
2025-2025011221gm-00a9-0000-22bab0de-00-s1-d0,129,B,2,19,"[31400,41600,8000,19000]",1,10.0,1,3,0,0,9,True
2025-2025011221gm-00a9-0000-22bab0de-00-s1-d0,130,A,1,65,"[20900,42600,12600,22900]",1,10.0,1,3,1,1,11,True
2025-2025011221gm-00a9-0000-22bab0de-00-s1-d0,130,B,2,19,"[18700,39600,24400,17300]",1,10.0,1,3,0,0,9,True
2025-2025011221gm-00a9-0000-22bab0de-00-s1-d0,131,A,1,65,"[25900,26600,35200,12300]",2,4.0,1,3,0,0,10,True
2025-2025011221gm-00a9-0000-22bab0de-00-s1-d0,131,B,2,19,"[17200,28700,-3300,57400]",2,4.0,1,1,0,0,8,True
2025-2025011221gm-00a9-0000-22bab0de-00-s1-d0,132,A,1,65,"[41800,16000,31800,10400]",3,-4.0,1,3,0,0,11,True
2025-2025011221gm-00a9-0000-22bab0de-00-s1-d0,132,B,2,19,"[41800,16000,31800,10400]",3,-4.0,1,3,0,0,11,True
2025-2025011221gm-00a9-0000-22bab0de-00-s1-d0,133,A,1,65,"[29300,35700,17200,17800]",1,10.0,1,3,0,0,9,True
2025-2025011221gm-00a9-0000-22bab0de-00-s1-d0,133,B,2,19,"[29300,35700,17200,17800]",1,10.0,1,3,0,0,9,True
2025-2025011221gm-00a9-0000-22bab0de-00-s1-d0,134,A,1,65,"[41500,-1900,26400,34000]",4,-10.0,1,0,0,0,6,True
2025-2025011221gm-00a9-0000-22bab0de-00-s1-d0,134,B,2,19,"[41500,-1900,26400,34000]",4,-10.0,1,0,0,0,6,True
2025-2025011221gm-00a9-0000-22bab0de-00-s1-d0,135,A,1,65,"[46400,20500,25900,7200]",3,-4.0,1,3,0,0,11,True
2025-2025011221gm-00a9-0000-22bab0de-00-s1-d0,135,B,2,19,"[37800,22900,18700,20600]",2,4.0,1,3,0,0,10,True
2025-2025011221gm-00a9-0000-22bab0de-00-s1-d0,136,A,1,65,"[31700,7600,26700,32000]",4,-10.0,1,3,0,2,9,True
2025-2025011221gm-00a9-0000-22bab0de-00-s1-d0,136,B,2,19,"[13500,15600,36300,34600]",3,-4.0,1,3,1,0,11,True
2025-2025011221gm-00a9-0000-22bab0de-00-s1-d0,137,A,1,65,"[32700,28900,15500,22900]",2,4.0,2,0,0,0,11,True
2025-2025011221gm-00a9-0000-22bab0de-00-s1-d0,137,B,2,19,"[32700,28900,15500,22900]",2,4.0,2,0,0,0,11,True
2025-2025011221gm-00a9-0000-22bab0de-00-s1-d0,138,A,1,65,"[34000,44600,21600,-200]",1,10.0,0,3,0,0,6,True
2025-2025011221gm-00a9-0000-22bab0de-00-s1-d0,138,B,2,19,"[34000,44600,21600,-200]",1,10.0,0,3,0,0,6,True
2025-2025011221gm-00a9-0000-22bab0de-00-s1-d0,139,A,1,65,"[15800,46700,29700,7800]",1,10.0,1,3,0,0,13,True
2025-2025011221gm-00a9-0000-22bab0de-00-s1-d0,139,B,2,19,"[9400,39500,27400,23700]",1,10.0,1,3,0,0,12,True
2025-2025011221gm-00a9-0000-22bab0de-00-s1-d0,140,A,1,65,"[47700,28000,-1100,25400]",2,4.0,1,2,2,0,11,True
2025-2025011221gm-00a9-0000-22bab0de-00-s1-d0,140,B,2,19,"[47700,28000,-1100,25400]",2,4.0,1,2,2,0,11,True
2025-2025011221gm-00a9-0000-22bab0de-00-s1-d0,141,A,1,65,"[23000,38700,6700,31600]",1,10.0,1,3,1,0,14,True
2025-2025011221gm-00a9-0000-22bab0de-00-s1-d0,141,B,2,19,"[17100,42600,40600,-300]",1,10.0,0,1,4,0,6,True
2025-2025011221gm-00a9-0000-22bab0de-00-s1-d0,142,A,1,65,"[6300,54800,26000,12900]",1,10.0,1,3,0,0,13,True
2025-2025011221gm-00a9-0000-22bab0de-00-s1-d0,142,B,2,19,"[6300,54800,26000,12900]",1,10.0,1,3,0,0,13,True
2025-2025011221gm-00a9-0000-22bab0de-00-s1-d0,143,A,1,65,"[12200,27700,29300,30800]",3,-4.0,1,3,0,0,9,True
2025-2025011221gm-00a9-0000-22bab0de-00-s1-d0,143,B,2,19,"[25800,17400,32700,24100]",4,-10.0,1,3,0,0,11,True
2025-2025011221gm-00a9-0000-22bab0de-00-s1-d0,144,A,1,65,"[58400,-1300,13000,29900]",4,-10.0,1,0,1,0,9,True
2025-2025011221gm-00a9-0000-22bab0de-00-s1-d0,144,B,2,19,"[58400,-1300,13000,29900]",4,-10.0,1,0,1,0,9,True
2025-2025011221gm-00a9-0000-22bab0de-00-s1-d0,145,A,1,65,"[52500,31700,16300,-500]",2,4.0,1,1,0,0,12,True
2025-2025011221gm-00a9-0000-22bab0de-00-s1-d0,145,B,2,19,"[52500,31700,16300,-500]",2,4.0,1,1,0,0,12,True
2025-2025011221gm-00a9-0000-22bab0de-00-s1-d0,146,A,1,65,"[20000,46100,1400,32500]",1,10.0,1,3,0,0,13,True
2025-2025011221gm-00a9-0000-22bab0de-00-s1-d0,146,B,2,19,"[13800,65900,-2200,22500]",1,10.0,1,1,0,0,9,True
2025-2025011221gm-00a9-0000-22bab0de-00-s1-d0,147,A,1,65,"[42700,33200,17400,6700]",2,4.0,1,3,0,0,9,True
2025-2025011221gm-00a9-0000-22bab0de-00-s1-d0,147,B,2,19,"[9800,37100,26600,25500]",1,10.0,1,3,0,1,9,True
2025-2025011221gm-00a9-0000-22bab0de-00-s1-d0,148,A,1,65,"[29600,28000,6500,35900]",3,-4.0,1,3,0,0,12,True
2025-2025011221gm-00a9-0000-22bab0de-00-s1-d0,148,B,2,19,"[-200,40900,17000,42300]",2,4.0,0,2,0,0,5,True
2025-2025011221gm-00a9-0000-22bab0de-00-s1-d0,149,A,1,65,"[31300,35500,37400,-4200]",2,4.0,1,2,0,0,12,True
2025-2025011221gm-00a9-0000-22bab0de-00-s1-d0,149,B,2,19,"[34300,17400,8000,40300]",3,-4.0,1,3,0,0,11,True
2025-2025011221gm-00a9-0000-22bab0de-00-s1-d0,150,A,1,65,"[24700,28500,34100,12700]",2,4.0,2,0,0,0,12,True
2025-2025011221gm-00a9-0000-22bab0de-00-s1-d0,150,B,2,19,"[24700,28500,34100,12700]",2,4.0,2,0,0,0,12,True
2025-2025011221gm-00a9-0000-22bab0de-00-s1-d0,151,A,1,65,"[-1200,62400,14600,24200]",1,10.0,1,1,0,0,8,True
2025-2025011221gm-00a9-0000-22bab0de-00-s1-d0,151,B,2,19,"[-1200,62400,14600,24200]",1,10.0,1,1,0,0,8,True
2025-2025011221gm-00a9-0000-22bab0de-00-s1-d0,152,A,1,65,"[17800,36400,39100,5700]",2,4.0,1,3,2,1,11,True
2025-2025011221gm-00a9-0000-22bab0de-00-s1-d0,152,B,2,19,"[17800,36400,39100,5700]",2,4.0,1,3,2,1,11,True
2025-2025011221gm-00a9-0000-22bab0de-00-s1-d0,153,A,1,65,"[-1300,42000,15700,43600]",2,4.0,0,2,1,0,5,True
2025-2025011221gm-00a9-0000-22bab0de-00-s1-d0,153,B,2,19,"[21600,31900,6800,39700]",2,4.0,1,3,0,0,11,True
2025-2025011221gm-00a9-0000-22bab0de-00-s1-d0,154,A,1,65,"[40100,16500,15600,27800]",3,-4.0,1,3,0,0,8,True
2025-2025011221gm-00a9-0000-22bab0de-00-s1-d0,154,B,2,19,"[32600,12500,18300,36600]",4,-10.0,1,3,0,0,8,True
2025-2025011221gm-00a9-0000-22bab0de-00-s1-d0,155,A,1,65,"[13700,23400,44200,18700]",2,4.0,1,3,1,0,12,True
2025-2025011221gm-00a9-0000-22bab0de-00-s1-d0,155,B,2,19,"[25400,29500,7700,37400]",2,4.0,1,3,1,0,11,True
2025-2025011221gm-00a9-0000-22bab0de-00-s1-d0,156,A,1,65,"[45300,2000,20500,32200]",4,-10.0,1,3,1,0,10,True
2025-2025011221gm-00a9-0000-22bab0de-00-s1-d0,156,B,2,19,"[45300,2000,20500,32200]",4,-10.0,1,3,1,0,10,True
2025-2025011221gm-00a9-0000-22bab0de-00-s1-d0,157,A,1,65,"[27500,-4100,44700,31900]",4,-10.0,0,3,3,0,8,True
2025-2025011221gm-00a9-0000-22bab0de-00-s1-d0,157,B,2,19,"[27500,-4100,44700,31900]",4,-10.0,0,3,3,0,8,True
2025-2025011221gm-00a9-0000-22bab0de-00-s1-d0,158,A,1,65,"[19700,20300,29600,30400]",3,-4.0,1,3,1,0,9,True
2025-2025011221gm-00a9-0000-22bab0de-00-s1-d0,158,B,2,19,"[36000,29400,13500,21100]",2,4.0,1,3,0,0,12,True
2025-2025011221gm-00a9-0000-22bab0de-00-s1-d0,159,A,1,65,"[22200,19300,4300,54200]",3,-4.0,1,3,0,0,12,True
2025-2025011221gm-00a9-0000-22bab0de-00-s1-d0,159,B,2,19,"[22200,19300,4300,54200]",3,-4.0,1,3,0,0,12,True
2025-2025011221gm-00a9-0000-22bab0de-00-s1-d0,160,A,1,65,"[19900,22900,59700,-2500]",2,4.0,1,2,0,0,8,True
2025-2025011221gm-00a9-0000-22bab0de-00-s1-d0,160,B,2,19,"[19900,22900,59700,-2500]",2,4.0,1,2,0,0,8,True
2025-2025011221gm-00a9-0000-22bab0de-00-s1-d0,161,A,1,65,"[6000,24600,37100,32300]",3,-4.0,1,3,1,0,11,True
2025-2025011221gm-00a9-0000-22bab0de-00-s1-d0,161,B,2,19,"[33300,12400,18600,35700]",4,-10.0,1,3,1,0,11,True
2025-2025011221gm-00a9-0000-22bab0de-00-s1-d0,162,A,1,65,"[27800,39500,12300,20400]",1,10.0,1,3,0,0,10,True
2025-2025011221gm-00a9-0000-22bab0de-00-s1-d0,162,B,2,19,"[27800,39500,12300,20400]",1,10.0,1,3,0,0,10,True
2025-2025011221gm-00a9-0000-22bab0de-00-s1-d0,163,A,1,65,"[7100,41700,38400,12800]",1,10.0,1,3,0,0,10,True
2025-2025011221gm-00a9-0000-22bab0de-00-s1-d0,163,B,2,19,"[7100,41700,38400,12800]",1,10.0,1,3,0,0,10,True
2025-2025011221gm-00a9-0000-22bab0de-00-s1-d0,164,A,1,65,"[24300,21800,19200,34700]",3,-4.0,1,3,0,0,10,True
2025-2025011221gm-00a9-0000-22bab0de-00-s1-d0,164,B,2,19,"[21300,13500,34700,30500]",4,-10.0,1,3,0,0,10,True
2025-2025011221gm-00a9-0000-22bab0de-00-s1-d0,165,A,1,65,"[31500,29800,23300,15400]",2,4.0,1,3,0,0,12,True
2025-2025011221gm-00a9-0000-22bab0de-00-s1-d0,165,B,2,19,"[32600,35900,19100,12400]",1,10.0,1,3,0,0,12,True
2025-2025011221gm-00a9-0000-22bab0de-00-s1-d0,166,A,1,65,"[27300,38300,23000,11400]",1,10.0,1,3,0,0,9,True
2025-2025011221gm-00a9-0000-22bab0de-00-s1-d0,166,B,2,19,"[27900,9000,30200,32900]",4,-10.0,1,3,1,0,13,True
2025-2025011221gm-00a9-0000-22bab0de-00-s1-d0,167,A,1,65,"[12800,28500,2200,56500]",2,4.0,1,3,0,0,11,True
2025-2025011221gm-00a9-0000-22bab0de-00-s1-d0,167,B,2,19,"[12800,28500,2200,56500]",2,4.0,1,3,0,0,11,True
2025-2025011221gm-00a9-0000-22bab0de-00-s1-d0,168,A,1,65,"[32300,27500,43200,-3000]",3,-4.0,1,3,1,0,14,True
2025-2025011221gm-00a9-0000-22bab0de-00-s1-d0,168,B,2,19,"[26500,7500,12000,54000]",4,-10.0,1,3,0,0,13,True
2025-2025011221gm-00a9-0000-22bab0de-00-s1-d0,169,A,1,65,"[18800,10000,41700,29500]",4,-10.0,1,3,0,0,10,True
2025-2025011221gm-00a9-0000-22bab0de-00-s1-d0,169,B,2,19,"[18800,10000,41700,29500]",4,-10.0,1,3,0,0,10,True
2025-2025011221gm-00a9-0000-22bab0de-00-s1-d0,170,A,1,65,"[12000,21500,45000,21500]",2,4.0,1,3,0,0,9,True
2025-2025011221gm-00a9-0000-22bab0de-00-s1-d0,170,B,2,19,"[25300,44100,23100,7500]",1,10.0,1,3,0,0,9,True
2025-2025011221gm-00a9-0000-22bab0de-00-s1-d0,171,A,1,65,"[10400,2300,29500,57800]",4,-10.0,1,3,0,0,10,True
2025-2025011221gm-00a9-0000-22bab0de-00-s1-d0,171,B,2,19,"[22300,32700,27200,17800]",1,10.0,2,0,1,0,10,True
2025-2025011221gm-00a9-0000-22bab0de-00-s1-d0,172,A,1,65,"[7400,54600,29400,8600]",1,10.0,1,3,1,0,9,True
2025-2025011221gm-00a9-0000-22bab0de-00-s1-d0,172,B,2,19,"[7100,46000,28700,18200]",1,10.0,1,3,0,0,9,True
2025-2025011221gm-00a9-0000-22bab0de-00-s1-d0,173,A,1,65,"[39200,34400,300,26100]",2,4.0,1,3,2,0,11,True
2025-2025011221gm-00a9-0000-22bab0de-00-s1-d0,173,B,2,19,"[39200,34400,300,26100]",2,4.0,1,3,2,0,11,True
2025-2025011221gm-00a9-0000-22bab0de-00-s1-d0,174,A,1,65,"[12600,18400,26800,42200]",3,-4.0,1,3,0,0,8,True
2025-2025011221gm-00a9-0000-22bab0de-00-s1-d0,174,B,2,19,"[12600,18400,26800,42200]",3,-4.0,1,3,0,0,8,True
2025-2025011221gm-00a9-0000-22bab0de-00-s1-d0,175,A,1,65,"[32300,15500,23100,29100]",4,-10.0,1,3,1,0,11,True
2025-2025011221gm-00a9-0000-22bab0de-00-s1-d0,175,B,2,19,"[25700,32300,26500,15500]",1,10.0,1,3,0,0,13,True
2025-2025011221gm-00a9-0000-22bab0de-00-s1-d0,176,A,1,65,"[49400,15300,1500,33800]",3,-4.0,1,3,2,0,12,True
2025-2025011221gm-00a9-0000-22bab0de-00-s1-d0,176,B,2,19,"[49400,15300,1500,33800]",3,-4.0,1,3,2,0,12,True
2025-2025011221gm-00a9-0000-22bab0de-00-s1-d0,177,A,1,65,"[-11700,16500,43600,51600]",3,-4.0,1,1,0,0,7,True
2025-2025011221gm-00a9-0000-22bab0de-00-s1-d0,177,B,2,19,"[-11700,16500,43600,51600]",3,-4.0,1,1,0,0,7,True
2025-2025011221gm-00a9-0000-22bab0de-00-s1-d0,178,A,1,65,"[28000,31300,14200,26500]",1,10.0,1,3,0,0,9,True
2025-2025011221gm-00a9-0000-22bab0de-00-s1-d0,178,B,2,19,"[28000,31300,14200,26500]",1,10.0,1,3,0,0,9,True
2025-2025011221gm-00a9-0000-22bab0de-00-s1-d0,179,A,1,65,"[48100,8900,12000,31000]",4,-10.0,1,3,1,0,9,True
2025-2025011221gm-00a9-0000-22bab0de-00-s1-d0,179,B,2,19,"[20300,11300,17100,51300]",4,-10.0,1,3,1,0,9,True
2025-2025011221gm-00a9-0000-22bab0de-00-s1-d0,180,A,1,65,"[32600,20800,48900,-2300]",3,-4.0,1,0,0,0,7,True
2025-2025011221gm-00a9-0000-22bab0de-00-s1-d0,180,B,2,19,"[-1900,16700,31800,53400]",3,-4.0,1,3,0,0,11,True
2025-2025011221gm-00a9-0000-22bab0de-00-s1-d0,181,A,1,65,"[19600,1400,23000,56000]",4,-10.0,1,3,0,0,12,True
2025-2025011221gm-00a9-0000-22bab0de-00-s1-d0,181,B,2,19,"[19600,1400,23000,56000]",4,-10.0,1,3,0,0,12,True
2025-2025011221gm-00a9-0000-22bab0de-00-s1-d0,182,A,1,65,"[31700,24200,23700,20400]",2,4.0,1,3,0,0,10,True
2025-2025011221gm-00a9-0000-22bab0de-00-s1-d0,182,B,2,19,"[31200,24500,23600,20700]",2,4.0,1,3,0,0,10,True
2025-2025011221gm-00a9-0000-22bab0de-00-s1-d0,183,A,1,65,"[27700,39500,19700,13100]",1,10.0,1,3,1,0,11,True
2025-2025011221gm-00a9-0000-22bab0de-00-s1-d0,183,B,2,19,"[14100,100,57900,27900]",4,-10.0,1,3,1,0,12,True
2025-2025011221gm-00a9-0000-22bab0de-00-s1-d0,184,A,1,65,"[13000,27300,30800,28900]",3,-4.0,1,3,1,0,13,True
2025-2025011221gm-00a9-0000-22bab0de-00-s1-d0,184,B,2,19,"[33100,29500,18800,18600]",2,4.0,2,0,0,0,10,True
2025-2025011221gm-00a9-0000-22bab0de-00-s1-d0,185,A,1,65,"[14100,24000,37200,24700]",3,-4.0,1,3,0,0,8,True
2025-2025011221gm-00a9-0000-22bab0de-00-s1-d0,185,B,2,19,"[14100,24000,37200,24700]",3,-4.0,1,3,0,0,8,True
2025-2025011221gm-00a9-0000-22bab0de-00-s1-d0,186,A,1,65,"[20500,300,27000,52200]",4,-10.0,1,3,0,0,13,True
2025-2025011221gm-00a9-0000-22bab0de-00-s1-d0,186,B,2,19,"[20500,300,27000,52200]",4,-10.0,1,3,0,0,13,True
2025-2025011221gm-00a9-0000-22bab0de-00-s1-d0,187,A,1,65,"[6800,47700,9400,36100]",1,10.0,1,3,2,0,14,True
2025-2025011221gm-00a9-0000-22bab0de-00-s1-d0,187,B,2,19,"[6800,47700,9400,36100]",1,10.0,1,3,2,0,14,True
2025-2025011221gm-00a9-0000-22bab0de-00-s1-d0,188,A,1,65,"[32900,-500,41100,26500]",4,-10.0,0,2,0,0,4,True
2025-2025011221gm-00a9-0000-22bab0de-00-s1-d0,188,B,2,19,"[32900,-500,41100,26500]",4,-10.0,0,2,0,0,4,True
2025-2025011221gm-00a9-0000-22bab0de-00-s1-d0,189,A,1,65,"[-1500,41000,31200,29300]",1,10.0,1,3,2,0,11,True
2025-2025011221gm-00a9-0000-22bab0de-00-s1-d0,189,B,2,19,"[-1500,41000,31200,29300]",1,10.0,1,3,2,0,11,True
2025-2025011221gm-00a9-0000-22bab0de-00-s1-d0,190,A,1,65,"[-5100,42300,30500,32300]",1,10.0,1,1,0,0,8,True
2025-2025011221gm-00a9-0000-22bab0de-00-s1-d0,190,B,2,19,"[-1200,37500,42000,21700]",2,4.0,1,3,3,0,11,True
2025-2025011221gm-00a9-0000-22bab0de-00-s1-d0,191,A,1,65,"[17400,22500,24900,35200]",3,-4.0,2,2,0,0,14,True
2025-2025011221gm-00a9-0000-22bab0de-00-s1-d0,191,B,2,19,"[35600,-1200,52800,12800]",4,-10.0,1,1,0,0,7,True
2025-2025011221gm-00a9-0000-22bab0de-00-s1-d0,192,A,1,65,"[56000,16900,-1700,28800]",3,-4.0,1,2,1,0,11,True
2025-2025011221gm-00a9-0000-22bab0de-00-s1-d0,192,B,2,19,"[56000,16900,-1700,28800]",3,-4.0,1,2,1,0,11,True
2025-2025011221gm-00a9-0000-22bab0de-00-s1-d0,193,A,1,65,"[-1800,49900,33700,18200]",1,10.0,1,1,1,0,7,True
2025-2025011221gm-00a9-0000-22bab0de-00-s1-d0,193,B,2,19,"[-1800,49900,33700,18200]",1,10.0,1,1,1,0,7,True
2025-2025011221gm-00a9-0000-22bab0de-00-s1-d0,194,A,1,65,"[28800,36700,10300,24200]",1,10.0,1,3,3,0,11,True
2025-2025011221gm-00a9-0000-22bab0de-00-s1-d0,194,B,2,19,"[33000,27700,27200,12100]",2,4.0,1,3,0,0,11,True
2025-2025011221gm-00a9-0000-22bab0de-00-s1-d0,195,A,1,65,"[27900,37900,11900,22300]",1,10.0,1,3,0,0,9,True
2025-2025011221gm-00a9-0000-22bab0de-00-s1-d0,195,B,2,19,"[27400,35800,11500,25300]",1,10.0,1,3,0,0,9,True
2025-2025011221gm-00a9-0000-22bab0de-00-s1-d0,196,A,1,65,"[7100,27200,25400,40300]",2,4.0,1,3,1,0,9,True
2025-2025011221gm-00a9-0000-22bab0de-00-s1-d0,196,B,2,19,"[25400,22400,18800,33400]",3,-4.0,1,3,0,0,10,True
2025-2025011221gm-00a9-0000-22bab0de-00-s1-d0,197,A,1,65,"[23900,43200,23300,9600]",1,10.0,1,3,0,0,11,True
2025-2025011221gm-00a9-0000-22bab0de-00-s1-d0,197,B,2,19,"[9900,46700,17800,25600]",1,10.0,1,3,1,0,11,True
2025-2025011221gm-00a9-0000-22bab0de-00-s1-d0,198,A,1,65,"[21800,30500,8300,38400]",2,4.0,1,3,0,1,10,True
2025-2025011221gm-00a9-0000-22bab0de-00-s1-d0,198,B,2,19,"[21800,30500,8300,38400]",2,4.0,1,3,0,1,10,True
2025-2025011221gm-00a9-0000-22bab0de-00-s1-d0,199,A,1,65,"[20600,32300,14500,32600]",2,4.0,1,3,0,0,10,True
2025-2025011221gm-00a9-0000-22bab0de-00-s1-d0,199,B,2,19,"[20600,32300,14500,32600]",2,4.0,1,3,0,0,10,True
2025-2025011221gm-00a9-0000-22bab0de-00-s1-d0,200,A,1,65,"[14300,23100,23500,39100]",3,-4.0,1,3,0,0,11,True
2025-2025011221gm-00a9-0000-22bab0de-00-s1-d0,200,B,2,19,"[26700,18500,32800,22000]",4,-10.0,1,3,1,0,15,True
2025-2025011221gm-00a9-0000-22bab0de-00-s1-d0,201,A,1,65,"[32800,52100,21700,-6600]",1,10.0,1,3,0,0,13,True
2025-2025011221gm-00a9-0000-22bab0de-00-s1-d0,201,B,2,19,"[30000,-2400,22500,49900]",4,-10.0,1,2,0,0,9,True
2025-2025011221gm-00a9-0000-22bab0de-00-s1-d0,202,A,1,65,"[27700,11300,39300,20700]",4,-10.0,1,3,2,1,17,True
2025-2025011221gm-00a9-0000-22bab0de-00-s1-d0,202,B,2,19,"[27700,11300,39300,20700]",4,-10.0,1,3,2,1,17,True
2025-2025011221gm-00a9-0000-22bab0de-00-s1-d0,203,A,1,65,"[19800,22200,34400,23600]",3,-4.0,1,3,0,0,11,True
2025-2025011221gm-00a9-0000-22bab0de-00-s1-d0,203,B,2,19,"[19800,22200,34400,23600]",3,-4.0,1,3,0,0,11,True
2025-2025011221gm-00a9-0000-22bab0de-00-s1-d0,204,A,1,65,"[26400,16400,12500,44700]",3,-4.0,1,3,1,0,8,True
2025-2025011221gm-00a9-0000-22bab0de-00-s1-d0,204,B,2,19,"[26400,16400,12500,44700]",3,-4.0,1,3,1,0,8,True
2025-2025011221gm-00a9-0000-22bab0de-00-s1-d0,205,A,1,65,"[26500,36900,8400,28200]",1,10.0,1,3,0,0,12,True
2025-2025011221gm-00a9-0000-22bab0de-00-s1-d0,205,B,2,19,"[26500,36900,8400,28200]",1,10.0,1,3,0,0,12,True
2025-2025011221gm-00a9-0000-22bab0de-00-s1-d0,206,A,1,65,"[4300,51200,33000,11500]",1,10.0,1,3,0,0,11,True
2025-2025011221gm-00a9-0000-22bab0de-00-s1-d0,206,B,2,19,"[52000,38000,-4700,14700]",2,4.0,1,1,0,0,10,True
2025-2025011221gm-00a9-0000-22bab0de-00-s1-d0,207,A,1,65,"[19100,53400,10600,16900]",1,10.0,1,3,0,0,13,True
2025-2025011221gm-00a9-0000-22bab0de-00-s1-d0,207,B,2,19,"[19100,53400,10600,16900]",1,10.0,1,3,0,0,13,True
2025-2025011221gm-00a9-0000-22bab0de-00-s1-d0,208,A,1,65,"[32200,21400,9900,36500]",3,-4.0,1,3,1,0,12,True
2025-2025011221gm-00a9-0000-22bab0de-00-s1-d0,208,B,2,19,"[32200,21400,9900,36500]",3,-4.0,1,3,1,0,12,True
2025-2025011221gm-00a9-0000-22bab0de-00-s1-d0,209,A,1,65,"[5500,35500,21000,38000]",2,4.0,1,3,0,0,10,True
2025-2025011221gm-00a9-0000-22bab0de-00-s1-d0,209,B,2,19,"[17900,43600,45700,-7200]",2,4.0,1,2,1,0,9,True
2025-2025011221gm-00a9-0000-22bab0de-00-s1-d0,210,A,1,65,"[25600,22800,39400,11200]",3,-4.0,1,3,1,1,11,True
2025-2025011221gm-00a9-0000-22bab0de-00-s1-d0,210,B,2,19,"[19100,14700,34900,31300]",4,-10.0,1,3,0,0,10,True
2025-2025011221gm-00a9-0000-22bab0de-00-s1-d0,211,A,1,65,"[29000,20000,19200,31800]",3,-4.0,1,3,0,0,8,True
2025-2025011221gm-00a9-0000-22bab0de-00-s1-d0,211,B,2,19,"[13700,31000,30400,24900]",1,10.0,1,3,0,0,11,True
2025-2025011221gm-00a9-0000-22bab0de-00-s1-d0,212,A,1,65,"[32300,2300,29600,35800]",4,-10.0,1,3,0,0,10,True
2025-2025011221gm-00a9-0000-22bab0de-00-s1-d0,212,B,2,19,"[11300,-1500,35200,55000]",4,-10.0,1,1,0,0,7,True
2025-2025011221gm-00a9-0000-22bab0de-00-s1-d0,213,A,1,65,"[16500,39000,4200,40300]",2,4.0,1,3,0,0,9,True
2025-2025011221gm-00a9-0000-22bab0de-00-s1-d0,213,B,2,19,"[16500,39000,4200,40300]",2,4.0,1,3,0,0,9,True
2025-2025011221gm-00a9-0000-22bab0de-00-s1-d0,214,A,1,65,"[23700,16900,33700,25700]",4,-10.0,2,2,1,0,14,True
2025-2025011221gm-00a9-0000-22bab0de-00-s1-d0,214,B,2,19,"[23700,16900,33700,25700]",4,-10.0,2,2,1,0,14,True
2025-2025011221gm-00a9-0000-22bab0de-00-s1-d0,215,A,1,65,"[8500,21000,57600,12900]",2,4.0,1,3,0,0,13,True
2025-2025011221gm-00a9-0000-22bab0de-00-s1-d0,215,B,2,19,"[12500,5500,31300,49700]",4,-10.0,1,3,0,1,12,True
2025-2025011221gm-00a9-0000-22bab0de-00-s1-d0,216,A,1,65,"[29300,44000,22500,4200]",1,10.0,1,3,0,0,10,True
2025-2025011221gm-00a9-0000-22bab0de-00-s1-d0,216,B,2,19,"[29300,44000,22500,4200]",1,10.0,1,3,0,0,10,True
2025-2025011221gm-00a9-0000-22bab0de-00-s1-d0,217,A,1,65,"[17400,100,31300,51200]",4,-10.0,1,3,0,0,13,True
2025-2025011221gm-00a9-0000-22bab0de-00-s1-d0,217,B,2,19,"[22900,31500,18500,27100]",1,10.0,1,3,0,0,11,True
2025-2025011221gm-00a9-0000-22bab0de-00-s1-d0,218,A,1,65,"[21200,48200,17000,13600]",1,10.0,1,3,0,0,9,True
2025-2025011221gm-00a9-0000-22bab0de-00-s1-d0,218,B,2,19,"[21200,48200,17000,13600]",1,10.0,1,3,0,0,9,True
2025-2025011221gm-00a9-0000-22bab0de-00-s1-d0,219,A,1,65,"[45100,18600,28500,7800]",3,-4.0,1,3,2,0,11,True
2025-2025011221gm-00a9-0000-22bab0de-00-s1-d0,219,B,2,19,"[33800,30000,23400,12800]",2,4.0,1,3,1,0,10,True
2025-2025011221gm-00a9-0000-22bab0de-00-s1-d0,220,A,1,65,"[51500,-4700,30800,22400]",4,-10.0,1,0,0,0,6,True
2025-2025011221gm-00a9-0000-22bab0de-00-s1-d0,220,B,2,19,"[51500,-4700,30800,22400]",4,-10.0,1,0,0,0,6,True
2025-2025011221gm-00a9-0000-22bab0de-00-s1-d0,221,A,1,65,"[24100,37900,38800,-800]",2,4.0,1,1,0,0,10,True
2025-2025011221gm-00a9-0000-22bab0de-00-s1-d0,221,B,2,19,"[13500,42300,22000,22200]",1,10.0,1,3,3,0,11,True
2025-2025011221gm-00a9-0000-22bab0de-00-s1-d0,222,A,1,65,"[19100,12300,32500,35100]",4,-10.0,1,3,0,1,9,True
2025-2025011221gm-00a9-0000-22bab0de-00-s1-d0,222,B,2,19,"[19100,12300,32500,35100]",4,-10.0,1,3,0,1,9,True
2025-2025011221gm-00a9-0000-22bab0de-00-s1-d0,223,A,1,65,"[19800,27400,37500,15300]",2,4.0,1,3,1,0,12,True
2025-2025011221gm-00a9-0000-22bab0de-00-s1-d0,223,B,2,19,"[19800,27400,37500,15300]",2,4.0,1,3,1,0,12,True
2025-2025011221gm-00a9-0000-22bab0de-00-s1-d0,224,A,1,65,"[25300,32300,15700,26700]",1,10.0,1,3,0,0,8,True
2025-2025011221gm-00a9-0000-22bab0de-00-s1-d0,224,B,2,19,"[16100,20700,45500,17700]",2,4.0,1,3,1,0,10,True
2025-2025011221gm-00a9-0000-22bab0de-00-s1-d0,225,A,1,65,"[19400,22100,22400,36100]",3,-4.0,1,3,0,0,11,True
2025-2025011221gm-00a9-0000-22bab0de-00-s1-d0,225,B,2,19,"[20700,33400,16100,29800]",1,10.0,1,3,4,0,15,True
2025-2025011221gm-00a9-0000-22bab0de-00-s1-d0,226,A,1,65,"[26400,25600,17100,30900]",3,-4.0,2,0,0,0,10,True
2025-2025011221gm-00a9-0000-22bab0de-00-s1-d0,226,B,2,19,"[26400,25600,17100,30900]",3,-4.0,2,0,0,0,10,True
2025-2025011221gm-00a9-0000-22bab0de-00-s1-d0,227,A,1,65,"[29300,-2500,32000,41200]",4,-10.0,1,0,1,0,6,True
2025-2025011221gm-00a9-0000-22bab0de-00-s1-d0,227,B,2,19,"[-1000,19000,45000,37000]",3,-4.0,0,3,0,0,4,True
2025-2025011221gm-00a9-0000-22bab0de-00-s1-d0,228,A,1,65,"[38000,26100,24500,11400]",2,4.0,1,3,0,0,10,True
2025-2025011221gm-00a9-0000-22bab0de-00-s1-d0,228,B,2,19,"[38000,26100,24500,11400]",2,4.0,1,3,0,0,10,True
2025-2025011221gm-00a9-0000-22bab0de-00-s1-d0,229,A,1,65,"[40300,26600,26600,5500]",2,4.0,1,3,0,1,10,True
2025-2025011221gm-00a9-0000-22bab0de-00-s1-d0,229,B,2,19,"[40300,26600,26600,5500]",2,4.0,1,3,0,1,10,True
2025-2025011221gm-00a9-0000-22bab0de-00-s1-d0,230,A,1,65,"[37700,7900,37300,16100]",4,-10.0,1,3,0,1,8,True
2025-2025011221gm-00a9-0000-22bab0de-00-s1-d0,230,B,2,19,"[42900,32500,12700,9900]",2,4.0,1,3,1,2,11,True
2025-2025011221gm-00a9-0000-22bab0de-00-s1-d0,231,A,1,65,"[19000,18500,18800,42700]",4,-10.0,1,3,1,1,9,True
2025-2025011221gm-00a9-0000-22bab0de-00-s1-d0,231,B,2,19,"[19000,18500,18800,42700]",4,-10.0,1,3,1,1,9,True
2025-2025011221gm-00a9-0000-22bab0de-00-s1-d0,232,A,1,65,"[38400,7600,20300,33700]",4,-10.0,1,3,0,0,12,True
2025-2025011221gm-00a9-0000-22bab0de-00-s1-d0,232,B,2,19,"[42000,18800,38200,1000]",3,-4.0,1,3,1,0,10,True
2025-2025011221gm-00a9-0000-22bab0de-00-s1-d0,233,A,1,65,"[14400,30500,30000,25100]",1,10.0,1,3,0,0,8,True
2025-2025011221gm-00a9-0000-22bab0de-00-s1-d0,233,B,2,19,"[14400,30500,30000,25100]",1,10.0,1,3,0,0,8,True
2025-2025011221gm-00a9-0000-22bab0de-00-s1-d0,234,A,1,65,"[34600,20700,16600,28100]",3,-4.0,1,3,0,0,11,True
2025-2025011221gm-00a9-0000-22bab0de-00-s1-d0,234,B,2,19,"[34600,20700,16600,28100]",3,-4.0,1,3,0,0,11,True
2025-2025011221gm-00a9-0000-22bab0de-00-s1-d0,235,A,1,65,"[33100,6000,18800,42100]",4,-10.0,1,3,0,0,10,True
2025-2025011221gm-00a9-0000-22bab0de-00-s1-d0,235,B,2,19,"[33100,6000,18800,42100]",4,-10.0,1,3,0,0,10,True
2025-2025011221gm-00a9-0000-22bab0de-00-s1-d0,236,A,1,65,"[20500,21900,23600,34000]",3,-4.0,1,3,0,0,11,True
2025-2025011221gm-00a9-0000-22bab0de-00-s1-d0,236,B,2,19,"[21000,30800,28000,20200]",1,10.0,2,0,2,0,10,True
2025-2025011221gm-00a9-0000-22bab0de-00-s1-d0,237,A,1,65,"[42800,23600,31500,2100]",3,-4.0,1,3,0,0,9,True
2025-2025011221gm-00a9-0000-22bab0de-00-s1-d0,237,B,2,19,"[42800,23600,31500,2100]",3,-4.0,1,3,0,0,9,True
2025-2025011221gm-00a9-0000-22bab0de-00-s1-d0,238,A,1,65,"[19700,16400,64600,-700]",3,-4.0,1,2,0,0,8,True
2025-2025011221gm-00a9-0000-22bab0de-00-s1-d0,238,B,2,19,"[19700,16400,64600,-700]",3,-4.0,1,2,0,0,8,True
2025-2025011221gm-00a9-0000-22bab0de-00-s1-d0,239,A,1,65,"[32000,21700,22000,24300]",4,-10.0,1,3,1,0,10,True
2025-2025011221gm-00a9-0000-22bab0de-00-s1-d0,239,B,2,19,"[39600,24200,24500,11700]",3,-4.0,1,3,0,0,9,True
2025-2025011221gm-00a9-0000-22bab0de-00-s1-d0,240,A,1,65,"[-900,46900,24800,29200]",1,10.0,1,3,0,0,10,True
2025-2025011221gm-00a9-0000-22bab0de-00-s1-d0,240,B,2,19,"[-900,46900,24800,29200]",1,10.0,1,3,0,0,10,True
2025-2025011221gm-00a9-0000-22bab0de-00-s1-d0,241,A,1,65,"[44000,14400,21800,19800]",4,-10.0,1,3,2,0,12,True
2025-2025011221gm-00a9-0000-22bab0de-00-s1-d0,241,B,2,19,"[13500,69400,9600,7500]",1,10.0,1,3,0,0,11,True
2025-2025011221gm-00a9-0000-22bab0de-00-s1-d0,242,A,1,65,"[24000,38000,19300,18700]",1,10.0,1,3,0,0,9,True
2025-2025011221gm-00a9-0000-22bab0de-00-s1-d0,242,B,2,19,"[42200,16300,17100,24400]",4,-10.0,1,3,0,0,10,True
2025-2025011221gm-00a9-0000-22bab0de-00-s1-d0,243,A,1,65,"[46400,700,30600,22300]",4,-10.0,1,3,1,0,13,True
2025-2025011221gm-00a9-0000-22bab0de-00-s1-d0,243,B,2,19,"[21000,18500,10700,49800]",3,-4.0,1,3,0,0,11,True
2025-2025011221gm-00a9-0000-22bab0de-00-s1-d0,244,A,1,65,"[24900,-4500,26600,53000]",4,-10.0,1,3,0,0,10,True
2025-2025011221gm-00a9-0000-22bab0de-00-s1-d0,244,B,2,19,"[24900,-4500,26600,53000]",4,-10.0,1,3,0,0,10,True
2025-2025011221gm-00a9-0000-22bab0de-00-s1-d0,245,A,1,65,"[10400,23200,34100,32300]",3,-4.0,1,3,0,0,10,True
2025-2025011221gm-00a9-0000-22bab0de-00-s1-d0,245,B,2,19,"[10400,23200,34100,32300]",3,-4.0,1,3,0,0,10,True
2025-2025011221gm-00a9-0000-22bab0de-00-s1-d0,246,A,1,65,"[22300,40200,20400,17100]",1,10.0,1,3,0,0,12,True
2025-2025011221gm-00a9-0000-22bab0de-00-s1-d0,246,B,2,19,"[41300,14100,23600,21000]",4,-10.0,1,3,0,0,10,True
2025-2025011221gm-00a9-0000-22bab0de-00-s1-d0,247,A,1,65,"[22600,37000,9400,31000]",1,10.0,1,3,0,0,8,True
2025-2025011221gm-00a9-0000-22bab0de-00-s1-d0,247,B,2,19,"[22600,37000,9400,31000]",1,10.0,1,3,0,0,8,True
2025-2025011221gm-00a9-0000-22bab0de-00-s1-d0,248,A,1,65,"[24400,30600,17700,27300]",1,10.0,2,0,0,0,12,True
2025-2025011221gm-00a9-0000-22bab0de-00-s1-d0,248,B,2,19,"[24400,30600,17700,27300]",1,10.0,2,0,0,0,12,True
2025-2025011221gm-00a9-0000-22bab0de-00-s1-d0,249,A,1,65,"[24200,-2900,47400,31300]",4,-10.0,1,2,0,0,9,True
2025-2025011221gm-00a9-0000-22bab0de-00-s1-d0,249,B,2,19,"[24200,-2900,47400,31300]",4,-10.0,1,2,0,0,9,True
2025-2025011221gm-00a9-0000-22bab0de-00-s1-d0,250,A,1,65,"[23700,-2000,43200,35100]",4,-10.0,1,3,3,0,11,True
2025-2025011221gm-00a9-0000-22bab0de-00-s1-d0,250,B,2,19,"[17500,-7800,45500,44800]",4,-10.0,1,3,3,0,11,True
2025-2025011221gm-00a9-0000-22bab0de-00-s1-d0,251,A,1,65,"[25900,20900,22500,30700]",4,-10.0,1,3,0,0,10,True
2025-2025011221gm-00a9-0000-22bab0de-00-s1-d0,251,B,2,19,"[25900,20900,22500,30700]",4,-10.0,1,3,0,0,10,True
2025-2025011221gm-00a9-0000-22bab0de-00-s1-d0,252,A,1,65,"[15400,41000,-3000,46600]",2,4.0,1,0,0,0,5,True
2025-2025011221gm-00a9-0000-22bab0de-00-s1-d0,252,B,2,19,"[41400,12300,36400,9900]",3,-4.0,1,3,1,0,10,True
2025-2025011221gm-00a9-0000-22bab0de-00-s1-d0,253,A,1,65,"[-500,34700,40400,25400]",2,4.0,0,3,0,0,6,True
2025-2025011221gm-00a9-0000-22bab0de-00-s1-d0,253,B,2,19,"[12900,-200,50900,36400]",4,-10.0,1,0,0,0,6,True
2025-2025011221gm-00a9-0000-22bab0de-00-s1-d0,254,A,1,65,"[14500,32400,28200,24900]",1,10.0,1,3,0,0,8,True
2025-2025011221gm-00a9-0000-22bab0de-00-s1-d0,254,B,2,19,"[14500,32400,28200,24900]",1,10.0,1,3,0,0,8,True
2025-2025011221gm-00a9-0000-22bab0de-00-s1-d0,255,A,1,65,"[4400,19400,36100,40100]",3,-4.0,1,3,0,0,8,True
2025-2025011221gm-00a9-0000-22bab0de-00-s1-d0,255,B,2,19,"[30300,5000,41400,23300]",4,-10.0,1,3,1,0,9,True
2025-2025040821gm-00a9-0000-b7ac449d-02-s0-d0,0,A,1,21,"[-700,34500,30200,36000]",4,-10.0,0,2,0,0,2,True
2025-2025040821gm-00a9-0000-b7ac449d-02-s0-d0,0,B,2,39,"[-700,34500,30200,36000]",4,-10.0,0,2,0,0,2,True
2025-2025040821gm-00a9-0000-b7ac449d-02-s0-d0,1,A,1,21,"[17000,26700,34600,21700]",4,-10.0,1,3,0,0,10,True
2025-2025040821gm-00a9-0000-b7ac449d-02-s0-d0,1,B,2,39,"[17000,26700,34600,21700]",4,-10.0,1,3,0,0,10,True
2025-2025040821gm-00a9-0000-b7ac449d-02-s0-d0,2,A,1,21,"[28700,26500,2900,41900]",2,4.0,1,3,0,0,7,True
2025-2025040821gm-00a9-0000-b7ac449d-02-s0-d0,2,B,2,39,"[22800,20500,18400,38300]",2,4.0,1,3,0,0,7,True
2025-2025040821gm-00a9-0000-b7ac449d-02-s0-d0,3,A,1,21,"[25800,26300,32700,15200]",3,-4.0,1,3,0,0,7,True
2025-2025040821gm-00a9-0000-b7ac449d-02-s0-d0,3,B,2,39,"[21500,32400,25500,20600]",3,-4.0,1,3,1,0,9,True
2025-2025040821gm-00a9-0000-b7ac449d-02-s0-d0,4,A,1,21,"[16700,27300,30100,25900]",4,-10.0,2,0,1,0,9,True
2025-2025040821gm-00a9-0000-b7ac449d-02-s0-d0,4,B,2,39,"[28000,27100,36300,8600]",2,4.0,1,3,1,0,7,True
2025-2025040821gm-00a9-0000-b7ac449d-02-s0-d0,5,A,1,21,"[-2100,47600,6900,47600]",4,-10.0,0,3,2,0,5,True
2025-2025040821gm-00a9-0000-b7ac449d-02-s0-d0,5,B,2,39,"[-10500,47600,11100,51800]",4,-10.0,0,3,2,0,5,True
2025-2025040821gm-00a9-0000-b7ac449d-02-s0-d0,6,A,1,21,"[2100,27200,32100,37600]",4,-10.0,1,3,0,1,10,True
2025-2025040821gm-00a9-0000-b7ac449d-02-s0-d0,6,B,2,39,"[17200,28400,10200,44200]",3,-4.0,1,3,0,0,8,True
2025-2025040821gm-00a9-0000-b7ac449d-02-s0-d0,7,A,1,21,"[17800,45500,11000,25700]",3,-4.0,1,3,0,0,11,True
2025-2025040821gm-00a9-0000-b7ac449d-02-s0-d0,7,B,2,39,"[24100,38600,8300,29000]",3,-4.0,1,3,0,0,10,True
2025-2025040821gm-00a9-0000-b7ac449d-02-s0-d0,8,A,1,21,"[35000,28400,13500,23100]",1,10.0,1,3,2,0,14,True
2025-2025040821gm-00a9-0000-b7ac449d-02-s0-d0,8,B,2,39,"[36900,28400,7800,26900]",1,10.0,1,3,2,0,14,True
2025-2025040821gm-00a9-0000-b7ac449d-02-s0-d0,9,A,1,21,"[8000,38200,34000,19800]",4,-10.0,1,3,0,0,8,True
2025-2025040821gm-00a9-0000-b7ac449d-02-s0-d0,9,B,2,39,"[22200,8100,52000,17700]",2,4.0,1,3,0,0,8,True
2025-2025040821gm-00a9-0000-b7ac449d-02-s0-d0,10,A,1,21,"[-2500,54100,34200,14200]",4,-10.0,1,3,0,0,10,True
2025-2025040821gm-00a9-0000-b7ac449d-02-s0-d0,10,B,2,39,"[19900,50300,30100,-300]",3,-4.0,1,3,0,0,10,True
2025-2025040821gm-00a9-0000-b7ac449d-02-s0-d0,11,A,1,21,"[21100,37100,17400,24400]",3,-4.0,1,3,0,0,8,True
2025-2025040821gm-00a9-0000-b7ac449d-02-s0-d0,11,B,2,39,"[21100,37100,17400,24400]",3,-4.0,1,3,0,0,8,True
2025-2025040821gm-00a9-0000-b7ac449d-02-s0-d0,12,A,1,21,"[20300,29400,32400,17900]",3,-4.0,1,3,1,0,9,True
2025-2025040821gm-00a9-0000-b7ac449d-02-s0-d0,12,B,2,39,"[27500,41900,17500,13100]",2,4.0,1,3,1,0,10,True
2025-2025040821gm-00a9-0000-b7ac449d-02-s0-d0,13,A,1,21,"[15400,37400,22000,25200]",4,-10.0,1,3,0,0,8,True
2025-2025040821gm-00a9-0000-b7ac449d-02-s0-d0,13,B,2,39,"[30600,37800,-7100,38700]",3,-4.0,1,3,0,0,9,True
2025-2025040821gm-00a9-0000-b7ac449d-02-s0-d0,14,A,1,21,"[27500,25900,30300,15300]",2,4.0,1,3,0,1,7,True
2025-2025040821gm-00a9-0000-b7ac449d-02-s0-d0,14,B,2,39,"[23200,15400,29600,31800]",3,-4.0,1,3,0,0,8,True
2025-2025040821gm-00a9-0000-b7ac449d-02-s0-d0,15,A,1,21,"[17000,29700,10900,42400]",3,-4.0,1,3,0,0,7,True
2025-2025040821gm-00a9-0000-b7ac449d-02-s0-d0,15,B,2,39,"[1100,88000,-400,11300]",3,-4.0,1,1,1,0,6,True
2025-2025040821gm-00a9-0000-b7ac449d-02-s0-d0,16,A,1,21,"[16500,30600,18900,34000]",4,-10.0,1,3,0,0,8,True
2025-2025040821gm-00a9-0000-b7ac449d-02-s0-d0,16,B,2,39,"[16500,30600,18900,34000]",4,-10.0,1,3,0,0,8,True
2025-2025040821gm-00a9-0000-b7ac449d-02-s0-d0,17,A,1,21,"[12200,40400,19400,28000]",4,-10.0,1,3,0,0,10,True
2025-2025040821gm-00a9-0000-b7ac449d-02-s0-d0,17,B,2,39,"[12200,40400,19400,28000]",4,-10.0,1,3,0,0,10,True
2025-2025040821gm-00a9-0000-b7ac449d-02-s0-d0,18,A,1,21,"[40500,11100,27500,19900]",1,10.0,1,3,0,1,9,True
2025-2025040821gm-00a9-0000-b7ac449d-02-s0-d0,18,B,2,39,"[-2100,34500,29600,38000]",4,-10.0,0,2,0,0,3,True
2025-2025040821gm-00a9-0000-b7ac449d-02-s0-d0,19,A,1,21,"[4200,45000,19900,30900]",4,-10.0,1,3,3,0,11,True
2025-2025040821gm-00a9-0000-b7ac449d-02-s0-d0,19,B,2,39,"[-5000,43500,42200,19300]",4,-10.0,1,1,0,0,6,True
2025-2025040821gm-00a9-0000-b7ac449d-02-s0-d0,20,A,1,21,"[23500,44300,15600,16600]",2,4.0,1,3,0,0,9,True
2025-2025040821gm-00a9-0000-b7ac449d-02-s0-d0,20,B,2,39,"[28100,36300,7000,28600]",3,-4.0,1,3,0,0,9,True
2025-2025040821gm-00a9-0000-b7ac449d-02-s0-d0,21,A,1,21,"[30400,17200,22900,29500]",1,10.0,1,3,3,0,11,True
2025-2025040821gm-00a9-0000-b7ac449d-02-s0-d0,21,B,2,39,"[16100,36500,11500,34900]",3,-4.0,1,3,0,1,8,True
2025-2025040821gm-00a9-0000-b7ac449d-02-s0-d0,22,A,1,21,"[43600,11700,9600,35100]",1,10.0,1,3,0,0,10,True
2025-2025040821gm-00a9-0000-b7ac449d-02-s0-d0,22,B,2,39,"[20800,11500,16800,50900]",2,4.0,1,3,0,0,10,True
2025-2025040821gm-00a9-0000-b7ac449d-02-s0-d0,23,A,1,21,"[23000,43600,1500,31900]",3,-4.0,1,3,0,0,10,True
2025-2025040821gm-00a9-0000-b7ac449d-02-s0-d0,23,B,2,39,"[39700,15300,16300,27700]",1,10.0,1,3,1,1,12,True
2025-2025040821gm-00a9-0000-b7ac449d-02-s0-d0,24,A,1,21,"[1500,53700,29500,15300]",4,-10.0,1,3,0,0,10,True
2025-2025040821gm-00a9-0000-b7ac449d-02-s0-d0,24,B,2,39,"[20300,7700,28900,43100]",3,-4.0,1,3,0,0,10,True
2025-2025040821gm-00a9-0000-b7ac449d-02-s0-d0,25,A,1,21,"[23300,54000,13500,9200]",2,4.0,1,3,0,0,10,True
2025-2025040821gm-00a9-0000-b7ac449d-02-s0-d0,25,B,2,39,"[17000,25300,18900,38800]",4,-10.0,1,3,0,0,12,True
2025-2025040821gm-00a9-0000-b7ac449d-02-s0-d0,26,A,1,21,"[25500,29700,32300,12500]",3,-4.0,1,3,0,0,9,True
2025-2025040821gm-00a9-0000-b7ac449d-02-s0-d0,26,B,2,39,"[32800,27000,13700,26500]",1,10.0,1,3,0,0,9,True
2025-2025040821gm-00a9-0000-b7ac449d-02-s0-d0,27,A,1,21,"[20600,28800,17400,33200]",3,-4.0,1,3,0,0,8,True
2025-2025040821gm-00a9-0000-b7ac449d-02-s0-d0,27,B,2,39,"[23400,12700,24100,39800]",3,-4.0,1,3,0,0,8,True
2025-2025040821gm-00a9-0000-b7ac449d-02-s0-d0,28,A,1,21,"[30700,34800,300,34200]",3,-4.0,1,3,0,0,11,True
2025-2025040821gm-00a9-0000-b7ac449d-02-s0-d0,28,B,2,39,"[31300,28200,15000,25500]",1,10.0,2,0,0,0,13,True
2025-2025040821gm-00a9-0000-b7ac449d-02-s0-d0,29,A,1,21,"[44400,51100,-700,5200]",2,4.0,1,2,6,0,11,True
2025-2025040821gm-00a9-0000-b7ac449d-02-s0-d0,29,B,2,39,"[33200,28400,5100,33300]",2,4.0,1,3,1,0,8,True
2025-2025040821gm-00a9-0000-b7ac449d-02-s0-d0,30,A,1,21,"[12200,25900,32600,29300]",4,-10.0,1,3,2,0,8,True
2025-2025040821gm-00a9-0000-b7ac449d-02-s0-d0,30,B,2,39,"[19300,18500,41200,21000]",3,-4.0,1,3,2,0,8,True
2025-2025040821gm-00a9-0000-b7ac449d-02-s0-d0,31,A,1,21,"[-2400,39600,24700,38100]",4,-10.0,1,1,1,0,6,True
2025-2025040821gm-00a9-0000-b7ac449d-02-s0-d0,31,B,2,39,"[-200,37700,19000,43500]",4,-10.0,0,3,0,0,3,True
2025-2025040821gm-00a9-0000-b7ac449d-02-s0-d0,32,A,1,21,"[17000,25900,43500,13600]",3,-4.0,1,3,0,0,9,True
2025-2025040821gm-00a9-0000-b7ac449d-02-s0-d0,32,B,2,39,"[-3300,20300,39000,44000]",4,-10.0,1,2,1,0,8,True
2025-2025040821gm-00a9-0000-b7ac449d-02-s0-d0,33,A,1,21,"[6400,26500,24900,41200]",4,-10.0,1,3,0,1,8,True
2025-2025040821gm-00a9-0000-b7ac449d-02-s0-d0,33,B,2,39,"[6400,26500,24900,41200]",4,-10.0,1,3,0,1,8,True
2025-2025040821gm-00a9-0000-b7ac449d-02-s0-d0,34,A,1,21,"[-3800,42900,32100,28800]",4,-10.0,1,2,0,0,7,True
2025-2025040821gm-00a9-0000-b7ac449d-02-s0-d0,34,B,2,39,"[21100,34100,6400,38400]",3,-4.0,1,3,1,0,10,True
2025-2025040821gm-00a9-0000-b7ac449d-02-s0-d0,35,A,1,21,"[18900,37400,14600,29100]",3,-4.0,1,3,0,0,9,True
2025-2025040821gm-00a9-0000-b7ac449d-02-s0-d0,35,B,2,39,"[18900,37400,14600,29100]",3,-4.0,1,3,0,0,9,True
2025-2025040821gm-00a9-0000-b7ac449d-02-s0-d0,36,A,1,21,"[24100,58100,6000,11800]",2,4.0,1,3,1,0,10,True
2025-2025040821gm-00a9-0000-b7ac449d-02-s0-d0,36,B,2,39,"[8700,56300,12300,22700]",4,-10.0,1,3,1,0,10,True
2025-2025040821gm-00a9-0000-b7ac449d-02-s0-d0,37,A,1,21,"[9100,28600,35100,27200]",4,-10.0,1,3,1,0,8,True
2025-2025040821gm-00a9-0000-b7ac449d-02-s0-d0,37,B,2,39,"[9100,28600,35100,27200]",4,-10.0,1,3,1,0,8,True
2025-2025040821gm-00a9-0000-b7ac449d-02-s0-d0,38,A,1,21,"[22200,24000,22100,30700]",3,-4.0,1,3,0,1,7,True
2025-2025040821gm-00a9-0000-b7ac449d-02-s0-d0,38,B,2,39,"[20300,21300,24700,33700]",4,-10.0,1,3,0,0,7,True
2025-2025040821gm-00a9-0000-b7ac449d-02-s0-d0,39,A,1,21,"[31300,17500,26200,25000]",1,10.0,1,3,1,0,8,True
2025-2025040821gm-00a9-0000-b7ac449d-02-s0-d0,39,B,2,39,"[31300,17500,26200,25000]",1,10.0,1,3,1,0,8,True
2025-2025040821gm-00a9-0000-b7ac449d-02-s0-d0,40,A,1,21,"[9600,38800,6300,44300]",3,-4.0,1,3,0,1,8,True
2025-2025040821gm-00a9-0000-b7ac449d-02-s0-d0,40,B,2,39,"[24800,41300,-700,34600]",3,-4.0,1,0,2,0,5,True
2025-2025040821gm-00a9-0000-b7ac449d-02-s0-d0,41,A,1,21,"[17800,34000,9300,38900]",3,-4.0,1,3,0,0,7,True
2025-2025040821gm-00a9-0000-b7ac449d-02-s0-d0,41,B,2,39,"[15800,36100,8100,40000]",3,-4.0,1,3,0,0,7,True
2025-2025040821gm-00a9-0000-b7ac449d-02-s0-d0,42,A,1,21,"[37700,28200,5200,28900]",1,10.0,1,3,1,0,9,True
2025-2025040821gm-00a9-0000-b7ac449d-02-s0-d0,42,B,2,39,"[31700,33400,14200,19700]",2,4.0,1,3,1,1,9,True
2025-2025040821gm-00a9-0000-b7ac449d-02-s0-d0,43,A,1,21,"[-2200,32900,46900,22400]",4,-10.0,1,1,0,0,5,True
2025-2025040821gm-00a9-0000-b7ac449d-02-s0-d0,43,B,2,39,"[-2200,32900,46900,22400]",4,-10.0,1,1,0,0,5,True
2025-2025040821gm-00a9-0000-b7ac449d-02-s0-d0,44,A,1,21,"[34200,10200,27300,28300]",1,10.0,2,1,0,0,9,True
2025-2025040821gm-00a9-0000-b7ac449d-02-s0-d0,44,B,2,39,"[20100,22400,22100,35400]",4,-10.0,1,3,0,0,9,True
2025-2025040821gm-00a9-0000-b7ac449d-02-s0-d0,45,A,1,21,"[14400,42100,25000,18500]",4,-10.0,1,3,0,0,8,True
2025-2025040821gm-00a9-0000-b7ac449d-02-s0-d0,45,B,2,39,"[20100,33500,30000,16400]",3,-4.0,1,3,0,0,9,True
2025-2025040821gm-00a9-0000-b7ac449d-02-s0-d0,46,A,1,21,"[32900,43900,-4300,27500]",2,4.0,1,0,1,0,6,True
2025-2025040821gm-00a9-0000-b7ac449d-02-s0-d0,46,B,2,39,"[27800,33400,29400,9400]",3,-4.0,1,3,1,0,9,True
2025-2025040821gm-00a9-0000-b7ac449d-02-s0-d0,47,A,1,21,"[17000,26300,40000,16700]",3,-4.0,1,3,0,0,11,True
2025-2025040821gm-00a9-0000-b7ac449d-02-s0-d0,47,B,2,39,"[17000,26300,40000,16700]",3,-4.0,1,3,0,0,11,True
2025-2025040821gm-00a9-0000-b7ac449d-02-s0-d0,48,A,1,21,"[6600,32300,49500,11600]",4,-10.0,1,3,2,0,11,True
2025-2025040821gm-00a9-0000-b7ac449d-02-s0-d0,48,B,2,39,"[17500,33800,7200,41500]",3,-4.0,1,3,0,0,9,True
2025-2025040821gm-00a9-0000-b7ac449d-02-s0-d0,49,A,1,21,"[17800,37900,21300,23000]",4,-10.0,1,3,0,0,10,True
2025-2025040821gm-00a9-0000-b7ac449d-02-s0-d0,49,B,2,39,"[10700,49100,22400,17800]",4,-10.0,1,3,0,0,11,True
2025-2025040821gm-00a9-0000-b7ac449d-02-s0-d0,50,A,1,21,"[7900,29700,15400,47000]",4,-10.0,1,3,0,0,10,True
2025-2025040821gm-00a9-0000-b7ac449d-02-s0-d0,50,B,2,39,"[7900,29700,15400,47000]",4,-10.0,1,3,0,0,10,True
2025-2025040821gm-00a9-0000-b7ac449d-02-s0-d0,51,A,1,21,"[18800,36700,23000,21500]",4,-10.0,1,3,0,0,7,True
2025-2025040821gm-00a9-0000-b7ac449d-02-s0-d0,51,B,2,39,"[19800,33900,15900,30400]",3,-4.0,1,3,3,0,10,True
2025-2025040821gm-00a9-0000-b7ac449d-02-s0-d0,52,A,1,21,"[-3200,33100,60700,9400]",4,-10.0,1,1,1,0,8,True
2025-2025040821gm-00a9-0000-b7ac449d-02-s0-d0,52,B,2,39,"[12900,38500,8000,40600]",3,-4.0,1,3,0,0,8,True
2025-2025040821gm-00a9-0000-b7ac449d-02-s0-d0,53,A,1,21,"[21000,30400,35500,13100]",3,-4.0,1,3,2,0,9,True
2025-2025040821gm-00a9-0000-b7ac449d-02-s0-d0,53,B,2,39,"[19000,16700,43500,20800]",3,-4.0,1,3,1,0,8,True
2025-2025040821gm-00a9-0000-b7ac449d-02-s0-d0,54,A,1,21,"[-1300,37600,27200,36500]",4,-10.0,1,0,1,0,7,True
2025-2025040821gm-00a9-0000-b7ac449d-02-s0-d0,54,B,2,39,"[46200,44400,17300,-7900]",1,10.0,1,1,2,0,8,True
2025-2025040821gm-00a9-0000-b7ac449d-02-s0-d0,55,A,1,21,"[9200,20900,27700,42200]",4,-10.0,1,3,2,0,11,True
2025-2025040821gm-00a9-0000-b7ac449d-02-s0-d0,55,B,2,39,"[29800,45400,11200,13600]",2,4.0,1,3,1,0,10,True
2025-2025040821gm-00a9-0000-b7ac449d-02-s0-d0,56,A,1,21,"[33000,28600,17400,21000]",1,10.0,2,0,0,0,10,True
2025-2025040821gm-00a9-0000-b7ac449d-02-s0-d0,56,B,2,39,"[46000,15000,20700,18300]",1,10.0,1,3,1,0,9,True
2025-2025040821gm-00a9-0000-b7ac449d-02-s0-d0,57,A,1,21,"[13600,33700,28700,23000]",4,-10.0,1,3,1,1,9,True
2025-2025040821gm-00a9-0000-b7ac449d-02-s0-d0,57,B,2,39,"[-6000,45500,16600,43900]",4,-10.0,1,0,0,0,5,True
2025-2025040821gm-00a9-0000-b7ac449d-02-s0-d0,58,A,1,21,"[-600,42300,26500,31800]",4,-10.0,0,2,1,0,3,True
2025-2025040821gm-00a9-0000-b7ac449d-02-s0-d0,58,B,2,39,"[28200,39300,34500,-2000]",3,-4.0,0,3,0,0,6,True
2025-2025040821gm-00a9-0000-b7ac449d-02-s0-d0,59,A,1,21,"[20900,42100,19700,17300]",2,4.0,1,3,0,0,9,True
2025-2025040821gm-00a9-0000-b7ac449d-02-s0-d0,59,B,2,39,"[20900,42100,19700,17300]",2,4.0,1,3,0,0,9,True
2025-2025040821gm-00a9-0000-b7ac449d-02-s0-d0,60,A,1,21,"[36900,31700,14900,14500]",1,10.0,1,3,1,2,7,True
2025-2025040821gm-00a9-0000-b7ac449d-02-s0-d0,60,B,2,39,"[36900,31700,14900,14500]",1,10.0,1,3,1,2,7,True
2025-2025040821gm-00a9-0000-b7ac449d-02-s0-d0,61,A,1,21,"[6900,25200,26200,41700]",4,-10.0,1,3,0,0,9,True
2025-2025040821gm-00a9-0000-b7ac449d-02-s0-d0,61,B,2,39,"[25800,32600,9400,32200]",3,-4.0,1,3,0,0,8,True
2025-2025040821gm-00a9-0000-b7ac449d-02-s0-d0,62,A,1,21,"[29800,35700,20100,14400]",2,4.0,1,3,1,0,8,True
2025-2025040821gm-00a9-0000-b7ac449d-02-s0-d0,62,B,2,39,"[29800,35700,20100,14400]",2,4.0,1,3,1,0,8,True
2025-2025040821gm-00a9-0000-b7ac449d-02-s0-d0,63,A,1,21,"[19500,27300,38800,14400]",3,-4.0,1,3,0,0,11,True
2025-2025040821gm-00a9-0000-b7ac449d-02-s0-d0,63,B,2,39,"[19500,27300,38800,14400]",3,-4.0,1,3,0,0,11,True
2025-2025040821gm-00a9-0000-b7ac449d-02-s0-d0,64,A,1,21,"[18100,22800,22600,36500]",4,-10.0,1,3,0,0,8,True
2025-2025040821gm-00a9-0000-b7ac449d-02-s0-d0,64,B,2,39,"[13600,42400,6400,37600]",3,-4.0,1,3,1,0,11,True
2025-2025040821gm-00a9-0000-b7ac449d-02-s0-d0,65,A,1,21,"[18800,48400,3400,29400]",3,-4.0,1,3,0,0,9,True
2025-2025040821gm-00a9-0000-b7ac449d-02-s0-d0,65,B,2,39,"[12400,18900,23700,45000]",4,-10.0,1,3,0,0,10,True
2025-2025040821gm-00a9-0000-b7ac449d-02-s0-d0,66,A,1,21,"[16800,26900,13900,42400]",3,-4.0,1,3,0,0,9,True
2025-2025040821gm-00a9-0000-b7ac449d-02-s0-d0,66,B,2,39,"[21600,30200,5200,43000]",3,-4.0,1,3,0,0,8,True
2025-2025040821gm-00a9-0000-b7ac449d-02-s0-d0,67,A,1,21,"[36600,25000,21800,16600]",1,10.0,2,1,0,0,12,True
2025-2025040821gm-00a9-0000-b7ac449d-02-s0-d0,67,B,2,39,"[7000,50600,20900,21500]",4,-10.0,1,3,0,0,9,True
2025-2025040821gm-00a9-0000-b7ac449d-02-s0-d0,68,A,1,21,"[-11100,41000,30500,39600]",4,-10.0,1,1,0,0,7,True
2025-2025040821gm-00a9-0000-b7ac449d-02-s0-d0,68,B,2,39,"[-6000,38600,34000,33400]",4,-10.0,1,1,0,0,7,True
2025-2025040821gm-00a9-0000-b7ac449d-02-s0-d0,69,A,1,21,"[34300,24000,21500,20200]",1,10.0,1,3,0,0,7,True
2025-2025040821gm-00a9-0000-b7ac449d-02-s0-d0,69,B,2,39,"[33400,23800,23200,19600]",1,10.0,2,0,0,0,10,True
2025-2025040821gm-00a9-0000-b7ac449d-02-s0-d0,70,A,1,21,"[12300,35400,27100,25200]",4,-10.0,1,3,0,0,8,True
2025-2025040821gm-00a9-0000-b7ac449d-02-s0-d0,70,B,2,39,"[18300,36800,18500,26400]",4,-10.0,1,3,0,0,8,True
2025-2025040821gm-00a9-0000-b7ac449d-02-s0-d0,71,A,1,21,"[13100,57800,20800,8300]",3,-4.0,1,3,1,0,13,True
2025-2025040821gm-00a9-0000-b7ac449d-02-s0-d0,71,B,2,39,"[23100,28700,29900,18300]",3,-4.0,2,3,0,0,16,True
2025-2025040821gm-00a9-0000-b7ac449d-02-s0-d0,72,A,1,21,"[5000,21200,27400,46400]",4,-10.0,1,3,1,0,9,True
2025-2025040821gm-00a9-0000-b7ac449d-02-s0-d0,72,B,2,39,"[-6600,70000,22800,13800]",4,-10.0,0,1,3,0,3,True
2025-2025040821gm-00a9-0000-b7ac449d-02-s0-d0,73,A,1,21,"[26700,58300,5800,9200]",2,4.0,1,3,0,0,12,True
2025-2025040821gm-00a9-0000-b7ac449d-02-s0-d0,73,B,2,39,"[-2200,32600,29900,39700]",4,-10.0,1,0,1,0,6,True
2025-2025040821gm-00a9-0000-b7ac449d-02-s0-d0,74,A,1,21,"[20000,46500,33900,-400]",3,-4.0,1,2,0,0,6,True
2025-2025040821gm-00a9-0000-b7ac449d-02-s0-d0,74,B,2,39,"[30400,49500,-400,20500]",2,4.0,1,1,1,0,7,True
2025-2025040821gm-00a9-0000-b7ac449d-02-s0-d0,75,A,1,21,"[-5400,34100,25000,46300]",4,-10.0,0,3,1,0,4,True
2025-2025040821gm-00a9-0000-b7ac449d-02-s0-d0,75,B,2,39,"[-5400,34100,25000,46300]",4,-10.0,0,3,1,0,4,True
2025-2025040821gm-00a9-0000-b7ac449d-02-s0-d0,76,A,1,21,"[1300,42500,31300,24900]",4,-10.0,1,3,2,0,8,True
2025-2025040821gm-00a9-0000-b7ac449d-02-s0-d0,76,B,2,39,"[10200,29600,28300,31900]",4,-10.0,1,3,2,0,8,True
2025-2025040821gm-00a9-0000-b7ac449d-02-s0-d0,77,A,1,21,"[44500,29300,26600,-400]",1,10.0,1,0,1,0,7,True
2025-2025040821gm-00a9-0000-b7ac449d-02-s0-d0,77,B,2,39,"[37800,28700,32800,700]",1,10.0,1,3,1,0,11,True
2025-2025040821gm-00a9-0000-b7ac449d-02-s0-d0,78,A,1,21,"[36300,40100,18700,4900]",2,4.0,1,3,0,0,8,True
2025-2025040821gm-00a9-0000-b7ac449d-02-s0-d0,78,B,2,39,"[31900,42700,19200,6200]",2,4.0,1,3,0,0,9,True
2025-2025040821gm-00a9-0000-b7ac449d-02-s0-d0,79,A,1,21,"[24800,44700,9300,21200]",2,4.0,1,3,0,0,8,True
2025-2025040821gm-00a9-0000-b7ac449d-02-s0-d0,79,B,2,39,"[41900,45000,2600,10500]",2,4.0,1,3,0,0,8,True
2025-2025040821gm-00a9-0000-b7ac449d-02-s0-d0,80,A,1,21,"[33300,27100,28400,11200]",1,10.0,1,3,1,0,9,True
2025-2025040821gm-00a9-0000-b7ac449d-02-s0-d0,80,B,2,39,"[18000,30500,23300,28200]",4,-10.0,2,0,0,0,10,True
2025-2025040821gm-00a9-0000-b7ac449d-02-s0-d0,81,A,1,21,"[18800,27400,11800,42000]",3,-4.0,1,3,0,0,10,True
2025-2025040821gm-00a9-0000-b7ac449d-02-s0-d0,81,B,2,39,"[-2500,52200,35600,14700]",4,-10.0,1,3,0,0,9,True
2025-2025040821gm-00a9-0000-b7ac449d-02-s0-d0,82,A,1,21,"[5800,26500,25900,40800]",4,-10.0,1,3,0,1,8,True
2025-2025040821gm-00a9-0000-b7ac449d-02-s0-d0,82,B,2,39,"[32100,21500,34000,12400]",2,4.0,1,3,0,0,8,True
2025-2025040821gm-00a9-0000-b7ac449d-02-s0-d0,83,A,1,21,"[-2800,52800,25000,25000]",4,-10.0,0,1,1,0,1,True
2025-2025040821gm-00a9-0000-b7ac449d-02-s0-d0,83,B,2,39,"[-2800,52800,25000,25000]",4,-10.0,0,1,1,0,1,True
2025-2025040821gm-00a9-0000-b7ac449d-02-s0-d0,84,A,1,21,"[23700,36200,24900,15200]",3,-4.0,1,3,1,0,9,True
2025-2025040821gm-00a9-0000-b7ac449d-02-s0-d0,84,B,2,39,"[23700,36200,24900,15200]",3,-4.0,1,3,1,0,9,True
2025-2025040821gm-00a9-0000-b7ac449d-02-s0-d0,85,A,1,21,"[39600,27600,19400,13400]",1,10.0,1,3,0,0,8,True
2025-2025040821gm-00a9-0000-b7ac449d-02-s0-d0,85,B,2,39,"[39600,27600,19400,13400]",1,10.0,1,3,0,0,8,True
2025-2025040821gm-00a9-0000-b7ac449d-02-s0-d0,86,A,1,21,"[12400,42100,11100,34400]",3,-4.0,1,3,0,0,10,True
2025-2025040821gm-00a9-0000-b7ac449d-02-s0-d0,86,B,2,39,"[-4500,30400,40600,33500]",4,-10.0,1,2,0,0,9,True
2025-2025040821gm-00a9-0000-b7ac449d-02-s0-d0,87,A,1,21,"[19800,33000,35800,11400]",3,-4.0,1,3,0,0,7,True
2025-2025040821gm-00a9-0000-b7ac449d-02-s0-d0,87,B,2,39,"[19800,33000,35800,11400]",3,-4.0,1,3,0,0,7,True
2025-2025040821gm-00a9-0000-b7ac449d-02-s0-d0,88,A,1,21,"[17100,52100,900,29900]",3,-4.0,1,3,0,0,11,True
2025-2025040821gm-00a9-0000-b7ac449d-02-s0-d0,88,B,2,39,"[26300,37300,4500,31900]",3,-4.0,1,3,0,0,9,True
2025-2025040821gm-00a9-0000-b7ac449d-02-s0-d0,89,A,1,21,"[15200,45700,29500,9600]",3,-4.0,1,3,0,0,9,True
2025-2025040821gm-00a9-0000-b7ac449d-02-s0-d0,89,B,2,39,"[15200,45700,29500,9600]",3,-4.0,1,3,0,0,9,True
2025-2025040821gm-00a9-0000-b7ac449d-02-s0-d0,90,A,1,21,"[15600,24200,32800,27400]",4,-10.0,1,3,0,0,7,True
2025-2025040821gm-00a9-0000-b7ac449d-02-s0-d0,90,B,2,39,"[28200,23300,33100,15400]",2,4.0,1,3,0,0,7,True
2025-2025040821gm-00a9-0000-b7ac449d-02-s0-d0,91,A,1,21,"[5000,44800,12800,37400]",4,-10.0,1,3,1,0,10,True
2025-2025040821gm-00a9-0000-b7ac449d-02-s0-d0,91,B,2,39,"[5000,44800,12800,37400]",4,-10.0,1,3,1,0,10,True
2025-2025040821gm-00a9-0000-b7ac449d-02-s0-d0,92,A,1,21,"[19700,22900,38200,19200]",3,-4.0,1,3,0,0,10,True
2025-2025040821gm-00a9-0000-b7ac449d-02-s0-d0,92,B,2,39,"[21700,34200,17100,27000]",3,-4.0,1,3,0,0,10,True
2025-2025040821gm-00a9-0000-b7ac449d-02-s0-d0,93,A,1,21,"[-200,33400,42400,24400]",4,-10.0,0,2,0,0,2,True
2025-2025040821gm-00a9-0000-b7ac449d-02-s0-d0,93,B,2,39,"[-200,33400,42400,24400]",4,-10.0,0,2,0,0,2,True
2025-2025040821gm-00a9-0000-b7ac449d-02-s0-d0,94,A,1,21,"[17800,36000,25400,20800]",4,-10.0,1,3,0,0,9,True
2025-2025040821gm-00a9-0000-b7ac449d-02-s0-d0,94,B,2,39,"[20400,48200,2100,29300]",3,-4.0,1,3,0,0,9,True
2025-2025040821gm-00a9-0000-b7ac449d-02-s0-d0,95,A,1,21,"[34600,-1800,17900,49300]",2,4.0,1,2,0,0,7,True
2025-2025040821gm-00a9-0000-b7ac449d-02-s0-d0,95,B,2,39,"[34600,-1800,17900,49300]",2,4.0,1,2,0,0,7,True
2025-2025040821gm-00a9-0000-b7ac449d-02-s0-d0,96,A,1,21,"[-2800,52800,25000,25000]",4,-10.0,0,1,1,0,1,True
2025-2025040821gm-00a9-0000-b7ac449d-02-s0-d0,96,B,2,39,"[-2300,32900,32500,36900]",4,-10.0,1,2,0,0,8,True
2025-2025040821gm-00a9-0000-b7ac449d-02-s0-d0,97,A,1,21,"[6400,35800,17800,40000]",4,-10.0,1,3,0,0,7,True
2025-2025040821gm-00a9-0000-b7ac449d-02-s0-d0,97,B,2,39,"[6400,35800,17800,40000]",4,-10.0,1,3,0,0,7,True
2025-2025040821gm-00a9-0000-b7ac449d-02-s0-d0,98,A,1,21,"[23500,27100,39300,10100]",3,-4.0,1,3,0,0,10,True
2025-2025040821gm-00a9-0000-b7ac449d-02-s0-d0,98,B,2,39,"[20500,25400,56200,-2100]",3,-4.0,1,2,0,0,7,True
2025-2025040821gm-00a9-0000-b7ac449d-02-s0-d0,99,A,1,21,"[19800,41000,41000,-1800]",3,-4.0,1,2,0,0,9,True
2025-2025040821gm-00a9-0000-b7ac449d-02-s0-d0,99,B,2,39,"[19800,41000,41000,-1800]",3,-4.0,1,2,0,0,9,True
2025-2025040821gm-00a9-0000-b7ac449d-02-s0-d0,100,A,1,21,"[22800,33300,24600,19300]",3,-4.0,1,3,0,0,7,True
2025-2025040821gm-00a9-0000-b7ac449d-02-s0-d0,100,B,2,39,"[9800,30300,35000,24900]",4,-10.0,1,3,2,0,10,True
2025-2025040821gm-00a9-0000-b7ac449d-02-s0-d0,101,A,1,21,"[-3300,21100,43500,38700]",4,-10.0,1,3,0,0,11,True
2025-2025040821gm-00a9-0000-b7ac449d-02-s0-d0,101,B,2,39,"[-1500,48100,44000,9400]",4,-10.0,1,2,2,0,10,True
2025-2025040821gm-00a9-0000-b7ac449d-02-s0-d0,102,A,1,21,"[25400,27400,-300,47500]",3,-4.0,1,2,0,0,7,True
2025-2025040821gm-00a9-0000-b7ac449d-02-s0-d0,102,B,2,39,"[21700,49600,3800,24900]",3,-4.0,1,3,0,0,9,True
2025-2025040821gm-00a9-0000-b7ac449d-02-s0-d0,103,A,1,21,"[-500,43300,24000,33200]",4,-10.0,0,3,1,0,7,True
2025-2025040821gm-00a9-0000-b7ac449d-02-s0-d0,103,B,2,39,"[-500,43300,24000,33200]",4,-10.0,0,3,1,0,7,True
2025-2025040821gm-00a9-0000-b7ac449d-02-s0-d0,104,A,1,21,"[36700,31300,8800,23200]",1,10.0,1,3,1,0,10,True
2025-2025040821gm-00a9-0000-b7ac449d-02-s0-d0,104,B,2,39,"[44100,23100,22900,9900]",1,10.0,1,3,0,0,8,True
2025-2025040821gm-00a9-0000-b7ac449d-02-s0-d0,105,A,1,21,"[33900,19600,27000,19500]",1,10.0,1,3,0,0,10,True
2025-2025040821gm-00a9-0000-b7ac449d-02-s0-d0,105,B,2,39,"[28000,40300,17900,13800]",2,4.0,1,3,0,0,8,True
2025-2025040821gm-00a9-0000-b7ac449d-02-s0-d0,106,A,1,21,"[-2100,33500,42400,26200]",4,-10.0,1,2,2,0,12,True
2025-2025040821gm-00a9-0000-b7ac449d-02-s0-d0,106,B,2,39,"[-2100,33500,42400,26200]",4,-10.0,1,2,2,0,12,True
2025-2025040821gm-00a9-0000-b7ac449d-02-s0-d0,107,A,1,21,"[25800,34900,12500,26800]",3,-4.0,1,3,0,0,7,True
2025-2025040821gm-00a9-0000-b7ac449d-02-s0-d0,107,B,2,39,"[18700,41500,21500,18300]",3,-4.0,1,3,0,0,7,True
2025-2025040821gm-00a9-0000-b7ac449d-02-s0-d0,108,A,1,21,"[-600,24500,41900,34200]",4,-10.0,1,1,1,0,7,True
2025-2025040821gm-00a9-0000-b7ac449d-02-s0-d0,108,B,2,39,"[-8700,47600,33900,27200]",4,-10.0,1,1,0,0,5,True
2025-2025040821gm-00a9-0000-b7ac449d-02-s0-d0,109,A,1,21,"[32700,44600,12400,10300]",2,4.0,1,3,0,0,9,True
2025-2025040821gm-00a9-0000-b7ac449d-02-s0-d0,109,B,2,39,"[37700,6500,18000,37800]",2,4.0,1,3,2,0,10,True
2025-2025040821gm-00a9-0000-b7ac449d-02-s0-d0,110,A,1,21,"[25300,37500,29200,8000]",3,-4.0,1,3,0,0,8,True
2025-2025040821gm-00a9-0000-b7ac449d-02-s0-d0,110,B,2,39,"[-1400,62400,24500,14500]",4,-10.0,0,3,0,0,4,True
2025-2025040821gm-00a9-0000-b7ac449d-02-s0-d0,111,A,1,21,"[8700,30000,39500,21800]",4,-10.0,1,3,0,0,8,True
2025-2025040821gm-00a9-0000-b7ac449d-02-s0-d0,111,B,2,39,"[10400,25900,69200,-5500]",3,-4.0,0,3,2,0,5,True
2025-2025040821gm-00a9-0000-b7ac449d-02-s0-d0,112,A,1,21,"[44000,21600,26600,7800]",1,10.0,1,3,1,0,10,True
2025-2025040821gm-00a9-0000-b7ac449d-02-s0-d0,112,B,2,39,"[44000,21600,26600,7800]",1,10.0,1,3,1,0,10,True
2025-2025040821gm-00a9-0000-b7ac449d-02-s0-d0,113,A,1,21,"[14800,35100,22300,27800]",4,-10.0,1,3,1,0,9,True
2025-2025040821gm-00a9-0000-b7ac449d-02-s0-d0,113,B,2,39,"[5800,36600,30600,27000]",4,-10.0,1,3,2,0,10,True
2025-2025040821gm-00a9-0000-b7ac449d-02-s0-d0,114,A,1,21,"[-2600,42500,38000,22100]",4,-10.0,1,1,0,0,5,True
2025-2025040821gm-00a9-0000-b7ac449d-02-s0-d0,114,B,2,39,"[19100,24300,46900,9700]",3,-4.0,1,3,0,0,9,True
2025-2025040821gm-00a9-0000-b7ac449d-02-s0-d0,115,A,1,21,"[6200,40300,18600,34900]",4,-10.0,1,3,0,0,11,True
2025-2025040821gm-00a9-0000-b7ac449d-02-s0-d0,115,B,2,39,"[17000,41000,21700,20300]",4,-10.0,1,3,0,0,9,True
2025-2025040821gm-00a9-0000-b7ac449d-02-s0-d0,116,A,1,21,"[37000,28800,7400,26800]",1,10.0,1,3,0,0,9,True
2025-2025040821gm-00a9-0000-b7ac449d-02-s0-d0,116,B,2,39,"[37000,28800,7400,26800]",1,10.0,1,3,0,0,9,True
2025-2025040821gm-00a9-0000-b7ac449d-02-s0-d0,117,A,1,21,"[6900,44200,31000,17900]",4,-10.0,1,3,0,0,7,True
2025-2025040821gm-00a9-0000-b7ac449d-02-s0-d0,117,B,2,39,"[42300,8600,13300,35800]",1,10.0,1,3,1,0,9,True
2025-2025040821gm-00a9-0000-b7ac449d-02-s0-d0,118,A,1,21,"[20700,18800,21900,38600]",3,-4.0,1,3,0,0,10,True
2025-2025040821gm-00a9-0000-b7ac449d-02-s0-d0,118,B,2,39,"[20700,18800,21900,38600]",3,-4.0,1,3,0,0,10,True
2025-2025040821gm-00a9-0000-b7ac449d-02-s0-d0,119,A,1,21,"[29600,9800,43100,17500]",2,4.0,1,3,0,0,9,True
2025-2025040821gm-00a9-0000-b7ac449d-02-s0-d0,119,B,2,39,"[13100,41900,32500,12500]",3,-4.0,1,3,0,0,9,True
2025-2025040821gm-00a9-0000-b7ac449d-02-s0-d0,120,A,1,21,"[21200,49900,10100,18800]",2,4.0,1,3,0,0,7,True
2025-2025040821gm-00a9-0000-b7ac449d-02-s0-d0,120,B,2,39,"[-200,43500,25000,31700]",4,-10.0,0,1,1,0,1,True
2025-2025040821gm-00a9-0000-b7ac449d-02-s0-d0,121,A,1,21,"[21700,44900,24200,9200]",3,-4.0,1,3,0,0,11,True
2025-2025040821gm-00a9-0000-b7ac449d-02-s0-d0,121,B,2,39,"[14800,51600,19300,14300]",3,-4.0,1,3,0,0,9,True
2025-2025040821gm-00a9-0000-b7ac449d-02-s0-d0,122,A,1,21,"[14200,31200,49600,5000]",3,-4.0,1,3,0,0,9,True
2025-2025040821gm-00a9-0000-b7ac449d-02-s0-d0,122,B,2,39,"[13700,37800,29300,19200]",4,-10.0,1,3,0,0,8,True
2025-2025040821gm-00a9-0000-b7ac449d-02-s0-d0,123,A,1,21,"[-3000,28900,32100,42000]",4,-10.0,1,3,0,0,10,True
2025-2025040821gm-00a9-0000-b7ac449d-02-s0-d0,123,B,2,39,"[3900,33100,23800,39200]",4,-10.0,1,3,3,0,9,True
2025-2025040821gm-00a9-0000-b7ac449d-02-s0-d0,124,A,1,21,"[34900,36800,29800,-1500]",2,4.0,1,2,1,0,11,True
2025-2025040821gm-00a9-0000-b7ac449d-02-s0-d0,124,B,2,39,"[2300,49700,30200,17800]",4,-10.0,1,3,1,0,15,True
2025-2025040821gm-00a9-0000-b7ac449d-02-s0-d0,125,A,1,21,"[21000,27900,31200,19900]",3,-4.0,2,0,0,0,10,True
2025-2025040821gm-00a9-0000-b7ac449d-02-s0-d0,125,B,2,39,"[14000,32200,27200,26600]",4,-10.0,1,3,0,0,9,True
2025-2025040821gm-00a9-0000-b7ac449d-02-s0-d0,126,A,1,21,"[7200,60300,37800,-5300]",3,-4.0,1,1,0,0,6,True
2025-2025040821gm-00a9-0000-b7ac449d-02-s0-d0,126,B,2,39,"[7200,60300,37800,-5300]",3,-4.0,1,1,0,0,6,True
2025-2025040821gm-00a9-0000-b7ac449d-02-s0-d0,127,A,1,21,"[12000,17600,41400,29000]",4,-10.0,1,3,2,0,12,True
2025-2025040821gm-00a9-0000-b7ac449d-02-s0-d0,127,B,2,39,"[17400,18700,22700,41200]",4,-10.0,1,3,0,0,8,True
2025-2025040821gm-00a9-0000-b7ac449d-02-s0-d0,128,A,1,21,"[9000,60600,17200,13200]",4,-10.0,1,3,1,0,9,True
2025-2025040821gm-00a9-0000-b7ac449d-02-s0-d0,128,B,2,39,"[9000,60600,17200,13200]",4,-10.0,1,3,1,0,9,True
2025-2025040821gm-00a9-0000-b7ac449d-02-s0-d0,129,A,1,21,"[20300,38900,12600,28200]",3,-4.0,1,3,0,0,8,True
2025-2025040821gm-00a9-0000-b7ac449d-02-s0-d0,129,B,2,39,"[51400,14100,12100,22400]",1,10.0,1,3,0,0,10,True
2025-2025040821gm-00a9-0000-b7ac449d-02-s0-d0,130,A,1,21,"[-500,55700,9300,35500]",4,-10.0,0,3,1,0,4,True
2025-2025040821gm-00a9-0000-b7ac449d-02-s0-d0,130,B,2,39,"[14800,45700,-800,40300]",3,-4.0,0,2,0,0,3,True
2025-2025040821gm-00a9-0000-b7ac449d-02-s0-d0,131,A,1,21,"[14100,30900,30000,25000]",4,-10.0,1,3,0,0,11,True
2025-2025040821gm-00a9-0000-b7ac449d-02-s0-d0,131,B,2,39,"[5800,33300,21300,39600]",4,-10.0,1,3,0,0,11,True
2025-2025040821gm-00a9-0000-b7ac449d-02-s0-d0,132,A,1,21,"[15800,49300,25500,9400]",3,-4.0,1,3,0,0,9,True
2025-2025040821gm-00a9-0000-b7ac449d-02-s0-d0,132,B,2,39,"[15700,49200,25600,9500]",3,-4.0,1,3,0,0,9,True
2025-2025040821gm-00a9-0000-b7ac449d-02-s0-d0,133,A,1,21,"[20300,19100,8900,51700]",2,4.0,1,3,0,0,9,True
2025-2025040821gm-00a9-0000-b7ac449d-02-s0-d0,133,B,2,39,"[41600,23700,19700,15000]",1,10.0,1,3,0,0,13,True
2025-2025040821gm-00a9-0000-b7ac449d-02-s0-d0,134,A,1,21,"[15200,30400,32700,21700]",4,-10.0,1,3,1,0,7,True
2025-2025040821gm-00a9-0000-b7ac449d-02-s0-d0,134,B,2,39,"[12400,32700,28300,26600]",4,-10.0,1,3,2,0,11,True
2025-2025040821gm-00a9-0000-b7ac449d-02-s0-d0,135,A,1,21,"[13100,36400,20000,28500]",4,-10.0,1,3,1,2,10,True
2025-2025040821gm-00a9-0000-b7ac449d-02-s0-d0,135,B,2,39,"[13100,36400,20000,28500]",4,-10.0,1,3,1,2,10,True
2025-2025040821gm-00a9-0000-b7ac449d-02-s0-d0,136,A,1,21,"[11900,37300,36500,14300]",4,-10.0,1,3,0,0,10,True
2025-2025040821gm-00a9-0000-b7ac449d-02-s0-d0,136,B,2,39,"[36500,13500,26600,23400]",1,10.0,2,2,0,0,14,True
2025-2025040821gm-00a9-0000-b7ac449d-02-s0-d0,137,A,1,21,"[300,37100,28900,33700]",4,-10.0,1,3,0,0,7,True
2025-2025040821gm-00a9-0000-b7ac449d-02-s0-d0,137,B,2,39,"[-3900,34500,26900,42500]",4,-10.0,1,3,0,0,7,True
2025-2025040821gm-00a9-0000-b7ac449d-02-s0-d0,138,A,1,21,"[10800,45200,-100,44100]",3,-4.0,1,3,1,0,8,True
2025-2025040821gm-00a9-0000-b7ac449d-02-s0-d0,138,B,2,39,"[46000,27900,10700,15400]",1,10.0,1,3,0,0,7,True
2025-2025040821gm-00a9-0000-b7ac449d-02-s0-d0,139,A,1,21,"[21300,17900,26400,33400]",3,-4.0,1,3,1,1,9,True
2025-2025040821gm-00a9-0000-b7ac449d-02-s0-d0,139,B,2,39,"[23300,-7500,28000,56200]",3,-4.0,1,3,0,0,9,True
2025-2025040821gm-00a9-0000-b7ac449d-02-s0-d0,140,A,1,21,"[25900,22600,18900,32600]",2,4.0,1,3,0,0,8,True
2025-2025040821gm-00a9-0000-b7ac449d-02-s0-d0,140,B,2,39,"[-900,29600,31600,39700]",4,-10.0,1,1,1,0,6,True
2025-2025040821gm-00a9-0000-b7ac449d-02-s0-d0,141,A,1,21,"[-600,39300,37300,24000]",4,-10.0,1,1,0,0,7,True
2025-2025040821gm-00a9-0000-b7ac449d-02-s0-d0,141,B,2,39,"[-600,39300,37300,24000]",4,-10.0,1,1,0,0,7,True
2025-2025040821gm-00a9-0000-b7ac449d-02-s0-d0,142,A,1,21,"[24500,55300,24500,-4300]",2,4.0,1,0,1,0,5,True
2025-2025040821gm-00a9-0000-b7ac449d-02-s0-d0,142,B,2,39,"[34500,42500,10200,11800]",2,4.0,1,3,0,1,10,True
2025-2025040821gm-00a9-0000-b7ac449d-02-s0-d0,143,A,1,21,"[28800,32800,28200,10200]",2,4.0,1,3,0,0,9,True
2025-2025040821gm-00a9-0000-b7ac449d-02-s0-d0,143,B,2,39,"[28800,32800,28200,10200]",2,4.0,1,3,0,0,9,True
2025-2025040821gm-00a9-0000-b7ac449d-02-s0-d0,144,A,1,21,"[18300,6900,25800,49000]",3,-4.0,1,3,0,0,8,True
2025-2025040821gm-00a9-0000-b7ac449d-02-s0-d0,144,B,2,39,"[18300,6900,25800,49000]",3,-4.0,1,3,0,0,8,True
2025-2025040821gm-00a9-0000-b7ac449d-02-s0-d0,145,A,1,21,"[20700,33500,22000,23800]",4,-10.0,1,3,0,0,9,True
2025-2025040821gm-00a9-0000-b7ac449d-02-s0-d0,145,B,2,39,"[24100,27800,30300,17800]",3,-4.0,2,0,0,0,10,True
2025-2025040821gm-00a9-0000-b7ac449d-02-s0-d0,146,A,1,21,"[18900,31500,28100,21500]",4,-10.0,1,3,0,0,7,True
2025-2025040821gm-00a9-0000-b7ac449d-02-s0-d0,146,B,2,39,"[18900,31500,28100,21500]",4,-10.0,1,3,0,0,7,True
2025-2025040821gm-00a9-0000-b7ac449d-02-s0-d0,147,A,1,21,"[11300,38100,27900,22700]",4,-10.0,1,3,2,0,8,True
2025-2025040821gm-00a9-0000-b7ac449d-02-s0-d0,147,B,2,39,"[17900,22800,26600,32700]",4,-10.0,1,3,0,0,7,True
2025-2025040821gm-00a9-0000-b7ac449d-02-s0-d0,148,A,1,21,"[38300,13500,11000,37200]",1,10.0,1,3,0,0,8,True
2025-2025040821gm-00a9-0000-b7ac449d-02-s0-d0,148,B,2,39,"[38300,13500,11000,37200]",1,10.0,1,3,0,0,8,True
2025-2025040821gm-00a9-0000-b7ac449d-02-s0-d0,149,A,1,21,"[12800,15800,41900,29500]",4,-10.0,1,3,0,0,7,True
2025-2025040821gm-00a9-0000-b7ac449d-02-s0-d0,149,B,2,39,"[12800,15800,41900,29500]",4,-10.0,1,3,0,0,7,True
2025-2025040821gm-00a9-0000-b7ac449d-02-s0-d0,150,A,1,21,"[18700,18100,39600,23600]",3,-4.0,1,3,0,0,11,True
2025-2025040821gm-00a9-0000-b7ac449d-02-s0-d0,150,B,2,39,"[37800,24200,15300,22700]",1,10.0,1,3,1,0,12,True
2025-2025040821gm-00a9-0000-b7ac449d-02-s0-d0,151,A,1,21,"[19700,32400,19900,28000]",4,-10.0,1,3,3,0,12,True
2025-2025040821gm-00a9-0000-b7ac449d-02-s0-d0,151,B,2,39,"[17800,39500,25600,17100]",3,-4.0,1,3,0,0,9,True
2025-2025040821gm-00a9-0000-b7ac449d-02-s0-d0,152,A,1,21,"[20000,42000,28300,9700]",3,-4.0,1,3,0,0,10,True
2025-2025040821gm-00a9-0000-b7ac449d-02-s0-d0,152,B,2,39,"[15700,34300,20800,29200]",4,-10.0,1,3,0,0,10,True
2025-2025040821gm-00a9-0000-b7ac449d-02-s0-d0,153,A,1,21,"[10400,34100,21100,34400]",4,-10.0,1,3,0,0,8,True
2025-2025040821gm-00a9-0000-b7ac449d-02-s0-d0,153,B,2,39,"[24700,38100,18200,19000]",2,4.0,1,3,0,0,8,True
2025-2025040821gm-00a9-0000-b7ac449d-02-s0-d0,154,A,1,21,"[9900,45100,15800,29200]",4,-10.0,1,3,0,0,7,True
2025-2025040821gm-00a9-0000-b7ac449d-02-s0-d0,154,B,2,39,"[27700,39400,13100,19800]",2,4.0,1,3,0,0,7,True
2025-2025040821gm-00a9-0000-b7ac449d-02-s0-d0,155,A,1,21,"[18900,29600,14000,37500]",3,-4.0,1,3,0,0,7,True
2025-2025040821gm-00a9-0000-b7ac449d-02-s0-d0,155,B,2,39,"[13800,28400,26800,31000]",4,-10.0,1,3,0,0,8,True
2025-2025040821gm-00a9-0000-b7ac449d-02-s0-d0,156,A,1,21,"[51200,26800,16400,5600]",1,10.0,1,3,0,0,13,True
2025-2025040821gm-00a9-0000-b7ac449d-02-s0-d0,156,B,2,39,"[5400,50400,11000,33200]",4,-10.0,1,3,1,0,12,True
2025-2025040821gm-00a9-0000-b7ac449d-02-s0-d0,157,A,1,21,"[22000,30500,29800,17700]",3,-4.0,1,3,2,0,9,True
2025-2025040821gm-00a9-0000-b7ac449d-02-s0-d0,157,B,2,39,"[28700,34600,12800,23900]",2,4.0,1,3,0,0,7,True
2025-2025040821gm-00a9-0000-b7ac449d-02-s0-d0,158,A,1,21,"[-100,28800,44500,26800]",4,-10.0,1,3,1,0,11,True
2025-2025040821gm-00a9-0000-b7ac449d-02-s0-d0,158,B,2,39,"[22600,36400,25800,15200]",3,-4.0,1,3,0,0,8,True
2025-2025040821gm-00a9-0000-b7ac449d-02-s0-d0,159,A,1,21,"[22700,44300,20900,12100]",2,4.0,1,3,0,0,11,True
2025-2025040821gm-00a9-0000-b7ac449d-02-s0-d0,159,B,2,39,"[34700,39600,27400,-1700]",2,4.0,0,2,1,0,4,True
2025-2025040821gm-00a9-0000-b7ac449d-02-s0-d0,160,A,1,21,"[25400,48100,27000,-500]",3,-4.0,1,3,0,0,7,True
2025-2025040821gm-00a9-0000-b7ac449d-02-s0-d0,160,B,2,39,"[-400,44600,20600,35200]",4,-10.0,0,2,4,0,4,True
2025-2025040821gm-00a9-0000-b7ac449d-02-s0-d0,161,A,1,21,"[16400,47700,12200,23700]",3,-4.0,1,3,0,0,10,True
2025-2025040821gm-00a9-0000-b7ac449d-02-s0-d0,161,B,2,39,"[16400,47700,12200,23700]",3,-4.0,1,3,0,0,10,True
2025-2025040821gm-00a9-0000-b7ac449d-02-s0-d0,162,A,1,21,"[20100,33800,35100,11000]",3,-4.0,1,3,0,0,8,True
2025-2025040821gm-00a9-0000-b7ac449d-02-s0-d0,162,B,2,39,"[27100,24600,32800,15500]",2,4.0,1,3,0,0,8,True
2025-2025040821gm-00a9-0000-b7ac449d-02-s0-d0,163,A,1,21,"[9700,58400,14300,17600]",4,-10.0,1,3,1,0,10,True
2025-2025040821gm-00a9-0000-b7ac449d-02-s0-d0,163,B,2,39,"[7200,55900,25500,11400]",4,-10.0,1,3,2,0,11,True
2025-2025040821gm-00a9-0000-b7ac449d-02-s0-d0,164,A,1,21,"[23600,44000,4500,27900]",3,-4.0,1,3,1,0,9,True
2025-2025040821gm-00a9-0000-b7ac449d-02-s0-d0,164,B,2,39,"[23600,44000,4500,27900]",3,-4.0,1,3,1,0,9,True
2025-2025040821gm-00a9-0000-b7ac449d-02-s0-d0,165,A,1,21,"[-200,27700,35300,37200]",4,-10.0,1,2,0,0,7,True
2025-2025040821gm-00a9-0000-b7ac449d-02-s0-d0,165,B,2,39,"[-200,27700,35300,37200]",4,-10.0,1,2,0,0,7,True
2025-2025040821gm-00a9-0000-b7ac449d-02-s0-d0,166,A,1,21,"[-6000,43700,33300,29000]",4,-10.0,1,1,0,0,8,True
2025-2025040821gm-00a9-0000-b7ac449d-02-s0-d0,166,B,2,39,"[-1900,23300,53100,25500]",4,-10.0,1,0,1,0,7,True
2025-2025040821gm-00a9-0000-b7ac449d-02-s0-d0,167,A,1,21,"[13000,20500,37200,28300]",4,-10.0,1,3,0,1,12,True
2025-2025040821gm-00a9-0000-b7ac449d-02-s0-d0,167,B,2,39,"[19700,33700,19000,27600]",3,-4.0,1,3,0,0,10,True
2025-2025040821gm-00a9-0000-b7ac449d-02-s0-d0,168,A,1,21,"[-200,19700,57200,23300]",4,-10.0,1,2,0,0,7,True
2025-2025040821gm-00a9-0000-b7ac449d-02-s0-d0,168,B,2,39,"[14900,30900,31400,22800]",4,-10.0,1,3,0,0,11,True
2025-2025040821gm-00a9-0000-b7ac449d-02-s0-d0,169,A,1,21,"[13100,27000,30700,29200]",4,-10.0,1,3,0,0,9,True
2025-2025040821gm-00a9-0000-b7ac449d-02-s0-d0,169,B,2,39,"[17600,16800,38200,27400]",3,-4.0,1,3,0,0,10,True
2025-2025040821gm-00a9-0000-b7ac449d-02-s0-d0,170,A,1,21,"[-3200,18500,56200,28500]",4,-10.0,1,2,0,0,7,True
2025-2025040821gm-00a9-0000-b7ac449d-02-s0-d0,170,B,2,39,"[21700,39600,39800,-1100]",3,-4.0,1,0,0,0,6,True
2025-2025040821gm-00a9-0000-b7ac449d-02-s0-d0,171,A,1,21,"[6800,39000,24300,29900]",4,-10.0,1,3,0,0,9,True
2025-2025040821gm-00a9-0000-b7ac449d-02-s0-d0,171,B,2,39,"[22600,60100,8200,9100]",2,4.0,1,3,0,0,9,True
2025-2025040821gm-00a9-0000-b7ac449d-02-s0-d0,172,A,1,21,"[22300,47800,20400,9500]",2,4.0,1,3,1,0,9,True
2025-2025040821gm-00a9-0000-b7ac449d-02-s0-d0,172,B,2,39,"[22300,47800,20400,9500]",2,4.0,1,3,1,0,9,True
2025-2025040821gm-00a9-0000-b7ac449d-02-s0-d0,173,A,1,21,"[13900,13800,41200,31100]",3,-4.0,1,3,1,0,12,True
2025-2025040821gm-00a9-0000-b7ac449d-02-s0-d0,173,B,2,39,"[21800,41800,30500,5900]",3,-4.0,1,3,2,0,9,True
2025-2025040821gm-00a9-0000-b7ac449d-02-s0-d0,174,A,1,21,"[29700,32100,5500,32700]",3,-4.0,1,3,0,0,8,True
2025-2025040821gm-00a9-0000-b7ac449d-02-s0-d0,174,B,2,39,"[29700,32100,5500,32700]",3,-4.0,1,3,0,0,8,True
2025-2025040821gm-00a9-0000-b7ac449d-02-s0-d0,175,A,1,21,"[100,30000,31000,38900]",4,-10.0,1,3,0,0,10,True
2025-2025040821gm-00a9-0000-b7ac449d-02-s0-d0,175,B,2,39,"[33000,24600,26700,15700]",1,10.0,1,3,1,0,11,True
2025-2025040821gm-00a9-0000-b7ac449d-02-s0-d0,176,A,1,21,"[19700,33200,24000,23100]",4,-10.0,1,3,1,0,8,True
2025-2025040821gm-00a9-0000-b7ac449d-02-s0-d0,176,B,2,39,"[30900,22900,16400,29800]",1,10.0,1,3,0,0,7,True
2025-2025040821gm-00a9-0000-b7ac449d-02-s0-d0,177,A,1,21,"[42300,34700,13700,9300]",1,10.0,1,3,1,0,11,True
2025-2025040821gm-00a9-0000-b7ac449d-02-s0-d0,177,B,2,39,"[13000,45200,26100,15700]",4,-10.0,1,3,0,0,8,True
2025-2025040821gm-00a9-0000-b7ac449d-02-s0-d0,178,A,1,21,"[29900,31900,25700,12500]",2,4.0,1,3,0,0,9,True
2025-2025040821gm-00a9-0000-b7ac449d-02-s0-d0,178,B,2,39,"[21500,32300,26700,19500]",3,-4.0,1,3,0,0,8,True
2025-2025040821gm-00a9-0000-b7ac449d-02-s0-d0,179,A,1,21,"[28800,32900,23700,14600]",2,4.0,1,3,3,0,11,True
2025-2025040821gm-00a9-0000-b7ac449d-02-s0-d0,179,B,2,39,"[-2200,44200,31800,26200]",4,-10.0,1,0,1,0,6,True
2025-2025040821gm-00a9-0000-b7ac449d-02-s0-d0,180,A,1,21,"[4300,36900,36000,22800]",4,-10.0,1,3,0,0,7,True
2025-2025040821gm-00a9-0000-b7ac449d-02-s0-d0,180,B,2,39,"[4300,36900,36000,22800]",4,-10.0,1,3,0,0,7,True
2025-2025040821gm-00a9-0000-b7ac449d-02-s0-d0,181,A,1,21,"[31300,44400,-300,24600]",2,4.0,1,2,0,0,13,True
2025-2025040821gm-00a9-0000-b7ac449d-02-s0-d0,181,B,2,39,"[18800,41400,31300,8500]",3,-4.0,1,3,0,0,11,True
2025-2025040821gm-00a9-0000-b7ac449d-02-s0-d0,182,A,1,21,"[14600,33900,27900,23600]",4,-10.0,1,3,0,0,7,True
2025-2025040821gm-00a9-0000-b7ac449d-02-s0-d0,182,B,2,39,"[43600,33300,15000,8100]",1,10.0,1,3,2,0,9,True
2025-2025040821gm-00a9-0000-b7ac449d-02-s0-d0,183,A,1,21,"[23600,28900,9800,37700]",3,-4.0,1,3,0,0,8,True
2025-2025040821gm-00a9-0000-b7ac449d-02-s0-d0,183,B,2,39,"[23500,44000,4900,27600]",3,-4.0,1,3,2,0,9,True
2025-2025040821gm-00a9-0000-b7ac449d-02-s0-d0,184,A,1,21,"[30300,35100,35600,-1000]",3,-4.0,1,1,0,0,7,True
2025-2025040821gm-00a9-0000-b7ac449d-02-s0-d0,184,B,2,39,"[16200,25200,39900,18700]",4,-10.0,1,3,1,0,12,True
2025-2025040821gm-00a9-0000-b7ac449d-02-s0-d0,185,A,1,21,"[19700,26500,33100,20700]",4,-10.0,1,3,0,0,9,True
2025-2025040821gm-00a9-0000-b7ac449d-02-s0-d0,185,B,2,39,"[16900,30600,18300,34200]",4,-10.0,1,3,0,0,7,True
2025-2025040821gm-00a9-0000-b7ac449d-02-s0-d0,186,A,1,21,"[600,52800,24400,22200]",4,-10.0,1,3,1,0,9,True
2025-2025040821gm-00a9-0000-b7ac449d-02-s0-d0,186,B,2,39,"[600,52800,24400,22200]",4,-10.0,1,3,1,0,9,True
2025-2025040821gm-00a9-0000-b7ac449d-02-s0-d0,187,A,1,21,"[31400,34500,13700,20400]",2,4.0,1,3,0,0,7,True
2025-2025040821gm-00a9-0000-b7ac449d-02-s0-d0,187,B,2,39,"[31400,34500,13700,20400]",2,4.0,1,3,0,0,7,True
2025-2025040821gm-00a9-0000-b7ac449d-02-s0-d0,188,A,1,21,"[-1400,43100,-400,58700]",4,-10.0,1,2,1,0,9,True
2025-2025040821gm-00a9-0000-b7ac449d-02-s0-d0,188,B,2,39,"[35900,32500,36500,-4900]",2,4.0,1,2,0,0,7,True
2025-2025040821gm-00a9-0000-b7ac449d-02-s0-d0,189,A,1,21,"[1500,25500,33000,40000]",4,-10.0,1,3,0,0,9,True
2025-2025040821gm-00a9-0000-b7ac449d-02-s0-d0,189,B,2,39,"[7400,30500,43300,18800]",4,-10.0,1,3,3,0,12,True
2025-2025040821gm-00a9-0000-b7ac449d-02-s0-d0,190,A,1,21,"[4700,39200,32100,24000]",4,-10.0,1,3,0,0,8,True
2025-2025040821gm-00a9-0000-b7ac449d-02-s0-d0,190,B,2,39,"[6900,44300,23900,24900]",4,-10.0,1,3,1,0,10,True
2025-2025040821gm-00a9-0000-b7ac449d-02-s0-d0,191,A,1,21,"[18700,33100,33800,14400]",3,-4.0,1,3,0,0,12,True
2025-2025040821gm-00a9-0000-b7ac449d-02-s0-d0,191,B,2,39,"[14800,33600,25500,26100]",4,-10.0,1,3,6,0,12,True
2025-2025040821gm-00a9-0000-b7ac449d-02-s0-d0,192,A,1,21,"[-4400,57000,20000,27400]",4,-10.0,1,0,1,0,5,True
2025-2025040821gm-00a9-0000-b7ac449d-02-s0-d0,192,B,2,39,"[-3500,40600,25500,37400]",4,-10.0,0,3,0,0,4,True
2025-2025040821gm-00a9-0000-b7ac449d-02-s0-d0,193,A,1,21,"[19100,23700,30100,27100]",4,-10.0,2,1,0,0,11,True
2025-2025040821gm-00a9-0000-b7ac449d-02-s0-d0,193,B,2,39,"[24700,34300,25500,15500]",3,-4.0,1,3,1,0,9,True
2025-2025040821gm-00a9-0000-b7ac449d-02-s0-d0,194,A,1,21,"[2000,46600,26000,25400]",4,-10.0,1,3,0,0,8,True
2025-2025040821gm-00a9-0000-b7ac449d-02-s0-d0,194,B,2,39,"[10200,28900,45600,15300]",4,-10.0,1,3,0,0,8,True
2025-2025040821gm-00a9-0000-b7ac449d-02-s0-d0,195,A,1,21,"[-9800,46500,23700,39600]",4,-10.0,0,3,0,0,3,True
2025-2025040821gm-00a9-0000-b7ac449d-02-s0-d0,195,B,2,39,"[24100,15800,28100,32000]",3,-4.0,1,3,0,0,8,True
2025-2025040821gm-00a9-0000-b7ac449d-02-s0-d0,196,A,1,21,"[25200,19100,39200,16500]",2,4.0,1,3,0,0,10,True
2025-2025040821gm-00a9-0000-b7ac449d-02-s0-d0,196,B,2,39,"[25200,19100,39200,16500]",2,4.0,1,3,0,0,10,True
2025-2025040821gm-00a9-0000-b7ac449d-02-s0-d0,197,A,1,21,"[-2300,66500,19000,16800]",4,-10.0,1,1,0,0,7,True
2025-2025040821gm-00a9-0000-b7ac449d-02-s0-d0,197,B,2,39,"[5600,36100,18900,39400]",4,-10.0,1,3,0,0,7,True
2025-2025040821gm-00a9-0000-b7ac449d-02-s0-d0,198,A,1,21,"[30800,23000,23700,22500]",1,10.0,1,3,0,0,10,True
2025-2025040821gm-00a9-0000-b7ac449d-02-s0-d0,198,B,2,39,"[30800,23000,23700,22500]",1,10.0,1,3,0,0,10,True
2025-2025040821gm-00a9-0000-b7ac449d-02-s0-d0,199,A,1,21,"[32000,36600,32000,-600]",2,4.0,1,2,5,0,11,True
2025-2025040821gm-00a9-0000-b7ac449d-02-s0-d0,199,B,2,39,"[17200,48500,6800,27500]",3,-4.0,1,3,2,0,10,True
2025-2025040821gm-00a9-0000-b7ac449d-02-s0-d0,200,A,1,21,"[-4700,55100,35500,14100]",4,-10.0,0,2,1,0,5,True
2025-2025040821gm-00a9-0000-b7ac449d-02-s0-d0,200,B,2,39,"[-4700,55100,35500,14100]",4,-10.0,0,2,1,0,5,True
2025-2025040821gm-00a9-0000-b7ac449d-02-s0-d0,201,A,1,21,"[3700,49200,27300,19800]",4,-10.0,1,3,0,0,7,True
2025-2025040821gm-00a9-0000-b7ac449d-02-s0-d0,201,B,2,39,"[17300,33500,26800,22400]",4,-10.0,1,3,0,0,7,True
2025-2025040821gm-00a9-0000-b7ac449d-02-s0-d0,202,A,1,21,"[4000,37600,20100,38300]",4,-10.0,1,3,1,0,9,True
2025-2025040821gm-00a9-0000-b7ac449d-02-s0-d0,202,B,2,39,"[4000,37600,20100,38300]",4,-10.0,1,3,1,0,9,True
2025-2025040821gm-00a9-0000-b7ac449d-02-s0-d0,203,A,1,21,"[19800,45000,21300,13900]",3,-4.0,1,3,0,0,7,True
2025-2025040821gm-00a9-0000-b7ac449d-02-s0-d0,203,B,2,39,"[21300,41700,23700,13300]",3,-4.0,1,3,0,0,7,True
2025-2025040821gm-00a9-0000-b7ac449d-02-s0-d0,204,A,1,21,"[47800,5700,11400,35100]",1,10.0,1,3,0,0,10,True
2025-2025040821gm-00a9-0000-b7ac449d-02-s0-d0,204,B,2,39,"[700,15700,27900,55700]",4,-10.0,1,3,0,0,9,True
2025-2025040821gm-00a9-0000-b7ac449d-02-s0-d0,205,A,1,21,"[23200,16600,32500,27700]",3,-4.0,1,3,0,0,9,True
2025-2025040821gm-00a9-0000-b7ac449d-02-s0-d0,205,B,2,39,"[24800,25000,52600,-2400]",3,-4.0,1,1,3,0,9,True
2025-2025040821gm-00a9-0000-b7ac449d-02-s0-d0,206,A,1,21,"[18800,38100,26600,16500]",3,-4.0,1,3,0,0,7,True
2025-2025040821gm-00a9-0000-b7ac449d-02-s0-d0,206,B,2,39,"[18200,37900,21600,22300]",4,-10.0,1,3,1,0,10,True
2025-2025040821gm-00a9-0000-b7ac449d-02-s0-d0,207,A,1,21,"[3700,42500,18500,35300]",4,-10.0,1,3,0,0,9,True
2025-2025040821gm-00a9-0000-b7ac449d-02-s0-d0,207,B,2,39,"[45300,13500,7600,33600]",1,10.0,1,3,0,0,9,True
2025-2025040821gm-00a9-0000-b7ac449d-02-s0-d0,208,A,1,21,"[9300,39600,29700,21400]",4,-10.0,1,3,0,0,11,True
2025-2025040821gm-00a9-0000-b7ac449d-02-s0-d0,208,B,2,39,"[-900,50000,34000,16900]",4,-10.0,1,3,0,0,8,True
2025-2025040821gm-00a9-0000-b7ac449d-02-s0-d0,209,A,1,21,"[20800,32300,-6300,53200]",3,-4.0,1,3,3,0,9,True
2025-2025040821gm-00a9-0000-b7ac449d-02-s0-d0,209,B,2,39,"[20800,32300,-6300,53200]",3,-4.0,1,3,3,0,9,True
2025-2025040821gm-00a9-0000-b7ac449d-02-s0-d0,210,A,1,21,"[25400,33200,24900,16500]",2,4.0,1,3,0,0,9,True
2025-2025040821gm-00a9-0000-b7ac449d-02-s0-d0,210,B,2,39,"[26800,8400,44700,20100]",2,4.0,1,3,1,0,10,True
2025-2025040821gm-00a9-0000-b7ac449d-02-s0-d0,211,A,1,21,"[16800,36200,25800,21200]",4,-10.0,1,3,0,0,7,True
2025-2025040821gm-00a9-0000-b7ac449d-02-s0-d0,211,B,2,39,"[17300,48600,28100,6000]",3,-4.0,1,3,0,0,9,True
2025-2025040821gm-00a9-0000-b7ac449d-02-s0-d0,212,A,1,21,"[33400,14600,26500,25500]",1,10.0,2,0,0,0,10,True
2025-2025040821gm-00a9-0000-b7ac449d-02-s0-d0,212,B,2,39,"[32100,36200,4300,27400]",2,4.0,1,3,0,0,8,True
2025-2025040821gm-00a9-0000-b7ac449d-02-s0-d0,213,A,1,21,"[4600,51600,20900,22900]",4,-10.0,1,3,0,0,8,True
2025-2025040821gm-00a9-0000-b7ac449d-02-s0-d0,213,B,2,39,"[4600,51600,20900,22900]",4,-10.0,1,3,0,0,8,True
2025-2025040821gm-00a9-0000-b7ac449d-02-s0-d0,214,A,1,21,"[20000,42400,15900,21700]",3,-4.0,1,3,0,0,8,True
2025-2025040821gm-00a9-0000-b7ac449d-02-s0-d0,214,B,2,39,"[20000,42400,15900,21700]",3,-4.0,1,3,0,0,8,True
2025-2025040821gm-00a9-0000-b7ac449d-02-s0-d0,215,A,1,21,"[19100,40200,23400,17300]",3,-4.0,1,3,1,0,7,True
2025-2025040821gm-00a9-0000-b7ac449d-02-s0-d0,215,B,2,39,"[30100,25100,20600,24200]",1,10.0,1,3,1,0,10,True
2025-2025040821gm-00a9-0000-b7ac449d-02-s0-d0,216,A,1,21,"[14300,41400,27700,15600]",4,-10.0,1,3,0,1,8,True
2025-2025040821gm-00a9-0000-b7ac449d-02-s0-d0,216,B,2,39,"[33100,37400,29600,-100]",2,4.0,1,2,0,0,8,True
2025-2025040821gm-00a9-0000-b7ac449d-02-s0-d0,217,A,1,21,"[4100,29700,27000,39200]",4,-10.0,1,3,0,0,9,True
2025-2025040821gm-00a9-0000-b7ac449d-02-s0-d0,217,B,2,39,"[26200,32100,17000,24700]",2,4.0,1,3,0,0,7,True
2025-2025040821gm-00a9-0000-b7ac449d-02-s0-d0,218,A,1,21,"[9800,47700,13600,28900]",4,-10.0,1,3,0,0,8,True
2025-2025040821gm-00a9-0000-b7ac449d-02-s0-d0,218,B,2,39,"[9800,47700,13600,28900]",4,-10.0,1,3,0,0,8,True
2025-2025040821gm-00a9-0000-b7ac449d-02-s0-d0,219,A,1,21,"[22800,30200,13600,33400]",3,-4.0,1,3,0,0,8,True
2025-2025040821gm-00a9-0000-b7ac449d-02-s0-d0,219,B,2,39,"[9100,36200,39400,15300]",4,-10.0,1,3,0,0,7,True
2025-2025040821gm-00a9-0000-b7ac449d-02-s0-d0,220,A,1,21,"[-2600,31000,37600,34000]",4,-10.0,0,3,1,0,4,True
2025-2025040821gm-00a9-0000-b7ac449d-02-s0-d0,220,B,2,39,"[-2600,33400,37600,31600]",4,-10.0,0,3,1,0,4,True
2025-2025040821gm-00a9-0000-b7ac449d-02-s0-d0,221,A,1,21,"[19800,26500,7200,46500]",3,-4.0,1,3,0,0,10,True
2025-2025040821gm-00a9-0000-b7ac449d-02-s0-d0,221,B,2,39,"[19800,26500,7200,46500]",3,-4.0,1,3,0,0,10,True
2025-2025040821gm-00a9-0000-b7ac449d-02-s0-d0,222,A,1,21,"[12100,33200,10700,44000]",3,-4.0,1,3,0,0,7,True
2025-2025040821gm-00a9-0000-b7ac449d-02-s0-d0,222,B,2,39,"[15400,33200,12000,39400]",3,-4.0,1,3,0,0,7,True
2025-2025040821gm-00a9-0000-b7ac449d-02-s0-d0,223,A,1,21,"[-1600,50900,28400,22300]",4,-10.0,0,1,3,0,3,True
2025-2025040821gm-00a9-0000-b7ac449d-02-s0-d0,223,B,2,39,"[-1600,50900,28400,22300]",4,-10.0,0,1,3,0,3,True
2025-2025040821gm-00a9-0000-b7ac449d-02-s0-d0,224,A,1,21,"[7900,38000,6900,46200]",3,-4.0,1,3,0,1,9,True
2025-2025040821gm-00a9-0000-b7ac449d-02-s0-d0,224,B,2,39,"[11700,19800,28400,40100]",4,-10.0,1,3,0,0,8,True
2025-2025040821gm-00a9-0000-b7ac449d-02-s0-d0,225,A,1,21,"[20700,9200,37200,32900]",3,-4.0,1,3,0,0,12,True
2025-2025040821gm-00a9-0000-b7ac449d-02-s0-d0,225,B,2,39,"[34600,34800,27500,3100]",2,4.0,1,3,0,0,11,True
2025-2025040821gm-00a9-0000-b7ac449d-02-s0-d0,226,A,1,21,"[19900,31400,28600,20100]",4,-10.0,1,3,0,0,10,True
2025-2025040821gm-00a9-0000-b7ac449d-02-s0-d0,226,B,2,39,"[21300,23900,31100,23700]",4,-10.0,1,3,0,0,9,True
2025-2025040821gm-00a9-0000-b7ac449d-02-s0-d0,227,A,1,21,"[13800,18300,13600,54300]",3,-4.0,1,3,0,0,8,True
2025-2025040821gm-00a9-0000-b7ac449d-02-s0-d0,227,B,2,39,"[13800,18300,13600,54300]",3,-4.0,1,3,0,0,8,True
2025-2025040821gm-00a9-0000-b7ac449d-02-s0-d0,228,A,1,21,"[26300,35000,43000,-4300]",3,-4.0,1,2,0,0,10,True
2025-2025040821gm-00a9-0000-b7ac449d-02-s0-d0,228,B,2,39,"[24200,30800,49400,-4400]",3,-4.0,1,2,2,0,10,True
2025-2025040821gm-00a9-0000-b7ac449d-02-s0-d0,229,A,1,21,"[29100,39200,20700,11000]",2,4.0,1,3,0,0,7,True
2025-2025040821gm-00a9-0000-b7ac449d-02-s0-d0,229,B,2,39,"[27200,41400,9300,22100]",2,4.0,1,3,0,0,7,True
2025-2025040821gm-00a9-0000-b7ac449d-02-s0-d0,230,A,1,21,"[26000,24300,50000,-300]",2,4.0,1,2,0,0,9,True
2025-2025040821gm-00a9-0000-b7ac449d-02-s0-d0,230,B,2,39,"[26000,24300,50000,-300]",2,4.0,1,2,0,0,9,True
2025-2025040821gm-00a9-0000-b7ac449d-02-s0-d0,231,A,1,21,"[17000,43400,17400,22200]",4,-10.0,1,3,0,0,8,True
2025-2025040821gm-00a9-0000-b7ac449d-02-s0-d0,231,B,2,39,"[14200,29100,12500,44200]",3,-4.0,1,3,0,0,9,True
2025-2025040821gm-00a9-0000-b7ac449d-02-s0-d0,232,A,1,21,"[11500,33600,37400,17500]",4,-10.0,1,3,0,0,11,True
2025-2025040821gm-00a9-0000-b7ac449d-02-s0-d0,232,B,2,39,"[-7500,48300,37200,22000]",4,-10.0,1,3,0,0,10,True
2025-2025040821gm-00a9-0000-b7ac449d-02-s0-d0,233,A,1,21,"[18100,50900,15000,16000]",2,4.0,1,3,0,0,9,True
2025-2025040821gm-00a9-0000-b7ac449d-02-s0-d0,233,B,2,39,"[8600,29400,65300,-3300]",3,-4.0,1,2,0,0,7,True
2025-2025040821gm-00a9-0000-b7ac449d-02-s0-d0,234,A,1,21,"[9300,32300,30300,28100]",4,-10.0,1,3,1,0,10,True
2025-2025040821gm-00a9-0000-b7ac449d-02-s0-d0,234,B,2,39,"[24700,34800,30400,10100]",3,-4.0,1,3,1,0,11,True
2025-2025040821gm-00a9-0000-b7ac449d-02-s0-d0,235,A,1,21,"[15700,30900,34800,18600]",4,-10.0,1,3,0,0,9,True
2025-2025040821gm-00a9-0000-b7ac449d-02-s0-d0,235,B,2,39,"[15700,30900,34800,18600]",4,-10.0,1,3,0,0,9,True
2025-2025040821gm-00a9-0000-b7ac449d-02-s0-d0,236,A,1,21,"[32200,18300,19800,29700]",1,10.0,2,1,0,0,11,True
2025-2025040821gm-00a9-0000-b7ac449d-02-s0-d0,236,B,2,39,"[25100,25300,10400,39200]",3,-4.0,1,3,0,0,9,True
2025-2025040821gm-00a9-0000-b7ac449d-02-s0-d0,237,A,1,21,"[16800,21200,30800,29200]",4,-10.0,1,3,2,2,11,True
2025-2025040821gm-00a9-0000-b7ac449d-02-s0-d0,237,B,2,39,"[8900,45700,17700,27700]",4,-10.0,1,3,1,0,8,True
2025-2025040821gm-00a9-0000-b7ac449d-02-s0-d0,238,A,1,21,"[9100,27600,14500,48800]",4,-10.0,1,3,0,0,7,True
2025-2025040821gm-00a9-0000-b7ac449d-02-s0-d0,238,B,2,39,"[9100,27600,14500,48800]",4,-10.0,1,3,0,0,7,True
2025-2025040821gm-00a9-0000-b7ac449d-02-s0-d0,239,A,1,21,"[-300,47300,36300,16700]",4,-10.0,1,3,1,0,8,True
2025-2025040821gm-00a9-0000-b7ac449d-02-s0-d0,239,B,2,39,"[14500,26600,18900,40000]",4,-10.0,1,3,1,0,9,True
2025-2025040821gm-00a9-0000-b7ac449d-02-s0-d0,240,A,1,21,"[15100,43200,16900,24800]",4,-10.0,1,3,2,0,11,True
2025-2025040821gm-00a9-0000-b7ac449d-02-s0-d0,240,B,2,39,"[15100,43200,16900,24800]",4,-10.0,1,3,2,0,11,True
2025-2025040821gm-00a9-0000-b7ac449d-02-s0-d0,241,A,1,21,"[-800,31500,19000,50300]",4,-10.0,0,2,0,0,2,True
2025-2025040821gm-00a9-0000-b7ac449d-02-s0-d0,241,B,2,39,"[4900,28500,21700,44900]",4,-10.0,1,3,0,0,7,True
2025-2025040821gm-00a9-0000-b7ac449d-02-s0-d0,242,A,1,21,"[-2600,47900,22200,32500]",4,-10.0,0,2,0,0,3,True
2025-2025040821gm-00a9-0000-b7ac449d-02-s0-d0,242,B,2,39,"[-3600,48900,22200,32500]",4,-10.0,0,2,0,0,3,True
2025-2025040821gm-00a9-0000-b7ac449d-02-s0-d0,243,A,1,21,"[20300,50000,20000,9700]",2,4.0,1,3,0,0,7,True
2025-2025040821gm-00a9-0000-b7ac449d-02-s0-d0,243,B,2,39,"[20300,50000,20000,9700]",2,4.0,1,3,0,0,7,True
2025-2025040821gm-00a9-0000-b7ac449d-02-s0-d0,244,A,1,21,"[15600,43000,17500,23900]",4,-10.0,1,3,1,0,9,True
2025-2025040821gm-00a9-0000-b7ac449d-02-s0-d0,244,B,2,39,"[13400,61300,14500,10800]",3,-4.0,1,3,1,0,8,True
2025-2025040821gm-00a9-0000-b7ac449d-02-s0-d0,245,A,1,21,"[18200,25700,25800,30300]",4,-10.0,1,3,0,0,8,True
2025-2025040821gm-00a9-0000-b7ac449d-02-s0-d0,245,B,2,39,"[18200,25700,25800,30300]",4,-10.0,1,3,0,0,8,True
2025-2025040821gm-00a9-0000-b7ac449d-02-s0-d0,246,A,1,21,"[30400,17700,26600,25300]",1,10.0,1,3,2,0,10,True
2025-2025040821gm-00a9-0000-b7ac449d-02-s0-d0,246,B,2,39,"[5000,24900,22500,47600]",4,-10.0,1,3,0,0,8,True
2025-2025040821gm-00a9-0000-b7ac449d-02-s0-d0,247,A,1,21,"[28100,27900,30100,13900]",2,4.0,1,3,0,0,14,True
2025-2025040821gm-00a9-0000-b7ac449d-02-s0-d0,247,B,2,39,"[26400,24600,36000,13000]",2,4.0,1,3,0,0,8,True
2025-2025040821gm-00a9-0000-b7ac449d-02-s0-d0,248,A,1,21,"[7700,32100,36200,24000]",4,-10.0,1,3,3,0,9,True
2025-2025040821gm-00a9-0000-b7ac449d-02-s0-d0,248,B,2,39,"[22000,34000,20300,23700]",3,-4.0,1,3,0,0,10,True
2025-2025040821gm-00a9-0000-b7ac449d-02-s0-d0,249,A,1,21,"[43100,23300,10400,23200]",1,10.0,1,3,1,0,9,True
2025-2025040821gm-00a9-0000-b7ac449d-02-s0-d0,249,B,2,39,"[34700,32800,32000,500]",1,10.0,1,3,0,0,7,True
2025-2025040821gm-00a9-0000-b7ac449d-02-s0-d0,250,A,1,21,"[-5700,52800,21100,31800]",4,-10.0,1,3,1,0,11,True
2025-2025040821gm-00a9-0000-b7ac449d-02-s0-d0,250,B,2,39,"[6200,38800,24700,30300]",4,-10.0,1,3,0,0,10,True
2025-2025040821gm-00a9-0000-b7ac449d-02-s0-d0,251,A,1,21,"[38800,30300,10700,19200]",1,10.0,1,3,0,1,12,True
2025-2025040821gm-00a9-0000-b7ac449d-02-s0-d0,251,B,2,39,"[38800,30300,10700,19200]",1,10.0,1,3,0,1,12,True
2025-2025040821gm-00a9-0000-b7ac449d-02-s0-d0,252,A,1,21,"[32500,33600,15800,18100]",2,4.0,1,3,0,0,10,True
2025-2025040821gm-00a9-0000-b7ac449d-02-s0-d0,252,B,2,39,"[19600,43400,12500,24500]",3,-4.0,1,3,0,0,9,True
2025-2025040821gm-00a9-0000-b7ac449d-02-s0-d0,253,A,1,21,"[-1800,56200,40300,5300]",4,-10.0,1,0,1,0,8,True
2025-2025040821gm-00a9-0000-b7ac449d-02-s0-d0,253,B,2,39,"[14900,22000,14600,48500]",3,-4.0,1,3,0,0,9,True
2025-2025040821gm-00a9-0000-b7ac449d-02-s0-d0,254,A,1,21,"[21400,20100,28200,30300]",3,-4.0,1,3,1,0,8,True
2025-2025040821gm-00a9-0000-b7ac449d-02-s0-d0,254,B,2,39,"[18800,15000,32100,34100]",3,-4.0,1,3,1,0,13,True
2025-2025040821gm-00a9-0000-b7ac449d-02-s0-d0,255,A,1,21,"[6700,52700,18000,22600]",4,-10.0,1,3,1,0,10,True
2025-2025040821gm-00a9-0000-b7ac449d-02-s0-d0,255,B,2,39,"[25700,30800,14900,28600]",3,-4.0,1,3,3,0,11,True
2025-2025041216gm-00a9-0000-3d010e8a-05-s0-d2,0,A,1,39,"[15900,44900,32500,6700]",3,-4.0,1,3,1,0,6,True
2025-2025041216gm-00a9-0000-3d010e8a-05-s0-d2,0,B,4,35,"[18000,47600,27600,6800]",3,-4.0,1,3,1,0,6,True
2025-2025041216gm-00a9-0000-3d010e8a-05-s0-d2,1,A,1,39,"[27100,33600,35700,3600]",3,-4.0,1,3,0,0,5,True
2025-2025041216gm-00a9-0000-3d010e8a-05-s0-d2,1,B,4,35,"[35700,28400,36100,-200]",2,4.0,1,3,0,0,5,True
2025-2025041216gm-00a9-0000-3d010e8a-05-s0-d2,2,A,1,39,"[32800,30300,34500,2400]",2,4.0,1,3,0,0,8,True
2025-2025041216gm-00a9-0000-3d010e8a-05-s0-d2,2,B,4,35,"[20300,34700,46400,-1400]",3,-4.0,1,1,2,0,5,True
2025-2025041216gm-00a9-0000-3d010e8a-05-s0-d2,3,A,1,39,"[22400,21600,38300,17700]",2,4.0,1,3,0,0,5,True
2025-2025041216gm-00a9-0000-3d010e8a-05-s0-d2,3,B,4,35,"[20200,31300,38900,9600]",3,-4.0,1,3,1,0,5,True
2025-2025041216gm-00a9-0000-3d010e8a-05-s0-d2,4,A,1,39,"[19800,28800,52500,-1100]",3,-4.0,1,2,0,0,8,True
2025-2025041216gm-00a9-0000-3d010e8a-05-s0-d2,4,B,4,35,"[19800,28800,52500,-1100]",3,-4.0,1,2,0,0,8,True
2025-2025041216gm-00a9-0000-3d010e8a-05-s0-d2,5,A,1,39,"[19600,22400,43900,12100]",3,-4.0,1,3,3,2,6,True
2025-2025041216gm-00a9-0000-3d010e8a-05-s0-d2,5,B,4,35,"[19600,22400,43900,12100]",3,-4.0,1,3,3,2,6,True
2025-2025041216gm-00a9-0000-3d010e8a-05-s0-d2,6,A,1,39,"[22600,36900,33400,7100]",3,-4.0,1,3,0,0,6,True
2025-2025041216gm-00a9-0000-3d010e8a-05-s0-d2,6,B,4,35,"[11700,26500,46400,15400]",4,-10.0,1,3,1,0,5,True
2025-2025041216gm-00a9-0000-3d010e8a-05-s0-d2,7,A,1,39,"[23000,20200,38100,18700]",2,4.0,1,3,0,0,5,True
2025-2025041216gm-00a9-0000-3d010e8a-05-s0-d2,7,B,4,35,"[23000,20200,38100,18700]",2,4.0,1,3,0,0,5,True
2025-2025041216gm-00a9-0000-3d010e8a-05-s0-d2,8,A,1,39,"[19400,29100,46700,4800]",3,-4.0,1,3,0,0,5,True
2025-2025041216gm-00a9-0000-3d010e8a-05-s0-d2,8,B,4,35,"[19400,29100,46700,4800]",3,-4.0,1,3,0,0,5,True
2025-2025041216gm-00a9-0000-3d010e8a-05-s0-d2,9,A,1,39,"[21400,31000,38600,9000]",3,-4.0,1,3,0,0,6,True
2025-2025041216gm-00a9-0000-3d010e8a-05-s0-d2,9,B,4,35,"[20600,33500,32100,13800]",3,-4.0,1,3,0,0,6,True
2025-2025041216gm-00a9-0000-3d010e8a-05-s0-d2,10,A,1,39,"[20400,28300,20200,31100]",3,-4.0,2,0,0,0,7,True
2025-2025041216gm-00a9-0000-3d010e8a-05-s0-d2,10,B,4,35,"[21700,31000,47600,-300]",3,-4.0,1,1,0,0,3,True
2025-2025041216gm-00a9-0000-3d010e8a-05-s0-d2,11,A,1,39,"[34800,17300,46100,1800]",2,4.0,1,3,0,0,8,True
2025-2025041216gm-00a9-0000-3d010e8a-05-s0-d2,11,B,4,35,"[-900,31200,46400,22300]",4,-10.0,1,2,2,1,8,True
2025-2025041216gm-00a9-0000-3d010e8a-05-s0-d2,12,A,1,39,"[21900,27200,43100,7800]",3,-4.0,1,3,2,0,6,True
2025-2025041216gm-00a9-0000-3d010e8a-05-s0-d2,12,B,4,35,"[7000,34700,44100,11200]",4,-10.0,1,3,1,3,5,True
2025-2025041216gm-00a9-0000-3d010e8a-05-s0-d2,13,A,1,39,"[13300,28000,23500,35200]",4,-10.0,1,3,0,0,6,True
2025-2025041216gm-00a9-0000-3d010e8a-05-s0-d2,13,B,4,35,"[-2700,22800,62900,17000]",4,-10.0,1,2,3,0,7,True
2025-2025041216gm-00a9-0000-3d010e8a-05-s0-d2,14,A,1,39,"[-5300,25100,33500,46700]",4,-10.0,1,2,1,0,8,True
2025-2025041216gm-00a9-0000-3d010e8a-05-s0-d2,14,B,4,35,"[-5300,25100,33500,46700]",4,-10.0,1,2,1,0,8,True
2025-2025041216gm-00a9-0000-3d010e8a-05-s0-d2,15,A,1,39,"[21100,21900,44000,13000]",3,-4.0,1,3,1,0,8,True
2025-2025041216gm-00a9-0000-3d010e8a-05-s0-d2,15,B,4,35,"[23700,18900,47200,10200]",2,4.0,1,3,1,0,8,True
2025-2025041216gm-00a9-0000-3d010e8a-05-s0-d2,16,A,1,39,"[25200,33300,42400,-900]",3,-4.0,1,1,0,0,4,True
2025-2025041216gm-00a9-0000-3d010e8a-05-s0-d2,16,B,4,35,"[38700,30600,23200,7500]",1,10.0,1,3,1,0,10,True
2025-2025041216gm-00a9-0000-3d010e8a-05-s0-d2,17,A,1,39,"[30700,19600,43500,6200]",2,4.0,1,3,0,0,9,True
2025-2025041216gm-00a9-0000-3d010e8a-05-s0-d2,17,B,4,35,"[400,52300,34800,12500]",4,-10.0,1,3,1,0,8,True
2025-2025041216gm-00a9-0000-3d010e8a-05-s0-d2,18,A,1,39,"[34200,23900,32700,9200]",1,10.0,1,3,0,0,6,True
2025-2025041216gm-00a9-0000-3d010e8a-05-s0-d2,18,B,4,35,"[33800,5700,39800,20700]",2,4.0,1,3,0,0,6,True
2025-2025041216gm-00a9-0000-3d010e8a-05-s0-d2,19,A,1,39,"[-1000,39700,44300,17000]",4,-10.0,1,3,0,0,5,True
2025-2025041216gm-00a9-0000-3d010e8a-05-s0-d2,19,B,4,35,"[14500,29800,47000,8700]",3,-4.0,1,3,0,0,8,True
2025-2025041216gm-00a9-0000-3d010e8a-05-s0-d2,20,A,1,39,"[31500,24300,46500,-2300]",2,4.0,1,2,1,0,6,True
2025-2025041216gm-00a9-0000-3d010e8a-05-s0-d2,20,B,4,35,"[39500,19900,44900,-4300]",2,4.0,1,2,0,0,5,True
2025-2025041216gm-00a9-0000-3d010e8a-05-s0-d2,21,A,1,39,"[24700,18600,43500,13200]",2,4.0,1,3,0,0,7,True
2025-2025041216gm-00a9-0000-3d010e8a-05-s0-d2,21,B,4,35,"[28500,29900,38300,3300]",3,-4.0,1,3,0,0,7,True
2025-2025041216gm-00a9-0000-3d010e8a-05-s0-d2,22,A,1,39,"[20300,27400,32500,19800]",3,-4.0,1,3,2,0,7,True
2025-2025041216gm-00a9-0000-3d010e8a-05-s0-d2,22,B,4,35,"[15700,26100,51200,7000]",3,-4.0,1,3,2,0,7,True
2025-2025041216gm-00a9-0000-3d010e8a-05-s0-d2,23,A,1,39,"[32300,24700,45900,-2900]",2,4.0,1,2,0,0,4,True
2025-2025041216gm-00a9-0000-3d010e8a-05-s0-d2,23,B,4,35,"[32300,24700,45900,-2900]",2,4.0,1,2,0,0,4,True
2025-2025041216gm-00a9-0000-3d010e8a-05-s0-d2,24,A,1,39,"[8600,20700,40600,30100]",4,-10.0,1,3,0,0,6,True
2025-2025041216gm-00a9-0000-3d010e8a-05-s0-d2,24,B,4,35,"[33900,21300,33500,11300]",1,10.0,1,3,0,0,5,True
2025-2025041216gm-00a9-0000-3d010e8a-05-s0-d2,25,A,1,39,"[13300,26800,41600,18300]",4,-10.0,1,3,1,0,11,True
2025-2025041216gm-00a9-0000-3d010e8a-05-s0-d2,25,B,4,35,"[33500,27700,30300,8500]",1,10.0,1,3,0,0,6,True
2025-2025041216gm-00a9-0000-3d010e8a-05-s0-d2,26,A,1,39,"[10500,28300,41300,18900]",4,-10.0,1,3,0,1,5,True
2025-2025041216gm-00a9-0000-3d010e8a-05-s0-d2,26,B,4,35,"[12600,41400,39100,6900]",3,-4.0,1,3,1,0,6,True
2025-2025041216gm-00a9-0000-3d010e8a-05-s0-d2,27,A,1,39,"[18600,26300,23300,31800]",4,-10.0,2,0,0,0,12,True
2025-2025041216gm-00a9-0000-3d010e8a-05-s0-d2,27,B,4,35,"[18600,26300,23300,31800]",4,-10.0,2,0,0,0,12,True
2025-2025041216gm-00a9-0000-3d010e8a-05-s0-d2,28,A,1,39,"[42900,30700,33700,-7300]",1,10.0,1,0,0,0,2,True
2025-2025041216gm-00a9-0000-3d010e8a-05-s0-d2,28,B,4,35,"[42600,19200,39300,-1100]",1,10.0,1,3,0,0,5,True
2025-2025041216gm-00a9-0000-3d010e8a-05-s0-d2,29,A,1,39,"[25900,36700,39700,-2300]",3,-4.0,1,0,0,0,2,True
2025-2025041216gm-00a9-0000-3d010e8a-05-s0-d2,29,B,4,35,"[8700,27000,36100,28200]",4,-10.0,1,3,0,0,5,True
2025-2025041216gm-00a9-0000-3d010e8a-05-s0-d2,30,A,1,39,"[10400,18800,39100,31700]",4,-10.0,1,3,3,0,9,True
2025-2025041216gm-00a9-0000-3d010e8a-05-s0-d2,30,B,4,35,"[10400,18800,39100,31700]",4,-10.0,1,3,3,0,9,True
2025-2025041216gm-00a9-0000-3d010e8a-05-s0-d2,31,A,1,39,"[3600,21000,34700,40700]",4,-10.0,1,3,0,0,5,True
2025-2025041216gm-00a9-0000-3d010e8a-05-s0-d2,31,B,4,35,"[6800,18000,31500,43700]",4,-10.0,1,3,0,0,5,True
2025-2025041216gm-00a9-0000-3d010e8a-05-s0-d2,32,A,1,39,"[14000,34200,48600,3200]",3,-4.0,1,3,1,0,5,True
2025-2025041216gm-00a9-0000-3d010e8a-05-s0-d2,32,B,4,35,"[4000,32900,59900,3200]",3,-4.0,1,3,0,0,5,True
2025-2025041216gm-00a9-0000-3d010e8a-05-s0-d2,33,A,1,39,"[3400,40200,29200,26200]",4,-10.0,1,3,1,1,6,True
2025-2025041216gm-00a9-0000-3d010e8a-05-s0-d2,33,B,4,35,"[26100,30700,24500,18700]",2,4.0,1,3,1,0,6,True
2025-2025041216gm-00a9-0000-3d010e8a-05-s0-d2,34,A,1,39,"[19500,29900,32500,18100]",3,-4.0,1,3,0,0,6,True
2025-2025041216gm-00a9-0000-3d010e8a-05-s0-d2,34,B,4,35,"[8900,31100,45800,14200]",4,-10.0,1,3,0,0,6,True
2025-2025041216gm-00a9-0000-3d010e8a-05-s0-d2,35,A,1,39,"[10700,58700,31300,-700]",3,-4.0,1,0,1,0,3,True
2025-2025041216gm-00a9-0000-3d010e8a-05-s0-d2,35,B,4,35,"[21300,25500,36600,16600]",3,-4.0,1,3,1,0,6,True
2025-2025041216gm-00a9-0000-3d010e8a-05-s0-d2,36,A,1,39,"[13700,39500,35900,10900]",3,-4.0,1,3,3,0,7,True
2025-2025041216gm-00a9-0000-3d010e8a-05-s0-d2,36,B,4,35,"[14800,42000,28800,14400]",3,-4.0,1,3,1,0,6,True
2025-2025041216gm-00a9-0000-3d010e8a-05-s0-d2,37,A,1,39,"[17900,30100,48900,3100]",3,-4.0,1,3,0,0,6,True
2025-2025041216gm-00a9-0000-3d010e8a-05-s0-d2,37,B,4,35,"[17900,30100,48900,3100]",3,-4.0,1,3,0,0,6,True
2025-2025041216gm-00a9-0000-3d010e8a-05-s0-d2,38,A,1,39,"[25200,13200,50900,10700]",2,4.0,1,3,2,0,8,True
2025-2025041216gm-00a9-0000-3d010e8a-05-s0-d2,38,B,4,35,"[21500,27200,42000,9300]",3,-4.0,1,3,0,0,5,True
2025-2025041216gm-00a9-0000-3d010e8a-05-s0-d2,39,A,1,39,"[29600,38500,33200,-1300]",3,-4.0,1,3,0,0,6,True
2025-2025041216gm-00a9-0000-3d010e8a-05-s0-d2,39,B,4,35,"[21400,21600,26700,30300]",4,-10.0,1,3,1,0,6,True
2025-2025041216gm-00a9-0000-3d010e8a-05-s0-d2,40,A,1,39,"[14500,23500,41800,20200]",4,-10.0,1,3,0,0,5,True
2025-2025041216gm-00a9-0000-3d010e8a-05-s0-d2,40,B,4,35,"[14500,23500,41800,20200]",4,-10.0,1,3,0,0,5,True
2025-2025041216gm-00a9-0000-3d010e8a-05-s0-d2,41,A,1,39,"[-1800,38900,46100,16800]",4,-10.0,1,2,1,0,5,True
2025-2025041216gm-00a9-0000-3d010e8a-05-s0-d2,41,B,4,35,"[-2800,42000,46100,14700]",4,-10.0,1,2,1,0,5,True
2025-2025041216gm-00a9-0000-3d010e8a-05-s0-d2,42,A,1,39,"[21800,19300,40000,18900]",2,4.0,1,3,0,0,5,True
2025-2025041216gm-00a9-0000-3d010e8a-05-s0-d2,42,B,4,35,"[13800,31800,46300,8100]",3,-4.0,1,3,1,0,6,True
2025-2025041216gm-00a9-0000-3d010e8a-05-s0-d2,43,A,1,39,"[6500,43800,47900,1800]",3,-4.0,1,3,0,0,6,True
2025-2025041216gm-00a9-0000-3d010e8a-05-s0-d2,43,B,4,35,"[27300,28800,40200,3700]",3,-4.0,1,3,0,0,5,True
2025-2025041216gm-00a9-0000-3d010e8a-05-s0-d2,44,A,1,39,"[24100,29200,35700,11000]",3,-4.0,1,3,0,0,6,True
2025-2025041216gm-00a9-0000-3d010e8a-05-s0-d2,44,B,4,35,"[12300,25900,42500,19300]",4,-10.0,1,3,0,0,6,True
2025-2025041216gm-00a9-0000-3d010e8a-05-s0-d2,45,A,1,39,"[13900,46900,39600,-400]",3,-4.0,1,2,2,0,7,True
2025-2025041216gm-00a9-0000-3d010e8a-05-s0-d2,45,B,4,35,"[13900,46900,39600,-400]",3,-4.0,1,2,2,0,7,True
2025-2025041216gm-00a9-0000-3d010e8a-05-s0-d2,46,A,1,39,"[4100,21600,56600,17700]",4,-10.0,1,3,0,0,7,True
2025-2025041216gm-00a9-0000-3d010e8a-05-s0-d2,46,B,4,35,"[-4600,42200,46700,15700]",4,-10.0,1,2,1,0,6,True
2025-2025041216gm-00a9-0000-3d010e8a-05-s0-d2,47,A,1,39,"[34000,23500,22800,19700]",1,10.0,1,3,0,0,7,True
2025-2025041216gm-00a9-0000-3d010e8a-05-s0-d2,47,B,4,35,"[45800,23700,34700,-4200]",1,10.0,1,0,1,0,3,True
2025-2025041216gm-00a9-0000-3d010e8a-05-s0-d2,48,A,1,39,"[32400,13400,40800,13400]",2,4.0,1,3,1,0,8,True
2025-2025041216gm-00a9-0000-3d010e8a-05-s0-d2,48,B,4,35,"[24400,12800,39400,23400]",2,4.0,1,3,2,0,8,True
2025-2025041216gm-00a9-0000-3d010e8a-05-s0-d2,49,A,1,39,"[15900,34700,37700,11700]",3,-4.0,1,3,0,0,5,True
2025-2025041216gm-00a9-0000-3d010e8a-05-s0-d2,49,B,4,35,"[18200,26000,30400,25400]",4,-10.0,1,3,0,0,6,True
2025-2025041216gm-00a9-0000-3d010e8a-05-s0-d2,50,A,1,39,"[-7000,50300,52000,4700]",4,-10.0,1,1,0,0,4,True
2025-2025041216gm-00a9-0000-3d010e8a-05-s0-d2,50,B,4,35,"[-7000,50300,52000,4700]",4,-10.0,1,1,0,0,4,True
2025-2025041216gm-00a9-0000-3d010e8a-05-s0-d2,51,A,1,39,"[13000,47400,30800,8800]",3,-4.0,1,3,0,0,5,True
2025-2025041216gm-00a9-0000-3d010e8a-05-s0-d2,51,B,4,35,"[19400,30400,30000,20200]",4,-10.0,1,3,1,0,6,True
2025-2025041216gm-00a9-0000-3d010e8a-05-s0-d2,52,A,1,39,"[27000,27700,30400,14900]",3,-4.0,1,3,0,0,5,True
2025-2025041216gm-00a9-0000-3d010e8a-05-s0-d2,52,B,4,35,"[26300,18100,35400,20200]",2,4.0,1,3,1,0,7,True
2025-2025041216gm-00a9-0000-3d010e8a-05-s0-d2,53,A,1,39,"[18000,32800,38500,10700]",3,-4.0,1,3,1,0,6,True
2025-2025041216gm-00a9-0000-3d010e8a-05-s0-d2,53,B,4,35,"[18000,32800,38500,10700]",3,-4.0,1,3,1,0,6,True
2025-2025041216gm-00a9-0000-3d010e8a-05-s0-d2,54,A,1,39,"[8300,27700,35100,28900]",4,-10.0,2,2,0,0,12,True
2025-2025041216gm-00a9-0000-3d010e8a-05-s0-d2,54,B,4,35,"[34000,27700,38700,-400]",2,4.0,1,0,1,0,4,True
2025-2025041216gm-00a9-0000-3d010e8a-05-s0-d2,55,A,1,39,"[-1700,40900,47100,13700]",4,-10.0,1,3,0,0,5,True
2025-2025041216gm-00a9-0000-3d010e8a-05-s0-d2,55,B,4,35,"[-1700,40900,47100,13700]",4,-10.0,1,3,0,0,5,True
2025-2025041216gm-00a9-0000-3d010e8a-05-s0-d2,56,A,1,39,"[21900,31600,32800,13700]",3,-4.0,1,3,0,0,5,True
2025-2025041216gm-00a9-0000-3d010e8a-05-s0-d2,56,B,4,35,"[9400,40800,32500,17300]",4,-10.0,1,3,1,0,6,True
2025-2025041216gm-00a9-0000-3d010e8a-05-s0-d2,57,A,1,39,"[8900,14100,60000,17000]",4,-10.0,1,3,1,0,8,True
2025-2025041216gm-00a9-0000-3d010e8a-05-s0-d2,57,B,4,35,"[8900,14100,60000,17000]",4,-10.0,1,3,1,0,8,True
2025-2025041216gm-00a9-0000-3d010e8a-05-s0-d2,58,A,1,39,"[20100,20300,34900,24700]",4,-10.0,1,3,1,0,6,True
2025-2025041216gm-00a9-0000-3d010e8a-05-s0-d2,58,B,4,35,"[11700,21400,31400,35500]",4,-10.0,1,3,0,0,5,True
2025-2025041216gm-00a9-0000-3d010e8a-05-s0-d2,59,A,1,39,"[21100,44000,30700,4200]",3,-4.0,1,3,1,0,10,True
2025-2025041216gm-00a9-0000-3d010e8a-05-s0-d2,59,B,4,35,"[7900,40900,30500,20700]",4,-10.0,1,3,0,0,8,True
2025-2025041216gm-00a9-0000-3d010e8a-05-s0-d2,60,A,1,39,"[7700,41300,49100,1900]",3,-4.0,1,3,0,0,6,True
2025-2025041216gm-00a9-0000-3d010e8a-05-s0-d2,60,B,4,35,"[21700,32500,39600,6200]",3,-4.0,1,3,0,0,7,True
2025-2025041216gm-00a9-0000-3d010e8a-05-s0-d2,61,A,1,39,"[25300,21700,30800,20200]",2,4.0,2,1,0,2,9,True
2025-2025041216gm-00a9-0000-3d010e8a-05-s0-d2,61,B,4,35,"[17900,37300,47400,-2600]",3,-4.0,1,0,1,0,3,True
2025-2025041216gm-00a9-0000-3d010e8a-05-s0-d2,62,A,1,39,"[16900,30700,43300,9100]",3,-4.0,1,3,0,0,5,True
2025-2025041216gm-00a9-0000-3d010e8a-05-s0-d2,62,B,4,35,"[23600,29100,34600,12700]",3,-4.0,1,3,0,0,5,True
2025-2025041216gm-00a9-0000-3d010e8a-05-s0-d2,63,A,1,39,"[12800,37100,32200,17900]",4,-10.0,1,3,0,0,5,True
2025-2025041216gm-00a9-0000-3d010e8a-05-s0-d2,63,B,4,35,"[12800,37100,32200,17900]",4,-10.0,1,3,0,0,5,True
2025-2025041216gm-00a9-0000-3d010e8a-05-s0-d2,64,A,1,39,"[-700,29200,24300,46200]",4,-10.0,1,3,0,1,5,True
2025-2025041216gm-00a9-0000-3d010e8a-05-s0-d2,64,B,4,35,"[10300,24000,57700,8000]",3,-4.0,1,3,0,0,6,True
2025-2025041216gm-00a9-0000-3d010e8a-05-s0-d2,65,A,1,39,"[10500,36200,39400,13900]",4,-10.0,1,3,0,0,7,True
2025-2025041216gm-00a9-0000-3d010e8a-05-s0-d2,65,B,4,35,"[10700,25200,46500,17600]",4,-10.0,1,3,1,0,8,True
2025-2025041216gm-00a9-0000-3d010e8a-05-s0-d2,66,A,1,39,"[36700,19400,35800,8100]",1,10.0,1,3,0,0,6,True
2025-2025041216gm-00a9-0000-3d010e8a-05-s0-d2,66,B,4,35,"[18900,13800,49600,17700]",2,4.0,1,3,0,0,9,True
2025-2025041216gm-00a9-0000-3d010e8a-05-s0-d2,67,A,1,39,"[17600,21100,32300,29000]",4,-10.0,1,3,1,0,7,True
2025-2025041216gm-00a9-0000-3d010e8a-05-s0-d2,67,B,4,35,"[23300,32300,31300,13100]",3,-4.0,1,3,0,0,6,True
2025-2025041216gm-00a9-0000-3d010e8a-05-s0-d2,68,A,1,39,"[23900,33700,33800,8600]",3,-4.0,1,3,0,0,5,True
2025-2025041216gm-00a9-0000-3d010e8a-05-s0-d2,68,B,4,35,"[18500,48700,30100,2700]",3,-4.0,1,3,0,0,6,True
2025-2025041216gm-00a9-0000-3d010e8a-05-s0-d2,69,A,1,39,"[17700,43400,20000,18900]",4,-10.0,1,3,1,0,6,True
2025-2025041216gm-00a9-0000-3d010e8a-05-s0-d2,69,B,4,35,"[20000,11000,49500,19500]",2,4.0,1,3,0,0,7,True
2025-2025041216gm-00a9-0000-3d010e8a-05-s0-d2,70,A,1,39,"[25300,36800,31200,6700]",3,-4.0,1,3,0,0,6,True
2025-2025041216gm-00a9-0000-3d010e8a-05-s0-d2,70,B,4,35,"[23800,26100,38400,11700]",3,-4.0,1,3,1,0,6,True
2025-2025041216gm-00a9-0000-3d010e8a-05-s0-d2,71,A,1,39,"[24200,24000,30200,21600]",2,4.0,1,3,1,0,7,True
2025-2025041216gm-00a9-0000-3d010e8a-05-s0-d2,71,B,4,35,"[25800,27000,37800,9400]",3,-4.0,1,3,1,0,5,True
2025-2025041216gm-00a9-0000-3d010e8a-05-s0-d2,72,A,1,39,"[38100,42500,22100,-2700]",2,4.0,1,3,0,0,7,True
2025-2025041216gm-00a9-0000-3d010e8a-05-s0-d2,72,B,4,35,"[38100,42500,22100,-2700]",2,4.0,1,3,0,0,7,True
2025-2025041216gm-00a9-0000-3d010e8a-05-s0-d2,73,A,1,39,"[15900,34300,38300,8500]",3,-4.0,1,3,2,3,5,True
2025-2025041216gm-00a9-0000-3d010e8a-05-s0-d2,73,B,4,35,"[15900,34300,38300,8500]",3,-4.0,1,3,2,3,5,True
2025-2025041216gm-00a9-0000-3d010e8a-05-s0-d2,74,A,1,39,"[15700,34500,33300,16500]",4,-10.0,1,3,0,0,7,True
2025-2025041216gm-00a9-0000-3d010e8a-05-s0-d2,74,B,4,35,"[18900,33200,32000,15900]",3,-4.0,1,3,0,0,7,True
2025-2025041216gm-00a9-0000-3d010e8a-05-s0-d2,75,A,1,39,"[2700,45100,36700,15500]",4,-10.0,1,3,0,0,5,True
2025-2025041216gm-00a9-0000-3d010e8a-05-s0-d2,75,B,4,35,"[2700,45100,36700,15500]",4,-10.0,1,3,0,0,5,True
2025-2025041216gm-00a9-0000-3d010e8a-05-s0-d2,76,A,1,39,"[29200,36500,37200,-2900]",3,-4.0,1,3,0,0,6,True
2025-2025041216gm-00a9-0000-3d010e8a-05-s0-d2,76,B,4,35,"[22300,31500,37900,8300]",3,-4.0,1,3,0,0,5,True
2025-2025041216gm-00a9-0000-3d010e8a-05-s0-d2,77,A,1,39,"[14900,35500,37700,11900]",3,-4.0,1,3,0,0,5,True
2025-2025041216gm-00a9-0000-3d010e8a-05-s0-d2,77,B,4,35,"[15900,35500,37700,10900]",3,-4.0,1,3,0,0,5,True
2025-2025041216gm-00a9-0000-3d010e8a-05-s0-d2,78,A,1,39,"[5600,56800,35500,2100]",3,-4.0,1,3,1,0,8,True
2025-2025041216gm-00a9-0000-3d010e8a-05-s0-d2,78,B,4,35,"[11500,28200,38300,21000]",4,-10.0,1,3,0,1,6,True
2025-2025041216gm-00a9-0000-3d010e8a-05-s0-d2,79,A,1,39,"[12900,31200,55400,500]",3,-4.0,1,3,1,0,7,True
2025-2025041216gm-00a9-0000-3d010e8a-05-s0-d2,79,B,4,35,"[12900,31200,55400,500]",3,-4.0,1,3,1,0,7,True
2025-2025041216gm-00a9-0000-3d010e8a-05-s0-d2,80,A,1,39,"[29300,30000,38600,2100]",3,-4.0,1,3,1,0,6,True
2025-2025041216gm-00a9-0000-3d010e8a-05-s0-d2,80,B,4,35,"[29300,30000,38600,2100]",3,-4.0,1,3,1,0,6,True
2025-2025041216gm-00a9-0000-3d010e8a-05-s0-d2,81,A,1,39,"[2800,33900,41000,22300]",4,-10.0,1,3,0,0,7,True
2025-2025041216gm-00a9-0000-3d010e8a-05-s0-d2,81,B,4,35,"[-2100,37800,41000,23300]",4,-10.0,1,3,0,0,7,True
2025-2025041216gm-00a9-0000-3d010e8a-05-s0-d2,82,A,1,39,"[17800,32000,35600,14600]",3,-4.0,1,3,0,0,6,True
2025-2025041216gm-00a9-0000-3d010e8a-05-s0-d2,82,B,4,35,"[17800,32000,35600,14600]",3,-4.0,1,3,0,0,6,True
2025-2025041216gm-00a9-0000-3d010e8a-05-s0-d2,83,A,1,39,"[16500,39000,24500,20000]",4,-10.0,1,3,1,0,8,True
2025-2025041216gm-00a9-0000-3d010e8a-05-s0-d2,83,B,4,35,"[2700,22000,36300,38000]",4,-10.0,1,3,2,1,12,True
2025-2025041216gm-00a9-0000-3d010e8a-05-s0-d2,84,A,1,39,"[17100,45700,31300,5900]",3,-4.0,1,3,0,0,6,True
2025-2025041216gm-00a9-0000-3d010e8a-05-s0-d2,84,B,4,35,"[17100,45700,31300,5900]",3,-4.0,1,3,0,0,6,True
2025-2025041216gm-00a9-0000-3d010e8a-05-s0-d2,85,A,1,39,"[22700,19500,35600,22200]",2,4.0,1,3,1,0,6,True
2025-2025041216gm-00a9-0000-3d010e8a-05-s0-d2,85,B,4,35,"[18200,19700,32500,29600]",4,-10.0,1,3,1,0,8,True
2025-2025041216gm-00a9-0000-3d010e8a-05-s0-d2,86,A,1,39,"[15800,18600,34800,30800]",4,-10.0,1,3,3,0,9,True
2025-2025041216gm-00a9-0000-3d010e8a-05-s0-d2,86,B,4,35,"[15800,18600,34800,30800]",4,-10.0,1,3,3,0,9,True
2025-2025041216gm-00a9-0000-3d010e8a-05-s0-d2,87,A,1,39,"[26700,41200,27700,4400]",3,-4.0,1,3,2,0,8,True
2025-2025041216gm-00a9-0000-3d010e8a-05-s0-d2,87,B,4,35,"[14000,16500,57400,12100]",3,-4.0,1,3,0,0,6,True
2025-2025041216gm-00a9-0000-3d010e8a-05-s0-d2,88,A,1,39,"[30500,19400,39800,10300]",2,4.0,1,3,3,0,9,True
2025-2025041216gm-00a9-0000-3d010e8a-05-s0-d2,88,B,4,35,"[4100,41200,45800,8900]",4,-10.0,1,3,0,0,8,True
2025-2025041216gm-00a9-0000-3d010e8a-05-s0-d2,89,A,1,39,"[28600,21100,50600,-300]",2,4.0,1,1,0,0,4,True
2025-2025041216gm-00a9-0000-3d010e8a-05-s0-d2,89,B,4,35,"[-200,32600,45800,21800]",4,-10.0,1,2,0,0,6,True
2025-2025041216gm-00a9-0000-3d010e8a-05-s0-d2,90,A,1,39,"[24000,43500,27800,4700]",3,-4.0,1,3,1,0,8,True
2025-2025041216gm-00a9-0000-3d010e8a-05-s0-d2,90,B,4,35,"[9400,36200,41400,10000]",4,-10.0,1,3,1,3,6,True
2025-2025041216gm-00a9-0000-3d010e8a-05-s0-d2,91,A,1,39,"[32800,12400,35800,18000]",2,4.0,1,3,1,1,10,True
2025-2025041216gm-00a9-0000-3d010e8a-05-s0-d2,91,B,4,35,"[15300,24200,52000,8500]",3,-4.0,1,3,2,0,8,True
2025-2025041216gm-00a9-0000-3d010e8a-05-s0-d2,92,A,1,39,"[22500,29000,30500,18000]",3,-4.0,1,3,2,0,8,True
2025-2025041216gm-00a9-0000-3d010e8a-05-s0-d2,92,B,4,35,"[21800,44200,37100,-3100]",3,-4.0,1,1,1,0,4,True
2025-2025041216gm-00a9-0000-3d010e8a-05-s0-d2,93,A,1,39,"[18400,44200,20200,17200]",3,-4.0,1,3,0,0,6,True
2025-2025041216gm-00a9-0000-3d010e8a-05-s0-d2,93,B,4,35,"[-3900,45800,46400,11700]",4,-10.0,1,2,1,0,6,True
2025-2025041216gm-00a9-0000-3d010e8a-05-s0-d2,94,A,1,39,"[12200,39000,35600,13200]",4,-10.0,1,3,0,0,6,True
2025-2025041216gm-00a9-0000-3d010e8a-05-s0-d2,94,B,4,35,"[11400,43900,39500,5200]",3,-4.0,1,3,0,0,6,True
2025-2025041216gm-00a9-0000-3d010e8a-05-s0-d2,95,A,1,39,"[17000,39300,34700,9000]",3,-4.0,1,3,0,0,5,True
2025-2025041216gm-00a9-0000-3d010e8a-05-s0-d2,95,B,4,35,"[21500,29800,43600,5100]",3,-4.0,1,3,0,0,5,True
2025-2025041216gm-00a9-0000-3d010e8a-05-s0-d2,96,A,1,39,"[17900,24400,54000,3700]",3,-4.0,1,3,0,0,5,True
2025-2025041216gm-00a9-0000-3d010e8a-05-s0-d2,96,B,4,35,"[14900,38000,44700,1400]",3,-4.0,1,3,0,1,5,True
2025-2025041216gm-00a9-0000-3d010e8a-05-s0-d2,97,A,1,39,"[23200,27700,54400,-5300]",3,-4.0,1,2,0,0,5,True
2025-2025041216gm-00a9-0000-3d010e8a-05-s0-d2,97,B,4,35,"[24800,21200,33500,20500]",2,4.0,1,3,2,0,6,True
2025-2025041216gm-00a9-0000-3d010e8a-05-s0-d2,98,A,1,39,"[31500,-3100,52000,19600]",2,4.0,1,2,0,0,6,True
2025-2025041216gm-00a9-0000-3d010e8a-05-s0-d2,98,B,4,35,"[35600,42200,25100,-2900]",2,4.0,1,3,1,0,9,True
2025-2025041216gm-00a9-0000-3d010e8a-05-s0-d2,99,A,1,39,"[25500,38800,38000,-2300]",3,-4.0,1,1,0,0,4,True
2025-2025041216gm-00a9-0000-3d010e8a-05-s0-d2,99,B,4,35,"[25500,38800,38000,-2300]",3,-4.0,1,1,0,0,4,True
2025-2025041216gm-00a9-0000-3d010e8a-05-s0-d2,100,A,1,39,"[29500,37100,28900,4500]",2,4.0,1,3,1,0,9,True
2025-2025041216gm-00a9-0000-3d010e8a-05-s0-d2,100,B,4,35,"[33800,4200,37400,23600]",2,4.0,1,3,3,1,9,True
2025-2025041216gm-00a9-0000-3d010e8a-05-s0-d2,101,A,1,39,"[11500,52700,39700,-3900]",3,-4.0,1,1,0,0,3,True
2025-2025041216gm-00a9-0000-3d010e8a-05-s0-d2,101,B,4,35,"[12000,41300,41100,5600]",3,-4.0,1,3,0,0,5,True
2025-2025041216gm-00a9-0000-3d010e8a-05-s0-d2,102,A,1,39,"[25900,26200,34500,13400]",3,-4.0,1,3,1,0,6,True
2025-2025041216gm-00a9-0000-3d010e8a-05-s0-d2,102,B,4,35,"[25900,29200,41500,2400]",3,-4.0,1,3,1,1,6,True
2025-2025041216gm-00a9-0000-3d010e8a-05-s0-d2,103,A,1,39,"[15600,25400,47000,12000]",3,-4.0,1,3,0,0,5,True
2025-2025041216gm-00a9-0000-3d010e8a-05-s0-d2,103,B,4,35,"[25800,19300,42600,12300]",2,4.0,1,3,2,0,5,True
2025-2025041216gm-00a9-0000-3d010e8a-05-s0-d2,104,A,1,39,"[7500,25700,55500,11300]",4,-10.0,1,3,0,0,7,True
2025-2025041216gm-00a9-0000-3d010e8a-05-s0-d2,104,B,4,35,"[7500,25700,55500,11300]",4,-10.0,1,3,0,0,7,True
2025-2025041216gm-00a9-0000-3d010e8a-05-s0-d2,105,A,1,39,"[18900,28800,42600,9700]",3,-4.0,1,3,1,0,6,True
2025-2025041216gm-00a9-0000-3d010e8a-05-s0-d2,105,B,4,35,"[33900,39200,35700,-8800]",3,-4.0,1,1,0,0,3,True
2025-2025041216gm-00a9-0000-3d010e8a-05-s0-d2,106,A,1,39,"[17900,32400,39300,10400]",3,-4.0,1,3,0,0,5,True
2025-2025041216gm-00a9-0000-3d010e8a-05-s0-d2,106,B,4,35,"[22700,36800,28300,12200]",3,-4.0,1,3,2,0,7,True
2025-2025041216gm-00a9-0000-3d010e8a-05-s0-d2,107,A,1,39,"[3300,33800,36800,26100]",4,-10.0,1,3,1,0,6,True
2025-2025041216gm-00a9-0000-3d010e8a-05-s0-d2,107,B,4,35,"[37600,16200,32900,13300]",1,10.0,1,3,2,0,7,True
2025-2025041216gm-00a9-0000-3d010e8a-05-s0-d2,108,A,1,39,"[-5800,39400,62700,3700]",4,-10.0,1,2,0,0,4,True
2025-2025041216gm-00a9-0000-3d010e8a-05-s0-d2,108,B,4,35,"[-5800,39400,62700,3700]",4,-10.0,1,2,0,0,4,True
2025-2025041216gm-00a9-0000-3d010e8a-05-s0-d2,109,A,1,39,"[21800,32200,39200,6800]",3,-4.0,1,3,3,0,7,True
2025-2025041216gm-00a9-0000-3d010e8a-05-s0-d2,109,B,4,35,"[20500,41700,39700,-1900]",3,-4.0,1,0,0,0,2,True
2025-2025041216gm-00a9-0000-3d010e8a-05-s0-d2,110,A,1,39,"[15200,44900,28500,11400]",3,-4.0,1,3,1,0,8,True
2025-2025041216gm-00a9-0000-3d010e8a-05-s0-d2,110,B,4,35,"[16700,45300,30100,7900]",3,-4.0,1,3,0,0,6,True
2025-2025041216gm-00a9-0000-3d010e8a-05-s0-d2,111,A,1,39,"[12300,26300,39100,22300]",4,-10.0,1,3,0,0,5,True
2025-2025041216gm-00a9-0000-3d010e8a-05-s0-d2,111,B,4,35,"[14700,20600,27400,37300]",4,-10.0,1,3,1,0,6,True
2025-2025041216gm-00a9-0000-3d010e8a-05-s0-d2,112,A,1,39,"[30800,39900,25100,4200]",2,4.0,1,3,0,0,5,True
2025-2025041216gm-00a9-0000-3d010e8a-05-s0-d2,112,B,4,35,"[30800,39900,25100,4200]",2,4.0,1,3,0,0,5,True
2025-2025041216gm-00a9-0000-3d010e8a-05-s0-d2,113,A,1,39,"[21400,32200,31500,14900]",3,-4.0,1,3,0,0,7,True
2025-2025041216gm-00a9-0000-3d010e8a-05-s0-d2,113,B,4,35,"[19900,33700,29000,17400]",3,-4.0,1,3,0,0,7,True
2025-2025041216gm-00a9-0000-3d010e8a-05-s0-d2,114,A,1,39,"[20700,40300,36800,2200]",3,-4.0,1,3,0,0,5,True
2025-2025041216gm-00a9-0000-3d010e8a-05-s0-d2,114,B,4,35,"[7700,19900,42500,29900]",4,-10.0,1,3,1,0,7,True
2025-2025041216gm-00a9-0000-3d010e8a-05-s0-d2,115,A,1,39,"[15300,22000,47800,14900]",3,-4.0,1,3,0,0,6,True
2025-2025041216gm-00a9-0000-3d010e8a-05-s0-d2,115,B,4,35,"[25400,24900,35300,14400]",2,4.0,1,3,0,0,5,True
2025-2025041216gm-00a9-0000-3d010e8a-05-s0-d2,116,A,1,39,"[2600,32900,33200,31300]",4,-10.0,1,3,0,0,6,True
2025-2025041216gm-00a9-0000-3d010e8a-05-s0-d2,116,B,4,35,"[26100,22500,37700,13700]",2,4.0,1,3,1,0,7,True
2025-2025041216gm-00a9-0000-3d010e8a-05-s0-d2,117,A,1,39,"[33000,2800,30800,33400]",2,4.0,1,3,0,0,8,True
2025-2025041216gm-00a9-0000-3d010e8a-05-s0-d2,117,B,4,35,"[33000,2800,30800,33400]",2,4.0,1,3,0,0,8,True
2025-2025041216gm-00a9-0000-3d010e8a-05-s0-d2,118,A,1,39,"[19500,31900,35300,13300]",3,-4.0,1,3,0,0,5,True
2025-2025041216gm-00a9-0000-3d010e8a-05-s0-d2,118,B,4,35,"[19500,31900,35300,13300]",3,-4.0,1,3,0,0,5,True
2025-2025041216gm-00a9-0000-3d010e8a-05-s0-d2,119,A,1,39,"[25100,16500,39500,18900]",2,4.0,1,3,0,0,7,True
2025-2025041216gm-00a9-0000-3d010e8a-05-s0-d2,119,B,4,35,"[25100,16500,39500,18900]",2,4.0,1,3,0,0,7,True
2025-2025041216gm-00a9-0000-3d010e8a-05-s0-d2,120,A,1,39,"[13100,27500,43500,15900]",4,-10.0,1,3,3,0,6,True
2025-2025041216gm-00a9-0000-3d010e8a-05-s0-d2,120,B,4,35,"[14300,31600,36200,17900]",4,-10.0,1,3,2,0,6,True
2025-2025041216gm-00a9-0000-3d010e8a-05-s0-d2,121,A,1,39,"[3700,35100,37800,23400]",4,-10.0,1,3,0,0,5,True
2025-2025041216gm-00a9-0000-3d010e8a-05-s0-d2,121,B,4,35,"[23500,30900,35300,10300]",3,-4.0,1,3,0,0,5,True
2025-2025041216gm-00a9-0000-3d010e8a-05-s0-d2,122,A,1,39,"[23100,21400,37400,18100]",2,4.0,1,3,0,0,5,True
2025-2025041216gm-00a9-0000-3d010e8a-05-s0-d2,122,B,4,35,"[10600,17200,73200,-1000]",3,-4.0,1,3,0,0,7,True
2025-2025041216gm-00a9-0000-3d010e8a-05-s0-d2,123,A,1,39,"[14900,28700,56700,-300]",3,-4.0,1,2,1,0,5,True
2025-2025041216gm-00a9-0000-3d010e8a-05-s0-d2,123,B,4,35,"[27000,28400,31200,13400]",3,-4.0,1,3,1,0,8,True
2025-2025041216gm-00a9-0000-3d010e8a-05-s0-d2,124,A,1,39,"[6600,29500,34200,29700]",4,-10.0,1,3,1,0,6,True
2025-2025041216gm-00a9-0000-3d010e8a-05-s0-d2,124,B,4,35,"[14000,22600,35700,27700]",4,-10.0,1,3,1,0,6,True
2025-2025041216gm-00a9-0000-3d010e8a-05-s0-d2,125,A,1,39,"[14700,37800,54800,-7300]",3,-4.0,1,2,1,0,7,True
2025-2025041216gm-00a9-0000-3d010e8a-05-s0-d2,125,B,4,35,"[21600,33900,33800,10700]",3,-4.0,1,3,0,0,9,True
2025-2025041216gm-00a9-0000-3d010e8a-05-s0-d2,126,A,1,39,"[33900,28700,39700,-2300]",2,4.0,0,3,0,0,1,True
2025-2025041216gm-00a9-0000-3d010e8a-05-s0-d2,126,B,4,35,"[39200,18400,33300,9100]",1,10.0,1,3,2,0,7,True
2025-2025041216gm-00a9-0000-3d010e8a-05-s0-d2,127,A,1,39,"[25300,27000,33600,14100]",3,-4.0,1,3,0,0,6,True
2025-2025041216gm-00a9-0000-3d010e8a-05-s0-d2,127,B,4,35,"[31200,14100,34800,19900]",2,4.0,1,3,1,0,6,True
2025-2025041216gm-00a9-0000-3d010e8a-05-s0-d2,128,A,1,39,"[15900,24500,56600,3000]",3,-4.0,1,3,0,0,6,True
2025-2025041216gm-00a9-0000-3d010e8a-05-s0-d2,128,B,4,35,"[11700,30000,48700,9600]",3,-4.0,1,3,1,0,6,True
2025-2025041216gm-00a9-0000-3d010e8a-05-s0-d2,129,A,1,39,"[39200,23400,27400,10000]",1,10.0,1,3,0,0,5,True
2025-2025041216gm-00a9-0000-3d010e8a-05-s0-d2,129,B,4,35,"[19100,32100,46700,2100]",3,-4.0,1,3,1,0,6,True
2025-2025041216gm-00a9-0000-3d010e8a-05-s0-d2,130,A,1,39,"[7900,27400,43600,21100]",4,-10.0,1,3,1,0,7,True
2025-2025041216gm-00a9-0000-3d010e8a-05-s0-d2,130,B,4,35,"[27200,28000,51400,-6600]",3,-4.0,1,3,0,0,6,True
2025-2025041216gm-00a9-0000-3d010e8a-05-s0-d2,131,A,1,39,"[25600,16900,50200,7300]",2,4.0,1,3,0,0,7,True
2025-2025041216gm-00a9-0000-3d010e8a-05-s0-d2,131,B,4,35,"[16600,24900,33000,25500]",4,-10.0,1,3,0,0,7,True
2025-2025041216gm-00a9-0000-3d010e8a-05-s0-d2,132,A,1,39,"[24100,32200,32700,11000]",3,-4.0,1,3,2,0,8,True
2025-2025041216gm-00a9-0000-3d010e8a-05-s0-d2,132,B,4,35,"[24100,32200,32700,11000]",3,-4.0,1,3,2,0,8,True
2025-2025041216gm-00a9-0000-3d010e8a-05-s0-d2,133,A,1,39,"[21900,12100,39700,26300]",3,-4.0,1,3,0,0,5,True
2025-2025041216gm-00a9-0000-3d010e8a-05-s0-d2,133,B,4,35,"[21900,12100,39700,26300]",3,-4.0,1,3,0,0,5,True
2025-2025041216gm-00a9-0000-3d010e8a-05-s0-d2,134,A,1,39,"[22800,27800,38100,11300]",3,-4.0,1,3,0,0,5,True
2025-2025041216gm-00a9-0000-3d010e8a-05-s0-d2,134,B,4,35,"[24400,30400,38700,6500]",3,-4.0,1,3,0,0,5,True
2025-2025041216gm-00a9-0000-3d010e8a-05-s0-d2,135,A,1,39,"[16600,32700,38000,12700]",3,-4.0,1,3,0,0,7,True
2025-2025041216gm-00a9-0000-3d010e8a-05-s0-d2,135,B,4,35,"[16600,32700,38000,12700]",3,-4.0,1,3,0,0,7,True
2025-2025041216gm-00a9-0000-3d010e8a-05-s0-d2,136,A,1,39,"[18800,38600,39200,3400]",3,-4.0,1,3,1,0,7,True
2025-2025041216gm-00a9-0000-3d010e8a-05-s0-d2,136,B,4,35,"[18800,38600,39200,3400]",3,-4.0,1,3,1,0,7,True
2025-2025041216gm-00a9-0000-3d010e8a-05-s0-d2,137,A,1,39,"[21700,25900,42400,10000]",3,-4.0,1,3,4,0,9,True
2025-2025041216gm-00a9-0000-3d010e8a-05-s0-d2,137,B,4,35,"[18400,43200,46500,-8100]",3,-4.0,1,0,1,0,3,True
2025-2025041216gm-00a9-0000-3d010e8a-05-s0-d2,138,A,1,39,"[32000,23100,29500,15400]",1,10.0,1,3,0,0,5,True
2025-2025041216gm-00a9-0000-3d010e8a-05-s0-d2,138,B,4,35,"[9700,42200,38500,9600]",3,-4.0,1,3,0,0,8,True
2025-2025041216gm-00a9-0000-3d010e8a-05-s0-d2,139,A,1,39,"[33900,28700,39700,-2300]",2,4.0,0,3,0,0,1,True
2025-2025041216gm-00a9-0000-3d010e8a-05-s0-d2,139,B,4,35,"[25100,10400,39000,25500]",3,-4.0,1,3,0,0,6,True
2025-2025041216gm-00a9-0000-3d010e8a-05-s0-d2,140,A,1,39,"[-7600,37800,38500,31300]",4,-10.0,1,3,1,0,6,True
2025-2025041216gm-00a9-0000-3d010e8a-05-s0-d2,140,B,4,35,"[-7600,37800,38500,31300]",4,-10.0,1,3,1,0,6,True
2025-2025041216gm-00a9-0000-3d010e8a-05-s0-d2,141,A,1,39,"[-3100,24800,43600,34700]",4,-10.0,1,0,0,0,3,True
2025-2025041216gm-00a9-0000-3d010e8a-05-s0-d2,141,B,4,35,"[27200,24400,36100,12300]",2,4.0,1,3,0,0,5,True
2025-2025041216gm-00a9-0000-3d010e8a-05-s0-d2,142,A,1,39,"[27600,22200,52400,-2200]",2,4.0,1,2,0,0,5,True
2025-2025041216gm-00a9-0000-3d010e8a-05-s0-d2,142,B,4,35,"[14300,28100,50900,6700]",3,-4.0,1,3,0,0,6,True
2025-2025041216gm-00a9-0000-3d010e8a-05-s0-d2,143,A,1,39,"[25900,35200,33900,5000]",3,-4.0,1,3,0,0,10,True
2025-2025041216gm-00a9-0000-3d010e8a-05-s0-d2,143,B,4,35,"[15400,28700,52600,3300]",3,-4.0,1,3,0,0,6,True
2025-2025041216gm-00a9-0000-3d010e8a-05-s0-d2,144,A,1,39,"[11100,27700,40700,20500]",4,-10.0,1,3,0,0,6,True
2025-2025041216gm-00a9-0000-3d010e8a-05-s0-d2,144,B,4,35,"[11100,27700,40700,20500]",4,-10.0,1,3,0,0,6,True
2025-2025041216gm-00a9-0000-3d010e8a-05-s0-d2,145,A,1,39,"[19900,34500,47100,-1500]",3,-4.0,1,1,0,0,6,True
2025-2025041216gm-00a9-0000-3d010e8a-05-s0-d2,145,B,4,35,"[11800,28800,51700,7700]",3,-4.0,1,3,2,0,7,True
2025-2025041216gm-00a9-0000-3d010e8a-05-s0-d2,146,A,1,39,"[23800,20100,33500,22600]",2,4.0,1,3,0,0,5,True
2025-2025041216gm-00a9-0000-3d010e8a-05-s0-d2,146,B,4,35,"[6100,40600,28200,25100]",4,-10.0,1,3,1,0,6,True
2025-2025041216gm-00a9-0000-3d010e8a-05-s0-d2,147,A,1,39,"[24100,19200,36400,20300]",2,4.0,1,3,0,0,5,True
2025-2025041216gm-00a9-0000-3d010e8a-05-s0-d2,147,B,4,35,"[18200,700,32900,48200]",3,-4.0,1,3,1,0,7,True
2025-2025041216gm-00a9-0000-3d010e8a-05-s0-d2,148,A,1,39,"[10000,14700,77900,-2600]",3,-4.0,1,2,1,0,8,True
2025-2025041216gm-00a9-0000-3d010e8a-05-s0-d2,148,B,4,35,"[15600,25200,52100,7100]",3,-4.0,1,3,0,0,7,True
2025-2025041216gm-00a9-0000-3d010e8a-05-s0-d2,149,A,1,39,"[16200,39200,46500,-1900]",3,-4.0,1,1,1,0,6,True
2025-2025041216gm-00a9-0000-3d010e8a-05-s0-d2,149,B,4,35,"[31000,27100,32700,9200]",2,4.0,1,3,1,0,10,True
2025-2025041216gm-00a9-0000-3d010e8a-05-s0-d2,150,A,1,39,"[11500,24700,49600,14200]",4,-10.0,1,3,0,0,5,True
2025-2025041216gm-00a9-0000-3d010e8a-05-s0-d2,150,B,4,35,"[11500,24700,49600,14200]",4,-10.0,1,3,0,0,5,True
2025-2025041216gm-00a9-0000-3d010e8a-05-s0-d2,151,A,1,39,"[28100,15600,48900,7400]",2,4.0,1,3,1,0,7,True
2025-2025041216gm-00a9-0000-3d010e8a-05-s0-d2,151,B,4,35,"[23800,33700,27900,14600]",3,-4.0,1,3,0,0,7,True
2025-2025041216gm-00a9-0000-3d010e8a-05-s0-d2,152,A,1,39,"[14300,47800,38300,-400]",3,-4.0,1,3,3,0,6,True
2025-2025041216gm-00a9-0000-3d010e8a-05-s0-d2,152,B,4,35,"[9100,19800,59100,12000]",4,-10.0,1,3,1,0,6,True
2025-2025041216gm-00a9-0000-3d010e8a-05-s0-d2,153,A,1,39,"[15400,20900,67000,-3300]",3,-4.0,1,2,0,0,5,True
2025-2025041216gm-00a9-0000-3d010e8a-05-s0-d2,153,B,4,35,"[16400,30600,28700,24300]",4,-10.0,1,3,0,0,5,True
2025-2025041216gm-00a9-0000-3d010e8a-05-s0-d2,154,A,1,39,"[21500,35500,27400,15600]",3,-4.0,1,3,0,0,8,True
2025-2025041216gm-00a9-0000-3d010e8a-05-s0-d2,154,B,4,35,"[16600,38300,41600,3500]",3,-4.0,1,3,3,0,7,True
2025-2025041216gm-00a9-0000-3d010e8a-05-s0-d2,155,A,1,39,"[8800,35400,46200,8600]",3,-4.0,1,3,0,1,6,True
2025-2025041216gm-00a9-0000-3d010e8a-05-s0-d2,155,B,4,35,"[8800,35400,46200,8600]",3,-4.0,1,3,0,1,6,True
2025-2025041216gm-00a9-0000-3d010e8a-05-s0-d2,156,A,1,39,"[3300,33600,43600,19500]",4,-10.0,1,3,0,0,5,True
2025-2025041216gm-00a9-0000-3d010e8a-05-s0-d2,156,B,4,35,"[3300,33600,43600,19500]",4,-10.0,1,3,0,0,5,True
2025-2025041216gm-00a9-0000-3d010e8a-05-s0-d2,157,A,1,39,"[26400,28700,31800,13100]",3,-4.0,2,0,1,0,8,True
2025-2025041216gm-00a9-0000-3d010e8a-05-s0-d2,157,B,4,35,"[29400,11500,33700,25400]",2,4.0,1,3,1,0,6,True
2025-2025041216gm-00a9-0000-3d010e8a-05-s0-d2,158,A,1,39,"[6200,41400,30700,21700]",4,-10.0,1,3,0,0,5,True
2025-2025041216gm-00a9-0000-3d010e8a-05-s0-d2,158,B,4,35,"[24400,34400,26700,14500]",3,-4.0,2,1,0,0,8,True
2025-2025041216gm-00a9-0000-3d010e8a-05-s0-d2,159,A,1,39,"[2500,19800,34300,42400]",4,-10.0,1,3,0,1,6,True
2025-2025041216gm-00a9-0000-3d010e8a-05-s0-d2,159,B,4,35,"[1300,26600,29800,42300]",4,-10.0,1,3,0,0,6,True
2025-2025041216gm-00a9-0000-3d010e8a-05-s0-d2,160,A,1,39,"[20900,37600,37700,3800]",3,-4.0,1,3,0,0,5,True
2025-2025041216gm-00a9-0000-3d010e8a-05-s0-d2,160,B,4,35,"[30900,26200,29700,13200]",1,10.0,1,3,0,0,5,True
2025-2025041216gm-00a9-0000-3d010e8a-05-s0-d2,161,A,1,39,"[14100,28500,40700,16700]",4,-10.0,1,3,1,0,6,True
2025-2025041216gm-00a9-0000-3d010e8a-05-s0-d2,161,B,4,35,"[15100,27500,40700,16700]",4,-10.0,1,3,1,0,6,True
2025-2025041216gm-00a9-0000-3d010e8a-05-s0-d2,162,A,1,39,"[28100,17500,44700,9700]",2,4.0,1,3,2,0,6,True
2025-2025041216gm-00a9-0000-3d010e8a-05-s0-d2,162,B,4,35,"[28100,17500,44700,9700]",2,4.0,1,3,2,0,6,True
2025-2025041216gm-00a9-0000-3d010e8a-05-s0-d2,163,A,1,39,"[39200,16800,32300,11700]",1,10.0,1,3,0,0,7,True
2025-2025041216gm-00a9-0000-3d010e8a-05-s0-d2,163,B,4,35,"[14200,55200,37300,-6700]",3,-4.0,1,1,0,0,3,True
2025-2025041216gm-00a9-0000-3d010e8a-05-s0-d2,164,A,1,39,"[16200,19800,39300,24700]",4,-10.0,1,3,0,0,5,True
2025-2025041216gm-00a9-0000-3d010e8a-05-s0-d2,164,B,4,35,"[16200,19800,39300,24700]",4,-10.0,1,3,0,0,5,True
2025-2025041216gm-00a9-0000-3d010e8a-05-s0-d2,165,A,1,39,"[14700,45200,28100,12000]",3,-4.0,1,3,0,0,5,True
2025-2025041216gm-00a9-0000-3d010e8a-05-s0-d2,165,B,4,35,"[14700,45200,28100,12000]",3,-4.0,1,3,0,0,5,True
2025-2025041216gm-00a9-0000-3d010e8a-05-s0-d2,166,A,1,39,"[15900,20900,43300,19900]",4,-10.0,1,3,0,0,6,True
2025-2025041216gm-00a9-0000-3d010e8a-05-s0-d2,166,B,4,35,"[31900,21200,39000,7900]",2,4.0,1,3,1,0,8,True
2025-2025041216gm-00a9-0000-3d010e8a-05-s0-d2,167,A,1,39,"[20500,32300,27700,19500]",3,-4.0,2,1,0,0,9,True
2025-2025041216gm-00a9-0000-3d010e8a-05-s0-d2,167,B,4,35,"[13000,28100,36700,22200]",4,-10.0,1,3,0,0,7,True
2025-2025041216gm-00a9-0000-3d010e8a-05-s0-d2,168,A,1,39,"[3500,22500,36200,37800]",4,-10.0,1,3,0,0,7,True
2025-2025041216gm-00a9-0000-3d010e8a-05-s0-d2,168,B,4,35,"[35900,19500,27200,17400]",1,10.0,1,3,0,0,6,True
2025-2025041216gm-00a9-0000-3d010e8a-05-s0-d2,169,A,1,39,"[31500,22100,50000,-3600]",2,4.0,1,1,1,0,6,True
2025-2025041216gm-00a9-0000-3d010e8a-05-s0-d2,169,B,4,35,"[18600,37800,38000,5600]",3,-4.0,1,3,0,0,6,True
2025-2025041216gm-00a9-0000-3d010e8a-05-s0-d2,170,A,1,39,"[19900,11600,28400,40100]",3,-4.0,1,3,0,0,7,True
2025-2025041216gm-00a9-0000-3d010e8a-05-s0-d2,170,B,4,35,"[24500,41700,27600,6200]",3,-4.0,1,3,0,0,7,True
2025-2025041216gm-00a9-0000-3d010e8a-05-s0-d2,171,A,1,39,"[11500,29700,38500,20300]",4,-10.0,1,3,1,0,6,True
2025-2025041216gm-00a9-0000-3d010e8a-05-s0-d2,171,B,4,35,"[-6900,28200,58100,20600]",4,-10.0,1,2,0,0,4,True
2025-2025041216gm-00a9-0000-3d010e8a-05-s0-d2,172,A,1,39,"[31300,32800,36300,-400]",3,-4.0,1,1,1,0,4,True
2025-2025041216gm-00a9-0000-3d010e8a-05-s0-d2,172,B,4,35,"[42400,11600,18200,27800]",1,10.0,1,3,1,0,7,True
2025-2025041216gm-00a9-0000-3d010e8a-05-s0-d2,173,A,1,39,"[6800,20000,67300,5900]",3,-4.0,1,3,0,0,5,True
2025-2025041216gm-00a9-0000-3d010e8a-05-s0-d2,173,B,4,35,"[6800,20000,67300,5900]",3,-4.0,1,3,0,0,5,True
2025-2025041216gm-00a9-0000-3d010e8a-05-s0-d2,174,A,1,39,"[17100,45700,30000,7200]",3,-4.0,1,3,1,0,5,True
2025-2025041216gm-00a9-0000-3d010e8a-05-s0-d2,174,B,4,35,"[41500,22400,32900,3200]",1,10.0,1,3,0,0,6,True
2025-2025041216gm-00a9-0000-3d010e8a-05-s0-d2,175,A,1,39,"[9500,35500,34600,20400]",4,-10.0,1,3,1,0,6,True
2025-2025041216gm-00a9-0000-3d010e8a-05-s0-d2,175,B,4,35,"[19300,39200,27300,14200]",3,-4.0,1,3,0,0,6,True
2025-2025041216gm-00a9-0000-3d010e8a-05-s0-d2,176,A,1,39,"[32200,23800,37600,6400]",2,4.0,1,3,0,0,6,True
2025-2025041216gm-00a9-0000-3d010e8a-05-s0-d2,176,B,4,35,"[12500,41600,34800,11100]",3,-4.0,1,3,0,0,5,True
2025-2025041216gm-00a9-0000-3d010e8a-05-s0-d2,177,A,1,39,"[39500,22100,40400,-2000]",2,4.0,1,0,2,0,4,True
2025-2025041216gm-00a9-0000-3d010e8a-05-s0-d2,177,B,4,35,"[-800,31200,40000,29600]",4,-10.0,1,3,1,0,7,True
2025-2025041216gm-00a9-0000-3d010e8a-05-s0-d2,178,A,1,39,"[3800,23000,51300,21900]",4,-10.0,1,3,0,0,5,True
2025-2025041216gm-00a9-0000-3d010e8a-05-s0-d2,178,B,4,35,"[5500,8600,49100,35800]",4,-10.0,1,3,1,1,6,True
2025-2025041216gm-00a9-0000-3d010e8a-05-s0-d2,179,A,1,39,"[28900,-5200,39700,36600]",3,-4.0,0,3,1,0,2,True
2025-2025041216gm-00a9-0000-3d010e8a-05-s0-d2,179,B,4,35,"[24500,27400,38500,9600]",3,-4.0,1,3,2,0,7,True
2025-2025041216gm-00a9-0000-3d010e8a-05-s0-d2,180,A,1,39,"[23200,25500,32500,18800]",3,-4.0,1,3,0,0,7,True
2025-2025041216gm-00a9-0000-3d010e8a-05-s0-d2,180,B,4,35,"[18500,17200,34400,28900]",3,-4.0,1,3,1,1,10,True
2025-2025041216gm-00a9-0000-3d010e8a-05-s0-d2,181,A,1,39,"[32500,-2800,54300,16000]",2,4.0,1,2,2,0,8,True
2025-2025041216gm-00a9-0000-3d010e8a-05-s0-d2,181,B,4,35,"[18900,19800,28700,32600]",4,-10.0,1,3,0,0,5,True
2025-2025041216gm-00a9-0000-3d010e8a-05-s0-d2,182,A,1,39,"[11300,35300,42800,10600]",3,-4.0,1,3,1,0,6,True
2025-2025041216gm-00a9-0000-3d010e8a-05-s0-d2,182,B,4,35,"[16400,36400,48700,-1500]",3,-4.0,1,3,1,0,5,True
2025-2025041216gm-00a9-0000-3d010e8a-05-s0-d2,183,A,1,39,"[14900,24000,49700,11400]",3,-4.0,1,3,0,0,5,True
2025-2025041216gm-00a9-0000-3d010e8a-05-s0-d2,183,B,4,35,"[21900,35400,47700,-5000]",3,-4.0,1,1,0,0,3,True
2025-2025041216gm-00a9-0000-3d010e8a-05-s0-d2,184,A,1,39,"[8800,41300,50000,-100]",3,-4.0,1,1,1,0,4,True
2025-2025041216gm-00a9-0000-3d010e8a-05-s0-d2,184,B,4,35,"[17100,40300,46300,-3700]",3,-4.0,1,1,2,0,5,True
2025-2025041216gm-00a9-0000-3d010e8a-05-s0-d2,185,A,1,39,"[13600,16700,48300,21400]",4,-10.0,1,3,2,0,9,True
2025-2025041216gm-00a9-0000-3d010e8a-05-s0-d2,185,B,4,35,"[35300,-4700,43100,26300]",2,4.0,1,3,0,0,6,True
2025-2025041216gm-00a9-0000-3d010e8a-05-s0-d2,186,A,1,39,"[44200,17900,41600,-3700]",1,10.0,1,3,0,0,6,True
2025-2025041216gm-00a9-0000-3d010e8a-05-s0-d2,186,B,4,35,"[34600,30100,27000,8300]",1,10.0,1,3,1,0,7,True
2025-2025041216gm-00a9-0000-3d010e8a-05-s0-d2,187,A,1,39,"[19800,13100,49400,17700]",2,4.0,1,3,1,0,9,True
2025-2025041216gm-00a9-0000-3d010e8a-05-s0-d2,187,B,4,35,"[19800,13100,49400,17700]",2,4.0,1,3,1,0,9,True
2025-2025041216gm-00a9-0000-3d010e8a-05-s0-d2,188,A,1,39,"[18100,26600,42300,13000]",3,-4.0,1,3,2,0,9,True
2025-2025041216gm-00a9-0000-3d010e8a-05-s0-d2,188,B,4,35,"[19900,24700,35300,20100]",4,-10.0,2,0,0,0,9,True
2025-2025041216gm-00a9-0000-3d010e8a-05-s0-d2,189,A,1,39,"[14400,32500,33300,19800]",4,-10.0,1,3,0,0,6,True
2025-2025041216gm-00a9-0000-3d010e8a-05-s0-d2,189,B,4,35,"[15600,31900,33800,18700]",4,-10.0,1,3,0,0,6,True
2025-2025041216gm-00a9-0000-3d010e8a-05-s0-d2,190,A,1,39,"[4900,40200,45500,9400]",4,-10.0,1,3,0,0,5,True
2025-2025041216gm-00a9-0000-3d010e8a-05-s0-d2,190,B,4,35,"[6600,39200,41900,12300]",4,-10.0,1,3,0,0,5,True
2025-2025041216gm-00a9-0000-3d010e8a-05-s0-d2,191,A,1,39,"[18500,32200,20200,29100]",4,-10.0,1,3,0,0,6,True
2025-2025041216gm-00a9-0000-3d010e8a-05-s0-d2,191,B,4,35,"[9600,37200,26400,26800]",4,-10.0,1,3,0,0,6,True
2025-2025041216gm-00a9-0000-3d010e8a-05-s0-d2,192,A,1,39,"[42900,28100,20700,8300]",1,10.0,1,3,0,0,6,True
2025-2025041216gm-00a9-0000-3d010e8a-05-s0-d2,192,B,4,35,"[25400,39000,35800,-200]",3,-4.0,1,2,0,0,4,True
2025-2025041216gm-00a9-0000-3d010e8a-05-s0-d2,193,A,1,39,"[23300,29500,41200,5000]",3,-4.0,1,3,0,1,5,True
2025-2025041216gm-00a9-0000-3d010e8a-05-s0-d2,193,B,4,35,"[32300,19300,40200,8200]",2,4.0,1,3,0,0,5,True
2025-2025041216gm-00a9-0000-3d010e8a-05-s0-d2,194,A,1,39,"[9500,2900,50900,36700]",3,-4.0,1,3,4,0,10,True
2025-2025041216gm-00a9-0000-3d010e8a-05-s0-d2,194,B,4,35,"[9500,2900,50900,36700]",3,-4.0,1,3,4,0,10,True
2025-2025041216gm-00a9-0000-3d010e8a-05-s0-d2,195,A,1,39,"[12800,49200,32500,5500]",3,-4.0,1,3,0,0,9,True
2025-2025041216gm-00a9-0000-3d010e8a-05-s0-d2,195,B,4,35,"[19800,19000,41100,20100]",3,-4.0,1,3,1,0,6,True
2025-2025041216gm-00a9-0000-3d010e8a-05-s0-d2,196,A,1,39,"[27800,19100,39300,13800]",2,4.0,1,3,0,0,5,True
2025-2025041216gm-00a9-0000-3d010e8a-05-s0-d2,196,B,4,35,"[18400,12200,52000,17400]",2,4.0,1,3,0,0,5,True
2025-2025041216gm-00a9-0000-3d010e8a-05-s0-d2,197,A,1,39,"[27400,21600,37400,13600]",2,4.0,1,3,1,0,7,True
2025-2025041216gm-00a9-0000-3d010e8a-05-s0-d2,197,B,4,35,"[22900,38900,40300,-2100]",3,-4.0,1,2,0,0,5,True
2025-2025041216gm-00a9-0000-3d010e8a-05-s0-d2,198,A,1,39,"[33400,26700,51900,-12000]",2,4.0,1,1,1,0,6,True
2025-2025041216gm-00a9-0000-3d010e8a-05-s0-d2,198,B,4,35,"[30100,19100,25300,25500]",1,10.0,2,1,1,0,10,True
2025-2025041216gm-00a9-0000-3d010e8a-05-s0-d2,199,A,1,39,"[22200,20900,39000,17900]",2,4.0,1,3,0,0,7,True
2025-2025041216gm-00a9-0000-3d010e8a-05-s0-d2,199,B,4,35,"[22100,25000,44500,8400]",3,-4.0,1,3,0,0,7,True
2025-2025041216gm-00a9-0000-3d010e8a-05-s0-d2,200,A,1,39,"[5900,17500,52900,23700]",4,-10.0,1,3,0,0,5,True
2025-2025041216gm-00a9-0000-3d010e8a-05-s0-d2,200,B,4,35,"[5900,17500,52900,23700]",4,-10.0,1,3,0,0,5,True
2025-2025041216gm-00a9-0000-3d010e8a-05-s0-d2,201,A,1,39,"[26300,28800,35100,9800]",3,-4.0,2,3,1,0,12,True
2025-2025041216gm-00a9-0000-3d010e8a-05-s0-d2,201,B,4,35,"[3600,40100,50200,6100]",4,-10.0,1,3,0,0,5,True
2025-2025041216gm-00a9-0000-3d010e8a-05-s0-d2,202,A,1,39,"[-5700,45400,48000,12300]",4,-10.0,1,1,2,0,5,True
2025-2025041216gm-00a9-0000-3d010e8a-05-s0-d2,202,B,4,35,"[15100,35100,33200,16600]",4,-10.0,1,3,1,0,8,True
2025-2025041216gm-00a9-0000-3d010e8a-05-s0-d2,203,A,1,39,"[1300,31700,21800,45200]",4,-10.0,1,3,0,0,10,True
2025-2025041216gm-00a9-0000-3d010e8a-05-s0-d2,203,B,4,35,"[1300,31700,21800,45200]",4,-10.0,1,3,0,0,10,True
2025-2025041216gm-00a9-0000-3d010e8a-05-s0-d2,204,A,1,39,"[19200,26700,38500,15600]",3,-4.0,1,3,2,0,7,True
2025-2025041216gm-00a9-0000-3d010e8a-05-s0-d2,204,B,4,35,"[34700,30900,17900,16500]",1,10.0,1,3,0,0,9,True
2025-2025041216gm-00a9-0000-3d010e8a-05-s0-d2,205,A,1,39,"[20300,16700,33500,29500]",3,-4.0,1,3,1,0,8,True
2025-2025041216gm-00a9-0000-3d010e8a-05-s0-d2,205,B,4,35,"[15600,27500,47300,9600]",3,-4.0,1,3,0,0,7,True
2025-2025041216gm-00a9-0000-3d010e8a-05-s0-d2,206,A,1,39,"[14800,40100,34700,10400]",3,-4.0,1,3,0,0,7,True
2025-2025041216gm-00a9-0000-3d010e8a-05-s0-d2,206,B,4,35,"[10000,29700,39500,20800]",4,-10.0,1,3,3,0,7,True
2025-2025041216gm-00a9-0000-3d010e8a-05-s0-d2,207,A,1,39,"[14000,45500,43100,-2600]",3,-4.0,1,2,1,0,8,True
2025-2025041216gm-00a9-0000-3d010e8a-05-s0-d2,207,B,4,35,"[32000,34000,35700,-1700]",3,-4.0,1,0,1,0,4,True
2025-2025041216gm-00a9-0000-3d010e8a-05-s0-d2,208,A,1,39,"[21600,21900,42900,13600]",3,-4.0,1,3,0,0,8,True
2025-2025041216gm-00a9-0000-3d010e8a-05-s0-d2,208,B,4,35,"[21600,21900,42900,13600]",3,-4.0,1,3,0,0,8,True
2025-2025041216gm-00a9-0000-3d010e8a-05-s0-d2,209,A,1,39,"[8100,48400,35200,8300]",4,-10.0,1,3,0,0,5,True
2025-2025041216gm-00a9-0000-3d010e8a-05-s0-d2,209,B,4,35,"[8100,48400,35200,8300]",4,-10.0,1,3,0,0,5,True
2025-2025041216gm-00a9-0000-3d010e8a-05-s0-d2,210,A,1,39,"[50600,21200,33100,-4900]",1,10.0,1,3,0,0,7,True
2025-2025041216gm-00a9-0000-3d010e8a-05-s0-d2,210,B,4,35,"[32200,28800,34200,4800]",2,4.0,1,3,0,0,8,True
2025-2025041216gm-00a9-0000-3d010e8a-05-s0-d2,211,A,1,39,"[23100,4800,36000,36100]",3,-4.0,1,3,1,0,9,True
2025-2025041216gm-00a9-0000-3d010e8a-05-s0-d2,211,B,4,35,"[900,27400,29500,42200]",4,-10.0,1,3,1,0,8,True
2025-2025041216gm-00a9-0000-3d010e8a-05-s0-d2,212,A,1,39,"[49400,20200,26800,3600]",1,10.0,1,3,0,0,6,True
2025-2025041216gm-00a9-0000-3d010e8a-05-s0-d2,212,B,4,35,"[28700,15900,46200,9200]",2,4.0,1,3,1,0,9,True
2025-2025041216gm-00a9-0000-3d010e8a-05-s0-d2,213,A,1,39,"[17900,37800,39600,4700]",3,-4.0,1,3,0,0,5,True
2025-2025041216gm-00a9-0000-3d010e8a-05-s0-d2,213,B,4,35,"[18400,38500,34400,8700]",3,-4.0,1,3,0,0,5,True
2025-2025041216gm-00a9-0000-3d010e8a-05-s0-d2,214,A,1,39,"[28100,19000,41500,11400]",2,4.0,1,3,0,0,6,True
2025-2025041216gm-00a9-0000-3d010e8a-05-s0-d2,214,B,4,35,"[28100,19000,41500,11400]",2,4.0,1,3,0,0,6,True
2025-2025041216gm-00a9-0000-3d010e8a-05-s0-d2,215,A,1,39,"[16100,31900,33300,18700]",4,-10.0,1,3,1,0,7,True
2025-2025041216gm-00a9-0000-3d010e8a-05-s0-d2,215,B,4,35,"[15400,29300,49700,5600]",3,-4.0,1,3,1,0,8,True
2025-2025041216gm-00a9-0000-3d010e8a-05-s0-d2,216,A,1,39,"[8700,27000,47800,16500]",4,-10.0,1,3,1,0,6,True
2025-2025041216gm-00a9-0000-3d010e8a-05-s0-d2,216,B,4,35,"[33800,12400,28000,25800]",1,10.0,1,3,0,0,7,True
2025-2025041216gm-00a9-0000-3d010e8a-05-s0-d2,217,A,1,39,"[15300,36500,51000,-2800]",3,-4.0,1,1,1,0,4,True
2025-2025041216gm-00a9-0000-3d010e8a-05-s0-d2,217,B,4,35,"[15300,36500,51000,-2800]",3,-4.0,1,1,1,0,4,True
2025-2025041216gm-00a9-0000-3d010e8a-05-s0-d2,218,A,1,39,"[21900,26700,52700,-1300]",3,-4.0,1,0,0,0,2,True
2025-2025041216gm-00a9-0000-3d010e8a-05-s0-d2,218,B,4,35,"[27000,27400,46800,-1200]",3,-4.0,1,0,1,0,3,True
2025-2025041216gm-00a9-0000-3d010e8a-05-s0-d2,219,A,1,39,"[28900,27900,39700,3500]",2,4.0,1,3,4,0,6,True
2025-2025041216gm-00a9-0000-3d010e8a-05-s0-d2,219,B,4,35,"[20600,23900,34200,21300]",4,-10.0,2,0,0,0,8,True
2025-2025041216gm-00a9-0000-3d010e8a-05-s0-d2,220,A,1,39,"[13300,36700,20600,29400]",4,-10.0,1,3,1,0,11,True
2025-2025041216gm-00a9-0000-3d010e8a-05-s0-d2,220,B,4,35,"[13300,36700,20600,29400]",4,-10.0,1,3,1,0,11,True
2025-2025041216gm-00a9-0000-3d010e8a-05-s0-d2,221,A,1,39,"[33800,27700,46100,-7600]",2,4.0,1,0,1,0,3,True
2025-2025041216gm-00a9-0000-3d010e8a-05-s0-d2,221,B,4,35,"[32700,17000,38100,12200]",2,4.0,1,3,0,0,7,True
2025-2025041216gm-00a9-0000-3d010e8a-05-s0-d2,222,A,1,39,"[25000,22400,39700,12900]",2,4.0,1,3,0,0,7,True
2025-2025041216gm-00a9-0000-3d010e8a-05-s0-d2,222,B,4,35,"[16500,29200,34300,20000]",4,-10.0,1,3,1,0,6,True
2025-2025041216gm-00a9-0000-3d010e8a-05-s0-d2,223,A,1,39,"[16500,22800,31000,29700]",4,-10.0,1,3,0,0,6,True
2025-2025041216gm-00a9-0000-3d010e8a-05-s0-d2,223,B,4,35,"[16500,22800,31000,29700]",4,-10.0,1,3,0,0,6,True
2025-2025041216gm-00a9-0000-3d010e8a-05-s0-d2,224,A,1,39,"[10000,25900,55100,9000]",3,-4.0,1,3,2,0,8,True
2025-2025041216gm-00a9-0000-3d010e8a-05-s0-d2,224,B,4,35,"[-2800,31100,39300,32400]",4,-10.0,1,3,0,0,5,True
2025-2025041216gm-00a9-0000-3d010e8a-05-s0-d2,225,A,1,39,"[13200,22100,53000,11700]",3,-4.0,1,3,0,0,6,True
2025-2025041216gm-00a9-0000-3d010e8a-05-s0-d2,225,B,4,35,"[9700,36600,42000,11700]",4,-10.0,1,3,1,0,8,True
2025-2025041216gm-00a9-0000-3d010e8a-05-s0-d2,226,A,1,39,"[2800,22500,43100,31600]",4,-10.0,1,3,1,0,7,True
2025-2025041216gm-00a9-0000-3d010e8a-05-s0-d2,226,B,4,35,"[2800,22500,43100,31600]",4,-10.0,1,3,1,0,7,True
2025-2025041216gm-00a9-0000-3d010e8a-05-s0-d2,227,A,1,39,"[12600,16300,41700,29400]",4,-10.0,1,3,1,0,8,True
2025-2025041216gm-00a9-0000-3d010e8a-05-s0-d2,227,B,4,35,"[21100,15500,53700,9700]",2,4.0,1,3,0,0,5,True
2025-2025041216gm-00a9-0000-3d010e8a-05-s0-d2,228,A,1,39,"[35900,21700,42700,-300]",2,4.0,1,0,0,0,2,True
2025-2025041216gm-00a9-0000-3d010e8a-05-s0-d2,228,B,4,35,"[35900,21700,42700,-300]",2,4.0,1,0,0,0,2,True
2025-2025041216gm-00a9-0000-3d010e8a-05-s0-d2,229,A,1,39,"[-700,32200,68300,200]",4,-10.0,1,2,0,0,5,True
2025-2025041216gm-00a9-0000-3d010e8a-05-s0-d2,229,B,4,35,"[18100,28200,47600,6100]",3,-4.0,1,3,0,0,7,True
2025-2025041216gm-00a9-0000-3d010e8a-05-s0-d2,230,A,1,39,"[21200,18400,33600,26800]",3,-4.0,1,3,0,0,5,True
2025-2025041216gm-00a9-0000-3d010e8a-05-s0-d2,230,B,4,35,"[9600,29400,32200,28800]",4,-10.0,1,3,1,0,6,True
2025-2025041216gm-00a9-0000-3d010e8a-05-s0-d2,231,A,1,39,"[30400,14700,39000,15900]",2,4.0,1,3,0,0,6,True
2025-2025041216gm-00a9-0000-3d010e8a-05-s0-d2,231,B,4,35,"[30400,14700,39000,15900]",2,4.0,1,3,0,0,6,True
2025-2025041216gm-00a9-0000-3d010e8a-05-s0-d2,232,A,1,39,"[17900,31200,34800,16100]",3,-4.0,1,3,1,0,8,True
2025-2025041216gm-00a9-0000-3d010e8a-05-s0-d2,232,B,4,35,"[12200,36200,43200,8400]",3,-4.0,1,3,0,0,7,True
2025-2025041216gm-00a9-0000-3d010e8a-05-s0-d2,233,A,1,39,"[16600,40000,43900,-500]",3,-4.0,1,0,1,0,4,True
2025-2025041216gm-00a9-0000-3d010e8a-05-s0-d2,233,B,4,35,"[-2400,37000,39700,25700]",4,-10.0,0,3,1,0,2,True
2025-2025041216gm-00a9-0000-3d010e8a-05-s0-d2,234,A,1,39,"[17500,32000,35800,14700]",3,-4.0,1,3,0,0,7,True
2025-2025041216gm-00a9-0000-3d010e8a-05-s0-d2,234,B,4,35,"[31100,19700,37500,11700]",2,4.0,1,3,0,0,7,True
2025-2025041216gm-00a9-0000-3d010e8a-05-s0-d2,235,A,1,39,"[12500,37400,40700,9400]",3,-4.0,1,3,0,0,5,True
2025-2025041216gm-00a9-0000-3d010e8a-05-s0-d2,235,B,4,35,"[-7600,25700,69200,12700]",4,-10.0,1,2,2,0,6,True
2025-2025041216gm-00a9-0000-3d010e8a-05-s0-d2,236,A,1,39,"[23900,25700,40900,9500]",3,-4.0,1,3,0,0,7,True
2025-2025041216gm-00a9-0000-3d010e8a-05-s0-d2,236,B,4,35,"[23900,25700,40900,9500]",3,-4.0,1,3,0,0,7,True
2025-2025041216gm-00a9-0000-3d010e8a-05-s0-d2,237,A,1,39,"[10400,31700,34700,23200]",4,-10.0,1,3,0,0,6,True
2025-2025041216gm-00a9-0000-3d010e8a-05-s0-d2,237,B,4,35,"[22700,37700,39700,-100]",3,-4.0,1,0,0,0,2,True
2025-2025041216gm-00a9-0000-3d010e8a-05-s0-d2,238,A,1,39,"[8300,37100,37500,16100]",4,-10.0,1,3,0,1,6,True
2025-2025041216gm-00a9-0000-3d010e8a-05-s0-d2,238,B,4,35,"[8300,37100,37500,16100]",4,-10.0,1,3,0,1,6,True
2025-2025041216gm-00a9-0000-3d010e8a-05-s0-d2,239,A,1,39,"[23900,25000,36700,14400]",3,-4.0,1,3,0,0,5,True
2025-2025041216gm-00a9-0000-3d010e8a-05-s0-d2,239,B,4,35,"[23900,25000,36700,14400]",3,-4.0,1,3,0,0,5,True
2025-2025041216gm-00a9-0000-3d010e8a-05-s0-d2,240,A,1,39,"[23400,7100,34700,34800]",3,-4.0,1,3,0,0,8,True
2025-2025041216gm-00a9-0000-3d010e8a-05-s0-d2,240,B,4,35,"[24900,23800,19900,31400]",2,4.0,1,3,0,0,6,True
2025-2025041216gm-00a9-0000-3d010e8a-05-s0-d2,241,A,1,39,"[11800,45200,37500,5500]",3,-4.0,1,3,1,0,12,True
2025-2025041216gm-00a9-0000-3d010e8a-05-s0-d2,241,B,4,35,"[16900,30300,41700,11100]",3,-4.0,1,3,2,0,5,True
2025-2025041216gm-00a9-0000-3d010e8a-05-s0-d2,242,A,1,39,"[8600,48200,33900,9300]",4,-10.0,1,3,0,0,6,True
2025-2025041216gm-00a9-0000-3d010e8a-05-s0-d2,242,B,4,35,"[8300,38500,32100,21100]",4,-10.0,1,3,1,0,7,True
2025-2025041216gm-00a9-0000-3d010e8a-05-s0-d2,243,A,1,39,"[32600,24200,25700,17500]",1,10.0,1,3,1,0,6,True
2025-2025041216gm-00a9-0000-3d010e8a-05-s0-d2,243,B,4,35,"[32600,24200,25700,17500]",1,10.0,1,3,1,0,6,True
2025-2025041216gm-00a9-0000-3d010e8a-05-s0-d2,244,A,1,39,"[24100,17300,41600,17000]",2,4.0,1,3,0,0,7,True
2025-2025041216gm-00a9-0000-3d010e8a-05-s0-d2,244,B,4,35,"[28700,14400,37700,19200]",2,4.0,1,3,0,0,7,True
2025-2025041216gm-00a9-0000-3d010e8a-05-s0-d2,245,A,1,39,"[7400,15400,43800,33400]",4,-10.0,1,3,1,0,7,True
2025-2025041216gm-00a9-0000-3d010e8a-05-s0-d2,245,B,4,35,"[29900,32900,39200,-2000]",3,-4.0,1,3,0,0,8,True
2025-2025041216gm-00a9-0000-3d010e8a-05-s0-d2,246,A,1,39,"[14500,40000,31100,14400]",3,-4.0,1,3,1,0,6,True
2025-2025041216gm-00a9-0000-3d010e8a-05-s0-d2,246,B,4,35,"[20600,24700,44900,9800]",3,-4.0,1,3,2,0,6,True
2025-2025041216gm-00a9-0000-3d010e8a-05-s0-d2,247,A,1,39,"[-2100,23100,53000,26000]",4,-10.0,1,0,1,0,5,True
2025-2025041216gm-00a9-0000-3d010e8a-05-s0-d2,247,B,4,35,"[-2100,23100,53000,26000]",4,-10.0,1,0,1,0,5,True
2025-2025041216gm-00a9-0000-3d010e8a-05-s0-d2,248,A,1,39,"[8300,36200,34900,20600]",4,-10.0,1,3,1,0,8,True
2025-2025041216gm-00a9-0000-3d010e8a-05-s0-d2,248,B,4,35,"[8300,36200,34900,20600]",4,-10.0,1,3,1,0,8,True
2025-2025041216gm-00a9-0000-3d010e8a-05-s0-d2,249,A,1,39,"[25100,18200,20000,36700]",2,4.0,1,3,0,0,7,True
2025-2025041216gm-00a9-0000-3d010e8a-05-s0-d2,249,B,4,35,"[18400,17600,35400,28600]",3,-4.0,1,3,0,0,6,True
2025-2025041216gm-00a9-0000-3d010e8a-05-s0-d2,250,A,1,39,"[-7500,48700,45400,13400]",4,-10.0,1,2,1,0,7,True
2025-2025041216gm-00a9-0000-3d010e8a-05-s0-d2,250,B,4,35,"[-7500,48700,45400,13400]",4,-10.0,1,2,1,0,7,True
2025-2025041216gm-00a9-0000-3d010e8a-05-s0-d2,251,A,1,39,"[23700,20800,30300,25200]",3,-4.0,1,3,2,0,6,True
2025-2025041216gm-00a9-0000-3d010e8a-05-s0-d2,251,B,4,35,"[40400,31300,36400,-8100]",1,10.0,1,3,1,0,5,True
2025-2025041216gm-00a9-0000-3d010e8a-05-s0-d2,252,A,1,39,"[15000,22200,51800,11000]",3,-4.0,1,3,2,0,6,True
2025-2025041216gm-00a9-0000-3d010e8a-05-s0-d2,252,B,4,35,"[15000,22200,51800,11000]",3,-4.0,1,3,2,0,6,True
2025-2025041216gm-00a9-0000-3d010e8a-05-s0-d2,253,A,1,39,"[25100,29900,35700,9300]",3,-4.0,1,3,0,0,6,True
2025-2025041216gm-00a9-0000-3d010e8a-05-s0-d2,253,B,4,35,"[19000,27800,43800,9400]",3,-4.0,1,3,0,0,5,True
2025-2025041216gm-00a9-0000-3d010e8a-05-s0-d2,254,A,1,39,"[22400,15600,48100,13900]",2,4.0,1,3,0,0,6,True
2025-2025041216gm-00a9-0000-3d010e8a-05-s0-d2,254,B,4,35,"[22400,15600,48100,13900]",2,4.0,1,3,0,0,6,True
2025-2025041216gm-00a9-0000-3d010e8a-05-s0-d2,255,A,1,39,"[38100,20700,30400,10800]",1,10.0,1,3,4,0,8,True
2025-2025041216gm-00a9-0000-3d010e8a-05-s0-d2,255,B,4,35,"[25300,21200,41500,12000]",2,4.0,1,3,0,0,6,True
2025-2025041311gm-00a9-0000-5f819544-02-s3-d14,0,A,1,37,"[24000,37700,23300,15000]",4,-10.0,1,3,0,0,8,True
2025-2025041311gm-00a9-0000-5f819544-02-s3-d14,0,B,2,7,"[23900,-7800,32100,51800]",1,10.0,1,3,0,0,7,True
2025-2025041311gm-00a9-0000-5f819544-02-s3-d14,1,A,1,37,"[27100,21000,45500,6400]",4,-10.0,1,3,2,0,9,True
2025-2025041311gm-00a9-0000-5f819544-02-s3-d14,1,B,2,7,"[27100,21000,45500,6400]",4,-10.0,1,3,2,0,9,True
2025-2025041311gm-00a9-0000-5f819544-02-s3-d14,2,A,1,37,"[11300,29400,18900,40400]",1,10.0,1,3,0,0,8,True
2025-2025041311gm-00a9-0000-5f819544-02-s3-d14,2,B,2,7,"[11300,29400,18900,40400]",1,10.0,1,3,0,0,8,True
2025-2025041311gm-00a9-0000-5f819544-02-s3-d14,3,A,1,37,"[18300,36500,27000,18200]",4,-10.0,1,3,0,0,6,True
2025-2025041311gm-00a9-0000-5f819544-02-s3-d14,3,B,2,7,"[18300,36500,27000,18200]",4,-10.0,1,3,0,0,6,True
2025-2025041311gm-00a9-0000-5f819544-02-s3-d14,4,A,1,37,"[24000,20400,24200,31400]",1,10.0,1,3,0,0,9,True
2025-2025041311gm-00a9-0000-5f819544-02-s3-d14,4,B,2,7,"[9100,29500,30400,31000]",1,10.0,1,3,0,0,8,True
2025-2025041311gm-00a9-0000-5f819544-02-s3-d14,5,A,1,37,"[13800,26500,26600,33100]",1,10.0,1,3,0,0,8,True
2025-2025041311gm-00a9-0000-5f819544-02-s3-d14,5,B,2,7,"[13800,26500,26600,33100]",1,10.0,1,3,0,0,8,True
2025-2025041311gm-00a9-0000-5f819544-02-s3-d14,6,A,1,37,"[35000,26100,35300,3600]",4,-10.0,1,3,1,0,7,True
2025-2025041311gm-00a9-0000-5f819544-02-s3-d14,6,B,2,7,"[31200,38400,11100,19300]",3,-4.0,1,3,0,0,7,True
2025-2025041311gm-00a9-0000-5f819544-02-s3-d14,7,A,1,37,"[20300,18000,32000,29700]",2,4.0,1,3,2,0,7,True
2025-2025041311gm-00a9-0000-5f819544-02-s3-d14,7,B,2,7,"[20300,18000,32000,29700]",2,4.0,1,3,2,0,7,True
2025-2025041311gm-00a9-0000-5f819544-02-s3-d14,8,A,1,37,"[26200,12400,38600,21800]",3,-4.0,1,3,1,1,7,True
2025-2025041311gm-00a9-0000-5f819544-02-s3-d14,8,B,2,7,"[26200,12400,38600,21800]",3,-4.0,1,3,1,1,7,True
2025-2025041311gm-00a9-0000-5f819544-02-s3-d14,9,A,1,37,"[17500,30300,34400,17800]",3,-4.0,1,3,0,0,7,True
2025-2025041311gm-00a9-0000-5f819544-02-s3-d14,9,B,2,7,"[17500,30300,34400,17800]",3,-4.0,1,3,0,0,7,True
2025-2025041311gm-00a9-0000-5f819544-02-s3-d14,10,A,1,37,"[17100,38300,36300,8300]",4,-10.0,1,3,0,0,6,True
2025-2025041311gm-00a9-0000-5f819544-02-s3-d14,10,B,2,7,"[23800,17300,27000,31900]",1,10.0,2,1,1,0,9,True
2025-2025041311gm-00a9-0000-5f819544-02-s3-d14,11,A,1,37,"[16200,30300,32800,20700]",3,-4.0,1,3,1,0,7,True
2025-2025041311gm-00a9-0000-5f819544-02-s3-d14,11,B,2,7,"[16200,30300,32800,20700]",3,-4.0,1,3,1,0,7,True
2025-2025041311gm-00a9-0000-5f819544-02-s3-d14,12,A,1,37,"[36500,13200,17400,32900]",2,4.0,1,3,0,0,7,True
2025-2025041311gm-00a9-0000-5f819544-02-s3-d14,12,B,2,7,"[18600,11700,35000,34700]",2,4.0,1,3,0,0,7,True
2025-2025041311gm-00a9-0000-5f819544-02-s3-d14,13,A,1,37,"[23900,26600,32700,16800]",4,-10.0,1,3,0,0,7,True
2025-2025041311gm-00a9-0000-5f819544-02-s3-d14,13,B,2,7,"[30400,23200,25800,20600]",4,-10.0,1,3,0,0,7,True
2025-2025041311gm-00a9-0000-5f819544-02-s3-d14,14,A,1,37,"[24900,16800,30300,28000]",2,4.0,1,3,1,0,7,True
2025-2025041311gm-00a9-0000-5f819544-02-s3-d14,14,B,2,7,"[24900,16800,30300,28000]",2,4.0,1,3,1,0,7,True
2025-2025041311gm-00a9-0000-5f819544-02-s3-d14,15,A,1,37,"[22700,10500,30000,36800]",1,10.0,1,3,0,0,6,True
2025-2025041311gm-00a9-0000-5f819544-02-s3-d14,15,B,2,7,"[28000,21700,30700,19600]",4,-10.0,1,3,0,0,9,True
2025-2025041311gm-00a9-0000-5f819544-02-s3-d14,16,A,1,37,"[23100,30600,34100,12200]",4,-10.0,1,3,0,0,6,True
2025-2025041311gm-00a9-0000-5f819544-02-s3-d14,16,B,2,7,"[24900,14600,39300,21200]",3,-4.0,1,3,0,0,6,True
2025-2025041311gm-00a9-0000-5f819544-02-s3-d14,17,A,1,37,"[11800,15800,35500,36900]",1,10.0,1,3,0,0,6,True
2025-2025041311gm-00a9-0000-5f819544-02-s3-d14,17,B,2,7,"[34100,39900,4700,21300]",3,-4.0,1,3,0,0,8,True
2025-2025041311gm-00a9-0000-5f819544-02-s3-d14,18,A,1,37,"[33800,3900,31000,31300]",2,4.0,1,3,0,0,9,True
2025-2025041311gm-00a9-0000-5f819544-02-s3-d14,18,B,2,7,"[34900,9500,30100,25500]",3,-4.0,1,3,0,0,9,True
2025-2025041311gm-00a9-0000-5f819544-02-s3-d14,19,A,1,37,"[5900,47100,33300,13700]",3,-4.0,1,3,0,0,8,True
2025-2025041311gm-00a9-0000-5f819544-02-s3-d14,19,B,2,7,"[5900,47100,33300,13700]",3,-4.0,1,3,0,0,8,True
2025-2025041311gm-00a9-0000-5f819544-02-s3-d14,20,A,1,37,"[22500,48000,25600,3900]",4,-10.0,1,3,0,0,6,True
2025-2025041311gm-00a9-0000-5f819544-02-s3-d14,20,B,2,7,"[-1700,39200,28300,34200]",2,4.0,1,3,1,0,7,True
2025-2025041311gm-00a9-0000-5f819544-02-s3-d14,21,A,1,37,"[38000,22400,26500,13100]",4,-10.0,1,3,0,0,7,True
2025-2025041311gm-00a9-0000-5f819544-02-s3-d14,21,B,2,7,"[28200,23900,41400,6500]",4,-10.0,1,3,0,0,8,True
2025-2025041311gm-00a9-0000-5f819544-02-s3-d14,22,A,1,37,"[46000,12500,34700,6800]",4,-10.0,1,3,0,0,9,True
2025-2025041311gm-00a9-0000-5f819544-02-s3-d14,22,B,2,7,"[16400,-400,45100,38900]",2,4.0,1,2,1,0,6,True
2025-2025041311gm-00a9-0000-5f819544-02-s3-d14,23,A,1,37,"[18400,37200,18100,26300]",2,4.0,1,3,0,0,8,True
2025-2025041311gm-00a9-0000-5f819544-02-s3-d14,23,B,2,7,"[18400,37200,18100,26300]",2,4.0,1,3,0,0,8,True
2025-2025041311gm-00a9-0000-5f819544-02-s3-d14,24,A,1,37,"[22900,31400,29000,16700]",4,-10.0,2,1,0,0,12,True
2025-2025041311gm-00a9-0000-5f819544-02-s3-d14,24,B,2,7,"[22900,31400,29000,16700]",4,-10.0,2,1,0,0,12,True
2025-2025041311gm-00a9-0000-5f819544-02-s3-d14,25,A,1,37,"[18400,23500,49300,8800]",4,-10.0,1,3,0,0,7,True
2025-2025041311gm-00a9-0000-5f819544-02-s3-d14,25,B,2,7,"[19500,21500,41500,17500]",4,-10.0,1,3,0,0,7,True
2025-2025041311gm-00a9-0000-5f819544-02-s3-d14,26,A,1,37,"[27800,30200,30800,11200]",4,-10.0,1,3,0,0,6,True
2025-2025041311gm-00a9-0000-5f819544-02-s3-d14,26,B,2,7,"[27800,30200,30800,11200]",4,-10.0,1,3,0,0,6,True
2025-2025041311gm-00a9-0000-5f819544-02-s3-d14,27,A,1,37,"[42500,8800,34600,14100]",3,-4.0,1,3,0,0,6,True
2025-2025041311gm-00a9-0000-5f819544-02-s3-d14,27,B,2,7,"[22500,37700,8400,31400]",2,4.0,1,3,1,0,8,True
2025-2025041311gm-00a9-0000-5f819544-02-s3-d14,28,A,1,37,"[27200,39700,34100,-1000]",4,-10.0,1,1,0,0,6,True
2025-2025041311gm-00a9-0000-5f819544-02-s3-d14,28,B,2,7,"[33600,19800,28200,18400]",4,-10.0,1,3,2,0,10,True
2025-2025041311gm-00a9-0000-5f819544-02-s3-d14,29,A,1,37,"[15000,17300,29100,37600]",1,10.0,1,3,0,1,7,True
2025-2025041311gm-00a9-0000-5f819544-02-s3-d14,29,B,2,7,"[19900,22500,37800,19800]",4,-10.0,1,3,1,0,6,True
2025-2025041311gm-00a9-0000-5f819544-02-s3-d14,30,A,1,37,"[23700,32000,17400,26900]",2,4.0,1,3,1,0,9,True
2025-2025041311gm-00a9-0000-5f819544-02-s3-d14,30,B,2,7,"[31200,-5300,44800,29300]",3,-4.0,1,3,2,0,8,True
2025-2025041311gm-00a9-0000-5f819544-02-s3-d14,31,A,1,37,"[15100,28400,50100,6400]",4,-10.0,1,3,0,0,9,True
2025-2025041311gm-00a9-0000-5f819544-02-s3-d14,31,B,2,7,"[21500,25400,41500,11600]",4,-10.0,1,3,0,0,9,True
2025-2025041311gm-00a9-0000-5f819544-02-s3-d14,32,A,1,37,"[10900,28000,34900,26200]",3,-4.0,1,3,0,0,6,True
2025-2025041311gm-00a9-0000-5f819544-02-s3-d14,32,B,2,7,"[7800,26900,34400,30900]",2,4.0,1,3,0,0,6,True
2025-2025041311gm-00a9-0000-5f819544-02-s3-d14,33,A,1,37,"[27400,30200,25900,16500]",4,-10.0,2,2,0,0,10,True
2025-2025041311gm-00a9-0000-5f819544-02-s3-d14,33,B,2,7,"[27400,30200,25900,16500]",4,-10.0,2,2,0,0,10,True
2025-2025041311gm-00a9-0000-5f819544-02-s3-d14,34,A,1,37,"[31700,6100,35200,27000]",3,-4.0,1,3,1,0,8,True
2025-2025041311gm-00a9-0000-5f819544-02-s3-d14,34,B,2,7,"[31700,6100,35200,27000]",3,-4.0,1,3,1,0,8,True
2025-2025041311gm-00a9-0000-5f819544-02-s3-d14,35,A,1,37,"[9000,31400,31800,27800]",3,-4.0,1,3,1,0,8,True
2025-2025041311gm-00a9-0000-5f819544-02-s3-d14,35,B,2,7,"[6500,20900,24700,47900]",1,10.0,1,3,0,0,9,True
2025-2025041311gm-00a9-0000-5f819544-02-s3-d14,36,A,1,37,"[14100,28200,40600,17100]",3,-4.0,1,3,0,0,6,True
2025-2025041311gm-00a9-0000-5f819544-02-s3-d14,36,B,2,7,"[14100,28200,40600,17100]",3,-4.0,1,3,0,0,6,True
2025-2025041311gm-00a9-0000-5f819544-02-s3-d14,37,A,1,37,"[18800,14600,35900,30700]",2,4.0,1,3,0,0,10,True
2025-2025041311gm-00a9-0000-5f819544-02-s3-d14,37,B,2,7,"[18800,14600,35900,30700]",2,4.0,1,3,0,0,10,True
2025-2025041311gm-00a9-0000-5f819544-02-s3-d14,38,A,1,37,"[7600,35600,33900,22900]",3,-4.0,1,3,0,0,7,True
2025-2025041311gm-00a9-0000-5f819544-02-s3-d14,38,B,2,7,"[24800,16500,39100,19600]",3,-4.0,1,3,1,0,8,True
2025-2025041311gm-00a9-0000-5f819544-02-s3-d14,39,A,1,37,"[18200,7800,34400,39600]",1,10.0,1,3,0,0,8,True
2025-2025041311gm-00a9-0000-5f819544-02-s3-d14,39,B,2,7,"[32900,21200,16000,29900]",2,4.0,1,3,1,0,7,True
2025-2025041311gm-00a9-0000-5f819544-02-s3-d14,40,A,1,37,"[42200,19000,39400,-600]",4,-10.0,1,3,1,0,7,True
2025-2025041311gm-00a9-0000-5f819544-02-s3-d14,40,B,2,7,"[4600,25300,29200,40900]",1,10.0,2,0,1,0,7,True
2025-2025041311gm-00a9-0000-5f819544-02-s3-d14,41,A,1,37,"[16700,32600,25000,25700]",2,4.0,1,3,0,0,6,True
2025-2025041311gm-00a9-0000-5f819544-02-s3-d14,41,B,2,7,"[16700,32600,25000,25700]",2,4.0,1,3,0,0,6,True
2025-2025041311gm-00a9-0000-5f819544-02-s3-d14,42,A,1,37,"[36100,13000,29900,21000]",3,-4.0,1,3,0,0,7,True
2025-2025041311gm-00a9-0000-5f819544-02-s3-d14,42,B,2,7,"[33000,12400,26500,28100]",2,4.0,1,3,0,0,7,True
2025-2025041311gm-00a9-0000-5f819544-02-s3-d14,43,A,1,37,"[42300,17200,21300,19200]",3,-4.0,1,3,2,0,8,True
2025-2025041311gm-00a9-0000-5f819544-02-s3-d14,43,B,2,7,"[42300,17200,21300,19200]",3,-4.0,1,3,2,0,8,True
2025-2025041311gm-00a9-0000-5f819544-02-s3-d14,44,A,1,37,"[37600,20300,8500,33600]",2,4.0,1,3,0,0,7,True
2025-2025041311gm-00a9-0000-5f819544-02-s3-d14,44,B,2,7,"[37600,20300,8500,33600]",2,4.0,1,3,0,0,7,True
2025-2025041311gm-00a9-0000-5f819544-02-s3-d14,45,A,1,37,"[30600,25400,32600,11400]",4,-10.0,1,3,0,0,7,True
2025-2025041311gm-00a9-0000-5f819544-02-s3-d14,45,B,2,7,"[30600,25400,32600,11400]",4,-10.0,1,3,0,0,7,True
2025-2025041311gm-00a9-0000-5f819544-02-s3-d14,46,A,1,37,"[13900,11900,43600,30600]",2,4.0,1,3,0,0,9,True
2025-2025041311gm-00a9-0000-5f819544-02-s3-d14,46,B,2,7,"[13900,11900,43600,30600]",2,4.0,1,3,0,0,9,True
2025-2025041311gm-00a9-0000-5f819544-02-s3-d14,47,A,1,37,"[24400,26800,17200,31600]",1,10.0,1,3,0,0,9,True
2025-2025041311gm-00a9-0000-5f819544-02-s3-d14,47,B,2,7,"[22700,15900,36300,23100]",2,4.0,1,3,0,2,7,True
2025-2025041311gm-00a9-0000-5f819544-02-s3-d14,48,A,1,37,"[28900,17900,30800,22400]",3,-4.0,1,3,0,0,8,True
2025-2025041311gm-00a9-0000-5f819544-02-s3-d14,48,B,2,7,"[30600,21300,24000,24100]",2,4.0,1,3,0,0,6,True
2025-2025041311gm-00a9-0000-5f819544-02-s3-d14,49,A,1,37,"[40600,15300,25000,19100]",3,-4.0,1,3,0,0,6,True
2025-2025041311gm-00a9-0000-5f819544-02-s3-d14,49,B,2,7,"[3100,26100,35900,34900]",2,4.0,1,3,0,0,7,True
2025-2025041311gm-00a9-0000-5f819544-02-s3-d14,50,A,1,37,"[18000,25100,40400,16500]",4,-10.0,1,3,1,0,6,True
2025-2025041311gm-00a9-0000-5f819544-02-s3-d14,50,B,2,7,"[18000,25100,40400,16500]",4,-10.0,1,3,1,0,6,True
2025-2025041311gm-00a9-0000-5f819544-02-s3-d14,51,A,1,37,"[7800,23600,36100,32500]",2,4.0,1,3,3,0,9,True
2025-2025041311gm-00a9-0000-5f819544-02-s3-d14,51,B,2,7,"[23600,16400,43700,16300]",4,-10.0,1,3,1,0,7,True
2025-2025041311gm-00a9-0000-5f819544-02-s3-d14,52,A,1,37,"[31400,15500,41300,11800]",4,-10.0,1,3,0,0,7,True
2025-2025041311gm-00a9-0000-5f819544-02-s3-d14,52,B,2,7,"[34400,26000,29600,10000]",4,-10.0,1,3,0,0,7,True
2025-2025041311gm-00a9-0000-5f819544-02-s3-d14,53,A,1,37,"[20100,-800,48200,32500]",2,4.0,1,3,1,0,7,True
2025-2025041311gm-00a9-0000-5f819544-02-s3-d14,53,B,2,7,"[20100,-800,48200,32500]",2,4.0,1,3,1,0,7,True
2025-2025041311gm-00a9-0000-5f819544-02-s3-d14,54,A,1,37,"[21300,19200,33800,24700]",2,4.0,1,3,0,1,6,True
2025-2025041311gm-00a9-0000-5f819544-02-s3-d14,54,B,2,7,"[21300,19200,33800,24700]",2,4.0,1,3,0,1,6,True
2025-2025041311gm-00a9-0000-5f819544-02-s3-d14,55,A,1,37,"[30100,21800,23500,24600]",2,4.0,1,3,0,0,6,True
2025-2025041311gm-00a9-0000-5f819544-02-s3-d14,55,B,2,7,"[30100,21800,23500,24600]",2,4.0,1,3,0,0,6,True
2025-2025041311gm-00a9-0000-5f819544-02-s3-d14,56,A,1,37,"[12600,26700,31600,29100]",2,4.0,1,3,0,0,7,True
2025-2025041311gm-00a9-0000-5f819544-02-s3-d14,56,B,2,7,"[12600,26700,31600,29100]",2,4.0,1,3,0,0,7,True
2025-2025041311gm-00a9-0000-5f819544-02-s3-d14,57,A,1,37,"[27700,9500,43100,19700]",3,-4.0,1,3,0,0,8,True
2025-2025041311gm-00a9-0000-5f819544-02-s3-d14,57,B,2,7,"[31900,32200,24200,11700]",4,-10.0,1,3,0,0,7,True
2025-2025041311gm-00a9-0000-5f819544-02-s3-d14,58,A,1,37,"[20200,29500,31300,19000]",4,-10.0,1,3,1,0,8,True
2025-2025041311gm-00a9-0000-5f819544-02-s3-d14,58,B,2,7,"[28300,31400,31900,8400]",4,-10.0,1,3,0,0,9,True
2025-2025041311gm-00a9-0000-5f819544-02-s3-d14,59,A,1,37,"[29600,30000,22200,18200]",4,-10.0,1,3,0,0,8,True
2025-2025041311gm-00a9-0000-5f819544-02-s3-d14,59,B,2,7,"[33600,31100,7400,27900]",3,-4.0,1,3,2,0,11,True
2025-2025041311gm-00a9-0000-5f819544-02-s3-d14,60,A,1,37,"[19300,32200,40200,8300]",4,-10.0,1,3,0,0,11,True
2025-2025041311gm-00a9-0000-5f819544-02-s3-d14,60,B,2,7,"[19300,32200,40200,8300]",4,-10.0,1,3,0,0,11,True
2025-2025041311gm-00a9-0000-5f819544-02-s3-d14,61,A,1,37,"[26300,19400,12300,42000]",1,10.0,1,3,0,0,7,True
2025-2025041311gm-00a9-0000-5f819544-02-s3-d14,61,B,2,7,"[19100,31300,30400,19200]",3,-4.0,1,3,0,0,7,True
2025-2025041311gm-00a9-0000-5f819544-02-s3-d14,62,A,1,37,"[37400,5000,45200,12400]",3,-4.0,1,3,0,0,7,True
2025-2025041311gm-00a9-0000-5f819544-02-s3-d14,62,B,2,7,"[37400,5000,45200,12400]",3,-4.0,1,3,0,0,7,True
2025-2025041311gm-00a9-0000-5f819544-02-s3-d14,63,A,1,37,"[28300,40300,15400,16000]",3,-4.0,1,3,1,0,8,True
2025-2025041311gm-00a9-0000-5f819544-02-s3-d14,63,B,2,7,"[28300,40300,15400,16000]",3,-4.0,1,3,1,0,8,True
2025-2025041311gm-00a9-0000-5f819544-02-s3-d14,64,A,1,37,"[30700,30200,24100,15000]",4,-10.0,1,3,0,0,7,True
2025-2025041311gm-00a9-0000-5f819544-02-s3-d14,64,B,2,7,"[30700,30200,24100,15000]",4,-10.0,1,3,0,0,7,True
2025-2025041311gm-00a9-0000-5f819544-02-s3-d14,65,A,1,37,"[29200,13200,23100,34500]",1,10.0,1,3,0,0,7,True
2025-2025041311gm-00a9-0000-5f819544-02-s3-d14,65,B,2,7,"[23400,12000,32400,32200]",2,4.0,1,3,3,0,9,True
2025-2025041311gm-00a9-0000-5f819544-02-s3-d14,66,A,1,37,"[27100,17700,23200,32000]",1,10.0,2,0,0,0,9,True
2025-2025041311gm-00a9-0000-5f819544-02-s3-d14,66,B,2,7,"[27100,17700,23200,32000]",1,10.0,2,0,0,0,9,True
2025-2025041311gm-00a9-0000-5f819544-02-s3-d14,67,A,1,37,"[7900,20200,38700,33200]",2,4.0,1,3,0,0,6,True
2025-2025041311gm-00a9-0000-5f819544-02-s3-d14,67,B,2,7,"[7900,20200,38700,33200]",2,4.0,1,3,0,0,6,True
2025-2025041311gm-00a9-0000-5f819544-02-s3-d14,68,A,1,37,"[47600,8200,15800,28400]",2,4.0,1,3,2,0,10,True
2025-2025041311gm-00a9-0000-5f819544-02-s3-d14,68,B,2,7,"[21400,21900,34900,21800]",3,-4.0,2,0,0,0,8,True
2025-2025041311gm-00a9-0000-5f819544-02-s3-d14,69,A,1,37,"[27500,33500,13500,25500]",3,-4.0,1,3,0,0,7,True
2025-2025041311gm-00a9-0000-5f819544-02-s3-d14,69,B,2,7,"[27500,33500,13500,25500]",3,-4.0,1,3,0,0,7,True
2025-2025041311gm-00a9-0000-5f819544-02-s3-d14,70,A,1,37,"[22400,1800,48500,27300]",2,4.0,1,3,0,0,6,True
2025-2025041311gm-00a9-0000-5f819544-02-s3-d14,70,B,2,7,"[22400,1800,48500,27300]",2,4.0,1,3,0,0,6,True
2025-2025041311gm-00a9-0000-5f819544-02-s3-d14,71,A,1,37,"[31700,24800,21600,21900]",3,-4.0,1,3,0,0,8,True
2025-2025041311gm-00a9-0000-5f819544-02-s3-d14,71,B,2,7,"[15900,21100,30000,33000]",1,10.0,1,3,0,0,9,True
2025-2025041311gm-00a9-0000-5f819544-02-s3-d14,72,A,1,37,"[33600,24100,34400,7900]",4,-10.0,1,3,0,0,8,True
2025-2025041311gm-00a9-0000-5f819544-02-s3-d14,72,B,2,7,"[33600,24100,34400,7900]",4,-10.0,1,3,0,0,8,True
2025-2025041311gm-00a9-0000-5f819544-02-s3-d14,73,A,1,37,"[22800,9300,33500,34400]",1,10.0,1,3,2,0,9,True
2025-2025041311gm-00a9-0000-5f819544-02-s3-d14,73,B,2,7,"[22800,9300,33500,34400]",1,10.0,1,3,2,0,9,True
2025-2025041311gm-00a9-0000-5f819544-02-s3-d14,74,A,1,37,"[19400,-6800,57500,29900]",2,4.0,1,2,0,0,6,True
2025-2025041311gm-00a9-0000-5f819544-02-s3-d14,74,B,2,7,"[18100,-5500,57500,29900]",2,4.0,1,2,0,0,6,True
2025-2025041311gm-00a9-0000-5f819544-02-s3-d14,75,A,1,37,"[23600,19000,26300,31100]",1,10.0,1,3,0,0,6,True
2025-2025041311gm-00a9-0000-5f819544-02-s3-d14,75,B,2,7,"[23600,19000,26300,31100]",1,10.0,1,3,0,0,6,True
2025-2025041311gm-00a9-0000-5f819544-02-s3-d14,76,A,1,37,"[-600,49900,14900,35800]",2,4.0,1,1,1,0,5,True
2025-2025041311gm-00a9-0000-5f819544-02-s3-d14,76,B,2,7,"[10300,38000,4300,47400]",1,10.0,1,3,0,0,8,True
2025-2025041311gm-00a9-0000-5f819544-02-s3-d14,77,A,1,37,"[30300,33000,31600,5100]",4,-10.0,1,3,0,0,6,True
2025-2025041311gm-00a9-0000-5f819544-02-s3-d14,77,B,2,7,"[30300,33000,31600,5100]",4,-10.0,1,3,0,0,6,True
2025-2025041311gm-00a9-0000-5f819544-02-s3-d14,78,A,1,37,"[31500,11500,27900,29100]",2,4.0,1,3,1,0,7,True
2025-2025041311gm-00a9-0000-5f819544-02-s3-d14,78,B,2,7,"[30300,24000,29900,15800]",4,-10.0,1,3,1,0,10,True
2025-2025041311gm-00a9-0000-5f819544-02-s3-d14,79,A,1,37,"[39400,21400,22800,16400]",4,-10.0,1,3,0,0,6,True
2025-2025041311gm-00a9-0000-5f819544-02-s3-d14,79,B,2,7,"[39400,21400,22800,16400]",4,-10.0,1,3,0,0,6,True
2025-2025041311gm-00a9-0000-5f819544-02-s3-d14,80,A,1,37,"[31200,29100,24400,15300]",4,-10.0,1,3,0,0,8,True
2025-2025041311gm-00a9-0000-5f819544-02-s3-d14,80,B,2,7,"[31200,29100,24400,15300]",4,-10.0,1,3,0,0,8,True
2025-2025041311gm-00a9-0000-5f819544-02-s3-d14,81,A,1,37,"[20800,29300,32400,17500]",4,-10.0,1,3,0,0,9,True
2025-2025041311gm-00a9-0000-5f819544-02-s3-d14,81,B,2,7,"[20800,29300,32400,17500]",4,-10.0,1,3,0,0,9,True
2025-2025041311gm-00a9-0000-5f819544-02-s3-d14,82,A,1,37,"[27900,47300,25200,-400]",4,-10.0,1,1,4,0,7,True
2025-2025041311gm-00a9-0000-5f819544-02-s3-d14,82,B,2,7,"[27900,47300,25200,-400]",4,-10.0,1,1,4,0,7,True
2025-2025041311gm-00a9-0000-5f819544-02-s3-d14,83,A,1,37,"[19200,34600,26700,19500]",3,-4.0,1,3,0,0,6,True
2025-2025041311gm-00a9-0000-5f819544-02-s3-d14,83,B,2,7,"[19200,34600,26700,19500]",3,-4.0,1,3,0,0,6,True
2025-2025041311gm-00a9-0000-5f819544-02-s3-d14,84,A,1,37,"[16600,29500,35200,18700]",3,-4.0,1,3,1,0,8,True
2025-2025041311gm-00a9-0000-5f819544-02-s3-d14,84,B,2,7,"[16600,29500,35200,18700]",3,-4.0,1,3,1,0,8,True
2025-2025041311gm-00a9-0000-5f819544-02-s3-d14,85,A,1,37,"[36400,13900,34800,14900]",3,-4.0,1,3,0,0,7,True
2025-2025041311gm-00a9-0000-5f819544-02-s3-d14,85,B,2,7,"[16100,22200,35300,26400]",2,4.0,1,3,0,0,8,True
2025-2025041311gm-00a9-0000-5f819544-02-s3-d14,86,A,1,37,"[11800,39500,35700,13000]",3,-4.0,1,3,2,0,7,True
2025-2025041311gm-00a9-0000-5f819544-02-s3-d14,86,B,2,7,"[11800,39500,35700,13000]",3,-4.0,1,3,2,0,7,True
2025-2025041311gm-00a9-0000-5f819544-02-s3-d14,87,A,1,37,"[24400,19600,40500,15500]",4,-10.0,1,3,0,0,6,True
2025-2025041311gm-00a9-0000-5f819544-02-s3-d14,87,B,2,7,"[31700,23700,31800,12800]",4,-10.0,1,3,0,0,7,True
2025-2025041311gm-00a9-0000-5f819544-02-s3-d14,88,A,1,37,"[11300,24900,43600,19200]",3,-4.0,1,3,2,1,7,True
2025-2025041311gm-00a9-0000-5f819544-02-s3-d14,88,B,2,7,"[11300,24900,43600,19200]",3,-4.0,1,3,2,1,7,True
2025-2025041311gm-00a9-0000-5f819544-02-s3-d14,89,A,1,37,"[20700,28100,33900,17300]",4,-10.0,1,3,0,0,7,True
2025-2025041311gm-00a9-0000-5f819544-02-s3-d14,89,B,2,7,"[8100,33000,39900,19000]",3,-4.0,1,3,1,0,7,True
2025-2025041311gm-00a9-0000-5f819544-02-s3-d14,90,A,1,37,"[21900,28200,39600,10300]",4,-10.0,1,3,2,0,8,True
2025-2025041311gm-00a9-0000-5f819544-02-s3-d14,90,B,2,7,"[18100,23000,28700,30200]",1,10.0,1,3,0,0,6,True
2025-2025041311gm-00a9-0000-5f819544-02-s3-d14,91,A,1,37,"[30200,7300,40500,22000]",3,-4.0,1,3,0,0,7,True
2025-2025041311gm-00a9-0000-5f819544-02-s3-d14,91,B,2,7,"[25800,17200,35800,21200]",3,-4.0,1,3,1,0,7,True
2025-2025041311gm-00a9-0000-5f819544-02-s3-d14,92,A,1,37,"[27500,19600,22800,30100]",1,10.0,1,3,0,0,7,True
2025-2025041311gm-00a9-0000-5f819544-02-s3-d14,92,B,2,7,"[24200,23100,30300,22400]",4,-10.0,1,3,1,0,8,True
2025-2025041311gm-00a9-0000-5f819544-02-s3-d14,93,A,1,37,"[3400,41700,30300,24600]",3,-4.0,1,3,0,0,9,True
2025-2025041311gm-00a9-0000-5f819544-02-s3-d14,93,B,2,7,"[3400,41700,30300,24600]",3,-4.0,1,3,0,0,9,True
2025-2025041311gm-00a9-0000-5f819544-02-s3-d14,94,A,1,37,"[16100,17600,23600,42700]",1,10.0,1,3,0,0,9,True
2025-2025041311gm-00a9-0000-5f819544-02-s3-d14,94,B,2,7,"[16100,17600,23600,42700]",1,10.0,1,3,0,0,9,True
2025-2025041311gm-00a9-0000-5f819544-02-s3-d14,95,A,1,37,"[9500,43300,23500,23700]",2,4.0,1,3,1,0,10,True
2025-2025041311gm-00a9-0000-5f819544-02-s3-d14,95,B,2,7,"[9500,43300,23500,23700]",2,4.0,1,3,1,0,10,True
2025-2025041311gm-00a9-0000-5f819544-02-s3-d14,96,A,1,37,"[34900,10000,38300,16800]",3,-4.0,1,3,0,0,7,True
2025-2025041311gm-00a9-0000-5f819544-02-s3-d14,96,B,2,7,"[34900,10000,38300,16800]",3,-4.0,1,3,0,0,7,True
2025-2025041311gm-00a9-0000-5f819544-02-s3-d14,97,A,1,37,"[24400,18000,34800,19800]",3,-4.0,1,3,1,3,6,True
2025-2025041311gm-00a9-0000-5f819544-02-s3-d14,97,B,2,7,"[31000,8100,41300,19600]",3,-4.0,1,3,2,0,6,True
2025-2025041311gm-00a9-0000-5f819544-02-s3-d14,98,A,1,37,"[24000,31900,18000,26100]",2,4.0,1,3,1,0,7,True
2025-2025041311gm-00a9-0000-5f819544-02-s3-d14,98,B,2,7,"[33400,31900,17600,17100]",4,-10.0,1,3,3,0,7,True
2025-2025041311gm-00a9-0000-5f819544-02-s3-d14,99,A,1,37,"[31800,21900,50500,-4200]",4,-10.0,1,3,0,0,9,True
2025-2025041311gm-00a9-0000-5f819544-02-s3-d14,99,B,2,7,"[25700,30000,23800,20500]",4,-10.0,1,3,0,0,8,True
2025-2025041311gm-00a9-0000-5f819544-02-s3-d14,100,A,1,37,"[10900,40900,18900,29300]",2,4.0,1,3,0,0,6,True
2025-2025041311gm-00a9-0000-5f819544-02-s3-d14,100,B,2,7,"[10900,40900,18900,29300]",2,4.0,1,3,0,0,6,True
2025-2025041311gm-00a9-0000-5f819544-02-s3-d14,101,A,1,37,"[32400,38900,4600,24100]",3,-4.0,1,3,1,0,8,True
2025-2025041311gm-00a9-0000-5f819544-02-s3-d14,101,B,2,7,"[32400,38900,4600,24100]",3,-4.0,1,3,1,0,8,True
2025-2025041311gm-00a9-0000-5f819544-02-s3-d14,102,A,1,37,"[24700,17800,22800,33700]",1,10.0,1,3,0,1,6,True
2025-2025041311gm-00a9-0000-5f819544-02-s3-d14,102,B,2,7,"[24700,17800,22800,33700]",1,10.0,1,3,0,1,6,True
2025-2025041311gm-00a9-0000-5f819544-02-s3-d14,103,A,1,37,"[20300,19300,22700,37700]",1,10.0,2,0,0,0,10,True
2025-2025041311gm-00a9-0000-5f819544-02-s3-d14,103,B,2,7,"[20300,19300,22700,37700]",1,10.0,2,0,0,0,10,True
2025-2025041311gm-00a9-0000-5f819544-02-s3-d14,104,A,1,37,"[19800,22800,30200,27200]",2,4.0,1,3,1,0,9,True
2025-2025041311gm-00a9-0000-5f819544-02-s3-d14,104,B,2,7,"[27100,19000,23700,30200]",1,10.0,1,3,0,0,8,True
2025-2025041311gm-00a9-0000-5f819544-02-s3-d14,105,A,1,37,"[46300,21100,29100,3500]",4,-10.0,1,3,0,0,8,True
2025-2025041311gm-00a9-0000-5f819544-02-s3-d14,105,B,2,7,"[22000,36200,21700,20100]",4,-10.0,1,3,0,0,7,True
2025-2025041311gm-00a9-0000-5f819544-02-s3-d14,106,A,1,37,"[25600,54500,16000,3900]",4,-10.0,1,3,1,0,8,True
2025-2025041311gm-00a9-0000-5f819544-02-s3-d14,106,B,2,7,"[25600,54500,16000,3900]",4,-10.0,1,3,1,0,8,True
2025-2025041311gm-00a9-0000-5f819544-02-s3-d14,107,A,1,37,"[42400,13100,12200,32300]",2,4.0,1,3,1,0,9,True
2025-2025041311gm-00a9-0000-5f819544-02-s3-d14,107,B,2,7,"[42400,13100,12200,32300]",2,4.0,1,3,1,0,9,True
2025-2025041311gm-00a9-0000-5f819544-02-s3-d14,108,A,1,37,"[35900,27700,11300,25100]",3,-4.0,1,3,0,0,6,True
2025-2025041311gm-00a9-0000-5f819544-02-s3-d14,108,B,2,7,"[35900,27700,11300,25100]",3,-4.0,1,3,0,0,6,True
2025-2025041311gm-00a9-0000-5f819544-02-s3-d14,109,A,1,37,"[28500,22500,41500,7500]",4,-10.0,1,3,0,0,8,True
2025-2025041311gm-00a9-0000-5f819544-02-s3-d14,109,B,2,7,"[28500,22500,41500,7500]",4,-10.0,1,3,0,0,8,True
2025-2025041311gm-00a9-0000-5f819544-02-s3-d14,110,A,1,37,"[15700,29800,40000,14500]",4,-10.0,1,3,0,0,8,True
2025-2025041311gm-00a9-0000-5f819544-02-s3-d14,110,B,2,7,"[15700,29800,40000,14500]",4,-10.0,1,3,0,0,8,True
2025-2025041311gm-00a9-0000-5f819544-02-s3-d14,111,A,1,37,"[26700,11900,24900,36500]",1,10.0,1,3,0,0,7,True
2025-2025041311gm-00a9-0000-5f819544-02-s3-d14,111,B,2,7,"[26700,11900,24900,36500]",1,10.0,1,3,0,0,7,True
2025-2025041311gm-00a9-0000-5f819544-02-s3-d14,112,A,1,37,"[42700,20000,16000,21300]",2,4.0,1,3,0,0,9,True
2025-2025041311gm-00a9-0000-5f819544-02-s3-d14,112,B,2,7,"[16400,35000,31100,17500]",3,-4.0,1,3,0,0,7,True
2025-2025041311gm-00a9-0000-5f819544-02-s3-d14,113,A,1,37,"[35900,22600,26500,15000]",4,-10.0,1,3,0,0,6,True
2025-2025041311gm-00a9-0000-5f819544-02-s3-d14,113,B,2,7,"[35900,22600,26500,15000]",4,-10.0,1,3,0,0,6,True
2025-2025041311gm-00a9-0000-5f819544-02-s3-d14,114,A,1,37,"[17700,25100,30200,27000]",2,4.0,1,3,0,0,7,True
2025-2025041311gm-00a9-0000-5f819544-02-s3-d14,114,B,2,7,"[13700,17500,25100,43700]",1,10.0,1,3,0,0,7,True
2025-2025041311gm-00a9-0000-5f819544-02-s3-d14,115,A,1,37,"[52100,22000,28600,-2700]",4,-10.0,1,0,1,0,5,True
2025-2025041311gm-00a9-0000-5f819544-02-s3-d14,115,B,2,7,"[36600,20100,33200,10100]",4,-10.0,1,3,0,0,7,True
2025-2025041311gm-00a9-0000-5f819544-02-s3-d14,116,A,1,37,"[30200,8700,40100,21000]",3,-4.0,1,3,0,0,6,True
2025-2025041311gm-00a9-0000-5f819544-02-s3-d14,116,B,2,7,"[30200,8700,40100,21000]",3,-4.0,1,3,0,0,6,True
2025-2025041311gm-00a9-0000-5f819544-02-s3-d14,117,A,1,37,"[8900,33400,26100,31600]",2,4.0,1,3,0,0,7,True
2025-2025041311gm-00a9-0000-5f819544-02-s3-d14,117,B,2,7,"[8900,33400,26100,31600]",2,4.0,1,3,0,0,7,True
2025-2025041311gm-00a9-0000-5f819544-02-s3-d14,118,A,1,37,"[25100,19600,41200,14100]",4,-10.0,1,3,0,0,7,True
2025-2025041311gm-00a9-0000-5f819544-02-s3-d14,118,B,2,7,"[25100,19600,41200,14100]",4,-10.0,1,3,0,0,7,True
2025-2025041311gm-00a9-0000-5f819544-02-s3-d14,119,A,1,37,"[39400,25000,26900,8700]",4,-10.0,1,3,0,0,6,True
2025-2025041311gm-00a9-0000-5f819544-02-s3-d14,119,B,2,7,"[29200,32400,19500,18900]",4,-10.0,1,3,0,0,9,True
2025-2025041311gm-00a9-0000-5f819544-02-s3-d14,120,A,1,37,"[16800,17700,29400,36100]",1,10.0,1,3,0,0,6,True
2025-2025041311gm-00a9-0000-5f819544-02-s3-d14,120,B,2,7,"[16800,17700,29400,36100]",1,10.0,1,3,0,0,6,True
2025-2025041311gm-00a9-0000-5f819544-02-s3-d14,121,A,1,37,"[18500,-6700,52800,35400]",2,4.0,1,3,1,0,9,True
2025-2025041311gm-00a9-0000-5f819544-02-s3-d14,121,B,2,7,"[20600,9900,58700,10800]",3,-4.0,1,3,2,0,7,True
2025-2025041311gm-00a9-0000-5f819544-02-s3-d14,122,A,1,37,"[23900,38000,35900,2200]",4,-10.0,1,3,0,0,6,True
2025-2025041311gm-00a9-0000-5f819544-02-s3-d14,122,B,2,7,"[23900,38000,35900,2200]",4,-10.0,1,3,0,0,6,True
2025-2025041311gm-00a9-0000-5f819544-02-s3-d14,123,A,1,37,"[30700,11700,36100,21500]",3,-4.0,1,3,1,0,8,True
2025-2025041311gm-00a9-0000-5f819544-02-s3-d14,123,B,2,7,"[38700,16800,34200,10300]",4,-10.0,1,3,0,0,7,True
2025-2025041311gm-00a9-0000-5f819544-02-s3-d14,124,A,1,37,"[28800,37800,6900,26500]",3,-4.0,1,3,0,0,8,True
2025-2025041311gm-00a9-0000-5f819544-02-s3-d14,124,B,2,7,"[28800,37800,6900,26500]",3,-4.0,1,3,0,0,8,True
2025-2025041311gm-00a9-0000-5f819544-02-s3-d14,125,A,1,37,"[3000,23200,36000,37800]",1,10.0,1,3,0,0,7,True
2025-2025041311gm-00a9-0000-5f819544-02-s3-d14,125,B,2,7,"[22400,38300,13400,25900]",2,4.0,1,3,0,0,6,True
2025-2025041311gm-00a9-0000-5f819544-02-s3-d14,126,A,1,37,"[38900,25900,39600,-4400]",4,-10.0,1,2,0,0,5,True
2025-2025041311gm-00a9-0000-5f819544-02-s3-d14,126,B,2,7,"[38900,25900,39600,-4400]",4,-10.0,1,2,0,0,5,True
2025-2025041311gm-00a9-0000-5f819544-02-s3-d14,127,A,1,37,"[4600,20200,44300,30900]",2,4.0,1,3,1,0,8,True
2025-2025041311gm-00a9-0000-5f819544-02-s3-d14,127,B,2,7,"[4600,20200,44300,30900]",2,4.0,1,3,1,0,8,True
2025-2025041311gm-00a9-0000-5f819544-02-s3-d14,128,A,1,37,"[25200,27100,38400,9300]",4,-10.0,1,3,0,0,7,True
2025-2025041311gm-00a9-0000-5f819544-02-s3-d14,128,B,2,7,"[25200,27100,38400,9300]",4,-10.0,1,3,0,0,7,True
2025-2025041311gm-00a9-0000-5f819544-02-s3-d14,129,A,1,37,"[32500,23600,33600,10300]",4,-10.0,1,3,0,0,7,True
2025-2025041311gm-00a9-0000-5f819544-02-s3-d14,129,B,2,7,"[32500,23600,33600,10300]",4,-10.0,1,3,0,0,7,True
2025-2025041311gm-00a9-0000-5f819544-02-s3-d14,130,A,1,37,"[44200,33500,-3600,25900]",3,-4.0,1,3,0,0,7,True
2025-2025041311gm-00a9-0000-5f819544-02-s3-d14,130,B,2,7,"[3800,47200,15200,33800]",2,4.0,1,3,0,0,7,True
2025-2025041311gm-00a9-0000-5f819544-02-s3-d14,131,A,1,37,"[-2000,41300,48700,12000]",3,-4.0,1,3,0,0,9,True
2025-2025041311gm-00a9-0000-5f819544-02-s3-d14,131,B,2,7,"[35400,36200,25300,3100]",4,-10.0,1,3,2,0,8,True
2025-2025041311gm-00a9-0000-5f819544-02-s3-d14,132,A,1,37,"[36400,20400,16200,27000]",2,4.0,1,3,0,0,6,True
2025-2025041311gm-00a9-0000-5f819544-02-s3-d14,132,B,2,7,"[36400,20400,16200,27000]",2,4.0,1,3,0,0,6,True
2025-2025041311gm-00a9-0000-5f819544-02-s3-d14,133,A,1,37,"[19500,17500,29800,33200]",1,10.0,1,3,2,0,7,True
2025-2025041311gm-00a9-0000-5f819544-02-s3-d14,133,B,2,7,"[23600,-1500,35300,42600]",1,10.0,1,2,1,0,6,True
2025-2025041311gm-00a9-0000-5f819544-02-s3-d14,134,A,1,37,"[32800,24500,27800,14900]",4,-10.0,2,0,0,0,7,True
2025-2025041311gm-00a9-0000-5f819544-02-s3-d14,134,B,2,7,"[34300,18200,30100,17400]",4,-10.0,1,3,1,0,8,True
2025-2025041311gm-00a9-0000-5f819544-02-s3-d14,135,A,1,37,"[16400,23200,41700,18700]",3,-4.0,1,3,0,0,6,True
2025-2025041311gm-00a9-0000-5f819544-02-s3-d14,135,B,2,7,"[16400,23200,41700,18700]",3,-4.0,1,3,0,0,6,True
2025-2025041311gm-00a9-0000-5f819544-02-s3-d14,136,A,1,37,"[26900,16100,30000,27000]",2,4.0,2,1,0,0,13,True
2025-2025041311gm-00a9-0000-5f819544-02-s3-d14,136,B,2,7,"[26900,16100,30000,27000]",2,4.0,2,1,0,0,13,True
2025-2025041311gm-00a9-0000-5f819544-02-s3-d14,137,A,1,37,"[18200,17000,25600,39200]",1,10.0,1,3,1,0,6,True
2025-2025041311gm-00a9-0000-5f819544-02-s3-d14,137,B,2,7,"[18200,17000,25600,39200]",1,10.0,1,3,1,0,6,True
2025-2025041311gm-00a9-0000-5f819544-02-s3-d14,138,A,1,37,"[30600,19200,24900,25300]",2,4.0,1,3,1,0,9,True
2025-2025041311gm-00a9-0000-5f819544-02-s3-d14,138,B,2,7,"[30600,19200,24900,25300]",2,4.0,1,3,1,0,9,True
2025-2025041311gm-00a9-0000-5f819544-02-s3-d14,139,A,1,37,"[13200,33300,21600,31900]",2,4.0,1,3,0,0,6,True
2025-2025041311gm-00a9-0000-5f819544-02-s3-d14,139,B,2,7,"[15200,24400,25900,34500]",1,10.0,1,3,3,0,7,True
2025-2025041311gm-00a9-0000-5f819544-02-s3-d14,140,A,1,37,"[8500,36400,29000,26100]",3,-4.0,1,3,0,0,7,True
2025-2025041311gm-00a9-0000-5f819544-02-s3-d14,140,B,2,7,"[22500,33000,17700,26800]",2,4.0,2,2,1,0,10,True
2025-2025041311gm-00a9-0000-5f819544-02-s3-d14,141,A,1,37,"[22900,17900,9100,50100]",1,10.0,1,3,0,0,9,True
2025-2025041311gm-00a9-0000-5f819544-02-s3-d14,141,B,2,7,"[22900,17900,9100,50100]",1,10.0,1,3,0,0,9,True
2025-2025041311gm-00a9-0000-5f819544-02-s3-d14,142,A,1,37,"[200,24600,36000,39200]",1,10.0,1,3,0,0,8,True
2025-2025041311gm-00a9-0000-5f819544-02-s3-d14,142,B,2,7,"[200,24600,36000,39200]",1,10.0,1,3,0,0,8,True
2025-2025041311gm-00a9-0000-5f819544-02-s3-d14,143,A,1,37,"[23700,24400,32200,19700]",4,-10.0,1,3,0,0,6,True
2025-2025041311gm-00a9-0000-5f819544-02-s3-d14,143,B,2,7,"[23700,24400,32200,19700]",4,-10.0,1,3,0,0,6,True
2025-2025041311gm-00a9-0000-5f819544-02-s3-d14,144,A,1,37,"[12800,47600,21400,18200]",3,-4.0,1,3,0,0,10,True
2025-2025041311gm-00a9-0000-5f819544-02-s3-d14,144,B,2,7,"[42600,3900,23700,29800]",2,4.0,1,3,1,0,9,True
2025-2025041311gm-00a9-0000-5f819544-02-s3-d14,145,A,1,37,"[22900,31500,18300,27300]",2,4.0,1,3,0,0,7,True
2025-2025041311gm-00a9-0000-5f819544-02-s3-d14,145,B,2,7,"[22900,31500,18300,27300]",2,4.0,1,3,0,0,7,True
2025-2025041311gm-00a9-0000-5f819544-02-s3-d14,146,A,1,37,"[30600,20100,22800,26500]",2,4.0,1,3,0,0,7,True
2025-2025041311gm-00a9-0000-5f819544-02-s3-d14,146,B,2,7,"[30600,20100,22800,26500]",2,4.0,1,3,0,0,7,True
2025-2025041311gm-00a9-0000-5f819544-02-s3-d14,147,A,1,37,"[30100,5200,35700,29000]",3,-4.0,1,3,0,0,6,True
2025-2025041311gm-00a9-0000-5f819544-02-s3-d14,147,B,2,7,"[37000,15400,15700,31900]",2,4.0,1,3,0,0,6,True
2025-2025041311gm-00a9-0000-5f819544-02-s3-d14,148,A,1,37,"[31400,29000,8600,31000]",2,4.0,1,3,0,0,6,True
2025-2025041311gm-00a9-0000-5f819544-02-s3-d14,148,B,2,7,"[39900,24400,25400,10300]",4,-10.0,2,0,1,0,9,True
2025-2025041311gm-00a9-0000-5f819544-02-s3-d14,149,A,1,37,"[31700,22300,21000,25000]",2,4.0,1,3,0,0,6,True
2025-2025041311gm-00a9-0000-5f819544-02-s3-d14,149,B,2,7,"[21500,21600,23300,33600]",1,10.0,1,3,0,0,6,True
2025-2025041311gm-00a9-0000-5f819544-02-s3-d14,150,A,1,37,"[8500,29000,17400,45100]",1,10.0,1,3,0,0,7,True
2025-2025041311gm-00a9-0000-5f819544-02-s3-d14,150,B,2,7,"[8500,29000,17400,45100]",1,10.0,1,3,0,0,7,True
2025-2025041311gm-00a9-0000-5f819544-02-s3-d14,151,A,1,37,"[30000,14400,24300,31300]",1,10.0,1,3,0,0,7,True
2025-2025041311gm-00a9-0000-5f819544-02-s3-d14,151,B,2,7,"[13000,45200,17500,24300]",2,4.0,1,3,0,0,7,True
2025-2025041311gm-00a9-0000-5f819544-02-s3-d14,152,A,1,37,"[15700,39800,38200,6300]",4,-10.0,1,3,1,0,9,True
2025-2025041311gm-00a9-0000-5f819544-02-s3-d14,152,B,2,7,"[15700,39800,38200,6300]",4,-10.0,1,3,1,0,9,True
2025-2025041311gm-00a9-0000-5f819544-02-s3-d14,153,A,1,37,"[19600,40100,24500,15800]",4,-10.0,1,3,0,0,6,True
2025-2025041311gm-00a9-0000-5f819544-02-s3-d14,153,B,2,7,"[14200,31800,26800,27200]",2,4.0,1,3,0,0,6,True
2025-2025041311gm-00a9-0000-5f819544-02-s3-d14,154,A,1,37,"[21400,34900,23700,20000]",4,-10.0,1,3,0,0,7,True
2025-2025041311gm-00a9-0000-5f819544-02-s3-d14,154,B,2,7,"[26200,43100,21600,9100]",4,-10.0,1,3,0,0,7,True
2025-2025041311gm-00a9-0000-5f819544-02-s3-d14,155,A,1,37,"[10200,32500,20400,34900]",1,10.0,1,3,0,2,9,True
2025-2025041311gm-00a9-0000-5f819544-02-s3-d14,155,B,2,7,"[10100,21400,34900,33600]",2,4.0,1,3,0,0,7,True
2025-2025041311gm-00a9-0000-5f819544-02-s3-d14,156,A,1,37,"[25900,26400,32400,15300]",4,-10.0,2,1,1,0,10,True
2025-2025041311gm-00a9-0000-5f819544-02-s3-d14,156,B,2,7,"[38600,19600,33100,8700]",4,-10.0,1,3,0,0,8,True
2025-2025041311gm-00a9-0000-5f819544-02-s3-d14,157,A,1,37,"[34900,20700,17900,26500]",2,4.0,2,0,0,0,8,True
2025-2025041311gm-00a9-0000-5f819544-02-s3-d14,157,B,2,7,"[34900,20700,17900,26500]",2,4.0,2,0,0,0,8,True
2025-2025041311gm-00a9-0000-5f819544-02-s3-d14,158,A,1,37,"[16400,30800,19500,33300]",1,10.0,1,3,0,0,6,True
2025-2025041311gm-00a9-0000-5f819544-02-s3-d14,158,B,2,7,"[24700,32700,31900,10700]",4,-10.0,1,3,0,0,7,True
2025-2025041311gm-00a9-0000-5f819544-02-s3-d14,159,A,1,37,"[6000,23000,29400,41600]",1,10.0,1,3,0,0,7,True
2025-2025041311gm-00a9-0000-5f819544-02-s3-d14,159,B,2,7,"[9900,16500,42300,31300]",2,4.0,1,3,0,0,7,True
2025-2025041311gm-00a9-0000-5f819544-02-s3-d14,160,A,1,37,"[18300,24800,31900,25000]",2,4.0,2,0,0,0,8,True
2025-2025041311gm-00a9-0000-5f819544-02-s3-d14,160,B,2,7,"[19800,19600,29700,30900]",1,10.0,1,3,0,0,6,True
2025-2025041311gm-00a9-0000-5f819544-02-s3-d14,161,A,1,37,"[23200,9500,25400,41900]",1,10.0,1,3,0,0,10,True
2025-2025041311gm-00a9-0000-5f819544-02-s3-d14,161,B,2,7,"[17500,32500,34100,15900]",4,-10.0,1,3,0,0,8,True
2025-2025041311gm-00a9-0000-5f819544-02-s3-d14,162,A,1,37,"[3300,41100,22500,33100]",2,4.0,1,3,0,0,9,True
2025-2025041311gm-00a9-0000-5f819544-02-s3-d14,162,B,2,7,"[23500,39600,5800,31100]",2,4.0,1,3,0,0,8,True
2025-2025041311gm-00a9-0000-5f819544-02-s3-d14,163,A,1,37,"[22800,20100,38500,18600]",4,-10.0,1,3,0,0,9,True
2025-2025041311gm-00a9-0000-5f819544-02-s3-d14,163,B,2,7,"[22800,20100,38500,18600]",4,-10.0,1,3,0,0,9,True
2025-2025041311gm-00a9-0000-5f819544-02-s3-d14,164,A,1,37,"[28500,22900,31300,17300]",4,-10.0,1,3,2,0,7,True
2025-2025041311gm-00a9-0000-5f819544-02-s3-d14,164,B,2,7,"[25100,27600,31200,16100]",4,-10.0,2,0,0,0,8,True
2025-2025041311gm-00a9-0000-5f819544-02-s3-d14,165,A,1,37,"[27600,23700,33300,15400]",4,-10.0,1,3,0,0,7,True
2025-2025041311gm-00a9-0000-5f819544-02-s3-d14,165,B,2,7,"[27600,23700,33300,15400]",4,-10.0,1,3,0,0,7,True
2025-2025041311gm-00a9-0000-5f819544-02-s3-d14,166,A,1,37,"[21000,28300,10700,40000]",1,10.0,2,1,0,0,8,True
2025-2025041311gm-00a9-0000-5f819544-02-s3-d14,166,B,2,7,"[21000,28300,10700,40000]",1,10.0,2,1,0,0,8,True
2025-2025041311gm-00a9-0000-5f819544-02-s3-d14,167,A,1,37,"[45400,15100,-2300,41800]",2,4.0,1,3,0,0,6,True
2025-2025041311gm-00a9-0000-5f819544-02-s3-d14,167,B,2,7,"[37300,13600,11200,37900]",1,10.0,1,3,0,0,6,True
2025-2025041311gm-00a9-0000-5f819544-02-s3-d14,168,A,1,37,"[31600,15700,29000,23700]",3,-4.0,1,3,2,0,9,True
2025-2025041311gm-00a9-0000-5f819544-02-s3-d14,168,B,2,7,"[31600,15700,29000,23700]",3,-4.0,1,3,2,0,9,True
2025-2025041311gm-00a9-0000-5f819544-02-s3-d14,169,A,1,37,"[28900,13400,25100,32600]",1,10.0,1,3,0,0,7,True
2025-2025041311gm-00a9-0000-5f819544-02-s3-d14,169,B,2,7,"[26800,18200,25000,30000]",1,10.0,1,3,0,0,7,True
2025-2025041311gm-00a9-0000-5f819544-02-s3-d14,170,A,1,37,"[27700,31000,28900,12400]",4,-10.0,1,3,0,0,6,True
2025-2025041311gm-00a9-0000-5f819544-02-s3-d14,170,B,2,7,"[48900,16300,36700,-1900]",4,-10.0,1,2,0,0,7,True
2025-2025041311gm-00a9-0000-5f819544-02-s3-d14,171,A,1,37,"[26700,14500,48300,10500]",4,-10.0,1,3,0,0,7,True
2025-2025041311gm-00a9-0000-5f819544-02-s3-d14,171,B,2,7,"[26700,14500,48300,10500]",4,-10.0,1,3,0,0,7,True
2025-2025041311gm-00a9-0000-5f819544-02-s3-d14,172,A,1,37,"[22900,17700,35600,23800]",2,4.0,1,3,0,0,9,True
2025-2025041311gm-00a9-0000-5f819544-02-s3-d14,172,B,2,7,"[16300,4000,39100,40600]",1,10.0,1,3,1,0,8,True
2025-2025041311gm-00a9-0000-5f819544-02-s3-d14,173,A,1,37,"[15600,39000,20500,24900]",2,4.0,1,3,0,0,6,True
2025-2025041311gm-00a9-0000-5f819544-02-s3-d14,173,B,2,7,"[18700,52000,9200,20100]",2,4.0,1,3,0,0,7,True
2025-2025041311gm-00a9-0000-5f819544-02-s3-d14,174,A,1,37,"[48400,19400,28000,4200]",4,-10.0,1,3,0,0,8,True
2025-2025041311gm-00a9-0000-5f819544-02-s3-d14,174,B,2,7,"[26600,30300,27900,15200]",4,-10.0,1,3,1,0,8,True
2025-2025041311gm-00a9-0000-5f819544-02-s3-d14,175,A,1,37,"[7300,22600,39200,30900]",2,4.0,1,3,0,0,7,True
2025-2025041311gm-00a9-0000-5f819544-02-s3-d14,175,B,2,7,"[7300,22600,39200,30900]",2,4.0,1,3,0,0,7,True
2025-2025041311gm-00a9-0000-5f819544-02-s3-d14,176,A,1,37,"[38800,34600,11000,15600]",3,-4.0,1,3,0,0,6,True
2025-2025041311gm-00a9-0000-5f819544-02-s3-d14,176,B,2,7,"[31900,25100,14500,28500]",2,4.0,1,3,0,0,6,True
2025-2025041311gm-00a9-0000-5f819544-02-s3-d14,177,A,1,37,"[22500,28300,22700,25500]",2,4.0,2,3,0,1,10,True
2025-2025041311gm-00a9-0000-5f819544-02-s3-d14,177,B,2,7,"[22500,28300,22700,25500]",2,4.0,2,3,0,1,10,True
2025-2025041311gm-00a9-0000-5f819544-02-s3-d14,178,A,1,37,"[23900,19500,25600,31000]",1,10.0,1,3,0,0,6,True
2025-2025041311gm-00a9-0000-5f819544-02-s3-d14,178,B,2,7,"[41700,24600,23400,10300]",4,-10.0,2,0,0,0,8,True
2025-2025041311gm-00a9-0000-5f819544-02-s3-d14,179,A,1,37,"[34000,10000,30200,25800]",3,-4.0,1,3,0,0,8,True
2025-2025041311gm-00a9-0000-5f819544-02-s3-d14,179,B,2,7,"[34000,10000,30200,25800]",3,-4.0,1,3,0,0,8,True
2025-2025041311gm-00a9-0000-5f819544-02-s3-d14,180,A,1,37,"[12600,14500,39000,33900]",2,4.0,1,3,0,0,7,True
2025-2025041311gm-00a9-0000-5f819544-02-s3-d14,180,B,2,7,"[12600,14500,39000,33900]",2,4.0,1,3,0,0,7,True
2025-2025041311gm-00a9-0000-5f819544-02-s3-d14,181,A,1,37,"[50000,4100,24300,21600]",3,-4.0,1,3,0,0,8,True
2025-2025041311gm-00a9-0000-5f819544-02-s3-d14,181,B,2,7,"[50000,4100,24300,21600]",3,-4.0,1,3,0,0,8,True
2025-2025041311gm-00a9-0000-5f819544-02-s3-d14,182,A,1,37,"[14500,13500,39300,32700]",2,4.0,1,3,0,0,6,True
2025-2025041311gm-00a9-0000-5f819544-02-s3-d14,182,B,2,7,"[14500,13500,39300,32700]",2,4.0,1,3,0,0,6,True
2025-2025041311gm-00a9-0000-5f819544-02-s3-d14,183,A,1,37,"[22400,13400,35500,28700]",2,4.0,1,3,0,0,6,True
2025-2025041311gm-00a9-0000-5f819544-02-s3-d14,183,B,2,7,"[33900,26500,21800,17800]",4,-10.0,1,3,0,0,6,True
2025-2025041311gm-00a9-0000-5f819544-02-s3-d14,184,A,1,37,"[9400,37000,29100,24500]",3,-4.0,1,3,0,0,7,True
2025-2025041311gm-00a9-0000-5f819544-02-s3-d14,184,B,2,7,"[19300,37800,25700,17200]",4,-10.0,1,3,0,0,9,True
2025-2025041311gm-00a9-0000-5f819544-02-s3-d14,185,A,1,37,"[17500,17900,33600,31000]",2,4.0,1,3,0,0,8,True
2025-2025041311gm-00a9-0000-5f819544-02-s3-d14,185,B,2,7,"[17500,17900,33600,31000]",2,4.0,1,3,0,0,8,True
2025-2025041311gm-00a9-0000-5f819544-02-s3-d14,186,A,1,37,"[36200,20300,34000,9500]",4,-10.0,1,3,0,0,8,True
2025-2025041311gm-00a9-0000-5f819544-02-s3-d14,186,B,2,7,"[36200,20300,34000,9500]",4,-10.0,1,3,0,0,8,True
2025-2025041311gm-00a9-0000-5f819544-02-s3-d14,187,A,1,37,"[29100,12100,30500,28300]",3,-4.0,1,3,0,0,6,True
2025-2025041311gm-00a9-0000-5f819544-02-s3-d14,187,B,2,7,"[29100,12100,30500,28300]",3,-4.0,1,3,0,0,6,True
2025-2025041311gm-00a9-0000-5f819544-02-s3-d14,188,A,1,37,"[-1200,58500,25100,17600]",3,-4.0,1,1,0,0,5,True
2025-2025041311gm-00a9-0000-5f819544-02-s3-d14,188,B,2,7,"[-1200,58500,25100,17600]",3,-4.0,1,1,0,0,5,True
2025-2025041311gm-00a9-0000-5f819544-02-s3-d14,189,A,1,37,"[48000,7100,31600,13300]",3,-4.0,1,3,0,0,6,True
2025-2025041311gm-00a9-0000-5f819544-02-s3-d14,189,B,2,7,"[48000,7100,31600,13300]",3,-4.0,1,3,0,0,6,True
2025-2025041311gm-00a9-0000-5f819544-02-s3-d14,190,A,1,37,"[25900,24100,42100,7900]",4,-10.0,1,3,2,0,8,True
2025-2025041311gm-00a9-0000-5f819544-02-s3-d14,190,B,2,7,"[25900,24100,42100,7900]",4,-10.0,1,3,2,0,8,True
2025-2025041311gm-00a9-0000-5f819544-02-s3-d14,191,A,1,37,"[20700,20600,36800,21900]",2,4.0,1,3,1,0,7,True
2025-2025041311gm-00a9-0000-5f819544-02-s3-d14,191,B,2,7,"[20700,20600,36800,21900]",2,4.0,1,3,1,0,7,True
2025-2025041311gm-00a9-0000-5f819544-02-s3-d14,192,A,1,37,"[19600,46600,25600,8200]",4,-10.0,1,3,0,0,9,True
2025-2025041311gm-00a9-0000-5f819544-02-s3-d14,192,B,2,7,"[31900,29400,17200,21500]",3,-4.0,1,3,1,0,8,True
2025-2025041311gm-00a9-0000-5f819544-02-s3-d14,193,A,1,37,"[16400,19800,44400,19400]",3,-4.0,1,3,0,0,8,True
2025-2025041311gm-00a9-0000-5f819544-02-s3-d14,193,B,2,7,"[21700,17500,47400,13400]",4,-10.0,1,3,1,0,8,True
2025-2025041311gm-00a9-0000-5f819544-02-s3-d14,194,A,1,37,"[36800,21300,30300,11600]",4,-10.0,1,3,0,0,6,True
2025-2025041311gm-00a9-0000-5f819544-02-s3-d14,194,B,2,7,"[36800,21300,30300,11600]",4,-10.0,1,3,0,0,6,True
2025-2025041311gm-00a9-0000-5f819544-02-s3-d14,195,A,1,37,"[33900,37300,27100,1700]",4,-10.0,1,3,1,0,7,True
2025-2025041311gm-00a9-0000-5f819544-02-s3-d14,195,B,2,7,"[14300,28200,36300,18200]",3,-4.0,1,3,2,3,8,True
2025-2025041311gm-00a9-0000-5f819544-02-s3-d14,196,A,1,37,"[28300,29700,34000,8000]",4,-10.0,2,1,0,0,8,True
2025-2025041311gm-00a9-0000-5f819544-02-s3-d14,196,B,2,7,"[28300,29700,34000,8000]",4,-10.0,2,1,0,0,8,True
2025-2025041311gm-00a9-0000-5f819544-02-s3-d14,197,A,1,37,"[30900,22000,23600,23500]",3,-4.0,2,0,0,0,9,True
2025-2025041311gm-00a9-0000-5f819544-02-s3-d14,197,B,2,7,"[16800,23300,39300,20600]",3,-4.0,1,3,1,0,6,True
2025-2025041311gm-00a9-0000-5f819544-02-s3-d14,198,A,1,37,"[15600,27500,39800,16100]",3,-4.0,1,3,0,1,7,True
2025-2025041311gm-00a9-0000-5f819544-02-s3-d14,198,B,2,7,"[34900,18600,39200,7300]",4,-10.0,1,3,0,0,6,True
2025-2025041311gm-00a9-0000-5f819544-02-s3-d14,199,A,1,37,"[9800,25400,28500,36300]",1,10.0,1,3,0,0,6,True
2025-2025041311gm-00a9-0000-5f819544-02-s3-d14,199,B,2,7,"[9800,25400,28500,36300]",1,10.0,1,3,0,0,6,True
2025-2025041311gm-00a9-0000-5f819544-02-s3-d14,200,A,1,37,"[16600,23400,35000,25000]",2,4.0,1,3,1,0,8,True
2025-2025041311gm-00a9-0000-5f819544-02-s3-d14,200,B,2,7,"[16600,23400,35000,25000]",2,4.0,1,3,1,0,8,True
2025-2025041311gm-00a9-0000-5f819544-02-s3-d14,201,A,1,37,"[16300,28100,34900,20700]",3,-4.0,1,3,0,0,7,True
2025-2025041311gm-00a9-0000-5f819544-02-s3-d14,201,B,2,7,"[16300,28100,34900,20700]",3,-4.0,1,3,0,0,7,True
2025-2025041311gm-00a9-0000-5f819544-02-s3-d14,202,A,1,37,"[36600,27300,23200,12900]",4,-10.0,1,3,0,0,7,True
2025-2025041311gm-00a9-0000-5f819544-02-s3-d14,202,B,2,7,"[36600,27300,23200,12900]",4,-10.0,1,3,0,0,7,True
2025-2025041311gm-00a9-0000-5f819544-02-s3-d14,203,A,1,37,"[26600,27300,31400,14700]",4,-10.0,1,3,1,0,10,True
2025-2025041311gm-00a9-0000-5f819544-02-s3-d14,203,B,2,7,"[26600,27300,31400,14700]",4,-10.0,1,3,1,0,10,True
2025-2025041311gm-00a9-0000-5f819544-02-s3-d14,204,A,1,37,"[6600,26100,44400,22900]",3,-4.0,1,3,0,0,10,True
2025-2025041311gm-00a9-0000-5f819544-02-s3-d14,204,B,2,7,"[6600,26100,44400,22900]",3,-4.0,1,3,0,0,10,True
2025-2025041311gm-00a9-0000-5f819544-02-s3-d14,205,A,1,37,"[48500,14100,25900,11500]",4,-10.0,1,3,1,0,8,True
2025-2025041311gm-00a9-0000-5f819544-02-s3-d14,205,B,2,7,"[52100,30100,2500,15300]",3,-4.0,1,3,0,0,8,True
2025-2025041311gm-00a9-0000-5f819544-02-s3-d14,206,A,1,37,"[8000,20000,29600,42400]",1,10.0,1,3,0,0,6,True
2025-2025041311gm-00a9-0000-5f819544-02-s3-d14,206,B,2,7,"[7600,11900,34800,45700]",1,10.0,1,3,0,0,6,True
2025-2025041311gm-00a9-0000-5f819544-02-s3-d14,207,A,1,37,"[14400,23700,25400,36500]",1,10.0,1,3,0,0,6,True
2025-2025041311gm-00a9-0000-5f819544-02-s3-d14,207,B,2,7,"[14400,23700,25400,36500]",1,10.0,1,3,0,0,6,True
2025-2025041311gm-00a9-0000-5f819544-02-s3-d14,208,A,1,37,"[27800,25900,38100,8200]",4,-10.0,1,3,0,0,6,True
2025-2025041311gm-00a9-0000-5f819544-02-s3-d14,208,B,2,7,"[35300,37600,26900,200]",4,-10.0,1,3,0,0,7,True
2025-2025041311gm-00a9-0000-5f819544-02-s3-d14,209,A,1,37,"[31700,30100,14700,23500]",3,-4.0,1,3,0,0,7,True
2025-2025041311gm-00a9-0000-5f819544-02-s3-d14,209,B,2,7,"[31700,30100,14700,23500]",3,-4.0,1,3,0,0,7,True
2025-2025041311gm-00a9-0000-5f819544-02-s3-d14,210,A,1,37,"[36700,16800,35800,10700]",4,-10.0,1,3,0,0,6,True
2025-2025041311gm-00a9-0000-5f819544-02-s3-d14,210,B,2,7,"[36700,16800,35800,10700]",4,-10.0,1,3,0,0,6,True
2025-2025041311gm-00a9-0000-5f819544-02-s3-d14,211,A,1,37,"[34100,28100,16700,21100]",3,-4.0,2,0,0,0,8,True
2025-2025041311gm-00a9-0000-5f819544-02-s3-d14,211,B,2,7,"[34100,28100,16700,21100]",3,-4.0,2,0,0,0,8,True
2025-2025041311gm-00a9-0000-5f819544-02-s3-d14,212,A,1,37,"[20500,20500,32900,26100]",2,4.0,2,1,2,0,10,True
2025-2025041311gm-00a9-0000-5f819544-02-s3-d14,212,B,2,7,"[20500,20500,32900,26100]",2,4.0,2,1,2,0,10,True
2025-2025041311gm-00a9-0000-5f819544-02-s3-d14,213,A,1,37,"[23300,8400,41200,27100]",2,4.0,1,3,1,0,8,True
2025-2025041311gm-00a9-0000-5f819544-02-s3-d14,213,B,2,7,"[21500,8900,50000,19600]",3,-4.0,1,3,1,0,8,True
2025-2025041311gm-00a9-0000-5f819544-02-s3-d14,214,A,1,37,"[22400,31600,46500,-500]",4,-10.0,1,2,0,0,7,True
2025-2025041311gm-00a9-0000-5f819544-02-s3-d14,214,B,2,7,"[22400,31600,46500,-500]",4,-10.0,1,2,0,0,7,True
2025-2025041311gm-00a9-0000-5f819544-02-s3-d14,215,A,1,37,"[9500,22800,29200,38500]",1,10.0,1,3,0,0,7,True
2025-2025041311gm-00a9-0000-5f819544-02-s3-d14,215,B,2,7,"[9500,22800,29200,38500]",1,10.0,1,3,0,0,7,True
2025-2025041311gm-00a9-0000-5f819544-02-s3-d14,216,A,1,37,"[21600,10300,33200,34900]",1,10.0,1,3,0,0,8,True
2025-2025041311gm-00a9-0000-5f819544-02-s3-d14,216,B,2,7,"[21600,10300,33200,34900]",1,10.0,1,3,0,0,8,True
2025-2025041311gm-00a9-0000-5f819544-02-s3-d14,217,A,1,37,"[36900,33400,30200,-500]",4,-10.0,1,2,1,0,6,True
2025-2025041311gm-00a9-0000-5f819544-02-s3-d14,217,B,2,7,"[25900,41300,33900,-1100]",4,-10.0,1,2,0,0,5,True
2025-2025041311gm-00a9-0000-5f819544-02-s3-d14,218,A,1,37,"[18600,62600,19600,-800]",4,-10.0,1,1,2,0,6,True
2025-2025041311gm-00a9-0000-5f819544-02-s3-d14,218,B,2,7,"[41200,10600,28500,19700]",3,-4.0,1,3,0,0,8,True
2025-2025041311gm-00a9-0000-5f819544-02-s3-d14,219,A,1,37,"[37200,13000,26900,22900]",3,-4.0,1,3,0,0,6,True
2025-2025041311gm-00a9-0000-5f819544-02-s3-d14,219,B,2,7,"[22600,18700,40900,17800]",4,-10.0,1,3,0,0,8,True
2025-2025041311gm-00a9-0000-5f819544-02-s3-d14,220,A,1,37,"[13300,38400,35400,12900]",4,-10.0,1,3,0,0,6,True
2025-2025041311gm-00a9-0000-5f819544-02-s3-d14,220,B,2,7,"[13300,38400,35400,12900]",4,-10.0,1,3,0,0,6,True
2025-2025041311gm-00a9-0000-5f819544-02-s3-d14,221,A,1,37,"[27200,31400,15800,25600]",3,-4.0,2,0,1,0,8,True
2025-2025041311gm-00a9-0000-5f819544-02-s3-d14,221,B,2,7,"[27200,31400,15800,25600]",3,-4.0,2,0,1,0,8,True
2025-2025041311gm-00a9-0000-5f819544-02-s3-d14,222,A,1,37,"[-1900,44500,37900,19500]",3,-4.0,1,2,0,0,7,True
2025-2025041311gm-00a9-0000-5f819544-02-s3-d14,222,B,2,7,"[-1900,44500,37900,19500]",3,-4.0,1,2,0,0,7,True
2025-2025041311gm-00a9-0000-5f819544-02-s3-d14,223,A,1,37,"[23500,38300,21000,17200]",4,-10.0,1,3,0,0,8,True
2025-2025041311gm-00a9-0000-5f819544-02-s3-d14,223,B,2,7,"[11700,14100,18900,55300]",1,10.0,1,3,0,0,10,True
2025-2025041311gm-00a9-0000-5f819544-02-s3-d14,224,A,1,37,"[25000,11200,39400,24400]",3,-4.0,1,3,0,0,7,True
2025-2025041311gm-00a9-0000-5f819544-02-s3-d14,224,B,2,7,"[25000,11200,39400,24400]",3,-4.0,1,3,0,0,7,True
2025-2025041311gm-00a9-0000-5f819544-02-s3-d14,225,A,1,37,"[-1800,31700,28900,41200]",1,10.0,1,3,0,0,7,True
2025-2025041311gm-00a9-0000-5f819544-02-s3-d14,225,B,2,7,"[-1800,31700,28900,41200]",1,10.0,1,3,0,0,7,True
2025-2025041311gm-00a9-0000-5f819544-02-s3-d14,226,A,1,37,"[6100,2700,48600,42600]",2,4.0,1,3,3,0,8,True
2025-2025041311gm-00a9-0000-5f819544-02-s3-d14,226,B,2,7,"[6100,2700,48600,42600]",2,4.0,1,3,3,0,8,True
2025-2025041311gm-00a9-0000-5f819544-02-s3-d14,227,A,1,37,"[30700,10800,25400,31100]",1,10.0,1,3,0,2,6,True
2025-2025041311gm-00a9-0000-5f819544-02-s3-d14,227,B,2,7,"[22500,33100,24100,20300]",4,-10.0,1,3,0,0,7,True
2025-2025041311gm-00a9-0000-5f819544-02-s3-d14,228,A,1,37,"[20300,24400,33900,21400]",3,-4.0,1,3,0,0,6,True
2025-2025041311gm-00a9-0000-5f819544-02-s3-d14,228,B,2,7,"[23500,27800,31400,17300]",4,-10.0,1,3,0,0,7,True
2025-2025041311gm-00a9-0000-5f819544-02-s3-d14,229,A,1,37,"[6300,26400,25200,42100]",1,10.0,1,3,0,0,8,True
2025-2025041311gm-00a9-0000-5f819544-02-s3-d14,229,B,2,7,"[6300,26400,25200,42100]",1,10.0,1,3,0,0,8,True
2025-2025041311gm-00a9-0000-5f819544-02-s3-d14,230,A,1,37,"[16100,24200,34000,25700]",2,4.0,1,3,0,0,7,True
2025-2025041311gm-00a9-0000-5f819544-02-s3-d14,230,B,2,7,"[23500,21600,31700,23200]",3,-4.0,1,3,1,0,6,True
2025-2025041311gm-00a9-0000-5f819544-02-s3-d14,231,A,1,37,"[9900,17400,35500,37200]",1,10.0,1,3,0,0,7,True
2025-2025041311gm-00a9-0000-5f819544-02-s3-d14,231,B,2,7,"[9900,17400,35500,37200]",1,10.0,1,3,0,0,7,True
2025-2025041311gm-00a9-0000-5f819544-02-s3-d14,232,A,1,37,"[-2700,14900,62900,24900]",2,4.0,1,2,0,0,5,True
2025-2025041311gm-00a9-0000-5f819544-02-s3-d14,232,B,2,7,"[-2700,14900,62900,24900]",2,4.0,1,2,0,0,5,True
2025-2025041311gm-00a9-0000-5f819544-02-s3-d14,233,A,1,37,"[19800,36500,11300,32400]",2,4.0,1,3,0,0,6,True
2025-2025041311gm-00a9-0000-5f819544-02-s3-d14,233,B,2,7,"[28100,41600,18000,12300]",4,-10.0,1,3,0,0,7,True
2025-2025041311gm-00a9-0000-5f819544-02-s3-d14,234,A,1,37,"[58800,20200,-200,21200]",2,4.0,1,3,0,0,8,True
2025-2025041311gm-00a9-0000-5f819544-02-s3-d14,234,B,2,7,"[58800,20200,-200,21200]",2,4.0,1,3,0,0,8,True
2025-2025041311gm-00a9-0000-5f819544-02-s3-d14,235,A,1,37,"[12100,20200,32400,35300]",1,10.0,1,3,0,0,7,True
2025-2025041311gm-00a9-0000-5f819544-02-s3-d14,235,B,2,7,"[22900,22500,13200,41400]",1,10.0,1,3,0,0,7,True
2025-2025041311gm-00a9-0000-5f819544-02-s3-d14,236,A,1,37,"[14900,16600,45400,23100]",2,4.0,1,3,0,0,8,True
2025-2025041311gm-00a9-0000-5f819544-02-s3-d14,236,B,2,7,"[23400,7900,31500,37200]",1,10.0,1,3,3,0,8,True
2025-2025041311gm-00a9-0000-5f819544-02-s3-d14,237,A,1,37,"[25700,31100,24200,19000]",4,-10.0,1,3,0,0,7,True
2025-2025041311gm-00a9-0000-5f819544-02-s3-d14,237,B,2,7,"[14400,31800,10200,42600]",1,10.0,1,3,0,1,8,True
2025-2025041311gm-00a9-0000-5f819544-02-s3-d14,238,A,1,37,"[31600,8900,33500,26000]",3,-4.0,1,3,0,0,10,True
2025-2025041311gm-00a9-0000-5f819544-02-s3-d14,238,B,2,7,"[36500,6900,22100,34500]",2,4.0,1,3,0,0,7,True
2025-2025041311gm-00a9-0000-5f819544-02-s3-d14,239,A,1,37,"[32000,13300,38000,16700]",3,-4.0,1,3,0,0,7,True
2025-2025041311gm-00a9-0000-5f819544-02-s3-d14,239,B,2,7,"[32000,13300,38000,16700]",3,-4.0,1,3,0,0,7,True
2025-2025041311gm-00a9-0000-5f819544-02-s3-d14,240,A,1,37,"[30300,18100,24900,26700]",2,4.0,1,3,0,0,6,True
2025-2025041311gm-00a9-0000-5f819544-02-s3-d14,240,B,2,7,"[31400,21800,11200,35600]",1,10.0,1,3,0,0,7,True
2025-2025041311gm-00a9-0000-5f819544-02-s3-d14,241,A,1,37,"[12400,21300,43100,23200]",2,4.0,1,3,0,0,7,True
2025-2025041311gm-00a9-0000-5f819544-02-s3-d14,241,B,2,7,"[12400,21300,43100,23200]",2,4.0,1,3,0,0,7,True
2025-2025041311gm-00a9-0000-5f819544-02-s3-d14,242,A,1,37,"[28400,6100,37200,28300]",3,-4.0,1,3,0,0,8,True
2025-2025041311gm-00a9-0000-5f819544-02-s3-d14,242,B,2,7,"[13900,17000,35100,34000]",2,4.0,1,3,0,0,6,True
2025-2025041311gm-00a9-0000-5f819544-02-s3-d14,243,A,1,37,"[13200,35700,33400,17700]",3,-4.0,1,3,0,0,6,True
2025-2025041311gm-00a9-0000-5f819544-02-s3-d14,243,B,2,7,"[13200,35700,33400,17700]",3,-4.0,1,3,0,0,6,True
2025-2025041311gm-00a9-0000-5f819544-02-s3-d14,244,A,1,37,"[14000,22000,33100,30900]",2,4.0,1,3,0,0,6,True
2025-2025041311gm-00a9-0000-5f819544-02-s3-d14,244,B,2,7,"[14000,22000,33100,30900]",2,4.0,1,3,0,0,6,True
2025-2025041311gm-00a9-0000-5f819544-02-s3-d14,245,A,1,37,"[17200,38500,27800,16500]",4,-10.0,1,3,1,0,8,True
2025-2025041311gm-00a9-0000-5f819544-02-s3-d14,245,B,2,7,"[13900,22800,15000,48300]",1,10.0,1,3,0,0,10,True
2025-2025041311gm-00a9-0000-5f819544-02-s3-d14,246,A,1,37,"[30200,-5800,33600,42000]",1,10.0,1,3,0,0,6,True
2025-2025041311gm-00a9-0000-5f819544-02-s3-d14,246,B,2,7,"[30200,-5800,33600,42000]",1,10.0,1,3,0,0,6,True
2025-2025041311gm-00a9-0000-5f819544-02-s3-d14,247,A,1,37,"[35900,37600,10800,15700]",3,-4.0,1,3,0,0,8,True
2025-2025041311gm-00a9-0000-5f819544-02-s3-d14,247,B,2,7,"[32100,26300,23800,17800]",4,-10.0,1,3,0,0,7,True
2025-2025041311gm-00a9-0000-5f819544-02-s3-d14,248,A,1,37,"[-6600,40700,45200,20700]",3,-4.0,1,2,0,0,7,True
2025-2025041311gm-00a9-0000-5f819544-02-s3-d14,248,B,2,7,"[-6600,40700,45200,20700]",3,-4.0,1,2,0,0,7,True
2025-2025041311gm-00a9-0000-5f819544-02-s3-d14,249,A,1,37,"[30800,19800,30000,19400]",4,-10.0,1,3,2,0,7,True
2025-2025041311gm-00a9-0000-5f819544-02-s3-d14,249,B,2,7,"[30800,19800,30000,19400]",4,-10.0,1,3,2,0,7,True
2025-2025041311gm-00a9-0000-5f819544-02-s3-d14,250,A,1,37,"[14500,25600,27800,32100]",1,10.0,1,3,0,0,7,True
2025-2025041311gm-00a9-0000-5f819544-02-s3-d14,250,B,2,7,"[14500,25600,27800,32100]",1,10.0,1,3,0,0,7,True
2025-2025041311gm-00a9-0000-5f819544-02-s3-d14,251,A,1,37,"[19100,26200,7200,47500]",1,10.0,1,3,0,0,6,True
2025-2025041311gm-00a9-0000-5f819544-02-s3-d14,251,B,2,7,"[19100,26200,7200,47500]",1,10.0,1,3,0,0,6,True
2025-2025041311gm-00a9-0000-5f819544-02-s3-d14,252,A,1,37,"[24000,36800,22200,17000]",4,-10.0,1,3,0,0,10,True
2025-2025041311gm-00a9-0000-5f819544-02-s3-d14,252,B,2,7,"[24000,36800,22200,17000]",4,-10.0,1,3,0,0,10,True
2025-2025041311gm-00a9-0000-5f819544-02-s3-d14,253,A,1,37,"[22200,24600,45100,8100]",4,-10.0,1,3,0,0,6,True
2025-2025041311gm-00a9-0000-5f819544-02-s3-d14,253,B,2,7,"[13200,38700,44400,3700]",4,-10.0,1,3,0,0,6,True
2025-2025041311gm-00a9-0000-5f819544-02-s3-d14,254,A,1,37,"[17600,23000,37500,21900]",3,-4.0,1,3,0,0,8,True
2025-2025041311gm-00a9-0000-5f819544-02-s3-d14,254,B,2,7,"[17100,38300,18900,25700]",2,4.0,1,3,0,0,6,True
2025-2025041311gm-00a9-0000-5f819544-02-s3-d14,255,A,1,37,"[16600,28000,33000,22400]",3,-4.0,2,1,0,0,11,True
2025-2025041311gm-00a9-0000-5f819544-02-s3-d14,255,B,2,7,"[35400,-3200,38600,29200]",3,-4.0,1,0,0,0,3,True
2025-2025041622gm-00a9-0000-82e8b63b-04-s1-d13,0,A,1,75,"[10700,45200,-1200,45300]",2,4.0,1,2,0,0,7,True
2025-2025041622gm-00a9-0000-82e8b63b-04-s1-d13,0,B,2,57,"[30400,33000,29700,6900]",1,10.0,1,3,0,0,9,True
2025-2025041622gm-00a9-0000-82e8b63b-04-s1-d13,1,A,1,75,"[17700,14200,46300,21800]",4,-10.0,1,3,1,0,8,True
2025-2025041622gm-00a9-0000-82e8b63b-04-s1-d13,1,B,2,57,"[20500,28900,35500,15100]",2,4.0,1,3,0,0,7,True
2025-2025041622gm-00a9-0000-82e8b63b-04-s1-d13,2,A,1,75,"[33900,33500,6500,26100]",2,4.0,1,3,2,0,10,True
2025-2025041622gm-00a9-0000-82e8b63b-04-s1-d13,2,B,2,57,"[26300,36700,35200,1800]",1,10.0,1,3,0,0,7,True
2025-2025041622gm-00a9-0000-82e8b63b-04-s1-d13,3,A,1,75,"[5300,28500,26000,40200]",2,4.0,1,3,0,0,7,True
2025-2025041622gm-00a9-0000-82e8b63b-04-s1-d13,3,B,2,57,"[31300,33000,26700,9000]",1,10.0,1,3,0,0,6,True
2025-2025041622gm-00a9-0000-82e8b63b-04-s1-d13,4,A,1,75,"[21600,19300,33300,23800]",4,-10.0,1,3,1,2,6,True
2025-2025041622gm-00a9-0000-82e8b63b-04-s1-d13,4,B,2,57,"[27500,38700,25700,8100]",1,10.0,1,3,0,0,6,True
2025-2025041622gm-00a9-0000-82e8b63b-04-s1-d13,5,A,1,75,"[3400,33300,23400,39900]",2,4.0,1,3,0,0,7,True
2025-2025041622gm-00a9-0000-82e8b63b-04-s1-d13,5,B,2,57,"[31100,18900,24200,25800]",4,-10.0,1,3,0,0,6,True
2025-2025041622gm-00a9-0000-82e8b63b-04-s1-d13,6,A,1,75,"[-5300,23100,51200,31000]",3,-4.0,1,1,1,0,6,True
2025-2025041622gm-00a9-0000-82e8b63b-04-s1-d13,6,B,2,57,"[27300,25400,14300,33000]",3,-4.0,1,3,0,0,7,True
2025-2025041622gm-00a9-0000-82e8b63b-04-s1-d13,7,A,1,75,"[31400,25400,23500,19700]",2,4.0,1,3,0,0,7,True
2025-2025041622gm-00a9-0000-82e8b63b-04-s1-d13,7,B,2,57,"[31800,30000,31500,6700]",3,-4.0,1,3,0,0,6,True
2025-2025041622gm-00a9-0000-82e8b63b-04-s1-d13,8,A,1,75,"[22800,30100,31100,16000]",2,4.0,1,3,0,0,7,True
2025-2025041622gm-00a9-0000-82e8b63b-04-s1-d13,8,B,2,57,"[23500,24300,34500,17700]",2,4.0,1,3,0,0,7,True
2025-2025041622gm-00a9-0000-82e8b63b-04-s1-d13,9,A,1,75,"[26000,29700,34300,10000]",2,4.0,1,3,0,0,8,True
2025-2025041622gm-00a9-0000-82e8b63b-04-s1-d13,9,B,2,57,"[23000,27600,35400,14000]",2,4.0,1,3,0,0,8,True
2025-2025041622gm-00a9-0000-82e8b63b-04-s1-d13,10,A,1,75,"[14500,23600,34800,26100]",3,-4.0,1,3,1,1,9,True
2025-2025041622gm-00a9-0000-82e8b63b-04-s1-d13,10,B,2,57,"[-2100,29200,44100,28800]",2,4.0,1,2,0,0,7,True
2025-2025041622gm-00a9-0000-82e8b63b-04-s1-d13,11,A,1,75,"[21700,23400,34900,20000]",2,4.0,1,3,0,0,7,True
2025-2025041622gm-00a9-0000-82e8b63b-04-s1-d13,11,B,2,57,"[23900,38900,37600,-400]",1,10.0,1,1,0,0,5,True
2025-2025041622gm-00a9-0000-82e8b63b-04-s1-d13,12,A,1,75,"[10900,29300,30700,29100]",2,4.0,1,3,0,0,8,True
2025-2025041622gm-00a9-0000-82e8b63b-04-s1-d13,12,B,2,57,"[18500,25500,34100,21900]",2,4.0,1,3,0,0,8,True
2025-2025041622gm-00a9-0000-82e8b63b-04-s1-d13,13,A,1,75,"[14000,55700,23300,7000]",1,10.0,1,3,0,0,8,True
2025-2025041622gm-00a9-0000-82e8b63b-04-s1-d13,13,B,2,57,"[13200,60600,3700,22500]",1,10.0,1,3,1,0,10,True
2025-2025041622gm-00a9-0000-82e8b63b-04-s1-d13,14,A,1,75,"[25300,25200,31400,18100]",3,-4.0,1,3,3,0,11,True
2025-2025041622gm-00a9-0000-82e8b63b-04-s1-d13,14,B,2,57,"[19100,15300,33600,32000]",4,-10.0,1,3,2,0,10,True
2025-2025041622gm-00a9-0000-82e8b63b-04-s1-d13,15,A,1,75,"[28700,33300,41700,-3700]",2,4.0,1,2,0,0,5,True
2025-2025041622gm-00a9-0000-82e8b63b-04-s1-d13,15,B,2,57,"[23300,22000,48200,6500]",3,-4.0,1,3,2,0,7,True
2025-2025041622gm-00a9-0000-82e8b63b-04-s1-d13,16,A,1,75,"[20300,35100,17600,27000]",1,10.0,1,3,0,0,6,True
2025-2025041622gm-00a9-0000-82e8b63b-04-s1-d13,16,B,2,57,"[25300,23300,18000,33400]",3,-4.0,1,3,0,0,6,True
2025-2025041622gm-00a9-0000-82e8b63b-04-s1-d13,17,A,1,75,"[-7600,20400,47800,39400]",3,-4.0,1,1,0,0,6,True
2025-2025041622gm-00a9-0000-82e8b63b-04-s1-d13,17,B,2,57,"[17300,21300,14300,47100]",2,4.0,1,3,0,0,7,True
2025-2025041622gm-00a9-0000-82e8b63b-04-s1-d13,18,A,1,75,"[30200,41300,11100,17400]",1,10.0,1,3,0,0,8,True
2025-2025041622gm-00a9-0000-82e8b63b-04-s1-d13,18,B,2,57,"[9100,18000,28900,44000]",3,-4.0,1,3,0,0,6,True
2025-2025041622gm-00a9-0000-82e8b63b-04-s1-d13,19,A,1,75,"[17000,22000,46600,14400]",2,4.0,1,3,0,0,7,True
2025-2025041622gm-00a9-0000-82e8b63b-04-s1-d13,19,B,2,57,"[14200,19100,51800,14900]",2,4.0,1,3,1,0,9,True
2025-2025041622gm-00a9-0000-82e8b63b-04-s1-d13,20,A,1,75,"[30200,38000,9100,22700]",1,10.0,1,3,1,0,9,True
2025-2025041622gm-00a9-0000-82e8b63b-04-s1-d13,20,B,2,57,"[22500,25500,37000,15000]",2,4.0,1,3,1,0,8,True
2025-2025041622gm-00a9-0000-82e8b63b-04-s1-d13,21,A,1,75,"[3900,42200,41300,12600]",1,10.0,1,3,0,0,7,True
2025-2025041622gm-00a9-0000-82e8b63b-04-s1-d13,21,B,2,57,"[13400,25800,36000,24800]",2,4.0,1,3,0,0,7,True
2025-2025041622gm-00a9-0000-82e8b63b-04-s1-d13,22,A,1,75,"[23900,41000,16800,18300]",1,10.0,1,3,1,0,9,True
2025-2025041622gm-00a9-0000-82e8b63b-04-s1-d13,22,B,2,57,"[29400,43700,22200,4700]",1,10.0,1,3,0,0,8,True
2025-2025041622gm-00a9-0000-82e8b63b-04-s1-d13,23,A,1,75,"[27800,19500,37200,15500]",3,-4.0,1,3,0,0,9,True
2025-2025041622gm-00a9-0000-82e8b63b-04-s1-d13,23,B,2,57,"[17800,12700,42600,26900]",4,-10.0,1,3,0,0,9,True
2025-2025041622gm-00a9-0000-82e8b63b-04-s1-d13,24,A,1,75,"[13800,33400,38000,14800]",2,4.0,1,3,1,0,8,True
2025-2025041622gm-00a9-0000-82e8b63b-04-s1-d13,24,B,2,57,"[-300,32600,43500,24200]",2,4.0,1,3,0,0,7,True
2025-2025041622gm-00a9-0000-82e8b63b-04-s1-d13,25,A,1,75,"[25600,43700,11800,18900]",1,10.0,1,3,0,0,6,True
2025-2025041622gm-00a9-0000-82e8b63b-04-s1-d13,25,B,2,57,"[1700,41900,19400,37000]",1,10.0,1,3,0,0,7,True
2025-2025041622gm-00a9-0000-82e8b63b-04-s1-d13,26,A,1,75,"[16500,27100,17900,38500]",2,4.0,1,3,0,0,6,True
2025-2025041622gm-00a9-0000-82e8b63b-04-s1-d13,26,B,2,57,"[12600,42600,22200,22600]",1,10.0,1,3,0,0,6,True
2025-2025041622gm-00a9-0000-82e8b63b-04-s1-d13,27,A,1,75,"[12700,42400,30000,14900]",1,10.0,1,3,1,0,9,True
2025-2025041622gm-00a9-0000-82e8b63b-04-s1-d13,27,B,2,57,"[24200,34800,21500,19500]",1,10.0,1,3,0,0,8,True
2025-2025041622gm-00a9-0000-82e8b63b-04-s1-d13,28,A,1,75,"[23300,30900,19100,26700]",1,10.0,1,3,0,0,6,True
2025-2025041622gm-00a9-0000-82e8b63b-04-s1-d13,28,B,2,57,"[10300,30600,55600,3500]",2,4.0,1,3,1,0,9,True
2025-2025041622gm-00a9-0000-82e8b63b-04-s1-d13,29,A,1,75,"[22600,34600,34000,8800]",1,10.0,1,3,2,0,9,True
2025-2025041622gm-00a9-0000-82e8b63b-04-s1-d13,29,B,2,57,"[21000,16100,35000,27900]",4,-10.0,1,3,1,0,8,True
2025-2025041622gm-00a9-0000-82e8b63b-04-s1-d13,30,A,1,75,"[15600,20900,41900,21600]",3,-4.0,1,3,0,0,6,True
2025-2025041622gm-00a9-0000-82e8b63b-04-s1-d13,30,B,2,57,"[18600,26200,10000,45200]",2,4.0,1,3,0,0,7,True
2025-2025041622gm-00a9-0000-82e8b63b-04-s1-d13,31,A,1,75,"[9300,37800,26300,26600]",1,10.0,1,3,0,0,6,True
2025-2025041622gm-00a9-0000-82e8b63b-04-s1-d13,31,B,2,57,"[11200,35100,26200,27500]",1,10.0,1,3,0,0,6,True
2025-2025041622gm-00a9-0000-82e8b63b-04-s1-d13,32,A,1,75,"[20300,42400,28400,8900]",1,10.0,1,3,0,0,6,True
2025-2025041622gm-00a9-0000-82e8b63b-04-s1-d13,32,B,2,57,"[16200,30600,21200,32000]",2,4.0,1,3,0,0,7,True
2025-2025041622gm-00a9-0000-82e8b63b-04-s1-d13,33,A,1,75,"[25100,39800,10000,25100]",1,10.0,1,3,0,0,8,True
2025-2025041622gm-00a9-0000-82e8b63b-04-s1-d13,33,B,2,57,"[14100,28600,30600,26700]",2,4.0,2,2,0,0,11,True
2025-2025041622gm-00a9-0000-82e8b63b-04-s1-d13,34,A,1,75,"[6000,34500,38800,20700]",2,4.0,1,3,0,0,9,True
2025-2025041622gm-00a9-0000-82e8b63b-04-s1-d13,34,B,2,57,"[26300,30200,31800,11700]",2,4.0,1,3,1,0,8,True
2025-2025041622gm-00a9-0000-82e8b63b-04-s1-d13,35,A,1,75,"[30500,35900,25500,7100]",1,10.0,1,3,0,1,7,True
2025-2025041622gm-00a9-0000-82e8b63b-04-s1-d13,35,B,2,57,"[23400,600,34800,41200]",4,-10.0,1,3,0,0,7,True
2025-2025041622gm-00a9-0000-82e8b63b-04-s1-d13,36,A,1,75,"[11300,37600,34400,16700]",1,10.0,1,3,0,0,10,True
2025-2025041622gm-00a9-0000-82e8b63b-04-s1-d13,36,B,2,57,"[18800,25500,23400,32300]",2,4.0,2,0,0,0,8,True
2025-2025041622gm-00a9-0000-82e8b63b-04-s1-d13,37,A,1,75,"[1700,32500,36700,29100]",2,4.0,1,3,1,0,8,True
2025-2025041622gm-00a9-0000-82e8b63b-04-s1-d13,37,B,2,57,"[11400,16900,55300,15400]",2,4.0,1,3,2,1,8,True
2025-2025041622gm-00a9-0000-82e8b63b-04-s1-d13,38,A,1,75,"[13500,57600,6800,22100]",1,10.0,1,3,0,0,7,True
2025-2025041622gm-00a9-0000-82e8b63b-04-s1-d13,38,B,2,57,"[25200,30800,15100,28900]",1,10.0,1,3,1,0,7,True
2025-2025041622gm-00a9-0000-82e8b63b-04-s1-d13,39,A,1,75,"[39700,13500,16600,30200]",4,-10.0,1,3,0,0,8,True
2025-2025041622gm-00a9-0000-82e8b63b-04-s1-d13,39,B,2,57,"[42100,-8000,20700,45200]",4,-10.0,1,3,0,0,8,True
2025-2025041622gm-00a9-0000-82e8b63b-04-s1-d13,40,A,1,75,"[17300,35800,28900,18000]",1,10.0,1,3,0,0,6,True
2025-2025041622gm-00a9-0000-82e8b63b-04-s1-d13,40,B,2,57,"[37200,20600,16800,25400]",3,-4.0,1,3,0,0,7,True
2025-2025041622gm-00a9-0000-82e8b63b-04-s1-d13,41,A,1,75,"[29100,17300,31800,21800]",4,-10.0,2,0,2,0,9,True
2025-2025041622gm-00a9-0000-82e8b63b-04-s1-d13,41,B,2,57,"[26200,10000,32000,31800]",4,-10.0,1,3,0,0,6,True
2025-2025041622gm-00a9-0000-82e8b63b-04-s1-d13,42,A,1,75,"[36300,17600,32400,13700]",3,-4.0,1,3,0,0,7,True
2025-2025041622gm-00a9-0000-82e8b63b-04-s1-d13,42,B,2,57,"[14500,43500,15200,26800]",1,10.0,1,3,1,0,7,True
2025-2025041622gm-00a9-0000-82e8b63b-04-s1-d13,43,A,1,75,"[-2100,17300,31900,52900]",3,-4.0,1,3,1,0,7,True
2025-2025041622gm-00a9-0000-82e8b63b-04-s1-d13,43,B,2,57,"[33800,27200,41700,-2700]",3,-4.0,1,0,1,0,4,True
2025-2025041622gm-00a9-0000-82e8b63b-04-s1-d13,44,A,1,75,"[22300,23200,41800,12700]",2,4.0,1,3,0,0,8,True
2025-2025041622gm-00a9-0000-82e8b63b-04-s1-d13,44,B,2,57,"[21500,44400,4000,30100]",1,10.0,1,3,0,0,10,True
2025-2025041622gm-00a9-0000-82e8b63b-04-s1-d13,45,A,1,75,"[15900,33000,40400,10700]",2,4.0,1,3,1,0,8,True
2025-2025041622gm-00a9-0000-82e8b63b-04-s1-d13,45,B,2,57,"[19200,43500,13700,23600]",1,10.0,1,3,0,0,6,True
2025-2025041622gm-00a9-0000-82e8b63b-04-s1-d13,46,A,1,75,"[46700,16300,20900,16100]",3,-4.0,1,3,0,0,6,True
2025-2025041622gm-00a9-0000-82e8b63b-04-s1-d13,46,B,2,57,"[2600,49200,36200,12000]",1,10.0,1,3,0,0,7,True
2025-2025041622gm-00a9-0000-82e8b63b-04-s1-d13,47,A,1,75,"[37700,41300,28200,-7200]",1,10.0,1,3,0,0,6,True
2025-2025041622gm-00a9-0000-82e8b63b-04-s1-d13,47,B,2,57,"[29900,22800,20800,26500]",3,-4.0,2,3,0,0,11,True
2025-2025041622gm-00a9-0000-82e8b63b-04-s1-d13,48,A,1,75,"[14200,38600,31800,15400]",1,10.0,1,3,0,0,7,True
2025-2025041622gm-00a9-0000-82e8b63b-04-s1-d13,48,B,2,57,"[26900,21200,12300,39600]",3,-4.0,2,0,2,0,9,True
2025-2025041622gm-00a9-0000-82e8b63b-04-s1-d13,49,A,1,75,"[4200,45700,29700,20400]",1,10.0,1,3,1,0,7,True
2025-2025041622gm-00a9-0000-82e8b63b-04-s1-d13,49,B,2,57,"[24600,17700,43400,14300]",3,-4.0,1,3,0,0,8,True
2025-2025041622gm-00a9-0000-82e8b63b-04-s1-d13,50,A,1,75,"[23300,36100,18400,22200]",1,10.0,1,3,0,0,6,True
2025-2025041622gm-00a9-0000-82e8b63b-04-s1-d13,50,B,2,57,"[24900,27100,13600,34400]",2,4.0,1,3,2,0,7,True
2025-2025041622gm-00a9-0000-82e8b63b-04-s1-d13,51,A,1,75,"[26700,40300,23400,9600]",1,10.0,1,3,0,0,8,True
2025-2025041622gm-00a9-0000-82e8b63b-04-s1-d13,51,B,2,57,"[46100,-1800,31300,24400]",4,-10.0,1,0,0,0,3,True
2025-2025041622gm-00a9-0000-82e8b63b-04-s1-d13,52,A,1,75,"[-300,45300,27600,27400]",1,10.0,1,2,0,0,7,True
2025-2025041622gm-00a9-0000-82e8b63b-04-s1-d13,52,B,2,57,"[14200,13400,40100,32300]",4,-10.0,1,3,1,0,8,True
2025-2025041622gm-00a9-0000-82e8b63b-04-s1-d13,53,A,1,75,"[12900,28300,35300,23500]",2,4.0,1,3,0,0,6,True
2025-2025041622gm-00a9-0000-82e8b63b-04-s1-d13,53,B,2,57,"[17600,31900,23200,27300]",1,10.0,1,3,0,0,6,True
2025-2025041622gm-00a9-0000-82e8b63b-04-s1-d13,54,A,1,75,"[21100,18800,25600,34500]",4,-10.0,2,0,0,0,8,True
2025-2025041622gm-00a9-0000-82e8b63b-04-s1-d13,54,B,2,57,"[18500,16200,26400,38900]",4,-10.0,1,3,0,0,6,True
2025-2025041622gm-00a9-0000-82e8b63b-04-s1-d13,55,A,1,75,"[31000,19500,34700,14800]",3,-4.0,1,3,0,0,6,True
2025-2025041622gm-00a9-0000-82e8b63b-04-s1-d13,55,B,2,57,"[29500,22500,14600,33400]",3,-4.0,1,3,0,0,6,True
2025-2025041622gm-00a9-0000-82e8b63b-04-s1-d13,56,A,1,75,"[25500,7700,34400,32400]",4,-10.0,1,3,0,0,8,True
2025-2025041622gm-00a9-0000-82e8b63b-04-s1-d13,56,B,2,57,"[7500,27200,28000,37300]",3,-4.0,1,3,0,0,8,True
2025-2025041622gm-00a9-0000-82e8b63b-04-s1-d13,57,A,1,75,"[13400,12200,33600,40800]",4,-10.0,1,3,1,0,9,True
2025-2025041622gm-00a9-0000-82e8b63b-04-s1-d13,57,B,2,57,"[22800,23000,20400,33800]",2,4.0,1,3,1,0,7,True
2025-2025041622gm-00a9-0000-82e8b63b-04-s1-d13,58,A,1,75,"[15800,35200,27800,21200]",1,10.0,1,3,0,0,6,True
2025-2025041622gm-00a9-0000-82e8b63b-04-s1-d13,58,B,2,57,"[24400,35100,20400,20100]",1,10.0,1,3,0,0,7,True
2025-2025041622gm-00a9-0000-82e8b63b-04-s1-d13,59,A,1,75,"[20000,37500,16900,25600]",1,10.0,1,3,0,0,8,True
2025-2025041622gm-00a9-0000-82e8b63b-04-s1-d13,59,B,2,57,"[12800,23500,43600,19100]",2,4.0,1,3,0,1,8,True
2025-2025041622gm-00a9-0000-82e8b63b-04-s1-d13,60,A,1,75,"[24700,48400,16200,10700]",1,10.0,1,3,0,0,8,True
2025-2025041622gm-00a9-0000-82e8b63b-04-s1-d13,60,B,2,57,"[29500,34300,19500,16700]",1,10.0,1,3,0,0,9,True
2025-2025041622gm-00a9-0000-82e8b63b-04-s1-d13,61,A,1,75,"[22300,50700,18900,8100]",1,10.0,1,3,0,0,9,True
2025-2025041622gm-00a9-0000-82e8b63b-04-s1-d13,61,B,2,57,"[24000,21900,38400,15700]",3,-4.0,1,3,0,0,6,True
2025-2025041622gm-00a9-0000-82e8b63b-04-s1-d13,62,A,1,75,"[22300,35500,900,41300]",2,4.0,1,3,0,0,7,True
2025-2025041622gm-00a9-0000-82e8b63b-04-s1-d13,62,B,2,57,"[45500,-4600,28800,30300]",4,-10.0,1,2,0,0,7,True
2025-2025041622gm-00a9-0000-82e8b63b-04-s1-d13,63,A,1,75,"[23800,37500,24200,14500]",1,10.0,1,3,1,0,7,True
2025-2025041622gm-00a9-0000-82e8b63b-04-s1-d13,63,B,2,57,"[20100,21200,32900,25800]",3,-4.0,2,0,0,0,9,True
2025-2025041622gm-00a9-0000-82e8b63b-04-s1-d13,64,A,1,75,"[22600,18600,32300,26500]",4,-10.0,2,1,0,0,8,True
2025-2025041622gm-00a9-0000-82e8b63b-04-s1-d13,64,B,2,57,"[14700,30300,34600,20400]",2,4.0,1,3,0,0,6,True
2025-2025041622gm-00a9-0000-82e8b63b-04-s1-d13,65,A,1,75,"[14000,31100,33400,21500]",2,4.0,1,3,0,0,9,True
2025-2025041622gm-00a9-0000-82e8b63b-04-s1-d13,65,B,2,57,"[21000,21500,48700,8800]",2,4.0,1,3,0,0,12,True
2025-2025041622gm-00a9-0000-82e8b63b-04-s1-d13,66,A,1,75,"[19600,18300,54100,7000]",3,-4.0,1,3,1,1,9,True
2025-2025041622gm-00a9-0000-82e8b63b-04-s1-d13,66,B,2,57,"[14400,21000,40800,23800]",3,-4.0,1,3,0,0,7,True
2025-2025041622gm-00a9-0000-82e8b63b-04-s1-d13,67,A,1,75,"[30600,14500,36100,16800]",4,-10.0,1,3,0,2,10,True
2025-2025041622gm-00a9-0000-82e8b63b-04-s1-d13,67,B,2,57,"[31500,32900,24000,11600]",1,10.0,1,3,2,0,9,True
2025-2025041622gm-00a9-0000-82e8b63b-04-s1-d13,68,A,1,75,"[23900,35100,30000,11000]",1,10.0,1,3,3,0,11,True
2025-2025041622gm-00a9-0000-82e8b63b-04-s1-d13,68,B,2,57,"[8900,50800,11200,29100]",1,10.0,1,3,1,0,10,True
2025-2025041622gm-00a9-0000-82e8b63b-04-s1-d13,69,A,1,75,"[24700,37900,21800,15600]",1,10.0,1,3,0,0,6,True
2025-2025041622gm-00a9-0000-82e8b63b-04-s1-d13,69,B,2,57,"[35300,22900,32200,9600]",3,-4.0,1,3,0,0,6,True
2025-2025041622gm-00a9-0000-82e8b63b-04-s1-d13,70,A,1,75,"[22500,33600,26500,17400]",1,10.0,2,0,1,0,10,True
2025-2025041622gm-00a9-0000-82e8b63b-04-s1-d13,70,B,2,57,"[22500,21300,30600,25600]",4,-10.0,2,3,1,0,12,True
2025-2025041622gm-00a9-0000-82e8b63b-04-s1-d13,71,A,1,75,"[14100,44200,13400,28300]",1,10.0,1,3,2,0,7,True
2025-2025041622gm-00a9-0000-82e8b63b-04-s1-d13,71,B,2,57,"[17300,12900,51000,18800]",4,-10.0,1,3,0,0,8,True
2025-2025041622gm-00a9-0000-82e8b63b-04-s1-d13,72,A,1,75,"[4700,19800,33900,41600]",3,-4.0,1,3,0,0,6,True
2025-2025041622gm-00a9-0000-82e8b63b-04-s1-d13,72,B,2,57,"[16100,40900,41500,1500]",2,4.0,1,3,0,0,7,True
2025-2025041622gm-00a9-0000-82e8b63b-04-s1-d13,73,A,1,75,"[14500,22300,35800,27400]",3,-4.0,1,3,0,0,8,True
2025-2025041622gm-00a9-0000-82e8b63b-04-s1-d13,73,B,2,57,"[30100,23700,22500,22700]",2,4.0,1,3,0,1,6,True
2025-2025041622gm-00a9-0000-82e8b63b-04-s1-d13,74,A,1,75,"[10100,40100,21900,27900]",1,10.0,1,3,1,0,7,True
2025-2025041622gm-00a9-0000-82e8b63b-04-s1-d13,74,B,2,57,"[19800,44300,25700,10200]",1,10.0,1,3,0,0,6,True
2025-2025041622gm-00a9-0000-82e8b63b-04-s1-d13,75,A,1,75,"[26300,26100,41200,6400]",3,-4.0,1,3,0,0,6,True
2025-2025041622gm-00a9-0000-82e8b63b-04-s1-d13,75,B,2,57,"[14100,30300,49500,6100]",2,4.0,1,3,0,0,8,True
2025-2025041622gm-00a9-0000-82e8b63b-04-s1-d13,76,A,1,75,"[26700,43200,28900,1200]",1,10.0,1,3,0,0,6,True
2025-2025041622gm-00a9-0000-82e8b63b-04-s1-d13,76,B,2,57,"[28200,21300,38800,11700]",3,-4.0,1,3,0,0,6,True
2025-2025041622gm-00a9-0000-82e8b63b-04-s1-d13,77,A,1,75,"[7500,37400,43000,12100]",2,4.0,1,3,0,0,7,True
2025-2025041622gm-00a9-0000-82e8b63b-04-s1-d13,77,B,2,57,"[23200,24900,33600,18300]",2,4.0,1,3,0,0,6,True
2025-2025041622gm-00a9-0000-82e8b63b-04-s1-d13,78,A,1,75,"[30300,8900,20600,40200]",4,-10.0,1,3,0,0,8,True
2025-2025041622gm-00a9-0000-82e8b63b-04-s1-d13,78,B,2,57,"[47500,2300,12400,37800]",4,-10.0,1,3,0,0,8,True
2025-2025041622gm-00a9-0000-82e8b63b-04-s1-d13,79,A,1,75,"[3800,41300,40600,14300]",1,10.0,1,3,0,0,7,True
2025-2025041622gm-00a9-0000-82e8b63b-04-s1-d13,79,B,2,57,"[5000,22000,41200,31800]",3,-4.0,1,3,0,0,6,True
2025-2025041622gm-00a9-0000-82e8b63b-04-s1-d13,80,A,1,75,"[18700,28200,44800,8300]",2,4.0,1,3,0,0,8,True
2025-2025041622gm-00a9-0000-82e8b63b-04-s1-d13,80,B,2,57,"[12700,22100,42400,22800]",3,-4.0,1,3,1,0,7,True
2025-2025041622gm-00a9-0000-82e8b63b-04-s1-d13,81,A,1,75,"[29600,38000,18400,14000]",1,10.0,1,3,0,0,7,True
2025-2025041622gm-00a9-0000-82e8b63b-04-s1-d13,81,B,2,57,"[37100,17900,38500,6500]",3,-4.0,1,3,2,0,7,True
2025-2025041622gm-00a9-0000-82e8b63b-04-s1-d13,82,A,1,75,"[36600,32500,9600,21300]",2,4.0,1,3,2,0,8,True
2025-2025041622gm-00a9-0000-82e8b63b-04-s1-d13,82,B,2,57,"[31700,11600,27800,28900]",4,-10.0,1,3,1,0,9,True
2025-2025041622gm-00a9-0000-82e8b63b-04-s1-d13,83,A,1,75,"[34100,11500,24500,29900]",4,-10.0,1,3,0,0,9,True
2025-2025041622gm-00a9-0000-82e8b63b-04-s1-d13,83,B,2,57,"[21000,5900,26700,46400]",4,-10.0,1,3,0,0,7,True
2025-2025041622gm-00a9-0000-82e8b63b-04-s1-d13,84,A,1,75,"[50500,27900,12100,9500]",2,4.0,1,3,1,0,8,True
2025-2025041622gm-00a9-0000-82e8b63b-04-s1-d13,84,B,2,57,"[46400,26900,13200,13500]",2,4.0,1,3,0,0,8,True
2025-2025041622gm-00a9-0000-82e8b63b-04-s1-d13,85,A,1,75,"[15000,50100,19800,15100]",1,10.0,1,3,1,0,7,True
2025-2025041622gm-00a9-0000-82e8b63b-04-s1-d13,85,B,2,57,"[19800,50300,12200,17700]",1,10.0,1,3,0,0,8,True
2025-2025041622gm-00a9-0000-82e8b63b-04-s1-d13,86,A,1,75,"[23900,23200,14100,38800]",3,-4.0,1,3,0,0,8,True
2025-2025041622gm-00a9-0000-82e8b63b-04-s1-d13,86,B,2,57,"[19300,21300,31300,28100]",3,-4.0,1,3,0,0,8,True
2025-2025041622gm-00a9-0000-82e8b63b-04-s1-d13,87,A,1,75,"[3100,35600,26600,34700]",1,10.0,1,3,0,0,6,True
2025-2025041622gm-00a9-0000-82e8b63b-04-s1-d13,87,B,2,57,"[14800,29900,23300,32000]",2,4.0,1,3,0,0,6,True
2025-2025041622gm-00a9-0000-82e8b63b-04-s1-d13,88,A,1,75,"[13500,17600,33600,35300]",3,-4.0,1,3,0,0,7,True
2025-2025041622gm-00a9-0000-82e8b63b-04-s1-d13,88,B,2,57,"[16300,19100,33200,31400]",3,-4.0,1,3,0,0,7,True
2025-2025041622gm-00a9-0000-82e8b63b-04-s1-d13,89,A,1,75,"[14900,43900,25300,15900]",1,10.0,1,3,1,0,7,True
2025-2025041622gm-00a9-0000-82e8b63b-04-s1-d13,89,B,2,57,"[23700,32300,23900,20100]",1,10.0,1,3,0,0,6,True
2025-2025041622gm-00a9-0000-82e8b63b-04-s1-d13,90,A,1,75,"[31600,36600,30900,900]",1,10.0,1,3,0,0,7,True
2025-2025041622gm-00a9-0000-82e8b63b-04-s1-d13,90,B,2,57,"[16600,35100,30400,17900]",1,10.0,1,3,0,0,7,True
2025-2025041622gm-00a9-0000-82e8b63b-04-s1-d13,91,A,1,75,"[7300,34500,32300,25900]",1,10.0,1,3,0,0,9,True
2025-2025041622gm-00a9-0000-82e8b63b-04-s1-d13,91,B,2,57,"[24800,16200,25700,33300]",4,-10.0,1,3,0,0,8,True
2025-2025041622gm-00a9-0000-82e8b63b-04-s1-d13,92,A,1,75,"[37700,43000,5900,13400]",1,10.0,1,3,1,0,7,True
2025-2025041622gm-00a9-0000-82e8b63b-04-s1-d13,92,B,2,57,"[21200,31200,31900,15700]",2,4.0,1,3,0,0,8,True
2025-2025041622gm-00a9-0000-82e8b63b-04-s1-d13,93,A,1,75,"[13300,14900,31000,40800]",3,-4.0,1,3,0,0,7,True
2025-2025041622gm-00a9-0000-82e8b63b-04-s1-d13,93,B,2,57,"[18400,35000,15500,31100]",1,10.0,1,3,0,0,7,True
2025-2025041622gm-00a9-0000-82e8b63b-04-s1-d13,94,A,1,75,"[15300,47200,16900,20600]",1,10.0,1,3,0,0,6,True
2025-2025041622gm-00a9-0000-82e8b63b-04-s1-d13,94,B,2,57,"[15300,38700,27100,18900]",1,10.0,1,3,0,0,6,True
2025-2025041622gm-00a9-0000-82e8b63b-04-s1-d13,95,A,1,75,"[35600,29700,19300,15400]",2,4.0,1,3,0,0,8,True
2025-2025041622gm-00a9-0000-82e8b63b-04-s1-d13,95,B,2,57,"[6500,28700,35300,29500]",3,-4.0,1,3,0,0,8,True
2025-2025041622gm-00a9-0000-82e8b63b-04-s1-d13,96,A,1,75,"[17200,39500,19500,23800]",1,10.0,1,3,1,0,9,True
2025-2025041622gm-00a9-0000-82e8b63b-04-s1-d13,96,B,2,57,"[6100,19900,38200,32800]",3,-4.0,1,3,4,3,9,True
2025-2025041622gm-00a9-0000-82e8b63b-04-s1-d13,97,A,1,75,"[17900,32600,24100,25400]",1,10.0,1,3,1,0,8,True
2025-2025041622gm-00a9-0000-82e8b63b-04-s1-d13,97,B,2,57,"[25400,30900,24700,19000]",1,10.0,1,3,0,0,7,True
2025-2025041622gm-00a9-0000-82e8b63b-04-s1-d13,98,A,1,75,"[22500,22800,34400,20300]",2,4.0,2,1,0,0,8,True
2025-2025041622gm-00a9-0000-82e8b63b-04-s1-d13,98,B,2,57,"[18100,20300,32400,29200]",3,-4.0,1,3,2,0,9,True
2025-2025041622gm-00a9-0000-82e8b63b-04-s1-d13,99,A,1,75,"[15800,54500,21300,8400]",1,10.0,1,3,0,0,7,True
2025-2025041622gm-00a9-0000-82e8b63b-04-s1-d13,99,B,2,57,"[17300,49300,24300,8100]",1,10.0,1,3,1,1,8,True
2025-2025041622gm-00a9-0000-82e8b63b-04-s1-d13,100,A,1,75,"[2400,38400,33300,25900]",1,10.0,1,3,1,0,8,True
2025-2025041622gm-00a9-0000-82e8b63b-04-s1-d13,100,B,2,57,"[8300,16200,39100,36400]",3,-4.0,1,3,0,0,8,True
2025-2025041622gm-00a9-0000-82e8b63b-04-s1-d13,101,A,1,75,"[24200,43300,20200,12300]",1,10.0,1,3,1,0,6,True
2025-2025041622gm-00a9-0000-82e8b63b-04-s1-d13,101,B,2,57,"[27500,39000,17900,15600]",1,10.0,1,3,1,0,6,True
2025-2025041622gm-00a9-0000-82e8b63b-04-s1-d13,102,A,1,75,"[33600,20200,35300,10900]",3,-4.0,1,3,2,0,7,True
2025-2025041622gm-00a9-0000-82e8b63b-04-s1-d13,102,B,2,57,"[20500,27600,42300,9600]",2,4.0,1,3,1,0,8,True
2025-2025041622gm-00a9-0000-82e8b63b-04-s1-d13,103,A,1,75,"[23200,18800,32800,25200]",4,-10.0,1,3,2,0,8,True
2025-2025041622gm-00a9-0000-82e8b63b-04-s1-d13,103,B,2,57,"[23300,22000,34000,20700]",3,-4.0,1,3,2,0,8,True
2025-2025041622gm-00a9-0000-82e8b63b-04-s1-d13,104,A,1,75,"[16800,35900,14900,32400]",1,10.0,1,3,0,0,7,True
2025-2025041622gm-00a9-0000-82e8b63b-04-s1-d13,104,B,2,57,"[22500,38000,24000,15500]",1,10.0,1,3,0,0,6,True
2025-2025041622gm-00a9-0000-82e8b63b-04-s1-d13,105,A,1,75,"[5500,43700,25700,25100]",1,10.0,1,3,0,0,6,True
2025-2025041622gm-00a9-0000-82e8b63b-04-s1-d13,105,B,2,57,"[35800,18300,27800,18100]",3,-4.0,1,3,0,0,6,True
2025-2025041622gm-00a9-0000-82e8b63b-04-s1-d13,106,A,1,75,"[23600,38100,10300,27000]",1,10.0,1,3,0,1,7,True
2025-2025041622gm-00a9-0000-82e8b63b-04-s1-d13,106,B,2,57,"[-200,52600,25100,22500]",1,10.0,1,3,0,0,7,True
2025-2025041622gm-00a9-0000-82e8b63b-04-s1-d13,107,A,1,75,"[7000,35200,35800,22000]",2,4.0,1,3,0,0,7,True
2025-2025041622gm-00a9-0000-82e8b63b-04-s1-d13,107,B,2,57,"[17000,36600,20300,26100]",1,10.0,1,3,1,0,9,True
2025-2025041622gm-00a9-0000-82e8b63b-04-s1-d13,108,A,1,75,"[27000,24300,23100,24600]",3,-4.0,2,3,0,1,14,True
2025-2025041622gm-00a9-0000-82e8b63b-04-s1-d13,108,B,2,57,"[21100,37400,13800,27700]",1,10.0,2,1,0,0,10,True
2025-2025041622gm-00a9-0000-82e8b63b-04-s1-d13,109,A,1,75,"[38700,3300,30600,27400]",4,-10.0,1,3,1,0,7,True
2025-2025041622gm-00a9-0000-82e8b63b-04-s1-d13,109,B,2,57,"[39000,9700,23300,28000]",4,-10.0,1,3,1,0,7,True
2025-2025041622gm-00a9-0000-82e8b63b-04-s1-d13,110,A,1,75,"[19400,21000,43900,15700]",2,4.0,1,3,0,0,6,True
2025-2025041622gm-00a9-0000-82e8b63b-04-s1-d13,110,B,2,57,"[19500,25800,38600,16100]",2,4.0,1,3,0,0,6,True
2025-2025041622gm-00a9-0000-82e8b63b-04-s1-d13,111,A,1,75,"[24000,9400,31600,35000]",4,-10.0,1,3,0,0,8,True
2025-2025041622gm-00a9-0000-82e8b63b-04-s1-d13,111,B,2,57,"[23300,37000,22300,17400]",1,10.0,1,3,0,0,8,True
2025-2025041622gm-00a9-0000-82e8b63b-04-s1-d13,112,A,1,75,"[29000,16400,36200,18400]",4,-10.0,1,3,0,0,8,True
2025-2025041622gm-00a9-0000-82e8b63b-04-s1-d13,112,B,2,57,"[800,40200,24000,35000]",1,10.0,1,3,0,0,8,True
2025-2025041622gm-00a9-0000-82e8b63b-04-s1-d13,113,A,1,75,"[26200,36600,26100,11100]",1,10.0,1,3,0,0,7,True
2025-2025041622gm-00a9-0000-82e8b63b-04-s1-d13,113,B,2,57,"[20600,27300,36100,16000]",2,4.0,1,3,0,0,7,True
2025-2025041622gm-00a9-0000-82e8b63b-04-s1-d13,114,A,1,75,"[29200,42300,20900,7600]",1,10.0,1,3,0,0,6,True
2025-2025041622gm-00a9-0000-82e8b63b-04-s1-d13,114,B,2,57,"[9500,35400,42200,12900]",2,4.0,1,3,0,0,6,True
2025-2025041622gm-00a9-0000-82e8b63b-04-s1-d13,115,A,1,75,"[20100,29900,31700,18300]",2,4.0,1,3,0,0,6,True
2025-2025041622gm-00a9-0000-82e8b63b-04-s1-d13,115,B,2,57,"[22100,29900,33300,14700]",2,4.0,1,3,0,0,6,True
2025-2025041622gm-00a9-0000-82e8b63b-04-s1-d13,116,A,1,75,"[18600,33800,36200,11400]",2,4.0,1,3,1,0,6,True
2025-2025041622gm-00a9-0000-82e8b63b-04-s1-d13,116,B,2,57,"[31800,24300,28500,15400]",3,-4.0,1,3,0,0,7,True
2025-2025041622gm-00a9-0000-82e8b63b-04-s1-d13,117,A,1,75,"[35000,22000,27800,15200]",3,-4.0,1,3,0,0,7,True
2025-2025041622gm-00a9-0000-82e8b63b-04-s1-d13,117,B,2,57,"[30700,32100,22300,14900]",1,10.0,1,3,0,0,6,True
2025-2025041622gm-00a9-0000-82e8b63b-04-s1-d13,118,A,1,75,"[7200,44900,27200,20700]",1,10.0,1,3,0,0,7,True
2025-2025041622gm-00a9-0000-82e8b63b-04-s1-d13,118,B,2,57,"[19500,44900,22500,13100]",1,10.0,1,3,0,0,9,True
2025-2025041622gm-00a9-0000-82e8b63b-04-s1-d13,119,A,1,75,"[22500,44900,100,32500]",1,10.0,1,3,1,0,8,True
2025-2025041622gm-00a9-0000-82e8b63b-04-s1-d13,119,B,2,57,"[25700,36000,21700,16600]",1,10.0,1,3,0,0,7,True
2025-2025041622gm-00a9-0000-82e8b63b-04-s1-d13,120,A,1,75,"[27500,32300,27400,12800]",1,10.0,1,3,0,0,7,True
2025-2025041622gm-00a9-0000-82e8b63b-04-s1-d13,120,B,2,57,"[14700,24200,45600,15500]",2,4.0,1,3,1,0,6,True
2025-2025041622gm-00a9-0000-82e8b63b-04-s1-d13,121,A,1,75,"[27800,23000,33300,15900]",3,-4.0,1,3,1,0,8,True
2025-2025041622gm-00a9-0000-82e8b63b-04-s1-d13,121,B,2,57,"[41200,20800,20700,17300]",2,4.0,1,3,0,0,9,True
2025-2025041622gm-00a9-0000-82e8b63b-04-s1-d13,122,A,1,75,"[27700,16100,31700,24500]",4,-10.0,1,3,0,0,6,True
2025-2025041622gm-00a9-0000-82e8b63b-04-s1-d13,122,B,2,57,"[18900,22300,33300,25500]",3,-4.0,1,3,0,0,6,True
2025-2025041622gm-00a9-0000-82e8b63b-04-s1-d13,123,A,1,75,"[11800,50700,21800,15700]",1,10.0,1,3,0,0,9,True
2025-2025041622gm-00a9-0000-82e8b63b-04-s1-d13,123,B,2,57,"[15300,23800,42600,17300]",2,4.0,1,3,3,1,8,True
2025-2025041622gm-00a9-0000-82e8b63b-04-s1-d13,124,A,1,75,"[15200,16600,52500,15700]",2,4.0,1,3,1,0,12,True
2025-2025041622gm-00a9-0000-82e8b63b-04-s1-d13,124,B,2,57,"[34900,31600,12000,21500]",2,4.0,1,3,1,0,7,True
2025-2025041622gm-00a9-0000-82e8b63b-04-s1-d13,125,A,1,75,"[36900,16400,18900,26800]",4,-10.0,1,3,0,1,7,True
2025-2025041622gm-00a9-0000-82e8b63b-04-s1-d13,125,B,2,57,"[30300,25400,29200,15100]",3,-4.0,1,3,0,0,6,True
2025-2025041622gm-00a9-0000-82e8b63b-04-s1-d13,126,A,1,75,"[26800,33900,29900,9400]",1,10.0,1,3,0,0,6,True
2025-2025041622gm-00a9-0000-82e8b63b-04-s1-d13,126,B,2,57,"[11900,29400,22900,35800]",2,4.0,1,3,0,0,7,True
2025-2025041622gm-00a9-0000-82e8b63b-04-s1-d13,127,A,1,75,"[21300,27500,34300,16900]",2,4.0,1,3,2,0,8,True
2025-2025041622gm-00a9-0000-82e8b63b-04-s1-d13,127,B,2,57,"[7700,23200,46500,22600]",2,4.0,1,3,0,0,8,True
2025-2025041622gm-00a9-0000-82e8b63b-04-s1-d13,128,A,1,75,"[14800,43300,42800,-900]",1,10.0,1,3,1,0,7,True
2025-2025041622gm-00a9-0000-82e8b63b-04-s1-d13,128,B,2,57,"[18800,30300,43400,7500]",2,4.0,1,3,1,0,7,True
2025-2025041622gm-00a9-0000-82e8b63b-04-s1-d13,129,A,1,75,"[13700,37200,31500,17600]",1,10.0,1,3,0,0,8,True
2025-2025041622gm-00a9-0000-82e8b63b-04-s1-d13,129,B,2,57,"[26200,41700,22000,10100]",1,10.0,1,3,0,0,8,True
2025-2025041622gm-00a9-0000-82e8b63b-04-s1-d13,130,A,1,75,"[20800,22900,23600,32700]",3,-4.0,1,3,0,0,7,True
2025-2025041622gm-00a9-0000-82e8b63b-04-s1-d13,130,B,2,57,"[5800,46300,40000,7900]",1,10.0,1,3,1,0,10,True
2025-2025041622gm-00a9-0000-82e8b63b-04-s1-d13,131,A,1,75,"[22300,34500,26000,17200]",1,10.0,1,3,1,0,6,True
2025-2025041622gm-00a9-0000-82e8b63b-04-s1-d13,131,B,2,57,"[18700,31200,32300,17800]",2,4.0,1,3,1,0,6,True
2025-2025041622gm-00a9-0000-82e8b63b-04-s1-d13,132,A,1,75,"[26500,27400,14700,31400]",2,4.0,1,3,0,0,8,True
2025-2025041622gm-00a9-0000-82e8b63b-04-s1-d13,132,B,2,57,"[35900,34000,16700,13400]",2,4.0,1,3,0,0,6,True
2025-2025041622gm-00a9-0000-82e8b63b-04-s1-d13,133,A,1,75,"[15300,5700,33200,45800]",4,-10.0,1,3,0,0,11,True
2025-2025041622gm-00a9-0000-82e8b63b-04-s1-d13,133,B,2,57,"[40900,23400,6400,29300]",3,-4.0,1,3,1,0,10,True
2025-2025041622gm-00a9-0000-82e8b63b-04-s1-d13,134,A,1,75,"[23000,27200,31500,18300]",2,4.0,1,3,0,0,7,True
2025-2025041622gm-00a9-0000-82e8b63b-04-s1-d13,134,B,2,57,"[10000,29900,39700,20400]",2,4.0,1,3,0,0,7,True
2025-2025041622gm-00a9-0000-82e8b63b-04-s1-d13,135,A,1,75,"[12200,2300,46200,39300]",4,-10.0,1,3,1,0,8,True
2025-2025041622gm-00a9-0000-82e8b63b-04-s1-d13,135,B,2,57,"[-2900,36200,30300,36400]",2,4.0,1,1,0,0,5,True
2025-2025041622gm-00a9-0000-82e8b63b-04-s1-d13,136,A,1,75,"[19300,32800,26800,21100]",1,10.0,1,3,2,0,8,True
2025-2025041622gm-00a9-0000-82e8b63b-04-s1-d13,136,B,2,57,"[16700,35600,16700,31000]",1,10.0,1,3,0,0,7,True
2025-2025041622gm-00a9-0000-82e8b63b-04-s1-d13,137,A,1,75,"[35500,29000,21700,13800]",2,4.0,1,3,0,0,6,True
2025-2025041622gm-00a9-0000-82e8b63b-04-s1-d13,137,B,2,57,"[29300,16800,23400,30500]",4,-10.0,1,3,0,0,7,True
2025-2025041622gm-00a9-0000-82e8b63b-04-s1-d13,138,A,1,75,"[14400,31100,4100,50400]",2,4.0,1,3,0,0,8,True
2025-2025041622gm-00a9-0000-82e8b63b-04-s1-d13,138,B,2,57,"[29600,600,39500,30300]",4,-10.0,1,3,1,0,9,True
2025-2025041622gm-00a9-0000-82e8b63b-04-s1-d13,139,A,1,75,"[19800,44800,45300,-9900]",2,4.0,1,2,0,0,5,True
2025-2025041622gm-00a9-0000-82e8b63b-04-s1-d13,139,B,2,57,"[41500,32200,14300,12000]",2,4.0,1,3,0,0,8,True
2025-2025041622gm-00a9-0000-82e8b63b-04-s1-d13,140,A,1,75,"[14800,35900,40400,8900]",2,4.0,1,3,0,0,6,True
2025-2025041622gm-00a9-0000-82e8b63b-04-s1-d13,140,B,2,57,"[7600,29000,39300,24100]",2,4.0,1,3,0,0,6,True
2025-2025041622gm-00a9-0000-82e8b63b-04-s1-d13,141,A,1,75,"[30200,33300,28700,7800]",1,10.0,1,3,1,0,7,True
2025-2025041622gm-00a9-0000-82e8b63b-04-s1-d13,141,B,2,57,"[16200,31100,22600,30100]",1,10.0,1,3,1,0,7,True
2025-2025041622gm-00a9-0000-82e8b63b-04-s1-d13,142,A,1,75,"[20700,48100,17200,14000]",1,10.0,1,3,0,0,8,True
2025-2025041622gm-00a9-0000-82e8b63b-04-s1-d13,142,B,2,57,"[17000,43900,22200,16900]",1,10.0,1,3,1,0,9,True
2025-2025041622gm-00a9-0000-82e8b63b-04-s1-d13,143,A,1,75,"[18900,26200,33600,21300]",2,4.0,1,3,0,0,9,True
2025-2025041622gm-00a9-0000-82e8b63b-04-s1-d13,143,B,2,57,"[21600,26200,31200,21000]",2,4.0,1,3,0,0,8,True
2025-2025041622gm-00a9-0000-82e8b63b-04-s1-d13,144,A,1,75,"[400,75200,18600,5800]",1,10.0,1,3,0,0,7,True
2025-2025041622gm-00a9-0000-82e8b63b-04-s1-d13,144,B,2,57,"[27000,19700,40200,13100]",3,-4.0,1,3,2,0,10,True
2025-2025041622gm-00a9-0000-82e8b63b-04-s1-d13,145,A,1,75,"[46100,13400,16600,23900]",4,-10.0,1,3,1,0,6,True
2025-2025041622gm-00a9-0000-82e8b63b-04-s1-d13,145,B,2,57,"[46900,17600,17600,17900]",3,-4.0,1,3,1,0,7,True
2025-2025041622gm-00a9-0000-82e8b63b-04-s1-d13,146,A,1,75,"[24200,32200,18600,25000]",1,10.0,1,3,1,0,8,True
2025-2025041622gm-00a9-0000-82e8b63b-04-s1-d13,146,B,2,57,"[15200,26200,21000,37600]",2,4.0,1,3,0,0,6,True
2025-2025041622gm-00a9-0000-82e8b63b-04-s1-d13,147,A,1,75,"[21200,43900,18200,16700]",1,10.0,1,3,0,0,6,True
2025-2025041622gm-00a9-0000-82e8b63b-04-s1-d13,147,B,2,57,"[58300,11400,29900,400]",3,-4.0,1,3,0,0,8,True
2025-2025041622gm-00a9-0000-82e8b63b-04-s1-d13,148,A,1,75,"[-3600,35300,51800,16500]",2,4.0,1,2,2,0,7,True
2025-2025041622gm-00a9-0000-82e8b63b-04-s1-d13,148,B,2,57,"[11200,37300,34300,17200]",1,10.0,1,3,1,0,9,True
2025-2025041622gm-00a9-0000-82e8b63b-04-s1-d13,149,A,1,75,"[14500,23600,36600,25300]",3,-4.0,1,3,0,0,6,True
2025-2025041622gm-00a9-0000-82e8b63b-04-s1-d13,149,B,2,57,"[30100,25300,25300,19300]",2,4.0,1,3,0,0,6,True
2025-2025041622gm-00a9-0000-82e8b63b-04-s1-d13,150,A,1,75,"[34200,13200,22600,30000]",4,-10.0,1,3,0,0,9,True
2025-2025041622gm-00a9-0000-82e8b63b-04-s1-d13,150,B,2,57,"[14800,29000,37700,18500]",2,4.0,1,3,0,0,6,True
2025-2025041622gm-00a9-0000-82e8b63b-04-s1-d13,151,A,1,75,"[18500,52100,32800,-3400]",1,10.0,1,1,1,0,5,True
2025-2025041622gm-00a9-0000-82e8b63b-04-s1-d13,151,B,2,57,"[30200,36400,16200,17200]",1,10.0,1,3,0,0,7,True
2025-2025041622gm-00a9-0000-82e8b63b-04-s1-d13,152,A,1,75,"[-200,38400,28500,33300]",1,10.0,1,3,0,0,6,True
2025-2025041622gm-00a9-0000-82e8b63b-04-s1-d13,152,B,2,57,"[28300,31900,31900,7900]",1,10.0,1,3,0,0,6,True
2025-2025041622gm-00a9-0000-82e8b63b-04-s1-d13,153,A,1,75,"[500,30800,35200,33500]",3,-4.0,1,3,0,0,6,True
2025-2025041622gm-00a9-0000-82e8b63b-04-s1-d13,153,B,2,57,"[35800,23500,8400,32300]",3,-4.0,1,3,1,0,8,True
2025-2025041622gm-00a9-0000-82e8b63b-04-s1-d13,154,A,1,75,"[6600,47900,22600,22900]",1,10.0,1,3,3,0,11,True
2025-2025041622gm-00a9-0000-82e8b63b-04-s1-d13,154,B,2,57,"[-700,44700,32300,23700]",1,10.0,1,2,3,0,8,True
2025-2025041622gm-00a9-0000-82e8b63b-04-s1-d13,155,A,1,75,"[24700,7100,37200,31000]",4,-10.0,1,3,0,0,9,True
2025-2025041622gm-00a9-0000-82e8b63b-04-s1-d13,155,B,2,57,"[26600,39500,5400,28500]",1,10.0,1,3,0,0,8,True
2025-2025041622gm-00a9-0000-82e8b63b-04-s1-d13,156,A,1,75,"[30200,23400,18800,27600]",3,-4.0,1,3,0,0,7,True
2025-2025041622gm-00a9-0000-82e8b63b-04-s1-d13,156,B,2,57,"[24100,6400,49100,20400]",4,-10.0,1,3,0,0,10,True
2025-2025041622gm-00a9-0000-82e8b63b-04-s1-d13,157,A,1,75,"[36900,9400,29000,24700]",4,-10.0,1,3,0,0,6,True
2025-2025041622gm-00a9-0000-82e8b63b-04-s1-d13,157,B,2,57,"[17300,38700,39400,4600]",2,4.0,1,3,0,0,8,True
2025-2025041622gm-00a9-0000-82e8b63b-04-s1-d13,158,A,1,75,"[12100,24400,24200,38300]",2,4.0,1,3,2,1,8,True
2025-2025041622gm-00a9-0000-82e8b63b-04-s1-d13,158,B,2,57,"[25100,32200,18300,24400]",1,10.0,1,3,0,0,6,True
2025-2025041622gm-00a9-0000-82e8b63b-04-s1-d13,159,A,1,75,"[24700,19200,39400,16700]",3,-4.0,1,3,1,0,7,True
2025-2025041622gm-00a9-0000-82e8b63b-04-s1-d13,159,B,2,57,"[29200,20100,34100,16600]",3,-4.0,1,3,0,0,7,True
2025-2025041622gm-00a9-0000-82e8b63b-04-s1-d13,160,A,1,75,"[28700,10500,39600,21200]",4,-10.0,1,3,0,0,8,True
2025-2025041622gm-00a9-0000-82e8b63b-04-s1-d13,160,B,2,57,"[19500,39000,14100,27400]",1,10.0,1,3,1,0,8,True
2025-2025041622gm-00a9-0000-82e8b63b-04-s1-d13,161,A,1,75,"[19700,31300,32700,16300]",2,4.0,1,3,1,0,11,True
2025-2025041622gm-00a9-0000-82e8b63b-04-s1-d13,161,B,2,57,"[7600,20900,35600,35900]",3,-4.0,1,3,0,0,8,True
2025-2025041622gm-00a9-0000-82e8b63b-04-s1-d13,162,A,1,75,"[21500,36800,20700,21000]",1,10.0,1,3,1,0,7,True
2025-2025041622gm-00a9-0000-82e8b63b-04-s1-d13,162,B,2,57,"[32500,26200,26700,14600]",3,-4.0,2,0,0,0,8,True
2025-2025041622gm-00a9-0000-82e8b63b-04-s1-d13,163,A,1,75,"[31300,29300,21700,17700]",2,4.0,2,0,0,0,7,True
2025-2025041622gm-00a9-0000-82e8b63b-04-s1-d13,163,B,2,57,"[17400,27300,45300,10000]",2,4.0,1,3,0,0,9,True
2025-2025041622gm-00a9-0000-82e8b63b-04-s1-d13,164,A,1,75,"[25900,37000,8300,28800]",1,10.0,1,3,1,0,8,True
2025-2025041622gm-00a9-0000-82e8b63b-04-s1-d13,164,B,2,57,"[29400,31500,13200,25900]",1,10.0,1,3,1,0,8,True
2025-2025041622gm-00a9-0000-82e8b63b-04-s1-d13,165,A,1,75,"[23000,17700,31300,28000]",4,-10.0,1,3,0,0,8,True
2025-2025041622gm-00a9-0000-82e8b63b-04-s1-d13,165,B,2,57,"[48800,11200,7300,32700]",3,-4.0,1,3,0,0,7,True
2025-2025041622gm-00a9-0000-82e8b63b-04-s1-d13,166,A,1,75,"[21500,32300,16900,29300]",1,10.0,1,3,1,0,8,True
2025-2025041622gm-00a9-0000-82e8b63b-04-s1-d13,166,B,2,57,"[21500,26700,31300,20500]",2,4.0,1,3,1,0,6,True
2025-2025041622gm-00a9-0000-82e8b63b-04-s1-d13,167,A,1,75,"[21100,11700,27700,39500]",4,-10.0,1,3,0,0,8,True
2025-2025041622gm-00a9-0000-82e8b63b-04-s1-d13,167,B,2,57,"[43300,-2500,27900,31300]",4,-10.0,1,0,1,0,5,True
2025-2025041622gm-00a9-0000-82e8b63b-04-s1-d13,168,A,1,75,"[15300,26400,31800,24500]",2,4.0,1,3,2,2,8,True
2025-2025041622gm-00a9-0000-82e8b63b-04-s1-d13,168,B,2,57,"[-5400,29400,50300,25700]",2,4.0,1,3,1,0,8,True
2025-2025041622gm-00a9-0000-82e8b63b-04-s1-d13,169,A,1,75,"[32200,2800,37200,27800]",4,-10.0,1,3,0,0,8,True
2025-2025041622gm-00a9-0000-82e8b63b-04-s1-d13,169,B,2,57,"[25600,31700,20900,21800]",1,10.0,1,3,0,0,6,True
2025-2025041622gm-00a9-0000-82e8b63b-04-s1-d13,170,A,1,75,"[8600,45600,28500,17300]",1,10.0,2,1,1,0,11,True
2025-2025041622gm-00a9-0000-82e8b63b-04-s1-d13,170,B,2,57,"[9700,39300,16300,34700]",1,10.0,1,3,6,0,10,True
2025-2025041622gm-00a9-0000-82e8b63b-04-s1-d13,171,A,1,75,"[22100,48000,15400,14500]",1,10.0,1,3,0,0,6,True
2025-2025041622gm-00a9-0000-82e8b63b-04-s1-d13,171,B,2,57,"[30400,24500,26100,19000]",3,-4.0,1,3,1,0,8,True
2025-2025041622gm-00a9-0000-82e8b63b-04-s1-d13,172,A,1,75,"[28300,18100,31200,22400]",4,-10.0,1,3,0,0,8,True
2025-2025041622gm-00a9-0000-82e8b63b-04-s1-d13,172,B,2,57,"[25000,26200,13900,34900]",2,4.0,1,3,1,0,9,True
2025-2025041622gm-00a9-0000-82e8b63b-04-s1-d13,173,A,1,75,"[17200,40100,24200,18500]",1,10.0,1,3,0,0,7,True
2025-2025041622gm-00a9-0000-82e8b63b-04-s1-d13,173,B,2,57,"[16700,31400,32000,19900]",2,4.0,1,3,1,0,7,True
2025-2025041622gm-00a9-0000-82e8b63b-04-s1-d13,174,A,1,75,"[10900,36600,21400,31100]",1,10.0,1,3,0,0,7,True
2025-2025041622gm-00a9-0000-82e8b63b-04-s1-d13,174,B,2,57,"[18700,30300,24900,26100]",1,10.0,2,2,0,0,10,True
2025-2025041622gm-00a9-0000-82e8b63b-04-s1-d13,175,A,1,75,"[26500,35200,17700,19600]",1,10.0,1,3,0,1,8,True
2025-2025041622gm-00a9-0000-82e8b63b-04-s1-d13,175,B,2,57,"[2100,24200,50100,23600]",2,4.0,1,3,0,0,8,True
2025-2025041622gm-00a9-0000-82e8b63b-04-s1-d13,176,A,1,75,"[39900,21000,25500,13600]",3,-4.0,1,3,0,0,7,True
2025-2025041622gm-00a9-0000-82e8b63b-04-s1-d13,176,B,2,57,"[15100,1200,55600,28100]",4,-10.0,1,3,2,0,8,True
2025-2025041622gm-00a9-0000-82e8b63b-04-s1-d13,177,A,1,75,"[13800,45500,27800,12900]",1,10.0,1,3,0,0,6,True
2025-2025041622gm-00a9-0000-82e8b63b-04-s1-d13,177,B,2,57,"[28400,32100,15800,23700]",1,10.0,2,2,0,0,9,True
2025-2025041622gm-00a9-0000-82e8b63b-04-s1-d13,178,A,1,75,"[20900,39400,17800,21900]",1,10.0,1,3,0,0,7,True
2025-2025041622gm-00a9-0000-82e8b63b-04-s1-d13,178,B,2,57,"[20900,27500,36800,14800]",2,4.0,1,3,0,0,8,True
2025-2025041622gm-00a9-0000-82e8b63b-04-s1-d13,179,A,1,75,"[28700,30300,12000,29000]",1,10.0,1,3,0,0,7,True
2025-2025041622gm-00a9-0000-82e8b63b-04-s1-d13,179,B,2,57,"[24700,11300,52800,11200]",3,-4.0,1,3,0,0,8,True
2025-2025041622gm-00a9-0000-82e8b63b-04-s1-d13,180,A,1,75,"[32100,41300,-5800,32400]",1,10.0,1,2,0,0,5,True
2025-2025041622gm-00a9-0000-82e8b63b-04-s1-d13,180,B,2,57,"[21500,36000,26100,16400]",1,10.0,1,3,0,0,6,True
2025-2025041622gm-00a9-0000-82e8b63b-04-s1-d13,181,A,1,75,"[14300,39600,14200,31900]",1,10.0,1,3,0,0,9,True
2025-2025041622gm-00a9-0000-82e8b63b-04-s1-d13,181,B,2,57,"[9100,28000,36600,24300]",2,4.0,1,3,1,2,11,True
2025-2025041622gm-00a9-0000-82e8b63b-04-s1-d13,182,A,1,75,"[20500,28900,30000,19600]",2,4.0,1,3,0,1,6,True
2025-2025041622gm-00a9-0000-82e8b63b-04-s1-d13,182,B,2,57,"[26500,31300,28200,14000]",1,10.0,1,3,0,0,6,True
2025-2025041622gm-00a9-0000-82e8b63b-04-s1-d13,183,A,1,75,"[7100,33500,37800,20600]",2,4.0,1,3,2,1,7,True
2025-2025041622gm-00a9-0000-82e8b63b-04-s1-d13,183,B,2,57,"[9800,31600,38800,19800]",2,4.0,1,3,0,0,6,True
2025-2025041622gm-00a9-0000-82e8b63b-04-s1-d13,184,A,1,75,"[-2200,53700,36100,12400]",1,10.0,1,2,1,0,7,True
2025-2025041622gm-00a9-0000-82e8b63b-04-s1-d13,184,B,2,57,"[-900,41800,29100,30000]",1,10.0,1,2,0,0,6,True
2025-2025041622gm-00a9-0000-82e8b63b-04-s1-d13,185,A,1,75,"[17800,27200,32300,22700]",2,4.0,1,3,0,0,10,True
2025-2025041622gm-00a9-0000-82e8b63b-04-s1-d13,185,B,2,57,"[10200,19200,52200,18400]",2,4.0,1,3,1,0,9,True
2025-2025041622gm-00a9-0000-82e8b63b-04-s1-d13,186,A,1,75,"[25500,14800,23900,35800]",4,-10.0,1,3,0,0,8,True
2025-2025041622gm-00a9-0000-82e8b63b-04-s1-d13,186,B,2,57,"[-2800,33400,47500,21900]",2,4.0,0,3,0,0,5,True
2025-2025041622gm-00a9-0000-82e8b63b-04-s1-d13,187,A,1,75,"[12800,41500,19500,26200]",1,10.0,1,3,1,0,10,True
2025-2025041622gm-00a9-0000-82e8b63b-04-s1-d13,187,B,2,57,"[31000,33100,10200,25700]",1,10.0,1,3,1,0,10,True
2025-2025041622gm-00a9-0000-82e8b63b-04-s1-d13,188,A,1,75,"[1900,27200,37900,33000]",3,-4.0,1,3,0,0,8,True
2025-2025041622gm-00a9-0000-82e8b63b-04-s1-d13,188,B,2,57,"[5700,35300,26600,32400]",1,10.0,1,3,0,0,8,True
2025-2025041622gm-00a9-0000-82e8b63b-04-s1-d13,189,A,1,75,"[18500,16100,40100,25300]",4,-10.0,1,3,0,0,6,True
2025-2025041622gm-00a9-0000-82e8b63b-04-s1-d13,189,B,2,57,"[18500,17100,39100,25300]",4,-10.0,1,3,0,0,6,True
2025-2025041622gm-00a9-0000-82e8b63b-04-s1-d13,190,A,1,75,"[29000,7400,46800,16800]",4,-10.0,1,3,0,0,8,True
2025-2025041622gm-00a9-0000-82e8b63b-04-s1-d13,190,B,2,57,"[28900,18200,40500,12400]",3,-4.0,1,3,1,0,9,True
2025-2025041622gm-00a9-0000-82e8b63b-04-s1-d13,191,A,1,75,"[16000,45100,23100,15800]",1,10.0,1,3,0,0,7,True
2025-2025041622gm-00a9-0000-82e8b63b-04-s1-d13,191,B,2,57,"[19500,39300,18600,22600]",1,10.0,1,3,0,0,6,True
2025-2025041622gm-00a9-0000-82e8b63b-04-s1-d13,192,A,1,75,"[10500,54200,4000,31300]",1,10.0,1,3,1,0,8,True
2025-2025041622gm-00a9-0000-82e8b63b-04-s1-d13,192,B,2,57,"[44000,18700,18700,18600]",2,4.0,1,3,0,0,8,True
2025-2025041622gm-00a9-0000-82e8b63b-04-s1-d13,193,A,1,75,"[1300,39800,36800,22100]",1,10.0,1,3,1,0,6,True
2025-2025041622gm-00a9-0000-82e8b63b-04-s1-d13,193,B,2,57,"[30000,23400,18200,28400]",3,-4.0,1,3,0,0,6,True
2025-2025041622gm-00a9-0000-82e8b63b-04-s1-d13,194,A,1,75,"[20500,43400,13700,22400]",1,10.0,1,3,0,0,8,True
2025-2025041622gm-00a9-0000-82e8b63b-04-s1-d13,194,B,2,57,"[-2500,40600,26800,35100]",1,10.0,0,3,1,0,3,True
2025-2025041622gm-00a9-0000-82e8b63b-04-s1-d13,195,A,1,75,"[11200,31200,26300,31300]",2,4.0,1,3,0,0,8,True
2025-2025041622gm-00a9-0000-82e8b63b-04-s1-d13,195,B,2,57,"[31300,23300,19400,26000]",3,-4.0,1,3,0,0,8,True
2025-2025041622gm-00a9-0000-82e8b63b-04-s1-d13,196,A,1,75,"[20800,31700,28300,19200]",1,10.0,1,3,0,0,8,True
2025-2025041622gm-00a9-0000-82e8b63b-04-s1-d13,196,B,2,57,"[32100,26600,21800,19500]",2,4.0,1,3,0,0,7,True
2025-2025041622gm-00a9-0000-82e8b63b-04-s1-d13,197,A,1,75,"[13100,49600,37300,0]",1,10.0,1,3,0,0,10,True
2025-2025041622gm-00a9-0000-82e8b63b-04-s1-d13,197,B,2,57,"[22100,18300,29200,30400]",4,-10.0,1,3,0,0,7,True
2025-2025041622gm-00a9-0000-82e8b63b-04-s1-d13,198,A,1,75,"[23600,23600,16900,34900]",3,-4.0,1,3,0,1,7,True
2025-2025041622gm-00a9-0000-82e8b63b-04-s1-d13,198,B,2,57,"[19100,22300,24800,33800]",3,-4.0,1,3,0,0,7,True
2025-2025041622gm-00a9-0000-82e8b63b-04-s1-d13,199,A,1,75,"[29600,39900,17400,13100]",1,10.0,1,3,4,0,8,True
2025-2025041622gm-00a9-0000-82e8b63b-04-s1-d13,199,B,2,57,"[10000,39900,22800,27300]",1,10.0,1,3,2,0,7,True
2025-2025041622gm-00a9-0000-82e8b63b-04-s1-d13,200,A,1,75,"[21400,8700,27400,41500]",4,-10.0,1,3,0,1,6,True
2025-2025041622gm-00a9-0000-82e8b63b-04-s1-d13,200,B,2,57,"[2400,39400,13400,44800]",2,4.0,1,3,0,0,8,True
2025-2025041622gm-00a9-0000-82e8b63b-04-s1-d13,201,A,1,75,"[36800,6100,21700,35400]",4,-10.0,1,3,0,0,8,True
2025-2025041622gm-00a9-0000-82e8b63b-04-s1-d13,201,B,2,57,"[33000,7200,28300,30500]",4,-10.0,1,3,0,1,7,True
2025-2025041622gm-00a9-0000-82e8b63b-04-s1-d13,202,A,1,75,"[27200,42400,17400,13000]",1,10.0,1,3,1,0,8,True
2025-2025041622gm-00a9-0000-82e8b63b-04-s1-d13,202,B,2,57,"[42700,43900,8900,4500]",1,10.0,1,3,0,0,8,True
2025-2025041622gm-00a9-0000-82e8b63b-04-s1-d13,203,A,1,75,"[6100,45100,19800,29000]",1,10.0,1,3,1,0,9,True
2025-2025041622gm-00a9-0000-82e8b63b-04-s1-d13,203,B,2,57,"[7700,44000,13300,35000]",1,10.0,1,3,2,0,10,True
2025-2025041622gm-00a9-0000-82e8b63b-04-s1-d13,204,A,1,75,"[12600,30300,36300,19800]",2,4.0,1,3,1,1,7,True
2025-2025041622gm-00a9-0000-82e8b63b-04-s1-d13,204,B,2,57,"[28100,6700,36100,29100]",4,-10.0,1,3,1,0,6,True
2025-2025041622gm-00a9-0000-82e8b63b-04-s1-d13,205,A,1,75,"[12900,40700,18700,27700]",1,10.0,1,3,0,0,7,True
2025-2025041622gm-00a9-0000-82e8b63b-04-s1-d13,205,B,2,57,"[-1300,23900,41600,35800]",3,-4.0,1,2,0,0,7,True
2025-2025041622gm-00a9-0000-82e8b63b-04-s1-d13,206,A,1,75,"[37800,23300,28000,10900]",3,-4.0,1,3,0,0,7,True
2025-2025041622gm-00a9-0000-82e8b63b-04-s1-d13,206,B,2,57,"[23500,19700,36800,20000]",4,-10.0,1,3,0,0,7,True
2025-2025041622gm-00a9-0000-82e8b63b-04-s1-d13,207,A,1,75,"[25000,41500,8100,25400]",1,10.0,1,3,0,0,8,True
2025-2025041622gm-00a9-0000-82e8b63b-04-s1-d13,207,B,2,57,"[1900,22500,35500,40100]",3,-4.0,1,3,3,0,8,True
2025-2025041622gm-00a9-0000-82e8b63b-04-s1-d13,208,A,1,75,"[27100,14800,48500,9600]",3,-4.0,1,3,3,0,9,True
2025-2025041622gm-00a9-0000-82e8b63b-04-s1-d13,208,B,2,57,"[19600,35500,32900,12000]",1,10.0,1,3,1,0,7,True
2025-2025041622gm-00a9-0000-82e8b63b-04-s1-d13,209,A,1,75,"[39200,-3900,22900,41800]",4,-10.0,1,3,0,0,7,True
2025-2025041622gm-00a9-0000-82e8b63b-04-s1-d13,209,B,2,57,"[32800,9700,38100,19400]",4,-10.0,1,3,0,0,6,True
2025-2025041622gm-00a9-0000-82e8b63b-04-s1-d13,210,A,1,75,"[32700,27700,17700,21900]",2,4.0,1,3,0,0,6,True
2025-2025041622gm-00a9-0000-82e8b63b-04-s1-d13,210,B,2,57,"[26000,5000,33000,36000]",4,-10.0,1,3,0,0,7,True
2025-2025041622gm-00a9-0000-82e8b63b-04-s1-d13,211,A,1,75,"[27000,-2900,35800,40100]",4,-10.0,0,3,2,0,5,True
2025-2025041622gm-00a9-0000-82e8b63b-04-s1-d13,211,B,2,57,"[26300,35400,42500,-4200]",2,4.0,1,3,0,0,10,True
2025-2025041622gm-00a9-0000-82e8b63b-04-s1-d13,212,A,1,75,"[33900,19000,31500,14600]",3,-4.0,1,3,1,1,8,True
2025-2025041622gm-00a9-0000-82e8b63b-04-s1-d13,212,B,2,57,"[12000,34800,54000,-800]",2,4.0,1,3,0,0,7,True
2025-2025041622gm-00a9-0000-82e8b63b-04-s1-d13,213,A,1,75,"[12900,31200,28900,27000]",1,10.0,1,3,0,0,7,True
2025-2025041622gm-00a9-0000-82e8b63b-04-s1-d13,213,B,2,57,"[27300,17200,22800,32700]",4,-10.0,1,3,0,0,6,True
2025-2025041622gm-00a9-0000-82e8b63b-04-s1-d13,214,A,1,75,"[19900,27500,33500,19100]",2,4.0,1,3,0,0,8,True
2025-2025041622gm-00a9-0000-82e8b63b-04-s1-d13,214,B,2,57,"[18900,28500,33500,19100]",2,4.0,1,3,0,0,8,True
2025-2025041622gm-00a9-0000-82e8b63b-04-s1-d13,215,A,1,75,"[20800,38200,27000,14000]",1,10.0,1,3,0,0,7,True
2025-2025041622gm-00a9-0000-82e8b63b-04-s1-d13,215,B,2,57,"[26700,43600,18100,11600]",1,10.0,1,3,0,0,7,True
2025-2025041622gm-00a9-0000-82e8b63b-04-s1-d13,216,A,1,75,"[800,24500,29500,45200]",3,-4.0,1,3,1,0,7,True
2025-2025041622gm-00a9-0000-82e8b63b-04-s1-d13,216,B,2,57,"[24800,35100,13600,26500]",1,10.0,2,0,0,0,8,True
2025-2025041622gm-00a9-0000-82e8b63b-04-s1-d13,217,A,1,75,"[17000,36100,29600,17300]",1,10.0,1,3,0,0,10,True
2025-2025041622gm-00a9-0000-82e8b63b-04-s1-d13,217,B,2,57,"[31800,27200,5100,35900]",3,-4.0,1,3,0,0,9,True
2025-2025041622gm-00a9-0000-82e8b63b-04-s1-d13,218,A,1,75,"[26900,33700,23800,15600]",1,10.0,1,3,0,0,7,True
2025-2025041622gm-00a9-0000-82e8b63b-04-s1-d13,218,B,2,57,"[34900,23200,22300,19600]",2,4.0,1,3,0,0,6,True
2025-2025041622gm-00a9-0000-82e8b63b-04-s1-d13,219,A,1,75,"[4000,24800,17100,54100]",2,4.0,1,3,0,0,8,True
2025-2025041622gm-00a9-0000-82e8b63b-04-s1-d13,219,B,2,57,"[41700,24100,38400,-4200]",3,-4.0,1,1,0,0,5,True
2025-2025041622gm-00a9-0000-82e8b63b-04-s1-d13,220,A,1,75,"[34900,28000,32000,5100]",3,-4.0,1,3,0,0,7,True
2025-2025041622gm-00a9-0000-82e8b63b-04-s1-d13,220,B,2,57,"[30000,27700,28400,13900]",3,-4.0,1,3,0,0,7,True
2025-2025041622gm-00a9-0000-82e8b63b-04-s1-d13,221,A,1,75,"[12600,23000,29500,34900]",3,-4.0,2,1,0,0,11,True
2025-2025041622gm-00a9-0000-82e8b63b-04-s1-d13,221,B,2,57,"[23800,36000,17900,22300]",1,10.0,1,3,0,0,9,True
2025-2025041622gm-00a9-0000-82e8b63b-04-s1-d13,222,A,1,75,"[21800,31700,18600,27900]",1,10.0,1,3,0,0,6,True
2025-2025041622gm-00a9-0000-82e8b63b-04-s1-d13,222,B,2,57,"[18000,5600,36100,40300]",4,-10.0,1,3,0,0,7,True
2025-2025041622gm-00a9-0000-82e8b63b-04-s1-d13,223,A,1,75,"[-2500,39300,30100,33100]",1,10.0,0,3,0,0,2,True
2025-2025041622gm-00a9-0000-82e8b63b-04-s1-d13,223,B,2,57,"[13600,8300,47200,30900]",4,-10.0,1,3,0,0,8,True
2025-2025041622gm-00a9-0000-82e8b63b-04-s1-d13,224,A,1,75,"[5300,51400,29100,14200]",1,10.0,1,3,0,0,9,True
2025-2025041622gm-00a9-0000-82e8b63b-04-s1-d13,224,B,2,57,"[6200,36400,38300,19100]",2,4.0,1,3,0,0,6,True
2025-2025041622gm-00a9-0000-82e8b63b-04-s1-d13,225,A,1,75,"[46100,27700,9400,16800]",2,4.0,1,3,0,0,9,True
2025-2025041622gm-00a9-0000-82e8b63b-04-s1-d13,225,B,2,57,"[-5600,56800,46800,2000]",1,10.0,1,2,1,0,8,True
2025-2025041622gm-00a9-0000-82e8b63b-04-s1-d13,226,A,1,75,"[24400,29100,31800,14700]",2,4.0,1,3,1,0,6,True
2025-2025041622gm-00a9-0000-82e8b63b-04-s1-d13,226,B,2,57,"[37200,30100,14700,18000]",2,4.0,1,3,1,0,9,True
2025-2025041622gm-00a9-0000-82e8b63b-04-s1-d13,227,A,1,75,"[13400,44600,6100,35900]",1,10.0,1,3,0,0,9,True
2025-2025041622gm-00a9-0000-82e8b63b-04-s1-d13,227,B,2,57,"[23100,26700,11800,38400]",2,4.0,1,3,0,0,9,True
2025-2025041622gm-00a9-0000-82e8b63b-04-s1-d13,228,A,1,75,"[41300,29500,27400,1800]",2,4.0,1,3,0,0,7,True
2025-2025041622gm-00a9-0000-82e8b63b-04-s1-d13,228,B,2,57,"[42100,27400,21200,9300]",2,4.0,1,3,0,0,7,True
2025-2025041622gm-00a9-0000-82e8b63b-04-s1-d13,229,A,1,75,"[30300,36800,27300,5600]",1,10.0,1,3,0,0,7,True
2025-2025041622gm-00a9-0000-82e8b63b-04-s1-d13,229,B,2,57,"[17500,48100,26200,8200]",1,10.0,1,3,0,0,6,True
2025-2025041622gm-00a9-0000-82e8b63b-04-s1-d13,230,A,1,75,"[27900,24500,39800,7800]",3,-4.0,1,3,0,0,8,True
2025-2025041622gm-00a9-0000-82e8b63b-04-s1-d13,230,B,2,57,"[28900,18400,44900,7800]",3,-4.0,1,3,0,0,8,True
2025-2025041622gm-00a9-0000-82e8b63b-04-s1-d13,231,A,1,75,"[20800,39200,14600,25400]",1,10.0,1,3,1,0,8,True
2025-2025041622gm-00a9-0000-82e8b63b-04-s1-d13,231,B,2,57,"[8500,52200,7600,31700]",1,10.0,1,3,0,0,8,True
2025-2025041622gm-00a9-0000-82e8b63b-04-s1-d13,232,A,1,75,"[48300,12400,28000,9300]",3,-4.0,1,3,1,2,8,True
2025-2025041622gm-00a9-0000-82e8b63b-04-s1-d13,232,B,2,57,"[58500,3500,25200,11800]",4,-10.0,1,3,0,1,6,True
2025-2025041622gm-00a9-0000-82e8b63b-04-s1-d13,233,A,1,75,"[36100,-2500,37500,28900]",4,-10.0,1,3,0,0,7,True
2025-2025041622gm-00a9-0000-82e8b63b-04-s1-d13,233,B,2,57,"[19200,37500,6800,36500]",1,10.0,1,3,0,0,7,True
2025-2025041622gm-00a9-0000-82e8b63b-04-s1-d13,234,A,1,75,"[4100,42200,33000,20700]",1,10.0,1,3,1,0,7,True
2025-2025041622gm-00a9-0000-82e8b63b-04-s1-d13,234,B,2,57,"[46000,6200,18500,29300]",4,-10.0,1,3,0,0,8,True
2025-2025041622gm-00a9-0000-82e8b63b-04-s1-d13,235,A,1,75,"[15300,38500,19200,27000]",1,10.0,1,3,0,0,7,True
2025-2025041622gm-00a9-0000-82e8b63b-04-s1-d13,235,B,2,57,"[31000,18000,27700,23300]",4,-10.0,2,1,0,0,10,True
2025-2025041622gm-00a9-0000-82e8b63b-04-s1-d13,236,A,1,75,"[15300,27600,34400,22700]",2,4.0,2,0,1,0,10,True
2025-2025041622gm-00a9-0000-82e8b63b-04-s1-d13,236,B,2,57,"[11000,44200,28800,16000]",1,10.0,1,3,0,0,10,True
2025-2025041622gm-00a9-0000-82e8b63b-04-s1-d13,237,A,1,75,"[22400,55700,5600,16300]",1,10.0,1,3,0,0,9,True
2025-2025041622gm-00a9-0000-82e8b63b-04-s1-d13,237,B,2,57,"[-2500,39000,26000,37500]",1,10.0,1,3,0,0,6,True
2025-2025041622gm-00a9-0000-82e8b63b-04-s1-d13,238,A,1,75,"[6300,19800,49200,24700]",3,-4.0,1,3,2,0,8,True
2025-2025041622gm-00a9-0000-82e8b63b-04-s1-d13,238,B,2,57,"[9600,16800,41000,32600]",3,-4.0,1,3,2,0,8,True
2025-2025041622gm-00a9-0000-82e8b63b-04-s1-d13,239,A,1,75,"[16300,40200,5400,38100]",1,10.0,1,3,1,0,9,True
2025-2025041622gm-00a9-0000-82e8b63b-04-s1-d13,239,B,2,57,"[28300,31200,20800,19700]",1,10.0,1,3,0,0,7,True
2025-2025041622gm-00a9-0000-82e8b63b-04-s1-d13,240,A,1,75,"[32500,31900,23500,12100]",2,4.0,1,3,1,0,7,True
2025-2025041622gm-00a9-0000-82e8b63b-04-s1-d13,240,B,2,57,"[19900,24300,36900,18900]",2,4.0,1,3,0,0,9,True
2025-2025041622gm-00a9-0000-82e8b63b-04-s1-d13,241,A,1,75,"[29900,31000,32300,6800]",2,4.0,1,3,0,0,6,True
2025-2025041622gm-00a9-0000-82e8b63b-04-s1-d13,241,B,2,57,"[32100,13800,40800,13300]",3,-4.0,1,3,0,0,7,True
2025-2025041622gm-00a9-0000-82e8b63b-04-s1-d13,242,A,1,75,"[8700,51600,19300,20400]",1,10.0,1,3,0,0,6,True
2025-2025041622gm-00a9-0000-82e8b63b-04-s1-d13,242,B,2,57,"[24600,30900,21100,23400]",1,10.0,2,0,0,0,11,True
2025-2025041622gm-00a9-0000-82e8b63b-04-s1-d13,243,A,1,75,"[16900,69100,-9400,23400]",1,10.0,1,3,0,0,8,True
2025-2025041622gm-00a9-0000-82e8b63b-04-s1-d13,243,B,2,57,"[21100,16300,35100,27500]",4,-10.0,1,3,0,0,7,True
2025-2025041622gm-00a9-0000-82e8b63b-04-s1-d13,244,A,1,75,"[13200,27500,42800,16500]",2,4.0,1,3,0,0,7,True
2025-2025041622gm-00a9-0000-82e8b63b-04-s1-d13,244,B,2,57,"[4700,45400,29200,20700]",1,10.0,1,3,1,0,9,True
2025-2025041622gm-00a9-0000-82e8b63b-04-s1-d13,245,A,1,75,"[23700,20900,41000,14400]",3,-4.0,2,0,0,0,8,True
2025-2025041622gm-00a9-0000-82e8b63b-04-s1-d13,245,B,2,57,"[30700,41400,16700,11200]",1,10.0,1,3,0,0,8,True
2025-2025041622gm-00a9-0000-82e8b63b-04-s1-d13,246,A,1,75,"[13200,36500,21200,29100]",1,10.0,1,3,1,0,10,True
2025-2025041622gm-00a9-0000-82e8b63b-04-s1-d13,246,B,2,57,"[15900,33100,23700,27300]",1,10.0,1,3,0,0,9,True
2025-2025041622gm-00a9-0000-82e8b63b-04-s1-d13,247,A,1,75,"[18800,24400,32700,24100]",2,4.0,1,3,3,0,9,True
2025-2025041622gm-00a9-0000-82e8b63b-04-s1-d13,247,B,2,57,"[48400,-3000,37700,16900]",4,-10.0,1,3,0,0,10,True
2025-2025041622gm-00a9-0000-82e8b63b-04-s1-d13,248,A,1,75,"[18600,40600,19700,21100]",1,10.0,1,3,0,0,7,True
2025-2025041622gm-00a9-0000-82e8b63b-04-s1-d13,248,B,2,57,"[13700,29400,33100,23800]",2,4.0,1,3,0,0,8,True
2025-2025041622gm-00a9-0000-82e8b63b-04-s1-d13,249,A,1,75,"[4600,61500,16800,17100]",1,10.0,1,3,0,0,7,True
2025-2025041622gm-00a9-0000-82e8b63b-04-s1-d13,249,B,2,57,"[47500,42800,15700,-6000]",2,4.0,1,3,0,0,7,True
2025-2025041622gm-00a9-0000-82e8b63b-04-s1-d13,250,A,1,75,"[30600,28700,14500,26200]",2,4.0,1,3,0,0,7,True
2025-2025041622gm-00a9-0000-82e8b63b-04-s1-d13,250,B,2,57,"[24200,17800,27900,30100]",4,-10.0,1,3,0,0,7,True
2025-2025041622gm-00a9-0000-82e8b63b-04-s1-d13,251,A,1,75,"[17900,15500,45300,21300]",4,-10.0,1,3,2,0,7,True
2025-2025041622gm-00a9-0000-82e8b63b-04-s1-d13,251,B,2,57,"[32000,13800,38100,16100]",4,-10.0,1,3,0,0,10,True
2025-2025041622gm-00a9-0000-82e8b63b-04-s1-d13,252,A,1,75,"[26200,14900,25900,33000]",4,-10.0,1,3,0,0,10,True
2025-2025041622gm-00a9-0000-82e8b63b-04-s1-d13,252,B,2,57,"[34200,18900,25400,21500]",4,-10.0,1,3,0,0,8,True
2025-2025041622gm-00a9-0000-82e8b63b-04-s1-d13,253,A,1,75,"[29000,41500,18700,10800]",1,10.0,1,3,2,0,9,True
2025-2025041622gm-00a9-0000-82e8b63b-04-s1-d13,253,B,2,57,"[19100,37500,22300,21100]",1,10.0,1,3,3,0,10,True
2025-2025041622gm-00a9-0000-82e8b63b-04-s1-d13,254,A,1,75,"[1700,35600,47700,15000]",2,4.0,1,3,0,0,6,True
2025-2025041622gm-00a9-0000-82e8b63b-04-s1-d13,254,B,2,57,"[13900,22200,31200,32700]",3,-4.0,1,3,0,0,6,True
2025-2025041622gm-00a9-0000-82e8b63b-04-s1-d13,255,A,1,75,"[10500,27100,53400,9000]",2,4.0,1,3,0,0,7,True
2025-2025041622gm-00a9-0000-82e8b63b-04-s1-d13,255,B,2,57,"[22000,15700,24900,37400]",4,-10.0,1,3,0,0,6,True
2024-2024092000gm-00a9-0000-e0b6f7b7-07-s2-d15,0,A,1,19,"[8300,28600,30800,32300]",2,4.0,1,3,0,0,3,True
2024-2024092000gm-00a9-0000-e0b6f7b7-07-s2-d15,0,B,2,2,"[-4200,30700,32900,40600]",2,4.0,1,2,1,0,2,True
2024-2024092000gm-00a9-0000-e0b6f7b7-07-s2-d15,1,A,1,19,"[-3100,27600,28800,46700]",2,4.0,1,1,1,0,2,True
2024-2024092000gm-00a9-0000-e0b6f7b7-07-s2-d15,1,B,2,2,"[-2000,24700,45900,31400]",1,10.0,1,1,0,0,1,True
2024-2024092000gm-00a9-0000-e0b6f7b7-07-s2-d15,2,A,1,19,"[10200,29600,28900,31300]",3,-4.0,1,3,0,0,3,True
2024-2024092000gm-00a9-0000-e0b6f7b7-07-s2-d15,2,B,2,2,"[1400,34800,29300,34500]",3,-4.0,1,3,2,0,3,True
2024-2024092000gm-00a9-0000-e0b6f7b7-07-s2-d15,3,A,1,19,"[-2000,35700,32900,31400]",2,4.0,1,1,2,2,3,True
2024-2024092000gm-00a9-0000-e0b6f7b7-07-s2-d15,3,B,2,2,"[-500,32200,34400,32900]",1,10.0,1,1,0,1,1,True
2024-2024092000gm-00a9-0000-e0b6f7b7-07-s2-d15,4,A,1,19,"[-2000,35700,32300,34000]",3,-4.0,1,3,0,0,3,True
2024-2024092000gm-00a9-0000-e0b6f7b7-07-s2-d15,4,B,2,2,"[-2000,35700,32300,34000]",3,-4.0,1,3,0,0,3,True
2024-2024092000gm-00a9-0000-e0b6f7b7-07-s2-d15,5,A,1,19,"[-2100,27600,26800,47700]",3,-4.0,1,2,1,0,2,True
2024-2024092000gm-00a9-0000-e0b6f7b7-07-s2-d15,5,B,2,2,"[-2100,27600,26800,47700]",3,-4.0,1,2,1,0,2,True
2024-2024092000gm-00a9-0000-e0b6f7b7-07-s2-d15,6,A,1,19,"[-1000,26700,40900,32400]",1,10.0,1,1,0,1,1,True
2024-2024092000gm-00a9-0000-e0b6f7b7-07-s2-d15,6,B,2,2,"[-1000,26700,40900,32400]",1,10.0,1,1,0,1,1,True
2024-2024092000gm-00a9-0000-e0b6f7b7-07-s2-d15,7,A,1,19,"[-7000,30700,41900,34400]",1,10.0,1,1,0,0,1,True
2024-2024092000gm-00a9-0000-e0b6f7b7-07-s2-d15,7,B,2,2,"[-7000,30700,41900,34400]",1,10.0,1,1,0,0,1,True
2024-2024092000gm-00a9-0000-e0b6f7b7-07-s2-d15,8,A,1,19,"[11300,32900,32900,22900]",2,4.0,1,3,0,0,3,True
2024-2024092000gm-00a9-0000-e0b6f7b7-07-s2-d15,8,B,2,2,"[11300,32900,32900,22900]",2,4.0,1,3,0,0,3,True
2024-2024092000gm-00a9-0000-e0b6f7b7-07-s2-d15,9,A,1,19,"[1600,37000,30300,31100]",3,-4.0,1,3,0,0,4,True
2024-2024092000gm-00a9-0000-e0b6f7b7-07-s2-d15,9,B,2,2,"[1900,34200,33200,30700]",2,4.0,1,3,0,0,4,True
2024-2024092000gm-00a9-0000-e0b6f7b7-07-s2-d15,10,A,1,19,"[-2900,33700,31900,37300]",3,-4.0,1,1,1,0,2,True
2024-2024092000gm-00a9-0000-e0b6f7b7-07-s2-d15,10,B,2,2,"[-2900,33700,31900,37300]",3,-4.0,1,1,1,0,2,True
2024-2024092000gm-00a9-0000-e0b6f7b7-07-s2-d15,11,A,1,19,"[-1100,40000,28800,32300]",3,-4.0,1,2,1,0,2,True
2024-2024092000gm-00a9-0000-e0b6f7b7-07-s2-d15,11,B,2,2,"[-1100,40000,28800,32300]",3,-4.0,1,2,1,0,2,True
2024-2024092000gm-00a9-0000-e0b6f7b7-07-s2-d15,12,A,1,19,"[-500,37300,30200,33000]",3,-4.0,1,3,0,0,3,True
2024-2024092000gm-00a9-0000-e0b6f7b7-07-s2-d15,12,B,2,2,"[-8000,33700,31900,42400]",3,-4.0,1,1,1,0,2,True
2024-2024092000gm-00a9-0000-e0b6f7b7-07-s2-d15,13,A,1,19,"[11300,29200,28800,30700]",3,-4.0,1,3,0,0,3,True
2024-2024092000gm-00a9-0000-e0b6f7b7-07-s2-d15,13,B,2,2,"[-100,37000,30800,32300]",3,-4.0,1,2,1,0,2,True
2024-2024092000gm-00a9-0000-e0b6f7b7-07-s2-d15,14,A,1,19,"[0,37200,30400,32400]",3,-4.0,1,3,0,0,3,True
2024-2024092000gm-00a9-0000-e0b6f7b7-07-s2-d15,14,B,2,2,"[-7000,37200,35400,34400]",2,4.0,1,3,0,0,3,True
2024-2024092000gm-00a9-0000-e0b6f7b7-07-s2-d15,15,A,1,19,"[-5100,24600,52200,28300]",1,10.0,1,2,1,0,2,True
2024-2024092000gm-00a9-0000-e0b6f7b7-07-s2-d15,15,B,2,2,"[-5100,24600,52200,28300]",1,10.0,1,2,1,0,2,True
2024-2024092000gm-00a9-0000-e0b6f7b7-07-s2-d15,16,A,1,19,"[1500,29200,32400,33900]",2,4.0,1,3,3,3,4,True
2024-2024092000gm-00a9-0000-e0b6f7b7-07-s2-d15,16,B,2,2,"[-1000,26700,40900,32400]",1,10.0,1,1,0,1,1,True
2024-2024092000gm-00a9-0000-e0b6f7b7-07-s2-d15,17,A,1,19,"[-500,32200,34400,32900]",1,10.0,1,1,0,1,1,True
2024-2024092000gm-00a9-0000-e0b6f7b7-07-s2-d15,17,B,2,2,"[-500,32200,34400,32900]",1,10.0,1,1,0,1,1,True
2024-2024092000gm-00a9-0000-e0b6f7b7-07-s2-d15,18,A,1,19,"[-100,29600,30800,39700]",2,4.0,1,2,1,0,2,True
2024-2024092000gm-00a9-0000-e0b6f7b7-07-s2-d15,18,B,2,2,"[-100,29600,30800,39700]",2,4.0,1,2,1,0,2,True
2024-2024092000gm-00a9-0000-e0b6f7b7-07-s2-d15,19,A,1,19,"[28200,14400,27800,29600]",3,-4.0,2,3,0,0,8,True
2024-2024092000gm-00a9-0000-e0b6f7b7-07-s2-d15,19,B,2,2,"[28200,14400,27800,29600]",3,-4.0,2,3,0,0,8,True
2024-2024092000gm-00a9-0000-e0b6f7b7-07-s2-d15,20,A,1,19,"[-400,37200,30200,33000]",3,-4.0,1,2,1,0,2,True
2024-2024092000gm-00a9-0000-e0b6f7b7-07-s2-d15,20,B,2,2,"[-1000,28700,34900,36400]",2,4.0,1,2,1,1,2,True
2024-2024092000gm-00a9-0000-e0b6f7b7-07-s2-d15,21,A,1,19,"[-600,34300,32900,33400]",3,-4.0,1,2,1,0,2,True
2024-2024092000gm-00a9-0000-e0b6f7b7-07-s2-d15,21,B,2,2,"[-600,34300,32900,33400]",3,-4.0,1,2,1,0,2,True
2024-2024092000gm-00a9-0000-e0b6f7b7-07-s2-d15,22,A,1,19,"[-2900,33600,35900,33400]",1,10.0,1,2,1,0,2,True
2024-2024092000gm-00a9-0000-e0b6f7b7-07-s2-d15,22,B,2,2,"[-2900,33600,35900,33400]",1,10.0,1,2,1,0,2,True
2024-2024092000gm-00a9-0000-e0b6f7b7-07-s2-d15,23,A,1,19,"[-1600,32300,35900,33400]",1,10.0,1,2,1,0,2,True
2024-2024092000gm-00a9-0000-e0b6f7b7-07-s2-d15,23,B,2,2,"[6800,24500,35600,33100]",1,10.0,1,3,0,0,3,True
2024-2024092000gm-00a9-0000-e0b6f7b7-07-s2-d15,24,A,1,19,"[8000,27700,31000,33300]",2,4.0,1,3,0,0,3,True
2024-2024092000gm-00a9-0000-e0b6f7b7-07-s2-d15,24,B,2,2,"[16900,27600,24200,31300]",3,-4.0,1,3,0,0,3,True
2024-2024092000gm-00a9-0000-e0b6f7b7-07-s2-d15,25,A,1,19,"[10000,22700,23900,43400]",2,4.0,1,3,0,0,3,True
2024-2024092000gm-00a9-0000-e0b6f7b7-07-s2-d15,25,B,2,2,"[10000,22700,23900,43400]",2,4.0,1,3,0,0,3,True
2024-2024092000gm-00a9-0000-e0b6f7b7-07-s2-d15,26,A,1,19,"[-1000,26700,30900,42400]",2,4.0,1,1,0,1,1,True
2024-2024092000gm-00a9-0000-e0b6f7b7-07-s2-d15,26,B,2,2,"[-2200,34000,34400,33800]",1,10.0,1,3,0,0,3,True
2024-2024092000gm-00a9-0000-e0b6f7b7-07-s2-d15,27,A,1,19,"[-7000,38700,30600,37700]",3,-4.0,1,3,0,0,3,True
2024-2024092000gm-00a9-0000-e0b6f7b7-07-s2-d15,27,B,2,2,"[-7000,38700,30600,37700]",3,-4.0,1,3,0,0,3,True
2024-2024092000gm-00a9-0000-e0b6f7b7-07-s2-d15,28,A,1,19,"[10800,26100,31800,31300]",1,10.0,1,3,0,0,3,True
2024-2024092000gm-00a9-0000-e0b6f7b7-07-s2-d15,28,B,2,2,"[0,32900,41400,25700]",1,10.0,1,3,0,0,4,True
2024-2024092000gm-00a9-0000-e0b6f7b7-07-s2-d15,29,A,1,19,"[6300,29600,31800,32300]",2,4.0,1,3,0,0,3,True
2024-2024092000gm-00a9-0000-e0b6f7b7-07-s2-d15,29,B,2,2,"[-4300,27600,40800,35900]",1,10.0,1,3,0,0,5,True
2024-2024092000gm-00a9-0000-e0b6f7b7-07-s2-d15,30,A,1,19,"[-1900,30700,32900,38300]",2,4.0,1,2,1,0,2,True
2024-2024092000gm-00a9-0000-e0b6f7b7-07-s2-d15,30,B,2,2,"[-1900,30700,32900,38300]",2,4.0,1,2,1,0,2,True
2024-2024092000gm-00a9-0000-e0b6f7b7-07-s2-d15,31,A,1,19,"[-1900,34600,32900,34400]",3,-4.0,1,1,0,0,1,True
2024-2024092000gm-00a9-0000-e0b6f7b7-07-s2-d15,31,B,2,2,"[-1900,34600,32900,34400]",3,-4.0,1,1,0,0,1,True
2024-2024092000gm-00a9-0000-e0b6f7b7-07-s2-d15,32,A,1,19,"[0,43700,23900,32400]",3,-4.0,1,3,0,0,3,True
2024-2024092000gm-00a9-0000-e0b6f7b7-07-s2-d15,32,B,2,2,"[-8300,33700,41200,33400]",1,10.0,1,1,1,0,2,True
2024-2024092000gm-00a9-0000-e0b6f7b7-07-s2-d15,33,A,1,19,"[7800,31200,30400,30600]",3,-4.0,1,3,2,0,3,True
2024-2024092000gm-00a9-0000-e0b6f7b7-07-s2-d15,33,B,2,2,"[-1200,25300,37900,38000]",2,4.0,1,2,2,0,3,True
2024-2024092000gm-00a9-0000-e0b6f7b7-07-s2-d15,34,A,1,19,"[-9600,35600,32900,41100]",3,-4.0,1,2,1,0,2,True
2024-2024092000gm-00a9-0000-e0b6f7b7-07-s2-d15,34,B,2,2,"[-9600,35600,32900,41100]",3,-4.0,1,2,1,0,2,True
2024-2024092000gm-00a9-0000-e0b6f7b7-07-s2-d15,35,A,1,19,"[-1000,26700,40900,32400]",1,10.0,1,1,0,1,1,True
2024-2024092000gm-00a9-0000-e0b6f7b7-07-s2-d15,35,B,2,2,"[-1000,26700,40900,32400]",1,10.0,1,1,0,1,1,True
2024-2024092000gm-00a9-0000-e0b6f7b7-07-s2-d15,36,A,1,19,"[-2200,30100,34400,37700]",2,4.0,1,3,0,0,3,True
2024-2024092000gm-00a9-0000-e0b6f7b7-07-s2-d15,36,B,2,2,"[-2000,31700,33900,35400]",2,4.0,1,2,1,1,2,True
2024-2024092000gm-00a9-0000-e0b6f7b7-07-s2-d15,37,A,1,19,"[8800,30200,27300,33700]",3,-4.0,1,3,1,0,4,True
2024-2024092000gm-00a9-0000-e0b6f7b7-07-s2-d15,37,B,2,2,"[8800,30200,27300,33700]",3,-4.0,1,3,1,0,4,True
2024-2024092000gm-00a9-0000-e0b6f7b7-07-s2-d15,38,A,1,19,"[-1300,34000,32900,34400]",3,-4.0,1,2,1,0,2,True
2024-2024092000gm-00a9-0000-e0b6f7b7-07-s2-d15,38,B,2,2,"[10300,30700,35900,23100]",1,10.0,1,3,0,0,3,True
2024-2024092000gm-00a9-0000-e0b6f7b7-07-s2-d15,39,A,1,19,"[-100,36000,30800,33300]",3,-4.0,1,2,1,0,2,True
2024-2024092000gm-00a9-0000-e0b6f7b7-07-s2-d15,39,B,2,2,"[-100,36000,30800,33300]",3,-4.0,1,2,1,0,2,True
2024-2024092000gm-00a9-0000-e0b6f7b7-07-s2-d15,40,A,1,19,"[-500,32200,34400,32900]",1,10.0,1,1,0,1,1,True
2024-2024092000gm-00a9-0000-e0b6f7b7-07-s2-d15,40,B,2,2,"[-2100,38900,31900,31300]",2,4.0,1,2,1,0,2,True
2024-2024092000gm-00a9-0000-e0b6f7b7-07-s2-d15,41,A,1,19,"[-900,30700,33900,36300]",2,4.0,1,2,2,0,3,True
2024-2024092000gm-00a9-0000-e0b6f7b7-07-s2-d15,41,B,2,2,"[-300,33000,32900,34400]",3,-4.0,1,2,1,0,2,True
2024-2024092000gm-00a9-0000-e0b6f7b7-07-s2-d15,42,A,1,19,"[-2100,41000,28800,32300]",3,-4.0,1,2,1,0,2,True
2024-2024092000gm-00a9-0000-e0b6f7b7-07-s2-d15,42,B,2,2,"[-2100,41000,28800,32300]",3,-4.0,1,2,1,0,2,True
2024-2024092000gm-00a9-0000-e0b6f7b7-07-s2-d15,43,A,1,19,"[-600,31600,36200,32800]",1,10.0,1,1,1,0,2,True
2024-2024092000gm-00a9-0000-e0b6f7b7-07-s2-d15,43,B,2,2,"[-3200,30700,38100,34400]",1,10.0,1,2,1,0,2,True
2024-2024092000gm-00a9-0000-e0b6f7b7-07-s2-d15,44,A,1,19,"[-4000,46700,27900,29400]",3,-4.0,1,1,1,0,2,True
2024-2024092000gm-00a9-0000-e0b6f7b7-07-s2-d15,44,B,2,2,"[5400,21400,35900,37300]",2,4.0,1,3,0,0,3,True
2024-2024092000gm-00a9-0000-e0b6f7b7-07-s2-d15,45,A,1,19,"[-5100,29700,41000,34400]",1,10.0,1,2,1,0,2,True
2024-2024092000gm-00a9-0000-e0b6f7b7-07-s2-d15,45,B,2,2,"[-1000,26700,40900,32400]",1,10.0,1,1,0,1,1,True
2024-2024092000gm-00a9-0000-e0b6f7b7-07-s2-d15,46,A,1,19,"[-1500,28200,41400,31900]",1,10.0,1,2,2,0,3,True
2024-2024092000gm-00a9-0000-e0b6f7b7-07-s2-d15,46,B,2,2,"[-3100,26600,46200,30300]",1,10.0,1,2,1,0,2,True
2024-2024092000gm-00a9-0000-e0b6f7b7-07-s2-d15,47,A,1,19,"[-3200,29700,41100,32400]",1,10.0,1,2,1,0,2,True
2024-2024092000gm-00a9-0000-e0b6f7b7-07-s2-d15,47,B,2,2,"[-3200,29700,41100,32400]",1,10.0,1,2,1,0,2,True
2024-2024092000gm-00a9-0000-e0b6f7b7-07-s2-d15,48,A,1,19,"[-3000,29900,34700,38400]",2,4.0,1,3,0,0,3,True
2024-2024092000gm-00a9-0000-e0b6f7b7-07-s2-d15,48,B,2,2,"[-3000,29900,34700,38400]",2,4.0,1,3,0,0,3,True
2024-2024092000gm-00a9-0000-e0b6f7b7-07-s2-d15,49,A,1,19,"[-2000,30700,33900,35400]",2,4.0,1,2,1,2,2,True
2024-2024092000gm-00a9-0000-e0b6f7b7-07-s2-d15,49,B,2,2,"[-1100,39900,28900,32300]",3,-4.0,1,2,1,0,2,True
2024-2024092000gm-00a9-0000-e0b6f7b7-07-s2-d15,50,A,1,19,"[-1600,34300,32900,34400]",3,-4.0,1,2,1,0,2,True
2024-2024092000gm-00a9-0000-e0b6f7b7-07-s2-d15,50,B,2,2,"[-1600,34300,32900,34400]",3,-4.0,1,2,1,0,2,True
2024-2024092000gm-00a9-0000-e0b6f7b7-07-s2-d15,51,A,1,19,"[-2900,33700,31900,37300]",3,-4.0,1,1,1,0,2,True
2024-2024092000gm-00a9-0000-e0b6f7b7-07-s2-d15,51,B,2,2,"[3300,28400,35900,32400]",1,10.0,1,3,0,0,3,True
2024-2024092000gm-00a9-0000-e0b6f7b7-07-s2-d15,52,A,1,19,"[-12300,29700,35900,46700]",2,4.0,1,2,1,0,2,True
2024-2024092000gm-00a9-0000-e0b6f7b7-07-s2-d15,52,B,2,2,"[-2000,24700,45900,31400]",1,10.0,1,1,0,0,1,True
2024-2024092000gm-00a9-0000-e0b6f7b7-07-s2-d15,53,A,1,19,"[-3100,45000,26800,31300]",3,-4.0,1,2,1,0,2,True
2024-2024092000gm-00a9-0000-e0b6f7b7-07-s2-d15,53,B,2,2,"[-3100,45000,26800,31300]",3,-4.0,1,2,1,0,2,True
2024-2024092000gm-00a9-0000-e0b6f7b7-07-s2-d15,54,A,1,19,"[17900,26600,24200,31300]",3,-4.0,1,3,0,0,3,True
2024-2024092000gm-00a9-0000-e0b6f7b7-07-s2-d15,54,B,2,2,"[13000,29000,27600,30400]",3,-4.0,2,0,0,0,4,True
2024-2024092000gm-00a9-0000-e0b6f7b7-07-s2-d15,55,A,1,19,"[16800,28100,23300,31800]",3,-4.0,1,3,0,0,3,True
2024-2024092000gm-00a9-0000-e0b6f7b7-07-s2-d15,55,B,2,2,"[6300,26600,24800,42300]",3,-4.0,1,3,0,0,3,True
2024-2024092000gm-00a9-0000-e0b6f7b7-07-s2-d15,56,A,1,19,"[-500,32200,33400,32900]",1,10.0,1,1,0,2,1,True
2024-2024092000gm-00a9-0000-e0b6f7b7-07-s2-d15,56,B,2,2,"[-500,32200,33400,32900]",1,10.0,1,1,0,2,1,True
2024-2024092000gm-00a9-0000-e0b6f7b7-07-s2-d15,57,A,1,19,"[8000,29200,27900,32900]",3,-4.0,1,3,0,2,3,True
2024-2024092000gm-00a9-0000-e0b6f7b7-07-s2-d15,57,B,2,2,"[8000,29200,27900,32900]",3,-4.0,1,3,0,2,3,True
2024-2024092000gm-00a9-0000-e0b6f7b7-07-s2-d15,58,A,1,19,"[-2100,27600,26800,47700]",3,-4.0,1,2,1,0,2,True
2024-2024092000gm-00a9-0000-e0b6f7b7-07-s2-d15,58,B,2,2,"[-2100,27600,26800,47700]",3,-4.0,1,2,1,0,2,True
2024-2024092000gm-00a9-0000-e0b6f7b7-07-s2-d15,59,A,1,19,"[-2100,29700,29800,42600]",2,4.0,1,1,1,0,2,True
2024-2024092000gm-00a9-0000-e0b6f7b7-07-s2-d15,59,B,2,2,"[24500,25600,19600,30300]",4,-10.0,1,3,0,0,3,True
2024-2024092000gm-00a9-0000-e0b6f7b7-07-s2-d15,60,A,1,19,"[-500,31200,34400,32900]",1,10.0,1,2,1,2,2,True
2024-2024092000gm-00a9-0000-e0b6f7b7-07-s2-d15,60,B,2,2,"[1000,31700,32900,34400]",2,4.0,1,3,0,0,3,True
2024-2024092000gm-00a9-0000-e0b6f7b7-07-s2-d15,61,A,1,19,"[-1100,28600,28900,43600]",2,4.0,1,2,1,0,2,True
2024-2024092000gm-00a9-0000-e0b6f7b7-07-s2-d15,61,B,2,2,"[-300,23900,37000,39400]",2,4.0,1,3,0,0,3,True
2024-2024092000gm-00a9-0000-e0b6f7b7-07-s2-d15,62,A,1,19,"[8600,40000,20800,30600]",3,-4.0,1,3,2,0,5,True
2024-2024092000gm-00a9-0000-e0b6f7b7-07-s2-d15,62,B,2,2,"[-1100,36000,33800,31300]",2,4.0,1,2,1,0,2,True
2024-2024092000gm-00a9-0000-e0b6f7b7-07-s2-d15,63,A,1,19,"[-100,29600,30800,39700]",2,4.0,1,2,1,0,2,True
2024-2024092000gm-00a9-0000-e0b6f7b7-07-s2-d15,63,B,2,2,"[-100,29600,30800,39700]",2,4.0,1,2,1,0,2,True
2024-2024092000gm-00a9-0000-e0b6f7b7-07-s2-d15,64,A,1,19,"[-2900,33700,35800,33400]",1,10.0,1,1,1,0,2,True
2024-2024092000gm-00a9-0000-e0b6f7b7-07-s2-d15,64,B,2,2,"[-4200,33700,37100,33400]",1,10.0,1,1,1,0,2,True
2024-2024092000gm-00a9-0000-e0b6f7b7-07-s2-d15,65,A,1,19,"[10800,25300,32900,31000]",1,10.0,1,3,3,0,4,True
2024-2024092000gm-00a9-0000-e0b6f7b7-07-s2-d15,65,B,2,2,"[10800,25300,32900,31000]",1,10.0,1,3,3,0,4,True
2024-2024092000gm-00a9-0000-e0b6f7b7-07-s2-d15,66,A,1,19,"[-8000,40700,32900,34400]",3,-4.0,1,2,1,0,2,True
2024-2024092000gm-00a9-0000-e0b6f7b7-07-s2-d15,66,B,2,2,"[-7000,30700,41900,34400]",1,10.0,1,1,0,0,1,True
2024-2024092000gm-00a9-0000-e0b6f7b7-07-s2-d15,67,A,1,19,"[-11300,44000,32900,34400]",3,-4.0,1,2,1,0,2,True
2024-2024092000gm-00a9-0000-e0b6f7b7-07-s2-d15,67,B,2,2,"[18900,33200,15500,32400]",4,-10.0,1,3,0,0,4,True
2024-2024092000gm-00a9-0000-e0b6f7b7-07-s2-d15,68,A,1,19,"[-1100,28600,28900,43600]",2,4.0,1,2,1,0,2,True
2024-2024092000gm-00a9-0000-e0b6f7b7-07-s2-d15,68,B,2,2,"[-1100,28600,28900,43600]",2,4.0,1,2,1,0,2,True
2024-2024092000gm-00a9-0000-e0b6f7b7-07-s2-d15,69,A,1,19,"[-3100,26600,46200,30300]",1,10.0,1,2,1,0,2,True
2024-2024092000gm-00a9-0000-e0b6f7b7-07-s2-d15,69,B,2,2,"[-2900,29700,34900,38300]",2,4.0,1,2,1,0,2,True
2024-2024092000gm-00a9-0000-e0b6f7b7-07-s2-d15,70,A,1,19,"[-200,29500,34900,35800]",2,4.0,1,2,2,0,3,True
2024-2024092000gm-00a9-0000-e0b6f7b7-07-s2-d15,70,B,2,2,"[-3900,38700,39800,25400]",1,10.0,1,3,0,0,3,True
2024-2024092000gm-00a9-0000-e0b6f7b7-07-s2-d15,71,A,1,19,"[400,28600,31800,39200]",2,4.0,1,3,0,0,3,True
2024-2024092000gm-00a9-0000-e0b6f7b7-07-s2-d15,71,B,2,2,"[400,28600,31800,39200]",2,4.0,1,3,0,0,3,True
2024-2024092000gm-00a9-0000-e0b6f7b7-07-s2-d15,72,A,1,19,"[-1400,29300,30200,41900]",2,4.0,1,2,1,0,2,True
2024-2024092000gm-00a9-0000-e0b6f7b7-07-s2-d15,72,B,2,2,"[-2100,41000,28800,32300]",3,-4.0,1,2,1,0,2,True
2024-2024092000gm-00a9-0000-e0b6f7b7-07-s2-d15,73,A,1,19,"[-400,33100,34300,33000]",1,10.0,1,1,1,0,2,True
2024-2024092000gm-00a9-0000-e0b6f7b7-07-s2-d15,73,B,2,2,"[-400,33100,34300,33000]",1,10.0,1,1,1,0,2,True
2024-2024092000gm-00a9-0000-e0b6f7b7-07-s2-d15,74,A,1,19,"[-5500,33700,31900,39900]",3,-4.0,1,1,1,0,2,True
2024-2024092000gm-00a9-0000-e0b6f7b7-07-s2-d15,74,B,2,2,"[5900,31800,32600,29700]",1,10.0,1,3,0,0,3,True
2024-2024092000gm-00a9-0000-e0b6f7b7-07-s2-d15,75,A,1,19,"[11300,22600,22800,43300]",2,4.0,1,3,0,0,3,True
2024-2024092000gm-00a9-0000-e0b6f7b7-07-s2-d15,75,B,2,2,"[13300,16000,29800,40900]",2,4.0,1,3,0,0,3,True
2024-2024092000gm-00a9-0000-e0b6f7b7-07-s2-d15,76,A,1,19,"[5700,31400,42800,20100]",1,10.0,1,3,0,0,3,True
2024-2024092000gm-00a9-0000-e0b6f7b7-07-s2-d15,76,B,2,2,"[5700,31400,42800,20100]",1,10.0,1,3,0,0,3,True
2024-2024092000gm-00a9-0000-e0b6f7b7-07-s2-d15,77,A,1,19,"[1400,13100,53200,32300]",1,10.0,1,3,1,0,3,True
2024-2024092000gm-00a9-0000-e0b6f7b7-07-s2-d15,77,B,2,2,"[-400,33100,34300,33000]",1,10.0,1,2,1,0,2,True
2024-2024092000gm-00a9-0000-e0b6f7b7-07-s2-d15,78,A,1,19,"[-800,30700,35700,34400]",1,10.0,1,2,1,0,2,True
2024-2024092000gm-00a9-0000-e0b6f7b7-07-s2-d15,78,B,2,2,"[-2000,24700,45900,31400]",1,10.0,1,1,0,0,1,True
2024-2024092000gm-00a9-0000-e0b6f7b7-07-s2-d15,79,A,1,19,"[300,30000,29200,40500]",3,-4.0,1,3,2,0,3,True
2024-2024092000gm-00a9-0000-e0b6f7b7-07-s2-d15,79,B,2,2,"[1000,36900,35200,26900]",2,4.0,1,3,0,0,4,True
2024-2024092000gm-00a9-0000-e0b6f7b7-07-s2-d15,80,A,1,19,"[-2000,24700,45900,31400]",1,10.0,1,1,0,0,1,True
2024-2024092000gm-00a9-0000-e0b6f7b7-07-s2-d15,80,B,2,2,"[-7000,30700,41900,34400]",1,10.0,1,1,0,0,1,True
2024-2024092000gm-00a9-0000-e0b6f7b7-07-s2-d15,81,A,1,19,"[8600,35500,30900,25000]",2,4.0,1,3,0,0,4,True
2024-2024092000gm-00a9-0000-e0b6f7b7-07-s2-d15,81,B,2,2,"[-7300,30700,32900,43700]",2,4.0,1,2,1,0,2,True
2024-2024092000gm-00a9-0000-e0b6f7b7-07-s2-d15,82,A,1,19,"[2000,30700,32900,34400]",2,4.0,1,3,0,0,3,True
2024-2024092000gm-00a9-0000-e0b6f7b7-07-s2-d15,82,B,2,2,"[2000,30700,32900,34400]",2,4.0,1,3,0,0,3,True
2024-2024092000gm-00a9-0000-e0b6f7b7-07-s2-d15,83,A,1,19,"[15800,19900,31400,32900]",2,4.0,1,3,0,0,3,True
2024-2024092000gm-00a9-0000-e0b6f7b7-07-s2-d15,83,B,2,2,"[200,27200,43000,29600]",1,10.0,1,3,3,0,4,True
2024-2024092000gm-00a9-0000-e0b6f7b7-07-s2-d15,84,A,1,19,"[-1100,28600,40200,32300]",1,10.0,1,2,1,0,2,True
2024-2024092000gm-00a9-0000-e0b6f7b7-07-s2-d15,84,B,2,2,"[-1100,28600,40200,32300]",1,10.0,1,2,1,0,2,True
2024-2024092000gm-00a9-0000-e0b6f7b7-07-s2-d15,85,A,1,19,"[-100,36000,30800,33300]",3,-4.0,1,2,1,0,2,True
2024-2024092000gm-00a9-0000-e0b6f7b7-07-s2-d15,85,B,2,2,"[-100,36000,30800,33300]",3,-4.0,1,2,1,0,2,True
2024-2024092000gm-00a9-0000-e0b6f7b7-07-s2-d15,86,A,1,19,"[14000,27800,27500,30700]",3,-4.0,1,3,0,0,4,True
2024-2024092000gm-00a9-0000-e0b6f7b7-07-s2-d15,86,B,2,2,"[14000,27800,27500,30700]",3,-4.0,1,3,0,0,4,True
2024-2024092000gm-00a9-0000-e0b6f7b7-07-s2-d15,87,A,1,19,"[-2200,33200,37100,31900]",1,10.0,1,2,0,0,3,True
2024-2024092000gm-00a9-0000-e0b6f7b7-07-s2-d15,87,B,2,2,"[-600,36500,31300,32800]",3,-4.0,1,1,1,0,2,True
2024-2024092000gm-00a9-0000-e0b6f7b7-07-s2-d15,88,A,1,19,"[500,26900,35900,36700]",2,4.0,1,3,0,0,3,True
2024-2024092000gm-00a9-0000-e0b6f7b7-07-s2-d15,88,B,2,2,"[-1600,30000,32900,38700]",2,4.0,1,3,0,0,3,True
2024-2024092000gm-00a9-0000-e0b6f7b7-07-s2-d15,89,A,1,19,"[-2900,33700,35800,33400]",1,10.0,1,1,1,0,2,True
2024-2024092000gm-00a9-0000-e0b6f7b7-07-s2-d15,89,B,2,2,"[-2900,33700,35800,33400]",1,10.0,1,1,1,0,2,True
2024-2024092000gm-00a9-0000-e0b6f7b7-07-s2-d15,90,A,1,19,"[-3000,42700,28900,30400]",3,-4.0,1,1,0,1,1,True
2024-2024092000gm-00a9-0000-e0b6f7b7-07-s2-d15,90,B,2,2,"[-3000,42700,28900,30400]",3,-4.0,1,1,0,1,1,True
2024-2024092000gm-00a9-0000-e0b6f7b7-07-s2-d15,91,A,1,19,"[-5200,38900,29600,36700]",3,-4.0,1,2,0,0,3,True
2024-2024092000gm-00a9-0000-e0b6f7b7-07-s2-d15,91,B,2,2,"[-5200,38900,29600,36700]",3,-4.0,1,2,0,0,3,True
2024-2024092000gm-00a9-0000-e0b6f7b7-07-s2-d15,92,A,1,19,"[-3100,39800,30900,32400]",3,-4.0,1,2,3,0,4,True
2024-2024092000gm-00a9-0000-e0b6f7b7-07-s2-d15,92,B,2,2,"[0,44000,23600,32400]",3,-4.0,1,3,0,0,3,True
2024-2024092000gm-00a9-0000-e0b6f7b7-07-s2-d15,93,A,1,19,"[-3200,30700,38100,34400]",1,10.0,1,2,1,0,2,True
2024-2024092000gm-00a9-0000-e0b6f7b7-07-s2-d15,93,B,2,2,"[-3200,30700,38100,34400]",1,10.0,1,2,1,0,2,True
2024-2024092000gm-00a9-0000-e0b6f7b7-07-s2-d15,94,A,1,19,"[-1000,26700,30900,42400]",2,4.0,1,1,0,1,1,True
2024-2024092000gm-00a9-0000-e0b6f7b7-07-s2-d15,94,B,2,2,"[-1000,26700,30900,42400]",2,4.0,1,1,0,1,1,True
2024-2024092000gm-00a9-0000-e0b6f7b7-07-s2-d15,95,A,1,19,"[-1000,26700,30900,42400]",2,4.0,1,1,0,1,1,True
2024-2024092000gm-00a9-0000-e0b6f7b7-07-s2-d15,95,B,2,2,"[-1000,26700,30900,42400]",2,4.0,1,1,0,1,1,True
2024-2024092000gm-00a9-0000-e0b6f7b7-07-s2-d15,96,A,1,19,"[-1300,30700,32900,37700]",2,4.0,1,2,1,0,2,True
2024-2024092000gm-00a9-0000-e0b6f7b7-07-s2-d15,96,B,2,2,"[-1300,30700,32900,37700]",2,4.0,1,2,1,0,2,True
2024-2024092000gm-00a9-0000-e0b6f7b7-07-s2-d15,97,A,1,19,"[1000,35200,28100,35700]",3,-4.0,1,3,0,0,3,True
2024-2024092000gm-00a9-0000-e0b6f7b7-07-s2-d15,97,B,2,2,"[1000,35200,28100,35700]",3,-4.0,1,3,0,0,3,True
2024-2024092000gm-00a9-0000-e0b6f7b7-07-s2-d15,98,A,1,19,"[-5200,30300,32300,42600]",2,4.0,1,3,0,0,3,True
2024-2024092000gm-00a9-0000-e0b6f7b7-07-s2-d15,98,B,2,2,"[-1000,26700,40900,32400]",1,10.0,1,1,0,1,1,True
2024-2024092000gm-00a9-0000-e0b6f7b7-07-s2-d15,99,A,1,19,"[-800,36900,39300,24600]",1,10.0,1,2,0,0,3,True
2024-2024092000gm-00a9-0000-e0b6f7b7-07-s2-d15,99,B,2,2,"[3000,29400,38100,29500]",1,10.0,1,3,0,0,3,True
2024-2024092000gm-00a9-0000-e0b6f7b7-07-s2-d15,100,A,1,19,"[-7900,36600,37700,33600]",1,10.0,1,2,3,0,4,True
2024-2024092000gm-00a9-0000-e0b6f7b7-07-s2-d15,100,B,2,2,"[-600,29100,37700,33800]",1,10.0,1,2,1,0,2,True
2024-2024092000gm-00a9-0000-e0b6f7b7-07-s2-d15,101,A,1,19,"[-400,28300,35300,36800]",2,4.0,1,3,0,0,3,True
2024-2024092000gm-00a9-0000-e0b6f7b7-07-s2-d15,101,B,2,2,"[-400,28300,35300,36800]",2,4.0,1,3,0,0,3,True
2024-2024092000gm-00a9-0000-e0b6f7b7-07-s2-d15,102,A,1,19,"[-500,33200,32900,34400]",3,-4.0,1,1,0,0,1,True
2024-2024092000gm-00a9-0000-e0b6f7b7-07-s2-d15,102,B,2,2,"[-500,33200,32900,34400]",3,-4.0,1,1,0,0,1,True
2024-2024092000gm-00a9-0000-e0b6f7b7-07-s2-d15,103,A,1,19,"[-7000,40700,32900,33400]",3,-4.0,1,2,1,0,2,True
2024-2024092000gm-00a9-0000-e0b6f7b7-07-s2-d15,103,B,2,2,"[-7000,40700,32900,33400]",3,-4.0,1,2,1,0,2,True
2024-2024092000gm-00a9-0000-e0b6f7b7-07-s2-d15,104,A,1,19,"[7500,29300,27800,35400]",3,-4.0,1,3,0,0,3,True
2024-2024092000gm-00a9-0000-e0b6f7b7-07-s2-d15,104,B,2,2,"[1500,27900,33800,36800]",2,4.0,1,3,0,0,3,True
2024-2024092000gm-00a9-0000-e0b6f7b7-07-s2-d15,105,A,1,19,"[-2200,30700,38100,33400]",1,10.0,1,2,1,0,2,True
2024-2024092000gm-00a9-0000-e0b6f7b7-07-s2-d15,105,B,2,2,"[-2200,30700,38100,33400]",1,10.0,1,2,1,0,2,True
2024-2024092000gm-00a9-0000-e0b6f7b7-07-s2-d15,106,A,1,19,"[-1300,30700,32900,37700]",2,4.0,1,2,1,0,2,True
2024-2024092000gm-00a9-0000-e0b6f7b7-07-s2-d15,106,B,2,2,"[-1300,30700,32900,37700]",2,4.0,1,2,1,0,2,True
2024-2024092000gm-00a9-0000-e0b6f7b7-07-s2-d15,107,A,1,19,"[-7300,30700,32900,43700]",2,4.0,1,2,1,0,2,True
2024-2024092000gm-00a9-0000-e0b6f7b7-07-s2-d15,107,B,2,2,"[-2000,24700,45900,31400]",1,10.0,1,1,0,0,1,True
2024-2024092000gm-00a9-0000-e0b6f7b7-07-s2-d15,108,A,1,19,"[-1100,28600,40200,32300]",1,10.0,1,2,1,0,2,True
2024-2024092000gm-00a9-0000-e0b6f7b7-07-s2-d15,108,B,2,2,"[-1100,28600,40200,32300]",1,10.0,1,2,1,0,2,True
2024-2024092000gm-00a9-0000-e0b6f7b7-07-s2-d15,109,A,1,19,"[-4500,37200,32900,34400]",3,-4.0,1,2,1,0,2,True
2024-2024092000gm-00a9-0000-e0b6f7b7-07-s2-d15,109,B,2,2,"[-2000,24700,45900,31400]",1,10.0,1,1,0,0,1,True
2024-2024092000gm-00a9-0000-e0b6f7b7-07-s2-d15,110,A,1,19,"[500,27900,32400,39200]",2,4.0,1,3,0,0,3,True
2024-2024092000gm-00a9-0000-e0b6f7b7-07-s2-d15,110,B,2,2,"[8300,28600,28800,34300]",2,4.0,1,3,0,0,3,True
2024-2024092000gm-00a9-0000-e0b6f7b7-07-s2-d15,111,A,1,19,"[8000,27800,31700,31500]",1,10.0,1,3,0,1,3,True
2024-2024092000gm-00a9-0000-e0b6f7b7-07-s2-d15,111,B,2,2,"[8000,27800,31700,31500]",1,10.0,1,3,0,1,3,True
2024-2024092000gm-00a9-0000-e0b6f7b7-07-s2-d15,112,A,1,19,"[-300,27800,38100,34400]",1,10.0,1,3,0,0,3,True
2024-2024092000gm-00a9-0000-e0b6f7b7-07-s2-d15,112,B,2,2,"[-300,27800,38100,34400]",1,10.0,1,3,0,0,3,True
2024-2024092000gm-00a9-0000-e0b6f7b7-07-s2-d15,113,A,1,19,"[-8000,33700,40900,33400]",1,10.0,1,1,1,0,2,True
2024-2024092000gm-00a9-0000-e0b6f7b7-07-s2-d15,113,B,2,2,"[-8000,39400,34200,34400]",3,-4.0,1,1,1,0,2,True
2024-2024092000gm-00a9-0000-e0b6f7b7-07-s2-d15,114,A,1,19,"[10300,40600,16800,32300]",3,-4.0,1,3,0,0,3,True
2024-2024092000gm-00a9-0000-e0b6f7b7-07-s2-d15,114,B,2,2,"[10300,40600,16800,32300]",3,-4.0,1,3,0,0,3,True
2024-2024092000gm-00a9-0000-e0b6f7b7-07-s2-d15,115,A,1,19,"[-4500,30700,32900,40900]",2,4.0,1,2,1,0,2,True
2024-2024092000gm-00a9-0000-e0b6f7b7-07-s2-d15,115,B,2,2,"[-4500,30700,32900,40900]",2,4.0,1,2,1,0,2,True
2024-2024092000gm-00a9-0000-e0b6f7b7-07-s2-d15,116,A,1,19,"[-500,32200,33400,32900]",1,10.0,1,1,0,2,1,True
2024-2024092000gm-00a9-0000-e0b6f7b7-07-s2-d15,116,B,2,2,"[-5500,33700,31900,39900]",3,-4.0,1,1,1,0,2,True
2024-2024092000gm-00a9-0000-e0b6f7b7-07-s2-d15,117,A,1,19,"[10400,22700,22900,44000]",2,4.0,1,3,0,0,3,True
2024-2024092000gm-00a9-0000-e0b6f7b7-07-s2-d15,117,B,2,2,"[-7000,30700,41900,34400]",1,10.0,1,1,0,0,1,True
2024-2024092000gm-00a9-0000-e0b6f7b7-07-s2-d15,118,A,1,19,"[7900,39000,22600,30500]",3,-4.0,1,3,0,0,3,True
2024-2024092000gm-00a9-0000-e0b6f7b7-07-s2-d15,118,B,2,2,"[7900,39000,22600,30500]",3,-4.0,1,3,0,0,3,True
2024-2024092000gm-00a9-0000-e0b6f7b7-07-s2-d15,119,A,1,19,"[-500,32200,33400,32900]",1,10.0,1,2,1,2,2,True
2024-2024092000gm-00a9-0000-e0b6f7b7-07-s2-d15,119,B,2,2,"[16100,34600,24500,24800]",3,-4.0,2,0,1,0,5,True
2024-2024092000gm-00a9-0000-e0b6f7b7-07-s2-d15,120,A,1,19,"[-3000,26700,26000,50300]",3,-4.0,1,3,0,0,3,True
2024-2024092000gm-00a9-0000-e0b6f7b7-07-s2-d15,120,B,2,2,"[5000,32700,18900,43400]",3,-4.0,1,3,0,0,3,True
2024-2024092000gm-00a9-0000-e0b6f7b7-07-s2-d15,121,A,1,19,"[-600,34000,32800,33800]",3,-4.0,1,3,0,0,3,True
2024-2024092000gm-00a9-0000-e0b6f7b7-07-s2-d15,121,B,2,2,"[-7300,30700,32900,43700]",2,4.0,1,2,1,0,2,True
2024-2024092000gm-00a9-0000-e0b6f7b7-07-s2-d15,122,A,1,19,"[0,32100,36100,31800]",1,10.0,1,3,0,0,4,True
2024-2024092000gm-00a9-0000-e0b6f7b7-07-s2-d15,122,B,2,2,"[5200,30700,29700,34400]",3,-4.0,1,3,0,0,3,True
2024-2024092000gm-00a9-0000-e0b6f7b7-07-s2-d15,123,A,1,19,"[7500,24900,32900,34700]",2,4.0,1,3,0,0,3,True
2024-2024092000gm-00a9-0000-e0b6f7b7-07-s2-d15,123,B,2,2,"[11200,25500,31900,31400]",1,10.0,1,3,0,0,3,True
2024-2024092000gm-00a9-0000-e0b6f7b7-07-s2-d15,124,A,1,19,"[1000,25200,34900,38900]",2,4.0,1,3,0,0,3,True
2024-2024092000gm-00a9-0000-e0b6f7b7-07-s2-d15,124,B,2,2,"[-400,29300,30200,40900]",2,4.0,1,2,1,0,2,True
2024-2024092000gm-00a9-0000-e0b6f7b7-07-s2-d15,125,A,1,19,"[-1000,42000,28600,30400]",3,-4.0,1,3,0,0,3,True
2024-2024092000gm-00a9-0000-e0b6f7b7-07-s2-d15,125,B,2,2,"[-1000,42000,28600,30400]",3,-4.0,1,3,0,0,3,True
2024-2024092000gm-00a9-0000-e0b6f7b7-07-s2-d15,126,A,1,19,"[7600,28600,31500,32300]",2,4.0,1,3,0,0,3,True
2024-2024092000gm-00a9-0000-e0b6f7b7-07-s2-d15,126,B,2,2,"[7600,28600,31500,32300]",2,4.0,1,3,0,0,3,True
2024-2024092000gm-00a9-0000-e0b6f7b7-07-s2-d15,127,A,1,19,"[-1000,32700,34900,32400]",1,10.0,1,1,1,1,2,True
2024-2024092000gm-00a9-0000-e0b6f7b7-07-s2-d15,127,B,2,2,"[-12300,33700,45200,33400]",1,10.0,1,1,1,0,2,True
2024-2024092000gm-00a9-0000-e0b6f7b7-07-s2-d15,128,A,1,19,"[9300,30700,25600,34400]",3,-4.0,1,3,0,0,3,True
2024-2024092000gm-00a9-0000-e0b6f7b7-07-s2-d15,128,B,2,2,"[-2000,24700,45900,31400]",1,10.0,1,1,0,0,1,True
2024-2024092000gm-00a9-0000-e0b6f7b7-07-s2-d15,129,A,1,19,"[-700,38400,29600,32700]",3,-4.0,1,2,1,0,2,True
2024-2024092000gm-00a9-0000-e0b6f7b7-07-s2-d15,129,B,2,2,"[-8300,30700,32900,44700]",2,4.0,1,2,1,0,2,True
2024-2024092000gm-00a9-0000-e0b6f7b7-07-s2-d15,130,A,1,19,"[6300,37600,22800,33300]",3,-4.0,1,3,0,0,3,True
2024-2024092000gm-00a9-0000-e0b6f7b7-07-s2-d15,130,B,2,2,"[-2900,35600,32900,34400]",3,-4.0,1,2,1,0,2,True
2024-2024092000gm-00a9-0000-e0b6f7b7-07-s2-d15,131,A,1,19,"[2300,25500,37800,34400]",1,10.0,1,3,0,0,3,True
2024-2024092000gm-00a9-0000-e0b6f7b7-07-s2-d15,131,B,2,2,"[2300,25500,37800,34400]",1,10.0,1,3,0,0,3,True
2024-2024092000gm-00a9-0000-e0b6f7b7-07-s2-d15,132,A,1,19,"[-1100,27600,28900,44600]",2,4.0,1,2,1,0,2,True
2024-2024092000gm-00a9-0000-e0b6f7b7-07-s2-d15,132,B,2,2,"[-2900,33600,35900,33400]",1,10.0,1,2,1,0,2,True
2024-2024092000gm-00a9-0000-e0b6f7b7-07-s2-d15,133,A,1,19,"[-300,42300,29000,29000]",2,4.0,1,3,0,0,5,True
2024-2024092000gm-00a9-0000-e0b6f7b7-07-s2-d15,133,B,2,2,"[-300,42300,29000,29000]",2,4.0,1,3,0,0,5,True
2024-2024092000gm-00a9-0000-e0b6f7b7-07-s2-d15,134,A,1,19,"[1000,37200,34900,26900]",2,4.0,1,3,0,0,3,True
2024-2024092000gm-00a9-0000-e0b6f7b7-07-s2-d15,134,B,2,2,"[-500,32200,34400,32900]",1,10.0,1,1,0,1,1,True
2024-2024092000gm-00a9-0000-e0b6f7b7-07-s2-d15,135,A,1,19,"[-4900,32200,31400,41300]",3,-4.0,1,3,2,0,3,True
2024-2024092000gm-00a9-0000-e0b6f7b7-07-s2-d15,135,B,2,2,"[5000,27900,38500,28600]",1,10.0,1,3,0,0,3,True
2024-2024092000gm-00a9-0000-e0b6f7b7-07-s2-d15,136,A,1,19,"[-1500,30700,32900,37900]",2,4.0,1,3,0,0,3,True
2024-2024092000gm-00a9-0000-e0b6f7b7-07-s2-d15,136,B,2,2,"[4400,28600,28900,38100]",2,4.0,1,3,0,0,3,True
2024-2024092000gm-00a9-0000-e0b6f7b7-07-s2-d15,137,A,1,19,"[6000,28900,31500,33600]",2,4.0,1,3,0,0,3,True
2024-2024092000gm-00a9-0000-e0b6f7b7-07-s2-d15,137,B,2,2,"[1500,28200,30400,37900]",2,4.0,1,3,2,2,3,True
2024-2024092000gm-00a9-0000-e0b6f7b7-07-s2-d15,138,A,1,19,"[2400,35200,28200,34200]",3,-4.0,1,3,0,0,4,True
2024-2024092000gm-00a9-0000-e0b6f7b7-07-s2-d15,138,B,2,2,"[2800,18600,34100,44500]",2,4.0,1,3,0,0,3,True
2024-2024092000gm-00a9-0000-e0b6f7b7-07-s2-d15,139,A,1,19,"[300,32300,30900,36500]",3,-4.0,1,3,0,0,3,True
2024-2024092000gm-00a9-0000-e0b6f7b7-07-s2-d15,139,B,2,2,"[0,32000,36600,31400]",1,10.0,1,3,0,0,3,True
2024-2024092000gm-00a9-0000-e0b6f7b7-07-s2-d15,140,A,1,19,"[4300,38700,24900,32100]",3,-4.0,1,3,0,0,3,True
2024-2024092000gm-00a9-0000-e0b6f7b7-07-s2-d15,140,B,2,2,"[4300,38700,24900,32100]",3,-4.0,1,3,0,0,3,True
2024-2024092000gm-00a9-0000-e0b6f7b7-07-s2-d15,141,A,1,19,"[-1400,38200,30200,33000]",3,-4.0,1,2,1,0,2,True
2024-2024092000gm-00a9-0000-e0b6f7b7-07-s2-d15,141,B,2,2,"[-1400,38200,30200,33000]",3,-4.0,1,2,1,0,2,True
2024-2024092000gm-00a9-0000-e0b6f7b7-07-s2-d15,142,A,1,19,"[1500,26300,34400,36800]",2,4.0,1,3,0,1,3,True
2024-2024092000gm-00a9-0000-e0b6f7b7-07-s2-d15,142,B,2,2,"[1500,26300,34400,36800]",2,4.0,1,3,0,1,3,True
2024-2024092000gm-00a9-0000-e0b6f7b7-07-s2-d15,143,A,1,19,"[-1100,40000,28800,32300]",3,-4.0,1,2,1,0,2,True
2024-2024092000gm-00a9-0000-e0b6f7b7-07-s2-d15,143,B,2,2,"[-2100,39000,31800,31300]",2,4.0,1,2,1,0,2,True
2024-2024092000gm-00a9-0000-e0b6f7b7-07-s2-d15,144,A,1,19,"[13000,27000,27300,31700]",2,4.0,1,3,0,1,4,True
2024-2024092000gm-00a9-0000-e0b6f7b7-07-s2-d15,144,B,2,2,"[-4100,38700,34900,30500]",2,4.0,1,3,0,0,3,True
2024-2024092000gm-00a9-0000-e0b6f7b7-07-s2-d15,145,A,1,19,"[-800,32300,35900,32600]",1,10.0,1,1,1,0,2,True
2024-2024092000gm-00a9-0000-e0b6f7b7-07-s2-d15,145,B,2,2,"[-500,32200,34400,32900]",1,10.0,1,1,0,1,1,True
2024-2024092000gm-00a9-0000-e0b6f7b7-07-s2-d15,146,A,1,19,"[-3000,58000,17600,27400]",3,-4.0,1,3,0,0,3,True
2024-2024092000gm-00a9-0000-e0b6f7b7-07-s2-d15,146,B,2,2,"[-3000,21200,48900,32900]",1,10.0,1,3,2,0,4,True
2024-2024092000gm-00a9-0000-e0b6f7b7-07-s2-d15,147,A,1,19,"[18300,22400,24900,34400]",2,4.0,1,3,0,0,3,True
2024-2024092000gm-00a9-0000-e0b6f7b7-07-s2-d15,147,B,2,2,"[18300,22400,24900,34400]",2,4.0,1,3,0,0,3,True
2024-2024092000gm-00a9-0000-e0b6f7b7-07-s2-d15,148,A,1,19,"[0,30700,29100,40200]",3,-4.0,1,3,0,0,3,True
2024-2024092000gm-00a9-0000-e0b6f7b7-07-s2-d15,148,B,2,2,"[-300,24100,32600,43600]",2,4.0,1,3,0,0,3,True
2024-2024092000gm-00a9-0000-e0b6f7b7-07-s2-d15,149,A,1,19,"[8200,37300,32200,22300]",2,4.0,1,3,1,0,5,True
2024-2024092000gm-00a9-0000-e0b6f7b7-07-s2-d15,149,B,2,2,"[8200,37300,32200,22300]",2,4.0,1,3,1,0,5,True
2024-2024092000gm-00a9-0000-e0b6f7b7-07-s2-d15,150,A,1,19,"[0,36100,36100,27800]",2,4.0,1,3,3,0,4,True
2024-2024092000gm-00a9-0000-e0b6f7b7-07-s2-d15,150,B,2,2,"[-8600,36100,36100,36400]",3,-4.0,1,3,3,0,4,True
2024-2024092000gm-00a9-0000-e0b6f7b7-07-s2-d15,151,A,1,19,"[-1100,28600,28800,43700]",2,4.0,1,2,1,0,2,True
2024-2024092000gm-00a9-0000-e0b6f7b7-07-s2-d15,151,B,2,2,"[-1100,28600,28800,43700]",2,4.0,1,2,1,0,2,True
2024-2024092000gm-00a9-0000-e0b6f7b7-07-s2-d15,152,A,1,19,"[400,21300,38200,40100]",2,4.0,1,3,0,0,3,True
2024-2024092000gm-00a9-0000-e0b6f7b7-07-s2-d15,152,B,2,2,"[-3000,42700,28900,30400]",3,-4.0,1,1,0,1,1,True
2024-2024092000gm-00a9-0000-e0b6f7b7-07-s2-d15,153,A,1,19,"[10000,19100,24900,46000]",2,4.0,1,3,0,0,3,True
2024-2024092000gm-00a9-0000-e0b6f7b7-07-s2-d15,153,B,2,2,"[19400,26700,21900,32000]",3,-4.0,2,0,0,0,4,True
2024-2024092000gm-00a9-0000-e0b6f7b7-07-s2-d15,154,A,1,19,"[10800,22900,31400,32900]",2,4.0,1,3,0,2,3,True
2024-2024092000gm-00a9-0000-e0b6f7b7-07-s2-d15,154,B,2,2,"[12100,20600,31400,35900]",2,4.0,1,3,2,0,3,True
2024-2024092000gm-00a9-0000-e0b6f7b7-07-s2-d15,155,A,1,19,"[-3100,45000,26800,31300]",3,-4.0,1,2,1,0,2,True
2024-2024092000gm-00a9-0000-e0b6f7b7-07-s2-d15,155,B,2,2,"[-3100,45000,26800,31300]",3,-4.0,1,2,1,0,2,True
2024-2024092000gm-00a9-0000-e0b6f7b7-07-s2-d15,156,A,1,19,"[-7300,30700,32900,43700]",2,4.0,1,2,1,0,2,True
2024-2024092000gm-00a9-0000-e0b6f7b7-07-s2-d15,156,B,2,2,"[-7300,30700,32900,43700]",2,4.0,1,2,1,0,2,True
2024-2024092000gm-00a9-0000-e0b6f7b7-07-s2-d15,157,A,1,19,"[1500,29200,40200,29100]",1,10.0,1,3,2,0,3,True
2024-2024092000gm-00a9-0000-e0b6f7b7-07-s2-d15,157,B,2,2,"[1500,29200,40200,29100]",1,10.0,1,3,2,0,3,True
2024-2024092000gm-00a9-0000-e0b6f7b7-07-s2-d15,158,A,1,19,"[-100,36000,30800,33300]",3,-4.0,1,2,1,0,2,True
2024-2024092000gm-00a9-0000-e0b6f7b7-07-s2-d15,158,B,2,2,"[400,34000,39800,25800]",1,10.0,1,3,0,0,3,True
2024-2024092000gm-00a9-0000-e0b6f7b7-07-s2-d15,159,A,1,19,"[3000,27100,36500,33400]",1,10.0,1,3,2,0,3,True
2024-2024092000gm-00a9-0000-e0b6f7b7-07-s2-d15,159,B,2,2,"[3000,27100,36500,33400]",1,10.0,1,3,2,0,3,True
2024-2024092000gm-00a9-0000-e0b6f7b7-07-s2-d15,160,A,1,19,"[-4000,26800,42900,34300]",1,10.0,1,2,0,0,3,True
2024-2024092000gm-00a9-0000-e0b6f7b7-07-s2-d15,160,B,2,2,"[-4000,26800,42900,34300]",1,10.0,1,2,0,0,3,True
2024-2024092000gm-00a9-0000-e0b6f7b7-07-s2-d15,161,A,1,19,"[9800,28100,28300,33800]",2,4.0,1,3,0,0,3,True
2024-2024092000gm-00a9-0000-e0b6f7b7-07-s2-d15,161,B,2,2,"[-500,34700,30900,34900]",3,-4.0,1,3,0,0,3,True
2024-2024092000gm-00a9-0000-e0b6f7b7-07-s2-d15,162,A,1,19,"[2300,29700,35600,32400]",1,10.0,1,3,0,0,3,True
2024-2024092000gm-00a9-0000-e0b6f7b7-07-s2-d15,162,B,2,2,"[5200,41600,25000,28200]",3,-4.0,1,3,0,0,4,True
2024-2024092000gm-00a9-0000-e0b6f7b7-07-s2-d15,163,A,1,19,"[4100,31200,35000,27700]",1,10.0,1,3,1,2,5,True
2024-2024092000gm-00a9-0000-e0b6f7b7-07-s2-d15,163,B,2,2,"[-1300,33700,34200,33400]",1,10.0,1,1,1,0,2,True
2024-2024092000gm-00a9-0000-e0b6f7b7-07-s2-d15,164,A,1,19,"[-5700,38400,32900,34400]",3,-4.0,1,2,1,0,2,True
2024-2024092000gm-00a9-0000-e0b6f7b7-07-s2-d15,164,B,2,2,"[-1000,26700,30900,42400]",2,4.0,1,1,0,1,1,True
2024-2024092000gm-00a9-0000-e0b6f7b7-07-s2-d15,165,A,1,19,"[15300,27600,26800,30300]",3,-4.0,1,3,0,0,3,True
2024-2024092000gm-00a9-0000-e0b6f7b7-07-s2-d15,165,B,2,2,"[15300,27600,26800,30300]",3,-4.0,1,3,0,0,3,True
2024-2024092000gm-00a9-0000-e0b6f7b7-07-s2-d15,166,A,1,19,"[11800,20900,31400,34900]",2,4.0,1,3,0,1,3,True
2024-2024092000gm-00a9-0000-e0b6f7b7-07-s2-d15,166,B,2,2,"[11800,20900,31400,34900]",2,4.0,1,3,0,1,3,True
2024-2024092000gm-00a9-0000-e0b6f7b7-07-s2-d15,167,A,1,19,"[-100,33500,33800,32800]",1,10.0,1,3,0,0,3,True
2024-2024092000gm-00a9-0000-e0b6f7b7-07-s2-d15,167,B,2,2,"[-3000,42700,28900,30400]",3,-4.0,1,1,0,1,1,True
2024-2024092000gm-00a9-0000-e0b6f7b7-07-s2-d15,168,A,1,19,"[-1000,35900,34900,30200]",2,4.0,1,3,0,0,3,True
2024-2024092000gm-00a9-0000-e0b6f7b7-07-s2-d15,168,B,2,2,"[-5500,37200,34900,33400]",2,4.0,1,2,1,0,2,True
2024-2024092000gm-00a9-0000-e0b6f7b7-07-s2-d15,169,A,1,19,"[5200,31000,30400,33400]",3,-4.0,1,3,0,0,3,True
2024-2024092000gm-00a9-0000-e0b6f7b7-07-s2-d15,169,B,2,2,"[-2000,24700,45900,31400]",1,10.0,1,1,0,0,1,True
2024-2024092000gm-00a9-0000-e0b6f7b7-07-s2-d15,170,A,1,19,"[-3000,42700,28900,30400]",3,-4.0,1,1,0,1,1,True
2024-2024092000gm-00a9-0000-e0b6f7b7-07-s2-d15,170,B,2,2,"[-3200,30700,38100,34400]",1,10.0,1,2,1,0,2,True
2024-2024092000gm-00a9-0000-e0b6f7b7-07-s2-d15,171,A,1,19,"[-500,32200,34400,32900]",1,10.0,1,1,0,1,1,True
2024-2024092000gm-00a9-0000-e0b6f7b7-07-s2-d15,171,B,2,2,"[-500,32200,34400,32900]",1,10.0,1,1,0,1,1,True
2024-2024092000gm-00a9-0000-e0b6f7b7-07-s2-d15,172,A,1,19,"[-2000,28200,31400,42400]",2,4.0,1,3,2,0,3,True
2024-2024092000gm-00a9-0000-e0b6f7b7-07-s2-d15,172,B,2,2,"[-2000,28200,31400,42400]",2,4.0,1,3,2,0,3,True
2024-2024092000gm-00a9-0000-e0b6f7b7-07-s2-d15,173,A,1,19,"[-400,29300,38100,33000]",1,10.0,1,2,1,0,2,True
2024-2024092000gm-00a9-0000-e0b6f7b7-07-s2-d15,173,B,2,2,"[-1300,30700,36200,34400]",1,10.0,1,2,1,0,2,True
2024-2024092000gm-00a9-0000-e0b6f7b7-07-s2-d15,174,A,1,19,"[18300,30700,24600,26400]",3,-4.0,1,3,0,0,3,True
2024-2024092000gm-00a9-0000-e0b6f7b7-07-s2-d15,174,B,2,2,"[-2000,24700,45900,31400]",1,10.0,1,1,0,0,1,True
2024-2024092000gm-00a9-0000-e0b6f7b7-07-s2-d15,175,A,1,19,"[-1100,28600,28900,43600]",2,4.0,1,2,1,0,2,True
2024-2024092000gm-00a9-0000-e0b6f7b7-07-s2-d15,175,B,2,2,"[-1100,28600,28900,43600]",2,4.0,1,2,1,0,2,True
2024-2024092000gm-00a9-0000-e0b6f7b7-07-s2-d15,176,A,1,19,"[-2300,33700,31900,36700]",3,-4.0,1,1,1,0,2,True
2024-2024092000gm-00a9-0000-e0b6f7b7-07-s2-d15,176,B,2,2,"[11300,25700,32700,30300]",1,10.0,1,3,1,0,4,True
2024-2024092000gm-00a9-0000-e0b6f7b7-07-s2-d15,177,A,1,19,"[-1300,34000,32900,34400]",3,-4.0,1,2,1,0,2,True
2024-2024092000gm-00a9-0000-e0b6f7b7-07-s2-d15,177,B,2,2,"[2300,30700,41600,25400]",1,10.0,1,3,0,0,3,True
2024-2024092000gm-00a9-0000-e0b6f7b7-07-s2-d15,178,A,1,19,"[2300,38100,29800,29800]",2,4.0,1,3,0,0,3,True
2024-2024092000gm-00a9-0000-e0b6f7b7-07-s2-d15,178,B,2,2,"[3000,28700,33900,34400]",2,4.0,1,3,0,0,3,True
2024-2024092000gm-00a9-0000-e0b6f7b7-07-s2-d15,179,A,1,19,"[-2600,32700,36500,33400]",1,10.0,1,3,2,0,3,True
2024-2024092000gm-00a9-0000-e0b6f7b7-07-s2-d15,179,B,2,2,"[-1900,34600,32900,34400]",3,-4.0,1,2,1,0,2,True
2024-2024092000gm-00a9-0000-e0b6f7b7-07-s2-d15,180,A,1,19,"[7500,29300,33400,29800]",1,10.0,1,3,0,0,3,True
2024-2024092000gm-00a9-0000-e0b6f7b7-07-s2-d15,180,B,2,2,"[-500,19900,34400,46200]",2,4.0,1,3,0,0,3,True
2024-2024092000gm-00a9-0000-e0b6f7b7-07-s2-d15,181,A,1,19,"[-2100,29700,29800,42600]",2,4.0,1,1,1,0,2,True
2024-2024092000gm-00a9-0000-e0b6f7b7-07-s2-d15,181,B,2,2,"[-500,32200,34400,32900]",1,10.0,1,1,0,1,1,True
2024-2024092000gm-00a9-0000-e0b6f7b7-07-s2-d15,182,A,1,19,"[4900,34600,30000,30500]",3,-4.0,1,3,0,0,3,True
2024-2024092000gm-00a9-0000-e0b6f7b7-07-s2-d15,182,B,2,2,"[-4500,37200,32900,34400]",3,-4.0,1,2,1,0,2,True
2024-2024092000gm-00a9-0000-e0b6f7b7-07-s2-d15,183,A,1,19,"[-800,38700,32900,29200]",2,4.0,1,3,0,0,3,True
2024-2024092000gm-00a9-0000-e0b6f7b7-07-s2-d15,183,B,2,2,"[5300,42100,19800,32800]",3,-4.0,1,3,0,0,3,True
2024-2024092000gm-00a9-0000-e0b6f7b7-07-s2-d15,184,A,1,19,"[-6700,40900,35600,30200]",2,4.0,1,2,0,0,3,True
2024-2024092000gm-00a9-0000-e0b6f7b7-07-s2-d15,184,B,2,2,"[-6700,40900,35600,30200]",2,4.0,1,2,0,0,3,True
2024-2024092000gm-00a9-0000-e0b6f7b7-07-s2-d15,185,A,1,19,"[300,38800,30200,30700]",3,-4.0,1,3,2,0,3,True
2024-2024092000gm-00a9-0000-e0b6f7b7-07-s2-d15,185,B,2,2,"[300,38800,30200,30700]",3,-4.0,1,3,2,0,3,True
2024-2024092000gm-00a9-0000-e0b6f7b7-07-s2-d15,186,A,1,19,"[4300,29700,27700,38300]",3,-4.0,1,3,0,0,3,True
2024-2024092000gm-00a9-0000-e0b6f7b7-07-s2-d15,186,B,2,2,"[600,32200,24500,42700]",3,-4.0,1,3,0,0,3,True
2024-2024092000gm-00a9-0000-e0b6f7b7-07-s2-d15,187,A,1,19,"[-2000,31700,36000,34300]",1,10.0,1,2,0,0,3,True
2024-2024092000gm-00a9-0000-e0b6f7b7-07-s2-d15,187,B,2,2,"[-500,33200,32900,34400]",3,-4.0,1,1,0,0,1,True
2024-2024092000gm-00a9-0000-e0b6f7b7-07-s2-d15,188,A,1,19,"[-400,30300,32300,37800]",2,4.0,1,2,1,0,2,True
2024-2024092000gm-00a9-0000-e0b6f7b7-07-s2-d15,188,B,2,2,"[-2300,29700,34900,37700]",2,4.0,1,2,1,0,2,True
2024-2024092000gm-00a9-0000-e0b6f7b7-07-s2-d15,189,A,1,19,"[-1000,26700,40900,32400]",1,10.0,1,1,0,1,1,True
2024-2024092000gm-00a9-0000-e0b6f7b7-07-s2-d15,189,B,2,2,"[-2000,34000,34600,33400]",1,10.0,1,3,0,0,3,True
2024-2024092000gm-00a9-0000-e0b6f7b7-07-s2-d15,190,A,1,19,"[-3000,42700,28900,30400]",3,-4.0,1,1,0,1,1,True
2024-2024092000gm-00a9-0000-e0b6f7b7-07-s2-d15,190,B,2,2,"[-3000,42700,28900,30400]",3,-4.0,1,1,0,1,1,True
2024-2024092000gm-00a9-0000-e0b6f7b7-07-s2-d15,191,A,1,19,"[11000,12600,37500,38900]",2,4.0,1,3,0,0,4,True
2024-2024092000gm-00a9-0000-e0b6f7b7-07-s2-d15,191,B,2,2,"[-7300,30700,32900,43700]",2,4.0,1,2,1,0,2,True
2024-2024092000gm-00a9-0000-e0b6f7b7-07-s2-d15,192,A,1,19,"[-1100,37000,30800,33300]",3,-4.0,1,2,1,0,2,True
2024-2024092000gm-00a9-0000-e0b6f7b7-07-s2-d15,192,B,2,2,"[-1100,37000,30800,33300]",3,-4.0,1,2,1,0,2,True
2024-2024092000gm-00a9-0000-e0b6f7b7-07-s2-d15,193,A,1,19,"[-11300,30700,46200,34400]",1,10.0,1,2,1,0,2,True
2024-2024092000gm-00a9-0000-e0b6f7b7-07-s2-d15,193,B,2,2,"[-1000,35200,30900,34900]",3,-4.0,1,3,0,0,3,True
2024-2024092000gm-00a9-0000-e0b6f7b7-07-s2-d15,194,A,1,19,"[1900,31800,32800,32500]",1,10.0,1,3,0,1,3,True
2024-2024092000gm-00a9-0000-e0b6f7b7-07-s2-d15,194,B,2,2,"[1900,31800,32800,32500]",1,10.0,1,3,0,1,3,True
2024-2024092000gm-00a9-0000-e0b6f7b7-07-s2-d15,195,A,1,19,"[-1000,36800,31800,32400]",3,-4.0,1,2,3,0,4,True
2024-2024092000gm-00a9-0000-e0b6f7b7-07-s2-d15,195,B,2,2,"[-4100,48000,26800,29300]",3,-4.0,1,1,1,0,2,True
2024-2024092000gm-00a9-0000-e0b6f7b7-07-s2-d15,196,A,1,19,"[-2100,29600,28800,43700]",3,-4.0,1,1,1,0,2,True
2024-2024092000gm-00a9-0000-e0b6f7b7-07-s2-d15,196,B,2,2,"[-1400,31000,29500,40900]",3,-4.0,1,1,1,0,2,True
2024-2024092000gm-00a9-0000-e0b6f7b7-07-s2-d15,197,A,1,19,"[-500,34500,32100,33900]",3,-4.0,1,2,1,0,2,True
2024-2024092000gm-00a9-0000-e0b6f7b7-07-s2-d15,197,B,2,2,"[-500,34500,32100,33900]",3,-4.0,1,2,1,0,2,True
2024-2024092000gm-00a9-0000-e0b6f7b7-07-s2-d15,198,A,1,19,"[1500,26300,34400,36800]",2,4.0,1,3,0,1,3,True
2024-2024092000gm-00a9-0000-e0b6f7b7-07-s2-d15,198,B,2,2,"[-2900,30700,33900,38300]",2,4.0,1,3,0,0,3,True
2024-2024092000gm-00a9-0000-e0b6f7b7-07-s2-d15,199,A,1,19,"[0,34000,31600,34400]",3,-4.0,1,3,0,0,3,True
2024-2024092000gm-00a9-0000-e0b6f7b7-07-s2-d15,199,B,2,2,"[-1400,36200,33200,32000]",2,4.0,1,2,1,0,2,True
2024-2024092000gm-00a9-0000-e0b6f7b7-07-s2-d15,200,A,1,19,"[1000,26900,32900,39200]",2,4.0,1,3,0,0,3,True
2024-2024092000gm-00a9-0000-e0b6f7b7-07-s2-d15,200,B,2,2,"[-10700,41500,25900,43300]",3,-4.0,1,3,0,0,6,True
2024-2024092000gm-00a9-0000-e0b6f7b7-07-s2-d15,201,A,1,19,"[1000,37200,32600,29200]",2,4.0,1,3,0,0,3,True
2024-2024092000gm-00a9-0000-e0b6f7b7-07-s2-d15,201,B,2,2,"[500,36700,25900,36900]",3,-4.0,1,3,0,0,3,True
2024-2024092000gm-00a9-0000-e0b6f7b7-07-s2-d15,202,A,1,19,"[1000,37700,22600,38700]",3,-4.0,1,3,0,0,3,True
2024-2024092000gm-00a9-0000-e0b6f7b7-07-s2-d15,202,B,2,2,"[-300,26500,38100,35700]",1,10.0,1,3,0,0,3,True
2024-2024092000gm-00a9-0000-e0b6f7b7-07-s2-d15,203,A,1,19,"[-2100,29600,41200,31300]",1,10.0,1,1,1,0,2,True
2024-2024092000gm-00a9-0000-e0b6f7b7-07-s2-d15,203,B,2,2,"[-1100,28600,32800,39700]",2,4.0,1,2,1,0,2,True
2024-2024092000gm-00a9-0000-e0b6f7b7-07-s2-d15,204,A,1,19,"[2500,27300,30500,39700]",2,4.0,1,3,0,0,4,True
2024-2024092000gm-00a9-0000-e0b6f7b7-07-s2-d15,204,B,2,2,"[-1000,26700,40900,32400]",1,10.0,1,1,0,1,1,True
2024-2024092000gm-00a9-0000-e0b6f7b7-07-s2-d15,205,A,1,19,"[1000,27800,24600,46600]",3,-4.0,1,3,0,0,3,True
2024-2024092000gm-00a9-0000-e0b6f7b7-07-s2-d15,205,B,2,2,"[1000,27800,24600,46600]",3,-4.0,1,3,0,0,3,True
2024-2024092000gm-00a9-0000-e0b6f7b7-07-s2-d15,206,A,1,19,"[-300,30700,32900,36700]",2,4.0,1,2,1,0,2,True
2024-2024092000gm-00a9-0000-e0b6f7b7-07-s2-d15,206,B,2,2,"[-8000,40700,32900,34400]",3,-4.0,1,2,1,0,2,True
2024-2024092000gm-00a9-0000-e0b6f7b7-07-s2-d15,207,A,1,19,"[5300,33400,36400,24900]",1,10.0,1,3,1,0,4,True
2024-2024092000gm-00a9-0000-e0b6f7b7-07-s2-d15,207,B,2,2,"[5300,33400,36400,24900]",1,10.0,1,3,1,0,4,True
2024-2024092000gm-00a9-0000-e0b6f7b7-07-s2-d15,208,A,1,19,"[-400,37200,30200,33000]",3,-4.0,1,2,1,0,2,True
2024-2024092000gm-00a9-0000-e0b6f7b7-07-s2-d15,208,B,2,2,"[-400,37200,30200,33000]",3,-4.0,1,2,1,0,2,True
2024-2024092000gm-00a9-0000-e0b6f7b7-07-s2-d15,209,A,1,19,"[6100,30200,29800,33900]",3,-4.0,1,3,0,0,4,True
2024-2024092000gm-00a9-0000-e0b6f7b7-07-s2-d15,209,B,2,2,"[-5100,24600,53200,27300]",1,10.0,1,2,1,0,2,True
2024-2024092000gm-00a9-0000-e0b6f7b7-07-s2-d15,210,A,1,19,"[2600,28000,29600,39800]",2,4.0,1,3,0,0,4,True
2024-2024092000gm-00a9-0000-e0b6f7b7-07-s2-d15,210,B,2,2,"[2600,28000,29600,39800]",2,4.0,1,3,0,0,4,True
2024-2024092000gm-00a9-0000-e0b6f7b7-07-s2-d15,211,A,1,19,"[14200,18500,32900,34400]",2,4.0,1,3,0,0,3,True
2024-2024092000gm-00a9-0000-e0b6f7b7-07-s2-d15,211,B,2,2,"[14200,18500,32900,34400]",2,4.0,1,3,0,0,3,True
2024-2024092000gm-00a9-0000-e0b6f7b7-07-s2-d15,212,A,1,19,"[-1000,37700,30900,32400]",3,-4.0,1,1,0,0,1,True
2024-2024092000gm-00a9-0000-e0b6f7b7-07-s2-d15,212,B,2,2,"[-1000,37700,30900,32400]",3,-4.0,1,1,0,0,1,True
2024-2024092000gm-00a9-0000-e0b6f7b7-07-s2-d15,213,A,1,19,"[-800,29700,36700,34400]",1,10.0,1,2,1,0,2,True
2024-2024092000gm-00a9-0000-e0b6f7b7-07-s2-d15,213,B,2,2,"[-2100,44000,26800,31300]",3,-4.0,1,2,1,0,2,True
2024-2024092000gm-00a9-0000-e0b6f7b7-07-s2-d15,214,A,1,19,"[-3000,31700,37700,33600]",1,10.0,1,2,2,0,3,True
2024-2024092000gm-00a9-0000-e0b6f7b7-07-s2-d15,214,B,2,2,"[1500,26300,37300,34900]",1,10.0,1,3,2,0,3,True
2024-2024092000gm-00a9-0000-e0b6f7b7-07-s2-d15,215,A,1,19,"[6000,30700,30500,32800]",3,-4.0,1,3,0,0,3,True
2024-2024092000gm-00a9-0000-e0b6f7b7-07-s2-d15,215,B,2,2,"[2300,32700,30600,34400]",3,-4.0,1,3,0,0,3,True
2024-2024092000gm-00a9-0000-e0b6f7b7-07-s2-d15,216,A,1,19,"[4200,30700,34900,30200]",1,10.0,1,3,0,0,3,True
2024-2024092000gm-00a9-0000-e0b6f7b7-07-s2-d15,216,B,2,2,"[-4400,29700,43600,31100]",1,10.0,1,3,0,0,3,True
2024-2024092000gm-00a9-0000-e0b6f7b7-07-s2-d15,217,A,1,19,"[0,31700,25600,42700]",3,-4.0,1,3,0,0,3,True
2024-2024092000gm-00a9-0000-e0b6f7b7-07-s2-d15,217,B,2,2,"[-1000,26700,40900,32400]",1,10.0,1,1,0,1,1,True
2024-2024092000gm-00a9-0000-e0b6f7b7-07-s2-d15,218,A,1,19,"[8000,31700,25600,34700]",3,-4.0,1,3,0,0,4,True
2024-2024092000gm-00a9-0000-e0b6f7b7-07-s2-d15,218,B,2,2,"[9000,19800,32900,38300]",2,4.0,1,3,0,0,3,True
2024-2024092000gm-00a9-0000-e0b6f7b7-07-s2-d15,219,A,1,19,"[-500,32200,31400,34900]",3,-4.0,1,2,1,2,2,True
2024-2024092000gm-00a9-0000-e0b6f7b7-07-s2-d15,219,B,2,2,"[-500,32200,31400,34900]",3,-4.0,1,2,1,2,2,True
2024-2024092000gm-00a9-0000-e0b6f7b7-07-s2-d15,220,A,1,19,"[-2100,41000,28800,32300]",3,-4.0,1,2,1,0,2,True
2024-2024092000gm-00a9-0000-e0b6f7b7-07-s2-d15,220,B,2,2,"[-2100,41000,28800,32300]",3,-4.0,1,2,1,0,2,True
2024-2024092000gm-00a9-0000-e0b6f7b7-07-s2-d15,221,A,1,19,"[-8300,33700,41200,33400]",1,10.0,1,1,1,0,2,True
2024-2024092000gm-00a9-0000-e0b6f7b7-07-s2-d15,221,B,2,2,"[-8300,33700,41200,33400]",1,10.0,1,1,1,0,2,True
2024-2024092000gm-00a9-0000-e0b6f7b7-07-s2-d15,222,A,1,19,"[1500,22800,31400,44300]",2,4.0,1,3,2,0,3,True
2024-2024092000gm-00a9-0000-e0b6f7b7-07-s2-d15,222,B,2,2,"[1500,22800,31400,44300]",2,4.0,1,3,2,0,3,True
2024-2024092000gm-00a9-0000-e0b6f7b7-07-s2-d15,223,A,1,19,"[9700,30700,34200,25400]",1,10.0,1,3,0,0,3,True
2024-2024092000gm-00a9-0000-e0b6f7b7-07-s2-d15,223,B,2,2,"[9700,30700,34200,25400]",1,10.0,1,3,0,0,3,True
2024-2024092000gm-00a9-0000-e0b6f7b7-07-s2-d15,224,A,1,19,"[8800,28100,31800,31300]",1,10.0,1,3,0,0,3,True
2024-2024092000gm-00a9-0000-e0b6f7b7-07-s2-d15,224,B,2,2,"[1300,29000,37500,32200]",1,10.0,1,3,2,0,3,True
2024-2024092000gm-00a9-0000-e0b6f7b7-07-s2-d15,225,A,1,19,"[-1100,40900,28900,31300]",3,-4.0,1,2,1,0,2,True
2024-2024092000gm-00a9-0000-e0b6f7b7-07-s2-d15,225,B,2,2,"[-1100,40900,28900,31300]",3,-4.0,1,2,1,0,2,True
2024-2024092000gm-00a9-0000-e0b6f7b7-07-s2-d15,226,A,1,19,"[-11300,29700,47200,34400]",1,10.0,1,2,1,0,2,True
2024-2024092000gm-00a9-0000-e0b6f7b7-07-s2-d15,226,B,2,2,"[-1600,37000,30800,33800]",3,-4.0,1,3,0,0,3,True
2024-2024092000gm-00a9-0000-e0b6f7b7-07-s2-d15,227,A,1,19,"[1900,33700,26900,37500]",3,-4.0,1,3,0,0,4,True
2024-2024092000gm-00a9-0000-e0b6f7b7-07-s2-d15,227,B,2,2,"[1900,33700,26900,37500]",3,-4.0,1,3,0,0,4,True
2024-2024092000gm-00a9-0000-e0b6f7b7-07-s2-d15,228,A,1,19,"[-600,36500,31300,32800]",3,-4.0,1,1,1,0,2,True
2024-2024092000gm-00a9-0000-e0b6f7b7-07-s2-d15,228,B,2,2,"[-600,36500,31300,32800]",3,-4.0,1,1,1,0,2,True
2024-2024092000gm-00a9-0000-e0b6f7b7-07-s2-d15,229,A,1,19,"[-3900,32000,38500,33400]",1,10.0,1,3,0,0,3,True
2024-2024092000gm-00a9-0000-e0b6f7b7-07-s2-d15,229,B,2,2,"[-2000,24700,45900,31400]",1,10.0,1,1,0,0,1,True
2024-2024092000gm-00a9-0000-e0b6f7b7-07-s2-d15,230,A,1,19,"[-1100,28600,32900,39600]",2,4.0,1,2,2,0,3,True
2024-2024092000gm-00a9-0000-e0b6f7b7-07-s2-d15,230,B,2,2,"[-2100,27600,31800,42700]",2,4.0,1,2,1,0,2,True
2024-2024092000gm-00a9-0000-e0b6f7b7-07-s2-d15,231,A,1,19,"[-4100,48000,26800,29300]",3,-4.0,1,1,1,0,2,True
2024-2024092000gm-00a9-0000-e0b6f7b7-07-s2-d15,231,B,2,2,"[-4100,25600,48200,30300]",1,10.0,1,2,1,0,2,True
2024-2024092000gm-00a9-0000-e0b6f7b7-07-s2-d15,232,A,1,19,"[-11300,44000,32900,34400]",3,-4.0,1,2,1,0,2,True
2024-2024092000gm-00a9-0000-e0b6f7b7-07-s2-d15,232,B,2,2,"[-1000,26700,40900,32400]",1,10.0,1,1,0,1,1,True
2024-2024092000gm-00a9-0000-e0b6f7b7-07-s2-d15,233,A,1,19,"[-3000,42700,28900,30400]",3,-4.0,1,1,0,1,1,True
2024-2024092000gm-00a9-0000-e0b6f7b7-07-s2-d15,233,B,2,2,"[-3000,42700,28900,30400]",3,-4.0,1,1,0,1,1,True
2024-2024092000gm-00a9-0000-e0b6f7b7-07-s2-d15,234,A,1,19,"[-1100,34800,31400,34900]",3,-4.0,1,3,2,0,3,True
2024-2024092000gm-00a9-0000-e0b6f7b7-07-s2-d15,234,B,2,2,"[4100,26600,34400,34900]",2,4.0,1,3,0,0,4,True
2024-2024092000gm-00a9-0000-e0b6f7b7-07-s2-d15,235,A,1,19,"[-8300,33700,30900,43700]",3,-4.0,1,1,1,0,2,True
2024-2024092000gm-00a9-0000-e0b6f7b7-07-s2-d15,235,B,2,2,"[-8300,33700,30900,43700]",3,-4.0,1,1,1,0,2,True
2024-2024092000gm-00a9-0000-e0b6f7b7-07-s2-d15,236,A,1,19,"[-1400,38200,30200,33000]",3,-4.0,1,2,1,0,2,True
2024-2024092000gm-00a9-0000-e0b6f7b7-07-s2-d15,236,B,2,2,"[-1400,38200,30200,33000]",3,-4.0,1,2,1,0,2,True
2024-2024092000gm-00a9-0000-e0b6f7b7-07-s2-d15,237,A,1,19,"[-2300,35000,32900,34400]",3,-4.0,1,2,1,0,2,True
2024-2024092000gm-00a9-0000-e0b6f7b7-07-s2-d15,237,B,2,2,"[-2300,35000,32900,34400]",3,-4.0,1,2,1,0,2,True
2024-2024092000gm-00a9-0000-e0b6f7b7-07-s2-d15,238,A,1,19,"[13000,35200,30400,21400]",2,4.0,1,3,1,0,4,True
2024-2024092000gm-00a9-0000-e0b6f7b7-07-s2-d15,238,B,2,2,"[-1000,26700,40900,32400]",1,10.0,1,1,0,1,1,True
2024-2024092000gm-00a9-0000-e0b6f7b7-07-s2-d15,239,A,1,19,"[500,34100,34900,30500]",1,10.0,1,3,0,0,3,True
2024-2024092000gm-00a9-0000-e0b6f7b7-07-s2-d15,239,B,2,2,"[-1900,34600,32900,34400]",3,-4.0,1,2,1,0,2,True
2024-2024092000gm-00a9-0000-e0b6f7b7-07-s2-d15,240,A,1,19,"[-2900,22400,36800,43700]",2,4.0,1,3,0,0,3,True
2024-2024092000gm-00a9-0000-e0b6f7b7-07-s2-d15,240,B,2,2,"[-2900,22400,36800,43700]",2,4.0,1,3,0,0,3,True
2024-2024092000gm-00a9-0000-e0b6f7b7-07-s2-d15,241,A,1,19,"[-100,29600,30800,39700]",2,4.0,1,2,1,0,2,True
2024-2024092000gm-00a9-0000-e0b6f7b7-07-s2-d15,241,B,2,2,"[-11000,30700,45900,34400]",1,10.0,1,1,0,0,1,True
2024-2024092000gm-00a9-0000-e0b6f7b7-07-s2-d15,242,A,1,19,"[-11000,33000,32900,45100]",3,-4.0,1,3,0,0,3,True
2024-2024092000gm-00a9-0000-e0b6f7b7-07-s2-d15,242,B,2,2,"[-600,35000,31800,33800]",3,-4.0,1,2,1,0,2,True
2024-2024092000gm-00a9-0000-e0b6f7b7-07-s2-d15,243,A,1,19,"[-1100,29600,30800,40700]",2,4.0,1,2,1,0,2,True
2024-2024092000gm-00a9-0000-e0b6f7b7-07-s2-d15,243,B,2,2,"[-7700,38200,32900,36600]",3,-4.0,1,3,0,0,3,True
2024-2024092000gm-00a9-0000-e0b6f7b7-07-s2-d15,244,A,1,19,"[-1700,29200,37600,34900]",1,10.0,1,3,2,0,3,True
2024-2024092000gm-00a9-0000-e0b6f7b7-07-s2-d15,244,B,2,2,"[-10800,29200,40400,41200]",2,4.0,1,3,1,0,3,True
2024-2024092000gm-00a9-0000-e0b6f7b7-07-s2-d15,245,A,1,19,"[18200,26400,38600,16800]",1,10.0,1,3,0,0,3,True
2024-2024092000gm-00a9-0000-e0b6f7b7-07-s2-d15,245,B,2,2,"[-2000,24700,45900,31400]",1,10.0,1,1,0,0,1,True
2024-2024092000gm-00a9-0000-e0b6f7b7-07-s2-d15,246,A,1,19,"[-400,29300,30200,40900]",2,4.0,1,2,1,0,2,True
2024-2024092000gm-00a9-0000-e0b6f7b7-07-s2-d15,246,B,2,2,"[-1300,33700,30900,36700]",3,-4.0,1,1,1,0,2,True
2024-2024092000gm-00a9-0000-e0b6f7b7-07-s2-d15,247,A,1,19,"[15200,27700,26700,30400]",3,-4.0,1,3,0,0,3,True
2024-2024092000gm-00a9-0000-e0b6f7b7-07-s2-d15,247,B,2,2,"[-900,32700,46400,21800]",1,10.0,1,2,2,0,3,True
2024-2024092000gm-00a9-0000-e0b6f7b7-07-s2-d15,248,A,1,19,"[-4200,30700,32900,40600]",2,4.0,1,2,1,0,2,True
2024-2024092000gm-00a9-0000-e0b6f7b7-07-s2-d15,248,B,2,2,"[-4200,30700,32900,40600]",2,4.0,1,2,1,0,2,True
2024-2024092000gm-00a9-0000-e0b6f7b7-07-s2-d15,249,A,1,19,"[-11000,39000,35200,36800]",3,-4.0,1,3,0,0,3,True
2024-2024092000gm-00a9-0000-e0b6f7b7-07-s2-d15,249,B,2,2,"[-11000,39000,35200,36800]",3,-4.0,1,3,0,0,3,True
2024-2024092000gm-00a9-0000-e0b6f7b7-07-s2-d15,250,A,1,19,"[-1000,28700,42000,30300]",1,10.0,1,2,0,0,2,True
2024-2024092000gm-00a9-0000-e0b6f7b7-07-s2-d15,250,B,2,2,"[-1000,28700,42000,30300]",1,10.0,1,2,0,0,2,True
2024-2024092000gm-00a9-0000-e0b6f7b7-07-s2-d15,251,A,1,19,"[-2100,29700,29800,42600]",2,4.0,1,1,1,0,2,True
2024-2024092000gm-00a9-0000-e0b6f7b7-07-s2-d15,251,B,2,2,"[-1900,34600,32900,34400]",3,-4.0,1,1,0,0,1,True
2024-2024092000gm-00a9-0000-e0b6f7b7-07-s2-d15,252,A,1,19,"[-1000,26700,40900,32400]",1,10.0,1,1,0,1,1,True
2024-2024092000gm-00a9-0000-e0b6f7b7-07-s2-d15,252,B,2,2,"[-4500,40800,37400,26300]",2,4.0,1,1,2,0,3,True
2024-2024092000gm-00a9-0000-e0b6f7b7-07-s2-d15,253,A,1,19,"[4800,30200,29100,35900]",3,-4.0,1,3,0,0,3,True
2024-2024092000gm-00a9-0000-e0b6f7b7-07-s2-d15,253,B,2,2,"[-2200,37000,35000,30200]",2,4.0,1,2,2,0,3,True
2024-2024092000gm-00a9-0000-e0b6f7b7-07-s2-d15,254,A,1,19,"[-1300,37300,30600,33400]",3,-4.0,1,3,0,0,3,True
2024-2024092000gm-00a9-0000-e0b6f7b7-07-s2-d15,254,B,2,2,"[-7000,30700,32900,43400]",2,4.0,1,2,1,0,2,True
2024-2024092000gm-00a9-0000-e0b6f7b7-07-s2-d15,255,A,1,19,"[4300,29800,32700,33200]",2,4.0,1,3,0,0,4,True
2024-2024092000gm-00a9-0000-e0b6f7b7-07-s2-d15,255,B,2,2,"[4300,29800,32700,33200]",2,4.0,1,3,0,0,4,True
2024-2024092611gm-00a9-0000-4789b0e8-00-s3-d21,0,A,1,29,"[22800,27000,18700,30500]",1,10.0,1,3,0,1,9,True
2024-2024092611gm-00a9-0000-4789b0e8-00-s3-d21,0,B,2,3,"[22800,27000,18700,30500]",1,10.0,1,3,0,1,9,True
2024-2024092611gm-00a9-0000-4789b0e8-00-s3-d21,1,A,1,29,"[15600,9600,28600,46200]",1,10.0,1,3,0,0,10,True
2024-2024092611gm-00a9-0000-4789b0e8-00-s3-d21,1,B,2,3,"[52200,23900,13400,10500]",4,-10.0,1,3,0,0,9,True
2024-2024092611gm-00a9-0000-4789b0e8-00-s3-d21,2,A,1,29,"[24800,17800,22600,34800]",1,10.0,1,3,0,0,9,True
2024-2024092611gm-00a9-0000-4789b0e8-00-s3-d21,2,B,2,3,"[23800,16800,21600,37800]",1,10.0,1,3,0,0,9,True
2024-2024092611gm-00a9-0000-4789b0e8-00-s3-d21,3,A,1,29,"[28800,19100,33400,18700]",4,-10.0,1,3,1,0,12,True
2024-2024092611gm-00a9-0000-4789b0e8-00-s3-d21,3,B,2,3,"[13000,33800,28400,24800]",3,-4.0,1,3,0,0,11,True
2024-2024092611gm-00a9-0000-4789b0e8-00-s3-d21,4,A,1,29,"[15000,27300,26500,31200]",1,10.0,1,3,0,0,9,True
2024-2024092611gm-00a9-0000-4789b0e8-00-s3-d21,4,B,2,3,"[15000,27300,26500,31200]",1,10.0,1,3,0,0,9,True
2024-2024092611gm-00a9-0000-4789b0e8-00-s3-d21,5,A,1,29,"[10700,22500,27800,39000]",1,10.0,1,3,0,0,13,True
2024-2024092611gm-00a9-0000-4789b0e8-00-s3-d21,5,B,2,3,"[10300,80100,-300,9900]",3,-4.0,1,1,1,0,9,True
2024-2024092611gm-00a9-0000-4789b0e8-00-s3-d21,6,A,1,29,"[42000,-400,30900,27500]",3,-4.0,1,2,0,0,7,True
2024-2024092611gm-00a9-0000-4789b0e8-00-s3-d21,6,B,2,3,"[17000,23000,28700,31300]",1,10.0,1,3,0,0,8,True
2024-2024092611gm-00a9-0000-4789b0e8-00-s3-d21,7,A,1,29,"[21000,42500,18700,17800]",4,-10.0,1,3,2,0,12,True
2024-2024092611gm-00a9-0000-4789b0e8-00-s3-d21,7,B,2,3,"[21000,42500,18700,17800]",4,-10.0,1,3,2,0,12,True
2024-2024092611gm-00a9-0000-4789b0e8-00-s3-d21,8,A,1,29,"[20000,23000,-1800,58800]",1,10.0,0,3,0,0,4,True
2024-2024092611gm-00a9-0000-4789b0e8-00-s3-d21,8,B,2,3,"[8100,31800,42700,17400]",3,-4.0,1,3,0,0,11,True
2024-2024092611gm-00a9-0000-4789b0e8-00-s3-d21,9,A,1,29,"[24800,28800,12900,33500]",1,10.0,1,3,0,0,8,True
2024-2024092611gm-00a9-0000-4789b0e8-00-s3-d21,9,B,2,3,"[24800,28800,12900,33500]",1,10.0,1,3,0,0,8,True
2024-2024092611gm-00a9-0000-4789b0e8-00-s3-d21,10,A,1,29,"[4800,40400,18000,35800]",2,4.0,1,3,0,1,11,True
2024-2024092611gm-00a9-0000-4789b0e8-00-s3-d21,10,B,2,3,"[23200,13200,35600,28000]",2,4.0,1,3,0,0,10,True
2024-2024092611gm-00a9-0000-4789b0e8-00-s3-d21,11,A,1,29,"[33200,18000,9900,38900]",1,10.0,1,3,0,0,9,True
2024-2024092611gm-00a9-0000-4789b0e8-00-s3-d21,11,B,2,3,"[33200,18000,9900,38900]",1,10.0,1,3,0,0,9,True
2024-2024092611gm-00a9-0000-4789b0e8-00-s3-d21,12,A,1,29,"[41600,17500,9600,31300]",2,4.0,1,3,2,0,8,True
2024-2024092611gm-00a9-0000-4789b0e8-00-s3-d21,12,B,2,3,"[38400,19100,17300,25200]",2,4.0,1,3,0,0,9,True
2024-2024092611gm-00a9-0000-4789b0e8-00-s3-d21,13,A,1,29,"[22600,31200,17800,28400]",2,4.0,1,3,0,0,9,True
2024-2024092611gm-00a9-0000-4789b0e8-00-s3-d21,13,B,2,3,"[12700,35200,22700,29400]",2,4.0,1,3,0,0,9,True
2024-2024092611gm-00a9-0000-4789b0e8-00-s3-d21,14,A,1,29,"[16100,21900,26300,35700]",1,10.0,1,3,0,0,8,True
2024-2024092611gm-00a9-0000-4789b0e8-00-s3-d21,14,B,2,3,"[17100,22900,27300,32700]",1,10.0,1,3,0,0,8,True
2024-2024092611gm-00a9-0000-4789b0e8-00-s3-d21,15,A,1,29,"[27700,33300,5500,33500]",1,10.0,1,3,0,0,10,True
2024-2024092611gm-00a9-0000-4789b0e8-00-s3-d21,15,B,2,3,"[20200,44200,15000,20600]",2,4.0,2,1,0,0,13,True
2024-2024092611gm-00a9-0000-4789b0e8-00-s3-d21,16,A,1,29,"[25500,33700,900,39900]",1,10.0,1,3,0,0,9,True
2024-2024092611gm-00a9-0000-4789b0e8-00-s3-d21,16,B,2,3,"[26400,25300,16800,31500]",1,10.0,1,3,0,0,10,True
2024-2024092611gm-00a9-0000-4789b0e8-00-s3-d21,17,A,1,29,"[20800,4700,39700,34800]",2,4.0,1,3,0,0,9,True
2024-2024092611gm-00a9-0000-4789b0e8-00-s3-d21,17,B,2,3,"[24800,5100,33300,36800]",1,10.0,1,3,0,0,9,True
2024-2024092611gm-00a9-0000-4789b0e8-00-s3-d21,18,A,1,29,"[30600,28900,14400,26100]",3,-4.0,1,3,1,0,10,True
2024-2024092611gm-00a9-0000-4789b0e8-00-s3-d21,18,B,2,3,"[30600,28900,14400,26100]",3,-4.0,1,3,1,0,10,True
2024-2024092611gm-00a9-0000-4789b0e8-00-s3-d21,19,A,1,29,"[3600,39700,43500,13200]",3,-4.0,1,3,0,0,9,True
2024-2024092611gm-00a9-0000-4789b0e8-00-s3-d21,19,B,2,3,"[11000,38200,29900,20900]",3,-4.0,1,3,0,0,9,True
2024-2024092611gm-00a9-0000-4789b0e8-00-s3-d21,20,A,1,29,"[28600,30000,31500,9900]",4,-10.0,1,3,0,0,9,True
2024-2024092611gm-00a9-0000-4789b0e8-00-s3-d21,20,B,2,3,"[35400,15900,39800,8900]",4,-10.0,1,3,0,0,9,True
2024-2024092611gm-00a9-0000-4789b0e8-00-s3-d21,21,A,1,29,"[17200,12800,24600,45400]",1,10.0,1,3,0,0,10,True
2024-2024092611gm-00a9-0000-4789b0e8-00-s3-d21,21,B,2,3,"[16200,11800,23600,48400]",1,10.0,1,3,0,0,10,True
2024-2024092611gm-00a9-0000-4789b0e8-00-s3-d21,22,A,1,29,"[23500,19000,35700,21800]",3,-4.0,2,1,4,0,19,True
2024-2024092611gm-00a9-0000-4789b0e8-00-s3-d21,22,B,2,3,"[13600,24300,16000,46100]",1,10.0,1,3,0,0,12,True
2024-2024092611gm-00a9-0000-4789b0e8-00-s3-d21,23,A,1,29,"[13700,22800,44600,18900]",3,-4.0,1,3,2,0,9,True
2024-2024092611gm-00a9-0000-4789b0e8-00-s3-d21,23,B,2,3,"[34600,27400,13700,24300]",3,-4.0,1,3,0,0,10,True
2024-2024092611gm-00a9-0000-4789b0e8-00-s3-d21,24,A,1,29,"[38800,14600,23200,23400]",2,4.0,2,0,1,0,11,True
2024-2024092611gm-00a9-0000-4789b0e8-00-s3-d21,24,B,2,3,"[35200,15400,20500,28900]",2,4.0,1,3,1,0,9,True
2024-2024092611gm-00a9-0000-4789b0e8-00-s3-d21,25,A,1,29,"[10200,26700,46400,16700]",3,-4.0,1,3,0,0,10,True
2024-2024092611gm-00a9-0000-4789b0e8-00-s3-d21,25,B,2,3,"[33900,23000,-9100,52200]",1,10.0,1,0,0,0,5,True
2024-2024092611gm-00a9-0000-4789b0e8-00-s3-d21,26,A,1,29,"[36500,34600,17700,11200]",4,-10.0,1,3,1,0,9,True
2024-2024092611gm-00a9-0000-4789b0e8-00-s3-d21,26,B,2,3,"[41900,21000,8800,28300]",2,4.0,1,3,1,0,9,True
2024-2024092611gm-00a9-0000-4789b0e8-00-s3-d21,27,A,1,29,"[24600,4500,32100,38800]",1,10.0,1,3,0,0,12,True
2024-2024092611gm-00a9-0000-4789b0e8-00-s3-d21,27,B,2,3,"[18700,30600,38300,12400]",4,-10.0,1,3,0,0,11,True
2024-2024092611gm-00a9-0000-4789b0e8-00-s3-d21,28,A,1,29,"[35100,25500,-500,39900]",1,10.0,1,2,0,0,10,True
2024-2024092611gm-00a9-0000-4789b0e8-00-s3-d21,28,B,2,3,"[-10900,33200,27600,50100]",1,10.0,1,1,1,0,8,True
2024-2024092611gm-00a9-0000-4789b0e8-00-s3-d21,29,A,1,29,"[38500,19400,6700,35400]",2,4.0,1,3,0,0,9,True
2024-2024092611gm-00a9-0000-4789b0e8-00-s3-d21,29,B,2,3,"[38500,19400,6700,35400]",2,4.0,1,3,0,0,9,True
2024-2024092611gm-00a9-0000-4789b0e8-00-s3-d21,30,A,1,29,"[28600,26200,30800,14400]",4,-10.0,2,1,0,0,11,True
2024-2024092611gm-00a9-0000-4789b0e8-00-s3-d21,30,B,2,3,"[28600,26200,30800,14400]",4,-10.0,2,1,0,0,11,True
2024-2024092611gm-00a9-0000-4789b0e8-00-s3-d21,31,A,1,29,"[31200,25900,15600,27300]",2,4.0,1,3,2,0,10,True
2024-2024092611gm-00a9-0000-4789b0e8-00-s3-d21,31,B,2,3,"[31200,25900,15600,27300]",2,4.0,1,3,2,0,10,True
2024-2024092611gm-00a9-0000-4789b0e8-00-s3-d21,32,A,1,29,"[13500,28700,47100,10700]",4,-10.0,1,3,0,0,11,True
2024-2024092611gm-00a9-0000-4789b0e8-00-s3-d21,32,B,2,3,"[1300,17700,32200,48800]",1,10.0,1,3,1,0,10,True
2024-2024092611gm-00a9-0000-4789b0e8-00-s3-d21,33,A,1,29,"[41400,26600,-600,32600]",2,4.0,1,1,0,0,7,True
2024-2024092611gm-00a9-0000-4789b0e8-00-s3-d21,33,B,2,3,"[41400,26600,-600,32600]",2,4.0,1,1,0,0,7,True
2024-2024092611gm-00a9-0000-4789b0e8-00-s3-d21,34,A,1,29,"[34000,6000,29100,30900]",2,4.0,1,3,0,0,10,True
2024-2024092611gm-00a9-0000-4789b0e8-00-s3-d21,34,B,2,3,"[26700,38400,31400,3500]",4,-10.0,1,3,1,0,12,True
2024-2024092611gm-00a9-0000-4789b0e8-00-s3-d21,35,A,1,29,"[-5500,40700,32100,32700]",2,4.0,1,1,0,0,9,True
2024-2024092611gm-00a9-0000-4789b0e8-00-s3-d21,35,B,2,3,"[46800,-4300,20900,36600]",2,4.0,1,2,1,0,10,True
2024-2024092611gm-00a9-0000-4789b0e8-00-s3-d21,36,A,1,29,"[21800,7700,28800,41700]",1,10.0,1,3,0,0,9,True
2024-2024092611gm-00a9-0000-4789b0e8-00-s3-d21,36,B,2,3,"[9900,7700,34700,47700]",1,10.0,1,3,0,0,9,True
2024-2024092611gm-00a9-0000-4789b0e8-00-s3-d21,37,A,1,29,"[14800,26200,23200,35800]",1,10.0,1,3,1,0,9,True
2024-2024092611gm-00a9-0000-4789b0e8-00-s3-d21,37,B,2,3,"[14800,26200,23200,35800]",1,10.0,1,3,1,0,9,True
2024-2024092611gm-00a9-0000-4789b0e8-00-s3-d21,38,A,1,29,"[43400,12000,31600,12000]",4,-10.0,1,3,0,1,15,True
2024-2024092611gm-00a9-0000-4789b0e8-00-s3-d21,38,B,2,3,"[17200,31800,35000,16000]",4,-10.0,1,3,2,0,11,True
2024-2024092611gm-00a9-0000-4789b0e8-00-s3-d21,39,A,1,29,"[31800,25700,25100,17400]",4,-10.0,1,3,0,0,10,True
2024-2024092611gm-00a9-0000-4789b0e8-00-s3-d21,39,B,2,3,"[31800,25700,25100,17400]",4,-10.0,1,3,0,0,10,True
2024-2024092611gm-00a9-0000-4789b0e8-00-s3-d21,40,A,1,29,"[26400,12000,28300,33300]",1,10.0,1,3,0,0,9,True
2024-2024092611gm-00a9-0000-4789b0e8-00-s3-d21,40,B,2,3,"[47700,5500,28900,17900]",3,-4.0,1,3,0,0,10,True
2024-2024092611gm-00a9-0000-4789b0e8-00-s3-d21,41,A,1,29,"[18600,4300,49100,28000]",2,4.0,1,3,0,0,11,True
2024-2024092611gm-00a9-0000-4789b0e8-00-s3-d21,41,B,2,3,"[6300,13600,44900,34200]",2,4.0,1,3,2,1,11,True
2024-2024092611gm-00a9-0000-4789b0e8-00-s3-d21,42,A,1,29,"[31000,28900,11100,29000]",2,4.0,2,1,0,0,13,True
2024-2024092611gm-00a9-0000-4789b0e8-00-s3-d21,42,B,2,3,"[31000,28900,11100,29000]",2,4.0,2,1,0,0,13,True
2024-2024092611gm-00a9-0000-4789b0e8-00-s3-d21,43,A,1,29,"[9700,19000,24200,47100]",1,10.0,1,3,0,0,10,True
2024-2024092611gm-00a9-0000-4789b0e8-00-s3-d21,43,B,2,3,"[9700,19000,24200,47100]",1,10.0,1,3,0,0,10,True
2024-2024092611gm-00a9-0000-4789b0e8-00-s3-d21,44,A,1,29,"[33100,24000,-3900,46800]",1,10.0,1,1,2,0,8,True
2024-2024092611gm-00a9-0000-4789b0e8-00-s3-d21,44,B,2,3,"[23100,18800,24800,33300]",1,10.0,1,3,1,0,10,True
2024-2024092611gm-00a9-0000-4789b0e8-00-s3-d21,45,A,1,29,"[15700,40300,42100,-100]",4,-10.0,1,3,1,2,11,True
2024-2024092611gm-00a9-0000-4789b0e8-00-s3-d21,45,B,2,3,"[15700,40300,42100,-100]",4,-10.0,1,3,1,2,11,True
2024-2024092611gm-00a9-0000-4789b0e8-00-s3-d21,46,A,1,29,"[15100,19600,41400,23900]",2,4.0,1,3,0,0,11,True
2024-2024092611gm-00a9-0000-4789b0e8-00-s3-d21,46,B,2,3,"[15100,19600,41400,23900]",2,4.0,1,3,0,0,11,True
2024-2024092611gm-00a9-0000-4789b0e8-00-s3-d21,47,A,1,29,"[26300,38500,23400,11800]",4,-10.0,1,3,1,0,12,True
2024-2024092611gm-00a9-0000-4789b0e8-00-s3-d21,47,B,2,3,"[26500,31700,22300,19500]",4,-10.0,2,1,0,0,15,True
2024-2024092611gm-00a9-0000-4789b0e8-00-s3-d21,48,A,1,29,"[31400,21600,25800,21200]",4,-10.0,1,3,0,0,10,True
2024-2024092611gm-00a9-0000-4789b0e8-00-s3-d21,48,B,2,3,"[31400,21600,25800,21200]",4,-10.0,1,3,0,0,10,True
2024-2024092611gm-00a9-0000-4789b0e8-00-s3-d21,49,A,1,29,"[19400,36500,21200,22900]",2,4.0,2,0,0,0,11,True
2024-2024092611gm-00a9-0000-4789b0e8-00-s3-d21,49,B,2,3,"[15700,21700,27500,35100]",1,10.0,1,3,0,0,9,True
2024-2024092611gm-00a9-0000-4789b0e8-00-s3-d21,50,A,1,29,"[30400,27400,31300,10900]",4,-10.0,1,3,0,0,10,True
2024-2024092611gm-00a9-0000-4789b0e8-00-s3-d21,50,B,2,3,"[30000,46800,17500,5700]",4,-10.0,1,3,0,0,10,True
2024-2024092611gm-00a9-0000-4789b0e8-00-s3-d21,51,A,1,29,"[28800,4000,33400,33800]",1,10.0,1,3,0,0,9,True
2024-2024092611gm-00a9-0000-4789b0e8-00-s3-d21,51,B,2,3,"[28800,4000,33400,33800]",1,10.0,1,3,0,0,9,True
2024-2024092611gm-00a9-0000-4789b0e8-00-s3-d21,52,A,1,29,"[42600,17700,24400,15300]",4,-10.0,1,3,0,0,14,True
2024-2024092611gm-00a9-0000-4789b0e8-00-s3-d21,52,B,2,3,"[42600,17700,24400,15300]",4,-10.0,1,3,0,0,14,True
2024-2024092611gm-00a9-0000-4789b0e8-00-s3-d21,53,A,1,29,"[22500,25900,21200,30400]",1,10.0,1,3,1,0,8,True
2024-2024092611gm-00a9-0000-4789b0e8-00-s3-d21,53,B,2,3,"[38000,2800,24000,35200]",2,4.0,1,3,0,0,8,True
2024-2024092611gm-00a9-0000-4789b0e8-00-s3-d21,54,A,1,29,"[29800,41000,900,28300]",3,-4.0,1,3,0,0,10,True
2024-2024092611gm-00a9-0000-4789b0e8-00-s3-d21,54,B,2,3,"[29800,41000,900,28300]",3,-4.0,1,3,0,0,10,True
2024-2024092611gm-00a9-0000-4789b0e8-00-s3-d21,55,A,1,29,"[24000,35000,23700,17300]",4,-10.0,1,3,0,0,10,True
2024-2024092611gm-00a9-0000-4789b0e8-00-s3-d21,55,B,2,3,"[31100,15700,29900,23300]",3,-4.0,1,3,0,0,9,True
2024-2024092611gm-00a9-0000-4789b0e8-00-s3-d21,56,A,1,29,"[19900,17900,35400,26800]",2,4.0,1,3,1,0,11,True
2024-2024092611gm-00a9-0000-4789b0e8-00-s3-d21,56,B,2,3,"[19900,17900,35400,26800]",2,4.0,1,3,1,0,11,True
2024-2024092611gm-00a9-0000-4789b0e8-00-s3-d21,57,A,1,29,"[30800,40800,6700,21700]",3,-4.0,1,3,0,0,9,True
2024-2024092611gm-00a9-0000-4789b0e8-00-s3-d21,57,B,2,3,"[30800,40800,6700,21700]",3,-4.0,1,3,0,0,9,True
2024-2024092611gm-00a9-0000-4789b0e8-00-s3-d21,58,A,1,29,"[29400,12900,19300,38400]",1,10.0,1,3,1,0,9,True
2024-2024092611gm-00a9-0000-4789b0e8-00-s3-d21,58,B,2,3,"[29400,12900,19300,38400]",1,10.0,1,3,1,0,9,True
2024-2024092611gm-00a9-0000-4789b0e8-00-s3-d21,59,A,1,29,"[23600,38300,12100,26000]",2,4.0,1,3,0,0,10,True
2024-2024092611gm-00a9-0000-4789b0e8-00-s3-d21,59,B,2,3,"[30600,13300,21600,34500]",1,10.0,1,3,0,0,10,True
2024-2024092611gm-00a9-0000-4789b0e8-00-s3-d21,60,A,1,29,"[45800,18000,2300,33900]",2,4.0,1,3,2,0,12,True
2024-2024092611gm-00a9-0000-4789b0e8-00-s3-d21,60,B,2,3,"[44800,-1300,32000,24500]",3,-4.0,1,0,0,0,6,True
2024-2024092611gm-00a9-0000-4789b0e8-00-s3-d21,61,A,1,29,"[9900,30800,25600,33700]",1,10.0,1,3,0,0,9,True
2024-2024092611gm-00a9-0000-4789b0e8-00-s3-d21,61,B,2,3,"[22400,29500,13000,35100]",1,10.0,1,3,1,0,8,True
2024-2024092611gm-00a9-0000-4789b0e8-00-s3-d21,62,A,1,29,"[22200,37600,10100,30100]",2,4.0,1,3,1,0,11,True
2024-2024092611gm-00a9-0000-4789b0e8-00-s3-d21,62,B,2,3,"[22200,37600,10100,30100]",2,4.0,1,3,1,0,11,True
2024-2024092611gm-00a9-0000-4789b0e8-00-s3-d21,63,A,1,29,"[9800,19200,30400,40600]",1,10.0,1,3,0,0,12,True
2024-2024092611gm-00a9-0000-4789b0e8-00-s3-d21,63,B,2,3,"[16600,18000,19800,45600]",1,10.0,1,3,0,0,11,True
2024-2024092611gm-00a9-0000-4789b0e8-00-s3-d21,64,A,1,29,"[5700,22900,43200,28200]",2,4.0,1,3,0,0,8,True
2024-2024092611gm-00a9-0000-4789b0e8-00-s3-d21,64,B,2,3,"[5700,22900,43200,28200]",2,4.0,1,3,0,0,8,True
2024-2024092611gm-00a9-0000-4789b0e8-00-s3-d21,65,A,1,29,"[27300,41400,16900,14400]",4,-10.0,1,3,1,0,8,True
2024-2024092611gm-00a9-0000-4789b0e8-00-s3-d21,65,B,2,3,"[14900,37400,25200,22500]",3,-4.0,1,3,4,0,10,True
2024-2024092611gm-00a9-0000-4789b0e8-00-s3-d21,66,A,1,29,"[33200,6300,33000,27500]",3,-4.0,1,3,1,0,10,True
2024-2024092611gm-00a9-0000-4789b0e8-00-s3-d21,66,B,2,3,"[46500,26700,28300,-1500]",4,-10.0,1,1,0,0,7,True
2024-2024092611gm-00a9-0000-4789b0e8-00-s3-d21,67,A,1,29,"[16800,14700,31900,36600]",1,10.0,1,3,0,0,9,True
2024-2024092611gm-00a9-0000-4789b0e8-00-s3-d21,67,B,2,3,"[19200,36000,23100,21700]",3,-4.0,1,3,0,0,11,True
2024-2024092611gm-00a9-0000-4789b0e8-00-s3-d21,68,A,1,29,"[23400,23600,36800,16200]",4,-10.0,2,0,0,0,14,True
2024-2024092611gm-00a9-0000-4789b0e8-00-s3-d21,68,B,2,3,"[23400,23600,36800,16200]",4,-10.0,2,0,0,0,14,True
2024-2024092611gm-00a9-0000-4789b0e8-00-s3-d21,69,A,1,29,"[33000,14000,28700,24300]",3,-4.0,1,3,1,0,10,True
2024-2024092611gm-00a9-0000-4789b0e8-00-s3-d21,69,B,2,3,"[33000,14000,28700,24300]",3,-4.0,1,3,1,0,10,True
2024-2024092611gm-00a9-0000-4789b0e8-00-s3-d21,70,A,1,29,"[24700,21200,33200,20900]",4,-10.0,1,3,0,0,8,True
2024-2024092611gm-00a9-0000-4789b0e8-00-s3-d21,70,B,2,3,"[26800,14900,50600,7700]",4,-10.0,1,3,0,0,10,True
2024-2024092611gm-00a9-0000-4789b0e8-00-s3-d21,71,A,1,29,"[9000,44400,26600,20000]",3,-4.0,1,3,0,0,10,True
2024-2024092611gm-00a9-0000-4789b0e8-00-s3-d21,71,B,2,3,"[9000,44400,26600,20000]",3,-4.0,1,3,0,0,10,True
2024-2024092611gm-00a9-0000-4789b0e8-00-s3-d21,72,A,1,29,"[21800,13800,48300,16100]",3,-4.0,1,3,0,0,8,True
2024-2024092611gm-00a9-0000-4789b0e8-00-s3-d21,72,B,2,3,"[21800,13800,48300,16100]",3,-4.0,1,3,0,0,8,True
2024-2024092611gm-00a9-0000-4789b0e8-00-s3-d21,73,A,1,29,"[17000,26200,23400,33400]",1,10.0,1,3,0,0,12,True
2024-2024092611gm-00a9-0000-4789b0e8-00-s3-d21,73,B,2,3,"[17300,30500,29900,22300]",3,-4.0,1,3,0,0,12,True
2024-2024092611gm-00a9-0000-4789b0e8-00-s3-d21,74,A,1,29,"[47300,23700,11300,17700]",3,-4.0,1,3,1,0,9,True
2024-2024092611gm-00a9-0000-4789b0e8-00-s3-d21,74,B,2,3,"[26100,31600,12100,30200]",2,4.0,1,3,0,0,8,True
2024-2024092611gm-00a9-0000-4789b0e8-00-s3-d21,75,A,1,29,"[-2600,22000,31200,49400]",1,10.0,1,2,0,0,9,True
2024-2024092611gm-00a9-0000-4789b0e8-00-s3-d21,75,B,2,3,"[30400,8400,16900,44300]",1,10.0,1,3,0,0,12,True
2024-2024092611gm-00a9-0000-4789b0e8-00-s3-d21,76,A,1,29,"[39100,12300,27200,21400]",3,-4.0,1,3,0,0,8,True
2024-2024092611gm-00a9-0000-4789b0e8-00-s3-d21,76,B,2,3,"[31500,19000,20900,28600]",2,4.0,1,3,0,0,9,True
2024-2024092611gm-00a9-0000-4789b0e8-00-s3-d21,77,A,1,29,"[47300,-3200,15800,40100]",2,4.0,1,0,0,0,7,True
2024-2024092611gm-00a9-0000-4789b0e8-00-s3-d21,77,B,2,3,"[47000,27500,-4700,30200]",2,4.0,0,3,1,0,5,True
2024-2024092611gm-00a9-0000-4789b0e8-00-s3-d21,78,A,1,29,"[24500,17500,21600,36400]",1,10.0,1,3,0,0,9,True
2024-2024092611gm-00a9-0000-4789b0e8-00-s3-d21,78,B,2,3,"[24500,17500,21600,36400]",1,10.0,1,3,0,0,9,True
2024-2024092611gm-00a9-0000-4789b0e8-00-s3-d21,79,A,1,29,"[32000,17200,28600,22200]",3,-4.0,1,3,0,0,11,True
2024-2024092611gm-00a9-0000-4789b0e8-00-s3-d21,79,B,2,3,"[30500,9100,45600,14800]",3,-4.0,1,3,0,0,11,True
2024-2024092611gm-00a9-0000-4789b0e8-00-s3-d21,80,A,1,29,"[1600,23500,45500,29400]",2,4.0,1,3,0,0,9,True
2024-2024092611gm-00a9-0000-4789b0e8-00-s3-d21,80,B,2,3,"[26900,11300,37800,24000]",3,-4.0,2,1,0,0,14,True
2024-2024092611gm-00a9-0000-4789b0e8-00-s3-d21,81,A,1,29,"[9100,33300,37900,19700]",3,-4.0,1,3,0,0,9,True
2024-2024092611gm-00a9-0000-4789b0e8-00-s3-d21,81,B,2,3,"[28400,22200,16300,33100]",1,10.0,1,3,0,0,9,True
2024-2024092611gm-00a9-0000-4789b0e8-00-s3-d21,82,A,1,29,"[16200,30500,28400,24900]",3,-4.0,2,0,2,0,11,True
2024-2024092611gm-00a9-0000-4789b0e8-00-s3-d21,82,B,2,3,"[21000,12600,27900,38500]",1,10.0,2,0,0,0,9,True
2024-2024092611gm-00a9-0000-4789b0e8-00-s3-d21,83,A,1,29,"[32300,31000,25100,11600]",4,-10.0,1,3,0,0,10,True
2024-2024092611gm-00a9-0000-4789b0e8-00-s3-d21,83,B,2,3,"[22700,19900,32800,24600]",2,4.0,1,3,0,0,11,True
2024-2024092611gm-00a9-0000-4789b0e8-00-s3-d21,84,A,1,29,"[15900,12700,48200,23200]",2,4.0,1,3,0,0,10,True
2024-2024092611gm-00a9-0000-4789b0e8-00-s3-d21,84,B,2,3,"[16600,11400,44700,27300]",2,4.0,1,3,0,0,10,True
2024-2024092611gm-00a9-0000-4789b0e8-00-s3-d21,85,A,1,29,"[22100,26900,17400,33600]",1,10.0,2,0,1,0,10,True
2024-2024092611gm-00a9-0000-4789b0e8-00-s3-d21,85,B,2,3,"[-1500,59700,22300,19500]",3,-4.0,1,2,1,0,10,True
2024-2024092611gm-00a9-0000-4789b0e8-00-s3-d21,86,A,1,29,"[29600,28700,15400,26300]",3,-4.0,2,3,1,0,13,True
2024-2024092611gm-00a9-0000-4789b0e8-00-s3-d21,86,B,2,3,"[13100,43500,-500,43900]",1,10.0,1,3,0,0,9,True
2024-2024092611gm-00a9-0000-4789b0e8-00-s3-d21,87,A,1,29,"[35400,12800,46800,5000]",4,-10.0,1,3,0,0,10,True
2024-2024092611gm-00a9-0000-4789b0e8-00-s3-d21,87,B,2,3,"[27600,8800,42700,20900]",3,-4.0,1,3,1,0,10,True
2024-2024092611gm-00a9-0000-4789b0e8-00-s3-d21,88,A,1,29,"[25300,35600,3700,35400]",2,4.0,1,3,0,0,10,True
2024-2024092611gm-00a9-0000-4789b0e8-00-s3-d21,88,B,2,3,"[41000,23200,28900,6900]",4,-10.0,1,3,1,0,10,True
2024-2024092611gm-00a9-0000-4789b0e8-00-s3-d21,89,A,1,29,"[18900,33200,28300,19600]",3,-4.0,2,1,1,0,14,True
2024-2024092611gm-00a9-0000-4789b0e8-00-s3-d21,89,B,2,3,"[29900,31600,9500,29000]",3,-4.0,1,3,0,0,10,True
2024-2024092611gm-00a9-0000-4789b0e8-00-s3-d21,90,A,1,29,"[-6100,29100,71100,5900]",3,-4.0,1,2,0,0,11,True
2024-2024092611gm-00a9-0000-4789b0e8-00-s3-d21,90,B,2,3,"[43000,19300,3700,34000]",2,4.0,1,3,0,0,9,True
2024-2024092611gm-00a9-0000-4789b0e8-00-s3-d21,91,A,1,29,"[31300,4400,47400,15900]",3,-4.0,1,3,1,1,11,True
2024-2024092611gm-00a9-0000-4789b0e8-00-s3-d21,91,B,2,3,"[16400,44700,12800,26100]",2,4.0,1,3,0,0,14,True
2024-2024092611gm-00a9-0000-4789b0e8-00-s3-d21,92,A,1,29,"[27600,13400,33300,25700]",3,-4.0,1,3,0,0,11,True
2024-2024092611gm-00a9-0000-4789b0e8-00-s3-d21,92,B,2,3,"[34700,24500,17400,23400]",3,-4.0,1,3,0,0,11,True
2024-2024092611gm-00a9-0000-4789b0e8-00-s3-d21,93,A,1,29,"[45300,24700,-1600,31600]",2,4.0,1,3,0,0,8,True
2024-2024092611gm-00a9-0000-4789b0e8-00-s3-d21,93,B,2,3,"[45300,24700,-1600,31600]",2,4.0,1,3,0,0,8,True
2024-2024092611gm-00a9-0000-4789b0e8-00-s3-d21,94,A,1,29,"[-2200,32500,41900,27800]",3,-4.0,1,3,1,0,11,True
2024-2024092611gm-00a9-0000-4789b0e8-00-s3-d21,94,B,2,3,"[0,32900,39100,28000]",3,-4.0,1,3,2,0,12,True
2024-2024092611gm-00a9-0000-4789b0e8-00-s3-d21,95,A,1,29,"[1600,35000,33100,30300]",3,-4.0,1,3,2,0,12,True
2024-2024092611gm-00a9-0000-4789b0e8-00-s3-d21,95,B,2,3,"[1600,35000,33100,30300]",3,-4.0,1,3,2,0,12,True
2024-2024092611gm-00a9-0000-4789b0e8-00-s3-d21,96,A,1,29,"[16200,22500,29800,31500]",1,10.0,1,3,0,0,11,True
2024-2024092611gm-00a9-0000-4789b0e8-00-s3-d21,96,B,2,3,"[29500,6900,25100,38500]",1,10.0,1,3,0,0,12,True
2024-2024092611gm-00a9-0000-4789b0e8-00-s3-d21,97,A,1,29,"[22700,37200,23500,16600]",4,-10.0,1,3,0,0,10,True
2024-2024092611gm-00a9-0000-4789b0e8-00-s3-d21,97,B,2,3,"[45400,12000,13800,28800]",2,4.0,1,3,0,0,10,True
2024-2024092611gm-00a9-0000-4789b0e8-00-s3-d21,98,A,1,29,"[19700,33700,17900,28700]",2,4.0,1,3,0,0,10,True
2024-2024092611gm-00a9-0000-4789b0e8-00-s3-d21,98,B,2,3,"[19700,33700,17900,28700]",2,4.0,1,3,0,0,10,True
2024-2024092611gm-00a9-0000-4789b0e8-00-s3-d21,99,A,1,29,"[8100,45800,17200,28900]",2,4.0,1,3,0,0,11,True
2024-2024092611gm-00a9-0000-4789b0e8-00-s3-d21,99,B,2,3,"[27300,30900,14800,27000]",3,-4.0,2,0,0,0,12,True
2024-2024092611gm-00a9-0000-4789b0e8-00-s3-d21,100,A,1,29,"[32000,26500,43700,-2200]",4,-10.0,1,2,0,0,10,True
2024-2024092611gm-00a9-0000-4789b0e8-00-s3-d21,100,B,2,3,"[16100,23000,36600,24300]",2,4.0,1,3,2,0,9,True
2024-2024092611gm-00a9-0000-4789b0e8-00-s3-d21,101,A,1,29,"[19600,33100,20300,27000]",2,4.0,1,3,1,0,9,True
2024-2024092611gm-00a9-0000-4789b0e8-00-s3-d21,101,B,2,3,"[36500,24000,21400,18100]",4,-10.0,1,3,0,0,10,True
2024-2024092611gm-00a9-0000-4789b0e8-00-s3-d21,102,A,1,29,"[23900,20800,20200,35100]",1,10.0,1,3,0,0,10,True
2024-2024092611gm-00a9-0000-4789b0e8-00-s3-d21,102,B,2,3,"[30000,17300,26700,26000]",3,-4.0,1,3,1,0,10,True
2024-2024092611gm-00a9-0000-4789b0e8-00-s3-d21,103,A,1,29,"[6000,18500,24600,50900]",1,10.0,1,3,2,0,11,True
2024-2024092611gm-00a9-0000-4789b0e8-00-s3-d21,103,B,2,3,"[32100,17300,27400,23200]",3,-4.0,1,3,3,0,13,True
2024-2024092611gm-00a9-0000-4789b0e8-00-s3-d21,104,A,1,29,"[29400,11200,27600,31800]",1,10.0,1,3,0,0,10,True
2024-2024092611gm-00a9-0000-4789b0e8-00-s3-d21,104,B,2,3,"[37500,36100,26200,200]",4,-10.0,1,3,0,0,9,True
2024-2024092611gm-00a9-0000-4789b0e8-00-s3-d21,105,A,1,29,"[15700,25000,38800,20500]",3,-4.0,1,3,0,0,10,True
2024-2024092611gm-00a9-0000-4789b0e8-00-s3-d21,105,B,2,3,"[37300,31400,2900,28400]",3,-4.0,1,3,1,0,11,True
2024-2024092611gm-00a9-0000-4789b0e8-00-s3-d21,106,A,1,29,"[24500,18100,16400,41000]",1,10.0,1,3,0,0,9,True
2024-2024092611gm-00a9-0000-4789b0e8-00-s3-d21,106,B,2,3,"[24500,18100,16400,41000]",1,10.0,1,3,0,0,9,True
2024-2024092611gm-00a9-0000-4789b0e8-00-s3-d21,107,A,1,29,"[12600,20100,22400,44900]",1,10.0,1,3,0,0,10,True
2024-2024092611gm-00a9-0000-4789b0e8-00-s3-d21,107,B,2,3,"[12600,20100,22400,44900]",1,10.0,1,3,0,0,10,True
2024-2024092611gm-00a9-0000-4789b0e8-00-s3-d21,108,A,1,29,"[9000,38000,33300,19700]",3,-4.0,1,3,0,0,9,True
2024-2024092611gm-00a9-0000-4789b0e8-00-s3-d21,108,B,2,3,"[19200,8200,46400,26200]",2,4.0,1,3,1,0,11,True
2024-2024092611gm-00a9-0000-4789b0e8-00-s3-d21,109,A,1,29,"[14300,20700,20700,44300]",1,10.0,1,3,0,0,9,True
2024-2024092611gm-00a9-0000-4789b0e8-00-s3-d21,109,B,2,3,"[19400,15900,20900,43800]",1,10.0,1,3,0,0,9,True
2024-2024092611gm-00a9-0000-4789b0e8-00-s3-d21,110,A,1,29,"[-2100,38300,37400,26400]",3,-4.0,1,2,1,0,11,True
2024-2024092611gm-00a9-0000-4789b0e8-00-s3-d21,110,B,2,3,"[-2100,38300,37400,26400]",3,-4.0,1,2,1,0,11,True
2024-2024092611gm-00a9-0000-4789b0e8-00-s3-d21,111,A,1,29,"[27800,39900,35800,-3500]",4,-10.0,1,2,0,0,8,True
2024-2024092611gm-00a9-0000-4789b0e8-00-s3-d21,111,B,2,3,"[27800,39900,35800,-3500]",4,-10.0,1,2,0,0,8,True
2024-2024092611gm-00a9-0000-4789b0e8-00-s3-d21,112,A,1,29,"[32000,21000,27300,19700]",4,-10.0,2,0,0,0,9,True
2024-2024092611gm-00a9-0000-4789b0e8-00-s3-d21,112,B,2,3,"[37000,10700,28400,23900]",3,-4.0,1,3,0,0,11,True
2024-2024092611gm-00a9-0000-4789b0e8-00-s3-d21,113,A,1,29,"[39500,-5100,31400,34200]",2,4.0,1,2,0,0,7,True
2024-2024092611gm-00a9-0000-4789b0e8-00-s3-d21,113,B,2,3,"[-2100,14200,43100,44800]",1,10.0,1,2,0,0,9,True
2024-2024092611gm-00a9-0000-4789b0e8-00-s3-d21,114,A,1,29,"[33100,31300,17900,17700]",4,-10.0,1,3,0,0,13,True
2024-2024092611gm-00a9-0000-4789b0e8-00-s3-d21,114,B,2,3,"[33100,31300,17900,17700]",4,-10.0,1,3,0,0,13,True
2024-2024092611gm-00a9-0000-4789b0e8-00-s3-d21,115,A,1,29,"[43500,-7200,39200,24500]",3,-4.0,1,0,0,0,10,True
2024-2024092611gm-00a9-0000-4789b0e8-00-s3-d21,115,B,2,3,"[43500,-7200,39200,24500]",3,-4.0,1,0,0,0,10,True
2024-2024092611gm-00a9-0000-4789b0e8-00-s3-d21,116,A,1,29,"[41400,17900,37100,3600]",4,-10.0,1,3,0,0,13,True
2024-2024092611gm-00a9-0000-4789b0e8-00-s3-d21,116,B,2,3,"[29500,33800,16100,20600]",3,-4.0,2,0,0,0,11,True
2024-2024092611gm-00a9-0000-4789b0e8-00-s3-d21,117,A,1,29,"[42000,16700,14800,26500]",2,4.0,1,3,1,0,9,True
2024-2024092611gm-00a9-0000-4789b0e8-00-s3-d21,117,B,2,3,"[42800,12400,21400,23400]",2,4.0,1,3,1,0,11,True
2024-2024092611gm-00a9-0000-4789b0e8-00-s3-d21,118,A,1,29,"[39600,28100,21100,11200]",4,-10.0,1,3,0,0,9,True
2024-2024092611gm-00a9-0000-4789b0e8-00-s3-d21,118,B,2,3,"[45300,8800,27700,18200]",3,-4.0,1,3,0,0,9,True
2024-2024092611gm-00a9-0000-4789b0e8-00-s3-d21,119,A,1,29,"[24000,48400,29500,-1900]",4,-10.0,1,2,0,0,9,True
2024-2024092611gm-00a9-0000-4789b0e8-00-s3-d21,119,B,2,3,"[24000,48400,29500,-1900]",4,-10.0,1,2,0,0,9,True
2024-2024092611gm-00a9-0000-4789b0e8-00-s3-d21,120,A,1,29,"[22400,10300,27300,40000]",1,10.0,1,3,2,0,12,True
2024-2024092611gm-00a9-0000-4789b0e8-00-s3-d21,120,B,2,3,"[32900,14200,8400,44500]",1,10.0,1,3,0,0,10,True
2024-2024092611gm-00a9-0000-4789b0e8-00-s3-d21,121,A,1,29,"[31400,22800,25800,20000]",4,-10.0,1,3,0,0,8,True
2024-2024092611gm-00a9-0000-4789b0e8-00-s3-d21,121,B,2,3,"[42500,22000,20500,15000]",4,-10.0,1,3,0,0,8,True
2024-2024092611gm-00a9-0000-4789b0e8-00-s3-d21,122,A,1,29,"[27300,26000,7800,38900]",1,10.0,1,3,0,0,9,True
2024-2024092611gm-00a9-0000-4789b0e8-00-s3-d21,122,B,2,3,"[18900,11800,25900,43400]",1,10.0,1,3,0,0,10,True
2024-2024092611gm-00a9-0000-4789b0e8-00-s3-d21,123,A,1,29,"[18500,17700,44000,19800]",2,4.0,1,3,0,0,8,True
2024-2024092611gm-00a9-0000-4789b0e8-00-s3-d21,123,B,2,3,"[22600,8200,42000,27200]",2,4.0,1,3,2,0,10,True
2024-2024092611gm-00a9-0000-4789b0e8-00-s3-d21,124,A,1,29,"[9900,47100,-500,43500]",2,4.0,1,1,0,0,8,True
2024-2024092611gm-00a9-0000-4789b0e8-00-s3-d21,124,B,2,3,"[10100,19600,37000,33300]",2,4.0,1,3,0,0,9,True
2024-2024092611gm-00a9-0000-4789b0e8-00-s3-d21,125,A,1,29,"[28800,20900,34800,15500]",4,-10.0,1,3,0,0,9,True
2024-2024092611gm-00a9-0000-4789b0e8-00-s3-d21,125,B,2,3,"[31300,23500,19700,25500]",2,4.0,1,3,0,0,9,True
2024-2024092611gm-00a9-0000-4789b0e8-00-s3-d21,126,A,1,29,"[24000,26800,33000,16200]",4,-10.0,1,3,0,0,9,True
2024-2024092611gm-00a9-0000-4789b0e8-00-s3-d21,126,B,2,3,"[48800,15500,19900,15800]",3,-4.0,1,3,0,0,8,True
2024-2024092611gm-00a9-0000-4789b0e8-00-s3-d21,127,A,1,29,"[19400,47000,20800,12800]",4,-10.0,1,3,2,0,11,True
2024-2024092611gm-00a9-0000-4789b0e8-00-s3-d21,127,B,2,3,"[12700,34600,10500,42200]",1,10.0,1,3,1,0,10,True
2024-2024092611gm-00a9-0000-4789b0e8-00-s3-d21,128,A,1,29,"[200,22200,43900,33700]",2,4.0,1,3,0,0,10,True
2024-2024092611gm-00a9-0000-4789b0e8-00-s3-d21,128,B,2,3,"[24800,18900,47100,9200]",4,-10.0,1,3,0,0,11,True
2024-2024092611gm-00a9-0000-4789b0e8-00-s3-d21,129,A,1,29,"[15600,25400,17900,41100]",1,10.0,1,3,1,0,8,True
2024-2024092611gm-00a9-0000-4789b0e8-00-s3-d21,129,B,2,3,"[26100,25300,18400,30200]",1,10.0,2,2,0,0,17,True
2024-2024092611gm-00a9-0000-4789b0e8-00-s3-d21,130,A,1,29,"[47900,8300,9400,34400]",2,4.0,1,3,0,0,13,True
2024-2024092611gm-00a9-0000-4789b0e8-00-s3-d21,130,B,2,3,"[47900,8300,9400,34400]",2,4.0,1,3,0,0,13,True
2024-2024092611gm-00a9-0000-4789b0e8-00-s3-d21,131,A,1,29,"[31700,34100,19800,14400]",4,-10.0,1,3,0,0,10,True
2024-2024092611gm-00a9-0000-4789b0e8-00-s3-d21,131,B,2,3,"[31700,34100,19800,14400]",4,-10.0,1,3,0,0,10,True
2024-2024092611gm-00a9-0000-4789b0e8-00-s3-d21,132,A,1,29,"[16600,27300,11700,44400]",1,10.0,1,3,0,0,9,True
2024-2024092611gm-00a9-0000-4789b0e8-00-s3-d21,132,B,2,3,"[16600,27300,11700,44400]",1,10.0,1,3,0,0,9,True
2024-2024092611gm-00a9-0000-4789b0e8-00-s3-d21,133,A,1,29,"[14700,18200,32900,34200]",1,10.0,1,3,0,0,11,True
2024-2024092611gm-00a9-0000-4789b0e8-00-s3-d21,133,B,2,3,"[45900,24100,25200,4800]",4,-10.0,1,3,0,0,9,True
2024-2024092611gm-00a9-0000-4789b0e8-00-s3-d21,134,A,1,29,"[5600,20400,41600,32400]",2,4.0,1,3,1,0,9,True
2024-2024092611gm-00a9-0000-4789b0e8-00-s3-d21,134,B,2,3,"[5600,20400,41600,32400]",2,4.0,1,3,1,0,9,True
2024-2024092611gm-00a9-0000-4789b0e8-00-s3-d21,135,A,1,29,"[2500,17100,39300,41100]",1,10.0,1,3,0,0,10,True
2024-2024092611gm-00a9-0000-4789b0e8-00-s3-d21,135,B,2,3,"[3500,18100,40300,38100]",2,4.0,1,3,0,0,10,True
2024-2024092611gm-00a9-0000-4789b0e8-00-s3-d21,136,A,1,29,"[12600,28700,33100,24600]",3,-4.0,1,3,1,1,10,True
2024-2024092611gm-00a9-0000-4789b0e8-00-s3-d21,136,B,2,3,"[12600,28700,33100,24600]",3,-4.0,1,3,1,1,10,True
2024-2024092611gm-00a9-0000-4789b0e8-00-s3-d21,137,A,1,29,"[31300,38400,23000,7300]",4,-10.0,1,3,1,0,10,True
2024-2024092611gm-00a9-0000-4789b0e8-00-s3-d21,137,B,2,3,"[31300,38400,23000,7300]",4,-10.0,1,3,1,0,10,True
2024-2024092611gm-00a9-0000-4789b0e8-00-s3-d21,138,A,1,29,"[26400,18900,23200,31500]",1,10.0,1,3,1,0,9,True
2024-2024092611gm-00a9-0000-4789b0e8-00-s3-d21,138,B,2,3,"[10300,3300,38300,48100]",1,10.0,1,3,4,0,13,True
2024-2024092611gm-00a9-0000-4789b0e8-00-s3-d21,139,A,1,29,"[12100,28600,49300,10000]",4,-10.0,1,3,0,0,10,True
2024-2024092611gm-00a9-0000-4789b0e8-00-s3-d21,139,B,2,3,"[16100,43200,-800,41500]",2,4.0,1,1,2,0,9,True
2024-2024092611gm-00a9-0000-4789b0e8-00-s3-d21,140,A,1,29,"[30600,17200,36200,16000]",4,-10.0,1,3,0,0,11,True
2024-2024092611gm-00a9-0000-4789b0e8-00-s3-d21,140,B,2,3,"[30600,17200,36200,16000]",4,-10.0,1,3,0,0,11,True
2024-2024092611gm-00a9-0000-4789b0e8-00-s3-d21,141,A,1,29,"[19800,24300,36400,16500]",4,-10.0,1,3,2,3,10,True
2024-2024092611gm-00a9-0000-4789b0e8-00-s3-d21,141,B,2,3,"[19800,24300,36400,16500]",4,-10.0,1,3,2,3,10,True
2024-2024092611gm-00a9-0000-4789b0e8-00-s3-d21,142,A,1,29,"[41300,200,28900,29600]",2,4.0,1,3,1,0,10,True
2024-2024092611gm-00a9-0000-4789b0e8-00-s3-d21,142,B,2,3,"[41300,200,28900,29600]",2,4.0,1,3,1,0,10,True
2024-2024092611gm-00a9-0000-4789b0e8-00-s3-d21,143,A,1,29,"[11500,21000,44900,22600]",2,4.0,1,3,0,0,13,True
2024-2024092611gm-00a9-0000-4789b0e8-00-s3-d21,143,B,2,3,"[9700,23400,30100,36800]",1,10.0,1,3,0,0,11,True
2024-2024092611gm-00a9-0000-4789b0e8-00-s3-d21,144,A,1,29,"[14000,19800,37100,29100]",2,4.0,1,3,0,0,9,True
2024-2024092611gm-00a9-0000-4789b0e8-00-s3-d21,144,B,2,3,"[14000,19800,37100,29100]",2,4.0,1,3,0,0,9,True
2024-2024092611gm-00a9-0000-4789b0e8-00-s3-d21,145,A,1,29,"[35700,27500,28900,7900]",4,-10.0,2,0,0,0,13,True
2024-2024092611gm-00a9-0000-4789b0e8-00-s3-d21,145,B,2,3,"[32900,19800,25100,22200]",3,-4.0,1,3,0,0,13,True
2024-2024092611gm-00a9-0000-4789b0e8-00-s3-d21,146,A,1,29,"[40400,6000,30500,23100]",3,-4.0,1,3,0,0,10,True
2024-2024092611gm-00a9-0000-4789b0e8-00-s3-d21,146,B,2,3,"[34900,20500,29700,14900]",4,-10.0,1,3,0,0,9,True
2024-2024092611gm-00a9-0000-4789b0e8-00-s3-d21,147,A,1,29,"[28600,8300,37200,25900]",3,-4.0,1,3,1,0,8,True
2024-2024092611gm-00a9-0000-4789b0e8-00-s3-d21,147,B,2,3,"[28600,8300,37200,25900]",3,-4.0,1,3,1,0,8,True
2024-2024092611gm-00a9-0000-4789b0e8-00-s3-d21,148,A,1,29,"[29500,34400,24700,11400]",4,-10.0,2,0,0,0,9,True
2024-2024092611gm-00a9-0000-4789b0e8-00-s3-d21,148,B,2,3,"[34500,16700,23200,25600]",2,4.0,1,3,1,0,9,True
2024-2024092611gm-00a9-0000-4789b0e8-00-s3-d21,149,A,1,29,"[10000,28200,32500,29300]",2,4.0,1,3,1,0,10,True
2024-2024092611gm-00a9-0000-4789b0e8-00-s3-d21,149,B,2,3,"[14400,31500,33900,20200]",3,-4.0,1,3,0,0,10,True
2024-2024092611gm-00a9-0000-4789b0e8-00-s3-d21,150,A,1,29,"[38100,22900,21600,17400]",4,-10.0,1,3,0,0,11,True
2024-2024092611gm-00a9-0000-4789b0e8-00-s3-d21,150,B,2,3,"[37200,24900,13900,24000]",3,-4.0,1,3,0,0,11,True
2024-2024092611gm-00a9-0000-4789b0e8-00-s3-d21,151,A,1,29,"[14800,34100,48700,2400]",4,-10.0,1,3,1,0,12,True
2024-2024092611gm-00a9-0000-4789b0e8-00-s3-d21,151,B,2,3,"[28100,18800,40900,12200]",4,-10.0,1,3,1,0,12,True
2024-2024092611gm-00a9-0000-4789b0e8-00-s3-d21,152,A,1,29,"[27100,17100,24400,31400]",1,10.0,1,3,0,0,10,True
2024-2024092611gm-00a9-0000-4789b0e8-00-s3-d21,152,B,2,3,"[27100,17100,24400,31400]",1,10.0,1,3,0,0,10,True
2024-2024092611gm-00a9-0000-4789b0e8-00-s3-d21,153,A,1,29,"[50100,23200,26600,100]",4,-10.0,1,3,1,0,12,True
2024-2024092611gm-00a9-0000-4789b0e8-00-s3-d21,153,B,2,3,"[43400,-1300,25700,32200]",2,4.0,1,3,0,0,10,True
2024-2024092611gm-00a9-0000-4789b0e8-00-s3-d21,154,A,1,29,"[26100,26400,31100,16400]",4,-10.0,1,3,0,0,10,True
2024-2024092611gm-00a9-0000-4789b0e8-00-s3-d21,154,B,2,3,"[33300,15100,32400,19200]",3,-4.0,1,3,0,0,10,True
2024-2024092611gm-00a9-0000-4789b0e8-00-s3-d21,155,A,1,29,"[45500,5800,39300,9400]",3,-4.0,1,3,2,0,11,True
2024-2024092611gm-00a9-0000-4789b0e8-00-s3-d21,155,B,2,3,"[36800,33100,12100,18000]",3,-4.0,1,3,0,0,8,True
2024-2024092611gm-00a9-0000-4789b0e8-00-s3-d21,156,A,1,29,"[-1500,10500,25800,65200]",1,10.0,1,3,0,0,11,True
2024-2024092611gm-00a9-0000-4789b0e8-00-s3-d21,156,B,2,3,"[20100,2600,54400,22900]",2,4.0,1,3,2,0,10,True
2024-2024092611gm-00a9-0000-4789b0e8-00-s3-d21,157,A,1,29,"[43500,24100,8700,23700]",3,-4.0,1,3,0,0,10,True
2024-2024092611gm-00a9-0000-4789b0e8-00-s3-d21,157,B,2,3,"[43500,24100,8700,23700]",3,-4.0,1,3,0,0,10,True
2024-2024092611gm-00a9-0000-4789b0e8-00-s3-d21,158,A,1,29,"[8900,34300,26700,30100]",2,4.0,1,3,0,0,11,True
2024-2024092611gm-00a9-0000-4789b0e8-00-s3-d21,158,B,2,3,"[34100,17200,20000,28700]",2,4.0,1,3,1,0,12,True
2024-2024092611gm-00a9-0000-4789b0e8-00-s3-d21,159,A,1,29,"[14700,41900,20500,22900]",2,4.0,1,3,1,0,12,True
2024-2024092611gm-00a9-0000-4789b0e8-00-s3-d21,159,B,2,3,"[14700,41900,20500,22900]",2,4.0,1,3,1,0,12,True
2024-2024092611gm-00a9-0000-4789b0e8-00-s3-d21,160,A,1,29,"[-1000,39000,27800,34200]",2,4.0,1,2,0,0,12,True
2024-2024092611gm-00a9-0000-4789b0e8-00-s3-d21,160,B,2,3,"[38800,21600,1800,37800]",2,4.0,1,3,0,0,12,True
2024-2024092611gm-00a9-0000-4789b0e8-00-s3-d21,161,A,1,29,"[19300,46000,31200,3500]",4,-10.0,1,3,0,0,10,True
2024-2024092611gm-00a9-0000-4789b0e8-00-s3-d21,161,B,2,3,"[19300,46000,31200,3500]",4,-10.0,1,3,0,0,10,True
2024-2024092611gm-00a9-0000-4789b0e8-00-s3-d21,162,A,1,29,"[1600,28600,44200,25600]",3,-4.0,1,3,0,0,9,True
2024-2024092611gm-00a9-0000-4789b0e8-00-s3-d21,162,B,2,3,"[22100,9300,45700,22900]",2,4.0,1,3,0,0,13,True
2024-2024092611gm-00a9-0000-4789b0e8-00-s3-d21,163,A,1,29,"[32800,28800,21500,16900]",4,-10.0,1,3,0,0,12,True
2024-2024092611gm-00a9-0000-4789b0e8-00-s3-d21,163,B,2,3,"[53100,14700,19200,13000]",4,-10.0,1,3,0,0,10,True
2024-2024092611gm-00a9-0000-4789b0e8-00-s3-d21,164,A,1,29,"[24300,25300,41100,9300]",4,-10.0,1,3,0,0,8,True
2024-2024092611gm-00a9-0000-4789b0e8-00-s3-d21,164,B,2,3,"[30800,14600,18300,36300]",1,10.0,1,3,0,0,9,True
2024-2024092611gm-00a9-0000-4789b0e8-00-s3-d21,165,A,1,29,"[31300,34600,25000,9100]",4,-10.0,1,3,0,0,12,True
2024-2024092611gm-00a9-0000-4789b0e8-00-s3-d21,165,B,2,3,"[13700,50500,26300,9500]",4,-10.0,1,3,0,0,12,True
2024-2024092611gm-00a9-0000-4789b0e8-00-s3-d21,166,A,1,29,"[35200,37800,-8200,35200]",3,-4.0,1,3,0,0,9,True
2024-2024092611gm-00a9-0000-4789b0e8-00-s3-d21,166,B,2,3,"[35200,37800,-8200,35200]",3,-4.0,1,3,0,0,9,True
2024-2024092611gm-00a9-0000-4789b0e8-00-s3-d21,167,A,1,29,"[36000,17100,48100,-1200]",4,-10.0,1,1,0,0,6,True
2024-2024092611gm-00a9-0000-4789b0e8-00-s3-d21,167,B,2,3,"[39000,22100,40100,-1200]",4,-10.0,1,1,0,0,6,True
2024-2024092611gm-00a9-0000-4789b0e8-00-s3-d21,168,A,1,29,"[16300,48300,19900,15500]",4,-10.0,1,3,0,0,8,True
2024-2024092611gm-00a9-0000-4789b0e8-00-s3-d21,168,B,2,3,"[16300,48300,19900,15500]",4,-10.0,1,3,0,0,8,True
2024-2024092611gm-00a9-0000-4789b0e8-00-s3-d21,169,A,1,29,"[24400,10600,46900,18100]",3,-4.0,1,3,0,0,10,True
2024-2024092611gm-00a9-0000-4789b0e8-00-s3-d21,169,B,2,3,"[24400,10600,46900,18100]",3,-4.0,1,3,0,0,10,True
2024-2024092611gm-00a9-0000-4789b0e8-00-s3-d21,170,A,1,29,"[34900,29800,35700,-400]",4,-10.0,1,1,2,0,10,True
2024-2024092611gm-00a9-0000-4789b0e8-00-s3-d21,170,B,2,3,"[33800,25900,12300,28000]",2,4.0,1,3,2,0,10,True
2024-2024092611gm-00a9-0000-4789b0e8-00-s3-d21,171,A,1,29,"[41800,-4700,24800,38100]",2,4.0,1,3,1,0,10,True
2024-2024092611gm-00a9-0000-4789b0e8-00-s3-d21,171,B,2,3,"[19100,18100,28600,34200]",1,10.0,1,3,0,0,11,True
2024-2024092611gm-00a9-0000-4789b0e8-00-s3-d21,172,A,1,29,"[21000,27400,31500,20100]",4,-10.0,1,3,1,0,11,True
2024-2024092611gm-00a9-0000-4789b0e8-00-s3-d21,172,B,2,3,"[45100,16000,4700,34200]",2,4.0,1,3,0,0,8,True
2024-2024092611gm-00a9-0000-4789b0e8-00-s3-d21,173,A,1,29,"[39500,42400,-500,18600]",3,-4.0,1,2,0,0,8,True
2024-2024092611gm-00a9-0000-4789b0e8-00-s3-d21,173,B,2,3,"[17000,39300,5300,38400]",2,4.0,1,3,0,0,10,True
2024-2024092611gm-00a9-0000-4789b0e8-00-s3-d21,174,A,1,29,"[27800,25100,11900,35200]",1,10.0,1,3,0,0,9,True
2024-2024092611gm-00a9-0000-4789b0e8-00-s3-d21,174,B,2,3,"[30900,27100,27800,14200]",4,-10.0,1,3,0,0,9,True
2024-2024092611gm-00a9-0000-4789b0e8-00-s3-d21,175,A,1,29,"[26300,37800,15800,20100]",3,-4.0,1,3,0,0,11,True
2024-2024092611gm-00a9-0000-4789b0e8-00-s3-d21,175,B,2,3,"[28700,32400,-3200,42100]",1,10.0,1,2,0,0,9,True
2024-2024092611gm-00a9-0000-4789b0e8-00-s3-d21,176,A,1,29,"[40600,13300,24100,22000]",3,-4.0,1,3,1,0,9,True
2024-2024092611gm-00a9-0000-4789b0e8-00-s3-d21,176,B,2,3,"[34200,22800,15800,27200]",2,4.0,1,3,0,0,8,True
2024-2024092611gm-00a9-0000-4789b0e8-00-s3-d21,177,A,1,29,"[2900,39300,41900,15900]",3,-4.0,1,3,0,0,9,True
2024-2024092611gm-00a9-0000-4789b0e8-00-s3-d21,177,B,2,3,"[-6900,27000,35800,44100]",1,10.0,1,2,0,0,9,True
2024-2024092611gm-00a9-0000-4789b0e8-00-s3-d21,178,A,1,29,"[21300,34700,18000,26000]",2,4.0,1,3,0,0,10,True
2024-2024092611gm-00a9-0000-4789b0e8-00-s3-d21,178,B,2,3,"[21200,20800,40100,17900]",4,-10.0,1,3,0,0,10,True
2024-2024092611gm-00a9-0000-4789b0e8-00-s3-d21,179,A,1,29,"[34200,12300,22900,30600]",2,4.0,1,3,0,0,8,True
2024-2024092611gm-00a9-0000-4789b0e8-00-s3-d21,179,B,2,3,"[35200,13300,23900,27600]",2,4.0,1,3,0,0,8,True
2024-2024092611gm-00a9-0000-4789b0e8-00-s3-d21,180,A,1,29,"[33400,9800,35400,21400]",3,-4.0,1,3,0,0,9,True
2024-2024092611gm-00a9-0000-4789b0e8-00-s3-d21,180,B,2,3,"[33400,9800,35400,21400]",3,-4.0,1,3,0,0,9,True
2024-2024092611gm-00a9-0000-4789b0e8-00-s3-d21,181,A,1,29,"[28300,22800,18100,30800]",1,10.0,1,3,0,0,9,True
2024-2024092611gm-00a9-0000-4789b0e8-00-s3-d21,181,B,2,3,"[28300,22800,18100,30800]",1,10.0,1,3,0,0,9,True
2024-2024092611gm-00a9-0000-4789b0e8-00-s3-d21,182,A,1,29,"[22100,30700,17400,28800]",2,4.0,1,3,0,1,10,True
2024-2024092611gm-00a9-0000-4789b0e8-00-s3-d21,182,B,2,3,"[31600,44100,11700,12600]",3,-4.0,1,3,0,0,10,True
2024-2024092611gm-00a9-0000-4789b0e8-00-s3-d21,183,A,1,29,"[46800,31400,7700,14100]",3,-4.0,1,3,0,0,9,True
2024-2024092611gm-00a9-0000-4789b0e8-00-s3-d21,183,B,2,3,"[46800,31400,7700,14100]",3,-4.0,1,3,0,0,9,True
2024-2024092611gm-00a9-0000-4789b0e8-00-s3-d21,184,A,1,29,"[12000,14800,30700,42500]",1,10.0,1,3,0,0,8,True
2024-2024092611gm-00a9-0000-4789b0e8-00-s3-d21,184,B,2,3,"[9700,10000,51000,29300]",2,4.0,1,3,0,0,10,True
2024-2024092611gm-00a9-0000-4789b0e8-00-s3-d21,185,A,1,29,"[3200,36800,51400,8600]",3,-4.0,1,3,0,0,10,True
2024-2024092611gm-00a9-0000-4789b0e8-00-s3-d21,185,B,2,3,"[12000,25600,25900,36500]",1,10.0,1,3,0,0,8,True
2024-2024092611gm-00a9-0000-4789b0e8-00-s3-d21,186,A,1,29,"[26200,19300,51500,3000]",4,-10.0,1,3,2,0,10,True
2024-2024092611gm-00a9-0000-4789b0e8-00-s3-d21,186,B,2,3,"[11500,24200,37700,26600]",2,4.0,1,3,0,0,11,True
2024-2024092611gm-00a9-0000-4789b0e8-00-s3-d21,187,A,1,29,"[17700,23300,24400,34600]",1,10.0,1,3,0,0,9,True
2024-2024092611gm-00a9-0000-4789b0e8-00-s3-d21,187,B,2,3,"[38700,29500,19500,12300]",4,-10.0,1,3,0,0,10,True
2024-2024092611gm-00a9-0000-4789b0e8-00-s3-d21,188,A,1,29,"[34700,8600,28400,28300]",3,-4.0,1,3,1,0,11,True
2024-2024092611gm-00a9-0000-4789b0e8-00-s3-d21,188,B,2,3,"[14500,28200,31400,25900]",3,-4.0,1,3,1,0,9,True
2024-2024092611gm-00a9-0000-4789b0e8-00-s3-d21,189,A,1,29,"[26000,38900,19500,15600]",4,-10.0,1,3,0,0,8,True
2024-2024092611gm-00a9-0000-4789b0e8-00-s3-d21,189,B,2,3,"[22100,36300,22600,19000]",4,-10.0,1,3,0,0,8,True
2024-2024092611gm-00a9-0000-4789b0e8-00-s3-d21,190,A,1,29,"[20900,35800,17000,26300]",2,4.0,1,3,0,0,11,True
2024-2024092611gm-00a9-0000-4789b0e8-00-s3-d21,190,B,2,3,"[36200,36000,15100,12700]",4,-10.0,1,3,2,0,12,True
2024-2024092611gm-00a9-0000-4789b0e8-00-s3-d21,191,A,1,29,"[23500,23500,19800,33200]",1,10.0,2,3,0,0,15,True
2024-2024092611gm-00a9-0000-4789b0e8-00-s3-d21,191,B,2,3,"[-100,29200,31200,39700]",1,10.0,1,0,0,0,6,True
2024-2024092611gm-00a9-0000-4789b0e8-00-s3-d21,192,A,1,29,"[17800,14300,30600,37300]",1,10.0,1,3,0,0,10,True
2024-2024092611gm-00a9-0000-4789b0e8-00-s3-d21,192,B,2,3,"[16900,4800,30700,47600]",1,10.0,1,3,0,0,9,True
2024-2024092611gm-00a9-0000-4789b0e8-00-s3-d21,193,A,1,29,"[53200,23000,3500,20300]",3,-4.0,1,3,0,0,11,True
2024-2024092611gm-00a9-0000-4789b0e8-00-s3-d21,193,B,2,3,"[48900,18900,35000,-2800]",4,-10.0,1,0,0,0,7,True
2024-2024092611gm-00a9-0000-4789b0e8-00-s3-d21,194,A,1,29,"[6900,25000,26000,41100]",1,10.0,1,3,0,1,13,True
2024-2024092611gm-00a9-0000-4789b0e8-00-s3-d21,194,B,2,3,"[6900,25000,26000,41100]",1,10.0,1,3,0,1,13,True
2024-2024092611gm-00a9-0000-4789b0e8-00-s3-d21,195,A,1,29,"[24900,18000,36400,20700]",3,-4.0,1,3,3,0,12,True
2024-2024092611gm-00a9-0000-4789b0e8-00-s3-d21,195,B,2,3,"[24900,18000,36400,20700]",3,-4.0,1,3,3,0,12,True
2024-2024092611gm-00a9-0000-4789b0e8-00-s3-d21,196,A,1,29,"[35300,30100,28800,5800]",4,-10.0,1,3,0,0,11,True
2024-2024092611gm-00a9-0000-4789b0e8-00-s3-d21,196,B,2,3,"[11700,32000,16000,40300]",1,10.0,1,3,0,0,8,True
2024-2024092611gm-00a9-0000-4789b0e8-00-s3-d21,197,A,1,29,"[42100,36700,-800,22000]",3,-4.0,1,1,0,0,6,True
2024-2024092611gm-00a9-0000-4789b0e8-00-s3-d21,197,B,2,3,"[34900,38000,-900,28000]",3,-4.0,1,0,0,0,5,True
2024-2024092611gm-00a9-0000-4789b0e8-00-s3-d21,198,A,1,29,"[31200,38700,18100,12000]",4,-10.0,1,3,0,0,8,True
2024-2024092611gm-00a9-0000-4789b0e8-00-s3-d21,198,B,2,3,"[21000,37100,18500,23400]",2,4.0,1,3,0,0,9,True
2024-2024092611gm-00a9-0000-4789b0e8-00-s3-d21,199,A,1,29,"[34700,24200,5700,35400]",1,10.0,1,3,0,0,13,True
2024-2024092611gm-00a9-0000-4789b0e8-00-s3-d21,199,B,2,3,"[35700,36500,15600,12200]",4,-10.0,1,3,0,0,11,True
2024-2024092611gm-00a9-0000-4789b0e8-00-s3-d21,200,A,1,29,"[40500,30000,33200,-3700]",4,-10.0,1,0,1,0,8,True
2024-2024092611gm-00a9-0000-4789b0e8-00-s3-d21,200,B,2,3,"[-2500,31800,33500,37200]",1,10.0,1,1,1,0,8,True
2024-2024092611gm-00a9-0000-4789b0e8-00-s3-d21,201,A,1,29,"[31500,25400,8200,34900]",1,10.0,1,3,0,0,9,True
2024-2024092611gm-00a9-0000-4789b0e8-00-s3-d21,201,B,2,3,"[31500,25400,8200,34900]",1,10.0,1,3,0,0,9,True
2024-2024092611gm-00a9-0000-4789b0e8-00-s3-d21,202,A,1,29,"[18200,15000,34900,31900]",2,4.0,1,3,0,0,9,True
2024-2024092611gm-00a9-0000-4789b0e8-00-s3-d21,202,B,2,3,"[8700,33600,19400,38300]",1,10.0,1,3,0,0,8,True
2024-2024092611gm-00a9-0000-4789b0e8-00-s3-d21,203,A,1,29,"[25900,7400,32400,34300]",1,10.0,1,3,0,0,10,True
2024-2024092611gm-00a9-0000-4789b0e8-00-s3-d21,203,B,2,3,"[25900,7400,32400,34300]",1,10.0,1,3,0,0,10,True
2024-2024092611gm-00a9-0000-4789b0e8-00-s3-d21,204,A,1,29,"[22200,23700,32400,21700]",4,-10.0,1,3,0,0,11,True
2024-2024092611gm-00a9-0000-4789b0e8-00-s3-d21,204,B,2,3,"[22200,23700,32400,21700]",4,-10.0,1,3,0,0,11,True
2024-2024092611gm-00a9-0000-4789b0e8-00-s3-d21,205,A,1,29,"[25100,-7100,54500,27500]",2,4.0,1,2,1,0,11,True
2024-2024092611gm-00a9-0000-4789b0e8-00-s3-d21,205,B,2,3,"[25100,-7100,54500,27500]",2,4.0,1,2,1,0,11,True
2024-2024092611gm-00a9-0000-4789b0e8-00-s3-d21,206,A,1,29,"[40400,35600,1700,21300]",3,-4.0,1,3,1,1,9,True
2024-2024092611gm-00a9-0000-4789b0e8-00-s3-d21,206,B,2,3,"[30800,37800,-800,32200]",2,4.0,1,1,1,0,7,True
2024-2024092611gm-00a9-0000-4789b0e8-00-s3-d21,207,A,1,29,"[24000,50300,28200,-2500]",4,-10.0,0,1,2,0,3,True
2024-2024092611gm-00a9-0000-4789b0e8-00-s3-d21,207,B,2,3,"[23500,47500,29300,-300]",4,-10.0,0,3,0,0,5,True
2024-2024092611gm-00a9-0000-4789b0e8-00-s3-d21,208,A,1,29,"[19700,23000,19200,38100]",1,10.0,1,3,0,0,9,True
2024-2024092611gm-00a9-0000-4789b0e8-00-s3-d21,208,B,2,3,"[19700,23000,19200,38100]",1,10.0,1,3,0,0,9,True
2024-2024092611gm-00a9-0000-4789b0e8-00-s3-d21,209,A,1,29,"[18600,21600,21900,37900]",1,10.0,1,3,0,0,8,True
2024-2024092611gm-00a9-0000-4789b0e8-00-s3-d21,209,B,2,3,"[18600,21600,21900,37900]",1,10.0,1,3,0,0,8,True
2024-2024092611gm-00a9-0000-4789b0e8-00-s3-d21,210,A,1,29,"[39100,38300,18100,4500]",4,-10.0,1,3,0,0,9,True
2024-2024092611gm-00a9-0000-4789b0e8-00-s3-d21,210,B,2,3,"[19100,32100,31600,17200]",4,-10.0,1,3,0,0,9,True
2024-2024092611gm-00a9-0000-4789b0e8-00-s3-d21,211,A,1,29,"[31400,18200,6000,44400]",1,10.0,1,3,0,0,10,True
2024-2024092611gm-00a9-0000-4789b0e8-00-s3-d21,211,B,2,3,"[32000,20900,17000,30100]",2,4.0,1,3,0,0,11,True
2024-2024092611gm-00a9-0000-4789b0e8-00-s3-d21,212,A,1,29,"[13400,25100,31900,29600]",2,4.0,1,3,1,0,9,True
2024-2024092611gm-00a9-0000-4789b0e8-00-s3-d21,212,B,2,3,"[12000,38600,24500,24900]",2,4.0,1,3,0,0,11,True
2024-2024092611gm-00a9-0000-4789b0e8-00-s3-d21,213,A,1,29,"[37400,27100,13700,21800]",3,-4.0,1,3,0,0,11,True
2024-2024092611gm-00a9-0000-4789b0e8-00-s3-d21,213,B,2,3,"[43000,30700,24200,2100]",4,-10.0,1,3,0,0,9,True
2024-2024092611gm-00a9-0000-4789b0e8-00-s3-d21,214,A,1,29,"[34800,27200,12400,25600]",3,-4.0,1,3,0,0,11,True
2024-2024092611gm-00a9-0000-4789b0e8-00-s3-d21,214,B,2,3,"[51500,26300,11300,10900]",4,-10.0,1,3,0,0,10,True
2024-2024092611gm-00a9-0000-4789b0e8-00-s3-d21,215,A,1,29,"[14500,25100,25100,35300]",1,10.0,1,3,0,0,10,True
2024-2024092611gm-00a9-0000-4789b0e8-00-s3-d21,215,B,2,3,"[11000,24600,23500,40900]",1,10.0,1,3,0,0,9,True
2024-2024092611gm-00a9-0000-4789b0e8-00-s3-d21,216,A,1,29,"[49000,47000,5900,-1900]",4,-10.0,1,2,1,0,12,True
2024-2024092611gm-00a9-0000-4789b0e8-00-s3-d21,216,B,2,3,"[49000,47000,5900,-1900]",4,-10.0,1,2,1,0,12,True
2024-2024092611gm-00a9-0000-4789b0e8-00-s3-d21,217,A,1,29,"[17200,31400,23700,27700]",2,4.0,2,0,1,0,12,True
2024-2024092611gm-00a9-0000-4789b0e8-00-s3-d21,217,B,2,3,"[8300,23600,38900,29200]",2,4.0,1,3,0,0,11,True
2024-2024092611gm-00a9-0000-4789b0e8-00-s3-d21,218,A,1,29,"[16700,31900,35800,15600]",4,-10.0,1,3,1,0,11,True
2024-2024092611gm-00a9-0000-4789b0e8-00-s3-d21,218,B,2,3,"[16700,31900,35800,15600]",4,-10.0,1,3,1,0,11,True
2024-2024092611gm-00a9-0000-4789b0e8-00-s3-d21,219,A,1,29,"[-1100,9700,46800,44600]",2,4.0,1,2,1,0,9,True
2024-2024092611gm-00a9-0000-4789b0e8-00-s3-d21,219,B,2,3,"[13400,23300,27900,35400]",1,10.0,1,3,0,0,8,True
2024-2024092611gm-00a9-0000-4789b0e8-00-s3-d21,220,A,1,29,"[11800,13000,26100,49100]",1,10.0,1,3,0,0,12,True
2024-2024092611gm-00a9-0000-4789b0e8-00-s3-d21,220,B,2,3,"[11800,13000,26100,49100]",1,10.0,1,3,0,0,12,True
2024-2024092611gm-00a9-0000-4789b0e8-00-s3-d21,221,A,1,29,"[33900,28700,17500,19900]",3,-4.0,1,3,0,0,8,True
2024-2024092611gm-00a9-0000-4789b0e8-00-s3-d21,221,B,2,3,"[33900,28700,17500,19900]",3,-4.0,1,3,0,0,8,True
2024-2024092611gm-00a9-0000-4789b0e8-00-s3-d21,222,A,1,29,"[37400,27300,13600,21700]",3,-4.0,1,3,0,0,9,True
2024-2024092611gm-00a9-0000-4789b0e8-00-s3-d21,222,B,2,3,"[33900,19500,38800,7800]",4,-10.0,1,3,0,0,9,True
2024-2024092611gm-00a9-0000-4789b0e8-00-s3-d21,223,A,1,29,"[32600,20300,16500,30600]",2,4.0,1,3,0,0,9,True
2024-2024092611gm-00a9-0000-4789b0e8-00-s3-d21,223,B,2,3,"[35900,20500,18100,25500]",2,4.0,1,3,0,0,10,True
2024-2024092611gm-00a9-0000-4789b0e8-00-s3-d21,224,A,1,29,"[26300,-800,53700,20800]",3,-4.0,1,2,0,0,9,True
2024-2024092611gm-00a9-0000-4789b0e8-00-s3-d21,224,B,2,3,"[32000,-5000,46300,26700]",3,-4.0,1,0,0,0,6,True
2024-2024092611gm-00a9-0000-4789b0e8-00-s3-d21,225,A,1,29,"[23200,13700,39500,23600]",2,4.0,1,3,0,0,8,True
2024-2024092611gm-00a9-0000-4789b0e8-00-s3-d21,225,B,2,3,"[23200,13700,39500,23600]",2,4.0,1,3,0,0,8,True
2024-2024092611gm-00a9-0000-4789b0e8-00-s3-d21,226,A,1,29,"[1100,18300,58700,21900]",2,4.0,1,3,5,0,11,True
2024-2024092611gm-00a9-0000-4789b0e8-00-s3-d21,226,B,2,3,"[1100,18300,58700,21900]",2,4.0,1,3,5,0,11,True
2024-2024092611gm-00a9-0000-4789b0e8-00-s3-d21,227,A,1,29,"[40600,28300,41700,-10600]",4,-10.0,1,3,0,0,9,True
2024-2024092611gm-00a9-0000-4789b0e8-00-s3-d21,227,B,2,3,"[40600,28300,41700,-10600]",4,-10.0,1,3,0,0,9,True
2024-2024092611gm-00a9-0000-4789b0e8-00-s3-d21,228,A,1,29,"[39900,36100,17900,6100]",4,-10.0,1,3,0,0,9,True
2024-2024092611gm-00a9-0000-4789b0e8-00-s3-d21,228,B,2,3,"[29200,18900,30700,21200]",3,-4.0,1,3,0,0,10,True
2024-2024092611gm-00a9-0000-4789b0e8-00-s3-d21,229,A,1,29,"[25000,22400,-1500,54100]",1,10.0,1,2,0,0,10,True
2024-2024092611gm-00a9-0000-4789b0e8-00-s3-d21,229,B,2,3,"[31700,15100,2900,50300]",1,10.0,1,3,0,0,11,True
2024-2024092611gm-00a9-0000-4789b0e8-00-s3-d21,230,A,1,29,"[39600,-1400,45500,16300]",3,-4.0,1,2,0,0,9,True
2024-2024092611gm-00a9-0000-4789b0e8-00-s3-d21,230,B,2,3,"[39600,-1400,45500,16300]",3,-4.0,1,2,0,0,9,True
2024-2024092611gm-00a9-0000-4789b0e8-00-s3-d21,231,A,1,29,"[38600,20300,3800,37300]",2,4.0,1,3,0,0,8,True
2024-2024092611gm-00a9-0000-4789b0e8-00-s3-d21,231,B,2,3,"[23700,20900,14000,41400]",1,10.0,1,3,0,0,8,True
2024-2024092611gm-00a9-0000-4789b0e8-00-s3-d21,232,A,1,29,"[36400,19800,30200,13600]",4,-10.0,1,3,0,0,10,True
2024-2024092611gm-00a9-0000-4789b0e8-00-s3-d21,232,B,2,3,"[10200,27600,29200,33000]",1,10.0,1,3,0,0,11,True
2024-2024092611gm-00a9-0000-4789b0e8-00-s3-d21,233,A,1,29,"[16000,23700,25100,35200]",1,10.0,1,3,0,0,11,True
2024-2024092611gm-00a9-0000-4789b0e8-00-s3-d21,233,B,2,3,"[31300,11200,21000,36500]",1,10.0,1,3,0,0,9,True
2024-2024092611gm-00a9-0000-4789b0e8-00-s3-d21,234,A,1,29,"[23000,-400,35100,42300]",1,10.0,1,2,0,0,8,True
2024-2024092611gm-00a9-0000-4789b0e8-00-s3-d21,234,B,2,3,"[-200,24900,22300,53000]",1,10.0,0,3,1,0,6,True
2024-2024092611gm-00a9-0000-4789b0e8-00-s3-d21,235,A,1,29,"[12000,19000,35500,33500]",2,4.0,1,3,0,0,8,True
2024-2024092611gm-00a9-0000-4789b0e8-00-s3-d21,235,B,2,3,"[26800,9800,24000,39400]",1,10.0,1,3,0,0,11,True
2024-2024092611gm-00a9-0000-4789b0e8-00-s3-d21,236,A,1,29,"[13200,48600,41000,-2800]",4,-10.0,1,2,0,0,7,True
2024-2024092611gm-00a9-0000-4789b0e8-00-s3-d21,236,B,2,3,"[13200,48600,41000,-2800]",4,-10.0,1,2,0,0,7,True
2024-2024092611gm-00a9-0000-4789b0e8-00-s3-d21,237,A,1,29,"[26000,1400,27100,45500]",1,10.0,1,3,0,0,11,True
2024-2024092611gm-00a9-0000-4789b0e8-00-s3-d21,237,B,2,3,"[30600,29300,17900,22200]",3,-4.0,1,3,0,0,10,True
2024-2024092611gm-00a9-0000-4789b0e8-00-s3-d21,238,A,1,29,"[32500,5900,16400,45200]",1,10.0,1,3,0,0,13,True
2024-2024092611gm-00a9-0000-4789b0e8-00-s3-d21,238,B,2,3,"[27300,16900,1500,54300]",1,10.0,1,3,0,0,13,True
2024-2024092611gm-00a9-0000-4789b0e8-00-s3-d21,239,A,1,29,"[6800,49500,16500,27200]",2,4.0,1,3,0,0,12,True
2024-2024092611gm-00a9-0000-4789b0e8-00-s3-d21,239,B,2,3,"[8800,49300,13600,28300]",2,4.0,1,3,0,0,12,True
2024-2024092611gm-00a9-0000-4789b0e8-00-s3-d21,240,A,1,29,"[25600,39400,36000,-1000]",4,-10.0,1,0,0,0,5,True
2024-2024092611gm-00a9-0000-4789b0e8-00-s3-d21,240,B,2,3,"[25600,39400,36000,-1000]",4,-10.0,1,0,0,0,5,True
2024-2024092611gm-00a9-0000-4789b0e8-00-s3-d21,241,A,1,29,"[42200,31800,19900,6100]",4,-10.0,1,3,0,0,9,True
2024-2024092611gm-00a9-0000-4789b0e8-00-s3-d21,241,B,2,3,"[40500,26600,22200,9700]",4,-10.0,1,3,1,1,10,True
2024-2024092611gm-00a9-0000-4789b0e8-00-s3-d21,242,A,1,29,"[31500,22300,29800,16400]",4,-10.0,1,3,0,0,8,True
2024-2024092611gm-00a9-0000-4789b0e8-00-s3-d21,242,B,2,3,"[30800,23100,31900,14200]",4,-10.0,1,3,0,0,8,True
2024-2024092611gm-00a9-0000-4789b0e8-00-s3-d21,243,A,1,29,"[9900,38400,26100,25600]",3,-4.0,1,3,1,0,8,True
2024-2024092611gm-00a9-0000-4789b0e8-00-s3-d21,243,B,2,3,"[21900,34300,20100,23700]",2,4.0,1,3,1,0,8,True
2024-2024092611gm-00a9-0000-4789b0e8-00-s3-d21,244,A,1,29,"[31700,13800,12500,42000]",1,10.0,1,3,0,0,10,True
2024-2024092611gm-00a9-0000-4789b0e8-00-s3-d21,244,B,2,3,"[31700,13800,12500,42000]",1,10.0,1,3,0,0,10,True
2024-2024092611gm-00a9-0000-4789b0e8-00-s3-d21,245,A,1,29,"[14300,64200,9000,12500]",3,-4.0,1,3,0,0,10,True
2024-2024092611gm-00a9-0000-4789b0e8-00-s3-d21,245,B,2,3,"[28400,46300,3700,21600]",3,-4.0,1,3,0,0,10,True
2024-2024092611gm-00a9-0000-4789b0e8-00-s3-d21,246,A,1,29,"[27700,40100,24600,7600]",4,-10.0,1,3,1,0,10,True
2024-2024092611gm-00a9-0000-4789b0e8-00-s3-d21,246,B,2,3,"[42900,19500,21900,15700]",4,-10.0,1,3,0,0,9,True
2024-2024092611gm-00a9-0000-4789b0e8-00-s3-d21,247,A,1,29,"[16900,22800,34400,25900]",2,4.0,1,3,0,0,9,True
2024-2024092611gm-00a9-0000-4789b0e8-00-s3-d21,247,B,2,3,"[16900,22800,34400,25900]",2,4.0,1,3,0,0,9,True
2024-2024092611gm-00a9-0000-4789b0e8-00-s3-d21,248,A,1,29,"[32500,22000,22000,23500]",2,4.0,1,3,0,0,9,True
2024-2024092611gm-00a9-0000-4789b0e8-00-s3-d21,248,B,2,3,"[20400,29200,46400,4000]",4,-10.0,1,3,1,0,10,True
2024-2024092611gm-00a9-0000-4789b0e8-00-s3-d21,249,A,1,29,"[57500,20700,11500,10300]",4,-10.0,1,3,0,0,10,True
2024-2024092611gm-00a9-0000-4789b0e8-00-s3-d21,249,B,2,3,"[42200,17800,19500,20500]",2,4.0,1,3,0,0,9,True
2024-2024092611gm-00a9-0000-4789b0e8-00-s3-d21,250,A,1,29,"[4200,25800,20100,49900]",1,10.0,1,3,2,0,9,True
2024-2024092611gm-00a9-0000-4789b0e8-00-s3-d21,250,B,2,3,"[9500,22700,35000,32800]",2,4.0,1,3,0,0,9,True
2024-2024092611gm-00a9-0000-4789b0e8-00-s3-d21,251,A,1,29,"[19000,34700,35900,10400]",4,-10.0,1,3,1,0,9,True
2024-2024092611gm-00a9-0000-4789b0e8-00-s3-d21,251,B,2,3,"[49100,11500,19800,19600]",3,-4.0,1,3,0,0,9,True
2024-2024092611gm-00a9-0000-4789b0e8-00-s3-d21,252,A,1,29,"[22300,34700,16500,25500]",2,4.0,1,3,1,1,13,True
2024-2024092611gm-00a9-0000-4789b0e8-00-s3-d21,252,B,2,3,"[15400,23400,41400,19800]",3,-4.0,1,3,0,0,11,True
2024-2024092611gm-00a9-0000-4789b0e8-00-s3-d21,253,A,1,29,"[26800,30800,18500,23900]",3,-4.0,1,3,0,0,10,True
2024-2024092611gm-00a9-0000-4789b0e8-00-s3-d21,253,B,2,3,"[19700,22100,25700,32500]",1,10.0,1,3,0,0,10,True
2024-2024092611gm-00a9-0000-4789b0e8-00-s3-d21,254,A,1,29,"[-500,26800,36200,37500]",1,10.0,1,0,0,0,6,True
2024-2024092611gm-00a9-0000-4789b0e8-00-s3-d21,254,B,2,3,"[-500,26800,36200,37500]",1,10.0,1,0,0,0,6,True
2024-2024092611gm-00a9-0000-4789b0e8-00-s3-d21,255,A,1,29,"[24900,23400,39700,12000]",4,-10.0,1,3,0,0,10,True
2024-2024092611gm-00a9-0000-4789b0e8-00-s3-d21,255,B,2,3,"[40400,24600,26800,6200]",4,-10.0,1,3,1,2,9,True
2024-2024122023gm-00a9-0000-df6602c9-02-s2-d15,0,A,1,47,"[31300,20100,21700,26900]",3,-4.0,1,3,0,0,6,True
2024-2024122023gm-00a9-0000-df6602c9-02-s2-d15,0,B,4,23,"[31300,20100,21700,26900]",3,-4.0,1,3,0,0,6,True
2024-2024122023gm-00a9-0000-df6602c9-02-s2-d15,1,A,1,47,"[40300,25300,12000,22400]",4,-10.0,1,3,0,0,7,True
2024-2024122023gm-00a9-0000-df6602c9-02-s2-d15,1,B,4,23,"[40300,25300,12000,22400]",4,-10.0,1,3,0,0,7,True
2024-2024122023gm-00a9-0000-df6602c9-02-s2-d15,2,A,1,47,"[30800,27500,29800,11900]",2,4.0,1,3,0,0,8,True
2024-2024122023gm-00a9-0000-df6602c9-02-s2-d15,2,B,4,23,"[12100,26700,24900,36300]",3,-4.0,1,3,0,0,7,True
2024-2024122023gm-00a9-0000-df6602c9-02-s2-d15,3,A,1,47,"[4900,19500,36600,39000]",2,4.0,1,3,0,0,7,True
2024-2024122023gm-00a9-0000-df6602c9-02-s2-d15,3,B,4,23,"[4900,19500,36600,39000]",2,4.0,1,3,0,0,7,True
2024-2024122023gm-00a9-0000-df6602c9-02-s2-d15,4,A,1,47,"[22100,24900,22100,30900]",4,-10.0,2,0,0,0,8,True
2024-2024122023gm-00a9-0000-df6602c9-02-s2-d15,4,B,4,23,"[36500,400,41600,21500]",1,10.0,1,3,0,0,8,True
2024-2024122023gm-00a9-0000-df6602c9-02-s2-d15,5,A,1,47,"[34500,17600,16100,31800]",4,-10.0,1,3,0,0,7,True
2024-2024122023gm-00a9-0000-df6602c9-02-s2-d15,5,B,4,23,"[20700,26100,32500,20700]",1,10.0,1,3,0,0,11,True
2024-2024122023gm-00a9-0000-df6602c9-02-s2-d15,6,A,1,47,"[17300,15100,38700,28900]",1,10.0,2,2,0,0,9,True
2024-2024122023gm-00a9-0000-df6602c9-02-s2-d15,6,B,4,23,"[21200,30800,28400,19600]",2,4.0,2,0,0,0,8,True
2024-2024122023gm-00a9-0000-df6602c9-02-s2-d15,7,A,1,47,"[27700,10100,28300,33900]",2,4.0,1,3,0,0,7,True
2024-2024122023gm-00a9-0000-df6602c9-02-s2-d15,7,B,4,23,"[5400,23000,31000,40600]",2,4.0,1,3,0,0,8,True
2024-2024122023gm-00a9-0000-df6602c9-02-s2-d15,8,A,1,47,"[23400,42600,6800,27200]",4,-10.0,1,3,0,0,6,True
2024-2024122023gm-00a9-0000-df6602c9-02-s2-d15,8,B,4,23,"[6800,45800,22800,24600]",3,-4.0,1,3,0,0,6,True
2024-2024122023gm-00a9-0000-df6602c9-02-s2-d15,9,A,1,47,"[32600,18200,31400,17800]",2,4.0,1,3,0,0,8,True
2024-2024122023gm-00a9-0000-df6602c9-02-s2-d15,9,B,4,23,"[32600,18200,31400,17800]",2,4.0,1,3,0,0,8,True
2024-2024122023gm-00a9-0000-df6602c9-02-s2-d15,10,A,1,47,"[30200,18100,9800,41900]",4,-10.0,1,3,0,0,7,True
2024-2024122023gm-00a9-0000-df6602c9-02-s2-d15,10,B,4,23,"[39000,8600,14000,38400]",3,-4.0,1,3,2,0,8,True
2024-2024122023gm-00a9-0000-df6602c9-02-s2-d15,11,A,1,47,"[23800,4500,50400,21300]",1,10.0,1,3,0,0,9,True
2024-2024122023gm-00a9-0000-df6602c9-02-s2-d15,11,B,4,23,"[25900,17800,25000,31300]",3,-4.0,1,3,0,0,7,True
2024-2024122023gm-00a9-0000-df6602c9-02-s2-d15,12,A,1,47,"[21300,37800,17600,23300]",4,-10.0,1,3,0,0,6,True
2024-2024122023gm-00a9-0000-df6602c9-02-s2-d15,12,B,4,23,"[21300,37800,17600,23300]",4,-10.0,1,3,0,0,6,True
2024-2024122023gm-00a9-0000-df6602c9-02-s2-d15,13,A,1,47,"[17000,23500,30000,29500]",1,10.0,2,2,0,0,11,True
2024-2024122023gm-00a9-0000-df6602c9-02-s2-d15,13,B,4,23,"[20000,28400,7000,44600]",4,-10.0,1,3,0,0,9,True
2024-2024122023gm-00a9-0000-df6602c9-02-s2-d15,14,A,1,47,"[19000,23600,32700,24700]",1,10.0,1,3,0,0,8,True
2024-2024122023gm-00a9-0000-df6602c9-02-s2-d15,14,B,4,23,"[15000,22900,30600,31500]",2,4.0,1,3,0,0,8,True
2024-2024122023gm-00a9-0000-df6602c9-02-s2-d15,15,A,1,47,"[13700,24700,26800,34800]",2,4.0,1,3,0,0,10,True
2024-2024122023gm-00a9-0000-df6602c9-02-s2-d15,15,B,4,23,"[20500,12300,35100,32100]",1,10.0,1,3,0,0,8,True
2024-2024122023gm-00a9-0000-df6602c9-02-s2-d15,16,A,1,47,"[32800,26400,18000,22800]",4,-10.0,1,3,0,0,8,True
2024-2024122023gm-00a9-0000-df6602c9-02-s2-d15,16,B,4,23,"[35900,21300,21800,21000]",2,4.0,1,3,0,0,8,True
2024-2024122023gm-00a9-0000-df6602c9-02-s2-d15,17,A,1,47,"[3000,36600,25800,34600]",3,-4.0,1,3,1,0,8,True
2024-2024122023gm-00a9-0000-df6602c9-02-s2-d15,17,B,4,23,"[3000,36600,25800,34600]",3,-4.0,1,3,1,0,8,True
2024-2024122023gm-00a9-0000-df6602c9-02-s2-d15,18,A,1,47,"[12400,32500,26300,28800]",3,-4.0,1,3,0,0,8,True
2024-2024122023gm-00a9-0000-df6602c9-02-s2-d15,18,B,4,23,"[12400,32500,26300,28800]",3,-4.0,1,3,0,0,8,True
2024-2024122023gm-00a9-0000-df6602c9-02-s2-d15,19,A,1,47,"[32400,16900,24500,26200]",3,-4.0,1,3,0,0,6,True
2024-2024122023gm-00a9-0000-df6602c9-02-s2-d15,19,B,4,23,"[24400,28200,10000,37400]",4,-10.0,1,3,0,0,9,True
2024-2024122023gm-00a9-0000-df6602c9-02-s2-d15,20,A,1,47,"[25600,29000,10400,35000]",4,-10.0,1,3,0,0,8,True
2024-2024122023gm-00a9-0000-df6602c9-02-s2-d15,20,B,4,23,"[22400,31200,34000,12400]",1,10.0,1,3,0,0,8,True
2024-2024122023gm-00a9-0000-df6602c9-02-s2-d15,21,A,1,47,"[30900,34900,12200,22000]",4,-10.0,1,3,0,0,10,True
2024-2024122023gm-00a9-0000-df6602c9-02-s2-d15,21,B,4,23,"[16500,22300,23900,37300]",2,4.0,1,3,0,0,8,True
2024-2024122023gm-00a9-0000-df6602c9-02-s2-d15,22,A,1,47,"[29000,32800,22500,15700]",3,-4.0,1,3,0,0,7,True
2024-2024122023gm-00a9-0000-df6602c9-02-s2-d15,22,B,4,23,"[29000,32800,22500,15700]",3,-4.0,1,3,0,0,7,True
2024-2024122023gm-00a9-0000-df6602c9-02-s2-d15,23,A,1,47,"[34800,54700,16500,-6000]",3,-4.0,1,3,0,0,6,True
2024-2024122023gm-00a9-0000-df6602c9-02-s2-d15,23,B,4,23,"[24800,52700,16500,6000]",3,-4.0,1,3,0,0,6,True
2024-2024122023gm-00a9-0000-df6602c9-02-s2-d15,24,A,1,47,"[23500,31000,33900,11600]",1,10.0,1,3,0,0,7,True
2024-2024122023gm-00a9-0000-df6602c9-02-s2-d15,24,B,4,23,"[19900,22600,18600,38900]",4,-10.0,1,3,0,0,9,True
2024-2024122023gm-00a9-0000-df6602c9-02-s2-d15,25,A,1,47,"[7800,33400,19800,39000]",3,-4.0,1,3,0,0,6,True
2024-2024122023gm-00a9-0000-df6602c9-02-s2-d15,25,B,4,23,"[36500,11400,24100,28000]",3,-4.0,1,3,0,0,8,True
2024-2024122023gm-00a9-0000-df6602c9-02-s2-d15,26,A,1,47,"[10100,38300,19600,32000]",3,-4.0,1,3,0,0,8,True
2024-2024122023gm-00a9-0000-df6602c9-02-s2-d15,26,B,4,23,"[29300,14700,20300,35700]",3,-4.0,1,3,0,0,7,True
2024-2024122023gm-00a9-0000-df6602c9-02-s2-d15,27,A,1,47,"[7800,28400,35200,28600]",1,10.0,1,3,1,0,7,True
2024-2024122023gm-00a9-0000-df6602c9-02-s2-d15,27,B,4,23,"[40700,8700,23600,27000]",3,-4.0,1,3,0,0,7,True
2024-2024122023gm-00a9-0000-df6602c9-02-s2-d15,28,A,1,47,"[29100,12700,37300,20900]",1,10.0,1,3,0,0,7,True
2024-2024122023gm-00a9-0000-df6602c9-02-s2-d15,28,B,4,23,"[11600,36800,12800,38800]",3,-4.0,1,3,0,0,8,True
2024-2024122023gm-00a9-0000-df6602c9-02-s2-d15,29,A,1,47,"[9100,22500,28000,40400]",2,4.0,1,3,0,0,8,True
2024-2024122023gm-00a9-0000-df6602c9-02-s2-d15,29,B,4,23,"[40900,15000,22000,22100]",3,-4.0,1,3,1,0,7,True
2024-2024122023gm-00a9-0000-df6602c9-02-s2-d15,30,A,1,47,"[38200,12900,21400,27500]",3,-4.0,2,1,0,0,10,True
2024-2024122023gm-00a9-0000-df6602c9-02-s2-d15,30,B,4,23,"[23300,-4600,43600,37700]",1,10.0,0,3,1,0,5,True
2024-2024122023gm-00a9-0000-df6602c9-02-s2-d15,31,A,1,47,"[30800,22500,16900,29800]",4,-10.0,1,3,4,0,9,True
2024-2024122023gm-00a9-0000-df6602c9-02-s2-d15,31,B,4,23,"[33700,16600,22300,27400]",3,-4.0,1,3,1,0,7,True
2024-2024122023gm-00a9-0000-df6602c9-02-s2-d15,32,A,1,47,"[12000,21800,35700,29500]",1,10.0,1,3,1,1,7,True
2024-2024122023gm-00a9-0000-df6602c9-02-s2-d15,32,B,4,23,"[5000,27000,23000,43000]",3,-4.0,1,3,0,2,9,True
2024-2024122023gm-00a9-0000-df6602c9-02-s2-d15,33,A,1,47,"[11200,11600,43200,34000]",1,10.0,1,3,0,0,7,True
2024-2024122023gm-00a9-0000-df6602c9-02-s2-d15,33,B,4,23,"[11200,11600,43200,34000]",1,10.0,1,3,0,0,7,True
2024-2024122023gm-00a9-0000-df6602c9-02-s2-d15,34,A,1,47,"[1900,41100,26600,30400]",3,-4.0,1,3,0,0,7,True
2024-2024122023gm-00a9-0000-df6602c9-02-s2-d15,34,B,4,23,"[-4100,25600,42800,35700]",1,10.0,1,2,0,0,6,True
2024-2024122023gm-00a9-0000-df6602c9-02-s2-d15,35,A,1,47,"[24500,28100,17300,30100]",4,-10.0,1,3,0,0,7,True
2024-2024122023gm-00a9-0000-df6602c9-02-s2-d15,35,B,4,23,"[35600,23700,17200,23500]",4,-10.0,2,0,0,0,7,True
2024-2024122023gm-00a9-0000-df6602c9-02-s2-d15,36,A,1,47,"[23800,13400,31000,31800]",2,4.0,1,3,0,0,8,True
2024-2024122023gm-00a9-0000-df6602c9-02-s2-d15,36,B,4,23,"[23800,13400,31000,31800]",2,4.0,1,3,0,0,8,True
2024-2024122023gm-00a9-0000-df6602c9-02-s2-d15,37,A,1,47,"[-900,38200,39800,22900]",1,10.0,1,3,0,0,7,True
2024-2024122023gm-00a9-0000-df6602c9-02-s2-d15,37,B,4,23,"[20200,-2400,28100,54100]",2,4.0,1,3,0,0,9,True
2024-2024122023gm-00a9-0000-df6602c9-02-s2-d15,38,A,1,47,"[18600,20700,23500,36200]",2,4.0,1,3,0,1,7,True
2024-2024122023gm-00a9-0000-df6602c9-02-s2-d15,38,B,4,23,"[18600,20700,23500,36200]",2,4.0,1,3,0,1,7,True
2024-2024122023gm-00a9-0000-df6602c9-02-s2-d15,39,A,1,47,"[25800,14400,27700,32100]",2,4.0,1,3,0,0,7,True
2024-2024122023gm-00a9-0000-df6602c9-02-s2-d15,39,B,4,23,"[22100,25600,18300,34000]",4,-10.0,1,3,0,0,8,True
2024-2024122023gm-00a9-0000-df6602c9-02-s2-d15,40,A,1,47,"[23800,30000,22300,23900]",4,-10.0,2,0,0,0,9,True
2024-2024122023gm-00a9-0000-df6602c9-02-s2-d15,40,B,4,23,"[3700,15200,38700,42400]",2,4.0,1,3,0,0,10,True
2024-2024122023gm-00a9-0000-df6602c9-02-s2-d15,41,A,1,47,"[19900,5800,46200,28100]",1,10.0,1,3,1,0,9,True
2024-2024122023gm-00a9-0000-df6602c9-02-s2-d15,41,B,4,23,"[19900,5800,46200,28100]",1,10.0,1,3,1,0,9,True
2024-2024122023gm-00a9-0000-df6602c9-02-s2-d15,42,A,1,47,"[20500,9300,38100,32100]",1,10.0,1,3,1,0,6,True
2024-2024122023gm-00a9-0000-df6602c9-02-s2-d15,42,B,4,23,"[-3100,36900,34300,31900]",2,4.0,1,3,0,0,6,True
2024-2024122023gm-00a9-0000-df6602c9-02-s2-d15,43,A,1,47,"[7300,41600,23200,27900]",3,-4.0,1,3,0,0,7,True
2024-2024122023gm-00a9-0000-df6602c9-02-s2-d15,43,B,4,23,"[7300,41600,23200,27900]",3,-4.0,1,3,0,0,7,True
2024-2024122023gm-00a9-0000-df6602c9-02-s2-d15,44,A,1,47,"[12300,37000,26400,23300]",2,4.0,1,3,0,1,6,True
2024-2024122023gm-00a9-0000-df6602c9-02-s2-d15,44,B,4,23,"[38300,22300,18200,21200]",4,-10.0,1,3,0,0,8,True
2024-2024122023gm-00a9-0000-df6602c9-02-s2-d15,45,A,1,47,"[31800,7500,47300,13400]",1,10.0,1,3,0,0,8,True
2024-2024122023gm-00a9-0000-df6602c9-02-s2-d15,45,B,4,23,"[31200,12800,33800,22200]",1,10.0,1,3,0,0,8,True
2024-2024122023gm-00a9-0000-df6602c9-02-s2-d15,46,A,1,47,"[11700,40600,16700,31000]",3,-4.0,1,3,0,0,6,True
2024-2024122023gm-00a9-0000-df6602c9-02-s2-d15,46,B,4,23,"[22300,36000,24900,16800]",2,4.0,2,0,0,0,7,True
2024-2024122023gm-00a9-0000-df6602c9-02-s2-d15,47,A,1,47,"[31700,29800,21900,16600]",3,-4.0,1,3,0,0,7,True
2024-2024122023gm-00a9-0000-df6602c9-02-s2-d15,47,B,4,23,"[22600,13800,16700,46900]",3,-4.0,1,3,0,0,7,True
2024-2024122023gm-00a9-0000-df6602c9-02-s2-d15,48,A,1,47,"[-1000,45200,22200,33600]",3,-4.0,1,2,1,0,7,True
2024-2024122023gm-00a9-0000-df6602c9-02-s2-d15,48,B,4,23,"[28900,11800,28700,30600]",3,-4.0,1,3,1,0,10,True
2024-2024122023gm-00a9-0000-df6602c9-02-s2-d15,49,A,1,47,"[31000,46700,1200,21100]",4,-10.0,1,3,0,0,9,True
2024-2024122023gm-00a9-0000-df6602c9-02-s2-d15,49,B,4,23,"[15200,21400,23900,39500]",2,4.0,1,3,0,0,11,True
2024-2024122023gm-00a9-0000-df6602c9-02-s2-d15,50,A,1,47,"[34800,20300,21200,23700]",3,-4.0,1,3,0,0,8,True
2024-2024122023gm-00a9-0000-df6602c9-02-s2-d15,50,B,4,23,"[34800,20300,21200,23700]",3,-4.0,1,3,0,0,8,True
2024-2024122023gm-00a9-0000-df6602c9-02-s2-d15,51,A,1,47,"[17900,29900,31700,20500]",1,10.0,1,3,2,0,11,True
2024-2024122023gm-00a9-0000-df6602c9-02-s2-d15,51,B,4,23,"[17400,37900,9700,35000]",4,-10.0,1,3,0,0,9,True
2024-2024122023gm-00a9-0000-df6602c9-02-s2-d15,52,A,1,47,"[22700,22800,22300,32200]",4,-10.0,2,0,0,0,9,True
2024-2024122023gm-00a9-0000-df6602c9-02-s2-d15,52,B,4,23,"[32600,18100,20400,28900]",3,-4.0,2,0,0,0,7,True
2024-2024122023gm-00a9-0000-df6602c9-02-s2-d15,53,A,1,47,"[25300,6100,13300,55300]",3,-4.0,1,3,0,0,6,True
2024-2024122023gm-00a9-0000-df6602c9-02-s2-d15,53,B,4,23,"[30500,6100,17700,45700]",3,-4.0,1,3,0,0,6,True
2024-2024122023gm-00a9-0000-df6602c9-02-s2-d15,54,A,1,47,"[2000,26000,37400,32600]",1,10.0,1,3,1,2,10,True
2024-2024122023gm-00a9-0000-df6602c9-02-s2-d15,54,B,4,23,"[16300,18700,44300,20700]",1,10.0,1,3,2,0,11,True
2024-2024122023gm-00a9-0000-df6602c9-02-s2-d15,55,A,1,47,"[22900,16600,37600,21900]",1,10.0,1,3,2,1,8,True
2024-2024122023gm-00a9-0000-df6602c9-02-s2-d15,55,B,4,23,"[22900,16600,37600,21900]",1,10.0,1,3,2,1,8,True
2024-2024122023gm-00a9-0000-df6602c9-02-s2-d15,56,A,1,47,"[18800,18000,40000,23200]",1,10.0,1,3,0,0,10,True
2024-2024122023gm-00a9-0000-df6602c9-02-s2-d15,56,B,4,23,"[23500,19900,18100,38500]",4,-10.0,1,3,0,0,6,True
2024-2024122023gm-00a9-0000-df6602c9-02-s2-d15,57,A,1,47,"[12300,29000,36600,22100]",1,10.0,2,0,0,0,9,True
2024-2024122023gm-00a9-0000-df6602c9-02-s2-d15,57,B,4,23,"[24400,11300,25200,39100]",2,4.0,1,3,0,0,9,True
2024-2024122023gm-00a9-0000-df6602c9-02-s2-d15,58,A,1,47,"[23400,1000,27200,48400]",2,4.0,1,3,0,0,11,True
2024-2024122023gm-00a9-0000-df6602c9-02-s2-d15,58,B,4,23,"[18800,10700,35500,35000]",1,10.0,1,3,0,0,11,True
2024-2024122023gm-00a9-0000-df6602c9-02-s2-d15,59,A,1,47,"[23100,33500,36200,7200]",1,10.0,1,3,2,0,9,True
2024-2024122023gm-00a9-0000-df6602c9-02-s2-d15,59,B,4,23,"[22800,22000,22100,33100]",3,-4.0,1,3,0,0,8,True
2024-2024122023gm-00a9-0000-df6602c9-02-s2-d15,60,A,1,47,"[25000,18000,33200,23800]",1,10.0,1,3,1,0,11,True
2024-2024122023gm-00a9-0000-df6602c9-02-s2-d15,60,B,4,23,"[18800,-2700,39900,44000]",2,4.0,0,3,1,0,5,True
2024-2024122023gm-00a9-0000-df6602c9-02-s2-d15,61,A,1,47,"[25300,19100,17400,38200]",4,-10.0,1,3,1,0,8,True
2024-2024122023gm-00a9-0000-df6602c9-02-s2-d15,61,B,4,23,"[16200,17800,37800,28200]",1,10.0,1,3,0,0,8,True
2024-2024122023gm-00a9-0000-df6602c9-02-s2-d15,62,A,1,47,"[19000,23800,39400,17800]",1,10.0,1,3,3,0,7,True
2024-2024122023gm-00a9-0000-df6602c9-02-s2-d15,62,B,4,23,"[29200,-2200,37600,35400]",1,10.0,1,1,0,0,5,True
2024-2024122023gm-00a9-0000-df6602c9-02-s2-d15,63,A,1,47,"[19500,39600,1700,39200]",4,-10.0,1,3,0,0,7,True
2024-2024122023gm-00a9-0000-df6602c9-02-s2-d15,63,B,4,23,"[19500,39600,1700,39200]",4,-10.0,1,3,0,0,7,True
2024-2024122023gm-00a9-0000-df6602c9-02-s2-d15,64,A,1,47,"[30300,13500,21900,34300]",3,-4.0,1,3,0,0,10,True
2024-2024122023gm-00a9-0000-df6602c9-02-s2-d15,64,B,4,23,"[18900,29700,32100,19300]",1,10.0,1,3,0,0,11,True
2024-2024122023gm-00a9-0000-df6602c9-02-s2-d15,65,A,1,47,"[13900,12300,40700,32100]",1,10.0,1,3,3,1,11,True
2024-2024122023gm-00a9-0000-df6602c9-02-s2-d15,65,B,4,23,"[5700,2800,58000,33500]",1,10.0,1,3,0,0,11,True
2024-2024122023gm-00a9-0000-df6602c9-02-s2-d15,66,A,1,47,"[31600,700,29300,38400]",3,-4.0,1,3,0,0,8,True
2024-2024122023gm-00a9-0000-df6602c9-02-s2-d15,66,B,4,23,"[15600,19300,31100,34000]",2,4.0,1,3,2,0,9,True
2024-2024122023gm-00a9-0000-df6602c9-02-s2-d15,67,A,1,47,"[22900,-5300,28100,54300]",2,4.0,1,3,0,0,8,True
2024-2024122023gm-00a9-0000-df6602c9-02-s2-d15,67,B,4,23,"[22900,-5300,28100,54300]",2,4.0,1,3,0,0,8,True
2024-2024122023gm-00a9-0000-df6602c9-02-s2-d15,68,A,1,47,"[16700,39200,23100,21000]",2,4.0,1,3,0,0,7,True
2024-2024122023gm-00a9-0000-df6602c9-02-s2-d15,68,B,4,23,"[16700,39200,23100,21000]",2,4.0,1,3,0,0,7,True
2024-2024122023gm-00a9-0000-df6602c9-02-s2-d15,69,A,1,47,"[16700,6000,21500,55800]",2,4.0,1,3,0,0,10,True
2024-2024122023gm-00a9-0000-df6602c9-02-s2-d15,69,B,4,23,"[20200,19000,32000,28800]",1,10.0,1,3,0,0,8,True
2024-2024122023gm-00a9-0000-df6602c9-02-s2-d15,70,A,1,47,"[14900,19200,16500,49400]",3,-4.0,1,3,0,0,7,True
2024-2024122023gm-00a9-0000-df6602c9-02-s2-d15,70,B,4,23,"[14900,19200,16500,49400]",3,-4.0,1,3,0,0,7,True
2024-2024122023gm-00a9-0000-df6602c9-02-s2-d15,71,A,1,47,"[28700,9200,31000,31100]",2,4.0,1,3,0,0,9,True
2024-2024122023gm-00a9-0000-df6602c9-02-s2-d15,71,B,4,23,"[33900,-900,30800,36200]",3,-4.0,1,1,0,0,6,True
2024-2024122023gm-00a9-0000-df6602c9-02-s2-d15,72,A,1,47,"[16100,16500,42100,25300]",1,10.0,1,3,0,0,7,True
2024-2024122023gm-00a9-0000-df6602c9-02-s2-d15,72,B,4,23,"[16100,16500,42100,25300]",1,10.0,1,3,0,0,7,True
2024-2024122023gm-00a9-0000-df6602c9-02-s2-d15,73,A,1,47,"[4000,25600,34100,36300]",2,4.0,1,3,0,0,7,True
2024-2024122023gm-00a9-0000-df6602c9-02-s2-d15,73,B,4,23,"[18400,15300,40100,26200]",1,10.0,1,3,1,0,7,True
2024-2024122023gm-00a9-0000-df6602c9-02-s2-d15,74,A,1,47,"[-7600,30300,41600,35700]",1,10.0,1,0,0,0,5,True
2024-2024122023gm-00a9-0000-df6602c9-02-s2-d15,74,B,4,23,"[-7600,30300,41600,35700]",1,10.0,1,0,0,0,5,True
2024-2024122023gm-00a9-0000-df6602c9-02-s2-d15,75,A,1,47,"[27300,-14900,49800,37800]",1,10.0,1,2,0,0,6,True
2024-2024122023gm-00a9-0000-df6602c9-02-s2-d15,75,B,4,23,"[28700,11500,45700,14100]",1,10.0,1,3,1,0,8,True
2024-2024122023gm-00a9-0000-df6602c9-02-s2-d15,76,A,1,47,"[7200,42000,26900,23900]",2,4.0,1,3,1,0,9,True
2024-2024122023gm-00a9-0000-df6602c9-02-s2-d15,76,B,4,23,"[-5300,23700,39600,42000]",2,4.0,0,2,1,0,2,True
2024-2024122023gm-00a9-0000-df6602c9-02-s2-d15,77,A,1,47,"[36900,16000,35100,12000]",2,4.0,1,3,0,0,12,True
2024-2024122023gm-00a9-0000-df6602c9-02-s2-d15,77,B,4,23,"[36900,16000,35100,12000]",2,4.0,1,3,0,0,12,True
2024-2024122023gm-00a9-0000-df6602c9-02-s2-d15,78,A,1,47,"[35800,10700,17500,36000]",3,-4.0,1,3,4,0,7,True
2024-2024122023gm-00a9-0000-df6602c9-02-s2-d15,78,B,4,23,"[18600,12400,22000,47000]",2,4.0,1,3,0,0,8,True
2024-2024122023gm-00a9-0000-df6602c9-02-s2-d15,79,A,1,47,"[32300,20800,35800,11100]",1,10.0,1,3,0,0,7,True
2024-2024122023gm-00a9-0000-df6602c9-02-s2-d15,79,B,4,23,"[44200,1700,33100,21000]",2,4.0,1,3,2,0,9,True
2024-2024122023gm-00a9-0000-df6602c9-02-s2-d15,80,A,1,47,"[6500,36600,16700,40200]",3,-4.0,1,3,0,0,8,True
2024-2024122023gm-00a9-0000-df6602c9-02-s2-d15,80,B,4,23,"[1500,16900,20700,60900]",2,4.0,1,3,0,0,9,True
2024-2024122023gm-00a9-0000-df6602c9-02-s2-d15,81,A,1,47,"[32500,33900,17600,16000]",3,-4.0,1,3,0,0,7,True
2024-2024122023gm-00a9-0000-df6602c9-02-s2-d15,81,B,4,23,"[32500,33900,17600,16000]",3,-4.0,1,3,0,0,7,True
2024-2024122023gm-00a9-0000-df6602c9-02-s2-d15,82,A,1,47,"[15500,25100,33000,26400]",1,10.0,1,3,0,0,7,True
2024-2024122023gm-00a9-0000-df6602c9-02-s2-d15,82,B,4,23,"[15500,25100,33000,26400]",1,10.0,1,3,0,0,7,True
2024-2024122023gm-00a9-0000-df6602c9-02-s2-d15,83,A,1,47,"[24200,20200,18800,36800]",4,-10.0,1,3,0,0,7,True
2024-2024122023gm-00a9-0000-df6602c9-02-s2-d15,83,B,4,23,"[38000,19700,10200,31100]",4,-10.0,1,3,0,1,7,True
2024-2024122023gm-00a9-0000-df6602c9-02-s2-d15,84,A,1,47,"[14400,32900,10000,42700]",4,-10.0,1,3,0,0,6,True
2024-2024122023gm-00a9-0000-df6602c9-02-s2-d15,84,B,4,23,"[14400,32900,10000,42700]",4,-10.0,1,3,0,0,6,True
2024-2024122023gm-00a9-0000-df6602c9-02-s2-d15,85,A,1,47,"[29600,17100,7400,45900]",4,-10.0,1,3,0,0,6,True
2024-2024122023gm-00a9-0000-df6602c9-02-s2-d15,85,B,4,23,"[29600,17100,7400,45900]",4,-10.0,1,3,0,0,6,True
2024-2024122023gm-00a9-0000-df6602c9-02-s2-d15,86,A,1,47,"[25600,23700,15500,35200]",4,-10.0,1,3,0,0,10,True
2024-2024122023gm-00a9-0000-df6602c9-02-s2-d15,86,B,4,23,"[25600,23700,15500,35200]",4,-10.0,1,3,0,0,10,True
2024-2024122023gm-00a9-0000-df6602c9-02-s2-d15,87,A,1,47,"[9900,36700,29300,24100]",2,4.0,1,3,0,0,8,True
2024-2024122023gm-00a9-0000-df6602c9-02-s2-d15,87,B,4,23,"[21500,31100,47800,-400]",1,10.0,1,3,0,0,8,True
2024-2024122023gm-00a9-0000-df6602c9-02-s2-d15,88,A,1,47,"[9000,43000,27400,20600]",2,4.0,1,3,0,0,6,True
2024-2024122023gm-00a9-0000-df6602c9-02-s2-d15,88,B,4,23,"[7900,40500,30300,21300]",2,4.0,1,3,0,0,8,True
2024-2024122023gm-00a9-0000-df6602c9-02-s2-d15,89,A,1,47,"[2300,34600,44200,18900]",1,10.0,1,3,0,0,7,True
2024-2024122023gm-00a9-0000-df6602c9-02-s2-d15,89,B,4,23,"[2300,34600,44200,18900]",1,10.0,1,3,0,0,7,True
2024-2024122023gm-00a9-0000-df6602c9-02-s2-d15,90,A,1,47,"[-1500,37300,26600,37600]",3,-4.0,1,1,0,0,4,True
2024-2024122023gm-00a9-0000-df6602c9-02-s2-d15,90,B,4,23,"[17800,22000,44500,15700]",1,10.0,1,3,0,0,10,True
2024-2024122023gm-00a9-0000-df6602c9-02-s2-d15,91,A,1,47,"[12000,29700,31400,26900]",1,10.0,1,3,0,0,7,True
2024-2024122023gm-00a9-0000-df6602c9-02-s2-d15,91,B,4,23,"[5000,39700,28900,26400]",2,4.0,1,3,0,0,7,True
2024-2024122023gm-00a9-0000-df6602c9-02-s2-d15,92,A,1,47,"[14600,47600,15900,21900]",3,-4.0,1,3,0,0,8,True
2024-2024122023gm-00a9-0000-df6602c9-02-s2-d15,92,B,4,23,"[12200,37900,30200,19700]",2,4.0,1,3,0,0,6,True
2024-2024122023gm-00a9-0000-df6602c9-02-s2-d15,93,A,1,47,"[27200,41800,18600,12400]",3,-4.0,1,3,2,0,8,True
2024-2024122023gm-00a9-0000-df6602c9-02-s2-d15,93,B,4,23,"[28800,-4400,37200,38400]",2,4.0,0,2,2,0,3,True
2024-2024122023gm-00a9-0000-df6602c9-02-s2-d15,94,A,1,47,"[17900,22400,21800,37900]",3,-4.0,1,3,0,0,8,True
2024-2024122023gm-00a9-0000-df6602c9-02-s2-d15,94,B,4,23,"[17900,22400,21800,37900]",3,-4.0,1,3,0,0,8,True
2024-2024122023gm-00a9-0000-df6602c9-02-s2-d15,95,A,1,47,"[14000,29000,18600,38400]",3,-4.0,1,3,0,0,6,True
2024-2024122023gm-00a9-0000-df6602c9-02-s2-d15,95,B,4,23,"[14000,29000,18600,38400]",3,-4.0,1,3,0,0,6,True
2024-2024122023gm-00a9-0000-df6602c9-02-s2-d15,96,A,1,47,"[8700,24200,31700,33400]",2,4.0,1,3,1,2,10,True
2024-2024122023gm-00a9-0000-df6602c9-02-s2-d15,96,B,4,23,"[27100,15800,19800,37300]",3,-4.0,1,3,0,0,7,True
2024-2024122023gm-00a9-0000-df6602c9-02-s2-d15,97,A,1,47,"[35900,23800,13500,26800]",4,-10.0,2,0,0,0,9,True
2024-2024122023gm-00a9-0000-df6602c9-02-s2-d15,97,B,4,23,"[23700,21200,12600,42500]",4,-10.0,1,3,0,0,7,True
2024-2024122023gm-00a9-0000-df6602c9-02-s2-d15,98,A,1,47,"[-1900,30700,35300,35900]",2,4.0,1,3,0,0,8,True
2024-2024122023gm-00a9-0000-df6602c9-02-s2-d15,98,B,4,23,"[18000,27400,23000,31600]",3,-4.0,1,3,0,0,6,True
2024-2024122023gm-00a9-0000-df6602c9-02-s2-d15,99,A,1,47,"[28300,19100,21000,31600]",3,-4.0,1,3,1,0,8,True
2024-2024122023gm-00a9-0000-df6602c9-02-s2-d15,99,B,4,23,"[27300,-1700,39700,34700]",1,10.0,1,3,1,0,9,True
2024-2024122023gm-00a9-0000-df6602c9-02-s2-d15,100,A,1,47,"[23300,40800,21200,14700]",3,-4.0,1,3,0,0,8,True
2024-2024122023gm-00a9-0000-df6602c9-02-s2-d15,100,B,4,23,"[27100,12700,29500,30700]",2,4.0,1,3,0,0,8,True
2024-2024122023gm-00a9-0000-df6602c9-02-s2-d15,101,A,1,47,"[12300,20000,37400,30300]",1,10.0,1,3,1,0,10,True
2024-2024122023gm-00a9-0000-df6602c9-02-s2-d15,101,B,4,23,"[12300,20000,37400,30300]",1,10.0,1,3,1,0,10,True
2024-2024122023gm-00a9-0000-df6602c9-02-s2-d15,102,A,1,47,"[25500,6700,28600,39200]",2,4.0,1,3,0,0,10,True
2024-2024122023gm-00a9-0000-df6602c9-02-s2-d15,102,B,4,23,"[11300,30400,27600,30700]",3,-4.0,1,3,0,0,10,True
2024-2024122023gm-00a9-0000-df6602c9-02-s2-d15,103,A,1,47,"[25900,25500,26500,22100]",1,10.0,2,3,0,0,11,True
2024-2024122023gm-00a9-0000-df6602c9-02-s2-d15,103,B,4,23,"[25900,25500,26500,22100]",1,10.0,2,3,0,0,11,True
2024-2024122023gm-00a9-0000-df6602c9-02-s2-d15,104,A,1,47,"[32800,16500,10200,40500]",4,-10.0,1,3,0,0,8,True
2024-2024122023gm-00a9-0000-df6602c9-02-s2-d15,104,B,4,23,"[32800,16500,10200,40500]",4,-10.0,1,3,0,0,8,True
2024-2024122023gm-00a9-0000-df6602c9-02-s2-d15,105,A,1,47,"[36800,23100,22700,17400]",3,-4.0,1,3,2,0,11,True
2024-2024122023gm-00a9-0000-df6602c9-02-s2-d15,105,B,4,23,"[36800,23100,22700,17400]",3,-4.0,1,3,2,0,11,True
2024-2024122023gm-00a9-0000-df6602c9-02-s2-d15,106,A,1,47,"[17500,24600,5500,52400]",4,-10.0,1,3,0,0,6,True
2024-2024122023gm-00a9-0000-df6602c9-02-s2-d15,106,B,4,23,"[17500,24600,5500,52400]",4,-10.0,1,3,0,0,6,True
2024-2024122023gm-00a9-0000-df6602c9-02-s2-d15,107,A,1,47,"[7900,16200,29300,46600]",2,4.0,1,3,0,0,8,True
2024-2024122023gm-00a9-0000-df6602c9-02-s2-d15,107,B,4,23,"[7900,16200,29300,46600]",2,4.0,1,3,0,0,8,True
2024-2024122023gm-00a9-0000-df6602c9-02-s2-d15,108,A,1,47,"[24300,37400,7300,31000]",4,-10.0,1,3,1,0,6,True
2024-2024122023gm-00a9-0000-df6602c9-02-s2-d15,108,B,4,23,"[26400,35200,21100,17300]",3,-4.0,1,3,0,0,6,True
2024-2024122023gm-00a9-0000-df6602c9-02-s2-d15,109,A,1,47,"[-1200,26000,27100,48100]",2,4.0,1,3,0,0,6,True
2024-2024122023gm-00a9-0000-df6602c9-02-s2-d15,109,B,4,23,"[-1200,26000,27100,48100]",2,4.0,1,3,0,0,6,True
2024-2024122023gm-00a9-0000-df6602c9-02-s2-d15,110,A,1,47,"[14900,19300,36600,29200]",1,10.0,1,3,0,0,7,True
2024-2024122023gm-00a9-0000-df6602c9-02-s2-d15,110,B,4,23,"[16400,14200,43400,26000]",1,10.0,1,3,0,0,8,True
2024-2024122023gm-00a9-0000-df6602c9-02-s2-d15,111,A,1,47,"[27900,23200,10800,38100]",4,-10.0,1,3,0,0,10,True
2024-2024122023gm-00a9-0000-df6602c9-02-s2-d15,111,B,4,23,"[15600,22700,53900,7800]",1,10.0,1,3,1,0,9,True
2024-2024122023gm-00a9-0000-df6602c9-02-s2-d15,112,A,1,47,"[49400,6800,17900,25900]",3,-4.0,1,3,0,0,9,True
2024-2024122023gm-00a9-0000-df6602c9-02-s2-d15,112,B,4,23,"[10900,1800,56800,30500]",1,10.0,1,3,1,0,9,True
2024-2024122023gm-00a9-0000-df6602c9-02-s2-d15,113,A,1,47,"[36000,25400,17900,20700]",4,-10.0,1,3,1,0,8,True
2024-2024122023gm-00a9-0000-df6602c9-02-s2-d15,113,B,4,23,"[16000,29300,31500,23200]",1,10.0,1,3,0,0,9,True
2024-2024122023gm-00a9-0000-df6602c9-02-s2-d15,114,A,1,47,"[17700,28600,16700,37000]",4,-10.0,1,3,0,0,6,True
2024-2024122023gm-00a9-0000-df6602c9-02-s2-d15,114,B,4,23,"[44100,5500,37600,12800]",2,4.0,1,3,0,0,9,True
2024-2024122023gm-00a9-0000-df6602c9-02-s2-d15,115,A,1,47,"[7200,25400,42700,24700]",1,10.0,1,3,0,0,8,True
2024-2024122023gm-00a9-0000-df6602c9-02-s2-d15,115,B,4,23,"[27800,21600,30500,20100]",1,10.0,1,3,0,0,7,True
2024-2024122023gm-00a9-0000-df6602c9-02-s2-d15,116,A,1,47,"[26700,-200,39800,33700]",1,10.0,1,0,0,0,6,True
2024-2024122023gm-00a9-0000-df6602c9-02-s2-d15,116,B,4,23,"[23300,19400,15000,42300]",4,-10.0,1,3,0,0,6,True
2024-2024122023gm-00a9-0000-df6602c9-02-s2-d15,117,A,1,47,"[11400,26200,26800,35600]",2,4.0,1,3,1,0,7,True
2024-2024122023gm-00a9-0000-df6602c9-02-s2-d15,117,B,4,23,"[11400,26200,26800,35600]",2,4.0,1,3,1,0,7,True
2024-2024122023gm-00a9-0000-df6602c9-02-s2-d15,118,A,1,47,"[16500,16200,37400,29900]",1,10.0,1,3,1,0,6,True
2024-2024122023gm-00a9-0000-df6602c9-02-s2-d15,118,B,4,23,"[16500,16200,37400,29900]",1,10.0,1,3,1,0,6,True
2024-2024122023gm-00a9-0000-df6602c9-02-s2-d15,119,A,1,47,"[37500,12100,35000,14400]",2,4.0,1,3,0,1,9,True
2024-2024122023gm-00a9-0000-df6602c9-02-s2-d15,119,B,4,23,"[16900,6200,37300,39600]",2,4.0,1,3,1,0,8,True
2024-2024122023gm-00a9-0000-df6602c9-02-s2-d15,120,A,1,47,"[31600,18600,25300,24500]",2,4.0,1,3,0,0,8,True
2024-2024122023gm-00a9-0000-df6602c9-02-s2-d15,120,B,4,23,"[800,45800,19000,34400]",3,-4.0,1,3,0,0,9,True
2024-2024122023gm-00a9-0000-df6602c9-02-s2-d15,121,A,1,47,"[-1700,28800,27100,45800]",3,-4.0,0,3,3,0,4,True
2024-2024122023gm-00a9-0000-df6602c9-02-s2-d15,121,B,4,23,"[22400,29100,14600,33900]",4,-10.0,1,3,0,0,8,True
2024-2024122023gm-00a9-0000-df6602c9-02-s2-d15,122,A,1,47,"[25500,23400,12800,38300]",4,-10.0,1,3,0,0,9,True
2024-2024122023gm-00a9-0000-df6602c9-02-s2-d15,122,B,4,23,"[35400,16200,5100,43300]",4,-10.0,1,3,0,0,8,True
2024-2024122023gm-00a9-0000-df6602c9-02-s2-d15,123,A,1,47,"[18200,34300,16400,31100]",4,-10.0,1,3,0,0,10,True
2024-2024122023gm-00a9-0000-df6602c9-02-s2-d15,123,B,4,23,"[31600,21400,12300,34700]",4,-10.0,1,3,0,0,8,True
2024-2024122023gm-00a9-0000-df6602c9-02-s2-d15,124,A,1,47,"[8000,17000,42600,32400]",1,10.0,1,3,6,0,13,True
2024-2024122023gm-00a9-0000-df6602c9-02-s2-d15,124,B,4,23,"[6900,17800,41600,33700]",1,10.0,1,3,1,0,9,True
2024-2024122023gm-00a9-0000-df6602c9-02-s2-d15,125,A,1,47,"[16400,28900,16900,36800]",3,-4.0,1,3,0,1,8,True
2024-2024122023gm-00a9-0000-df6602c9-02-s2-d15,125,B,4,23,"[5000,35400,31900,27700]",2,4.0,1,3,1,0,9,True
2024-2024122023gm-00a9-0000-df6602c9-02-s2-d15,126,A,1,47,"[-3200,37400,35200,30600]",2,4.0,1,2,0,0,7,True
2024-2024122023gm-00a9-0000-df6602c9-02-s2-d15,126,B,4,23,"[50300,15800,30100,3800]",2,4.0,1,3,0,0,10,True
2024-2024122023gm-00a9-0000-df6602c9-02-s2-d15,127,A,1,47,"[23100,22500,18900,35500]",4,-10.0,1,3,0,0,7,True
2024-2024122023gm-00a9-0000-df6602c9-02-s2-d15,127,B,4,23,"[29300,38500,17400,14800]",3,-4.0,1,3,0,0,6,True
2024-2024122023gm-00a9-0000-df6602c9-02-s2-d15,128,A,1,47,"[10400,22800,27100,39700]",2,4.0,1,3,0,0,10,True
2024-2024122023gm-00a9-0000-df6602c9-02-s2-d15,128,B,4,23,"[6400,28200,37500,27900]",1,10.0,1,3,0,0,8,True
2024-2024122023gm-00a9-0000-df6602c9-02-s2-d15,129,A,1,47,"[37500,17600,26100,18800]",2,4.0,1,3,2,0,9,True
2024-2024122023gm-00a9-0000-df6602c9-02-s2-d15,129,B,4,23,"[17500,23200,30400,28900]",1,10.0,1,3,0,0,7,True
2024-2024122023gm-00a9-0000-df6602c9-02-s2-d15,130,A,1,47,"[37300,6400,37300,19000]",2,4.0,1,3,0,0,6,True
2024-2024122023gm-00a9-0000-df6602c9-02-s2-d15,130,B,4,23,"[37300,6400,37300,19000]",2,4.0,1,3,0,0,6,True
2024-2024122023gm-00a9-0000-df6602c9-02-s2-d15,131,A,1,47,"[24500,-3400,33400,45500]",2,4.0,1,3,0,0,8,True
2024-2024122023gm-00a9-0000-df6602c9-02-s2-d15,131,B,4,23,"[23400,16800,38100,21700]",1,10.0,1,3,1,0,8,True
2024-2024122023gm-00a9-0000-df6602c9-02-s2-d15,132,A,1,47,"[37900,16600,30600,14900]",2,4.0,1,3,0,0,7,True
2024-2024122023gm-00a9-0000-df6602c9-02-s2-d15,132,B,4,23,"[37900,16600,30600,14900]",2,4.0,1,3,0,0,7,True
2024-2024122023gm-00a9-0000-df6602c9-02-s2-d15,133,A,1,47,"[-10700,35700,32400,42600]",3,-4.0,1,1,1,0,6,True
2024-2024122023gm-00a9-0000-df6602c9-02-s2-d15,133,B,4,23,"[27500,19400,12800,40300]",4,-10.0,1,3,0,0,7,True
2024-2024122023gm-00a9-0000-df6602c9-02-s2-d15,134,A,1,47,"[17100,17700,41400,23800]",1,10.0,1,3,0,0,7,True
2024-2024122023gm-00a9-0000-df6602c9-02-s2-d15,134,B,4,23,"[34500,13500,36500,15500]",1,10.0,1,3,0,0,8,True
2024-2024122023gm-00a9-0000-df6602c9-02-s2-d15,135,A,1,47,"[25400,31100,30300,13200]",2,4.0,1,3,0,0,10,True
2024-2024122023gm-00a9-0000-df6602c9-02-s2-d15,135,B,4,23,"[25400,31100,30300,13200]",2,4.0,1,3,0,0,10,True
2024-2024122023gm-00a9-0000-df6602c9-02-s2-d15,136,A,1,47,"[14500,30200,21000,34300]",3,-4.0,1,3,0,0,6,True
2024-2024122023gm-00a9-0000-df6602c9-02-s2-d15,136,B,4,23,"[7200,35400,15500,41900]",3,-4.0,1,3,0,0,6,True
2024-2024122023gm-00a9-0000-df6602c9-02-s2-d15,137,A,1,47,"[25700,-500,30500,44300]",2,4.0,1,1,0,0,7,True
2024-2024122023gm-00a9-0000-df6602c9-02-s2-d15,137,B,4,23,"[-5900,35000,41400,29500]",1,10.0,1,1,2,0,8,True
2024-2024122023gm-00a9-0000-df6602c9-02-s2-d15,138,A,1,47,"[30100,23500,31600,14800]",1,10.0,1,3,0,0,6,True
2024-2024122023gm-00a9-0000-df6602c9-02-s2-d15,138,B,4,23,"[30100,23500,31600,14800]",1,10.0,1,3,0,0,6,True
2024-2024122023gm-00a9-0000-df6602c9-02-s2-d15,139,A,1,47,"[24600,15600,40100,19700]",1,10.0,1,3,0,0,10,True
2024-2024122023gm-00a9-0000-df6602c9-02-s2-d15,139,B,4,23,"[13300,24000,20900,41800]",3,-4.0,1,3,0,0,8,True
2024-2024122023gm-00a9-0000-df6602c9-02-s2-d15,140,A,1,47,"[27300,-3600,21600,54700]",3,-4.0,1,1,0,0,4,True
2024-2024122023gm-00a9-0000-df6602c9-02-s2-d15,140,B,4,23,"[-1200,20600,29200,51400]",2,4.0,1,3,0,0,7,True
2024-2024122023gm-00a9-0000-df6602c9-02-s2-d15,141,A,1,47,"[21600,32100,26700,19600]",2,4.0,1,3,0,0,7,True
2024-2024122023gm-00a9-0000-df6602c9-02-s2-d15,141,B,4,23,"[21600,32100,26700,19600]",2,4.0,1,3,0,0,7,True
2024-2024122023gm-00a9-0000-df6602c9-02-s2-d15,142,A,1,47,"[20000,26500,37400,16100]",1,10.0,1,3,0,0,8,True
2024-2024122023gm-00a9-0000-df6602c9-02-s2-d15,142,B,4,23,"[45200,24200,4400,26200]",4,-10.0,1,3,0,0,7,True
2024-2024122023gm-00a9-0000-df6602c9-02-s2-d15,143,A,1,47,"[22300,7400,46000,24300]",1,10.0,1,3,0,0,9,True
2024-2024122023gm-00a9-0000-df6602c9-02-s2-d15,143,B,4,23,"[22300,7400,46000,24300]",1,10.0,1,3,0,0,9,True
2024-2024122023gm-00a9-0000-df6602c9-02-s2-d15,144,A,1,47,"[28700,32800,30200,8300]",2,4.0,1,3,0,0,8,True
2024-2024122023gm-00a9-0000-df6602c9-02-s2-d15,144,B,4,23,"[28700,32800,30200,8300]",2,4.0,1,3,0,0,8,True
2024-2024122023gm-00a9-0000-df6602c9-02-s2-d15,145,A,1,47,"[47200,19400,-5000,38400]",4,-10.0,1,2,0,0,6,True
2024-2024122023gm-00a9-0000-df6602c9-02-s2-d15,145,B,4,23,"[28500,25500,11900,34100]",4,-10.0,1,3,1,0,9,True
2024-2024122023gm-00a9-0000-df6602c9-02-s2-d15,146,A,1,47,"[9600,17400,35000,38000]",2,4.0,1,3,0,0,9,True
2024-2024122023gm-00a9-0000-df6602c9-02-s2-d15,146,B,4,23,"[12700,8400,36400,42500]",2,4.0,1,3,0,0,8,True
2024-2024122023gm-00a9-0000-df6602c9-02-s2-d15,147,A,1,47,"[23300,34500,20600,21600]",4,-10.0,1,3,0,0,6,True
2024-2024122023gm-00a9-0000-df6602c9-02-s2-d15,147,B,4,23,"[21300,17000,29400,32300]",2,4.0,1,3,0,0,7,True
2024-2024122023gm-00a9-0000-df6602c9-02-s2-d15,148,A,1,47,"[33400,8900,31100,26600]",2,4.0,1,3,0,0,8,True
2024-2024122023gm-00a9-0000-df6602c9-02-s2-d15,148,B,4,23,"[37400,12600,23400,26600]",3,-4.0,2,2,0,0,11,True
2024-2024122023gm-00a9-0000-df6602c9-02-s2-d15,149,A,1,47,"[12700,23700,31000,32600]",2,4.0,1,3,0,0,10,True
2024-2024122023gm-00a9-0000-df6602c9-02-s2-d15,149,B,4,23,"[6200,16500,58700,18600]",1,10.0,1,3,0,0,9,True
2024-2024122023gm-00a9-0000-df6602c9-02-s2-d15,150,A,1,47,"[14200,36800,14200,34800]",4,-10.0,1,3,0,0,7,True
2024-2024122023gm-00a9-0000-df6602c9-02-s2-d15,150,B,4,23,"[12300,34300,19300,34100]",3,-4.0,1,3,0,0,6,True
2024-2024122023gm-00a9-0000-df6602c9-02-s2-d15,151,A,1,47,"[35300,6200,20900,37600]",3,-4.0,1,3,0,0,10,True
2024-2024122023gm-00a9-0000-df6602c9-02-s2-d15,151,B,4,23,"[35300,6200,20900,37600]",3,-4.0,1,3,0,0,10,True
2024-2024122023gm-00a9-0000-df6602c9-02-s2-d15,152,A,1,47,"[18400,29000,31800,20800]",1,10.0,2,0,0,0,7,True
2024-2024122023gm-00a9-0000-df6602c9-02-s2-d15,152,B,4,23,"[10300,18200,31200,40300]",2,4.0,1,3,0,0,10,True
2024-2024122023gm-00a9-0000-df6602c9-02-s2-d15,153,A,1,47,"[21400,31800,9100,37700]",4,-10.0,1,3,0,0,8,True
2024-2024122023gm-00a9-0000-df6602c9-02-s2-d15,153,B,4,23,"[21400,31800,9100,37700]",4,-10.0,1,3,0,0,8,True
2024-2024122023gm-00a9-0000-df6602c9-02-s2-d15,154,A,1,47,"[7900,21800,37900,32400]",1,10.0,1,3,0,0,9,True
2024-2024122023gm-00a9-0000-df6602c9-02-s2-d15,154,B,4,23,"[8500,25100,25300,41100]",2,4.0,1,3,0,0,9,True
2024-2024122023gm-00a9-0000-df6602c9-02-s2-d15,155,A,1,47,"[39300,26900,17700,16100]",3,-4.0,1,3,1,0,9,True
2024-2024122023gm-00a9-0000-df6602c9-02-s2-d15,155,B,4,23,"[14100,41100,28500,16300]",2,4.0,1,3,1,0,6,True
2024-2024122023gm-00a9-0000-df6602c9-02-s2-d15,156,A,1,47,"[17800,19100,25300,37800]",2,4.0,1,3,0,0,10,True
2024-2024122023gm-00a9-0000-df6602c9-02-s2-d15,156,B,4,23,"[2100,37400,19700,40800]",3,-4.0,1,3,0,0,7,True
2024-2024122023gm-00a9-0000-df6602c9-02-s2-d15,157,A,1,47,"[16300,40900,14400,28400]",4,-10.0,1,3,0,0,6,True
2024-2024122023gm-00a9-0000-df6602c9-02-s2-d15,157,B,4,23,"[16300,40900,14400,28400]",4,-10.0,1,3,0,0,6,True
2024-2024122023gm-00a9-0000-df6602c9-02-s2-d15,158,A,1,47,"[19300,31800,19800,29100]",3,-4.0,1,3,0,0,7,True
2024-2024122023gm-00a9-0000-df6602c9-02-s2-d15,158,B,4,23,"[19300,31800,19800,29100]",3,-4.0,1,3,0,0,7,True
2024-2024122023gm-00a9-0000-df6602c9-02-s2-d15,159,A,1,47,"[30800,26800,20000,22400]",4,-10.0,1,3,1,0,6,True
2024-2024122023gm-00a9-0000-df6602c9-02-s2-d15,159,B,4,23,"[18200,11000,24800,44000]",2,4.0,1,3,2,2,9,True
2024-2024122023gm-00a9-0000-df6602c9-02-s2-d15,160,A,1,47,"[9900,34800,27500,27800]",3,-4.0,1,3,0,0,8,True
2024-2024122023gm-00a9-0000-df6602c9-02-s2-d15,160,B,4,23,"[18300,26300,31900,23500]",1,10.0,1,3,0,0,8,True
2024-2024122023gm-00a9-0000-df6602c9-02-s2-d15,161,A,1,47,"[-500,54900,26600,19000]",2,4.0,1,2,1,0,7,True
2024-2024122023gm-00a9-0000-df6602c9-02-s2-d15,161,B,4,23,"[25800,15300,13300,45600]",4,-10.0,1,3,1,0,9,True
2024-2024122023gm-00a9-0000-df6602c9-02-s2-d15,162,A,1,47,"[26400,27100,30400,16100]",1,10.0,1,3,0,0,8,True
2024-2024122023gm-00a9-0000-df6602c9-02-s2-d15,162,B,4,23,"[7500,24400,39100,29000]",1,10.0,1,3,0,0,6,True
2024-2024122023gm-00a9-0000-df6602c9-02-s2-d15,163,A,1,47,"[12100,16400,30700,40800]",2,4.0,1,3,0,0,8,True
2024-2024122023gm-00a9-0000-df6602c9-02-s2-d15,163,B,4,23,"[12100,16400,30700,40800]",2,4.0,1,3,0,0,8,True
2024-2024122023gm-00a9-0000-df6602c9-02-s2-d15,164,A,1,47,"[42200,-7400,31200,34000]",3,-4.0,1,0,0,0,4,True
2024-2024122023gm-00a9-0000-df6602c9-02-s2-d15,164,B,4,23,"[42200,-7400,31200,34000]",3,-4.0,1,0,0,0,4,True
2024-2024122023gm-00a9-0000-df6602c9-02-s2-d15,165,A,1,47,"[18400,24000,34100,23500]",1,10.0,1,3,2,0,9,True
2024-2024122023gm-00a9-0000-df6602c9-02-s2-d15,165,B,4,23,"[18400,24000,34100,23500]",1,10.0,1,3,2,0,9,True
2024-2024122023gm-00a9-0000-df6602c9-02-s2-d15,166,A,1,47,"[37900,7100,18000,37000]",3,-4.0,1,3,0,0,10,True
2024-2024122023gm-00a9-0000-df6602c9-02-s2-d15,166,B,4,23,"[34900,18700,16400,30000]",4,-10.0,1,3,1,0,12,True
2024-2024122023gm-00a9-0000-df6602c9-02-s2-d15,167,A,1,47,"[35200,21800,11300,31700]",4,-10.0,1,3,0,0,6,True
2024-2024122023gm-00a9-0000-df6602c9-02-s2-d15,167,B,4,23,"[18400,12800,18700,50100]",2,4.0,1,3,0,0,7,True
2024-2024122023gm-00a9-0000-df6602c9-02-s2-d15,168,A,1,47,"[17400,25300,14500,42800]",4,-10.0,2,0,0,0,9,True
2024-2024122023gm-00a9-0000-df6602c9-02-s2-d15,168,B,4,23,"[13800,35000,14300,36900]",3,-4.0,1,3,0,0,6,True
2024-2024122023gm-00a9-0000-df6602c9-02-s2-d15,169,A,1,47,"[36400,20400,33100,10100]",2,4.0,1,3,0,0,8,True
2024-2024122023gm-00a9-0000-df6602c9-02-s2-d15,169,B,4,23,"[45300,8500,31300,13900]",2,4.0,1,3,0,1,8,True
2024-2024122023gm-00a9-0000-df6602c9-02-s2-d15,170,A,1,47,"[10000,52100,28300,9600]",2,4.0,1,3,1,0,8,True
2024-2024122023gm-00a9-0000-df6602c9-02-s2-d15,170,B,4,23,"[9400,28200,30500,31900]",2,4.0,1,3,0,0,6,True
2024-2024122023gm-00a9-0000-df6602c9-02-s2-d15,171,A,1,47,"[35300,25300,12500,24900]",4,-10.0,1,3,1,2,7,True
2024-2024122023gm-00a9-0000-df6602c9-02-s2-d15,171,B,4,23,"[21600,12600,26000,38800]",2,4.0,1,3,0,1,8,True
2024-2024122023gm-00a9-0000-df6602c9-02-s2-d15,172,A,1,47,"[22800,17400,25400,34400]",2,4.0,1,3,0,0,9,True
2024-2024122023gm-00a9-0000-df6602c9-02-s2-d15,172,B,4,23,"[22800,17400,25400,34400]",2,4.0,1,3,0,0,9,True
2024-2024122023gm-00a9-0000-df6602c9-02-s2-d15,173,A,1,47,"[19000,3700,31600,45700]",2,4.0,1,3,0,0,8,True
2024-2024122023gm-00a9-0000-df6602c9-02-s2-d15,173,B,4,23,"[20800,300,34100,44800]",2,4.0,1,3,0,0,9,True
2024-2024122023gm-00a9-0000-df6602c9-02-s2-d15,174,A,1,47,"[5100,9400,30800,54700]",2,4.0,1,3,0,0,9,True
2024-2024122023gm-00a9-0000-df6602c9-02-s2-d15,174,B,4,23,"[18800,7600,36700,36900]",2,4.0,1,3,0,0,11,True
2024-2024122023gm-00a9-0000-df6602c9-02-s2-d15,175,A,1,47,"[6900,26100,39500,27500]",1,10.0,1,3,2,0,7,True
2024-2024122023gm-00a9-0000-df6602c9-02-s2-d15,175,B,4,23,"[6900,26100,39500,27500]",1,10.0,1,3,2,0,7,True
2024-2024122023gm-00a9-0000-df6602c9-02-s2-d15,176,A,1,47,"[35600,8500,27000,28900]",3,-4.0,2,0,1,0,8,True
2024-2024122023gm-00a9-0000-df6602c9-02-s2-d15,176,B,4,23,"[35600,8500,27000,28900]",3,-4.0,2,0,1,0,8,True
2024-2024122023gm-00a9-0000-df6602c9-02-s2-d15,177,A,1,47,"[7600,32200,31900,28300]",2,4.0,1,3,0,0,7,True
2024-2024122023gm-00a9-0000-df6602c9-02-s2-d15,177,B,4,23,"[23400,43700,23100,9800]",3,-4.0,1,3,0,0,7,True
2024-2024122023gm-00a9-0000-df6602c9-02-s2-d15,178,A,1,47,"[1700,23300,31300,43700]",2,4.0,1,3,0,0,8,True
2024-2024122023gm-00a9-0000-df6602c9-02-s2-d15,178,B,4,23,"[22200,35200,19600,23000]",4,-10.0,1,3,1,0,8,True
2024-2024122023gm-00a9-0000-df6602c9-02-s2-d15,179,A,1,47,"[11700,37300,33200,17800]",2,4.0,1,3,0,0,11,True
2024-2024122023gm-00a9-0000-df6602c9-02-s2-d15,179,B,4,23,"[11700,37300,33200,17800]",2,4.0,1,3,0,0,11,True
2024-2024122023gm-00a9-0000-df6602c9-02-s2-d15,180,A,1,47,"[20800,6900,27700,44600]",2,4.0,1,3,0,0,8,True
2024-2024122023gm-00a9-0000-df6602c9-02-s2-d15,180,B,4,23,"[9400,31900,34000,24700]",1,10.0,1,3,0,0,8,True
2024-2024122023gm-00a9-0000-df6602c9-02-s2-d15,181,A,1,47,"[37900,23000,26400,12700]",2,4.0,1,3,0,0,8,True
2024-2024122023gm-00a9-0000-df6602c9-02-s2-d15,181,B,4,23,"[8400,37200,32000,22400]",2,4.0,1,3,0,0,7,True
2024-2024122023gm-00a9-0000-df6602c9-02-s2-d15,182,A,1,47,"[41100,-1400,25600,34700]",3,-4.0,1,1,0,0,6,True
2024-2024122023gm-00a9-0000-df6602c9-02-s2-d15,182,B,4,23,"[21000,16300,12100,50600]",4,-10.0,1,3,0,0,9,True
2024-2024122023gm-00a9-0000-df6602c9-02-s2-d15,183,A,1,47,"[37200,4200,26200,32400]",3,-4.0,1,3,0,0,10,True
2024-2024122023gm-00a9-0000-df6602c9-02-s2-d15,183,B,4,23,"[-4100,13800,34400,55900]",2,4.0,1,2,1,0,7,True
2024-2024122023gm-00a9-0000-df6602c9-02-s2-d15,184,A,1,47,"[22000,13700,16400,47900]",3,-4.0,1,3,0,0,8,True
2024-2024122023gm-00a9-0000-df6602c9-02-s2-d15,184,B,4,23,"[20600,25400,16200,37800]",4,-10.0,1,3,0,0,10,True
2024-2024122023gm-00a9-0000-df6602c9-02-s2-d15,185,A,1,47,"[19200,26200,30100,24500]",1,10.0,1,3,0,0,7,True
2024-2024122023gm-00a9-0000-df6602c9-02-s2-d15,185,B,4,23,"[31000,6300,54200,8500]",1,10.0,1,3,0,0,11,True
2024-2024122023gm-00a9-0000-df6602c9-02-s2-d15,186,A,1,47,"[36900,7900,10000,45200]",3,-4.0,1,3,0,0,10,True
2024-2024122023gm-00a9-0000-df6602c9-02-s2-d15,186,B,4,23,"[36900,7900,10000,45200]",3,-4.0,1,3,0,0,10,True
2024-2024122023gm-00a9-0000-df6602c9-02-s2-d15,187,A,1,47,"[18600,20900,37700,22800]",1,10.0,1,3,0,0,9,True
2024-2024122023gm-00a9-0000-df6602c9-02-s2-d15,187,B,4,23,"[24800,40000,15700,19500]",4,-10.0,2,1,0,0,12,True
2024-2024122023gm-00a9-0000-df6602c9-02-s2-d15,188,A,1,47,"[16800,34600,19600,29000]",3,-4.0,1,3,0,0,7,True
2024-2024122023gm-00a9-0000-df6602c9-02-s2-d15,188,B,4,23,"[-7200,22500,21600,63100]",3,-4.0,1,3,0,0,8,True
2024-2024122023gm-00a9-0000-df6602c9-02-s2-d15,189,A,1,47,"[28600,18900,18900,33600]",4,-10.0,1,3,0,0,7,True
2024-2024122023gm-00a9-0000-df6602c9-02-s2-d15,189,B,4,23,"[24400,15500,31400,28700]",1,10.0,1,3,1,0,10,True
2024-2024122023gm-00a9-0000-df6602c9-02-s2-d15,190,A,1,47,"[15700,23100,29900,31300]",2,4.0,2,2,0,0,10,True
2024-2024122023gm-00a9-0000-df6602c9-02-s2-d15,190,B,4,23,"[22700,20700,23400,33200]",2,4.0,1,3,0,0,10,True
2024-2024122023gm-00a9-0000-df6602c9-02-s2-d15,191,A,1,47,"[25100,19800,25000,30100]",3,-4.0,1,3,0,0,8,True
2024-2024122023gm-00a9-0000-df6602c9-02-s2-d15,191,B,4,23,"[24500,31300,33700,10500]",1,10.0,1,3,0,0,11,True
2024-2024122023gm-00a9-0000-df6602c9-02-s2-d15,192,A,1,47,"[25000,30100,6900,38000]",4,-10.0,1,3,0,0,8,True
2024-2024122023gm-00a9-0000-df6602c9-02-s2-d15,192,B,4,23,"[25000,30100,6900,38000]",4,-10.0,1,3,0,0,8,True
2024-2024122023gm-00a9-0000-df6602c9-02-s2-d15,193,A,1,47,"[27700,34200,26600,11500]",3,-4.0,1,3,0,0,7,True
2024-2024122023gm-00a9-0000-df6602c9-02-s2-d15,193,B,4,23,"[7200,28200,26100,38500]",3,-4.0,1,3,0,0,6,True
2024-2024122023gm-00a9-0000-df6602c9-02-s2-d15,194,A,1,47,"[15700,29000,16200,39100]",3,-4.0,1,3,0,0,10,True
2024-2024122023gm-00a9-0000-df6602c9-02-s2-d15,194,B,4,23,"[20700,18700,10100,50500]",4,-10.0,1,3,0,0,9,True
2024-2024122023gm-00a9-0000-df6602c9-02-s2-d15,195,A,1,47,"[14400,53000,27000,5600]",2,4.0,1,3,0,0,8,True
2024-2024122023gm-00a9-0000-df6602c9-02-s2-d15,195,B,4,23,"[20100,50300,20400,9200]",2,4.0,1,3,1,0,10,True
2024-2024122023gm-00a9-0000-df6602c9-02-s2-d15,196,A,1,47,"[41500,21100,25600,11800]",2,4.0,1,3,0,0,9,True
2024-2024122023gm-00a9-0000-df6602c9-02-s2-d15,196,B,4,23,"[17000,20900,19000,43100]",3,-4.0,1,3,0,0,11,True
2024-2024122023gm-00a9-0000-df6602c9-02-s2-d15,197,A,1,47,"[27300,18900,32100,21700]",1,10.0,1,3,0,0,8,True
2024-2024122023gm-00a9-0000-df6602c9-02-s2-d15,197,B,4,23,"[27300,18900,32100,21700]",1,10.0,1,3,0,0,8,True
2024-2024122023gm-00a9-0000-df6602c9-02-s2-d15,198,A,1,47,"[10500,21500,25400,42600]",2,4.0,1,3,0,0,7,True
2024-2024122023gm-00a9-0000-df6602c9-02-s2-d15,198,B,4,23,"[26100,11100,27200,35600]",2,4.0,1,3,0,0,7,True
2024-2024122023gm-00a9-0000-df6602c9-02-s2-d15,199,A,1,47,"[4300,32400,24100,39200]",3,-4.0,1,3,0,0,8,True
2024-2024122023gm-00a9-0000-df6602c9-02-s2-d15,199,B,4,23,"[4300,32400,24100,39200]",3,-4.0,1,3,0,0,8,True
2024-2024122023gm-00a9-0000-df6602c9-02-s2-d15,200,A,1,47,"[11900,27900,32300,27900]",1,10.0,2,0,0,0,7,True
2024-2024122023gm-00a9-0000-df6602c9-02-s2-d15,200,B,4,23,"[23000,13500,24500,39000]",2,4.0,1,3,0,0,7,True
2024-2024122023gm-00a9-0000-df6602c9-02-s2-d15,201,A,1,47,"[23900,17400,32400,26300]",1,10.0,1,3,0,0,7,True
2024-2024122023gm-00a9-0000-df6602c9-02-s2-d15,201,B,4,23,"[23900,17400,32400,26300]",1,10.0,1,3,0,0,7,True
2024-2024122023gm-00a9-0000-df6602c9-02-s2-d15,202,A,1,47,"[18500,-1100,40700,41900]",2,4.0,1,1,0,0,6,True
2024-2024122023gm-00a9-0000-df6602c9-02-s2-d15,202,B,4,23,"[33200,23200,21000,22600]",4,-10.0,1,3,0,0,6,True
2024-2024122023gm-00a9-0000-df6602c9-02-s2-d15,203,A,1,47,"[31000,33800,21500,13700]",3,-4.0,1,3,0,0,10,True
2024-2024122023gm-00a9-0000-df6602c9-02-s2-d15,203,B,4,23,"[31000,33800,21500,13700]",3,-4.0,1,3,0,0,10,True
2024-2024122023gm-00a9-0000-df6602c9-02-s2-d15,204,A,1,47,"[39300,26900,16400,17400]",4,-10.0,1,3,1,0,7,True
2024-2024122023gm-00a9-0000-df6602c9-02-s2-d15,204,B,4,23,"[5400,26200,31200,37200]",2,4.0,1,3,0,0,8,True
2024-2024122023gm-00a9-0000-df6602c9-02-s2-d15,205,A,1,47,"[10700,38000,27300,24000]",2,4.0,1,3,1,0,12,True
2024-2024122023gm-00a9-0000-df6602c9-02-s2-d15,205,B,4,23,"[25600,32900,19900,21600]",4,-10.0,1,3,1,0,12,True
2024-2024122023gm-00a9-0000-df6602c9-02-s2-d15,206,A,1,47,"[14000,29400,34600,21000]",1,10.0,1,3,1,1,8,True
2024-2024122023gm-00a9-0000-df6602c9-02-s2-d15,206,B,4,23,"[30200,34700,21800,13300]",3,-4.0,1,3,0,0,7,True
2024-2024122023gm-00a9-0000-df6602c9-02-s2-d15,207,A,1,47,"[18600,28800,19200,33400]",3,-4.0,1,3,0,0,8,True
2024-2024122023gm-00a9-0000-df6602c9-02-s2-d15,207,B,4,23,"[18900,22700,22100,36300]",3,-4.0,1,3,0,0,6,True
2024-2024122023gm-00a9-0000-df6602c9-02-s2-d15,208,A,1,47,"[5400,26900,19500,48200]",3,-4.0,1,3,0,0,8,True
2024-2024122023gm-00a9-0000-df6602c9-02-s2-d15,208,B,4,23,"[16800,28700,32000,22500]",1,10.0,2,2,0,0,11,True
2024-2024122023gm-00a9-0000-df6602c9-02-s2-d15,209,A,1,47,"[14200,21200,38100,24500]",1,10.0,1,3,0,2,6,True
2024-2024122023gm-00a9-0000-df6602c9-02-s2-d15,209,B,4,23,"[5200,31200,35100,28500]",1,10.0,1,3,1,0,7,True
2024-2024122023gm-00a9-0000-df6602c9-02-s2-d15,210,A,1,47,"[40200,7200,6600,46000]",4,-10.0,1,3,0,0,7,True
2024-2024122023gm-00a9-0000-df6602c9-02-s2-d15,210,B,4,23,"[40200,7200,6600,46000]",4,-10.0,1,3,0,0,7,True
2024-2024122023gm-00a9-0000-df6602c9-02-s2-d15,211,A,1,47,"[27600,11900,25000,34500]",3,-4.0,1,3,0,1,7,True
2024-2024122023gm-00a9-0000-df6602c9-02-s2-d15,211,B,4,23,"[4500,38200,25100,32200]",3,-4.0,1,3,1,0,8,True
2024-2024122023gm-00a9-0000-df6602c9-02-s2-d15,212,A,1,47,"[28100,29800,7800,34300]",4,-10.0,1,3,0,0,8,True
2024-2024122023gm-00a9-0000-df6602c9-02-s2-d15,212,B,4,23,"[19900,21900,25000,33200]",2,4.0,1,3,0,0,7,True
2024-2024122023gm-00a9-0000-df6602c9-02-s2-d15,213,A,1,47,"[11600,27900,34500,26000]",1,10.0,1,3,0,0,6,True
2024-2024122023gm-00a9-0000-df6602c9-02-s2-d15,213,B,4,23,"[34400,28300,14700,22600]",4,-10.0,1,3,0,0,7,True
2024-2024122023gm-00a9-0000-df6602c9-02-s2-d15,214,A,1,47,"[32500,17500,27200,22800]",2,4.0,1,3,0,0,7,True
2024-2024122023gm-00a9-0000-df6602c9-02-s2-d15,214,B,4,23,"[32500,17500,27200,22800]",2,4.0,1,3,0,0,7,True
2024-2024122023gm-00a9-0000-df6602c9-02-s2-d15,215,A,1,47,"[10600,30000,26700,32700]",3,-4.0,1,3,0,0,6,True
2024-2024122023gm-00a9-0000-df6602c9-02-s2-d15,215,B,4,23,"[24800,30600,16900,27700]",4,-10.0,2,0,0,0,7,True
2024-2024122023gm-00a9-0000-df6602c9-02-s2-d15,216,A,1,47,"[11000,18100,42800,28100]",1,10.0,1,3,3,0,11,True
2024-2024122023gm-00a9-0000-df6602c9-02-s2-d15,216,B,4,23,"[11800,27900,28000,30300]",2,4.0,1,3,0,2,8,True
2024-2024122023gm-00a9-0000-df6602c9-02-s2-d15,217,A,1,47,"[11100,14100,25500,49300]",2,4.0,1,3,0,0,7,True
2024-2024122023gm-00a9-0000-df6602c9-02-s2-d15,217,B,4,23,"[12500,43000,25500,19000]",2,4.0,1,3,0,0,7,True
2024-2024122023gm-00a9-0000-df6602c9-02-s2-d15,218,A,1,47,"[-2800,17400,45100,40300]",1,10.0,1,2,0,0,6,True
2024-2024122023gm-00a9-0000-df6602c9-02-s2-d15,218,B,4,23,"[-2800,17400,45100,40300]",1,10.0,1,2,0,0,6,True
2024-2024122023gm-00a9-0000-df6602c9-02-s2-d15,219,A,1,47,"[28000,12300,27600,32100]",3,-4.0,1,3,0,0,7,True
2024-2024122023gm-00a9-0000-df6602c9-02-s2-d15,219,B,4,23,"[13600,27500,32900,26000]",1,10.0,1,3,0,0,7,True
2024-2024122023gm-00a9-0000-df6602c9-02-s2-d15,220,A,1,47,"[-700,18700,42500,39500]",1,10.0,1,2,1,0,7,True
2024-2024122023gm-00a9-0000-df6602c9-02-s2-d15,220,B,4,23,"[27100,16700,30700,25500]",1,10.0,1,3,1,0,7,True
2024-2024122023gm-00a9-0000-df6602c9-02-s2-d15,221,A,1,47,"[22500,13100,29800,34600]",2,4.0,1,3,0,0,9,True
2024-2024122023gm-00a9-0000-df6602c9-02-s2-d15,221,B,4,23,"[22500,13100,29800,34600]",2,4.0,1,3,0,0,9,True
2024-2024122023gm-00a9-0000-df6602c9-02-s2-d15,222,A,1,47,"[20900,25100,22800,31200]",3,-4.0,2,0,0,0,9,True
2024-2024122023gm-00a9-0000-df6602c9-02-s2-d15,222,B,4,23,"[23200,22300,51600,2900]",1,10.0,1,3,0,0,6,True
2024-2024122023gm-00a9-0000-df6602c9-02-s2-d15,223,A,1,47,"[17600,32400,19200,30800]",3,-4.0,1,3,0,0,8,True
2024-2024122023gm-00a9-0000-df6602c9-02-s2-d15,223,B,4,23,"[17600,32400,19200,30800]",3,-4.0,1,3,0,0,8,True
2024-2024122023gm-00a9-0000-df6602c9-02-s2-d15,224,A,1,47,"[28100,9600,16000,46300]",3,-4.0,1,3,0,0,8,True
2024-2024122023gm-00a9-0000-df6602c9-02-s2-d15,224,B,4,23,"[27800,16900,9000,46300]",4,-10.0,1,3,0,0,8,True
2024-2024122023gm-00a9-0000-df6602c9-02-s2-d15,225,A,1,47,"[24700,3000,28500,42800]",2,4.0,1,3,0,1,8,True
2024-2024122023gm-00a9-0000-df6602c9-02-s2-d15,225,B,4,23,"[24700,3000,28500,42800]",2,4.0,1,3,0,1,8,True
2024-2024122023gm-00a9-0000-df6602c9-02-s2-d15,226,A,1,47,"[39500,3000,32700,24800]",2,4.0,1,3,0,0,7,True
2024-2024122023gm-00a9-0000-df6602c9-02-s2-d15,226,B,4,23,"[30500,2700,32400,34400]",2,4.0,1,3,0,0,7,True
2024-2024122023gm-00a9-0000-df6602c9-02-s2-d15,227,A,1,47,"[26600,27200,31800,14400]",1,10.0,2,0,0,0,9,True
2024-2024122023gm-00a9-0000-df6602c9-02-s2-d15,227,B,4,23,"[19800,25600,18700,35900]",4,-10.0,1,3,0,0,6,True
2024-2024122023gm-00a9-0000-df6602c9-02-s2-d15,228,A,1,47,"[19400,21900,26000,32700]",2,4.0,1,3,0,0,7,True
2024-2024122023gm-00a9-0000-df6602c9-02-s2-d15,228,B,4,23,"[17800,21100,19800,41300]",3,-4.0,1,3,0,0,7,True
2024-2024122023gm-00a9-0000-df6602c9-02-s2-d15,229,A,1,47,"[18800,13300,28700,39200]",2,4.0,1,3,0,0,8,True
2024-2024122023gm-00a9-0000-df6602c9-02-s2-d15,229,B,4,23,"[18800,13300,28700,39200]",2,4.0,1,3,0,0,8,True
2024-2024122023gm-00a9-0000-df6602c9-02-s2-d15,230,A,1,47,"[13500,21600,29800,35100]",2,4.0,2,0,1,0,9,True
2024-2024122023gm-00a9-0000-df6602c9-02-s2-d15,230,B,4,23,"[13500,21600,29800,35100]",2,4.0,2,0,1,0,9,True
2024-2024122023gm-00a9-0000-df6602c9-02-s2-d15,231,A,1,47,"[21100,32100,-4500,51300]",4,-10.0,1,3,0,0,10,True
2024-2024122023gm-00a9-0000-df6602c9-02-s2-d15,231,B,4,23,"[43800,14600,24100,17500]",2,4.0,1,3,1,0,9,True
2024-2024122023gm-00a9-0000-df6602c9-02-s2-d15,232,A,1,47,"[19200,36400,17400,26000]",4,-10.0,1,3,0,1,8,True
2024-2024122023gm-00a9-0000-df6602c9-02-s2-d15,232,B,4,23,"[19200,36400,17400,26000]",4,-10.0,1,3,0,1,8,True
2024-2024122023gm-00a9-0000-df6602c9-02-s2-d15,233,A,1,47,"[15700,24100,25600,34600]",2,4.0,1,3,0,0,8,True
2024-2024122023gm-00a9-0000-df6602c9-02-s2-d15,233,B,4,23,"[15700,24100,25600,34600]",2,4.0,1,3,0,0,8,True
2024-2024122023gm-00a9-0000-df6602c9-02-s2-d15,234,A,1,47,"[26100,14400,50400,9100]",1,10.0,1,3,2,0,10,True
2024-2024122023gm-00a9-0000-df6602c9-02-s2-d15,234,B,4,23,"[26100,14400,50400,9100]",1,10.0,1,3,2,0,10,True
2024-2024122023gm-00a9-0000-df6602c9-02-s2-d15,235,A,1,47,"[20100,17600,27600,33700]",2,4.0,1,3,0,1,7,True
2024-2024122023gm-00a9-0000-df6602c9-02-s2-d15,235,B,4,23,"[7100,21200,35000,36700]",2,4.0,1,3,3,0,10,True
2024-2024122023gm-00a9-0000-df6602c9-02-s2-d15,236,A,1,47,"[2900,21400,26300,49400]",2,4.0,1,3,0,0,8,True
2024-2024122023gm-00a9-0000-df6602c9-02-s2-d15,236,B,4,23,"[17000,15000,20100,47900]",2,4.0,1,3,0,0,7,True
2024-2024122023gm-00a9-0000-df6602c9-02-s2-d15,237,A,1,47,"[42000,23400,10500,24100]",4,-10.0,1,3,1,0,8,True
2024-2024122023gm-00a9-0000-df6602c9-02-s2-d15,237,B,4,23,"[42000,23400,10500,24100]",4,-10.0,1,3,1,0,8,True
2024-2024122023gm-00a9-0000-df6602c9-02-s2-d15,238,A,1,47,"[30100,3800,46700,19400]",1,10.0,1,3,0,0,8,True
2024-2024122023gm-00a9-0000-df6602c9-02-s2-d15,238,B,4,23,"[5000,34700,18800,41500]",3,-4.0,1,3,0,0,7,True
2024-2024122023gm-00a9-0000-df6602c9-02-s2-d15,239,A,1,47,"[15600,36200,26100,22100]",2,4.0,1,3,0,0,7,True
2024-2024122023gm-00a9-0000-df6602c9-02-s2-d15,239,B,4,23,"[15600,36200,26100,22100]",2,4.0,1,3,0,0,7,True
2024-2024122023gm-00a9-0000-df6602c9-02-s2-d15,240,A,1,47,"[400,25300,22100,52200]",3,-4.0,1,3,0,0,8,True
2024-2024122023gm-00a9-0000-df6602c9-02-s2-d15,240,B,4,23,"[14200,14000,28600,43200]",2,4.0,1,3,0,0,10,True
2024-2024122023gm-00a9-0000-df6602c9-02-s2-d15,241,A,1,47,"[33700,26900,10000,29400]",4,-10.0,1,3,0,0,11,True
2024-2024122023gm-00a9-0000-df6602c9-02-s2-d15,241,B,4,23,"[51200,8100,22600,18100]",2,4.0,1,3,0,0,9,True
2024-2024122023gm-00a9-0000-df6602c9-02-s2-d15,242,A,1,47,"[32600,20200,15200,32000]",4,-10.0,1,3,0,0,7,True
2024-2024122023gm-00a9-0000-df6602c9-02-s2-d15,242,B,4,23,"[27200,25300,10800,36700]",4,-10.0,1,3,0,0,7,True
2024-2024122023gm-00a9-0000-df6602c9-02-s2-d15,243,A,1,47,"[24800,17300,33700,24200]",1,10.0,1,3,0,0,7,True
2024-2024122023gm-00a9-0000-df6602c9-02-s2-d15,243,B,4,23,"[19400,37400,27100,16100]",2,4.0,1,3,0,0,6,True
2024-2024122023gm-00a9-0000-df6602c9-02-s2-d15,244,A,1,47,"[-300,16600,48600,35100]",1,10.0,1,0,0,0,6,True
2024-2024122023gm-00a9-0000-df6602c9-02-s2-d15,244,B,4,23,"[30000,17500,25500,27000]",3,-4.0,1,3,0,0,7,True
2024-2024122023gm-00a9-0000-df6602c9-02-s2-d15,245,A,1,47,"[27600,5300,53300,12800]",1,10.0,1,3,0,1,11,True
2024-2024122023gm-00a9-0000-df6602c9-02-s2-d15,245,B,4,23,"[15400,5700,54200,24700]",1,10.0,1,3,2,0,8,True
2024-2024122023gm-00a9-0000-df6602c9-02-s2-d15,246,A,1,47,"[20800,23600,30900,24700]",1,10.0,1,3,0,0,6,True
2024-2024122023gm-00a9-0000-df6602c9-02-s2-d15,246,B,4,23,"[16700,42100,20800,20400]",2,4.0,1,3,0,0,8,True
2024-2024122023gm-00a9-0000-df6602c9-02-s2-d15,247,A,1,47,"[-1500,24300,47900,29300]",1,10.0,1,2,0,0,5,True
2024-2024122023gm-00a9-0000-df6602c9-02-s2-d15,247,B,4,23,"[-1500,24300,47900,29300]",1,10.0,1,2,0,0,5,True
2024-2024122023gm-00a9-0000-df6602c9-02-s2-d15,248,A,1,47,"[13800,41100,13700,31400]",4,-10.0,1,3,0,0,7,True
2024-2024122023gm-00a9-0000-df6602c9-02-s2-d15,248,B,4,23,"[13800,41100,13700,31400]",4,-10.0,1,3,0,0,7,True
2024-2024122023gm-00a9-0000-df6602c9-02-s2-d15,249,A,1,47,"[-2100,16300,58900,26900]",1,10.0,0,2,1,0,2,True
2024-2024122023gm-00a9-0000-df6602c9-02-s2-d15,249,B,4,23,"[19500,40000,33500,7000]",2,4.0,1,3,0,0,12,True
2024-2024122023gm-00a9-0000-df6602c9-02-s2-d15,250,A,1,47,"[8400,32000,28800,30800]",3,-4.0,1,3,0,0,8,True
2024-2024122023gm-00a9-0000-df6602c9-02-s2-d15,250,B,4,23,"[8400,32000,28800,30800]",3,-4.0,1,3,0,0,8,True
2024-2024122023gm-00a9-0000-df6602c9-02-s2-d15,251,A,1,47,"[28000,25700,30000,16300]",1,10.0,1,3,0,0,9,True
2024-2024122023gm-00a9-0000-df6602c9-02-s2-d15,251,B,4,23,"[28000,25700,30000,16300]",1,10.0,1,3,0,0,9,True
2024-2024122023gm-00a9-0000-df6602c9-02-s2-d15,252,A,1,47,"[-10300,8700,61800,39800]",1,10.0,1,0,0,0,5,True
2024-2024122023gm-00a9-0000-df6602c9-02-s2-d15,252,B,4,23,"[-10300,8700,61800,39800]",1,10.0,1,0,0,0,5,True
2024-2024122023gm-00a9-0000-df6602c9-02-s2-d15,253,A,1,47,"[18700,22900,17600,40800]",4,-10.0,1,3,0,0,7,True
2024-2024122023gm-00a9-0000-df6602c9-02-s2-d15,253,B,4,23,"[21600,9200,42800,26400]",1,10.0,1,3,2,0,9,True
2024-2024122023gm-00a9-0000-df6602c9-02-s2-d15,254,A,1,47,"[18900,10200,44600,26300]",1,10.0,1,3,0,0,11,True
2024-2024122023gm-00a9-0000-df6602c9-02-s2-d15,254,B,4,23,"[7800,24800,51800,15600]",1,10.0,1,3,0,0,9,True
2024-2024122023gm-00a9-0000-df6602c9-02-s2-d15,255,A,1,47,"[17100,37600,19800,25500]",3,-4.0,1,3,0,0,7,True
2024-2024122023gm-00a9-0000-df6602c9-02-s2-d15,255,B,4,23,"[6600,39400,34500,19500]",2,4.0,1,3,0,0,7,True
2025-2025011023gm-00a9-0000-6d5806f0-05-s0-d13,0,A,1,23,"[25300,16700,11900,45100]",2,4.0,1,3,0,1,7,True
2025-2025011023gm-00a9-0000-6d5806f0-05-s0-d13,0,B,4,21,"[25300,16700,11900,45100]",2,4.0,1,3,0,1,7,True
2025-2025011023gm-00a9-0000-6d5806f0-05-s0-d13,1,A,1,23,"[32300,22000,18500,27200]",1,10.0,1,3,3,0,8,True
2025-2025011023gm-00a9-0000-6d5806f0-05-s0-d13,1,B,4,21,"[10200,15500,37700,36600]",4,-10.0,1,3,0,0,9,True
2025-2025011023gm-00a9-0000-6d5806f0-05-s0-d13,2,A,1,23,"[12500,22000,37900,27600]",4,-10.0,2,1,0,0,7,True
2025-2025011023gm-00a9-0000-6d5806f0-05-s0-d13,2,B,4,21,"[24400,21700,32000,21900]",2,4.0,2,0,0,0,6,True
2025-2025011023gm-00a9-0000-6d5806f0-05-s0-d13,3,A,1,23,"[38300,32800,3800,25100]",1,10.0,1,3,0,0,6,True
2025-2025011023gm-00a9-0000-6d5806f0-05-s0-d13,3,B,4,21,"[38300,32800,3800,25100]",1,10.0,1,3,0,0,6,True
2025-2025011023gm-00a9-0000-6d5806f0-05-s0-d13,4,A,1,23,"[33400,9900,32100,24600]",1,10.0,1,3,0,0,5,True
2025-2025011023gm-00a9-0000-6d5806f0-05-s0-d13,4,B,4,21,"[24800,6900,31100,37200]",3,-4.0,1,3,0,0,5,True
2025-2025011023gm-00a9-0000-6d5806f0-05-s0-d13,5,A,1,23,"[22800,29000,6000,42200]",3,-4.0,1,3,0,0,6,True
2025-2025011023gm-00a9-0000-6d5806f0-05-s0-d13,5,B,4,21,"[19800,26400,32300,21500]",4,-10.0,2,0,0,0,7,True
2025-2025011023gm-00a9-0000-6d5806f0-05-s0-d13,6,A,1,23,"[20800,10400,34000,34800]",3,-4.0,1,3,0,0,6,True
2025-2025011023gm-00a9-0000-6d5806f0-05-s0-d13,6,B,4,21,"[20800,10400,34000,34800]",3,-4.0,1,3,0,0,6,True
2025-2025011023gm-00a9-0000-6d5806f0-05-s0-d13,7,A,1,23,"[17600,10000,22300,50100]",3,-4.0,1,3,0,0,8,True
2025-2025011023gm-00a9-0000-6d5806f0-05-s0-d13,7,B,4,21,"[17600,10000,22300,50100]",3,-4.0,1,3,0,0,8,True
2025-2025011023gm-00a9-0000-6d5806f0-05-s0-d13,8,A,1,23,"[35000,21900,13900,29200]",1,10.0,1,3,1,0,9,True
2025-2025011023gm-00a9-0000-6d5806f0-05-s0-d13,8,B,4,21,"[35000,21900,13900,29200]",1,10.0,1,3,1,0,9,True
2025-2025011023gm-00a9-0000-6d5806f0-05-s0-d13,9,A,1,23,"[20000,17500,10000,52500]",2,4.0,1,3,0,0,5,True
2025-2025011023gm-00a9-0000-6d5806f0-05-s0-d13,9,B,4,21,"[20000,17500,10000,52500]",2,4.0,1,3,0,0,5,True
2025-2025011023gm-00a9-0000-6d5806f0-05-s0-d13,10,A,1,23,"[42300,6400,13200,38100]",1,10.0,1,3,0,0,5,True
2025-2025011023gm-00a9-0000-6d5806f0-05-s0-d13,10,B,4,21,"[40000,20700,19300,20000]",1,10.0,1,3,0,0,5,True
2025-2025011023gm-00a9-0000-6d5806f0-05-s0-d13,11,A,1,23,"[14000,25200,26100,34700]",4,-10.0,1,3,0,0,6,True
2025-2025011023gm-00a9-0000-6d5806f0-05-s0-d13,11,B,4,21,"[44200,28100,-7000,34700]",1,10.0,1,3,0,0,6,True
2025-2025011023gm-00a9-0000-6d5806f0-05-s0-d13,12,A,1,23,"[26800,18000,19800,35400]",2,4.0,1,3,0,0,5,True
2025-2025011023gm-00a9-0000-6d5806f0-05-s0-d13,12,B,4,21,"[26800,18000,19800,35400]",2,4.0,1,3,0,0,5,True
2025-2025011023gm-00a9-0000-6d5806f0-05-s0-d13,13,A,1,23,"[28900,32800,5100,33200]",3,-4.0,1,3,0,0,5,True
2025-2025011023gm-00a9-0000-6d5806f0-05-s0-d13,13,B,4,21,"[35900,13000,20900,30200]",1,10.0,1,3,0,0,7,True
2025-2025011023gm-00a9-0000-6d5806f0-05-s0-d13,14,A,1,23,"[7700,33800,23800,34700]",4,-10.0,1,3,2,0,6,True
2025-2025011023gm-00a9-0000-6d5806f0-05-s0-d13,14,B,4,21,"[18400,27600,16800,37200]",3,-4.0,1,3,0,0,6,True
2025-2025011023gm-00a9-0000-6d5806f0-05-s0-d13,15,A,1,23,"[23900,20600,15800,39700]",2,4.0,1,3,0,0,5,True
2025-2025011023gm-00a9-0000-6d5806f0-05-s0-d13,15,B,4,21,"[23900,20600,15800,39700]",2,4.0,1,3,0,0,5,True
2025-2025011023gm-00a9-0000-6d5806f0-05-s0-d13,16,A,1,23,"[24100,28000,31500,16400]",3,-4.0,1,3,0,0,6,True
2025-2025011023gm-00a9-0000-6d5806f0-05-s0-d13,16,B,4,21,"[23800,31200,32700,12300]",3,-4.0,1,3,0,0,6,True
2025-2025011023gm-00a9-0000-6d5806f0-05-s0-d13,17,A,1,23,"[25600,14100,21400,38900]",2,4.0,1,3,0,0,7,True
2025-2025011023gm-00a9-0000-6d5806f0-05-s0-d13,17,B,4,21,"[24100,34200,4800,36900]",3,-4.0,1,3,0,0,7,True
2025-2025011023gm-00a9-0000-6d5806f0-05-s0-d13,18,A,1,23,"[16400,19600,32400,31600]",4,-10.0,1,3,0,0,9,True
2025-2025011023gm-00a9-0000-6d5806f0-05-s0-d13,18,B,4,21,"[32500,15400,15700,36400]",2,4.0,1,3,0,0,7,True
2025-2025011023gm-00a9-0000-6d5806f0-05-s0-d13,19,A,1,23,"[30200,25300,9700,34800]",2,4.0,1,3,0,0,5,True
2025-2025011023gm-00a9-0000-6d5806f0-05-s0-d13,19,B,4,21,"[30200,25300,9700,34800]",2,4.0,1,3,0,0,5,True
2025-2025011023gm-00a9-0000-6d5806f0-05-s0-d13,20,A,1,23,"[32100,25000,27400,15500]",1,10.0,2,0,0,0,10,True
2025-2025011023gm-00a9-0000-6d5806f0-05-s0-d13,20,B,4,21,"[25000,28000,14400,32600]",3,-4.0,1,3,0,0,7,True
2025-2025011023gm-00a9-0000-6d5806f0-05-s0-d13,21,A,1,23,"[19300,13100,27100,40500]",3,-4.0,1,3,0,0,5,True
2025-2025011023gm-00a9-0000-6d5806f0-05-s0-d13,21,B,4,21,"[19300,13100,27100,40500]",3,-4.0,1,3,0,0,5,True
2025-2025011023gm-00a9-0000-6d5806f0-05-s0-d13,22,A,1,23,"[26500,18000,35600,19900]",2,4.0,1,3,2,0,6,True
2025-2025011023gm-00a9-0000-6d5806f0-05-s0-d13,22,B,4,21,"[26500,18000,35600,19900]",2,4.0,1,3,2,0,6,True
2025-2025011023gm-00a9-0000-6d5806f0-05-s0-d13,23,A,1,23,"[37300,11600,29200,21900]",1,10.0,1,3,0,0,5,True
2025-2025011023gm-00a9-0000-6d5806f0-05-s0-d13,23,B,4,21,"[10400,32000,30500,27100]",4,-10.0,1,3,0,0,7,True
2025-2025011023gm-00a9-0000-6d5806f0-05-s0-d13,24,A,1,23,"[24500,31900,32500,11100]",3,-4.0,1,3,2,0,10,True
2025-2025011023gm-00a9-0000-6d5806f0-05-s0-d13,24,B,4,21,"[24500,31900,32500,11100]",3,-4.0,1,3,2,0,10,True
2025-2025011023gm-00a9-0000-6d5806f0-05-s0-d13,25,A,1,23,"[16900,28700,13800,40600]",3,-4.0,1,3,0,0,6,True
2025-2025011023gm-00a9-0000-6d5806f0-05-s0-d13,25,B,4,21,"[16900,28700,13800,40600]",3,-4.0,1,3,0,0,6,True
2025-2025011023gm-00a9-0000-6d5806f0-05-s0-d13,26,A,1,23,"[35800,22500,21300,20400]",1,10.0,1,3,0,0,6,True
2025-2025011023gm-00a9-0000-6d5806f0-05-s0-d13,26,B,4,21,"[35800,22500,21300,20400]",1,10.0,1,3,0,0,6,True
2025-2025011023gm-00a9-0000-6d5806f0-05-s0-d13,27,A,1,23,"[17300,23300,13600,45800]",3,-4.0,1,3,0,0,6,True
2025-2025011023gm-00a9-0000-6d5806f0-05-s0-d13,27,B,4,21,"[17300,23300,13600,45800]",3,-4.0,1,3,0,0,6,True
2025-2025011023gm-00a9-0000-6d5806f0-05-s0-d13,28,A,1,23,"[33700,29800,7500,29000]",1,10.0,1,3,0,0,5,True
2025-2025011023gm-00a9-0000-6d5806f0-05-s0-d13,28,B,4,21,"[40300,31900,5300,22500]",1,10.0,1,3,0,0,5,True
2025-2025011023gm-00a9-0000-6d5806f0-05-s0-d13,29,A,1,23,"[30800,21000,17000,31200]",2,4.0,1,3,0,0,6,True
2025-2025011023gm-00a9-0000-6d5806f0-05-s0-d13,29,B,4,21,"[12000,19700,46100,22200]",4,-10.0,1,3,2,0,6,True
2025-2025011023gm-00a9-0000-6d5806f0-05-s0-d13,30,A,1,23,"[6600,19800,36700,36900]",4,-10.0,1,3,0,0,8,True
2025-2025011023gm-00a9-0000-6d5806f0-05-s0-d13,30,B,4,21,"[4000,19800,38000,38200]",4,-10.0,1,3,0,0,8,True
2025-2025011023gm-00a9-0000-6d5806f0-05-s0-d13,31,A,1,23,"[19600,35600,1800,43000]",3,-4.0,1,3,0,0,6,True
2025-2025011023gm-00a9-0000-6d5806f0-05-s0-d13,31,B,4,21,"[32500,20600,15400,31500]",1,10.0,1,3,0,0,5,True
2025-2025011023gm-00a9-0000-6d5806f0-05-s0-d13,32,A,1,23,"[31300,40800,12900,15000]",2,4.0,1,3,0,0,7,True
2025-2025011023gm-00a9-0000-6d5806f0-05-s0-d13,32,B,4,21,"[28300,41800,13900,16000]",2,4.0,1,3,0,0,7,True
2025-2025011023gm-00a9-0000-6d5806f0-05-s0-d13,33,A,1,23,"[40500,29600,-5300,35200]",1,10.0,1,2,0,0,5,True
2025-2025011023gm-00a9-0000-6d5806f0-05-s0-d13,33,B,4,21,"[18200,17600,26800,37400]",3,-4.0,1,3,1,0,5,True
2025-2025011023gm-00a9-0000-6d5806f0-05-s0-d13,34,A,1,23,"[33500,45600,-3100,24000]",2,4.0,1,3,3,0,8,True
2025-2025011023gm-00a9-0000-6d5806f0-05-s0-d13,34,B,4,21,"[24700,44400,8700,22200]",2,4.0,1,3,0,0,6,True
2025-2025011023gm-00a9-0000-6d5806f0-05-s0-d13,35,A,1,23,"[32700,20900,6200,40200]",2,4.0,1,3,0,0,5,True
2025-2025011023gm-00a9-0000-6d5806f0-05-s0-d13,35,B,4,21,"[29200,31300,18000,21500]",2,4.0,1,3,0,0,7,True
2025-2025011023gm-00a9-0000-6d5806f0-05-s0-d13,36,A,1,23,"[33400,30100,31500,5000]",1,10.0,1,3,0,0,5,True
2025-2025011023gm-00a9-0000-6d5806f0-05-s0-d13,36,B,4,21,"[33400,30100,31500,5000]",1,10.0,1,3,0,0,5,True
2025-2025011023gm-00a9-0000-6d5806f0-05-s0-d13,37,A,1,23,"[22900,32200,39700,5200]",3,-4.0,1,3,0,0,6,True
2025-2025011023gm-00a9-0000-6d5806f0-05-s0-d13,37,B,4,21,"[24200,30500,21400,23900]",2,4.0,2,1,0,0,7,True
2025-2025011023gm-00a9-0000-6d5806f0-05-s0-d13,38,A,1,23,"[18400,28100,10700,42800]",3,-4.0,1,3,0,0,5,True
2025-2025011023gm-00a9-0000-6d5806f0-05-s0-d13,38,B,4,21,"[18400,28100,10700,42800]",3,-4.0,1,3,0,0,5,True
2025-2025011023gm-00a9-0000-6d5806f0-05-s0-d13,39,A,1,23,"[30500,27700,16700,24100]",1,10.0,1,3,0,1,6,True
2025-2025011023gm-00a9-0000-6d5806f0-05-s0-d13,39,B,4,21,"[18100,22600,16100,43200]",3,-4.0,1,3,0,0,7,True
2025-2025011023gm-00a9-0000-6d5806f0-05-s0-d13,40,A,1,23,"[35800,29200,10600,24400]",1,10.0,1,3,0,0,8,True
2025-2025011023gm-00a9-0000-6d5806f0-05-s0-d13,40,B,4,21,"[18900,26400,19000,34700]",4,-10.0,1,3,0,1,6,True
2025-2025011023gm-00a9-0000-6d5806f0-05-s0-d13,41,A,1,23,"[29300,40300,5400,25000]",2,4.0,1,3,0,0,6,True
2025-2025011023gm-00a9-0000-6d5806f0-05-s0-d13,41,B,4,21,"[29300,40300,5400,25000]",2,4.0,1,3,0,0,6,True
2025-2025011023gm-00a9-0000-6d5806f0-05-s0-d13,42,A,1,23,"[39000,3600,26800,30600]",1,10.0,1,3,0,0,5,True
2025-2025011023gm-00a9-0000-6d5806f0-05-s0-d13,42,B,4,21,"[42300,19000,22000,16700]",1,10.0,1,3,0,0,5,True
2025-2025011023gm-00a9-0000-6d5806f0-05-s0-d13,43,A,1,23,"[19300,34000,22100,24600]",4,-10.0,2,0,0,0,8,True
2025-2025011023gm-00a9-0000-6d5806f0-05-s0-d13,43,B,4,21,"[28900,31900,14500,24700]",2,4.0,1,3,3,0,6,True
2025-2025011023gm-00a9-0000-6d5806f0-05-s0-d13,44,A,1,23,"[35200,15600,21900,27300]",1,10.0,1,3,0,0,5,True
2025-2025011023gm-00a9-0000-6d5806f0-05-s0-d13,44,B,4,21,"[33300,11100,20600,35000]",2,4.0,1,3,0,0,5,True
2025-2025011023gm-00a9-0000-6d5806f0-05-s0-d13,45,A,1,23,"[25100,24100,5900,44900]",2,4.0,1,3,0,0,6,True
2025-2025011023gm-00a9-0000-6d5806f0-05-s0-d13,45,B,4,21,"[25100,24100,5900,44900]",2,4.0,1,3,0,0,6,True
2025-2025011023gm-00a9-0000-6d5806f0-05-s0-d13,46,A,1,23,"[21200,21700,31400,25700]",4,-10.0,2,2,0,0,11,True
2025-2025011023gm-00a9-0000-6d5806f0-05-s0-d13,46,B,4,21,"[22600,21300,12600,43500]",2,4.0,1,3,0,0,6,True
2025-2025011023gm-00a9-0000-6d5806f0-05-s0-d13,47,A,1,23,"[33800,23700,9900,31600]",1,10.0,1,3,1,1,6,True
2025-2025011023gm-00a9-0000-6d5806f0-05-s0-d13,47,B,4,21,"[33800,23700,9900,31600]",1,10.0,1,3,1,1,6,True
2025-2025011023gm-00a9-0000-6d5806f0-05-s0-d13,48,A,1,23,"[25300,5300,36800,32600]",3,-4.0,1,3,0,0,6,True
2025-2025011023gm-00a9-0000-6d5806f0-05-s0-d13,48,B,4,21,"[28800,11800,36800,22600]",2,4.0,1,3,0,0,6,True
2025-2025011023gm-00a9-0000-6d5806f0-05-s0-d13,49,A,1,23,"[40700,40200,0,19100]",1,10.0,1,3,0,0,7,True
2025-2025011023gm-00a9-0000-6d5806f0-05-s0-d13,49,B,4,21,"[32900,42000,-2000,27100]",2,4.0,1,1,0,0,4,True
2025-2025011023gm-00a9-0000-6d5806f0-05-s0-d13,50,A,1,23,"[26100,10900,22400,40600]",2,4.0,1,3,0,0,5,True
2025-2025011023gm-00a9-0000-6d5806f0-05-s0-d13,50,B,4,21,"[20100,26200,19500,34200]",3,-4.0,1,3,0,0,6,True
2025-2025011023gm-00a9-0000-6d5806f0-05-s0-d13,51,A,1,23,"[35700,31000,15600,17700]",1,10.0,1,3,2,0,9,True
2025-2025011023gm-00a9-0000-6d5806f0-05-s0-d13,51,B,4,21,"[35700,31000,15600,17700]",1,10.0,1,3,2,0,9,True
2025-2025011023gm-00a9-0000-6d5806f0-05-s0-d13,52,A,1,23,"[30800,16200,18900,34100]",2,4.0,1,3,0,0,5,True
2025-2025011023gm-00a9-0000-6d5806f0-05-s0-d13,52,B,4,21,"[16400,42700,7400,33500]",3,-4.0,1,3,0,0,5,True
2025-2025011023gm-00a9-0000-6d5806f0-05-s0-d13,53,A,1,23,"[21100,44500,22300,12100]",3,-4.0,1,3,1,0,7,True
2025-2025011023gm-00a9-0000-6d5806f0-05-s0-d13,53,B,4,21,"[21100,44500,22300,12100]",3,-4.0,1,3,1,0,7,True
2025-2025011023gm-00a9-0000-6d5806f0-05-s0-d13,54,A,1,23,"[22600,27700,-200,49900]",3,-4.0,1,2,0,0,5,True
2025-2025011023gm-00a9-0000-6d5806f0-05-s0-d13,54,B,4,21,"[30400,44500,-3500,28600]",2,4.0,1,1,0,0,3,True
2025-2025011023gm-00a9-0000-6d5806f0-05-s0-d13,55,A,1,23,"[28000,20200,10800,41000]",2,4.0,1,3,0,0,5,True
2025-2025011023gm-00a9-0000-6d5806f0-05-s0-d13,55,B,4,21,"[28000,20200,10800,41000]",2,4.0,1,3,0,0,5,True
2025-2025011023gm-00a9-0000-6d5806f0-05-s0-d13,56,A,1,23,"[24300,30100,27700,17900]",3,-4.0,1,3,0,0,5,True
2025-2025011023gm-00a9-0000-6d5806f0-05-s0-d13,56,B,4,21,"[34000,34500,3900,27600]",2,4.0,1,3,0,0,5,True
2025-2025011023gm-00a9-0000-6d5806f0-05-s0-d13,57,A,1,23,"[12800,10500,4100,72600]",2,4.0,1,3,0,0,5,True
2025-2025011023gm-00a9-0000-6d5806f0-05-s0-d13,57,B,4,21,"[15000,16300,1700,67000]",3,-4.0,1,3,0,0,5,True
2025-2025011023gm-00a9-0000-6d5806f0-05-s0-d13,58,A,1,23,"[15700,15500,35700,33100]",3,-4.0,1,3,0,0,7,True
2025-2025011023gm-00a9-0000-6d5806f0-05-s0-d13,58,B,4,21,"[15700,15500,35700,33100]",3,-4.0,1,3,0,0,7,True
2025-2025011023gm-00a9-0000-6d5806f0-05-s0-d13,59,A,1,23,"[27800,27700,11400,33100]",2,4.0,1,3,0,0,5,True
2025-2025011023gm-00a9-0000-6d5806f0-05-s0-d13,59,B,4,21,"[27800,27700,11400,33100]",2,4.0,1,3,0,0,5,True
2025-2025011023gm-00a9-0000-6d5806f0-05-s0-d13,60,A,1,23,"[23900,26900,37100,12100]",3,-4.0,2,0,0,0,6,True
2025-2025011023gm-00a9-0000-6d5806f0-05-s0-d13,60,B,4,21,"[23900,26900,37100,12100]",3,-4.0,2,0,0,0,6,True
2025-2025011023gm-00a9-0000-6d5806f0-05-s0-d13,61,A,1,23,"[33300,26600,12400,27700]",1,10.0,1,3,0,0,6,True
2025-2025011023gm-00a9-0000-6d5806f0-05-s0-d13,61,B,4,21,"[37700,16400,15000,30900]",1,10.0,1,3,0,0,6,True
2025-2025011023gm-00a9-0000-6d5806f0-05-s0-d13,62,A,1,23,"[30900,13100,31800,24200]",2,4.0,1,3,0,0,5,True
2025-2025011023gm-00a9-0000-6d5806f0-05-s0-d13,62,B,4,21,"[30900,13100,31800,24200]",2,4.0,1,3,0,0,5,True
2025-2025011023gm-00a9-0000-6d5806f0-05-s0-d13,63,A,1,23,"[40800,12300,28700,18200]",1,10.0,1,3,0,0,6,True
2025-2025011023gm-00a9-0000-6d5806f0-05-s0-d13,63,B,4,21,"[13800,8700,53900,23600]",3,-4.0,1,3,0,0,9,True
2025-2025011023gm-00a9-0000-6d5806f0-05-s0-d13,64,A,1,23,"[12900,32300,28700,26100]",4,-10.0,2,1,1,0,10,True
2025-2025011023gm-00a9-0000-6d5806f0-05-s0-d13,64,B,4,21,"[30400,27600,22300,19700]",1,10.0,1,3,0,0,7,True
2025-2025011023gm-00a9-0000-6d5806f0-05-s0-d13,65,A,1,23,"[23400,31200,1800,43600]",3,-4.0,1,3,0,0,5,True
2025-2025011023gm-00a9-0000-6d5806f0-05-s0-d13,65,B,4,21,"[23400,31200,1800,43600]",3,-4.0,1,3,0,0,5,True
2025-2025011023gm-00a9-0000-6d5806f0-05-s0-d13,66,A,1,23,"[26300,1700,22300,49700]",2,4.0,1,3,0,0,7,True
2025-2025011023gm-00a9-0000-6d5806f0-05-s0-d13,66,B,4,21,"[38800,15900,5500,39800]",2,4.0,1,3,0,0,6,True
2025-2025011023gm-00a9-0000-6d5806f0-05-s0-d13,67,A,1,23,"[28500,16700,16200,38600]",2,4.0,1,3,0,0,5,True
2025-2025011023gm-00a9-0000-6d5806f0-05-s0-d13,67,B,4,21,"[28500,16700,16200,38600]",2,4.0,1,3,0,0,5,True
2025-2025011023gm-00a9-0000-6d5806f0-05-s0-d13,68,A,1,23,"[19500,31500,23100,24900]",4,-10.0,2,0,0,1,6,True
2025-2025011023gm-00a9-0000-6d5806f0-05-s0-d13,68,B,4,21,"[19500,31500,23100,24900]",4,-10.0,2,0,0,1,6,True
2025-2025011023gm-00a9-0000-6d5806f0-05-s0-d13,69,A,1,23,"[33400,28100,15200,22300]",1,10.0,1,3,1,1,6,True
2025-2025011023gm-00a9-0000-6d5806f0-05-s0-d13,69,B,4,21,"[33400,28100,15200,22300]",1,10.0,1,3,1,1,6,True
2025-2025011023gm-00a9-0000-6d5806f0-05-s0-d13,70,A,1,23,"[38100,20600,20900,20400]",1,10.0,1,3,1,0,6,True
2025-2025011023gm-00a9-0000-6d5806f0-05-s0-d13,70,B,4,21,"[24800,19200,9800,46200]",2,4.0,1,3,0,0,5,True
2025-2025011023gm-00a9-0000-6d5806f0-05-s0-d13,71,A,1,23,"[37500,17400,16300,28800]",1,10.0,1,3,0,0,6,True
2025-2025011023gm-00a9-0000-6d5806f0-05-s0-d13,71,B,4,21,"[32000,19300,20600,28100]",1,10.0,2,0,0,0,7,True
2025-2025011023gm-00a9-0000-6d5806f0-05-s0-d13,72,A,1,23,"[27900,23000,4700,44400]",2,4.0,1,3,1,0,8,True
2025-2025011023gm-00a9-0000-6d5806f0-05-s0-d13,72,B,4,21,"[27900,23000,4700,44400]",2,4.0,1,3,1,0,8,True
2025-2025011023gm-00a9-0000-6d5806f0-05-s0-d13,73,A,1,23,"[17600,14800,40800,26800]",3,-4.0,1,3,0,0,5,True
2025-2025011023gm-00a9-0000-6d5806f0-05-s0-d13,73,B,4,21,"[17600,14800,40800,26800]",3,-4.0,1,3,0,0,5,True
2025-2025011023gm-00a9-0000-6d5806f0-05-s0-d13,74,A,1,23,"[31300,27800,32700,8200]",2,4.0,1,3,0,0,11,True
2025-2025011023gm-00a9-0000-6d5806f0-05-s0-d13,74,B,4,21,"[31300,27800,32700,8200]",2,4.0,1,3,0,0,11,True
2025-2025011023gm-00a9-0000-6d5806f0-05-s0-d13,75,A,1,23,"[20900,23500,16000,39600]",3,-4.0,1,3,0,0,7,True
2025-2025011023gm-00a9-0000-6d5806f0-05-s0-d13,75,B,4,21,"[23900,20200,21000,34900]",2,4.0,1,3,0,0,8,True
2025-2025011023gm-00a9-0000-6d5806f0-05-s0-d13,76,A,1,23,"[10400,22300,32400,34900]",4,-10.0,1,3,0,0,6,True
2025-2025011023gm-00a9-0000-6d5806f0-05-s0-d13,76,B,4,21,"[31100,18000,13000,37900]",2,4.0,1,3,0,0,5,True
2025-2025011023gm-00a9-0000-6d5806f0-05-s0-d13,77,A,1,23,"[43100,-1600,43600,14900]",2,4.0,1,3,1,0,9,True
2025-2025011023gm-00a9-0000-6d5806f0-05-s0-d13,77,B,4,21,"[43100,-1600,43600,14900]",2,4.0,1,3,1,0,9,True
2025-2025011023gm-00a9-0000-6d5806f0-05-s0-d13,78,A,1,23,"[36900,31600,26400,5100]",1,10.0,1,3,0,0,6,True
2025-2025011023gm-00a9-0000-6d5806f0-05-s0-d13,78,B,4,21,"[38400,19200,15200,27200]",1,10.0,1,3,0,0,5,True
2025-2025011023gm-00a9-0000-6d5806f0-05-s0-d13,79,A,1,23,"[18800,31300,17700,32200]",3,-4.0,1,3,1,0,6,True
2025-2025011023gm-00a9-0000-6d5806f0-05-s0-d13,79,B,4,21,"[32500,22200,12500,32800]",2,4.0,1,3,0,0,6,True
2025-2025011023gm-00a9-0000-6d5806f0-05-s0-d13,80,A,1,23,"[23600,46300,17200,12900]",2,4.0,1,3,1,0,7,True
2025-2025011023gm-00a9-0000-6d5806f0-05-s0-d13,80,B,4,21,"[23600,46300,17200,12900]",2,4.0,1,3,1,0,7,True
2025-2025011023gm-00a9-0000-6d5806f0-05-s0-d13,81,A,1,23,"[14200,25000,27100,33700]",4,-10.0,1,3,0,0,5,True
2025-2025011023gm-00a9-0000-6d5806f0-05-s0-d13,81,B,4,21,"[22700,22000,19800,35500]",2,4.0,1,3,1,0,5,True
2025-2025011023gm-00a9-0000-6d5806f0-05-s0-d13,82,A,1,23,"[45200,22200,4400,28200]",1,10.0,1,3,0,0,6,True
2025-2025011023gm-00a9-0000-6d5806f0-05-s0-d13,82,B,4,21,"[45200,22200,4400,28200]",1,10.0,1,3,0,0,6,True
2025-2025011023gm-00a9-0000-6d5806f0-05-s0-d13,83,A,1,23,"[33200,24900,17400,24500]",1,10.0,2,0,0,0,8,True
2025-2025011023gm-00a9-0000-6d5806f0-05-s0-d13,83,B,4,21,"[33200,24900,17400,24500]",1,10.0,2,0,0,0,8,True
2025-2025011023gm-00a9-0000-6d5806f0-05-s0-d13,84,A,1,23,"[41400,33100,-100,25600]",1,10.0,1,1,0,0,4,True
2025-2025011023gm-00a9-0000-6d5806f0-05-s0-d13,84,B,4,21,"[41400,33100,-100,25600]",1,10.0,1,1,0,0,4,True
2025-2025011023gm-00a9-0000-6d5806f0-05-s0-d13,85,A,1,23,"[42400,3900,19600,32100]",1,10.0,1,3,2,2,6,True
2025-2025011023gm-00a9-0000-6d5806f0-05-s0-d13,85,B,4,21,"[39800,-1400,26800,34800]",1,10.0,1,2,2,0,6,True
2025-2025011023gm-00a9-0000-6d5806f0-05-s0-d13,86,A,1,23,"[54600,15700,5900,23800]",1,10.0,1,3,1,0,6,True
2025-2025011023gm-00a9-0000-6d5806f0-05-s0-d13,86,B,4,21,"[54600,15700,5900,23800]",1,10.0,1,3,1,0,6,True
2025-2025011023gm-00a9-0000-6d5806f0-05-s0-d13,87,A,1,23,"[33700,21700,10100,34500]",2,4.0,1,3,0,0,7,True
2025-2025011023gm-00a9-0000-6d5806f0-05-s0-d13,87,B,4,21,"[49000,19100,6100,25800]",1,10.0,1,3,0,0,8,True
2025-2025011023gm-00a9-0000-6d5806f0-05-s0-d13,88,A,1,23,"[22500,28200,15700,33600]",3,-4.0,1,3,0,0,5,True
2025-2025011023gm-00a9-0000-6d5806f0-05-s0-d13,88,B,4,21,"[22500,28200,15700,33600]",3,-4.0,1,3,0,0,5,True
2025-2025011023gm-00a9-0000-6d5806f0-05-s0-d13,89,A,1,23,"[33700,27400,8800,30100]",1,10.0,1,3,1,0,6,True
2025-2025011023gm-00a9-0000-6d5806f0-05-s0-d13,89,B,4,21,"[33700,27400,8800,30100]",1,10.0,1,3,1,0,6,True
2025-2025011023gm-00a9-0000-6d5806f0-05-s0-d13,90,A,1,23,"[31400,35900,-600,33300]",3,-4.0,1,3,0,0,6,True
2025-2025011023gm-00a9-0000-6d5806f0-05-s0-d13,90,B,4,21,"[9400,26700,25400,38500]",4,-10.0,1,3,0,0,7,True
2025-2025011023gm-00a9-0000-6d5806f0-05-s0-d13,91,A,1,23,"[17900,20300,26000,35800]",4,-10.0,1,3,0,0,6,True
2025-2025011023gm-00a9-0000-6d5806f0-05-s0-d13,91,B,4,21,"[17900,20300,26000,35800]",4,-10.0,1,3,0,0,6,True
2025-2025011023gm-00a9-0000-6d5806f0-05-s0-d13,92,A,1,23,"[15700,19300,31400,33600]",4,-10.0,1,3,0,0,6,True
2025-2025011023gm-00a9-0000-6d5806f0-05-s0-d13,92,B,4,21,"[15900,22000,21200,40900]",4,-10.0,1,3,0,0,6,True
2025-2025011023gm-00a9-0000-6d5806f0-05-s0-d13,93,A,1,23,"[40600,20700,12500,26200]",1,10.0,1,3,0,0,5,True
2025-2025011023gm-00a9-0000-6d5806f0-05-s0-d13,93,B,4,21,"[39100,23200,12000,25700]",1,10.0,1,3,0,0,5,True
2025-2025011023gm-00a9-0000-6d5806f0-05-s0-d13,94,A,1,23,"[32200,25600,17200,25000]",1,10.0,1,3,0,0,5,True
2025-2025011023gm-00a9-0000-6d5806f0-05-s0-d13,94,B,4,21,"[25000,18500,33300,23200]",2,4.0,2,1,0,0,8,True
2025-2025011023gm-00a9-0000-6d5806f0-05-s0-d13,95,A,1,23,"[14100,33200,13500,39200]",3,-4.0,1,3,1,0,7,True
2025-2025011023gm-00a9-0000-6d5806f0-05-s0-d13,95,B,4,21,"[24100,29400,13500,33000]",3,-4.0,1,3,0,0,6,True
2025-2025011023gm-00a9-0000-6d5806f0-05-s0-d13,96,A,1,23,"[39800,12900,28600,18700]",1,10.0,2,0,0,0,7,True
2025-2025011023gm-00a9-0000-6d5806f0-05-s0-d13,96,B,4,21,"[25800,21600,32500,19100]",2,4.0,1,3,0,1,5,True
2025-2025011023gm-00a9-0000-6d5806f0-05-s0-d13,97,A,1,23,"[33300,20800,25700,20200]",1,10.0,1,3,0,0,5,True
2025-2025011023gm-00a9-0000-6d5806f0-05-s0-d13,97,B,4,21,"[33300,20800,25700,20200]",1,10.0,1,3,0,0,5,True
2025-2025011023gm-00a9-0000-6d5806f0-05-s0-d13,98,A,1,23,"[21900,16600,24300,37200]",3,-4.0,2,0,0,0,8,True
2025-2025011023gm-00a9-0000-6d5806f0-05-s0-d13,98,B,4,21,"[21900,16600,24300,37200]",3,-4.0,2,0,0,0,8,True
2025-2025011023gm-00a9-0000-6d5806f0-05-s0-d13,99,A,1,23,"[19100,25600,18200,37100]",3,-4.0,1,3,0,0,6,True
2025-2025011023gm-00a9-0000-6d5806f0-05-s0-d13,99,B,4,21,"[18400,20300,29700,30600]",4,-10.0,1,3,0,1,5,True
2025-2025011023gm-00a9-0000-6d5806f0-05-s0-d13,100,A,1,23,"[19200,12900,27000,40900]",3,-4.0,1,3,3,0,7,True
2025-2025011023gm-00a9-0000-6d5806f0-05-s0-d13,100,B,4,21,"[19200,12900,27000,40900]",3,-4.0,1,3,3,0,7,True
2025-2025011023gm-00a9-0000-6d5806f0-05-s0-d13,101,A,1,23,"[27400,13600,23300,35700]",2,4.0,1,3,0,0,5,True
2025-2025011023gm-00a9-0000-6d5806f0-05-s0-d13,101,B,4,21,"[22700,35900,19300,22100]",2,4.0,1,3,1,0,5,True
2025-2025011023gm-00a9-0000-6d5806f0-05-s0-d13,102,A,1,23,"[37400,16200,8100,38300]",2,4.0,1,3,0,0,5,True
2025-2025011023gm-00a9-0000-6d5806f0-05-s0-d13,102,B,4,21,"[37400,16500,8800,37300]",1,10.0,1,3,0,0,5,True
2025-2025011023gm-00a9-0000-6d5806f0-05-s0-d13,103,A,1,23,"[20100,32700,24400,21800]",4,-10.0,1,3,0,1,7,True
2025-2025011023gm-00a9-0000-6d5806f0-05-s0-d13,103,B,4,21,"[24700,33700,7200,34400]",3,-4.0,1,3,0,0,6,True
2025-2025011023gm-00a9-0000-6d5806f0-05-s0-d13,104,A,1,23,"[30500,24000,26200,19300]",1,10.0,1,3,0,0,6,True
2025-2025011023gm-00a9-0000-6d5806f0-05-s0-d13,104,B,4,21,"[22300,13100,33100,31500]",3,-4.0,1,3,0,0,5,True
2025-2025011023gm-00a9-0000-6d5806f0-05-s0-d13,105,A,1,23,"[22400,21000,30000,26600]",3,-4.0,1,3,1,0,6,True
2025-2025011023gm-00a9-0000-6d5806f0-05-s0-d13,105,B,4,21,"[19700,30200,32300,17800]",3,-4.0,1,3,0,0,6,True
2025-2025011023gm-00a9-0000-6d5806f0-05-s0-d13,106,A,1,23,"[33300,29600,5500,31600]",1,10.0,1,3,0,0,7,True
2025-2025011023gm-00a9-0000-6d5806f0-05-s0-d13,106,B,4,21,"[33300,29600,5500,31600]",1,10.0,1,3,0,0,7,True
2025-2025011023gm-00a9-0000-6d5806f0-05-s0-d13,107,A,1,23,"[32000,29000,24300,14700]",1,10.0,1,3,0,0,8,True
2025-2025011023gm-00a9-0000-6d5806f0-05-s0-d13,107,B,4,21,"[32000,29000,24300,14700]",1,10.0,1,3,0,0,8,True
2025-2025011023gm-00a9-0000-6d5806f0-05-s0-d13,108,A,1,23,"[28900,33400,17000,20700]",2,4.0,1,3,0,0,5,True
2025-2025011023gm-00a9-0000-6d5806f0-05-s0-d13,108,B,4,21,"[28900,33400,17000,20700]",2,4.0,1,3,0,0,5,True
2025-2025011023gm-00a9-0000-6d5806f0-05-s0-d13,109,A,1,23,"[24600,30700,4400,40300]",3,-4.0,1,3,0,0,5,True
2025-2025011023gm-00a9-0000-6d5806f0-05-s0-d13,109,B,4,21,"[24600,30700,4400,40300]",3,-4.0,1,3,0,0,5,True
2025-2025011023gm-00a9-0000-6d5806f0-05-s0-d13,110,A,1,23,"[31300,26400,20200,22100]",1,10.0,1,3,0,0,6,True
2025-2025011023gm-00a9-0000-6d5806f0-05-s0-d13,110,B,4,21,"[35400,20500,27700,16400]",1,10.0,1,3,0,0,5,True
2025-2025011023gm-00a9-0000-6d5806f0-05-s0-d13,111,A,1,23,"[18900,23200,24300,33600]",4,-10.0,1,3,0,0,6,True
2025-2025011023gm-00a9-0000-6d5806f0-05-s0-d13,111,B,4,21,"[18900,23200,24300,33600]",4,-10.0,1,3,0,0,6,True
2025-2025011023gm-00a9-0000-6d5806f0-05-s0-d13,112,A,1,23,"[30000,20700,12700,36600]",2,4.0,1,3,0,0,5,True
2025-2025011023gm-00a9-0000-6d5806f0-05-s0-d13,112,B,4,21,"[30000,20700,12700,36600]",2,4.0,1,3,0,0,5,True
2025-2025011023gm-00a9-0000-6d5806f0-05-s0-d13,113,A,1,23,"[24400,23200,15200,37200]",2,4.0,1,3,0,0,5,True
2025-2025011023gm-00a9-0000-6d5806f0-05-s0-d13,113,B,4,21,"[35500,23500,18100,22900]",1,10.0,1,3,2,0,6,True
2025-2025011023gm-00a9-0000-6d5806f0-05-s0-d13,114,A,1,23,"[23100,39200,12900,24800]",3,-4.0,2,0,0,0,7,True
2025-2025011023gm-00a9-0000-6d5806f0-05-s0-d13,114,B,4,21,"[18900,21300,29500,30300]",4,-10.0,1,3,2,0,6,True
2025-2025011023gm-00a9-0000-6d5806f0-05-s0-d13,115,A,1,23,"[45000,24300,10800,19900]",1,10.0,1,3,0,0,7,True
2025-2025011023gm-00a9-0000-6d5806f0-05-s0-d13,115,B,4,21,"[47800,19600,8200,24400]",1,10.0,1,3,0,0,6,True
2025-2025011023gm-00a9-0000-6d5806f0-05-s0-d13,116,A,1,23,"[13400,31100,36400,19100]",4,-10.0,1,3,0,0,7,True
2025-2025011023gm-00a9-0000-6d5806f0-05-s0-d13,116,B,4,21,"[13400,31100,36400,19100]",4,-10.0,1,3,0,0,7,True
2025-2025011023gm-00a9-0000-6d5806f0-05-s0-d13,117,A,1,23,"[34400,19700,28300,17600]",1,10.0,1,3,0,0,7,True
2025-2025011023gm-00a9-0000-6d5806f0-05-s0-d13,117,B,4,21,"[34400,19700,28300,17600]",1,10.0,1,3,0,0,7,True
2025-2025011023gm-00a9-0000-6d5806f0-05-s0-d13,118,A,1,23,"[44200,17900,-8600,46500]",2,4.0,1,3,0,0,7,True
2025-2025011023gm-00a9-0000-6d5806f0-05-s0-d13,118,B,4,21,"[30800,17900,22700,28600]",1,10.0,1,3,0,0,5,True
2025-2025011023gm-00a9-0000-6d5806f0-05-s0-d13,119,A,1,23,"[29700,16500,21300,32500]",2,4.0,1,3,0,0,5,True
2025-2025011023gm-00a9-0000-6d5806f0-05-s0-d13,119,B,4,21,"[18300,9700,26100,45900]",3,-4.0,1,3,0,0,7,True
2025-2025011023gm-00a9-0000-6d5806f0-05-s0-d13,120,A,1,23,"[24200,19100,18800,36900]",2,4.0,1,3,0,1,5,True
2025-2025011023gm-00a9-0000-6d5806f0-05-s0-d13,120,B,4,21,"[24200,19100,18800,36900]",2,4.0,1,3,0,1,5,True
2025-2025011023gm-00a9-0000-6d5806f0-05-s0-d13,121,A,1,23,"[23000,13200,26600,37200]",3,-4.0,1,3,0,0,5,True
2025-2025011023gm-00a9-0000-6d5806f0-05-s0-d13,121,B,4,21,"[23000,13200,26600,37200]",3,-4.0,1,3,0,0,5,True
2025-2025011023gm-00a9-0000-6d5806f0-05-s0-d13,122,A,1,23,"[33600,22500,17100,26800]",1,10.0,2,1,1,0,7,True
2025-2025011023gm-00a9-0000-6d5806f0-05-s0-d13,122,B,4,21,"[32300,23200,9300,35200]",2,4.0,1,3,0,0,5,True
2025-2025011023gm-00a9-0000-6d5806f0-05-s0-d13,123,A,1,23,"[50800,31100,-800,18900]",1,10.0,1,1,1,0,5,True
2025-2025011023gm-00a9-0000-6d5806f0-05-s0-d13,123,B,4,21,"[50800,31100,-800,18900]",1,10.0,1,1,1,0,5,True
2025-2025011023gm-00a9-0000-6d5806f0-05-s0-d13,124,A,1,23,"[8900,32900,32700,25500]",4,-10.0,1,3,0,0,6,True
2025-2025011023gm-00a9-0000-6d5806f0-05-s0-d13,124,B,4,21,"[8900,32900,32700,25500]",4,-10.0,1,3,0,0,6,True
2025-2025011023gm-00a9-0000-6d5806f0-05-s0-d13,125,A,1,23,"[19400,40200,-200,40600]",3,-4.0,1,1,0,0,3,True
2025-2025011023gm-00a9-0000-6d5806f0-05-s0-d13,125,B,4,21,"[26400,35200,16700,21700]",2,4.0,1,3,0,0,5,True
2025-2025011023gm-00a9-0000-6d5806f0-05-s0-d13,126,A,1,23,"[17700,21600,17600,43100]",3,-4.0,1,3,0,0,6,True
2025-2025011023gm-00a9-0000-6d5806f0-05-s0-d13,126,B,4,21,"[17700,21600,17600,43100]",3,-4.0,1,3,0,0,6,True
2025-2025011023gm-00a9-0000-6d5806f0-05-s0-d13,127,A,1,23,"[21400,18300,25500,34800]",3,-4.0,2,0,0,0,6,True
2025-2025011023gm-00a9-0000-6d5806f0-05-s0-d13,127,B,4,21,"[37300,38700,-1900,25900]",2,4.0,1,2,2,0,6,True
2025-2025011023gm-00a9-0000-6d5806f0-05-s0-d13,128,A,1,23,"[29600,22800,17000,30600]",2,4.0,1,3,0,0,7,True
2025-2025011023gm-00a9-0000-6d5806f0-05-s0-d13,128,B,4,21,"[21800,33900,14600,29700]",3,-4.0,1,3,0,0,6,True
2025-2025011023gm-00a9-0000-6d5806f0-05-s0-d13,129,A,1,23,"[13700,31400,13400,41500]",3,-4.0,1,3,0,0,5,True
2025-2025011023gm-00a9-0000-6d5806f0-05-s0-d13,129,B,4,21,"[32300,18100,12100,37500]",2,4.0,1,3,0,0,7,True
2025-2025011023gm-00a9-0000-6d5806f0-05-s0-d13,130,A,1,23,"[32500,26900,20100,20500]",1,10.0,1,3,0,0,5,True
2025-2025011023gm-00a9-0000-6d5806f0-05-s0-d13,130,B,4,21,"[41500,17100,17200,24200]",1,10.0,1,3,0,0,7,True
2025-2025011023gm-00a9-0000-6d5806f0-05-s0-d13,131,A,1,23,"[18800,31800,18200,31200]",3,-4.0,1,3,0,0,7,True
2025-2025011023gm-00a9-0000-6d5806f0-05-s0-d13,131,B,4,21,"[18800,31800,18200,31200]",3,-4.0,1,3,0,0,7,True
2025-2025011023gm-00a9-0000-6d5806f0-05-s0-d13,132,A,1,23,"[15600,23100,34300,27000]",4,-10.0,2,0,1,0,6,True
2025-2025011023gm-00a9-0000-6d5806f0-05-s0-d13,132,B,4,21,"[16800,24600,26600,32000]",4,-10.0,1,3,0,0,5,True
2025-2025011023gm-00a9-0000-6d5806f0-05-s0-d13,133,A,1,23,"[24400,20800,18200,36600]",2,4.0,1,3,0,0,5,True
2025-2025011023gm-00a9-0000-6d5806f0-05-s0-d13,133,B,4,21,"[24400,20800,18200,36600]",2,4.0,1,3,0,0,5,True
2025-2025011023gm-00a9-0000-6d5806f0-05-s0-d13,134,A,1,23,"[30500,22000,-1800,49300]",2,4.0,1,1,0,0,5,True
2025-2025011023gm-00a9-0000-6d5806f0-05-s0-d13,134,B,4,21,"[30500,22000,-1800,49300]",2,4.0,1,1,0,0,5,True
2025-2025011023gm-00a9-0000-6d5806f0-05-s0-d13,135,A,1,23,"[30000,18500,18300,33200]",2,4.0,1,3,0,0,5,True
2025-2025011023gm-00a9-0000-6d5806f0-05-s0-d13,135,B,4,21,"[28900,19400,19300,32400]",2,4.0,1,3,0,0,5,True
2025-2025011023gm-00a9-0000-6d5806f0-05-s0-d13,136,A,1,23,"[22300,28500,7900,41300]",3,-4.0,1,3,0,0,7,True
2025-2025011023gm-00a9-0000-6d5806f0-05-s0-d13,136,B,4,21,"[19100,20000,16600,44300]",3,-4.0,1,3,0,0,8,True
2025-2025011023gm-00a9-0000-6d5806f0-05-s0-d13,137,A,1,23,"[35100,23200,-500,42200]",2,4.0,0,3,0,0,1,True
2025-2025011023gm-00a9-0000-6d5806f0-05-s0-d13,137,B,4,21,"[35100,23200,-500,42200]",2,4.0,0,3,0,0,1,True
2025-2025011023gm-00a9-0000-6d5806f0-05-s0-d13,138,A,1,23,"[34100,24900,20500,20500]",1,10.0,1,3,2,0,7,True
2025-2025011023gm-00a9-0000-6d5806f0-05-s0-d13,138,B,4,21,"[34100,24900,20500,20500]",1,10.0,1,3,2,0,7,True
2025-2025011023gm-00a9-0000-6d5806f0-05-s0-d13,139,A,1,23,"[38800,11600,9000,40600]",2,4.0,1,3,0,0,5,True
2025-2025011023gm-00a9-0000-6d5806f0-05-s0-d13,139,B,4,21,"[39800,10600,9000,40600]",2,4.0,1,3,0,0,5,True
2025-2025011023gm-00a9-0000-6d5806f0-05-s0-d13,140,A,1,23,"[30600,48200,4400,16800]",2,4.0,1,3,0,0,7,True
2025-2025011023gm-00a9-0000-6d5806f0-05-s0-d13,140,B,4,21,"[30600,48200,4400,16800]",2,4.0,1,3,0,0,7,True
2025-2025011023gm-00a9-0000-6d5806f0-05-s0-d13,141,A,1,23,"[22800,22900,23100,31200]",4,-10.0,2,0,0,0,6,True
2025-2025011023gm-00a9-0000-6d5806f0-05-s0-d13,141,B,4,21,"[15900,34600,13800,35700]",3,-4.0,1,3,0,0,5,True
2025-2025011023gm-00a9-0000-6d5806f0-05-s0-d13,142,A,1,23,"[35000,28700,22800,13500]",1,10.0,1,3,1,0,7,True
2025-2025011023gm-00a9-0000-6d5806f0-05-s0-d13,142,B,4,21,"[35000,28700,22800,13500]",1,10.0,1,3,1,0,7,True
2025-2025011023gm-00a9-0000-6d5806f0-05-s0-d13,143,A,1,23,"[35300,12700,25800,26200]",1,10.0,1,3,0,0,5,True
2025-2025011023gm-00a9-0000-6d5806f0-05-s0-d13,143,B,4,21,"[32000,24000,22700,21300]",1,10.0,1,3,1,0,6,True
2025-2025011023gm-00a9-0000-6d5806f0-05-s0-d13,144,A,1,23,"[33200,20200,15900,30700]",1,10.0,1,3,0,0,7,True
2025-2025011023gm-00a9-0000-6d5806f0-05-s0-d13,144,B,4,21,"[31400,26100,16300,26200]",1,10.0,2,0,0,0,6,True
2025-2025011023gm-00a9-0000-6d5806f0-05-s0-d13,145,A,1,23,"[27400,26900,14100,31600]",2,4.0,1,3,1,0,6,True
2025-2025011023gm-00a9-0000-6d5806f0-05-s0-d13,145,B,4,21,"[21100,38000,14700,26200]",3,-4.0,1,3,1,0,6,True
2025-2025011023gm-00a9-0000-6d5806f0-05-s0-d13,146,A,1,23,"[33100,9800,20200,36900]",2,4.0,1,3,1,0,6,True
2025-2025011023gm-00a9-0000-6d5806f0-05-s0-d13,146,B,4,21,"[38900,15700,5000,40400]",2,4.0,1,3,0,0,8,True
2025-2025011023gm-00a9-0000-6d5806f0-05-s0-d13,147,A,1,23,"[20600,8400,30000,40000]",3,-4.0,1,3,0,1,6,True
2025-2025011023gm-00a9-0000-6d5806f0-05-s0-d13,147,B,4,21,"[12700,17600,30800,38900]",4,-10.0,1,3,0,0,7,True
2025-2025011023gm-00a9-0000-6d5806f0-05-s0-d13,148,A,1,23,"[25900,40300,9000,24800]",2,4.0,1,3,0,0,5,True
2025-2025011023gm-00a9-0000-6d5806f0-05-s0-d13,148,B,4,21,"[17000,36200,26000,20800]",4,-10.0,1,3,0,0,5,True
2025-2025011023gm-00a9-0000-6d5806f0-05-s0-d13,149,A,1,23,"[19300,32600,24500,23600]",4,-10.0,1,3,0,0,9,True
2025-2025011023gm-00a9-0000-6d5806f0-05-s0-d13,149,B,4,21,"[17100,22700,25500,34700]",4,-10.0,1,3,0,0,5,True
2025-2025011023gm-00a9-0000-6d5806f0-05-s0-d13,150,A,1,23,"[36800,8300,24300,30600]",1,10.0,1,3,0,0,5,True
2025-2025011023gm-00a9-0000-6d5806f0-05-s0-d13,150,B,4,21,"[36800,8300,24300,30600]",1,10.0,1,3,0,0,5,True
2025-2025011023gm-00a9-0000-6d5806f0-05-s0-d13,151,A,1,23,"[8500,39700,24700,27100]",4,-10.0,1,3,0,0,6,True
2025-2025011023gm-00a9-0000-6d5806f0-05-s0-d13,151,B,4,21,"[8500,39700,24700,27100]",4,-10.0,1,3,0,0,6,True
2025-2025011023gm-00a9-0000-6d5806f0-05-s0-d13,152,A,1,23,"[41400,13300,26200,19100]",1,10.0,1,3,1,0,8,True
2025-2025011023gm-00a9-0000-6d5806f0-05-s0-d13,152,B,4,21,"[41400,13300,26200,19100]",1,10.0,1,3,1,0,8,True
2025-2025011023gm-00a9-0000-6d5806f0-05-s0-d13,153,A,1,23,"[27100,6200,25000,41700]",2,4.0,1,3,0,0,5,True
2025-2025011023gm-00a9-0000-6d5806f0-05-s0-d13,153,B,4,21,"[31500,29400,15300,23800]",1,10.0,1,3,0,0,7,True
2025-2025011023gm-00a9-0000-6d5806f0-05-s0-d13,154,A,1,23,"[21000,30400,26600,22000]",4,-10.0,1,3,0,0,7,True
2025-2025011023gm-00a9-0000-6d5806f0-05-s0-d13,154,B,4,21,"[21000,30400,26600,22000]",4,-10.0,1,3,0,0,7,True
2025-2025011023gm-00a9-0000-6d5806f0-05-s0-d13,155,A,1,23,"[35300,10300,17300,37100]",2,4.0,1,3,0,0,5,True
2025-2025011023gm-00a9-0000-6d5806f0-05-s0-d13,155,B,4,21,"[22200,35600,16100,26100]",3,-4.0,1,3,0,0,6,True
2025-2025011023gm-00a9-0000-6d5806f0-05-s0-d13,156,A,1,23,"[23200,19100,30800,26900]",3,-4.0,2,0,0,0,9,True
2025-2025011023gm-00a9-0000-6d5806f0-05-s0-d13,156,B,4,21,"[23200,19100,30800,26900]",3,-4.0,2,0,0,0,9,True
2025-2025011023gm-00a9-0000-6d5806f0-05-s0-d13,157,A,1,23,"[36900,22900,15100,25100]",1,10.0,1,3,1,0,6,True
2025-2025011023gm-00a9-0000-6d5806f0-05-s0-d13,157,B,4,21,"[28200,15300,20000,36500]",2,4.0,1,3,0,0,6,True
2025-2025011023gm-00a9-0000-6d5806f0-05-s0-d13,158,A,1,23,"[40200,26600,5900,27300]",1,10.0,1,3,0,0,6,True
2025-2025011023gm-00a9-0000-6d5806f0-05-s0-d13,158,B,4,21,"[40200,26600,5900,27300]",1,10.0,1,3,0,0,6,True
2025-2025011023gm-00a9-0000-6d5806f0-05-s0-d13,159,A,1,23,"[26600,24600,13700,35100]",2,4.0,1,3,0,0,6,True
2025-2025011023gm-00a9-0000-6d5806f0-05-s0-d13,159,B,4,21,"[20900,32600,38100,8400]",3,-4.0,1,3,0,0,6,True
2025-2025011023gm-00a9-0000-6d5806f0-05-s0-d13,160,A,1,23,"[30200,16500,17600,35700]",2,4.0,1,3,1,0,5,True
2025-2025011023gm-00a9-0000-6d5806f0-05-s0-d13,160,B,4,21,"[32200,24300,11800,31700]",1,10.0,1,3,0,0,6,True
2025-2025011023gm-00a9-0000-6d5806f0-05-s0-d13,161,A,1,23,"[36900,17900,6500,38700]",2,4.0,1,3,1,0,5,True
2025-2025011023gm-00a9-0000-6d5806f0-05-s0-d13,161,B,4,21,"[36000,15600,13800,34600]",1,10.0,1,3,0,0,5,True
2025-2025011023gm-00a9-0000-6d5806f0-05-s0-d13,162,A,1,23,"[21800,55500,8700,14000]",2,4.0,1,3,0,0,6,True
2025-2025011023gm-00a9-0000-6d5806f0-05-s0-d13,162,B,4,21,"[21800,55500,8700,14000]",2,4.0,1,3,0,0,6,True
2025-2025011023gm-00a9-0000-6d5806f0-05-s0-d13,163,A,1,23,"[28400,24000,17500,30100]",2,4.0,2,0,0,0,7,True
2025-2025011023gm-00a9-0000-6d5806f0-05-s0-d13,163,B,4,21,"[33400,5000,31800,29800]",1,10.0,1,3,0,0,7,True
2025-2025011023gm-00a9-0000-6d5806f0-05-s0-d13,164,A,1,23,"[15600,26900,35800,21700]",4,-10.0,1,3,0,0,6,True
2025-2025011023gm-00a9-0000-6d5806f0-05-s0-d13,164,B,4,21,"[15600,26900,35800,21700]",4,-10.0,1,3,0,0,6,True
2025-2025011023gm-00a9-0000-6d5806f0-05-s0-d13,165,A,1,23,"[32300,24300,18800,24600]",1,10.0,2,0,1,0,8,True
2025-2025011023gm-00a9-0000-6d5806f0-05-s0-d13,165,B,4,21,"[32300,24300,18800,24600]",1,10.0,2,0,1,0,8,True
2025-2025011023gm-00a9-0000-6d5806f0-05-s0-d13,166,A,1,23,"[34500,2500,14600,48400]",2,4.0,1,3,0,0,5,True
2025-2025011023gm-00a9-0000-6d5806f0-05-s0-d13,166,B,4,21,"[38700,8200,16800,36300]",1,10.0,1,3,0,0,5,True
2025-2025011023gm-00a9-0000-6d5806f0-05-s0-d13,167,A,1,23,"[19000,23100,13200,44700]",3,-4.0,1,3,0,0,5,True
2025-2025011023gm-00a9-0000-6d5806f0-05-s0-d13,167,B,4,21,"[25400,29100,15100,30400]",3,-4.0,1,3,0,0,5,True
2025-2025011023gm-00a9-0000-6d5806f0-05-s0-d13,168,A,1,23,"[32600,24900,13400,29100]",1,10.0,2,0,0,0,7,True
2025-2025011023gm-00a9-0000-6d5806f0-05-s0-d13,168,B,4,21,"[42500,25100,8900,23500]",1,10.0,1,3,0,0,7,True
2025-2025011023gm-00a9-0000-6d5806f0-05-s0-d13,169,A,1,23,"[23600,30900,8800,36700]",3,-4.0,1,3,0,0,7,True
2025-2025011023gm-00a9-0000-6d5806f0-05-s0-d13,169,B,4,21,"[28600,30400,17900,23100]",2,4.0,1,3,0,0,8,True
2025-2025011023gm-00a9-0000-6d5806f0-05-s0-d13,170,A,1,23,"[36500,18100,21800,23600]",1,10.0,1,3,1,0,5,True
2025-2025011023gm-00a9-0000-6d5806f0-05-s0-d13,170,B,4,21,"[36500,18100,21800,23600]",1,10.0,1,3,1,0,5,True
2025-2025011023gm-00a9-0000-6d5806f0-05-s0-d13,171,A,1,23,"[23600,-1800,49600,28600]",3,-4.0,1,2,3,0,6,True
2025-2025011023gm-00a9-0000-6d5806f0-05-s0-d13,171,B,4,21,"[23600,-1800,49600,28600]",3,-4.0,1,2,3,0,6,True
2025-2025011023gm-00a9-0000-6d5806f0-05-s0-d13,172,A,1,23,"[31600,19600,21000,27800]",1,10.0,1,3,0,0,5,True
2025-2025011023gm-00a9-0000-6d5806f0-05-s0-d13,172,B,4,21,"[29100,24500,11900,34500]",2,4.0,2,0,0,0,6,True
2025-2025011023gm-00a9-0000-6d5806f0-05-s0-d13,173,A,1,23,"[22900,33900,25200,18000]",3,-4.0,1,3,0,0,6,True
2025-2025011023gm-00a9-0000-6d5806f0-05-s0-d13,173,B,4,21,"[22900,33900,25200,18000]",3,-4.0,1,3,0,0,6,True
2025-2025011023gm-00a9-0000-6d5806f0-05-s0-d13,174,A,1,23,"[28300,20600,21100,30000]",2,4.0,1,3,0,0,5,True
2025-2025011023gm-00a9-0000-6d5806f0-05-s0-d13,174,B,4,21,"[28300,20600,21100,30000]",2,4.0,1,3,0,0,5,True
2025-2025011023gm-00a9-0000-6d5806f0-05-s0-d13,175,A,1,23,"[19300,25100,20900,34700]",4,-10.0,2,1,0,0,7,True
2025-2025011023gm-00a9-0000-6d5806f0-05-s0-d13,175,B,4,21,"[23000,34800,21500,20700]",2,4.0,1,3,1,0,6,True
2025-2025011023gm-00a9-0000-6d5806f0-05-s0-d13,176,A,1,23,"[38400,4100,20700,36800]",1,10.0,1,3,0,0,6,True
2025-2025011023gm-00a9-0000-6d5806f0-05-s0-d13,176,B,4,21,"[38400,4100,20700,36800]",1,10.0,1,3,0,0,6,True
2025-2025011023gm-00a9-0000-6d5806f0-05-s0-d13,177,A,1,23,"[7400,38900,22600,31100]",4,-10.0,1,3,0,0,5,True
2025-2025011023gm-00a9-0000-6d5806f0-05-s0-d13,177,B,4,21,"[7400,38900,22600,31100]",4,-10.0,1,3,0,0,5,True
2025-2025011023gm-00a9-0000-6d5806f0-05-s0-d13,178,A,1,23,"[11500,40900,19100,28500]",4,-10.0,1,3,1,0,7,True
2025-2025011023gm-00a9-0000-6d5806f0-05-s0-d13,178,B,4,21,"[11500,40900,19100,28500]",4,-10.0,1,3,1,0,7,True
2025-2025011023gm-00a9-0000-6d5806f0-05-s0-d13,179,A,1,23,"[24300,23800,15100,36800]",2,4.0,1,3,0,0,6,True
2025-2025011023gm-00a9-0000-6d5806f0-05-s0-d13,179,B,4,21,"[24300,23800,15100,36800]",2,4.0,1,3,0,0,6,True
2025-2025011023gm-00a9-0000-6d5806f0-05-s0-d13,180,A,1,23,"[17400,20600,51600,10400]",3,-4.0,1,3,0,0,6,True
2025-2025011023gm-00a9-0000-6d5806f0-05-s0-d13,180,B,4,21,"[17400,20600,51600,10400]",3,-4.0,1,3,0,0,6,True
2025-2025011023gm-00a9-0000-6d5806f0-05-s0-d13,181,A,1,23,"[34800,18700,23900,22600]",1,10.0,1,3,2,0,6,True
2025-2025011023gm-00a9-0000-6d5806f0-05-s0-d13,181,B,4,21,"[34800,18700,23900,22600]",1,10.0,1,3,2,0,6,True
2025-2025011023gm-00a9-0000-6d5806f0-05-s0-d13,182,A,1,23,"[19200,18400,23600,38800]",3,-4.0,1,3,0,0,7,True
2025-2025011023gm-00a9-0000-6d5806f0-05-s0-d13,182,B,4,21,"[19200,18400,23600,38800]",3,-4.0,1,3,0,0,7,True
2025-2025011023gm-00a9-0000-6d5806f0-05-s0-d13,183,A,1,23,"[22000,33300,12100,32600]",3,-4.0,1,3,0,0,5,True
2025-2025011023gm-00a9-0000-6d5806f0-05-s0-d13,183,B,4,21,"[28000,35500,12600,23900]",2,4.0,1,3,0,0,5,True
2025-2025011023gm-00a9-0000-6d5806f0-05-s0-d13,184,A,1,23,"[26700,19700,23200,30400]",2,4.0,1,3,0,0,6,True
2025-2025011023gm-00a9-0000-6d5806f0-05-s0-d13,184,B,4,21,"[37400,12300,21400,28900]",1,10.0,1,3,0,0,6,True
2025-2025011023gm-00a9-0000-6d5806f0-05-s0-d13,185,A,1,23,"[37600,9500,18200,34700]",1,10.0,1,3,0,0,8,True
2025-2025011023gm-00a9-0000-6d5806f0-05-s0-d13,185,B,4,21,"[34900,20700,21800,22600]",1,10.0,1,3,0,0,7,True
2025-2025011023gm-00a9-0000-6d5806f0-05-s0-d13,186,A,1,23,"[27100,18800,19700,34400]",2,4.0,1,3,0,0,5,True
2025-2025011023gm-00a9-0000-6d5806f0-05-s0-d13,186,B,4,21,"[27100,18800,19700,34400]",2,4.0,1,3,0,0,5,True
2025-2025011023gm-00a9-0000-6d5806f0-05-s0-d13,187,A,1,23,"[28100,23700,3100,45100]",2,4.0,1,3,0,0,6,True
2025-2025011023gm-00a9-0000-6d5806f0-05-s0-d13,187,B,4,21,"[29300,24100,10000,36600]",2,4.0,1,3,0,0,6,True
2025-2025011023gm-00a9-0000-6d5806f0-05-s0-d13,188,A,1,23,"[13400,19500,16700,50400]",4,-10.0,1,3,0,0,7,True
2025-2025011023gm-00a9-0000-6d5806f0-05-s0-d13,188,B,4,21,"[13400,19500,16700,50400]",4,-10.0,1,3,0,0,7,True
2025-2025011023gm-00a9-0000-6d5806f0-05-s0-d13,189,A,1,23,"[19100,46500,-700,35100]",3,-4.0,1,1,1,0,5,True
2025-2025011023gm-00a9-0000-6d5806f0-05-s0-d13,189,B,4,21,"[40900,-500,25800,33800]",1,10.0,1,3,1,0,9,True
2025-2025011023gm-00a9-0000-6d5806f0-05-s0-d13,190,A,1,23,"[22000,14500,27500,36000]",3,-4.0,2,0,0,0,7,True
2025-2025011023gm-00a9-0000-6d5806f0-05-s0-d13,190,B,4,21,"[22000,14500,27500,36000]",3,-4.0,2,0,0,0,7,True
2025-2025011023gm-00a9-0000-6d5806f0-05-s0-d13,191,A,1,23,"[12400,23700,18300,45600]",4,-10.0,1,3,0,0,5,True
2025-2025011023gm-00a9-0000-6d5806f0-05-s0-d13,191,B,4,21,"[25000,14400,32000,28600]",3,-4.0,2,0,0,0,7,True
2025-2025011023gm-00a9-0000-6d5806f0-05-s0-d13,192,A,1,23,"[29400,21500,12600,36500]",2,4.0,1,3,0,0,6,True
2025-2025011023gm-00a9-0000-6d5806f0-05-s0-d13,192,B,4,21,"[29400,21500,12600,36500]",2,4.0,1,3,0,0,6,True
2025-2025011023gm-00a9-0000-6d5806f0-05-s0-d13,193,A,1,23,"[28700,22900,16300,31100]",2,4.0,1,3,0,1,7,True
2025-2025011023gm-00a9-0000-6d5806f0-05-s0-d13,193,B,4,21,"[28700,22900,16300,31100]",2,4.0,1,3,0,1,7,True
2025-2025011023gm-00a9-0000-6d5806f0-05-s0-d13,194,A,1,23,"[16100,19100,27900,36900]",4,-10.0,2,0,0,0,8,True
2025-2025011023gm-00a9-0000-6d5806f0-05-s0-d13,194,B,4,21,"[21900,25500,19500,33100]",3,-4.0,1,3,0,0,6,True
2025-2025011023gm-00a9-0000-6d5806f0-05-s0-d13,195,A,1,23,"[24500,25800,36800,12900]",3,-4.0,1,3,0,0,6,True
2025-2025011023gm-00a9-0000-6d5806f0-05-s0-d13,195,B,4,21,"[16500,38800,24800,19900]",4,-10.0,1,3,0,0,6,True
2025-2025011023gm-00a9-0000-6d5806f0-05-s0-d13,196,A,1,23,"[25900,19200,23300,31600]",2,4.0,1,3,0,0,5,True
2025-2025011023gm-00a9-0000-6d5806f0-05-s0-d13,196,B,4,21,"[30400,28600,18300,22700]",1,10.0,1,3,0,0,5,True
2025-2025011023gm-00a9-0000-6d5806f0-05-s0-d13,197,A,1,23,"[33200,24000,8100,32700]",1,10.0,1,3,0,2,6,True
2025-2025011023gm-00a9-0000-6d5806f0-05-s0-d13,197,B,4,21,"[27800,10600,39000,22600]",2,4.0,1,3,0,0,9,True
2025-2025011023gm-00a9-0000-6d5806f0-05-s0-d13,198,A,1,23,"[14900,39200,8400,37500]",3,-4.0,1,3,0,0,7,True
2025-2025011023gm-00a9-0000-6d5806f0-05-s0-d13,198,B,4,21,"[14900,39200,8400,37500]",3,-4.0,1,3,0,0,7,True
2025-2025011023gm-00a9-0000-6d5806f0-05-s0-d13,199,A,1,23,"[24900,37800,7700,29600]",3,-4.0,1,3,0,0,5,True
2025-2025011023gm-00a9-0000-6d5806f0-05-s0-d13,199,B,4,21,"[35600,38500,-2700,28600]",2,4.0,1,2,0,0,4,True
2025-2025011023gm-00a9-0000-6d5806f0-05-s0-d13,200,A,1,23,"[18700,35100,17300,28900]",3,-4.0,2,0,0,0,7,True
2025-2025011023gm-00a9-0000-6d5806f0-05-s0-d13,200,B,4,21,"[31700,24900,18500,24900]",1,10.0,1,3,1,0,6,True
2025-2025011023gm-00a9-0000-6d5806f0-05-s0-d13,201,A,1,23,"[17200,30000,26400,26400]",4,-10.0,1,3,0,0,5,True
2025-2025011023gm-00a9-0000-6d5806f0-05-s0-d13,201,B,4,21,"[18200,30000,25400,26400]",4,-10.0,1,3,0,0,5,True
2025-2025011023gm-00a9-0000-6d5806f0-05-s0-d13,202,A,1,23,"[46200,22500,17900,13400]",1,10.0,1,3,0,0,9,True
2025-2025011023gm-00a9-0000-6d5806f0-05-s0-d13,202,B,4,21,"[46200,22500,17900,13400]",1,10.0,1,3,0,0,9,True
2025-2025011023gm-00a9-0000-6d5806f0-05-s0-d13,203,A,1,23,"[26600,19400,18500,35500]",2,4.0,1,3,0,0,5,True
2025-2025011023gm-00a9-0000-6d5806f0-05-s0-d13,203,B,4,21,"[25100,74500,-29200,29600]",3,-4.0,1,1,0,0,3,True
2025-2025011023gm-00a9-0000-6d5806f0-05-s0-d13,204,A,1,23,"[33600,20600,19700,26100]",1,10.0,1,3,0,0,6,True
2025-2025011023gm-00a9-0000-6d5806f0-05-s0-d13,204,B,4,21,"[36200,25900,17600,20300]",1,10.0,1,3,0,0,7,True
2025-2025011023gm-00a9-0000-6d5806f0-05-s0-d13,205,A,1,23,"[26800,34400,-1200,40000]",3,-4.0,1,1,1,0,4,True
2025-2025011023gm-00a9-0000-6d5806f0-05-s0-d13,205,B,4,21,"[26800,34400,-1200,40000]",3,-4.0,1,1,1,0,4,True
2025-2025011023gm-00a9-0000-6d5806f0-05-s0-d13,206,A,1,23,"[25000,35800,10400,28800]",3,-4.0,1,3,0,0,6,True
2025-2025011023gm-00a9-0000-6d5806f0-05-s0-d13,206,B,4,21,"[27900,19200,22000,30900]",2,4.0,1,3,0,0,5,True
2025-2025011023gm-00a9-0000-6d5806f0-05-s0-d13,207,A,1,23,"[34700,33200,8100,24000]",1,10.0,1,3,0,0,5,True
2025-2025011023gm-00a9-0000-6d5806f0-05-s0-d13,207,B,4,21,"[34700,33200,8100,24000]",1,10.0,1,3,0,0,5,True
2025-2025011023gm-00a9-0000-6d5806f0-05-s0-d13,208,A,1,23,"[15800,29400,19800,35000]",4,-10.0,1,3,0,0,5,True
2025-2025011023gm-00a9-0000-6d5806f0-05-s0-d13,208,B,4,21,"[15800,29400,19800,35000]",4,-10.0,1,3,0,0,5,True
2025-2025011023gm-00a9-0000-6d5806f0-05-s0-d13,209,A,1,23,"[9300,29200,24600,36900]",4,-10.0,1,3,0,0,6,True
2025-2025011023gm-00a9-0000-6d5806f0-05-s0-d13,209,B,4,21,"[9300,29200,24600,36900]",4,-10.0,1,3,0,0,6,True
2025-2025011023gm-00a9-0000-6d5806f0-05-s0-d13,210,A,1,23,"[33100,10000,19800,37100]",2,4.0,1,3,0,0,6,True
2025-2025011023gm-00a9-0000-6d5806f0-05-s0-d13,210,B,4,21,"[26200,20000,30300,23500]",2,4.0,1,3,0,0,7,True
2025-2025011023gm-00a9-0000-6d5806f0-05-s0-d13,211,A,1,23,"[31700,23400,9100,35800]",2,4.0,1,3,0,0,7,True
2025-2025011023gm-00a9-0000-6d5806f0-05-s0-d13,211,B,4,21,"[19800,-11300,48200,43300]",3,-4.0,1,2,0,0,7,True
2025-2025011023gm-00a9-0000-6d5806f0-05-s0-d13,212,A,1,23,"[28500,18200,13100,40200]",2,4.0,1,3,0,0,5,True
2025-2025011023gm-00a9-0000-6d5806f0-05-s0-d13,212,B,4,21,"[28500,18200,13100,40200]",2,4.0,1,3,0,0,5,True
2025-2025011023gm-00a9-0000-6d5806f0-05-s0-d13,213,A,1,23,"[33400,14900,14200,37500]",2,4.0,1,3,0,0,6,True
2025-2025011023gm-00a9-0000-6d5806f0-05-s0-d13,213,B,4,21,"[33400,14900,14200,37500]",2,4.0,1,3,0,0,6,True
2025-2025011023gm-00a9-0000-6d5806f0-05-s0-d13,214,A,1,23,"[28700,15100,25600,30600]",2,4.0,1,3,2,0,6,True
2025-2025011023gm-00a9-0000-6d5806f0-05-s0-d13,214,B,4,21,"[31800,-3100,39000,32300]",3,-4.0,1,3,0,0,7,True
2025-2025011023gm-00a9-0000-6d5806f0-05-s0-d13,215,A,1,23,"[35600,21200,19800,23400]",1,10.0,1,3,0,0,6,True
2025-2025011023gm-00a9-0000-6d5806f0-05-s0-d13,215,B,4,21,"[33200,21200,19800,25800]",1,10.0,1,3,0,0,6,True
2025-2025011023gm-00a9-0000-6d5806f0-05-s0-d13,216,A,1,23,"[28000,27000,12300,32700]",2,4.0,1,3,0,0,7,True
2025-2025011023gm-00a9-0000-6d5806f0-05-s0-d13,216,B,4,21,"[28000,27000,12300,32700]",2,4.0,1,3,0,0,7,True
2025-2025011023gm-00a9-0000-6d5806f0-05-s0-d13,217,A,1,23,"[14600,26700,21300,35400]",4,-10.0,1,3,0,2,6,True
2025-2025011023gm-00a9-0000-6d5806f0-05-s0-d13,217,B,4,21,"[16500,17100,28900,35500]",4,-10.0,1,3,0,2,10,True
2025-2025011023gm-00a9-0000-6d5806f0-05-s0-d13,218,A,1,23,"[36300,22900,-700,41500]",2,4.0,1,3,0,0,6,True
2025-2025011023gm-00a9-0000-6d5806f0-05-s0-d13,218,B,4,21,"[36300,22900,-700,41500]",2,4.0,1,3,0,0,6,True
2025-2025011023gm-00a9-0000-6d5806f0-05-s0-d13,219,A,1,23,"[34400,30700,18300,16600]",1,10.0,1,3,0,0,5,True
2025-2025011023gm-00a9-0000-6d5806f0-05-s0-d13,219,B,4,21,"[34400,30700,18300,16600]",1,10.0,1,3,0,0,5,True
2025-2025011023gm-00a9-0000-6d5806f0-05-s0-d13,220,A,1,23,"[39300,17000,13100,30600]",1,10.0,1,3,0,0,6,True
2025-2025011023gm-00a9-0000-6d5806f0-05-s0-d13,220,B,4,21,"[39300,17000,13100,30600]",1,10.0,1,3,0,0,6,True
2025-2025011023gm-00a9-0000-6d5806f0-05-s0-d13,221,A,1,23,"[17800,24100,12600,45500]",3,-4.0,1,3,0,0,7,True
2025-2025011023gm-00a9-0000-6d5806f0-05-s0-d13,221,B,4,21,"[17800,24100,12600,45500]",3,-4.0,1,3,0,0,7,True
2025-2025011023gm-00a9-0000-6d5806f0-05-s0-d13,222,A,1,23,"[22400,17500,22000,38100]",2,4.0,1,3,0,0,6,True
2025-2025011023gm-00a9-0000-6d5806f0-05-s0-d13,222,B,4,21,"[22400,17500,22000,38100]",2,4.0,1,3,0,0,6,True
2025-2025011023gm-00a9-0000-6d5806f0-05-s0-d13,223,A,1,23,"[13300,35300,26300,25100]",4,-10.0,1,3,1,0,7,True
2025-2025011023gm-00a9-0000-6d5806f0-05-s0-d13,223,B,4,21,"[25300,12500,35400,26800]",3,-4.0,1,3,1,0,8,True
2025-2025011023gm-00a9-0000-6d5806f0-05-s0-d13,224,A,1,23,"[33000,20500,25600,20900]",1,10.0,1,3,0,0,7,True
2025-2025011023gm-00a9-0000-6d5806f0-05-s0-d13,224,B,4,21,"[33000,20500,25600,20900]",1,10.0,1,3,0,0,7,True
2025-2025011023gm-00a9-0000-6d5806f0-05-s0-d13,225,A,1,23,"[36300,39000,5400,19300]",2,4.0,1,3,0,0,6,True
2025-2025011023gm-00a9-0000-6d5806f0-05-s0-d13,225,B,4,21,"[37800,17700,3400,41100]",2,4.0,1,3,0,0,6,True
2025-2025011023gm-00a9-0000-6d5806f0-05-s0-d13,226,A,1,23,"[14300,28000,10400,47300]",3,-4.0,1,3,0,0,7,True
2025-2025011023gm-00a9-0000-6d5806f0-05-s0-d13,226,B,4,21,"[22200,26200,30000,21600]",3,-4.0,1,3,0,0,6,True
2025-2025011023gm-00a9-0000-6d5806f0-05-s0-d13,227,A,1,23,"[24700,25800,18200,31300]",3,-4.0,1,3,0,0,5,True
2025-2025011023gm-00a9-0000-6d5806f0-05-s0-d13,227,B,4,21,"[24700,25800,18200,31300]",3,-4.0,1,3,0,0,5,True
2025-2025011023gm-00a9-0000-6d5806f0-05-s0-d13,228,A,1,23,"[16200,22400,21600,39800]",4,-10.0,1,3,0,0,5,True
2025-2025011023gm-00a9-0000-6d5806f0-05-s0-d13,228,B,4,21,"[6900,32700,21600,38800]",4,-10.0,1,3,0,0,9,True
2025-2025011023gm-00a9-0000-6d5806f0-05-s0-d13,229,A,1,23,"[21800,26100,14800,37300]",3,-4.0,1,3,0,0,5,True
2025-2025011023gm-00a9-0000-6d5806f0-05-s0-d13,229,B,4,21,"[23200,8200,28900,39700]",3,-4.0,1,3,0,0,6,True
2025-2025011023gm-00a9-0000-6d5806f0-05-s0-d13,230,A,1,23,"[38200,36300,300,25200]",1,10.0,1,3,0,0,6,True
2025-2025011023gm-00a9-0000-6d5806f0-05-s0-d13,230,B,4,21,"[38200,36300,300,25200]",1,10.0,1,3,0,0,6,True
2025-2025011023gm-00a9-0000-6d5806f0-05-s0-d13,231,A,1,23,"[50900,7800,17200,24100]",1,10.0,1,3,1,0,6,True
2025-2025011023gm-00a9-0000-6d5806f0-05-s0-d13,231,B,4,21,"[51200,11400,16800,20600]",1,10.0,1,3,0,0,6,True
2025-2025011023gm-00a9-0000-6d5806f0-05-s0-d13,232,A,1,23,"[6200,7500,-4600,90900]",3,-4.0,1,3,0,0,6,True
2025-2025011023gm-00a9-0000-6d5806f0-05-s0-d13,232,B,4,21,"[19500,22100,22600,35800]",4,-10.0,1,3,0,0,6,True
2025-2025011023gm-00a9-0000-6d5806f0-05-s0-d13,233,A,1,23,"[36900,13700,22600,24800]",1,10.0,1,3,0,2,5,True
2025-2025011023gm-00a9-0000-6d5806f0-05-s0-d13,233,B,4,21,"[36900,13700,22600,24800]",1,10.0,1,3,0,2,5,True
2025-2025011023gm-00a9-0000-6d5806f0-05-s0-d13,234,A,1,23,"[30700,22900,9700,36700]",2,4.0,1,3,0,0,6,True
2025-2025011023gm-00a9-0000-6d5806f0-05-s0-d13,234,B,4,21,"[30700,22900,9700,36700]",2,4.0,1,3,0,0,6,True
2025-2025011023gm-00a9-0000-6d5806f0-05-s0-d13,235,A,1,23,"[20000,46400,4700,28900]",3,-4.0,1,3,0,0,6,True
2025-2025011023gm-00a9-0000-6d5806f0-05-s0-d13,235,B,4,21,"[20000,46400,4700,28900]",3,-4.0,1,3,0,0,6,True
2025-2025011023gm-00a9-0000-6d5806f0-05-s0-d13,236,A,1,23,"[32600,23200,6300,37900]",2,4.0,1,3,0,0,5,True
2025-2025011023gm-00a9-0000-6d5806f0-05-s0-d13,236,B,4,21,"[32300,48900,1800,17000]",2,4.0,1,3,0,0,7,True
2025-2025011023gm-00a9-0000-6d5806f0-05-s0-d13,237,A,1,23,"[38700,21200,9600,30500]",1,10.0,1,3,0,0,5,True
2025-2025011023gm-00a9-0000-6d5806f0-05-s0-d13,237,B,4,21,"[38700,21200,9600,30500]",1,10.0,1,3,0,0,5,True
2025-2025011023gm-00a9-0000-6d5806f0-05-s0-d13,238,A,1,23,"[20000,57700,3300,19000]",2,4.0,1,3,0,0,8,True
2025-2025011023gm-00a9-0000-6d5806f0-05-s0-d13,238,B,4,21,"[31500,40800,19200,8500]",2,4.0,1,3,0,0,7,True
2025-2025011023gm-00a9-0000-6d5806f0-05-s0-d13,239,A,1,23,"[36000,21900,15300,26800]",1,10.0,1,3,0,0,7,True
2025-2025011023gm-00a9-0000-6d5806f0-05-s0-d13,239,B,4,21,"[36000,21900,15300,26800]",1,10.0,1,3,0,0,7,True
2025-2025011023gm-00a9-0000-6d5806f0-05-s0-d13,240,A,1,23,"[28600,9400,33900,28100]",2,4.0,2,0,0,0,8,True
2025-2025011023gm-00a9-0000-6d5806f0-05-s0-d13,240,B,4,21,"[38900,10200,13000,37900]",1,10.0,1,3,0,0,7,True
2025-2025011023gm-00a9-0000-6d5806f0-05-s0-d13,241,A,1,23,"[19700,26800,19500,34000]",3,-4.0,1,3,0,0,7,True
2025-2025011023gm-00a9-0000-6d5806f0-05-s0-d13,241,B,4,21,"[36900,7200,26800,29100]",1,10.0,1,3,1,0,6,True
2025-2025011023gm-00a9-0000-6d5806f0-05-s0-d13,242,A,1,23,"[30300,32700,4500,32500]",3,-4.0,1,3,0,0,6,True
2025-2025011023gm-00a9-0000-6d5806f0-05-s0-d13,242,B,4,21,"[30300,32700,4500,32500]",3,-4.0,1,3,0,0,6,True
2025-2025011023gm-00a9-0000-6d5806f0-05-s0-d13,243,A,1,23,"[19400,19800,21800,39000]",4,-10.0,2,1,2,0,8,True
2025-2025011023gm-00a9-0000-6d5806f0-05-s0-d13,243,B,4,21,"[30900,25900,16100,27100]",1,10.0,1,3,0,0,7,True
2025-2025011023gm-00a9-0000-6d5806f0-05-s0-d13,244,A,1,23,"[21700,36500,16500,25300]",3,-4.0,2,0,0,0,8,True
2025-2025011023gm-00a9-0000-6d5806f0-05-s0-d13,244,B,4,21,"[21700,36500,16500,25300]",3,-4.0,2,0,0,0,8,True
2025-2025011023gm-00a9-0000-6d5806f0-05-s0-d13,245,A,1,23,"[37100,36800,-6500,32600]",1,10.0,1,1,0,0,4,True
2025-2025011023gm-00a9-0000-6d5806f0-05-s0-d13,245,B,4,21,"[37100,36800,-6500,32600]",1,10.0,1,1,0,0,4,True
2025-2025011023gm-00a9-0000-6d5806f0-05-s0-d13,246,A,1,23,"[22600,9000,41700,26700]",3,-4.0,1,3,2,0,6,True
2025-2025011023gm-00a9-0000-6d5806f0-05-s0-d13,246,B,4,21,"[22600,9000,41700,26700]",3,-4.0,1,3,2,0,6,True
2025-2025011023gm-00a9-0000-6d5806f0-05-s0-d13,247,A,1,23,"[38600,39200,8600,13600]",2,4.0,1,3,0,0,5,True
2025-2025011023gm-00a9-0000-6d5806f0-05-s0-d13,247,B,4,21,"[36400,10000,-1200,54800]",2,4.0,1,2,0,0,5,True
2025-2025011023gm-00a9-0000-6d5806f0-05-s0-d13,248,A,1,23,"[26300,26500,13200,34000]",3,-4.0,1,3,0,0,5,True
2025-2025011023gm-00a9-0000-6d5806f0-05-s0-d13,248,B,4,21,"[26300,20200,18400,35100]",2,4.0,1,3,0,0,5,True
2025-2025011023gm-00a9-0000-6d5806f0-05-s0-d13,249,A,1,23,"[30000,15300,19400,35300]",2,4.0,1,3,0,0,6,True
2025-2025011023gm-00a9-0000-6d5806f0-05-s0-d13,249,B,4,21,"[22200,22000,30300,25500]",3,-4.0,1,3,0,0,5,True
2025-2025011023gm-00a9-0000-6d5806f0-05-s0-d13,250,A,1,23,"[37500,13900,17500,31100]",1,10.0,1,3,0,0,5,True
2025-2025011023gm-00a9-0000-6d5806f0-05-s0-d13,250,B,4,21,"[37500,13900,17500,31100]",1,10.0,1,3,0,0,5,True
2025-2025011023gm-00a9-0000-6d5806f0-05-s0-d13,251,A,1,23,"[38400,28900,5300,27400]",1,10.0,1,3,0,0,6,True
2025-2025011023gm-00a9-0000-6d5806f0-05-s0-d13,251,B,4,21,"[24100,22700,11500,41700]",2,4.0,1,3,1,0,5,True
2025-2025011023gm-00a9-0000-6d5806f0-05-s0-d13,252,A,1,23,"[11600,15400,21800,51200]",4,-10.0,1,3,0,0,6,True
2025-2025011023gm-00a9-0000-6d5806f0-05-s0-d13,252,B,4,21,"[11600,15400,21800,51200]",4,-10.0,1,3,0,0,6,True
2025-2025011023gm-00a9-0000-6d5806f0-05-s0-d13,253,A,1,23,"[36000,15000,18300,30700]",1,10.0,1,3,1,0,7,True
2025-2025011023gm-00a9-0000-6d5806f0-05-s0-d13,253,B,4,21,"[39800,7300,17100,35800]",1,10.0,1,3,0,0,6,True
2025-2025011023gm-00a9-0000-6d5806f0-05-s0-d13,254,A,1,23,"[39200,22800,11400,26600]",1,10.0,2,1,2,0,9,True
2025-2025011023gm-00a9-0000-6d5806f0-05-s0-d13,254,B,4,21,"[39200,22800,11400,26600]",1,10.0,2,1,2,0,9,True
2025-2025011023gm-00a9-0000-6d5806f0-05-s0-d13,255,A,1,23,"[24400,22200,15700,36700]",2,4.0,1,3,0,1,5,True
2025-2025011023gm-00a9-0000-6d5806f0-05-s0-d13,255,B,4,21,"[61400,22700,-12900,28800]",1,10.0,1,2,0,0,6,True
2025-2025040921gm-00a9-0000-9f24706f-08-s0-d8,0,A,1,45,"[19700,35800,11600,32900]",3,-4.0,1,3,0,0,1,True
2025-2025040921gm-00a9-0000-9f24706f-08-s0-d8,0,B,2,33,"[19700,35800,11600,32900]",3,-4.0,1,3,0,0,1,True
2025-2025040921gm-00a9-0000-9f24706f-08-s0-d8,1,A,1,45,"[8200,33800,24100,33900]",4,-10.0,1,3,0,0,1,True
2025-2025040921gm-00a9-0000-9f24706f-08-s0-d8,1,B,2,33,"[8200,33800,24100,33900]",4,-10.0,1,3,0,0,1,True
2025-2025040921gm-00a9-0000-9f24706f-08-s0-d8,2,A,1,45,"[21200,33800,11100,33900]",3,-4.0,1,3,0,0,1,True
2025-2025040921gm-00a9-0000-9f24706f-08-s0-d8,2,B,2,33,"[22200,31800,12100,33900]",3,-4.0,1,3,0,0,1,True
2025-2025040921gm-00a9-0000-9f24706f-08-s0-d8,3,A,1,45,"[22900,33100,11400,32600]",3,-4.0,1,3,0,0,1,True
2025-2025040921gm-00a9-0000-9f24706f-08-s0-d8,3,B,2,33,"[21200,32800,12100,33900]",3,-4.0,1,3,0,0,1,True
2025-2025040921gm-00a9-0000-9f24706f-08-s0-d8,4,A,1,45,"[21700,32300,12600,32400]",3,-4.0,1,3,0,1,1,True
2025-2025040921gm-00a9-0000-9f24706f-08-s0-d8,4,B,2,33,"[21700,32300,12600,32400]",3,-4.0,1,3,0,1,1,True
2025-2025040921gm-00a9-0000-9f24706f-08-s0-d8,5,A,1,45,"[22200,33800,10100,33900]",3,-4.0,1,3,0,0,1,True
2025-2025040921gm-00a9-0000-9f24706f-08-s0-d8,5,B,2,33,"[21700,32300,13600,32400]",3,-4.0,1,3,0,0,1,True
2025-2025040921gm-00a9-0000-9f24706f-08-s0-d8,6,A,1,45,"[22200,33800,10100,33900]",3,-4.0,1,3,0,0,1,True
2025-2025040921gm-00a9-0000-9f24706f-08-s0-d8,6,B,2,33,"[21200,33800,11100,33900]",3,-4.0,1,3,0,0,1,True
2025-2025040921gm-00a9-0000-9f24706f-08-s0-d8,7,A,1,45,"[21700,32300,10600,35400]",3,-4.0,1,3,0,0,1,True
2025-2025040921gm-00a9-0000-9f24706f-08-s0-d8,7,B,2,33,"[21700,32300,10600,35400]",3,-4.0,1,3,0,0,1,True
2025-2025040921gm-00a9-0000-9f24706f-08-s0-d8,8,A,1,45,"[21700,33400,11700,33200]",3,-4.0,1,3,0,0,1,True
2025-2025040921gm-00a9-0000-9f24706f-08-s0-d8,8,B,2,33,"[21700,33400,11700,33200]",3,-4.0,1,3,0,0,1,True
2025-2025040921gm-00a9-0000-9f24706f-08-s0-d8,9,A,1,45,"[20200,37700,8200,33900]",3,-4.0,1,3,0,0,1,True
2025-2025040921gm-00a9-0000-9f24706f-08-s0-d8,9,B,2,33,"[20200,37700,8200,33900]",3,-4.0,1,3,0,0,1,True
2025-2025040921gm-00a9-0000-9f24706f-08-s0-d8,10,A,1,45,"[21200,30800,13100,34900]",3,-4.0,1,3,0,0,1,True
2025-2025040921gm-00a9-0000-9f24706f-08-s0-d8,10,B,2,33,"[21200,30800,13100,34900]",3,-4.0,1,3,0,0,1,True
2025-2025040921gm-00a9-0000-9f24706f-08-s0-d8,11,A,1,45,"[21200,33800,11100,33900]",3,-4.0,1,3,0,0,1,True
2025-2025040921gm-00a9-0000-9f24706f-08-s0-d8,11,B,2,33,"[21200,33800,11100,33900]",3,-4.0,1,3,0,0,1,True
2025-2025040921gm-00a9-0000-9f24706f-08-s0-d8,12,A,1,45,"[18700,32300,12600,35400]",3,-4.0,1,3,0,1,1,True
2025-2025040921gm-00a9-0000-9f24706f-08-s0-d8,12,B,2,33,"[18700,32300,12600,35400]",3,-4.0,1,3,0,1,1,True
2025-2025040921gm-00a9-0000-9f24706f-08-s0-d8,13,A,1,45,"[23200,32800,11100,32900]",3,-4.0,1,3,0,0,1,True
2025-2025040921gm-00a9-0000-9f24706f-08-s0-d8,13,B,2,33,"[23200,32800,11100,32900]",3,-4.0,1,3,0,0,1,True
2025-2025040921gm-00a9-0000-9f24706f-08-s0-d8,14,A,1,45,"[22200,33800,10100,33900]",3,-4.0,1,3,0,0,1,True
2025-2025040921gm-00a9-0000-9f24706f-08-s0-d8,14,B,2,33,"[20200,37700,8200,33900]",3,-4.0,1,3,0,0,1,True
2025-2025040921gm-00a9-0000-9f24706f-08-s0-d8,15,A,1,45,"[14400,33800,12100,39700]",3,-4.0,1,3,0,0,1,True
2025-2025040921gm-00a9-0000-9f24706f-08-s0-d8,15,B,2,33,"[22200,33800,12100,31900]",3,-4.0,1,3,0,0,1,True
2025-2025040921gm-00a9-0000-9f24706f-08-s0-d8,16,A,1,45,"[21200,32800,12100,33900]",3,-4.0,1,3,0,0,1,True
2025-2025040921gm-00a9-0000-9f24706f-08-s0-d8,16,B,2,33,"[21700,32300,10600,35400]",3,-4.0,1,3,0,0,1,True
2025-2025040921gm-00a9-0000-9f24706f-08-s0-d8,17,A,1,45,"[21200,32800,12100,33900]",3,-4.0,1,3,0,0,1,True
2025-2025040921gm-00a9-0000-9f24706f-08-s0-d8,17,B,2,33,"[19700,35800,11600,32900]",3,-4.0,1,3,0,0,1,True
2025-2025040921gm-00a9-0000-9f24706f-08-s0-d8,18,A,1,45,"[21200,33800,11100,33900]",3,-4.0,1,3,0,0,1,True
2025-2025040921gm-00a9-0000-9f24706f-08-s0-d8,18,B,2,33,"[20200,33800,12100,33900]",3,-4.0,1,3,0,0,1,True
2025-2025040921gm-00a9-0000-9f24706f-08-s0-d8,19,A,1,45,"[21700,32300,12600,32400]",3,-4.0,1,3,0,1,1,True
2025-2025040921gm-00a9-0000-9f24706f-08-s0-d8,19,B,2,33,"[21700,32300,12600,32400]",3,-4.0,1,3,0,1,1,True
2025-2025040921gm-00a9-0000-9f24706f-08-s0-d8,20,A,1,45,"[21700,32300,12600,32400]",3,-4.0,1,3,0,1,1,True
2025-2025040921gm-00a9-0000-9f24706f-08-s0-d8,20,B,2,33,"[21700,32300,12600,32400]",3,-4.0,1,3,0,1,1,True
2025-2025040921gm-00a9-0000-9f24706f-08-s0-d8,21,A,1,45,"[21300,33500,11800,33400]",3,-4.0,1,3,0,0,1,True
2025-2025040921gm-00a9-0000-9f24706f-08-s0-d8,21,B,2,33,"[19800,35300,11700,33200]",3,-4.0,1,3,0,0,1,True
2025-2025040921gm-00a9-0000-9f24706f-08-s0-d8,22,A,1,45,"[19200,32800,14100,32900]",3,-4.0,1,3,0,1,1,True
2025-2025040921gm-00a9-0000-9f24706f-08-s0-d8,22,B,2,33,"[19200,32800,14100,32900]",3,-4.0,1,3,0,1,1,True
2025-2025040921gm-00a9-0000-9f24706f-08-s0-d8,23,A,1,45,"[20200,33800,9600,36400]",3,-4.0,1,3,0,0,1,True
2025-2025040921gm-00a9-0000-9f24706f-08-s0-d8,23,B,2,33,"[20200,33800,9600,36400]",3,-4.0,1,3,0,0,1,True
2025-2025040921gm-00a9-0000-9f24706f-08-s0-d8,24,A,1,45,"[21700,33400,11700,33200]",3,-4.0,1,3,0,0,1,True
2025-2025040921gm-00a9-0000-9f24706f-08-s0-d8,24,B,2,33,"[12200,41800,12100,33900]",3,-4.0,1,3,0,0,1,True
2025-2025040921gm-00a9-0000-9f24706f-08-s0-d8,25,A,1,45,"[21700,32300,13600,32400]",3,-4.0,1,3,0,0,1,True
2025-2025040921gm-00a9-0000-9f24706f-08-s0-d8,25,B,2,33,"[21700,32300,13600,32400]",3,-4.0,1,3,0,0,1,True
2025-2025040921gm-00a9-0000-9f24706f-08-s0-d8,26,A,1,45,"[21500,33800,12100,32600]",3,-4.0,1,3,0,0,1,True
2025-2025040921gm-00a9-0000-9f24706f-08-s0-d8,26,B,2,33,"[20200,39000,6900,33900]",3,-4.0,1,3,0,0,1,True
2025-2025040921gm-00a9-0000-9f24706f-08-s0-d8,27,A,1,45,"[21200,34800,13100,30900]",3,-4.0,1,3,0,0,1,True
2025-2025040921gm-00a9-0000-9f24706f-08-s0-d8,27,B,2,33,"[22700,32400,11700,33200]",3,-4.0,1,3,0,0,1,True
2025-2025040921gm-00a9-0000-9f24706f-08-s0-d8,28,A,1,45,"[21200,34800,12100,30900]",3,-4.0,1,3,0,1,1,True
2025-2025040921gm-00a9-0000-9f24706f-08-s0-d8,28,B,2,33,"[24100,33800,8200,33900]",3,-4.0,1,3,0,0,1,True
2025-2025040921gm-00a9-0000-9f24706f-08-s0-d8,29,A,1,45,"[21200,30800,13100,34900]",3,-4.0,1,3,0,0,1,True
2025-2025040921gm-00a9-0000-9f24706f-08-s0-d8,29,B,2,33,"[21200,30800,13100,34900]",3,-4.0,1,3,0,0,1,True
2025-2025040921gm-00a9-0000-9f24706f-08-s0-d8,30,A,1,45,"[21200,32800,12100,33900]",3,-4.0,1,3,0,0,1,True
2025-2025040921gm-00a9-0000-9f24706f-08-s0-d8,30,B,2,33,"[20200,36400,9500,33900]",3,-4.0,1,3,0,0,1,True
2025-2025040921gm-00a9-0000-9f24706f-08-s0-d8,31,A,1,45,"[21200,33800,11100,33900]",3,-4.0,1,3,0,0,1,True
2025-2025040921gm-00a9-0000-9f24706f-08-s0-d8,31,B,2,33,"[24100,29900,12100,33900]",3,-4.0,1,3,0,0,1,True
2025-2025040921gm-00a9-0000-9f24706f-08-s0-d8,32,A,1,45,"[21200,33800,12100,32900]",3,-4.0,1,3,0,0,1,True
2025-2025040921gm-00a9-0000-9f24706f-08-s0-d8,32,B,2,33,"[23200,33300,11600,31900]",3,-4.0,1,3,0,0,1,True
2025-2025040921gm-00a9-0000-9f24706f-08-s0-d8,33,A,1,45,"[19200,32800,14100,32900]",3,-4.0,1,3,0,1,1,True
2025-2025040921gm-00a9-0000-9f24706f-08-s0-d8,33,B,2,33,"[19200,32800,14100,32900]",3,-4.0,1,3,0,1,1,True
2025-2025040921gm-00a9-0000-9f24706f-08-s0-d8,34,A,1,45,"[23900,33100,10400,32600]",3,-4.0,1,3,0,0,1,True
2025-2025040921gm-00a9-0000-9f24706f-08-s0-d8,34,B,2,33,"[19200,32800,14100,32900]",3,-4.0,1,3,0,1,1,True
2025-2025040921gm-00a9-0000-9f24706f-08-s0-d8,35,A,1,45,"[21700,32300,13600,32400]",3,-4.0,1,3,0,0,1,True
2025-2025040921gm-00a9-0000-9f24706f-08-s0-d8,35,B,2,33,"[21700,32300,13600,32400]",3,-4.0,1,3,0,0,1,True
2025-2025040921gm-00a9-0000-9f24706f-08-s0-d8,36,A,1,45,"[28200,31800,10100,29900]",3,-4.0,1,3,0,0,1,True
2025-2025040921gm-00a9-0000-9f24706f-08-s0-d8,36,B,2,33,"[25400,33800,6900,33900]",3,-4.0,1,3,0,0,1,True
2025-2025040921gm-00a9-0000-9f24706f-08-s0-d8,37,A,1,45,"[19200,32800,14100,32900]",3,-4.0,1,3,0,1,1,True
2025-2025040921gm-00a9-0000-9f24706f-08-s0-d8,37,B,2,33,"[21700,32300,12600,32400]",3,-4.0,1,3,0,1,1,True
2025-2025040921gm-00a9-0000-9f24706f-08-s0-d8,38,A,1,45,"[21200,34800,9100,34900]",3,-4.0,1,3,0,0,1,True
2025-2025040921gm-00a9-0000-9f24706f-08-s0-d8,38,B,2,33,"[20200,33800,10600,35400]",3,-4.0,1,3,0,0,1,True
2025-2025040921gm-00a9-0000-9f24706f-08-s0-d8,39,A,1,45,"[14400,33800,12100,39700]",3,-4.0,1,3,0,0,1,True
2025-2025040921gm-00a9-0000-9f24706f-08-s0-d8,39,B,2,33,"[14400,33800,12100,39700]",3,-4.0,1,3,0,0,1,True
2025-2025040921gm-00a9-0000-9f24706f-08-s0-d8,40,A,1,45,"[21200,33800,12100,32900]",3,-4.0,1,3,0,0,1,True
2025-2025040921gm-00a9-0000-9f24706f-08-s0-d8,40,B,2,33,"[19700,35800,11600,32900]",3,-4.0,1,3,0,0,1,True
2025-2025040921gm-00a9-0000-9f24706f-08-s0-d8,41,A,1,45,"[21700,33400,11700,33200]",3,-4.0,1,3,0,0,1,True
2025-2025040921gm-00a9-0000-9f24706f-08-s0-d8,41,B,2,33,"[21700,33400,11700,33200]",3,-4.0,1,3,0,0,1,True
2025-2025040921gm-00a9-0000-9f24706f-08-s0-d8,42,A,1,45,"[20200,33800,8200,37800]",3,-4.0,1,3,0,0,1,True
2025-2025040921gm-00a9-0000-9f24706f-08-s0-d8,42,B,2,33,"[20200,33800,8200,37800]",3,-4.0,1,3,0,0,1,True
2025-2025040921gm-00a9-0000-9f24706f-08-s0-d8,43,A,1,45,"[21300,33500,11800,33400]",3,-4.0,1,3,0,0,1,True
2025-2025040921gm-00a9-0000-9f24706f-08-s0-d8,43,B,2,33,"[14400,33800,12100,39700]",3,-4.0,1,3,0,0,1,True
2025-2025040921gm-00a9-0000-9f24706f-08-s0-d8,44,A,1,45,"[18700,35300,12600,32400]",3,-4.0,1,3,0,1,1,True
2025-2025040921gm-00a9-0000-9f24706f-08-s0-d8,44,B,2,33,"[18700,35300,12600,32400]",3,-4.0,1,3,0,1,1,True
2025-2025040921gm-00a9-0000-9f24706f-08-s0-d8,45,A,1,45,"[21700,35300,10600,32400]",3,-4.0,1,3,0,0,1,True
2025-2025040921gm-00a9-0000-9f24706f-08-s0-d8,45,B,2,33,"[23200,32800,11100,32900]",3,-4.0,1,3,0,0,1,True
2025-2025040921gm-00a9-0000-9f24706f-08-s0-d8,46,A,1,45,"[22800,33800,9500,33900]",3,-4.0,1,3,0,0,1,True
2025-2025040921gm-00a9-0000-9f24706f-08-s0-d8,46,B,2,33,"[22200,33800,10100,33900]",3,-4.0,1,3,0,0,1,True
2025-2025040921gm-00a9-0000-9f24706f-08-s0-d8,47,A,1,45,"[21700,33400,11700,33200]",3,-4.0,1,3,0,0,1,True
2025-2025040921gm-00a9-0000-9f24706f-08-s0-d8,47,B,2,33,"[21700,33400,11700,33200]",3,-4.0,1,3,0,0,1,True
2025-2025040921gm-00a9-0000-9f24706f-08-s0-d8,48,A,1,45,"[21200,32800,12100,33900]",3,-4.0,1,3,0,0,1,True
2025-2025040921gm-00a9-0000-9f24706f-08-s0-d8,48,B,2,33,"[21200,32800,12100,33900]",3,-4.0,1,3,0,0,1,True
2025-2025040921gm-00a9-0000-9f24706f-08-s0-d8,49,A,1,45,"[22200,27900,12100,37800]",3,-4.0,1,3,0,0,1,True
2025-2025040921gm-00a9-0000-9f24706f-08-s0-d8,49,B,2,33,"[22200,33800,10100,33900]",3,-4.0,1,3,0,0,1,True
2025-2025040921gm-00a9-0000-9f24706f-08-s0-d8,50,A,1,45,"[22700,33400,10700,33200]",3,-4.0,1,3,0,0,1,True
2025-2025040921gm-00a9-0000-9f24706f-08-s0-d8,50,B,2,33,"[21700,32300,12600,32400]",3,-4.0,1,3,0,1,1,True
2025-2025040921gm-00a9-0000-9f24706f-08-s0-d8,51,A,1,45,"[16300,37700,12100,33900]",3,-4.0,1,3,0,0,1,True
2025-2025040921gm-00a9-0000-9f24706f-08-s0-d8,51,B,2,33,"[16300,37700,12100,33900]",3,-4.0,1,3,0,0,1,True
2025-2025040921gm-00a9-0000-9f24706f-08-s0-d8,52,A,1,45,"[21300,33500,11800,33400]",3,-4.0,1,3,0,0,1,True
2025-2025040921gm-00a9-0000-9f24706f-08-s0-d8,52,B,2,33,"[21700,33400,11700,33200]",3,-4.0,1,3,0,0,1,True
2025-2025040921gm-00a9-0000-9f24706f-08-s0-d8,53,A,1,45,"[22900,33100,11400,32600]",3,-4.0,1,3,0,0,1,True
2025-2025040921gm-00a9-0000-9f24706f-08-s0-d8,53,B,2,33,"[17300,33800,12100,36800]",3,-4.0,1,3,0,0,1,True
2025-2025040921gm-00a9-0000-9f24706f-08-s0-d8,54,A,1,45,"[17300,33800,12100,36800]",3,-4.0,1,3,0,0,1,True
2025-2025040921gm-00a9-0000-9f24706f-08-s0-d8,54,B,2,33,"[20200,30900,12100,36800]",3,-4.0,1,3,0,0,1,True
2025-2025040921gm-00a9-0000-9f24706f-08-s0-d8,55,A,1,45,"[22200,33800,11100,32900]",3,-4.0,1,3,0,0,1,True
2025-2025040921gm-00a9-0000-9f24706f-08-s0-d8,55,B,2,33,"[22200,33300,11600,32900]",3,-4.0,1,3,0,0,1,True
2025-2025040921gm-00a9-0000-9f24706f-08-s0-d8,56,A,1,45,"[21700,32300,13600,32400]",3,-4.0,1,3,0,0,1,True
2025-2025040921gm-00a9-0000-9f24706f-08-s0-d8,56,B,2,33,"[22200,33800,10100,33900]",3,-4.0,1,3,0,0,1,True
2025-2025040921gm-00a9-0000-9f24706f-08-s0-d8,57,A,1,45,"[22200,33800,10100,33900]",3,-4.0,1,3,0,0,1,True
2025-2025040921gm-00a9-0000-9f24706f-08-s0-d8,57,B,2,33,"[23200,32800,11100,32900]",3,-4.0,1,3,0,0,1,True
2025-2025040921gm-00a9-0000-9f24706f-08-s0-d8,58,A,1,45,"[21500,33800,12100,32600]",3,-4.0,1,3,0,0,1,True
2025-2025040921gm-00a9-0000-9f24706f-08-s0-d8,58,B,2,33,"[21200,33800,12100,32900]",3,-4.0,1,3,0,0,1,True
2025-2025040921gm-00a9-0000-9f24706f-08-s0-d8,59,A,1,45,"[23200,32800,11100,32900]",3,-4.0,1,3,0,0,1,True
2025-2025040921gm-00a9-0000-9f24706f-08-s0-d8,59,B,2,33,"[23200,33800,9100,33900]",3,-4.0,1,3,0,0,1,True
2025-2025040921gm-00a9-0000-9f24706f-08-s0-d8,60,A,1,45,"[21300,33500,11800,33400]",3,-4.0,1,3,0,0,1,True
2025-2025040921gm-00a9-0000-9f24706f-08-s0-d8,60,B,2,33,"[21200,33800,11100,33900]",3,-4.0,1,3,0,0,1,True
2025-2025040921gm-00a9-0000-9f24706f-08-s0-d8,61,A,1,45,"[20200,45800,12100,21900]",3,-4.0,1,3,0,0,1,True
2025-2025040921gm-00a9-0000-9f24706f-08-s0-d8,61,B,2,33,"[21300,33500,11800,33400]",3,-4.0,1,3,0,0,1,True
2025-2025040921gm-00a9-0000-9f24706f-08-s0-d8,62,A,1,45,"[20200,26100,19800,33900]",3,-4.0,1,3,0,0,1,True
2025-2025040921gm-00a9-0000-9f24706f-08-s0-d8,62,B,2,33,"[20200,26100,19800,33900]",3,-4.0,1,3,0,0,1,True
2025-2025040921gm-00a9-0000-9f24706f-08-s0-d8,63,A,1,45,"[20200,33800,15700,30300]",3,-4.0,1,3,0,0,1,True
2025-2025040921gm-00a9-0000-9f24706f-08-s0-d8,63,B,2,33,"[19200,32800,16100,31900]",3,-4.0,1,3,0,0,1,True
2025-2025040921gm-00a9-0000-9f24706f-08-s0-d8,64,A,1,45,"[17200,30800,24100,27900]",4,-10.0,1,3,0,0,1,True
2025-2025040921gm-00a9-0000-9f24706f-08-s0-d8,64,B,2,33,"[17200,30800,24100,27900]",4,-10.0,1,3,0,0,1,True
2025-2025040921gm-00a9-0000-9f24706f-08-s0-d8,65,A,1,45,"[18700,33800,12100,35400]",3,-4.0,1,3,0,0,1,True
2025-2025040921gm-00a9-0000-9f24706f-08-s0-d8,65,B,2,33,"[20200,33800,10600,35400]",3,-4.0,1,3,0,0,1,True
2025-2025040921gm-00a9-0000-9f24706f-08-s0-d8,66,A,1,45,"[18200,41700,10100,30000]",3,-4.0,1,3,0,0,1,True
2025-2025040921gm-00a9-0000-9f24706f-08-s0-d8,66,B,2,33,"[19700,35800,11600,32900]",3,-4.0,1,3,0,0,1,True
2025-2025040921gm-00a9-0000-9f24706f-08-s0-d8,67,A,1,45,"[21700,32300,10600,35400]",3,-4.0,1,3,0,0,1,True
2025-2025040921gm-00a9-0000-9f24706f-08-s0-d8,67,B,2,33,"[22900,33100,11400,32600]",3,-4.0,1,3,0,0,1,True
2025-2025040921gm-00a9-0000-9f24706f-08-s0-d8,68,A,1,45,"[20200,34800,12100,32900]",3,-4.0,1,3,0,0,1,True
2025-2025040921gm-00a9-0000-9f24706f-08-s0-d8,68,B,2,33,"[20200,34800,12100,32900]",3,-4.0,1,3,0,0,1,True
2025-2025040921gm-00a9-0000-9f24706f-08-s0-d8,69,A,1,45,"[23200,32800,11100,32900]",3,-4.0,1,3,0,0,1,True
2025-2025040921gm-00a9-0000-9f24706f-08-s0-d8,69,B,2,33,"[21700,35300,10600,32400]",3,-4.0,1,3,0,0,1,True
2025-2025040921gm-00a9-0000-9f24706f-08-s0-d8,70,A,1,45,"[21200,32800,12100,33900]",3,-4.0,1,3,0,0,1,True
2025-2025040921gm-00a9-0000-9f24706f-08-s0-d8,70,B,2,33,"[21200,32800,12100,33900]",3,-4.0,1,3,0,0,1,True
2025-2025040921gm-00a9-0000-9f24706f-08-s0-d8,71,A,1,45,"[21700,32300,12600,32400]",3,-4.0,1,3,0,1,1,True
2025-2025040921gm-00a9-0000-9f24706f-08-s0-d8,71,B,2,33,"[17200,45800,9100,27900]",3,-4.0,1,3,0,0,1,True
2025-2025040921gm-00a9-0000-9f24706f-08-s0-d8,72,A,1,45,"[21700,33400,11700,33200]",3,-4.0,1,3,0,0,1,True
2025-2025040921gm-00a9-0000-9f24706f-08-s0-d8,72,B,2,33,"[21200,32800,12100,33900]",3,-4.0,1,3,0,0,1,True
2025-2025040921gm-00a9-0000-9f24706f-08-s0-d8,73,A,1,45,"[20200,33800,12100,33900]",3,-4.0,1,3,0,0,1,True
2025-2025040921gm-00a9-0000-9f24706f-08-s0-d8,73,B,2,33,"[21200,30800,13100,34900]",3,-4.0,1,3,0,0,1,True
2025-2025040921gm-00a9-0000-9f24706f-08-s0-d8,74,A,1,45,"[19200,32800,14100,32900]",3,-4.0,1,3,0,1,1,True
2025-2025040921gm-00a9-0000-9f24706f-08-s0-d8,74,B,2,33,"[17300,33800,12100,36800]",3,-4.0,1,3,0,0,1,True
2025-2025040921gm-00a9-0000-9f24706f-08-s0-d8,75,A,1,45,"[21700,35300,10600,32400]",3,-4.0,1,3,0,0,1,True
2025-2025040921gm-00a9-0000-9f24706f-08-s0-d8,75,B,2,33,"[21700,35300,10600,32400]",3,-4.0,1,3,0,0,1,True
2025-2025040921gm-00a9-0000-9f24706f-08-s0-d8,76,A,1,45,"[21200,30800,13100,34900]",3,-4.0,1,3,0,0,1,True
2025-2025040921gm-00a9-0000-9f24706f-08-s0-d8,76,B,2,33,"[21200,30800,13100,34900]",3,-4.0,1,3,0,0,1,True
2025-2025040921gm-00a9-0000-9f24706f-08-s0-d8,77,A,1,45,"[18200,41800,10100,29900]",3,-4.0,1,3,0,0,1,True
2025-2025040921gm-00a9-0000-9f24706f-08-s0-d8,77,B,2,33,"[20200,29900,16000,33900]",3,-4.0,1,3,0,0,1,True
2025-2025040921gm-00a9-0000-9f24706f-08-s0-d8,78,A,1,45,"[22200,33300,11600,32900]",3,-4.0,1,3,0,0,1,True
2025-2025040921gm-00a9-0000-9f24706f-08-s0-d8,78,B,2,33,"[21300,33500,11800,33400]",3,-4.0,1,3,0,0,1,True
2025-2025040921gm-00a9-0000-9f24706f-08-s0-d8,79,A,1,45,"[25400,33800,6900,33900]",3,-4.0,1,3,0,0,1,True
2025-2025040921gm-00a9-0000-9f24706f-08-s0-d8,79,B,2,33,"[25400,33800,6900,33900]",3,-4.0,1,3,0,0,1,True
2025-2025040921gm-00a9-0000-9f24706f-08-s0-d8,80,A,1,45,"[22900,33100,11400,32600]",3,-4.0,1,3,0,0,1,True
2025-2025040921gm-00a9-0000-9f24706f-08-s0-d8,80,B,2,33,"[22900,33100,11400,32600]",3,-4.0,1,3,0,0,1,True
2025-2025040921gm-00a9-0000-9f24706f-08-s0-d8,81,A,1,45,"[19200,32800,15100,32900]",3,-4.0,1,3,0,0,1,True
2025-2025040921gm-00a9-0000-9f24706f-08-s0-d8,81,B,2,33,"[22200,33300,11600,32900]",3,-4.0,1,3,0,0,1,True
2025-2025040921gm-00a9-0000-9f24706f-08-s0-d8,82,A,1,45,"[21200,33800,12100,32900]",3,-4.0,1,3,0,0,1,True
2025-2025040921gm-00a9-0000-9f24706f-08-s0-d8,82,B,2,33,"[21200,33800,12100,32900]",3,-4.0,1,3,0,0,1,True
2025-2025040921gm-00a9-0000-9f24706f-08-s0-d8,83,A,1,45,"[19200,32800,16100,31900]",3,-4.0,1,3,0,0,1,True
2025-2025040921gm-00a9-0000-9f24706f-08-s0-d8,83,B,2,33,"[19200,32800,16100,31900]",3,-4.0,1,3,0,0,1,True
2025-2025040921gm-00a9-0000-9f24706f-08-s0-d8,84,A,1,45,"[18200,41800,10100,29900]",3,-4.0,1,3,0,0,1,True
2025-2025040921gm-00a9-0000-9f24706f-08-s0-d8,84,B,2,33,"[18200,41700,10100,30000]",3,-4.0,1,3,0,0,1,True
2025-2025040921gm-00a9-0000-9f24706f-08-s0-d8,85,A,1,45,"[22200,33800,10100,33900]",3,-4.0,1,3,0,0,1,True
2025-2025040921gm-00a9-0000-9f24706f-08-s0-d8,85,B,2,33,"[22200,33800,10100,33900]",3,-4.0,1,3,0,0,1,True
2025-2025040921gm-00a9-0000-9f24706f-08-s0-d8,86,A,1,45,"[21700,32300,12600,32400]",3,-4.0,1,3,0,1,1,True
2025-2025040921gm-00a9-0000-9f24706f-08-s0-d8,86,B,2,33,"[21700,32300,12600,32400]",3,-4.0,1,3,0,1,1,True
2025-2025040921gm-00a9-0000-9f24706f-08-s0-d8,87,A,1,45,"[23200,32800,11100,32900]",3,-4.0,1,3,0,0,1,True
2025-2025040921gm-00a9-0000-9f24706f-08-s0-d8,87,B,2,33,"[23200,32800,11100,32900]",3,-4.0,1,3,0,0,1,True
2025-2025040921gm-00a9-0000-9f24706f-08-s0-d8,88,A,1,45,"[21200,30800,12100,34900]",3,-4.0,1,3,0,1,1,True
2025-2025040921gm-00a9-0000-9f24706f-08-s0-d8,88,B,2,33,"[21200,33800,12100,32900]",3,-4.0,1,3,0,0,1,True
2025-2025040921gm-00a9-0000-9f24706f-08-s0-d8,89,A,1,45,"[21700,32300,12600,32400]",3,-4.0,1,3,0,1,1,True
2025-2025040921gm-00a9-0000-9f24706f-08-s0-d8,89,B,2,33,"[21200,33800,11100,33900]",3,-4.0,1,3,0,0,1,True
2025-2025040921gm-00a9-0000-9f24706f-08-s0-d8,90,A,1,45,"[21200,32800,12100,33900]",3,-4.0,1,3,0,0,1,True
2025-2025040921gm-00a9-0000-9f24706f-08-s0-d8,90,B,2,33,"[18200,31800,20100,29900]",4,-10.0,1,3,0,0,1,True
2025-2025040921gm-00a9-0000-9f24706f-08-s0-d8,91,A,1,45,"[20200,33800,12100,33900]",3,-4.0,1,3,0,0,1,True
2025-2025040921gm-00a9-0000-9f24706f-08-s0-d8,91,B,2,33,"[18200,31800,20100,29900]",4,-10.0,1,3,0,0,1,True
2025-2025040921gm-00a9-0000-9f24706f-08-s0-d8,92,A,1,45,"[20200,36100,11100,32600]",3,-4.0,1,3,0,0,1,True
2025-2025040921gm-00a9-0000-9f24706f-08-s0-d8,92,B,2,33,"[20200,36100,11100,32600]",3,-4.0,1,3,0,0,1,True
2025-2025040921gm-00a9-0000-9f24706f-08-s0-d8,93,A,1,45,"[18700,32300,13600,34400]",3,-4.0,1,3,0,1,1,True
2025-2025040921gm-00a9-0000-9f24706f-08-s0-d8,93,B,2,33,"[18200,31800,20100,29900]",4,-10.0,1,3,0,0,1,True
2025-2025040921gm-00a9-0000-9f24706f-08-s0-d8,94,A,1,45,"[21700,35300,10600,32400]",3,-4.0,1,3,0,0,1,True
2025-2025040921gm-00a9-0000-9f24706f-08-s0-d8,94,B,2,33,"[20200,26100,19800,33900]",3,-4.0,1,3,0,0,1,True
2025-2025040921gm-00a9-0000-9f24706f-08-s0-d8,95,A,1,45,"[19200,35800,11100,32900]",3,-4.0,1,3,0,1,1,True
2025-2025040921gm-00a9-0000-9f24706f-08-s0-d8,95,B,2,33,"[21700,32300,10600,35400]",3,-4.0,1,3,0,0,1,True
2025-2025040921gm-00a9-0000-9f24706f-08-s0-d8,96,A,1,45,"[18700,34300,12600,32400]",3,-4.0,1,3,0,2,1,True
2025-2025040921gm-00a9-0000-9f24706f-08-s0-d8,96,B,2,33,"[25100,32800,8200,33900]",3,-4.0,1,3,0,0,1,True
2025-2025040921gm-00a9-0000-9f24706f-08-s0-d8,97,A,1,45,"[21700,32300,12600,32400]",3,-4.0,1,3,0,1,1,True
2025-2025040921gm-00a9-0000-9f24706f-08-s0-d8,97,B,2,33,"[21700,32300,12600,32400]",3,-4.0,1,3,0,1,1,True
2025-2025040921gm-00a9-0000-9f24706f-08-s0-d8,98,A,1,45,"[21200,33800,11100,33900]",3,-4.0,1,3,0,0,1,True
2025-2025040921gm-00a9-0000-9f24706f-08-s0-d8,98,B,2,33,"[21200,32800,12100,33900]",3,-4.0,1,3,0,0,1,True
2025-2025040921gm-00a9-0000-9f24706f-08-s0-d8,99,A,1,45,"[21700,32300,12600,32400]",3,-4.0,1,3,0,1,1,True
2025-2025040921gm-00a9-0000-9f24706f-08-s0-d8,99,B,2,33,"[21700,32300,12600,32400]",3,-4.0,1,3,0,1,1,True
2025-2025040921gm-00a9-0000-9f24706f-08-s0-d8,100,A,1,45,"[21200,33800,11100,33900]",3,-4.0,1,3,0,0,1,True
2025-2025040921gm-00a9-0000-9f24706f-08-s0-d8,100,B,2,33,"[21200,32800,12100,33900]",3,-4.0,1,3,0,0,1,True
2025-2025040921gm-00a9-0000-9f24706f-08-s0-d8,101,A,1,45,"[22200,31800,12100,33900]",3,-4.0,1,3,0,0,1,True
2025-2025040921gm-00a9-0000-9f24706f-08-s0-d8,101,B,2,33,"[19200,32800,11100,36900]",3,-4.0,1,3,0,0,1,True
2025-2025040921gm-00a9-0000-9f24706f-08-s0-d8,102,A,1,45,"[21200,32800,12100,33900]",3,-4.0,1,3,0,0,1,True
2025-2025040921gm-00a9-0000-9f24706f-08-s0-d8,102,B,2,33,"[21200,32800,12100,33900]",3,-4.0,1,3,0,0,1,True
2025-2025040921gm-00a9-0000-9f24706f-08-s0-d8,103,A,1,45,"[21200,33800,11100,33900]",3,-4.0,1,3,0,0,1,True
2025-2025040921gm-00a9-0000-9f24706f-08-s0-d8,103,B,2,33,"[20200,33800,16000,30000]",3,-4.0,1,3,0,0,1,True
2025-2025040921gm-00a9-0000-9f24706f-08-s0-d8,104,A,1,45,"[25400,28600,12100,33900]",3,-4.0,1,3,0,0,1,True
2025-2025040921gm-00a9-0000-9f24706f-08-s0-d8,104,B,2,33,"[22900,33100,11400,32600]",3,-4.0,1,3,0,0,1,True
2025-2025040921gm-00a9-0000-9f24706f-08-s0-d8,105,A,1,45,"[21200,33800,11100,33900]",3,-4.0,1,3,0,0,1,True
2025-2025040921gm-00a9-0000-9f24706f-08-s0-d8,105,B,2,33,"[22200,33800,15000,29000]",3,-4.0,1,3,0,0,1,True
2025-2025040921gm-00a9-0000-9f24706f-08-s0-d8,106,A,1,45,"[21200,34800,13100,30900]",3,-4.0,1,3,0,0,1,True
2025-2025040921gm-00a9-0000-9f24706f-08-s0-d8,106,B,2,33,"[22200,31800,12100,33900]",3,-4.0,1,3,0,0,1,True
2025-2025040921gm-00a9-0000-9f24706f-08-s0-d8,107,A,1,45,"[20200,33800,12100,33900]",3,-4.0,1,3,0,0,1,True
2025-2025040921gm-00a9-0000-9f24706f-08-s0-d8,107,B,2,33,"[23200,32800,11100,32900]",3,-4.0,1,3,0,0,1,True
2025-2025040921gm-00a9-0000-9f24706f-08-s0-d8,108,A,1,45,"[20200,33800,6300,39700]",3,-4.0,1,3,0,0,1,True
2025-2025040921gm-00a9-0000-9f24706f-08-s0-d8,108,B,2,33,"[20200,33800,6300,39700]",3,-4.0,1,3,0,0,1,True
2025-2025040921gm-00a9-0000-9f24706f-08-s0-d8,109,A,1,45,"[8200,33800,12100,45900]",4,-10.0,1,3,0,0,1,True
2025-2025040921gm-00a9-0000-9f24706f-08-s0-d8,109,B,2,33,"[27900,33800,12100,26200]",2,4.0,1,3,0,0,1,True
2025-2025040921gm-00a9-0000-9f24706f-08-s0-d8,110,A,1,45,"[21700,32300,13600,32400]",3,-4.0,1,3,0,0,1,True
2025-2025040921gm-00a9-0000-9f24706f-08-s0-d8,110,B,2,33,"[22200,33300,11600,32900]",3,-4.0,1,3,0,0,1,True
2025-2025040921gm-00a9-0000-9f24706f-08-s0-d8,111,A,1,45,"[21700,33400,11700,33200]",3,-4.0,1,3,0,0,1,True
2025-2025040921gm-00a9-0000-9f24706f-08-s0-d8,111,B,2,33,"[21700,33400,11700,33200]",3,-4.0,1,3,0,0,1,True
2025-2025040921gm-00a9-0000-9f24706f-08-s0-d8,112,A,1,45,"[21700,33400,11700,33200]",3,-4.0,1,3,0,0,1,True
2025-2025040921gm-00a9-0000-9f24706f-08-s0-d8,112,B,2,33,"[21700,33400,11700,33200]",3,-4.0,1,3,0,0,1,True
2025-2025040921gm-00a9-0000-9f24706f-08-s0-d8,113,A,1,45,"[21200,33800,11100,33900]",3,-4.0,1,3,0,0,1,True
2025-2025040921gm-00a9-0000-9f24706f-08-s0-d8,113,B,2,33,"[21200,33800,11100,33900]",3,-4.0,1,3,0,0,1,True
2025-2025040921gm-00a9-0000-9f24706f-08-s0-d8,114,A,1,45,"[22200,33800,10100,33900]",3,-4.0,1,3,0,0,1,True
2025-2025040921gm-00a9-0000-9f24706f-08-s0-d8,114,B,2,33,"[21700,32300,10600,35400]",3,-4.0,1,3,0,0,1,True
2025-2025040921gm-00a9-0000-9f24706f-08-s0-d8,115,A,1,45,"[19200,37800,11100,31900]",3,-4.0,1,3,0,0,1,True
2025-2025040921gm-00a9-0000-9f24706f-08-s0-d8,115,B,2,33,"[19200,37800,11100,31900]",3,-4.0,1,3,0,0,1,True
2025-2025040921gm-00a9-0000-9f24706f-08-s0-d8,116,A,1,45,"[17200,30800,24100,27900]",4,-10.0,1,3,0,0,1,True
2025-2025040921gm-00a9-0000-9f24706f-08-s0-d8,116,B,2,33,"[21300,33500,11800,33400]",3,-4.0,1,3,0,0,1,True
2025-2025040921gm-00a9-0000-9f24706f-08-s0-d8,117,A,1,45,"[8200,33800,12100,45900]",4,-10.0,1,3,0,0,1,True
2025-2025040921gm-00a9-0000-9f24706f-08-s0-d8,117,B,2,33,"[8200,33800,12100,45900]",4,-10.0,1,3,0,0,1,True
2025-2025040921gm-00a9-0000-9f24706f-08-s0-d8,118,A,1,45,"[20200,27400,18500,33900]",3,-4.0,1,3,0,0,1,True
2025-2025040921gm-00a9-0000-9f24706f-08-s0-d8,118,B,2,33,"[20200,41800,4100,33900]",3,-4.0,1,3,0,0,1,True
2025-2025040921gm-00a9-0000-9f24706f-08-s0-d8,119,A,1,45,"[21700,32300,12600,32400]",3,-4.0,1,3,0,1,1,True
2025-2025040921gm-00a9-0000-9f24706f-08-s0-d8,119,B,2,33,"[20200,33800,15300,30700]",3,-4.0,1,3,0,0,1,True
2025-2025040921gm-00a9-0000-9f24706f-08-s0-d8,120,A,1,45,"[21200,33800,12100,32900]",3,-4.0,1,3,0,0,1,True
2025-2025040921gm-00a9-0000-9f24706f-08-s0-d8,120,B,2,33,"[9600,43800,12100,34500]",4,-10.0,1,3,1,0,2,True
2025-2025040921gm-00a9-0000-9f24706f-08-s0-d8,121,A,1,45,"[22200,33800,10100,33900]",3,-4.0,1,3,0,0,1,True
2025-2025040921gm-00a9-0000-9f24706f-08-s0-d8,121,B,2,33,"[21300,33500,11800,33400]",3,-4.0,1,3,0,0,1,True
2025-2025040921gm-00a9-0000-9f24706f-08-s0-d8,122,A,1,45,"[17200,45800,9100,27900]",3,-4.0,1,3,0,0,1,True
2025-2025040921gm-00a9-0000-9f24706f-08-s0-d8,122,B,2,33,"[17200,45800,9100,27900]",3,-4.0,1,3,0,0,1,True
2025-2025040921gm-00a9-0000-9f24706f-08-s0-d8,123,A,1,45,"[21200,33800,12100,32900]",3,-4.0,1,3,0,0,1,True
2025-2025040921gm-00a9-0000-9f24706f-08-s0-d8,123,B,2,33,"[21200,32800,12100,33900]",3,-4.0,1,3,0,0,1,True
2025-2025040921gm-00a9-0000-9f24706f-08-s0-d8,124,A,1,45,"[17200,45800,9100,27900]",3,-4.0,1,3,0,0,1,True
2025-2025040921gm-00a9-0000-9f24706f-08-s0-d8,124,B,2,33,"[17200,45800,9100,27900]",3,-4.0,1,3,0,0,1,True
2025-2025040921gm-00a9-0000-9f24706f-08-s0-d8,125,A,1,45,"[21200,30800,13100,34900]",3,-4.0,1,3,0,0,1,True
2025-2025040921gm-00a9-0000-9f24706f-08-s0-d8,125,B,2,33,"[21200,30800,13100,34900]",3,-4.0,1,3,0,0,1,True
2025-2025040921gm-00a9-0000-9f24706f-08-s0-d8,126,A,1,45,"[21200,30800,13100,34900]",3,-4.0,1,3,0,0,1,True
2025-2025040921gm-00a9-0000-9f24706f-08-s0-d8,126,B,2,33,"[21200,30800,13100,34900]",3,-4.0,1,3,0,0,1,True
2025-2025040921gm-00a9-0000-9f24706f-08-s0-d8,127,A,1,45,"[20200,33800,17300,28700]",3,-4.0,1,3,0,0,1,True
2025-2025040921gm-00a9-0000-9f24706f-08-s0-d8,127,B,2,33,"[20200,33800,17300,28700]",3,-4.0,1,3,0,0,1,True
2025-2025040921gm-00a9-0000-9f24706f-08-s0-d8,128,A,1,45,"[18700,34300,13600,32400]",3,-4.0,1,3,0,1,1,True
2025-2025040921gm-00a9-0000-9f24706f-08-s0-d8,128,B,2,33,"[19200,32800,14100,32900]",3,-4.0,1,3,0,1,1,True
2025-2025040921gm-00a9-0000-9f24706f-08-s0-d8,129,A,1,45,"[24100,33800,8200,33900]",3,-4.0,1,3,0,0,1,True
2025-2025040921gm-00a9-0000-9f24706f-08-s0-d8,129,B,2,33,"[24100,33800,8200,33900]",3,-4.0,1,3,0,0,1,True
2025-2025040921gm-00a9-0000-9f24706f-08-s0-d8,130,A,1,45,"[22800,31200,12100,33900]",3,-4.0,1,3,0,0,1,True
2025-2025040921gm-00a9-0000-9f24706f-08-s0-d8,130,B,2,33,"[22200,33800,10100,33900]",3,-4.0,1,3,0,0,1,True
2025-2025040921gm-00a9-0000-9f24706f-08-s0-d8,131,A,1,45,"[21700,33400,11700,33200]",3,-4.0,1,3,0,0,1,True
2025-2025040921gm-00a9-0000-9f24706f-08-s0-d8,131,B,2,33,"[22200,33300,11600,32900]",3,-4.0,1,3,0,0,1,True
2025-2025040921gm-00a9-0000-9f24706f-08-s0-d8,132,A,1,45,"[23200,32800,11100,32900]",3,-4.0,1,3,0,0,1,True
2025-2025040921gm-00a9-0000-9f24706f-08-s0-d8,132,B,2,33,"[23200,32800,11100,32900]",3,-4.0,1,3,0,0,1,True
2025-2025040921gm-00a9-0000-9f24706f-08-s0-d8,133,A,1,45,"[23200,32800,11100,32900]",3,-4.0,1,3,0,0,1,True
2025-2025040921gm-00a9-0000-9f24706f-08-s0-d8,133,B,2,33,"[23200,32800,11100,32900]",3,-4.0,1,3,0,0,1,True
2025-2025040921gm-00a9-0000-9f24706f-08-s0-d8,134,A,1,45,"[21200,32800,12100,33900]",3,-4.0,1,3,0,0,1,True
2025-2025040921gm-00a9-0000-9f24706f-08-s0-d8,134,B,2,33,"[21200,33800,11100,33900]",3,-4.0,1,3,0,0,1,True
2025-2025040921gm-00a9-0000-9f24706f-08-s0-d8,135,A,1,45,"[20200,33800,19800,26200]",3,-4.0,1,3,0,0,1,True
2025-2025040921gm-00a9-0000-9f24706f-08-s0-d8,135,B,2,33,"[19200,32800,14100,32900]",3,-4.0,1,3,0,1,1,True
2025-2025040921gm-00a9-0000-9f24706f-08-s0-d8,136,A,1,45,"[21200,30800,12100,34900]",3,-4.0,1,3,0,1,1,True
2025-2025040921gm-00a9-0000-9f24706f-08-s0-d8,136,B,2,33,"[21200,30800,12100,34900]",3,-4.0,1,3,0,1,1,True
2025-2025040921gm-00a9-0000-9f24706f-08-s0-d8,137,A,1,45,"[20200,33800,24100,21900]",4,-10.0,1,3,0,0,1,True
2025-2025040921gm-00a9-0000-9f24706f-08-s0-d8,137,B,2,33,"[25800,20200,30400,23600]",2,4.0,2,0,1,0,3,True
2025-2025040921gm-00a9-0000-9f24706f-08-s0-d8,138,A,1,45,"[25400,32500,10800,31300]",3,-4.0,1,3,0,0,1,True
2025-2025040921gm-00a9-0000-9f24706f-08-s0-d8,138,B,2,33,"[25400,32500,10800,31300]",3,-4.0,1,3,0,0,1,True
2025-2025040921gm-00a9-0000-9f24706f-08-s0-d8,139,A,1,45,"[29500,33800,3800,32900]",3,-4.0,1,3,1,0,2,True
2025-2025040921gm-00a9-0000-9f24706f-08-s0-d8,139,B,2,33,"[21200,30600,9100,39100]",3,-4.0,1,3,1,0,2,True
2025-2025040921gm-00a9-0000-9f24706f-08-s0-d8,140,A,1,45,"[19200,37800,11100,31900]",3,-4.0,1,3,0,0,1,True
2025-2025040921gm-00a9-0000-9f24706f-08-s0-d8,140,B,2,33,"[25100,33800,7200,33900]",3,-4.0,1,3,0,0,1,True
2025-2025040921gm-00a9-0000-9f24706f-08-s0-d8,141,A,1,45,"[24200,32800,11100,31900]",3,-4.0,1,3,0,0,1,True
2025-2025040921gm-00a9-0000-9f24706f-08-s0-d8,141,B,2,33,"[24200,32800,11100,31900]",3,-4.0,1,3,0,0,1,True
2025-2025040921gm-00a9-0000-9f24706f-08-s0-d8,142,A,1,45,"[22900,33100,11400,32600]",3,-4.0,1,3,0,0,1,True
2025-2025040921gm-00a9-0000-9f24706f-08-s0-d8,142,B,2,33,"[15000,33800,17300,33900]",4,-10.0,1,3,0,0,1,True
2025-2025040921gm-00a9-0000-9f24706f-08-s0-d8,143,A,1,45,"[14200,27800,6100,51900]",3,-4.0,1,3,0,0,1,True
2025-2025040921gm-00a9-0000-9f24706f-08-s0-d8,143,B,2,33,"[14200,27800,6100,51900]",3,-4.0,1,3,0,0,1,True
2025-2025040921gm-00a9-0000-9f24706f-08-s0-d8,144,A,1,45,"[20200,33800,12100,33900]",3,-4.0,1,3,0,0,1,True
2025-2025040921gm-00a9-0000-9f24706f-08-s0-d8,144,B,2,33,"[20200,33800,12100,33900]",3,-4.0,1,3,0,0,1,True
2025-2025040921gm-00a9-0000-9f24706f-08-s0-d8,145,A,1,45,"[21200,32800,12100,33900]",3,-4.0,1,3,0,0,1,True
2025-2025040921gm-00a9-0000-9f24706f-08-s0-d8,145,B,2,33,"[17200,30800,24100,27900]",4,-10.0,1,3,0,0,1,True
2025-2025040921gm-00a9-0000-9f24706f-08-s0-d8,146,A,1,45,"[16300,37700,12100,33900]",3,-4.0,1,3,0,0,1,True
2025-2025040921gm-00a9-0000-9f24706f-08-s0-d8,146,B,2,33,"[21700,35300,10600,32400]",3,-4.0,1,3,0,0,1,True
2025-2025040921gm-00a9-0000-9f24706f-08-s0-d8,147,A,1,45,"[22200,33800,11100,32900]",3,-4.0,1,3,0,0,1,True
2025-2025040921gm-00a9-0000-9f24706f-08-s0-d8,147,B,2,33,"[22200,33800,11100,32900]",3,-4.0,1,3,0,0,1,True
2025-2025040921gm-00a9-0000-9f24706f-08-s0-d8,148,A,1,45,"[19200,32800,16100,31900]",3,-4.0,1,3,0,0,1,True
2025-2025040921gm-00a9-0000-9f24706f-08-s0-d8,148,B,2,33,"[19200,32800,16100,31900]",3,-4.0,1,3,0,0,1,True
2025-2025040921gm-00a9-0000-9f24706f-08-s0-d8,149,A,1,45,"[21700,35300,10600,32400]",3,-4.0,1,3,0,0,1,True
2025-2025040921gm-00a9-0000-9f24706f-08-s0-d8,149,B,2,33,"[18200,41700,10100,30000]",3,-4.0,1,3,0,0,1,True
2025-2025040921gm-00a9-0000-9f24706f-08-s0-d8,150,A,1,45,"[21200,32800,12100,33900]",3,-4.0,1,3,0,0,1,True
2025-2025040921gm-00a9-0000-9f24706f-08-s0-d8,150,B,2,33,"[21200,32800,12100,33900]",3,-4.0,1,3,0,0,1,True
2025-2025040921gm-00a9-0000-9f24706f-08-s0-d8,151,A,1,45,"[18700,32300,12600,35400]",3,-4.0,1,3,0,1,1,True
2025-2025040921gm-00a9-0000-9f24706f-08-s0-d8,151,B,2,33,"[18700,32300,12600,35400]",3,-4.0,1,3,0,1,1,True
2025-2025040921gm-00a9-0000-9f24706f-08-s0-d8,152,A,1,45,"[22900,33100,11400,32600]",3,-4.0,1,3,0,0,1,True
2025-2025040921gm-00a9-0000-9f24706f-08-s0-d8,152,B,2,33,"[22900,33100,11400,32600]",3,-4.0,1,3,0,0,1,True
2025-2025040921gm-00a9-0000-9f24706f-08-s0-d8,153,A,1,45,"[15000,33800,17300,33900]",4,-10.0,1,3,0,0,1,True
2025-2025040921gm-00a9-0000-9f24706f-08-s0-d8,153,B,2,33,"[15000,33800,17300,33900]",4,-10.0,1,3,0,0,1,True
2025-2025040921gm-00a9-0000-9f24706f-08-s0-d8,154,A,1,45,"[17200,45800,9100,27900]",3,-4.0,1,3,0,0,1,True
2025-2025040921gm-00a9-0000-9f24706f-08-s0-d8,154,B,2,33,"[17200,45800,9100,27900]",3,-4.0,1,3,0,0,1,True
2025-2025040921gm-00a9-0000-9f24706f-08-s0-d8,155,A,1,45,"[8200,33800,11100,46900]",4,-10.0,1,3,0,0,1,True
2025-2025040921gm-00a9-0000-9f24706f-08-s0-d8,155,B,2,33,"[8200,33800,11100,46900]",4,-10.0,1,3,0,0,1,True
2025-2025040921gm-00a9-0000-9f24706f-08-s0-d8,156,A,1,45,"[21200,33800,11100,33900]",3,-4.0,1,3,0,0,1,True
2025-2025040921gm-00a9-0000-9f24706f-08-s0-d8,156,B,2,33,"[21700,32300,13600,32400]",3,-4.0,1,3,0,0,1,True
2025-2025040921gm-00a9-0000-9f24706f-08-s0-d8,157,A,1,45,"[22900,33100,11400,32600]",3,-4.0,1,3,0,0,1,True
2025-2025040921gm-00a9-0000-9f24706f-08-s0-d8,157,B,2,33,"[22900,33100,11400,32600]",3,-4.0,1,3,0,0,1,True
2025-2025040921gm-00a9-0000-9f24706f-08-s0-d8,158,A,1,45,"[24100,33800,8200,33900]",3,-4.0,1,3,0,0,1,True
2025-2025040921gm-00a9-0000-9f24706f-08-s0-d8,158,B,2,33,"[24100,33800,8200,33900]",3,-4.0,1,3,0,0,1,True
2025-2025040921gm-00a9-0000-9f24706f-08-s0-d8,159,A,1,45,"[21700,32300,10600,35400]",3,-4.0,1,3,0,0,1,True
2025-2025040921gm-00a9-0000-9f24706f-08-s0-d8,159,B,2,33,"[24100,33800,12100,30000]",3,-4.0,1,3,0,0,1,True
2025-2025040921gm-00a9-0000-9f24706f-08-s0-d8,160,A,1,45,"[21700,32300,12600,32400]",3,-4.0,1,3,0,1,1,True
2025-2025040921gm-00a9-0000-9f24706f-08-s0-d8,160,B,2,33,"[18700,35300,13600,32400]",3,-4.0,1,3,0,0,1,True
2025-2025040921gm-00a9-0000-9f24706f-08-s0-d8,161,A,1,45,"[19200,32800,11100,36900]",3,-4.0,1,3,0,0,1,True
2025-2025040921gm-00a9-0000-9f24706f-08-s0-d8,161,B,2,33,"[20200,33800,10100,35900]",3,-4.0,1,3,0,0,1,True
2025-2025040921gm-00a9-0000-9f24706f-08-s0-d8,162,A,1,45,"[21200,30800,12100,34900]",3,-4.0,1,3,0,1,1,True
2025-2025040921gm-00a9-0000-9f24706f-08-s0-d8,162,B,2,33,"[21300,33500,11800,33400]",3,-4.0,1,3,0,0,1,True
2025-2025040921gm-00a9-0000-9f24706f-08-s0-d8,163,A,1,45,"[21200,30800,13100,34900]",3,-4.0,1,3,0,0,1,True
2025-2025040921gm-00a9-0000-9f24706f-08-s0-d8,163,B,2,33,"[21700,32300,10600,35400]",3,-4.0,1,3,0,0,1,True
2025-2025040921gm-00a9-0000-9f24706f-08-s0-d8,164,A,1,45,"[21200,33800,11100,33900]",3,-4.0,1,3,0,0,1,True
2025-2025040921gm-00a9-0000-9f24706f-08-s0-d8,164,B,2,33,"[19200,32800,11100,36900]",3,-4.0,1,3,0,0,1,True
2025-2025040921gm-00a9-0000-9f24706f-08-s0-d8,165,A,1,45,"[15000,39000,12100,33900]",3,-4.0,1,3,0,0,1,True
2025-2025040921gm-00a9-0000-9f24706f-08-s0-d8,165,B,2,33,"[20200,39000,12100,28700]",3,-4.0,1,3,0,0,1,True
2025-2025040921gm-00a9-0000-9f24706f-08-s0-d8,166,A,1,45,"[12500,41500,12100,33900]",3,-4.0,1,3,0,0,1,True
2025-2025040921gm-00a9-0000-9f24706f-08-s0-d8,166,B,2,33,"[21300,33500,11800,33400]",3,-4.0,1,3,0,0,1,True
2025-2025040921gm-00a9-0000-9f24706f-08-s0-d8,167,A,1,45,"[23200,32800,11100,32900]",3,-4.0,1,3,0,0,1,True
2025-2025040921gm-00a9-0000-9f24706f-08-s0-d8,167,B,2,33,"[21200,32800,12100,33900]",3,-4.0,1,3,0,0,1,True
2025-2025040921gm-00a9-0000-9f24706f-08-s0-d8,168,A,1,45,"[21700,33400,11700,33200]",3,-4.0,1,3,0,0,1,True
2025-2025040921gm-00a9-0000-9f24706f-08-s0-d8,168,B,2,33,"[21700,33400,11700,33200]",3,-4.0,1,3,0,0,1,True
2025-2025040921gm-00a9-0000-9f24706f-08-s0-d8,169,A,1,45,"[12500,33800,19800,33900]",4,-10.0,1,3,0,0,1,True
2025-2025040921gm-00a9-0000-9f24706f-08-s0-d8,169,B,2,33,"[12500,33800,19800,33900]",4,-10.0,1,3,0,0,1,True
2025-2025040921gm-00a9-0000-9f24706f-08-s0-d8,170,A,1,45,"[21700,35300,10600,32400]",3,-4.0,1,3,0,0,1,True
2025-2025040921gm-00a9-0000-9f24706f-08-s0-d8,170,B,2,33,"[21200,34800,13100,30900]",3,-4.0,1,3,0,0,1,True
2025-2025040921gm-00a9-0000-9f24706f-08-s0-d8,171,A,1,45,"[21200,32800,12100,33900]",3,-4.0,1,3,0,0,1,True
2025-2025040921gm-00a9-0000-9f24706f-08-s0-d8,171,B,2,33,"[21200,32800,12100,33900]",3,-4.0,1,3,0,0,1,True
2025-2025040921gm-00a9-0000-9f24706f-08-s0-d8,172,A,1,45,"[21200,32800,12100,33900]",3,-4.0,1,3,0,0,1,True
2025-2025040921gm-00a9-0000-9f24706f-08-s0-d8,172,B,2,33,"[22200,33300,11600,32900]",3,-4.0,1,3,0,0,1,True
2025-2025040921gm-00a9-0000-9f24706f-08-s0-d8,173,A,1,45,"[21300,33500,11800,33400]",3,-4.0,1,3,0,0,1,True
2025-2025040921gm-00a9-0000-9f24706f-08-s0-d8,173,B,2,33,"[21300,33500,11800,33400]",3,-4.0,1,3,0,0,1,True
2025-2025040921gm-00a9-0000-9f24706f-08-s0-d8,174,A,1,45,"[21200,33800,12100,32900]",3,-4.0,1,3,0,0,1,True
2025-2025040921gm-00a9-0000-9f24706f-08-s0-d8,174,B,2,33,"[21700,33400,11700,33200]",3,-4.0,1,3,0,0,1,True
2025-2025040921gm-00a9-0000-9f24706f-08-s0-d8,175,A,1,45,"[18700,32300,12600,34400]",3,-4.0,1,3,0,2,1,True
2025-2025040921gm-00a9-0000-9f24706f-08-s0-d8,175,B,2,33,"[18700,32300,12600,34400]",3,-4.0,1,3,0,2,1,True
2025-2025040921gm-00a9-0000-9f24706f-08-s0-d8,176,A,1,45,"[18200,41700,10100,30000]",3,-4.0,1,3,0,0,1,True
2025-2025040921gm-00a9-0000-9f24706f-08-s0-d8,176,B,2,33,"[20200,41800,4100,33900]",3,-4.0,1,3,0,0,1,True
2025-2025040921gm-00a9-0000-9f24706f-08-s0-d8,177,A,1,45,"[16200,29800,8100,45900]",3,-4.0,1,3,0,0,1,True
2025-2025040921gm-00a9-0000-9f24706f-08-s0-d8,177,B,2,33,"[16200,29800,8100,45900]",3,-4.0,1,3,0,0,1,True
2025-2025040921gm-00a9-0000-9f24706f-08-s0-d8,178,A,1,45,"[18200,31800,20100,29900]",4,-10.0,1,3,0,0,1,True
2025-2025040921gm-00a9-0000-9f24706f-08-s0-d8,178,B,2,33,"[22200,32800,11100,33900]",3,-4.0,1,3,0,0,1,True
2025-2025040921gm-00a9-0000-9f24706f-08-s0-d8,179,A,1,45,"[22200,33800,10100,33900]",3,-4.0,1,3,0,0,1,True
2025-2025040921gm-00a9-0000-9f24706f-08-s0-d8,179,B,2,33,"[22900,33100,11400,32600]",3,-4.0,1,3,0,0,1,True
2025-2025040921gm-00a9-0000-9f24706f-08-s0-d8,180,A,1,45,"[18700,32300,13600,34400]",3,-4.0,1,3,0,1,1,True
2025-2025040921gm-00a9-0000-9f24706f-08-s0-d8,180,B,2,33,"[17600,31200,9500,41700]",3,-4.0,1,3,0,0,1,True
2025-2025040921gm-00a9-0000-9f24706f-08-s0-d8,181,A,1,45,"[22200,31800,12100,33900]",3,-4.0,1,3,0,0,1,True
2025-2025040921gm-00a9-0000-9f24706f-08-s0-d8,181,B,2,33,"[22900,33100,11400,32600]",3,-4.0,1,3,0,0,1,True
2025-2025040921gm-00a9-0000-9f24706f-08-s0-d8,182,A,1,45,"[21200,34800,9100,34900]",3,-4.0,1,3,0,0,1,True
2025-2025040921gm-00a9-0000-9f24706f-08-s0-d8,182,B,2,33,"[25400,32500,10800,31300]",3,-4.0,1,3,0,0,1,True
2025-2025040921gm-00a9-0000-9f24706f-08-s0-d8,183,A,1,45,"[20200,32300,11100,36400]",3,-4.0,1,3,0,0,1,True
2025-2025040921gm-00a9-0000-9f24706f-08-s0-d8,183,B,2,33,"[18700,32300,12600,35400]",3,-4.0,1,3,0,1,1,True
2025-2025040921gm-00a9-0000-9f24706f-08-s0-d8,184,A,1,45,"[23200,33800,9100,33900]",3,-4.0,1,3,0,0,1,True
2025-2025040921gm-00a9-0000-9f24706f-08-s0-d8,184,B,2,33,"[23200,33800,9100,33900]",3,-4.0,1,3,0,0,1,True
2025-2025040921gm-00a9-0000-9f24706f-08-s0-d8,185,A,1,45,"[21200,32800,12100,33900]",3,-4.0,1,3,0,0,1,True
2025-2025040921gm-00a9-0000-9f24706f-08-s0-d8,185,B,2,33,"[16200,31800,26100,25900]",4,-10.0,2,0,0,0,2,True
2025-2025040921gm-00a9-0000-9f24706f-08-s0-d8,186,A,1,45,"[21200,32800,12100,33900]",3,-4.0,1,3,0,0,1,True
2025-2025040921gm-00a9-0000-9f24706f-08-s0-d8,186,B,2,33,"[21200,32800,12100,33900]",3,-4.0,1,3,0,0,1,True
2025-2025040921gm-00a9-0000-9f24706f-08-s0-d8,187,A,1,45,"[21200,33800,11100,33900]",3,-4.0,1,3,0,0,1,True
2025-2025040921gm-00a9-0000-9f24706f-08-s0-d8,187,B,2,33,"[21200,33800,11100,33900]",3,-4.0,1,3,0,0,1,True
2025-2025040921gm-00a9-0000-9f24706f-08-s0-d8,188,A,1,45,"[12200,42800,11100,33900]",3,-4.0,1,3,0,0,1,True
2025-2025040921gm-00a9-0000-9f24706f-08-s0-d8,188,B,2,33,"[21700,32300,12600,32400]",3,-4.0,1,3,0,1,1,True
2025-2025040921gm-00a9-0000-9f24706f-08-s0-d8,189,A,1,45,"[23200,32800,11100,32900]",3,-4.0,1,3,0,0,1,True
2025-2025040921gm-00a9-0000-9f24706f-08-s0-d8,189,B,2,33,"[23200,32800,11100,32900]",3,-4.0,1,3,0,0,1,True
2025-2025040921gm-00a9-0000-9f24706f-08-s0-d8,190,A,1,45,"[22900,33100,11400,32600]",3,-4.0,1,3,0,0,1,True
2025-2025040921gm-00a9-0000-9f24706f-08-s0-d8,190,B,2,33,"[17600,33800,14700,33900]",3,-4.0,1,3,0,0,1,True
2025-2025040921gm-00a9-0000-9f24706f-08-s0-d8,191,A,1,45,"[21700,33400,11700,33200]",3,-4.0,1,3,0,0,1,True
2025-2025040921gm-00a9-0000-9f24706f-08-s0-d8,191,B,2,33,"[21700,32300,13600,32400]",3,-4.0,1,3,0,0,1,True
2025-2025040921gm-00a9-0000-9f24706f-08-s0-d8,192,A,1,45,"[23200,32800,11100,32900]",3,-4.0,1,3,0,0,1,True
2025-2025040921gm-00a9-0000-9f24706f-08-s0-d8,192,B,2,33,"[21700,32300,12600,32400]",3,-4.0,1,3,0,1,1,True
2025-2025040921gm-00a9-0000-9f24706f-08-s0-d8,193,A,1,45,"[19200,32800,14100,32900]",3,-4.0,1,3,0,1,1,True
2025-2025040921gm-00a9-0000-9f24706f-08-s0-d8,193,B,2,33,"[19200,32800,14100,32900]",3,-4.0,1,3,0,1,1,True
2025-2025040921gm-00a9-0000-9f24706f-08-s0-d8,194,A,1,45,"[18700,33800,12100,35400]",3,-4.0,1,3,0,0,1,True
2025-2025040921gm-00a9-0000-9f24706f-08-s0-d8,194,B,2,33,"[21300,33500,11800,33400]",3,-4.0,1,3,0,0,1,True
2025-2025040921gm-00a9-0000-9f24706f-08-s0-d8,195,A,1,45,"[21700,33400,11700,33200]",3,-4.0,1,3,0,0,1,True
2025-2025040921gm-00a9-0000-9f24706f-08-s0-d8,195,B,2,33,"[21700,32300,12600,32400]",3,-4.0,1,3,0,1,1,True
2025-2025040921gm-00a9-0000-9f24706f-08-s0-d8,196,A,1,45,"[21300,33500,11800,33400]",3,-4.0,1,3,0,0,1,True
2025-2025040921gm-00a9-0000-9f24706f-08-s0-d8,196,B,2,33,"[21700,35300,10600,32400]",3,-4.0,1,3,0,0,1,True
2025-2025040921gm-00a9-0000-9f24706f-08-s0-d8,197,A,1,45,"[21200,33800,12100,32900]",3,-4.0,1,3,0,0,1,True
2025-2025040921gm-00a9-0000-9f24706f-08-s0-d8,197,B,2,33,"[17600,31200,9500,41700]",3,-4.0,1,3,0,0,1,True
2025-2025040921gm-00a9-0000-9f24706f-08-s0-d8,198,A,1,45,"[21300,33500,11800,33400]",3,-4.0,1,3,0,0,1,True
2025-2025040921gm-00a9-0000-9f24706f-08-s0-d8,198,B,2,33,"[23200,32800,11100,32900]",3,-4.0,1,3,0,0,1,True
2025-2025040921gm-00a9-0000-9f24706f-08-s0-d8,199,A,1,45,"[23200,32800,11100,32900]",3,-4.0,1,3,0,0,1,True
2025-2025040921gm-00a9-0000-9f24706f-08-s0-d8,199,B,2,33,"[23200,32800,11100,32900]",3,-4.0,1,3,0,0,1,True
2025-2025040921gm-00a9-0000-9f24706f-08-s0-d8,200,A,1,45,"[20200,33800,19800,26200]",3,-4.0,1,3,0,0,1,True
2025-2025040921gm-00a9-0000-9f24706f-08-s0-d8,200,B,2,33,"[20200,33800,16000,30000]",3,-4.0,1,3,0,0,1,True
2025-2025040921gm-00a9-0000-9f24706f-08-s0-d8,201,A,1,45,"[8200,33800,12100,45900]",4,-10.0,1,3,0,0,1,True
2025-2025040921gm-00a9-0000-9f24706f-08-s0-d8,201,B,2,33,"[22200,33300,11600,32900]",3,-4.0,1,3,0,0,1,True
2025-2025040921gm-00a9-0000-9f24706f-08-s0-d8,202,A,1,45,"[19200,32800,14100,32900]",3,-4.0,1,3,0,1,1,True
2025-2025040921gm-00a9-0000-9f24706f-08-s0-d8,202,B,2,33,"[19200,32800,14100,32900]",3,-4.0,1,3,0,1,1,True
2025-2025040921gm-00a9-0000-9f24706f-08-s0-d8,203,A,1,45,"[20200,33800,9200,36800]",3,-4.0,1,3,0,0,1,True
2025-2025040921gm-00a9-0000-9f24706f-08-s0-d8,203,B,2,33,"[17300,33800,12100,36800]",3,-4.0,1,3,0,0,1,True
2025-2025040921gm-00a9-0000-9f24706f-08-s0-d8,204,A,1,45,"[21200,33800,11100,33900]",3,-4.0,1,3,0,0,1,True
2025-2025040921gm-00a9-0000-9f24706f-08-s0-d8,204,B,2,33,"[21700,33400,11700,33200]",3,-4.0,1,3,0,0,1,True
2025-2025040921gm-00a9-0000-9f24706f-08-s0-d8,205,A,1,45,"[21200,34800,9100,34900]",3,-4.0,1,3,0,0,1,True
2025-2025040921gm-00a9-0000-9f24706f-08-s0-d8,205,B,2,33,"[21200,34800,9100,34900]",3,-4.0,1,3,0,0,1,True
2025-2025040921gm-00a9-0000-9f24706f-08-s0-d8,206,A,1,45,"[21200,32800,12100,33900]",3,-4.0,1,3,0,0,1,True
2025-2025040921gm-00a9-0000-9f24706f-08-s0-d8,206,B,2,33,"[12200,33800,20100,33900]",4,-10.0,1,3,0,0,1,True
2025-2025040921gm-00a9-0000-9f24706f-08-s0-d8,207,A,1,45,"[21700,33400,11700,33200]",3,-4.0,1,3,0,0,1,True
2025-2025040921gm-00a9-0000-9f24706f-08-s0-d8,207,B,2,33,"[21200,32800,12100,33900]",3,-4.0,1,3,0,0,1,True
2025-2025040921gm-00a9-0000-9f24706f-08-s0-d8,208,A,1,45,"[21200,33800,11100,33900]",3,-4.0,1,3,0,0,1,True
2025-2025040921gm-00a9-0000-9f24706f-08-s0-d8,208,B,2,33,"[21200,33800,11100,33900]",3,-4.0,1,3,0,0,1,True
2025-2025040921gm-00a9-0000-9f24706f-08-s0-d8,209,A,1,45,"[20200,33800,17300,28700]",3,-4.0,1,3,0,0,1,True
2025-2025040921gm-00a9-0000-9f24706f-08-s0-d8,209,B,2,33,"[18700,32300,12600,35400]",3,-4.0,1,3,0,1,1,True
2025-2025040921gm-00a9-0000-9f24706f-08-s0-d8,210,A,1,45,"[18200,31800,20100,29900]",4,-10.0,1,3,0,0,1,True
2025-2025040921gm-00a9-0000-9f24706f-08-s0-d8,210,B,2,33,"[18200,31800,20100,29900]",4,-10.0,1,3,0,0,1,True
2025-2025040921gm-00a9-0000-9f24706f-08-s0-d8,211,A,1,45,"[17600,33800,14700,33900]",3,-4.0,1,3,0,0,1,True
2025-2025040921gm-00a9-0000-9f24706f-08-s0-d8,211,B,2,33,"[23200,32800,11100,32900]",3,-4.0,1,3,0,0,1,True
2025-2025040921gm-00a9-0000-9f24706f-08-s0-d8,212,A,1,45,"[18700,32300,12600,35400]",3,-4.0,1,3,0,1,1,True
2025-2025040921gm-00a9-0000-9f24706f-08-s0-d8,212,B,2,33,"[2200,33800,12100,51900]",4,-10.0,1,3,0,0,1,True
2025-2025040921gm-00a9-0000-9f24706f-08-s0-d8,213,A,1,45,"[21200,33800,11100,33900]",3,-4.0,1,3,0,0,1,True
2025-2025040921gm-00a9-0000-9f24706f-08-s0-d8,213,B,2,33,"[21200,30800,13100,34900]",3,-4.0,1,3,0,0,1,True
2025-2025040921gm-00a9-0000-9f24706f-08-s0-d8,214,A,1,45,"[21200,33800,11100,33900]",3,-4.0,1,3,0,0,1,True
2025-2025040921gm-00a9-0000-9f24706f-08-s0-d8,214,B,2,33,"[21200,33800,11100,33900]",3,-4.0,1,3,0,0,1,True
2025-2025040921gm-00a9-0000-9f24706f-08-s0-d8,215,A,1,45,"[22900,33100,11400,32600]",3,-4.0,1,3,0,0,1,True
2025-2025040921gm-00a9-0000-9f24706f-08-s0-d8,215,B,2,33,"[19700,33300,11600,35400]",3,-4.0,1,3,0,0,1,True
2025-2025040921gm-00a9-0000-9f24706f-08-s0-d8,216,A,1,45,"[21200,33800,12100,32900]",3,-4.0,1,3,0,0,1,True
2025-2025040921gm-00a9-0000-9f24706f-08-s0-d8,216,B,2,33,"[21700,33400,11700,33200]",3,-4.0,1,3,0,0,1,True
2025-2025040921gm-00a9-0000-9f24706f-08-s0-d8,217,A,1,45,"[21200,34800,12100,30900]",3,-4.0,1,3,0,1,1,True
2025-2025040921gm-00a9-0000-9f24706f-08-s0-d8,217,B,2,33,"[18700,34300,12600,32400]",3,-4.0,1,3,0,2,1,True
2025-2025040921gm-00a9-0000-9f24706f-08-s0-d8,218,A,1,45,"[21200,30800,13100,34900]",3,-4.0,1,3,0,0,1,True
2025-2025040921gm-00a9-0000-9f24706f-08-s0-d8,218,B,2,33,"[21200,30800,13100,34900]",3,-4.0,1,3,0,0,1,True
2025-2025040921gm-00a9-0000-9f24706f-08-s0-d8,219,A,1,45,"[21700,32300,10600,35400]",3,-4.0,1,3,0,0,1,True
2025-2025040921gm-00a9-0000-9f24706f-08-s0-d8,219,B,2,33,"[22200,33800,12100,31900]",3,-4.0,1,3,0,0,1,True
2025-2025040921gm-00a9-0000-9f24706f-08-s0-d8,220,A,1,45,"[21700,32300,10600,35400]",3,-4.0,1,3,0,0,1,True
2025-2025040921gm-00a9-0000-9f24706f-08-s0-d8,220,B,2,33,"[21700,32300,10600,35400]",3,-4.0,1,3,0,0,1,True
2025-2025040921gm-00a9-0000-9f24706f-08-s0-d8,221,A,1,45,"[23200,32800,11100,32900]",3,-4.0,1,3,0,0,1,True
2025-2025040921gm-00a9-0000-9f24706f-08-s0-d8,221,B,2,33,"[23200,32800,11100,32900]",3,-4.0,1,3,0,0,1,True
2025-2025040921gm-00a9-0000-9f24706f-08-s0-d8,222,A,1,45,"[22200,33800,12100,31900]",3,-4.0,1,3,0,0,1,True
2025-2025040921gm-00a9-0000-9f24706f-08-s0-d8,222,B,2,33,"[21700,33400,11700,33200]",3,-4.0,1,3,0,0,1,True
2025-2025040921gm-00a9-0000-9f24706f-08-s0-d8,223,A,1,45,"[18200,31800,20100,29900]",4,-10.0,1,3,0,0,1,True
2025-2025040921gm-00a9-0000-9f24706f-08-s0-d8,223,B,2,33,"[18200,31800,20100,29900]",4,-10.0,1,3,0,0,1,True
2025-2025040921gm-00a9-0000-9f24706f-08-s0-d8,224,A,1,45,"[22200,33800,12100,31900]",3,-4.0,1,3,0,0,1,True
2025-2025040921gm-00a9-0000-9f24706f-08-s0-d8,224,B,2,33,"[23200,33300,10600,32900]",3,-4.0,1,3,0,0,1,True
2025-2025040921gm-00a9-0000-9f24706f-08-s0-d8,225,A,1,45,"[21200,32800,12100,33900]",3,-4.0,1,3,0,0,1,True
2025-2025040921gm-00a9-0000-9f24706f-08-s0-d8,225,B,2,33,"[21300,33500,11800,33400]",3,-4.0,1,3,0,0,1,True
2025-2025040921gm-00a9-0000-9f24706f-08-s0-d8,226,A,1,45,"[20200,33800,9200,36800]",3,-4.0,1,3,0,0,1,True
2025-2025040921gm-00a9-0000-9f24706f-08-s0-d8,226,B,2,33,"[20200,33800,9200,36800]",3,-4.0,1,3,0,0,1,True
2025-2025040921gm-00a9-0000-9f24706f-08-s0-d8,227,A,1,45,"[21200,33800,11100,33900]",3,-4.0,1,3,0,0,1,True
2025-2025040921gm-00a9-0000-9f24706f-08-s0-d8,227,B,2,33,"[21200,33800,11100,33900]",3,-4.0,1,3,0,0,1,True
2025-2025040921gm-00a9-0000-9f24706f-08-s0-d8,228,A,1,45,"[8200,33800,24100,33900]",4,-10.0,1,3,0,0,1,True
2025-2025040921gm-00a9-0000-9f24706f-08-s0-d8,228,B,2,33,"[24100,35800,6200,33900]",3,-4.0,1,3,0,0,1,True
2025-2025040921gm-00a9-0000-9f24706f-08-s0-d8,229,A,1,45,"[21700,32300,13600,32400]",3,-4.0,1,3,0,0,1,True
2025-2025040921gm-00a9-0000-9f24706f-08-s0-d8,229,B,2,33,"[20200,33800,9200,36800]",3,-4.0,1,3,0,0,1,True
2025-2025040921gm-00a9-0000-9f24706f-08-s0-d8,230,A,1,45,"[23200,32800,11100,32900]",3,-4.0,1,3,0,0,1,True
2025-2025040921gm-00a9-0000-9f24706f-08-s0-d8,230,B,2,33,"[23200,32800,11100,32900]",3,-4.0,1,3,0,0,1,True
2025-2025040921gm-00a9-0000-9f24706f-08-s0-d8,231,A,1,45,"[21200,30800,12100,34900]",3,-4.0,1,3,0,1,1,True
2025-2025040921gm-00a9-0000-9f24706f-08-s0-d8,231,B,2,33,"[21700,32300,12600,32400]",3,-4.0,1,3,0,1,1,True
2025-2025040921gm-00a9-0000-9f24706f-08-s0-d8,232,A,1,45,"[20200,36400,9500,33900]",3,-4.0,1,3,0,0,1,True
2025-2025040921gm-00a9-0000-9f24706f-08-s0-d8,232,B,2,33,"[18900,35100,12100,33900]",3,-4.0,1,3,0,0,1,True
2025-2025040921gm-00a9-0000-9f24706f-08-s0-d8,233,A,1,45,"[21700,33400,11700,33200]",3,-4.0,1,3,0,0,1,True
2025-2025040921gm-00a9-0000-9f24706f-08-s0-d8,233,B,2,33,"[21200,32800,12100,33900]",3,-4.0,1,3,0,0,1,True
2025-2025040921gm-00a9-0000-9f24706f-08-s0-d8,234,A,1,45,"[17600,33800,14700,33900]",3,-4.0,1,3,0,0,1,True
2025-2025040921gm-00a9-0000-9f24706f-08-s0-d8,234,B,2,33,"[22200,32800,11100,33900]",3,-4.0,1,3,0,0,1,True
2025-2025040921gm-00a9-0000-9f24706f-08-s0-d8,235,A,1,45,"[24100,24700,17300,33900]",3,-4.0,1,3,0,0,1,True
2025-2025040921gm-00a9-0000-9f24706f-08-s0-d8,235,B,2,33,"[24100,24700,17300,33900]",3,-4.0,1,3,0,0,1,True
2025-2025040921gm-00a9-0000-9f24706f-08-s0-d8,236,A,1,45,"[22200,33800,10100,33900]",3,-4.0,1,3,0,0,1,True
2025-2025040921gm-00a9-0000-9f24706f-08-s0-d8,236,B,2,33,"[23200,33300,10600,32900]",3,-4.0,1,3,0,0,1,True
2025-2025040921gm-00a9-0000-9f24706f-08-s0-d8,237,A,1,45,"[19200,32800,16100,31900]",3,-4.0,1,3,0,0,1,True
2025-2025040921gm-00a9-0000-9f24706f-08-s0-d8,237,B,2,33,"[18200,42800,9100,29900]",3,-4.0,1,3,0,0,1,True
2025-2025040921gm-00a9-0000-9f24706f-08-s0-d8,238,A,1,45,"[23200,32800,11100,32900]",3,-4.0,1,3,0,0,1,True
2025-2025040921gm-00a9-0000-9f24706f-08-s0-d8,238,B,2,33,"[23200,32800,11100,32900]",3,-4.0,1,3,0,0,1,True
2025-2025040921gm-00a9-0000-9f24706f-08-s0-d8,239,A,1,45,"[20200,39000,6900,33900]",3,-4.0,1,3,0,0,1,True
2025-2025040921gm-00a9-0000-9f24706f-08-s0-d8,239,B,2,33,"[20200,39000,6900,33900]",3,-4.0,1,3,0,0,1,True
2025-2025040921gm-00a9-0000-9f24706f-08-s0-d8,240,A,1,45,"[21200,30800,13100,34900]",3,-4.0,1,3,0,0,1,True
2025-2025040921gm-00a9-0000-9f24706f-08-s0-d8,240,B,2,33,"[21200,30800,13100,34900]",3,-4.0,1,3,0,0,1,True
2025-2025040921gm-00a9-0000-9f24706f-08-s0-d8,241,A,1,45,"[19200,32800,14100,32900]",3,-4.0,1,3,0,1,1,True
2025-2025040921gm-00a9-0000-9f24706f-08-s0-d8,241,B,2,33,"[19200,32800,14100,32900]",3,-4.0,1,3,0,1,1,True
2025-2025040921gm-00a9-0000-9f24706f-08-s0-d8,242,A,1,45,"[8200,33800,12100,45900]",4,-10.0,1,3,0,0,1,True
2025-2025040921gm-00a9-0000-9f24706f-08-s0-d8,242,B,2,33,"[8200,33800,12100,45900]",4,-10.0,1,3,0,0,1,True
2025-2025040921gm-00a9-0000-9f24706f-08-s0-d8,243,A,1,45,"[23200,32800,11100,32900]",3,-4.0,1,3,0,0,1,True
2025-2025040921gm-00a9-0000-9f24706f-08-s0-d8,243,B,2,33,"[23200,32800,11100,32900]",3,-4.0,1,3,0,0,1,True
2025-2025040921gm-00a9-0000-9f24706f-08-s0-d8,244,A,1,45,"[21300,33500,11800,33400]",3,-4.0,1,3,0,0,1,True
2025-2025040921gm-00a9-0000-9f24706f-08-s0-d8,244,B,2,33,"[20200,41800,12100,25900]",3,-4.0,1,3,0,0,1,True
2025-2025040921gm-00a9-0000-9f24706f-08-s0-d8,245,A,1,45,"[20200,33800,12100,33900]",3,-4.0,1,3,0,0,1,True
2025-2025040921gm-00a9-0000-9f24706f-08-s0-d8,245,B,2,33,"[20200,33800,12100,33900]",3,-4.0,1,3,0,0,1,True
2025-2025040921gm-00a9-0000-9f24706f-08-s0-d8,246,A,1,45,"[21700,33400,11700,33200]",3,-4.0,1,3,0,0,1,True
2025-2025040921gm-00a9-0000-9f24706f-08-s0-d8,246,B,2,33,"[21200,33800,12100,32900]",3,-4.0,1,3,0,0,1,True
2025-2025040921gm-00a9-0000-9f24706f-08-s0-d8,247,A,1,45,"[18700,32300,12600,34400]",3,-4.0,1,3,0,2,1,True
2025-2025040921gm-00a9-0000-9f24706f-08-s0-d8,247,B,2,33,"[18700,32300,12600,34400]",3,-4.0,1,3,0,2,1,True
2025-2025040921gm-00a9-0000-9f24706f-08-s0-d8,248,A,1,45,"[17200,30800,24100,27900]",4,-10.0,1,3,0,0,1,True
2025-2025040921gm-00a9-0000-9f24706f-08-s0-d8,248,B,2,33,"[21700,32300,12600,32400]",3,-4.0,1,3,0,1,1,True
2025-2025040921gm-00a9-0000-9f24706f-08-s0-d8,249,A,1,45,"[20200,41500,4400,33900]",3,-4.0,1,3,0,0,1,True
2025-2025040921gm-00a9-0000-9f24706f-08-s0-d8,249,B,2,33,"[21300,33500,11800,33400]",3,-4.0,1,3,0,0,1,True
2025-2025040921gm-00a9-0000-9f24706f-08-s0-d8,250,A,1,45,"[20200,40000,5900,33900]",3,-4.0,1,3,0,0,1,True
2025-2025040921gm-00a9-0000-9f24706f-08-s0-d8,250,B,2,33,"[16300,37700,12100,33900]",3,-4.0,1,3,0,0,1,True
2025-2025040921gm-00a9-0000-9f24706f-08-s0-d8,251,A,1,45,"[21700,33400,11700,33200]",3,-4.0,1,3,0,0,1,True
2025-2025040921gm-00a9-0000-9f24706f-08-s0-d8,251,B,2,33,"[21200,33800,12100,32900]",3,-4.0,1,3,0,0,1,True
2025-2025040921gm-00a9-0000-9f24706f-08-s0-d8,252,A,1,45,"[14200,27800,6100,51900]",3,-4.0,1,3,0,0,1,True
2025-2025040921gm-00a9-0000-9f24706f-08-s0-d8,252,B,2,33,"[29200,31800,9100,29900]",3,-4.0,1,3,0,0,1,True
2025-2025040921gm-00a9-0000-9f24706f-08-s0-d8,253,A,1,45,"[21200,33800,11100,33900]",3,-4.0,1,3,0,0,1,True
2025-2025040921gm-00a9-0000-9f24706f-08-s0-d8,253,B,2,33,"[21200,33800,11100,33900]",3,-4.0,1,3,0,0,1,True
2025-2025040921gm-00a9-0000-9f24706f-08-s0-d8,254,A,1,45,"[21300,33500,11800,33400]",3,-4.0,1,3,0,0,1,True
2025-2025040921gm-00a9-0000-9f24706f-08-s0-d8,254,B,2,33,"[21300,33500,11800,33400]",3,-4.0,1,3,0,0,1,True
2025-2025040921gm-00a9-0000-9f24706f-08-s0-d8,255,A,1,45,"[21200,33800,11100,33900]",3,-4.0,1,3,0,0,1,True
2025-2025040921gm-00a9-0000-9f24706f-08-s0-d8,255,B,2,33,"[21200,33800,12100,32900]",3,-4.0,1,3,0,0,1,True
2025-2025041317gm-00a9-0000-009de259-01-s0-d22,0,A,1,67,"[30500,-500,27900,42100]",2,4.0,1,3,0,0,8,True
2025-2025041317gm-00a9-0000-009de259-01-s0-d22,0,B,3,55,"[30500,-500,27900,42100]",2,4.0,1,3,0,0,8,True
2025-2025041317gm-00a9-0000-009de259-01-s0-d22,1,A,1,67,"[12700,26000,29800,31500]",4,-10.0,2,2,0,0,10,True
2025-2025041317gm-00a9-0000-009de259-01-s0-d22,1,B,3,55,"[12700,26000,29800,31500]",4,-10.0,2,2,0,0,10,True
2025-2025041317gm-00a9-0000-009de259-01-s0-d22,2,A,1,67,"[37600,33000,30200,-800]",1,10.0,1,1,0,0,5,True
2025-2025041317gm-00a9-0000-009de259-01-s0-d22,2,B,3,55,"[37600,33000,30200,-800]",1,10.0,1,1,0,0,5,True
2025-2025041317gm-00a9-0000-009de259-01-s0-d22,3,A,1,67,"[27600,34400,21800,16200]",2,4.0,1,3,0,0,10,True
2025-2025041317gm-00a9-0000-009de259-01-s0-d22,3,B,3,55,"[57700,21200,19800,1300]",1,10.0,1,3,0,0,11,True
2025-2025041317gm-00a9-0000-009de259-01-s0-d22,4,A,1,67,"[35900,41600,7100,15400]",2,4.0,1,3,0,0,8,True
2025-2025041317gm-00a9-0000-009de259-01-s0-d22,4,B,3,55,"[33500,28200,13100,24200]",1,10.0,1,3,0,1,8,True
2025-2025041317gm-00a9-0000-009de259-01-s0-d22,5,A,1,67,"[31800,23500,18100,26600]",1,10.0,1,3,0,0,8,True
2025-2025041317gm-00a9-0000-009de259-01-s0-d22,5,B,3,55,"[31800,23500,18100,26600]",1,10.0,1,3,0,0,8,True
2025-2025041317gm-00a9-0000-009de259-01-s0-d22,6,A,1,67,"[40200,8400,29200,22200]",1,10.0,1,3,0,0,9,True
2025-2025041317gm-00a9-0000-009de259-01-s0-d22,6,B,3,55,"[9500,39500,28000,23000]",4,-10.0,1,3,0,0,9,True
2025-2025041317gm-00a9-0000-009de259-01-s0-d22,7,A,1,67,"[-1500,33700,36900,30900]",4,-10.0,1,1,1,0,7,True
2025-2025041317gm-00a9-0000-009de259-01-s0-d22,7,B,3,55,"[9300,33000,20400,37300]",4,-10.0,1,3,0,0,10,True
2025-2025041317gm-00a9-0000-009de259-01-s0-d22,8,A,1,67,"[7400,29300,43000,20300]",4,-10.0,1,3,0,0,8,True
2025-2025041317gm-00a9-0000-009de259-01-s0-d22,8,B,3,55,"[29800,23700,46800,-300]",2,4.0,1,1,0,0,8,True
2025-2025041317gm-00a9-0000-009de259-01-s0-d22,9,A,1,67,"[27900,21200,19700,31200]",2,4.0,1,3,2,0,7,True
2025-2025041317gm-00a9-0000-009de259-01-s0-d22,9,B,3,55,"[27900,21200,19700,31200]",2,4.0,1,3,2,0,7,True
2025-2025041317gm-00a9-0000-009de259-01-s0-d22,10,A,1,67,"[10000,30900,27300,31800]",4,-10.0,1,3,0,0,7,True
2025-2025041317gm-00a9-0000-009de259-01-s0-d22,10,B,3,55,"[29400,30500,18300,21800]",2,4.0,1,3,2,0,12,True
2025-2025041317gm-00a9-0000-009de259-01-s0-d22,11,A,1,67,"[800,49600,12300,37300]",4,-10.0,1,3,0,0,9,True
2025-2025041317gm-00a9-0000-009de259-01-s0-d22,11,B,3,55,"[32700,-31400,49800,48900]",3,-4.0,1,0,1,0,8,True
2025-2025041317gm-00a9-0000-009de259-01-s0-d22,12,A,1,67,"[38100,28300,28100,5500]",1,10.0,1,3,0,0,7,True
2025-2025041317gm-00a9-0000-009de259-01-s0-d22,12,B,3,55,"[37700,11500,27200,23600]",1,10.0,1,3,0,0,8,True
2025-2025041317gm-00a9-0000-009de259-01-s0-d22,13,A,1,67,"[12500,36300,30700,20500]",4,-10.0,1,3,0,0,9,True
2025-2025041317gm-00a9-0000-009de259-01-s0-d22,13,B,3,55,"[49900,11100,17000,22000]",1,10.0,1,3,0,0,8,True
2025-2025041317gm-00a9-0000-009de259-01-s0-d22,14,A,1,67,"[7100,32200,33800,26900]",4,-10.0,1,3,0,0,9,True
2025-2025041317gm-00a9-0000-009de259-01-s0-d22,14,B,3,55,"[34400,15600,35100,14900]",2,4.0,1,3,0,0,8,True
2025-2025041317gm-00a9-0000-009de259-01-s0-d22,15,A,1,67,"[32200,12400,33600,21800]",2,4.0,1,3,0,0,9,True
2025-2025041317gm-00a9-0000-009de259-01-s0-d22,15,B,3,55,"[25200,31800,26900,16100]",3,-4.0,2,2,0,0,12,True
2025-2025041317gm-00a9-0000-009de259-01-s0-d22,16,A,1,67,"[3900,31900,40800,23400]",4,-10.0,1,3,0,0,7,True
2025-2025041317gm-00a9-0000-009de259-01-s0-d22,16,B,3,55,"[26700,24300,38500,10500]",2,4.0,1,3,0,0,9,True
2025-2025041317gm-00a9-0000-009de259-01-s0-d22,17,A,1,67,"[27400,19500,40000,13100]",2,4.0,1,3,0,0,10,True
2025-2025041317gm-00a9-0000-009de259-01-s0-d22,17,B,3,55,"[18600,22200,33000,26200]",4,-10.0,1,3,1,0,10,True
2025-2025041317gm-00a9-0000-009de259-01-s0-d22,18,A,1,67,"[14500,21800,33200,30500]",4,-10.0,1,3,0,0,7,True
2025-2025041317gm-00a9-0000-009de259-01-s0-d22,18,B,3,55,"[13600,28000,15700,41700]",4,-10.0,1,3,0,1,8,True
2025-2025041317gm-00a9-0000-009de259-01-s0-d22,19,A,1,67,"[12600,47700,19900,19800]",4,-10.0,1,3,0,0,11,True
2025-2025041317gm-00a9-0000-009de259-01-s0-d22,19,B,3,55,"[46100,4800,26900,22200]",1,10.0,1,3,0,0,8,True
2025-2025041317gm-00a9-0000-009de259-01-s0-d22,20,A,1,67,"[23000,48900,12900,15200]",2,4.0,1,3,1,0,12,True
2025-2025041317gm-00a9-0000-009de259-01-s0-d22,20,B,3,55,"[32600,13900,16500,37000]",2,4.0,1,3,0,0,8,True
2025-2025041317gm-00a9-0000-009de259-01-s0-d22,21,A,1,67,"[40700,33400,14100,11800]",1,10.0,1,3,0,0,9,True
2025-2025041317gm-00a9-0000-009de259-01-s0-d22,21,B,3,55,"[33500,13000,40600,12900]",2,4.0,1,3,0,0,8,True
2025-2025041317gm-00a9-0000-009de259-01-s0-d22,22,A,1,67,"[33700,15800,11000,39500]",2,4.0,1,3,0,0,10,True
2025-2025041317gm-00a9-0000-009de259-01-s0-d22,22,B,3,55,"[35500,12400,25500,26600]",1,10.0,1,3,0,0,8,True
2025-2025041317gm-00a9-0000-009de259-01-s0-d22,23,A,1,67,"[23500,30000,27900,18600]",3,-4.0,1,3,0,0,10,True
2025-2025041317gm-00a9-0000-009de259-01-s0-d22,23,B,3,55,"[22900,10900,45300,20900]",2,4.0,1,3,0,0,10,True
2025-2025041317gm-00a9-0000-009de259-01-s0-d22,24,A,1,67,"[21600,19400,27500,31500]",3,-4.0,1,3,0,0,8,True
2025-2025041317gm-00a9-0000-009de259-01-s0-d22,24,B,3,55,"[30500,20600,29700,19200]",1,10.0,1,3,0,0,7,True
2025-2025041317gm-00a9-0000-009de259-01-s0-d22,25,A,1,67,"[-700,46600,18700,35400]",4,-10.0,1,1,2,0,7,True
2025-2025041317gm-00a9-0000-009de259-01-s0-d22,25,B,3,55,"[20700,32200,29700,17400]",3,-4.0,1,3,0,0,8,True
2025-2025041317gm-00a9-0000-009de259-01-s0-d22,26,A,1,67,"[20200,25400,33600,20800]",4,-10.0,2,0,0,0,9,True
2025-2025041317gm-00a9-0000-009de259-01-s0-d22,26,B,3,55,"[28700,21600,40100,9600]",2,4.0,1,3,1,0,7,True
2025-2025041317gm-00a9-0000-009de259-01-s0-d22,27,A,1,67,"[23000,37000,17200,22800]",2,4.0,1,3,0,0,12,True
2025-2025041317gm-00a9-0000-009de259-01-s0-d22,27,B,3,55,"[23300,24900,37500,14300]",3,-4.0,1,3,2,0,11,True
2025-2025041317gm-00a9-0000-009de259-01-s0-d22,28,A,1,67,"[20100,20000,17700,42200]",2,4.0,1,3,0,0,8,True
2025-2025041317gm-00a9-0000-009de259-01-s0-d22,28,B,3,55,"[36900,40700,3400,19000]",2,4.0,1,3,0,0,11,True
2025-2025041317gm-00a9-0000-009de259-01-s0-d22,29,A,1,67,"[33700,25000,23900,17400]",1,10.0,1,3,0,0,8,True
2025-2025041317gm-00a9-0000-009de259-01-s0-d22,29,B,3,55,"[33900,31700,10800,23600]",1,10.0,1,3,0,0,7,True
2025-2025041317gm-00a9-0000-009de259-01-s0-d22,30,A,1,67,"[23100,21600,34600,20700]",2,4.0,1,3,0,0,9,True
2025-2025041317gm-00a9-0000-009de259-01-s0-d22,30,B,3,55,"[13100,36700,23900,26300]",4,-10.0,2,2,0,0,11,True
2025-2025041317gm-00a9-0000-009de259-01-s0-d22,31,A,1,67,"[43500,23000,22300,11200]",1,10.0,1,3,0,0,7,True
2025-2025041317gm-00a9-0000-009de259-01-s0-d22,31,B,3,55,"[38100,33000,16300,12600]",1,10.0,1,3,0,0,7,True
2025-2025041317gm-00a9-0000-009de259-01-s0-d22,32,A,1,67,"[15700,18900,26500,38900]",4,-10.0,2,1,0,0,13,True
2025-2025041317gm-00a9-0000-009de259-01-s0-d22,32,B,3,55,"[14100,41200,19800,24900]",4,-10.0,1,3,0,0,10,True
2025-2025041317gm-00a9-0000-009de259-01-s0-d22,33,A,1,67,"[16300,13800,26500,43400]",3,-4.0,1,3,0,0,9,True
2025-2025041317gm-00a9-0000-009de259-01-s0-d22,33,B,3,55,"[16300,13800,26500,43400]",3,-4.0,1,3,0,0,9,True
2025-2025041317gm-00a9-0000-009de259-01-s0-d22,34,A,1,67,"[32300,16600,41100,10000]",2,4.0,1,3,0,0,8,True
2025-2025041317gm-00a9-0000-009de259-01-s0-d22,34,B,3,55,"[21500,21100,18900,38500]",2,4.0,1,3,0,0,8,True
2025-2025041317gm-00a9-0000-009de259-01-s0-d22,35,A,1,67,"[23800,27600,15300,33300]",3,-4.0,1,3,0,0,8,True
2025-2025041317gm-00a9-0000-009de259-01-s0-d22,35,B,3,55,"[48400,16200,12600,22800]",1,10.0,1,3,0,0,8,True
2025-2025041317gm-00a9-0000-009de259-01-s0-d22,36,A,1,67,"[17500,41500,19300,21700]",4,-10.0,1,3,0,0,7,True
2025-2025041317gm-00a9-0000-009de259-01-s0-d22,36,B,3,55,"[29000,32200,19200,19600]",2,4.0,1,3,0,0,7,True
2025-2025041317gm-00a9-0000-009de259-01-s0-d22,37,A,1,67,"[32700,11900,30300,25100]",1,10.0,1,3,1,0,8,True
2025-2025041317gm-00a9-0000-009de259-01-s0-d22,37,B,3,55,"[24400,24800,6300,44500]",3,-4.0,1,3,0,0,8,True
2025-2025041317gm-00a9-0000-009de259-01-s0-d22,38,A,1,67,"[31500,26600,31200,10700]",1,10.0,1,3,0,0,7,True
2025-2025041317gm-00a9-0000-009de259-01-s0-d22,38,B,3,55,"[40700,5900,29500,23900]",1,10.0,1,3,2,0,9,True
2025-2025041317gm-00a9-0000-009de259-01-s0-d22,39,A,1,67,"[54700,8300,31600,5400]",1,10.0,1,3,0,0,9,True
2025-2025041317gm-00a9-0000-009de259-01-s0-d22,39,B,3,55,"[40500,20800,39100,-400]",1,10.0,1,1,2,0,8,True
2025-2025041317gm-00a9-0000-009de259-01-s0-d22,40,A,1,67,"[18700,13200,50400,17700]",2,4.0,1,3,0,0,10,True
2025-2025041317gm-00a9-0000-009de259-01-s0-d22,40,B,3,55,"[27800,17100,39700,15400]",2,4.0,1,3,2,0,12,True
2025-2025041317gm-00a9-0000-009de259-01-s0-d22,41,A,1,67,"[10800,16300,24900,48000]",4,-10.0,1,3,0,0,8,True
2025-2025041317gm-00a9-0000-009de259-01-s0-d22,41,B,3,55,"[37000,18300,39900,4800]",2,4.0,1,3,0,0,11,True
2025-2025041317gm-00a9-0000-009de259-01-s0-d22,42,A,1,67,"[8100,24100,52300,15500]",4,-10.0,1,3,1,0,9,True
2025-2025041317gm-00a9-0000-009de259-01-s0-d22,42,B,3,55,"[36200,4100,28700,31000]",1,10.0,1,3,0,0,12,True
2025-2025041317gm-00a9-0000-009de259-01-s0-d22,43,A,1,67,"[26500,34100,25300,14100]",2,4.0,1,3,0,0,7,True
2025-2025041317gm-00a9-0000-009de259-01-s0-d22,43,B,3,55,"[26500,34100,25300,14100]",2,4.0,1,3,0,0,7,True
2025-2025041317gm-00a9-0000-009de259-01-s0-d22,44,A,1,67,"[-4100,24500,41400,38200]",4,-10.0,1,2,1,0,9,True
2025-2025041317gm-00a9-0000-009de259-01-s0-d22,44,B,3,55,"[35300,18300,19300,27100]",1,10.0,1,3,0,0,8,True
2025-2025041317gm-00a9-0000-009de259-01-s0-d22,45,A,1,67,"[23100,12500,40900,23500]",3,-4.0,1,3,0,0,10,True
2025-2025041317gm-00a9-0000-009de259-01-s0-d22,45,B,3,55,"[17200,17100,34500,31200]",3,-4.0,1,3,1,0,11,True
2025-2025041317gm-00a9-0000-009de259-01-s0-d22,46,A,1,67,"[1800,31300,30900,36000]",4,-10.0,1,3,1,0,12,True
2025-2025041317gm-00a9-0000-009de259-01-s0-d22,46,B,3,55,"[46800,32200,13300,7700]",1,10.0,1,3,0,0,11,True
2025-2025041317gm-00a9-0000-009de259-01-s0-d22,47,A,1,67,"[29100,32400,25400,13100]",2,4.0,1,3,0,0,9,True
2025-2025041317gm-00a9-0000-009de259-01-s0-d22,47,B,3,55,"[29100,32400,25400,13100]",2,4.0,1,3,0,0,9,True
2025-2025041317gm-00a9-0000-009de259-01-s0-d22,48,A,1,67,"[13900,13200,41400,31500]",3,-4.0,1,3,1,0,10,True
2025-2025041317gm-00a9-0000-009de259-01-s0-d22,48,B,3,55,"[21500,14000,26800,37700]",3,-4.0,1,3,0,0,8,True
2025-2025041317gm-00a9-0000-009de259-01-s0-d22,49,A,1,67,"[33400,15400,23500,27700]",1,10.0,1,3,0,0,8,True
2025-2025041317gm-00a9-0000-009de259-01-s0-d22,49,B,3,55,"[40900,11300,21100,26700]",1,10.0,1,3,0,0,8,True
2025-2025041317gm-00a9-0000-009de259-01-s0-d22,50,A,1,67,"[28600,-300,32700,39000]",3,-4.0,1,2,1,0,8,True
2025-2025041317gm-00a9-0000-009de259-01-s0-d22,50,B,3,55,"[28500,-2400,29500,44400]",3,-4.0,0,3,3,0,3,True
2025-2025041317gm-00a9-0000-009de259-01-s0-d22,51,A,1,67,"[48600,14000,11000,26400]",1,10.0,1,3,0,0,8,True
2025-2025041317gm-00a9-0000-009de259-01-s0-d22,51,B,3,55,"[14600,16700,45700,23000]",4,-10.0,1,3,0,0,8,True
2025-2025041317gm-00a9-0000-009de259-01-s0-d22,52,A,1,67,"[43900,-5000,39800,21300]",1,10.0,1,2,0,0,8,True
2025-2025041317gm-00a9-0000-009de259-01-s0-d22,52,B,3,55,"[31700,800,38700,28800]",2,4.0,1,3,1,0,9,True
2025-2025041317gm-00a9-0000-009de259-01-s0-d22,53,A,1,67,"[23500,19300,24400,32800]",3,-4.0,1,3,0,0,9,True
2025-2025041317gm-00a9-0000-009de259-01-s0-d22,53,B,3,55,"[-4600,25200,51100,28300]",4,-10.0,1,0,2,0,6,True
2025-2025041317gm-00a9-0000-009de259-01-s0-d22,54,A,1,67,"[17300,32000,33300,17400]",4,-10.0,1,3,1,0,8,True
2025-2025041317gm-00a9-0000-009de259-01-s0-d22,54,B,3,55,"[34400,31600,31700,2300]",1,10.0,1,3,0,0,9,True
2025-2025041317gm-00a9-0000-009de259-01-s0-d22,55,A,1,67,"[24700,20200,21900,33200]",2,4.0,2,2,0,0,16,True
2025-2025041317gm-00a9-0000-009de259-01-s0-d22,55,B,3,55,"[38200,19700,33900,8200]",1,10.0,1,3,0,0,9,True
2025-2025041317gm-00a9-0000-009de259-01-s0-d22,56,A,1,67,"[16400,36000,43900,3700]",3,-4.0,1,3,0,0,8,True
2025-2025041317gm-00a9-0000-009de259-01-s0-d22,56,B,3,55,"[32400,15600,24800,27200]",1,10.0,1,3,0,0,7,True
2025-2025041317gm-00a9-0000-009de259-01-s0-d22,57,A,1,67,"[20100,23800,30900,25200]",4,-10.0,2,2,0,0,11,True
2025-2025041317gm-00a9-0000-009de259-01-s0-d22,57,B,3,55,"[35500,26800,26300,11400]",1,10.0,1,3,1,0,10,True
2025-2025041317gm-00a9-0000-009de259-01-s0-d22,58,A,1,67,"[33100,12100,20100,34700]",2,4.0,1,3,1,0,9,True
2025-2025041317gm-00a9-0000-009de259-01-s0-d22,58,B,3,55,"[27300,30200,7100,35400]",3,-4.0,1,3,0,0,7,True
2025-2025041317gm-00a9-0000-009de259-01-s0-d22,59,A,1,67,"[25400,20000,14400,40200]",2,4.0,1,3,0,0,8,True
2025-2025041317gm-00a9-0000-009de259-01-s0-d22,59,B,3,55,"[48300,8900,12900,29900]",1,10.0,1,3,0,0,7,True
2025-2025041317gm-00a9-0000-009de259-01-s0-d22,60,A,1,67,"[31400,20700,33000,14900]",2,4.0,1,3,0,0,7,True
2025-2025041317gm-00a9-0000-009de259-01-s0-d22,60,B,3,55,"[31400,20700,33000,14900]",2,4.0,1,3,0,0,7,True
2025-2025041317gm-00a9-0000-009de259-01-s0-d22,61,A,1,67,"[21200,25000,21400,32400]",4,-10.0,1,3,0,0,7,True
2025-2025041317gm-00a9-0000-009de259-01-s0-d22,61,B,3,55,"[33600,21300,21600,22500]",1,10.0,1,3,2,1,8,True
2025-2025041317gm-00a9-0000-009de259-01-s0-d22,62,A,1,67,"[6300,30500,32200,31000]",4,-10.0,1,3,0,0,8,True
2025-2025041317gm-00a9-0000-009de259-01-s0-d22,62,B,3,55,"[6300,30500,32200,31000]",4,-10.0,1,3,0,0,8,True
2025-2025041317gm-00a9-0000-009de259-01-s0-d22,63,A,1,67,"[35700,4900,16800,42600]",2,4.0,1,3,0,0,8,True
2025-2025041317gm-00a9-0000-009de259-01-s0-d22,63,B,3,55,"[10400,35500,30800,23300]",4,-10.0,1,3,0,0,8,True
2025-2025041317gm-00a9-0000-009de259-01-s0-d22,64,A,1,67,"[28000,11200,41300,19500]",2,4.0,1,3,0,0,9,True
2025-2025041317gm-00a9-0000-009de259-01-s0-d22,64,B,3,55,"[18100,29300,44400,7200]",3,-4.0,1,3,1,1,8,True
2025-2025041317gm-00a9-0000-009de259-01-s0-d22,65,A,1,67,"[-4900,48800,17000,39100]",4,-10.0,1,2,1,0,8,True
2025-2025041317gm-00a9-0000-009de259-01-s0-d22,65,B,3,55,"[29900,15600,24200,30300]",2,4.0,1,3,0,0,10,True
2025-2025041317gm-00a9-0000-009de259-01-s0-d22,66,A,1,67,"[28100,15700,31300,24900]",2,4.0,1,3,0,0,10,True
2025-2025041317gm-00a9-0000-009de259-01-s0-d22,66,B,3,55,"[26600,29400,33100,10900]",3,-4.0,1,3,0,0,9,True
2025-2025041317gm-00a9-0000-009de259-01-s0-d22,67,A,1,67,"[31400,25100,48100,-4600]",2,4.0,1,3,0,0,9,True
2025-2025041317gm-00a9-0000-009de259-01-s0-d22,67,B,3,55,"[35300,15900,29000,19800]",1,10.0,1,3,0,0,9,True
2025-2025041317gm-00a9-0000-009de259-01-s0-d22,68,A,1,67,"[3300,53300,16500,26900]",4,-10.0,1,3,0,0,8,True
2025-2025041317gm-00a9-0000-009de259-01-s0-d22,68,B,3,55,"[3300,53300,16500,26900]",4,-10.0,1,3,0,0,8,True
2025-2025041317gm-00a9-0000-009de259-01-s0-d22,69,A,1,67,"[21500,-3500,52400,29600]",3,-4.0,1,0,1,0,6,True
2025-2025041317gm-00a9-0000-009de259-01-s0-d22,69,B,3,55,"[21500,-3500,52400,29600]",3,-4.0,1,0,1,0,6,True
2025-2025041317gm-00a9-0000-009de259-01-s0-d22,70,A,1,67,"[23800,17500,49100,9600]",2,4.0,1,3,0,0,9,True
2025-2025041317gm-00a9-0000-009de259-01-s0-d22,70,B,3,55,"[39200,3400,52300,5100]",2,4.0,1,3,1,0,9,True
2025-2025041317gm-00a9-0000-009de259-01-s0-d22,71,A,1,67,"[30600,16900,34700,17800]",2,4.0,1,3,3,0,10,True
2025-2025041317gm-00a9-0000-009de259-01-s0-d22,71,B,3,55,"[30600,16900,34700,17800]",2,4.0,1,3,3,0,10,True
2025-2025041317gm-00a9-0000-009de259-01-s0-d22,72,A,1,67,"[26700,9200,24700,39400]",2,4.0,1,3,0,0,8,True
2025-2025041317gm-00a9-0000-009de259-01-s0-d22,72,B,3,55,"[25100,5300,39900,29700]",3,-4.0,1,3,1,0,8,True
2025-2025041317gm-00a9-0000-009de259-01-s0-d22,73,A,1,67,"[-5300,27700,33600,44000]",4,-10.0,1,3,0,0,8,True
2025-2025041317gm-00a9-0000-009de259-01-s0-d22,73,B,3,55,"[-5300,27700,33600,44000]",4,-10.0,1,3,0,0,8,True
2025-2025041317gm-00a9-0000-009de259-01-s0-d22,74,A,1,67,"[23700,17300,34500,24500]",3,-4.0,2,1,1,0,12,True
2025-2025041317gm-00a9-0000-009de259-01-s0-d22,74,B,3,55,"[23700,17300,34500,24500]",3,-4.0,2,1,1,0,12,True
2025-2025041317gm-00a9-0000-009de259-01-s0-d22,75,A,1,67,"[35700,16800,26100,21400]",1,10.0,2,0,0,0,9,True
2025-2025041317gm-00a9-0000-009de259-01-s0-d22,75,B,3,55,"[35700,16800,26100,21400]",1,10.0,2,0,0,0,9,True
2025-2025041317gm-00a9-0000-009de259-01-s0-d22,76,A,1,67,"[27000,22700,27500,22800]",2,4.0,2,3,0,0,16,True
2025-2025041317gm-00a9-0000-009de259-01-s0-d22,76,B,3,55,"[29200,24800,30300,15700]",2,4.0,2,1,0,0,12,True
2025-2025041317gm-00a9-0000-009de259-01-s0-d22,77,A,1,67,"[16800,25900,20600,36700]",4,-10.0,1,3,0,0,7,True
2025-2025041317gm-00a9-0000-009de259-01-s0-d22,77,B,3,55,"[25300,13700,33000,28000]",3,-4.0,2,0,0,0,9,True
2025-2025041317gm-00a9-0000-009de259-01-s0-d22,78,A,1,67,"[23100,9500,32200,35200]",3,-4.0,1,3,0,0,8,True
2025-2025041317gm-00a9-0000-009de259-01-s0-d22,78,B,3,55,"[32100,8200,27200,32500]",2,4.0,1,3,0,0,8,True
2025-2025041317gm-00a9-0000-009de259-01-s0-d22,79,A,1,67,"[10700,29500,31900,27900]",4,-10.0,1,3,0,0,8,True
2025-2025041317gm-00a9-0000-009de259-01-s0-d22,79,B,3,55,"[17200,21700,35600,25500]",4,-10.0,1,3,3,0,10,True
2025-2025041317gm-00a9-0000-009de259-01-s0-d22,80,A,1,67,"[24500,21800,35800,17900]",2,4.0,1,3,1,0,9,True
2025-2025041317gm-00a9-0000-009de259-01-s0-d22,80,B,3,55,"[18400,16300,34000,30300]",3,-4.0,1,3,1,1,9,True
2025-2025041317gm-00a9-0000-009de259-01-s0-d22,81,A,1,67,"[27500,2300,37200,33000]",3,-4.0,1,3,1,0,8,True
2025-2025041317gm-00a9-0000-009de259-01-s0-d22,81,B,3,55,"[26000,37200,27000,9800]",3,-4.0,1,3,0,0,9,True
2025-2025041317gm-00a9-0000-009de259-01-s0-d22,82,A,1,67,"[18400,13200,48500,19900]",3,-4.0,1,3,1,0,11,True
2025-2025041317gm-00a9-0000-009de259-01-s0-d22,82,B,3,55,"[27800,9100,43100,20000]",2,4.0,1,3,1,0,11,True
2025-2025041317gm-00a9-0000-009de259-01-s0-d22,83,A,1,67,"[33000,18000,19800,29200]",1,10.0,1,3,2,0,9,True
2025-2025041317gm-00a9-0000-009de259-01-s0-d22,83,B,3,55,"[32800,12800,18300,36100]",2,4.0,1,3,0,0,8,True
2025-2025041317gm-00a9-0000-009de259-01-s0-d22,84,A,1,67,"[-8100,21400,45100,41600]",4,-10.0,1,3,0,0,7,True
2025-2025041317gm-00a9-0000-009de259-01-s0-d22,84,B,3,55,"[10000,52100,33400,4500]",3,-4.0,1,3,0,0,8,True
2025-2025041317gm-00a9-0000-009de259-01-s0-d22,85,A,1,67,"[21700,11500,33400,33400]",3,-4.0,1,3,0,0,9,True
2025-2025041317gm-00a9-0000-009de259-01-s0-d22,85,B,3,55,"[22600,20800,25500,30100]",3,-4.0,1,3,0,1,8,True
2025-2025041317gm-00a9-0000-009de259-01-s0-d22,86,A,1,67,"[11300,22500,28900,37300]",4,-10.0,1,3,0,0,7,True
2025-2025041317gm-00a9-0000-009de259-01-s0-d22,86,B,3,55,"[18300,24600,35200,20900]",4,-10.0,1,3,0,1,7,True
2025-2025041317gm-00a9-0000-009de259-01-s0-d22,87,A,1,67,"[28600,12300,37600,21500]",2,4.0,1,3,0,0,7,True
2025-2025041317gm-00a9-0000-009de259-01-s0-d22,87,B,3,55,"[35500,22500,12700,29300]",1,10.0,1,3,0,0,8,True
2025-2025041317gm-00a9-0000-009de259-01-s0-d22,88,A,1,67,"[-1400,49900,21800,29700]",4,-10.0,1,1,1,0,7,True
2025-2025041317gm-00a9-0000-009de259-01-s0-d22,88,B,3,55,"[-1400,49900,21800,29700]",4,-10.0,1,1,1,0,7,True
2025-2025041317gm-00a9-0000-009de259-01-s0-d22,89,A,1,67,"[25500,12000,33600,28900]",3,-4.0,1,3,1,0,10,True
2025-2025041317gm-00a9-0000-009de259-01-s0-d22,89,B,3,55,"[22000,25500,33900,18600]",3,-4.0,1,3,1,0,8,True
2025-2025041317gm-00a9-0000-009de259-01-s0-d22,90,A,1,67,"[20700,16800,27900,34600]",3,-4.0,1,3,1,0,8,True
2025-2025041317gm-00a9-0000-009de259-01-s0-d22,90,B,3,55,"[20700,16800,27900,34600]",3,-4.0,1,3,1,0,8,True
2025-2025041317gm-00a9-0000-009de259-01-s0-d22,91,A,1,67,"[21300,7700,17100,53900]",2,4.0,1,3,0,0,10,True
2025-2025041317gm-00a9-0000-009de259-01-s0-d22,91,B,3,55,"[26300,20000,12400,41300]",2,4.0,1,3,0,0,11,True
2025-2025041317gm-00a9-0000-009de259-01-s0-d22,92,A,1,67,"[20700,24000,24700,30600]",4,-10.0,1,3,0,0,10,True
2025-2025041317gm-00a9-0000-009de259-01-s0-d22,92,B,3,55,"[45800,14100,27300,12800]",1,10.0,1,3,0,0,12,True
2025-2025041317gm-00a9-0000-009de259-01-s0-d22,93,A,1,67,"[15800,21200,2800,60200]",3,-4.0,1,3,0,0,8,True
2025-2025041317gm-00a9-0000-009de259-01-s0-d22,93,B,3,55,"[31200,22000,-8400,55200]",2,4.0,1,3,0,0,8,True
2025-2025041317gm-00a9-0000-009de259-01-s0-d22,94,A,1,67,"[26900,42200,27600,3300]",3,-4.0,1,3,0,0,10,True
2025-2025041317gm-00a9-0000-009de259-01-s0-d22,94,B,3,55,"[39400,10400,43000,7200]",2,4.0,1,3,0,0,14,True
2025-2025041317gm-00a9-0000-009de259-01-s0-d22,95,A,1,67,"[23700,4400,48500,23400]",2,4.0,1,3,1,0,12,True
2025-2025041317gm-00a9-0000-009de259-01-s0-d22,95,B,3,55,"[45700,39900,10000,4400]",1,10.0,1,3,0,0,9,True
2025-2025041317gm-00a9-0000-009de259-01-s0-d22,96,A,1,67,"[29800,12000,23600,33600]",2,4.0,1,3,0,1,8,True
2025-2025041317gm-00a9-0000-009de259-01-s0-d22,96,B,3,55,"[48200,26100,16500,9200]",1,10.0,1,3,1,0,9,True
2025-2025041317gm-00a9-0000-009de259-01-s0-d22,97,A,1,67,"[25600,24900,32600,16900]",2,4.0,1,3,0,0,8,True
2025-2025041317gm-00a9-0000-009de259-01-s0-d22,97,B,3,55,"[37600,19800,32600,10000]",1,10.0,1,3,0,0,8,True
2025-2025041317gm-00a9-0000-009de259-01-s0-d22,98,A,1,67,"[28600,38900,14700,17800]",2,4.0,1,3,0,0,11,True
2025-2025041317gm-00a9-0000-009de259-01-s0-d22,98,B,3,55,"[36400,23200,25700,14700]",1,10.0,1,3,0,0,7,True
2025-2025041317gm-00a9-0000-009de259-01-s0-d22,99,A,1,67,"[17400,29000,31300,22300]",4,-10.0,1,3,1,0,8,True
2025-2025041317gm-00a9-0000-009de259-01-s0-d22,99,B,3,55,"[28500,21500,36200,13800]",2,4.0,2,0,0,0,8,True
2025-2025041317gm-00a9-0000-009de259-01-s0-d22,100,A,1,67,"[19800,15200,29200,35800]",3,-4.0,1,3,0,0,8,True
2025-2025041317gm-00a9-0000-009de259-01-s0-d22,100,B,3,55,"[25200,24100,13400,37300]",2,4.0,1,3,0,0,7,True
2025-2025041317gm-00a9-0000-009de259-01-s0-d22,101,A,1,67,"[35100,31600,33000,300]",1,10.0,1,3,0,0,7,True
2025-2025041317gm-00a9-0000-009de259-01-s0-d22,101,B,3,55,"[32700,-7100,48500,25900]",2,4.0,1,3,0,0,8,True
2025-2025041317gm-00a9-0000-009de259-01-s0-d22,102,A,1,67,"[43900,19800,34400,1900]",1,10.0,1,3,0,0,10,True
2025-2025041317gm-00a9-0000-009de259-01-s0-d22,102,B,3,55,"[30400,15800,31000,22800]",2,4.0,1,3,1,0,9,True
2025-2025041317gm-00a9-0000-009de259-01-s0-d22,103,A,1,67,"[30200,18200,18400,33200]",2,4.0,1,3,0,0,11,True
2025-2025041317gm-00a9-0000-009de259-01-s0-d22,103,B,3,55,"[18300,25500,35800,20400]",4,-10.0,2,0,1,0,12,True
2025-2025041317gm-00a9-0000-009de259-01-s0-d22,104,A,1,67,"[-800,33200,9600,58000]",4,-10.0,1,1,0,0,9,True
2025-2025041317gm-00a9-0000-009de259-01-s0-d22,104,B,3,55,"[33100,32400,31300,3200]",1,10.0,1,3,0,0,9,True
2025-2025041317gm-00a9-0000-009de259-01-s0-d22,105,A,1,67,"[43200,7700,17600,31500]",1,10.0,1,3,2,0,10,True
2025-2025041317gm-00a9-0000-009de259-01-s0-d22,105,B,3,55,"[-2600,11900,74800,15900]",4,-10.0,0,3,0,0,4,True
2025-2025041317gm-00a9-0000-009de259-01-s0-d22,106,A,1,67,"[21400,40800,40400,-2600]",3,-4.0,1,3,0,0,8,True
2025-2025041317gm-00a9-0000-009de259-01-s0-d22,106,B,3,55,"[11900,21000,9700,57400]",3,-4.0,1,3,0,0,10,True
2025-2025041317gm-00a9-0000-009de259-01-s0-d22,107,A,1,67,"[35800,23200,25200,15800]",1,10.0,1,3,0,0,8,True
2025-2025041317gm-00a9-0000-009de259-01-s0-d22,107,B,3,55,"[35100,43700,24100,-2900]",2,4.0,1,2,0,0,8,True
2025-2025041317gm-00a9-0000-009de259-01-s0-d22,108,A,1,67,"[37200,7800,27300,27700]",1,10.0,1,3,0,0,10,True
2025-2025041317gm-00a9-0000-009de259-01-s0-d22,108,B,3,55,"[5800,31500,26800,35900]",4,-10.0,1,3,0,0,10,True
2025-2025041317gm-00a9-0000-009de259-01-s0-d22,109,A,1,67,"[27100,41000,21900,10000]",2,4.0,1,3,0,0,12,True
2025-2025041317gm-00a9-0000-009de259-01-s0-d22,109,B,3,55,"[35100,29400,16100,19400]",1,10.0,1,3,0,0,12,True
2025-2025041317gm-00a9-0000-009de259-01-s0-d22,110,A,1,67,"[31300,21500,15800,31400]",2,4.0,1,3,0,0,11,True
2025-2025041317gm-00a9-0000-009de259-01-s0-d22,110,B,3,55,"[31300,21500,15800,31400]",2,4.0,1,3,0,0,11,True
2025-2025041317gm-00a9-0000-009de259-01-s0-d22,111,A,1,67,"[-2700,35900,33600,33200]",4,-10.0,1,3,0,0,10,True
2025-2025041317gm-00a9-0000-009de259-01-s0-d22,111,B,3,55,"[38900,16400,11000,33700]",1,10.0,1,3,1,0,9,True
2025-2025041317gm-00a9-0000-009de259-01-s0-d22,112,A,1,67,"[15400,36900,32400,15300]",3,-4.0,1,3,1,0,8,True
2025-2025041317gm-00a9-0000-009de259-01-s0-d22,112,B,3,55,"[34100,19600,36700,9600]",2,4.0,1,3,0,0,9,True
2025-2025041317gm-00a9-0000-009de259-01-s0-d22,113,A,1,67,"[-1800,25200,59700,16900]",4,-10.0,1,2,0,0,7,True
2025-2025041317gm-00a9-0000-009de259-01-s0-d22,113,B,3,55,"[-1800,25200,59700,16900]",4,-10.0,1,2,0,0,7,True
2025-2025041317gm-00a9-0000-009de259-01-s0-d22,114,A,1,67,"[25300,21900,21200,31600]",2,4.0,1,3,0,0,9,True
2025-2025041317gm-00a9-0000-009de259-01-s0-d22,114,B,3,55,"[25300,21900,21200,31600]",2,4.0,1,3,0,0,9,True
2025-2025041317gm-00a9-0000-009de259-01-s0-d22,115,A,1,67,"[44800,4300,11600,39300]",1,10.0,1,3,0,0,8,True
2025-2025041317gm-00a9-0000-009de259-01-s0-d22,115,B,3,55,"[31700,13800,15600,38900]",2,4.0,1,3,0,0,10,True
2025-2025041317gm-00a9-0000-009de259-01-s0-d22,116,A,1,67,"[8700,10900,58100,22300]",4,-10.0,1,3,0,0,9,True
2025-2025041317gm-00a9-0000-009de259-01-s0-d22,116,B,3,55,"[28200,34000,22400,15400]",2,4.0,1,3,0,0,8,True
2025-2025041317gm-00a9-0000-009de259-01-s0-d22,117,A,1,67,"[24700,17400,25500,32400]",3,-4.0,1,3,0,0,7,True
2025-2025041317gm-00a9-0000-009de259-01-s0-d22,117,B,3,55,"[28100,22500,31000,18400]",2,4.0,1,3,1,0,10,True
2025-2025041317gm-00a9-0000-009de259-01-s0-d22,118,A,1,67,"[41400,2500,15700,40400]",1,10.0,1,3,0,0,12,True
2025-2025041317gm-00a9-0000-009de259-01-s0-d22,118,B,3,55,"[41400,2500,15700,40400]",1,10.0,1,3,0,0,12,True
2025-2025041317gm-00a9-0000-009de259-01-s0-d22,119,A,1,67,"[38000,-2800,25000,39800]",2,4.0,0,3,0,0,3,True
2025-2025041317gm-00a9-0000-009de259-01-s0-d22,119,B,3,55,"[38000,-2800,25000,39800]",2,4.0,0,3,0,0,3,True
2025-2025041317gm-00a9-0000-009de259-01-s0-d22,120,A,1,67,"[26900,12000,14200,46900]",2,4.0,1,3,0,0,9,True
2025-2025041317gm-00a9-0000-009de259-01-s0-d22,120,B,3,55,"[32900,21500,14000,31600]",1,10.0,1,3,0,0,10,True
2025-2025041317gm-00a9-0000-009de259-01-s0-d22,121,A,1,67,"[16000,25400,48100,10500]",3,-4.0,1,3,0,0,10,True
2025-2025041317gm-00a9-0000-009de259-01-s0-d22,121,B,3,55,"[26000,25600,35400,13000]",2,4.0,1,3,1,0,9,True
2025-2025041317gm-00a9-0000-009de259-01-s0-d22,122,A,1,67,"[43900,2800,17800,35500]",1,10.0,1,3,0,0,10,True
2025-2025041317gm-00a9-0000-009de259-01-s0-d22,122,B,3,55,"[45800,8200,26100,19900]",1,10.0,1,3,0,0,8,True
2025-2025041317gm-00a9-0000-009de259-01-s0-d22,123,A,1,67,"[18100,14900,30000,37000]",3,-4.0,1,3,0,0,9,True
2025-2025041317gm-00a9-0000-009de259-01-s0-d22,123,B,3,55,"[25000,24000,51500,-500]",2,4.0,1,2,0,0,13,True
2025-2025041317gm-00a9-0000-009de259-01-s0-d22,124,A,1,67,"[23200,19700,3200,53900]",2,4.0,1,3,0,0,8,True
2025-2025041317gm-00a9-0000-009de259-01-s0-d22,124,B,3,55,"[31200,24400,16500,27900]",1,10.0,1,3,0,0,8,True
2025-2025041317gm-00a9-0000-009de259-01-s0-d22,125,A,1,67,"[29000,23300,17700,30000]",2,4.0,1,3,0,0,8,True
2025-2025041317gm-00a9-0000-009de259-01-s0-d22,125,B,3,55,"[29000,23300,17700,30000]",2,4.0,1,3,0,0,8,True
2025-2025041317gm-00a9-0000-009de259-01-s0-d22,126,A,1,67,"[15100,24200,23900,36800]",4,-10.0,1,3,0,0,9,True
2025-2025041317gm-00a9-0000-009de259-01-s0-d22,126,B,3,55,"[15100,24200,23900,36800]",4,-10.0,1,3,0,0,9,True
2025-2025041317gm-00a9-0000-009de259-01-s0-d22,127,A,1,67,"[36100,-6400,37500,32800]",2,4.0,1,2,0,0,8,True
2025-2025041317gm-00a9-0000-009de259-01-s0-d22,127,B,3,55,"[-3100,22700,46500,33900]",4,-10.0,1,2,0,0,8,True
2025-2025122620gm-00a9-0000-0e700f01-04-s3-d11,0,A,1,13,"[39100,12700,27800,20400]",3,-4.0,1,3,0,0,6,True
2025-2025122620gm-00a9-0000-0e700f01-04-s3-d11,0,B,4,24,"[25600,28000,13400,33000]",1,10.0,1,3,0,0,4,True
2025-2025122620gm-00a9-0000-0e700f01-04-s3-d11,1,A,1,13,"[42600,29600,20400,7400]",4,-10.0,1,3,0,0,5,True
2025-2025122620gm-00a9-0000-0e700f01-04-s3-d11,1,B,4,24,"[42600,29600,20400,7400]",4,-10.0,1,3,0,0,5,True
2025-2025122620gm-00a9-0000-0e700f01-04-s3-d11,2,A,1,13,"[12300,25700,14400,47600]",1,10.0,1,3,0,0,5,True
2025-2025122620gm-00a9-0000-0e700f01-04-s3-d11,2,B,4,24,"[12300,25700,14400,47600]",1,10.0,1,3,0,0,5,True
2025-2025122620gm-00a9-0000-0e700f01-04-s3-d11,3,A,1,13,"[13500,29500,14900,42100]",1,10.0,1,3,0,0,4,True
2025-2025122620gm-00a9-0000-0e700f01-04-s3-d11,3,B,4,24,"[25100,28500,11300,35100]",1,10.0,1,3,0,0,4,True
2025-2025122620gm-00a9-0000-0e700f01-04-s3-d11,4,A,1,13,"[29900,24600,14700,30800]",1,10.0,1,3,0,0,4,True
2025-2025122620gm-00a9-0000-0e700f01-04-s3-d11,4,B,4,24,"[24500,26100,18200,31200]",1,10.0,2,0,0,0,7,True
2025-2025122620gm-00a9-0000-0e700f01-04-s3-d11,5,A,1,13,"[15400,28800,19600,36200]",1,10.0,1,3,0,0,6,True
2025-2025122620gm-00a9-0000-0e700f01-04-s3-d11,5,B,4,24,"[39500,22500,25000,13000]",4,-10.0,1,3,0,0,8,True
2025-2025122620gm-00a9-0000-0e700f01-04-s3-d11,6,A,1,13,"[26400,30800,19000,23800]",3,-4.0,1,3,1,0,5,True
2025-2025122620gm-00a9-0000-0e700f01-04-s3-d11,6,B,4,24,"[29000,34000,3200,33800]",2,4.0,1,3,0,0,4,True
2025-2025122620gm-00a9-0000-0e700f01-04-s3-d11,7,A,1,13,"[24000,23500,17700,34800]",1,10.0,1,3,0,0,4,True
2025-2025122620gm-00a9-0000-0e700f01-04-s3-d11,7,B,4,24,"[23200,32500,9500,34800]",1,10.0,1,3,0,0,4,True
2025-2025122620gm-00a9-0000-0e700f01-04-s3-d11,8,A,1,13,"[15500,32700,52800,-1000]",4,-10.0,1,1,1,0,5,True
2025-2025122620gm-00a9-0000-0e700f01-04-s3-d11,8,B,4,24,"[14000,40200,52300,-6500]",4,-10.0,1,2,0,0,6,True
2025-2025122620gm-00a9-0000-0e700f01-04-s3-d11,9,A,1,13,"[26500,33300,15900,24300]",3,-4.0,1,3,1,0,5,True
2025-2025122620gm-00a9-0000-0e700f01-04-s3-d11,9,B,4,24,"[26500,33300,15900,24300]",3,-4.0,1,3,1,0,5,True
2025-2025122620gm-00a9-0000-0e700f01-04-s3-d11,10,A,1,13,"[33800,21800,16700,27700]",2,4.0,1,3,0,0,6,True
2025-2025122620gm-00a9-0000-0e700f01-04-s3-d11,10,B,4,24,"[29600,31300,8500,30600]",2,4.0,1,3,1,0,4,True
2025-2025122620gm-00a9-0000-0e700f01-04-s3-d11,11,A,1,13,"[18400,57900,8300,15400]",3,-4.0,1,3,0,0,7,True
2025-2025122620gm-00a9-0000-0e700f01-04-s3-d11,11,B,4,24,"[31900,29100,18700,20300]",3,-4.0,1,3,0,0,6,True
2025-2025122620gm-00a9-0000-0e700f01-04-s3-d11,12,A,1,13,"[23400,32700,24100,19800]",4,-10.0,1,3,1,0,7,True
2025-2025122620gm-00a9-0000-0e700f01-04-s3-d11,12,B,4,24,"[18400,35800,17500,28300]",2,4.0,1,3,1,0,7,True
2025-2025122620gm-00a9-0000-0e700f01-04-s3-d11,13,A,1,13,"[17800,29500,14900,36800]",1,10.0,1,3,0,1,4,True
2025-2025122620gm-00a9-0000-0e700f01-04-s3-d11,13,B,4,24,"[28600,30000,5600,35800]",1,10.0,1,3,0,0,4,True
2025-2025122620gm-00a9-0000-0e700f01-04-s3-d11,14,A,1,13,"[29400,23700,15900,31000]",1,10.0,2,2,0,0,10,True
2025-2025122620gm-00a9-0000-0e700f01-04-s3-d11,14,B,4,24,"[24300,32800,18000,24900]",2,4.0,1,3,0,0,6,True
2025-2025122620gm-00a9-0000-0e700f01-04-s3-d11,15,A,1,13,"[24100,34400,11000,30500]",2,4.0,1,3,0,0,7,True
2025-2025122620gm-00a9-0000-0e700f01-04-s3-d11,15,B,4,24,"[40800,20000,23900,15300]",4,-10.0,1,3,1,0,6,True
2025-2025122620gm-00a9-0000-0e700f01-04-s3-d11,16,A,1,13,"[26800,34600,14200,23400]",3,-4.0,1,3,0,1,4,True
2025-2025122620gm-00a9-0000-0e700f01-04-s3-d11,16,B,4,24,"[23600,40700,5800,29900]",2,4.0,1,3,0,0,6,True
2025-2025122620gm-00a9-0000-0e700f01-04-s3-d11,17,A,1,13,"[26600,25900,16700,30800]",1,10.0,1,3,0,0,6,True
2025-2025122620gm-00a9-0000-0e700f01-04-s3-d11,17,B,4,24,"[25300,28700,4300,40700]",1,10.0,1,3,0,1,7,True
2025-2025122620gm-00a9-0000-0e700f01-04-s3-d11,18,A,1,13,"[36500,19100,21000,23400]",2,4.0,1,3,1,0,7,True
2025-2025122620gm-00a9-0000-0e700f01-04-s3-d11,18,B,4,24,"[43500,11700,21600,23200]",2,4.0,1,3,0,0,6,True
2025-2025122620gm-00a9-0000-0e700f01-04-s3-d11,19,A,1,13,"[13200,30100,22200,34500]",1,10.0,1,3,0,0,4,True
2025-2025122620gm-00a9-0000-0e700f01-04-s3-d11,19,B,4,24,"[37600,27500,1300,33600]",2,4.0,1,3,0,0,4,True
2025-2025122620gm-00a9-0000-0e700f01-04-s3-d11,20,A,1,13,"[37000,32600,7500,22900]",3,-4.0,1,3,0,0,4,True
2025-2025122620gm-00a9-0000-0e700f01-04-s3-d11,20,B,4,24,"[37000,32600,7500,22900]",3,-4.0,1,3,0,0,4,True
2025-2025122620gm-00a9-0000-0e700f01-04-s3-d11,21,A,1,13,"[18800,53400,6300,21500]",2,4.0,1,3,0,0,5,True
2025-2025122620gm-00a9-0000-0e700f01-04-s3-d11,21,B,4,24,"[32000,29100,12300,26600]",3,-4.0,1,3,0,0,5,True
2025-2025122620gm-00a9-0000-0e700f01-04-s3-d11,22,A,1,13,"[36500,28100,8600,26800]",3,-4.0,1,3,1,0,6,True
2025-2025122620gm-00a9-0000-0e700f01-04-s3-d11,22,B,4,24,"[28900,30600,13400,26100]",3,-4.0,2,0,0,1,5,True
2025-2025122620gm-00a9-0000-0e700f01-04-s3-d11,23,A,1,13,"[12600,41100,19600,26700]",2,4.0,1,3,0,0,4,True
2025-2025122620gm-00a9-0000-0e700f01-04-s3-d11,23,B,4,24,"[21600,48700,12100,17600]",3,-4.0,1,3,0,0,7,True
2025-2025122620gm-00a9-0000-0e700f01-04-s3-d11,24,A,1,13,"[12500,36700,27200,23600]",3,-4.0,1,3,0,0,4,True
2025-2025122620gm-00a9-0000-0e700f01-04-s3-d11,24,B,4,24,"[16000,37200,21200,25600]",2,4.0,1,3,0,0,4,True
2025-2025122620gm-00a9-0000-0e700f01-04-s3-d11,25,A,1,13,"[23000,38700,13900,23400]",2,4.0,1,3,0,1,5,True
2025-2025122620gm-00a9-0000-0e700f01-04-s3-d11,25,B,4,24,"[42200,26900,7800,23100]",3,-4.0,1,3,0,0,5,True
2025-2025122620gm-00a9-0000-0e700f01-04-s3-d11,26,A,1,13,"[39900,28800,21500,9800]",4,-10.0,1,3,0,0,5,True
2025-2025122620gm-00a9-0000-0e700f01-04-s3-d11,26,B,4,24,"[23100,25100,13900,37900]",1,10.0,1,3,0,0,4,True
2025-2025122620gm-00a9-0000-0e700f01-04-s3-d11,27,A,1,13,"[26000,39000,-5600,40600]",1,10.0,1,2,0,0,3,True
2025-2025122620gm-00a9-0000-0e700f01-04-s3-d11,27,B,4,24,"[4900,33100,35000,27000]",3,-4.0,1,3,0,0,6,True
2025-2025122620gm-00a9-0000-0e700f01-04-s3-d11,28,A,1,13,"[27800,35900,3100,33200]",2,4.0,1,3,1,0,5,True
2025-2025122620gm-00a9-0000-0e700f01-04-s3-d11,28,B,4,24,"[27800,35900,3100,33200]",2,4.0,1,3,1,0,5,True
2025-2025122620gm-00a9-0000-0e700f01-04-s3-d11,29,A,1,13,"[9200,31600,26700,32500]",1,10.0,1,3,0,0,6,True
2025-2025122620gm-00a9-0000-0e700f01-04-s3-d11,29,B,4,24,"[21500,23500,35300,19700]",4,-10.0,1,3,0,0,5,True
2025-2025122620gm-00a9-0000-0e700f01-04-s3-d11,30,A,1,13,"[17500,47200,17900,17400]",4,-10.0,1,3,0,0,7,True
2025-2025122620gm-00a9-0000-0e700f01-04-s3-d11,30,B,4,24,"[21600,37700,8100,32600]",2,4.0,1,3,0,0,6,True
2025-2025122620gm-00a9-0000-0e700f01-04-s3-d11,31,A,1,13,"[23700,31500,16200,28600]",2,4.0,2,0,0,0,5,True
2025-2025122620gm-00a9-0000-0e700f01-04-s3-d11,31,B,4,24,"[-900,30000,32200,38700]",1,10.0,1,3,0,0,6,True
2025-2025122620gm-00a9-0000-0e700f01-04-s3-d11,32,A,1,13,"[26500,40000,-200,33700]",2,4.0,1,3,0,0,5,True
2025-2025122620gm-00a9-0000-0e700f01-04-s3-d11,32,B,4,24,"[26600,40200,700,32500]",2,4.0,1,3,0,0,5,True
2025-2025122620gm-00a9-0000-0e700f01-04-s3-d11,33,A,1,13,"[27800,18900,36700,16600]",4,-10.0,1,3,0,0,5,True
2025-2025122620gm-00a9-0000-0e700f01-04-s3-d11,33,B,4,24,"[23800,33700,15000,27500]",2,4.0,1,3,0,0,5,True
2025-2025122620gm-00a9-0000-0e700f01-04-s3-d11,34,A,1,13,"[38600,28000,4900,28500]",2,4.0,1,3,2,0,7,True
2025-2025122620gm-00a9-0000-0e700f01-04-s3-d11,34,B,4,24,"[26300,36700,17100,19900]",3,-4.0,1,3,1,0,4,True
2025-2025122620gm-00a9-0000-0e700f01-04-s3-d11,35,A,1,13,"[37000,24900,10900,27200]",2,4.0,1,3,0,0,4,True
2025-2025122620gm-00a9-0000-0e700f01-04-s3-d11,35,B,4,24,"[33500,28800,4400,33300]",2,4.0,1,3,0,0,4,True
2025-2025122620gm-00a9-0000-0e700f01-04-s3-d11,36,A,1,13,"[27100,25700,9700,37500]",1,10.0,1,3,0,0,5,True
2025-2025122620gm-00a9-0000-0e700f01-04-s3-d11,36,B,4,24,"[39700,37900,4400,18000]",3,-4.0,1,3,0,0,5,True
2025-2025122620gm-00a9-0000-0e700f01-04-s3-d11,37,A,1,13,"[34000,21600,17600,26800]",2,4.0,1,3,0,0,4,True
2025-2025122620gm-00a9-0000-0e700f01-04-s3-d11,37,B,4,24,"[26600,43400,-4500,34500]",2,4.0,1,3,0,0,5,True
2025-2025122620gm-00a9-0000-0e700f01-04-s3-d11,38,A,1,13,"[29000,37400,12600,21000]",3,-4.0,1,3,0,0,4,True
2025-2025122620gm-00a9-0000-0e700f01-04-s3-d11,38,B,4,24,"[29000,37400,12600,21000]",3,-4.0,1,3,0,0,4,True
2025-2025122620gm-00a9-0000-0e700f01-04-s3-d11,39,A,1,13,"[27000,36100,15900,20000]",3,-4.0,1,3,0,1,4,True
2025-2025122620gm-00a9-0000-0e700f01-04-s3-d11,39,B,4,24,"[39000,21500,10900,27600]",2,4.0,1,3,0,1,4,True
2025-2025122620gm-00a9-0000-0e700f01-04-s3-d11,40,A,1,13,"[19700,30600,23500,26200]",2,4.0,1,3,0,0,4,True
2025-2025122620gm-00a9-0000-0e700f01-04-s3-d11,40,B,4,24,"[19700,30600,23500,26200]",2,4.0,1,3,0,0,4,True
2025-2025122620gm-00a9-0000-0e700f01-04-s3-d11,41,A,1,13,"[38100,24700,12000,25200]",2,4.0,2,0,0,0,5,True
2025-2025122620gm-00a9-0000-0e700f01-04-s3-d11,41,B,4,24,"[38100,24700,12000,25200]",2,4.0,2,0,0,0,5,True
2025-2025122620gm-00a9-0000-0e700f01-04-s3-d11,42,A,1,13,"[32500,29300,2100,36100]",1,10.0,1,3,0,0,5,True
2025-2025122620gm-00a9-0000-0e700f01-04-s3-d11,42,B,4,24,"[12500,40800,22800,23900]",2,4.0,2,1,0,0,7,True
2025-2025122620gm-00a9-0000-0e700f01-04-s3-d11,43,A,1,13,"[34900,38900,-900,27100]",3,-4.0,1,2,0,0,4,True
2025-2025122620gm-00a9-0000-0e700f01-04-s3-d11,43,B,4,24,"[8200,42300,21400,28100]",2,4.0,1,3,1,0,6,True
2025-2025122620gm-00a9-0000-0e700f01-04-s3-d11,44,A,1,13,"[20200,32800,11700,35300]",1,10.0,1,3,0,0,5,True
2025-2025122620gm-00a9-0000-0e700f01-04-s3-d11,44,B,4,24,"[39900,33000,1000,26100]",3,-4.0,1,3,0,0,5,True
2025-2025122620gm-00a9-0000-0e700f01-04-s3-d11,45,A,1,13,"[15700,30900,29800,23600]",3,-4.0,1,3,1,0,6,True
2025-2025122620gm-00a9-0000-0e700f01-04-s3-d11,45,B,4,24,"[26000,24500,15600,33900]",1,10.0,1,3,0,0,4,True
2025-2025122620gm-00a9-0000-0e700f01-04-s3-d11,46,A,1,13,"[34700,27100,10100,28100]",2,4.0,2,0,0,0,5,True
2025-2025122620gm-00a9-0000-0e700f01-04-s3-d11,46,B,4,24,"[22800,28200,7800,41200]",1,10.0,1,3,0,0,5,True
2025-2025122620gm-00a9-0000-0e700f01-04-s3-d11,47,A,1,13,"[23600,26800,11800,37800]",1,10.0,1,3,0,0,4,True
2025-2025122620gm-00a9-0000-0e700f01-04-s3-d11,47,B,4,24,"[25100,25900,12000,37000]",1,10.0,1,3,0,0,4,True
2025-2025122620gm-00a9-0000-0e700f01-04-s3-d11,48,A,1,13,"[38500,47900,-1000,14600]",3,-4.0,1,3,0,0,6,True
2025-2025122620gm-00a9-0000-0e700f01-04-s3-d11,48,B,4,24,"[28300,20100,21200,30400]",1,10.0,1,3,0,0,4,True
2025-2025122620gm-00a9-0000-0e700f01-04-s3-d11,49,A,1,13,"[30700,28500,17400,23400]",3,-4.0,2,0,0,0,5,True
2025-2025122620gm-00a9-0000-0e700f01-04-s3-d11,49,B,4,24,"[27200,31600,23400,17800]",4,-10.0,2,0,0,0,5,True
2025-2025122620gm-00a9-0000-0e700f01-04-s3-d11,50,A,1,13,"[50400,8000,7300,34300]",2,4.0,1,3,1,0,6,True
2025-2025122620gm-00a9-0000-0e700f01-04-s3-d11,50,B,4,24,"[25000,34300,10900,29800]",2,4.0,1,3,0,0,4,True
2025-2025122620gm-00a9-0000-0e700f01-04-s3-d11,51,A,1,13,"[14600,38300,24600,22500]",3,-4.0,1,3,0,0,5,True
2025-2025122620gm-00a9-0000-0e700f01-04-s3-d11,51,B,4,24,"[28500,34400,16000,21100]",3,-4.0,1,3,0,0,6,True
2025-2025122620gm-00a9-0000-0e700f01-04-s3-d11,52,A,1,13,"[9700,24700,25800,39800]",1,10.0,1,3,0,0,6,True
2025-2025122620gm-00a9-0000-0e700f01-04-s3-d11,52,B,4,24,"[24900,35300,14400,25400]",2,4.0,1,3,0,0,5,True
2025-2025122620gm-00a9-0000-0e700f01-04-s3-d11,53,A,1,13,"[39600,25800,15400,19200]",3,-4.0,1,3,0,0,5,True
2025-2025122620gm-00a9-0000-0e700f01-04-s3-d11,53,B,4,24,"[30100,32000,21400,16500]",4,-10.0,1,3,0,0,4,True
2025-2025122620gm-00a9-0000-0e700f01-04-s3-d11,54,A,1,13,"[29000,13900,26600,30500]",1,10.0,1,3,0,0,5,True
2025-2025122620gm-00a9-0000-0e700f01-04-s3-d11,54,B,4,24,"[23700,31500,900,42900]",1,10.0,1,3,0,1,4,True
2025-2025122620gm-00a9-0000-0e700f01-04-s3-d11,55,A,1,13,"[32700,25900,13600,27800]",2,4.0,1,3,1,0,5,True
2025-2025122620gm-00a9-0000-0e700f01-04-s3-d11,55,B,4,24,"[31800,27000,9300,31900]",1,10.0,1,3,0,0,4,True
2025-2025122620gm-00a9-0000-0e700f01-04-s3-d11,56,A,1,13,"[31400,28000,10400,30200]",2,4.0,1,3,0,0,4,True
2025-2025122620gm-00a9-0000-0e700f01-04-s3-d11,56,B,4,24,"[27500,29500,4400,38600]",1,10.0,1,3,0,0,4,True
2025-2025122620gm-00a9-0000-0e700f01-04-s3-d11,57,A,1,13,"[19000,34200,19100,27700]",2,4.0,1,3,1,0,8,True
2025-2025122620gm-00a9-0000-0e700f01-04-s3-d11,57,B,4,24,"[22200,40200,19100,18500]",4,-10.0,1,3,1,0,8,True
2025-2025122620gm-00a9-0000-0e700f01-04-s3-d11,58,A,1,13,"[34300,36100,13300,16300]",3,-4.0,1,3,0,0,4,True
2025-2025122620gm-00a9-0000-0e700f01-04-s3-d11,58,B,4,24,"[33300,35100,12300,19300]",3,-4.0,1,3,0,0,4,True
2025-2025122620gm-00a9-0000-0e700f01-04-s3-d11,59,A,1,13,"[34300,17700,9300,38700]",1,10.0,1,3,0,0,5,True
2025-2025122620gm-00a9-0000-0e700f01-04-s3-d11,59,B,4,24,"[34300,17700,9300,38700]",1,10.0,1,3,0,0,5,True
2025-2025122620gm-00a9-0000-0e700f01-04-s3-d11,60,A,1,13,"[25200,45400,4600,24800]",3,-4.0,1,3,1,0,5,True
2025-2025122620gm-00a9-0000-0e700f01-04-s3-d11,60,B,4,24,"[25800,36700,8000,29500]",2,4.0,1,3,0,0,5,True
2025-2025122620gm-00a9-0000-0e700f01-04-s3-d11,61,A,1,13,"[25000,18500,24100,32400]",1,10.0,1,3,0,0,4,True
2025-2025122620gm-00a9-0000-0e700f01-04-s3-d11,61,B,4,24,"[38600,33500,3300,24600]",3,-4.0,1,3,0,0,5,True
2025-2025122620gm-00a9-0000-0e700f01-04-s3-d11,62,A,1,13,"[26200,27100,11000,35700]",1,10.0,1,3,0,0,4,True
2025-2025122620gm-00a9-0000-0e700f01-04-s3-d11,62,B,4,24,"[37000,28400,22200,12400]",4,-10.0,1,3,0,0,5,True
2025-2025122620gm-00a9-0000-0e700f01-04-s3-d11,63,A,1,13,"[24100,38500,6900,30500]",2,4.0,1,3,0,0,4,True
2025-2025122620gm-00a9-0000-0e700f01-04-s3-d11,63,B,4,24,"[25400,34000,12000,28600]",2,4.0,2,0,1,0,6,True
2025-2025122620gm-00a9-0000-0e700f01-04-s3-d11,64,A,1,13,"[37100,24000,13800,25100]",2,4.0,1,3,0,0,4,True
2025-2025122620gm-00a9-0000-0e700f01-04-s3-d11,64,B,4,24,"[32000,27700,8200,31100]",2,4.0,1,3,1,1,5,True
2025-2025122620gm-00a9-0000-0e700f01-04-s3-d11,65,A,1,13,"[30000,38500,14200,17300]",3,-4.0,1,3,1,0,4,True
2025-2025122620gm-00a9-0000-0e700f01-04-s3-d11,65,B,4,24,"[31000,19500,29200,20300]",3,-4.0,1,3,0,0,4,True
2025-2025122620gm-00a9-0000-0e700f01-04-s3-d11,66,A,1,13,"[41100,22400,14400,22100]",3,-4.0,1,3,0,0,6,True
2025-2025122620gm-00a9-0000-0e700f01-04-s3-d11,66,B,4,24,"[21300,21300,23600,32800]",1,10.0,1,3,0,1,4,True
2025-2025122620gm-00a9-0000-0e700f01-04-s3-d11,67,A,1,13,"[29000,31500,16900,22600]",3,-4.0,1,3,0,0,4,True
2025-2025122620gm-00a9-0000-0e700f01-04-s3-d11,67,B,4,24,"[33900,25600,18900,21600]",3,-4.0,1,3,0,0,4,True
2025-2025122620gm-00a9-0000-0e700f01-04-s3-d11,68,A,1,13,"[33400,32500,10600,23500]",3,-4.0,1,3,0,0,4,True
2025-2025122620gm-00a9-0000-0e700f01-04-s3-d11,68,B,4,24,"[45200,23700,7800,23300]",3,-4.0,1,3,0,0,4,True
2025-2025122620gm-00a9-0000-0e700f01-04-s3-d11,69,A,1,13,"[29000,26700,10400,33900]",1,10.0,1,3,0,0,5,True
2025-2025122620gm-00a9-0000-0e700f01-04-s3-d11,69,B,4,24,"[37300,27200,13900,21600]",3,-4.0,1,3,0,0,4,True
2025-2025122620gm-00a9-0000-0e700f01-04-s3-d11,70,A,1,13,"[25200,34400,13800,25600]",2,4.0,1,3,1,1,5,True
2025-2025122620gm-00a9-0000-0e700f01-04-s3-d11,70,B,4,24,"[36700,29100,11600,21600]",3,-4.0,1,3,0,1,6,True
2025-2025122620gm-00a9-0000-0e700f01-04-s3-d11,71,A,1,13,"[37700,10600,33600,18100]",3,-4.0,1,3,0,0,6,True
2025-2025122620gm-00a9-0000-0e700f01-04-s3-d11,71,B,4,24,"[35600,3600,34600,26200]",3,-4.0,1,3,0,0,6,True
2025-2025122620gm-00a9-0000-0e700f01-04-s3-d11,72,A,1,13,"[27000,31300,15000,26700]",3,-4.0,1,3,0,0,5,True
2025-2025122620gm-00a9-0000-0e700f01-04-s3-d11,72,B,4,24,"[33600,25500,19500,21400]",3,-4.0,1,3,0,0,5,True
2025-2025122620gm-00a9-0000-0e700f01-04-s3-d11,73,A,1,13,"[13600,38700,14500,33200]",2,4.0,1,3,1,0,6,True
2025-2025122620gm-00a9-0000-0e700f01-04-s3-d11,73,B,4,24,"[13700,42800,13900,29600]",2,4.0,1,3,0,0,5,True
2025-2025122620gm-00a9-0000-0e700f01-04-s3-d11,74,A,1,13,"[26800,36300,11200,25700]",3,-4.0,1,3,0,0,6,True
2025-2025122620gm-00a9-0000-0e700f01-04-s3-d11,74,B,4,24,"[36300,20000,12000,31700]",2,4.0,1,3,1,0,7,True
2025-2025122620gm-00a9-0000-0e700f01-04-s3-d11,75,A,1,13,"[36200,32100,-2200,33900]",2,4.0,1,3,2,0,7,True
2025-2025122620gm-00a9-0000-0e700f01-04-s3-d11,75,B,4,24,"[20900,37700,12400,28000]",2,4.0,1,3,0,1,6,True
2025-2025122620gm-00a9-0000-0e700f01-04-s3-d11,76,A,1,13,"[31500,19400,18500,29600]",2,4.0,1,3,0,1,4,True
2025-2025122620gm-00a9-0000-0e700f01-04-s3-d11,76,B,4,24,"[28800,24000,12800,34400]",1,10.0,1,3,0,0,4,True
2025-2025122620gm-00a9-0000-0e700f01-04-s3-d11,77,A,1,13,"[36600,23400,10400,29600]",2,4.0,1,3,2,0,5,True
2025-2025122620gm-00a9-0000-0e700f01-04-s3-d11,77,B,4,24,"[34700,17300,41300,6700]",4,-10.0,1,3,0,0,8,True
2025-2025122620gm-00a9-0000-0e700f01-04-s3-d11,78,A,1,13,"[15300,32000,14000,38700]",1,10.0,1,3,0,0,5,True
2025-2025122620gm-00a9-0000-0e700f01-04-s3-d11,78,B,4,24,"[31500,30000,22700,15800]",4,-10.0,1,3,0,0,6,True
2025-2025122620gm-00a9-0000-0e700f01-04-s3-d11,79,A,1,13,"[32400,23400,12300,30900]",2,4.0,1,3,0,1,6,True
2025-2025122620gm-00a9-0000-0e700f01-04-s3-d11,79,B,4,24,"[39500,18800,14800,26900]",2,4.0,1,3,1,0,5,True
2025-2025122620gm-00a9-0000-0e700f01-04-s3-d11,80,A,1,13,"[26900,22400,5800,42900]",1,10.0,1,3,1,2,4,True
2025-2025122620gm-00a9-0000-0e700f01-04-s3-d11,80,B,4,24,"[39000,18900,3700,38400]",2,4.0,1,3,0,0,6,True
2025-2025122620gm-00a9-0000-0e700f01-04-s3-d11,81,A,1,13,"[38200,23900,19900,18000]",4,-10.0,1,3,0,0,5,True
2025-2025122620gm-00a9-0000-0e700f01-04-s3-d11,81,B,4,24,"[33600,28500,9500,28400]",3,-4.0,1,3,0,0,5,True
2025-2025122620gm-00a9-0000-0e700f01-04-s3-d11,82,A,1,13,"[12700,51300,13600,22400]",2,4.0,1,3,1,0,6,True
2025-2025122620gm-00a9-0000-0e700f01-04-s3-d11,82,B,4,24,"[7900,27500,32100,32500]",1,10.0,1,3,0,0,4,True
2025-2025122620gm-00a9-0000-0e700f01-04-s3-d11,83,A,1,13,"[28900,20600,17400,33100]",1,10.0,1,3,0,0,7,True
2025-2025122620gm-00a9-0000-0e700f01-04-s3-d11,83,B,4,24,"[26200,28200,6500,39100]",1,10.0,1,3,0,0,6,True
2025-2025122620gm-00a9-0000-0e700f01-04-s3-d11,84,A,1,13,"[22500,33400,19900,24200]",2,4.0,1,3,1,0,5,True
2025-2025122620gm-00a9-0000-0e700f01-04-s3-d11,84,B,4,24,"[26400,29900,8400,34300]",1,10.0,1,3,0,1,4,True
2025-2025122620gm-00a9-0000-0e700f01-04-s3-d11,85,A,1,13,"[16700,30300,25300,27700]",2,4.0,2,0,1,0,7,True
2025-2025122620gm-00a9-0000-0e700f01-04-s3-d11,85,B,4,24,"[17900,36600,22000,23500]",2,4.0,1,3,3,0,5,True
2025-2025122620gm-00a9-0000-0e700f01-04-s3-d11,86,A,1,13,"[21900,30700,27900,19500]",4,-10.0,1,3,1,0,5,True
2025-2025122620gm-00a9-0000-0e700f01-04-s3-d11,86,B,4,24,"[29100,43200,-3800,31500]",2,4.0,1,2,1,0,5,True
2025-2025122620gm-00a9-0000-0e700f01-04-s3-d11,87,A,1,13,"[32200,38600,2000,27200]",3,-4.0,1,3,0,0,5,True
2025-2025122620gm-00a9-0000-0e700f01-04-s3-d11,87,B,4,24,"[26000,29500,-2100,46600]",1,10.0,1,2,0,0,3,True
2025-2025122620gm-00a9-0000-0e700f01-04-s3-d11,88,A,1,13,"[43400,28200,5600,22800]",3,-4.0,1,3,0,0,6,True
2025-2025122620gm-00a9-0000-0e700f01-04-s3-d11,88,B,4,24,"[26200,40800,6400,26600]",2,4.0,1,3,0,0,7,True
2025-2025122620gm-00a9-0000-0e700f01-04-s3-d11,89,A,1,13,"[39700,12900,20900,26500]",2,4.0,2,0,0,0,5,True
2025-2025122620gm-00a9-0000-0e700f01-04-s3-d11,89,B,4,24,"[23000,27300,11900,37800]",1,10.0,1,3,0,0,4,True
2025-2025122620gm-00a9-0000-0e700f01-04-s3-d11,90,A,1,13,"[26000,19600,20900,33500]",1,10.0,1,3,0,0,4,True
2025-2025122620gm-00a9-0000-0e700f01-04-s3-d11,90,B,4,24,"[17800,21300,23100,37800]",1,10.0,1,3,0,0,5,True
2025-2025122620gm-00a9-0000-0e700f01-04-s3-d11,91,A,1,13,"[23700,50800,26200,-700]",4,-10.0,1,3,0,0,6,True
2025-2025122620gm-00a9-0000-0e700f01-04-s3-d11,91,B,4,24,"[35500,26600,13400,24500]",3,-4.0,1,3,0,0,4,True
2025-2025122620gm-00a9-0000-0e700f01-04-s3-d11,92,A,1,13,"[35300,26900,1700,36100]",1,10.0,1,3,0,0,4,True
2025-2025122620gm-00a9-0000-0e700f01-04-s3-d11,92,B,4,24,"[31600,28500,22100,16800]",4,-10.0,1,3,1,1,7,True
2025-2025122620gm-00a9-0000-0e700f01-04-s3-d11,93,A,1,13,"[27200,32100,13100,27600]",2,4.0,1,3,1,0,5,True
2025-2025122620gm-00a9-0000-0e700f01-04-s3-d11,93,B,4,24,"[24300,15400,26100,34200]",1,10.0,2,1,0,0,6,True
2025-2025122620gm-00a9-0000-0e700f01-04-s3-d11,94,A,1,13,"[15600,28600,23300,32500]",1,10.0,2,0,1,0,8,True
2025-2025122620gm-00a9-0000-0e700f01-04-s3-d11,94,B,4,24,"[18100,29500,10500,41900]",1,10.0,1,3,0,0,5,True
2025-2025122620gm-00a9-0000-0e700f01-04-s3-d11,95,A,1,13,"[23400,34000,16700,25900]",2,4.0,1,3,1,0,7,True
2025-2025122620gm-00a9-0000-0e700f01-04-s3-d11,95,B,4,24,"[24800,19300,30200,25700]",2,4.0,2,0,1,0,5,True
2025-2025122620gm-00a9-0000-0e700f01-04-s3-d11,96,A,1,13,"[34700,31100,4100,30100]",3,-4.0,1,3,0,0,4,True
2025-2025122620gm-00a9-0000-0e700f01-04-s3-d11,96,B,4,24,"[34700,40200,4100,21000]",3,-4.0,1,3,0,0,4,True
2025-2025122620gm-00a9-0000-0e700f01-04-s3-d11,97,A,1,13,"[47900,29200,-600,23500]",3,-4.0,1,0,3,0,4,True
2025-2025122620gm-00a9-0000-0e700f01-04-s3-d11,97,B,4,24,"[47900,29200,-600,23500]",3,-4.0,1,0,3,0,4,True
2025-2025122620gm-00a9-0000-0e700f01-04-s3-d11,98,A,1,13,"[30400,23400,11500,34700]",1,10.0,1,3,0,0,4,True
2025-2025122620gm-00a9-0000-0e700f01-04-s3-d11,98,B,4,24,"[31700,25500,11000,31800]",1,10.0,1,3,0,0,4,True
2025-2025122620gm-00a9-0000-0e700f01-04-s3-d11,99,A,1,13,"[10900,50500,11400,27200]",2,4.0,1,3,0,0,4,True
2025-2025122620gm-00a9-0000-0e700f01-04-s3-d11,99,B,4,24,"[14900,42600,13400,29100]",2,4.0,1,3,0,0,4,True
2025-2025122620gm-00a9-0000-0e700f01-04-s3-d11,100,A,1,13,"[26800,24400,32100,16700]",4,-10.0,1,3,0,0,5,True
2025-2025122620gm-00a9-0000-0e700f01-04-s3-d11,100,B,4,24,"[24200,36500,18500,19800]",3,-4.0,1,3,0,1,6,True
2025-2025122620gm-00a9-0000-0e700f01-04-s3-d11,101,A,1,13,"[29000,45800,-2400,27600]",3,-4.0,1,1,0,0,3,True
2025-2025122620gm-00a9-0000-0e700f01-04-s3-d11,101,B,4,24,"[33500,26600,11100,28800]",2,4.0,1,3,0,0,4,True
2025-2025122620gm-00a9-0000-0e700f01-04-s3-d11,102,A,1,13,"[34200,25400,11900,25500]",2,4.0,1,3,1,3,5,True
2025-2025122620gm-00a9-0000-0e700f01-04-s3-d11,102,B,4,24,"[19000,52300,-4600,33300]",2,4.0,1,3,0,0,6,True
2025-2025122620gm-00a9-0000-0e700f01-04-s3-d11,103,A,1,13,"[30400,26900,11700,31000]",1,10.0,1,3,0,0,5,True
2025-2025122620gm-00a9-0000-0e700f01-04-s3-d11,103,B,4,24,"[35000,24800,11600,28600]",2,4.0,1,3,0,0,4,True
2025-2025122620gm-00a9-0000-0e700f01-04-s3-d11,104,A,1,13,"[34400,33600,16600,15400]",4,-10.0,1,3,2,0,6,True
2025-2025122620gm-00a9-0000-0e700f01-04-s3-d11,104,B,4,24,"[29100,35500,8800,26600]",3,-4.0,1,3,0,0,4,True
2025-2025122620gm-00a9-0000-0e700f01-04-s3-d11,105,A,1,13,"[21400,34700,7700,36200]",1,10.0,1,3,0,0,5,True
2025-2025122620gm-00a9-0000-0e700f01-04-s3-d11,105,B,4,24,"[20200,49600,9400,20800]",2,4.0,1,3,0,0,6,True
2025-2025122620gm-00a9-0000-0e700f01-04-s3-d11,106,A,1,13,"[17400,34000,9400,39200]",1,10.0,1,3,0,0,4,True
2025-2025122620gm-00a9-0000-0e700f01-04-s3-d11,106,B,4,24,"[36300,19900,23000,20800]",3,-4.0,2,1,0,0,8,True
2025-2025122620gm-00a9-0000-0e700f01-04-s3-d11,107,A,1,13,"[32700,24200,12300,30800]",2,4.0,1,3,1,0,6,True
2025-2025122620gm-00a9-0000-0e700f01-04-s3-d11,107,B,4,24,"[27000,41900,11300,18800]",3,-4.0,1,3,0,1,5,True
2025-2025122620gm-00a9-0000-0e700f01-04-s3-d11,108,A,1,13,"[27100,28100,11300,33500]",1,10.0,1,3,0,0,5,True
2025-2025122620gm-00a9-0000-0e700f01-04-s3-d11,108,B,4,24,"[26600,30500,12400,30500]",2,4.0,1,3,0,0,4,True
2025-2025122620gm-00a9-0000-0e700f01-04-s3-d11,109,A,1,13,"[31000,21000,12900,35100]",1,10.0,1,3,0,0,4,True
2025-2025122620gm-00a9-0000-0e700f01-04-s3-d11,109,B,4,24,"[15500,27300,23700,33500]",1,10.0,1,3,0,0,6,True
2025-2025122620gm-00a9-0000-0e700f01-04-s3-d11,110,A,1,13,"[43200,35300,4400,17100]",3,-4.0,1,3,0,0,5,True
2025-2025122620gm-00a9-0000-0e700f01-04-s3-d11,110,B,4,24,"[21900,26600,30400,21100]",4,-10.0,2,0,0,0,5,True
2025-2025122620gm-00a9-0000-0e700f01-04-s3-d11,111,A,1,13,"[33700,31500,3900,29900]",3,-4.0,1,3,0,1,4,True
2025-2025122620gm-00a9-0000-0e700f01-04-s3-d11,111,B,4,24,"[34700,30000,4700,30600]",2,4.0,1,3,0,0,4,True
2025-2025122620gm-00a9-0000-0e700f01-04-s3-d11,112,A,1,13,"[21500,43000,9400,26100]",2,4.0,1,3,0,0,5,True
2025-2025122620gm-00a9-0000-0e700f01-04-s3-d11,112,B,4,24,"[21500,43300,9100,26100]",2,4.0,1,3,0,0,5,True
2025-2025122620gm-00a9-0000-0e700f01-04-s3-d11,113,A,1,13,"[10300,28200,20600,40900]",1,10.0,1,3,0,0,5,True
2025-2025122620gm-00a9-0000-0e700f01-04-s3-d11,113,B,4,24,"[26300,31400,11000,31300]",2,4.0,1,3,0,0,7,True
2025-2025122620gm-00a9-0000-0e700f01-04-s3-d11,114,A,1,13,"[23400,15700,25700,35200]",1,10.0,1,3,0,0,7,True
2025-2025122620gm-00a9-0000-0e700f01-04-s3-d11,114,B,4,24,"[23400,15700,25700,35200]",1,10.0,1,3,0,0,7,True
2025-2025122620gm-00a9-0000-0e700f01-04-s3-d11,115,A,1,13,"[25500,38000,3600,31900]",2,4.0,1,3,1,1,6,True
2025-2025122620gm-00a9-0000-0e700f01-04-s3-d11,115,B,4,24,"[16200,27000,20900,35900]",1,10.0,1,3,0,0,4,True
2025-2025122620gm-00a9-0000-0e700f01-04-s3-d11,116,A,1,13,"[33300,29000,12600,25100]",3,-4.0,1,3,4,0,5,True
2025-2025122620gm-00a9-0000-0e700f01-04-s3-d11,116,B,4,24,"[13800,34500,39500,12200]",4,-10.0,1,3,0,0,6,True
2025-2025122620gm-00a9-0000-0e700f01-04-s3-d11,117,A,1,13,"[17100,34600,33100,15200]",4,-10.0,1,3,0,0,6,True
2025-2025122620gm-00a9-0000-0e700f01-04-s3-d11,117,B,4,24,"[25600,35400,19000,20000]",3,-4.0,2,1,0,0,8,True
2025-2025122620gm-00a9-0000-0e700f01-04-s3-d11,118,A,1,13,"[27300,38200,20900,13600]",4,-10.0,1,3,1,0,5,True
2025-2025122620gm-00a9-0000-0e700f01-04-s3-d11,118,B,4,24,"[27300,38200,20900,13600]",4,-10.0,1,3,1,0,5,True
2025-2025122620gm-00a9-0000-0e700f01-04-s3-d11,119,A,1,13,"[13900,29500,21100,35500]",1,10.0,1,3,0,0,6,True
2025-2025122620gm-00a9-0000-0e700f01-04-s3-d11,119,B,4,24,"[30900,28400,28400,12300]",4,-10.0,1,3,0,0,9,True
2025-2025122620gm-00a9-0000-0e700f01-04-s3-d11,120,A,1,13,"[15300,33800,23000,27900]",2,4.0,1,3,0,0,5,True
2025-2025122620gm-00a9-0000-0e700f01-04-s3-d11,120,B,4,24,"[45500,15500,12100,26900]",2,4.0,1,3,1,0,6,True
2025-2025122620gm-00a9-0000-0e700f01-04-s3-d11,121,A,1,13,"[24900,30500,10900,32700]",1,10.0,1,3,1,1,4,True
2025-2025122620gm-00a9-0000-0e700f01-04-s3-d11,121,B,4,24,"[34900,25500,28600,11000]",4,-10.0,1,3,0,0,5,True
2025-2025122620gm-00a9-0000-0e700f01-04-s3-d11,122,A,1,13,"[15500,36000,29800,18700]",3,-4.0,2,2,0,0,7,True
2025-2025122620gm-00a9-0000-0e700f01-04-s3-d11,122,B,4,24,"[25300,46100,8600,20000]",3,-4.0,1,3,0,0,4,True
2025-2025122620gm-00a9-0000-0e700f01-04-s3-d11,123,A,1,13,"[32700,30600,1400,35300]",1,10.0,1,3,0,0,6,True
2025-2025122620gm-00a9-0000-0e700f01-04-s3-d11,123,B,4,24,"[28500,23200,11800,36500]",1,10.0,1,3,0,0,6,True
2025-2025122620gm-00a9-0000-0e700f01-04-s3-d11,124,A,1,13,"[30900,21700,13800,33600]",1,10.0,1,3,0,0,5,True
2025-2025122620gm-00a9-0000-0e700f01-04-s3-d11,124,B,4,24,"[30100,24900,14000,31000]",1,10.0,1,3,1,0,5,True
2025-2025122620gm-00a9-0000-0e700f01-04-s3-d11,125,A,1,13,"[30600,37200,2300,29900]",3,-4.0,1,3,0,0,4,True
2025-2025122620gm-00a9-0000-0e700f01-04-s3-d11,125,B,4,24,"[21900,31600,27400,19100]",4,-10.0,2,2,0,0,7,True
2025-2025122620gm-00a9-0000-0e700f01-04-s3-d11,126,A,1,13,"[19000,35900,18700,26400]",2,4.0,1,3,1,0,5,True
2025-2025122620gm-00a9-0000-0e700f01-04-s3-d11,126,B,4,24,"[18000,35400,18200,28400]",2,4.0,1,3,1,0,5,True
2025-2025122620gm-00a9-0000-0e700f01-04-s3-d11,127,A,1,13,"[29100,25700,25100,20100]",4,-10.0,2,3,1,0,11,True
2025-2025122620gm-00a9-0000-0e700f01-04-s3-d11,127,B,4,24,"[20800,38200,8100,32900]",2,4.0,1,3,0,0,5,True
2025-2025122620gm-00a9-0000-0e700f01-04-s3-d11,128,A,1,13,"[14400,32800,30700,22100]",3,-4.0,1,3,1,0,6,True
2025-2025122620gm-00a9-0000-0e700f01-04-s3-d11,128,B,4,24,"[24000,22000,20400,33600]",1,10.0,1,3,0,0,4,True
2025-2025122620gm-00a9-0000-0e700f01-04-s3-d11,129,A,1,13,"[19400,35300,18200,27100]",2,4.0,1,3,0,0,5,True
2025-2025122620gm-00a9-0000-0e700f01-04-s3-d11,129,B,4,24,"[18800,35100,18000,28100]",2,4.0,1,3,0,0,5,True
2025-2025122620gm-00a9-0000-0e700f01-04-s3-d11,130,A,1,13,"[19900,43300,7100,29700]",2,4.0,1,3,0,0,5,True
2025-2025122620gm-00a9-0000-0e700f01-04-s3-d11,130,B,4,24,"[19900,43300,7100,29700]",2,4.0,1,3,0,0,5,True
2025-2025122620gm-00a9-0000-0e700f01-04-s3-d11,131,A,1,13,"[37000,27700,5000,30300]",2,4.0,1,3,0,0,5,True
2025-2025122620gm-00a9-0000-0e700f01-04-s3-d11,131,B,4,24,"[35000,29700,6000,29300]",3,-4.0,1,3,0,0,5,True
2025-2025122620gm-00a9-0000-0e700f01-04-s3-d11,132,A,1,13,"[28000,27700,9900,34400]",1,10.0,1,3,1,0,4,True
2025-2025122620gm-00a9-0000-0e700f01-04-s3-d11,132,B,4,24,"[28000,28500,10400,33100]",1,10.0,1,3,1,0,4,True
2025-2025122620gm-00a9-0000-0e700f01-04-s3-d11,133,A,1,13,"[17900,40400,16100,25600]",2,4.0,1,3,1,0,5,True
2025-2025122620gm-00a9-0000-0e700f01-04-s3-d11,133,B,4,24,"[15600,43400,11000,30000]",2,4.0,1,3,1,0,5,True
2025-2025122620gm-00a9-0000-0e700f01-04-s3-d11,134,A,1,13,"[36500,28500,3200,31800]",2,4.0,1,3,0,0,4,True
2025-2025122620gm-00a9-0000-0e700f01-04-s3-d11,134,B,4,24,"[38900,35100,8200,17800]",3,-4.0,1,3,0,0,4,True
2025-2025122620gm-00a9-0000-0e700f01-04-s3-d11,135,A,1,13,"[22400,28000,6300,43300]",1,10.0,1,3,0,0,4,True
2025-2025122620gm-00a9-0000-0e700f01-04-s3-d11,135,B,4,24,"[13000,30300,27300,29400]",2,4.0,1,3,1,0,7,True
2025-2025122620gm-00a9-0000-0e700f01-04-s3-d11,136,A,1,13,"[30600,21800,17600,30000]",2,4.0,1,3,2,0,8,True
2025-2025122620gm-00a9-0000-0e700f01-04-s3-d11,136,B,4,24,"[30600,21800,17600,30000]",2,4.0,1,3,2,0,8,True
2025-2025122620gm-00a9-0000-0e700f01-04-s3-d11,137,A,1,13,"[26200,25400,11400,37000]",1,10.0,1,3,0,0,5,True
2025-2025122620gm-00a9-0000-0e700f01-04-s3-d11,137,B,4,24,"[27900,18600,13900,39600]",1,10.0,1,3,0,0,4,True
2025-2025122620gm-00a9-0000-0e700f01-04-s3-d11,138,A,1,13,"[18000,27500,18500,36000]",1,10.0,1,3,0,0,4,True
2025-2025122620gm-00a9-0000-0e700f01-04-s3-d11,138,B,4,24,"[11100,40300,26800,21800]",3,-4.0,1,3,1,0,7,True
2025-2025122620gm-00a9-0000-0e700f01-04-s3-d11,139,A,1,13,"[29000,28000,12900,30100]",1,10.0,1,3,0,0,4,True
2025-2025122620gm-00a9-0000-0e700f01-04-s3-d11,139,B,4,24,"[22800,32100,15500,29600]",2,4.0,1,3,0,0,5,True
2025-2025122620gm-00a9-0000-0e700f01-04-s3-d11,140,A,1,13,"[63300,10500,4300,21900]",2,4.0,1,3,0,0,6,True
2025-2025122620gm-00a9-0000-0e700f01-04-s3-d11,140,B,4,24,"[44400,28500,5000,22100]",3,-4.0,1,3,0,0,5,True
2025-2025122620gm-00a9-0000-0e700f01-04-s3-d11,141,A,1,13,"[35300,37200,-2100,29600]",3,-4.0,1,2,0,0,3,True
2025-2025122620gm-00a9-0000-0e700f01-04-s3-d11,141,B,4,24,"[27800,33500,12800,25900]",3,-4.0,2,0,0,0,7,True
2025-2025122620gm-00a9-0000-0e700f01-04-s3-d11,142,A,1,13,"[22500,21600,16800,38100]",1,10.0,1,3,0,1,4,True
2025-2025122620gm-00a9-0000-0e700f01-04-s3-d11,142,B,4,24,"[17800,19400,8600,54200]",1,10.0,1,3,0,0,4,True
2025-2025122620gm-00a9-0000-0e700f01-04-s3-d11,143,A,1,13,"[19800,34500,20100,25600]",2,4.0,1,3,0,0,4,True
2025-2025122620gm-00a9-0000-0e700f01-04-s3-d11,143,B,4,24,"[27000,26800,30600,15600]",4,-10.0,2,0,0,0,6,True
2025-2025122620gm-00a9-0000-0e700f01-04-s3-d11,144,A,1,13,"[12700,51400,14300,21600]",2,4.0,1,3,0,0,6,True
2025-2025122620gm-00a9-0000-0e700f01-04-s3-d11,144,B,4,24,"[26000,34000,24400,15600]",4,-10.0,1,3,0,0,4,True
2025-2025122620gm-00a9-0000-0e700f01-04-s3-d11,145,A,1,13,"[28600,23500,15400,32500]",1,10.0,1,3,0,0,5,True
2025-2025122620gm-00a9-0000-0e700f01-04-s3-d11,145,B,4,24,"[31400,21200,21300,26100]",2,4.0,2,0,0,0,5,True
2025-2025122620gm-00a9-0000-0e700f01-04-s3-d11,146,A,1,13,"[20300,31200,23900,24600]",2,4.0,1,3,1,0,5,True
2025-2025122620gm-00a9-0000-0e700f01-04-s3-d11,146,B,4,24,"[30500,27000,12100,28400]",2,4.0,1,3,1,2,5,True
2025-2025122620gm-00a9-0000-0e700f01-04-s3-d11,147,A,1,13,"[28300,12800,35200,23700]",3,-4.0,2,0,0,0,8,True
2025-2025122620gm-00a9-0000-0e700f01-04-s3-d11,147,B,4,24,"[28100,31000,28800,12100]",4,-10.0,1,3,0,0,6,True
2025-2025122620gm-00a9-0000-0e700f01-04-s3-d11,148,A,1,13,"[18200,19200,25500,37100]",1,10.0,1,3,0,0,5,True
2025-2025122620gm-00a9-0000-0e700f01-04-s3-d11,148,B,4,24,"[19900,32300,21400,26400]",2,4.0,1,3,0,0,4,True
2025-2025122620gm-00a9-0000-0e700f01-04-s3-d11,149,A,1,13,"[35400,39800,1500,23300]",3,-4.0,1,3,1,0,8,True
2025-2025122620gm-00a9-0000-0e700f01-04-s3-d11,149,B,4,24,"[35400,39800,1500,23300]",3,-4.0,1,3,1,0,8,True
2025-2025122620gm-00a9-0000-0e700f01-04-s3-d11,150,A,1,13,"[36600,22900,13900,26600]",2,4.0,1,3,0,0,5,True
2025-2025122620gm-00a9-0000-0e700f01-04-s3-d11,150,B,4,24,"[29400,24900,14100,31600]",1,10.0,1,3,0,0,7,True
2025-2025122620gm-00a9-0000-0e700f01-04-s3-d11,151,A,1,13,"[27700,31600,32900,7800]",4,-10.0,2,2,0,0,9,True
2025-2025122620gm-00a9-0000-0e700f01-04-s3-d11,151,B,4,24,"[21000,21500,37200,20300]",4,-10.0,1,3,0,0,6,True
2025-2025122620gm-00a9-0000-0e700f01-04-s3-d11,152,A,1,13,"[24700,18500,32100,24700]",3,-4.0,1,3,0,0,5,True
2025-2025122620gm-00a9-0000-0e700f01-04-s3-d11,152,B,4,24,"[39900,30000,3800,26300]",3,-4.0,1,3,0,0,6,True
2025-2025122620gm-00a9-0000-0e700f01-04-s3-d11,153,A,1,13,"[29100,32000,15400,23500]",3,-4.0,1,3,2,0,5,True
2025-2025122620gm-00a9-0000-0e700f01-04-s3-d11,153,B,4,24,"[16100,38600,3400,41900]",1,10.0,1,3,0,0,6,True
2025-2025122620gm-00a9-0000-0e700f01-04-s3-d11,154,A,1,13,"[21600,31100,17500,29800]",2,4.0,2,1,0,0,6,True
2025-2025122620gm-00a9-0000-0e700f01-04-s3-d11,154,B,4,24,"[26700,41400,4300,27600]",2,4.0,1,3,0,0,5,True
2025-2025122620gm-00a9-0000-0e700f01-04-s3-d11,155,A,1,13,"[23700,37300,11500,27500]",2,4.0,1,3,1,0,6,True
2025-2025122620gm-00a9-0000-0e700f01-04-s3-d11,155,B,4,24,"[40200,40100,6700,13000]",3,-4.0,1,3,0,0,6,True
2025-2025122620gm-00a9-0000-0e700f01-04-s3-d11,156,A,1,13,"[31800,29900,8700,29600]",3,-4.0,1,3,0,0,5,True
2025-2025122620gm-00a9-0000-0e700f01-04-s3-d11,156,B,4,24,"[38300,24400,20400,16900]",4,-10.0,1,3,0,0,5,True
2025-2025122620gm-00a9-0000-0e700f01-04-s3-d11,157,A,1,13,"[28300,9200,21400,41100]",1,10.0,1,3,0,0,5,True
2025-2025122620gm-00a9-0000-0e700f01-04-s3-d11,157,B,4,24,"[40800,25700,8400,25100]",3,-4.0,2,0,0,0,5,True
2025-2025122620gm-00a9-0000-0e700f01-04-s3-d11,158,A,1,13,"[31000,26500,-100,42600]",1,10.0,1,2,0,0,3,True
2025-2025122620gm-00a9-0000-0e700f01-04-s3-d11,158,B,4,24,"[28900,33400,33200,4500]",4,-10.0,1,3,0,0,5,True
2025-2025122620gm-00a9-0000-0e700f01-04-s3-d11,159,A,1,13,"[45000,22700,23300,9000]",4,-10.0,1,3,1,0,7,True
2025-2025122620gm-00a9-0000-0e700f01-04-s3-d11,159,B,4,24,"[25500,42600,-2500,34400]",2,4.0,1,1,1,0,5,True
2025-2025122620gm-00a9-0000-0e700f01-04-s3-d11,160,A,1,13,"[27000,34500,1400,36100]",1,10.0,1,3,0,1,4,True
2025-2025122620gm-00a9-0000-0e700f01-04-s3-d11,160,B,4,24,"[26100,29500,9400,35000]",1,10.0,1,3,0,0,4,True
2025-2025122620gm-00a9-0000-0e700f01-04-s3-d11,161,A,1,13,"[23900,35400,14800,25900]",2,4.0,1,3,0,0,4,True
2025-2025122620gm-00a9-0000-0e700f01-04-s3-d11,161,B,4,24,"[24400,33900,11300,30400]",2,4.0,1,3,0,0,4,True
2025-2025122620gm-00a9-0000-0e700f01-04-s3-d11,162,A,1,13,"[23500,38000,10300,28200]",2,4.0,1,3,0,0,8,True
2025-2025122620gm-00a9-0000-0e700f01-04-s3-d11,162,B,4,24,"[27500,24000,13100,34400]",1,10.0,1,3,0,1,5,True
2025-2025122620gm-00a9-0000-0e700f01-04-s3-d11,163,A,1,13,"[28100,24200,17400,30300]",1,10.0,1,3,0,0,6,True
2025-2025122620gm-00a9-0000-0e700f01-04-s3-d11,163,B,4,24,"[28100,24200,17400,30300]",1,10.0,1,3,0,0,6,True
2025-2025122620gm-00a9-0000-0e700f01-04-s3-d11,164,A,1,13,"[39600,21000,8900,30500]",2,4.0,1,3,0,0,4,True
2025-2025122620gm-00a9-0000-0e700f01-04-s3-d11,164,B,4,24,"[39900,20400,8300,31400]",2,4.0,1,3,0,0,4,True
2025-2025122620gm-00a9-0000-0e700f01-04-s3-d11,165,A,1,13,"[24100,34400,18100,23400]",3,-4.0,1,3,0,0,7,True
2025-2025122620gm-00a9-0000-0e700f01-04-s3-d11,165,B,4,24,"[22900,32900,28200,16000]",4,-10.0,1,3,1,0,8,True
2025-2025122620gm-00a9-0000-0e700f01-04-s3-d11,166,A,1,13,"[25900,22400,16000,35700]",1,10.0,1,3,0,0,6,True
2025-2025122620gm-00a9-0000-0e700f01-04-s3-d11,166,B,4,24,"[19500,30500,24100,23900]",3,-4.0,2,0,1,2,6,True
2025-2025122620gm-00a9-0000-0e700f01-04-s3-d11,167,A,1,13,"[30200,38900,8900,22000]",3,-4.0,1,3,0,0,4,True
2025-2025122620gm-00a9-0000-0e700f01-04-s3-d11,167,B,4,24,"[24400,42500,10600,22500]",3,-4.0,1,3,0,0,5,True
2025-2025122620gm-00a9-0000-0e700f01-04-s3-d11,168,A,1,13,"[22900,27800,35400,13900]",4,-10.0,1,3,1,0,7,True
2025-2025122620gm-00a9-0000-0e700f01-04-s3-d11,168,B,4,24,"[26300,35900,18400,19400]",3,-4.0,1,3,0,0,6,True
2025-2025122620gm-00a9-0000-0e700f01-04-s3-d11,169,A,1,13,"[20800,28200,17600,33400]",1,10.0,1,3,0,0,5,True
2025-2025122620gm-00a9-0000-0e700f01-04-s3-d11,169,B,4,24,"[17900,28700,18100,35300]",1,10.0,1,3,0,0,5,True
2025-2025122620gm-00a9-0000-0e700f01-04-s3-d11,170,A,1,13,"[12700,37100,24100,26100]",2,4.0,2,0,0,0,8,True
2025-2025122620gm-00a9-0000-0e700f01-04-s3-d11,170,B,4,24,"[35200,25900,10400,27500]",2,4.0,1,3,0,1,4,True
2025-2025122620gm-00a9-0000-0e700f01-04-s3-d11,171,A,1,13,"[17300,33200,11900,37600]",1,10.0,1,3,0,0,4,True
2025-2025122620gm-00a9-0000-0e700f01-04-s3-d11,171,B,4,24,"[24900,28000,14400,32700]",1,10.0,1,3,0,0,4,True
2025-2025122620gm-00a9-0000-0e700f01-04-s3-d11,172,A,1,13,"[22000,56500,4900,16600]",3,-4.0,1,3,4,0,5,True
2025-2025122620gm-00a9-0000-0e700f01-04-s3-d11,172,B,4,24,"[31500,35900,8000,24600]",3,-4.0,1,3,1,0,7,True
2025-2025122620gm-00a9-0000-0e700f01-04-s3-d11,173,A,1,13,"[17800,31800,33900,16500]",4,-10.0,1,3,3,0,7,True
2025-2025122620gm-00a9-0000-0e700f01-04-s3-d11,173,B,4,24,"[10600,32900,44200,12300]",3,-4.0,1,3,0,0,7,True
2025-2025122620gm-00a9-0000-0e700f01-04-s3-d11,174,A,1,13,"[23400,18700,25900,32000]",1,10.0,1,3,0,0,5,True
2025-2025122620gm-00a9-0000-0e700f01-04-s3-d11,174,B,4,24,"[23100,29000,16300,31600]",1,10.0,1,3,2,0,5,True
2025-2025122620gm-00a9-0000-0e700f01-04-s3-d11,175,A,1,13,"[29400,23200,13400,34000]",1,10.0,1,3,0,0,7,True
2025-2025122620gm-00a9-0000-0e700f01-04-s3-d11,175,B,4,24,"[29400,23200,13400,34000]",1,10.0,1,3,0,0,7,True
2025-2025122620gm-00a9-0000-0e700f01-04-s3-d11,176,A,1,13,"[27000,31500,9100,32400]",1,10.0,1,3,0,0,4,True
2025-2025122620gm-00a9-0000-0e700f01-04-s3-d11,176,B,4,24,"[42800,26400,17300,13500]",4,-10.0,1,3,0,0,4,True
2025-2025122620gm-00a9-0000-0e700f01-04-s3-d11,177,A,1,13,"[34600,33800,2100,29500]",3,-4.0,1,3,1,0,6,True
2025-2025122620gm-00a9-0000-0e700f01-04-s3-d11,177,B,4,24,"[37800,33700,19600,8900]",4,-10.0,1,3,0,0,5,True
2025-2025122620gm-00a9-0000-0e700f01-04-s3-d11,178,A,1,13,"[26000,20000,21400,32600]",1,10.0,1,3,0,0,4,True
2025-2025122620gm-00a9-0000-0e700f01-04-s3-d11,178,B,4,24,"[31500,28000,1400,39100]",1,10.0,1,3,1,0,5,True
2025-2025122620gm-00a9-0000-0e700f01-04-s3-d11,179,A,1,13,"[23400,91300,9300,-24000]",4,-10.0,1,1,0,0,3,True
2025-2025122620gm-00a9-0000-0e700f01-04-s3-d11,179,B,4,24,"[23700,17400,31700,27200]",2,4.0,2,3,0,0,10,True
2025-2025122620gm-00a9-0000-0e700f01-04-s3-d11,180,A,1,13,"[7700,33000,19200,40100]",1,10.0,1,3,1,0,6,True
2025-2025122620gm-00a9-0000-0e700f01-04-s3-d11,180,B,4,24,"[32600,26900,14800,25700]",3,-4.0,1,3,0,0,4,True
2025-2025122620gm-00a9-0000-0e700f01-04-s3-d11,181,A,1,13,"[15600,36100,33100,15200]",4,-10.0,1,3,4,0,7,True
2025-2025122620gm-00a9-0000-0e700f01-04-s3-d11,181,B,4,24,"[31000,23500,19900,25600]",2,4.0,1,3,1,0,4,True
2025-2025122620gm-00a9-0000-0e700f01-04-s3-d11,182,A,1,13,"[31800,32600,15500,20100]",3,-4.0,1,3,1,0,5,True
2025-2025122620gm-00a9-0000-0e700f01-04-s3-d11,182,B,4,24,"[18600,37900,18500,25000]",2,4.0,1,3,1,0,6,True
2025-2025122620gm-00a9-0000-0e700f01-04-s3-d11,183,A,1,13,"[29900,34000,11700,24400]",3,-4.0,1,3,0,0,4,True
2025-2025122620gm-00a9-0000-0e700f01-04-s3-d11,183,B,4,24,"[35300,15700,20500,28500]",2,4.0,1,3,0,0,4,True
2025-2025122620gm-00a9-0000-0e700f01-04-s3-d11,184,A,1,13,"[26000,34200,6200,33600]",2,4.0,1,3,0,0,4,True
2025-2025122620gm-00a9-0000-0e700f01-04-s3-d11,184,B,4,24,"[37200,28200,10600,24000]",3,-4.0,1,3,0,0,5,True
2025-2025122620gm-00a9-0000-0e700f01-04-s3-d11,185,A,1,13,"[11100,25900,39000,24000]",3,-4.0,1,3,1,0,4,True
2025-2025122620gm-00a9-0000-0e700f01-04-s3-d11,185,B,4,24,"[20300,33200,6200,40300]",1,10.0,1,3,0,0,5,True
2025-2025122620gm-00a9-0000-0e700f01-04-s3-d11,186,A,1,13,"[23000,31400,24100,21500]",4,-10.0,1,3,1,0,4,True
2025-2025122620gm-00a9-0000-0e700f01-04-s3-d11,186,B,4,24,"[23000,31400,24100,21500]",4,-10.0,1,3,1,0,4,True
2025-2025122620gm-00a9-0000-0e700f01-04-s3-d11,187,A,1,13,"[31400,32400,14800,21400]",3,-4.0,1,3,0,0,5,True
2025-2025122620gm-00a9-0000-0e700f01-04-s3-d11,187,B,4,24,"[30100,30400,17300,22200]",3,-4.0,1,3,0,0,5,True
2025-2025122620gm-00a9-0000-0e700f01-04-s3-d11,188,A,1,13,"[27100,27000,18600,27300]",1,10.0,2,3,2,0,12,True
2025-2025122620gm-00a9-0000-0e700f01-04-s3-d11,188,B,4,24,"[15100,33500,19900,31500]",2,4.0,1,3,0,0,4,True
2025-2025122620gm-00a9-0000-0e700f01-04-s3-d11,189,A,1,13,"[26700,26500,16200,30600]",1,10.0,2,0,0,0,5,True
2025-2025122620gm-00a9-0000-0e700f01-04-s3-d11,189,B,4,24,"[16900,26600,13000,43500]",1,10.0,1,3,0,0,5,True
2025-2025122620gm-00a9-0000-0e700f01-04-s3-d11,190,A,1,13,"[24900,45700,7800,21600]",3,-4.0,1,3,0,0,6,True
2025-2025122620gm-00a9-0000-0e700f01-04-s3-d11,190,B,4,24,"[24600,53500,-3400,25300]",2,4.0,1,3,0,0,6,True
2025-2025122620gm-00a9-0000-0e700f01-04-s3-d11,191,A,1,13,"[24500,23200,12100,40200]",1,10.0,1,3,0,0,5,True
2025-2025122620gm-00a9-0000-0e700f01-04-s3-d11,191,B,4,24,"[40700,30500,-300,29100]",3,-4.0,1,3,4,0,6,True
2025-2025122620gm-00a9-0000-0e700f01-04-s3-d11,192,A,1,13,"[41500,34000,900,23600]",3,-4.0,1,3,0,0,5,True
2025-2025122620gm-00a9-0000-0e700f01-04-s3-d11,192,B,4,24,"[25700,38300,14900,21100]",3,-4.0,1,3,0,0,5,True
2025-2025122620gm-00a9-0000-0e700f01-04-s3-d11,193,A,1,13,"[19500,33500,11400,35600]",1,10.0,1,3,0,0,4,True
2025-2025122620gm-00a9-0000-0e700f01-04-s3-d11,193,B,4,24,"[16400,27000,24600,32000]",1,10.0,1,3,0,0,4,True
2025-2025122620gm-00a9-0000-0e700f01-04-s3-d11,194,A,1,13,"[22000,23500,10800,43700]",1,10.0,1,3,0,0,4,True
2025-2025122620gm-00a9-0000-0e700f01-04-s3-d11,194,B,4,24,"[35200,26100,9900,28800]",2,4.0,1,3,0,0,5,True
2025-2025122620gm-00a9-0000-0e700f01-04-s3-d11,195,A,1,13,"[35900,21800,10400,31900]",2,4.0,1,3,1,0,6,True
2025-2025122620gm-00a9-0000-0e700f01-04-s3-d11,195,B,4,24,"[42900,21200,9600,26300]",2,4.0,1,3,2,0,7,True
2025-2025122620gm-00a9-0000-0e700f01-04-s3-d11,196,A,1,13,"[18900,25600,22700,31800]",1,10.0,1,3,0,1,6,True
2025-2025122620gm-00a9-0000-0e700f01-04-s3-d11,196,B,4,24,"[17900,33500,23500,25100]",2,4.0,1,3,0,0,6,True
2025-2025122620gm-00a9-0000-0e700f01-04-s3-d11,197,A,1,13,"[40800,35100,10700,13400]",3,-4.0,1,3,1,0,7,True
2025-2025122620gm-00a9-0000-0e700f01-04-s3-d11,197,B,4,24,"[19300,53700,9100,17900]",3,-4.0,1,3,0,0,4,True
2025-2025122620gm-00a9-0000-0e700f01-04-s3-d11,198,A,1,13,"[19800,34500,23600,22100]",3,-4.0,1,3,2,0,7,True
2025-2025122620gm-00a9-0000-0e700f01-04-s3-d11,198,B,4,24,"[6500,27500,22800,43200]",1,10.0,1,3,0,0,4,True
2025-2025122620gm-00a9-0000-0e700f01-04-s3-d11,199,A,1,13,"[23800,35800,8900,31500]",2,4.0,1,3,0,0,6,True
2025-2025122620gm-00a9-0000-0e700f01-04-s3-d11,199,B,4,24,"[27300,18000,19400,35300]",1,10.0,1,3,0,0,5,True
2025-2025122620gm-00a9-0000-0e700f01-04-s3-d11,200,A,1,13,"[24000,38500,11400,26100]",2,4.0,1,3,0,0,4,True
2025-2025122620gm-00a9-0000-0e700f01-04-s3-d11,200,B,4,24,"[24000,38500,11400,26100]",2,4.0,1,3,0,0,4,True
2025-2025122620gm-00a9-0000-0e700f01-04-s3-d11,201,A,1,13,"[38500,22000,10000,29500]",2,4.0,1,3,1,0,5,True
2025-2025122620gm-00a9-0000-0e700f01-04-s3-d11,201,B,4,24,"[35300,25400,19800,19500]",4,-10.0,1,3,0,0,4,True
2025-2025122620gm-00a9-0000-0e700f01-04-s3-d11,202,A,1,13,"[23100,22300,16700,37900]",1,10.0,2,2,0,0,9,True
2025-2025122620gm-00a9-0000-0e700f01-04-s3-d11,202,B,4,24,"[33600,23300,24700,18400]",4,-10.0,2,3,0,0,9,True
2025-2025122620gm-00a9-0000-0e700f01-04-s3-d11,203,A,1,13,"[35700,27500,23900,10900]",4,-10.0,1,3,2,2,5,True
2025-2025122620gm-00a9-0000-0e700f01-04-s3-d11,203,B,4,24,"[23000,32600,-1600,46000]",1,10.0,1,2,1,0,7,True
2025-2025122620gm-00a9-0000-0e700f01-04-s3-d11,204,A,1,13,"[32800,41700,3300,22200]",3,-4.0,1,3,0,0,5,True
2025-2025122620gm-00a9-0000-0e700f01-04-s3-d11,204,B,4,24,"[28300,27400,14300,30000]",1,10.0,1,3,0,0,4,True
2025-2025122620gm-00a9-0000-0e700f01-04-s3-d11,205,A,1,13,"[24100,42500,-4100,37500]",2,4.0,1,2,0,0,4,True
2025-2025122620gm-00a9-0000-0e700f01-04-s3-d11,205,B,4,24,"[28000,30600,11900,29500]",2,4.0,1,3,0,0,5,True
2025-2025122620gm-00a9-0000-0e700f01-04-s3-d11,206,A,1,13,"[31100,24900,32300,11700]",4,-10.0,1,3,0,0,5,True
2025-2025122620gm-00a9-0000-0e700f01-04-s3-d11,206,B,4,24,"[26900,33600,14000,25500]",3,-4.0,1,3,0,0,6,True
2025-2025122620gm-00a9-0000-0e700f01-04-s3-d11,207,A,1,13,"[10300,32500,4900,52300]",1,10.0,1,3,0,0,4,True
2025-2025122620gm-00a9-0000-0e700f01-04-s3-d11,207,B,4,24,"[24300,28700,11100,35900]",1,10.0,1,3,0,0,4,True
2025-2025122620gm-00a9-0000-0e700f01-04-s3-d11,208,A,1,13,"[11700,39700,26900,21700]",3,-4.0,1,3,0,0,6,True
2025-2025122620gm-00a9-0000-0e700f01-04-s3-d11,208,B,4,24,"[11700,39700,26900,21700]",3,-4.0,1,3,0,0,6,True
2025-2025122620gm-00a9-0000-0e700f01-04-s3-d11,209,A,1,13,"[32400,27400,17400,21800]",3,-4.0,1,3,0,1,5,True
2025-2025122620gm-00a9-0000-0e700f01-04-s3-d11,209,B,4,24,"[15800,41800,28600,13800]",4,-10.0,1,3,0,0,5,True
2025-2025122620gm-00a9-0000-0e700f01-04-s3-d11,210,A,1,13,"[8200,46800,1800,43200]",2,4.0,1,3,0,0,5,True
2025-2025122620gm-00a9-0000-0e700f01-04-s3-d11,210,B,4,24,"[24300,27500,33100,15100]",4,-10.0,1,3,1,0,8,True
2025-2025122620gm-00a9-0000-0e700f01-04-s3-d11,211,A,1,13,"[39100,31200,9100,20600]",3,-4.0,1,3,0,0,6,True
2025-2025122620gm-00a9-0000-0e700f01-04-s3-d11,211,B,4,24,"[13800,44700,9700,31800]",2,4.0,1,3,0,0,4,True
2025-2025122620gm-00a9-0000-0e700f01-04-s3-d11,212,A,1,13,"[28400,29500,2100,40000]",1,10.0,1,3,0,0,5,True
2025-2025122620gm-00a9-0000-0e700f01-04-s3-d11,212,B,4,24,"[34500,7900,21300,36300]",1,10.0,1,3,0,0,4,True
2025-2025122620gm-00a9-0000-0e700f01-04-s3-d11,213,A,1,13,"[25000,34900,12900,27200]",2,4.0,2,0,0,0,6,True
2025-2025122620gm-00a9-0000-0e700f01-04-s3-d11,213,B,4,24,"[27700,33300,9300,29700]",2,4.0,1,3,0,0,6,True
2025-2025122620gm-00a9-0000-0e700f01-04-s3-d11,214,A,1,13,"[26500,23500,10400,39600]",1,10.0,1,3,3,0,4,True
2025-2025122620gm-00a9-0000-0e700f01-04-s3-d11,214,B,4,24,"[-300,38000,28900,33400]",2,4.0,1,3,0,0,6,True
2025-2025122620gm-00a9-0000-0e700f01-04-s3-d11,215,A,1,13,"[32400,39300,9300,18000]",3,-4.0,1,3,0,1,5,True
2025-2025122620gm-00a9-0000-0e700f01-04-s3-d11,215,B,4,24,"[37400,37300,-700,26000]",3,-4.0,1,1,0,0,3,True
2025-2025122620gm-00a9-0000-0e700f01-04-s3-d11,216,A,1,13,"[26000,35500,7600,30900]",2,4.0,1,3,0,0,5,True
2025-2025122620gm-00a9-0000-0e700f01-04-s3-d11,216,B,4,24,"[26000,35500,7600,30900]",2,4.0,1,3,0,0,5,True
2025-2025122620gm-00a9-0000-0e700f01-04-s3-d11,217,A,1,13,"[28600,29400,3000,39000]",1,10.0,1,3,0,0,5,True
2025-2025122620gm-00a9-0000-0e700f01-04-s3-d11,217,B,4,24,"[25100,27500,8600,38800]",1,10.0,1,3,0,0,4,True
2025-2025122620gm-00a9-0000-0e700f01-04-s3-d11,218,A,1,13,"[21600,29700,30300,18400]",4,-10.0,2,1,1,0,10,True
2025-2025122620gm-00a9-0000-0e700f01-04-s3-d11,218,B,4,24,"[30000,33100,10500,26400]",3,-4.0,1,3,4,0,6,True
2025-2025122620gm-00a9-0000-0e700f01-04-s3-d11,219,A,1,13,"[36600,23700,11200,28500]",2,4.0,1,3,1,0,7,True
2025-2025122620gm-00a9-0000-0e700f01-04-s3-d11,219,B,4,24,"[30900,19700,21000,28400]",2,4.0,1,3,0,0,6,True
2025-2025122620gm-00a9-0000-0e700f01-04-s3-d11,220,A,1,13,"[46700,30500,-3800,26600]",3,-4.0,1,0,1,0,2,True
2025-2025122620gm-00a9-0000-0e700f01-04-s3-d11,220,B,4,24,"[30900,30000,20600,18500]",4,-10.0,1,3,0,0,5,True
2025-2025122620gm-00a9-0000-0e700f01-04-s3-d11,221,A,1,13,"[21700,40800,3200,34300]",2,4.0,1,3,1,0,5,True
2025-2025122620gm-00a9-0000-0e700f01-04-s3-d11,221,B,4,24,"[33400,25900,6900,33800]",1,10.0,1,3,0,0,4,True
2025-2025122620gm-00a9-0000-0e700f01-04-s3-d11,222,A,1,13,"[24800,27000,7100,41100]",1,10.0,1,3,0,0,4,True
2025-2025122620gm-00a9-0000-0e700f01-04-s3-d11,222,B,4,24,"[27000,28500,6200,38300]",1,10.0,1,3,0,0,4,True
2025-2025122620gm-00a9-0000-0e700f01-04-s3-d11,223,A,1,13,"[24200,34600,10900,30300]",2,4.0,1,3,0,0,4,True
2025-2025122620gm-00a9-0000-0e700f01-04-s3-d11,223,B,4,24,"[24000,24300,30400,21300]",4,-10.0,1,3,0,0,4,True
2025-2025122620gm-00a9-0000-0e700f01-04-s3-d11,224,A,1,13,"[44800,29000,-1900,28100]",3,-4.0,1,3,0,0,5,True
2025-2025122620gm-00a9-0000-0e700f01-04-s3-d11,224,B,4,24,"[35500,38000,7400,19100]",3,-4.0,1,3,0,0,4,True
2025-2025122620gm-00a9-0000-0e700f01-04-s3-d11,225,A,1,13,"[43900,32100,-1600,25600]",3,-4.0,1,0,2,0,3,True
2025-2025122620gm-00a9-0000-0e700f01-04-s3-d11,225,B,4,24,"[26800,24300,17500,31400]",1,10.0,1,3,0,0,5,True
2025-2025122620gm-00a9-0000-0e700f01-04-s3-d11,226,A,1,13,"[26000,28500,9900,35600]",1,10.0,1,3,0,0,4,True
2025-2025122620gm-00a9-0000-0e700f01-04-s3-d11,226,B,4,24,"[32400,21700,30100,15800]",4,-10.0,1,3,0,0,6,True
2025-2025122620gm-00a9-0000-0e700f01-04-s3-d11,227,A,1,13,"[48000,1600,9900,40500]",2,4.0,1,3,0,0,6,True
2025-2025122620gm-00a9-0000-0e700f01-04-s3-d11,227,B,4,24,"[48000,1600,9900,40500]",2,4.0,1,3,0,0,6,True
2025-2025122620gm-00a9-0000-0e700f01-04-s3-d11,228,A,1,13,"[23400,22600,31100,22900]",3,-4.0,1,3,0,0,6,True
2025-2025122620gm-00a9-0000-0e700f01-04-s3-d11,228,B,4,24,"[22400,31800,17000,28800]",2,4.0,1,3,0,0,8,True
2025-2025122620gm-00a9-0000-0e700f01-04-s3-d11,229,A,1,13,"[30500,32300,4200,33000]",1,10.0,1,3,0,0,5,True
2025-2025122620gm-00a9-0000-0e700f01-04-s3-d11,229,B,4,24,"[36600,27900,15600,19900]",3,-4.0,1,3,0,0,4,True
2025-2025122620gm-00a9-0000-0e700f01-04-s3-d11,230,A,1,13,"[27100,31000,18400,23500]",3,-4.0,2,0,0,0,8,True
2025-2025122620gm-00a9-0000-0e700f01-04-s3-d11,230,B,4,24,"[24200,35400,10700,29700]",2,4.0,1,3,1,0,6,True
2025-2025122620gm-00a9-0000-0e700f01-04-s3-d11,231,A,1,13,"[42000,28300,1700,28000]",3,-4.0,1,3,0,0,4,True
2025-2025122620gm-00a9-0000-0e700f01-04-s3-d11,231,B,4,24,"[42500,29800,2200,25500]",3,-4.0,1,3,0,0,4,True
2025-2025122620gm-00a9-0000-0e700f01-04-s3-d11,232,A,1,13,"[22100,31700,23100,23100]",3,-4.0,2,2,0,0,7,True
2025-2025122620gm-00a9-0000-0e700f01-04-s3-d11,232,B,4,24,"[32100,25100,18300,24500]",3,-4.0,1,3,0,0,4,True
2025-2025122620gm-00a9-0000-0e700f01-04-s3-d11,233,A,1,13,"[25200,17200,31100,26500]",2,4.0,2,1,0,0,7,True
2025-2025122620gm-00a9-0000-0e700f01-04-s3-d11,233,B,4,24,"[22200,27400,14100,36300]",1,10.0,1,3,3,0,6,True
2025-2025122620gm-00a9-0000-0e700f01-04-s3-d11,234,A,1,13,"[26000,19200,21900,32900]",1,10.0,1,3,0,0,4,True
2025-2025122620gm-00a9-0000-0e700f01-04-s3-d11,234,B,4,24,"[42800,25500,7600,24100]",3,-4.0,1,3,0,0,6,True
2025-2025122620gm-00a9-0000-0e700f01-04-s3-d11,235,A,1,13,"[42400,35400,13500,8700]",4,-10.0,1,3,0,0,7,True
2025-2025122620gm-00a9-0000-0e700f01-04-s3-d11,235,B,4,24,"[35800,17000,16900,30300]",2,4.0,1,3,1,0,9,True
2025-2025122620gm-00a9-0000-0e700f01-04-s3-d11,236,A,1,13,"[24700,39200,10000,26100]",2,4.0,1,3,1,0,5,True
2025-2025122620gm-00a9-0000-0e700f01-04-s3-d11,236,B,4,24,"[27300,36700,13200,22800]",3,-4.0,1,3,2,0,4,True
2025-2025122620gm-00a9-0000-0e700f01-04-s3-d11,237,A,1,13,"[22600,23900,12900,40600]",1,10.0,1,3,2,0,6,True
2025-2025122620gm-00a9-0000-0e700f01-04-s3-d11,237,B,4,24,"[22600,23900,12900,40600]",1,10.0,1,3,2,0,6,True
2025-2025122620gm-00a9-0000-0e700f01-04-s3-d11,238,A,1,13,"[16500,42500,-2100,43100]",1,10.0,1,2,0,0,4,True
2025-2025122620gm-00a9-0000-0e700f01-04-s3-d11,238,B,4,24,"[22100,46400,12500,19000]",3,-4.0,1,3,0,0,7,True
2025-2025122620gm-00a9-0000-0e700f01-04-s3-d11,239,A,1,13,"[12400,15900,31500,40200]",1,10.0,1,3,0,0,6,True
2025-2025122620gm-00a9-0000-0e700f01-04-s3-d11,239,B,4,24,"[34300,10100,36300,19300]",3,-4.0,1,3,0,0,7,True
2025-2025122620gm-00a9-0000-0e700f01-04-s3-d11,240,A,1,13,"[28600,33200,13400,24800]",3,-4.0,1,3,0,0,6,True
2025-2025122620gm-00a9-0000-0e700f01-04-s3-d11,240,B,4,24,"[16500,20600,23000,39900]",1,10.0,1,3,0,0,4,True
2025-2025122620gm-00a9-0000-0e700f01-04-s3-d11,241,A,1,13,"[20000,34400,8800,36800]",1,10.0,1,3,0,0,4,True
2025-2025122620gm-00a9-0000-0e700f01-04-s3-d11,241,B,4,24,"[19100,53400,5000,21500]",2,4.0,1,3,0,1,5,True
2025-2025122620gm-00a9-0000-0e700f01-04-s3-d11,242,A,1,13,"[28200,28300,9100,34400]",1,10.0,1,3,0,0,4,True
2025-2025122620gm-00a9-0000-0e700f01-04-s3-d11,242,B,4,24,"[30000,32300,11100,26600]",3,-4.0,1,3,0,0,4,True
2025-2025122620gm-00a9-0000-0e700f01-04-s3-d11,243,A,1,13,"[23300,21000,36900,18800]",4,-10.0,1,3,0,0,5,True
2025-2025122620gm-00a9-0000-0e700f01-04-s3-d11,243,B,4,24,"[37300,13000,36600,13100]",3,-4.0,1,3,0,0,5,True
2025-2025122620gm-00a9-0000-0e700f01-04-s3-d11,244,A,1,13,"[20500,27500,11900,40100]",1,10.0,1,3,0,0,4,True
2025-2025122620gm-00a9-0000-0e700f01-04-s3-d11,244,B,4,24,"[27000,24200,17100,31700]",1,10.0,1,3,0,0,6,True
2025-2025122620gm-00a9-0000-0e700f01-04-s3-d11,245,A,1,13,"[31300,16400,29500,22800]",3,-4.0,1,3,0,0,8,True
2025-2025122620gm-00a9-0000-0e700f01-04-s3-d11,245,B,4,24,"[40000,27600,15300,17100]",3,-4.0,1,3,0,0,7,True
2025-2025122620gm-00a9-0000-0e700f01-04-s3-d11,246,A,1,13,"[20600,41800,13900,23700]",2,4.0,1,3,0,0,5,True
2025-2025122620gm-00a9-0000-0e700f01-04-s3-d11,246,B,4,24,"[43300,39500,20500,-3300]",4,-10.0,1,1,0,0,4,True
2025-2025122620gm-00a9-0000-0e700f01-04-s3-d11,247,A,1,13,"[25500,31200,14400,28900]",2,4.0,1,3,2,0,4,True
2025-2025122620gm-00a9-0000-0e700f01-04-s3-d11,247,B,4,24,"[27000,30000,7200,33800]",1,10.0,1,3,1,2,4,True
2025-2025122620gm-00a9-0000-0e700f01-04-s3-d11,248,A,1,13,"[29300,31500,25200,14000]",4,-10.0,1,3,1,0,4,True
2025-2025122620gm-00a9-0000-0e700f01-04-s3-d11,248,B,4,24,"[23100,35900,29700,11300]",4,-10.0,1,3,0,0,6,True
2025-2025122620gm-00a9-0000-0e700f01-04-s3-d11,249,A,1,13,"[38500,26800,14400,20300]",3,-4.0,1,3,0,0,4,True
2025-2025122620gm-00a9-0000-0e700f01-04-s3-d11,249,B,4,24,"[14900,23200,29200,32700]",1,10.0,2,0,0,0,6,True
2025-2025122620gm-00a9-0000-0e700f01-04-s3-d11,250,A,1,13,"[31000,35800,-400,32600]",2,4.0,1,3,0,1,6,True
2025-2025122620gm-00a9-0000-0e700f01-04-s3-d11,250,B,4,24,"[20600,41600,10600,27200]",2,4.0,1,3,0,0,4,True
2025-2025122620gm-00a9-0000-0e700f01-04-s3-d11,251,A,1,13,"[31800,29000,16100,22100]",3,-4.0,1,3,0,1,4,True
2025-2025122620gm-00a9-0000-0e700f01-04-s3-d11,251,B,4,24,"[42200,30500,16700,10600]",4,-10.0,1,3,0,0,5,True
2025-2025122620gm-00a9-0000-0e700f01-04-s3-d11,252,A,1,13,"[32600,24400,18500,23500]",3,-4.0,1,3,0,1,4,True
2025-2025122620gm-00a9-0000-0e700f01-04-s3-d11,252,B,4,24,"[32600,24400,18500,23500]",3,-4.0,1,3,0,1,4,True
2025-2025122620gm-00a9-0000-0e700f01-04-s3-d11,253,A,1,13,"[23300,26900,5300,44500]",1,10.0,1,3,0,0,6,True
2025-2025122620gm-00a9-0000-0e700f01-04-s3-d11,253,B,4,24,"[30900,26600,-100,42600]",1,10.0,1,3,0,0,4,True
2025-2025122620gm-00a9-0000-0e700f01-04-s3-d11,254,A,1,13,"[21300,42000,14400,22300]",2,4.0,1,3,2,0,7,True
2025-2025122620gm-00a9-0000-0e700f01-04-s3-d11,254,B,4,24,"[17800,27700,16600,37900]",1,10.0,1,3,0,0,5,True
2025-2025122620gm-00a9-0000-0e700f01-04-s3-d11,255,A,1,13,"[19400,38100,16900,25600]",2,4.0,1,3,0,0,5,True
2025-2025122620gm-00a9-0000-0e700f01-04-s3-d11,255,B,4,24,"[37800,24400,16200,21600]",3,-4.0,1,3,0,0,4,True
