decision_id,world_idx,branch,candidate_rank,action_id,final_scores,final_rank,final_utility,round_wind,kyoku_idx,honba,riichi_sticks,n_kyoku,done
2024-2024091920gm-00a9-0000-49049014-05-s0-d8,0,A,1,50,"[16900,38200,18700,25200]",4,-10.0,1,3,0,1,5,True
2024-2024091920gm-00a9-0000-49049014-05-s0-d8,0,B,4,27,"[26500,31900,20400,21200]",2,4.0,1,3,1,0,7,True
2024-2024091920gm-00a9-0000-49049014-05-s0-d8,1,A,1,50,"[28600,26700,5100,39600]",2,4.0,1,3,0,0,6,True
2024-2024091920gm-00a9-0000-49049014-05-s0-d8,1,B,4,27,"[33000,26900,5300,34800]",2,4.0,1,3,0,0,6,True
2024-2024091920gm-00a9-0000-49049014-05-s0-d8,2,A,1,50,"[7200,35000,31300,26500]",4,-10.0,1,3,1,0,7,True
2024-2024091920gm-00a9-0000-49049014-05-s0-d8,2,B,4,27,"[7200,35000,31300,26500]",4,-10.0,1,3,1,0,7,True
2024-2024091920gm-00a9-0000-49049014-05-s0-d8,3,A,1,50,"[22000,23400,20500,34100]",3,-4.0,2,0,1,0,6,True
2024-2024091920gm-00a9-0000-49049014-05-s0-d8,3,B,4,27,"[13900,32000,18200,35900]",4,-10.0,1,3,0,0,5,True
2024-2024091920gm-00a9-0000-49049014-05-s0-d8,4,A,1,50,"[28700,19200,20800,31300]",2,4.0,1,3,0,0,6,True
2024-2024091920gm-00a9-0000-49049014-05-s0-d8,4,B,4,27,"[28700,19200,20800,31300]",2,4.0,1,3,0,0,6,True
2024-2024091920gm-00a9-0000-49049014-05-s0-d8,5,A,1,50,"[35400,31500,9200,23900]",1,10.0,1,3,0,0,5,True
2024-2024091920gm-00a9-0000-49049014-05-s0-d8,5,B,4,27,"[9300,21800,38500,30400]",4,-10.0,1,3,0,0,6,True
2024-2024091920gm-00a9-0000-49049014-05-s0-d8,6,A,1,50,"[28600,38500,15200,16700]",2,4.0,1,3,0,1,7,True
2024-2024091920gm-00a9-0000-49049014-05-s0-d8,6,B,4,27,"[28600,38500,15200,16700]",2,4.0,1,3,0,1,7,True
2024-2024091920gm-00a9-0000-49049014-05-s0-d8,7,A,1,50,"[10800,36500,31300,21400]",4,-10.0,1,3,2,0,5,True
2024-2024091920gm-00a9-0000-49049014-05-s0-d8,7,B,4,27,"[5000,33900,29800,31300]",4,-10.0,1,3,0,0,7,True
2024-2024091920gm-00a9-0000-49049014-05-s0-d8,8,A,1,50,"[33600,28700,17400,20300]",1,10.0,1,3,1,0,6,True
2024-2024091920gm-00a9-0000-49049014-05-s0-d8,8,B,4,27,"[27100,38200,5200,29500]",3,-4.0,1,3,0,0,5,True
2024-2024091920gm-00a9-0000-49049014-05-s0-d8,9,A,1,50,"[20900,30000,17800,31300]",3,-4.0,1,3,0,0,6,True
2024-2024091920gm-00a9-0000-49049014-05-s0-d8,9,B,4,27,"[12500,29800,24400,33300]",4,-10.0,1,3,0,0,7,True
2024-2024091920gm-00a9-0000-49049014-05-s0-d8,10,A,1,50,"[28900,36900,7600,26600]",2,4.0,1,3,0,0,6,True
2024-2024091920gm-00a9-0000-49049014-05-s0-d8,10,B,4,27,"[16200,28400,18300,37100]",4,-10.0,1,3,0,0,5,True
2024-2024091920gm-00a9-0000-49049014-05-s0-d8,11,A,1,50,"[22400,18600,25200,33800]",3,-4.0,2,0,0,0,8,True
2024-2024091920gm-00a9-0000-49049014-05-s0-d8,11,B,4,27,"[25300,37200,12000,25500]",3,-4.0,1,3,0,0,4,True
2024-2024091920gm-00a9-0000-49049014-05-s0-d8,12,A,1,50,"[18100,33800,13000,35100]",3,-4.0,1,3,1,0,5,True
2024-2024091920gm-00a9-0000-49049014-05-s0-d8,12,B,4,27,"[27400,34300,16400,21900]",2,4.0,1,3,0,0,4,True
2024-2024091920gm-00a9-0000-49049014-05-s0-d8,13,A,1,50,"[9600,32300,49100,9000]",3,-4.0,1,3,0,0,7,True
2024-2024091920gm-00a9-0000-49049014-05-s0-d8,13,B,4,27,"[29300,31500,29900,9300]",3,-4.0,1,3,0,0,6,True
2024-2024091920gm-00a9-0000-49049014-05-s0-d8,14,A,1,50,"[19600,46100,-100,34400]",3,-4.0,1,3,1,0,6,True
2024-2024091920gm-00a9-0000-49049014-05-s0-d8,14,B,4,27,"[24400,26400,34100,15100]",3,-4.0,2,1,1,0,8,True
2024-2024091920gm-00a9-0000-49049014-05-s0-d8,15,A,1,50,"[19500,26500,40500,13500]",3,-4.0,1,3,2,0,9,True
2024-2024091920gm-00a9-0000-49049014-05-s0-d8,15,B,4,27,"[24100,44600,7900,23400]",2,4.0,1,3,1,0,8,True
2024-2024091920gm-00a9-0000-49049014-05-s0-d8,16,A,1,50,"[23400,38100,15300,23200]",2,4.0,1,3,0,0,4,True
2024-2024091920gm-00a9-0000-49049014-05-s0-d8,16,B,4,27,"[10900,28000,13200,47900]",4,-10.0,1,3,0,0,4,True
2024-2024091920gm-00a9-0000-49049014-05-s0-d8,17,A,1,50,"[20100,34700,25700,19500]",3,-4.0,2,0,0,0,5,True
2024-2024091920gm-00a9-0000-49049014-05-s0-d8,17,B,4,27,"[20100,34700,25700,19500]",3,-4.0,2,0,0,0,5,True
2024-2024091920gm-00a9-0000-49049014-05-s0-d8,18,A,1,50,"[17800,40700,7000,34500]",3,-4.0,1,3,0,0,5,True
2024-2024091920gm-00a9-0000-49049014-05-s0-d8,18,B,4,27,"[16300,35200,21200,27300]",4,-10.0,2,0,0,0,5,True
2024-2024091920gm-00a9-0000-49049014-05-s0-d8,19,A,1,50,"[10700,46400,16700,26200]",4,-10.0,1,3,1,0,5,True
2024-2024091920gm-00a9-0000-49049014-05-s0-d8,19,B,4,27,"[24800,32100,14500,28600]",3,-4.0,1,3,0,0,7,True
2024-2024091920gm-00a9-0000-49049014-05-s0-d8,20,A,1,50,"[21100,32500,21000,24400]",3,-4.0,1,3,0,1,6,True
2024-2024091920gm-00a9-0000-49049014-05-s0-d8,20,B,4,27,"[17200,50100,-12000,44700]",3,-4.0,1,3,0,0,6,True
2024-2024091920gm-00a9-0000-49049014-05-s0-d8,21,A,1,50,"[22500,29300,11500,36700]",3,-4.0,1,3,0,0,4,True
2024-2024091920gm-00a9-0000-49049014-05-s0-d8,21,B,4,27,"[22500,29300,11500,36700]",3,-4.0,1,3,0,0,4,True
2024-2024091920gm-00a9-0000-49049014-05-s0-d8,22,A,1,50,"[33400,31500,15900,19200]",1,10.0,1,3,1,0,6,True
2024-2024091920gm-00a9-0000-49049014-05-s0-d8,22,B,4,27,"[11300,41900,20500,25300]",4,-10.0,1,3,0,1,6,True
2024-2024091920gm-00a9-0000-49049014-05-s0-d8,23,A,1,50,"[16500,27400,24700,31400]",4,-10.0,1,3,0,0,6,True
2024-2024091920gm-00a9-0000-49049014-05-s0-d8,23,B,4,27,"[21600,31000,20600,24800]",3,-4.0,1,3,3,2,7,True
2024-2024091920gm-00a9-0000-49049014-05-s0-d8,24,A,1,50,"[17000,45800,17600,19600]",4,-10.0,1,3,0,0,5,True
2024-2024091920gm-00a9-0000-49049014-05-s0-d8,24,B,4,27,"[23000,35700,18200,21100]",2,4.0,1,3,0,2,4,True
2024-2024091920gm-00a9-0000-49049014-05-s0-d8,25,A,1,50,"[13000,31800,23100,32100]",4,-10.0,1,3,0,0,5,True
2024-2024091920gm-00a9-0000-49049014-05-s0-d8,25,B,4,27,"[10800,37400,19700,32100]",4,-10.0,1,3,0,0,4,True
2024-2024091920gm-00a9-0000-49049014-05-s0-d8,26,A,1,50,"[28500,26600,11600,33300]",2,4.0,2,0,1,0,6,True
2024-2024091920gm-00a9-0000-49049014-05-s0-d8,26,B,4,27,"[20500,28200,11400,39900]",3,-4.0,1,3,0,0,5,True
2024-2024091920gm-00a9-0000-49049014-05-s0-d8,27,A,1,50,"[9200,35300,10500,45000]",4,-10.0,1,3,0,0,6,True
2024-2024091920gm-00a9-0000-49049014-05-s0-d8,27,B,4,27,"[36300,30300,5300,28100]",1,10.0,1,3,0,0,5,True
2024-2024091920gm-00a9-0000-49049014-05-s0-d8,28,A,1,50,"[19800,40200,19400,20600]",3,-4.0,1,3,0,0,6,True
2024-2024091920gm-00a9-0000-49049014-05-s0-d8,28,B,4,27,"[13300,36100,12500,38100]",3,-4.0,1,3,0,0,5,True
2024-2024091920gm-00a9-0000-49049014-05-s0-d8,29,A,1,50,"[-400,37500,16100,46800]",4,-10.0,1,1,0,0,2,True
2024-2024091920gm-00a9-0000-49049014-05-s0-d8,29,B,4,27,"[9500,62700,2900,24900]",3,-4.0,1,3,0,0,6,True
2024-2024091920gm-00a9-0000-49049014-05-s0-d8,30,A,1,50,"[4700,38900,23900,32500]",4,-10.0,1,3,0,0,5,True
2024-2024091920gm-00a9-0000-49049014-05-s0-d8,30,B,4,27,"[18000,42200,17900,21900]",3,-4.0,1,3,0,0,5,True
2024-2024091920gm-00a9-0000-49049014-05-s0-d8,31,A,1,50,"[49000,29000,-1000,23000]",1,10.0,1,3,1,0,8,True
2024-2024091920gm-00a9-0000-49049014-05-s0-d8,31,B,4,27,"[39900,24600,2900,32600]",1,10.0,1,3,1,0,8,True
2024-2024091920gm-00a9-0000-49049014-05-s0-d8,32,A,1,50,"[32300,29200,8400,30100]",1,10.0,1,3,2,0,6,True
2024-2024091920gm-00a9-0000-49049014-05-s0-d8,32,B,4,27,"[14300,29400,19100,37200]",4,-10.0,1,3,0,0,5,True
2024-2024091920gm-00a9-0000-49049014-05-s0-d8,33,A,1,50,"[28000,40600,29700,1700]",3,-4.0,1,3,1,0,6,True
2024-2024091920gm-00a9-0000-49049014-05-s0-d8,33,B,4,27,"[22700,29900,9800,37600]",3,-4.0,1,3,0,0,4,True
2024-2024091920gm-00a9-0000-49049014-05-s0-d8,34,A,1,50,"[17500,46200,4800,31500]",3,-4.0,1,3,0,0,5,True
2024-2024091920gm-00a9-0000-49049014-05-s0-d8,34,B,4,27,"[21900,34200,27100,16800]",3,-4.0,1,3,1,0,4,True
2024-2024091920gm-00a9-0000-49049014-05-s0-d8,35,A,1,50,"[25300,37800,20200,16700]",2,4.0,1,3,0,0,6,True
2024-2024091920gm-00a9-0000-49049014-05-s0-d8,35,B,4,27,"[25300,37800,20200,16700]",2,4.0,1,3,0,0,6,True
2024-2024091920gm-00a9-0000-49049014-05-s0-d8,36,A,1,50,"[16900,39400,-100,43800]",3,-4.0,1,3,0,0,5,True
2024-2024091920gm-00a9-0000-49049014-05-s0-d8,36,B,4,27,"[3400,33300,14600,48700]",4,-10.0,1,3,0,0,5,True
2024-2024091920gm-00a9-0000-49049014-05-s0-d8,37,A,1,50,"[22100,29900,32300,15700]",3,-4.0,1,3,0,0,5,True
2024-2024091920gm-00a9-0000-49049014-05-s0-d8,37,B,4,27,"[11000,31500,17700,39800]",4,-10.0,1,3,0,0,4,True
2024-2024091920gm-00a9-0000-49049014-05-s0-d8,38,A,1,50,"[13400,26300,35000,25300]",4,-10.0,1,3,0,0,7,True
2024-2024091920gm-00a9-0000-49049014-05-s0-d8,38,B,4,27,"[5500,32200,7400,54900]",4,-10.0,1,3,0,0,5,True
2024-2024091920gm-00a9-0000-49049014-05-s0-d8,39,A,1,50,"[33300,44000,-3700,26400]",2,4.0,1,2,1,0,6,True
2024-2024091920gm-00a9-0000-49049014-05-s0-d8,39,B,4,27,"[19300,43900,11000,25800]",3,-4.0,1,3,1,0,8,True
2024-2024091920gm-00a9-0000-49049014-05-s0-d8,40,A,1,50,"[29600,34300,2900,33200]",3,-4.0,1,3,0,0,5,True
2024-2024091920gm-00a9-0000-49049014-05-s0-d8,40,B,4,27,"[14100,34600,-400,51700]",3,-4.0,1,3,0,0,5,True
2024-2024091920gm-00a9-0000-49049014-05-s0-d8,41,A,1,50,"[35300,40300,5000,19400]",2,4.0,1,3,0,0,5,True
2024-2024091920gm-00a9-0000-49049014-05-s0-d8,41,B,4,27,"[28800,20200,20400,30600]",2,4.0,1,3,0,0,6,True
2024-2024091920gm-00a9-0000-49049014-05-s0-d8,42,A,1,50,"[24100,38100,10600,27200]",3,-4.0,1,3,2,0,5,True
2024-2024091920gm-00a9-0000-49049014-05-s0-d8,42,B,4,27,"[21800,35700,31800,10700]",3,-4.0,1,3,0,0,5,True
2024-2024091920gm-00a9-0000-49049014-05-s0-d8,43,A,1,50,"[16700,43000,10900,29400]",3,-4.0,1,3,0,0,4,True
2024-2024091920gm-00a9-0000-49049014-05-s0-d8,43,B,4,27,"[16700,43000,10900,29400]",3,-4.0,1,3,0,0,4,True
2024-2024091920gm-00a9-0000-49049014-05-s0-d8,44,A,1,50,"[11000,35500,15800,37700]",4,-10.0,1,3,0,0,4,True
2024-2024091920gm-00a9-0000-49049014-05-s0-d8,44,B,4,27,"[30300,25900,28000,15800]",1,10.0,2,0,0,0,8,True
2024-2024091920gm-00a9-0000-49049014-05-s0-d8,45,A,1,50,"[21400,25000,18000,35600]",3,-4.0,1,3,0,0,6,True
2024-2024091920gm-00a9-0000-49049014-05-s0-d8,45,B,4,27,"[21400,25000,18000,35600]",3,-4.0,1,3,0,0,6,True
2024-2024091920gm-00a9-0000-49049014-05-s0-d8,46,A,1,50,"[18800,28900,30200,22100]",4,-10.0,1,3,0,0,5,True
2024-2024091920gm-00a9-0000-49049014-05-s0-d8,46,B,4,27,"[-1100,52900,25100,23100]",4,-10.0,1,3,0,0,6,True
2024-2024091920gm-00a9-0000-49049014-05-s0-d8,47,A,1,50,"[6700,45800,32300,15200]",4,-10.0,1,3,0,0,5,True
2024-2024091920gm-00a9-0000-49049014-05-s0-d8,47,B,4,27,"[16000,37500,23500,23000]",4,-10.0,1,3,2,0,4,True
2024-2024091920gm-00a9-0000-49049014-05-s0-d8,48,A,1,50,"[-1800,54900,29100,17800]",4,-10.0,1,3,0,0,5,True
2024-2024091920gm-00a9-0000-49049014-05-s0-d8,48,B,4,27,"[43000,23500,-3700,37200]",1,10.0,1,2,0,0,6,True
2024-2024091920gm-00a9-0000-49049014-05-s0-d8,49,A,1,50,"[9000,37000,32800,21200]",4,-10.0,1,3,0,0,6,True
2024-2024091920gm-00a9-0000-49049014-05-s0-d8,49,B,4,27,"[23700,41600,15900,18800]",2,4.0,1,3,0,0,5,True
2024-2024091920gm-00a9-0000-49049014-05-s0-d8,50,A,1,50,"[27300,40600,14600,17500]",2,4.0,1,3,1,0,7,True
2024-2024091920gm-00a9-0000-49049014-05-s0-d8,50,B,4,27,"[40400,42200,-2200,19600]",2,4.0,1,1,0,0,4,True
2024-2024091920gm-00a9-0000-49049014-05-s0-d8,51,A,1,50,"[10300,38400,20200,31100]",4,-10.0,1,3,1,0,5,True
2024-2024091920gm-00a9-0000-49049014-05-s0-d8,51,B,4,27,"[6200,41400,18400,34000]",4,-10.0,1,3,0,0,6,True
2024-2024091920gm-00a9-0000-49049014-05-s0-d8,52,A,1,50,"[34300,46400,-2000,21300]",2,4.0,1,1,1,0,4,True
2024-2024091920gm-00a9-0000-49049014-05-s0-d8,52,B,4,27,"[34300,46400,-2000,21300]",2,4.0,1,1,1,0,4,True
2024-2024091920gm-00a9-0000-49049014-05-s0-d8,53,A,1,50,"[15300,42100,4500,38100]",3,-4.0,1,3,0,0,4,True
2024-2024091920gm-00a9-0000-49049014-05-s0-d8,53,B,4,27,"[16300,40000,6800,36900]",3,-4.0,1,3,0,0,4,True
2024-2024091920gm-00a9-0000-49049014-05-s0-d8,54,A,1,50,"[24300,32900,2500,40300]",3,-4.0,1,3,0,0,6,True
2024-2024091920gm-00a9-0000-49049014-05-s0-d8,54,B,4,27,"[24300,32900,2500,40300]",3,-4.0,1,3,0,0,6,True
2024-2024091920gm-00a9-0000-49049014-05-s0-d8,55,A,1,50,"[12800,34700,15000,37500]",4,-10.0,1,3,0,0,5,True
2024-2024091920gm-00a9-0000-49049014-05-s0-d8,55,B,4,27,"[10300,35200,15500,39000]",4,-10.0,1,3,0,0,5,True
2024-2024091920gm-00a9-0000-49049014-05-s0-d8,56,A,1,50,"[12400,38100,23500,26000]",4,-10.0,1,3,0,0,4,True
2024-2024091920gm-00a9-0000-49049014-05-s0-d8,56,B,4,27,"[16100,30200,28000,25700]",4,-10.0,1,3,1,0,6,True
2024-2024091920gm-00a9-0000-49049014-05-s0-d8,57,A,1,50,"[38100,34900,3600,23400]",1,10.0,1,3,2,0,8,True
2024-2024091920gm-00a9-0000-49049014-05-s0-d8,57,B,4,27,"[38100,34900,3600,23400]",1,10.0,1,3,2,0,8,True
2024-2024091920gm-00a9-0000-49049014-05-s0-d8,58,A,1,50,"[11500,34700,27600,26200]",4,-10.0,1,3,1,0,8,True
2024-2024091920gm-00a9-0000-49049014-05-s0-d8,58,B,4,27,"[12700,24600,34200,28500]",4,-10.0,1,3,1,0,8,True
2024-2024091920gm-00a9-0000-49049014-05-s0-d8,59,A,1,50,"[23900,33700,19400,23000]",2,4.0,1,3,1,0,5,True
2024-2024091920gm-00a9-0000-49049014-05-s0-d8,59,B,4,27,"[23100,38500,13500,24900]",3,-4.0,1,3,0,0,6,True
2024-2024091920gm-00a9-0000-49049014-05-s0-d8,60,A,1,50,"[18500,19200,24900,37400]",4,-10.0,1,3,0,0,6,True
2024-2024091920gm-00a9-0000-49049014-05-s0-d8,60,B,4,27,"[33700,29000,17100,20200]",1,10.0,1,3,0,0,6,True
2024-2024091920gm-00a9-0000-49049014-05-s0-d8,61,A,1,50,"[33300,33200,13800,19700]",1,10.0,1,3,0,0,4,True
2024-2024091920gm-00a9-0000-49049014-05-s0-d8,61,B,4,27,"[17100,32700,10600,39600]",3,-4.0,1,3,0,0,5,True
2024-2024091920gm-00a9-0000-49049014-05-s0-d8,62,A,1,50,"[8400,38300,30100,23200]",4,-10.0,1,3,0,0,4,True
2024-2024091920gm-00a9-0000-49049014-05-s0-d8,62,B,4,27,"[21000,38700,22300,18000]",3,-4.0,1,3,0,0,5,True
2024-2024091920gm-00a9-0000-49049014-05-s0-d8,63,A,1,50,"[20600,13500,27900,38000]",3,-4.0,1,3,0,0,6,True
2024-2024091920gm-00a9-0000-49049014-05-s0-d8,63,B,4,27,"[32700,27000,17600,22700]",1,10.0,1,3,1,0,8,True
2024-2024091920gm-00a9-0000-49049014-05-s0-d8,64,A,1,50,"[35500,36400,6800,21300]",2,4.0,1,3,0,0,5,True
2024-2024091920gm-00a9-0000-49049014-05-s0-d8,64,B,4,27,"[26600,49700,7000,16700]",2,4.0,1,3,0,0,7,True
2024-2024091920gm-00a9-0000-49049014-05-s0-d8,65,A,1,50,"[37500,35100,-1900,29300]",1,10.0,1,3,0,0,6,True
2024-2024091920gm-00a9-0000-49049014-05-s0-d8,65,B,4,27,"[38500,35100,-300,26700]",1,10.0,1,3,0,0,6,True
2024-2024091920gm-00a9-0000-49049014-05-s0-d8,66,A,1,50,"[13900,46900,19200,20000]",4,-10.0,1,3,1,0,8,True
2024-2024091920gm-00a9-0000-49049014-05-s0-d8,66,B,4,27,"[24900,14000,35800,25300]",3,-4.0,1,3,0,0,6,True
2024-2024091920gm-00a9-0000-49049014-05-s0-d8,67,A,1,50,"[28300,36500,11100,24100]",2,4.0,1,3,0,0,5,True
2024-2024091920gm-00a9-0000-49049014-05-s0-d8,67,B,4,27,"[31700,29600,17500,21200]",1,10.0,1,3,0,0,6,True
2024-2024091920gm-00a9-0000-49049014-05-s0-d8,68,A,1,50,"[44200,23600,28400,3800]",1,10.0,1,3,0,0,5,True
2024-2024091920gm-00a9-0000-49049014-05-s0-d8,68,B,4,27,"[21800,39500,5000,33700]",3,-4.0,1,3,0,0,4,True
2024-2024091920gm-00a9-0000-49049014-05-s0-d8,69,A,1,50,"[30000,32300,13600,24100]",2,4.0,1,3,0,0,6,True
2024-2024091920gm-00a9-0000-49049014-05-s0-d8,69,B,4,27,"[32100,26600,23100,18200]",1,10.0,1,3,0,0,6,True
2024-2024091920gm-00a9-0000-49049014-05-s0-d8,70,A,1,50,"[45000,15300,12100,27600]",1,10.0,1,3,5,0,10,True
2024-2024091920gm-00a9-0000-49049014-05-s0-d8,70,B,4,27,"[39200,11300,22900,26600]",1,10.0,1,3,1,0,10,True
2024-2024091920gm-00a9-0000-49049014-05-s0-d8,71,A,1,50,"[40700,26900,-1400,33800]",1,10.0,1,3,0,0,6,True
2024-2024091920gm-00a9-0000-49049014-05-s0-d8,71,B,4,27,"[33600,35700,5800,24900]",2,4.0,1,3,0,0,6,True
2024-2024091920gm-00a9-0000-49049014-05-s0-d8,72,A,1,50,"[8200,32300,21800,37700]",4,-10.0,1,3,1,0,6,True
2024-2024091920gm-00a9-0000-49049014-05-s0-d8,72,B,4,27,"[22600,28000,13000,36400]",3,-4.0,1,3,0,0,6,True
2024-2024091920gm-00a9-0000-49049014-05-s0-d8,73,A,1,50,"[7000,30400,30000,32600]",4,-10.0,1,3,0,0,10,True
2024-2024091920gm-00a9-0000-49049014-05-s0-d8,73,B,4,27,"[7000,30400,30000,32600]",4,-10.0,1,3,0,0,10,True
2024-2024091920gm-00a9-0000-49049014-05-s0-d8,74,A,1,50,"[28500,32500,13300,23700]",2,4.0,1,3,0,2,5,True
2024-2024091920gm-00a9-0000-49049014-05-s0-d8,74,B,4,27,"[14400,40000,19200,26400]",4,-10.0,1,3,0,0,4,True
2024-2024091920gm-00a9-0000-49049014-05-s0-d8,75,A,1,50,"[11700,41600,18000,28700]",4,-10.0,1,3,0,0,5,True
2024-2024091920gm-00a9-0000-49049014-05-s0-d8,75,B,4,27,"[16400,34300,20600,28700]",4,-10.0,1,3,0,0,7,True
2024-2024091920gm-00a9-0000-49049014-05-s0-d8,76,A,1,50,"[35900,43000,11700,9400]",2,4.0,1,3,0,0,7,True
2024-2024091920gm-00a9-0000-49049014-05-s0-d8,76,B,4,27,"[15300,31900,30900,21900]",4,-10.0,1,3,0,0,7,True
2024-2024091920gm-00a9-0000-49049014-05-s0-d8,77,A,1,50,"[13100,50600,13800,22500]",4,-10.0,1,3,0,0,7,True
2024-2024091920gm-00a9-0000-49049014-05-s0-d8,77,B,4,27,"[26900,24700,6900,41500]",2,4.0,1,3,0,0,7,True
2024-2024091920gm-00a9-0000-49049014-05-s0-d8,78,A,1,50,"[19400,34700,13100,32800]",3,-4.0,1,3,0,0,5,True
2024-2024091920gm-00a9-0000-49049014-05-s0-d8,78,B,4,27,"[17800,24200,19900,38100]",4,-10.0,1,3,0,0,5,True
2024-2024091920gm-00a9-0000-49049014-05-s0-d8,79,A,1,50,"[52700,17500,10900,18900]",1,10.0,1,3,1,0,7,True
2024-2024091920gm-00a9-0000-49049014-05-s0-d8,79,B,4,27,"[14800,35800,27500,21900]",4,-10.0,1,3,0,0,4,True
2024-2024091920gm-00a9-0000-49049014-05-s0-d8,80,A,1,50,"[34900,32700,9800,22600]",1,10.0,1,3,0,0,5,True
2024-2024091920gm-00a9-0000-49049014-05-s0-d8,80,B,4,27,"[19000,43200,-700,38500]",3,-4.0,1,2,1,0,4,True
2024-2024091920gm-00a9-0000-49049014-05-s0-d8,81,A,1,50,"[14200,33000,28100,24700]",4,-10.0,1,3,0,0,5,True
2024-2024091920gm-00a9-0000-49049014-05-s0-d8,81,B,4,27,"[10200,42700,18800,28300]",4,-10.0,1,3,0,0,5,True
2024-2024091920gm-00a9-0000-49049014-05-s0-d8,82,A,1,50,"[29100,53400,14900,2600]",2,4.0,1,3,0,0,5,True
2024-2024091920gm-00a9-0000-49049014-05-s0-d8,82,B,4,27,"[30100,52400,14900,2600]",2,4.0,1,3,0,0,5,True
2024-2024091920gm-00a9-0000-49049014-05-s0-d8,83,A,1,50,"[14000,55100,-800,31700]",3,-4.0,1,3,0,0,6,True
2024-2024091920gm-00a9-0000-49049014-05-s0-d8,83,B,4,27,"[33300,32700,6800,27200]",1,10.0,1,3,1,0,5,True
2024-2024091920gm-00a9-0000-49049014-05-s0-d8,84,A,1,50,"[15600,29700,21700,33000]",4,-10.0,1,3,0,0,5,True
2024-2024091920gm-00a9-0000-49049014-05-s0-d8,84,B,4,27,"[13000,34000,34500,18500]",4,-10.0,1,3,1,0,7,True
2024-2024091920gm-00a9-0000-49049014-05-s0-d8,85,A,1,50,"[23000,32400,21500,23100]",3,-4.0,1,3,0,0,5,True
2024-2024091920gm-00a9-0000-49049014-05-s0-d8,85,B,4,27,"[13200,33400,26300,27100]",4,-10.0,1,3,0,0,5,True
2024-2024091920gm-00a9-0000-49049014-05-s0-d8,86,A,1,50,"[13900,24400,23200,38500]",4,-10.0,1,3,1,0,5,True
2024-2024091920gm-00a9-0000-49049014-05-s0-d8,86,B,4,27,"[22100,30700,14900,31300]",3,-4.0,1,3,0,1,5,True
2024-2024091920gm-00a9-0000-49049014-05-s0-d8,87,A,1,50,"[32600,35200,10300,21900]",2,4.0,1,3,0,0,5,True
2024-2024091920gm-00a9-0000-49049014-05-s0-d8,87,B,4,27,"[34100,37900,13200,14800]",2,4.0,1,3,0,0,6,True
2024-2024091920gm-00a9-0000-49049014-05-s0-d8,88,A,1,50,"[14400,44300,15100,26200]",4,-10.0,1,3,1,0,6,True
2024-2024091920gm-00a9-0000-49049014-05-s0-d8,88,B,4,27,"[13100,40800,18000,28100]",4,-10.0,1,3,1,0,6,True
2024-2024091920gm-00a9-0000-49049014-05-s0-d8,89,A,1,50,"[32800,38900,7700,20600]",2,4.0,1,3,0,0,6,True
2024-2024091920gm-00a9-0000-49049014-05-s0-d8,89,B,4,27,"[20700,26300,22700,30300]",4,-10.0,1,3,1,0,5,True
2024-2024091920gm-00a9-0000-49049014-05-s0-d8,90,A,1,50,"[27600,30900,24400,17100]",2,4.0,2,0,0,0,7,True
2024-2024091920gm-00a9-0000-49049014-05-s0-d8,90,B,4,27,"[30900,27300,19500,22300]",1,10.0,1,3,0,0,6,True
2024-2024091920gm-00a9-0000-49049014-05-s0-d8,91,A,1,50,"[33700,34000,21100,11200]",2,4.0,1,3,0,0,5,True
2024-2024091920gm-00a9-0000-49049014-05-s0-d8,91,B,4,27,"[33400,39500,3600,23500]",2,4.0,1,3,1,0,6,True
2024-2024091920gm-00a9-0000-49049014-05-s0-d8,92,A,1,50,"[23500,34200,30800,11500]",3,-4.0,1,3,0,0,6,True
2024-2024091920gm-00a9-0000-49049014-05-s0-d8,92,B,4,27,"[17900,39600,24700,17800]",3,-4.0,1,3,2,0,6,True
2024-2024091920gm-00a9-0000-49049014-05-s0-d8,93,A,1,50,"[34900,17000,22000,26100]",1,10.0,1,3,1,0,6,True
2024-2024091920gm-00a9-0000-49049014-05-s0-d8,93,B,4,27,"[12000,44300,16100,27600]",4,-10.0,1,3,0,0,5,True
2024-2024091920gm-00a9-0000-49049014-05-s0-d8,94,A,1,50,"[24100,24100,15200,36600]",2,4.0,1,3,0,0,5,True
2024-2024091920gm-00a9-0000-49049014-05-s0-d8,94,B,4,27,"[20800,28900,16700,32600]",3,-4.0,1,3,0,1,5,True
2024-2024091920gm-00a9-0000-49049014-05-s0-d8,95,A,1,50,"[21100,32900,20100,25900]",3,-4.0,1,3,1,0,5,True
2024-2024091920gm-00a9-0000-49049014-05-s0-d8,95,B,4,27,"[20900,44500,9600,25000]",3,-4.0,1,3,1,0,5,True
2024-2024091920gm-00a9-0000-49049014-05-s0-d8,96,A,1,50,"[-3400,46300,13200,43900]",4,-10.0,1,3,0,0,6,True
2024-2024091920gm-00a9-0000-49049014-05-s0-d8,96,B,4,27,"[23900,32700,15200,28200]",3,-4.0,1,3,0,0,5,True
2024-2024091920gm-00a9-0000-49049014-05-s0-d8,97,A,1,50,"[14800,31400,21100,31700]",4,-10.0,1,3,0,1,5,True
2024-2024091920gm-00a9-0000-49049014-05-s0-d8,97,B,4,27,"[30600,28300,29100,12000]",1,10.0,1,3,0,0,6,True
2024-2024091920gm-00a9-0000-49049014-05-s0-d8,98,A,1,50,"[-200,37200,29100,33900]",4,-10.0,1,3,1,0,6,True
2024-2024091920gm-00a9-0000-49049014-05-s0-d8,98,B,4,27,"[1600,36800,40600,21000]",4,-10.0,1,3,1,0,6,True
2024-2024091920gm-00a9-0000-49049014-05-s0-d8,99,A,1,50,"[11500,29400,39600,19500]",4,-10.0,1,3,0,0,5,True
2024-2024091920gm-00a9-0000-49049014-05-s0-d8,99,B,4,27,"[19100,42500,6300,32100]",3,-4.0,1,3,0,0,5,True
2024-2024091920gm-00a9-0000-49049014-05-s0-d8,100,A,1,50,"[14900,40800,15800,28500]",4,-10.0,1,3,0,0,8,True
2024-2024091920gm-00a9-0000-49049014-05-s0-d8,100,B,4,27,"[18700,31200,21000,29100]",4,-10.0,1,3,0,0,8,True
2024-2024091920gm-00a9-0000-49049014-05-s0-d8,101,A,1,50,"[33400,39300,2000,25300]",2,4.0,1,3,0,0,5,True
2024-2024091920gm-00a9-0000-49049014-05-s0-d8,101,B,4,27,"[7000,48500,25500,19000]",4,-10.0,1,3,0,0,4,True
2024-2024091920gm-00a9-0000-49049014-05-s0-d8,102,A,1,50,"[16600,34300,27800,21300]",4,-10.0,1,3,1,0,8,True
2024-2024091920gm-00a9-0000-49049014-05-s0-d8,102,B,4,27,"[17800,31700,29400,21100]",4,-10.0,1,3,0,0,5,True
2024-2024091920gm-00a9-0000-49049014-05-s0-d8,103,A,1,50,"[20600,48300,12300,18800]",2,4.0,1,3,0,0,6,True
2024-2024091920gm-00a9-0000-49049014-05-s0-d8,103,B,4,27,"[11100,35500,26200,27200]",4,-10.0,1,3,0,0,5,True
2024-2024091920gm-00a9-0000-49049014-05-s0-d8,104,A,1,50,"[2500,36000,46600,14900]",4,-10.0,1,3,0,0,5,True
2024-2024091920gm-00a9-0000-49049014-05-s0-d8,104,B,4,27,"[23100,37600,11400,27900]",3,-4.0,2,1,0,0,7,True
2024-2024091920gm-00a9-0000-49049014-05-s0-d8,105,A,1,50,"[17900,38100,24000,20000]",4,-10.0,1,3,0,0,6,True
2024-2024091920gm-00a9-0000-49049014-05-s0-d8,105,B,4,27,"[7700,37900,9200,45200]",4,-10.0,1,3,0,0,6,True
2024-2024091920gm-00a9-0000-49049014-05-s0-d8,106,A,1,50,"[11100,23300,42000,23600]",4,-10.0,1,3,2,0,8,True
2024-2024091920gm-00a9-0000-49049014-05-s0-d8,106,B,4,27,"[21500,34500,15400,28600]",3,-4.0,1,3,1,0,5,True
2024-2024091920gm-00a9-0000-49049014-05-s0-d8,107,A,1,50,"[27400,39300,15900,17400]",2,4.0,1,3,0,0,6,True
2024-2024091920gm-00a9-0000-49049014-05-s0-d8,107,B,4,27,"[28200,37000,7000,27800]",2,4.0,1,3,0,0,6,True
2024-2024091920gm-00a9-0000-49049014-05-s0-d8,108,A,1,50,"[19600,38900,21000,19500]",3,-4.0,1,3,3,1,7,True
2024-2024091920gm-00a9-0000-49049014-05-s0-d8,108,B,4,27,"[42700,47600,-1000,10700]",2,4.0,1,2,4,0,10,True
2024-2024091920gm-00a9-0000-49049014-05-s0-d8,109,A,1,50,"[24300,32000,19200,24500]",3,-4.0,1,3,0,0,5,True
2024-2024091920gm-00a9-0000-49049014-05-s0-d8,109,B,4,27,"[19900,34600,4800,40700]",3,-4.0,1,3,0,0,5,True
2024-2024091920gm-00a9-0000-49049014-05-s0-d8,110,A,1,50,"[19900,35600,-600,45100]",3,-4.0,1,3,0,0,6,True
2024-2024091920gm-00a9-0000-49049014-05-s0-d8,110,B,4,27,"[10200,53000,10300,26500]",4,-10.0,1,3,0,0,6,True
2024-2024091920gm-00a9-0000-49049014-05-s0-d8,111,A,1,50,"[27600,37000,19700,15700]",2,4.0,1,3,0,0,5,True
2024-2024091920gm-00a9-0000-49049014-05-s0-d8,111,B,4,27,"[20100,31000,19200,29700]",3,-4.0,1,3,0,0,5,True
2024-2024091920gm-00a9-0000-49049014-05-s0-d8,112,A,1,50,"[14200,42000,22300,21500]",4,-10.0,1,3,3,0,8,True
2024-2024091920gm-00a9-0000-49049014-05-s0-d8,112,B,4,27,"[24100,30500,29300,16100]",3,-4.0,1,3,1,0,9,True
2024-2024091920gm-00a9-0000-49049014-05-s0-d8,113,A,1,50,"[38500,26800,12300,22400]",1,10.0,1,3,0,0,6,True
2024-2024091920gm-00a9-0000-49049014-05-s0-d8,113,B,4,27,"[7000,21200,17900,53900]",4,-10.0,1,3,0,0,8,True
2024-2024091920gm-00a9-0000-49049014-05-s0-d8,114,A,1,50,"[26500,39200,20700,13600]",2,4.0,1,3,1,0,7,True
2024-2024091920gm-00a9-0000-49049014-05-s0-d8,114,B,4,27,"[29000,39100,19600,12300]",2,4.0,1,3,1,0,7,True
2024-2024091920gm-00a9-0000-49049014-05-s0-d8,115,A,1,50,"[17100,54400,8600,19900]",3,-4.0,1,3,0,0,5,True
2024-2024091920gm-00a9-0000-49049014-05-s0-d8,115,B,4,27,"[6900,41000,35200,16900]",4,-10.0,1,3,0,0,4,True
2024-2024091920gm-00a9-0000-49049014-05-s0-d8,116,A,1,50,"[19900,38300,21400,20400]",4,-10.0,1,3,5,0,10,True
2024-2024091920gm-00a9-0000-49049014-05-s0-d8,116,B,4,27,"[19900,38300,21400,20400]",4,-10.0,1,3,5,0,10,True
2024-2024091920gm-00a9-0000-49049014-05-s0-d8,117,A,1,50,"[33300,27700,14400,24600]",1,10.0,1,3,0,0,8,True
2024-2024091920gm-00a9-0000-49049014-05-s0-d8,117,B,4,27,"[20300,30100,18600,31000]",3,-4.0,1,3,2,0,9,True
2024-2024091920gm-00a9-0000-49049014-05-s0-d8,118,A,1,50,"[11800,35300,5100,47800]",3,-4.0,1,3,1,0,5,True
2024-2024091920gm-00a9-0000-49049014-05-s0-d8,118,B,4,27,"[26600,34700,-9100,47800]",3,-4.0,1,3,1,0,5,True
2024-2024091920gm-00a9-0000-49049014-05-s0-d8,119,A,1,50,"[11500,40100,16300,32100]",4,-10.0,1,3,0,0,4,True
2024-2024091920gm-00a9-0000-49049014-05-s0-d8,119,B,4,27,"[19200,50800,1700,28300]",3,-4.0,1,3,0,0,6,True
2024-2024091920gm-00a9-0000-49049014-05-s0-d8,120,A,1,50,"[19600,42700,24700,13000]",3,-4.0,1,3,1,0,4,True
2024-2024091920gm-00a9-0000-49049014-05-s0-d8,120,B,4,27,"[26600,30200,14000,29200]",3,-4.0,1,3,2,0,4,True
2024-2024091920gm-00a9-0000-49049014-05-s0-d8,121,A,1,50,"[21100,27200,20500,31200]",3,-4.0,1,3,0,0,7,True
2024-2024091920gm-00a9-0000-49049014-05-s0-d8,121,B,4,27,"[17500,39200,2700,40600]",3,-4.0,1,3,2,0,5,True
2024-2024091920gm-00a9-0000-49049014-05-s0-d8,122,A,1,50,"[49600,16900,26500,7000]",1,10.0,1,3,2,0,7,True
2024-2024091920gm-00a9-0000-49049014-05-s0-d8,122,B,4,27,"[22900,38900,18100,20100]",2,4.0,1,3,0,0,7,True
2024-2024091920gm-00a9-0000-49049014-05-s0-d8,123,A,1,50,"[20900,47400,17900,13800]",2,4.0,1,3,0,0,6,True
2024-2024091920gm-00a9-0000-49049014-05-s0-d8,123,B,4,27,"[20000,46200,16700,17100]",2,4.0,1,3,0,0,6,True
2024-2024091920gm-00a9-0000-49049014-05-s0-d8,124,A,1,50,"[31500,43100,16000,9400]",2,4.0,1,3,0,0,6,True
2024-2024091920gm-00a9-0000-49049014-05-s0-d8,124,B,4,27,"[24600,43500,12800,19100]",2,4.0,1,3,1,0,7,True
2024-2024091920gm-00a9-0000-49049014-05-s0-d8,125,A,1,50,"[22800,42300,8100,26800]",3,-4.0,1,3,0,0,5,True
2024-2024091920gm-00a9-0000-49049014-05-s0-d8,125,B,4,27,"[19900,37200,13500,29400]",3,-4.0,1,3,0,0,5,True
2024-2024091920gm-00a9-0000-49049014-05-s0-d8,126,A,1,50,"[15300,39600,12500,32600]",3,-4.0,1,3,0,0,6,True
2024-2024091920gm-00a9-0000-49049014-05-s0-d8,126,B,4,27,"[8600,37300,20700,33400]",4,-10.0,1,3,0,0,5,True
2024-2024091920gm-00a9-0000-49049014-05-s0-d8,127,A,1,50,"[16400,33200,27800,22600]",4,-10.0,1,3,3,0,9,True
2024-2024091920gm-00a9-0000-49049014-05-s0-d8,127,B,4,27,"[5900,32400,27800,33900]",4,-10.0,1,3,1,0,7,True
2024-2024091920gm-00a9-0000-49049014-05-s0-d8,128,A,1,50,"[26500,35600,5800,32100]",3,-4.0,1,3,1,0,6,True
2024-2024091920gm-00a9-0000-49049014-05-s0-d8,128,B,4,27,"[26500,35600,5800,32100]",3,-4.0,1,3,1,0,6,True
2024-2024091920gm-00a9-0000-49049014-05-s0-d8,129,A,1,50,"[21500,33900,19600,25000]",3,-4.0,1,3,0,0,6,True
2024-2024091920gm-00a9-0000-49049014-05-s0-d8,129,B,4,27,"[22800,38500,13700,25000]",3,-4.0,1,3,0,0,5,True
2024-2024091920gm-00a9-0000-49049014-05-s0-d8,130,A,1,50,"[27000,33000,5000,35000]",3,-4.0,1,3,0,0,5,True
2024-2024091920gm-00a9-0000-49049014-05-s0-d8,130,B,4,27,"[33900,32400,700,33000]",1,10.0,1,3,0,0,5,True
2024-2024091920gm-00a9-0000-49049014-05-s0-d8,131,A,1,50,"[15300,23200,40600,20900]",4,-10.0,1,3,0,0,6,True
2024-2024091920gm-00a9-0000-49049014-05-s0-d8,131,B,4,27,"[6000,32600,34200,27200]",4,-10.0,1,3,1,0,8,True
2024-2024091920gm-00a9-0000-49049014-05-s0-d8,132,A,1,50,"[20000,43800,16100,20100]",3,-4.0,1,3,1,0,7,True
2024-2024091920gm-00a9-0000-49049014-05-s0-d8,132,B,4,27,"[12300,48400,17200,22100]",4,-10.0,1,3,0,0,5,True
2024-2024091920gm-00a9-0000-49049014-05-s0-d8,133,A,1,50,"[1000,47700,27100,24200]",4,-10.0,1,3,0,0,5,True
2024-2024091920gm-00a9-0000-49049014-05-s0-d8,133,B,4,27,"[1000,47700,27100,24200]",4,-10.0,1,3,0,0,5,True
2024-2024091920gm-00a9-0000-49049014-05-s0-d8,134,A,1,50,"[10300,35700,25500,28500]",4,-10.0,1,3,0,0,4,True
2024-2024091920gm-00a9-0000-49049014-05-s0-d8,134,B,4,27,"[16300,36800,8600,38300]",3,-4.0,1,3,0,0,4,True
2024-2024091920gm-00a9-0000-49049014-05-s0-d8,135,A,1,50,"[2100,47700,28500,20700]",4,-10.0,1,3,2,1,6,True
2024-2024091920gm-00a9-0000-49049014-05-s0-d8,135,B,4,27,"[2100,47700,28500,20700]",4,-10.0,1,3,2,1,6,True
2024-2024091920gm-00a9-0000-49049014-05-s0-d8,136,A,1,50,"[12800,46300,8600,32300]",3,-4.0,1,3,0,0,5,True
2024-2024091920gm-00a9-0000-49049014-05-s0-d8,136,B,4,27,"[21100,50300,-5300,33900]",3,-4.0,1,3,0,0,5,True
2024-2024091920gm-00a9-0000-49049014-05-s0-d8,137,A,1,50,"[14200,31500,22100,32200]",4,-10.0,1,3,0,0,4,True
2024-2024091920gm-00a9-0000-49049014-05-s0-d8,137,B,4,27,"[21400,33900,20000,24700]",3,-4.0,1,3,1,0,4,True
2024-2024091920gm-00a9-0000-49049014-05-s0-d8,138,A,1,50,"[24400,31300,32500,11800]",3,-4.0,1,3,0,0,6,True
2024-2024091920gm-00a9-0000-49049014-05-s0-d8,138,B,4,27,"[24400,31300,32500,11800]",3,-4.0,1,3,0,0,6,True
2024-2024091920gm-00a9-0000-49049014-05-s0-d8,139,A,1,50,"[20100,30800,17000,32100]",3,-4.0,1,3,0,0,5,True
2024-2024091920gm-00a9-0000-49049014-05-s0-d8,139,B,4,27,"[24700,30000,19600,25700]",3,-4.0,1,3,1,0,6,True
2024-2024091920gm-00a9-0000-49049014-05-s0-d8,140,A,1,50,"[22200,37000,24400,16400]",3,-4.0,1,3,2,0,5,True
2024-2024091920gm-00a9-0000-49049014-05-s0-d8,140,B,4,27,"[22200,37000,24400,16400]",3,-4.0,1,3,2,0,5,True
2024-2024091920gm-00a9-0000-49049014-05-s0-d8,141,A,1,50,"[20600,25200,17700,36500]",3,-4.0,1,3,0,0,6,True
2024-2024091920gm-00a9-0000-49049014-05-s0-d8,141,B,4,27,"[9000,42500,12000,36500]",4,-10.0,1,3,0,0,6,True
2024-2024091920gm-00a9-0000-49049014-05-s0-d8,142,A,1,50,"[26400,42000,23100,8500]",2,4.0,1,3,0,0,6,True
2024-2024091920gm-00a9-0000-49049014-05-s0-d8,142,B,4,27,"[23400,35800,16900,23900]",3,-4.0,1,3,0,0,5,True
2024-2024091920gm-00a9-0000-49049014-05-s0-d8,143,A,1,50,"[31700,38000,-600,30900]",2,4.0,1,1,1,0,4,True
2024-2024091920gm-00a9-0000-49049014-05-s0-d8,143,B,4,27,"[31400,35800,8200,24600]",2,4.0,1,3,1,0,7,True
2024-2024091920gm-00a9-0000-49049014-05-s0-d8,144,A,1,50,"[28400,42000,13500,16100]",2,4.0,1,3,0,0,5,True
2024-2024091920gm-00a9-0000-49049014-05-s0-d8,144,B,4,27,"[26100,36600,21900,15400]",2,4.0,1,3,0,0,6,True
2024-2024091920gm-00a9-0000-49049014-05-s0-d8,145,A,1,50,"[20500,41100,16500,21900]",3,-4.0,1,3,0,0,5,True
2024-2024091920gm-00a9-0000-49049014-05-s0-d8,145,B,4,27,"[18600,33300,27500,20600]",4,-10.0,1,3,2,0,9,True
2024-2024091920gm-00a9-0000-49049014-05-s0-d8,146,A,1,50,"[10400,45200,17000,27400]",4,-10.0,1,3,0,0,5,True
2024-2024091920gm-00a9-0000-49049014-05-s0-d8,146,B,4,27,"[33200,24700,25400,16700]",1,10.0,1,3,0,0,6,True
2024-2024091920gm-00a9-0000-49049014-05-s0-d8,147,A,1,50,"[16900,32700,15500,33900]",3,-4.0,1,3,0,1,6,True
2024-2024091920gm-00a9-0000-49049014-05-s0-d8,147,B,4,27,"[6100,36000,27700,30200]",4,-10.0,1,3,0,0,5,True
2024-2024091920gm-00a9-0000-49049014-05-s0-d8,148,A,1,50,"[19800,37700,26400,16100]",3,-4.0,1,3,0,0,6,True
2024-2024091920gm-00a9-0000-49049014-05-s0-d8,148,B,4,27,"[38600,28600,15800,17000]",1,10.0,1,3,0,0,5,True
2024-2024091920gm-00a9-0000-49049014-05-s0-d8,149,A,1,50,"[19700,23900,17700,38700]",3,-4.0,1,3,0,0,5,True
2024-2024091920gm-00a9-0000-49049014-05-s0-d8,149,B,4,27,"[19700,23900,17700,38700]",3,-4.0,1,3,0,0,5,True
2024-2024091920gm-00a9-0000-49049014-05-s0-d8,150,A,1,50,"[21600,32300,18600,27500]",3,-4.0,1,3,0,0,6,True
2024-2024091920gm-00a9-0000-49049014-05-s0-d8,150,B,4,27,"[16500,34900,19500,29100]",4,-10.0,1,3,2,0,5,True
2024-2024091920gm-00a9-0000-49049014-05-s0-d8,151,A,1,50,"[7100,43600,34800,14500]",4,-10.0,1,3,0,0,8,True
2024-2024091920gm-00a9-0000-49049014-05-s0-d8,151,B,4,27,"[12800,27400,43100,16700]",4,-10.0,1,3,1,0,8,True
2024-2024091920gm-00a9-0000-49049014-05-s0-d8,152,A,1,50,"[24700,36200,15100,24000]",2,4.0,1,3,0,0,5,True
2024-2024091920gm-00a9-0000-49049014-05-s0-d8,152,B,4,27,"[21300,34000,9000,34700]",3,-4.0,1,3,0,1,6,True
2024-2024091920gm-00a9-0000-49049014-05-s0-d8,153,A,1,50,"[25900,33900,23400,16800]",2,4.0,1,3,1,0,6,True
2024-2024091920gm-00a9-0000-49049014-05-s0-d8,153,B,4,27,"[21600,32500,15700,30200]",3,-4.0,1,3,0,0,5,True
2024-2024091920gm-00a9-0000-49049014-05-s0-d8,154,A,1,50,"[23400,22400,22800,30400]",2,4.0,1,3,0,1,5,True
2024-2024091920gm-00a9-0000-49049014-05-s0-d8,154,B,4,27,"[4700,38100,16700,40500]",4,-10.0,1,3,0,0,4,True
2024-2024091920gm-00a9-0000-49049014-05-s0-d8,155,A,1,50,"[21500,35400,12300,30800]",3,-4.0,1,3,0,0,4,True
2024-2024091920gm-00a9-0000-49049014-05-s0-d8,155,B,4,27,"[20500,24900,17700,36900]",3,-4.0,1,3,0,0,4,True
2024-2024091920gm-00a9-0000-49049014-05-s0-d8,156,A,1,50,"[21800,35000,21800,21400]",2,4.0,1,3,0,0,4,True
2024-2024091920gm-00a9-0000-49049014-05-s0-d8,156,B,4,27,"[23300,30800,9800,35100]",3,-4.0,1,3,0,1,4,True
2024-2024091920gm-00a9-0000-49049014-05-s0-d8,157,A,1,50,"[29700,40600,9900,19800]",2,4.0,1,3,0,0,5,True
2024-2024091920gm-00a9-0000-49049014-05-s0-d8,157,B,4,27,"[6700,44500,11700,37100]",4,-10.0,1,3,0,0,5,True
2024-2024091920gm-00a9-0000-49049014-05-s0-d8,158,A,1,50,"[13700,42500,25000,18800]",4,-10.0,1,3,0,0,6,True
2024-2024091920gm-00a9-0000-49049014-05-s0-d8,158,B,4,27,"[25300,38900,24200,11600]",2,4.0,1,3,1,0,6,True
2024-2024091920gm-00a9-0000-49049014-05-s0-d8,159,A,1,50,"[-2900,44300,38800,19800]",4,-10.0,1,2,2,0,6,True
2024-2024091920gm-00a9-0000-49049014-05-s0-d8,159,B,4,27,"[10000,34000,26600,29400]",4,-10.0,1,3,0,0,6,True
2024-2024091920gm-00a9-0000-49049014-05-s0-d8,160,A,1,50,"[25100,36800,2300,35800]",3,-4.0,1,3,0,0,4,True
2024-2024091920gm-00a9-0000-49049014-05-s0-d8,160,B,4,27,"[34800,14600,28100,22500]",1,10.0,1,3,0,0,8,True
2024-2024091920gm-00a9-0000-49049014-05-s0-d8,161,A,1,50,"[17100,47700,21100,14100]",3,-4.0,1,3,0,0,5,True
2024-2024091920gm-00a9-0000-49049014-05-s0-d8,161,B,4,27,"[17100,47700,21100,14100]",3,-4.0,1,3,0,0,5,True
2024-2024091920gm-00a9-0000-49049014-05-s0-d8,162,A,1,50,"[21300,25300,21600,31800]",4,-10.0,2,2,0,0,9,True
2024-2024091920gm-00a9-0000-49049014-05-s0-d8,162,B,4,27,"[21000,41100,800,37100]",3,-4.0,1,3,1,0,6,True
2024-2024091920gm-00a9-0000-49049014-05-s0-d8,163,A,1,50,"[14300,39100,30600,16000]",4,-10.0,1,3,3,0,7,True
2024-2024091920gm-00a9-0000-49049014-05-s0-d8,163,B,4,27,"[11100,55100,14100,19700]",4,-10.0,1,3,0,0,4,True
2024-2024091920gm-00a9-0000-49049014-05-s0-d8,164,A,1,50,"[14700,35000,13200,37100]",3,-4.0,1,3,0,0,4,True
2024-2024091920gm-00a9-0000-49049014-05-s0-d8,164,B,4,27,"[26700,31900,30200,11200]",3,-4.0,1,3,0,0,6,True
2024-2024091920gm-00a9-0000-49049014-05-s0-d8,165,A,1,50,"[22800,40400,11800,25000]",3,-4.0,2,0,0,0,6,True
2024-2024091920gm-00a9-0000-49049014-05-s0-d8,165,B,4,27,"[22800,40400,11800,25000]",3,-4.0,2,0,0,0,6,True
2024-2024091920gm-00a9-0000-49049014-05-s0-d8,166,A,1,50,"[8000,40800,9800,41400]",4,-10.0,1,3,0,0,5,True
2024-2024091920gm-00a9-0000-49049014-05-s0-d8,166,B,4,27,"[5400,30300,17800,46500]",4,-10.0,1,3,0,0,5,True
2024-2024091920gm-00a9-0000-49049014-05-s0-d8,167,A,1,50,"[19000,25700,14800,40500]",3,-4.0,1,3,0,0,6,True
2024-2024091920gm-00a9-0000-49049014-05-s0-d8,167,B,4,27,"[23100,21500,16700,38700]",2,4.0,1,3,0,0,6,True
2024-2024091920gm-00a9-0000-49049014-05-s0-d8,168,A,1,50,"[19800,31500,11300,37400]",3,-4.0,1,3,0,0,5,True
2024-2024091920gm-00a9-0000-49049014-05-s0-d8,168,B,4,27,"[19800,31500,11300,37400]",3,-4.0,1,3,0,0,5,True
2024-2024091920gm-00a9-0000-49049014-05-s0-d8,169,A,1,50,"[20000,36800,18000,25200]",3,-4.0,1,3,0,0,4,True
2024-2024091920gm-00a9-0000-49049014-05-s0-d8,169,B,4,27,"[20000,36800,18000,25200]",3,-4.0,1,3,0,0,4,True
2024-2024091920gm-00a9-0000-49049014-05-s0-d8,170,A,1,50,"[23300,27000,30200,19500]",3,-4.0,1,3,0,0,5,True
2024-2024091920gm-00a9-0000-49049014-05-s0-d8,170,B,4,27,"[18800,23800,25100,32300]",4,-10.0,2,1,0,0,7,True
2024-2024091920gm-00a9-0000-49049014-05-s0-d8,171,A,1,50,"[27300,15100,18000,39600]",2,4.0,1,3,0,0,6,True
2024-2024091920gm-00a9-0000-49049014-05-s0-d8,171,B,4,27,"[31800,14300,12600,41300]",2,4.0,1,3,0,0,6,True
2024-2024091920gm-00a9-0000-49049014-05-s0-d8,172,A,1,50,"[1400,40100,24800,33700]",4,-10.0,1,3,1,0,6,True
2024-2024091920gm-00a9-0000-49049014-05-s0-d8,172,B,4,27,"[7900,34500,27600,30000]",4,-10.0,1,3,1,0,6,True
2024-2024091920gm-00a9-0000-49049014-05-s0-d8,173,A,1,50,"[22600,32000,27200,18200]",3,-4.0,1,3,3,0,6,True
2024-2024091920gm-00a9-0000-49049014-05-s0-d8,173,B,4,27,"[22600,32000,27200,18200]",3,-4.0,1,3,3,0,6,True
2024-2024091920gm-00a9-0000-49049014-05-s0-d8,174,A,1,50,"[7800,39000,37700,13500]",4,-10.0,1,3,0,2,4,True
2024-2024091920gm-00a9-0000-49049014-05-s0-d8,174,B,4,27,"[7800,39000,37700,13500]",4,-10.0,1,3,0,2,4,True
2024-2024091920gm-00a9-0000-49049014-05-s0-d8,175,A,1,50,"[24400,48800,13800,13000]",2,4.0,1,3,0,0,6,True
2024-2024091920gm-00a9-0000-49049014-05-s0-d8,175,B,4,27,"[29000,36100,8200,26700]",2,4.0,1,3,0,0,5,True
2024-2024091920gm-00a9-0000-49049014-05-s0-d8,176,A,1,50,"[10900,39600,25900,23600]",4,-10.0,1,3,2,0,6,True
2024-2024091920gm-00a9-0000-49049014-05-s0-d8,176,B,4,27,"[11700,44200,16300,27800]",4,-10.0,1,3,0,0,6,True
2024-2024091920gm-00a9-0000-49049014-05-s0-d8,177,A,1,50,"[12600,35500,23600,27300]",4,-10.0,1,3,0,1,5,True
2024-2024091920gm-00a9-0000-49049014-05-s0-d8,177,B,4,27,"[20000,24500,17400,37100]",3,-4.0,1,3,0,1,5,True
2024-2024091920gm-00a9-0000-49049014-05-s0-d8,178,A,1,50,"[38800,37500,-2500,26200]",1,10.0,1,0,3,0,2,True
2024-2024091920gm-00a9-0000-49049014-05-s0-d8,178,B,4,27,"[38800,37500,-2500,26200]",1,10.0,1,0,3,0,2,True
2024-2024091920gm-00a9-0000-49049014-05-s0-d8,179,A,1,50,"[29600,30400,14200,25800]",2,4.0,1,3,3,0,8,True
2024-2024091920gm-00a9-0000-49049014-05-s0-d8,179,B,4,27,"[16200,26000,17300,40500]",4,-10.0,1,3,0,0,5,True
2024-2024091920gm-00a9-0000-49049014-05-s0-d8,180,A,1,50,"[28800,49200,16500,5500]",2,4.0,1,3,0,0,6,True
2024-2024091920gm-00a9-0000-49049014-05-s0-d8,180,B,4,27,"[32400,27300,9800,30500]",1,10.0,1,3,0,0,5,True
2024-2024091920gm-00a9-0000-49049014-05-s0-d8,181,A,1,50,"[31100,46700,3600,18600]",2,4.0,1,3,0,0,6,True
2024-2024091920gm-00a9-0000-49049014-05-s0-d8,181,B,4,27,"[15500,33900,20600,29000]",4,-10.0,1,3,0,1,5,True
2024-2024091920gm-00a9-0000-49049014-05-s0-d8,182,A,1,50,"[5300,33500,33300,27900]",4,-10.0,1,3,0,0,7,True
2024-2024091920gm-00a9-0000-49049014-05-s0-d8,182,B,4,27,"[20300,24700,15500,39500]",3,-4.0,1,3,0,0,6,True
2024-2024091920gm-00a9-0000-49049014-05-s0-d8,183,A,1,50,"[27800,32800,25500,13900]",2,4.0,1,3,0,0,6,True
2024-2024091920gm-00a9-0000-49049014-05-s0-d8,183,B,4,27,"[6900,38900,7100,47100]",4,-10.0,1,3,0,0,7,True
2024-2024091920gm-00a9-0000-49049014-05-s0-d8,184,A,1,50,"[41100,42400,7200,9300]",2,4.0,1,3,0,0,7,True
2024-2024091920gm-00a9-0000-49049014-05-s0-d8,184,B,4,27,"[12400,47200,8700,31700]",3,-4.0,1,3,0,0,5,True
2024-2024091920gm-00a9-0000-49049014-05-s0-d8,185,A,1,50,"[11600,29100,37200,22100]",4,-10.0,1,3,1,0,4,True
2024-2024091920gm-00a9-0000-49049014-05-s0-d8,185,B,4,27,"[49400,29600,8100,12900]",1,10.0,1,3,0,0,6,True
2024-2024091920gm-00a9-0000-49049014-05-s0-d8,186,A,1,50,"[32300,28500,15800,23400]",1,10.0,1,3,0,0,6,True
2024-2024091920gm-00a9-0000-49049014-05-s0-d8,186,B,4,27,"[7200,26100,47200,19500]",4,-10.0,1,3,0,0,6,True
2024-2024091920gm-00a9-0000-49049014-05-s0-d8,187,A,1,50,"[53600,35600,700,10100]",1,10.0,1,3,0,0,7,True
2024-2024091920gm-00a9-0000-49049014-05-s0-d8,187,B,4,27,"[36300,44400,-1300,20600]",2,4.0,1,3,0,0,5,True
2024-2024091920gm-00a9-0000-49049014-05-s0-d8,188,A,1,50,"[23800,14000,39200,23000]",2,4.0,1,3,0,0,5,True
2024-2024091920gm-00a9-0000-49049014-05-s0-d8,188,B,4,27,"[5600,37400,17100,39900]",4,-10.0,1,3,1,0,7,True
2024-2024091920gm-00a9-0000-49049014-05-s0-d8,189,A,1,50,"[-300,40000,22400,37900]",4,-10.0,1,3,0,0,5,True
2024-2024091920gm-00a9-0000-49049014-05-s0-d8,189,B,4,27,"[16100,38800,25500,19600]",4,-10.0,1,3,0,0,6,True
2024-2024091920gm-00a9-0000-49049014-05-s0-d8,190,A,1,50,"[14300,47000,18100,20600]",4,-10.0,1,3,0,0,6,True
2024-2024091920gm-00a9-0000-49049014-05-s0-d8,190,B,4,27,"[46000,20600,4900,28500]",1,10.0,1,3,1,0,8,True
2024-2024091920gm-00a9-0000-49049014-05-s0-d8,191,A,1,50,"[31400,35800,24800,8000]",2,4.0,1,3,0,0,10,True
2024-2024091920gm-00a9-0000-49049014-05-s0-d8,191,B,4,27,"[31400,35800,24800,8000]",2,4.0,1,3,0,0,10,True
2024-2024091920gm-00a9-0000-49049014-05-s0-d8,192,A,1,50,"[45000,13400,27500,14100]",1,10.0,1,3,0,0,7,True
2024-2024091920gm-00a9-0000-49049014-05-s0-d8,192,B,4,27,"[18800,33200,8900,39100]",3,-4.0,1,3,0,0,4,True
2024-2024091920gm-00a9-0000-49049014-05-s0-d8,193,A,1,50,"[26900,32000,7400,33700]",3,-4.0,1,3,1,0,5,True
2024-2024091920gm-00a9-0000-49049014-05-s0-d8,193,B,4,27,"[8300,24700,39200,27800]",4,-10.0,1,3,0,0,6,True
2024-2024091920gm-00a9-0000-49049014-05-s0-d8,194,A,1,50,"[17000,32700,26600,23700]",4,-10.0,1,3,3,0,8,True
2024-2024091920gm-00a9-0000-49049014-05-s0-d8,194,B,4,27,"[32700,41600,14600,10100]",2,4.0,1,3,0,1,5,True
2024-2024091920gm-00a9-0000-49049014-05-s0-d8,195,A,1,50,"[33900,42400,-1200,24900]",2,4.0,1,0,3,0,2,True
2024-2024091920gm-00a9-0000-49049014-05-s0-d8,195,B,4,27,"[24500,35300,19200,21000]",2,4.0,1,3,0,0,4,True
2024-2024091920gm-00a9-0000-49049014-05-s0-d8,196,A,1,50,"[1600,51500,9500,37400]",4,-10.0,1,3,0,0,6,True
2024-2024091920gm-00a9-0000-49049014-05-s0-d8,196,B,4,27,"[10600,40200,42700,6500]",3,-4.0,1,3,0,0,6,True
2024-2024091920gm-00a9-0000-49049014-05-s0-d8,197,A,1,50,"[14000,25300,23100,37600]",4,-10.0,1,3,0,0,4,True
2024-2024091920gm-00a9-0000-49049014-05-s0-d8,197,B,4,27,"[6900,45000,26900,21200]",4,-10.0,1,3,2,0,6,True
2024-2024091920gm-00a9-0000-49049014-05-s0-d8,198,A,1,50,"[33000,30700,2000,34300]",2,4.0,1,3,0,0,5,True
2024-2024091920gm-00a9-0000-49049014-05-s0-d8,198,B,4,27,"[13100,34500,11700,40700]",3,-4.0,1,3,1,0,9,True
2024-2024091920gm-00a9-0000-49049014-05-s0-d8,199,A,1,50,"[33400,23800,18800,24000]",1,10.0,1,3,0,0,6,True
2024-2024091920gm-00a9-0000-49049014-05-s0-d8,199,B,4,27,"[9500,35300,27400,27800]",4,-10.0,1,3,1,0,7,True
2024-2024091920gm-00a9-0000-49049014-05-s0-d8,200,A,1,50,"[26200,37000,16900,19900]",2,4.0,1,3,0,0,5,True
2024-2024091920gm-00a9-0000-49049014-05-s0-d8,200,B,4,27,"[26700,37600,16700,19000]",2,4.0,1,3,0,0,6,True
2024-2024091920gm-00a9-0000-49049014-05-s0-d8,201,A,1,50,"[24500,35000,19100,21400]",2,4.0,1,3,0,0,5,True
2024-2024091920gm-00a9-0000-49049014-05-s0-d8,201,B,4,27,"[16200,36100,19900,27800]",4,-10.0,1,3,0,0,5,True
2024-2024091920gm-00a9-0000-49049014-05-s0-d8,202,A,1,50,"[29200,45900,9400,15500]",2,4.0,1,3,1,0,6,True
2024-2024091920gm-00a9-0000-49049014-05-s0-d8,202,B,4,27,"[20100,48000,4200,27700]",3,-4.0,1,3,0,0,5,True
2024-2024091920gm-00a9-0000-49049014-05-s0-d8,203,A,1,50,"[8300,26400,32300,33000]",4,-10.0,1,3,0,0,7,True
2024-2024091920gm-00a9-0000-49049014-05-s0-d8,203,B,4,27,"[18500,41400,1300,38800]",3,-4.0,1,3,0,0,4,True
2024-2024091920gm-00a9-0000-49049014-05-s0-d8,204,A,1,50,"[7700,41400,26900,24000]",4,-10.0,1,3,0,0,7,True
2024-2024091920gm-00a9-0000-49049014-05-s0-d8,204,B,4,27,"[34700,31700,9400,24200]",1,10.0,1,3,0,0,6,True
2024-2024091920gm-00a9-0000-49049014-05-s0-d8,205,A,1,50,"[8000,28100,32500,31400]",4,-10.0,1,3,0,0,5,True
2024-2024091920gm-00a9-0000-49049014-05-s0-d8,205,B,4,27,"[11800,36300,13000,38900]",4,-10.0,1,3,1,0,5,True
2024-2024091920gm-00a9-0000-49049014-05-s0-d8,206,A,1,50,"[13200,38200,22300,26300]",4,-10.0,1,3,0,0,5,True
2024-2024091920gm-00a9-0000-49049014-05-s0-d8,206,B,4,27,"[13500,37200,30500,18800]",4,-10.0,1,3,0,0,5,True
2024-2024091920gm-00a9-0000-49049014-05-s0-d8,207,A,1,50,"[5200,44900,18600,31300]",4,-10.0,1,3,0,0,6,True
2024-2024091920gm-00a9-0000-49049014-05-s0-d8,207,B,4,27,"[11600,40500,20400,27500]",4,-10.0,1,3,0,0,6,True
2024-2024091920gm-00a9-0000-49049014-05-s0-d8,208,A,1,50,"[23300,26500,20200,30000]",3,-4.0,1,3,2,0,8,True
2024-2024091920gm-00a9-0000-49049014-05-s0-d8,208,B,4,27,"[31000,22600,23800,22600]",1,10.0,2,0,0,0,6,True
2024-2024091920gm-00a9-0000-49049014-05-s0-d8,209,A,1,50,"[23000,29200,34700,13100]",3,-4.0,1,3,0,0,6,True
2024-2024091920gm-00a9-0000-49049014-05-s0-d8,209,B,4,27,"[25600,32200,16200,26000]",3,-4.0,1,3,1,0,7,True
2024-2024091920gm-00a9-0000-49049014-05-s0-d8,210,A,1,50,"[7900,40100,27100,24900]",4,-10.0,1,3,3,0,6,True
2024-2024091920gm-00a9-0000-49049014-05-s0-d8,210,B,4,27,"[7900,40100,27100,24900]",4,-10.0,1,3,3,0,6,True
2024-2024091920gm-00a9-0000-49049014-05-s0-d8,211,A,1,50,"[18600,38400,19300,23700]",4,-10.0,1,3,2,0,6,True
2024-2024091920gm-00a9-0000-49049014-05-s0-d8,211,B,4,27,"[18600,38400,19300,23700]",4,-10.0,1,3,2,0,6,True
2024-2024091920gm-00a9-0000-49049014-05-s0-d8,212,A,1,50,"[43100,40900,3000,13000]",1,10.0,1,3,0,0,7,True
2024-2024091920gm-00a9-0000-49049014-05-s0-d8,212,B,4,27,"[4000,46700,21300,28000]",4,-10.0,1,3,1,0,7,True
2024-2024091920gm-00a9-0000-49049014-05-s0-d8,213,A,1,50,"[18100,20100,25000,36800]",4,-10.0,1,3,0,0,5,True
2024-2024091920gm-00a9-0000-49049014-05-s0-d8,213,B,4,27,"[18100,20100,25000,36800]",4,-10.0,1,3,0,0,5,True
2024-2024091920gm-00a9-0000-49049014-05-s0-d8,214,A,1,50,"[21700,38600,14000,25700]",3,-4.0,1,3,0,0,4,True
2024-2024091920gm-00a9-0000-49049014-05-s0-d8,214,B,4,27,"[34300,34500,8600,22600]",2,4.0,1,3,0,0,8,True
2024-2024091920gm-00a9-0000-49049014-05-s0-d8,215,A,1,50,"[18900,28200,21500,31400]",4,-10.0,1,3,0,0,4,True
2024-2024091920gm-00a9-0000-49049014-05-s0-d8,215,B,4,27,"[12900,40800,21700,24600]",4,-10.0,1,3,0,0,5,True
2024-2024091920gm-00a9-0000-49049014-05-s0-d8,216,A,1,50,"[35900,25700,22800,15600]",1,10.0,1,3,0,0,6,True
2024-2024091920gm-00a9-0000-49049014-05-s0-d8,216,B,4,27,"[32600,28100,8800,30500]",1,10.0,1,3,0,0,7,True
2024-2024091920gm-00a9-0000-49049014-05-s0-d8,217,A,1,50,"[22900,39300,2300,35500]",3,-4.0,1,3,0,0,7,True
2024-2024091920gm-00a9-0000-49049014-05-s0-d8,217,B,4,27,"[33100,29300,12100,25500]",1,10.0,1,3,0,0,6,True
2024-2024091920gm-00a9-0000-49049014-05-s0-d8,218,A,1,50,"[20300,30700,33800,15200]",3,-4.0,1,3,0,0,6,True
2024-2024091920gm-00a9-0000-49049014-05-s0-d8,218,B,4,27,"[27900,38600,12300,21200]",2,4.0,1,3,0,0,7,True
2024-2024091920gm-00a9-0000-49049014-05-s0-d8,219,A,1,50,"[29800,30500,15000,24700]",2,4.0,1,3,1,0,5,True
2024-2024091920gm-00a9-0000-49049014-05-s0-d8,219,B,4,27,"[29800,30500,15000,24700]",2,4.0,1,3,1,0,5,True
2024-2024091920gm-00a9-0000-49049014-05-s0-d8,220,A,1,50,"[-3600,45200,27700,30700]",4,-10.0,1,2,0,0,3,True
2024-2024091920gm-00a9-0000-49049014-05-s0-d8,220,B,4,27,"[12100,44600,17600,25700]",4,-10.0,1,3,1,0,6,True
2024-2024091920gm-00a9-0000-49049014-05-s0-d8,221,A,1,50,"[17300,29200,20500,33000]",4,-10.0,1,3,0,0,5,True
2024-2024091920gm-00a9-0000-49049014-05-s0-d8,221,B,4,27,"[17300,29200,20500,33000]",4,-10.0,1,3,0,0,5,True
2024-2024091920gm-00a9-0000-49049014-05-s0-d8,222,A,1,50,"[7900,46800,11000,34300]",4,-10.0,1,3,1,0,7,True
2024-2024091920gm-00a9-0000-49049014-05-s0-d8,222,B,4,27,"[7900,46800,11000,34300]",4,-10.0,1,3,1,0,7,True
2024-2024091920gm-00a9-0000-49049014-05-s0-d8,223,A,1,50,"[21400,35200,18200,25200]",3,-4.0,1,3,1,0,6,True
2024-2024091920gm-00a9-0000-49049014-05-s0-d8,223,B,4,27,"[6800,49700,11300,32200]",4,-10.0,1,3,0,0,5,True
2024-2024091920gm-00a9-0000-49049014-05-s0-d8,224,A,1,50,"[49200,29800,10800,10200]",1,10.0,1,3,0,0,7,True
2024-2024091920gm-00a9-0000-49049014-05-s0-d8,224,B,4,27,"[26800,39000,13100,20100]",2,4.0,1,3,0,1,6,True
2024-2024091920gm-00a9-0000-49049014-05-s0-d8,225,A,1,50,"[3800,39300,30500,26400]",4,-10.0,1,3,0,0,7,True
2024-2024091920gm-00a9-0000-49049014-05-s0-d8,225,B,4,27,"[18000,42700,20100,19200]",4,-10.0,1,3,0,0,5,True
2024-2024091920gm-00a9-0000-49049014-05-s0-d8,226,A,1,50,"[3400,51200,30900,14500]",4,-10.0,1,3,4,0,9,True
2024-2024091920gm-00a9-0000-49049014-05-s0-d8,226,B,4,27,"[27000,12800,27500,32700]",3,-4.0,1,3,1,0,6,True
2024-2024091920gm-00a9-0000-49049014-05-s0-d8,227,A,1,50,"[13700,33900,35400,17000]",4,-10.0,1,3,0,0,7,True
2024-2024091920gm-00a9-0000-49049014-05-s0-d8,227,B,4,27,"[36600,34000,-5500,34900]",1,10.0,1,3,0,0,6,True
2024-2024091920gm-00a9-0000-49049014-05-s0-d8,228,A,1,50,"[37700,28500,32800,1000]",1,10.0,1,3,0,0,6,True
2024-2024091920gm-00a9-0000-49049014-05-s0-d8,228,B,4,27,"[-500,44600,10000,45900]",4,-10.0,1,3,0,0,6,True
2024-2024091920gm-00a9-0000-49049014-05-s0-d8,229,A,1,50,"[42700,35400,-100,22000]",1,10.0,1,3,0,0,6,True
2024-2024091920gm-00a9-0000-49049014-05-s0-d8,229,B,4,27,"[33000,38400,-1800,30400]",2,4.0,1,3,0,0,5,True
2024-2024091920gm-00a9-0000-49049014-05-s0-d8,230,A,1,50,"[24000,36200,24100,15700]",3,-4.0,1,3,0,0,8,True
2024-2024091920gm-00a9-0000-49049014-05-s0-d8,230,B,4,27,"[20200,42000,25300,12500]",3,-4.0,1,3,0,0,8,True
2024-2024091920gm-00a9-0000-49049014-05-s0-d8,231,A,1,50,"[10400,31400,20600,37600]",4,-10.0,1,3,0,0,6,True
2024-2024091920gm-00a9-0000-49049014-05-s0-d8,231,B,4,27,"[23800,30400,22100,23700]",2,4.0,1,3,1,0,7,True
2024-2024091920gm-00a9-0000-49049014-05-s0-d8,232,A,1,50,"[37800,32700,5700,23800]",1,10.0,1,3,1,0,7,True
2024-2024091920gm-00a9-0000-49049014-05-s0-d8,232,B,4,27,"[16800,24300,18300,40600]",4,-10.0,1,3,0,0,7,True
2024-2024091920gm-00a9-0000-49049014-05-s0-d8,233,A,1,50,"[17800,32100,9800,40300]",3,-4.0,1,3,0,0,5,True
2024-2024091920gm-00a9-0000-49049014-05-s0-d8,233,B,4,27,"[13300,36200,7500,43000]",3,-4.0,1,3,0,0,7,True
2024-2024091920gm-00a9-0000-49049014-05-s0-d8,234,A,1,50,"[31000,36200,16400,16400]",2,4.0,1,3,0,0,5,True
2024-2024091920gm-00a9-0000-49049014-05-s0-d8,234,B,4,27,"[24900,33600,4000,37500]",3,-4.0,1,3,0,0,6,True
2024-2024091920gm-00a9-0000-49049014-05-s0-d8,235,A,1,50,"[26700,45400,3700,24200]",2,4.0,1,3,1,0,6,True
2024-2024091920gm-00a9-0000-49049014-05-s0-d8,235,B,4,27,"[26700,45400,3700,24200]",2,4.0,1,3,1,0,6,True
2024-2024091920gm-00a9-0000-49049014-05-s0-d8,236,A,1,50,"[18600,53700,1400,26300]",3,-4.0,1,3,0,0,8,True
2024-2024091920gm-00a9-0000-49049014-05-s0-d8,236,B,4,27,"[11000,35500,14300,39200]",4,-10.0,1,3,0,0,5,True
2024-2024091920gm-00a9-0000-49049014-05-s0-d8,237,A,1,50,"[19700,49300,8500,22500]",3,-4.0,1,3,0,0,6,True
2024-2024091920gm-00a9-0000-49049014-05-s0-d8,237,B,4,27,"[19700,49300,8500,22500]",3,-4.0,1,3,0,0,6,True
2024-2024091920gm-00a9-0000-49049014-05-s0-d8,238,A,1,50,"[25200,43900,10000,20900]",2,4.0,1,3,1,0,6,True
2024-2024091920gm-00a9-0000-49049014-05-s0-d8,238,B,4,27,"[17700,39100,16600,25600]",3,-4.0,1,3,0,1,6,True
2024-2024091920gm-00a9-0000-49049014-05-s0-d8,239,A,1,50,"[19100,36700,23600,20600]",4,-10.0,1,3,0,0,6,True
2024-2024091920gm-00a9-0000-49049014-05-s0-d8,239,B,4,27,"[22400,30000,34500,13100]",3,-4.0,1,3,0,0,6,True
2024-2024091920gm-00a9-0000-49049014-05-s0-d8,240,A,1,50,"[52000,27100,6800,14100]",1,10.0,1,3,0,0,9,True
2024-2024091920gm-00a9-0000-49049014-05-s0-d8,240,B,4,27,"[14100,51100,16300,18500]",4,-10.0,1,3,1,0,5,True
2024-2024091920gm-00a9-0000-49049014-05-s0-d8,241,A,1,50,"[15600,45900,4000,34500]",3,-4.0,1,3,0,0,6,True
2024-2024091920gm-00a9-0000-49049014-05-s0-d8,241,B,4,27,"[15600,45900,4000,34500]",3,-4.0,1,3,0,0,6,True
2024-2024091920gm-00a9-0000-49049014-05-s0-d8,242,A,1,50,"[27700,37500,22900,11900]",2,4.0,1,3,0,0,4,True
2024-2024091920gm-00a9-0000-49049014-05-s0-d8,242,B,4,27,"[3300,45900,30900,19900]",4,-10.0,1,3,1,0,7,True
2024-2024091920gm-00a9-0000-49049014-05-s0-d8,243,A,1,50,"[13500,51300,14600,20600]",4,-10.0,1,3,0,0,7,True
2024-2024091920gm-00a9-0000-49049014-05-s0-d8,243,B,4,27,"[30700,39900,10700,18700]",2,4.0,1,3,0,0,6,True
2024-2024091920gm-00a9-0000-49049014-05-s0-d8,244,A,1,50,"[21600,35600,2600,40200]",3,-4.0,1,3,0,0,6,True
2024-2024091920gm-00a9-0000-49049014-05-s0-d8,244,B,4,27,"[12400,25000,11700,50900]",3,-4.0,1,3,0,0,7,True
2024-2024091920gm-00a9-0000-49049014-05-s0-d8,245,A,1,50,"[19700,39600,21000,19700]",3,-4.0,1,3,0,0,5,True
2024-2024091920gm-00a9-0000-49049014-05-s0-d8,245,B,4,27,"[20000,36300,24400,19300]",3,-4.0,1,3,0,0,5,True
2024-2024091920gm-00a9-0000-49049014-05-s0-d8,246,A,1,50,"[29400,29000,32700,8900]",2,4.0,1,3,0,0,6,True
2024-2024091920gm-00a9-0000-49049014-05-s0-d8,246,B,4,27,"[29400,29000,32700,8900]",2,4.0,1,3,0,0,6,True
2024-2024091920gm-00a9-0000-49049014-05-s0-d8,247,A,1,50,"[22200,36400,12900,28500]",3,-4.0,1,3,0,0,5,True
2024-2024091920gm-00a9-0000-49049014-05-s0-d8,247,B,4,27,"[34000,40200,3700,22100]",2,4.0,1,3,1,0,6,True
2024-2024091920gm-00a9-0000-49049014-05-s0-d8,248,A,1,50,"[30900,33000,9900,26200]",2,4.0,1,3,3,0,9,True
2024-2024091920gm-00a9-0000-49049014-05-s0-d8,248,B,4,27,"[30900,33000,9900,26200]",2,4.0,1,3,3,0,9,True
2024-2024091920gm-00a9-0000-49049014-05-s0-d8,249,A,1,50,"[18600,47600,14800,19000]",3,-4.0,1,3,0,0,6,True
2024-2024091920gm-00a9-0000-49049014-05-s0-d8,249,B,4,27,"[16900,42100,26900,14100]",3,-4.0,1,3,0,0,8,True
2024-2024091920gm-00a9-0000-49049014-05-s0-d8,250,A,1,50,"[29900,34200,15300,20600]",2,4.0,1,3,0,0,5,True
2024-2024091920gm-00a9-0000-49049014-05-s0-d8,250,B,4,27,"[14500,30000,15200,40300]",4,-10.0,1,3,0,0,4,True
2024-2024091920gm-00a9-0000-49049014-05-s0-d8,251,A,1,50,"[3500,45500,37800,13200]",4,-10.0,1,3,0,0,5,True
2024-2024091920gm-00a9-0000-49049014-05-s0-d8,251,B,4,27,"[17200,26400,24400,32000]",4,-10.0,1,3,0,0,4,True
2024-2024091920gm-00a9-0000-49049014-05-s0-d8,252,A,1,50,"[22100,32700,19000,26200]",3,-4.0,1,3,0,0,5,True
2024-2024091920gm-00a9-0000-49049014-05-s0-d8,252,B,4,27,"[20000,39000,15200,25800]",3,-4.0,1,3,0,0,6,True
2024-2024091920gm-00a9-0000-49049014-05-s0-d8,253,A,1,50,"[39500,30200,9900,20400]",1,10.0,1,3,0,0,6,True
2024-2024091920gm-00a9-0000-49049014-05-s0-d8,253,B,4,27,"[24800,40200,13800,21200]",2,4.0,1,3,1,0,8,True
2024-2024091920gm-00a9-0000-49049014-05-s0-d8,254,A,1,50,"[27000,32900,16500,23600]",2,4.0,1,3,1,0,6,True
2024-2024091920gm-00a9-0000-49049014-05-s0-d8,254,B,4,27,"[7400,43300,17400,31900]",4,-10.0,1,3,0,0,4,True
2024-2024091920gm-00a9-0000-49049014-05-s0-d8,255,A,1,50,"[16600,37200,17700,28500]",4,-10.0,1,3,1,0,5,True
2024-2024091920gm-00a9-0000-49049014-05-s0-d8,255,B,4,27,"[21700,34500,21600,22200]",3,-4.0,1,3,1,0,5,True
2024-2024093020gm-00a9-0000-4385d1bc-07-s1-d3,0,A,1,44,"[19700,26200,15800,38300]",2,4.0,1,3,0,0,5,True
2024-2024093020gm-00a9-0000-4385d1bc-07-s1-d3,0,B,4,3,"[26800,15000,13300,44900]",3,-4.0,1,3,0,0,5,True
2024-2024093020gm-00a9-0000-4385d1bc-07-s1-d3,1,A,1,44,"[23500,24600,15100,36800]",2,4.0,1,3,0,0,7,True
2024-2024093020gm-00a9-0000-4385d1bc-07-s1-d3,1,B,4,3,"[21200,18600,27800,32400]",4,-10.0,1,3,0,0,8,True
2024-2024093020gm-00a9-0000-4385d1bc-07-s1-d3,2,A,1,44,"[19500,34200,4700,41600]",2,4.0,1,3,0,0,7,True
2024-2024093020gm-00a9-0000-4385d1bc-07-s1-d3,2,B,4,3,"[19500,34200,4700,41600]",2,4.0,1,3,0,0,7,True
2024-2024093020gm-00a9-0000-4385d1bc-07-s1-d3,3,A,1,44,"[19000,1900,30900,48200]",4,-10.0,1,3,0,0,6,True
2024-2024093020gm-00a9-0000-4385d1bc-07-s1-d3,3,B,4,3,"[20600,20700,19400,39300]",2,4.0,1,3,0,0,5,True
2024-2024093020gm-00a9-0000-4385d1bc-07-s1-d3,4,A,1,44,"[30000,27900,3100,39000]",3,-4.0,1,3,0,0,6,True
2024-2024093020gm-00a9-0000-4385d1bc-07-s1-d3,4,B,4,3,"[5700,34700,18600,41000]",2,4.0,1,3,0,0,5,True
2024-2024093020gm-00a9-0000-4385d1bc-07-s1-d3,5,A,1,44,"[21700,31700,37700,8900]",2,4.0,1,3,0,0,7,True
2024-2024093020gm-00a9-0000-4385d1bc-07-s1-d3,5,B,4,3,"[21700,31700,37700,8900]",2,4.0,1,3,0,0,7,True
2024-2024093020gm-00a9-0000-4385d1bc-07-s1-d3,6,A,1,44,"[19200,33100,7400,40300]",2,4.0,1,3,2,0,11,True
2024-2024093020gm-00a9-0000-4385d1bc-07-s1-d3,6,B,4,3,"[15800,6200,45000,33000]",4,-10.0,1,3,0,0,6,True
2024-2024093020gm-00a9-0000-4385d1bc-07-s1-d3,7,A,1,44,"[31600,9400,10200,48800]",4,-10.0,1,3,3,0,8,True
2024-2024093020gm-00a9-0000-4385d1bc-07-s1-d3,7,B,4,3,"[31600,9400,10200,48800]",4,-10.0,1,3,3,0,8,True
2024-2024093020gm-00a9-0000-4385d1bc-07-s1-d3,8,A,1,44,"[31400,35500,16800,16300]",1,10.0,1,3,0,0,6,True
2024-2024093020gm-00a9-0000-4385d1bc-07-s1-d3,8,B,4,3,"[47800,16400,12000,23800]",3,-4.0,1,3,0,0,6,True
2024-2024093020gm-00a9-0000-4385d1bc-07-s1-d3,9,A,1,44,"[21800,42500,12200,23500]",1,10.0,1,3,5,0,10,True
2024-2024093020gm-00a9-0000-4385d1bc-07-s1-d3,9,B,4,3,"[31600,37700,7500,23200]",1,10.0,1,3,0,0,6,True
2024-2024093020gm-00a9-0000-4385d1bc-07-s1-d3,10,A,1,44,"[15000,27900,19100,38000]",2,4.0,1,3,0,0,8,True
2024-2024093020gm-00a9-0000-4385d1bc-07-s1-d3,10,B,4,3,"[24100,7100,19700,47100]",4,-10.0,1,3,2,2,7,True
2024-2024093020gm-00a9-0000-4385d1bc-07-s1-d3,11,A,1,44,"[43000,36200,800,20000]",2,4.0,1,3,0,0,9,True
2024-2024093020gm-00a9-0000-4385d1bc-07-s1-d3,11,B,4,3,"[28700,8200,16400,46700]",4,-10.0,1,3,0,0,10,True
2024-2024093020gm-00a9-0000-4385d1bc-07-s1-d3,12,A,1,44,"[19000,16200,39200,25600]",4,-10.0,1,3,0,0,6,True
2024-2024093020gm-00a9-0000-4385d1bc-07-s1-d3,12,B,4,3,"[19000,16200,39200,25600]",4,-10.0,1,3,0,0,6,True
2024-2024093020gm-00a9-0000-4385d1bc-07-s1-d3,13,A,1,44,"[7600,29600,25500,37300]",2,4.0,1,3,0,0,10,True
2024-2024093020gm-00a9-0000-4385d1bc-07-s1-d3,13,B,4,3,"[16400,23800,24700,35100]",3,-4.0,1,3,0,0,5,True
2024-2024093020gm-00a9-0000-4385d1bc-07-s1-d3,14,A,1,44,"[32500,17600,18300,31600]",4,-10.0,1,3,0,0,6,True
2024-2024093020gm-00a9-0000-4385d1bc-07-s1-d3,14,B,4,3,"[32500,17600,18300,31600]",4,-10.0,1,3,0,0,6,True
2024-2024093020gm-00a9-0000-4385d1bc-07-s1-d3,15,A,1,44,"[22200,7300,35600,34900]",4,-10.0,1,3,0,0,6,True
2024-2024093020gm-00a9-0000-4385d1bc-07-s1-d3,15,B,4,3,"[31200,29200,10800,28800]",2,4.0,1,3,0,0,5,True
2024-2024093020gm-00a9-0000-4385d1bc-07-s1-d3,16,A,1,44,"[20800,12800,39300,27100]",4,-10.0,1,3,1,0,5,True
2024-2024093020gm-00a9-0000-4385d1bc-07-s1-d3,16,B,4,3,"[20800,12800,39300,27100]",4,-10.0,1,3,1,0,5,True
2024-2024093020gm-00a9-0000-4385d1bc-07-s1-d3,17,A,1,44,"[55600,26600,17200,600]",2,4.0,1,3,1,0,7,True
2024-2024093020gm-00a9-0000-4385d1bc-07-s1-d3,17,B,4,3,"[55600,26600,17200,600]",2,4.0,1,3,1,0,7,True
2024-2024093020gm-00a9-0000-4385d1bc-07-s1-d3,18,A,1,44,"[-600,17400,23900,59300]",3,-4.0,1,1,0,0,4,True
2024-2024093020gm-00a9-0000-4385d1bc-07-s1-d3,18,B,4,3,"[39100,2100,13400,45400]",4,-10.0,1,3,0,0,6,True
2024-2024093020gm-00a9-0000-4385d1bc-07-s1-d3,19,A,1,44,"[22100,11300,15100,51500]",4,-10.0,1,3,0,0,5,True
2024-2024093020gm-00a9-0000-4385d1bc-07-s1-d3,19,B,4,3,"[36600,15500,18800,29100]",4,-10.0,2,0,0,0,8,True
2024-2024093020gm-00a9-0000-4385d1bc-07-s1-d3,20,A,1,44,"[22100,10300,32800,34800]",4,-10.0,1,3,0,0,5,True
2024-2024093020gm-00a9-0000-4385d1bc-07-s1-d3,20,B,4,3,"[22100,27900,12800,37200]",2,4.0,1,3,0,0,5,True
2024-2024093020gm-00a9-0000-4385d1bc-07-s1-d3,21,A,1,44,"[34300,16000,25400,24300]",4,-10.0,1,3,0,0,6,True
2024-2024093020gm-00a9-0000-4385d1bc-07-s1-d3,21,B,4,3,"[27100,14500,14200,44200]",3,-4.0,1,3,0,0,7,True
2024-2024093020gm-00a9-0000-4385d1bc-07-s1-d3,22,A,1,44,"[30800,32000,-6100,43300]",2,4.0,1,1,0,0,5,True
2024-2024093020gm-00a9-0000-4385d1bc-07-s1-d3,22,B,4,3,"[25900,11700,12800,49600]",4,-10.0,1,3,0,0,5,True
2024-2024093020gm-00a9-0000-4385d1bc-07-s1-d3,23,A,1,44,"[11800,23400,13700,51100]",2,4.0,1,3,0,0,5,True
2024-2024093020gm-00a9-0000-4385d1bc-07-s1-d3,23,B,4,3,"[22000,15600,16800,45600]",4,-10.0,1,3,0,0,5,True
2024-2024093020gm-00a9-0000-4385d1bc-07-s1-d3,24,A,1,44,"[37900,19900,14900,27300]",3,-4.0,1,3,0,0,5,True
2024-2024093020gm-00a9-0000-4385d1bc-07-s1-d3,24,B,4,3,"[28500,28500,3100,39900]",3,-4.0,1,3,0,0,7,True
2024-2024093020gm-00a9-0000-4385d1bc-07-s1-d3,25,A,1,44,"[16900,22500,19000,41600]",2,4.0,1,3,0,0,6,True
2024-2024093020gm-00a9-0000-4385d1bc-07-s1-d3,25,B,4,3,"[22200,22700,12800,42300]",2,4.0,1,3,0,0,6,True
2024-2024093020gm-00a9-0000-4385d1bc-07-s1-d3,26,A,1,44,"[22500,28900,14000,34600]",2,4.0,1,3,2,0,7,True
2024-2024093020gm-00a9-0000-4385d1bc-07-s1-d3,26,B,4,3,"[10900,33700,18500,36900]",2,4.0,1,3,0,0,7,True
2024-2024093020gm-00a9-0000-4385d1bc-07-s1-d3,27,A,1,44,"[43300,6200,22700,27800]",4,-10.0,1,3,1,0,7,True
2024-2024093020gm-00a9-0000-4385d1bc-07-s1-d3,27,B,4,3,"[22800,30200,-3900,50900]",2,4.0,1,1,3,0,7,True
2024-2024093020gm-00a9-0000-4385d1bc-07-s1-d3,28,A,1,44,"[42900,18900,10000,28200]",3,-4.0,1,3,0,0,6,True
2024-2024093020gm-00a9-0000-4385d1bc-07-s1-d3,28,B,4,3,"[27800,22700,14400,35100]",3,-4.0,1,3,0,0,6,True
2024-2024093020gm-00a9-0000-4385d1bc-07-s1-d3,29,A,1,44,"[37300,9300,21900,31500]",4,-10.0,1,3,0,0,7,True
2024-2024093020gm-00a9-0000-4385d1bc-07-s1-d3,29,B,4,3,"[24000,22400,18600,35000]",3,-4.0,1,3,0,0,7,True
2024-2024093020gm-00a9-0000-4385d1bc-07-s1-d3,30,A,1,44,"[28000,10100,15700,46200]",4,-10.0,1,3,0,0,7,True
2024-2024093020gm-00a9-0000-4385d1bc-07-s1-d3,30,B,4,3,"[28800,7200,14500,49500]",4,-10.0,1,3,0,0,5,True
2024-2024093020gm-00a9-0000-4385d1bc-07-s1-d3,31,A,1,44,"[27400,26800,10500,35300]",3,-4.0,1,3,0,0,6,True
2024-2024093020gm-00a9-0000-4385d1bc-07-s1-d3,31,B,4,3,"[8300,28600,28200,33900]",2,4.0,1,3,0,1,7,True
2024-2024093020gm-00a9-0000-4385d1bc-07-s1-d3,32,A,1,44,"[24800,5600,25100,44500]",4,-10.0,1,3,2,0,5,True
2024-2024093020gm-00a9-0000-4385d1bc-07-s1-d3,32,B,4,3,"[22300,22600,17600,37500]",2,4.0,1,3,0,0,6,True
2024-2024093020gm-00a9-0000-4385d1bc-07-s1-d3,33,A,1,44,"[21600,18100,9500,50800]",3,-4.0,1,3,0,0,6,True
2024-2024093020gm-00a9-0000-4385d1bc-07-s1-d3,33,B,4,3,"[21600,18100,9500,50800]",3,-4.0,1,3,0,0,6,True
2024-2024093020gm-00a9-0000-4385d1bc-07-s1-d3,34,A,1,44,"[21700,8200,5700,64400]",3,-4.0,1,3,0,0,6,True
2024-2024093020gm-00a9-0000-4385d1bc-07-s1-d3,34,B,4,3,"[20500,31300,11500,36700]",2,4.0,1,3,0,0,8,True
2024-2024093020gm-00a9-0000-4385d1bc-07-s1-d3,35,A,1,44,"[20500,-1300,26100,54700]",4,-10.0,1,1,1,0,5,True
2024-2024093020gm-00a9-0000-4385d1bc-07-s1-d3,35,B,4,3,"[21000,24200,24300,30500]",3,-4.0,1,3,0,0,7,True
2024-2024093020gm-00a9-0000-4385d1bc-07-s1-d3,36,A,1,44,"[42200,8500,30800,18500]",4,-10.0,1,3,0,0,7,True
2024-2024093020gm-00a9-0000-4385d1bc-07-s1-d3,36,B,4,3,"[42200,8500,30800,18500]",4,-10.0,1,3,0,0,7,True
2024-2024093020gm-00a9-0000-4385d1bc-07-s1-d3,37,A,1,44,"[24500,21100,20400,34000]",3,-4.0,1,3,0,0,6,True
2024-2024093020gm-00a9-0000-4385d1bc-07-s1-d3,37,B,4,3,"[22700,19500,27700,30100]",4,-10.0,2,1,1,0,7,True
2024-2024093020gm-00a9-0000-4385d1bc-07-s1-d3,38,A,1,44,"[34700,12000,20500,32800]",4,-10.0,1,3,0,0,5,True
2024-2024093020gm-00a9-0000-4385d1bc-07-s1-d3,38,B,4,3,"[23700,10200,27200,38900]",4,-10.0,1,3,0,0,5,True
2024-2024093020gm-00a9-0000-4385d1bc-07-s1-d3,39,A,1,44,"[17100,18900,34900,29100]",3,-4.0,1,3,0,0,5,True
2024-2024093020gm-00a9-0000-4385d1bc-07-s1-d3,39,B,4,3,"[16400,28800,23900,30900]",2,4.0,2,0,1,0,8,True
2024-2024093020gm-00a9-0000-4385d1bc-07-s1-d3,40,A,1,44,"[33500,11800,10900,43800]",3,-4.0,1,3,0,0,8,True
2024-2024093020gm-00a9-0000-4385d1bc-07-s1-d3,40,B,4,3,"[24300,3800,35800,36100]",4,-10.0,1,3,0,0,5,True
2024-2024093020gm-00a9-0000-4385d1bc-07-s1-d3,41,A,1,44,"[18900,28400,22500,30200]",2,4.0,1,3,0,0,5,True
2024-2024093020gm-00a9-0000-4385d1bc-07-s1-d3,41,B,4,3,"[5500,19800,24200,50500]",3,-4.0,1,3,1,0,6,True
2024-2024093020gm-00a9-0000-4385d1bc-07-s1-d3,42,A,1,44,"[12100,22600,31300,34000]",3,-4.0,1,3,0,0,5,True
2024-2024093020gm-00a9-0000-4385d1bc-07-s1-d3,42,B,4,3,"[29100,18500,0,52400]",3,-4.0,1,3,0,0,6,True
2024-2024093020gm-00a9-0000-4385d1bc-07-s1-d3,43,A,1,44,"[21400,1300,23000,52300]",4,-10.0,1,3,0,2,11,True
2024-2024093020gm-00a9-0000-4385d1bc-07-s1-d3,43,B,4,3,"[23800,19600,21800,34800]",4,-10.0,1,3,1,0,6,True
2024-2024093020gm-00a9-0000-4385d1bc-07-s1-d3,44,A,1,44,"[32600,18100,28000,21300]",4,-10.0,1,3,0,0,8,True
2024-2024093020gm-00a9-0000-4385d1bc-07-s1-d3,44,B,4,3,"[17200,28300,20300,34200]",2,4.0,2,0,0,0,8,True
2024-2024093020gm-00a9-0000-4385d1bc-07-s1-d3,45,A,1,44,"[28400,19400,15100,37100]",3,-4.0,1,3,0,0,5,True
2024-2024093020gm-00a9-0000-4385d1bc-07-s1-d3,45,B,4,3,"[28500,31100,6900,33500]",2,4.0,1,3,0,0,5,True
2024-2024093020gm-00a9-0000-4385d1bc-07-s1-d3,46,A,1,44,"[38200,10600,14600,36600]",4,-10.0,1,3,0,0,6,True
2024-2024093020gm-00a9-0000-4385d1bc-07-s1-d3,46,B,4,3,"[41200,8900,19500,30400]",4,-10.0,1,3,0,0,6,True
2024-2024093020gm-00a9-0000-4385d1bc-07-s1-d3,47,A,1,44,"[25000,-7300,44400,37900]",4,-10.0,1,3,1,0,9,True
2024-2024093020gm-00a9-0000-4385d1bc-07-s1-d3,47,B,4,3,"[15300,16400,27600,40700]",3,-4.0,1,3,0,0,6,True
2024-2024093020gm-00a9-0000-4385d1bc-07-s1-d3,48,A,1,44,"[51100,18700,5700,24500]",3,-4.0,1,3,1,0,9,True
2024-2024093020gm-00a9-0000-4385d1bc-07-s1-d3,48,B,4,3,"[51100,18700,5700,24500]",3,-4.0,1,3,1,0,9,True
2024-2024093020gm-00a9-0000-4385d1bc-07-s1-d3,49,A,1,44,"[33600,29800,2100,34500]",3,-4.0,1,3,0,0,7,True
2024-2024093020gm-00a9-0000-4385d1bc-07-s1-d3,49,B,4,3,"[-1200,24900,29600,46700]",3,-4.0,1,1,0,0,4,True
2024-2024093020gm-00a9-0000-4385d1bc-07-s1-d3,50,A,1,44,"[35000,19100,16100,29800]",3,-4.0,1,3,0,0,6,True
2024-2024093020gm-00a9-0000-4385d1bc-07-s1-d3,50,B,4,3,"[19100,25700,20700,34500]",2,4.0,2,1,1,0,9,True
2024-2024093020gm-00a9-0000-4385d1bc-07-s1-d3,51,A,1,44,"[25700,8200,22800,43300]",4,-10.0,1,3,0,0,5,True
2024-2024093020gm-00a9-0000-4385d1bc-07-s1-d3,51,B,4,3,"[30000,19400,15600,35000]",3,-4.0,1,3,0,0,7,True
2024-2024093020gm-00a9-0000-4385d1bc-07-s1-d3,52,A,1,44,"[55900,16500,-3400,31000]",3,-4.0,1,2,0,0,5,True
2024-2024093020gm-00a9-0000-4385d1bc-07-s1-d3,52,B,4,3,"[30900,3500,34000,31600]",4,-10.0,1,3,2,0,6,True
2024-2024093020gm-00a9-0000-4385d1bc-07-s1-d3,53,A,1,44,"[11800,31900,20200,36100]",2,4.0,1,3,2,0,6,True
2024-2024093020gm-00a9-0000-4385d1bc-07-s1-d3,53,B,4,3,"[27000,23400,14700,33900]",3,-4.0,1,3,2,1,6,True
2024-2024093020gm-00a9-0000-4385d1bc-07-s1-d3,54,A,1,44,"[32400,20200,13900,33500]",3,-4.0,1,3,0,0,5,True
2024-2024093020gm-00a9-0000-4385d1bc-07-s1-d3,54,B,4,3,"[32400,20200,13900,33500]",3,-4.0,1,3,0,0,5,True
2024-2024093020gm-00a9-0000-4385d1bc-07-s1-d3,55,A,1,44,"[23500,13300,7600,55600]",3,-4.0,1,3,0,0,5,True
2024-2024093020gm-00a9-0000-4385d1bc-07-s1-d3,55,B,4,3,"[17900,-200,42100,40200]",4,-10.0,1,2,0,0,5,True
2024-2024093020gm-00a9-0000-4385d1bc-07-s1-d3,56,A,1,44,"[22800,9700,27700,39800]",4,-10.0,1,3,0,0,5,True
2024-2024093020gm-00a9-0000-4385d1bc-07-s1-d3,56,B,4,3,"[18800,27700,13600,39900]",2,4.0,1,3,0,0,5,True
2024-2024093020gm-00a9-0000-4385d1bc-07-s1-d3,57,A,1,44,"[10800,30600,13400,45200]",2,4.0,1,3,0,0,6,True
2024-2024093020gm-00a9-0000-4385d1bc-07-s1-d3,57,B,4,3,"[10800,30600,13400,45200]",2,4.0,1,3,0,0,6,True
2024-2024093020gm-00a9-0000-4385d1bc-07-s1-d3,58,A,1,44,"[21900,22500,16900,37700]",2,4.0,1,3,1,1,7,True
2024-2024093020gm-00a9-0000-4385d1bc-07-s1-d3,58,B,4,3,"[21900,22500,16900,37700]",2,4.0,1,3,1,1,7,True
2024-2024093020gm-00a9-0000-4385d1bc-07-s1-d3,59,A,1,44,"[30200,15400,7100,44300]",3,-4.0,1,3,1,3,6,True
2024-2024093020gm-00a9-0000-4385d1bc-07-s1-d3,59,B,4,3,"[36600,25200,4400,33800]",3,-4.0,1,3,0,0,5,True
2024-2024093020gm-00a9-0000-4385d1bc-07-s1-d3,60,A,1,44,"[23500,18100,24100,34300]",4,-10.0,1,3,0,0,5,True
2024-2024093020gm-00a9-0000-4385d1bc-07-s1-d3,60,B,4,3,"[23000,17600,24800,34600]",4,-10.0,1,3,0,0,7,True
2024-2024093020gm-00a9-0000-4385d1bc-07-s1-d3,61,A,1,44,"[16200,39500,32300,12000]",1,10.0,1,3,2,0,7,True
2024-2024093020gm-00a9-0000-4385d1bc-07-s1-d3,61,B,4,3,"[16000,30400,26400,27200]",1,10.0,2,3,0,0,11,True
2024-2024093020gm-00a9-0000-4385d1bc-07-s1-d3,62,A,1,44,"[6400,32400,35800,25400]",2,4.0,1,3,0,0,9,True
2024-2024093020gm-00a9-0000-4385d1bc-07-s1-d3,62,B,4,3,"[21900,23000,31500,23600]",3,-4.0,1,3,1,0,7,True
2024-2024093020gm-00a9-0000-4385d1bc-07-s1-d3,63,A,1,44,"[29300,11300,41500,17900]",4,-10.0,1,3,0,0,8,True
2024-2024093020gm-00a9-0000-4385d1bc-07-s1-d3,63,B,4,3,"[6500,15800,33600,44100]",3,-4.0,1,3,0,0,8,True
2024-2024093020gm-00a9-0000-4385d1bc-07-s1-d3,64,A,1,44,"[4700,41600,22400,31300]",1,10.0,1,3,0,0,7,True
2024-2024093020gm-00a9-0000-4385d1bc-07-s1-d3,64,B,4,3,"[24800,15000,22600,37600]",4,-10.0,1,3,1,0,5,True
2024-2024093020gm-00a9-0000-4385d1bc-07-s1-d3,65,A,1,44,"[34400,17200,13700,34700]",3,-4.0,1,3,0,0,5,True
2024-2024093020gm-00a9-0000-4385d1bc-07-s1-d3,65,B,4,3,"[31800,17000,15100,36100]",3,-4.0,1,3,0,0,5,True
2024-2024093020gm-00a9-0000-4385d1bc-07-s1-d3,66,A,1,44,"[17300,19200,20700,42800]",3,-4.0,1,3,0,0,7,True
2024-2024093020gm-00a9-0000-4385d1bc-07-s1-d3,66,B,4,3,"[25000,30300,15300,29400]",1,10.0,2,0,0,0,6,True
2024-2024093020gm-00a9-0000-4385d1bc-07-s1-d3,67,A,1,44,"[21300,29500,500,48700]",2,4.0,1,3,0,0,7,True
2024-2024093020gm-00a9-0000-4385d1bc-07-s1-d3,67,B,4,3,"[36500,13400,1800,48300]",3,-4.0,1,3,0,0,6,True
2024-2024093020gm-00a9-0000-4385d1bc-07-s1-d3,68,A,1,44,"[31300,20700,24600,23400]",4,-10.0,2,1,1,0,9,True
2024-2024093020gm-00a9-0000-4385d1bc-07-s1-d3,68,B,4,3,"[17100,21300,21300,40300]",2,4.0,1,3,0,0,6,True
2024-2024093020gm-00a9-0000-4385d1bc-07-s1-d3,69,A,1,44,"[25000,31100,15200,28700]",1,10.0,2,1,0,0,10,True
2024-2024093020gm-00a9-0000-4385d1bc-07-s1-d3,69,B,4,3,"[23900,32900,10400,32800]",1,10.0,1,3,0,0,7,True
2024-2024093020gm-00a9-0000-4385d1bc-07-s1-d3,70,A,1,44,"[18700,30400,7900,43000]",2,4.0,1,3,0,0,5,True
2024-2024093020gm-00a9-0000-4385d1bc-07-s1-d3,70,B,4,3,"[10700,15600,21400,52300]",3,-4.0,1,3,0,0,6,True
2024-2024093020gm-00a9-0000-4385d1bc-07-s1-d3,71,A,1,44,"[14200,17600,23800,44400]",3,-4.0,1,3,0,0,5,True
2024-2024093020gm-00a9-0000-4385d1bc-07-s1-d3,71,B,4,3,"[29500,21700,7100,41700]",3,-4.0,1,3,0,0,5,True
2024-2024093020gm-00a9-0000-4385d1bc-07-s1-d3,72,A,1,44,"[26100,17900,17400,38600]",3,-4.0,1,3,0,0,6,True
2024-2024093020gm-00a9-0000-4385d1bc-07-s1-d3,72,B,4,3,"[26100,17900,17400,38600]",3,-4.0,1,3,0,0,6,True
2024-2024093020gm-00a9-0000-4385d1bc-07-s1-d3,73,A,1,44,"[30200,22300,22100,25400]",3,-4.0,1,3,0,0,5,True
2024-2024093020gm-00a9-0000-4385d1bc-07-s1-d3,73,B,4,3,"[23200,41900,300,34600]",1,10.0,1,3,0,0,8,True
2024-2024093020gm-00a9-0000-4385d1bc-07-s1-d3,74,A,1,44,"[32800,36100,-2400,33500]",1,10.0,1,2,0,0,4,True
2024-2024093020gm-00a9-0000-4385d1bc-07-s1-d3,74,B,4,3,"[37000,31500,800,30700]",2,4.0,1,3,0,0,5,True
2024-2024093020gm-00a9-0000-4385d1bc-07-s1-d3,75,A,1,44,"[7400,26300,24600,41700]",2,4.0,1,3,0,0,5,True
2024-2024093020gm-00a9-0000-4385d1bc-07-s1-d3,75,B,4,3,"[7400,26300,24600,41700]",2,4.0,1,3,0,0,5,True
2024-2024093020gm-00a9-0000-4385d1bc-07-s1-d3,76,A,1,44,"[17700,29400,15800,37100]",2,4.0,1,3,0,0,5,True
2024-2024093020gm-00a9-0000-4385d1bc-07-s1-d3,76,B,4,3,"[14800,22300,12500,50400]",2,4.0,1,3,0,0,7,True
2024-2024093020gm-00a9-0000-4385d1bc-07-s1-d3,77,A,1,44,"[-1500,23500,25000,53000]",3,-4.0,1,3,0,0,5,True
2024-2024093020gm-00a9-0000-4385d1bc-07-s1-d3,77,B,4,3,"[14200,26000,34600,25200]",2,4.0,1,3,3,0,7,True
2024-2024093020gm-00a9-0000-4385d1bc-07-s1-d3,78,A,1,44,"[33900,12600,9200,44300]",3,-4.0,1,3,0,0,7,True
2024-2024093020gm-00a9-0000-4385d1bc-07-s1-d3,78,B,4,3,"[27800,28100,9800,34300]",2,4.0,1,3,0,0,5,True
2024-2024093020gm-00a9-0000-4385d1bc-07-s1-d3,79,A,1,44,"[52300,10200,12000,25500]",4,-10.0,1,3,1,0,10,True
2024-2024093020gm-00a9-0000-4385d1bc-07-s1-d3,79,B,4,3,"[13900,26600,15000,44500]",2,4.0,1,3,0,0,7,True
2024-2024093020gm-00a9-0000-4385d1bc-07-s1-d3,80,A,1,44,"[38800,17000,13400,30800]",3,-4.0,1,3,0,0,5,True
2024-2024093020gm-00a9-0000-4385d1bc-07-s1-d3,80,B,4,3,"[40300,11500,13800,34400]",4,-10.0,1,3,0,0,6,True
2024-2024093020gm-00a9-0000-4385d1bc-07-s1-d3,81,A,1,44,"[35200,12100,16300,35400]",4,-10.0,1,3,0,1,7,True
2024-2024093020gm-00a9-0000-4385d1bc-07-s1-d3,81,B,4,3,"[20700,-12000,44600,46700]",4,-10.0,1,2,1,0,7,True
2024-2024093020gm-00a9-0000-4385d1bc-07-s1-d3,82,A,1,44,"[33900,-16600,28700,54000]",4,-10.0,1,1,2,0,5,True
2024-2024093020gm-00a9-0000-4385d1bc-07-s1-d3,82,B,4,3,"[33900,-16600,28700,54000]",4,-10.0,1,1,2,0,5,True
2024-2024093020gm-00a9-0000-4385d1bc-07-s1-d3,83,A,1,44,"[54800,12100,9400,23700]",3,-4.0,1,3,0,0,8,True
2024-2024093020gm-00a9-0000-4385d1bc-07-s1-d3,83,B,4,3,"[43900,-10100,45300,20900]",4,-10.0,1,2,2,0,7,True
2024-2024093020gm-00a9-0000-4385d1bc-07-s1-d3,84,A,1,44,"[12200,20800,22700,44300]",3,-4.0,1,3,0,0,5,True
2024-2024093020gm-00a9-0000-4385d1bc-07-s1-d3,84,B,4,3,"[32900,10900,26200,30000]",4,-10.0,1,3,0,0,6,True
2024-2024093020gm-00a9-0000-4385d1bc-07-s1-d3,85,A,1,44,"[31100,25300,13100,30500]",3,-4.0,1,3,0,0,8,True
2024-2024093020gm-00a9-0000-4385d1bc-07-s1-d3,85,B,4,3,"[31700,23300,13200,31800]",3,-4.0,1,3,0,0,8,True
2024-2024093020gm-00a9-0000-4385d1bc-07-s1-d3,86,A,1,44,"[40700,22200,3900,33200]",3,-4.0,1,3,0,0,7,True
2024-2024093020gm-00a9-0000-4385d1bc-07-s1-d3,86,B,4,3,"[17300,34100,12800,35800]",2,4.0,1,3,0,0,7,True
2024-2024093020gm-00a9-0000-4385d1bc-07-s1-d3,87,A,1,44,"[33700,13600,28300,24400]",4,-10.0,1,3,1,0,7,True
2024-2024093020gm-00a9-0000-4385d1bc-07-s1-d3,87,B,4,3,"[29200,1900,24200,44700]",4,-10.0,1,3,0,0,7,True
2024-2024093020gm-00a9-0000-4385d1bc-07-s1-d3,88,A,1,44,"[17000,37100,4600,41300]",2,4.0,1,3,0,0,7,True
2024-2024093020gm-00a9-0000-4385d1bc-07-s1-d3,88,B,4,3,"[26500,29800,11400,32300]",2,4.0,1,3,0,0,8,True
2024-2024093020gm-00a9-0000-4385d1bc-07-s1-d3,89,A,1,44,"[14400,22900,22400,40300]",2,4.0,1,3,2,0,7,True
2024-2024093020gm-00a9-0000-4385d1bc-07-s1-d3,89,B,4,3,"[-500,34700,24800,41000]",2,4.0,1,2,0,0,5,True
2024-2024093020gm-00a9-0000-4385d1bc-07-s1-d3,90,A,1,44,"[5500,11400,55900,27200]",3,-4.0,1,3,0,0,6,True
2024-2024093020gm-00a9-0000-4385d1bc-07-s1-d3,90,B,4,3,"[22300,24300,19700,32700]",2,4.0,1,3,0,1,6,True
2024-2024093020gm-00a9-0000-4385d1bc-07-s1-d3,91,A,1,44,"[28400,5300,19400,46900]",4,-10.0,1,3,0,0,6,True
2024-2024093020gm-00a9-0000-4385d1bc-07-s1-d3,91,B,4,3,"[16800,9200,34800,39200]",4,-10.0,1,3,0,0,6,True
2024-2024093020gm-00a9-0000-4385d1bc-07-s1-d3,92,A,1,44,"[30700,34300,-400,35400]",2,4.0,1,1,0,0,3,True
2024-2024093020gm-00a9-0000-4385d1bc-07-s1-d3,92,B,4,3,"[28500,36100,-700,36100]",1,10.0,1,2,0,0,4,True
2024-2024093020gm-00a9-0000-4385d1bc-07-s1-d3,93,A,1,44,"[31200,18700,15400,34700]",3,-4.0,1,3,0,0,6,True
2024-2024093020gm-00a9-0000-4385d1bc-07-s1-d3,93,B,4,3,"[28800,6000,38700,26500]",4,-10.0,1,3,0,0,7,True
2024-2024093020gm-00a9-0000-4385d1bc-07-s1-d3,94,A,1,44,"[10600,26900,7100,55400]",2,4.0,1,3,0,0,5,True
2024-2024093020gm-00a9-0000-4385d1bc-07-s1-d3,94,B,4,3,"[29700,12900,6200,51200]",3,-4.0,1,3,0,0,5,True
2024-2024093020gm-00a9-0000-4385d1bc-07-s1-d3,95,A,1,44,"[38500,13200,7200,41100]",3,-4.0,1,3,0,0,8,True
2024-2024093020gm-00a9-0000-4385d1bc-07-s1-d3,95,B,4,3,"[46000,3400,10400,40200]",4,-10.0,1,3,0,0,9,True
2024-2024093020gm-00a9-0000-4385d1bc-07-s1-d3,96,A,1,44,"[-1800,26200,30600,45000]",3,-4.0,1,2,0,0,5,True
2024-2024093020gm-00a9-0000-4385d1bc-07-s1-d3,96,B,4,3,"[-1800,26200,30600,45000]",3,-4.0,1,2,0,0,5,True
2024-2024093020gm-00a9-0000-4385d1bc-07-s1-d3,97,A,1,44,"[29600,200,19800,50400]",4,-10.0,1,3,0,0,6,True
2024-2024093020gm-00a9-0000-4385d1bc-07-s1-d3,97,B,4,3,"[38100,13100,11300,37500]",3,-4.0,1,3,0,0,6,True
2024-2024093020gm-00a9-0000-4385d1bc-07-s1-d3,98,A,1,44,"[26700,33300,9700,30300]",1,10.0,1,3,0,0,10,True
2024-2024093020gm-00a9-0000-4385d1bc-07-s1-d3,98,B,4,3,"[34500,22800,17800,22900]",3,-4.0,1,3,0,2,9,True
2024-2024093020gm-00a9-0000-4385d1bc-07-s1-d3,99,A,1,44,"[18100,-3800,30100,55600]",4,-10.0,1,0,0,0,3,True
2024-2024093020gm-00a9-0000-4385d1bc-07-s1-d3,99,B,4,3,"[18100,-3800,30100,55600]",4,-10.0,1,0,0,0,3,True
2024-2024093020gm-00a9-0000-4385d1bc-07-s1-d3,100,A,1,44,"[30200,24900,26400,18500]",3,-4.0,2,0,0,0,7,True
2024-2024093020gm-00a9-0000-4385d1bc-07-s1-d3,100,B,4,3,"[23000,10500,18900,47600]",4,-10.0,1,3,0,0,6,True
2024-2024093020gm-00a9-0000-4385d1bc-07-s1-d3,101,A,1,44,"[21600,20300,17100,40000]",3,-4.0,1,3,0,1,5,True
2024-2024093020gm-00a9-0000-4385d1bc-07-s1-d3,101,B,4,3,"[21600,20300,17100,40000]",3,-4.0,1,3,0,1,5,True
2024-2024093020gm-00a9-0000-4385d1bc-07-s1-d3,102,A,1,44,"[21900,36600,4300,37200]",2,4.0,1,3,0,0,6,True
2024-2024093020gm-00a9-0000-4385d1bc-07-s1-d3,102,B,4,3,"[26100,16400,20800,36700]",4,-10.0,1,3,0,0,7,True
2024-2024093020gm-00a9-0000-4385d1bc-07-s1-d3,103,A,1,44,"[22100,12500,24200,41200]",4,-10.0,1,3,0,0,6,True
2024-2024093020gm-00a9-0000-4385d1bc-07-s1-d3,103,B,4,3,"[22100,12500,24200,41200]",4,-10.0,1,3,0,0,6,True
2024-2024093020gm-00a9-0000-4385d1bc-07-s1-d3,104,A,1,44,"[22000,16400,26700,33900]",4,-10.0,1,3,0,1,7,True
2024-2024093020gm-00a9-0000-4385d1bc-07-s1-d3,104,B,4,3,"[38400,25400,18300,17900]",2,4.0,1,3,0,0,5,True
2024-2024093020gm-00a9-0000-4385d1bc-07-s1-d3,105,A,1,44,"[15500,26500,20200,37800]",2,4.0,1,3,0,0,5,True
2024-2024093020gm-00a9-0000-4385d1bc-07-s1-d3,105,B,4,3,"[12300,34000,17400,36300]",2,4.0,1,3,2,0,7,True
2024-2024093020gm-00a9-0000-4385d1bc-07-s1-d3,106,A,1,44,"[36400,2700,11500,49400]",4,-10.0,1,3,0,0,7,True
2024-2024093020gm-00a9-0000-4385d1bc-07-s1-d3,106,B,4,3,"[14800,5100,25000,55100]",4,-10.0,1,3,0,0,9,True
2024-2024093020gm-00a9-0000-4385d1bc-07-s1-d3,107,A,1,44,"[26100,14400,22300,37200]",4,-10.0,2,2,1,0,10,True
2024-2024093020gm-00a9-0000-4385d1bc-07-s1-d3,107,B,4,3,"[10800,25000,22700,41500]",2,4.0,1,3,0,0,5,True
2024-2024093020gm-00a9-0000-4385d1bc-07-s1-d3,108,A,1,44,"[17600,24000,14800,43600]",2,4.0,1,3,2,0,7,True
2024-2024093020gm-00a9-0000-4385d1bc-07-s1-d3,108,B,4,3,"[19100,23300,21800,35800]",2,4.0,1,3,0,0,5,True
2024-2024093020gm-00a9-0000-4385d1bc-07-s1-d3,109,A,1,44,"[40600,1700,12900,44800]",4,-10.0,1,3,0,0,5,True
2024-2024093020gm-00a9-0000-4385d1bc-07-s1-d3,109,B,4,3,"[42800,17400,10800,29000]",3,-4.0,1,3,0,0,5,True
2024-2024093020gm-00a9-0000-4385d1bc-07-s1-d3,110,A,1,44,"[29300,17400,5900,47400]",3,-4.0,1,3,0,0,6,True
2024-2024093020gm-00a9-0000-4385d1bc-07-s1-d3,110,B,4,3,"[20300,21100,26200,32400]",3,-4.0,1,3,1,0,9,True
2024-2024093020gm-00a9-0000-4385d1bc-07-s1-d3,111,A,1,44,"[-4900,43400,25800,35700]",1,10.0,1,1,1,0,4,True
2024-2024093020gm-00a9-0000-4385d1bc-07-s1-d3,111,B,4,3,"[24400,11800,21100,42700]",4,-10.0,1,3,0,0,5,True
2024-2024093020gm-00a9-0000-4385d1bc-07-s1-d3,112,A,1,44,"[35000,16200,5900,42900]",3,-4.0,1,3,0,0,7,True
2024-2024093020gm-00a9-0000-4385d1bc-07-s1-d3,112,B,4,3,"[26600,25900,9300,38200]",3,-4.0,1,3,0,0,7,True
2024-2024093020gm-00a9-0000-4385d1bc-07-s1-d3,113,A,1,44,"[35000,25800,6100,33100]",3,-4.0,1,3,0,0,6,True
2024-2024093020gm-00a9-0000-4385d1bc-07-s1-d3,113,B,4,3,"[35000,25800,6100,33100]",3,-4.0,1,3,0,0,6,True
2024-2024093020gm-00a9-0000-4385d1bc-07-s1-d3,114,A,1,44,"[28400,-1600,20900,52300]",4,-10.0,1,1,0,0,5,True
2024-2024093020gm-00a9-0000-4385d1bc-07-s1-d3,114,B,4,3,"[28400,-1600,20900,52300]",4,-10.0,1,1,0,0,5,True
2024-2024093020gm-00a9-0000-4385d1bc-07-s1-d3,115,A,1,44,"[28100,21800,16800,33300]",3,-4.0,1,3,0,0,5,True
2024-2024093020gm-00a9-0000-4385d1bc-07-s1-d3,115,B,4,3,"[33100,-5700,29000,43600]",4,-10.0,1,2,1,0,7,True
2024-2024093020gm-00a9-0000-4385d1bc-07-s1-d3,116,A,1,44,"[32300,31900,-5800,41600]",3,-4.0,1,2,0,0,6,True
2024-2024093020gm-00a9-0000-4385d1bc-07-s1-d3,116,B,4,3,"[18100,39800,-3100,45200]",2,4.0,1,1,0,0,6,True
2024-2024093020gm-00a9-0000-4385d1bc-07-s1-d3,117,A,1,44,"[30300,23600,9600,36500]",3,-4.0,1,3,0,0,6,True
2024-2024093020gm-00a9-0000-4385d1bc-07-s1-d3,117,B,4,3,"[26700,28900,8900,33500]",2,4.0,1,3,0,2,5,True
2024-2024093020gm-00a9-0000-4385d1bc-07-s1-d3,118,A,1,44,"[23800,30100,10900,35200]",2,4.0,1,3,0,0,5,True
2024-2024093020gm-00a9-0000-4385d1bc-07-s1-d3,118,B,4,3,"[21500,16300,37000,25200]",4,-10.0,2,0,0,0,7,True
2024-2024093020gm-00a9-0000-4385d1bc-07-s1-d3,119,A,1,44,"[30900,17800,5900,45400]",3,-4.0,1,3,1,0,6,True
2024-2024093020gm-00a9-0000-4385d1bc-07-s1-d3,119,B,4,3,"[40300,19600,14000,26100]",3,-4.0,1,3,0,0,5,True
2024-2024093020gm-00a9-0000-4385d1bc-07-s1-d3,120,A,1,44,"[29200,15400,20100,31300]",4,-10.0,1,3,2,4,6,True
2024-2024093020gm-00a9-0000-4385d1bc-07-s1-d3,120,B,4,3,"[21900,22800,13000,42300]",2,4.0,1,3,0,0,6,True
2024-2024093020gm-00a9-0000-4385d1bc-07-s1-d3,121,A,1,44,"[40000,21200,10000,28800]",3,-4.0,1,3,1,0,8,True
2024-2024093020gm-00a9-0000-4385d1bc-07-s1-d3,121,B,4,3,"[17700,20200,23500,38600]",3,-4.0,1,3,0,0,6,True
2024-2024093020gm-00a9-0000-4385d1bc-07-s1-d3,122,A,1,44,"[39400,15200,11400,34000]",3,-4.0,1,3,0,0,7,True
2024-2024093020gm-00a9-0000-4385d1bc-07-s1-d3,122,B,4,3,"[39900,14200,9400,36500]",3,-4.0,1,3,0,0,7,True
2024-2024093020gm-00a9-0000-4385d1bc-07-s1-d3,123,A,1,44,"[13100,30300,28300,28300]",1,10.0,1,3,0,0,6,True
2024-2024093020gm-00a9-0000-4385d1bc-07-s1-d3,123,B,4,3,"[19100,46900,20200,13800]",1,10.0,1,3,0,0,6,True
2024-2024093020gm-00a9-0000-4385d1bc-07-s1-d3,124,A,1,44,"[0,26000,20800,53200]",2,4.0,1,3,2,0,6,True
2024-2024093020gm-00a9-0000-4385d1bc-07-s1-d3,124,B,4,3,"[32900,10400,5500,51200]",3,-4.0,1,3,0,0,6,True
2024-2024093020gm-00a9-0000-4385d1bc-07-s1-d3,125,A,1,44,"[27800,19100,13800,39300]",3,-4.0,1,3,0,0,7,True
2024-2024093020gm-00a9-0000-4385d1bc-07-s1-d3,125,B,4,3,"[35900,11500,9500,43100]",3,-4.0,1,3,0,0,9,True
2024-2024093020gm-00a9-0000-4385d1bc-07-s1-d3,126,A,1,44,"[34300,19700,500,45500]",3,-4.0,1,3,0,0,5,True
2024-2024093020gm-00a9-0000-4385d1bc-07-s1-d3,126,B,4,3,"[34300,19700,500,45500]",3,-4.0,1,3,0,0,5,True
2024-2024093020gm-00a9-0000-4385d1bc-07-s1-d3,127,A,1,44,"[24100,20400,15900,38600]",3,-4.0,1,3,0,1,6,True
2024-2024093020gm-00a9-0000-4385d1bc-07-s1-d3,127,B,4,3,"[24100,20400,15900,38600]",3,-4.0,1,3,0,1,6,True
2024-2024093020gm-00a9-0000-4385d1bc-07-s1-d3,128,A,1,44,"[13300,28100,18400,40200]",2,4.0,1,3,0,0,5,True
2024-2024093020gm-00a9-0000-4385d1bc-07-s1-d3,128,B,4,3,"[29900,21000,31500,17600]",3,-4.0,1,3,0,0,8,True
2024-2024093020gm-00a9-0000-4385d1bc-07-s1-d3,129,A,1,44,"[20800,22600,30200,26400]",3,-4.0,2,0,0,0,9,True
2024-2024093020gm-00a9-0000-4385d1bc-07-s1-d3,129,B,4,3,"[16300,34400,13400,35900]",2,4.0,1,3,0,0,7,True
2024-2024093020gm-00a9-0000-4385d1bc-07-s1-d3,130,A,1,44,"[42300,13700,100,43900]",3,-4.0,1,3,0,0,8,True
2024-2024093020gm-00a9-0000-4385d1bc-07-s1-d3,130,B,4,3,"[42300,13700,100,43900]",3,-4.0,1,3,0,0,8,True
2024-2024093020gm-00a9-0000-4385d1bc-07-s1-d3,131,A,1,44,"[48600,-1000,19000,33400]",4,-10.0,1,0,1,0,3,True
2024-2024093020gm-00a9-0000-4385d1bc-07-s1-d3,131,B,4,3,"[28900,21100,18400,31600]",3,-4.0,1,3,0,0,7,True
2024-2024093020gm-00a9-0000-4385d1bc-07-s1-d3,132,A,1,44,"[22700,27000,31900,18400]",2,4.0,1,3,0,0,7,True
2024-2024093020gm-00a9-0000-4385d1bc-07-s1-d3,132,B,4,3,"[23500,11300,25000,40200]",4,-10.0,1,3,0,0,7,True
2024-2024093020gm-00a9-0000-4385d1bc-07-s1-d3,133,A,1,44,"[25600,6400,34000,34000]",4,-10.0,1,3,0,0,6,True
2024-2024093020gm-00a9-0000-4385d1bc-07-s1-d3,133,B,4,3,"[8800,23600,35500,32100]",3,-4.0,1,3,1,0,7,True
2024-2024093020gm-00a9-0000-4385d1bc-07-s1-d3,134,A,1,44,"[-1900,50200,8900,42800]",1,10.0,1,3,0,0,5,True
2024-2024093020gm-00a9-0000-4385d1bc-07-s1-d3,134,B,4,3,"[-1900,50200,8900,42800]",1,10.0,1,3,0,0,5,True
2024-2024093020gm-00a9-0000-4385d1bc-07-s1-d3,135,A,1,44,"[12400,21200,21000,45400]",2,4.0,1,3,0,0,5,True
2024-2024093020gm-00a9-0000-4385d1bc-07-s1-d3,135,B,4,3,"[17300,18200,24400,40100]",3,-4.0,2,1,0,0,8,True
2024-2024093020gm-00a9-0000-4385d1bc-07-s1-d3,136,A,1,44,"[23800,3400,15000,57800]",4,-10.0,1,3,0,0,6,True
2024-2024093020gm-00a9-0000-4385d1bc-07-s1-d3,136,B,4,3,"[29400,23900,4500,42200]",3,-4.0,1,3,0,0,8,True
2024-2024093020gm-00a9-0000-4385d1bc-07-s1-d3,137,A,1,44,"[24800,9500,24800,40900]",4,-10.0,1,3,0,0,7,True
2024-2024093020gm-00a9-0000-4385d1bc-07-s1-d3,137,B,4,3,"[30500,17500,14100,37900]",3,-4.0,1,3,0,0,5,True
2024-2024093020gm-00a9-0000-4385d1bc-07-s1-d3,138,A,1,44,"[20300,13300,23200,42200]",4,-10.0,1,3,0,1,5,True
2024-2024093020gm-00a9-0000-4385d1bc-07-s1-d3,138,B,4,3,"[19600,27900,10800,41700]",2,4.0,1,3,0,0,7,True
2024-2024093020gm-00a9-0000-4385d1bc-07-s1-d3,139,A,1,44,"[18600,13900,21400,46100]",4,-10.0,1,3,0,0,6,True
2024-2024093020gm-00a9-0000-4385d1bc-07-s1-d3,139,B,4,3,"[36900,6200,16000,39900]",4,-10.0,1,3,0,1,5,True
2024-2024093020gm-00a9-0000-4385d1bc-07-s1-d3,140,A,1,44,"[23200,21700,-2300,57400]",3,-4.0,1,2,1,0,9,True
2024-2024093020gm-00a9-0000-4385d1bc-07-s1-d3,140,B,4,3,"[27400,27700,11800,33100]",2,4.0,2,3,1,0,13,True
2024-2024093020gm-00a9-0000-4385d1bc-07-s1-d3,141,A,1,44,"[22600,13100,15300,49000]",4,-10.0,1,3,0,0,6,True
2024-2024093020gm-00a9-0000-4385d1bc-07-s1-d3,141,B,4,3,"[21000,25500,15800,37700]",2,4.0,1,3,0,0,6,True
2024-2024093020gm-00a9-0000-4385d1bc-07-s1-d3,142,A,1,44,"[15200,23700,20000,41100]",2,4.0,1,3,0,0,6,True
2024-2024093020gm-00a9-0000-4385d1bc-07-s1-d3,142,B,4,3,"[32200,24600,14100,29100]",3,-4.0,1,3,1,0,5,True
2024-2024093020gm-00a9-0000-4385d1bc-07-s1-d3,143,A,1,44,"[17300,34800,17500,30400]",1,10.0,1,3,0,0,7,True
2024-2024093020gm-00a9-0000-4385d1bc-07-s1-d3,143,B,4,3,"[18000,22600,21100,36300]",2,4.0,1,3,1,2,7,True
2024-2024093020gm-00a9-0000-4385d1bc-07-s1-d3,144,A,1,44,"[29300,39500,26600,4600]",1,10.0,1,3,0,0,6,True
2024-2024093020gm-00a9-0000-4385d1bc-07-s1-d3,144,B,4,3,"[27100,37200,-300,36000]",1,10.0,1,1,6,0,5,True
2024-2024093020gm-00a9-0000-4385d1bc-07-s1-d3,145,A,1,44,"[21600,12800,30100,35500]",4,-10.0,1,3,0,0,5,True
2024-2024093020gm-00a9-0000-4385d1bc-07-s1-d3,145,B,4,3,"[21600,12800,30100,35500]",4,-10.0,1,3,0,0,5,True
2024-2024093020gm-00a9-0000-4385d1bc-07-s1-d3,146,A,1,44,"[11100,20000,36700,32200]",3,-4.0,1,3,1,0,6,True
2024-2024093020gm-00a9-0000-4385d1bc-07-s1-d3,146,B,4,3,"[36800,27200,12000,24000]",2,4.0,1,3,0,0,5,True
2024-2024093020gm-00a9-0000-4385d1bc-07-s1-d3,147,A,1,44,"[19600,19500,27300,33600]",4,-10.0,2,0,3,0,11,True
2024-2024093020gm-00a9-0000-4385d1bc-07-s1-d3,147,B,4,3,"[21400,31400,18900,28300]",1,10.0,1,3,0,0,6,True
2024-2024093020gm-00a9-0000-4385d1bc-07-s1-d3,148,A,1,44,"[10000,23400,31300,35300]",3,-4.0,1,3,0,0,7,True
2024-2024093020gm-00a9-0000-4385d1bc-07-s1-d3,148,B,4,3,"[10500,9400,27900,52200]",4,-10.0,1,3,0,0,6,True
2024-2024093020gm-00a9-0000-4385d1bc-07-s1-d3,149,A,1,44,"[37800,14600,10400,37200]",3,-4.0,1,3,0,0,7,True
2024-2024093020gm-00a9-0000-4385d1bc-07-s1-d3,149,B,4,3,"[1300,30300,37500,30900]",3,-4.0,1,3,0,0,9,True
2024-2024093020gm-00a9-0000-4385d1bc-07-s1-d3,150,A,1,44,"[14700,15300,24500,45500]",3,-4.0,1,3,0,0,5,True
2024-2024093020gm-00a9-0000-4385d1bc-07-s1-d3,150,B,4,3,"[14700,15300,24500,45500]",3,-4.0,1,3,0,0,5,True
2024-2024093020gm-00a9-0000-4385d1bc-07-s1-d3,151,A,1,44,"[14700,22900,19600,42800]",2,4.0,1,3,0,0,5,True
2024-2024093020gm-00a9-0000-4385d1bc-07-s1-d3,151,B,4,3,"[13100,32300,18900,35700]",2,4.0,1,3,0,0,5,True
2024-2024093020gm-00a9-0000-4385d1bc-07-s1-d3,152,A,1,44,"[42400,26600,-1900,32900]",3,-4.0,1,2,0,0,5,True
2024-2024093020gm-00a9-0000-4385d1bc-07-s1-d3,152,B,4,3,"[37400,38900,8000,15700]",1,10.0,1,3,0,0,6,True
2024-2024093020gm-00a9-0000-4385d1bc-07-s1-d3,153,A,1,44,"[15500,30100,15300,39100]",2,4.0,1,3,0,0,8,True
2024-2024093020gm-00a9-0000-4385d1bc-07-s1-d3,153,B,4,3,"[25600,24300,9100,41000]",3,-4.0,1,3,1,0,7,True
2024-2024093020gm-00a9-0000-4385d1bc-07-s1-d3,154,A,1,44,"[20800,14700,20800,43700]",4,-10.0,1,3,0,0,7,True
2024-2024093020gm-00a9-0000-4385d1bc-07-s1-d3,154,B,4,3,"[30100,4900,29600,35400]",4,-10.0,1,3,0,0,8,True
2024-2024093020gm-00a9-0000-4385d1bc-07-s1-d3,155,A,1,44,"[16600,13600,27000,42800]",4,-10.0,1,3,0,0,6,True
2024-2024093020gm-00a9-0000-4385d1bc-07-s1-d3,155,B,4,3,"[21000,19100,32500,27400]",4,-10.0,2,0,0,0,7,True
2024-2024093020gm-00a9-0000-4385d1bc-07-s1-d3,156,A,1,44,"[15400,29900,21400,33300]",2,4.0,1,3,0,0,6,True
2024-2024093020gm-00a9-0000-4385d1bc-07-s1-d3,156,B,4,3,"[35900,21200,-1800,44700]",3,-4.0,1,2,0,0,5,True
2024-2024093020gm-00a9-0000-4385d1bc-07-s1-d3,157,A,1,44,"[24800,10300,29100,34800]",4,-10.0,1,3,0,1,6,True
2024-2024093020gm-00a9-0000-4385d1bc-07-s1-d3,157,B,4,3,"[27200,18900,-400,54300]",3,-4.0,0,3,3,0,2,True
2024-2024093020gm-00a9-0000-4385d1bc-07-s1-d3,158,A,1,44,"[34400,23100,1800,40700]",3,-4.0,1,3,0,0,7,True
2024-2024093020gm-00a9-0000-4385d1bc-07-s1-d3,158,B,4,3,"[31800,25500,11300,31400]",3,-4.0,1,3,0,0,6,True
2024-2024093020gm-00a9-0000-4385d1bc-07-s1-d3,159,A,1,44,"[41400,13100,14400,31100]",4,-10.0,1,3,0,0,5,True
2024-2024093020gm-00a9-0000-4385d1bc-07-s1-d3,159,B,4,3,"[24900,13500,26800,34800]",4,-10.0,2,1,1,0,8,True
2024-2024093020gm-00a9-0000-4385d1bc-07-s1-d3,160,A,1,44,"[16100,25300,23400,35200]",2,4.0,1,3,0,0,8,True
2024-2024093020gm-00a9-0000-4385d1bc-07-s1-d3,160,B,4,3,"[34100,27000,16100,22800]",2,4.0,1,3,0,0,7,True
2024-2024093020gm-00a9-0000-4385d1bc-07-s1-d3,161,A,1,44,"[12400,22700,19600,45300]",2,4.0,1,3,0,0,7,True
2024-2024093020gm-00a9-0000-4385d1bc-07-s1-d3,161,B,4,3,"[31900,8600,27100,32400]",4,-10.0,1,3,2,0,7,True
2024-2024093020gm-00a9-0000-4385d1bc-07-s1-d3,162,A,1,44,"[21900,21300,16800,40000]",3,-4.0,1,3,0,0,5,True
2024-2024093020gm-00a9-0000-4385d1bc-07-s1-d3,162,B,4,3,"[22400,17600,16100,43900]",3,-4.0,1,3,0,0,5,True
2024-2024093020gm-00a9-0000-4385d1bc-07-s1-d3,163,A,1,44,"[27200,15000,39300,18500]",4,-10.0,1,3,0,0,7,True
2024-2024093020gm-00a9-0000-4385d1bc-07-s1-d3,163,B,4,3,"[13400,28900,30200,27500]",2,4.0,2,0,1,0,9,True
2024-2024093020gm-00a9-0000-4385d1bc-07-s1-d3,164,A,1,44,"[14300,33300,15000,37400]",2,4.0,1,3,0,0,5,True
2024-2024093020gm-00a9-0000-4385d1bc-07-s1-d3,164,B,4,3,"[6600,14300,33800,45300]",3,-4.0,1,3,0,0,6,True
2024-2024093020gm-00a9-0000-4385d1bc-07-s1-d3,165,A,1,44,"[18600,42700,11400,27300]",1,10.0,1,3,1,0,9,True
2024-2024093020gm-00a9-0000-4385d1bc-07-s1-d3,165,B,4,3,"[25500,18200,23100,33200]",4,-10.0,1,3,1,0,5,True
2024-2024093020gm-00a9-0000-4385d1bc-07-s1-d3,166,A,1,44,"[29500,33300,31700,5500]",1,10.0,1,3,0,0,8,True
2024-2024093020gm-00a9-0000-4385d1bc-07-s1-d3,166,B,4,3,"[20800,25100,9600,44500]",2,4.0,1,3,0,0,6,True
2024-2024093020gm-00a9-0000-4385d1bc-07-s1-d3,167,A,1,44,"[15800,11900,23500,48800]",4,-10.0,1,3,0,0,7,True
2024-2024093020gm-00a9-0000-4385d1bc-07-s1-d3,167,B,4,3,"[9100,29800,23400,37700]",2,4.0,1,3,0,0,6,True
2024-2024093020gm-00a9-0000-4385d1bc-07-s1-d3,168,A,1,44,"[20300,23200,17400,39100]",2,4.0,1,3,0,0,5,True
2024-2024093020gm-00a9-0000-4385d1bc-07-s1-d3,168,B,4,3,"[20300,23200,17400,39100]",2,4.0,1,3,0,0,5,True
2024-2024093020gm-00a9-0000-4385d1bc-07-s1-d3,169,A,1,44,"[11400,36000,14800,37800]",2,4.0,1,3,0,0,8,True
2024-2024093020gm-00a9-0000-4385d1bc-07-s1-d3,169,B,4,3,"[35000,20600,-8600,53000]",3,-4.0,1,3,0,0,7,True
2024-2024093020gm-00a9-0000-4385d1bc-07-s1-d3,170,A,1,44,"[11200,25700,40100,23000]",2,4.0,1,3,0,0,6,True
2024-2024093020gm-00a9-0000-4385d1bc-07-s1-d3,170,B,4,3,"[27800,20500,21500,30200]",4,-10.0,1,3,0,0,5,True
2024-2024093020gm-00a9-0000-4385d1bc-07-s1-d3,171,A,1,44,"[8700,40000,15600,35700]",1,10.0,1,3,0,0,8,True
2024-2024093020gm-00a9-0000-4385d1bc-07-s1-d3,171,B,4,3,"[12500,40900,6600,40000]",1,10.0,1,3,0,0,8,True
2024-2024093020gm-00a9-0000-4385d1bc-07-s1-d3,172,A,1,44,"[22000,12900,21500,43600]",4,-10.0,1,3,0,0,7,True
2024-2024093020gm-00a9-0000-4385d1bc-07-s1-d3,172,B,4,3,"[20000,22600,15700,41700]",2,4.0,1,3,0,0,5,True
2024-2024093020gm-00a9-0000-4385d1bc-07-s1-d3,173,A,1,44,"[31500,19400,6100,43000]",3,-4.0,1,3,0,0,5,True
2024-2024093020gm-00a9-0000-4385d1bc-07-s1-d3,173,B,4,3,"[27700,44300,-5300,33300]",1,10.0,1,1,1,0,5,True
2024-2024093020gm-00a9-0000-4385d1bc-07-s1-d3,174,A,1,44,"[16500,12200,40800,30500]",4,-10.0,1,3,0,0,6,True
2024-2024093020gm-00a9-0000-4385d1bc-07-s1-d3,174,B,4,3,"[24600,28600,15200,30600]",2,4.0,1,3,0,1,5,True
2024-2024093020gm-00a9-0000-4385d1bc-07-s1-d3,175,A,1,44,"[56300,8200,6700,28800]",3,-4.0,1,3,0,0,6,True
2024-2024093020gm-00a9-0000-4385d1bc-07-s1-d3,175,B,4,3,"[22700,27900,40000,9400]",2,4.0,1,3,0,0,8,True
2024-2024093020gm-00a9-0000-4385d1bc-07-s1-d3,176,A,1,44,"[7100,36300,14900,41700]",2,4.0,1,3,3,0,10,True
2024-2024093020gm-00a9-0000-4385d1bc-07-s1-d3,176,B,4,3,"[22100,36600,18800,22500]",1,10.0,1,3,0,0,6,True
2024-2024093020gm-00a9-0000-4385d1bc-07-s1-d3,177,A,1,44,"[23300,24700,19900,32100]",2,4.0,1,3,0,0,5,True
2024-2024093020gm-00a9-0000-4385d1bc-07-s1-d3,177,B,4,3,"[12700,33400,25700,28200]",1,10.0,2,1,0,0,7,True
2024-2024093020gm-00a9-0000-4385d1bc-07-s1-d3,178,A,1,44,"[6000,30900,33200,29900]",2,4.0,1,3,0,0,8,True
2024-2024093020gm-00a9-0000-4385d1bc-07-s1-d3,178,B,4,3,"[23800,26600,8700,40900]",2,4.0,1,3,0,0,7,True
2024-2024093020gm-00a9-0000-4385d1bc-07-s1-d3,179,A,1,44,"[33800,15600,18700,31900]",4,-10.0,1,3,0,0,8,True
2024-2024093020gm-00a9-0000-4385d1bc-07-s1-d3,179,B,4,3,"[33800,15600,18700,31900]",4,-10.0,1,3,0,0,8,True
2024-2024093020gm-00a9-0000-4385d1bc-07-s1-d3,180,A,1,44,"[22500,12700,4400,60400]",3,-4.0,1,3,0,0,7,True
2024-2024093020gm-00a9-0000-4385d1bc-07-s1-d3,180,B,4,3,"[43300,9300,-1700,49100]",3,-4.0,1,2,0,0,6,True
2024-2024093020gm-00a9-0000-4385d1bc-07-s1-d3,181,A,1,44,"[33300,13800,4400,48500]",3,-4.0,1,3,0,0,6,True
2024-2024093020gm-00a9-0000-4385d1bc-07-s1-d3,181,B,4,3,"[33300,13800,4400,48500]",3,-4.0,1,3,0,0,6,True
2024-2024093020gm-00a9-0000-4385d1bc-07-s1-d3,182,A,1,44,"[22500,38300,22000,17200]",1,10.0,2,0,0,0,7,True
2024-2024093020gm-00a9-0000-4385d1bc-07-s1-d3,182,B,4,3,"[28200,20800,17800,33200]",3,-4.0,2,0,1,0,6,True
2024-2024093020gm-00a9-0000-4385d1bc-07-s1-d3,183,A,1,44,"[39300,13200,14300,33200]",4,-10.0,1,3,1,0,8,True
2024-2024093020gm-00a9-0000-4385d1bc-07-s1-d3,183,B,4,3,"[49800,20600,-1400,31000]",3,-4.0,1,1,1,0,5,True
2024-2024093020gm-00a9-0000-4385d1bc-07-s1-d3,184,A,1,44,"[42600,20800,10700,25900]",3,-4.0,1,3,0,0,8,True
2024-2024093020gm-00a9-0000-4385d1bc-07-s1-d3,184,B,4,3,"[17700,32300,13900,36100]",2,4.0,1,3,0,0,6,True
2024-2024093020gm-00a9-0000-4385d1bc-07-s1-d3,185,A,1,44,"[7100,21900,22000,49000]",3,-4.0,1,3,0,0,5,True
2024-2024093020gm-00a9-0000-4385d1bc-07-s1-d3,185,B,4,3,"[24700,19800,-7100,62600]",3,-4.0,1,2,1,0,5,True
2024-2024093020gm-00a9-0000-4385d1bc-07-s1-d3,186,A,1,44,"[37700,10500,22600,29200]",4,-10.0,1,3,0,0,6,True
2024-2024093020gm-00a9-0000-4385d1bc-07-s1-d3,186,B,4,3,"[23200,41500,9700,25600]",1,10.0,1,3,2,0,8,True
2024-2024093020gm-00a9-0000-4385d1bc-07-s1-d3,187,A,1,44,"[30500,4100,25400,40000]",4,-10.0,1,3,0,0,5,True
2024-2024093020gm-00a9-0000-4385d1bc-07-s1-d3,187,B,4,3,"[21000,23800,20700,34500]",2,4.0,1,3,0,0,6,True
2024-2024093020gm-00a9-0000-4385d1bc-07-s1-d3,188,A,1,44,"[29000,22000,17000,31000]",3,-4.0,1,3,0,1,6,True
2024-2024093020gm-00a9-0000-4385d1bc-07-s1-d3,188,B,4,3,"[13600,32800,21800,31800]",1,10.0,1,3,0,0,6,True
2024-2024093020gm-00a9-0000-4385d1bc-07-s1-d3,189,A,1,44,"[17400,23400,30700,28500]",3,-4.0,1,3,0,0,6,True
2024-2024093020gm-00a9-0000-4385d1bc-07-s1-d3,189,B,4,3,"[21100,32300,14800,31800]",1,10.0,1,3,0,0,5,True
2024-2024093020gm-00a9-0000-4385d1bc-07-s1-d3,190,A,1,44,"[36400,10900,16600,36100]",4,-10.0,1,3,2,0,9,True
2024-2024093020gm-00a9-0000-4385d1bc-07-s1-d3,190,B,4,3,"[45100,8800,9500,36600]",4,-10.0,1,3,0,0,8,True
2024-2024093020gm-00a9-0000-4385d1bc-07-s1-d3,191,A,1,44,"[20400,15400,16600,47600]",4,-10.0,1,3,0,0,5,True
2024-2024093020gm-00a9-0000-4385d1bc-07-s1-d3,191,B,4,3,"[11100,12700,29500,46700]",3,-4.0,1,3,0,0,7,True
2024-2024093020gm-00a9-0000-4385d1bc-07-s1-d3,192,A,1,44,"[39000,12700,12100,36200]",3,-4.0,1,3,0,0,9,True
2024-2024093020gm-00a9-0000-4385d1bc-07-s1-d3,192,B,4,3,"[30300,20000,5500,44200]",3,-4.0,1,3,0,0,7,True
2024-2024093020gm-00a9-0000-4385d1bc-07-s1-d3,193,A,1,44,"[19700,45500,9900,24900]",1,10.0,1,3,0,0,7,True
2024-2024093020gm-00a9-0000-4385d1bc-07-s1-d3,193,B,4,3,"[33400,5700,26700,34200]",4,-10.0,1,3,0,0,7,True
2024-2024093020gm-00a9-0000-4385d1bc-07-s1-d3,194,A,1,44,"[22400,25100,17200,35300]",2,4.0,1,3,0,0,5,True
2024-2024093020gm-00a9-0000-4385d1bc-07-s1-d3,194,B,4,3,"[21000,21800,22700,34500]",3,-4.0,1,3,0,0,5,True
2024-2024093020gm-00a9-0000-4385d1bc-07-s1-d3,195,A,1,44,"[26900,25800,12100,35200]",3,-4.0,1,3,0,0,6,True
2024-2024093020gm-00a9-0000-4385d1bc-07-s1-d3,195,B,4,3,"[22500,25500,7300,44700]",2,4.0,1,3,0,0,5,True
2024-2024093020gm-00a9-0000-4385d1bc-07-s1-d3,196,A,1,44,"[22000,22400,19300,34300]",2,4.0,1,3,0,2,8,True
2024-2024093020gm-00a9-0000-4385d1bc-07-s1-d3,196,B,4,3,"[16100,24100,17800,42000]",2,4.0,1,3,0,0,5,True
2024-2024093020gm-00a9-0000-4385d1bc-07-s1-d3,197,A,1,44,"[33000,11200,29100,26700]",4,-10.0,1,3,0,0,5,True
2024-2024093020gm-00a9-0000-4385d1bc-07-s1-d3,197,B,4,3,"[33000,11200,29100,26700]",4,-10.0,1,3,0,0,5,True
2024-2024093020gm-00a9-0000-4385d1bc-07-s1-d3,198,A,1,44,"[-8800,19500,27300,62000]",3,-4.0,1,3,0,0,7,True
2024-2024093020gm-00a9-0000-4385d1bc-07-s1-d3,198,B,4,3,"[-8800,19500,27300,62000]",3,-4.0,1,3,0,0,7,True
2024-2024093020gm-00a9-0000-4385d1bc-07-s1-d3,199,A,1,44,"[35300,6200,16600,41900]",4,-10.0,1,3,0,0,9,True
2024-2024093020gm-00a9-0000-4385d1bc-07-s1-d3,199,B,4,3,"[35300,6200,16600,41900]",4,-10.0,1,3,0,0,9,True
2024-2024093020gm-00a9-0000-4385d1bc-07-s1-d3,200,A,1,44,"[47100,-1100,21600,32400]",4,-10.0,1,2,1,0,7,True
2024-2024093020gm-00a9-0000-4385d1bc-07-s1-d3,200,B,4,3,"[41300,2700,18500,37500]",4,-10.0,1,3,0,0,8,True
2024-2024093020gm-00a9-0000-4385d1bc-07-s1-d3,201,A,1,44,"[14600,40500,20800,24100]",1,10.0,1,3,1,0,8,True
2024-2024093020gm-00a9-0000-4385d1bc-07-s1-d3,201,B,4,3,"[33400,39000,12800,14800]",1,10.0,1,3,0,0,6,True
2024-2024093020gm-00a9-0000-4385d1bc-07-s1-d3,202,A,1,44,"[17900,34300,-1700,49500]",2,4.0,1,3,0,0,6,True
2024-2024093020gm-00a9-0000-4385d1bc-07-s1-d3,202,B,4,3,"[-2700,24900,19000,58800]",2,4.0,1,3,0,0,5,True
2024-2024093020gm-00a9-0000-4385d1bc-07-s1-d3,203,A,1,44,"[40800,31300,5300,22600]",2,4.0,1,3,0,0,9,True
2024-2024093020gm-00a9-0000-4385d1bc-07-s1-d3,203,B,4,3,"[14900,12500,30400,42200]",4,-10.0,1,3,0,0,9,True
2024-2024093020gm-00a9-0000-4385d1bc-07-s1-d3,204,A,1,44,"[13400,12400,24800,49400]",4,-10.0,1,3,0,0,7,True
2024-2024093020gm-00a9-0000-4385d1bc-07-s1-d3,204,B,4,3,"[37900,17100,18000,27000]",4,-10.0,1,3,0,0,6,True
2024-2024093020gm-00a9-0000-4385d1bc-07-s1-d3,205,A,1,44,"[31000,2400,17500,49100]",4,-10.0,1,3,0,0,5,True
2024-2024093020gm-00a9-0000-4385d1bc-07-s1-d3,205,B,4,3,"[3800,40400,26500,29300]",1,10.0,1,3,0,0,6,True
2024-2024093020gm-00a9-0000-4385d1bc-07-s1-d3,206,A,1,44,"[33500,24800,20200,21500]",2,4.0,1,3,1,0,10,True
2024-2024093020gm-00a9-0000-4385d1bc-07-s1-d3,206,B,4,3,"[15200,34100,15900,34800]",2,4.0,1,3,0,0,6,True
2024-2024093020gm-00a9-0000-4385d1bc-07-s1-d3,207,A,1,44,"[20100,25800,18800,35300]",2,4.0,1,3,0,0,5,True
2024-2024093020gm-00a9-0000-4385d1bc-07-s1-d3,207,B,4,3,"[6800,29000,29500,34700]",3,-4.0,1,3,0,0,5,True
2024-2024093020gm-00a9-0000-4385d1bc-07-s1-d3,208,A,1,44,"[26400,4300,21600,47700]",4,-10.0,1,3,0,0,7,True
2024-2024093020gm-00a9-0000-4385d1bc-07-s1-d3,208,B,4,3,"[14100,23300,10000,52600]",2,4.0,1,3,0,0,6,True
2024-2024093020gm-00a9-0000-4385d1bc-07-s1-d3,209,A,1,44,"[18900,24700,7400,48000]",2,4.0,1,3,0,1,8,True
2024-2024093020gm-00a9-0000-4385d1bc-07-s1-d3,209,B,4,3,"[20800,15600,24900,38700]",4,-10.0,1,3,0,0,5,True
2024-2024093020gm-00a9-0000-4385d1bc-07-s1-d3,210,A,1,44,"[31100,17500,23400,28000]",4,-10.0,1,3,0,0,6,True
2024-2024093020gm-00a9-0000-4385d1bc-07-s1-d3,210,B,4,3,"[18500,28100,23200,30200]",2,4.0,1,3,0,0,6,True
2024-2024093020gm-00a9-0000-4385d1bc-07-s1-d3,211,A,1,44,"[24800,46000,-6300,35500]",1,10.0,1,1,0,0,4,True
2024-2024093020gm-00a9-0000-4385d1bc-07-s1-d3,211,B,4,3,"[16200,52300,-4600,36100]",1,10.0,1,1,0,0,4,True
2024-2024093020gm-00a9-0000-4385d1bc-07-s1-d3,212,A,1,44,"[15400,34700,15500,34400]",1,10.0,1,3,0,0,5,True
2024-2024093020gm-00a9-0000-4385d1bc-07-s1-d3,212,B,4,3,"[15400,34700,15500,34400]",1,10.0,1,3,0,0,5,True
2024-2024093020gm-00a9-0000-4385d1bc-07-s1-d3,213,A,1,44,"[18200,21300,31600,28900]",3,-4.0,1,3,0,0,7,True
2024-2024093020gm-00a9-0000-4385d1bc-07-s1-d3,213,B,4,3,"[18200,21300,31600,28900]",3,-4.0,1,3,0,0,7,True
2024-2024093020gm-00a9-0000-4385d1bc-07-s1-d3,214,A,1,44,"[18800,40000,6500,34700]",1,10.0,1,3,0,0,6,True
2024-2024093020gm-00a9-0000-4385d1bc-07-s1-d3,214,B,4,3,"[21300,39300,7800,31600]",1,10.0,1,3,0,0,6,True
2024-2024093020gm-00a9-0000-4385d1bc-07-s1-d3,215,A,1,44,"[20300,20900,26500,32300]",3,-4.0,1,3,0,0,5,True
2024-2024093020gm-00a9-0000-4385d1bc-07-s1-d3,215,B,4,3,"[14300,31700,19400,34600]",2,4.0,1,3,0,0,6,True
2024-2024093020gm-00a9-0000-4385d1bc-07-s1-d3,216,A,1,44,"[9200,16300,36000,38500]",3,-4.0,1,3,0,0,5,True
2024-2024093020gm-00a9-0000-4385d1bc-07-s1-d3,216,B,4,3,"[18600,13700,29200,38500]",4,-10.0,1,3,0,0,5,True
2024-2024093020gm-00a9-0000-4385d1bc-07-s1-d3,217,A,1,44,"[8000,18300,21500,50200]",3,-4.0,1,3,1,2,7,True
2024-2024093020gm-00a9-0000-4385d1bc-07-s1-d3,217,B,4,3,"[-2200,28700,18000,55500]",2,4.0,1,3,0,0,8,True
2024-2024093020gm-00a9-0000-4385d1bc-07-s1-d3,218,A,1,44,"[27200,12000,23400,37400]",4,-10.0,1,3,1,0,6,True
2024-2024093020gm-00a9-0000-4385d1bc-07-s1-d3,218,B,4,3,"[12300,44100,20400,23200]",1,10.0,2,1,0,0,8,True
2024-2024093020gm-00a9-0000-4385d1bc-07-s1-d3,219,A,1,44,"[33100,11300,26800,28800]",4,-10.0,1,3,0,0,5,True
2024-2024093020gm-00a9-0000-4385d1bc-07-s1-d3,219,B,4,3,"[27800,17100,14700,40400]",3,-4.0,1,3,0,0,5,True
2024-2024093020gm-00a9-0000-4385d1bc-07-s1-d3,220,A,1,44,"[36700,25900,6100,31300]",3,-4.0,1,3,0,0,8,True
2024-2024093020gm-00a9-0000-4385d1bc-07-s1-d3,220,B,4,3,"[36700,25900,6100,31300]",3,-4.0,1,3,0,0,8,True
2024-2024093020gm-00a9-0000-4385d1bc-07-s1-d3,221,A,1,44,"[5100,21000,29700,44200]",3,-4.0,1,3,0,0,7,True
2024-2024093020gm-00a9-0000-4385d1bc-07-s1-d3,221,B,4,3,"[5100,22000,29700,43200]",3,-4.0,1,3,0,0,7,True
2024-2024093020gm-00a9-0000-4385d1bc-07-s1-d3,222,A,1,44,"[27000,23000,35700,14300]",3,-4.0,1,3,0,0,6,True
2024-2024093020gm-00a9-0000-4385d1bc-07-s1-d3,222,B,4,3,"[5500,32700,28400,33400]",2,4.0,1,3,0,0,6,True
2024-2024093020gm-00a9-0000-4385d1bc-07-s1-d3,223,A,1,44,"[27300,21300,7400,44000]",3,-4.0,1,3,0,0,5,True
2024-2024093020gm-00a9-0000-4385d1bc-07-s1-d3,223,B,4,3,"[21600,24200,8800,45400]",2,4.0,1,3,0,0,6,True
2024-2024093020gm-00a9-0000-4385d1bc-07-s1-d3,224,A,1,44,"[23800,18000,12300,45900]",3,-4.0,1,3,0,0,5,True
2024-2024093020gm-00a9-0000-4385d1bc-07-s1-d3,224,B,4,3,"[23800,18700,13000,44500]",3,-4.0,1,3,0,0,5,True
2024-2024093020gm-00a9-0000-4385d1bc-07-s1-d3,225,A,1,44,"[21300,30900,28200,19600]",1,10.0,2,1,0,0,7,True
2024-2024093020gm-00a9-0000-4385d1bc-07-s1-d3,225,B,4,3,"[3800,18700,21600,55900]",3,-4.0,1,3,0,0,6,True
2024-2024093020gm-00a9-0000-4385d1bc-07-s1-d3,226,A,1,44,"[33400,16000,21200,29400]",4,-10.0,1,3,1,0,7,True
2024-2024093020gm-00a9-0000-4385d1bc-07-s1-d3,226,B,4,3,"[31200,20200,17600,31000]",3,-4.0,1,3,0,0,7,True
2024-2024093020gm-00a9-0000-4385d1bc-07-s1-d3,227,A,1,44,"[12900,44200,21800,21100]",1,10.0,1,3,0,0,8,True
2024-2024093020gm-00a9-0000-4385d1bc-07-s1-d3,227,B,4,3,"[19400,40200,12300,28100]",1,10.0,1,3,1,0,9,True
2024-2024093020gm-00a9-0000-4385d1bc-07-s1-d3,228,A,1,44,"[35000,9400,23600,32000]",4,-10.0,1,3,0,0,6,True
2024-2024093020gm-00a9-0000-4385d1bc-07-s1-d3,228,B,4,3,"[15700,43700,12500,28100]",1,10.0,1,3,0,0,5,True
2024-2024093020gm-00a9-0000-4385d1bc-07-s1-d3,229,A,1,44,"[20700,22300,22200,34800]",2,4.0,1,3,0,0,5,True
2024-2024093020gm-00a9-0000-4385d1bc-07-s1-d3,229,B,4,3,"[20700,13900,26800,38600]",4,-10.0,1,3,0,0,6,True
2024-2024093020gm-00a9-0000-4385d1bc-07-s1-d3,230,A,1,44,"[11300,25800,21900,41000]",2,4.0,1,3,0,0,5,True
2024-2024093020gm-00a9-0000-4385d1bc-07-s1-d3,230,B,4,3,"[15900,47900,-5900,42100]",1,10.0,1,3,0,0,8,True
2024-2024093020gm-00a9-0000-4385d1bc-07-s1-d3,231,A,1,44,"[31800,14200,20600,33400]",4,-10.0,1,3,0,0,6,True
2024-2024093020gm-00a9-0000-4385d1bc-07-s1-d3,231,B,4,3,"[31200,18600,23600,26600]",4,-10.0,1,3,0,0,6,True
2024-2024093020gm-00a9-0000-4385d1bc-07-s1-d3,232,A,1,44,"[18500,41400,8900,31200]",1,10.0,1,3,0,0,5,True
2024-2024093020gm-00a9-0000-4385d1bc-07-s1-d3,232,B,4,3,"[26100,18200,9200,46500]",3,-4.0,1,3,0,0,6,True
2024-2024093020gm-00a9-0000-4385d1bc-07-s1-d3,233,A,1,44,"[19400,33400,-400,47600]",2,4.0,1,0,0,0,3,True
2024-2024093020gm-00a9-0000-4385d1bc-07-s1-d3,233,B,4,3,"[14500,50300,-4500,39700]",1,10.0,1,1,0,0,4,True
2024-2024093020gm-00a9-0000-4385d1bc-07-s1-d3,234,A,1,44,"[27300,21300,11000,40400]",3,-4.0,1,3,0,0,5,True
2024-2024093020gm-00a9-0000-4385d1bc-07-s1-d3,234,B,4,3,"[33700,30000,-4500,40800]",3,-4.0,1,1,0,0,4,True
2024-2024093020gm-00a9-0000-4385d1bc-07-s1-d3,235,A,1,44,"[8100,40100,26100,25700]",1,10.0,1,3,0,0,6,True
2024-2024093020gm-00a9-0000-4385d1bc-07-s1-d3,235,B,4,3,"[8100,40100,26100,25700]",1,10.0,1,3,0,0,6,True
2024-2024093020gm-00a9-0000-4385d1bc-07-s1-d3,236,A,1,44,"[21200,15100,19000,44700]",4,-10.0,1,3,0,0,7,True
2024-2024093020gm-00a9-0000-4385d1bc-07-s1-d3,236,B,4,3,"[7300,35100,14900,42700]",2,4.0,1,3,0,0,7,True
2024-2024093020gm-00a9-0000-4385d1bc-07-s1-d3,237,A,1,44,"[41200,28600,5800,24400]",2,4.0,1,3,0,0,5,True
2024-2024093020gm-00a9-0000-4385d1bc-07-s1-d3,237,B,4,3,"[37500,17700,18700,26100]",4,-10.0,1,3,0,0,6,True
2024-2024093020gm-00a9-0000-4385d1bc-07-s1-d3,238,A,1,44,"[23300,15100,18600,43000]",4,-10.0,1,3,0,0,5,True
2024-2024093020gm-00a9-0000-4385d1bc-07-s1-d3,238,B,4,3,"[26900,14500,19500,39100]",4,-10.0,1,3,0,0,5,True
2024-2024093020gm-00a9-0000-4385d1bc-07-s1-d3,239,A,1,44,"[26000,23500,18700,31800]",3,-4.0,2,0,0,0,7,True
2024-2024093020gm-00a9-0000-4385d1bc-07-s1-d3,239,B,4,3,"[27600,-3500,39900,36000]",4,-10.0,1,3,0,0,7,True
2024-2024093020gm-00a9-0000-4385d1bc-07-s1-d3,240,A,1,44,"[30000,11400,27900,28700]",4,-10.0,1,3,1,2,7,True
2024-2024093020gm-00a9-0000-4385d1bc-07-s1-d3,240,B,4,3,"[27400,17700,19000,35900]",4,-10.0,1,3,0,0,6,True
2024-2024093020gm-00a9-0000-4385d1bc-07-s1-d3,241,A,1,44,"[16100,47000,4200,32700]",1,10.0,1,3,0,0,7,True
2024-2024093020gm-00a9-0000-4385d1bc-07-s1-d3,241,B,4,3,"[27000,29800,10700,31500]",2,4.0,1,3,0,1,7,True
2024-2024093020gm-00a9-0000-4385d1bc-07-s1-d3,242,A,1,44,"[29500,26200,11900,32400]",3,-4.0,2,0,0,0,8,True
2024-2024093020gm-00a9-0000-4385d1bc-07-s1-d3,242,B,4,3,"[8700,34900,21900,34500]",1,10.0,1,3,1,0,6,True
2024-2024093020gm-00a9-0000-4385d1bc-07-s1-d3,243,A,1,44,"[32500,7900,26000,33600]",4,-10.0,2,0,0,0,7,True
2024-2024093020gm-00a9-0000-4385d1bc-07-s1-d3,243,B,4,3,"[44600,-600,15000,41000]",4,-10.0,1,0,1,0,3,True
2024-2024093020gm-00a9-0000-4385d1bc-07-s1-d3,244,A,1,44,"[5300,19600,46200,28900]",3,-4.0,1,3,1,0,8,True
2024-2024093020gm-00a9-0000-4385d1bc-07-s1-d3,244,B,4,3,"[12300,41000,14400,32300]",1,10.0,1,3,0,0,6,True
2024-2024093020gm-00a9-0000-4385d1bc-07-s1-d3,245,A,1,44,"[17100,18900,20800,43200]",3,-4.0,1,3,0,0,5,True
2024-2024093020gm-00a9-0000-4385d1bc-07-s1-d3,245,B,4,3,"[20300,22100,21100,34500]",2,4.0,1,3,0,2,5,True
2024-2024093020gm-00a9-0000-4385d1bc-07-s1-d3,246,A,1,44,"[22600,21500,10000,45900]",3,-4.0,1,3,0,0,6,True
2024-2024093020gm-00a9-0000-4385d1bc-07-s1-d3,246,B,4,3,"[30300,33300,-6200,42600]",2,4.0,1,3,0,0,6,True
2024-2024093020gm-00a9-0000-4385d1bc-07-s1-d3,247,A,1,44,"[18700,23700,20500,37100]",2,4.0,1,3,0,0,5,True
2024-2024093020gm-00a9-0000-4385d1bc-07-s1-d3,247,B,4,3,"[30300,7000,29700,33000]",4,-10.0,1,3,0,0,7,True
2024-2024093020gm-00a9-0000-4385d1bc-07-s1-d3,248,A,1,44,"[14000,18500,23500,44000]",3,-4.0,1,3,1,0,7,True
2024-2024093020gm-00a9-0000-4385d1bc-07-s1-d3,248,B,4,3,"[14000,18500,23500,44000]",3,-4.0,1,3,1,0,7,True
2024-2024093020gm-00a9-0000-4385d1bc-07-s1-d3,249,A,1,44,"[30800,18100,25800,25300]",4,-10.0,1,3,0,0,6,True
2024-2024093020gm-00a9-0000-4385d1bc-07-s1-d3,249,B,4,3,"[39900,1900,38800,19400]",4,-10.0,1,3,0,0,6,True
2024-2024093020gm-00a9-0000-4385d1bc-07-s1-d3,250,A,1,44,"[1900,27900,37400,32800]",3,-4.0,1,3,1,0,7,True
2024-2024093020gm-00a9-0000-4385d1bc-07-s1-d3,250,B,4,3,"[15100,19000,-500,66400]",2,4.0,1,2,0,0,5,True
2024-2024093020gm-00a9-0000-4385d1bc-07-s1-d3,251,A,1,44,"[29700,17900,19500,32900]",4,-10.0,1,3,0,0,6,True
2024-2024093020gm-00a9-0000-4385d1bc-07-s1-d3,251,B,4,3,"[25200,15300,19900,38600]",4,-10.0,1,3,0,1,6,True
2024-2024093020gm-00a9-0000-4385d1bc-07-s1-d3,252,A,1,44,"[16800,20400,17900,44900]",2,4.0,1,3,0,0,6,True
2024-2024093020gm-00a9-0000-4385d1bc-07-s1-d3,252,B,4,3,"[39300,21000,13800,25900]",3,-4.0,1,3,2,0,5,True
2024-2024093020gm-00a9-0000-4385d1bc-07-s1-d3,253,A,1,44,"[30000,19600,5900,44500]",3,-4.0,1,3,0,0,6,True
2024-2024093020gm-00a9-0000-4385d1bc-07-s1-d3,253,B,4,3,"[15100,21800,23500,39600]",3,-4.0,1,3,0,0,5,True
2024-2024093020gm-00a9-0000-4385d1bc-07-s1-d3,254,A,1,44,"[-300,32600,24000,43700]",2,4.0,1,2,0,0,4,True
2024-2024093020gm-00a9-0000-4385d1bc-07-s1-d3,254,B,4,3,"[22700,6700,18000,52600]",4,-10.0,1,3,0,0,6,True
2024-2024093020gm-00a9-0000-4385d1bc-07-s1-d3,255,A,1,44,"[32800,11200,23100,32900]",4,-10.0,1,3,0,0,7,True
2024-2024093020gm-00a9-0000-4385d1bc-07-s1-d3,255,B,4,3,"[29600,17400,21100,31900]",4,-10.0,1,3,0,0,5,True
2025-2025011200gm-00a9-0000-18c17918-01-s0-d4,0,A,1,60,"[33100,26500,44900,-4500]",2,4.0,0,3,0,0,9,True
2025-2025011200gm-00a9-0000-18c17918-01-s0-d4,0,B,2,67,"[33100,26500,44900,-4500]",2,4.0,0,3,0,0,9,True
2025-2025011200gm-00a9-0000-18c17918-01-s0-d4,1,A,1,60,"[32900,42000,28600,-3500]",2,4.0,0,3,0,0,5,True
2025-2025011200gm-00a9-0000-18c17918-01-s0-d4,1,B,2,67,"[15700,44500,32700,7100]",3,-4.0,1,3,2,0,10,True
2025-2025011200gm-00a9-0000-18c17918-01-s0-d4,2,A,1,60,"[19300,30000,29400,21300]",4,-10.0,1,3,0,0,9,True
2025-2025011200gm-00a9-0000-18c17918-01-s0-d4,2,B,2,67,"[22600,37700,27400,12300]",3,-4.0,2,0,0,0,10,True
2025-2025011200gm-00a9-0000-18c17918-01-s0-d4,3,A,1,60,"[32600,33300,24600,9500]",2,4.0,1,3,0,0,12,True
2025-2025011200gm-00a9-0000-18c17918-01-s0-d4,3,B,2,67,"[30200,25900,35000,8900]",2,4.0,1,3,0,0,12,True
2025-2025011200gm-00a9-0000-18c17918-01-s0-d4,4,A,1,60,"[34900,35900,29700,-500]",2,4.0,0,1,1,0,3,True
2025-2025011200gm-00a9-0000-18c17918-01-s0-d4,4,B,2,67,"[34900,35900,29700,-500]",2,4.0,0,1,1,0,3,True
2025-2025011200gm-00a9-0000-18c17918-01-s0-d4,5,A,1,60,"[61400,45400,-12100,5300]",1,10.0,1,0,1,0,6,True
2025-2025011200gm-00a9-0000-18c17918-01-s0-d4,5,B,2,67,"[61400,45400,-12100,5300]",1,10.0,1,0,1,0,6,True
2025-2025011200gm-00a9-0000-18c17918-01-s0-d4,6,A,1,60,"[45200,22900,22500,9400]",1,10.0,1,3,0,0,11,True
2025-2025011200gm-00a9-0000-18c17918-01-s0-d4,6,B,2,67,"[41500,28200,15500,14800]",1,10.0,1,3,0,0,10,True
2025-2025011200gm-00a9-0000-18c17918-01-s0-d4,7,A,1,60,"[31000,9100,25900,34000]",2,4.0,1,3,1,0,12,True
2025-2025011200gm-00a9-0000-18c17918-01-s0-d4,7,B,2,67,"[31000,9100,25900,34000]",2,4.0,1,3,1,0,12,True
2025-2025011200gm-00a9-0000-18c17918-01-s0-d4,8,A,1,60,"[-3500,21500,56500,25500]",4,-10.0,1,2,1,0,10,True
2025-2025011200gm-00a9-0000-18c17918-01-s0-d4,8,B,2,67,"[38200,25800,38700,-2700]",2,4.0,1,3,0,0,10,True
2025-2025011200gm-00a9-0000-18c17918-01-s0-d4,9,A,1,60,"[32900,36100,33300,-2300]",3,-4.0,0,1,0,0,3,True
2025-2025011200gm-00a9-0000-18c17918-01-s0-d4,9,B,2,67,"[27100,61000,-500,11400]",2,4.0,1,1,0,1,7,True
2025-2025011200gm-00a9-0000-18c17918-01-s0-d4,10,A,1,60,"[24600,33500,47900,-6000]",3,-4.0,1,1,1,0,7,True
2025-2025011200gm-00a9-0000-18c17918-01-s0-d4,10,B,2,67,"[41900,37700,20800,-400]",1,10.0,0,1,0,0,3,True
2025-2025011200gm-00a9-0000-18c17918-01-s0-d4,11,A,1,60,"[41000,30600,17200,11200]",1,10.0,1,3,0,0,16,True
2025-2025011200gm-00a9-0000-18c17918-01-s0-d4,11,B,2,67,"[41000,30600,17200,11200]",1,10.0,1,3,0,0,16,True
2025-2025011200gm-00a9-0000-18c17918-01-s0-d4,12,A,1,60,"[38900,27600,39000,-5500]",2,4.0,1,2,0,0,8,True
2025-2025011200gm-00a9-0000-18c17918-01-s0-d4,12,B,2,67,"[38900,27600,39000,-5500]",2,4.0,1,2,0,0,8,True
2025-2025011200gm-00a9-0000-18c17918-01-s0-d4,13,A,1,60,"[25900,27000,32400,14700]",3,-4.0,1,3,1,0,15,True
2025-2025011200gm-00a9-0000-18c17918-01-s0-d4,13,B,2,67,"[25900,27000,32400,14700]",3,-4.0,1,3,1,0,15,True
2025-2025011200gm-00a9-0000-18c17918-01-s0-d4,14,A,1,60,"[20600,15000,21000,43400]",3,-4.0,1,3,0,0,8,True
2025-2025011200gm-00a9-0000-18c17918-01-s0-d4,14,B,2,67,"[20600,15000,21000,43400]",3,-4.0,1,3,0,0,8,True
2025-2025011200gm-00a9-0000-18c17918-01-s0-d4,15,A,1,60,"[53300,18600,19200,8900]",1,10.0,1,3,0,0,13,True
2025-2025011200gm-00a9-0000-18c17918-01-s0-d4,15,B,2,67,"[53300,18600,19200,8900]",1,10.0,1,3,0,0,13,True
2025-2025011200gm-00a9-0000-18c17918-01-s0-d4,16,A,1,60,"[26800,26900,37900,8400]",3,-4.0,1,3,3,0,12,True
2025-2025011200gm-00a9-0000-18c17918-01-s0-d4,16,B,2,67,"[26800,26900,37900,8400]",3,-4.0,1,3,3,0,12,True
2025-2025011200gm-00a9-0000-18c17918-01-s0-d4,17,A,1,60,"[36600,25000,41300,-2900]",2,4.0,0,0,1,0,1,True
2025-2025011200gm-00a9-0000-18c17918-01-s0-d4,17,B,2,67,"[36600,25000,41300,-2900]",2,4.0,0,0,1,0,1,True
2025-2025011200gm-00a9-0000-18c17918-01-s0-d4,18,A,1,60,"[11700,28600,29700,30000]",4,-10.0,2,2,0,0,17,True
2025-2025011200gm-00a9-0000-18c17918-01-s0-d4,18,B,2,67,"[16100,36400,31700,15800]",3,-4.0,1,3,0,0,11,True
2025-2025011200gm-00a9-0000-18c17918-01-s0-d4,19,A,1,60,"[56800,21100,25100,-3000]",1,10.0,0,3,0,0,8,True
2025-2025011200gm-00a9-0000-18c17918-01-s0-d4,19,B,2,67,"[56800,21100,25100,-3000]",1,10.0,0,3,0,0,8,True
2025-2025011200gm-00a9-0000-18c17918-01-s0-d4,20,A,1,60,"[22900,42700,20100,14300]",2,4.0,1,3,0,0,8,True
2025-2025011200gm-00a9-0000-18c17918-01-s0-d4,20,B,2,67,"[31200,36900,26900,5000]",2,4.0,1,3,0,0,11,True
2025-2025011200gm-00a9-0000-18c17918-01-s0-d4,21,A,1,60,"[44300,11500,34700,9500]",1,10.0,1,3,0,0,11,True
2025-2025011200gm-00a9-0000-18c17918-01-s0-d4,21,B,2,67,"[38300,21300,29700,10700]",1,10.0,1,3,0,0,11,True
2025-2025011200gm-00a9-0000-18c17918-01-s0-d4,22,A,1,60,"[32800,45600,16000,5600]",2,4.0,1,3,0,0,9,True
2025-2025011200gm-00a9-0000-18c17918-01-s0-d4,22,B,2,67,"[31400,37600,32700,-1700]",3,-4.0,0,1,3,0,3,True
2025-2025011200gm-00a9-0000-18c17918-01-s0-d4,23,A,1,60,"[62800,28300,3400,4500]",1,10.0,1,3,1,1,10,True
2025-2025011200gm-00a9-0000-18c17918-01-s0-d4,23,B,2,67,"[52500,25600,24200,-2300]",1,10.0,0,3,0,0,6,True
2025-2025011200gm-00a9-0000-18c17918-01-s0-d4,24,A,1,60,"[34600,9100,37900,18400]",2,4.0,1,3,2,0,10,True
2025-2025011200gm-00a9-0000-18c17918-01-s0-d4,24,B,2,67,"[42100,31100,21200,4600]",1,10.0,1,3,1,1,9,True
2025-2025011200gm-00a9-0000-18c17918-01-s0-d4,25,A,1,60,"[33400,25600,11200,29800]",1,10.0,1,3,1,0,10,True
2025-2025011200gm-00a9-0000-18c17918-01-s0-d4,25,B,2,67,"[25400,43500,31400,-300]",3,-4.0,0,3,1,0,5,True
2025-2025011200gm-00a9-0000-18c17918-01-s0-d4,26,A,1,60,"[31300,41900,15000,11800]",2,4.0,1,3,1,0,10,True
2025-2025011200gm-00a9-0000-18c17918-01-s0-d4,26,B,2,67,"[33000,23700,31900,11400]",1,10.0,1,3,0,0,9,True
2025-2025011200gm-00a9-0000-18c17918-01-s0-d4,27,A,1,60,"[38000,33200,28500,300]",1,10.0,1,3,1,0,9,True
2025-2025011200gm-00a9-0000-18c17918-01-s0-d4,27,B,2,67,"[34700,29500,15100,20700]",1,10.0,1,3,0,0,10,True
2025-2025011200gm-00a9-0000-18c17918-01-s0-d4,28,A,1,60,"[45200,900,28200,25700]",1,10.0,1,3,2,0,11,True
2025-2025011200gm-00a9-0000-18c17918-01-s0-d4,28,B,2,67,"[45200,900,28200,25700]",1,10.0,1,3,2,0,11,True
2025-2025011200gm-00a9-0000-18c17918-01-s0-d4,29,A,1,60,"[32400,24900,23500,19200]",1,10.0,1,3,0,0,8,True
2025-2025011200gm-00a9-0000-18c17918-01-s0-d4,29,B,2,67,"[32400,24900,23500,19200]",1,10.0,1,3,0,0,8,True
2025-2025011200gm-00a9-0000-18c17918-01-s0-d4,30,A,1,60,"[20200,28400,40200,11200]",3,-4.0,1,3,0,0,12,True
2025-2025011200gm-00a9-0000-18c17918-01-s0-d4,30,B,2,67,"[20200,28400,40200,11200]",3,-4.0,1,3,0,0,12,True
2025-2025011200gm-00a9-0000-18c17918-01-s0-d4,31,A,1,60,"[33300,59400,16500,-9200]",2,4.0,1,2,0,0,9,True
2025-2025011200gm-00a9-0000-18c17918-01-s0-d4,31,B,2,67,"[33300,59400,16500,-9200]",2,4.0,1,2,0,0,9,True
2025-2025011200gm-00a9-0000-18c17918-01-s0-d4,32,A,1,60,"[18000,38800,16500,26700]",3,-4.0,1,3,0,0,12,True
2025-2025011200gm-00a9-0000-18c17918-01-s0-d4,32,B,2,67,"[41100,13000,11600,34300]",1,10.0,1,3,1,0,12,True
2025-2025011200gm-00a9-0000-18c17918-01-s0-d4,33,A,1,60,"[23200,19800,31400,25600]",3,-4.0,1,3,0,0,8,True
2025-2025011200gm-00a9-0000-18c17918-01-s0-d4,33,B,2,67,"[23200,19800,31400,25600]",3,-4.0,1,3,0,0,8,True
2025-2025011200gm-00a9-0000-18c17918-01-s0-d4,34,A,1,60,"[46900,35300,13100,4700]",1,10.0,1,3,0,0,10,True
2025-2025011200gm-00a9-0000-18c17918-01-s0-d4,34,B,2,67,"[46900,35300,13100,4700]",1,10.0,1,3,0,0,10,True
2025-2025011200gm-00a9-0000-18c17918-01-s0-d4,35,A,1,60,"[28800,42200,12000,16000]",2,4.0,1,3,0,1,10,True
2025-2025011200gm-00a9-0000-18c17918-01-s0-d4,35,B,2,67,"[18300,40900,25300,15500]",3,-4.0,1,3,1,0,11,True
2025-2025011200gm-00a9-0000-18c17918-01-s0-d4,36,A,1,60,"[37500,17700,38000,6800]",2,4.0,1,3,0,0,10,True
2025-2025011200gm-00a9-0000-18c17918-01-s0-d4,36,B,2,67,"[37500,17700,38000,6800]",2,4.0,1,3,0,0,10,True
2025-2025011200gm-00a9-0000-18c17918-01-s0-d4,37,A,1,60,"[55100,16800,31200,-3100]",1,10.0,1,0,1,0,5,True
2025-2025011200gm-00a9-0000-18c17918-01-s0-d4,37,B,2,67,"[55100,16800,31200,-3100]",1,10.0,1,0,1,0,5,True
2025-2025011200gm-00a9-0000-18c17918-01-s0-d4,38,A,1,60,"[73500,21400,-2900,8000]",1,10.0,0,1,2,0,6,True
2025-2025011200gm-00a9-0000-18c17918-01-s0-d4,38,B,2,67,"[73500,21400,-2900,8000]",1,10.0,0,1,2,0,6,True
2025-2025011200gm-00a9-0000-18c17918-01-s0-d4,39,A,1,60,"[26600,20500,34200,18700]",2,4.0,1,3,0,0,8,True
2025-2025011200gm-00a9-0000-18c17918-01-s0-d4,39,B,2,67,"[26600,20500,34200,18700]",2,4.0,1,3,0,0,8,True
2025-2025011200gm-00a9-0000-18c17918-01-s0-d4,40,A,1,60,"[20600,49600,20200,9600]",2,4.0,1,3,2,0,11,True
2025-2025011200gm-00a9-0000-18c17918-01-s0-d4,40,B,2,67,"[31000,18500,36500,14000]",2,4.0,1,3,0,0,8,True
2025-2025011200gm-00a9-0000-18c17918-01-s0-d4,41,A,1,60,"[17500,38500,44200,-200]",3,-4.0,0,3,0,0,5,True
2025-2025011200gm-00a9-0000-18c17918-01-s0-d4,41,B,2,67,"[33600,6100,18500,41800]",2,4.0,1,3,1,0,9,True
2025-2025011200gm-00a9-0000-18c17918-01-s0-d4,42,A,1,60,"[47900,45700,-3700,10100]",1,10.0,1,0,0,0,7,True
2025-2025011200gm-00a9-0000-18c17918-01-s0-d4,42,B,2,67,"[49100,43700,-2900,10100]",1,10.0,0,3,0,0,6,True
2025-2025011200gm-00a9-0000-18c17918-01-s0-d4,43,A,1,60,"[33500,47000,22000,-2500]",2,4.0,0,3,0,0,6,True
2025-2025011200gm-00a9-0000-18c17918-01-s0-d4,43,B,2,67,"[52200,4500,30100,12200]",1,10.0,1,3,2,1,11,True
2025-2025011200gm-00a9-0000-18c17918-01-s0-d4,44,A,1,60,"[52600,8600,38300,500]",1,10.0,1,3,0,0,10,True
2025-2025011200gm-00a9-0000-18c17918-01-s0-d4,44,B,2,67,"[39900,26900,25400,7800]",1,10.0,1,3,0,0,10,True
2025-2025011200gm-00a9-0000-18c17918-01-s0-d4,45,A,1,60,"[39000,21800,27500,11700]",1,10.0,1,3,0,0,8,True
2025-2025011200gm-00a9-0000-18c17918-01-s0-d4,45,B,2,67,"[39000,21800,27500,11700]",1,10.0,1,3,0,0,8,True
2025-2025011200gm-00a9-0000-18c17918-01-s0-d4,46,A,1,60,"[56600,19300,9000,15100]",1,10.0,1,3,1,0,11,True
2025-2025011200gm-00a9-0000-18c17918-01-s0-d4,46,B,2,67,"[36100,21300,20200,22400]",1,10.0,1,3,0,0,16,True
2025-2025011200gm-00a9-0000-18c17918-01-s0-d4,47,A,1,60,"[46100,48400,-2900,8400]",2,4.0,0,3,0,0,6,True
2025-2025011200gm-00a9-0000-18c17918-01-s0-d4,47,B,2,67,"[46100,48400,-2900,8400]",2,4.0,0,3,0,0,6,True
2025-2025011200gm-00a9-0000-18c17918-01-s0-d4,48,A,1,60,"[44100,24000,35300,-3400]",1,10.0,0,2,1,0,5,True
2025-2025011200gm-00a9-0000-18c17918-01-s0-d4,48,B,2,67,"[44100,24000,35300,-3400]",1,10.0,0,2,1,0,5,True
2025-2025011200gm-00a9-0000-18c17918-01-s0-d4,49,A,1,60,"[16000,22800,48100,13100]",3,-4.0,1,3,0,0,9,True
2025-2025011200gm-00a9-0000-18c17918-01-s0-d4,49,B,2,67,"[36400,40800,25400,-2600]",2,4.0,1,1,2,0,7,True
2025-2025011200gm-00a9-0000-18c17918-01-s0-d4,50,A,1,60,"[27100,21900,16200,34800]",2,4.0,1,3,0,0,11,True
2025-2025011200gm-00a9-0000-18c17918-01-s0-d4,50,B,2,67,"[27100,21900,16200,34800]",2,4.0,1,3,0,0,11,True
2025-2025011200gm-00a9-0000-18c17918-01-s0-d4,51,A,1,60,"[40300,26800,21500,11400]",1,10.0,1,3,0,0,10,True
2025-2025011200gm-00a9-0000-18c17918-01-s0-d4,51,B,2,67,"[45100,23900,7700,23300]",1,10.0,1,3,0,0,11,True
2025-2025011200gm-00a9-0000-18c17918-01-s0-d4,52,A,1,60,"[43300,32500,26000,-1800]",1,10.0,1,1,1,0,9,True
2025-2025011200gm-00a9-0000-18c17918-01-s0-d4,52,B,2,67,"[43300,32500,26000,-1800]",1,10.0,1,1,1,0,9,True
2025-2025011200gm-00a9-0000-18c17918-01-s0-d4,53,A,1,60,"[31000,22000,18100,28900]",1,10.0,1,3,0,0,10,True
2025-2025011200gm-00a9-0000-18c17918-01-s0-d4,53,B,2,67,"[32300,30000,1000,36700]",2,4.0,1,3,1,0,11,True
2025-2025011200gm-00a9-0000-18c17918-01-s0-d4,54,A,1,60,"[34600,32200,34900,-1700]",2,4.0,0,1,5,0,5,True
2025-2025011200gm-00a9-0000-18c17918-01-s0-d4,54,B,2,67,"[42900,47000,13900,-3800]",2,4.0,1,1,0,0,10,True
2025-2025011200gm-00a9-0000-18c17918-01-s0-d4,55,A,1,60,"[49100,22900,29300,-1300]",1,10.0,1,0,1,0,8,True
2025-2025011200gm-00a9-0000-18c17918-01-s0-d4,55,B,2,67,"[49100,22900,29300,-1300]",1,10.0,1,0,1,0,8,True
2025-2025011200gm-00a9-0000-18c17918-01-s0-d4,56,A,1,60,"[28800,29300,38900,3000]",3,-4.0,1,3,0,0,9,True
2025-2025011200gm-00a9-0000-18c17918-01-s0-d4,56,B,2,67,"[28800,29300,38900,3000]",3,-4.0,1,3,0,0,9,True
2025-2025011200gm-00a9-0000-18c17918-01-s0-d4,57,A,1,60,"[43100,30500,31100,-4700]",1,10.0,0,3,1,0,6,True
2025-2025011200gm-00a9-0000-18c17918-01-s0-d4,57,B,2,67,"[43600,32000,28600,-4200]",1,10.0,0,3,1,0,6,True
2025-2025011200gm-00a9-0000-18c17918-01-s0-d4,58,A,1,60,"[40400,16900,19900,21800]",1,10.0,1,3,0,1,9,True
2025-2025011200gm-00a9-0000-18c17918-01-s0-d4,58,B,2,67,"[40400,16900,19900,21800]",1,10.0,1,3,0,1,9,True
2025-2025011200gm-00a9-0000-18c17918-01-s0-d4,59,A,1,60,"[44900,26300,31600,-2800]",1,10.0,1,2,0,0,13,True
2025-2025011200gm-00a9-0000-18c17918-01-s0-d4,59,B,2,67,"[27700,32700,34800,4800]",3,-4.0,1,3,0,0,12,True
2025-2025011200gm-00a9-0000-18c17918-01-s0-d4,60,A,1,60,"[30300,27100,15200,27400]",1,10.0,2,0,0,0,11,True
2025-2025011200gm-00a9-0000-18c17918-01-s0-d4,60,B,2,67,"[32000,17100,23300,27600]",1,10.0,2,1,3,0,12,True
2025-2025011200gm-00a9-0000-18c17918-01-s0-d4,61,A,1,60,"[30700,33500,34300,1500]",3,-4.0,1,3,0,0,10,True
2025-2025011200gm-00a9-0000-18c17918-01-s0-d4,61,B,2,67,"[38000,36400,26400,-800]",1,10.0,0,3,0,0,5,True
2025-2025011200gm-00a9-0000-18c17918-01-s0-d4,62,A,1,60,"[37300,41400,22400,-1100]",2,4.0,0,1,0,0,3,True
2025-2025011200gm-00a9-0000-18c17918-01-s0-d4,62,B,2,67,"[37300,41400,22400,-1100]",2,4.0,0,1,0,0,3,True
2025-2025011200gm-00a9-0000-18c17918-01-s0-d4,63,A,1,60,"[27700,58900,15400,-2000]",2,4.0,1,1,1,0,10,True
2025-2025011200gm-00a9-0000-18c17918-01-s0-d4,63,B,2,67,"[27700,58900,15400,-2000]",2,4.0,1,1,1,0,10,True
2025-2025011200gm-00a9-0000-18c17918-01-s0-d4,64,A,1,60,"[12800,49600,26800,10800]",3,-4.0,1,3,0,0,9,True
2025-2025011200gm-00a9-0000-18c17918-01-s0-d4,64,B,2,67,"[12800,49600,26800,10800]",3,-4.0,1,3,0,0,9,True
2025-2025011200gm-00a9-0000-18c17918-01-s0-d4,65,A,1,60,"[34200,51000,20100,-5300]",2,4.0,1,2,0,0,10,True
2025-2025011200gm-00a9-0000-18c17918-01-s0-d4,65,B,2,67,"[27200,23100,31100,18600]",2,4.0,1,3,0,0,13,True
2025-2025011200gm-00a9-0000-18c17918-01-s0-d4,66,A,1,60,"[37700,52100,-900,11100]",2,4.0,1,2,0,0,8,True
2025-2025011200gm-00a9-0000-18c17918-01-s0-d4,66,B,2,67,"[37700,52100,-900,11100]",2,4.0,1,2,0,0,8,True
2025-2025011200gm-00a9-0000-18c17918-01-s0-d4,67,A,1,60,"[69800,22300,12700,-4800]",1,10.0,1,0,1,0,9,True
2025-2025011200gm-00a9-0000-18c17918-01-s0-d4,67,B,2,67,"[33000,24100,44800,-1900]",2,4.0,1,3,0,0,11,True
2025-2025011200gm-00a9-0000-18c17918-01-s0-d4,68,A,1,60,"[41800,4700,16200,37300]",1,10.0,1,3,0,0,10,True
2025-2025011200gm-00a9-0000-18c17918-01-s0-d4,68,B,2,67,"[41800,4700,16200,37300]",1,10.0,1,3,0,0,10,True
2025-2025011200gm-00a9-0000-18c17918-01-s0-d4,69,A,1,60,"[20400,22500,45300,11800]",3,-4.0,1,3,1,0,12,True
2025-2025011200gm-00a9-0000-18c17918-01-s0-d4,69,B,2,67,"[20400,22500,45300,11800]",3,-4.0,1,3,1,0,12,True
2025-2025011200gm-00a9-0000-18c17918-01-s0-d4,70,A,1,60,"[46800,32300,15300,5600]",1,10.0,1,3,1,0,11,True
2025-2025011200gm-00a9-0000-18c17918-01-s0-d4,70,B,2,67,"[46800,32300,15300,5600]",1,10.0,1,3,1,0,11,True
2025-2025011200gm-00a9-0000-18c17918-01-s0-d4,71,A,1,60,"[40700,28800,28900,1600]",1,10.0,1,3,0,0,11,True
2025-2025011200gm-00a9-0000-18c17918-01-s0-d4,71,B,2,67,"[40700,28800,28900,1600]",1,10.0,1,3,0,0,11,True
2025-2025011200gm-00a9-0000-18c17918-01-s0-d4,72,A,1,60,"[31700,19500,22600,26200]",1,10.0,1,3,0,0,10,True
2025-2025011200gm-00a9-0000-18c17918-01-s0-d4,72,B,2,67,"[31700,19500,22600,26200]",1,10.0,1,3,0,0,10,True
2025-2025011200gm-00a9-0000-18c17918-01-s0-d4,73,A,1,60,"[41700,16100,17600,24600]",1,10.0,1,3,2,0,13,True
2025-2025011200gm-00a9-0000-18c17918-01-s0-d4,73,B,2,67,"[41700,16100,17600,24600]",1,10.0,1,3,2,0,13,True
2025-2025011200gm-00a9-0000-18c17918-01-s0-d4,74,A,1,60,"[33500,25900,24400,16200]",1,10.0,1,3,0,0,10,True
2025-2025011200gm-00a9-0000-18c17918-01-s0-d4,74,B,2,67,"[42500,29900,28700,-1100]",1,10.0,1,0,0,0,7,True
2025-2025011200gm-00a9-0000-18c17918-01-s0-d4,75,A,1,60,"[27800,26300,32600,12300]",2,4.0,1,3,0,1,8,True
2025-2025011200gm-00a9-0000-18c17918-01-s0-d4,75,B,2,67,"[27800,26300,32600,12300]",2,4.0,1,3,0,1,8,True
2025-2025011200gm-00a9-0000-18c17918-01-s0-d4,76,A,1,60,"[30100,26500,29800,13600]",1,10.0,1,3,0,0,12,True
2025-2025011200gm-00a9-0000-18c17918-01-s0-d4,76,B,2,67,"[45100,4800,10300,39800]",1,10.0,1,3,1,0,12,True
2025-2025011200gm-00a9-0000-18c17918-01-s0-d4,77,A,1,60,"[36600,42200,24000,-2800]",2,4.0,0,1,0,0,2,True
2025-2025011200gm-00a9-0000-18c17918-01-s0-d4,77,B,2,67,"[36600,42200,24000,-2800]",2,4.0,0,1,0,0,2,True
2025-2025011200gm-00a9-0000-18c17918-01-s0-d4,78,A,1,60,"[42700,29500,35000,-7200]",1,10.0,0,1,0,0,3,True
2025-2025011200gm-00a9-0000-18c17918-01-s0-d4,78,B,2,67,"[42700,29500,35000,-7200]",1,10.0,0,1,0,0,3,True
2025-2025011200gm-00a9-0000-18c17918-01-s0-d4,79,A,1,60,"[39600,21800,31300,7300]",1,10.0,1,3,1,0,11,True
2025-2025011200gm-00a9-0000-18c17918-01-s0-d4,79,B,2,67,"[39600,21800,31300,7300]",1,10.0,1,3,1,0,11,True
2025-2025011200gm-00a9-0000-18c17918-01-s0-d4,80,A,1,60,"[57500,19400,29900,-6800]",1,10.0,0,0,5,0,5,True
2025-2025011200gm-00a9-0000-18c17918-01-s0-d4,80,B,2,67,"[51500,20500,28300,-300]",1,10.0,0,2,0,0,6,True
2025-2025011200gm-00a9-0000-18c17918-01-s0-d4,81,A,1,60,"[37300,28200,-600,35100]",1,10.0,1,0,2,0,9,True
2025-2025011200gm-00a9-0000-18c17918-01-s0-d4,81,B,2,67,"[37300,28200,-600,35100]",1,10.0,1,0,2,0,9,True
2025-2025011200gm-00a9-0000-18c17918-01-s0-d4,82,A,1,60,"[16300,28700,37600,17400]",4,-10.0,1,3,0,0,12,True
2025-2025011200gm-00a9-0000-18c17918-01-s0-d4,82,B,2,67,"[28400,59600,-7200,19200]",2,4.0,0,2,0,0,5,True
2025-2025011200gm-00a9-0000-18c17918-01-s0-d4,83,A,1,60,"[22200,24500,40500,12800]",3,-4.0,1,3,1,0,11,True
2025-2025011200gm-00a9-0000-18c17918-01-s0-d4,83,B,2,67,"[22200,24500,40500,12800]",3,-4.0,1,3,1,0,11,True
2025-2025011200gm-00a9-0000-18c17918-01-s0-d4,84,A,1,60,"[43300,37400,16800,2500]",1,10.0,1,3,1,0,10,True
2025-2025011200gm-00a9-0000-18c17918-01-s0-d4,84,B,2,67,"[43800,24500,35700,-4000]",1,10.0,0,2,1,0,4,True
2025-2025011200gm-00a9-0000-18c17918-01-s0-d4,85,A,1,60,"[33000,21900,27200,17900]",1,10.0,1,3,0,0,13,True
2025-2025011200gm-00a9-0000-18c17918-01-s0-d4,85,B,2,67,"[36500,16200,18600,28700]",1,10.0,1,3,0,0,13,True
2025-2025011200gm-00a9-0000-18c17918-01-s0-d4,86,A,1,60,"[34900,48400,14800,1900]",2,4.0,1,3,0,0,11,True
2025-2025011200gm-00a9-0000-18c17918-01-s0-d4,86,B,2,67,"[21700,35500,23400,19400]",3,-4.0,1,3,1,0,12,True
2025-2025011200gm-00a9-0000-18c17918-01-s0-d4,87,A,1,60,"[25100,33800,44600,-3500]",3,-4.0,1,2,0,0,7,True
2025-2025011200gm-00a9-0000-18c17918-01-s0-d4,87,B,2,67,"[62700,28600,-2400,11100]",1,10.0,1,1,0,0,10,True
2025-2025011200gm-00a9-0000-18c17918-01-s0-d4,88,A,1,60,"[49100,25300,27500,-1900]",1,10.0,1,0,0,0,6,True
2025-2025011200gm-00a9-0000-18c17918-01-s0-d4,88,B,2,67,"[1900,36200,47600,14300]",4,-10.0,1,3,2,0,11,True
2025-2025011200gm-00a9-0000-18c17918-01-s0-d4,89,A,1,60,"[22100,15100,22200,40600]",3,-4.0,1,3,0,0,8,True
2025-2025011200gm-00a9-0000-18c17918-01-s0-d4,89,B,2,67,"[22100,15100,22200,40600]",3,-4.0,1,3,0,0,8,True
2025-2025011200gm-00a9-0000-18c17918-01-s0-d4,90,A,1,60,"[31400,20300,49300,-1000]",2,4.0,0,2,1,0,4,True
2025-2025011200gm-00a9-0000-18c17918-01-s0-d4,90,B,2,67,"[63600,9800,29700,-3100]",1,10.0,0,0,4,0,4,True
2025-2025011200gm-00a9-0000-18c17918-01-s0-d4,91,A,1,60,"[43100,23600,-3300,36600]",1,10.0,1,1,0,0,7,True
2025-2025011200gm-00a9-0000-18c17918-01-s0-d4,91,B,2,67,"[43100,23600,-3300,36600]",1,10.0,1,1,0,0,7,True
2025-2025011200gm-00a9-0000-18c17918-01-s0-d4,92,A,1,60,"[36000,43000,22400,-1400]",2,4.0,0,3,0,0,5,True
2025-2025011200gm-00a9-0000-18c17918-01-s0-d4,92,B,2,67,"[36000,43000,22400,-1400]",2,4.0,0,3,0,0,5,True
2025-2025011200gm-00a9-0000-18c17918-01-s0-d4,93,A,1,60,"[38700,29100,8600,23600]",1,10.0,1,3,0,0,10,True
2025-2025011200gm-00a9-0000-18c17918-01-s0-d4,93,B,2,67,"[28700,37100,24300,9900]",2,4.0,1,3,1,0,12,True
2025-2025011200gm-00a9-0000-18c17918-01-s0-d4,94,A,1,60,"[30900,22700,5200,40200]",2,4.0,1,3,0,1,12,True
2025-2025011200gm-00a9-0000-18c17918-01-s0-d4,94,B,2,67,"[30900,22700,5200,40200]",2,4.0,1,3,0,1,12,True
2025-2025011200gm-00a9-0000-18c17918-01-s0-d4,95,A,1,60,"[39600,41700,16600,2100]",2,4.0,1,3,0,0,9,True
2025-2025011200gm-00a9-0000-18c17918-01-s0-d4,95,B,2,67,"[39600,41700,16600,2100]",2,4.0,1,3,0,0,9,True
2025-2025011200gm-00a9-0000-18c17918-01-s0-d4,96,A,1,60,"[31600,26000,25000,17400]",1,10.0,2,0,0,0,10,True
2025-2025011200gm-00a9-0000-18c17918-01-s0-d4,96,B,2,67,"[31600,26000,25000,17400]",1,10.0,2,0,0,0,10,True
2025-2025011200gm-00a9-0000-18c17918-01-s0-d4,97,A,1,60,"[49500,23900,11700,14900]",1,10.0,1,3,0,0,9,True
2025-2025011200gm-00a9-0000-18c17918-01-s0-d4,97,B,2,67,"[49500,23900,11700,14900]",1,10.0,1,3,0,0,9,True
2025-2025011200gm-00a9-0000-18c17918-01-s0-d4,98,A,1,60,"[56500,14500,38300,-9300]",1,10.0,1,0,0,0,7,True
2025-2025011200gm-00a9-0000-18c17918-01-s0-d4,98,B,2,67,"[73800,16800,14200,-4800]",1,10.0,1,0,0,0,7,True
2025-2025011200gm-00a9-0000-18c17918-01-s0-d4,99,A,1,60,"[32000,13600,32800,21600]",2,4.0,1,3,0,0,8,True
2025-2025011200gm-00a9-0000-18c17918-01-s0-d4,99,B,2,67,"[32000,13600,32800,21600]",2,4.0,1,3,0,0,8,True
2025-2025011200gm-00a9-0000-18c17918-01-s0-d4,100,A,1,60,"[32300,25200,44400,-1900]",2,4.0,1,2,0,0,12,True
2025-2025011200gm-00a9-0000-18c17918-01-s0-d4,100,B,2,67,"[32300,25200,44400,-1900]",2,4.0,1,2,0,0,12,True
2025-2025011200gm-00a9-0000-18c17918-01-s0-d4,101,A,1,60,"[45600,36800,-400,18000]",1,10.0,1,2,1,0,8,True
2025-2025011200gm-00a9-0000-18c17918-01-s0-d4,101,B,2,67,"[42200,33600,18400,5800]",1,10.0,1,3,1,0,10,True
2025-2025011200gm-00a9-0000-18c17918-01-s0-d4,102,A,1,60,"[40000,32800,8900,18300]",1,10.0,1,3,0,0,12,True
2025-2025011200gm-00a9-0000-18c17918-01-s0-d4,102,B,2,67,"[63000,12200,10800,14000]",1,10.0,1,3,0,0,11,True
2025-2025011200gm-00a9-0000-18c17918-01-s0-d4,103,A,1,60,"[50400,12400,33400,3800]",1,10.0,1,3,0,0,12,True
2025-2025011200gm-00a9-0000-18c17918-01-s0-d4,103,B,2,67,"[32400,23600,20900,23100]",1,10.0,1,3,0,0,9,True
2025-2025011200gm-00a9-0000-18c17918-01-s0-d4,104,A,1,60,"[44800,16600,19500,19100]",1,10.0,1,3,0,0,11,True
2025-2025011200gm-00a9-0000-18c17918-01-s0-d4,104,B,2,67,"[20600,26700,33300,19400]",3,-4.0,1,3,0,0,10,True
2025-2025011200gm-00a9-0000-18c17918-01-s0-d4,105,A,1,60,"[43000,11500,14100,31400]",1,10.0,1,3,0,0,10,True
2025-2025011200gm-00a9-0000-18c17918-01-s0-d4,105,B,2,67,"[52200,24400,6500,16900]",1,10.0,1,3,0,0,10,True
2025-2025011200gm-00a9-0000-18c17918-01-s0-d4,106,A,1,60,"[39600,6400,16700,37300]",1,10.0,1,3,0,0,12,True
2025-2025011200gm-00a9-0000-18c17918-01-s0-d4,106,B,2,67,"[42700,40300,17700,-700]",1,10.0,0,1,0,0,3,True
2025-2025011200gm-00a9-0000-18c17918-01-s0-d4,107,A,1,60,"[45700,23900,8600,20800]",1,10.0,1,3,1,1,13,True
2025-2025011200gm-00a9-0000-18c17918-01-s0-d4,107,B,2,67,"[37200,44400,20800,-2400]",2,4.0,1,0,0,0,6,True
2025-2025011200gm-00a9-0000-18c17918-01-s0-d4,108,A,1,60,"[29900,30200,27600,12300]",2,4.0,1,3,1,0,12,True
2025-2025011200gm-00a9-0000-18c17918-01-s0-d4,108,B,2,67,"[29900,30200,27600,12300]",2,4.0,1,3,1,0,12,True
2025-2025011200gm-00a9-0000-18c17918-01-s0-d4,109,A,1,60,"[51100,29800,4800,14300]",1,10.0,1,3,0,0,10,True
2025-2025011200gm-00a9-0000-18c17918-01-s0-d4,109,B,2,67,"[51100,29800,4800,14300]",1,10.0,1,3,0,0,10,True
2025-2025011200gm-00a9-0000-18c17918-01-s0-d4,110,A,1,60,"[34500,49300,17900,-1700]",2,4.0,0,1,1,0,3,True
2025-2025011200gm-00a9-0000-18c17918-01-s0-d4,110,B,2,67,"[35400,47900,17400,-700]",2,4.0,1,0,0,0,7,True
2025-2025011200gm-00a9-0000-18c17918-01-s0-d4,111,A,1,60,"[10700,23400,59200,6700]",3,-4.0,1,3,0,0,14,True
2025-2025011200gm-00a9-0000-18c17918-01-s0-d4,111,B,2,67,"[10700,23400,59200,6700]",3,-4.0,1,3,0,0,14,True
2025-2025011200gm-00a9-0000-18c17918-01-s0-d4,112,A,1,60,"[35500,32000,5600,26900]",1,10.0,1,3,1,0,11,True
2025-2025011200gm-00a9-0000-18c17918-01-s0-d4,112,B,2,67,"[35000,8400,32200,24400]",1,10.0,1,3,1,0,12,True
2025-2025011200gm-00a9-0000-18c17918-01-s0-d4,113,A,1,60,"[33300,32200,30000,4500]",1,10.0,1,3,1,0,11,True
2025-2025011200gm-00a9-0000-18c17918-01-s0-d4,113,B,2,67,"[33300,32200,30000,4500]",1,10.0,1,3,1,0,11,True
2025-2025011200gm-00a9-0000-18c17918-01-s0-d4,114,A,1,60,"[13600,1300,45400,39700]",3,-4.0,1,3,0,0,10,True
2025-2025011200gm-00a9-0000-18c17918-01-s0-d4,114,B,2,67,"[13600,1300,45400,39700]",3,-4.0,1,3,0,0,10,True
2025-2025011200gm-00a9-0000-18c17918-01-s0-d4,115,A,1,60,"[56500,17000,20400,6100]",1,10.0,1,3,0,0,9,True
2025-2025011200gm-00a9-0000-18c17918-01-s0-d4,115,B,2,67,"[50800,19000,31500,-1300]",1,10.0,1,0,0,0,6,True
2025-2025011200gm-00a9-0000-18c17918-01-s0-d4,116,A,1,60,"[85500,8400,-500,6600]",1,10.0,1,1,0,0,9,True
2025-2025011200gm-00a9-0000-18c17918-01-s0-d4,116,B,2,67,"[61700,22900,-3900,19300]",1,10.0,1,3,0,0,14,True
2025-2025011200gm-00a9-0000-18c17918-01-s0-d4,117,A,1,60,"[30400,34300,4900,30400]",2,4.0,1,3,0,0,12,True
2025-2025011200gm-00a9-0000-18c17918-01-s0-d4,117,B,2,67,"[30400,34300,4900,30400]",2,4.0,1,3,0,0,12,True
2025-2025011200gm-00a9-0000-18c17918-01-s0-d4,118,A,1,60,"[14000,31300,28200,26500]",4,-10.0,1,3,1,0,11,True
2025-2025011200gm-00a9-0000-18c17918-01-s0-d4,118,B,2,67,"[14000,31300,28200,26500]",4,-10.0,1,3,1,0,11,True
2025-2025011200gm-00a9-0000-18c17918-01-s0-d4,119,A,1,60,"[20200,24700,8600,46500]",3,-4.0,1,3,0,0,8,True
2025-2025011200gm-00a9-0000-18c17918-01-s0-d4,119,B,2,67,"[20200,24700,8600,46500]",3,-4.0,1,3,0,0,8,True
2025-2025011200gm-00a9-0000-18c17918-01-s0-d4,120,A,1,60,"[28900,7800,35400,27900]",2,4.0,1,3,0,0,10,True
2025-2025011200gm-00a9-0000-18c17918-01-s0-d4,120,B,2,67,"[28900,7800,35400,27900]",2,4.0,1,3,0,0,10,True
2025-2025011200gm-00a9-0000-18c17918-01-s0-d4,121,A,1,60,"[37300,28500,-3000,37200]",1,10.0,0,3,1,0,6,True
2025-2025011200gm-00a9-0000-18c17918-01-s0-d4,121,B,2,67,"[32200,6100,28600,33100]",2,4.0,1,3,0,0,9,True
2025-2025011200gm-00a9-0000-18c17918-01-s0-d4,122,A,1,60,"[61800,2000,22400,13800]",1,10.0,1,3,1,0,11,True
2025-2025011200gm-00a9-0000-18c17918-01-s0-d4,122,B,2,67,"[61800,2000,22400,13800]",1,10.0,1,3,1,0,11,True
2025-2025011200gm-00a9-0000-18c17918-01-s0-d4,123,A,1,60,"[34700,18000,20800,26500]",1,10.0,2,0,0,0,13,True
2025-2025011200gm-00a9-0000-18c17918-01-s0-d4,123,B,2,67,"[34700,18000,20800,26500]",1,10.0,2,0,0,0,13,True
2025-2025011200gm-00a9-0000-18c17918-01-s0-d4,124,A,1,60,"[36600,36900,1600,24900]",2,4.0,1,3,0,0,8,True
2025-2025011200gm-00a9-0000-18c17918-01-s0-d4,124,B,2,67,"[36600,36900,1600,24900]",2,4.0,1,3,0,0,8,True
2025-2025011200gm-00a9-0000-18c17918-01-s0-d4,125,A,1,60,"[15300,31500,13500,39700]",3,-4.0,1,3,0,0,11,True
2025-2025011200gm-00a9-0000-18c17918-01-s0-d4,125,B,2,67,"[15300,31500,13500,39700]",3,-4.0,1,3,0,0,11,True
2025-2025011200gm-00a9-0000-18c17918-01-s0-d4,126,A,1,60,"[36300,32300,33000,-1600]",1,10.0,0,2,0,0,3,True
2025-2025011200gm-00a9-0000-18c17918-01-s0-d4,126,B,2,67,"[36300,32300,33000,-1600]",1,10.0,0,2,0,0,3,True
2025-2025011200gm-00a9-0000-18c17918-01-s0-d4,127,A,1,60,"[28500,41900,17800,11800]",2,4.0,1,3,2,0,11,True
2025-2025011200gm-00a9-0000-18c17918-01-s0-d4,127,B,2,67,"[28500,41900,17800,11800]",2,4.0,1,3,2,0,11,True
2025-2025011200gm-00a9-0000-18c17918-01-s0-d4,128,A,1,60,"[36600,30800,36300,-3700]",1,10.0,0,1,0,0,2,True
2025-2025011200gm-00a9-0000-18c17918-01-s0-d4,128,B,2,67,"[36600,30800,36300,-3700]",1,10.0,0,1,0,0,2,True
2025-2025011200gm-00a9-0000-18c17918-01-s0-d4,129,A,1,60,"[48500,40300,-1200,12400]",1,10.0,0,2,0,0,4,True
2025-2025011200gm-00a9-0000-18c17918-01-s0-d4,129,B,2,67,"[48000,-5300,9700,47600]",1,10.0,0,3,0,0,6,True
2025-2025011200gm-00a9-0000-18c17918-01-s0-d4,130,A,1,60,"[28800,27900,34000,9300]",2,4.0,1,3,0,0,10,True
2025-2025011200gm-00a9-0000-18c17918-01-s0-d4,130,B,2,67,"[36900,28100,12000,23000]",1,10.0,1,3,0,0,9,True
2025-2025011200gm-00a9-0000-18c17918-01-s0-d4,131,A,1,60,"[26800,41000,27500,4700]",3,-4.0,1,3,2,0,11,True
2025-2025011200gm-00a9-0000-18c17918-01-s0-d4,131,B,2,67,"[26800,41000,27500,4700]",3,-4.0,1,3,2,0,11,True
2025-2025011200gm-00a9-0000-18c17918-01-s0-d4,132,A,1,60,"[69400,-7500,18100,20000]",1,10.0,1,2,0,0,10,True
2025-2025011200gm-00a9-0000-18c17918-01-s0-d4,132,B,2,67,"[69400,-7500,18100,20000]",1,10.0,1,2,0,0,10,True
2025-2025011200gm-00a9-0000-18c17918-01-s0-d4,133,A,1,60,"[17200,30600,24000,28200]",4,-10.0,2,2,0,0,14,True
2025-2025011200gm-00a9-0000-18c17918-01-s0-d4,133,B,2,67,"[17200,30600,24000,28200]",4,-10.0,2,2,0,0,14,True
2025-2025011200gm-00a9-0000-18c17918-01-s0-d4,134,A,1,60,"[38800,21200,41300,-1300]",2,4.0,1,2,2,0,12,True
2025-2025011200gm-00a9-0000-18c17918-01-s0-d4,134,B,2,67,"[38800,21200,41300,-1300]",2,4.0,1,2,2,0,12,True
2025-2025011200gm-00a9-0000-18c17918-01-s0-d4,135,A,1,60,"[47600,38700,-5400,19100]",1,10.0,1,2,0,0,10,True
2025-2025011200gm-00a9-0000-18c17918-01-s0-d4,135,B,2,67,"[37100,30200,41800,-9100]",2,4.0,0,2,2,0,4,True
2025-2025011200gm-00a9-0000-18c17918-01-s0-d4,136,A,1,60,"[35500,32500,35900,-3900]",2,4.0,1,3,0,0,10,True
2025-2025011200gm-00a9-0000-18c17918-01-s0-d4,136,B,2,67,"[35500,32500,35900,-3900]",2,4.0,1,3,0,0,10,True
2025-2025011200gm-00a9-0000-18c17918-01-s0-d4,137,A,1,60,"[40900,37000,16200,5900]",1,10.0,1,3,1,0,11,True
2025-2025011200gm-00a9-0000-18c17918-01-s0-d4,137,B,2,67,"[20600,19700,34900,24800]",3,-4.0,1,3,0,0,10,True
2025-2025011200gm-00a9-0000-18c17918-01-s0-d4,138,A,1,60,"[29300,37800,31500,1400]",3,-4.0,1,3,0,0,10,True
2025-2025011200gm-00a9-0000-18c17918-01-s0-d4,138,B,2,67,"[29500,18900,23200,28400]",1,10.0,2,3,0,0,15,True
2025-2025011200gm-00a9-0000-18c17918-01-s0-d4,139,A,1,60,"[31800,-1300,20400,49100]",2,4.0,1,1,0,0,8,True
2025-2025011200gm-00a9-0000-18c17918-01-s0-d4,139,B,2,67,"[11500,29700,27000,31800]",4,-10.0,1,3,0,0,11,True
2025-2025011200gm-00a9-0000-18c17918-01-s0-d4,140,A,1,60,"[40600,28500,7100,23800]",1,10.0,1,3,0,0,9,True
2025-2025011200gm-00a9-0000-18c17918-01-s0-d4,140,B,2,67,"[40600,28500,7100,23800]",1,10.0,1,3,0,0,9,True
2025-2025011200gm-00a9-0000-18c17918-01-s0-d4,141,A,1,60,"[26100,39300,28200,6400]",3,-4.0,1,3,0,0,11,True
2025-2025011200gm-00a9-0000-18c17918-01-s0-d4,141,B,2,67,"[44500,26700,29200,-400]",1,10.0,0,3,0,0,5,True
2025-2025011200gm-00a9-0000-18c17918-01-s0-d4,142,A,1,60,"[5700,6300,17800,70200]",4,-10.0,1,3,0,0,9,True
2025-2025011200gm-00a9-0000-18c17918-01-s0-d4,142,B,2,67,"[5700,6300,17800,70200]",4,-10.0,1,3,0,0,9,True
2025-2025011200gm-00a9-0000-18c17918-01-s0-d4,143,A,1,60,"[31800,24500,44600,-900]",2,4.0,1,2,0,0,8,True
2025-2025011200gm-00a9-0000-18c17918-01-s0-d4,143,B,2,67,"[31800,24500,44600,-900]",2,4.0,1,2,0,0,8,True
2025-2025011200gm-00a9-0000-18c17918-01-s0-d4,144,A,1,60,"[45900,42500,23600,-12000]",1,10.0,0,2,0,0,3,True
2025-2025011200gm-00a9-0000-18c17918-01-s0-d4,144,B,2,67,"[45900,42500,23600,-12000]",1,10.0,0,2,0,0,3,True
2025-2025011200gm-00a9-0000-18c17918-01-s0-d4,145,A,1,60,"[49300,-1000,44500,7200]",1,10.0,1,2,0,0,11,True
2025-2025011200gm-00a9-0000-18c17918-01-s0-d4,145,B,2,67,"[49300,-1000,44500,7200]",1,10.0,1,2,0,0,11,True
2025-2025011200gm-00a9-0000-18c17918-01-s0-d4,146,A,1,60,"[38100,27000,23700,11200]",1,10.0,1,3,1,0,12,True
2025-2025011200gm-00a9-0000-18c17918-01-s0-d4,146,B,2,67,"[25100,20700,43100,10100]",2,4.0,1,3,1,1,14,True
2025-2025011200gm-00a9-0000-18c17918-01-s0-d4,147,A,1,60,"[40000,27100,9900,23000]",1,10.0,1,3,1,0,15,True
2025-2025011200gm-00a9-0000-18c17918-01-s0-d4,147,B,2,67,"[40000,27100,9900,23000]",1,10.0,1,3,1,0,15,True
2025-2025011200gm-00a9-0000-18c17918-01-s0-d4,148,A,1,60,"[78300,16700,2200,2800]",1,10.0,1,3,0,0,11,True
2025-2025011200gm-00a9-0000-18c17918-01-s0-d4,148,B,2,67,"[78300,16700,2200,2800]",1,10.0,1,3,0,0,11,True
2025-2025011200gm-00a9-0000-18c17918-01-s0-d4,149,A,1,60,"[31100,25200,27300,16400]",1,10.0,2,0,0,0,15,True
2025-2025011200gm-00a9-0000-18c17918-01-s0-d4,149,B,2,67,"[31100,25200,27300,16400]",1,10.0,2,0,0,0,15,True
2025-2025011200gm-00a9-0000-18c17918-01-s0-d4,150,A,1,60,"[15500,46300,39000,-800]",3,-4.0,1,0,0,0,5,True
2025-2025011200gm-00a9-0000-18c17918-01-s0-d4,150,B,2,67,"[15500,46300,39000,-800]",3,-4.0,1,0,0,0,5,True
2025-2025011200gm-00a9-0000-18c17918-01-s0-d4,151,A,1,60,"[43800,21200,20300,14700]",1,10.0,1,3,1,0,11,True
2025-2025011200gm-00a9-0000-18c17918-01-s0-d4,151,B,2,67,"[45900,25900,11300,16900]",1,10.0,1,3,0,0,11,True
2025-2025011200gm-00a9-0000-18c17918-01-s0-d4,152,A,1,60,"[52500,18800,29500,-800]",1,10.0,1,1,3,0,10,True
2025-2025011200gm-00a9-0000-18c17918-01-s0-d4,152,B,2,67,"[52500,18800,29500,-800]",1,10.0,1,1,3,0,10,True
2025-2025011200gm-00a9-0000-18c17918-01-s0-d4,153,A,1,60,"[33600,23400,19800,23200]",1,10.0,1,3,0,0,9,True
2025-2025011200gm-00a9-0000-18c17918-01-s0-d4,153,B,2,67,"[46300,23100,15800,14800]",1,10.0,1,3,1,0,10,True
2025-2025011200gm-00a9-0000-18c17918-01-s0-d4,154,A,1,60,"[42900,18600,18800,19700]",1,10.0,1,3,0,0,8,True
2025-2025011200gm-00a9-0000-18c17918-01-s0-d4,154,B,2,67,"[34200,18700,21700,25400]",1,10.0,1,3,0,0,9,True
2025-2025011200gm-00a9-0000-18c17918-01-s0-d4,155,A,1,60,"[33100,23100,5300,38500]",2,4.0,1,3,0,0,8,True
2025-2025011200gm-00a9-0000-18c17918-01-s0-d4,155,B,2,67,"[33100,23100,5300,38500]",2,4.0,1,3,0,0,8,True
2025-2025011200gm-00a9-0000-18c17918-01-s0-d4,156,A,1,60,"[26800,53800,15100,4300]",2,4.0,1,3,1,0,12,True
2025-2025011200gm-00a9-0000-18c17918-01-s0-d4,156,B,2,67,"[42700,30600,28800,-2100]",1,10.0,1,1,0,0,6,True
2025-2025011200gm-00a9-0000-18c17918-01-s0-d4,157,A,1,60,"[40000,11300,30800,17900]",1,10.0,1,3,1,0,11,True
2025-2025011200gm-00a9-0000-18c17918-01-s0-d4,157,B,2,67,"[40800,36100,20300,2800]",1,10.0,1,3,0,0,9,True
2025-2025011200gm-00a9-0000-18c17918-01-s0-d4,158,A,1,60,"[68100,19200,14600,-1900]",1,10.0,1,0,0,0,6,True
2025-2025011200gm-00a9-0000-18c17918-01-s0-d4,158,B,2,67,"[36300,12100,20000,31600]",1,10.0,1,3,0,0,10,True
2025-2025011200gm-00a9-0000-18c17918-01-s0-d4,159,A,1,60,"[52000,28600,11500,7900]",1,10.0,1,3,1,0,8,True
2025-2025011200gm-00a9-0000-18c17918-01-s0-d4,159,B,2,67,"[46900,-5700,30900,27900]",1,10.0,0,3,1,0,6,True
2025-2025011200gm-00a9-0000-18c17918-01-s0-d4,160,A,1,60,"[47200,11800,34900,6100]",1,10.0,1,3,0,0,12,True
2025-2025011200gm-00a9-0000-18c17918-01-s0-d4,160,B,2,67,"[47200,11800,34900,6100]",1,10.0,1,3,0,0,12,True
2025-2025011200gm-00a9-0000-18c17918-01-s0-d4,161,A,1,60,"[26800,6100,37300,29800]",3,-4.0,1,3,0,0,9,True
2025-2025011200gm-00a9-0000-18c17918-01-s0-d4,161,B,2,67,"[20300,35700,23600,20400]",4,-10.0,1,3,1,0,9,True
2025-2025011200gm-00a9-0000-18c17918-01-s0-d4,162,A,1,60,"[24500,12900,25000,37600]",3,-4.0,1,3,0,0,12,True
2025-2025011200gm-00a9-0000-18c17918-01-s0-d4,162,B,2,67,"[24500,12900,25000,37600]",3,-4.0,1,3,0,0,12,True
2025-2025011200gm-00a9-0000-18c17918-01-s0-d4,163,A,1,60,"[32800,31700,16300,19200]",1,10.0,1,3,1,0,10,True
2025-2025011200gm-00a9-0000-18c17918-01-s0-d4,163,B,2,67,"[55800,21900,12200,10100]",1,10.0,1,3,0,0,11,True
2025-2025011200gm-00a9-0000-18c17918-01-s0-d4,164,A,1,60,"[27800,3000,24800,44400]",2,4.0,1,3,0,0,11,True
2025-2025011200gm-00a9-0000-18c17918-01-s0-d4,164,B,2,67,"[27800,3000,24800,44400]",2,4.0,1,3,0,0,11,True
2025-2025011200gm-00a9-0000-18c17918-01-s0-d4,165,A,1,60,"[52900,20500,29100,-2500]",1,10.0,1,2,0,0,12,True
2025-2025011200gm-00a9-0000-18c17918-01-s0-d4,165,B,2,67,"[52900,20500,29100,-2500]",1,10.0,1,2,0,0,12,True
2025-2025011200gm-00a9-0000-18c17918-01-s0-d4,166,A,1,60,"[21500,27000,33600,17900]",3,-4.0,1,3,0,0,10,True
2025-2025011200gm-00a9-0000-18c17918-01-s0-d4,166,B,2,67,"[29200,11500,46000,13300]",2,4.0,1,3,0,0,9,True
2025-2025011200gm-00a9-0000-18c17918-01-s0-d4,167,A,1,60,"[26500,9300,30900,33300]",3,-4.0,1,3,1,0,8,True
2025-2025011200gm-00a9-0000-18c17918-01-s0-d4,167,B,2,67,"[26500,9300,30900,33300]",3,-4.0,1,3,1,0,8,True
2025-2025011200gm-00a9-0000-18c17918-01-s0-d4,168,A,1,60,"[34600,28600,14400,22400]",1,10.0,1,3,0,0,9,True
2025-2025011200gm-00a9-0000-18c17918-01-s0-d4,168,B,2,67,"[32800,16100,37500,13600]",2,4.0,1,3,0,0,10,True
2025-2025011200gm-00a9-0000-18c17918-01-s0-d4,169,A,1,60,"[62300,17700,30200,-10200]",1,10.0,1,1,1,0,8,True
2025-2025011200gm-00a9-0000-18c17918-01-s0-d4,169,B,2,67,"[27700,13100,28900,30300]",3,-4.0,1,3,0,0,9,True
2025-2025011200gm-00a9-0000-18c17918-01-s0-d4,170,A,1,60,"[20800,32200,57200,-10200]",3,-4.0,1,2,4,0,12,True
2025-2025011200gm-00a9-0000-18c17918-01-s0-d4,170,B,2,67,"[20800,32200,57200,-10200]",3,-4.0,1,2,4,0,12,True
2025-2025011200gm-00a9-0000-18c17918-01-s0-d4,171,A,1,60,"[32100,18700,32500,16700]",2,4.0,1,3,0,0,8,True
2025-2025011200gm-00a9-0000-18c17918-01-s0-d4,171,B,2,67,"[32100,18700,32500,16700]",2,4.0,1,3,0,0,8,True
2025-2025011200gm-00a9-0000-18c17918-01-s0-d4,172,A,1,60,"[54400,-3700,28500,20800]",1,10.0,0,3,1,0,7,True
2025-2025011200gm-00a9-0000-18c17918-01-s0-d4,172,B,2,67,"[43900,21600,19400,15100]",1,10.0,1,3,0,0,14,True
2025-2025011200gm-00a9-0000-18c17918-01-s0-d4,173,A,1,60,"[27800,45800,27200,-800]",2,4.0,0,3,1,0,7,True
2025-2025011200gm-00a9-0000-18c17918-01-s0-d4,173,B,2,67,"[27800,45800,27200,-800]",2,4.0,0,3,1,0,7,True
2025-2025011200gm-00a9-0000-18c17918-01-s0-d4,174,A,1,60,"[29300,23300,30900,16500]",2,4.0,1,3,0,0,13,True
2025-2025011200gm-00a9-0000-18c17918-01-s0-d4,174,B,2,67,"[38400,43900,18700,-1000]",2,4.0,0,1,4,0,4,True
2025-2025011200gm-00a9-0000-18c17918-01-s0-d4,175,A,1,60,"[31000,34400,26700,7900]",2,4.0,1,3,1,0,11,True
2025-2025011200gm-00a9-0000-18c17918-01-s0-d4,175,B,2,67,"[31000,34400,26700,7900]",2,4.0,1,3,1,0,11,True
2025-2025011200gm-00a9-0000-18c17918-01-s0-d4,176,A,1,60,"[52000,28500,20500,-1000]",1,10.0,1,2,2,0,9,True
2025-2025011200gm-00a9-0000-18c17918-01-s0-d4,176,B,2,67,"[52000,28500,20500,-1000]",1,10.0,1,2,2,0,9,True
2025-2025011200gm-00a9-0000-18c17918-01-s0-d4,177,A,1,60,"[45100,31100,15600,8200]",1,10.0,1,3,0,0,13,True
2025-2025011200gm-00a9-0000-18c17918-01-s0-d4,177,B,2,67,"[45100,31100,15600,8200]",1,10.0,1,3,0,0,13,True
2025-2025011200gm-00a9-0000-18c17918-01-s0-d4,178,A,1,60,"[23700,51500,12400,12400]",2,4.0,1,3,0,0,10,True
2025-2025011200gm-00a9-0000-18c17918-01-s0-d4,178,B,2,67,"[23700,51500,12400,12400]",2,4.0,1,3,0,0,10,True
2025-2025011200gm-00a9-0000-18c17918-01-s0-d4,179,A,1,60,"[33300,32700,22100,11900]",1,10.0,1,3,2,0,12,True
2025-2025011200gm-00a9-0000-18c17918-01-s0-d4,179,B,2,67,"[33300,32700,22100,11900]",1,10.0,1,3,2,0,12,True
2025-2025011200gm-00a9-0000-18c17918-01-s0-d4,180,A,1,60,"[43700,40300,13300,2700]",1,10.0,1,3,1,0,10,True
2025-2025011200gm-00a9-0000-18c17918-01-s0-d4,180,B,2,67,"[43700,40300,13300,2700]",1,10.0,1,3,1,0,10,True
2025-2025011200gm-00a9-0000-18c17918-01-s0-d4,181,A,1,60,"[41800,16800,16400,25000]",1,10.0,1,3,0,0,10,True
2025-2025011200gm-00a9-0000-18c17918-01-s0-d4,181,B,2,67,"[45500,25500,25900,3100]",1,10.0,1,3,0,0,10,True
2025-2025011200gm-00a9-0000-18c17918-01-s0-d4,182,A,1,60,"[54400,13500,22200,7900]",1,10.0,1,3,3,2,13,True
2025-2025011200gm-00a9-0000-18c17918-01-s0-d4,182,B,2,67,"[54400,13500,22200,7900]",1,10.0,1,3,3,2,13,True
2025-2025011200gm-00a9-0000-18c17918-01-s0-d4,183,A,1,60,"[45900,20300,19000,14800]",1,10.0,1,3,0,0,11,True
2025-2025011200gm-00a9-0000-18c17918-01-s0-d4,183,B,2,67,"[35600,3600,33900,26900]",1,10.0,1,3,0,0,10,True
2025-2025011200gm-00a9-0000-18c17918-01-s0-d4,184,A,1,60,"[51500,33400,200,14900]",1,10.0,1,3,0,0,10,True
2025-2025011200gm-00a9-0000-18c17918-01-s0-d4,184,B,2,67,"[34400,200,32200,32200]",1,10.0,1,3,0,1,11,True
2025-2025011200gm-00a9-0000-18c17918-01-s0-d4,185,A,1,60,"[26400,14100,28000,31500]",3,-4.0,1,3,0,0,12,True
2025-2025011200gm-00a9-0000-18c17918-01-s0-d4,185,B,2,67,"[26400,14100,28000,31500]",3,-4.0,1,3,0,0,12,True
2025-2025011200gm-00a9-0000-18c17918-01-s0-d4,186,A,1,60,"[15100,32900,21200,30800]",4,-10.0,1,3,0,0,10,True
2025-2025011200gm-00a9-0000-18c17918-01-s0-d4,186,B,2,67,"[12600,30100,25100,32200]",4,-10.0,1,3,0,0,10,True
2025-2025011200gm-00a9-0000-18c17918-01-s0-d4,187,A,1,60,"[18900,31500,26500,23100]",4,-10.0,2,2,0,0,11,True
2025-2025011200gm-00a9-0000-18c17918-01-s0-d4,187,B,2,67,"[18900,31500,26500,23100]",4,-10.0,2,2,0,0,11,True
2025-2025011200gm-00a9-0000-18c17918-01-s0-d4,188,A,1,60,"[32500,36300,31500,-300]",2,4.0,0,2,0,0,3,True
2025-2025011200gm-00a9-0000-18c17918-01-s0-d4,188,B,2,67,"[26600,46100,6200,21100]",2,4.0,1,3,0,0,11,True
2025-2025011200gm-00a9-0000-18c17918-01-s0-d4,189,A,1,60,"[38800,16300,34400,10500]",1,10.0,1,3,0,0,8,True
2025-2025011200gm-00a9-0000-18c17918-01-s0-d4,189,B,2,67,"[38800,16300,34400,10500]",1,10.0,1,3,0,0,8,True
2025-2025011200gm-00a9-0000-18c17918-01-s0-d4,190,A,1,60,"[46800,29300,23500,400]",1,10.0,1,3,0,0,11,True
2025-2025011200gm-00a9-0000-18c17918-01-s0-d4,190,B,2,67,"[46800,29300,23500,400]",1,10.0,1,3,0,0,11,True
2025-2025011200gm-00a9-0000-18c17918-01-s0-d4,191,A,1,60,"[24400,18400,16900,40300]",2,4.0,1,3,0,0,11,True
2025-2025011200gm-00a9-0000-18c17918-01-s0-d4,191,B,2,67,"[42100,43700,-3000,17200]",2,4.0,1,0,0,0,9,True
2025-2025011200gm-00a9-0000-18c17918-01-s0-d4,192,A,1,60,"[15300,25400,46700,12600]",3,-4.0,1,3,2,0,12,True
2025-2025011200gm-00a9-0000-18c17918-01-s0-d4,192,B,2,67,"[15300,25400,46700,12600]",3,-4.0,1,3,2,0,12,True
2025-2025011200gm-00a9-0000-18c17918-01-s0-d4,193,A,1,60,"[48600,20000,32600,-1200]",1,10.0,0,0,3,0,3,True
2025-2025011200gm-00a9-0000-18c17918-01-s0-d4,193,B,2,67,"[48600,20000,32600,-1200]",1,10.0,0,0,3,0,3,True
2025-2025011200gm-00a9-0000-18c17918-01-s0-d4,194,A,1,60,"[50600,13800,18400,17200]",1,10.0,1,3,0,0,8,True
2025-2025011200gm-00a9-0000-18c17918-01-s0-d4,194,B,2,67,"[41600,50200,12000,-3800]",2,4.0,1,0,0,0,5,True
2025-2025011200gm-00a9-0000-18c17918-01-s0-d4,195,A,1,60,"[47700,1500,22600,28200]",1,10.0,1,3,1,0,11,True
2025-2025011200gm-00a9-0000-18c17918-01-s0-d4,195,B,2,67,"[47700,1500,22600,28200]",1,10.0,1,3,1,0,11,True
2025-2025011200gm-00a9-0000-18c17918-01-s0-d4,196,A,1,60,"[52400,13600,19400,14600]",1,10.0,1,3,0,0,8,True
2025-2025011200gm-00a9-0000-18c17918-01-s0-d4,196,B,2,67,"[52300,9200,19400,19100]",1,10.0,1,3,0,0,9,True
2025-2025011200gm-00a9-0000-18c17918-01-s0-d4,197,A,1,60,"[36900,27500,16400,19200]",1,10.0,1,3,0,0,10,True
2025-2025011200gm-00a9-0000-18c17918-01-s0-d4,197,B,2,67,"[23800,28700,33600,13900]",3,-4.0,1,3,0,0,8,True
2025-2025011200gm-00a9-0000-18c17918-01-s0-d4,198,A,1,60,"[44900,-1700,42500,14300]",1,10.0,1,2,0,0,8,True
2025-2025011200gm-00a9-0000-18c17918-01-s0-d4,198,B,2,67,"[31900,33000,25900,9200]",2,4.0,1,3,0,0,11,True
2025-2025011200gm-00a9-0000-18c17918-01-s0-d4,199,A,1,60,"[35700,37600,31400,-4700]",2,4.0,1,3,0,0,9,True
2025-2025011200gm-00a9-0000-18c17918-01-s0-d4,199,B,2,67,"[14900,42900,24500,17700]",4,-10.0,1,3,1,0,12,True
2025-2025011200gm-00a9-0000-18c17918-01-s0-d4,200,A,1,60,"[53400,27000,800,18800]",1,10.0,1,3,0,0,9,True
2025-2025011200gm-00a9-0000-18c17918-01-s0-d4,200,B,2,67,"[39000,21900,25400,13700]",1,10.0,1,3,0,0,12,True
2025-2025011200gm-00a9-0000-18c17918-01-s0-d4,201,A,1,60,"[45300,13700,14000,27000]",1,10.0,1,3,0,0,10,True
2025-2025011200gm-00a9-0000-18c17918-01-s0-d4,201,B,2,67,"[45300,13700,14000,27000]",1,10.0,1,3,0,0,10,True
2025-2025011200gm-00a9-0000-18c17918-01-s0-d4,202,A,1,60,"[38300,25100,0,36600]",1,10.0,1,3,0,0,12,True
2025-2025011200gm-00a9-0000-18c17918-01-s0-d4,202,B,2,67,"[38300,25100,0,36600]",1,10.0,1,3,0,0,12,True
2025-2025011200gm-00a9-0000-18c17918-01-s0-d4,203,A,1,60,"[27500,47300,4500,20700]",2,4.0,1,3,0,0,9,True
2025-2025011200gm-00a9-0000-18c17918-01-s0-d4,203,B,2,67,"[28800,3600,30500,37100]",3,-4.0,1,3,0,0,10,True
2025-2025011200gm-00a9-0000-18c17918-01-s0-d4,204,A,1,60,"[14700,42500,46200,-3400]",3,-4.0,1,3,0,0,14,True
2025-2025011200gm-00a9-0000-18c17918-01-s0-d4,204,B,2,67,"[14700,42500,46200,-3400]",3,-4.0,1,3,0,0,14,True
2025-2025011200gm-00a9-0000-18c17918-01-s0-d4,205,A,1,60,"[39100,18400,17200,25300]",1,10.0,1,3,1,0,11,True
2025-2025011200gm-00a9-0000-18c17918-01-s0-d4,205,B,2,67,"[39100,18400,17200,25300]",1,10.0,1,3,1,0,11,True
2025-2025011200gm-00a9-0000-18c17918-01-s0-d4,206,A,1,60,"[35500,20000,26500,18000]",1,10.0,1,3,1,0,14,True
2025-2025011200gm-00a9-0000-18c17918-01-s0-d4,206,B,2,67,"[35500,20000,26500,18000]",1,10.0,1,3,1,0,14,True
2025-2025011200gm-00a9-0000-18c17918-01-s0-d4,207,A,1,60,"[31600,26200,44100,-1900]",2,4.0,1,0,0,0,6,True
2025-2025011200gm-00a9-0000-18c17918-01-s0-d4,207,B,2,67,"[31600,26200,44100,-1900]",2,4.0,1,0,0,0,6,True
2025-2025011200gm-00a9-0000-18c17918-01-s0-d4,208,A,1,60,"[32600,17100,47900,2400]",2,4.0,1,3,0,0,10,True
2025-2025011200gm-00a9-0000-18c17918-01-s0-d4,208,B,2,67,"[32600,17100,47900,2400]",2,4.0,1,3,0,0,10,True
2025-2025011200gm-00a9-0000-18c17918-01-s0-d4,209,A,1,60,"[46700,16400,30400,6500]",1,10.0,1,3,0,0,10,True
2025-2025011200gm-00a9-0000-18c17918-01-s0-d4,209,B,2,67,"[46700,16400,30400,6500]",1,10.0,1,3,0,0,10,True
2025-2025011200gm-00a9-0000-18c17918-01-s0-d4,210,A,1,60,"[42100,22100,32900,2900]",1,10.0,1,3,0,0,10,True
2025-2025011200gm-00a9-0000-18c17918-01-s0-d4,210,B,2,67,"[42100,22100,32900,2900]",1,10.0,1,3,0,0,10,True
2025-2025011200gm-00a9-0000-18c17918-01-s0-d4,211,A,1,60,"[29000,47700,24700,-1400]",2,4.0,1,3,1,0,9,True
2025-2025011200gm-00a9-0000-18c17918-01-s0-d4,211,B,2,67,"[39800,32500,-1000,28700]",1,10.0,1,3,0,0,12,True
2025-2025011200gm-00a9-0000-18c17918-01-s0-d4,212,A,1,60,"[38600,34500,25600,1300]",1,10.0,1,3,1,0,13,True
2025-2025011200gm-00a9-0000-18c17918-01-s0-d4,212,B,2,67,"[38600,34500,25600,1300]",1,10.0,1,3,1,0,13,True
2025-2025011200gm-00a9-0000-18c17918-01-s0-d4,213,A,1,60,"[25900,49200,12100,12800]",2,4.0,1,3,0,0,8,True
2025-2025011200gm-00a9-0000-18c17918-01-s0-d4,213,B,2,67,"[25900,49200,12100,12800]",2,4.0,1,3,0,0,8,True
2025-2025011200gm-00a9-0000-18c17918-01-s0-d4,214,A,1,60,"[44200,34100,17400,4300]",1,10.0,1,3,0,0,13,True
2025-2025011200gm-00a9-0000-18c17918-01-s0-d4,214,B,2,67,"[44200,34100,17400,4300]",1,10.0,1,3,0,0,13,True
2025-2025011200gm-00a9-0000-18c17918-01-s0-d4,215,A,1,60,"[41100,26800,33600,-1500]",1,10.0,0,1,0,0,4,True
2025-2025011200gm-00a9-0000-18c17918-01-s0-d4,215,B,2,67,"[41100,26800,33600,-1500]",1,10.0,0,1,0,0,4,True
2025-2025011200gm-00a9-0000-18c17918-01-s0-d4,216,A,1,60,"[20100,26200,22000,31700]",4,-10.0,1,3,0,0,9,True
2025-2025011200gm-00a9-0000-18c17918-01-s0-d4,216,B,2,67,"[44100,15400,35100,5400]",1,10.0,1,3,0,0,9,True
2025-2025011200gm-00a9-0000-18c17918-01-s0-d4,217,A,1,60,"[51800,-1800,34600,15400]",1,10.0,1,2,0,0,10,True
2025-2025011200gm-00a9-0000-18c17918-01-s0-d4,217,B,2,67,"[51800,-1800,34600,15400]",1,10.0,1,2,0,0,10,True
2025-2025011200gm-00a9-0000-18c17918-01-s0-d4,218,A,1,60,"[17400,47300,13700,21600]",3,-4.0,1,3,0,0,10,True
2025-2025011200gm-00a9-0000-18c17918-01-s0-d4,218,B,2,67,"[17400,47300,13700,21600]",3,-4.0,1,3,0,0,10,True
2025-2025011200gm-00a9-0000-18c17918-01-s0-d4,219,A,1,60,"[47900,18900,-600,33800]",1,10.0,0,2,0,0,4,True
2025-2025011200gm-00a9-0000-18c17918-01-s0-d4,219,B,2,67,"[47900,18900,-600,33800]",1,10.0,0,2,0,0,4,True
2025-2025011200gm-00a9-0000-18c17918-01-s0-d4,220,A,1,60,"[20200,37100,36700,6000]",3,-4.0,1,3,0,0,11,True
2025-2025011200gm-00a9-0000-18c17918-01-s0-d4,220,B,2,67,"[27800,34000,21000,17200]",2,4.0,1,3,1,0,10,True
2025-2025011200gm-00a9-0000-18c17918-01-s0-d4,221,A,1,60,"[54300,16900,37400,-8600]",1,10.0,1,0,0,0,6,True
2025-2025011200gm-00a9-0000-18c17918-01-s0-d4,221,B,2,67,"[54300,16900,37400,-8600]",1,10.0,1,0,0,0,6,True
2025-2025011200gm-00a9-0000-18c17918-01-s0-d4,222,A,1,60,"[47700,22200,20300,9800]",1,10.0,1,3,0,0,9,True
2025-2025011200gm-00a9-0000-18c17918-01-s0-d4,222,B,2,67,"[44300,22300,31200,2200]",1,10.0,1,3,0,0,8,True
2025-2025011200gm-00a9-0000-18c17918-01-s0-d4,223,A,1,60,"[38700,18900,17000,25400]",1,10.0,1,3,0,0,10,True
2025-2025011200gm-00a9-0000-18c17918-01-s0-d4,223,B,2,67,"[42400,7100,27600,22900]",1,10.0,1,3,0,0,12,True
2025-2025011200gm-00a9-0000-18c17918-01-s0-d4,224,A,1,60,"[14900,35400,30500,19200]",4,-10.0,1,3,0,0,9,True
2025-2025011200gm-00a9-0000-18c17918-01-s0-d4,224,B,2,67,"[14900,35400,30500,19200]",4,-10.0,1,3,0,0,9,True
2025-2025011200gm-00a9-0000-18c17918-01-s0-d4,225,A,1,60,"[28800,34300,25800,11100]",2,4.0,1,3,0,0,10,True
2025-2025011200gm-00a9-0000-18c17918-01-s0-d4,225,B,2,67,"[25500,54800,27300,-7600]",3,-4.0,0,1,1,0,3,True
2025-2025011200gm-00a9-0000-18c17918-01-s0-d4,226,A,1,60,"[10200,24700,38800,26300]",4,-10.0,1,3,3,0,12,True
2025-2025011200gm-00a9-0000-18c17918-01-s0-d4,226,B,2,67,"[22800,34100,39700,3400]",3,-4.0,1,3,2,0,14,True
2025-2025011200gm-00a9-0000-18c17918-01-s0-d4,227,A,1,60,"[44900,37900,13000,4200]",1,10.0,1,3,0,0,9,True
2025-2025011200gm-00a9-0000-18c17918-01-s0-d4,227,B,2,67,"[44900,37900,13000,4200]",1,10.0,1,3,0,0,9,True
2025-2025011200gm-00a9-0000-18c17918-01-s0-d4,228,A,1,60,"[18600,23500,39300,18600]",3,-4.0,1,3,0,0,12,True
2025-2025011200gm-00a9-0000-18c17918-01-s0-d4,228,B,2,67,"[18900,29100,30200,21800]",4,-10.0,1,3,0,0,13,True
2025-2025011200gm-00a9-0000-18c17918-01-s0-d4,229,A,1,60,"[24800,24200,38500,12500]",2,4.0,1,3,0,0,12,True
2025-2025011200gm-00a9-0000-18c17918-01-s0-d4,229,B,2,67,"[31600,30900,26400,11100]",1,10.0,1,3,1,0,10,True
2025-2025011200gm-00a9-0000-18c17918-01-s0-d4,230,A,1,60,"[33600,28700,26500,11200]",1,10.0,1,3,0,0,11,True
2025-2025011200gm-00a9-0000-18c17918-01-s0-d4,230,B,2,67,"[39000,30700,16100,14200]",1,10.0,1,3,0,0,11,True
2025-2025011200gm-00a9-0000-18c17918-01-s0-d4,231,A,1,60,"[58200,2500,23400,15900]",1,10.0,1,3,1,0,11,True
2025-2025011200gm-00a9-0000-18c17918-01-s0-d4,231,B,2,67,"[58200,2500,23400,15900]",1,10.0,1,3,1,0,11,True
2025-2025011200gm-00a9-0000-18c17918-01-s0-d4,232,A,1,60,"[27000,33800,15000,24200]",2,4.0,1,3,0,0,12,True
2025-2025011200gm-00a9-0000-18c17918-01-s0-d4,232,B,2,67,"[15600,29100,19200,36100]",4,-10.0,1,3,0,0,10,True
2025-2025011200gm-00a9-0000-18c17918-01-s0-d4,233,A,1,60,"[26400,56600,14300,2700]",2,4.0,1,3,0,0,9,True
2025-2025011200gm-00a9-0000-18c17918-01-s0-d4,233,B,2,67,"[27500,55300,1000,16200]",2,4.0,1,3,0,0,9,True
2025-2025011200gm-00a9-0000-18c17918-01-s0-d4,234,A,1,60,"[38400,13700,48800,-900]",2,4.0,1,0,1,0,7,True
2025-2025011200gm-00a9-0000-18c17918-01-s0-d4,234,B,2,67,"[38400,13700,48800,-900]",2,4.0,1,0,1,0,7,True
2025-2025011200gm-00a9-0000-18c17918-01-s0-d4,235,A,1,60,"[41000,32500,27400,-900]",1,10.0,1,0,0,0,5,True
2025-2025011200gm-00a9-0000-18c17918-01-s0-d4,235,B,2,67,"[41000,32500,27400,-900]",1,10.0,1,0,0,0,5,True
2025-2025011200gm-00a9-0000-18c17918-01-s0-d4,236,A,1,60,"[32900,15500,40800,10800]",2,4.0,1,3,2,0,14,True
2025-2025011200gm-00a9-0000-18c17918-01-s0-d4,236,B,2,67,"[42700,25000,33300,-1000]",1,10.0,0,0,2,0,2,True
2025-2025011200gm-00a9-0000-18c17918-01-s0-d4,237,A,1,60,"[51100,5900,4200,38800]",1,10.0,1,3,1,0,10,True
2025-2025011200gm-00a9-0000-18c17918-01-s0-d4,237,B,2,67,"[51100,5900,4200,38800]",1,10.0,1,3,1,0,10,True
2025-2025011200gm-00a9-0000-18c17918-01-s0-d4,238,A,1,60,"[29400,28700,31000,10900]",2,4.0,1,3,0,0,9,True
2025-2025011200gm-00a9-0000-18c17918-01-s0-d4,238,B,2,67,"[29400,28700,31000,10900]",2,4.0,1,3,0,0,9,True
2025-2025011200gm-00a9-0000-18c17918-01-s0-d4,239,A,1,60,"[29100,28600,11800,30500]",2,4.0,1,3,0,0,10,True
2025-2025011200gm-00a9-0000-18c17918-01-s0-d4,239,B,2,67,"[46300,43500,13500,-3300]",1,10.0,1,2,0,0,7,True
2025-2025011200gm-00a9-0000-18c17918-01-s0-d4,240,A,1,60,"[45000,19100,6800,29100]",1,10.0,1,3,0,0,10,True
2025-2025011200gm-00a9-0000-18c17918-01-s0-d4,240,B,2,67,"[45000,19100,6800,29100]",1,10.0,1,3,0,0,10,True
2025-2025011200gm-00a9-0000-18c17918-01-s0-d4,241,A,1,60,"[72900,18000,14500,-5400]",1,10.0,1,0,1,0,8,True
2025-2025011200gm-00a9-0000-18c17918-01-s0-d4,241,B,2,67,"[46700,17700,22600,13000]",1,10.0,1,3,1,0,10,True
2025-2025011200gm-00a9-0000-18c17918-01-s0-d4,242,A,1,60,"[33300,36300,14200,16200]",2,4.0,1,3,1,0,10,True
2025-2025011200gm-00a9-0000-18c17918-01-s0-d4,242,B,2,67,"[33300,36300,14200,16200]",2,4.0,1,3,1,0,10,True
2025-2025011200gm-00a9-0000-18c17918-01-s0-d4,243,A,1,60,"[35500,36800,28500,-800]",2,4.0,1,3,0,0,10,True
2025-2025011200gm-00a9-0000-18c17918-01-s0-d4,243,B,2,67,"[57100,21800,8000,13100]",1,10.0,1,3,0,0,12,True
2025-2025011200gm-00a9-0000-18c17918-01-s0-d4,244,A,1,60,"[32500,24300,30400,12800]",1,10.0,1,3,0,0,13,True
2025-2025011200gm-00a9-0000-18c17918-01-s0-d4,244,B,2,67,"[41200,27700,14500,16600]",1,10.0,1,3,0,0,11,True
2025-2025011200gm-00a9-0000-18c17918-01-s0-d4,245,A,1,60,"[33800,42000,26600,-2400]",2,4.0,0,2,1,0,6,True
2025-2025011200gm-00a9-0000-18c17918-01-s0-d4,245,B,2,67,"[76900,26500,22400,-25800]",1,10.0,0,3,0,0,7,True
2025-2025011200gm-00a9-0000-18c17918-01-s0-d4,246,A,1,60,"[47800,4700,25900,21600]",1,10.0,1,3,0,0,11,True
2025-2025011200gm-00a9-0000-18c17918-01-s0-d4,246,B,2,67,"[47800,4700,25900,21600]",1,10.0,1,3,0,0,11,True
2025-2025011200gm-00a9-0000-18c17918-01-s0-d4,247,A,1,60,"[19500,37100,31000,12400]",3,-4.0,1,3,1,0,11,True
2025-2025011200gm-00a9-0000-18c17918-01-s0-d4,247,B,2,67,"[19500,37100,31000,12400]",3,-4.0,1,3,1,0,11,True
2025-2025011200gm-00a9-0000-18c17918-01-s0-d4,248,A,1,60,"[41700,16700,28900,12700]",1,10.0,1,3,0,0,11,True
2025-2025011200gm-00a9-0000-18c17918-01-s0-d4,248,B,2,67,"[41700,16700,28900,12700]",1,10.0,1,3,0,0,11,True
2025-2025011200gm-00a9-0000-18c17918-01-s0-d4,249,A,1,60,"[53100,15100,34600,-2800]",1,10.0,1,1,0,0,10,True
2025-2025011200gm-00a9-0000-18c17918-01-s0-d4,249,B,2,67,"[53100,15100,34600,-2800]",1,10.0,1,1,0,0,10,True
2025-2025011200gm-00a9-0000-18c17918-01-s0-d4,250,A,1,60,"[21000,42900,29200,6900]",3,-4.0,1,3,0,0,10,True
2025-2025011200gm-00a9-0000-18c17918-01-s0-d4,250,B,2,67,"[42500,24500,33100,-100]",1,10.0,1,3,0,0,10,True
2025-2025011200gm-00a9-0000-18c17918-01-s0-d4,251,A,1,60,"[42500,20400,30000,7100]",1,10.0,1,3,3,0,12,True
2025-2025011200gm-00a9-0000-18c17918-01-s0-d4,251,B,2,67,"[31000,42500,28200,-1700]",2,4.0,1,1,1,0,8,True
2025-2025011200gm-00a9-0000-18c17918-01-s0-d4,252,A,1,60,"[46000,-1200,36400,18800]",1,10.0,0,3,0,0,7,True
2025-2025011200gm-00a9-0000-18c17918-01-s0-d4,252,B,2,67,"[46000,-1200,36400,18800]",1,10.0,0,3,0,0,7,True
2025-2025011200gm-00a9-0000-18c17918-01-s0-d4,253,A,1,60,"[46900,9000,16700,27400]",1,10.0,1,3,0,0,9,True
2025-2025011200gm-00a9-0000-18c17918-01-s0-d4,253,B,2,67,"[29700,28500,35000,6800]",2,4.0,1,3,0,0,8,True
2025-2025011200gm-00a9-0000-18c17918-01-s0-d4,254,A,1,60,"[45900,20000,36300,-2200]",1,10.0,0,2,1,0,5,True
2025-2025011200gm-00a9-0000-18c17918-01-s0-d4,254,B,2,67,"[37900,31800,26700,3600]",1,10.0,1,3,1,0,11,True
2025-2025011200gm-00a9-0000-18c17918-01-s0-d4,255,A,1,60,"[33600,40900,26200,-700]",2,4.0,0,1,4,0,4,True
2025-2025011200gm-00a9-0000-18c17918-01-s0-d4,255,B,2,67,"[41800,38500,21600,-1900]",1,10.0,0,2,0,0,5,True
2025-2025040820gm-00a9-0000-57062ba3-01-s3-d4,0,A,1,51,"[21700,-600,49600,29300]",2,4.0,1,1,0,0,8,True
2025-2025040820gm-00a9-0000-57062ba3-01-s3-d4,0,B,3,3,"[40800,25400,35700,-1900]",4,-10.0,0,3,0,0,5,True
2025-2025040820gm-00a9-0000-57062ba3-01-s3-d4,1,A,1,51,"[19800,43100,35600,1500]",4,-10.0,1,3,0,0,10,True
2025-2025040820gm-00a9-0000-57062ba3-01-s3-d4,1,B,3,3,"[39900,2800,33400,23900]",3,-4.0,1,3,1,0,13,True
2025-2025040820gm-00a9-0000-57062ba3-01-s3-d4,2,A,1,51,"[21200,28300,15400,35100]",1,10.0,1,3,0,0,9,True
2025-2025040820gm-00a9-0000-57062ba3-01-s3-d4,2,B,3,3,"[19400,-300,22500,58400]",1,10.0,1,0,0,0,7,True
2025-2025040820gm-00a9-0000-57062ba3-01-s3-d4,3,A,1,51,"[15000,26300,41900,16800]",3,-4.0,1,3,1,0,10,True
2025-2025040820gm-00a9-0000-57062ba3-01-s3-d4,3,B,3,3,"[37800,3500,25500,33200]",2,4.0,1,3,1,0,9,True
2025-2025040820gm-00a9-0000-57062ba3-01-s3-d4,4,A,1,51,"[53000,21300,6200,19500]",3,-4.0,1,3,0,0,11,True
2025-2025040820gm-00a9-0000-57062ba3-01-s3-d4,4,B,3,3,"[23600,9000,21100,46300]",1,10.0,1,3,0,0,9,True
2025-2025040820gm-00a9-0000-57062ba3-01-s3-d4,5,A,1,51,"[18400,-1700,27700,55600]",1,10.0,0,3,2,0,6,True
2025-2025040820gm-00a9-0000-57062ba3-01-s3-d4,5,B,3,3,"[32800,-6000,21800,51400]",1,10.0,0,3,1,0,5,True
2025-2025040820gm-00a9-0000-57062ba3-01-s3-d4,6,A,1,51,"[34900,37500,-1200,28800]",3,-4.0,1,2,0,0,10,True
2025-2025040820gm-00a9-0000-57062ba3-01-s3-d4,6,B,3,3,"[17200,24000,18300,40500]",1,10.0,1,3,0,0,10,True
2025-2025040820gm-00a9-0000-57062ba3-01-s3-d4,7,A,1,51,"[27100,25200,37100,10600]",4,-10.0,1,3,0,0,11,True
2025-2025040820gm-00a9-0000-57062ba3-01-s3-d4,7,B,3,3,"[25700,5300,13900,55100]",1,10.0,1,3,0,0,9,True
2025-2025040820gm-00a9-0000-57062ba3-01-s3-d4,8,A,1,51,"[47000,7100,18000,27900]",2,4.0,1,3,0,0,9,True
2025-2025040820gm-00a9-0000-57062ba3-01-s3-d4,8,B,3,3,"[28200,6000,27400,37400]",1,10.0,1,3,0,1,9,True
2025-2025040820gm-00a9-0000-57062ba3-01-s3-d4,9,A,1,51,"[55700,-3300,27400,20200]",3,-4.0,0,3,0,0,6,True
2025-2025040820gm-00a9-0000-57062ba3-01-s3-d4,9,B,3,3,"[39200,32100,-3900,32600]",2,4.0,1,0,1,0,7,True
2025-2025040820gm-00a9-0000-57062ba3-01-s3-d4,10,A,1,51,"[5700,56300,19900,18100]",3,-4.0,1,3,0,0,11,True
2025-2025040820gm-00a9-0000-57062ba3-01-s3-d4,10,B,3,3,"[21900,43400,40100,-5400]",4,-10.0,1,2,0,0,9,True
2025-2025040820gm-00a9-0000-57062ba3-01-s3-d4,11,A,1,51,"[49000,-1100,30800,21300]",3,-4.0,1,2,0,0,11,True
2025-2025040820gm-00a9-0000-57062ba3-01-s3-d4,11,B,3,3,"[21300,46500,-2800,35000]",2,4.0,0,3,1,0,6,True
2025-2025040820gm-00a9-0000-57062ba3-01-s3-d4,12,A,1,51,"[16100,32800,-1100,52200]",1,10.0,1,1,0,0,10,True
2025-2025040820gm-00a9-0000-57062ba3-01-s3-d4,12,B,3,3,"[24600,38400,7500,29500]",2,4.0,1,3,0,0,10,True
2025-2025040820gm-00a9-0000-57062ba3-01-s3-d4,13,A,1,51,"[40200,20900,23800,15100]",4,-10.0,1,3,1,0,12,True
2025-2025040820gm-00a9-0000-57062ba3-01-s3-d4,13,B,3,3,"[27300,22900,37500,12300]",4,-10.0,2,1,0,0,14,True
2025-2025040820gm-00a9-0000-57062ba3-01-s3-d4,14,A,1,51,"[34800,-700,20900,45000]",1,10.0,0,3,0,0,4,True
2025-2025040820gm-00a9-0000-57062ba3-01-s3-d4,14,B,3,3,"[22100,19700,20000,38200]",1,10.0,1,3,0,0,10,True
2025-2025040820gm-00a9-0000-57062ba3-01-s3-d4,15,A,1,51,"[29100,3900,40600,26400]",3,-4.0,1,3,4,0,14,True
2025-2025040820gm-00a9-0000-57062ba3-01-s3-d4,15,B,3,3,"[29300,15700,22200,32800]",1,10.0,1,3,0,0,11,True
2025-2025040820gm-00a9-0000-57062ba3-01-s3-d4,16,A,1,51,"[44200,21900,19100,14800]",4,-10.0,1,3,0,0,10,True
2025-2025040820gm-00a9-0000-57062ba3-01-s3-d4,16,B,3,3,"[27900,11500,28200,32400]",1,10.0,1,3,0,0,10,True
2025-2025040820gm-00a9-0000-57062ba3-01-s3-d4,17,A,1,51,"[16400,14200,73000,-3600]",4,-10.0,1,2,4,0,12,True
2025-2025040820gm-00a9-0000-57062ba3-01-s3-d4,17,B,3,3,"[16400,14200,73000,-3600]",4,-10.0,1,2,4,0,12,True
2025-2025040820gm-00a9-0000-57062ba3-01-s3-d4,18,A,1,51,"[19200,-4900,41800,43900]",1,10.0,1,2,0,0,10,True
2025-2025040820gm-00a9-0000-57062ba3-01-s3-d4,18,B,3,3,"[32800,27200,-400,40400]",1,10.0,0,3,5,0,9,True
2025-2025040820gm-00a9-0000-57062ba3-01-s3-d4,19,A,1,51,"[26000,44700,30300,-1000]",4,-10.0,0,2,0,0,7,True
2025-2025040820gm-00a9-0000-57062ba3-01-s3-d4,19,B,3,3,"[36500,20900,10900,31700]",2,4.0,1,3,0,0,9,True
2025-2025040820gm-00a9-0000-57062ba3-01-s3-d4,20,A,1,51,"[5700,22400,23800,48100]",1,10.0,1,3,0,0,11,True
2025-2025040820gm-00a9-0000-57062ba3-01-s3-d4,20,B,3,3,"[38800,32300,14500,14400]",4,-10.0,1,3,0,0,11,True
2025-2025040820gm-00a9-0000-57062ba3-01-s3-d4,21,A,1,51,"[10000,27900,39000,23100]",3,-4.0,1,3,0,0,12,True
2025-2025040820gm-00a9-0000-57062ba3-01-s3-d4,21,B,3,3,"[1800,18200,34600,45400]",1,10.0,1,3,0,0,11,True
2025-2025040820gm-00a9-0000-57062ba3-01-s3-d4,22,A,1,51,"[31300,18900,33600,16200]",4,-10.0,1,3,0,0,9,True
2025-2025040820gm-00a9-0000-57062ba3-01-s3-d4,22,B,3,3,"[30600,3900,17000,48500]",1,10.0,1,3,0,0,10,True
2025-2025040820gm-00a9-0000-57062ba3-01-s3-d4,23,A,1,51,"[31700,28300,19900,20100]",3,-4.0,1,3,1,0,13,True
2025-2025040820gm-00a9-0000-57062ba3-01-s3-d4,23,B,3,3,"[45700,-3000,31300,26000]",3,-4.0,1,0,0,0,8,True
2025-2025040820gm-00a9-0000-57062ba3-01-s3-d4,24,A,1,51,"[36400,12600,35300,15700]",3,-4.0,1,3,0,0,12,True
2025-2025040820gm-00a9-0000-57062ba3-01-s3-d4,24,B,3,3,"[18400,14200,43500,22900]",2,4.0,1,3,0,1,12,True
2025-2025040820gm-00a9-0000-57062ba3-01-s3-d4,25,A,1,51,"[16200,4600,41000,38200]",2,4.0,1,3,5,0,13,True
2025-2025040820gm-00a9-0000-57062ba3-01-s3-d4,25,B,3,3,"[13200,16300,29800,40700]",1,10.0,1,3,0,0,9,True
2025-2025040820gm-00a9-0000-57062ba3-01-s3-d4,26,A,1,51,"[30400,30100,32200,7300]",4,-10.0,1,3,0,0,11,True
2025-2025040820gm-00a9-0000-57062ba3-01-s3-d4,26,B,3,3,"[25100,33300,16700,24900]",3,-4.0,1,3,0,0,10,True
2025-2025040820gm-00a9-0000-57062ba3-01-s3-d4,27,A,1,51,"[26200,6400,32400,35000]",1,10.0,1,3,2,0,11,True
2025-2025040820gm-00a9-0000-57062ba3-01-s3-d4,27,B,3,3,"[17400,-4100,36500,50200]",1,10.0,1,2,0,0,8,True
2025-2025040820gm-00a9-0000-57062ba3-01-s3-d4,28,A,1,51,"[31400,42400,-800,27000]",3,-4.0,1,1,1,0,11,True
2025-2025040820gm-00a9-0000-57062ba3-01-s3-d4,28,B,3,3,"[10800,34100,7300,47800]",1,10.0,1,3,0,0,11,True
2025-2025040820gm-00a9-0000-57062ba3-01-s3-d4,29,A,1,51,"[12700,37400,12300,37600]",1,10.0,1,3,1,0,11,True
2025-2025040820gm-00a9-0000-57062ba3-01-s3-d4,29,B,3,3,"[18900,31300,22900,26900]",2,4.0,1,3,0,0,9,True
2025-2025040820gm-00a9-0000-57062ba3-01-s3-d4,30,A,1,51,"[6100,15800,42600,35500]",2,4.0,1,3,0,0,9,True
2025-2025040820gm-00a9-0000-57062ba3-01-s3-d4,30,B,3,3,"[19700,41700,26300,12300]",4,-10.0,1,3,1,0,10,True
2025-2025040820gm-00a9-0000-57062ba3-01-s3-d4,31,A,1,51,"[49600,-5900,31800,24500]",3,-4.0,0,2,1,0,5,True
2025-2025040820gm-00a9-0000-57062ba3-01-s3-d4,31,B,3,3,"[45200,29500,-400,25700]",3,-4.0,1,1,0,0,7,True
2025-2025040820gm-00a9-0000-57062ba3-01-s3-d4,32,A,1,51,"[19300,45100,19800,15800]",4,-10.0,1,3,0,0,10,True
2025-2025040820gm-00a9-0000-57062ba3-01-s3-d4,32,B,3,3,"[26800,38400,13800,20000]",3,-4.0,1,3,0,1,9,True
2025-2025040820gm-00a9-0000-57062ba3-01-s3-d4,33,A,1,51,"[20600,20300,25600,33500]",1,10.0,1,3,0,0,12,True
2025-2025040820gm-00a9-0000-57062ba3-01-s3-d4,33,B,3,3,"[19000,-2500,58100,25400]",2,4.0,1,2,1,0,9,True
2025-2025040820gm-00a9-0000-57062ba3-01-s3-d4,34,A,1,51,"[20900,11600,16800,50700]",1,10.0,1,3,0,0,11,True
2025-2025040820gm-00a9-0000-57062ba3-01-s3-d4,34,B,3,3,"[32500,18800,29100,19600]",3,-4.0,1,3,0,0,13,True
2025-2025040820gm-00a9-0000-57062ba3-01-s3-d4,35,A,1,51,"[35600,3500,20700,40200]",1,10.0,1,3,0,0,10,True
2025-2025040820gm-00a9-0000-57062ba3-01-s3-d4,35,B,3,3,"[33300,12200,18600,35900]",1,10.0,1,3,1,0,11,True
2025-2025040820gm-00a9-0000-57062ba3-01-s3-d4,36,A,1,51,"[32300,19500,24000,24200]",2,4.0,2,0,0,0,11,True
2025-2025040820gm-00a9-0000-57062ba3-01-s3-d4,36,B,3,3,"[37100,36400,25100,1400]",4,-10.0,1,3,0,0,14,True
2025-2025040820gm-00a9-0000-57062ba3-01-s3-d4,37,A,1,51,"[38500,18600,3800,39100]",1,10.0,1,3,0,0,13,True
2025-2025040820gm-00a9-0000-57062ba3-01-s3-d4,37,B,3,3,"[33600,5600,18700,42100]",1,10.0,1,3,1,0,10,True
2025-2025040820gm-00a9-0000-57062ba3-01-s3-d4,38,A,1,51,"[36600,43000,1200,19200]",3,-4.0,1,3,1,0,11,True
2025-2025040820gm-00a9-0000-57062ba3-01-s3-d4,38,B,3,3,"[36200,21800,12400,29600]",2,4.0,1,3,0,0,10,True
2025-2025040820gm-00a9-0000-57062ba3-01-s3-d4,39,A,1,51,"[39200,18100,31700,11000]",4,-10.0,1,3,0,0,8,True
2025-2025040820gm-00a9-0000-57062ba3-01-s3-d4,39,B,3,3,"[44700,29900,-300,25700]",3,-4.0,1,3,0,0,10,True
2025-2025040820gm-00a9-0000-57062ba3-01-s3-d4,40,A,1,51,"[19600,12700,41400,26300]",2,4.0,1,3,0,0,10,True
2025-2025040820gm-00a9-0000-57062ba3-01-s3-d4,40,B,3,3,"[24000,25300,30300,20400]",4,-10.0,1,3,0,0,12,True
2025-2025040820gm-00a9-0000-57062ba3-01-s3-d4,41,A,1,51,"[11700,24300,25400,38600]",1,10.0,1,3,0,0,9,True
2025-2025040820gm-00a9-0000-57062ba3-01-s3-d4,41,B,3,3,"[36100,33100,-5900,36700]",1,10.0,1,1,0,0,7,True
2025-2025040820gm-00a9-0000-57062ba3-01-s3-d4,42,A,1,51,"[39700,31800,1500,27000]",3,-4.0,1,3,0,0,10,True
2025-2025040820gm-00a9-0000-57062ba3-01-s3-d4,42,B,3,3,"[33200,29100,22400,15300]",4,-10.0,1,3,0,0,9,True
2025-2025040820gm-00a9-0000-57062ba3-01-s3-d4,43,A,1,51,"[57000,15800,4300,22900]",2,4.0,1,3,2,0,11,True
2025-2025040820gm-00a9-0000-57062ba3-01-s3-d4,43,B,3,3,"[45800,27900,-1400,27700]",3,-4.0,1,2,5,0,11,True
2025-2025040820gm-00a9-0000-57062ba3-01-s3-d4,44,A,1,51,"[21900,32000,29900,16200]",4,-10.0,1,3,2,0,13,True
2025-2025040820gm-00a9-0000-57062ba3-01-s3-d4,44,B,3,3,"[49300,16300,9700,24700]",2,4.0,1,3,0,0,10,True
2025-2025040820gm-00a9-0000-57062ba3-01-s3-d4,45,A,1,51,"[16900,38700,28300,16100]",4,-10.0,1,3,2,0,12,True
2025-2025040820gm-00a9-0000-57062ba3-01-s3-d4,45,B,3,3,"[35500,16200,21800,26500]",2,4.0,1,3,0,0,10,True
2025-2025040820gm-00a9-0000-57062ba3-01-s3-d4,46,A,1,51,"[45700,13600,14300,26400]",2,4.0,1,3,5,0,13,True
2025-2025040820gm-00a9-0000-57062ba3-01-s3-d4,46,B,3,3,"[38600,13200,20200,28000]",2,4.0,1,3,0,0,8,True
2025-2025040820gm-00a9-0000-57062ba3-01-s3-d4,47,A,1,51,"[23200,20300,42900,13600]",4,-10.0,1,3,0,0,10,True
2025-2025040820gm-00a9-0000-57062ba3-01-s3-d4,47,B,3,3,"[52500,-1100,26600,22000]",3,-4.0,0,3,1,0,6,True
2025-2025040820gm-00a9-0000-57062ba3-01-s3-d4,48,A,1,51,"[42200,6200,19100,32500]",2,4.0,1,3,1,0,11,True
2025-2025040820gm-00a9-0000-57062ba3-01-s3-d4,48,B,3,3,"[74500,-10600,31600,4500]",3,-4.0,1,1,2,0,11,True
2025-2025040820gm-00a9-0000-57062ba3-01-s3-d4,49,A,1,51,"[47000,18800,11000,23200]",2,4.0,1,3,0,0,11,True
2025-2025040820gm-00a9-0000-57062ba3-01-s3-d4,49,B,3,3,"[18600,8200,31900,41300]",1,10.0,1,3,1,0,10,True
2025-2025040820gm-00a9-0000-57062ba3-01-s3-d4,50,A,1,51,"[16000,22700,64900,-3600]",4,-10.0,1,3,0,0,9,True
2025-2025040820gm-00a9-0000-57062ba3-01-s3-d4,50,B,3,3,"[8500,21300,69000,1200]",4,-10.0,1,3,1,0,10,True
2025-2025040820gm-00a9-0000-57062ba3-01-s3-d4,51,A,1,51,"[13100,28000,35600,23300]",3,-4.0,1,3,0,0,12,True
2025-2025040820gm-00a9-0000-57062ba3-01-s3-d4,51,B,3,3,"[1900,37000,35600,25500]",3,-4.0,1,3,0,0,12,True
2025-2025040820gm-00a9-0000-57062ba3-01-s3-d4,52,A,1,51,"[41400,1700,17800,39100]",2,4.0,1,3,0,0,9,True
2025-2025040820gm-00a9-0000-57062ba3-01-s3-d4,52,B,3,3,"[42400,1700,17800,38100]",2,4.0,1,3,0,0,9,True
2025-2025040820gm-00a9-0000-57062ba3-01-s3-d4,53,A,1,51,"[23200,12500,29700,34600]",1,10.0,1,3,0,0,11,True
2025-2025040820gm-00a9-0000-57062ba3-01-s3-d4,53,B,3,3,"[23200,12500,29700,34600]",1,10.0,1,3,0,0,11,True
2025-2025040820gm-00a9-0000-57062ba3-01-s3-d4,54,A,1,51,"[52800,-1300,20100,28400]",2,4.0,1,1,0,0,9,True
2025-2025040820gm-00a9-0000-57062ba3-01-s3-d4,54,B,3,3,"[48300,1600,41500,7600]",3,-4.0,1,3,0,1,11,True
2025-2025040820gm-00a9-0000-57062ba3-01-s3-d4,55,A,1,51,"[38000,26700,12500,22800]",3,-4.0,1,3,1,0,11,True
2025-2025040820gm-00a9-0000-57062ba3-01-s3-d4,55,B,3,3,"[13300,32800,11700,41200]",1,10.0,1,3,0,1,9,True
2025-2025040820gm-00a9-0000-57062ba3-01-s3-d4,56,A,1,51,"[22200,23100,17700,37000]",1,10.0,1,3,0,0,13,True
2025-2025040820gm-00a9-0000-57062ba3-01-s3-d4,56,B,3,3,"[36800,37900,10500,14800]",3,-4.0,1,3,0,0,12,True
2025-2025040820gm-00a9-0000-57062ba3-01-s3-d4,57,A,1,51,"[18100,16700,24200,41000]",1,10.0,1,3,0,0,9,True
2025-2025040820gm-00a9-0000-57062ba3-01-s3-d4,57,B,3,3,"[30300,12400,21600,35700]",1,10.0,1,3,0,0,12,True
2025-2025040820gm-00a9-0000-57062ba3-01-s3-d4,58,A,1,51,"[18500,34200,23500,23800]",2,4.0,1,3,0,0,9,True
2025-2025040820gm-00a9-0000-57062ba3-01-s3-d4,58,B,3,3,"[3600,28700,27200,40500]",1,10.0,1,3,0,0,9,True
2025-2025040820gm-00a9-0000-57062ba3-01-s3-d4,59,A,1,51,"[23400,26300,5800,44500]",1,10.0,1,3,0,0,10,True
2025-2025040820gm-00a9-0000-57062ba3-01-s3-d4,59,B,3,3,"[62100,4200,16600,17100]",2,4.0,1,3,0,0,10,True
2025-2025040820gm-00a9-0000-57062ba3-01-s3-d4,60,A,1,51,"[29800,6700,12000,51500]",1,10.0,1,3,0,0,10,True
2025-2025040820gm-00a9-0000-57062ba3-01-s3-d4,60,B,3,3,"[47500,17800,13200,21500]",2,4.0,1,3,1,0,11,True
2025-2025040820gm-00a9-0000-57062ba3-01-s3-d4,61,A,1,51,"[21100,59200,6500,13200]",3,-4.0,1,3,2,0,15,True
2025-2025040820gm-00a9-0000-57062ba3-01-s3-d4,61,B,3,3,"[21100,59200,6500,13200]",3,-4.0,1,3,2,0,15,True
2025-2025040820gm-00a9-0000-57062ba3-01-s3-d4,62,A,1,51,"[3000,39400,16600,41000]",1,10.0,1,3,0,0,12,True
2025-2025040820gm-00a9-0000-57062ba3-01-s3-d4,62,B,3,3,"[25800,9300,35700,29200]",2,4.0,1,3,2,0,16,True
2025-2025040820gm-00a9-0000-57062ba3-01-s3-d4,63,A,1,51,"[11800,29900,17600,40700]",1,10.0,1,3,0,0,9,True
2025-2025040820gm-00a9-0000-57062ba3-01-s3-d4,63,B,3,3,"[13800,30600,27900,27700]",3,-4.0,2,0,0,0,9,True
2025-2025040820gm-00a9-0000-57062ba3-01-s3-d4,64,A,1,51,"[34400,4800,26800,33000]",2,4.0,1,3,0,1,9,True
2025-2025040820gm-00a9-0000-57062ba3-01-s3-d4,64,B,3,3,"[32300,31500,-2500,38700]",1,10.0,1,0,0,0,7,True
2025-2025040820gm-00a9-0000-57062ba3-01-s3-d4,65,A,1,51,"[51500,7500,-2900,43900]",2,4.0,1,1,2,0,8,True
2025-2025040820gm-00a9-0000-57062ba3-01-s3-d4,65,B,3,3,"[33600,-1900,30400,37900]",1,10.0,1,1,2,0,12,True
2025-2025040820gm-00a9-0000-57062ba3-01-s3-d4,66,A,1,51,"[36200,20800,12200,30800]",2,4.0,1,3,0,0,11,True
2025-2025040820gm-00a9-0000-57062ba3-01-s3-d4,66,B,3,3,"[22300,40900,20600,16200]",4,-10.0,1,3,1,0,15,True
2025-2025040820gm-00a9-0000-57062ba3-01-s3-d4,67,A,1,51,"[12300,5500,21100,61100]",1,10.0,1,3,0,0,9,True
2025-2025040820gm-00a9-0000-57062ba3-01-s3-d4,67,B,3,3,"[12300,5500,21100,61100]",1,10.0,1,3,0,0,9,True
2025-2025040820gm-00a9-0000-57062ba3-01-s3-d4,68,A,1,51,"[21300,32000,16200,30500]",2,4.0,1,3,0,0,10,True
2025-2025040820gm-00a9-0000-57062ba3-01-s3-d4,68,B,3,3,"[18800,30200,31500,19500]",3,-4.0,1,3,1,0,10,True
2025-2025040820gm-00a9-0000-57062ba3-01-s3-d4,69,A,1,51,"[26700,27000,12300,34000]",1,10.0,1,3,0,0,12,True
2025-2025040820gm-00a9-0000-57062ba3-01-s3-d4,69,B,3,3,"[17800,34000,25700,22500]",3,-4.0,2,0,2,0,12,True
2025-2025040820gm-00a9-0000-57062ba3-01-s3-d4,70,A,1,51,"[40300,3700,39300,16700]",3,-4.0,1,3,1,0,11,True
2025-2025040820gm-00a9-0000-57062ba3-01-s3-d4,70,B,3,3,"[40300,3700,39300,16700]",3,-4.0,1,3,1,0,11,True
2025-2025040820gm-00a9-0000-57062ba3-01-s3-d4,71,A,1,51,"[800,35800,38000,25400]",3,-4.0,1,3,1,0,12,True
2025-2025040820gm-00a9-0000-57062ba3-01-s3-d4,71,B,3,3,"[800,35800,38000,25400]",3,-4.0,1,3,1,0,12,True
2025-2025040820gm-00a9-0000-57062ba3-01-s3-d4,72,A,1,51,"[20300,18000,45000,16700]",4,-10.0,1,3,1,0,11,True
2025-2025040820gm-00a9-0000-57062ba3-01-s3-d4,72,B,3,3,"[30400,11600,24000,34000]",1,10.0,1,3,0,0,9,True
2025-2025040820gm-00a9-0000-57062ba3-01-s3-d4,73,A,1,51,"[14700,34100,6200,44000]",1,10.0,1,3,0,1,11,True
2025-2025040820gm-00a9-0000-57062ba3-01-s3-d4,73,B,3,3,"[37800,-1000,35000,28200]",3,-4.0,0,2,2,0,8,True
2025-2025040820gm-00a9-0000-57062ba3-01-s3-d4,74,A,1,51,"[38300,22100,38500,1100]",4,-10.0,1,3,0,0,10,True
2025-2025040820gm-00a9-0000-57062ba3-01-s3-d4,74,B,3,3,"[38700,30200,25400,5700]",4,-10.0,1,3,0,0,10,True
2025-2025040820gm-00a9-0000-57062ba3-01-s3-d4,75,A,1,51,"[36600,-400,15400,48400]",1,10.0,0,1,1,0,5,True
2025-2025040820gm-00a9-0000-57062ba3-01-s3-d4,75,B,3,3,"[44800,20200,15200,18800]",3,-4.0,1,3,2,1,10,True
2025-2025040820gm-00a9-0000-57062ba3-01-s3-d4,76,A,1,51,"[34700,17200,17700,30400]",2,4.0,1,3,0,0,8,True
2025-2025040820gm-00a9-0000-57062ba3-01-s3-d4,76,B,3,3,"[34700,17200,17700,30400]",2,4.0,1,3,0,0,8,True
2025-2025040820gm-00a9-0000-57062ba3-01-s3-d4,77,A,1,51,"[9700,31300,14100,44900]",1,10.0,1,3,0,0,10,True
2025-2025040820gm-00a9-0000-57062ba3-01-s3-d4,77,B,3,3,"[9700,31300,14100,44900]",1,10.0,1,3,0,0,10,True
2025-2025040820gm-00a9-0000-57062ba3-01-s3-d4,78,A,1,51,"[12600,26600,19000,41800]",1,10.0,1,3,0,0,12,True
2025-2025040820gm-00a9-0000-57062ba3-01-s3-d4,78,B,3,3,"[8500,32700,19800,39000]",1,10.0,1,3,0,0,12,True
2025-2025040820gm-00a9-0000-57062ba3-01-s3-d4,79,A,1,51,"[27300,8100,24900,39700]",1,10.0,1,3,0,0,8,True
2025-2025040820gm-00a9-0000-57062ba3-01-s3-d4,79,B,3,3,"[27200,7300,27400,38100]",1,10.0,1,3,0,0,8,True
2025-2025040820gm-00a9-0000-57062ba3-01-s3-d4,80,A,1,51,"[34700,19800,14800,30700]",2,4.0,1,3,0,0,8,True
2025-2025040820gm-00a9-0000-57062ba3-01-s3-d4,80,B,3,3,"[34700,19800,14800,30700]",2,4.0,1,3,0,0,8,True
2025-2025040820gm-00a9-0000-57062ba3-01-s3-d4,81,A,1,51,"[500,38400,37200,23900]",3,-4.0,1,3,1,0,11,True
2025-2025040820gm-00a9-0000-57062ba3-01-s3-d4,81,B,3,3,"[500,38400,37200,23900]",3,-4.0,1,3,1,0,11,True
2025-2025040820gm-00a9-0000-57062ba3-01-s3-d4,82,A,1,51,"[35900,9000,30000,25100]",3,-4.0,1,3,0,0,9,True
2025-2025040820gm-00a9-0000-57062ba3-01-s3-d4,82,B,3,3,"[34400,9500,30500,25600]",3,-4.0,1,3,0,0,9,True
2025-2025040820gm-00a9-0000-57062ba3-01-s3-d4,83,A,1,51,"[51800,13000,13600,20600]",2,4.0,1,3,0,1,8,True
2025-2025040820gm-00a9-0000-57062ba3-01-s3-d4,83,B,3,3,"[51800,13000,13600,20600]",2,4.0,1,3,0,1,8,True
2025-2025040820gm-00a9-0000-57062ba3-01-s3-d4,84,A,1,51,"[41900,33300,14700,10100]",4,-10.0,1,3,0,0,12,True
2025-2025040820gm-00a9-0000-57062ba3-01-s3-d4,84,B,3,3,"[41900,33300,14700,10100]",4,-10.0,1,3,0,0,12,True
2025-2025040820gm-00a9-0000-57062ba3-01-s3-d4,85,A,1,51,"[38100,30900,17200,13800]",4,-10.0,1,3,3,0,10,True
2025-2025040820gm-00a9-0000-57062ba3-01-s3-d4,85,B,3,3,"[38100,30900,17200,13800]",4,-10.0,1,3,3,0,10,True
2025-2025040820gm-00a9-0000-57062ba3-01-s3-d4,86,A,1,51,"[18100,56700,14600,10600]",4,-10.0,1,3,0,0,11,True
2025-2025040820gm-00a9-0000-57062ba3-01-s3-d4,86,B,3,3,"[25200,56300,7000,11500]",3,-4.0,1,3,0,0,10,True
2025-2025040820gm-00a9-0000-57062ba3-01-s3-d4,87,A,1,51,"[33700,48200,18800,-700]",4,-10.0,1,3,0,0,10,True
2025-2025040820gm-00a9-0000-57062ba3-01-s3-d4,87,B,3,3,"[42500,24100,8400,25000]",2,4.0,1,3,1,0,12,True
2025-2025040820gm-00a9-0000-57062ba3-01-s3-d4,88,A,1,51,"[32500,22100,24800,20600]",4,-10.0,1,3,1,0,11,True
2025-2025040820gm-00a9-0000-57062ba3-01-s3-d4,88,B,3,3,"[48800,-6800,42800,15200]",3,-4.0,0,2,0,0,4,True
2025-2025040820gm-00a9-0000-57062ba3-01-s3-d4,89,A,1,51,"[23500,30800,32100,13600]",4,-10.0,1,3,0,0,10,True
2025-2025040820gm-00a9-0000-57062ba3-01-s3-d4,89,B,3,3,"[18500,-2500,28300,55700]",1,10.0,1,1,0,0,9,True
2025-2025040820gm-00a9-0000-57062ba3-01-s3-d4,90,A,1,51,"[30700,-1700,40900,30100]",3,-4.0,0,1,0,0,3,True
2025-2025040820gm-00a9-0000-57062ba3-01-s3-d4,90,B,3,3,"[30700,-1700,40900,30100]",3,-4.0,0,1,0,0,3,True
2025-2025040820gm-00a9-0000-57062ba3-01-s3-d4,91,A,1,51,"[45700,28000,4500,21800]",3,-4.0,1,3,0,0,11,True
2025-2025040820gm-00a9-0000-57062ba3-01-s3-d4,91,B,3,3,"[45900,20200,11800,22100]",2,4.0,1,3,0,0,12,True
2025-2025040820gm-00a9-0000-57062ba3-01-s3-d4,92,A,1,51,"[32000,6600,30700,30700]",3,-4.0,1,3,0,0,11,True
2025-2025040820gm-00a9-0000-57062ba3-01-s3-d4,92,B,3,3,"[21200,37100,11400,30300]",2,4.0,1,3,0,0,11,True
2025-2025040820gm-00a9-0000-57062ba3-01-s3-d4,93,A,1,51,"[3700,29500,21300,45500]",1,10.0,1,3,0,0,12,True
2025-2025040820gm-00a9-0000-57062ba3-01-s3-d4,93,B,3,3,"[8000,26700,24400,40900]",1,10.0,1,3,0,0,13,True
2025-2025040820gm-00a9-0000-57062ba3-01-s3-d4,94,A,1,51,"[36200,36100,19300,8400]",4,-10.0,1,3,0,0,11,True
2025-2025040820gm-00a9-0000-57062ba3-01-s3-d4,94,B,3,3,"[36200,36100,19300,8400]",4,-10.0,1,3,0,0,11,True
2025-2025040820gm-00a9-0000-57062ba3-01-s3-d4,95,A,1,51,"[39300,28400,16400,15900]",4,-10.0,1,3,0,0,9,True
2025-2025040820gm-00a9-0000-57062ba3-01-s3-d4,95,B,3,3,"[26000,22800,34300,16900]",4,-10.0,1,3,1,0,10,True
2025-2025040820gm-00a9-0000-57062ba3-01-s3-d4,96,A,1,51,"[21500,24000,23700,30800]",1,10.0,1,3,0,0,13,True
2025-2025040820gm-00a9-0000-57062ba3-01-s3-d4,96,B,3,3,"[31000,22600,22500,23900]",2,4.0,1,3,1,0,14,True
2025-2025040820gm-00a9-0000-57062ba3-01-s3-d4,97,A,1,51,"[46900,-2200,31500,23800]",3,-4.0,0,1,0,0,3,True
2025-2025040820gm-00a9-0000-57062ba3-01-s3-d4,97,B,3,3,"[63900,29500,10100,-3500]",4,-10.0,0,3,0,0,5,True
2025-2025040820gm-00a9-0000-57062ba3-01-s3-d4,98,A,1,51,"[11100,36600,12200,40100]",1,10.0,1,3,0,0,11,True
2025-2025040820gm-00a9-0000-57062ba3-01-s3-d4,98,B,3,3,"[15300,15300,22700,46700]",1,10.0,1,3,0,0,10,True
2025-2025040820gm-00a9-0000-57062ba3-01-s3-d4,99,A,1,51,"[35100,17100,16600,31200]",2,4.0,1,3,0,0,10,True
2025-2025040820gm-00a9-0000-57062ba3-01-s3-d4,99,B,3,3,"[34300,-1500,48200,19000]",3,-4.0,1,3,1,0,14,True
2025-2025040820gm-00a9-0000-57062ba3-01-s3-d4,100,A,1,51,"[26600,38400,8800,26200]",3,-4.0,1,3,0,0,10,True
2025-2025040820gm-00a9-0000-57062ba3-01-s3-d4,100,B,3,3,"[26600,38400,8800,26200]",3,-4.0,1,3,0,0,10,True
2025-2025040820gm-00a9-0000-57062ba3-01-s3-d4,101,A,1,51,"[34700,36500,1500,27300]",3,-4.0,1,3,1,0,12,True
2025-2025040820gm-00a9-0000-57062ba3-01-s3-d4,101,B,3,3,"[42100,-700,38400,20200]",3,-4.0,0,3,1,0,9,True
2025-2025040820gm-00a9-0000-57062ba3-01-s3-d4,102,A,1,51,"[37000,31500,13400,18100]",3,-4.0,1,3,1,0,12,True
2025-2025040820gm-00a9-0000-57062ba3-01-s3-d4,102,B,3,3,"[34600,13500,29600,22300]",3,-4.0,1,3,2,0,10,True
2025-2025040820gm-00a9-0000-57062ba3-01-s3-d4,103,A,1,51,"[46800,35100,5400,12700]",3,-4.0,1,3,1,0,10,True
2025-2025040820gm-00a9-0000-57062ba3-01-s3-d4,103,B,3,3,"[33100,5000,18000,43900]",1,10.0,1,3,0,0,9,True
2025-2025040820gm-00a9-0000-57062ba3-01-s3-d4,104,A,1,51,"[36500,16700,33400,13400]",4,-10.0,1,3,0,0,10,True
2025-2025040820gm-00a9-0000-57062ba3-01-s3-d4,104,B,3,3,"[11500,19400,24200,44900]",1,10.0,1,3,0,0,9,True
2025-2025040820gm-00a9-0000-57062ba3-01-s3-d4,105,A,1,51,"[59800,18100,-1900,24000]",2,4.0,0,3,2,0,8,True
2025-2025040820gm-00a9-0000-57062ba3-01-s3-d4,105,B,3,3,"[19300,15700,20600,43400]",1,10.0,1,3,0,1,9,True
2025-2025040820gm-00a9-0000-57062ba3-01-s3-d4,106,A,1,51,"[19300,31400,23100,26200]",2,4.0,2,1,0,0,15,True
2025-2025040820gm-00a9-0000-57062ba3-01-s3-d4,106,B,3,3,"[34100,5800,37500,22600]",3,-4.0,1,3,2,0,9,True
2025-2025040820gm-00a9-0000-57062ba3-01-s3-d4,107,A,1,51,"[55100,5200,5600,34100]",2,4.0,1,3,1,0,12,True
2025-2025040820gm-00a9-0000-57062ba3-01-s3-d4,107,B,3,3,"[22200,27100,37500,13200]",4,-10.0,1,3,1,0,10,True
2025-2025040820gm-00a9-0000-57062ba3-01-s3-d4,108,A,1,51,"[26800,38800,29300,5100]",4,-10.0,1,3,0,0,12,True
2025-2025040820gm-00a9-0000-57062ba3-01-s3-d4,108,B,3,3,"[17300,23500,18000,41200]",1,10.0,1,3,0,0,11,True
2025-2025040820gm-00a9-0000-57062ba3-01-s3-d4,109,A,1,51,"[32900,27000,-2400,42500]",1,10.0,1,2,0,0,9,True
2025-2025040820gm-00a9-0000-57062ba3-01-s3-d4,109,B,3,3,"[31000,-20100,60500,28600]",3,-4.0,1,1,0,0,9,True
2025-2025040820gm-00a9-0000-57062ba3-01-s3-d4,110,A,1,51,"[18100,24600,11300,46000]",1,10.0,1,3,0,0,11,True
2025-2025040820gm-00a9-0000-57062ba3-01-s3-d4,110,B,3,3,"[8700,20100,26900,44300]",1,10.0,1,3,0,0,11,True
2025-2025040820gm-00a9-0000-57062ba3-01-s3-d4,111,A,1,51,"[23100,37500,13300,25100]",2,4.0,1,3,1,1,11,True
2025-2025040820gm-00a9-0000-57062ba3-01-s3-d4,111,B,3,3,"[25800,20100,32900,21200]",3,-4.0,1,3,1,0,11,True
2025-2025040820gm-00a9-0000-57062ba3-01-s3-d4,112,A,1,51,"[43200,15800,15800,25200]",2,4.0,1,3,2,0,12,True
2025-2025040820gm-00a9-0000-57062ba3-01-s3-d4,112,B,3,3,"[38400,20300,23200,18100]",4,-10.0,1,3,0,0,13,True
2025-2025040820gm-00a9-0000-57062ba3-01-s3-d4,113,A,1,51,"[61000,9300,11500,18200]",2,4.0,1,3,2,0,16,True
2025-2025040820gm-00a9-0000-57062ba3-01-s3-d4,113,B,3,3,"[61000,9300,11500,18200]",2,4.0,1,3,2,0,16,True
2025-2025040820gm-00a9-0000-57062ba3-01-s3-d4,114,A,1,51,"[59000,4500,4200,32300]",2,4.0,1,3,0,0,10,True
2025-2025040820gm-00a9-0000-57062ba3-01-s3-d4,114,B,3,3,"[59000,4500,4200,32300]",2,4.0,1,3,0,0,10,True
2025-2025040820gm-00a9-0000-57062ba3-01-s3-d4,115,A,1,51,"[23300,20700,22700,33300]",1,10.0,1,3,0,0,9,True
2025-2025040820gm-00a9-0000-57062ba3-01-s3-d4,115,B,3,3,"[35100,27300,19100,18500]",4,-10.0,1,3,0,0,9,True
2025-2025040820gm-00a9-0000-57062ba3-01-s3-d4,116,A,1,51,"[41200,-7600,29100,37300]",2,4.0,1,0,1,0,6,True
2025-2025040820gm-00a9-0000-57062ba3-01-s3-d4,116,B,3,3,"[43500,25100,3200,28200]",2,4.0,1,3,1,0,11,True
2025-2025040820gm-00a9-0000-57062ba3-01-s3-d4,117,A,1,51,"[15300,21900,33100,29700]",2,4.0,1,3,1,0,11,True
2025-2025040820gm-00a9-0000-57062ba3-01-s3-d4,117,B,3,3,"[15300,21900,33100,29700]",2,4.0,1,3,1,0,11,True
2025-2025040820gm-00a9-0000-57062ba3-01-s3-d4,118,A,1,51,"[34200,-300,39700,26400]",3,-4.0,1,0,0,0,7,True
2025-2025040820gm-00a9-0000-57062ba3-01-s3-d4,118,B,3,3,"[33200,-300,40700,26400]",3,-4.0,1,0,0,0,7,True
2025-2025040820gm-00a9-0000-57062ba3-01-s3-d4,119,A,1,51,"[23200,11900,52300,12600]",3,-4.0,1,3,0,0,9,True
2025-2025040820gm-00a9-0000-57062ba3-01-s3-d4,119,B,3,3,"[26300,5300,64600,3800]",4,-10.0,1,3,0,0,9,True
2025-2025040820gm-00a9-0000-57062ba3-01-s3-d4,120,A,1,51,"[42900,15900,27000,14200]",4,-10.0,1,3,0,0,10,True
2025-2025040820gm-00a9-0000-57062ba3-01-s3-d4,120,B,3,3,"[30000,22800,29800,17400]",4,-10.0,1,3,0,0,10,True
2025-2025040820gm-00a9-0000-57062ba3-01-s3-d4,121,A,1,51,"[20700,40900,25300,13100]",4,-10.0,1,3,1,0,11,True
2025-2025040820gm-00a9-0000-57062ba3-01-s3-d4,121,B,3,3,"[26200,34500,31600,7700]",4,-10.0,1,3,0,0,11,True
2025-2025040820gm-00a9-0000-57062ba3-01-s3-d4,122,A,1,51,"[43800,21000,-6600,41800]",2,4.0,1,1,0,0,10,True
2025-2025040820gm-00a9-0000-57062ba3-01-s3-d4,122,B,3,3,"[19500,19700,46400,14400]",4,-10.0,1,3,0,0,10,True
2025-2025040820gm-00a9-0000-57062ba3-01-s3-d4,123,A,1,51,"[30400,14000,43700,11900]",4,-10.0,1,3,0,0,10,True
2025-2025040820gm-00a9-0000-57062ba3-01-s3-d4,123,B,3,3,"[13600,19100,41200,26100]",2,4.0,1,3,4,0,12,True
2025-2025040820gm-00a9-0000-57062ba3-01-s3-d4,124,A,1,51,"[31900,12000,33100,23000]",3,-4.0,1,3,0,0,10,True
2025-2025040820gm-00a9-0000-57062ba3-01-s3-d4,124,B,3,3,"[36800,8000,24100,31100]",2,4.0,1,3,0,0,8,True
2025-2025040820gm-00a9-0000-57062ba3-01-s3-d4,125,A,1,51,"[38400,17700,-2400,46300]",1,10.0,1,2,0,0,10,True
2025-2025040820gm-00a9-0000-57062ba3-01-s3-d4,125,B,3,3,"[33300,11700,19300,35700]",1,10.0,1,3,0,0,11,True
2025-2025040820gm-00a9-0000-57062ba3-01-s3-d4,126,A,1,51,"[39100,17300,19700,23900]",2,4.0,1,3,0,0,11,True
2025-2025040820gm-00a9-0000-57062ba3-01-s3-d4,126,B,3,3,"[39100,17300,19700,23900]",2,4.0,1,3,0,0,11,True
2025-2025040820gm-00a9-0000-57062ba3-01-s3-d4,127,A,1,51,"[46400,7800,13300,32500]",2,4.0,1,3,1,0,10,True
2025-2025040820gm-00a9-0000-57062ba3-01-s3-d4,127,B,3,3,"[40800,44600,-7200,21800]",3,-4.0,1,1,0,0,7,True
2025-2025040820gm-00a9-0000-57062ba3-01-s3-d4,128,A,1,51,"[34000,15500,31400,19100]",3,-4.0,1,3,1,0,13,True
2025-2025040820gm-00a9-0000-57062ba3-01-s3-d4,128,B,3,3,"[46900,18600,25200,9300]",4,-10.0,1,3,0,0,15,True
2025-2025040820gm-00a9-0000-57062ba3-01-s3-d4,129,A,1,51,"[37700,8400,21900,32000]",2,4.0,1,3,1,0,10,True
2025-2025040820gm-00a9-0000-57062ba3-01-s3-d4,129,B,3,3,"[22700,8400,37600,31300]",2,4.0,1,3,0,0,8,True
2025-2025040820gm-00a9-0000-57062ba3-01-s3-d4,130,A,1,51,"[30200,-2300,43400,28700]",3,-4.0,0,3,0,0,6,True
2025-2025040820gm-00a9-0000-57062ba3-01-s3-d4,130,B,3,3,"[27400,12200,50100,10300]",4,-10.0,1,3,2,0,10,True
2025-2025040820gm-00a9-0000-57062ba3-01-s3-d4,131,A,1,51,"[13200,11800,46900,28100]",2,4.0,1,3,0,0,11,True
2025-2025040820gm-00a9-0000-57062ba3-01-s3-d4,131,B,3,3,"[13500,56100,19900,10500]",4,-10.0,1,3,0,0,11,True
2025-2025040820gm-00a9-0000-57062ba3-01-s3-d4,132,A,1,51,"[12800,6000,37400,43800]",1,10.0,1,3,0,0,10,True
2025-2025040820gm-00a9-0000-57062ba3-01-s3-d4,132,B,3,3,"[34600,-100,46300,19200]",3,-4.0,1,1,0,0,6,True
2025-2025040820gm-00a9-0000-57062ba3-01-s3-d4,133,A,1,51,"[43400,13000,24200,19400]",3,-4.0,1,3,0,0,9,True
2025-2025040820gm-00a9-0000-57062ba3-01-s3-d4,133,B,3,3,"[31700,26300,27000,15000]",4,-10.0,1,3,0,0,11,True
2025-2025040820gm-00a9-0000-57062ba3-01-s3-d4,134,A,1,51,"[24100,8300,38200,29400]",2,4.0,2,0,0,0,12,True
2025-2025040820gm-00a9-0000-57062ba3-01-s3-d4,134,B,3,3,"[40000,25800,21800,12400]",4,-10.0,1,3,0,0,10,True
2025-2025040820gm-00a9-0000-57062ba3-01-s3-d4,135,A,1,51,"[52400,3200,26700,17700]",3,-4.0,1,3,2,0,11,True
2025-2025040820gm-00a9-0000-57062ba3-01-s3-d4,135,B,3,3,"[51300,5400,26900,15400]",3,-4.0,1,3,2,1,11,True
2025-2025040820gm-00a9-0000-57062ba3-01-s3-d4,136,A,1,51,"[27900,32700,5600,33800]",1,10.0,1,3,0,0,9,True
2025-2025040820gm-00a9-0000-57062ba3-01-s3-d4,136,B,3,3,"[42800,28200,-2600,31600]",2,4.0,1,2,1,0,13,True
2025-2025040820gm-00a9-0000-57062ba3-01-s3-d4,137,A,1,51,"[24100,22900,8100,44900]",1,10.0,1,3,0,0,10,True
2025-2025040820gm-00a9-0000-57062ba3-01-s3-d4,137,B,3,3,"[30900,17700,29700,21700]",3,-4.0,1,3,1,0,10,True
2025-2025040820gm-00a9-0000-57062ba3-01-s3-d4,138,A,1,51,"[6600,28800,28600,36000]",1,10.0,1,3,0,0,8,True
2025-2025040820gm-00a9-0000-57062ba3-01-s3-d4,138,B,3,3,"[16500,33200,21700,28600]",2,4.0,2,0,0,0,9,True
2025-2025040820gm-00a9-0000-57062ba3-01-s3-d4,139,A,1,51,"[28500,7700,36200,27600]",3,-4.0,1,3,0,0,9,True
2025-2025040820gm-00a9-0000-57062ba3-01-s3-d4,139,B,3,3,"[40200,21900,15100,22800]",2,4.0,1,3,1,0,10,True
2025-2025040820gm-00a9-0000-57062ba3-01-s3-d4,140,A,1,51,"[18500,31500,15100,34900]",1,10.0,1,3,0,0,11,True
2025-2025040820gm-00a9-0000-57062ba3-01-s3-d4,140,B,3,3,"[33000,4200,39300,23500]",3,-4.0,1,3,0,0,10,True
2025-2025040820gm-00a9-0000-57062ba3-01-s3-d4,141,A,1,51,"[36200,29900,34200,-300]",4,-10.0,1,2,0,0,10,True
2025-2025040820gm-00a9-0000-57062ba3-01-s3-d4,141,B,3,3,"[36200,29900,34200,-300]",4,-10.0,1,2,0,0,10,True
2025-2025040820gm-00a9-0000-57062ba3-01-s3-d4,142,A,1,51,"[18000,36300,28300,17400]",4,-10.0,1,3,0,0,10,True
2025-2025040820gm-00a9-0000-57062ba3-01-s3-d4,142,B,3,3,"[18000,36300,28300,17400]",4,-10.0,1,3,0,0,10,True
2025-2025040820gm-00a9-0000-57062ba3-01-s3-d4,143,A,1,51,"[42600,19700,18200,19500]",3,-4.0,1,3,0,0,10,True
2025-2025040820gm-00a9-0000-57062ba3-01-s3-d4,143,B,3,3,"[24100,20800,35200,19900]",4,-10.0,1,3,1,0,9,True
2025-2025040820gm-00a9-0000-57062ba3-01-s3-d4,144,A,1,51,"[40300,12700,-2900,49900]",1,10.0,1,0,0,0,7,True
2025-2025040820gm-00a9-0000-57062ba3-01-s3-d4,144,B,3,3,"[28700,30500,33000,7800]",4,-10.0,1,3,0,0,9,True
2025-2025040820gm-00a9-0000-57062ba3-01-s3-d4,145,A,1,51,"[57600,13800,-3100,31700]",2,4.0,1,0,0,0,7,True
2025-2025040820gm-00a9-0000-57062ba3-01-s3-d4,145,B,3,3,"[36800,2200,19000,41000]",1,10.0,1,3,0,1,11,True
2025-2025040820gm-00a9-0000-57062ba3-01-s3-d4,146,A,1,51,"[35200,10700,40600,13500]",3,-4.0,1,3,0,0,10,True
2025-2025040820gm-00a9-0000-57062ba3-01-s3-d4,146,B,3,3,"[21700,31600,18300,28400]",2,4.0,1,3,0,0,9,True
2025-2025040820gm-00a9-0000-57062ba3-01-s3-d4,147,A,1,51,"[28000,29900,-700,42800]",1,10.0,1,3,0,0,10,True
2025-2025040820gm-00a9-0000-57062ba3-01-s3-d4,147,B,3,3,"[14200,29100,42300,14400]",3,-4.0,1,3,0,0,10,True
2025-2025040820gm-00a9-0000-57062ba3-01-s3-d4,148,A,1,51,"[35700,-600,29300,35600]",2,4.0,1,3,2,0,12,True
2025-2025040820gm-00a9-0000-57062ba3-01-s3-d4,148,B,3,3,"[25900,1900,23100,49100]",1,10.0,1,3,0,0,12,True
2025-2025040820gm-00a9-0000-57062ba3-01-s3-d4,149,A,1,51,"[27900,8200,25200,38700]",1,10.0,1,3,0,0,8,True
2025-2025040820gm-00a9-0000-57062ba3-01-s3-d4,149,B,3,3,"[32700,6100,26500,34700]",1,10.0,1,3,3,0,10,True
2025-2025040820gm-00a9-0000-57062ba3-01-s3-d4,150,A,1,51,"[30600,19600,15000,34800]",1,10.0,1,3,0,0,9,True
2025-2025040820gm-00a9-0000-57062ba3-01-s3-d4,150,B,3,3,"[46300,11900,14600,27200]",2,4.0,1,3,1,0,11,True
2025-2025040820gm-00a9-0000-57062ba3-01-s3-d4,151,A,1,51,"[41800,16800,16400,25000]",2,4.0,1,3,0,0,10,True
2025-2025040820gm-00a9-0000-57062ba3-01-s3-d4,151,B,3,3,"[30900,15600,-3800,57300]",1,10.0,0,3,1,0,6,True
2025-2025040820gm-00a9-0000-57062ba3-01-s3-d4,152,A,1,51,"[35600,27200,27100,10100]",4,-10.0,1,3,0,0,8,True
2025-2025040820gm-00a9-0000-57062ba3-01-s3-d4,152,B,3,3,"[35600,28200,27100,9100]",4,-10.0,1,3,0,0,8,True
2025-2025040820gm-00a9-0000-57062ba3-01-s3-d4,153,A,1,51,"[30400,600,31500,37500]",1,10.0,1,3,0,0,9,True
2025-2025040820gm-00a9-0000-57062ba3-01-s3-d4,153,B,3,3,"[28900,-2300,48100,25300]",3,-4.0,1,2,0,0,7,True
2025-2025040820gm-00a9-0000-57062ba3-01-s3-d4,154,A,1,51,"[48800,15900,3300,32000]",2,4.0,1,3,0,0,10,True
2025-2025040820gm-00a9-0000-57062ba3-01-s3-d4,154,B,3,3,"[30500,34000,40400,-4900]",4,-10.0,0,2,1,0,6,True
2025-2025040820gm-00a9-0000-57062ba3-01-s3-d4,155,A,1,51,"[32900,16400,15100,35600]",1,10.0,1,3,0,0,10,True
2025-2025040820gm-00a9-0000-57062ba3-01-s3-d4,155,B,3,3,"[10900,13100,24700,51300]",1,10.0,1,3,0,0,9,True
2025-2025040820gm-00a9-0000-57062ba3-01-s3-d4,156,A,1,51,"[38600,10900,29800,20700]",3,-4.0,1,3,1,0,10,True
2025-2025040820gm-00a9-0000-57062ba3-01-s3-d4,156,B,3,3,"[38600,10900,29800,20700]",3,-4.0,1,3,1,0,10,True
2025-2025040820gm-00a9-0000-57062ba3-01-s3-d4,157,A,1,51,"[53600,17200,12100,17100]",3,-4.0,1,3,0,0,11,True
2025-2025040820gm-00a9-0000-57062ba3-01-s3-d4,157,B,3,3,"[36000,25100,20900,18000]",4,-10.0,1,3,0,0,10,True
2025-2025040820gm-00a9-0000-57062ba3-01-s3-d4,158,A,1,51,"[5000,18300,27100,49600]",1,10.0,1,3,0,0,10,True
2025-2025040820gm-00a9-0000-57062ba3-01-s3-d4,158,B,3,3,"[39700,7300,27000,26000]",3,-4.0,1,3,0,0,8,True
2025-2025040820gm-00a9-0000-57062ba3-01-s3-d4,159,A,1,51,"[45500,4700,28900,20900]",3,-4.0,1,3,0,0,11,True
2025-2025040820gm-00a9-0000-57062ba3-01-s3-d4,159,B,3,3,"[45300,-3000,35600,22100]",3,-4.0,1,1,1,0,9,True
2025-2025040820gm-00a9-0000-57062ba3-01-s3-d4,160,A,1,51,"[20600,21000,33000,25400]",2,4.0,1,3,1,0,10,True
2025-2025040820gm-00a9-0000-57062ba3-01-s3-d4,160,B,3,3,"[29500,24800,13000,32700]",1,10.0,2,0,0,0,11,True
2025-2025040820gm-00a9-0000-57062ba3-01-s3-d4,161,A,1,51,"[37700,10400,16700,35200]",2,4.0,1,3,1,0,12,True
2025-2025040820gm-00a9-0000-57062ba3-01-s3-d4,161,B,3,3,"[44800,-900,11200,44900]",1,10.0,1,3,0,0,11,True
2025-2025040820gm-00a9-0000-57062ba3-01-s3-d4,162,A,1,51,"[10600,39500,26600,23300]",3,-4.0,1,3,0,0,10,True
2025-2025040820gm-00a9-0000-57062ba3-01-s3-d4,162,B,3,3,"[34100,37200,27800,900]",4,-10.0,1,3,0,0,11,True
2025-2025040820gm-00a9-0000-57062ba3-01-s3-d4,163,A,1,51,"[11500,11600,26700,50200]",1,10.0,1,3,0,0,9,True
2025-2025040820gm-00a9-0000-57062ba3-01-s3-d4,163,B,3,3,"[26000,18900,37500,17600]",4,-10.0,1,3,0,0,10,True
2025-2025040820gm-00a9-0000-57062ba3-01-s3-d4,164,A,1,51,"[16100,8400,28100,47400]",1,10.0,1,3,0,0,12,True
2025-2025040820gm-00a9-0000-57062ba3-01-s3-d4,164,B,3,3,"[3000,34500,33400,29100]",3,-4.0,1,3,0,0,10,True
2025-2025040820gm-00a9-0000-57062ba3-01-s3-d4,165,A,1,51,"[-700,20200,44300,36200]",2,4.0,1,3,4,0,11,True
2025-2025040820gm-00a9-0000-57062ba3-01-s3-d4,165,B,3,3,"[26300,30700,12800,30200]",2,4.0,1,3,2,0,14,True
2025-2025040820gm-00a9-0000-57062ba3-01-s3-d4,166,A,1,51,"[50500,8700,15200,25600]",2,4.0,1,3,0,0,10,True
2025-2025040820gm-00a9-0000-57062ba3-01-s3-d4,166,B,3,3,"[25700,29200,47800,-2700]",4,-10.0,1,2,0,0,8,True
2025-2025040820gm-00a9-0000-57062ba3-01-s3-d4,167,A,1,51,"[42300,24200,16700,16800]",3,-4.0,1,3,4,0,11,True
2025-2025040820gm-00a9-0000-57062ba3-01-s3-d4,167,B,3,3,"[37500,-500,15700,47300]",1,10.0,1,0,0,0,5,True
2025-2025040820gm-00a9-0000-57062ba3-01-s3-d4,168,A,1,51,"[36300,14400,25500,23800]",3,-4.0,1,3,0,0,10,True
2025-2025040820gm-00a9-0000-57062ba3-01-s3-d4,168,B,3,3,"[48900,21200,15300,14600]",4,-10.0,1,3,0,0,10,True
2025-2025040820gm-00a9-0000-57062ba3-01-s3-d4,169,A,1,51,"[18500,26700,22200,32600]",1,10.0,1,3,3,0,13,True
2025-2025040820gm-00a9-0000-57062ba3-01-s3-d4,169,B,3,3,"[18500,26700,22200,32600]",1,10.0,1,3,3,0,13,True
2025-2025040820gm-00a9-0000-57062ba3-01-s3-d4,170,A,1,51,"[35800,31100,24800,8300]",4,-10.0,1,3,0,0,11,True
2025-2025040820gm-00a9-0000-57062ba3-01-s3-d4,170,B,3,3,"[37100,30700,-600,32800]",2,4.0,1,1,0,0,11,True
2025-2025040820gm-00a9-0000-57062ba3-01-s3-d4,171,A,1,51,"[27200,30000,11600,31200]",1,10.0,1,3,0,0,10,True
2025-2025040820gm-00a9-0000-57062ba3-01-s3-d4,171,B,3,3,"[27000,8600,30200,34200]",1,10.0,1,3,1,0,15,True
2025-2025040820gm-00a9-0000-57062ba3-01-s3-d4,172,A,1,51,"[55000,17400,27900,-300]",4,-10.0,0,0,3,0,3,True
2025-2025040820gm-00a9-0000-57062ba3-01-s3-d4,172,B,3,3,"[43800,15600,36100,4500]",4,-10.0,1,3,2,0,11,True
2025-2025040820gm-00a9-0000-57062ba3-01-s3-d4,173,A,1,51,"[30200,-300,31900,38200]",1,10.0,1,3,0,0,8,True
2025-2025040820gm-00a9-0000-57062ba3-01-s3-d4,173,B,3,3,"[30500,28700,29200,11600]",4,-10.0,1,3,0,0,8,True
2025-2025040820gm-00a9-0000-57062ba3-01-s3-d4,174,A,1,51,"[46900,-300,29600,23800]",3,-4.0,0,0,2,0,2,True
2025-2025040820gm-00a9-0000-57062ba3-01-s3-d4,174,B,3,3,"[43100,-3800,48600,12100]",3,-4.0,0,2,0,0,5,True
2025-2025040820gm-00a9-0000-57062ba3-01-s3-d4,175,A,1,51,"[22900,23900,36800,16400]",4,-10.0,1,3,0,0,8,True
2025-2025040820gm-00a9-0000-57062ba3-01-s3-d4,175,B,3,3,"[30700,17600,42100,9600]",4,-10.0,1,3,0,0,13,True
2025-2025040820gm-00a9-0000-57062ba3-01-s3-d4,176,A,1,51,"[26000,20200,32700,21100]",3,-4.0,1,3,1,0,8,True
2025-2025040820gm-00a9-0000-57062ba3-01-s3-d4,176,B,3,3,"[22500,5700,35200,36600]",1,10.0,1,3,2,0,10,True
2025-2025040820gm-00a9-0000-57062ba3-01-s3-d4,177,A,1,51,"[15500,53900,32200,-1600]",4,-10.0,1,3,1,0,13,True
2025-2025040820gm-00a9-0000-57062ba3-01-s3-d4,177,B,3,3,"[30400,18600,21000,29000]",2,4.0,1,3,0,1,15,True
2025-2025040820gm-00a9-0000-57062ba3-01-s3-d4,178,A,1,51,"[58300,2000,21600,18100]",3,-4.0,1,3,0,0,11,True
2025-2025040820gm-00a9-0000-57062ba3-01-s3-d4,178,B,3,3,"[42300,-1500,31400,27800]",3,-4.0,1,0,1,0,7,True
2025-2025040820gm-00a9-0000-57062ba3-01-s3-d4,179,A,1,51,"[43600,11800,9300,35300]",2,4.0,1,3,0,0,10,True
2025-2025040820gm-00a9-0000-57062ba3-01-s3-d4,179,B,3,3,"[30800,22000,5200,42000]",1,10.0,1,3,0,0,11,True
2025-2025040820gm-00a9-0000-57062ba3-01-s3-d4,180,A,1,51,"[22200,24700,21900,30200]",1,10.0,1,3,0,1,8,True
2025-2025040820gm-00a9-0000-57062ba3-01-s3-d4,180,B,3,3,"[18400,22300,45600,13700]",4,-10.0,1,3,0,0,8,True
2025-2025040820gm-00a9-0000-57062ba3-01-s3-d4,181,A,1,51,"[24900,32500,49600,-7000]",4,-10.0,1,3,0,0,11,True
2025-2025040820gm-00a9-0000-57062ba3-01-s3-d4,181,B,3,3,"[20200,33600,43300,2900]",4,-10.0,1,3,1,0,13,True
2025-2025040820gm-00a9-0000-57062ba3-01-s3-d4,182,A,1,51,"[19700,18300,27800,34200]",1,10.0,1,3,4,0,14,True
2025-2025040820gm-00a9-0000-57062ba3-01-s3-d4,182,B,3,3,"[22800,12100,400,64700]",1,10.0,1,3,0,0,11,True
2025-2025040820gm-00a9-0000-57062ba3-01-s3-d4,183,A,1,51,"[45100,20800,20500,13600]",4,-10.0,1,3,0,0,11,True
2025-2025040820gm-00a9-0000-57062ba3-01-s3-d4,183,B,3,3,"[20700,60700,20000,-1400]",4,-10.0,1,2,0,0,13,True
2025-2025040820gm-00a9-0000-57062ba3-01-s3-d4,184,A,1,51,"[45400,10100,37600,6900]",4,-10.0,1,3,0,0,9,True
2025-2025040820gm-00a9-0000-57062ba3-01-s3-d4,184,B,3,3,"[41400,28200,18400,12000]",4,-10.0,1,3,1,0,11,True
2025-2025040820gm-00a9-0000-57062ba3-01-s3-d4,185,A,1,51,"[-2000,33100,38300,30600]",3,-4.0,1,2,2,0,9,True
2025-2025040820gm-00a9-0000-57062ba3-01-s3-d4,185,B,3,3,"[2300,39900,30700,27100]",3,-4.0,1,3,0,0,11,True
2025-2025040820gm-00a9-0000-57062ba3-01-s3-d4,186,A,1,51,"[23500,36400,5500,34600]",2,4.0,1,3,0,0,10,True
2025-2025040820gm-00a9-0000-57062ba3-01-s3-d4,186,B,3,3,"[23500,36400,5500,34600]",2,4.0,1,3,0,0,10,True
2025-2025040820gm-00a9-0000-57062ba3-01-s3-d4,187,A,1,51,"[38800,-1600,44300,18500]",3,-4.0,1,0,2,0,8,True
2025-2025040820gm-00a9-0000-57062ba3-01-s3-d4,187,B,3,3,"[38800,-1600,44300,18500]",3,-4.0,1,0,2,0,8,True
2025-2025040820gm-00a9-0000-57062ba3-01-s3-d4,188,A,1,51,"[31300,-9900,58300,20300]",3,-4.0,0,2,0,0,4,True
2025-2025040820gm-00a9-0000-57062ba3-01-s3-d4,188,B,3,3,"[23400,-4400,19300,61700]",1,10.0,1,0,0,0,6,True
2025-2025040820gm-00a9-0000-57062ba3-01-s3-d4,189,A,1,51,"[42200,2300,22800,32700]",2,4.0,1,3,0,0,10,True
2025-2025040820gm-00a9-0000-57062ba3-01-s3-d4,189,B,3,3,"[36700,-400,13200,50500]",1,10.0,1,3,0,0,10,True
2025-2025040820gm-00a9-0000-57062ba3-01-s3-d4,190,A,1,51,"[22100,3200,42200,32500]",2,4.0,1,3,2,0,11,True
2025-2025040820gm-00a9-0000-57062ba3-01-s3-d4,190,B,3,3,"[47300,13000,-1500,41200]",2,4.0,1,0,4,0,9,True
2025-2025040820gm-00a9-0000-57062ba3-01-s3-d4,191,A,1,51,"[51300,15100,22400,11200]",4,-10.0,1,3,2,0,10,True
2025-2025040820gm-00a9-0000-57062ba3-01-s3-d4,191,B,3,3,"[39500,19000,17000,24500]",2,4.0,1,3,1,0,13,True
2025-2025040820gm-00a9-0000-57062ba3-01-s3-d4,192,A,1,51,"[23700,40400,15300,20600]",3,-4.0,1,3,0,0,9,True
2025-2025040820gm-00a9-0000-57062ba3-01-s3-d4,192,B,3,3,"[66000,11800,16400,5800]",4,-10.0,1,3,0,0,10,True
2025-2025040820gm-00a9-0000-57062ba3-01-s3-d4,193,A,1,51,"[16700,19600,35600,28100]",2,4.0,1,3,1,0,13,True
2025-2025040820gm-00a9-0000-57062ba3-01-s3-d4,193,B,3,3,"[27300,49500,-1600,24800]",3,-4.0,1,1,1,0,10,True
2025-2025040820gm-00a9-0000-57062ba3-01-s3-d4,194,A,1,51,"[25500,15200,25900,33400]",1,10.0,1,3,0,0,9,True
2025-2025040820gm-00a9-0000-57062ba3-01-s3-d4,194,B,3,3,"[29300,19100,19200,32400]",1,10.0,1,3,0,0,10,True
2025-2025040820gm-00a9-0000-57062ba3-01-s3-d4,195,A,1,51,"[29000,9300,21900,39800]",1,10.0,1,3,0,0,8,True
2025-2025040820gm-00a9-0000-57062ba3-01-s3-d4,195,B,3,3,"[36000,-100,35300,28800]",3,-4.0,1,0,1,0,5,True
2025-2025040820gm-00a9-0000-57062ba3-01-s3-d4,196,A,1,51,"[20500,25300,13600,40600]",1,10.0,1,3,0,0,9,True
2025-2025040820gm-00a9-0000-57062ba3-01-s3-d4,196,B,3,3,"[52700,17400,35900,-6000]",4,-10.0,1,0,1,0,7,True
2025-2025040820gm-00a9-0000-57062ba3-01-s3-d4,197,A,1,51,"[17300,-4600,38300,49000]",1,10.0,1,1,0,0,9,True
2025-2025040820gm-00a9-0000-57062ba3-01-s3-d4,197,B,3,3,"[16800,12100,37100,34000]",2,4.0,1,3,0,0,11,True
2025-2025040820gm-00a9-0000-57062ba3-01-s3-d4,198,A,1,51,"[41400,19100,16000,23500]",2,4.0,1,3,0,0,11,True
2025-2025040820gm-00a9-0000-57062ba3-01-s3-d4,198,B,3,3,"[40700,27100,15700,16500]",3,-4.0,1,3,1,0,12,True
2025-2025040820gm-00a9-0000-57062ba3-01-s3-d4,199,A,1,51,"[40400,24500,19000,16100]",4,-10.0,1,3,0,0,12,True
2025-2025040820gm-00a9-0000-57062ba3-01-s3-d4,199,B,3,3,"[47600,9900,29500,13000]",3,-4.0,1,3,0,0,12,True
2025-2025040820gm-00a9-0000-57062ba3-01-s3-d4,200,A,1,51,"[37300,16600,37000,9100]",4,-10.0,1,3,2,0,11,True
2025-2025040820gm-00a9-0000-57062ba3-01-s3-d4,200,B,3,3,"[25800,22200,33300,18700]",4,-10.0,1,3,0,0,9,True
2025-2025040820gm-00a9-0000-57062ba3-01-s3-d4,201,A,1,51,"[31400,36100,11300,21200]",3,-4.0,1,3,1,0,11,True
2025-2025040820gm-00a9-0000-57062ba3-01-s3-d4,201,B,3,3,"[37900,15100,22800,24200]",2,4.0,1,3,1,0,11,True
2025-2025040820gm-00a9-0000-57062ba3-01-s3-d4,202,A,1,51,"[33800,24300,45000,-3100]",4,-10.0,1,2,0,0,9,True
2025-2025040820gm-00a9-0000-57062ba3-01-s3-d4,202,B,3,3,"[3200,24500,28700,43600]",1,10.0,1,3,0,0,9,True
2025-2025040820gm-00a9-0000-57062ba3-01-s3-d4,203,A,1,51,"[54900,-1700,21900,24900]",2,4.0,0,3,0,0,5,True
2025-2025040820gm-00a9-0000-57062ba3-01-s3-d4,203,B,3,3,"[54900,-1700,21900,24900]",2,4.0,0,3,0,0,5,True
2025-2025040820gm-00a9-0000-57062ba3-01-s3-d4,204,A,1,51,"[33300,25600,32700,8400]",4,-10.0,1,3,0,0,10,True
2025-2025040820gm-00a9-0000-57062ba3-01-s3-d4,204,B,3,3,"[31500,39900,29100,-500]",4,-10.0,1,3,0,0,11,True
2025-2025040820gm-00a9-0000-57062ba3-01-s3-d4,205,A,1,51,"[34900,4800,40600,19700]",3,-4.0,1,3,1,0,10,True
2025-2025040820gm-00a9-0000-57062ba3-01-s3-d4,205,B,3,3,"[33900,-3400,38500,31000]",3,-4.0,0,3,0,0,6,True
2025-2025040820gm-00a9-0000-57062ba3-01-s3-d4,206,A,1,51,"[29100,18400,41200,11300]",4,-10.0,1,3,1,0,14,True
2025-2025040820gm-00a9-0000-57062ba3-01-s3-d4,206,B,3,3,"[24600,11100,15000,49300]",1,10.0,1,3,0,0,10,True
2025-2025040820gm-00a9-0000-57062ba3-01-s3-d4,207,A,1,51,"[29400,5300,38400,26900]",3,-4.0,1,3,1,0,9,True
2025-2025040820gm-00a9-0000-57062ba3-01-s3-d4,207,B,3,3,"[16700,18600,49900,14800]",4,-10.0,1,3,0,0,10,True
2025-2025040820gm-00a9-0000-57062ba3-01-s3-d4,208,A,1,51,"[49900,20600,9100,20400]",3,-4.0,1,3,0,0,10,True
2025-2025040820gm-00a9-0000-57062ba3-01-s3-d4,208,B,3,3,"[35100,38900,400,25600]",3,-4.0,1,3,0,0,11,True
2025-2025040820gm-00a9-0000-57062ba3-01-s3-d4,209,A,1,51,"[33100,5600,19400,41900]",1,10.0,1,3,0,0,10,True
2025-2025040820gm-00a9-0000-57062ba3-01-s3-d4,209,B,3,3,"[35900,-1400,46100,19400]",3,-4.0,1,2,0,0,7,True
2025-2025040820gm-00a9-0000-57062ba3-01-s3-d4,210,A,1,51,"[31800,39200,33200,-4200]",4,-10.0,1,1,0,0,7,True
2025-2025040820gm-00a9-0000-57062ba3-01-s3-d4,210,B,3,3,"[24700,41900,17700,15700]",4,-10.0,1,3,0,0,11,True
2025-2025040820gm-00a9-0000-57062ba3-01-s3-d4,211,A,1,51,"[25400,34700,23900,16000]",4,-10.0,1,3,0,0,11,True
2025-2025040820gm-00a9-0000-57062ba3-01-s3-d4,211,B,3,3,"[25400,34700,23900,16000]",4,-10.0,1,3,0,0,11,True
2025-2025040820gm-00a9-0000-57062ba3-01-s3-d4,212,A,1,51,"[36400,-5000,24700,43900]",1,10.0,1,0,0,0,6,True
2025-2025040820gm-00a9-0000-57062ba3-01-s3-d4,212,B,3,3,"[45200,22700,17200,14900]",4,-10.0,1,3,1,0,13,True
2025-2025040820gm-00a9-0000-57062ba3-01-s3-d4,213,A,1,51,"[22400,25700,15300,36600]",1,10.0,1,3,0,0,9,True
2025-2025040820gm-00a9-0000-57062ba3-01-s3-d4,213,B,3,3,"[22400,25700,15300,36600]",1,10.0,1,3,0,0,9,True
2025-2025040820gm-00a9-0000-57062ba3-01-s3-d4,214,A,1,51,"[10000,42500,34300,13200]",3,-4.0,1,3,0,0,12,True
2025-2025040820gm-00a9-0000-57062ba3-01-s3-d4,214,B,3,3,"[21000,24400,21800,32800]",1,10.0,1,3,0,0,11,True
2025-2025040820gm-00a9-0000-57062ba3-01-s3-d4,215,A,1,51,"[45400,9500,23100,22000]",3,-4.0,1,3,0,0,12,True
2025-2025040820gm-00a9-0000-57062ba3-01-s3-d4,215,B,3,3,"[41600,9500,23100,25800]",2,4.0,1,3,0,0,12,True
2025-2025040820gm-00a9-0000-57062ba3-01-s3-d4,216,A,1,51,"[16000,34300,13200,36500]",1,10.0,1,3,0,0,12,True
2025-2025040820gm-00a9-0000-57062ba3-01-s3-d4,216,B,3,3,"[10200,19800,23700,46300]",1,10.0,1,3,1,0,9,True
2025-2025040820gm-00a9-0000-57062ba3-01-s3-d4,217,A,1,51,"[50100,30800,20200,-1100]",4,-10.0,1,3,0,0,11,True
2025-2025040820gm-00a9-0000-57062ba3-01-s3-d4,217,B,3,3,"[48300,11200,25900,14600]",3,-4.0,1,3,1,0,10,True
2025-2025040820gm-00a9-0000-57062ba3-01-s3-d4,218,A,1,51,"[38300,23100,10400,28200]",2,4.0,1,3,0,0,11,True
2025-2025040820gm-00a9-0000-57062ba3-01-s3-d4,218,B,3,3,"[53500,-6100,26000,26600]",2,4.0,0,3,0,0,6,True
2025-2025040820gm-00a9-0000-57062ba3-01-s3-d4,219,A,1,51,"[25600,12400,6700,55300]",1,10.0,1,3,0,0,8,True
2025-2025040820gm-00a9-0000-57062ba3-01-s3-d4,219,B,3,3,"[49600,37600,300,12500]",3,-4.0,1,3,0,0,11,True
2025-2025040820gm-00a9-0000-57062ba3-01-s3-d4,220,A,1,51,"[30700,24400,25100,19800]",4,-10.0,1,3,0,0,9,True
2025-2025040820gm-00a9-0000-57062ba3-01-s3-d4,220,B,3,3,"[20500,25200,30300,23000]",3,-4.0,2,0,0,1,9,True
2025-2025040820gm-00a9-0000-57062ba3-01-s3-d4,221,A,1,51,"[30300,8400,24900,36400]",1,10.0,1,3,1,0,9,True
2025-2025040820gm-00a9-0000-57062ba3-01-s3-d4,221,B,3,3,"[35100,29000,19200,16700]",4,-10.0,1,3,1,0,12,True
2025-2025040820gm-00a9-0000-57062ba3-01-s3-d4,222,A,1,51,"[30700,20200,26500,22600]",3,-4.0,1,3,0,0,8,True
2025-2025040820gm-00a9-0000-57062ba3-01-s3-d4,222,B,3,3,"[30400,21300,14300,34000]",1,10.0,1,3,0,0,9,True
2025-2025040820gm-00a9-0000-57062ba3-01-s3-d4,223,A,1,51,"[25200,24900,18700,31200]",1,10.0,1,3,0,0,8,True
2025-2025040820gm-00a9-0000-57062ba3-01-s3-d4,223,B,3,3,"[48400,28400,11100,12100]",3,-4.0,1,3,0,0,11,True
2025-2025040820gm-00a9-0000-57062ba3-01-s3-d4,224,A,1,51,"[30500,22200,17400,29900]",2,4.0,1,3,1,0,10,True
2025-2025040820gm-00a9-0000-57062ba3-01-s3-d4,224,B,3,3,"[33200,21300,23500,22000]",3,-4.0,1,3,0,0,10,True
2025-2025040820gm-00a9-0000-57062ba3-01-s3-d4,225,A,1,51,"[28400,25300,39100,7200]",4,-10.0,1,3,1,0,12,True
2025-2025040820gm-00a9-0000-57062ba3-01-s3-d4,225,B,3,3,"[33700,22300,7800,36200]",1,10.0,1,3,0,0,8,True
2025-2025040820gm-00a9-0000-57062ba3-01-s3-d4,226,A,1,51,"[38100,20900,9300,31700]",2,4.0,1,3,0,0,9,True
2025-2025040820gm-00a9-0000-57062ba3-01-s3-d4,226,B,3,3,"[53500,14800,19600,12100]",4,-10.0,1,3,1,0,13,True
2025-2025040820gm-00a9-0000-57062ba3-01-s3-d4,227,A,1,51,"[6600,42300,40300,10800]",3,-4.0,1,3,4,0,12,True
2025-2025040820gm-00a9-0000-57062ba3-01-s3-d4,227,B,3,3,"[6000,47400,37600,9000]",3,-4.0,1,3,0,0,12,True
2025-2025040820gm-00a9-0000-57062ba3-01-s3-d4,228,A,1,51,"[31300,2700,46000,20000]",3,-4.0,1,3,0,0,10,True
2025-2025040820gm-00a9-0000-57062ba3-01-s3-d4,228,B,3,3,"[28000,8200,42200,21600]",3,-4.0,1,3,1,0,10,True
2025-2025040820gm-00a9-0000-57062ba3-01-s3-d4,229,A,1,51,"[18600,17600,23900,39900]",1,10.0,1,3,0,0,8,True
2025-2025040820gm-00a9-0000-57062ba3-01-s3-d4,229,B,3,3,"[18600,17600,23900,39900]",1,10.0,1,3,0,0,8,True
2025-2025040820gm-00a9-0000-57062ba3-01-s3-d4,230,A,1,51,"[35500,26400,32300,5800]",4,-10.0,1,3,0,0,12,True
2025-2025040820gm-00a9-0000-57062ba3-01-s3-d4,230,B,3,3,"[34000,31300,13400,21300]",3,-4.0,1,3,0,0,12,True
2025-2025040820gm-00a9-0000-57062ba3-01-s3-d4,231,A,1,51,"[23200,29000,11000,36800]",1,10.0,2,3,1,0,13,True
2025-2025040820gm-00a9-0000-57062ba3-01-s3-d4,231,B,3,3,"[23200,29000,11000,36800]",1,10.0,2,3,1,0,13,True
2025-2025040820gm-00a9-0000-57062ba3-01-s3-d4,232,A,1,51,"[30900,19500,26000,23600]",3,-4.0,1,3,0,0,10,True
2025-2025040820gm-00a9-0000-57062ba3-01-s3-d4,232,B,3,3,"[30900,19500,26000,23600]",3,-4.0,1,3,0,0,10,True
2025-2025040820gm-00a9-0000-57062ba3-01-s3-d4,233,A,1,51,"[23100,22200,33100,21600]",4,-10.0,1,3,0,0,11,True
2025-2025040820gm-00a9-0000-57062ba3-01-s3-d4,233,B,3,3,"[37700,21900,41700,-1300]",4,-10.0,1,2,0,0,9,True
2025-2025040820gm-00a9-0000-57062ba3-01-s3-d4,234,A,1,51,"[15300,36600,23700,24400]",2,4.0,1,3,1,0,12,True
2025-2025040820gm-00a9-0000-57062ba3-01-s3-d4,234,B,3,3,"[34100,19100,9400,37400]",1,10.0,1,3,0,0,11,True
2025-2025040820gm-00a9-0000-57062ba3-01-s3-d4,235,A,1,51,"[27200,9400,23000,40400]",1,10.0,1,3,0,0,9,True
2025-2025040820gm-00a9-0000-57062ba3-01-s3-d4,235,B,3,3,"[27100,3200,19600,50100]",1,10.0,1,3,0,0,10,True
2025-2025040820gm-00a9-0000-57062ba3-01-s3-d4,236,A,1,51,"[31700,22400,38800,7100]",4,-10.0,1,3,0,0,13,True
2025-2025040820gm-00a9-0000-57062ba3-01-s3-d4,236,B,3,3,"[40300,-9900,69100,500]",3,-4.0,1,1,0,0,11,True
2025-2025040820gm-00a9-0000-57062ba3-01-s3-d4,237,A,1,51,"[44000,11100,25400,19500]",3,-4.0,1,3,1,0,12,True
2025-2025040820gm-00a9-0000-57062ba3-01-s3-d4,237,B,3,3,"[44000,11100,25400,19500]",3,-4.0,1,3,1,0,12,True
2025-2025040820gm-00a9-0000-57062ba3-01-s3-d4,238,A,1,51,"[-600,29400,45000,26200]",3,-4.0,0,3,1,0,8,True
2025-2025040820gm-00a9-0000-57062ba3-01-s3-d4,238,B,3,3,"[53300,3700,33900,9100]",3,-4.0,1,3,0,0,12,True
2025-2025040820gm-00a9-0000-57062ba3-01-s3-d4,239,A,1,51,"[49500,-16300,37800,29000]",3,-4.0,1,0,0,0,5,True
2025-2025040820gm-00a9-0000-57062ba3-01-s3-d4,239,B,3,3,"[11300,38500,10500,39700]",1,10.0,1,3,0,0,12,True
2025-2025040820gm-00a9-0000-57062ba3-01-s3-d4,240,A,1,51,"[25900,12000,23100,39000]",1,10.0,1,3,0,0,8,True
2025-2025040820gm-00a9-0000-57062ba3-01-s3-d4,240,B,3,3,"[30400,26800,29400,13400]",4,-10.0,1,3,3,0,10,True
2025-2025040820gm-00a9-0000-57062ba3-01-s3-d4,241,A,1,51,"[39500,36100,10700,13700]",3,-4.0,1,3,0,0,10,True
2025-2025040820gm-00a9-0000-57062ba3-01-s3-d4,241,B,3,3,"[48200,-1000,13400,39400]",2,4.0,1,0,2,0,8,True
2025-2025040820gm-00a9-0000-57062ba3-01-s3-d4,242,A,1,51,"[40000,32500,10300,16200]",3,-4.0,1,3,0,1,12,True
2025-2025040820gm-00a9-0000-57062ba3-01-s3-d4,242,B,3,3,"[38300,21500,29400,10800]",4,-10.0,1,3,1,0,12,True
2025-2025040820gm-00a9-0000-57062ba3-01-s3-d4,243,A,1,51,"[25700,1600,52400,20300]",3,-4.0,1,3,0,0,13,True
2025-2025040820gm-00a9-0000-57062ba3-01-s3-d4,243,B,3,3,"[60600,24900,-2100,16600]",3,-4.0,1,0,0,0,5,True
2025-2025040820gm-00a9-0000-57062ba3-01-s3-d4,244,A,1,51,"[29200,9100,22300,39400]",1,10.0,1,3,0,0,8,True
2025-2025040820gm-00a9-0000-57062ba3-01-s3-d4,244,B,3,3,"[31300,11200,21700,35800]",1,10.0,1,3,0,0,10,True
2025-2025040820gm-00a9-0000-57062ba3-01-s3-d4,245,A,1,51,"[48300,19400,18800,13500]",4,-10.0,1,3,0,0,9,True
2025-2025040820gm-00a9-0000-57062ba3-01-s3-d4,245,B,3,3,"[27800,20700,19200,32300]",1,10.0,1,3,0,0,8,True
2025-2025040820gm-00a9-0000-57062ba3-01-s3-d4,246,A,1,51,"[31700,-4800,43600,29500]",3,-4.0,1,2,1,0,10,True
2025-2025040820gm-00a9-0000-57062ba3-01-s3-d4,246,B,3,3,"[31700,-4800,43600,29500]",3,-4.0,1,2,1,0,10,True
2025-2025040820gm-00a9-0000-57062ba3-01-s3-d4,247,A,1,51,"[49300,7100,38300,5300]",4,-10.0,1,3,2,0,12,True
2025-2025040820gm-00a9-0000-57062ba3-01-s3-d4,247,B,3,3,"[46700,-6300,30400,29200]",3,-4.0,1,2,0,0,9,True
2025-2025040820gm-00a9-0000-57062ba3-01-s3-d4,248,A,1,51,"[31300,7500,36500,24700]",3,-4.0,1,3,0,0,10,True
2025-2025040820gm-00a9-0000-57062ba3-01-s3-d4,248,B,3,3,"[41800,23200,-8600,43600]",1,10.0,1,3,0,0,10,True
2025-2025040820gm-00a9-0000-57062ba3-01-s3-d4,249,A,1,51,"[44100,26200,18100,11600]",4,-10.0,1,3,0,0,10,True
2025-2025040820gm-00a9-0000-57062ba3-01-s3-d4,249,B,3,3,"[9900,35800,34800,19500]",3,-4.0,1,3,1,0,10,True
2025-2025040820gm-00a9-0000-57062ba3-01-s3-d4,250,A,1,51,"[25700,17200,24700,32400]",1,10.0,1,3,0,0,9,True
2025-2025040820gm-00a9-0000-57062ba3-01-s3-d4,250,B,3,3,"[28100,38500,-1400,34800]",2,4.0,1,3,0,0,9,True
2025-2025040820gm-00a9-0000-57062ba3-01-s3-d4,251,A,1,51,"[38600,15200,6500,39700]",1,10.0,1,3,1,0,12,True
2025-2025040820gm-00a9-0000-57062ba3-01-s3-d4,251,B,3,3,"[21000,4200,41200,33600]",2,4.0,1,3,1,0,10,True
2025-2025040820gm-00a9-0000-57062ba3-01-s3-d4,252,A,1,51,"[36100,23700,23700,16500]",4,-10.0,1,3,0,0,9,True
2025-2025040820gm-00a9-0000-57062ba3-01-s3-d4,252,B,3,3,"[33500,10100,37200,19200]",3,-4.0,1,3,1,0,10,True
2025-2025040820gm-00a9-0000-57062ba3-01-s3-d4,253,A,1,51,"[36000,23700,20000,20300]",3,-4.0,1,3,0,0,10,True
2025-2025040820gm-00a9-0000-57062ba3-01-s3-d4,253,B,3,3,"[36000,23700,20000,20300]",3,-4.0,1,3,0,0,10,True
2025-2025040820gm-00a9-0000-57062ba3-01-s3-d4,254,A,1,51,"[45300,18300,16400,20000]",2,4.0,1,3,0,0,11,True
2025-2025040820gm-00a9-0000-57062ba3-01-s3-d4,254,B,3,3,"[23200,32100,27300,17400]",4,-10.0,1,3,1,0,10,True
2025-2025040820gm-00a9-0000-57062ba3-01-s3-d4,255,A,1,51,"[7400,29600,26200,36800]",1,10.0,1,3,0,0,10,True
2025-2025040820gm-00a9-0000-57062ba3-01-s3-d4,255,B,3,3,"[32800,300,22700,44200]",1,10.0,1,3,1,0,8,True
2025-2025040821gm-00a9-0000-b7ac449d-06-s3-d8,0,A,1,67,"[27200,16300,10600,45900]",1,10.0,1,3,0,0,5,True
2025-2025040821gm-00a9-0000-b7ac449d-06-s3-d8,0,B,2,63,"[32600,14400,32200,20800]",3,-4.0,1,3,0,0,5,True
2025-2025040821gm-00a9-0000-b7ac449d-06-s3-d8,1,A,1,67,"[21500,10900,18700,48900]",1,10.0,1,3,0,0,5,True
2025-2025040821gm-00a9-0000-b7ac449d-06-s3-d8,1,B,2,63,"[19800,5400,37300,37500]",1,10.0,1,3,0,0,4,True
2025-2025040821gm-00a9-0000-b7ac449d-06-s3-d8,2,A,1,67,"[21500,500,35000,43000]",1,10.0,1,3,1,0,5,True
2025-2025040821gm-00a9-0000-b7ac449d-06-s3-d8,2,B,2,63,"[21500,500,35000,43000]",1,10.0,1,3,1,0,5,True
2025-2025040821gm-00a9-0000-b7ac449d-06-s3-d8,3,A,1,67,"[25500,16400,33100,25000]",3,-4.0,1,3,0,0,6,True
2025-2025040821gm-00a9-0000-b7ac449d-06-s3-d8,3,B,2,63,"[25500,16400,33100,25000]",3,-4.0,1,3,0,0,6,True
2025-2025040821gm-00a9-0000-b7ac449d-06-s3-d8,4,A,1,67,"[38700,14100,21500,25700]",2,4.0,1,3,0,0,6,True
2025-2025040821gm-00a9-0000-b7ac449d-06-s3-d8,4,B,2,63,"[19100,40400,22800,17700]",4,-10.0,1,3,0,0,7,True
2025-2025040821gm-00a9-0000-b7ac449d-06-s3-d8,5,A,1,67,"[29600,36200,8700,25500]",3,-4.0,1,3,0,0,8,True
2025-2025040821gm-00a9-0000-b7ac449d-06-s3-d8,5,B,2,63,"[32900,14400,22200,30500]",2,4.0,1,3,0,0,5,True
2025-2025040821gm-00a9-0000-b7ac449d-06-s3-d8,6,A,1,67,"[34800,13400,24300,27500]",2,4.0,1,3,0,0,4,True
2025-2025040821gm-00a9-0000-b7ac449d-06-s3-d8,6,B,2,63,"[24100,6400,20300,49200]",1,10.0,1,3,0,0,5,True
2025-2025040821gm-00a9-0000-b7ac449d-06-s3-d8,7,A,1,67,"[25900,5400,13300,55400]",1,10.0,1,3,0,0,4,True
2025-2025040821gm-00a9-0000-b7ac449d-06-s3-d8,7,B,2,63,"[19900,25100,5400,49600]",1,10.0,1,3,0,0,5,True
2025-2025040821gm-00a9-0000-b7ac449d-06-s3-d8,8,A,1,67,"[24300,39000,7000,29700]",2,4.0,1,3,2,0,6,True
2025-2025040821gm-00a9-0000-b7ac449d-06-s3-d8,8,B,2,63,"[31700,21300,5700,41300]",1,10.0,1,3,0,0,5,True
2025-2025040821gm-00a9-0000-b7ac449d-06-s3-d8,9,A,1,67,"[21400,14900,20700,43000]",1,10.0,1,3,1,0,5,True
2025-2025040821gm-00a9-0000-b7ac449d-06-s3-d8,9,B,2,63,"[21400,14900,20700,43000]",1,10.0,1,3,1,0,5,True
2025-2025040821gm-00a9-0000-b7ac449d-06-s3-d8,10,A,1,67,"[31000,9900,24800,34300]",1,10.0,1,3,0,0,4,True
2025-2025040821gm-00a9-0000-b7ac449d-06-s3-d8,10,B,2,63,"[22800,13800,33000,30400]",2,4.0,1,3,0,0,4,True
2025-2025040821gm-00a9-0000-b7ac449d-06-s3-d8,11,A,1,67,"[10600,22800,8700,57900]",1,10.0,1,3,0,0,5,True
2025-2025040821gm-00a9-0000-b7ac449d-06-s3-d8,11,B,2,63,"[8000,21900,17300,52800]",1,10.0,1,3,0,0,5,True
2025-2025040821gm-00a9-0000-b7ac449d-06-s3-d8,12,A,1,67,"[18700,8100,23300,49900]",1,10.0,1,3,0,0,4,True
2025-2025040821gm-00a9-0000-b7ac449d-06-s3-d8,12,B,2,63,"[20900,6900,17600,54600]",1,10.0,1,3,0,0,5,True
2025-2025040821gm-00a9-0000-b7ac449d-06-s3-d8,13,A,1,67,"[50600,5200,21500,22700]",2,4.0,1,3,0,0,6,True
2025-2025040821gm-00a9-0000-b7ac449d-06-s3-d8,13,B,2,63,"[50600,5200,21500,22700]",2,4.0,1,3,0,0,6,True
2025-2025040821gm-00a9-0000-b7ac449d-06-s3-d8,14,A,1,67,"[21800,16800,27700,33700]",1,10.0,1,3,0,0,4,True
2025-2025040821gm-00a9-0000-b7ac449d-06-s3-d8,14,B,2,63,"[21800,18800,25700,33700]",1,10.0,1,3,0,0,4,True
2025-2025040821gm-00a9-0000-b7ac449d-06-s3-d8,15,A,1,67,"[31700,20100,9700,38500]",1,10.0,1,3,0,0,4,True
2025-2025040821gm-00a9-0000-b7ac449d-06-s3-d8,15,B,2,63,"[28200,26300,10100,34400]",1,10.0,1,3,0,1,4,True
2025-2025040821gm-00a9-0000-b7ac449d-06-s3-d8,16,A,1,67,"[31200,6100,29400,33300]",1,10.0,1,3,0,0,5,True
2025-2025040821gm-00a9-0000-b7ac449d-06-s3-d8,16,B,2,63,"[16200,23500,7900,52400]",1,10.0,1,3,0,0,5,True
2025-2025040821gm-00a9-0000-b7ac449d-06-s3-d8,17,A,1,67,"[17300,10300,29200,43200]",1,10.0,1,3,0,0,5,True
2025-2025040821gm-00a9-0000-b7ac449d-06-s3-d8,17,B,2,63,"[17300,10300,29200,43200]",1,10.0,1,3,0,0,5,True
2025-2025040821gm-00a9-0000-b7ac449d-06-s3-d8,18,A,1,67,"[7900,26800,21200,44100]",1,10.0,1,3,0,0,6,True
2025-2025040821gm-00a9-0000-b7ac449d-06-s3-d8,18,B,2,63,"[19600,29700,16200,34500]",1,10.0,1,3,0,0,5,True
2025-2025040821gm-00a9-0000-b7ac449d-06-s3-d8,19,A,1,67,"[32500,4800,22200,40500]",1,10.0,1,3,0,0,4,True
2025-2025040821gm-00a9-0000-b7ac449d-06-s3-d8,19,B,2,63,"[13000,13100,22200,51700]",1,10.0,1,3,0,0,5,True
2025-2025040821gm-00a9-0000-b7ac449d-06-s3-d8,20,A,1,67,"[24900,33900,14200,27000]",2,4.0,1,3,0,0,4,True
2025-2025040821gm-00a9-0000-b7ac449d-06-s3-d8,20,B,2,63,"[40900,-6600,24200,41500]",1,10.0,1,2,0,0,3,True
2025-2025040821gm-00a9-0000-b7ac449d-06-s3-d8,21,A,1,67,"[19300,6700,26800,47200]",1,10.0,1,3,0,0,4,True
2025-2025040821gm-00a9-0000-b7ac449d-06-s3-d8,21,B,2,63,"[32300,17400,13900,36400]",1,10.0,1,3,0,0,8,True
2025-2025040821gm-00a9-0000-b7ac449d-06-s3-d8,22,A,1,67,"[23900,-500,49100,27500]",2,4.0,1,2,0,0,3,True
2025-2025040821gm-00a9-0000-b7ac449d-06-s3-d8,22,B,2,63,"[-500,23400,39300,37800]",2,4.0,1,2,1,0,5,True
2025-2025040821gm-00a9-0000-b7ac449d-06-s3-d8,23,A,1,67,"[23900,17100,34400,24600]",2,4.0,1,3,1,0,10,True
2025-2025040821gm-00a9-0000-b7ac449d-06-s3-d8,23,B,2,63,"[19900,-3500,44100,39500]",2,4.0,1,2,0,0,3,True
2025-2025040821gm-00a9-0000-b7ac449d-06-s3-d8,24,A,1,67,"[28900,-6600,19200,58500]",1,10.0,1,2,0,0,3,True
2025-2025040821gm-00a9-0000-b7ac449d-06-s3-d8,24,B,2,63,"[35500,-400,23800,41100]",1,10.0,1,2,1,0,5,True
2025-2025040821gm-00a9-0000-b7ac449d-06-s3-d8,25,A,1,67,"[41400,6000,25300,27300]",2,4.0,1,3,0,0,7,True
2025-2025040821gm-00a9-0000-b7ac449d-06-s3-d8,25,B,2,63,"[41400,6000,25300,27300]",2,4.0,1,3,0,0,7,True
2025-2025040821gm-00a9-0000-b7ac449d-06-s3-d8,26,A,1,67,"[22600,12900,30500,34000]",1,10.0,1,3,3,0,4,True
2025-2025040821gm-00a9-0000-b7ac449d-06-s3-d8,26,B,2,63,"[30700,10500,20300,38500]",1,10.0,1,3,0,0,6,True
2025-2025040821gm-00a9-0000-b7ac449d-06-s3-d8,27,A,1,67,"[12200,15000,26700,46100]",1,10.0,1,3,0,0,5,True
2025-2025040821gm-00a9-0000-b7ac449d-06-s3-d8,27,B,2,63,"[24400,11900,22200,40500]",1,10.0,1,3,0,1,4,True
2025-2025040821gm-00a9-0000-b7ac449d-06-s3-d8,28,A,1,67,"[22900,33400,4200,39500]",1,10.0,1,3,0,0,4,True
2025-2025040821gm-00a9-0000-b7ac449d-06-s3-d8,28,B,2,63,"[25600,21800,18600,33000]",1,10.0,1,3,0,1,5,True
2025-2025040821gm-00a9-0000-b7ac449d-06-s3-d8,29,A,1,67,"[8900,22600,24900,43600]",1,10.0,1,3,0,0,4,True
2025-2025040821gm-00a9-0000-b7ac449d-06-s3-d8,29,B,2,63,"[22500,15800,22800,37900]",1,10.0,1,3,0,1,4,True
2025-2025040821gm-00a9-0000-b7ac449d-06-s3-d8,30,A,1,67,"[23400,11000,22600,43000]",1,10.0,1,3,0,0,4,True
2025-2025040821gm-00a9-0000-b7ac449d-06-s3-d8,30,B,2,63,"[27600,17500,30200,24700]",3,-4.0,1,3,0,0,6,True
2025-2025040821gm-00a9-0000-b7ac449d-06-s3-d8,31,A,1,67,"[25600,11300,22400,39700]",1,10.0,1,3,0,1,4,True
2025-2025040821gm-00a9-0000-b7ac449d-06-s3-d8,31,B,2,63,"[21400,11400,29700,36500]",1,10.0,1,3,2,1,4,True
2025-2025040821gm-00a9-0000-b7ac449d-06-s3-d8,32,A,1,67,"[17100,16000,29200,36700]",1,10.0,1,3,1,1,5,True
2025-2025040821gm-00a9-0000-b7ac449d-06-s3-d8,32,B,2,63,"[17100,16000,29200,36700]",1,10.0,1,3,1,1,5,True
2025-2025040821gm-00a9-0000-b7ac449d-06-s3-d8,33,A,1,67,"[41900,-2900,27200,33800]",2,4.0,1,1,0,0,4,True
2025-2025040821gm-00a9-0000-b7ac449d-06-s3-d8,33,B,2,63,"[35100,8600,29600,26700]",3,-4.0,1,3,0,0,6,True
2025-2025040821gm-00a9-0000-b7ac449d-06-s3-d8,34,A,1,67,"[29600,7100,4200,59100]",1,10.0,1,3,0,0,7,True
2025-2025040821gm-00a9-0000-b7ac449d-06-s3-d8,34,B,2,63,"[29600,7100,4200,59100]",1,10.0,1,3,0,0,7,True
2025-2025040821gm-00a9-0000-b7ac449d-06-s3-d8,35,A,1,67,"[-3100,29000,16600,57500]",1,10.0,1,3,0,0,5,True
2025-2025040821gm-00a9-0000-b7ac449d-06-s3-d8,35,B,2,63,"[-3100,29000,16600,57500]",1,10.0,1,3,0,0,5,True
2025-2025040821gm-00a9-0000-b7ac449d-06-s3-d8,36,A,1,67,"[25900,14400,23200,36500]",1,10.0,1,3,0,0,4,True
2025-2025040821gm-00a9-0000-b7ac449d-06-s3-d8,36,B,2,63,"[10500,12400,25600,51500]",1,10.0,1,3,0,0,4,True
2025-2025040821gm-00a9-0000-b7ac449d-06-s3-d8,37,A,1,67,"[18200,25400,14900,41500]",1,10.0,1,3,0,0,4,True
2025-2025040821gm-00a9-0000-b7ac449d-06-s3-d8,37,B,2,63,"[18200,25400,14900,41500]",1,10.0,1,3,0,0,4,True
2025-2025040821gm-00a9-0000-b7ac449d-06-s3-d8,38,A,1,67,"[32800,8500,23900,34800]",1,10.0,1,3,0,0,5,True
2025-2025040821gm-00a9-0000-b7ac449d-06-s3-d8,38,B,2,63,"[32800,8500,23900,34800]",1,10.0,1,3,0,0,5,True
2025-2025040821gm-00a9-0000-b7ac449d-06-s3-d8,39,A,1,67,"[33900,-600,23200,43500]",1,10.0,1,1,0,0,2,True
2025-2025040821gm-00a9-0000-b7ac449d-06-s3-d8,39,B,2,63,"[33900,-600,23200,43500]",1,10.0,1,1,0,0,2,True
2025-2025040821gm-00a9-0000-b7ac449d-06-s3-d8,40,A,1,67,"[15200,2600,42100,40100]",2,4.0,1,3,2,0,5,True
2025-2025040821gm-00a9-0000-b7ac449d-06-s3-d8,40,B,2,63,"[33600,22400,23100,20900]",4,-10.0,1,3,0,0,6,True
2025-2025040821gm-00a9-0000-b7ac449d-06-s3-d8,41,A,1,67,"[22800,21600,30700,24900]",2,4.0,1,3,0,0,6,True
2025-2025040821gm-00a9-0000-b7ac449d-06-s3-d8,41,B,2,63,"[7500,37700,28900,25900]",3,-4.0,1,3,0,0,9,True
2025-2025040821gm-00a9-0000-b7ac449d-06-s3-d8,42,A,1,67,"[33900,15100,16200,33800]",2,4.0,1,3,0,1,4,True
2025-2025040821gm-00a9-0000-b7ac449d-06-s3-d8,42,B,2,63,"[21400,10900,24000,43700]",1,10.0,1,3,1,0,4,True
2025-2025040821gm-00a9-0000-b7ac449d-06-s3-d8,43,A,1,67,"[34900,29500,-2100,37700]",1,10.0,1,3,0,0,5,True
2025-2025040821gm-00a9-0000-b7ac449d-06-s3-d8,43,B,2,63,"[35900,31200,-12100,45000]",1,10.0,1,2,0,0,5,True
2025-2025040821gm-00a9-0000-b7ac449d-06-s3-d8,44,A,1,67,"[22200,29300,15400,33100]",1,10.0,1,3,0,0,5,True
2025-2025040821gm-00a9-0000-b7ac449d-06-s3-d8,44,B,2,63,"[4300,29100,39300,27300]",3,-4.0,1,3,0,0,6,True
2025-2025040821gm-00a9-0000-b7ac449d-06-s3-d8,45,A,1,67,"[25900,19400,24400,30300]",1,10.0,2,0,1,0,6,True
2025-2025040821gm-00a9-0000-b7ac449d-06-s3-d8,45,B,2,63,"[25900,19400,24400,30300]",1,10.0,2,0,1,0,6,True
2025-2025040821gm-00a9-0000-b7ac449d-06-s3-d8,46,A,1,67,"[39500,-8500,35500,33500]",3,-4.0,1,2,0,0,4,True
2025-2025040821gm-00a9-0000-b7ac449d-06-s3-d8,46,B,2,63,"[39500,-8500,35500,33500]",3,-4.0,1,2,0,0,4,True
2025-2025040821gm-00a9-0000-b7ac449d-06-s3-d8,47,A,1,67,"[25600,-300,36200,38500]",1,10.0,1,2,0,0,3,True
2025-2025040821gm-00a9-0000-b7ac449d-06-s3-d8,47,B,2,63,"[24300,24800,7900,43000]",1,10.0,1,3,0,0,4,True
2025-2025040821gm-00a9-0000-b7ac449d-06-s3-d8,48,A,1,67,"[33900,-3500,25200,44400]",1,10.0,1,3,0,0,4,True
2025-2025040821gm-00a9-0000-b7ac449d-06-s3-d8,48,B,2,63,"[33900,-3500,25200,44400]",1,10.0,1,3,0,0,4,True
2025-2025040821gm-00a9-0000-b7ac449d-06-s3-d8,49,A,1,67,"[16400,9700,39300,34600]",2,4.0,1,3,0,0,7,True
2025-2025040821gm-00a9-0000-b7ac449d-06-s3-d8,49,B,2,63,"[29600,10900,30800,28700]",3,-4.0,1,3,0,0,6,True
2025-2025040821gm-00a9-0000-b7ac449d-06-s3-d8,50,A,1,67,"[15600,12100,21600,50700]",1,10.0,1,3,0,0,4,True
2025-2025040821gm-00a9-0000-b7ac449d-06-s3-d8,50,B,2,63,"[15600,12100,21600,50700]",1,10.0,1,3,0,0,4,True
2025-2025040821gm-00a9-0000-b7ac449d-06-s3-d8,51,A,1,67,"[18600,8700,16000,56700]",1,10.0,1,3,0,0,4,True
2025-2025040821gm-00a9-0000-b7ac449d-06-s3-d8,51,B,2,63,"[10900,31900,28300,28900]",2,4.0,1,3,0,0,5,True
2025-2025040821gm-00a9-0000-b7ac449d-06-s3-d8,52,A,1,67,"[18300,17100,7300,57300]",1,10.0,1,3,1,0,5,True
2025-2025040821gm-00a9-0000-b7ac449d-06-s3-d8,52,B,2,63,"[18400,19100,13200,49300]",1,10.0,1,3,1,0,5,True
2025-2025040821gm-00a9-0000-b7ac449d-06-s3-d8,53,A,1,67,"[60600,11700,12500,15200]",2,4.0,1,3,0,0,8,True
2025-2025040821gm-00a9-0000-b7ac449d-06-s3-d8,53,B,2,63,"[22400,7400,27700,42500]",1,10.0,1,3,0,0,6,True
2025-2025040821gm-00a9-0000-b7ac449d-06-s3-d8,54,A,1,67,"[23400,20800,19500,36300]",1,10.0,1,3,0,0,6,True
2025-2025040821gm-00a9-0000-b7ac449d-06-s3-d8,54,B,2,63,"[23400,20800,19500,36300]",1,10.0,1,3,0,0,6,True
2025-2025040821gm-00a9-0000-b7ac449d-06-s3-d8,55,A,1,67,"[13400,12900,20700,51000]",1,10.0,1,3,1,2,4,True
2025-2025040821gm-00a9-0000-b7ac449d-06-s3-d8,55,B,2,63,"[6500,6700,40600,46200]",1,10.0,1,3,0,0,5,True
2025-2025040821gm-00a9-0000-b7ac449d-06-s3-d8,56,A,1,67,"[41100,7900,15700,35300]",2,4.0,1,3,0,0,5,True
2025-2025040821gm-00a9-0000-b7ac449d-06-s3-d8,56,B,2,63,"[24400,30100,21600,23900]",3,-4.0,1,3,0,0,4,True
2025-2025040821gm-00a9-0000-b7ac449d-06-s3-d8,57,A,1,67,"[19100,1200,27200,52500]",1,10.0,1,3,0,0,5,True
2025-2025040821gm-00a9-0000-b7ac449d-06-s3-d8,57,B,2,63,"[21400,10900,24700,43000]",1,10.0,1,3,0,0,4,True
2025-2025040821gm-00a9-0000-b7ac449d-06-s3-d8,58,A,1,67,"[30800,12500,20700,36000]",1,10.0,1,3,0,0,4,True
2025-2025040821gm-00a9-0000-b7ac449d-06-s3-d8,58,B,2,63,"[31200,24200,21900,22700]",3,-4.0,2,3,0,0,8,True
2025-2025040821gm-00a9-0000-b7ac449d-06-s3-d8,59,A,1,67,"[23900,20400,17900,37800]",1,10.0,1,3,0,0,5,True
2025-2025040821gm-00a9-0000-b7ac449d-06-s3-d8,59,B,2,63,"[22300,23400,19100,35200]",1,10.0,1,3,0,0,5,True
2025-2025040821gm-00a9-0000-b7ac449d-06-s3-d8,60,A,1,67,"[19800,33900,14700,31600]",2,4.0,1,3,0,0,4,True
2025-2025040821gm-00a9-0000-b7ac449d-06-s3-d8,60,B,2,63,"[31400,18400,23500,26700]",2,4.0,1,3,0,0,5,True
2025-2025040821gm-00a9-0000-b7ac449d-06-s3-d8,61,A,1,67,"[21900,31600,15600,30900]",2,4.0,1,3,0,0,4,True
2025-2025040821gm-00a9-0000-b7ac449d-06-s3-d8,61,B,2,63,"[35700,25200,15400,23700]",3,-4.0,1,3,1,0,5,True
2025-2025040821gm-00a9-0000-b7ac449d-06-s3-d8,62,A,1,67,"[35000,2700,42100,20200]",3,-4.0,1,3,1,0,7,True
2025-2025040821gm-00a9-0000-b7ac449d-06-s3-d8,62,B,2,63,"[35000,2700,42100,20200]",3,-4.0,1,3,1,0,7,True
2025-2025040821gm-00a9-0000-b7ac449d-06-s3-d8,63,A,1,67,"[18900,15300,9000,56800]",1,10.0,1,3,0,0,4,True
2025-2025040821gm-00a9-0000-b7ac449d-06-s3-d8,63,B,2,63,"[18900,15300,9000,56800]",1,10.0,1,3,0,0,4,True
2025-2025040821gm-00a9-0000-b7ac449d-06-s3-d8,64,A,1,67,"[34300,11800,18600,35300]",1,10.0,1,3,0,0,4,True
2025-2025040821gm-00a9-0000-b7ac449d-06-s3-d8,64,B,2,63,"[22900,19000,33800,24300]",2,4.0,1,3,0,0,6,True
2025-2025040821gm-00a9-0000-b7ac449d-06-s3-d8,65,A,1,67,"[23600,13400,18200,44800]",1,10.0,1,3,0,0,4,True
2025-2025040821gm-00a9-0000-b7ac449d-06-s3-d8,65,B,2,63,"[23600,13400,18200,44800]",1,10.0,1,3,0,0,4,True
2025-2025040821gm-00a9-0000-b7ac449d-06-s3-d8,66,A,1,67,"[43300,10400,18300,28000]",2,4.0,1,3,0,0,6,True
2025-2025040821gm-00a9-0000-b7ac449d-06-s3-d8,66,B,2,63,"[43300,10400,18300,28000]",2,4.0,1,3,0,0,6,True
2025-2025040821gm-00a9-0000-b7ac449d-06-s3-d8,67,A,1,67,"[24000,-4900,31000,49900]",1,10.0,1,3,0,0,4,True
2025-2025040821gm-00a9-0000-b7ac449d-06-s3-d8,67,B,2,63,"[24000,-4900,31000,49900]",1,10.0,1,3,0,0,4,True
2025-2025040821gm-00a9-0000-b7ac449d-06-s3-d8,68,A,1,67,"[34200,1700,31900,32200]",2,4.0,1,3,0,0,6,True
2025-2025040821gm-00a9-0000-b7ac449d-06-s3-d8,68,B,2,63,"[34200,1700,31900,32200]",2,4.0,1,3,0,0,6,True
2025-2025040821gm-00a9-0000-b7ac449d-06-s3-d8,69,A,1,67,"[27400,13300,25700,32600]",1,10.0,1,3,0,1,5,True
2025-2025040821gm-00a9-0000-b7ac449d-06-s3-d8,69,B,2,63,"[27400,13300,25700,32600]",1,10.0,1,3,0,1,5,True
2025-2025040821gm-00a9-0000-b7ac449d-06-s3-d8,70,A,1,67,"[18400,27400,30000,24200]",3,-4.0,1,3,0,0,7,True
2025-2025040821gm-00a9-0000-b7ac449d-06-s3-d8,70,B,2,63,"[18400,27400,30000,24200]",3,-4.0,1,3,0,0,7,True
2025-2025040821gm-00a9-0000-b7ac449d-06-s3-d8,71,A,1,67,"[40800,1800,30000,27400]",3,-4.0,1,3,0,0,8,True
2025-2025040821gm-00a9-0000-b7ac449d-06-s3-d8,71,B,2,63,"[27900,10500,34800,26800]",3,-4.0,2,0,0,0,7,True
2025-2025040821gm-00a9-0000-b7ac449d-06-s3-d8,72,A,1,67,"[20200,11300,32500,36000]",1,10.0,1,3,0,0,5,True
2025-2025040821gm-00a9-0000-b7ac449d-06-s3-d8,72,B,2,63,"[21100,2000,30900,46000]",1,10.0,1,3,3,0,5,True
2025-2025040821gm-00a9-0000-b7ac449d-06-s3-d8,73,A,1,67,"[27500,8400,16400,47700]",1,10.0,1,3,0,0,4,True
2025-2025040821gm-00a9-0000-b7ac449d-06-s3-d8,73,B,2,63,"[27500,8400,16400,47700]",1,10.0,1,3,0,0,4,True
2025-2025040821gm-00a9-0000-b7ac449d-06-s3-d8,74,A,1,67,"[30900,3800,29800,35500]",1,10.0,1,3,0,0,4,True
2025-2025040821gm-00a9-0000-b7ac449d-06-s3-d8,74,B,2,63,"[32400,5900,23400,37300]",1,10.0,1,3,0,1,4,True
2025-2025040821gm-00a9-0000-b7ac449d-06-s3-d8,75,A,1,67,"[20700,31800,18600,28900]",2,4.0,2,0,0,0,5,True
2025-2025040821gm-00a9-0000-b7ac449d-06-s3-d8,75,B,2,63,"[16100,24700,26300,30900]",1,10.0,2,3,0,2,8,True
2025-2025040821gm-00a9-0000-b7ac449d-06-s3-d8,76,A,1,67,"[32000,11700,23500,32800]",1,10.0,1,3,0,0,4,True
2025-2025040821gm-00a9-0000-b7ac449d-06-s3-d8,76,B,2,63,"[30000,12700,21500,35800]",1,10.0,1,3,0,0,4,True
2025-2025040821gm-00a9-0000-b7ac449d-06-s3-d8,77,A,1,67,"[23400,11800,22800,42000]",1,10.0,1,3,0,0,4,True
2025-2025040821gm-00a9-0000-b7ac449d-06-s3-d8,77,B,2,63,"[23400,11800,22800,42000]",1,10.0,1,3,0,0,4,True
2025-2025040821gm-00a9-0000-b7ac449d-06-s3-d8,78,A,1,67,"[17000,32200,29300,21500]",3,-4.0,1,3,0,0,4,True
2025-2025040821gm-00a9-0000-b7ac449d-06-s3-d8,78,B,2,63,"[17000,32200,29300,21500]",3,-4.0,1,3,0,0,4,True
2025-2025040821gm-00a9-0000-b7ac449d-06-s3-d8,79,A,1,67,"[31600,26000,17500,24900]",3,-4.0,1,3,0,0,6,True
2025-2025040821gm-00a9-0000-b7ac449d-06-s3-d8,79,B,2,63,"[14900,11800,26200,47100]",1,10.0,1,3,0,0,4,True
2025-2025040821gm-00a9-0000-b7ac449d-06-s3-d8,80,A,1,67,"[22900,4200,32000,40900]",1,10.0,1,3,0,0,4,True
2025-2025040821gm-00a9-0000-b7ac449d-06-s3-d8,80,B,2,63,"[15700,27700,10300,45300]",1,10.0,1,3,0,1,5,True
2025-2025040821gm-00a9-0000-b7ac449d-06-s3-d8,81,A,1,67,"[10400,33900,12500,43200]",1,10.0,1,3,0,0,8,True
2025-2025040821gm-00a9-0000-b7ac449d-06-s3-d8,81,B,2,63,"[10400,33900,12500,43200]",1,10.0,1,3,0,0,8,True
2025-2025040821gm-00a9-0000-b7ac449d-06-s3-d8,82,A,1,67,"[34800,15700,23100,26400]",2,4.0,1,3,0,0,5,True
2025-2025040821gm-00a9-0000-b7ac449d-06-s3-d8,82,B,2,63,"[38300,12000,21200,28500]",2,4.0,1,3,0,0,5,True
2025-2025040821gm-00a9-0000-b7ac449d-06-s3-d8,83,A,1,67,"[13400,9800,32500,44300]",1,10.0,1,3,1,0,4,True
2025-2025040821gm-00a9-0000-b7ac449d-06-s3-d8,83,B,2,63,"[13400,9800,32500,44300]",1,10.0,1,3,1,0,4,True
2025-2025040821gm-00a9-0000-b7ac449d-06-s3-d8,84,A,1,67,"[26400,6600,27900,39100]",1,10.0,1,3,2,0,6,True
2025-2025040821gm-00a9-0000-b7ac449d-06-s3-d8,84,B,2,63,"[26400,6600,27900,39100]",1,10.0,1,3,2,0,6,True
2025-2025040821gm-00a9-0000-b7ac449d-06-s3-d8,85,A,1,67,"[32800,13900,27400,25900]",3,-4.0,2,1,2,0,8,True
2025-2025040821gm-00a9-0000-b7ac449d-06-s3-d8,85,B,2,63,"[20000,16300,35100,28600]",2,4.0,2,0,1,0,7,True
2025-2025040821gm-00a9-0000-b7ac449d-06-s3-d8,86,A,1,67,"[25500,16900,26200,31400]",1,10.0,1,3,0,0,4,True
2025-2025040821gm-00a9-0000-b7ac449d-06-s3-d8,86,B,2,63,"[21000,9100,19800,50100]",1,10.0,1,3,0,0,4,True
2025-2025040821gm-00a9-0000-b7ac449d-06-s3-d8,87,A,1,67,"[25100,14500,16800,43600]",1,10.0,1,3,0,0,5,True
2025-2025040821gm-00a9-0000-b7ac449d-06-s3-d8,87,B,2,63,"[25100,14500,16800,43600]",1,10.0,1,3,0,0,5,True
2025-2025040821gm-00a9-0000-b7ac449d-06-s3-d8,88,A,1,67,"[18000,9900,42000,30100]",2,4.0,1,3,0,0,5,True
2025-2025040821gm-00a9-0000-b7ac449d-06-s3-d8,88,B,2,63,"[18000,9900,42000,30100]",2,4.0,1,3,0,0,5,True
2025-2025040821gm-00a9-0000-b7ac449d-06-s3-d8,89,A,1,67,"[20800,21300,34400,23500]",2,4.0,2,2,0,0,8,True
2025-2025040821gm-00a9-0000-b7ac449d-06-s3-d8,89,B,2,63,"[20800,21300,34400,23500]",2,4.0,2,2,0,0,8,True
2025-2025040821gm-00a9-0000-b7ac449d-06-s3-d8,90,A,1,67,"[24300,2900,35700,37100]",1,10.0,1,3,0,0,4,True
2025-2025040821gm-00a9-0000-b7ac449d-06-s3-d8,90,B,2,63,"[24300,2900,35700,37100]",1,10.0,1,3,0,0,4,True
2025-2025040821gm-00a9-0000-b7ac449d-06-s3-d8,91,A,1,67,"[22900,17600,24700,34800]",1,10.0,1,3,0,0,4,True
2025-2025040821gm-00a9-0000-b7ac449d-06-s3-d8,91,B,2,63,"[21700,5600,25200,47500]",1,10.0,1,3,0,0,5,True
2025-2025040821gm-00a9-0000-b7ac449d-06-s3-d8,92,A,1,67,"[16800,9300,28100,45800]",1,10.0,1,3,0,0,5,True
2025-2025040821gm-00a9-0000-b7ac449d-06-s3-d8,92,B,2,63,"[9900,26000,24600,39500]",1,10.0,1,3,0,0,5,True
2025-2025040821gm-00a9-0000-b7ac449d-06-s3-d8,93,A,1,67,"[28200,2200,36300,33300]",2,4.0,1,3,0,0,6,True
2025-2025040821gm-00a9-0000-b7ac449d-06-s3-d8,93,B,2,63,"[15600,14500,24700,45200]",1,10.0,1,3,0,0,6,True
2025-2025040821gm-00a9-0000-b7ac449d-06-s3-d8,94,A,1,67,"[38700,-700,20600,41400]",1,10.0,1,1,0,0,4,True
2025-2025040821gm-00a9-0000-b7ac449d-06-s3-d8,94,B,2,63,"[34500,-300,32300,33500]",2,4.0,1,2,0,0,6,True
2025-2025040821gm-00a9-0000-b7ac449d-06-s3-d8,95,A,1,67,"[21800,14500,38700,25000]",2,4.0,1,3,5,0,9,True
2025-2025040821gm-00a9-0000-b7ac449d-06-s3-d8,95,B,2,63,"[21800,14500,38700,25000]",2,4.0,1,3,5,0,9,True
2025-2025040821gm-00a9-0000-b7ac449d-06-s3-d8,96,A,1,67,"[3200,6500,29100,61200]",1,10.0,1,3,0,0,4,True
2025-2025040821gm-00a9-0000-b7ac449d-06-s3-d8,96,B,2,63,"[14400,7100,26700,51800]",1,10.0,1,3,0,0,4,True
2025-2025040821gm-00a9-0000-b7ac449d-06-s3-d8,97,A,1,67,"[32900,22800,19600,24700]",2,4.0,2,3,1,0,9,True
2025-2025040821gm-00a9-0000-b7ac449d-06-s3-d8,97,B,2,63,"[38200,1900,35400,24500]",3,-4.0,1,3,0,0,5,True
2025-2025040821gm-00a9-0000-b7ac449d-06-s3-d8,98,A,1,67,"[22900,26400,13200,37500]",1,10.0,1,3,0,0,4,True
2025-2025040821gm-00a9-0000-b7ac449d-06-s3-d8,98,B,2,63,"[23700,4700,30300,41300]",1,10.0,1,3,0,0,6,True
2025-2025040821gm-00a9-0000-b7ac449d-06-s3-d8,99,A,1,67,"[20600,20000,37900,21500]",2,4.0,1,3,0,0,8,True
2025-2025040821gm-00a9-0000-b7ac449d-06-s3-d8,99,B,2,63,"[20600,20000,37900,21500]",2,4.0,1,3,0,0,8,True
2025-2025040821gm-00a9-0000-b7ac449d-06-s3-d8,100,A,1,67,"[32600,10000,34100,22300]",3,-4.0,1,3,0,1,9,True
2025-2025040821gm-00a9-0000-b7ac449d-06-s3-d8,100,B,2,63,"[32600,10000,34100,22300]",3,-4.0,1,3,0,1,9,True
2025-2025040821gm-00a9-0000-b7ac449d-06-s3-d8,101,A,1,67,"[28200,9200,18700,43900]",1,10.0,1,3,0,0,4,True
2025-2025040821gm-00a9-0000-b7ac449d-06-s3-d8,101,B,2,63,"[28200,9200,18700,43900]",1,10.0,1,3,0,0,4,True
2025-2025040821gm-00a9-0000-b7ac449d-06-s3-d8,102,A,1,67,"[35100,21400,17800,25700]",2,4.0,1,3,1,0,11,True
2025-2025040821gm-00a9-0000-b7ac449d-06-s3-d8,102,B,2,63,"[35100,21400,17800,25700]",2,4.0,1,3,1,0,11,True
2025-2025040821gm-00a9-0000-b7ac449d-06-s3-d8,103,A,1,67,"[23200,10900,18300,47600]",1,10.0,1,3,0,0,5,True
2025-2025040821gm-00a9-0000-b7ac449d-06-s3-d8,103,B,2,63,"[23200,10900,18300,47600]",1,10.0,1,3,0,0,5,True
2025-2025040821gm-00a9-0000-b7ac449d-06-s3-d8,104,A,1,67,"[30600,8200,19500,41700]",1,10.0,1,3,0,0,4,True
2025-2025040821gm-00a9-0000-b7ac449d-06-s3-d8,104,B,2,63,"[27400,11400,16700,44500]",1,10.0,1,3,0,0,4,True
2025-2025040821gm-00a9-0000-b7ac449d-06-s3-d8,105,A,1,67,"[16400,30200,24700,28700]",2,4.0,2,2,0,0,10,True
2025-2025040821gm-00a9-0000-b7ac449d-06-s3-d8,105,B,2,63,"[23900,23400,19700,33000]",1,10.0,1,3,0,0,5,True
2025-2025040821gm-00a9-0000-b7ac449d-06-s3-d8,106,A,1,67,"[42200,19200,34600,4000]",4,-10.0,1,3,0,0,6,True
2025-2025040821gm-00a9-0000-b7ac449d-06-s3-d8,106,B,2,63,"[42200,19200,34600,4000]",4,-10.0,1,3,0,0,6,True
2025-2025040821gm-00a9-0000-b7ac449d-06-s3-d8,107,A,1,67,"[14000,16500,25300,44200]",1,10.0,1,3,0,0,4,True
2025-2025040821gm-00a9-0000-b7ac449d-06-s3-d8,107,B,2,63,"[14000,16500,25300,44200]",1,10.0,1,3,0,0,4,True
2025-2025040821gm-00a9-0000-b7ac449d-06-s3-d8,108,A,1,67,"[15500,6200,34000,44300]",1,10.0,1,3,0,0,6,True
2025-2025040821gm-00a9-0000-b7ac449d-06-s3-d8,108,B,2,63,"[15500,6200,34000,44300]",1,10.0,1,3,0,0,6,True
2025-2025040821gm-00a9-0000-b7ac449d-06-s3-d8,109,A,1,67,"[30200,12100,20700,36000]",1,10.0,1,3,0,1,7,True
2025-2025040821gm-00a9-0000-b7ac449d-06-s3-d8,109,B,2,63,"[30200,12100,20700,36000]",1,10.0,1,3,0,1,7,True
2025-2025040821gm-00a9-0000-b7ac449d-06-s3-d8,110,A,1,67,"[5100,25600,37200,32100]",2,4.0,1,3,0,0,6,True
2025-2025040821gm-00a9-0000-b7ac449d-06-s3-d8,110,B,2,63,"[29900,6000,23900,40200]",1,10.0,1,3,1,0,4,True
2025-2025040821gm-00a9-0000-b7ac449d-06-s3-d8,111,A,1,67,"[25900,14400,37500,22200]",3,-4.0,1,3,1,0,4,True
2025-2025040821gm-00a9-0000-b7ac449d-06-s3-d8,111,B,2,63,"[34600,-300,25200,40500]",1,10.0,1,2,0,0,3,True
2025-2025040821gm-00a9-0000-b7ac449d-06-s3-d8,112,A,1,67,"[20200,10200,37100,32500]",2,4.0,1,3,0,0,4,True
2025-2025040821gm-00a9-0000-b7ac449d-06-s3-d8,112,B,2,63,"[11100,22200,29200,37500]",1,10.0,1,3,0,0,4,True
2025-2025040821gm-00a9-0000-b7ac449d-06-s3-d8,113,A,1,67,"[30800,34100,12700,22400]",3,-4.0,1,3,0,0,6,True
2025-2025040821gm-00a9-0000-b7ac449d-06-s3-d8,113,B,2,63,"[16000,9300,36200,38500]",1,10.0,1,3,3,0,6,True
2025-2025040821gm-00a9-0000-b7ac449d-06-s3-d8,114,A,1,67,"[23900,7200,37200,31700]",2,4.0,1,3,0,0,5,True
2025-2025040821gm-00a9-0000-b7ac449d-06-s3-d8,114,B,2,63,"[7600,26900,46100,19400]",3,-4.0,1,3,0,0,5,True
2025-2025040821gm-00a9-0000-b7ac449d-06-s3-d8,115,A,1,67,"[31700,24500,-1000,44800]",1,10.0,1,3,0,0,5,True
2025-2025040821gm-00a9-0000-b7ac449d-06-s3-d8,115,B,2,63,"[38400,-1900,29500,34000]",2,4.0,1,1,2,0,3,True
2025-2025040821gm-00a9-0000-b7ac449d-06-s3-d8,116,A,1,67,"[39700,2000,26200,32100]",2,4.0,1,3,1,0,7,True
2025-2025040821gm-00a9-0000-b7ac449d-06-s3-d8,116,B,2,63,"[30200,-2400,31800,40400]",1,10.0,1,2,1,0,4,True
2025-2025040821gm-00a9-0000-b7ac449d-06-s3-d8,117,A,1,67,"[61500,-11600,22400,27700]",2,4.0,1,2,1,0,6,True
2025-2025040821gm-00a9-0000-b7ac449d-06-s3-d8,117,B,2,63,"[61500,-11600,22400,27700]",2,4.0,1,2,1,0,6,True
2025-2025040821gm-00a9-0000-b7ac449d-06-s3-d8,118,A,1,67,"[31100,9900,23100,35900]",1,10.0,1,3,0,0,5,True
2025-2025040821gm-00a9-0000-b7ac449d-06-s3-d8,118,B,2,63,"[31100,9900,23100,35900]",1,10.0,1,3,0,0,5,True
2025-2025040821gm-00a9-0000-b7ac449d-06-s3-d8,119,A,1,67,"[16200,30900,14200,38700]",1,10.0,1,3,0,0,4,True
2025-2025040821gm-00a9-0000-b7ac449d-06-s3-d8,119,B,2,63,"[16200,30900,14200,38700]",1,10.0,1,3,0,0,4,True
2025-2025040821gm-00a9-0000-b7ac449d-06-s3-d8,120,A,1,67,"[47000,5300,12200,35500]",2,4.0,1,3,0,0,5,True
2025-2025040821gm-00a9-0000-b7ac449d-06-s3-d8,120,B,2,63,"[39300,8900,29100,22700]",3,-4.0,1,3,0,0,5,True
2025-2025040821gm-00a9-0000-b7ac449d-06-s3-d8,121,A,1,67,"[14700,23700,32100,29500]",2,4.0,1,3,1,0,7,True
2025-2025040821gm-00a9-0000-b7ac449d-06-s3-d8,121,B,2,63,"[40800,15500,20400,23300]",2,4.0,1,3,0,0,8,True
2025-2025040821gm-00a9-0000-b7ac449d-06-s3-d8,122,A,1,67,"[21400,10900,29700,35000]",1,10.0,1,3,1,3,4,True
2025-2025040821gm-00a9-0000-b7ac449d-06-s3-d8,122,B,2,63,"[18900,-600,46200,35500]",2,4.0,1,2,0,0,3,True
2025-2025040821gm-00a9-0000-b7ac449d-06-s3-d8,123,A,1,67,"[24000,18400,23500,34100]",1,10.0,1,3,0,0,4,True
2025-2025040821gm-00a9-0000-b7ac449d-06-s3-d8,123,B,2,63,"[22900,14700,23900,38500]",1,10.0,1,3,0,0,4,True
2025-2025040821gm-00a9-0000-b7ac449d-06-s3-d8,124,A,1,67,"[36300,7700,16800,39200]",1,10.0,1,3,0,0,5,True
2025-2025040821gm-00a9-0000-b7ac449d-06-s3-d8,124,B,2,63,"[35300,7700,16800,40200]",1,10.0,1,3,0,0,5,True
2025-2025040821gm-00a9-0000-b7ac449d-06-s3-d8,125,A,1,67,"[12800,13300,12100,61800]",1,10.0,1,3,0,0,4,True
2025-2025040821gm-00a9-0000-b7ac449d-06-s3-d8,125,B,2,63,"[12800,13300,12100,61800]",1,10.0,1,3,0,0,4,True
2025-2025040821gm-00a9-0000-b7ac449d-06-s3-d8,126,A,1,67,"[20700,7900,32400,39000]",1,10.0,1,3,0,0,5,True
2025-2025040821gm-00a9-0000-b7ac449d-06-s3-d8,126,B,2,63,"[22800,12400,25300,39500]",1,10.0,1,3,0,0,5,True
2025-2025040821gm-00a9-0000-b7ac449d-06-s3-d8,127,A,1,67,"[23700,13800,28500,34000]",1,10.0,1,3,1,0,4,True
2025-2025040821gm-00a9-0000-b7ac449d-06-s3-d8,127,B,2,63,"[27400,13500,18600,40500]",1,10.0,1,3,0,0,5,True
2025-2025040821gm-00a9-0000-b7ac449d-06-s3-d8,128,A,1,67,"[16300,25200,21600,36900]",1,10.0,1,3,1,0,4,True
2025-2025040821gm-00a9-0000-b7ac449d-06-s3-d8,128,B,2,63,"[16300,25200,21600,36900]",1,10.0,1,3,1,0,4,True
2025-2025040821gm-00a9-0000-b7ac449d-06-s3-d8,129,A,1,67,"[13800,19900,37700,28600]",2,4.0,1,3,0,0,5,True
2025-2025040821gm-00a9-0000-b7ac449d-06-s3-d8,129,B,2,63,"[20600,-1200,40400,40200]",2,4.0,1,2,0,0,3,True
2025-2025040821gm-00a9-0000-b7ac449d-06-s3-d8,130,A,1,67,"[22900,15600,19000,42500]",1,10.0,1,3,4,0,5,True
2025-2025040821gm-00a9-0000-b7ac449d-06-s3-d8,130,B,2,63,"[29300,9700,34800,26200]",3,-4.0,1,3,0,0,5,True
2025-2025040821gm-00a9-0000-b7ac449d-06-s3-d8,131,A,1,67,"[12000,26200,17100,44700]",1,10.0,1,3,1,0,5,True
2025-2025040821gm-00a9-0000-b7ac449d-06-s3-d8,131,B,2,63,"[12000,26200,17100,44700]",1,10.0,1,3,1,0,5,True
2025-2025040821gm-00a9-0000-b7ac449d-06-s3-d8,132,A,1,67,"[32700,7800,24100,35400]",1,10.0,1,3,0,0,4,True
2025-2025040821gm-00a9-0000-b7ac449d-06-s3-d8,132,B,2,63,"[32700,7800,24100,35400]",1,10.0,1,3,0,0,4,True
2025-2025040821gm-00a9-0000-b7ac449d-06-s3-d8,133,A,1,67,"[34100,7300,23200,35400]",1,10.0,1,3,0,0,5,True
2025-2025040821gm-00a9-0000-b7ac449d-06-s3-d8,133,B,2,63,"[18200,14400,16200,51200]",1,10.0,1,3,0,0,4,True
2025-2025040821gm-00a9-0000-b7ac449d-06-s3-d8,134,A,1,67,"[10900,-3600,44600,48100]",1,10.0,1,3,0,0,6,True
2025-2025040821gm-00a9-0000-b7ac449d-06-s3-d8,134,B,2,63,"[10900,-3600,44600,48100]",1,10.0,1,3,0,0,6,True
2025-2025040821gm-00a9-0000-b7ac449d-06-s3-d8,135,A,1,67,"[32000,-4000,28400,43600]",1,10.0,1,3,1,0,5,True
2025-2025040821gm-00a9-0000-b7ac449d-06-s3-d8,135,B,2,63,"[32000,-4000,28400,43600]",1,10.0,1,3,1,0,5,True
2025-2025040821gm-00a9-0000-b7ac449d-06-s3-d8,136,A,1,67,"[34900,17400,16700,30000]",2,4.0,1,3,1,1,5,True
2025-2025040821gm-00a9-0000-b7ac449d-06-s3-d8,136,B,2,63,"[34900,17400,16700,30000]",2,4.0,1,3,1,1,5,True
2025-2025040821gm-00a9-0000-b7ac449d-06-s3-d8,137,A,1,67,"[10400,12600,30400,46600]",1,10.0,1,3,0,0,4,True
2025-2025040821gm-00a9-0000-b7ac449d-06-s3-d8,137,B,2,63,"[13600,27000,17600,41800]",1,10.0,1,3,0,0,5,True
2025-2025040821gm-00a9-0000-b7ac449d-06-s3-d8,138,A,1,67,"[21400,8600,29100,40900]",1,10.0,1,3,0,0,5,True
2025-2025040821gm-00a9-0000-b7ac449d-06-s3-d8,138,B,2,63,"[28300,3100,31000,37600]",1,10.0,1,3,0,0,4,True
2025-2025040821gm-00a9-0000-b7ac449d-06-s3-d8,139,A,1,67,"[19700,9900,22600,47800]",1,10.0,1,3,0,0,4,True
2025-2025040821gm-00a9-0000-b7ac449d-06-s3-d8,139,B,2,63,"[19700,9900,22600,47800]",1,10.0,1,3,0,0,4,True
2025-2025040821gm-00a9-0000-b7ac449d-06-s3-d8,140,A,1,67,"[20700,16400,20400,42500]",1,10.0,1,3,0,0,4,True
2025-2025040821gm-00a9-0000-b7ac449d-06-s3-d8,140,B,2,63,"[13500,15400,33100,38000]",1,10.0,1,3,0,0,4,True
2025-2025040821gm-00a9-0000-b7ac449d-06-s3-d8,141,A,1,67,"[22800,22600,21000,31600]",1,10.0,1,3,0,2,4,True
2025-2025040821gm-00a9-0000-b7ac449d-06-s3-d8,141,B,2,63,"[27100,18000,21800,32100]",1,10.0,1,3,0,1,4,True
2025-2025040821gm-00a9-0000-b7ac449d-06-s3-d8,142,A,1,67,"[22400,17900,20200,39500]",1,10.0,1,3,0,0,4,True
2025-2025040821gm-00a9-0000-b7ac449d-06-s3-d8,142,B,2,63,"[12600,25700,23800,37900]",1,10.0,1,3,0,0,4,True
2025-2025040821gm-00a9-0000-b7ac449d-06-s3-d8,143,A,1,67,"[27400,9400,22200,41000]",1,10.0,1,3,0,0,4,True
2025-2025040821gm-00a9-0000-b7ac449d-06-s3-d8,143,B,2,63,"[27400,9400,22200,41000]",1,10.0,1,3,0,0,4,True
2025-2025040821gm-00a9-0000-b7ac449d-06-s3-d8,144,A,1,67,"[37600,21000,26200,15200]",4,-10.0,2,1,1,0,8,True
2025-2025040821gm-00a9-0000-b7ac449d-06-s3-d8,144,B,2,63,"[37600,21000,26200,15200]",4,-10.0,2,1,1,0,8,True
2025-2025040821gm-00a9-0000-b7ac449d-06-s3-d8,145,A,1,67,"[33100,10000,20300,36600]",1,10.0,1,3,0,0,4,True
2025-2025040821gm-00a9-0000-b7ac449d-06-s3-d8,145,B,2,63,"[33100,10000,20300,36600]",1,10.0,1,3,0,0,4,True
2025-2025040821gm-00a9-0000-b7ac449d-06-s3-d8,146,A,1,67,"[31100,-1800,25200,45500]",1,10.0,1,1,0,0,2,True
2025-2025040821gm-00a9-0000-b7ac449d-06-s3-d8,146,B,2,63,"[28200,-4400,44700,31500]",2,4.0,1,2,0,0,3,True
2025-2025040821gm-00a9-0000-b7ac449d-06-s3-d8,147,A,1,67,"[29400,12400,24200,33000]",1,10.0,1,3,0,1,5,True
2025-2025040821gm-00a9-0000-b7ac449d-06-s3-d8,147,B,2,63,"[26100,7000,19800,47100]",1,10.0,1,3,4,0,6,True
2025-2025040821gm-00a9-0000-b7ac449d-06-s3-d8,148,A,1,67,"[21300,15400,26700,36600]",1,10.0,1,3,0,0,5,True
2025-2025040821gm-00a9-0000-b7ac449d-06-s3-d8,148,B,2,63,"[45600,16400,20200,17800]",3,-4.0,1,3,2,0,7,True
2025-2025040821gm-00a9-0000-b7ac449d-06-s3-d8,149,A,1,67,"[33100,2200,18200,46500]",1,10.0,1,3,0,0,4,True
2025-2025040821gm-00a9-0000-b7ac449d-06-s3-d8,149,B,2,63,"[33100,2200,18200,46500]",1,10.0,1,3,0,0,4,True
2025-2025040821gm-00a9-0000-b7ac449d-06-s3-d8,150,A,1,67,"[37700,500,25200,36600]",2,4.0,1,3,0,0,4,True
2025-2025040821gm-00a9-0000-b7ac449d-06-s3-d8,150,B,2,63,"[37700,500,25200,36600]",2,4.0,1,3,0,0,4,True
2025-2025040821gm-00a9-0000-b7ac449d-06-s3-d8,151,A,1,67,"[26500,25900,13600,34000]",1,10.0,1,3,0,0,4,True
2025-2025040821gm-00a9-0000-b7ac449d-06-s3-d8,151,B,2,63,"[18200,24400,15900,41500]",1,10.0,1,3,0,0,4,True
2025-2025040821gm-00a9-0000-b7ac449d-06-s3-d8,152,A,1,67,"[25600,4400,22500,46500]",1,10.0,1,3,0,1,4,True
2025-2025040821gm-00a9-0000-b7ac449d-06-s3-d8,152,B,2,63,"[21800,12100,22400,43700]",1,10.0,1,3,0,0,5,True
2025-2025040821gm-00a9-0000-b7ac449d-06-s3-d8,153,A,1,67,"[30100,1700,20400,47800]",1,10.0,1,3,0,0,4,True
2025-2025040821gm-00a9-0000-b7ac449d-06-s3-d8,153,B,2,63,"[7800,29700,24000,38500]",1,10.0,1,3,0,0,6,True
2025-2025040821gm-00a9-0000-b7ac449d-06-s3-d8,154,A,1,67,"[22300,-600,27500,50800]",1,10.0,1,3,1,0,4,True
2025-2025040821gm-00a9-0000-b7ac449d-06-s3-d8,154,B,2,63,"[22300,-600,27500,50800]",1,10.0,1,3,1,0,4,True
2025-2025040821gm-00a9-0000-b7ac449d-06-s3-d8,155,A,1,67,"[31700,23700,1900,42700]",1,10.0,1,3,0,0,5,True
2025-2025040821gm-00a9-0000-b7ac449d-06-s3-d8,155,B,2,63,"[31100,14300,26700,27900]",2,4.0,1,3,0,0,5,True
2025-2025040821gm-00a9-0000-b7ac449d-06-s3-d8,156,A,1,67,"[22100,27100,15900,34900]",1,10.0,1,3,0,0,6,True
2025-2025040821gm-00a9-0000-b7ac449d-06-s3-d8,156,B,2,63,"[20100,26300,18500,35100]",1,10.0,1,3,0,0,6,True
2025-2025040821gm-00a9-0000-b7ac449d-06-s3-d8,157,A,1,67,"[23000,22900,22600,31500]",1,10.0,1,3,0,0,5,True
2025-2025040821gm-00a9-0000-b7ac449d-06-s3-d8,157,B,2,63,"[23000,22900,22600,31500]",1,10.0,1,3,0,0,5,True
2025-2025040821gm-00a9-0000-b7ac449d-06-s3-d8,158,A,1,67,"[31200,24900,12400,31500]",1,10.0,1,3,1,0,5,True
2025-2025040821gm-00a9-0000-b7ac449d-06-s3-d8,158,B,2,63,"[31200,24900,12400,31500]",1,10.0,1,3,1,0,5,True
2025-2025040821gm-00a9-0000-b7ac449d-06-s3-d8,159,A,1,67,"[21000,18300,24200,36500]",1,10.0,1,3,2,0,5,True
2025-2025040821gm-00a9-0000-b7ac449d-06-s3-d8,159,B,2,63,"[22700,19900,23700,32700]",1,10.0,1,3,1,1,4,True
2025-2025040821gm-00a9-0000-b7ac449d-06-s3-d8,160,A,1,67,"[30300,12700,25100,29900]",2,4.0,1,3,1,2,6,True
2025-2025040821gm-00a9-0000-b7ac449d-06-s3-d8,160,B,2,63,"[30300,12700,25100,29900]",2,4.0,1,3,1,2,6,True
2025-2025040821gm-00a9-0000-b7ac449d-06-s3-d8,161,A,1,67,"[24300,14900,25400,35400]",1,10.0,1,3,0,0,6,True
2025-2025040821gm-00a9-0000-b7ac449d-06-s3-d8,161,B,2,63,"[17600,10900,21900,49600]",1,10.0,1,3,0,0,4,True
2025-2025040821gm-00a9-0000-b7ac449d-06-s3-d8,162,A,1,67,"[45400,4700,24800,25100]",2,4.0,1,3,0,0,5,True
2025-2025040821gm-00a9-0000-b7ac449d-06-s3-d8,162,B,2,63,"[21200,28600,16600,33600]",1,10.0,2,0,0,0,5,True
2025-2025040821gm-00a9-0000-b7ac449d-06-s3-d8,163,A,1,67,"[31500,7000,25800,35700]",1,10.0,1,3,0,0,5,True
2025-2025040821gm-00a9-0000-b7ac449d-06-s3-d8,163,B,2,63,"[26100,7500,32300,34100]",1,10.0,1,3,0,0,5,True
2025-2025040821gm-00a9-0000-b7ac449d-06-s3-d8,164,A,1,67,"[27000,12600,20700,39700]",1,10.0,1,3,0,0,6,True
2025-2025040821gm-00a9-0000-b7ac449d-06-s3-d8,164,B,2,63,"[27000,12600,20700,39700]",1,10.0,1,3,0,0,6,True
2025-2025040821gm-00a9-0000-b7ac449d-06-s3-d8,165,A,1,67,"[26800,24400,14200,34600]",1,10.0,1,3,0,0,5,True
2025-2025040821gm-00a9-0000-b7ac449d-06-s3-d8,165,B,2,63,"[43600,20800,11000,24600]",2,4.0,1,3,0,0,5,True
2025-2025040821gm-00a9-0000-b7ac449d-06-s3-d8,166,A,1,67,"[25300,7800,18600,46300]",1,10.0,1,3,1,2,4,True
2025-2025040821gm-00a9-0000-b7ac449d-06-s3-d8,166,B,2,63,"[25300,7800,18600,46300]",1,10.0,1,3,1,2,4,True
2025-2025040821gm-00a9-0000-b7ac449d-06-s3-d8,167,A,1,67,"[34400,5900,29900,29800]",3,-4.0,1,3,0,0,4,True
2025-2025040821gm-00a9-0000-b7ac449d-06-s3-d8,167,B,2,63,"[34400,5900,29900,29800]",3,-4.0,1,3,0,0,4,True
2025-2025040821gm-00a9-0000-b7ac449d-06-s3-d8,168,A,1,67,"[28800,22300,13300,35600]",1,10.0,1,3,0,0,4,True
2025-2025040821gm-00a9-0000-b7ac449d-06-s3-d8,168,B,2,63,"[13900,15400,25200,45500]",1,10.0,1,3,0,0,4,True
2025-2025040821gm-00a9-0000-b7ac449d-06-s3-d8,169,A,1,67,"[39200,-3000,26300,37500]",2,4.0,1,3,0,0,6,True
2025-2025040821gm-00a9-0000-b7ac449d-06-s3-d8,169,B,2,63,"[27800,7500,21900,42800]",1,10.0,1,3,0,0,4,True
2025-2025040821gm-00a9-0000-b7ac449d-06-s3-d8,170,A,1,67,"[20300,30100,25200,24400]",3,-4.0,1,3,0,0,5,True
2025-2025040821gm-00a9-0000-b7ac449d-06-s3-d8,170,B,2,63,"[9100,18000,25200,47700]",1,10.0,1,3,0,0,4,True
2025-2025040821gm-00a9-0000-b7ac449d-06-s3-d8,171,A,1,67,"[-100,33400,25200,41500]",1,10.0,1,1,0,0,2,True
2025-2025040821gm-00a9-0000-b7ac449d-06-s3-d8,171,B,2,63,"[32700,-3700,37500,33500]",2,4.0,1,0,1,0,2,True
2025-2025040821gm-00a9-0000-b7ac449d-06-s3-d8,172,A,1,67,"[30400,13900,13700,42000]",1,10.0,1,3,0,0,4,True
2025-2025040821gm-00a9-0000-b7ac449d-06-s3-d8,172,B,2,63,"[26000,18300,15200,40500]",1,10.0,1,3,0,0,4,True
2025-2025040821gm-00a9-0000-b7ac449d-06-s3-d8,173,A,1,67,"[22000,34500,22900,20600]",4,-10.0,2,1,0,0,9,True
2025-2025040821gm-00a9-0000-b7ac449d-06-s3-d8,173,B,2,63,"[30700,12300,23200,33800]",1,10.0,1,3,0,0,5,True
2025-2025040821gm-00a9-0000-b7ac449d-06-s3-d8,174,A,1,67,"[9700,37100,16300,35900]",2,4.0,1,3,0,1,5,True
2025-2025040821gm-00a9-0000-b7ac449d-06-s3-d8,174,B,2,63,"[9700,37100,16300,35900]",2,4.0,1,3,0,1,5,True
2025-2025040821gm-00a9-0000-b7ac449d-06-s3-d8,175,A,1,67,"[36600,11800,30900,20700]",3,-4.0,1,3,0,0,6,True
2025-2025040821gm-00a9-0000-b7ac449d-06-s3-d8,175,B,2,63,"[40000,12800,26900,20300]",3,-4.0,1,3,1,0,6,True
2025-2025040821gm-00a9-0000-b7ac449d-06-s3-d8,176,A,1,67,"[26100,13300,26100,34500]",1,10.0,1,3,0,0,6,True
2025-2025040821gm-00a9-0000-b7ac449d-06-s3-d8,176,B,2,63,"[27100,14700,19600,38600]",1,10.0,1,3,0,0,4,True
2025-2025040821gm-00a9-0000-b7ac449d-06-s3-d8,177,A,1,67,"[28700,9200,30100,32000]",1,10.0,1,3,2,0,5,True
2025-2025040821gm-00a9-0000-b7ac449d-06-s3-d8,177,B,2,63,"[26400,12700,20900,40000]",1,10.0,1,3,2,0,5,True
2025-2025040821gm-00a9-0000-b7ac449d-06-s3-d8,178,A,1,67,"[18600,15400,36300,29700]",2,4.0,1,3,0,0,4,True
2025-2025040821gm-00a9-0000-b7ac449d-06-s3-d8,178,B,2,63,"[18600,15400,36300,29700]",2,4.0,1,3,0,0,4,True
2025-2025040821gm-00a9-0000-b7ac449d-06-s3-d8,179,A,1,67,"[20200,100,27500,52200]",1,10.0,1,3,0,0,4,True
2025-2025040821gm-00a9-0000-b7ac449d-06-s3-d8,179,B,2,63,"[20200,100,27500,52200]",1,10.0,1,3,0,0,4,True
2025-2025040821gm-00a9-0000-b7ac449d-06-s3-d8,180,A,1,67,"[31600,14600,21600,32200]",1,10.0,1,3,0,0,6,True
2025-2025040821gm-00a9-0000-b7ac449d-06-s3-d8,180,B,2,63,"[31600,14600,21600,32200]",1,10.0,1,3,0,0,6,True
2025-2025040821gm-00a9-0000-b7ac449d-06-s3-d8,181,A,1,67,"[37300,8000,22600,32100]",2,4.0,1,3,0,0,4,True
2025-2025040821gm-00a9-0000-b7ac449d-06-s3-d8,181,B,2,63,"[37300,8000,22600,32100]",2,4.0,1,3,0,0,4,True
2025-2025040821gm-00a9-0000-b7ac449d-06-s3-d8,182,A,1,67,"[21900,11200,19900,47000]",1,10.0,1,3,0,0,4,True
2025-2025040821gm-00a9-0000-b7ac449d-06-s3-d8,182,B,2,63,"[30300,2200,28000,39500]",1,10.0,1,3,0,0,6,True
2025-2025040821gm-00a9-0000-b7ac449d-06-s3-d8,183,A,1,67,"[22300,11100,20600,46000]",1,10.0,1,3,0,0,5,True
2025-2025040821gm-00a9-0000-b7ac449d-06-s3-d8,183,B,2,63,"[25100,-1600,20500,56000]",1,10.0,1,3,0,0,5,True
2025-2025040821gm-00a9-0000-b7ac449d-06-s3-d8,184,A,1,67,"[30400,15200,32700,21700]",3,-4.0,1,3,0,0,5,True
2025-2025040821gm-00a9-0000-b7ac449d-06-s3-d8,184,B,2,63,"[30400,15200,32700,21700]",3,-4.0,1,3,0,0,5,True
2025-2025040821gm-00a9-0000-b7ac449d-06-s3-d8,185,A,1,67,"[15500,25900,27200,31400]",1,10.0,2,1,0,0,6,True
2025-2025040821gm-00a9-0000-b7ac449d-06-s3-d8,185,B,2,63,"[15500,25900,27200,31400]",1,10.0,2,1,0,0,6,True
2025-2025040821gm-00a9-0000-b7ac449d-06-s3-d8,186,A,1,67,"[22800,17700,13600,45900]",1,10.0,1,3,0,0,4,True
2025-2025040821gm-00a9-0000-b7ac449d-06-s3-d8,186,B,2,63,"[22800,17700,13600,45900]",1,10.0,1,3,0,0,4,True
2025-2025040821gm-00a9-0000-b7ac449d-06-s3-d8,187,A,1,67,"[17800,10300,22600,49300]",1,10.0,1,3,0,0,4,True
2025-2025040821gm-00a9-0000-b7ac449d-06-s3-d8,187,B,2,63,"[17800,10300,22600,49300]",1,10.0,1,3,0,0,4,True
2025-2025040821gm-00a9-0000-b7ac449d-06-s3-d8,188,A,1,67,"[14700,15600,19200,50500]",1,10.0,1,3,0,0,4,True
2025-2025040821gm-00a9-0000-b7ac449d-06-s3-d8,188,B,2,63,"[30100,20600,21000,28300]",2,4.0,1,3,0,0,4,True
2025-2025040821gm-00a9-0000-b7ac449d-06-s3-d8,189,A,1,67,"[4500,27800,20100,47600]",1,10.0,1,3,0,0,6,True
2025-2025040821gm-00a9-0000-b7ac449d-06-s3-d8,189,B,2,63,"[36600,8500,14600,40300]",1,10.0,1,3,0,0,6,True
2025-2025040821gm-00a9-0000-b7ac449d-06-s3-d8,190,A,1,67,"[24400,16100,21700,37800]",1,10.0,1,3,0,0,5,True
2025-2025040821gm-00a9-0000-b7ac449d-06-s3-d8,190,B,2,63,"[24400,16100,21700,37800]",1,10.0,1,3,0,0,5,True
2025-2025040821gm-00a9-0000-b7ac449d-06-s3-d8,191,A,1,67,"[26600,9900,29600,33900]",1,10.0,1,3,0,0,5,True
2025-2025040821gm-00a9-0000-b7ac449d-06-s3-d8,191,B,2,63,"[28600,10900,20300,39200]",1,10.0,1,3,0,1,5,True
2025-2025040821gm-00a9-0000-b7ac449d-06-s3-d8,192,A,1,67,"[28300,19700,21100,30900]",1,10.0,1,3,0,0,4,True
2025-2025040821gm-00a9-0000-b7ac449d-06-s3-d8,192,B,2,63,"[23400,11000,33600,32000]",2,4.0,1,3,0,0,5,True
2025-2025040821gm-00a9-0000-b7ac449d-06-s3-d8,193,A,1,67,"[20800,31400,21500,26300]",2,4.0,2,0,0,0,5,True
2025-2025040821gm-00a9-0000-b7ac449d-06-s3-d8,193,B,2,63,"[26500,10500,25100,37900]",1,10.0,1,3,0,0,6,True
2025-2025040821gm-00a9-0000-b7ac449d-06-s3-d8,194,A,1,67,"[11800,15400,26600,46200]",1,10.0,1,3,0,0,6,True
2025-2025040821gm-00a9-0000-b7ac449d-06-s3-d8,194,B,2,63,"[33000,5400,19400,42200]",1,10.0,1,3,0,0,7,True
2025-2025040821gm-00a9-0000-b7ac449d-06-s3-d8,195,A,1,67,"[26900,15100,36500,21500]",3,-4.0,1,3,0,0,4,True
2025-2025040821gm-00a9-0000-b7ac449d-06-s3-d8,195,B,2,63,"[19600,18400,36500,25500]",2,4.0,1,3,0,0,4,True
2025-2025040821gm-00a9-0000-b7ac449d-06-s3-d8,196,A,1,67,"[36900,14400,29500,19200]",3,-4.0,1,3,0,0,4,True
2025-2025040821gm-00a9-0000-b7ac449d-06-s3-d8,196,B,2,63,"[10900,19400,36600,33100]",2,4.0,1,3,0,0,5,True
2025-2025040821gm-00a9-0000-b7ac449d-06-s3-d8,197,A,1,67,"[22800,14300,24100,38800]",1,10.0,1,3,1,0,4,True
2025-2025040821gm-00a9-0000-b7ac449d-06-s3-d8,197,B,2,63,"[22800,14300,24100,38800]",1,10.0,1,3,1,0,4,True
2025-2025040821gm-00a9-0000-b7ac449d-06-s3-d8,198,A,1,67,"[22900,22800,20600,33700]",1,10.0,1,3,1,0,5,True
2025-2025040821gm-00a9-0000-b7ac449d-06-s3-d8,198,B,2,63,"[22900,22800,20600,33700]",1,10.0,1,3,1,0,5,True
2025-2025040821gm-00a9-0000-b7ac449d-06-s3-d8,199,A,1,67,"[21900,12400,24800,40900]",1,10.0,1,3,0,0,5,True
2025-2025040821gm-00a9-0000-b7ac449d-06-s3-d8,199,B,2,63,"[21900,12400,24800,40900]",1,10.0,1,3,0,0,5,True
2025-2025040821gm-00a9-0000-b7ac449d-06-s3-d8,200,A,1,67,"[13900,35400,17400,33300]",2,4.0,1,3,0,0,4,True
2025-2025040821gm-00a9-0000-b7ac449d-06-s3-d8,200,B,2,63,"[13900,35400,17400,33300]",2,4.0,1,3,0,0,4,True
2025-2025040821gm-00a9-0000-b7ac449d-06-s3-d8,201,A,1,67,"[31600,15700,23000,29700]",2,4.0,1,3,0,0,5,True
2025-2025040821gm-00a9-0000-b7ac449d-06-s3-d8,201,B,2,63,"[23600,35700,9000,31700]",2,4.0,1,3,0,0,5,True
2025-2025040821gm-00a9-0000-b7ac449d-06-s3-d8,202,A,1,67,"[38200,21600,19000,21200]",3,-4.0,1,3,1,0,6,True
2025-2025040821gm-00a9-0000-b7ac449d-06-s3-d8,202,B,2,63,"[38200,21600,19000,21200]",3,-4.0,1,3,1,0,6,True
2025-2025040821gm-00a9-0000-b7ac449d-06-s3-d8,203,A,1,67,"[31000,2300,26000,40700]",1,10.0,1,3,0,0,4,True
2025-2025040821gm-00a9-0000-b7ac449d-06-s3-d8,203,B,2,63,"[28500,9800,13000,47700]",1,10.0,1,3,0,1,4,True
2025-2025040821gm-00a9-0000-b7ac449d-06-s3-d8,204,A,1,67,"[38200,2100,19200,40500]",1,10.0,1,3,0,0,4,True
2025-2025040821gm-00a9-0000-b7ac449d-06-s3-d8,204,B,2,63,"[23100,1800,23600,51500]",1,10.0,1,3,0,0,6,True
2025-2025040821gm-00a9-0000-b7ac449d-06-s3-d8,205,A,1,67,"[24700,32500,2500,40300]",1,10.0,1,3,0,0,5,True
2025-2025040821gm-00a9-0000-b7ac449d-06-s3-d8,205,B,2,63,"[23500,28700,48100,-300]",4,-10.0,1,3,1,0,7,True
2025-2025040821gm-00a9-0000-b7ac449d-06-s3-d8,206,A,1,67,"[40700,8800,20200,30300]",2,4.0,1,3,0,0,7,True
2025-2025040821gm-00a9-0000-b7ac449d-06-s3-d8,206,B,2,63,"[40700,8200,21400,29700]",2,4.0,1,3,0,0,7,True
2025-2025040821gm-00a9-0000-b7ac449d-06-s3-d8,207,A,1,67,"[12100,12900,17900,57100]",1,10.0,1,3,0,0,6,True
2025-2025040821gm-00a9-0000-b7ac449d-06-s3-d8,207,B,2,63,"[12100,12900,17900,57100]",1,10.0,1,3,0,0,6,True
2025-2025040821gm-00a9-0000-b7ac449d-06-s3-d8,208,A,1,67,"[12900,23400,20200,43500]",1,10.0,1,3,0,0,4,True
2025-2025040821gm-00a9-0000-b7ac449d-06-s3-d8,208,B,2,63,"[12900,23400,20200,43500]",1,10.0,1,3,0,0,4,True
2025-2025040821gm-00a9-0000-b7ac449d-06-s3-d8,209,A,1,67,"[16800,22700,17100,43400]",1,10.0,1,3,0,0,4,True
2025-2025040821gm-00a9-0000-b7ac449d-06-s3-d8,209,B,2,63,"[21700,7900,18700,50700]",1,10.0,1,3,0,1,4,True
2025-2025040821gm-00a9-0000-b7ac449d-06-s3-d8,210,A,1,67,"[27800,24400,17300,30500]",1,10.0,2,1,0,0,8,True
2025-2025040821gm-00a9-0000-b7ac449d-06-s3-d8,210,B,2,63,"[27800,24400,17300,30500]",1,10.0,2,1,0,0,8,True
2025-2025040821gm-00a9-0000-b7ac449d-06-s3-d8,211,A,1,67,"[24600,9200,28500,37700]",1,10.0,1,3,0,0,4,True
2025-2025040821gm-00a9-0000-b7ac449d-06-s3-d8,211,B,2,63,"[13500,20300,31700,34500]",1,10.0,1,3,0,0,4,True
2025-2025040821gm-00a9-0000-b7ac449d-06-s3-d8,212,A,1,67,"[17900,1000,47200,33900]",2,4.0,1,3,0,0,6,True
2025-2025040821gm-00a9-0000-b7ac449d-06-s3-d8,212,B,2,63,"[7400,3400,42100,47100]",1,10.0,1,3,0,0,6,True
2025-2025040821gm-00a9-0000-b7ac449d-06-s3-d8,213,A,1,67,"[18400,3600,17700,60300]",1,10.0,1,3,0,0,4,True
2025-2025040821gm-00a9-0000-b7ac449d-06-s3-d8,213,B,2,63,"[13900,1400,17200,67500]",1,10.0,1,3,0,0,4,True
2025-2025040821gm-00a9-0000-b7ac449d-06-s3-d8,214,A,1,67,"[20300,11400,22500,45800]",1,10.0,1,3,0,0,4,True
2025-2025040821gm-00a9-0000-b7ac449d-06-s3-d8,214,B,2,63,"[20300,11400,22500,45800]",1,10.0,1,3,0,0,4,True
2025-2025040821gm-00a9-0000-b7ac449d-06-s3-d8,215,A,1,67,"[18700,9800,32500,39000]",1,10.0,1,3,0,0,5,True
2025-2025040821gm-00a9-0000-b7ac449d-06-s3-d8,215,B,2,63,"[32200,4300,18100,45400]",1,10.0,1,3,0,0,5,True
2025-2025040821gm-00a9-0000-b7ac449d-06-s3-d8,216,A,1,67,"[12100,24000,24900,39000]",1,10.0,1,3,0,0,7,True
2025-2025040821gm-00a9-0000-b7ac449d-06-s3-d8,216,B,2,63,"[12100,24000,24900,39000]",1,10.0,1,3,0,0,7,True
2025-2025040821gm-00a9-0000-b7ac449d-06-s3-d8,217,A,1,67,"[40000,22700,10900,26400]",2,4.0,2,0,0,0,5,True
2025-2025040821gm-00a9-0000-b7ac449d-06-s3-d8,217,B,2,63,"[40000,22700,10900,26400]",2,4.0,2,0,0,0,5,True
2025-2025040821gm-00a9-0000-b7ac449d-06-s3-d8,218,A,1,67,"[34900,16800,21100,27200]",2,4.0,1,3,0,0,5,True
2025-2025040821gm-00a9-0000-b7ac449d-06-s3-d8,218,B,2,63,"[24600,13800,36800,24800]",2,4.0,1,3,0,0,5,True
2025-2025040821gm-00a9-0000-b7ac449d-06-s3-d8,219,A,1,67,"[30300,1100,28900,39700]",1,10.0,1,3,1,0,4,True
2025-2025040821gm-00a9-0000-b7ac449d-06-s3-d8,219,B,2,63,"[13900,16600,32100,37400]",1,10.0,1,3,0,0,6,True
2025-2025040821gm-00a9-0000-b7ac449d-06-s3-d8,220,A,1,67,"[20400,11900,25700,42000]",1,10.0,1,3,0,0,4,True
2025-2025040821gm-00a9-0000-b7ac449d-06-s3-d8,220,B,2,63,"[25900,5400,24200,44500]",1,10.0,1,3,0,0,4,True
2025-2025040821gm-00a9-0000-b7ac449d-06-s3-d8,221,A,1,67,"[36300,8300,22900,32500]",2,4.0,1,3,0,0,4,True
2025-2025040821gm-00a9-0000-b7ac449d-06-s3-d8,221,B,2,63,"[20500,16200,22400,40900]",1,10.0,1,3,1,0,5,True
2025-2025040821gm-00a9-0000-b7ac449d-06-s3-d8,222,A,1,67,"[32400,1400,24500,41700]",1,10.0,1,3,0,0,6,True
2025-2025040821gm-00a9-0000-b7ac449d-06-s3-d8,222,B,2,63,"[32400,1400,24500,41700]",1,10.0,1,3,0,0,6,True
2025-2025040821gm-00a9-0000-b7ac449d-06-s3-d8,223,A,1,67,"[25000,7800,40100,27100]",2,4.0,1,3,0,0,6,True
2025-2025040821gm-00a9-0000-b7ac449d-06-s3-d8,223,B,2,63,"[25000,7800,40100,27100]",2,4.0,1,3,0,0,6,True
2025-2025040821gm-00a9-0000-b7ac449d-06-s3-d8,224,A,1,67,"[22900,19600,17200,40300]",1,10.0,1,3,2,0,4,True
2025-2025040821gm-00a9-0000-b7ac449d-06-s3-d8,224,B,2,63,"[22800,19500,20900,36800]",1,10.0,2,0,0,0,5,True
2025-2025040821gm-00a9-0000-b7ac449d-06-s3-d8,225,A,1,67,"[29900,17900,18200,34000]",1,10.0,1,3,0,0,5,True
2025-2025040821gm-00a9-0000-b7ac449d-06-s3-d8,225,B,2,63,"[29900,17900,18200,34000]",1,10.0,1,3,0,0,5,True
2025-2025040821gm-00a9-0000-b7ac449d-06-s3-d8,226,A,1,67,"[32900,-3600,21200,49500]",1,10.0,1,2,0,0,3,True
2025-2025040821gm-00a9-0000-b7ac449d-06-s3-d8,226,B,2,63,"[32900,-3600,21200,49500]",1,10.0,1,2,0,0,3,True
2025-2025040821gm-00a9-0000-b7ac449d-06-s3-d8,227,A,1,67,"[28300,20700,20100,30900]",1,10.0,1,3,1,0,5,True
2025-2025040821gm-00a9-0000-b7ac449d-06-s3-d8,227,B,2,63,"[30500,15800,19400,34300]",1,10.0,1,3,0,0,4,True
2025-2025040821gm-00a9-0000-b7ac449d-06-s3-d8,228,A,1,67,"[15900,16400,36400,31300]",2,4.0,1,3,1,0,4,True
2025-2025040821gm-00a9-0000-b7ac449d-06-s3-d8,228,B,2,63,"[15900,16400,36400,31300]",2,4.0,1,3,1,0,4,True
2025-2025040821gm-00a9-0000-b7ac449d-06-s3-d8,229,A,1,67,"[24400,12200,13300,50100]",1,10.0,1,3,0,0,5,True
2025-2025040821gm-00a9-0000-b7ac449d-06-s3-d8,229,B,2,63,"[24400,12200,13300,50100]",1,10.0,1,3,0,0,5,True
2025-2025040821gm-00a9-0000-b7ac449d-06-s3-d8,230,A,1,67,"[3700,20900,25400,50000]",1,10.0,1,3,3,0,7,True
2025-2025040821gm-00a9-0000-b7ac449d-06-s3-d8,230,B,2,63,"[3600,16700,28700,51000]",1,10.0,1,3,0,0,7,True
2025-2025040821gm-00a9-0000-b7ac449d-06-s3-d8,231,A,1,67,"[24900,10300,19200,45600]",1,10.0,1,3,0,0,5,True
2025-2025040821gm-00a9-0000-b7ac449d-06-s3-d8,231,B,2,63,"[20500,20600,33500,25400]",2,4.0,2,0,0,0,5,True
2025-2025040821gm-00a9-0000-b7ac449d-06-s3-d8,232,A,1,67,"[23700,30000,18500,27800]",2,4.0,1,3,0,0,6,True
2025-2025040821gm-00a9-0000-b7ac449d-06-s3-d8,232,B,2,63,"[23700,30000,18500,27800]",2,4.0,1,3,0,0,6,True
2025-2025040821gm-00a9-0000-b7ac449d-06-s3-d8,233,A,1,67,"[30100,11100,16600,42200]",1,10.0,1,3,0,0,5,True
2025-2025040821gm-00a9-0000-b7ac449d-06-s3-d8,233,B,2,63,"[30100,11100,16600,42200]",1,10.0,1,3,0,0,5,True
2025-2025040821gm-00a9-0000-b7ac449d-06-s3-d8,234,A,1,67,"[26100,8400,28000,37500]",1,10.0,1,3,0,0,6,True
2025-2025040821gm-00a9-0000-b7ac449d-06-s3-d8,234,B,2,63,"[29700,9500,28400,32400]",1,10.0,1,3,0,0,5,True
2025-2025040821gm-00a9-0000-b7ac449d-06-s3-d8,235,A,1,67,"[17700,20600,31700,30000]",2,4.0,1,3,0,0,4,True
2025-2025040821gm-00a9-0000-b7ac449d-06-s3-d8,235,B,2,63,"[43200,12200,20800,23800]",2,4.0,1,3,0,0,5,True
2025-2025040821gm-00a9-0000-b7ac449d-06-s3-d8,236,A,1,67,"[19600,16500,2800,61100]",1,10.0,1,3,0,0,5,True
2025-2025040821gm-00a9-0000-b7ac449d-06-s3-d8,236,B,2,63,"[34500,10000,24900,30600]",2,4.0,1,3,0,0,4,True
2025-2025040821gm-00a9-0000-b7ac449d-06-s3-d8,237,A,1,67,"[22900,19000,25500,32600]",1,10.0,1,3,0,0,4,True
2025-2025040821gm-00a9-0000-b7ac449d-06-s3-d8,237,B,2,63,"[22900,19000,25500,32600]",1,10.0,1,3,0,0,4,True
2025-2025040821gm-00a9-0000-b7ac449d-06-s3-d8,238,A,1,67,"[32300,6900,19300,41500]",1,10.0,1,3,0,0,4,True
2025-2025040821gm-00a9-0000-b7ac449d-06-s3-d8,238,B,2,63,"[32300,6900,19300,41500]",1,10.0,1,3,0,0,4,True
2025-2025040821gm-00a9-0000-b7ac449d-06-s3-d8,239,A,1,67,"[34000,23500,25200,17300]",4,-10.0,1,3,0,0,6,True
2025-2025040821gm-00a9-0000-b7ac449d-06-s3-d8,239,B,2,63,"[34000,23500,25200,17300]",4,-10.0,1,3,0,0,6,True
2025-2025040821gm-00a9-0000-b7ac449d-06-s3-d8,240,A,1,67,"[26700,-3800,29600,47500]",1,10.0,1,3,0,0,6,True
2025-2025040821gm-00a9-0000-b7ac449d-06-s3-d8,240,B,2,63,"[26600,-200,28500,45100]",1,10.0,1,3,0,0,6,True
2025-2025040821gm-00a9-0000-b7ac449d-06-s3-d8,241,A,1,67,"[6900,23300,21300,48500]",1,10.0,1,3,0,0,4,True
2025-2025040821gm-00a9-0000-b7ac449d-06-s3-d8,241,B,2,63,"[6900,23300,21300,48500]",1,10.0,1,3,0,0,4,True
2025-2025040821gm-00a9-0000-b7ac449d-06-s3-d8,242,A,1,67,"[35400,-3900,37000,31500]",3,-4.0,1,3,0,0,6,True
2025-2025040821gm-00a9-0000-b7ac449d-06-s3-d8,242,B,2,63,"[24100,9800,33200,32900]",2,4.0,1,3,0,0,5,True
2025-2025040821gm-00a9-0000-b7ac449d-06-s3-d8,243,A,1,67,"[16300,5800,37500,40400]",1,10.0,1,3,0,0,5,True
2025-2025040821gm-00a9-0000-b7ac449d-06-s3-d8,243,B,2,63,"[28600,19300,21100,31000]",1,10.0,1,3,0,0,6,True
2025-2025040821gm-00a9-0000-b7ac449d-06-s3-d8,244,A,1,67,"[36800,20800,14700,27700]",2,4.0,1,3,0,0,5,True
2025-2025040821gm-00a9-0000-b7ac449d-06-s3-d8,244,B,2,63,"[36800,20800,14700,27700]",2,4.0,1,3,0,0,5,True
2025-2025040821gm-00a9-0000-b7ac449d-06-s3-d8,245,A,1,67,"[11400,18300,30400,39900]",1,10.0,1,3,0,0,5,True
2025-2025040821gm-00a9-0000-b7ac449d-06-s3-d8,245,B,2,63,"[11400,18300,30400,39900]",1,10.0,1,3,0,0,5,True
2025-2025040821gm-00a9-0000-b7ac449d-06-s3-d8,246,A,1,67,"[3000,35400,31100,30500]",3,-4.0,1,3,1,0,7,True
2025-2025040821gm-00a9-0000-b7ac449d-06-s3-d8,246,B,2,63,"[35600,19900,16600,27900]",2,4.0,1,3,0,0,4,True
2025-2025040821gm-00a9-0000-b7ac449d-06-s3-d8,247,A,1,67,"[19400,4400,24000,52200]",1,10.0,1,3,0,0,5,True
2025-2025040821gm-00a9-0000-b7ac449d-06-s3-d8,247,B,2,63,"[19700,7300,23000,50000]",1,10.0,1,3,0,0,5,True
2025-2025040821gm-00a9-0000-b7ac449d-06-s3-d8,248,A,1,67,"[13200,9100,34100,43600]",1,10.0,1,3,0,0,5,True
2025-2025040821gm-00a9-0000-b7ac449d-06-s3-d8,248,B,2,63,"[20500,31000,15200,33300]",1,10.0,1,3,0,0,5,True
2025-2025040821gm-00a9-0000-b7ac449d-06-s3-d8,249,A,1,67,"[21900,25400,30200,22500]",3,-4.0,1,3,0,0,4,True
2025-2025040821gm-00a9-0000-b7ac449d-06-s3-d8,249,B,2,63,"[26700,22400,18200,32700]",1,10.0,1,3,0,0,5,True
2025-2025040821gm-00a9-0000-b7ac449d-06-s3-d8,250,A,1,67,"[20600,30300,16300,32800]",1,10.0,1,3,0,0,5,True
2025-2025040821gm-00a9-0000-b7ac449d-06-s3-d8,250,B,2,63,"[20600,30300,16300,32800]",1,10.0,1,3,0,0,5,True
2025-2025040821gm-00a9-0000-b7ac449d-06-s3-d8,251,A,1,67,"[20800,11800,14800,52600]",1,10.0,1,3,0,0,5,True
2025-2025040821gm-00a9-0000-b7ac449d-06-s3-d8,251,B,2,63,"[20800,11800,14800,52600]",1,10.0,1,3,0,0,5,True
2025-2025040821gm-00a9-0000-b7ac449d-06-s3-d8,252,A,1,67,"[36300,3700,17100,42900]",1,10.0,1,3,0,0,5,True
2025-2025040821gm-00a9-0000-b7ac449d-06-s3-d8,252,B,2,63,"[36300,3700,17100,42900]",1,10.0,1,3,0,0,5,True
2025-2025040821gm-00a9-0000-b7ac449d-06-s3-d8,253,A,1,67,"[25900,-600,25200,49500]",1,10.0,1,0,0,0,1,True
2025-2025040821gm-00a9-0000-b7ac449d-06-s3-d8,253,B,2,63,"[24900,7900,29300,37900]",1,10.0,1,3,0,0,4,True
2025-2025040821gm-00a9-0000-b7ac449d-06-s3-d8,254,A,1,67,"[9300,6500,24100,60100]",1,10.0,1,3,0,0,5,True
2025-2025040821gm-00a9-0000-b7ac449d-06-s3-d8,254,B,2,63,"[9300,6500,24100,60100]",1,10.0,1,3,0,0,5,True
2025-2025040821gm-00a9-0000-b7ac449d-06-s3-d8,255,A,1,67,"[17400,6300,26300,50000]",1,10.0,1,3,0,0,5,True
2025-2025040821gm-00a9-0000-b7ac449d-06-s3-d8,255,B,2,63,"[17400,6300,26300,50000]",1,10.0,1,3,0,0,5,True
2025-2025041216gm-00a9-0000-3d010e8a-05-s0-d2,0,A,1,39,"[15900,44900,32500,6700]",3,-4.0,1,3,1,0,6,True
2025-2025041216gm-00a9-0000-3d010e8a-05-s0-d2,0,B,4,35,"[18000,47600,27600,6800]",3,-4.0,1,3,1,0,6,True
2025-2025041216gm-00a9-0000-3d010e8a-05-s0-d2,1,A,1,39,"[27100,33600,35700,3600]",3,-4.0,1,3,0,0,5,True
2025-2025041216gm-00a9-0000-3d010e8a-05-s0-d2,1,B,4,35,"[35700,28400,36100,-200]",2,4.0,1,3,0,0,5,True
2025-2025041216gm-00a9-0000-3d010e8a-05-s0-d2,2,A,1,39,"[32800,30300,34500,2400]",2,4.0,1,3,0,0,8,True
2025-2025041216gm-00a9-0000-3d010e8a-05-s0-d2,2,B,4,35,"[20300,34700,46400,-1400]",3,-4.0,1,1,2,0,5,True
2025-2025041216gm-00a9-0000-3d010e8a-05-s0-d2,3,A,1,39,"[22400,21600,38300,17700]",2,4.0,1,3,0,0,5,True
2025-2025041216gm-00a9-0000-3d010e8a-05-s0-d2,3,B,4,35,"[20200,31300,38900,9600]",3,-4.0,1,3,1,0,5,True
2025-2025041216gm-00a9-0000-3d010e8a-05-s0-d2,4,A,1,39,"[19800,28800,52500,-1100]",3,-4.0,1,2,0,0,8,True
2025-2025041216gm-00a9-0000-3d010e8a-05-s0-d2,4,B,4,35,"[19800,28800,52500,-1100]",3,-4.0,1,2,0,0,8,True
2025-2025041216gm-00a9-0000-3d010e8a-05-s0-d2,5,A,1,39,"[19600,22400,43900,12100]",3,-4.0,1,3,3,2,6,True
2025-2025041216gm-00a9-0000-3d010e8a-05-s0-d2,5,B,4,35,"[19600,22400,43900,12100]",3,-4.0,1,3,3,2,6,True
2025-2025041216gm-00a9-0000-3d010e8a-05-s0-d2,6,A,1,39,"[22600,36900,33400,7100]",3,-4.0,1,3,0,0,6,True
2025-2025041216gm-00a9-0000-3d010e8a-05-s0-d2,6,B,4,35,"[11700,26500,46400,15400]",4,-10.0,1,3,1,0,5,True
2025-2025041216gm-00a9-0000-3d010e8a-05-s0-d2,7,A,1,39,"[23000,20200,38100,18700]",2,4.0,1,3,0,0,5,True
2025-2025041216gm-00a9-0000-3d010e8a-05-s0-d2,7,B,4,35,"[23000,20200,38100,18700]",2,4.0,1,3,0,0,5,True
2025-2025041216gm-00a9-0000-3d010e8a-05-s0-d2,8,A,1,39,"[19400,29100,46700,4800]",3,-4.0,1,3,0,0,5,True
2025-2025041216gm-00a9-0000-3d010e8a-05-s0-d2,8,B,4,35,"[19400,29100,46700,4800]",3,-4.0,1,3,0,0,5,True
2025-2025041216gm-00a9-0000-3d010e8a-05-s0-d2,9,A,1,39,"[21400,31000,38600,9000]",3,-4.0,1,3,0,0,6,True
2025-2025041216gm-00a9-0000-3d010e8a-05-s0-d2,9,B,4,35,"[20600,33500,32100,13800]",3,-4.0,1,3,0,0,6,True
2025-2025041216gm-00a9-0000-3d010e8a-05-s0-d2,10,A,1,39,"[20400,28300,20200,31100]",3,-4.0,2,0,0,0,7,True
2025-2025041216gm-00a9-0000-3d010e8a-05-s0-d2,10,B,4,35,"[21700,31000,47600,-300]",3,-4.0,1,1,0,0,3,True
2025-2025041216gm-00a9-0000-3d010e8a-05-s0-d2,11,A,1,39,"[34800,17300,46100,1800]",2,4.0,1,3,0,0,8,True
2025-2025041216gm-00a9-0000-3d010e8a-05-s0-d2,11,B,4,35,"[-900,31200,46400,22300]",4,-10.0,1,2,2,1,8,True
2025-2025041216gm-00a9-0000-3d010e8a-05-s0-d2,12,A,1,39,"[21900,27200,43100,7800]",3,-4.0,1,3,2,0,6,True
2025-2025041216gm-00a9-0000-3d010e8a-05-s0-d2,12,B,4,35,"[7000,34700,44100,11200]",4,-10.0,1,3,1,3,5,True
2025-2025041216gm-00a9-0000-3d010e8a-05-s0-d2,13,A,1,39,"[13300,28000,23500,35200]",4,-10.0,1,3,0,0,6,True
2025-2025041216gm-00a9-0000-3d010e8a-05-s0-d2,13,B,4,35,"[-2700,22800,62900,17000]",4,-10.0,1,2,3,0,7,True
2025-2025041216gm-00a9-0000-3d010e8a-05-s0-d2,14,A,1,39,"[-5300,25100,33500,46700]",4,-10.0,1,2,1,0,8,True
2025-2025041216gm-00a9-0000-3d010e8a-05-s0-d2,14,B,4,35,"[-5300,25100,33500,46700]",4,-10.0,1,2,1,0,8,True
2025-2025041216gm-00a9-0000-3d010e8a-05-s0-d2,15,A,1,39,"[21100,21900,44000,13000]",3,-4.0,1,3,1,0,8,True
2025-2025041216gm-00a9-0000-3d010e8a-05-s0-d2,15,B,4,35,"[23700,18900,47200,10200]",2,4.0,1,3,1,0,8,True
2025-2025041216gm-00a9-0000-3d010e8a-05-s0-d2,16,A,1,39,"[25200,33300,42400,-900]",3,-4.0,1,1,0,0,4,True
2025-2025041216gm-00a9-0000-3d010e8a-05-s0-d2,16,B,4,35,"[38700,30600,23200,7500]",1,10.0,1,3,1,0,10,True
2025-2025041216gm-00a9-0000-3d010e8a-05-s0-d2,17,A,1,39,"[30700,19600,43500,6200]",2,4.0,1,3,0,0,9,True
2025-2025041216gm-00a9-0000-3d010e8a-05-s0-d2,17,B,4,35,"[400,52300,34800,12500]",4,-10.0,1,3,1,0,8,True
2025-2025041216gm-00a9-0000-3d010e8a-05-s0-d2,18,A,1,39,"[34200,23900,32700,9200]",1,10.0,1,3,0,0,6,True
2025-2025041216gm-00a9-0000-3d010e8a-05-s0-d2,18,B,4,35,"[33800,5700,39800,20700]",2,4.0,1,3,0,0,6,True
2025-2025041216gm-00a9-0000-3d010e8a-05-s0-d2,19,A,1,39,"[-1000,39700,44300,17000]",4,-10.0,1,3,0,0,5,True
2025-2025041216gm-00a9-0000-3d010e8a-05-s0-d2,19,B,4,35,"[14500,29800,47000,8700]",3,-4.0,1,3,0,0,8,True
2025-2025041216gm-00a9-0000-3d010e8a-05-s0-d2,20,A,1,39,"[31500,24300,46500,-2300]",2,4.0,1,2,1,0,6,True
2025-2025041216gm-00a9-0000-3d010e8a-05-s0-d2,20,B,4,35,"[39500,19900,44900,-4300]",2,4.0,1,2,0,0,5,True
2025-2025041216gm-00a9-0000-3d010e8a-05-s0-d2,21,A,1,39,"[24700,18600,43500,13200]",2,4.0,1,3,0,0,7,True
2025-2025041216gm-00a9-0000-3d010e8a-05-s0-d2,21,B,4,35,"[28500,29900,38300,3300]",3,-4.0,1,3,0,0,7,True
2025-2025041216gm-00a9-0000-3d010e8a-05-s0-d2,22,A,1,39,"[20300,27400,32500,19800]",3,-4.0,1,3,2,0,7,True
2025-2025041216gm-00a9-0000-3d010e8a-05-s0-d2,22,B,4,35,"[15700,26100,51200,7000]",3,-4.0,1,3,2,0,7,True
2025-2025041216gm-00a9-0000-3d010e8a-05-s0-d2,23,A,1,39,"[32300,24700,45900,-2900]",2,4.0,1,2,0,0,4,True
2025-2025041216gm-00a9-0000-3d010e8a-05-s0-d2,23,B,4,35,"[32300,24700,45900,-2900]",2,4.0,1,2,0,0,4,True
2025-2025041216gm-00a9-0000-3d010e8a-05-s0-d2,24,A,1,39,"[8600,20700,40600,30100]",4,-10.0,1,3,0,0,6,True
2025-2025041216gm-00a9-0000-3d010e8a-05-s0-d2,24,B,4,35,"[33900,21300,33500,11300]",1,10.0,1,3,0,0,5,True
2025-2025041216gm-00a9-0000-3d010e8a-05-s0-d2,25,A,1,39,"[13300,26800,41600,18300]",4,-10.0,1,3,1,0,11,True
2025-2025041216gm-00a9-0000-3d010e8a-05-s0-d2,25,B,4,35,"[33500,27700,30300,8500]",1,10.0,1,3,0,0,6,True
2025-2025041216gm-00a9-0000-3d010e8a-05-s0-d2,26,A,1,39,"[10500,28300,41300,18900]",4,-10.0,1,3,0,1,5,True
2025-2025041216gm-00a9-0000-3d010e8a-05-s0-d2,26,B,4,35,"[12600,41400,39100,6900]",3,-4.0,1,3,1,0,6,True
2025-2025041216gm-00a9-0000-3d010e8a-05-s0-d2,27,A,1,39,"[18600,26300,23300,31800]",4,-10.0,2,0,0,0,12,True
2025-2025041216gm-00a9-0000-3d010e8a-05-s0-d2,27,B,4,35,"[18600,26300,23300,31800]",4,-10.0,2,0,0,0,12,True
2025-2025041216gm-00a9-0000-3d010e8a-05-s0-d2,28,A,1,39,"[42900,30700,33700,-7300]",1,10.0,1,0,0,0,2,True
2025-2025041216gm-00a9-0000-3d010e8a-05-s0-d2,28,B,4,35,"[42600,19200,39300,-1100]",1,10.0,1,3,0,0,5,True
2025-2025041216gm-00a9-0000-3d010e8a-05-s0-d2,29,A,1,39,"[25900,36700,39700,-2300]",3,-4.0,1,0,0,0,2,True
2025-2025041216gm-00a9-0000-3d010e8a-05-s0-d2,29,B,4,35,"[8700,27000,36100,28200]",4,-10.0,1,3,0,0,5,True
2025-2025041216gm-00a9-0000-3d010e8a-05-s0-d2,30,A,1,39,"[10400,18800,39100,31700]",4,-10.0,1,3,3,0,9,True
2025-2025041216gm-00a9-0000-3d010e8a-05-s0-d2,30,B,4,35,"[10400,18800,39100,31700]",4,-10.0,1,3,3,0,9,True
2025-2025041216gm-00a9-0000-3d010e8a-05-s0-d2,31,A,1,39,"[3600,21000,34700,40700]",4,-10.0,1,3,0,0,5,True
2025-2025041216gm-00a9-0000-3d010e8a-05-s0-d2,31,B,4,35,"[6800,18000,31500,43700]",4,-10.0,1,3,0,0,5,True
2025-2025041216gm-00a9-0000-3d010e8a-05-s0-d2,32,A,1,39,"[14000,34200,48600,3200]",3,-4.0,1,3,1,0,5,True
2025-2025041216gm-00a9-0000-3d010e8a-05-s0-d2,32,B,4,35,"[4000,32900,59900,3200]",3,-4.0,1,3,0,0,5,True
2025-2025041216gm-00a9-0000-3d010e8a-05-s0-d2,33,A,1,39,"[3400,40200,29200,26200]",4,-10.0,1,3,1,1,6,True
2025-2025041216gm-00a9-0000-3d010e8a-05-s0-d2,33,B,4,35,"[26100,30700,24500,18700]",2,4.0,1,3,1,0,6,True
2025-2025041216gm-00a9-0000-3d010e8a-05-s0-d2,34,A,1,39,"[19500,29900,32500,18100]",3,-4.0,1,3,0,0,6,True
2025-2025041216gm-00a9-0000-3d010e8a-05-s0-d2,34,B,4,35,"[8900,31100,45800,14200]",4,-10.0,1,3,0,0,6,True
2025-2025041216gm-00a9-0000-3d010e8a-05-s0-d2,35,A,1,39,"[10700,58700,31300,-700]",3,-4.0,1,0,1,0,3,True
2025-2025041216gm-00a9-0000-3d010e8a-05-s0-d2,35,B,4,35,"[21300,25500,36600,16600]",3,-4.0,1,3,1,0,6,True
2025-2025041216gm-00a9-0000-3d010e8a-05-s0-d2,36,A,1,39,"[13700,39500,35900,10900]",3,-4.0,1,3,3,0,7,True
2025-2025041216gm-00a9-0000-3d010e8a-05-s0-d2,36,B,4,35,"[14800,42000,28800,14400]",3,-4.0,1,3,1,0,6,True
2025-2025041216gm-00a9-0000-3d010e8a-05-s0-d2,37,A,1,39,"[17900,30100,48900,3100]",3,-4.0,1,3,0,0,6,True
2025-2025041216gm-00a9-0000-3d010e8a-05-s0-d2,37,B,4,35,"[17900,30100,48900,3100]",3,-4.0,1,3,0,0,6,True
2025-2025041216gm-00a9-0000-3d010e8a-05-s0-d2,38,A,1,39,"[25200,13200,50900,10700]",2,4.0,1,3,2,0,8,True
2025-2025041216gm-00a9-0000-3d010e8a-05-s0-d2,38,B,4,35,"[21500,27200,42000,9300]",3,-4.0,1,3,0,0,5,True
2025-2025041216gm-00a9-0000-3d010e8a-05-s0-d2,39,A,1,39,"[29600,38500,33200,-1300]",3,-4.0,1,3,0,0,6,True
2025-2025041216gm-00a9-0000-3d010e8a-05-s0-d2,39,B,4,35,"[21400,21600,26700,30300]",4,-10.0,1,3,1,0,6,True
2025-2025041216gm-00a9-0000-3d010e8a-05-s0-d2,40,A,1,39,"[14500,23500,41800,20200]",4,-10.0,1,3,0,0,5,True
2025-2025041216gm-00a9-0000-3d010e8a-05-s0-d2,40,B,4,35,"[14500,23500,41800,20200]",4,-10.0,1,3,0,0,5,True
2025-2025041216gm-00a9-0000-3d010e8a-05-s0-d2,41,A,1,39,"[-1800,38900,46100,16800]",4,-10.0,1,2,1,0,5,True
2025-2025041216gm-00a9-0000-3d010e8a-05-s0-d2,41,B,4,35,"[-2800,42000,46100,14700]",4,-10.0,1,2,1,0,5,True
2025-2025041216gm-00a9-0000-3d010e8a-05-s0-d2,42,A,1,39,"[21800,19300,40000,18900]",2,4.0,1,3,0,0,5,True
2025-2025041216gm-00a9-0000-3d010e8a-05-s0-d2,42,B,4,35,"[13800,31800,46300,8100]",3,-4.0,1,3,1,0,6,True
2025-2025041216gm-00a9-0000-3d010e8a-05-s0-d2,43,A,1,39,"[6500,43800,47900,1800]",3,-4.0,1,3,0,0,6,True
2025-2025041216gm-00a9-0000-3d010e8a-05-s0-d2,43,B,4,35,"[27300,28800,40200,3700]",3,-4.0,1,3,0,0,5,True
2025-2025041216gm-00a9-0000-3d010e8a-05-s0-d2,44,A,1,39,"[24100,29200,35700,11000]",3,-4.0,1,3,0,0,6,True
2025-2025041216gm-00a9-0000-3d010e8a-05-s0-d2,44,B,4,35,"[12300,25900,42500,19300]",4,-10.0,1,3,0,0,6,True
2025-2025041216gm-00a9-0000-3d010e8a-05-s0-d2,45,A,1,39,"[13900,46900,39600,-400]",3,-4.0,1,2,2,0,7,True
2025-2025041216gm-00a9-0000-3d010e8a-05-s0-d2,45,B,4,35,"[13900,46900,39600,-400]",3,-4.0,1,2,2,0,7,True
2025-2025041216gm-00a9-0000-3d010e8a-05-s0-d2,46,A,1,39,"[4100,21600,56600,17700]",4,-10.0,1,3,0,0,7,True
2025-2025041216gm-00a9-0000-3d010e8a-05-s0-d2,46,B,4,35,"[-4600,42200,46700,15700]",4,-10.0,1,2,1,0,6,True
2025-2025041216gm-00a9-0000-3d010e8a-05-s0-d2,47,A,1,39,"[34000,23500,22800,19700]",1,10.0,1,3,0,0,7,True
2025-2025041216gm-00a9-0000-3d010e8a-05-s0-d2,47,B,4,35,"[45800,23700,34700,-4200]",1,10.0,1,0,1,0,3,True
2025-2025041216gm-00a9-0000-3d010e8a-05-s0-d2,48,A,1,39,"[32400,13400,40800,13400]",2,4.0,1,3,1,0,8,True
2025-2025041216gm-00a9-0000-3d010e8a-05-s0-d2,48,B,4,35,"[24400,12800,39400,23400]",2,4.0,1,3,2,0,8,True
2025-2025041216gm-00a9-0000-3d010e8a-05-s0-d2,49,A,1,39,"[15900,34700,37700,11700]",3,-4.0,1,3,0,0,5,True
2025-2025041216gm-00a9-0000-3d010e8a-05-s0-d2,49,B,4,35,"[18200,26000,30400,25400]",4,-10.0,1,3,0,0,6,True
2025-2025041216gm-00a9-0000-3d010e8a-05-s0-d2,50,A,1,39,"[-7000,50300,52000,4700]",4,-10.0,1,1,0,0,4,True
2025-2025041216gm-00a9-0000-3d010e8a-05-s0-d2,50,B,4,35,"[-7000,50300,52000,4700]",4,-10.0,1,1,0,0,4,True
2025-2025041216gm-00a9-0000-3d010e8a-05-s0-d2,51,A,1,39,"[13000,47400,30800,8800]",3,-4.0,1,3,0,0,5,True
2025-2025041216gm-00a9-0000-3d010e8a-05-s0-d2,51,B,4,35,"[19400,30400,30000,20200]",4,-10.0,1,3,1,0,6,True
2025-2025041216gm-00a9-0000-3d010e8a-05-s0-d2,52,A,1,39,"[27000,27700,30400,14900]",3,-4.0,1,3,0,0,5,True
2025-2025041216gm-00a9-0000-3d010e8a-05-s0-d2,52,B,4,35,"[26300,18100,35400,20200]",2,4.0,1,3,1,0,7,True
2025-2025041216gm-00a9-0000-3d010e8a-05-s0-d2,53,A,1,39,"[18000,32800,38500,10700]",3,-4.0,1,3,1,0,6,True
2025-2025041216gm-00a9-0000-3d010e8a-05-s0-d2,53,B,4,35,"[18000,32800,38500,10700]",3,-4.0,1,3,1,0,6,True
2025-2025041216gm-00a9-0000-3d010e8a-05-s0-d2,54,A,1,39,"[8300,27700,35100,28900]",4,-10.0,2,2,0,0,12,True
2025-2025041216gm-00a9-0000-3d010e8a-05-s0-d2,54,B,4,35,"[34000,27700,38700,-400]",2,4.0,1,0,1,0,4,True
2025-2025041216gm-00a9-0000-3d010e8a-05-s0-d2,55,A,1,39,"[-1700,40900,47100,13700]",4,-10.0,1,3,0,0,5,True
2025-2025041216gm-00a9-0000-3d010e8a-05-s0-d2,55,B,4,35,"[-1700,40900,47100,13700]",4,-10.0,1,3,0,0,5,True
2025-2025041216gm-00a9-0000-3d010e8a-05-s0-d2,56,A,1,39,"[21900,31600,32800,13700]",3,-4.0,1,3,0,0,5,True
2025-2025041216gm-00a9-0000-3d010e8a-05-s0-d2,56,B,4,35,"[9400,40800,32500,17300]",4,-10.0,1,3,1,0,6,True
2025-2025041216gm-00a9-0000-3d010e8a-05-s0-d2,57,A,1,39,"[8900,14100,60000,17000]",4,-10.0,1,3,1,0,8,True
2025-2025041216gm-00a9-0000-3d010e8a-05-s0-d2,57,B,4,35,"[8900,14100,60000,17000]",4,-10.0,1,3,1,0,8,True
2025-2025041216gm-00a9-0000-3d010e8a-05-s0-d2,58,A,1,39,"[20100,20300,34900,24700]",4,-10.0,1,3,1,0,6,True
2025-2025041216gm-00a9-0000-3d010e8a-05-s0-d2,58,B,4,35,"[11700,21400,31400,35500]",4,-10.0,1,3,0,0,5,True
2025-2025041216gm-00a9-0000-3d010e8a-05-s0-d2,59,A,1,39,"[21100,44000,30700,4200]",3,-4.0,1,3,1,0,10,True
2025-2025041216gm-00a9-0000-3d010e8a-05-s0-d2,59,B,4,35,"[7900,40900,30500,20700]",4,-10.0,1,3,0,0,8,True
2025-2025041216gm-00a9-0000-3d010e8a-05-s0-d2,60,A,1,39,"[7700,41300,49100,1900]",3,-4.0,1,3,0,0,6,True
2025-2025041216gm-00a9-0000-3d010e8a-05-s0-d2,60,B,4,35,"[21700,32500,39600,6200]",3,-4.0,1,3,0,0,7,True
2025-2025041216gm-00a9-0000-3d010e8a-05-s0-d2,61,A,1,39,"[25300,21700,30800,20200]",2,4.0,2,1,0,2,9,True
2025-2025041216gm-00a9-0000-3d010e8a-05-s0-d2,61,B,4,35,"[17900,37300,47400,-2600]",3,-4.0,1,0,1,0,3,True
2025-2025041216gm-00a9-0000-3d010e8a-05-s0-d2,62,A,1,39,"[16900,30700,43300,9100]",3,-4.0,1,3,0,0,5,True
2025-2025041216gm-00a9-0000-3d010e8a-05-s0-d2,62,B,4,35,"[23600,29100,34600,12700]",3,-4.0,1,3,0,0,5,True
2025-2025041216gm-00a9-0000-3d010e8a-05-s0-d2,63,A,1,39,"[12800,37100,32200,17900]",4,-10.0,1,3,0,0,5,True
2025-2025041216gm-00a9-0000-3d010e8a-05-s0-d2,63,B,4,35,"[12800,37100,32200,17900]",4,-10.0,1,3,0,0,5,True
2025-2025041216gm-00a9-0000-3d010e8a-05-s0-d2,64,A,1,39,"[-700,29200,24300,46200]",4,-10.0,1,3,0,1,5,True
2025-2025041216gm-00a9-0000-3d010e8a-05-s0-d2,64,B,4,35,"[10300,24000,57700,8000]",3,-4.0,1,3,0,0,6,True
2025-2025041216gm-00a9-0000-3d010e8a-05-s0-d2,65,A,1,39,"[10500,36200,39400,13900]",4,-10.0,1,3,0,0,7,True
2025-2025041216gm-00a9-0000-3d010e8a-05-s0-d2,65,B,4,35,"[10700,25200,46500,17600]",4,-10.0,1,3,1,0,8,True
2025-2025041216gm-00a9-0000-3d010e8a-05-s0-d2,66,A,1,39,"[36700,19400,35800,8100]",1,10.0,1,3,0,0,6,True
2025-2025041216gm-00a9-0000-3d010e8a-05-s0-d2,66,B,4,35,"[18900,13800,49600,17700]",2,4.0,1,3,0,0,9,True
2025-2025041216gm-00a9-0000-3d010e8a-05-s0-d2,67,A,1,39,"[17600,21100,32300,29000]",4,-10.0,1,3,1,0,7,True
2025-2025041216gm-00a9-0000-3d010e8a-05-s0-d2,67,B,4,35,"[23300,32300,31300,13100]",3,-4.0,1,3,0,0,6,True
2025-2025041216gm-00a9-0000-3d010e8a-05-s0-d2,68,A,1,39,"[23900,33700,33800,8600]",3,-4.0,1,3,0,0,5,True
2025-2025041216gm-00a9-0000-3d010e8a-05-s0-d2,68,B,4,35,"[18500,48700,30100,2700]",3,-4.0,1,3,0,0,6,True
2025-2025041216gm-00a9-0000-3d010e8a-05-s0-d2,69,A,1,39,"[17700,43400,20000,18900]",4,-10.0,1,3,1,0,6,True
2025-2025041216gm-00a9-0000-3d010e8a-05-s0-d2,69,B,4,35,"[20000,11000,49500,19500]",2,4.0,1,3,0,0,7,True
2025-2025041216gm-00a9-0000-3d010e8a-05-s0-d2,70,A,1,39,"[25300,36800,31200,6700]",3,-4.0,1,3,0,0,6,True
2025-2025041216gm-00a9-0000-3d010e8a-05-s0-d2,70,B,4,35,"[23800,26100,38400,11700]",3,-4.0,1,3,1,0,6,True
2025-2025041216gm-00a9-0000-3d010e8a-05-s0-d2,71,A,1,39,"[24200,24000,30200,21600]",2,4.0,1,3,1,0,7,True
2025-2025041216gm-00a9-0000-3d010e8a-05-s0-d2,71,B,4,35,"[25800,27000,37800,9400]",3,-4.0,1,3,1,0,5,True
2025-2025041216gm-00a9-0000-3d010e8a-05-s0-d2,72,A,1,39,"[38100,42500,22100,-2700]",2,4.0,1,3,0,0,7,True
2025-2025041216gm-00a9-0000-3d010e8a-05-s0-d2,72,B,4,35,"[38100,42500,22100,-2700]",2,4.0,1,3,0,0,7,True
2025-2025041216gm-00a9-0000-3d010e8a-05-s0-d2,73,A,1,39,"[15900,34300,38300,8500]",3,-4.0,1,3,2,3,5,True
2025-2025041216gm-00a9-0000-3d010e8a-05-s0-d2,73,B,4,35,"[15900,34300,38300,8500]",3,-4.0,1,3,2,3,5,True
2025-2025041216gm-00a9-0000-3d010e8a-05-s0-d2,74,A,1,39,"[15700,34500,33300,16500]",4,-10.0,1,3,0,0,7,True
2025-2025041216gm-00a9-0000-3d010e8a-05-s0-d2,74,B,4,35,"[18900,33200,32000,15900]",3,-4.0,1,3,0,0,7,True
2025-2025041216gm-00a9-0000-3d010e8a-05-s0-d2,75,A,1,39,"[2700,45100,36700,15500]",4,-10.0,1,3,0,0,5,True
2025-2025041216gm-00a9-0000-3d010e8a-05-s0-d2,75,B,4,35,"[2700,45100,36700,15500]",4,-10.0,1,3,0,0,5,True
2025-2025041216gm-00a9-0000-3d010e8a-05-s0-d2,76,A,1,39,"[29200,36500,37200,-2900]",3,-4.0,1,3,0,0,6,True
2025-2025041216gm-00a9-0000-3d010e8a-05-s0-d2,76,B,4,35,"[22300,31500,37900,8300]",3,-4.0,1,3,0,0,5,True
2025-2025041216gm-00a9-0000-3d010e8a-05-s0-d2,77,A,1,39,"[14900,35500,37700,11900]",3,-4.0,1,3,0,0,5,True
2025-2025041216gm-00a9-0000-3d010e8a-05-s0-d2,77,B,4,35,"[15900,35500,37700,10900]",3,-4.0,1,3,0,0,5,True
2025-2025041216gm-00a9-0000-3d010e8a-05-s0-d2,78,A,1,39,"[5600,56800,35500,2100]",3,-4.0,1,3,1,0,8,True
2025-2025041216gm-00a9-0000-3d010e8a-05-s0-d2,78,B,4,35,"[11500,28200,38300,21000]",4,-10.0,1,3,0,1,6,True
2025-2025041216gm-00a9-0000-3d010e8a-05-s0-d2,79,A,1,39,"[12900,31200,55400,500]",3,-4.0,1,3,1,0,7,True
2025-2025041216gm-00a9-0000-3d010e8a-05-s0-d2,79,B,4,35,"[12900,31200,55400,500]",3,-4.0,1,3,1,0,7,True
2025-2025041216gm-00a9-0000-3d010e8a-05-s0-d2,80,A,1,39,"[29300,30000,38600,2100]",3,-4.0,1,3,1,0,6,True
2025-2025041216gm-00a9-0000-3d010e8a-05-s0-d2,80,B,4,35,"[29300,30000,38600,2100]",3,-4.0,1,3,1,0,6,True
2025-2025041216gm-00a9-0000-3d010e8a-05-s0-d2,81,A,1,39,"[2800,33900,41000,22300]",4,-10.0,1,3,0,0,7,True
2025-2025041216gm-00a9-0000-3d010e8a-05-s0-d2,81,B,4,35,"[-2100,37800,41000,23300]",4,-10.0,1,3,0,0,7,True
2025-2025041216gm-00a9-0000-3d010e8a-05-s0-d2,82,A,1,39,"[17800,32000,35600,14600]",3,-4.0,1,3,0,0,6,True
2025-2025041216gm-00a9-0000-3d010e8a-05-s0-d2,82,B,4,35,"[17800,32000,35600,14600]",3,-4.0,1,3,0,0,6,True
2025-2025041216gm-00a9-0000-3d010e8a-05-s0-d2,83,A,1,39,"[16500,39000,24500,20000]",4,-10.0,1,3,1,0,8,True
2025-2025041216gm-00a9-0000-3d010e8a-05-s0-d2,83,B,4,35,"[2700,22000,36300,38000]",4,-10.0,1,3,2,1,12,True
2025-2025041216gm-00a9-0000-3d010e8a-05-s0-d2,84,A,1,39,"[17100,45700,31300,5900]",3,-4.0,1,3,0,0,6,True
2025-2025041216gm-00a9-0000-3d010e8a-05-s0-d2,84,B,4,35,"[17100,45700,31300,5900]",3,-4.0,1,3,0,0,6,True
2025-2025041216gm-00a9-0000-3d010e8a-05-s0-d2,85,A,1,39,"[22700,19500,35600,22200]",2,4.0,1,3,1,0,6,True
2025-2025041216gm-00a9-0000-3d010e8a-05-s0-d2,85,B,4,35,"[18200,19700,32500,29600]",4,-10.0,1,3,1,0,8,True
2025-2025041216gm-00a9-0000-3d010e8a-05-s0-d2,86,A,1,39,"[15800,18600,34800,30800]",4,-10.0,1,3,3,0,9,True
2025-2025041216gm-00a9-0000-3d010e8a-05-s0-d2,86,B,4,35,"[15800,18600,34800,30800]",4,-10.0,1,3,3,0,9,True
2025-2025041216gm-00a9-0000-3d010e8a-05-s0-d2,87,A,1,39,"[26700,41200,27700,4400]",3,-4.0,1,3,2,0,8,True
2025-2025041216gm-00a9-0000-3d010e8a-05-s0-d2,87,B,4,35,"[14000,16500,57400,12100]",3,-4.0,1,3,0,0,6,True
2025-2025041216gm-00a9-0000-3d010e8a-05-s0-d2,88,A,1,39,"[30500,19400,39800,10300]",2,4.0,1,3,3,0,9,True
2025-2025041216gm-00a9-0000-3d010e8a-05-s0-d2,88,B,4,35,"[4100,41200,45800,8900]",4,-10.0,1,3,0,0,8,True
2025-2025041216gm-00a9-0000-3d010e8a-05-s0-d2,89,A,1,39,"[28600,21100,50600,-300]",2,4.0,1,1,0,0,4,True
2025-2025041216gm-00a9-0000-3d010e8a-05-s0-d2,89,B,4,35,"[-200,32600,45800,21800]",4,-10.0,1,2,0,0,6,True
2025-2025041216gm-00a9-0000-3d010e8a-05-s0-d2,90,A,1,39,"[24000,43500,27800,4700]",3,-4.0,1,3,1,0,8,True
2025-2025041216gm-00a9-0000-3d010e8a-05-s0-d2,90,B,4,35,"[9400,36200,41400,10000]",4,-10.0,1,3,1,3,6,True
2025-2025041216gm-00a9-0000-3d010e8a-05-s0-d2,91,A,1,39,"[32800,12400,35800,18000]",2,4.0,1,3,1,1,10,True
2025-2025041216gm-00a9-0000-3d010e8a-05-s0-d2,91,B,4,35,"[15300,24200,52000,8500]",3,-4.0,1,3,2,0,8,True
2025-2025041216gm-00a9-0000-3d010e8a-05-s0-d2,92,A,1,39,"[22500,29000,30500,18000]",3,-4.0,1,3,2,0,8,True
2025-2025041216gm-00a9-0000-3d010e8a-05-s0-d2,92,B,4,35,"[21800,44200,37100,-3100]",3,-4.0,1,1,1,0,4,True
2025-2025041216gm-00a9-0000-3d010e8a-05-s0-d2,93,A,1,39,"[18400,44200,20200,17200]",3,-4.0,1,3,0,0,6,True
2025-2025041216gm-00a9-0000-3d010e8a-05-s0-d2,93,B,4,35,"[-3900,45800,46400,11700]",4,-10.0,1,2,1,0,6,True
2025-2025041216gm-00a9-0000-3d010e8a-05-s0-d2,94,A,1,39,"[12200,39000,35600,13200]",4,-10.0,1,3,0,0,6,True
2025-2025041216gm-00a9-0000-3d010e8a-05-s0-d2,94,B,4,35,"[11400,43900,39500,5200]",3,-4.0,1,3,0,0,6,True
2025-2025041216gm-00a9-0000-3d010e8a-05-s0-d2,95,A,1,39,"[17000,39300,34700,9000]",3,-4.0,1,3,0,0,5,True
2025-2025041216gm-00a9-0000-3d010e8a-05-s0-d2,95,B,4,35,"[21500,29800,43600,5100]",3,-4.0,1,3,0,0,5,True
2025-2025041216gm-00a9-0000-3d010e8a-05-s0-d2,96,A,1,39,"[17900,24400,54000,3700]",3,-4.0,1,3,0,0,5,True
2025-2025041216gm-00a9-0000-3d010e8a-05-s0-d2,96,B,4,35,"[14900,38000,44700,1400]",3,-4.0,1,3,0,1,5,True
2025-2025041216gm-00a9-0000-3d010e8a-05-s0-d2,97,A,1,39,"[23200,27700,54400,-5300]",3,-4.0,1,2,0,0,5,True
2025-2025041216gm-00a9-0000-3d010e8a-05-s0-d2,97,B,4,35,"[24800,21200,33500,20500]",2,4.0,1,3,2,0,6,True
2025-2025041216gm-00a9-0000-3d010e8a-05-s0-d2,98,A,1,39,"[31500,-3100,52000,19600]",2,4.0,1,2,0,0,6,True
2025-2025041216gm-00a9-0000-3d010e8a-05-s0-d2,98,B,4,35,"[35600,42200,25100,-2900]",2,4.0,1,3,1,0,9,True
2025-2025041216gm-00a9-0000-3d010e8a-05-s0-d2,99,A,1,39,"[25500,38800,38000,-2300]",3,-4.0,1,1,0,0,4,True
2025-2025041216gm-00a9-0000-3d010e8a-05-s0-d2,99,B,4,35,"[25500,38800,38000,-2300]",3,-4.0,1,1,0,0,4,True
2025-2025041216gm-00a9-0000-3d010e8a-05-s0-d2,100,A,1,39,"[29500,37100,28900,4500]",2,4.0,1,3,1,0,9,True
2025-2025041216gm-00a9-0000-3d010e8a-05-s0-d2,100,B,4,35,"[33800,4200,37400,23600]",2,4.0,1,3,3,1,9,True
2025-2025041216gm-00a9-0000-3d010e8a-05-s0-d2,101,A,1,39,"[11500,52700,39700,-3900]",3,-4.0,1,1,0,0,3,True
2025-2025041216gm-00a9-0000-3d010e8a-05-s0-d2,101,B,4,35,"[12000,41300,41100,5600]",3,-4.0,1,3,0,0,5,True
2025-2025041216gm-00a9-0000-3d010e8a-05-s0-d2,102,A,1,39,"[25900,26200,34500,13400]",3,-4.0,1,3,1,0,6,True
2025-2025041216gm-00a9-0000-3d010e8a-05-s0-d2,102,B,4,35,"[25900,29200,41500,2400]",3,-4.0,1,3,1,1,6,True
2025-2025041216gm-00a9-0000-3d010e8a-05-s0-d2,103,A,1,39,"[15600,25400,47000,12000]",3,-4.0,1,3,0,0,5,True
2025-2025041216gm-00a9-0000-3d010e8a-05-s0-d2,103,B,4,35,"[25800,19300,42600,12300]",2,4.0,1,3,2,0,5,True
2025-2025041216gm-00a9-0000-3d010e8a-05-s0-d2,104,A,1,39,"[7500,25700,55500,11300]",4,-10.0,1,3,0,0,7,True
2025-2025041216gm-00a9-0000-3d010e8a-05-s0-d2,104,B,4,35,"[7500,25700,55500,11300]",4,-10.0,1,3,0,0,7,True
2025-2025041216gm-00a9-0000-3d010e8a-05-s0-d2,105,A,1,39,"[18900,28800,42600,9700]",3,-4.0,1,3,1,0,6,True
2025-2025041216gm-00a9-0000-3d010e8a-05-s0-d2,105,B,4,35,"[33900,39200,35700,-8800]",3,-4.0,1,1,0,0,3,True
2025-2025041216gm-00a9-0000-3d010e8a-05-s0-d2,106,A,1,39,"[17900,32400,39300,10400]",3,-4.0,1,3,0,0,5,True
2025-2025041216gm-00a9-0000-3d010e8a-05-s0-d2,106,B,4,35,"[22700,36800,28300,12200]",3,-4.0,1,3,2,0,7,True
2025-2025041216gm-00a9-0000-3d010e8a-05-s0-d2,107,A,1,39,"[3300,33800,36800,26100]",4,-10.0,1,3,1,0,6,True
2025-2025041216gm-00a9-0000-3d010e8a-05-s0-d2,107,B,4,35,"[37600,16200,32900,13300]",1,10.0,1,3,2,0,7,True
2025-2025041216gm-00a9-0000-3d010e8a-05-s0-d2,108,A,1,39,"[-5800,39400,62700,3700]",4,-10.0,1,2,0,0,4,True
2025-2025041216gm-00a9-0000-3d010e8a-05-s0-d2,108,B,4,35,"[-5800,39400,62700,3700]",4,-10.0,1,2,0,0,4,True
2025-2025041216gm-00a9-0000-3d010e8a-05-s0-d2,109,A,1,39,"[21800,32200,39200,6800]",3,-4.0,1,3,3,0,7,True
2025-2025041216gm-00a9-0000-3d010e8a-05-s0-d2,109,B,4,35,"[20500,41700,39700,-1900]",3,-4.0,1,0,0,0,2,True
2025-2025041216gm-00a9-0000-3d010e8a-05-s0-d2,110,A,1,39,"[15200,44900,28500,11400]",3,-4.0,1,3,1,0,8,True
2025-2025041216gm-00a9-0000-3d010e8a-05-s0-d2,110,B,4,35,"[16700,45300,30100,7900]",3,-4.0,1,3,0,0,6,True
2025-2025041216gm-00a9-0000-3d010e8a-05-s0-d2,111,A,1,39,"[12300,26300,39100,22300]",4,-10.0,1,3,0,0,5,True
2025-2025041216gm-00a9-0000-3d010e8a-05-s0-d2,111,B,4,35,"[14700,20600,27400,37300]",4,-10.0,1,3,1,0,6,True
2025-2025041216gm-00a9-0000-3d010e8a-05-s0-d2,112,A,1,39,"[30800,39900,25100,4200]",2,4.0,1,3,0,0,5,True
2025-2025041216gm-00a9-0000-3d010e8a-05-s0-d2,112,B,4,35,"[30800,39900,25100,4200]",2,4.0,1,3,0,0,5,True
2025-2025041216gm-00a9-0000-3d010e8a-05-s0-d2,113,A,1,39,"[21400,32200,31500,14900]",3,-4.0,1,3,0,0,7,True
2025-2025041216gm-00a9-0000-3d010e8a-05-s0-d2,113,B,4,35,"[19900,33700,29000,17400]",3,-4.0,1,3,0,0,7,True
2025-2025041216gm-00a9-0000-3d010e8a-05-s0-d2,114,A,1,39,"[20700,40300,36800,2200]",3,-4.0,1,3,0,0,5,True
2025-2025041216gm-00a9-0000-3d010e8a-05-s0-d2,114,B,4,35,"[7700,19900,42500,29900]",4,-10.0,1,3,1,0,7,True
2025-2025041216gm-00a9-0000-3d010e8a-05-s0-d2,115,A,1,39,"[15300,22000,47800,14900]",3,-4.0,1,3,0,0,6,True
2025-2025041216gm-00a9-0000-3d010e8a-05-s0-d2,115,B,4,35,"[25400,24900,35300,14400]",2,4.0,1,3,0,0,5,True
2025-2025041216gm-00a9-0000-3d010e8a-05-s0-d2,116,A,1,39,"[2600,32900,33200,31300]",4,-10.0,1,3,0,0,6,True
2025-2025041216gm-00a9-0000-3d010e8a-05-s0-d2,116,B,4,35,"[26100,22500,37700,13700]",2,4.0,1,3,1,0,7,True
2025-2025041216gm-00a9-0000-3d010e8a-05-s0-d2,117,A,1,39,"[33000,2800,30800,33400]",2,4.0,1,3,0,0,8,True
2025-2025041216gm-00a9-0000-3d010e8a-05-s0-d2,117,B,4,35,"[33000,2800,30800,33400]",2,4.0,1,3,0,0,8,True
2025-2025041216gm-00a9-0000-3d010e8a-05-s0-d2,118,A,1,39,"[19500,31900,35300,13300]",3,-4.0,1,3,0,0,5,True
2025-2025041216gm-00a9-0000-3d010e8a-05-s0-d2,118,B,4,35,"[19500,31900,35300,13300]",3,-4.0,1,3,0,0,5,True
2025-2025041216gm-00a9-0000-3d010e8a-05-s0-d2,119,A,1,39,"[25100,16500,39500,18900]",2,4.0,1,3,0,0,7,True
2025-2025041216gm-00a9-0000-3d010e8a-05-s0-d2,119,B,4,35,"[25100,16500,39500,18900]",2,4.0,1,3,0,0,7,True
2025-2025041216gm-00a9-0000-3d010e8a-05-s0-d2,120,A,1,39,"[13100,27500,43500,15900]",4,-10.0,1,3,3,0,6,True
2025-2025041216gm-00a9-0000-3d010e8a-05-s0-d2,120,B,4,35,"[14300,31600,36200,17900]",4,-10.0,1,3,2,0,6,True
2025-2025041216gm-00a9-0000-3d010e8a-05-s0-d2,121,A,1,39,"[3700,35100,37800,23400]",4,-10.0,1,3,0,0,5,True
2025-2025041216gm-00a9-0000-3d010e8a-05-s0-d2,121,B,4,35,"[23500,30900,35300,10300]",3,-4.0,1,3,0,0,5,True
2025-2025041216gm-00a9-0000-3d010e8a-05-s0-d2,122,A,1,39,"[23100,21400,37400,18100]",2,4.0,1,3,0,0,5,True
2025-2025041216gm-00a9-0000-3d010e8a-05-s0-d2,122,B,4,35,"[10600,17200,73200,-1000]",3,-4.0,1,3,0,0,7,True
2025-2025041216gm-00a9-0000-3d010e8a-05-s0-d2,123,A,1,39,"[14900,28700,56700,-300]",3,-4.0,1,2,1,0,5,True
2025-2025041216gm-00a9-0000-3d010e8a-05-s0-d2,123,B,4,35,"[27000,28400,31200,13400]",3,-4.0,1,3,1,0,8,True
2025-2025041216gm-00a9-0000-3d010e8a-05-s0-d2,124,A,1,39,"[6600,29500,34200,29700]",4,-10.0,1,3,1,0,6,True
2025-2025041216gm-00a9-0000-3d010e8a-05-s0-d2,124,B,4,35,"[14000,22600,35700,27700]",4,-10.0,1,3,1,0,6,True
2025-2025041216gm-00a9-0000-3d010e8a-05-s0-d2,125,A,1,39,"[14700,37800,54800,-7300]",3,-4.0,1,2,1,0,7,True
2025-2025041216gm-00a9-0000-3d010e8a-05-s0-d2,125,B,4,35,"[21600,33900,33800,10700]",3,-4.0,1,3,0,0,9,True
2025-2025041216gm-00a9-0000-3d010e8a-05-s0-d2,126,A,1,39,"[33900,28700,39700,-2300]",2,4.0,0,3,0,0,1,True
2025-2025041216gm-00a9-0000-3d010e8a-05-s0-d2,126,B,4,35,"[39200,18400,33300,9100]",1,10.0,1,3,2,0,7,True
2025-2025041216gm-00a9-0000-3d010e8a-05-s0-d2,127,A,1,39,"[25300,27000,33600,14100]",3,-4.0,1,3,0,0,6,True
2025-2025041216gm-00a9-0000-3d010e8a-05-s0-d2,127,B,4,35,"[31200,14100,34800,19900]",2,4.0,1,3,1,0,6,True
2025-2025041216gm-00a9-0000-3d010e8a-05-s0-d2,128,A,1,39,"[15900,24500,56600,3000]",3,-4.0,1,3,0,0,6,True
2025-2025041216gm-00a9-0000-3d010e8a-05-s0-d2,128,B,4,35,"[11700,30000,48700,9600]",3,-4.0,1,3,1,0,6,True
2025-2025041216gm-00a9-0000-3d010e8a-05-s0-d2,129,A,1,39,"[39200,23400,27400,10000]",1,10.0,1,3,0,0,5,True
2025-2025041216gm-00a9-0000-3d010e8a-05-s0-d2,129,B,4,35,"[19100,32100,46700,2100]",3,-4.0,1,3,1,0,6,True
2025-2025041216gm-00a9-0000-3d010e8a-05-s0-d2,130,A,1,39,"[7900,27400,43600,21100]",4,-10.0,1,3,1,0,7,True
2025-2025041216gm-00a9-0000-3d010e8a-05-s0-d2,130,B,4,35,"[27200,28000,51400,-6600]",3,-4.0,1,3,0,0,6,True
2025-2025041216gm-00a9-0000-3d010e8a-05-s0-d2,131,A,1,39,"[25600,16900,50200,7300]",2,4.0,1,3,0,0,7,True
2025-2025041216gm-00a9-0000-3d010e8a-05-s0-d2,131,B,4,35,"[16600,24900,33000,25500]",4,-10.0,1,3,0,0,7,True
2025-2025041216gm-00a9-0000-3d010e8a-05-s0-d2,132,A,1,39,"[24100,32200,32700,11000]",3,-4.0,1,3,2,0,8,True
2025-2025041216gm-00a9-0000-3d010e8a-05-s0-d2,132,B,4,35,"[24100,32200,32700,11000]",3,-4.0,1,3,2,0,8,True
2025-2025041216gm-00a9-0000-3d010e8a-05-s0-d2,133,A,1,39,"[21900,12100,39700,26300]",3,-4.0,1,3,0,0,5,True
2025-2025041216gm-00a9-0000-3d010e8a-05-s0-d2,133,B,4,35,"[21900,12100,39700,26300]",3,-4.0,1,3,0,0,5,True
2025-2025041216gm-00a9-0000-3d010e8a-05-s0-d2,134,A,1,39,"[22800,27800,38100,11300]",3,-4.0,1,3,0,0,5,True
2025-2025041216gm-00a9-0000-3d010e8a-05-s0-d2,134,B,4,35,"[24400,30400,38700,6500]",3,-4.0,1,3,0,0,5,True
2025-2025041216gm-00a9-0000-3d010e8a-05-s0-d2,135,A,1,39,"[16600,32700,38000,12700]",3,-4.0,1,3,0,0,7,True
2025-2025041216gm-00a9-0000-3d010e8a-05-s0-d2,135,B,4,35,"[16600,32700,38000,12700]",3,-4.0,1,3,0,0,7,True
2025-2025041216gm-00a9-0000-3d010e8a-05-s0-d2,136,A,1,39,"[18800,38600,39200,3400]",3,-4.0,1,3,1,0,7,True
2025-2025041216gm-00a9-0000-3d010e8a-05-s0-d2,136,B,4,35,"[18800,38600,39200,3400]",3,-4.0,1,3,1,0,7,True
2025-2025041216gm-00a9-0000-3d010e8a-05-s0-d2,137,A,1,39,"[21700,25900,42400,10000]",3,-4.0,1,3,4,0,9,True
2025-2025041216gm-00a9-0000-3d010e8a-05-s0-d2,137,B,4,35,"[18400,43200,46500,-8100]",3,-4.0,1,0,1,0,3,True
2025-2025041216gm-00a9-0000-3d010e8a-05-s0-d2,138,A,1,39,"[32000,23100,29500,15400]",1,10.0,1,3,0,0,5,True
2025-2025041216gm-00a9-0000-3d010e8a-05-s0-d2,138,B,4,35,"[9700,42200,38500,9600]",3,-4.0,1,3,0,0,8,True
2025-2025041216gm-00a9-0000-3d010e8a-05-s0-d2,139,A,1,39,"[33900,28700,39700,-2300]",2,4.0,0,3,0,0,1,True
2025-2025041216gm-00a9-0000-3d010e8a-05-s0-d2,139,B,4,35,"[25100,10400,39000,25500]",3,-4.0,1,3,0,0,6,True
2025-2025041216gm-00a9-0000-3d010e8a-05-s0-d2,140,A,1,39,"[-7600,37800,38500,31300]",4,-10.0,1,3,1,0,6,True
2025-2025041216gm-00a9-0000-3d010e8a-05-s0-d2,140,B,4,35,"[-7600,37800,38500,31300]",4,-10.0,1,3,1,0,6,True
2025-2025041216gm-00a9-0000-3d010e8a-05-s0-d2,141,A,1,39,"[-3100,24800,43600,34700]",4,-10.0,1,0,0,0,3,True
2025-2025041216gm-00a9-0000-3d010e8a-05-s0-d2,141,B,4,35,"[27200,24400,36100,12300]",2,4.0,1,3,0,0,5,True
2025-2025041216gm-00a9-0000-3d010e8a-05-s0-d2,142,A,1,39,"[27600,22200,52400,-2200]",2,4.0,1,2,0,0,5,True
2025-2025041216gm-00a9-0000-3d010e8a-05-s0-d2,142,B,4,35,"[14300,28100,50900,6700]",3,-4.0,1,3,0,0,6,True
2025-2025041216gm-00a9-0000-3d010e8a-05-s0-d2,143,A,1,39,"[25900,35200,33900,5000]",3,-4.0,1,3,0,0,10,True
2025-2025041216gm-00a9-0000-3d010e8a-05-s0-d2,143,B,4,35,"[15400,28700,52600,3300]",3,-4.0,1,3,0,0,6,True
2025-2025041216gm-00a9-0000-3d010e8a-05-s0-d2,144,A,1,39,"[11100,27700,40700,20500]",4,-10.0,1,3,0,0,6,True
2025-2025041216gm-00a9-0000-3d010e8a-05-s0-d2,144,B,4,35,"[11100,27700,40700,20500]",4,-10.0,1,3,0,0,6,True
2025-2025041216gm-00a9-0000-3d010e8a-05-s0-d2,145,A,1,39,"[19900,34500,47100,-1500]",3,-4.0,1,1,0,0,6,True
2025-2025041216gm-00a9-0000-3d010e8a-05-s0-d2,145,B,4,35,"[11800,28800,51700,7700]",3,-4.0,1,3,2,0,7,True
2025-2025041216gm-00a9-0000-3d010e8a-05-s0-d2,146,A,1,39,"[23800,20100,33500,22600]",2,4.0,1,3,0,0,5,True
2025-2025041216gm-00a9-0000-3d010e8a-05-s0-d2,146,B,4,35,"[6100,40600,28200,25100]",4,-10.0,1,3,1,0,6,True
2025-2025041216gm-00a9-0000-3d010e8a-05-s0-d2,147,A,1,39,"[24100,19200,36400,20300]",2,4.0,1,3,0,0,5,True
2025-2025041216gm-00a9-0000-3d010e8a-05-s0-d2,147,B,4,35,"[18200,700,32900,48200]",3,-4.0,1,3,1,0,7,True
2025-2025041216gm-00a9-0000-3d010e8a-05-s0-d2,148,A,1,39,"[10000,14700,77900,-2600]",3,-4.0,1,2,1,0,8,True
2025-2025041216gm-00a9-0000-3d010e8a-05-s0-d2,148,B,4,35,"[15600,25200,52100,7100]",3,-4.0,1,3,0,0,7,True
2025-2025041216gm-00a9-0000-3d010e8a-05-s0-d2,149,A,1,39,"[16200,39200,46500,-1900]",3,-4.0,1,1,1,0,6,True
2025-2025041216gm-00a9-0000-3d010e8a-05-s0-d2,149,B,4,35,"[31000,27100,32700,9200]",2,4.0,1,3,1,0,10,True
2025-2025041216gm-00a9-0000-3d010e8a-05-s0-d2,150,A,1,39,"[11500,24700,49600,14200]",4,-10.0,1,3,0,0,5,True
2025-2025041216gm-00a9-0000-3d010e8a-05-s0-d2,150,B,4,35,"[11500,24700,49600,14200]",4,-10.0,1,3,0,0,5,True
2025-2025041216gm-00a9-0000-3d010e8a-05-s0-d2,151,A,1,39,"[28100,15600,48900,7400]",2,4.0,1,3,1,0,7,True
2025-2025041216gm-00a9-0000-3d010e8a-05-s0-d2,151,B,4,35,"[23800,33700,27900,14600]",3,-4.0,1,3,0,0,7,True
2025-2025041216gm-00a9-0000-3d010e8a-05-s0-d2,152,A,1,39,"[14300,47800,38300,-400]",3,-4.0,1,3,3,0,6,True
2025-2025041216gm-00a9-0000-3d010e8a-05-s0-d2,152,B,4,35,"[9100,19800,59100,12000]",4,-10.0,1,3,1,0,6,True
2025-2025041216gm-00a9-0000-3d010e8a-05-s0-d2,153,A,1,39,"[15400,20900,67000,-3300]",3,-4.0,1,2,0,0,5,True
2025-2025041216gm-00a9-0000-3d010e8a-05-s0-d2,153,B,4,35,"[16400,30600,28700,24300]",4,-10.0,1,3,0,0,5,True
2025-2025041216gm-00a9-0000-3d010e8a-05-s0-d2,154,A,1,39,"[21500,35500,27400,15600]",3,-4.0,1,3,0,0,8,True
2025-2025041216gm-00a9-0000-3d010e8a-05-s0-d2,154,B,4,35,"[16600,38300,41600,3500]",3,-4.0,1,3,3,0,7,True
2025-2025041216gm-00a9-0000-3d010e8a-05-s0-d2,155,A,1,39,"[8800,35400,46200,8600]",3,-4.0,1,3,0,1,6,True
2025-2025041216gm-00a9-0000-3d010e8a-05-s0-d2,155,B,4,35,"[8800,35400,46200,8600]",3,-4.0,1,3,0,1,6,True
2025-2025041216gm-00a9-0000-3d010e8a-05-s0-d2,156,A,1,39,"[3300,33600,43600,19500]",4,-10.0,1,3,0,0,5,True
2025-2025041216gm-00a9-0000-3d010e8a-05-s0-d2,156,B,4,35,"[3300,33600,43600,19500]",4,-10.0,1,3,0,0,5,True
2025-2025041216gm-00a9-0000-3d010e8a-05-s0-d2,157,A,1,39,"[26400,28700,31800,13100]",3,-4.0,2,0,1,0,8,True
2025-2025041216gm-00a9-0000-3d010e8a-05-s0-d2,157,B,4,35,"[29400,11500,33700,25400]",2,4.0,1,3,1,0,6,True
2025-2025041216gm-00a9-0000-3d010e8a-05-s0-d2,158,A,1,39,"[6200,41400,30700,21700]",4,-10.0,1,3,0,0,5,True
2025-2025041216gm-00a9-0000-3d010e8a-05-s0-d2,158,B,4,35,"[24400,34400,26700,14500]",3,-4.0,2,1,0,0,8,True
2025-2025041216gm-00a9-0000-3d010e8a-05-s0-d2,159,A,1,39,"[2500,19800,34300,42400]",4,-10.0,1,3,0,1,6,True
2025-2025041216gm-00a9-0000-3d010e8a-05-s0-d2,159,B,4,35,"[1300,26600,29800,42300]",4,-10.0,1,3,0,0,6,True
2025-2025041216gm-00a9-0000-3d010e8a-05-s0-d2,160,A,1,39,"[20900,37600,37700,3800]",3,-4.0,1,3,0,0,5,True
2025-2025041216gm-00a9-0000-3d010e8a-05-s0-d2,160,B,4,35,"[30900,26200,29700,13200]",1,10.0,1,3,0,0,5,True
2025-2025041216gm-00a9-0000-3d010e8a-05-s0-d2,161,A,1,39,"[14100,28500,40700,16700]",4,-10.0,1,3,1,0,6,True
2025-2025041216gm-00a9-0000-3d010e8a-05-s0-d2,161,B,4,35,"[15100,27500,40700,16700]",4,-10.0,1,3,1,0,6,True
2025-2025041216gm-00a9-0000-3d010e8a-05-s0-d2,162,A,1,39,"[28100,17500,44700,9700]",2,4.0,1,3,2,0,6,True
2025-2025041216gm-00a9-0000-3d010e8a-05-s0-d2,162,B,4,35,"[28100,17500,44700,9700]",2,4.0,1,3,2,0,6,True
2025-2025041216gm-00a9-0000-3d010e8a-05-s0-d2,163,A,1,39,"[39200,16800,32300,11700]",1,10.0,1,3,0,0,7,True
2025-2025041216gm-00a9-0000-3d010e8a-05-s0-d2,163,B,4,35,"[14200,55200,37300,-6700]",3,-4.0,1,1,0,0,3,True
2025-2025041216gm-00a9-0000-3d010e8a-05-s0-d2,164,A,1,39,"[16200,19800,39300,24700]",4,-10.0,1,3,0,0,5,True
2025-2025041216gm-00a9-0000-3d010e8a-05-s0-d2,164,B,4,35,"[16200,19800,39300,24700]",4,-10.0,1,3,0,0,5,True
2025-2025041216gm-00a9-0000-3d010e8a-05-s0-d2,165,A,1,39,"[14700,45200,28100,12000]",3,-4.0,1,3,0,0,5,True
2025-2025041216gm-00a9-0000-3d010e8a-05-s0-d2,165,B,4,35,"[14700,45200,28100,12000]",3,-4.0,1,3,0,0,5,True
2025-2025041216gm-00a9-0000-3d010e8a-05-s0-d2,166,A,1,39,"[15900,20900,43300,19900]",4,-10.0,1,3,0,0,6,True
2025-2025041216gm-00a9-0000-3d010e8a-05-s0-d2,166,B,4,35,"[31900,21200,39000,7900]",2,4.0,1,3,1,0,8,True
2025-2025041216gm-00a9-0000-3d010e8a-05-s0-d2,167,A,1,39,"[20500,32300,27700,19500]",3,-4.0,2,1,0,0,9,True
2025-2025041216gm-00a9-0000-3d010e8a-05-s0-d2,167,B,4,35,"[13000,28100,36700,22200]",4,-10.0,1,3,0,0,7,True
2025-2025041216gm-00a9-0000-3d010e8a-05-s0-d2,168,A,1,39,"[3500,22500,36200,37800]",4,-10.0,1,3,0,0,7,True
2025-2025041216gm-00a9-0000-3d010e8a-05-s0-d2,168,B,4,35,"[35900,19500,27200,17400]",1,10.0,1,3,0,0,6,True
2025-2025041216gm-00a9-0000-3d010e8a-05-s0-d2,169,A,1,39,"[31500,22100,50000,-3600]",2,4.0,1,1,1,0,6,True
2025-2025041216gm-00a9-0000-3d010e8a-05-s0-d2,169,B,4,35,"[18600,37800,38000,5600]",3,-4.0,1,3,0,0,6,True
2025-2025041216gm-00a9-0000-3d010e8a-05-s0-d2,170,A,1,39,"[19900,11600,28400,40100]",3,-4.0,1,3,0,0,7,True
2025-2025041216gm-00a9-0000-3d010e8a-05-s0-d2,170,B,4,35,"[24500,41700,27600,6200]",3,-4.0,1,3,0,0,7,True
2025-2025041216gm-00a9-0000-3d010e8a-05-s0-d2,171,A,1,39,"[11500,29700,38500,20300]",4,-10.0,1,3,1,0,6,True
2025-2025041216gm-00a9-0000-3d010e8a-05-s0-d2,171,B,4,35,"[-6900,28200,58100,20600]",4,-10.0,1,2,0,0,4,True
2025-2025041216gm-00a9-0000-3d010e8a-05-s0-d2,172,A,1,39,"[31300,32800,36300,-400]",3,-4.0,1,1,1,0,4,True
2025-2025041216gm-00a9-0000-3d010e8a-05-s0-d2,172,B,4,35,"[42400,11600,18200,27800]",1,10.0,1,3,1,0,7,True
2025-2025041216gm-00a9-0000-3d010e8a-05-s0-d2,173,A,1,39,"[6800,20000,67300,5900]",3,-4.0,1,3,0,0,5,True
2025-2025041216gm-00a9-0000-3d010e8a-05-s0-d2,173,B,4,35,"[6800,20000,67300,5900]",3,-4.0,1,3,0,0,5,True
2025-2025041216gm-00a9-0000-3d010e8a-05-s0-d2,174,A,1,39,"[17100,45700,30000,7200]",3,-4.0,1,3,1,0,5,True
2025-2025041216gm-00a9-0000-3d010e8a-05-s0-d2,174,B,4,35,"[41500,22400,32900,3200]",1,10.0,1,3,0,0,6,True
2025-2025041216gm-00a9-0000-3d010e8a-05-s0-d2,175,A,1,39,"[9500,35500,34600,20400]",4,-10.0,1,3,1,0,6,True
2025-2025041216gm-00a9-0000-3d010e8a-05-s0-d2,175,B,4,35,"[19300,39200,27300,14200]",3,-4.0,1,3,0,0,6,True
2025-2025041216gm-00a9-0000-3d010e8a-05-s0-d2,176,A,1,39,"[32200,23800,37600,6400]",2,4.0,1,3,0,0,6,True
2025-2025041216gm-00a9-0000-3d010e8a-05-s0-d2,176,B,4,35,"[12500,41600,34800,11100]",3,-4.0,1,3,0,0,5,True
2025-2025041216gm-00a9-0000-3d010e8a-05-s0-d2,177,A,1,39,"[39500,22100,40400,-2000]",2,4.0,1,0,2,0,4,True
2025-2025041216gm-00a9-0000-3d010e8a-05-s0-d2,177,B,4,35,"[-800,31200,40000,29600]",4,-10.0,1,3,1,0,7,True
2025-2025041216gm-00a9-0000-3d010e8a-05-s0-d2,178,A,1,39,"[3800,23000,51300,21900]",4,-10.0,1,3,0,0,5,True
2025-2025041216gm-00a9-0000-3d010e8a-05-s0-d2,178,B,4,35,"[5500,8600,49100,35800]",4,-10.0,1,3,1,1,6,True
2025-2025041216gm-00a9-0000-3d010e8a-05-s0-d2,179,A,1,39,"[28900,-5200,39700,36600]",3,-4.0,0,3,1,0,2,True
2025-2025041216gm-00a9-0000-3d010e8a-05-s0-d2,179,B,4,35,"[24500,27400,38500,9600]",3,-4.0,1,3,2,0,7,True
2025-2025041216gm-00a9-0000-3d010e8a-05-s0-d2,180,A,1,39,"[23200,25500,32500,18800]",3,-4.0,1,3,0,0,7,True
2025-2025041216gm-00a9-0000-3d010e8a-05-s0-d2,180,B,4,35,"[18500,17200,34400,28900]",3,-4.0,1,3,1,1,10,True
2025-2025041216gm-00a9-0000-3d010e8a-05-s0-d2,181,A,1,39,"[32500,-2800,54300,16000]",2,4.0,1,2,2,0,8,True
2025-2025041216gm-00a9-0000-3d010e8a-05-s0-d2,181,B,4,35,"[18900,19800,28700,32600]",4,-10.0,1,3,0,0,5,True
2025-2025041216gm-00a9-0000-3d010e8a-05-s0-d2,182,A,1,39,"[11300,35300,42800,10600]",3,-4.0,1,3,1,0,6,True
2025-2025041216gm-00a9-0000-3d010e8a-05-s0-d2,182,B,4,35,"[16400,36400,48700,-1500]",3,-4.0,1,3,1,0,5,True
2025-2025041216gm-00a9-0000-3d010e8a-05-s0-d2,183,A,1,39,"[14900,24000,49700,11400]",3,-4.0,1,3,0,0,5,True
2025-2025041216gm-00a9-0000-3d010e8a-05-s0-d2,183,B,4,35,"[21900,35400,47700,-5000]",3,-4.0,1,1,0,0,3,True
2025-2025041216gm-00a9-0000-3d010e8a-05-s0-d2,184,A,1,39,"[8800,41300,50000,-100]",3,-4.0,1,1,1,0,4,True
2025-2025041216gm-00a9-0000-3d010e8a-05-s0-d2,184,B,4,35,"[17100,40300,46300,-3700]",3,-4.0,1,1,2,0,5,True
2025-2025041216gm-00a9-0000-3d010e8a-05-s0-d2,185,A,1,39,"[13600,16700,48300,21400]",4,-10.0,1,3,2,0,9,True
2025-2025041216gm-00a9-0000-3d010e8a-05-s0-d2,185,B,4,35,"[35300,-4700,43100,26300]",2,4.0,1,3,0,0,6,True
2025-2025041216gm-00a9-0000-3d010e8a-05-s0-d2,186,A,1,39,"[44200,17900,41600,-3700]",1,10.0,1,3,0,0,6,True
2025-2025041216gm-00a9-0000-3d010e8a-05-s0-d2,186,B,4,35,"[34600,30100,27000,8300]",1,10.0,1,3,1,0,7,True
2025-2025041216gm-00a9-0000-3d010e8a-05-s0-d2,187,A,1,39,"[19800,13100,49400,17700]",2,4.0,1,3,1,0,9,True
2025-2025041216gm-00a9-0000-3d010e8a-05-s0-d2,187,B,4,35,"[19800,13100,49400,17700]",2,4.0,1,3,1,0,9,True
2025-2025041216gm-00a9-0000-3d010e8a-05-s0-d2,188,A,1,39,"[18100,26600,42300,13000]",3,-4.0,1,3,2,0,9,True
2025-2025041216gm-00a9-0000-3d010e8a-05-s0-d2,188,B,4,35,"[19900,24700,35300,20100]",4,-10.0,2,0,0,0,9,True
2025-2025041216gm-00a9-0000-3d010e8a-05-s0-d2,189,A,1,39,"[14400,32500,33300,19800]",4,-10.0,1,3,0,0,6,True
2025-2025041216gm-00a9-0000-3d010e8a-05-s0-d2,189,B,4,35,"[15600,31900,33800,18700]",4,-10.0,1,3,0,0,6,True
2025-2025041216gm-00a9-0000-3d010e8a-05-s0-d2,190,A,1,39,"[4900,40200,45500,9400]",4,-10.0,1,3,0,0,5,True
2025-2025041216gm-00a9-0000-3d010e8a-05-s0-d2,190,B,4,35,"[6600,39200,41900,12300]",4,-10.0,1,3,0,0,5,True
2025-2025041216gm-00a9-0000-3d010e8a-05-s0-d2,191,A,1,39,"[18500,32200,20200,29100]",4,-10.0,1,3,0,0,6,True
2025-2025041216gm-00a9-0000-3d010e8a-05-s0-d2,191,B,4,35,"[9600,37200,26400,26800]",4,-10.0,1,3,0,0,6,True
2025-2025041216gm-00a9-0000-3d010e8a-05-s0-d2,192,A,1,39,"[42900,28100,20700,8300]",1,10.0,1,3,0,0,6,True
2025-2025041216gm-00a9-0000-3d010e8a-05-s0-d2,192,B,4,35,"[25400,39000,35800,-200]",3,-4.0,1,2,0,0,4,True
2025-2025041216gm-00a9-0000-3d010e8a-05-s0-d2,193,A,1,39,"[23300,29500,41200,5000]",3,-4.0,1,3,0,1,5,True
2025-2025041216gm-00a9-0000-3d010e8a-05-s0-d2,193,B,4,35,"[32300,19300,40200,8200]",2,4.0,1,3,0,0,5,True
2025-2025041216gm-00a9-0000-3d010e8a-05-s0-d2,194,A,1,39,"[9500,2900,50900,36700]",3,-4.0,1,3,4,0,10,True
2025-2025041216gm-00a9-0000-3d010e8a-05-s0-d2,194,B,4,35,"[9500,2900,50900,36700]",3,-4.0,1,3,4,0,10,True
2025-2025041216gm-00a9-0000-3d010e8a-05-s0-d2,195,A,1,39,"[12800,49200,32500,5500]",3,-4.0,1,3,0,0,9,True
2025-2025041216gm-00a9-0000-3d010e8a-05-s0-d2,195,B,4,35,"[19800,19000,41100,20100]",3,-4.0,1,3,1,0,6,True
2025-2025041216gm-00a9-0000-3d010e8a-05-s0-d2,196,A,1,39,"[27800,19100,39300,13800]",2,4.0,1,3,0,0,5,True
2025-2025041216gm-00a9-0000-3d010e8a-05-s0-d2,196,B,4,35,"[18400,12200,52000,17400]",2,4.0,1,3,0,0,5,True
2025-2025041216gm-00a9-0000-3d010e8a-05-s0-d2,197,A,1,39,"[27400,21600,37400,13600]",2,4.0,1,3,1,0,7,True
2025-2025041216gm-00a9-0000-3d010e8a-05-s0-d2,197,B,4,35,"[22900,38900,40300,-2100]",3,-4.0,1,2,0,0,5,True
2025-2025041216gm-00a9-0000-3d010e8a-05-s0-d2,198,A,1,39,"[33400,26700,51900,-12000]",2,4.0,1,1,1,0,6,True
2025-2025041216gm-00a9-0000-3d010e8a-05-s0-d2,198,B,4,35,"[30100,19100,25300,25500]",1,10.0,2,1,1,0,10,True
2025-2025041216gm-00a9-0000-3d010e8a-05-s0-d2,199,A,1,39,"[22200,20900,39000,17900]",2,4.0,1,3,0,0,7,True
2025-2025041216gm-00a9-0000-3d010e8a-05-s0-d2,199,B,4,35,"[22100,25000,44500,8400]",3,-4.0,1,3,0,0,7,True
2025-2025041216gm-00a9-0000-3d010e8a-05-s0-d2,200,A,1,39,"[5900,17500,52900,23700]",4,-10.0,1,3,0,0,5,True
2025-2025041216gm-00a9-0000-3d010e8a-05-s0-d2,200,B,4,35,"[5900,17500,52900,23700]",4,-10.0,1,3,0,0,5,True
2025-2025041216gm-00a9-0000-3d010e8a-05-s0-d2,201,A,1,39,"[26300,28800,35100,9800]",3,-4.0,2,3,1,0,12,True
2025-2025041216gm-00a9-0000-3d010e8a-05-s0-d2,201,B,4,35,"[3600,40100,50200,6100]",4,-10.0,1,3,0,0,5,True
2025-2025041216gm-00a9-0000-3d010e8a-05-s0-d2,202,A,1,39,"[-5700,45400,48000,12300]",4,-10.0,1,1,2,0,5,True
2025-2025041216gm-00a9-0000-3d010e8a-05-s0-d2,202,B,4,35,"[15100,35100,33200,16600]",4,-10.0,1,3,1,0,8,True
2025-2025041216gm-00a9-0000-3d010e8a-05-s0-d2,203,A,1,39,"[1300,31700,21800,45200]",4,-10.0,1,3,0,0,10,True
2025-2025041216gm-00a9-0000-3d010e8a-05-s0-d2,203,B,4,35,"[1300,31700,21800,45200]",4,-10.0,1,3,0,0,10,True
2025-2025041216gm-00a9-0000-3d010e8a-05-s0-d2,204,A,1,39,"[19200,26700,38500,15600]",3,-4.0,1,3,2,0,7,True
2025-2025041216gm-00a9-0000-3d010e8a-05-s0-d2,204,B,4,35,"[34700,30900,17900,16500]",1,10.0,1,3,0,0,9,True
2025-2025041216gm-00a9-0000-3d010e8a-05-s0-d2,205,A,1,39,"[20300,16700,33500,29500]",3,-4.0,1,3,1,0,8,True
2025-2025041216gm-00a9-0000-3d010e8a-05-s0-d2,205,B,4,35,"[15600,27500,47300,9600]",3,-4.0,1,3,0,0,7,True
2025-2025041216gm-00a9-0000-3d010e8a-05-s0-d2,206,A,1,39,"[14800,40100,34700,10400]",3,-4.0,1,3,0,0,7,True
2025-2025041216gm-00a9-0000-3d010e8a-05-s0-d2,206,B,4,35,"[10000,29700,39500,20800]",4,-10.0,1,3,3,0,7,True
2025-2025041216gm-00a9-0000-3d010e8a-05-s0-d2,207,A,1,39,"[14000,45500,43100,-2600]",3,-4.0,1,2,1,0,8,True
2025-2025041216gm-00a9-0000-3d010e8a-05-s0-d2,207,B,4,35,"[32000,34000,35700,-1700]",3,-4.0,1,0,1,0,4,True
2025-2025041216gm-00a9-0000-3d010e8a-05-s0-d2,208,A,1,39,"[21600,21900,42900,13600]",3,-4.0,1,3,0,0,8,True
2025-2025041216gm-00a9-0000-3d010e8a-05-s0-d2,208,B,4,35,"[21600,21900,42900,13600]",3,-4.0,1,3,0,0,8,True
2025-2025041216gm-00a9-0000-3d010e8a-05-s0-d2,209,A,1,39,"[8100,48400,35200,8300]",4,-10.0,1,3,0,0,5,True
2025-2025041216gm-00a9-0000-3d010e8a-05-s0-d2,209,B,4,35,"[8100,48400,35200,8300]",4,-10.0,1,3,0,0,5,True
2025-2025041216gm-00a9-0000-3d010e8a-05-s0-d2,210,A,1,39,"[50600,21200,33100,-4900]",1,10.0,1,3,0,0,7,True
2025-2025041216gm-00a9-0000-3d010e8a-05-s0-d2,210,B,4,35,"[32200,28800,34200,4800]",2,4.0,1,3,0,0,8,True
2025-2025041216gm-00a9-0000-3d010e8a-05-s0-d2,211,A,1,39,"[23100,4800,36000,36100]",3,-4.0,1,3,1,0,9,True
2025-2025041216gm-00a9-0000-3d010e8a-05-s0-d2,211,B,4,35,"[900,27400,29500,42200]",4,-10.0,1,3,1,0,8,True
2025-2025041216gm-00a9-0000-3d010e8a-05-s0-d2,212,A,1,39,"[49400,20200,26800,3600]",1,10.0,1,3,0,0,6,True
2025-2025041216gm-00a9-0000-3d010e8a-05-s0-d2,212,B,4,35,"[28700,15900,46200,9200]",2,4.0,1,3,1,0,9,True
2025-2025041216gm-00a9-0000-3d010e8a-05-s0-d2,213,A,1,39,"[17900,37800,39600,4700]",3,-4.0,1,3,0,0,5,True
2025-2025041216gm-00a9-0000-3d010e8a-05-s0-d2,213,B,4,35,"[18400,38500,34400,8700]",3,-4.0,1,3,0,0,5,True
2025-2025041216gm-00a9-0000-3d010e8a-05-s0-d2,214,A,1,39,"[28100,19000,41500,11400]",2,4.0,1,3,0,0,6,True
2025-2025041216gm-00a9-0000-3d010e8a-05-s0-d2,214,B,4,35,"[28100,19000,41500,11400]",2,4.0,1,3,0,0,6,True
2025-2025041216gm-00a9-0000-3d010e8a-05-s0-d2,215,A,1,39,"[16100,31900,33300,18700]",4,-10.0,1,3,1,0,7,True
2025-2025041216gm-00a9-0000-3d010e8a-05-s0-d2,215,B,4,35,"[15400,29300,49700,5600]",3,-4.0,1,3,1,0,8,True
2025-2025041216gm-00a9-0000-3d010e8a-05-s0-d2,216,A,1,39,"[8700,27000,47800,16500]",4,-10.0,1,3,1,0,6,True
2025-2025041216gm-00a9-0000-3d010e8a-05-s0-d2,216,B,4,35,"[33800,12400,28000,25800]",1,10.0,1,3,0,0,7,True
2025-2025041216gm-00a9-0000-3d010e8a-05-s0-d2,217,A,1,39,"[15300,36500,51000,-2800]",3,-4.0,1,1,1,0,4,True
2025-2025041216gm-00a9-0000-3d010e8a-05-s0-d2,217,B,4,35,"[15300,36500,51000,-2800]",3,-4.0,1,1,1,0,4,True
2025-2025041216gm-00a9-0000-3d010e8a-05-s0-d2,218,A,1,39,"[21900,26700,52700,-1300]",3,-4.0,1,0,0,0,2,True
2025-2025041216gm-00a9-0000-3d010e8a-05-s0-d2,218,B,4,35,"[27000,27400,46800,-1200]",3,-4.0,1,0,1,0,3,True
2025-2025041216gm-00a9-0000-3d010e8a-05-s0-d2,219,A,1,39,"[28900,27900,39700,3500]",2,4.0,1,3,4,0,6,True
2025-2025041216gm-00a9-0000-3d010e8a-05-s0-d2,219,B,4,35,"[20600,23900,34200,21300]",4,-10.0,2,0,0,0,8,True
2025-2025041216gm-00a9-0000-3d010e8a-05-s0-d2,220,A,1,39,"[13300,36700,20600,29400]",4,-10.0,1,3,1,0,11,True
2025-2025041216gm-00a9-0000-3d010e8a-05-s0-d2,220,B,4,35,"[13300,36700,20600,29400]",4,-10.0,1,3,1,0,11,True
2025-2025041216gm-00a9-0000-3d010e8a-05-s0-d2,221,A,1,39,"[33800,27700,46100,-7600]",2,4.0,1,0,1,0,3,True
2025-2025041216gm-00a9-0000-3d010e8a-05-s0-d2,221,B,4,35,"[32700,17000,38100,12200]",2,4.0,1,3,0,0,7,True
2025-2025041216gm-00a9-0000-3d010e8a-05-s0-d2,222,A,1,39,"[25000,22400,39700,12900]",2,4.0,1,3,0,0,7,True
2025-2025041216gm-00a9-0000-3d010e8a-05-s0-d2,222,B,4,35,"[16500,29200,34300,20000]",4,-10.0,1,3,1,0,6,True
2025-2025041216gm-00a9-0000-3d010e8a-05-s0-d2,223,A,1,39,"[16500,22800,31000,29700]",4,-10.0,1,3,0,0,6,True
2025-2025041216gm-00a9-0000-3d010e8a-05-s0-d2,223,B,4,35,"[16500,22800,31000,29700]",4,-10.0,1,3,0,0,6,True
2025-2025041216gm-00a9-0000-3d010e8a-05-s0-d2,224,A,1,39,"[10000,25900,55100,9000]",3,-4.0,1,3,2,0,8,True
2025-2025041216gm-00a9-0000-3d010e8a-05-s0-d2,224,B,4,35,"[-2800,31100,39300,32400]",4,-10.0,1,3,0,0,5,True
2025-2025041216gm-00a9-0000-3d010e8a-05-s0-d2,225,A,1,39,"[13200,22100,53000,11700]",3,-4.0,1,3,0,0,6,True
2025-2025041216gm-00a9-0000-3d010e8a-05-s0-d2,225,B,4,35,"[9700,36600,42000,11700]",4,-10.0,1,3,1,0,8,True
2025-2025041216gm-00a9-0000-3d010e8a-05-s0-d2,226,A,1,39,"[2800,22500,43100,31600]",4,-10.0,1,3,1,0,7,True
2025-2025041216gm-00a9-0000-3d010e8a-05-s0-d2,226,B,4,35,"[2800,22500,43100,31600]",4,-10.0,1,3,1,0,7,True
2025-2025041216gm-00a9-0000-3d010e8a-05-s0-d2,227,A,1,39,"[12600,16300,41700,29400]",4,-10.0,1,3,1,0,8,True
2025-2025041216gm-00a9-0000-3d010e8a-05-s0-d2,227,B,4,35,"[21100,15500,53700,9700]",2,4.0,1,3,0,0,5,True
2025-2025041216gm-00a9-0000-3d010e8a-05-s0-d2,228,A,1,39,"[35900,21700,42700,-300]",2,4.0,1,0,0,0,2,True
2025-2025041216gm-00a9-0000-3d010e8a-05-s0-d2,228,B,4,35,"[35900,21700,42700,-300]",2,4.0,1,0,0,0,2,True
2025-2025041216gm-00a9-0000-3d010e8a-05-s0-d2,229,A,1,39,"[-700,32200,68300,200]",4,-10.0,1,2,0,0,5,True
2025-2025041216gm-00a9-0000-3d010e8a-05-s0-d2,229,B,4,35,"[18100,28200,47600,6100]",3,-4.0,1,3,0,0,7,True
2025-2025041216gm-00a9-0000-3d010e8a-05-s0-d2,230,A,1,39,"[21200,18400,33600,26800]",3,-4.0,1,3,0,0,5,True
2025-2025041216gm-00a9-0000-3d010e8a-05-s0-d2,230,B,4,35,"[9600,29400,32200,28800]",4,-10.0,1,3,1,0,6,True
2025-2025041216gm-00a9-0000-3d010e8a-05-s0-d2,231,A,1,39,"[30400,14700,39000,15900]",2,4.0,1,3,0,0,6,True
2025-2025041216gm-00a9-0000-3d010e8a-05-s0-d2,231,B,4,35,"[30400,14700,39000,15900]",2,4.0,1,3,0,0,6,True
2025-2025041216gm-00a9-0000-3d010e8a-05-s0-d2,232,A,1,39,"[17900,31200,34800,16100]",3,-4.0,1,3,1,0,8,True
2025-2025041216gm-00a9-0000-3d010e8a-05-s0-d2,232,B,4,35,"[12200,36200,43200,8400]",3,-4.0,1,3,0,0,7,True
2025-2025041216gm-00a9-0000-3d010e8a-05-s0-d2,233,A,1,39,"[16600,40000,43900,-500]",3,-4.0,1,0,1,0,4,True
2025-2025041216gm-00a9-0000-3d010e8a-05-s0-d2,233,B,4,35,"[-2400,37000,39700,25700]",4,-10.0,0,3,1,0,2,True
2025-2025041216gm-00a9-0000-3d010e8a-05-s0-d2,234,A,1,39,"[17500,32000,35800,14700]",3,-4.0,1,3,0,0,7,True
2025-2025041216gm-00a9-0000-3d010e8a-05-s0-d2,234,B,4,35,"[31100,19700,37500,11700]",2,4.0,1,3,0,0,7,True
2025-2025041216gm-00a9-0000-3d010e8a-05-s0-d2,235,A,1,39,"[12500,37400,40700,9400]",3,-4.0,1,3,0,0,5,True
2025-2025041216gm-00a9-0000-3d010e8a-05-s0-d2,235,B,4,35,"[-7600,25700,69200,12700]",4,-10.0,1,2,2,0,6,True
2025-2025041216gm-00a9-0000-3d010e8a-05-s0-d2,236,A,1,39,"[23900,25700,40900,9500]",3,-4.0,1,3,0,0,7,True
2025-2025041216gm-00a9-0000-3d010e8a-05-s0-d2,236,B,4,35,"[23900,25700,40900,9500]",3,-4.0,1,3,0,0,7,True
2025-2025041216gm-00a9-0000-3d010e8a-05-s0-d2,237,A,1,39,"[10400,31700,34700,23200]",4,-10.0,1,3,0,0,6,True
2025-2025041216gm-00a9-0000-3d010e8a-05-s0-d2,237,B,4,35,"[22700,37700,39700,-100]",3,-4.0,1,0,0,0,2,True
2025-2025041216gm-00a9-0000-3d010e8a-05-s0-d2,238,A,1,39,"[8300,37100,37500,16100]",4,-10.0,1,3,0,1,6,True
2025-2025041216gm-00a9-0000-3d010e8a-05-s0-d2,238,B,4,35,"[8300,37100,37500,16100]",4,-10.0,1,3,0,1,6,True
2025-2025041216gm-00a9-0000-3d010e8a-05-s0-d2,239,A,1,39,"[23900,25000,36700,14400]",3,-4.0,1,3,0,0,5,True
2025-2025041216gm-00a9-0000-3d010e8a-05-s0-d2,239,B,4,35,"[23900,25000,36700,14400]",3,-4.0,1,3,0,0,5,True
2025-2025041216gm-00a9-0000-3d010e8a-05-s0-d2,240,A,1,39,"[23400,7100,34700,34800]",3,-4.0,1,3,0,0,8,True
2025-2025041216gm-00a9-0000-3d010e8a-05-s0-d2,240,B,4,35,"[24900,23800,19900,31400]",2,4.0,1,3,0,0,6,True
2025-2025041216gm-00a9-0000-3d010e8a-05-s0-d2,241,A,1,39,"[11800,45200,37500,5500]",3,-4.0,1,3,1,0,12,True
2025-2025041216gm-00a9-0000-3d010e8a-05-s0-d2,241,B,4,35,"[16900,30300,41700,11100]",3,-4.0,1,3,2,0,5,True
2025-2025041216gm-00a9-0000-3d010e8a-05-s0-d2,242,A,1,39,"[8600,48200,33900,9300]",4,-10.0,1,3,0,0,6,True
2025-2025041216gm-00a9-0000-3d010e8a-05-s0-d2,242,B,4,35,"[8300,38500,32100,21100]",4,-10.0,1,3,1,0,7,True
2025-2025041216gm-00a9-0000-3d010e8a-05-s0-d2,243,A,1,39,"[32600,24200,25700,17500]",1,10.0,1,3,1,0,6,True
2025-2025041216gm-00a9-0000-3d010e8a-05-s0-d2,243,B,4,35,"[32600,24200,25700,17500]",1,10.0,1,3,1,0,6,True
2025-2025041216gm-00a9-0000-3d010e8a-05-s0-d2,244,A,1,39,"[24100,17300,41600,17000]",2,4.0,1,3,0,0,7,True
2025-2025041216gm-00a9-0000-3d010e8a-05-s0-d2,244,B,4,35,"[28700,14400,37700,19200]",2,4.0,1,3,0,0,7,True
2025-2025041216gm-00a9-0000-3d010e8a-05-s0-d2,245,A,1,39,"[7400,15400,43800,33400]",4,-10.0,1,3,1,0,7,True
2025-2025041216gm-00a9-0000-3d010e8a-05-s0-d2,245,B,4,35,"[29900,32900,39200,-2000]",3,-4.0,1,3,0,0,8,True
2025-2025041216gm-00a9-0000-3d010e8a-05-s0-d2,246,A,1,39,"[14500,40000,31100,14400]",3,-4.0,1,3,1,0,6,True
2025-2025041216gm-00a9-0000-3d010e8a-05-s0-d2,246,B,4,35,"[20600,24700,44900,9800]",3,-4.0,1,3,2,0,6,True
2025-2025041216gm-00a9-0000-3d010e8a-05-s0-d2,247,A,1,39,"[-2100,23100,53000,26000]",4,-10.0,1,0,1,0,5,True
2025-2025041216gm-00a9-0000-3d010e8a-05-s0-d2,247,B,4,35,"[-2100,23100,53000,26000]",4,-10.0,1,0,1,0,5,True
2025-2025041216gm-00a9-0000-3d010e8a-05-s0-d2,248,A,1,39,"[8300,36200,34900,20600]",4,-10.0,1,3,1,0,8,True
2025-2025041216gm-00a9-0000-3d010e8a-05-s0-d2,248,B,4,35,"[8300,36200,34900,20600]",4,-10.0,1,3,1,0,8,True
2025-2025041216gm-00a9-0000-3d010e8a-05-s0-d2,249,A,1,39,"[25100,18200,20000,36700]",2,4.0,1,3,0,0,7,True
2025-2025041216gm-00a9-0000-3d010e8a-05-s0-d2,249,B,4,35,"[18400,17600,35400,28600]",3,-4.0,1,3,0,0,6,True
2025-2025041216gm-00a9-0000-3d010e8a-05-s0-d2,250,A,1,39,"[-7500,48700,45400,13400]",4,-10.0,1,2,1,0,7,True
2025-2025041216gm-00a9-0000-3d010e8a-05-s0-d2,250,B,4,35,"[-7500,48700,45400,13400]",4,-10.0,1,2,1,0,7,True
2025-2025041216gm-00a9-0000-3d010e8a-05-s0-d2,251,A,1,39,"[23700,20800,30300,25200]",3,-4.0,1,3,2,0,6,True
2025-2025041216gm-00a9-0000-3d010e8a-05-s0-d2,251,B,4,35,"[40400,31300,36400,-8100]",1,10.0,1,3,1,0,5,True
2025-2025041216gm-00a9-0000-3d010e8a-05-s0-d2,252,A,1,39,"[15000,22200,51800,11000]",3,-4.0,1,3,2,0,6,True
2025-2025041216gm-00a9-0000-3d010e8a-05-s0-d2,252,B,4,35,"[15000,22200,51800,11000]",3,-4.0,1,3,2,0,6,True
2025-2025041216gm-00a9-0000-3d010e8a-05-s0-d2,253,A,1,39,"[25100,29900,35700,9300]",3,-4.0,1,3,0,0,6,True
2025-2025041216gm-00a9-0000-3d010e8a-05-s0-d2,253,B,4,35,"[19000,27800,43800,9400]",3,-4.0,1,3,0,0,5,True
2025-2025041216gm-00a9-0000-3d010e8a-05-s0-d2,254,A,1,39,"[22400,15600,48100,13900]",2,4.0,1,3,0,0,6,True
2025-2025041216gm-00a9-0000-3d010e8a-05-s0-d2,254,B,4,35,"[22400,15600,48100,13900]",2,4.0,1,3,0,0,6,True
2025-2025041216gm-00a9-0000-3d010e8a-05-s0-d2,255,A,1,39,"[38100,20700,30400,10800]",1,10.0,1,3,4,0,8,True
2025-2025041216gm-00a9-0000-3d010e8a-05-s0-d2,255,B,4,35,"[25300,21200,41500,12000]",2,4.0,1,3,0,0,6,True
2025-2025041314gm-00a9-0000-447ba93f-06-s3-d5,0,A,1,60,"[45900,19100,1600,33400]",2,4.0,1,3,1,0,4,True
2025-2025041314gm-00a9-0000-447ba93f-06-s3-d5,0,B,2,67,"[45900,19100,1600,33400]",2,4.0,1,3,1,0,4,True
2025-2025041314gm-00a9-0000-447ba93f-06-s3-d5,1,A,1,60,"[37900,1700,40100,20300]",3,-4.0,1,3,2,0,6,True
2025-2025041314gm-00a9-0000-447ba93f-06-s3-d5,1,B,2,67,"[37900,1700,40100,20300]",3,-4.0,1,3,2,0,6,True
2025-2025041314gm-00a9-0000-447ba93f-06-s3-d5,2,A,1,60,"[30100,26600,25600,17700]",4,-10.0,1,3,0,0,5,True
2025-2025041314gm-00a9-0000-447ba93f-06-s3-d5,2,B,2,67,"[30900,25300,19500,24300]",3,-4.0,1,3,0,0,4,True
2025-2025041314gm-00a9-0000-447ba93f-06-s3-d5,3,A,1,60,"[43800,12000,29600,14600]",3,-4.0,1,3,1,0,3,True
2025-2025041314gm-00a9-0000-447ba93f-06-s3-d5,3,B,2,67,"[38400,1700,31800,28100]",3,-4.0,1,3,0,0,3,True
2025-2025041314gm-00a9-0000-447ba93f-06-s3-d5,4,A,1,60,"[45000,4500,33500,17000]",3,-4.0,1,3,0,0,5,True
2025-2025041314gm-00a9-0000-447ba93f-06-s3-d5,4,B,2,67,"[45000,4500,33500,17000]",3,-4.0,1,3,0,0,5,True
2025-2025041314gm-00a9-0000-447ba93f-06-s3-d5,5,A,1,60,"[33700,16000,24900,25400]",2,4.0,1,3,3,0,5,True
2025-2025041314gm-00a9-0000-447ba93f-06-s3-d5,5,B,2,67,"[34200,26400,13500,25900]",3,-4.0,1,3,0,0,4,True
2025-2025041314gm-00a9-0000-447ba93f-06-s3-d5,6,A,1,60,"[44600,16600,23800,15000]",4,-10.0,1,3,0,0,3,True
2025-2025041314gm-00a9-0000-447ba93f-06-s3-d5,6,B,2,67,"[44600,16600,23800,15000]",4,-10.0,1,3,0,0,3,True
2025-2025041314gm-00a9-0000-447ba93f-06-s3-d5,7,A,1,60,"[46300,21000,24300,8400]",4,-10.0,1,3,1,0,3,True
2025-2025041314gm-00a9-0000-447ba93f-06-s3-d5,7,B,2,67,"[33200,28700,15500,22600]",3,-4.0,1,3,0,0,5,True
2025-2025041314gm-00a9-0000-447ba93f-06-s3-d5,8,A,1,60,"[38500,14300,23800,23400]",3,-4.0,1,3,1,0,4,True
2025-2025041314gm-00a9-0000-447ba93f-06-s3-d5,8,B,2,67,"[33200,24800,22500,19500]",4,-10.0,1,3,0,0,3,True
2025-2025041314gm-00a9-0000-447ba93f-06-s3-d5,9,A,1,60,"[32800,28800,8200,30200]",2,4.0,1,3,1,0,4,True
2025-2025041314gm-00a9-0000-447ba93f-06-s3-d5,9,B,2,67,"[32800,28800,8200,30200]",2,4.0,1,3,1,0,4,True
2025-2025041314gm-00a9-0000-447ba93f-06-s3-d5,10,A,1,60,"[33500,12800,21300,32400]",2,4.0,1,3,0,0,4,True
2025-2025041314gm-00a9-0000-447ba93f-06-s3-d5,10,B,2,67,"[33500,12800,21300,32400]",2,4.0,1,3,0,0,4,True
2025-2025041314gm-00a9-0000-447ba93f-06-s3-d5,11,A,1,60,"[21500,28700,38200,11600]",4,-10.0,1,3,2,0,5,True
2025-2025041314gm-00a9-0000-447ba93f-06-s3-d5,11,B,2,67,"[21500,28700,38200,11600]",4,-10.0,1,3,2,0,5,True
2025-2025041314gm-00a9-0000-447ba93f-06-s3-d5,12,A,1,60,"[34500,16500,27200,21800]",3,-4.0,1,3,1,0,4,True
2025-2025041314gm-00a9-0000-447ba93f-06-s3-d5,12,B,2,67,"[34500,16500,27200,21800]",3,-4.0,1,3,1,0,4,True
2025-2025041314gm-00a9-0000-447ba93f-06-s3-d5,13,A,1,60,"[35400,9600,19800,35200]",2,4.0,1,3,1,0,3,True
2025-2025041314gm-00a9-0000-447ba93f-06-s3-d5,13,B,2,67,"[41800,3200,19800,35200]",2,4.0,1,3,1,0,3,True
2025-2025041314gm-00a9-0000-447ba93f-06-s3-d5,14,A,1,60,"[40800,33200,18900,7100]",4,-10.0,1,3,1,0,6,True
2025-2025041314gm-00a9-0000-447ba93f-06-s3-d5,14,B,2,67,"[42500,25500,13900,18100]",3,-4.0,1,3,0,0,3,True
2025-2025041314gm-00a9-0000-447ba93f-06-s3-d5,15,A,1,60,"[30400,16300,24600,28700]",2,4.0,1,3,0,0,3,True
2025-2025041314gm-00a9-0000-447ba93f-06-s3-d5,15,B,2,67,"[30400,16300,24600,28700]",2,4.0,1,3,0,0,3,True
2025-2025041314gm-00a9-0000-447ba93f-06-s3-d5,16,A,1,60,"[53400,6800,20200,19600]",3,-4.0,1,3,0,0,4,True
2025-2025041314gm-00a9-0000-447ba93f-06-s3-d5,16,B,2,67,"[30100,26100,22700,21100]",4,-10.0,1,3,1,0,4,True
2025-2025041314gm-00a9-0000-447ba93f-06-s3-d5,17,A,1,60,"[37500,29300,8700,24500]",3,-4.0,1,3,1,0,5,True
2025-2025041314gm-00a9-0000-447ba93f-06-s3-d5,17,B,2,67,"[37500,29300,8700,24500]",3,-4.0,1,3,1,0,5,True
2025-2025041314gm-00a9-0000-447ba93f-06-s3-d5,18,A,1,60,"[40000,19500,17300,23200]",2,4.0,1,3,0,0,3,True
2025-2025041314gm-00a9-0000-447ba93f-06-s3-d5,18,B,2,67,"[31100,25400,21500,22000]",3,-4.0,1,3,1,0,4,True
2025-2025041314gm-00a9-0000-447ba93f-06-s3-d5,19,A,1,60,"[29500,25300,31100,14100]",4,-10.0,1,3,0,0,4,True
2025-2025041314gm-00a9-0000-447ba93f-06-s3-d5,19,B,2,67,"[29500,25300,31100,14100]",4,-10.0,1,3,0,0,4,True
2025-2025041314gm-00a9-0000-447ba93f-06-s3-d5,20,A,1,60,"[41200,17500,25100,16200]",4,-10.0,1,3,1,0,4,True
2025-2025041314gm-00a9-0000-447ba93f-06-s3-d5,20,B,2,67,"[24300,29800,14700,31200]",1,10.0,1,3,1,0,6,True
2025-2025041314gm-00a9-0000-447ba93f-06-s3-d5,21,A,1,60,"[38300,20900,21200,18600]",4,-10.0,1,3,1,1,4,True
2025-2025041314gm-00a9-0000-447ba93f-06-s3-d5,21,B,2,67,"[35000,31100,8000,25900]",3,-4.0,1,3,1,0,4,True
2025-2025041314gm-00a9-0000-447ba93f-06-s3-d5,22,A,1,60,"[35200,24900,18000,21900]",3,-4.0,1,3,1,0,4,True
2025-2025041314gm-00a9-0000-447ba93f-06-s3-d5,22,B,2,67,"[48300,17400,13900,20400]",2,4.0,1,3,1,0,4,True
2025-2025041314gm-00a9-0000-447ba93f-06-s3-d5,23,A,1,60,"[32900,13600,36900,16600]",3,-4.0,1,3,1,0,4,True
2025-2025041314gm-00a9-0000-447ba93f-06-s3-d5,23,B,2,67,"[33500,21900,12400,32200]",2,4.0,1,3,0,0,3,True
2025-2025041314gm-00a9-0000-447ba93f-06-s3-d5,24,A,1,60,"[35500,27500,17800,19200]",3,-4.0,1,3,0,0,3,True
2025-2025041314gm-00a9-0000-447ba93f-06-s3-d5,24,B,2,67,"[35500,27500,17800,19200]",3,-4.0,1,3,0,0,3,True
2025-2025041314gm-00a9-0000-447ba93f-06-s3-d5,25,A,1,60,"[31300,15100,19200,34400]",1,10.0,1,3,0,0,4,True
2025-2025041314gm-00a9-0000-447ba93f-06-s3-d5,25,B,2,67,"[37000,19000,21300,20700]",3,-4.0,1,3,2,2,3,True
2025-2025041314gm-00a9-0000-447ba93f-06-s3-d5,26,A,1,60,"[31300,21700,21800,25200]",2,4.0,2,0,0,0,4,True
2025-2025041314gm-00a9-0000-447ba93f-06-s3-d5,26,B,2,67,"[23500,32500,19800,24200]",2,4.0,2,0,0,0,4,True
2025-2025041314gm-00a9-0000-447ba93f-06-s3-d5,27,A,1,60,"[40000,7000,20800,32200]",2,4.0,1,3,0,0,3,True
2025-2025041314gm-00a9-0000-447ba93f-06-s3-d5,27,B,2,67,"[40000,7000,20800,32200]",2,4.0,1,3,0,0,3,True
2025-2025041314gm-00a9-0000-447ba93f-06-s3-d5,28,A,1,60,"[36100,12700,23100,28100]",2,4.0,1,3,0,0,3,True
2025-2025041314gm-00a9-0000-447ba93f-06-s3-d5,28,B,2,67,"[36100,12700,23100,28100]",2,4.0,1,3,0,0,3,True
2025-2025041314gm-00a9-0000-447ba93f-06-s3-d5,29,A,1,60,"[33600,25800,20900,19700]",4,-10.0,1,3,2,0,3,True
2025-2025041314gm-00a9-0000-447ba93f-06-s3-d5,29,B,2,67,"[37400,5500,33400,23700]",3,-4.0,1,3,0,0,4,True
2025-2025041314gm-00a9-0000-447ba93f-06-s3-d5,30,A,1,60,"[41500,20300,22300,15900]",4,-10.0,1,3,0,0,3,True
2025-2025041314gm-00a9-0000-447ba93f-06-s3-d5,30,B,2,67,"[39800,26300,17300,16600]",4,-10.0,1,3,0,0,3,True
2025-2025041314gm-00a9-0000-447ba93f-06-s3-d5,31,A,1,60,"[35500,18500,13800,32200]",2,4.0,1,3,0,0,3,True
2025-2025041314gm-00a9-0000-447ba93f-06-s3-d5,31,B,2,67,"[35500,18500,13800,32200]",2,4.0,1,3,0,0,3,True
2025-2025041314gm-00a9-0000-447ba93f-06-s3-d5,32,A,1,60,"[37000,19000,22300,19700]",3,-4.0,1,3,1,2,3,True
2025-2025041314gm-00a9-0000-447ba93f-06-s3-d5,32,B,2,67,"[39100,26600,27300,7000]",4,-10.0,1,3,0,0,4,True
2025-2025041314gm-00a9-0000-447ba93f-06-s3-d5,33,A,1,60,"[44000,17900,23800,14300]",4,-10.0,1,3,0,0,3,True
2025-2025041314gm-00a9-0000-447ba93f-06-s3-d5,33,B,2,67,"[49100,15900,19800,15200]",4,-10.0,1,3,0,0,3,True
2025-2025041314gm-00a9-0000-447ba93f-06-s3-d5,34,A,1,60,"[35300,21700,19300,23700]",2,4.0,1,3,0,0,3,True
2025-2025041314gm-00a9-0000-447ba93f-06-s3-d5,34,B,2,67,"[31200,19100,27900,21800]",3,-4.0,1,3,1,0,6,True
2025-2025041314gm-00a9-0000-447ba93f-06-s3-d5,35,A,1,60,"[33500,23100,24100,19300]",4,-10.0,1,3,2,0,5,True
2025-2025041314gm-00a9-0000-447ba93f-06-s3-d5,35,B,2,67,"[33500,23100,24100,19300]",4,-10.0,1,3,2,0,5,True
2025-2025041314gm-00a9-0000-447ba93f-06-s3-d5,36,A,1,60,"[48000,16000,12100,23900]",2,4.0,1,3,0,0,3,True
2025-2025041314gm-00a9-0000-447ba93f-06-s3-d5,36,B,2,67,"[48000,16000,12100,23900]",2,4.0,1,3,0,0,3,True
2025-2025041314gm-00a9-0000-447ba93f-06-s3-d5,37,A,1,60,"[41200,25800,22500,10500]",4,-10.0,1,3,0,0,3,True
2025-2025041314gm-00a9-0000-447ba93f-06-s3-d5,37,B,2,67,"[34800,21700,17400,26100]",2,4.0,1,3,1,0,5,True
2025-2025041314gm-00a9-0000-447ba93f-06-s3-d5,38,A,1,60,"[33500,16500,18500,31500]",2,4.0,1,3,0,0,3,True
2025-2025041314gm-00a9-0000-447ba93f-06-s3-d5,38,B,2,67,"[47000,15000,18700,19300]",2,4.0,1,3,0,0,3,True
2025-2025041314gm-00a9-0000-447ba93f-06-s3-d5,39,A,1,60,"[38200,18500,24800,18500]",4,-10.0,1,3,0,0,3,True
2025-2025041314gm-00a9-0000-447ba93f-06-s3-d5,39,B,2,67,"[43500,14500,31100,10900]",4,-10.0,1,3,1,0,4,True
2025-2025041314gm-00a9-0000-447ba93f-06-s3-d5,40,A,1,60,"[39200,20300,24000,16500]",4,-10.0,1,3,1,0,5,True
2025-2025041314gm-00a9-0000-447ba93f-06-s3-d5,40,B,2,67,"[44200,17600,19100,19100]",3,-4.0,1,3,3,0,5,True
2025-2025041314gm-00a9-0000-447ba93f-06-s3-d5,41,A,1,60,"[31400,35300,19200,14100]",4,-10.0,1,3,0,0,5,True
2025-2025041314gm-00a9-0000-447ba93f-06-s3-d5,41,B,2,67,"[31400,35300,19200,14100]",4,-10.0,1,3,0,0,5,True
2025-2025041314gm-00a9-0000-447ba93f-06-s3-d5,42,A,1,60,"[40300,16700,16400,26600]",2,4.0,1,3,1,0,5,True
2025-2025041314gm-00a9-0000-447ba93f-06-s3-d5,42,B,2,67,"[40300,16700,16400,26600]",2,4.0,1,3,1,0,5,True
2025-2025041314gm-00a9-0000-447ba93f-06-s3-d5,43,A,1,60,"[36800,19000,23100,21100]",3,-4.0,1,3,1,0,4,True
2025-2025041314gm-00a9-0000-447ba93f-06-s3-d5,43,B,2,67,"[34600,21000,29400,15000]",4,-10.0,1,3,0,0,3,True
2025-2025041314gm-00a9-0000-447ba93f-06-s3-d5,44,A,1,60,"[38400,15600,22800,23200]",2,4.0,1,3,0,0,3,True
2025-2025041314gm-00a9-0000-447ba93f-06-s3-d5,44,B,2,67,"[31900,29300,20200,18600]",4,-10.0,1,3,0,0,3,True
2025-2025041314gm-00a9-0000-447ba93f-06-s3-d5,45,A,1,60,"[33000,32700,5000,29300]",3,-4.0,1,3,0,0,5,True
2025-2025041314gm-00a9-0000-447ba93f-06-s3-d5,45,B,2,67,"[33000,32700,5000,29300]",3,-4.0,1,3,0,0,5,True
2025-2025041314gm-00a9-0000-447ba93f-06-s3-d5,46,A,1,60,"[36800,13500,18500,31200]",2,4.0,1,3,1,0,4,True
2025-2025041314gm-00a9-0000-447ba93f-06-s3-d5,46,B,2,67,"[36800,13500,18500,31200]",2,4.0,1,3,1,0,4,True
2025-2025041314gm-00a9-0000-447ba93f-06-s3-d5,47,A,1,60,"[39100,29900,23700,7300]",4,-10.0,1,3,1,0,6,True
2025-2025041314gm-00a9-0000-447ba93f-06-s3-d5,47,B,2,67,"[31300,19600,22400,26700]",2,4.0,1,3,1,0,5,True
2025-2025041314gm-00a9-0000-447ba93f-06-s3-d5,48,A,1,60,"[28300,18200,31500,22000]",3,-4.0,1,3,0,0,5,True
2025-2025041314gm-00a9-0000-447ba93f-06-s3-d5,48,B,2,67,"[28300,18200,31500,22000]",3,-4.0,1,3,0,0,5,True
2025-2025041314gm-00a9-0000-447ba93f-06-s3-d5,49,A,1,60,"[32700,24900,5100,37300]",1,10.0,1,3,0,0,5,True
2025-2025041314gm-00a9-0000-447ba93f-06-s3-d5,49,B,2,67,"[32700,24900,5100,37300]",1,10.0,1,3,0,0,5,True
2025-2025041314gm-00a9-0000-447ba93f-06-s3-d5,50,A,1,60,"[35400,26700,19800,18100]",4,-10.0,1,3,0,0,3,True
2025-2025041314gm-00a9-0000-447ba93f-06-s3-d5,50,B,2,67,"[35400,26700,19800,18100]",4,-10.0,1,3,0,0,3,True
2025-2025041314gm-00a9-0000-447ba93f-06-s3-d5,51,A,1,60,"[36500,7900,25800,29800]",2,4.0,1,3,1,0,4,True
2025-2025041314gm-00a9-0000-447ba93f-06-s3-d5,51,B,2,67,"[38500,6900,22800,31800]",2,4.0,1,3,0,0,3,True
2025-2025041314gm-00a9-0000-447ba93f-06-s3-d5,52,A,1,60,"[17300,20300,16600,45800]",1,10.0,1,3,0,0,3,True
2025-2025041314gm-00a9-0000-447ba93f-06-s3-d5,52,B,2,67,"[30000,22000,38300,9700]",4,-10.0,1,3,2,0,5,True
2025-2025041314gm-00a9-0000-447ba93f-06-s3-d5,53,A,1,60,"[35500,14200,28100,22200]",3,-4.0,1,3,1,0,3,True
2025-2025041314gm-00a9-0000-447ba93f-06-s3-d5,53,B,2,67,"[35500,14200,28100,22200]",3,-4.0,1,3,1,0,3,True
2025-2025041314gm-00a9-0000-447ba93f-06-s3-d5,54,A,1,60,"[37800,21900,20100,20200]",3,-4.0,1,3,0,0,4,True
2025-2025041314gm-00a9-0000-447ba93f-06-s3-d5,54,B,2,67,"[33200,25700,14500,26600]",2,4.0,1,3,0,0,4,True
2025-2025041314gm-00a9-0000-447ba93f-06-s3-d5,55,A,1,60,"[24300,24100,39500,12100]",4,-10.0,1,3,0,0,5,True
2025-2025041314gm-00a9-0000-447ba93f-06-s3-d5,55,B,2,67,"[24300,24100,39500,12100]",4,-10.0,1,3,0,0,5,True
2025-2025041314gm-00a9-0000-447ba93f-06-s3-d5,56,A,1,60,"[18900,19500,30800,30800]",2,4.0,1,3,0,0,4,True
2025-2025041314gm-00a9-0000-447ba93f-06-s3-d5,56,B,2,67,"[18900,19500,30800,30800]",2,4.0,1,3,0,0,4,True
2025-2025041314gm-00a9-0000-447ba93f-06-s3-d5,57,A,1,60,"[43600,10300,15900,30200]",2,4.0,1,3,1,0,4,True
2025-2025041314gm-00a9-0000-447ba93f-06-s3-d5,57,B,2,67,"[43100,17000,36300,3600]",4,-10.0,1,3,0,0,5,True
2025-2025041314gm-00a9-0000-447ba93f-06-s3-d5,58,A,1,60,"[45500,1500,21800,31200]",2,4.0,1,3,0,0,3,True
2025-2025041314gm-00a9-0000-447ba93f-06-s3-d5,58,B,2,67,"[45500,1500,21800,31200]",2,4.0,1,3,0,0,3,True
2025-2025041314gm-00a9-0000-447ba93f-06-s3-d5,59,A,1,60,"[35600,16400,24200,23800]",3,-4.0,1,3,0,0,4,True
2025-2025041314gm-00a9-0000-447ba93f-06-s3-d5,59,B,2,67,"[35600,16400,24200,23800]",3,-4.0,1,3,0,0,4,True
2025-2025041314gm-00a9-0000-447ba93f-06-s3-d5,60,A,1,60,"[33000,23500,25600,17900]",4,-10.0,1,3,1,0,5,True
2025-2025041314gm-00a9-0000-447ba93f-06-s3-d5,60,B,2,67,"[34600,27100,18300,20000]",3,-4.0,1,3,0,0,4,True
2025-2025041314gm-00a9-0000-447ba93f-06-s3-d5,61,A,1,60,"[36600,15400,25100,22900]",3,-4.0,1,3,0,0,4,True
2025-2025041314gm-00a9-0000-447ba93f-06-s3-d5,61,B,2,67,"[37200,14200,25100,23500]",3,-4.0,1,3,0,0,4,True
2025-2025041314gm-00a9-0000-447ba93f-06-s3-d5,62,A,1,60,"[32600,14600,26600,26200]",3,-4.0,1,3,0,0,3,True
2025-2025041314gm-00a9-0000-447ba93f-06-s3-d5,62,B,2,67,"[32600,14600,26600,26200]",3,-4.0,1,3,0,0,3,True
2025-2025041314gm-00a9-0000-447ba93f-06-s3-d5,63,A,1,60,"[33600,23900,20900,21600]",3,-4.0,1,3,1,0,4,True
2025-2025041314gm-00a9-0000-447ba93f-06-s3-d5,63,B,2,67,"[21100,19000,25600,34300]",1,10.0,2,0,0,0,4,True
2025-2025041314gm-00a9-0000-447ba93f-06-s3-d5,64,A,1,60,"[32700,12800,37100,17400]",3,-4.0,1,3,4,0,8,True
2025-2025041314gm-00a9-0000-447ba93f-06-s3-d5,64,B,2,67,"[33200,32900,5400,28500]",3,-4.0,1,3,3,0,8,True
2025-2025041314gm-00a9-0000-447ba93f-06-s3-d5,65,A,1,60,"[38000,13300,22300,26400]",2,4.0,1,3,0,0,3,True
2025-2025041314gm-00a9-0000-447ba93f-06-s3-d5,65,B,2,67,"[30500,9300,18800,41400]",1,10.0,1,3,0,0,3,True
2025-2025041314gm-00a9-0000-447ba93f-06-s3-d5,66,A,1,60,"[32400,31200,17500,18900]",3,-4.0,1,3,1,0,6,True
2025-2025041314gm-00a9-0000-447ba93f-06-s3-d5,66,B,2,67,"[44800,17200,21200,16800]",4,-10.0,1,3,0,0,3,True
2025-2025041314gm-00a9-0000-447ba93f-06-s3-d5,67,A,1,60,"[39700,14900,26000,19400]",3,-4.0,1,3,0,0,4,True
2025-2025041314gm-00a9-0000-447ba93f-06-s3-d5,67,B,2,67,"[44500,20800,23700,11000]",4,-10.0,1,3,0,0,4,True
2025-2025041314gm-00a9-0000-447ba93f-06-s3-d5,68,A,1,60,"[38500,18000,21300,22200]",2,4.0,1,3,1,0,3,True
2025-2025041314gm-00a9-0000-447ba93f-06-s3-d5,68,B,2,67,"[38500,18000,21300,22200]",2,4.0,1,3,1,0,3,True
2025-2025041314gm-00a9-0000-447ba93f-06-s3-d5,69,A,1,60,"[32500,25500,9400,32600]",1,10.0,1,3,0,0,5,True
2025-2025041314gm-00a9-0000-447ba93f-06-s3-d5,69,B,2,67,"[31900,29400,25700,13000]",4,-10.0,1,3,0,0,5,True
2025-2025041314gm-00a9-0000-447ba93f-06-s3-d5,70,A,1,60,"[46900,20600,20100,12400]",4,-10.0,1,3,1,0,5,True
2025-2025041314gm-00a9-0000-447ba93f-06-s3-d5,70,B,2,67,"[27500,16600,36700,19200]",3,-4.0,1,3,0,0,3,True
2025-2025041314gm-00a9-0000-447ba93f-06-s3-d5,71,A,1,60,"[30900,23400,29300,16400]",4,-10.0,1,3,0,0,5,True
2025-2025041314gm-00a9-0000-447ba93f-06-s3-d5,71,B,2,67,"[30900,23400,29300,16400]",4,-10.0,1,3,0,0,5,True
2025-2025041314gm-00a9-0000-447ba93f-06-s3-d5,72,A,1,60,"[37700,30300,25300,6700]",4,-10.0,1,3,0,0,4,True
2025-2025041314gm-00a9-0000-447ba93f-06-s3-d5,72,B,2,67,"[37700,30300,25300,6700]",4,-10.0,1,3,0,0,4,True
2025-2025041314gm-00a9-0000-447ba93f-06-s3-d5,73,A,1,60,"[32600,7900,19900,39600]",1,10.0,1,3,0,0,3,True
2025-2025041314gm-00a9-0000-447ba93f-06-s3-d5,73,B,2,67,"[23200,14800,26100,35900]",1,10.0,2,0,0,0,5,True
2025-2025041314gm-00a9-0000-447ba93f-06-s3-d5,74,A,1,60,"[26000,19200,23900,30900]",1,10.0,2,1,0,0,6,True
2025-2025041314gm-00a9-0000-447ba93f-06-s3-d5,74,B,2,67,"[21900,23200,22700,31200]",1,10.0,1,3,0,1,4,True
2025-2025041314gm-00a9-0000-447ba93f-06-s3-d5,75,A,1,60,"[50200,5500,14100,30200]",2,4.0,1,3,0,0,3,True
2025-2025041314gm-00a9-0000-447ba93f-06-s3-d5,75,B,2,67,"[38500,4500,27800,29200]",2,4.0,1,3,0,0,3,True
2025-2025041314gm-00a9-0000-447ba93f-06-s3-d5,76,A,1,60,"[38400,16100,17900,27600]",2,4.0,1,3,0,0,4,True
2025-2025041314gm-00a9-0000-447ba93f-06-s3-d5,76,B,2,67,"[38400,16100,17900,27600]",2,4.0,1,3,0,0,4,True
2025-2025041314gm-00a9-0000-447ba93f-06-s3-d5,77,A,1,60,"[32500,4900,38400,24200]",3,-4.0,1,3,0,0,4,True
2025-2025041314gm-00a9-0000-447ba93f-06-s3-d5,77,B,2,67,"[25000,15400,34300,25300]",2,4.0,1,3,0,0,5,True
2025-2025041314gm-00a9-0000-447ba93f-06-s3-d5,78,A,1,60,"[36000,15000,25900,23100]",3,-4.0,1,3,0,0,3,True
2025-2025041314gm-00a9-0000-447ba93f-06-s3-d5,78,B,2,67,"[36000,15000,25900,23100]",3,-4.0,1,3,0,0,3,True
2025-2025041314gm-00a9-0000-447ba93f-06-s3-d5,79,A,1,60,"[51500,8500,21800,18200]",3,-4.0,1,3,0,0,3,True
2025-2025041314gm-00a9-0000-447ba93f-06-s3-d5,79,B,2,67,"[35000,20000,27500,17500]",4,-10.0,1,3,0,0,3,True
2025-2025041314gm-00a9-0000-447ba93f-06-s3-d5,80,A,1,60,"[36100,11400,31100,21400]",3,-4.0,1,3,0,0,3,True
2025-2025041314gm-00a9-0000-447ba93f-06-s3-d5,80,B,2,67,"[36100,11400,31100,21400]",3,-4.0,1,3,0,0,3,True
2025-2025041314gm-00a9-0000-447ba93f-06-s3-d5,81,A,1,60,"[42200,35400,6800,15600]",3,-4.0,1,3,0,0,4,True
2025-2025041314gm-00a9-0000-447ba93f-06-s3-d5,81,B,2,67,"[42200,35400,6800,15600]",3,-4.0,1,3,0,0,4,True
2025-2025041314gm-00a9-0000-447ba93f-06-s3-d5,82,A,1,60,"[37800,23900,33200,5100]",4,-10.0,1,3,3,0,7,True
2025-2025041314gm-00a9-0000-447ba93f-06-s3-d5,82,B,2,67,"[32400,20300,11200,36100]",1,10.0,1,3,0,0,4,True
2025-2025041314gm-00a9-0000-447ba93f-06-s3-d5,83,A,1,60,"[18100,33200,23400,25300]",2,4.0,1,3,1,0,4,True
2025-2025041314gm-00a9-0000-447ba93f-06-s3-d5,83,B,2,67,"[18100,33200,23400,25300]",2,4.0,1,3,1,0,4,True
2025-2025041314gm-00a9-0000-447ba93f-06-s3-d5,84,A,1,60,"[35300,16900,11800,36000]",1,10.0,1,3,0,0,4,True
2025-2025041314gm-00a9-0000-447ba93f-06-s3-d5,84,B,2,67,"[35300,16900,11800,36000]",1,10.0,1,3,0,0,4,True
2025-2025041314gm-00a9-0000-447ba93f-06-s3-d5,85,A,1,60,"[35500,31300,21200,12000]",4,-10.0,1,3,0,0,4,True
2025-2025041314gm-00a9-0000-447ba93f-06-s3-d5,85,B,2,67,"[34400,25400,25400,14800]",4,-10.0,1,3,0,0,4,True
2025-2025041314gm-00a9-0000-447ba93f-06-s3-d5,86,A,1,60,"[34500,6900,23800,34800]",1,10.0,1,3,0,0,3,True
2025-2025041314gm-00a9-0000-447ba93f-06-s3-d5,86,B,2,67,"[34500,6900,23800,34800]",1,10.0,1,3,0,0,3,True
2025-2025041314gm-00a9-0000-447ba93f-06-s3-d5,87,A,1,60,"[38000,33100,3800,25100]",3,-4.0,1,3,0,0,5,True
2025-2025041314gm-00a9-0000-447ba93f-06-s3-d5,87,B,2,67,"[38000,33100,3800,25100]",3,-4.0,1,3,0,0,5,True
2025-2025041314gm-00a9-0000-447ba93f-06-s3-d5,88,A,1,60,"[32100,11600,42800,13500]",3,-4.0,1,3,4,0,6,True
2025-2025041314gm-00a9-0000-447ba93f-06-s3-d5,88,B,2,67,"[36900,18800,28600,15700]",4,-10.0,1,3,0,0,4,True
2025-2025041314gm-00a9-0000-447ba93f-06-s3-d5,89,A,1,60,"[31800,22700,23800,21700]",4,-10.0,1,3,2,0,6,True
2025-2025041314gm-00a9-0000-447ba93f-06-s3-d5,89,B,2,67,"[33400,22900,22600,21100]",4,-10.0,1,3,0,0,3,True
2025-2025041314gm-00a9-0000-447ba93f-06-s3-d5,90,A,1,60,"[36500,15300,22800,24400]",2,4.0,1,3,0,1,3,True
2025-2025041314gm-00a9-0000-447ba93f-06-s3-d5,90,B,2,67,"[36000,17000,23300,22700]",3,-4.0,1,3,3,1,5,True
2025-2025041314gm-00a9-0000-447ba93f-06-s3-d5,91,A,1,60,"[36500,21500,18600,23400]",2,4.0,1,3,0,0,3,True
2025-2025041314gm-00a9-0000-447ba93f-06-s3-d5,91,B,2,67,"[36500,21500,18600,23400]",2,4.0,1,3,0,0,3,True
2025-2025041314gm-00a9-0000-447ba93f-06-s3-d5,92,A,1,60,"[33600,19600,31500,15300]",4,-10.0,1,3,4,0,5,True
2025-2025041314gm-00a9-0000-447ba93f-06-s3-d5,92,B,2,67,"[34500,17300,31500,16700]",4,-10.0,1,3,4,0,5,True
2025-2025041314gm-00a9-0000-447ba93f-06-s3-d5,93,A,1,60,"[19200,30000,31900,18900]",4,-10.0,1,3,0,0,5,True
2025-2025041314gm-00a9-0000-447ba93f-06-s3-d5,93,B,2,67,"[24900,18400,31200,25500]",2,4.0,2,0,0,0,5,True
2025-2025041314gm-00a9-0000-447ba93f-06-s3-d5,94,A,1,60,"[36500,11500,24100,27900]",2,4.0,1,3,1,0,4,True
2025-2025041314gm-00a9-0000-447ba93f-06-s3-d5,94,B,2,67,"[36500,11500,24100,27900]",2,4.0,1,3,1,0,4,True
2025-2025041314gm-00a9-0000-447ba93f-06-s3-d5,95,A,1,60,"[31800,18000,21600,28600]",2,4.0,1,3,0,0,4,True
2025-2025041314gm-00a9-0000-447ba93f-06-s3-d5,95,B,2,67,"[31800,18000,21600,28600]",2,4.0,1,3,0,0,4,True
2025-2025041314gm-00a9-0000-447ba93f-06-s3-d5,96,A,1,60,"[43100,16400,19400,21100]",2,4.0,1,3,0,0,3,True
2025-2025041314gm-00a9-0000-447ba93f-06-s3-d5,96,B,2,67,"[43100,16400,19400,21100]",2,4.0,1,3,0,0,3,True
2025-2025041314gm-00a9-0000-447ba93f-06-s3-d5,97,A,1,60,"[38300,10900,28800,22000]",3,-4.0,1,3,0,0,4,True
2025-2025041314gm-00a9-0000-447ba93f-06-s3-d5,97,B,2,67,"[40900,13100,21300,24700]",2,4.0,1,3,3,0,4,True
2025-2025041314gm-00a9-0000-447ba93f-06-s3-d5,98,A,1,60,"[35500,17500,19300,27700]",2,4.0,1,3,0,0,3,True
2025-2025041314gm-00a9-0000-447ba93f-06-s3-d5,98,B,2,67,"[45000,3800,15600,35600]",2,4.0,1,3,1,0,4,True
2025-2025041314gm-00a9-0000-447ba93f-06-s3-d5,99,A,1,60,"[35000,31800,17400,15800]",4,-10.0,1,3,0,0,6,True
2025-2025041314gm-00a9-0000-447ba93f-06-s3-d5,99,B,2,67,"[32500,15300,18400,33800]",1,10.0,1,3,2,0,5,True
2025-2025041314gm-00a9-0000-447ba93f-06-s3-d5,100,A,1,60,"[31800,25200,19100,23900]",3,-4.0,1,3,1,0,3,True
2025-2025041314gm-00a9-0000-447ba93f-06-s3-d5,100,B,2,67,"[34300,23700,18600,23400]",3,-4.0,1,3,1,0,3,True
2025-2025041314gm-00a9-0000-447ba93f-06-s3-d5,101,A,1,60,"[39800,17500,24100,18600]",3,-4.0,1,3,0,0,4,True
2025-2025041314gm-00a9-0000-447ba93f-06-s3-d5,101,B,2,67,"[39800,17500,24100,18600]",3,-4.0,1,3,0,0,4,True
2025-2025041314gm-00a9-0000-447ba93f-06-s3-d5,102,A,1,60,"[38800,19400,14300,27500]",2,4.0,1,3,2,0,5,True
2025-2025041314gm-00a9-0000-447ba93f-06-s3-d5,102,B,2,67,"[41100,19500,18500,20900]",2,4.0,1,3,2,0,5,True
2025-2025041314gm-00a9-0000-447ba93f-06-s3-d5,103,A,1,60,"[35500,18200,39500,6800]",4,-10.0,1,3,0,0,5,True
2025-2025041314gm-00a9-0000-447ba93f-06-s3-d5,103,B,2,67,"[31500,30500,26800,11200]",4,-10.0,1,3,2,0,6,True
2025-2025041314gm-00a9-0000-447ba93f-06-s3-d5,104,A,1,60,"[35800,22200,24100,17900]",4,-10.0,1,3,0,0,3,True
2025-2025041314gm-00a9-0000-447ba93f-06-s3-d5,104,B,2,67,"[35800,22200,24100,17900]",4,-10.0,1,3,0,0,3,True
2025-2025041314gm-00a9-0000-447ba93f-06-s3-d5,105,A,1,60,"[38900,26200,12300,22600]",3,-4.0,1,3,1,0,6,True
2025-2025041314gm-00a9-0000-447ba93f-06-s3-d5,105,B,2,67,"[36500,12700,21800,29000]",2,4.0,1,3,0,0,4,True
2025-2025041314gm-00a9-0000-447ba93f-06-s3-d5,106,A,1,60,"[50300,19200,14400,16100]",3,-4.0,1,3,0,0,4,True
2025-2025041314gm-00a9-0000-447ba93f-06-s3-d5,106,B,2,67,"[50300,19200,14400,16100]",3,-4.0,1,3,0,0,4,True
2025-2025041314gm-00a9-0000-447ba93f-06-s3-d5,107,A,1,60,"[37100,12200,23300,27400]",2,4.0,1,3,0,0,3,True
2025-2025041314gm-00a9-0000-447ba93f-06-s3-d5,107,B,2,67,"[37100,12200,23300,27400]",2,4.0,1,3,0,0,3,True
2025-2025041314gm-00a9-0000-447ba93f-06-s3-d5,108,A,1,60,"[37500,15200,31100,16200]",3,-4.0,1,3,0,0,3,True
2025-2025041314gm-00a9-0000-447ba93f-06-s3-d5,108,B,2,67,"[34700,21200,20700,23400]",2,4.0,1,3,0,0,3,True
2025-2025041314gm-00a9-0000-447ba93f-06-s3-d5,109,A,1,60,"[30500,32500,21800,15200]",4,-10.0,1,3,0,0,4,True
2025-2025041314gm-00a9-0000-447ba93f-06-s3-d5,109,B,2,67,"[34300,9000,20400,36300]",1,10.0,1,3,0,0,4,True
2025-2025041314gm-00a9-0000-447ba93f-06-s3-d5,110,A,1,60,"[41700,-1100,40500,18900]",3,-4.0,1,2,0,0,2,True
2025-2025041314gm-00a9-0000-447ba93f-06-s3-d5,110,B,2,67,"[41700,-1100,40500,18900]",3,-4.0,1,2,0,0,2,True
2025-2025041314gm-00a9-0000-447ba93f-06-s3-d5,111,A,1,60,"[34900,27600,16700,20800]",3,-4.0,1,3,0,0,4,True
2025-2025041314gm-00a9-0000-447ba93f-06-s3-d5,111,B,2,67,"[31800,24500,17000,26700]",2,4.0,2,0,0,0,5,True
2025-2025041314gm-00a9-0000-447ba93f-06-s3-d5,112,A,1,60,"[24500,24000,29500,22000]",4,-10.0,2,3,0,0,7,True
2025-2025041314gm-00a9-0000-447ba93f-06-s3-d5,112,B,2,67,"[33200,9800,21100,35900]",1,10.0,1,3,0,0,3,True
2025-2025041314gm-00a9-0000-447ba93f-06-s3-d5,113,A,1,60,"[36500,15900,18900,28700]",2,4.0,1,3,0,0,4,True
2025-2025041314gm-00a9-0000-447ba93f-06-s3-d5,113,B,2,67,"[36500,15900,18900,28700]",2,4.0,1,3,0,0,4,True
2025-2025041314gm-00a9-0000-447ba93f-06-s3-d5,114,A,1,60,"[34500,19100,23500,21900]",3,-4.0,1,3,0,1,4,True
2025-2025041314gm-00a9-0000-447ba93f-06-s3-d5,114,B,2,67,"[34500,19100,23500,21900]",3,-4.0,1,3,0,1,4,True
2025-2025041314gm-00a9-0000-447ba93f-06-s3-d5,115,A,1,60,"[32500,21300,22300,22900]",2,4.0,1,3,0,1,4,True
2025-2025041314gm-00a9-0000-447ba93f-06-s3-d5,115,B,2,67,"[39200,18200,23100,19500]",3,-4.0,1,3,0,0,3,True
2025-2025041314gm-00a9-0000-447ba93f-06-s3-d5,116,A,1,60,"[21900,8500,30500,39100]",1,10.0,1,3,0,0,4,True
2025-2025041314gm-00a9-0000-447ba93f-06-s3-d5,116,B,2,67,"[21900,8500,30500,39100]",1,10.0,1,3,0,0,4,True
2025-2025041314gm-00a9-0000-447ba93f-06-s3-d5,117,A,1,60,"[37900,24200,26400,11500]",4,-10.0,1,3,4,0,7,True
2025-2025041314gm-00a9-0000-447ba93f-06-s3-d5,117,B,2,67,"[31900,44200,17700,6200]",4,-10.0,1,3,1,0,7,True
2025-2025041314gm-00a9-0000-447ba93f-06-s3-d5,118,A,1,60,"[29000,-8500,33800,45700]",1,10.0,1,3,0,0,4,True
2025-2025041314gm-00a9-0000-447ba93f-06-s3-d5,118,B,2,67,"[35700,21100,29400,13800]",4,-10.0,1,3,1,0,5,True
2025-2025041314gm-00a9-0000-447ba93f-06-s3-d5,119,A,1,60,"[34900,22900,16100,26100]",2,4.0,2,0,0,0,7,True
2025-2025041314gm-00a9-0000-447ba93f-06-s3-d5,119,B,2,67,"[31100,21100,16200,31600]",1,10.0,1,3,0,0,4,True
2025-2025041314gm-00a9-0000-447ba93f-06-s3-d5,120,A,1,60,"[32400,20500,33600,13500]",4,-10.0,1,3,0,0,4,True
2025-2025041314gm-00a9-0000-447ba93f-06-s3-d5,120,B,2,67,"[32400,20500,33600,13500]",4,-10.0,1,3,0,0,4,True
2025-2025041314gm-00a9-0000-447ba93f-06-s3-d5,121,A,1,60,"[38500,11300,25100,25100]",3,-4.0,1,3,0,0,3,True
2025-2025041314gm-00a9-0000-447ba93f-06-s3-d5,121,B,2,67,"[38500,11300,25100,25100]",3,-4.0,1,3,0,0,3,True
2025-2025041314gm-00a9-0000-447ba93f-06-s3-d5,122,A,1,60,"[36500,8200,34400,20900]",3,-4.0,1,3,0,0,5,True
2025-2025041314gm-00a9-0000-447ba93f-06-s3-d5,122,B,2,67,"[36500,8200,34400,20900]",3,-4.0,1,3,0,0,5,True
2025-2025041314gm-00a9-0000-447ba93f-06-s3-d5,123,A,1,60,"[41100,22700,16000,20200]",3,-4.0,1,3,0,0,3,True
2025-2025041314gm-00a9-0000-447ba93f-06-s3-d5,123,B,2,67,"[35900,19100,13000,32000]",2,4.0,1,3,2,0,4,True
2025-2025041314gm-00a9-0000-447ba93f-06-s3-d5,124,A,1,60,"[48700,24400,8700,18200]",3,-4.0,1,3,0,0,4,True
2025-2025041314gm-00a9-0000-447ba93f-06-s3-d5,124,B,2,67,"[29700,2000,37800,30500]",2,4.0,1,3,1,0,6,True
2025-2025041314gm-00a9-0000-447ba93f-06-s3-d5,125,A,1,60,"[42000,30800,21700,5500]",4,-10.0,1,3,0,0,5,True
2025-2025041314gm-00a9-0000-447ba93f-06-s3-d5,125,B,2,67,"[34000,17600,22300,26100]",2,4.0,1,3,0,0,3,True
2025-2025041314gm-00a9-0000-447ba93f-06-s3-d5,126,A,1,60,"[34200,31300,24100,10400]",4,-10.0,1,3,0,0,4,True
2025-2025041314gm-00a9-0000-447ba93f-06-s3-d5,126,B,2,67,"[34400,29000,13900,22700]",3,-4.0,1,3,0,0,4,True
2025-2025041314gm-00a9-0000-447ba93f-06-s3-d5,127,A,1,60,"[44100,4700,26200,25000]",3,-4.0,1,3,2,0,4,True
2025-2025041314gm-00a9-0000-447ba93f-06-s3-d5,127,B,2,67,"[36900,5900,30700,26500]",3,-4.0,1,3,0,0,4,True
2025-2025041314gm-00a9-0000-447ba93f-06-s3-d5,128,A,1,60,"[51100,7300,19700,21900]",2,4.0,1,3,1,0,4,True
2025-2025041314gm-00a9-0000-447ba93f-06-s3-d5,128,B,2,67,"[38100,12000,14300,35600]",2,4.0,1,3,0,0,4,True
2025-2025041314gm-00a9-0000-447ba93f-06-s3-d5,129,A,1,60,"[30900,15900,20700,31500]",1,10.0,1,3,0,1,4,True
2025-2025041314gm-00a9-0000-447ba93f-06-s3-d5,129,B,2,67,"[43800,22500,11000,22700]",2,4.0,1,3,0,0,4,True
2025-2025041314gm-00a9-0000-447ba93f-06-s3-d5,130,A,1,60,"[38900,19200,21800,20100]",3,-4.0,1,3,0,0,4,True
2025-2025041314gm-00a9-0000-447ba93f-06-s3-d5,130,B,2,67,"[33600,24700,24800,16900]",4,-10.0,1,3,0,0,4,True
2025-2025041314gm-00a9-0000-447ba93f-06-s3-d5,131,A,1,60,"[42500,12800,26300,18400]",3,-4.0,1,3,0,0,4,True
2025-2025041314gm-00a9-0000-447ba93f-06-s3-d5,131,B,2,67,"[42500,12800,26300,18400]",3,-4.0,1,3,0,0,4,True
2025-2025041314gm-00a9-0000-447ba93f-06-s3-d5,132,A,1,60,"[34600,26300,30800,8300]",4,-10.0,1,3,0,0,4,True
2025-2025041314gm-00a9-0000-447ba93f-06-s3-d5,132,B,2,67,"[36300,13500,24800,25400]",2,4.0,1,3,0,0,3,True
2025-2025041314gm-00a9-0000-447ba93f-06-s3-d5,133,A,1,60,"[27500,30000,15900,26600]",3,-4.0,1,3,2,0,6,True
2025-2025041314gm-00a9-0000-447ba93f-06-s3-d5,133,B,2,67,"[39000,26800,18900,15300]",4,-10.0,1,3,0,0,5,True
2025-2025041314gm-00a9-0000-447ba93f-06-s3-d5,134,A,1,60,"[32000,27700,37400,2900]",4,-10.0,1,3,0,0,6,True
2025-2025041314gm-00a9-0000-447ba93f-06-s3-d5,134,B,2,67,"[32000,27700,37400,2900]",4,-10.0,1,3,0,0,6,True
2025-2025041314gm-00a9-0000-447ba93f-06-s3-d5,135,A,1,60,"[29800,15100,31600,23500]",3,-4.0,2,0,1,0,6,True
2025-2025041314gm-00a9-0000-447ba93f-06-s3-d5,135,B,2,67,"[29800,15100,31600,23500]",3,-4.0,2,0,1,0,6,True
2025-2025041314gm-00a9-0000-447ba93f-06-s3-d5,136,A,1,60,"[27000,21000,11700,40300]",1,10.0,1,3,2,0,4,True
2025-2025041314gm-00a9-0000-447ba93f-06-s3-d5,136,B,2,67,"[29500,4900,23800,41800]",1,10.0,1,3,2,0,4,True
2025-2025041314gm-00a9-0000-447ba93f-06-s3-d5,137,A,1,60,"[32500,13500,19400,34600]",1,10.0,1,3,0,0,3,True
2025-2025041314gm-00a9-0000-447ba93f-06-s3-d5,137,B,2,67,"[32500,13500,19400,34600]",1,10.0,1,3,0,0,3,True
2025-2025041314gm-00a9-0000-447ba93f-06-s3-d5,138,A,1,60,"[43800,26400,23800,6000]",4,-10.0,1,3,0,0,4,True
2025-2025041314gm-00a9-0000-447ba93f-06-s3-d5,138,B,2,67,"[43800,26400,23800,6000]",4,-10.0,1,3,0,0,4,True
2025-2025041314gm-00a9-0000-447ba93f-06-s3-d5,139,A,1,60,"[53500,8800,8800,28900]",2,4.0,1,3,1,0,4,True
2025-2025041314gm-00a9-0000-447ba93f-06-s3-d5,139,B,2,67,"[46200,17200,18900,17700]",3,-4.0,1,3,0,0,3,True
2025-2025041314gm-00a9-0000-447ba93f-06-s3-d5,140,A,1,60,"[33400,13400,18800,34400]",1,10.0,1,3,0,0,3,True
2025-2025041314gm-00a9-0000-447ba93f-06-s3-d5,140,B,2,67,"[37600,17300,15600,29500]",2,4.0,1,3,2,0,5,True
2025-2025041314gm-00a9-0000-447ba93f-06-s3-d5,141,A,1,60,"[37500,22500,26700,13300]",4,-10.0,1,3,0,0,4,True
2025-2025041314gm-00a9-0000-447ba93f-06-s3-d5,141,B,2,67,"[37500,22500,26700,13300]",4,-10.0,1,3,0,0,4,True
2025-2025041314gm-00a9-0000-447ba93f-06-s3-d5,142,A,1,60,"[29600,13500,20800,36100]",1,10.0,1,3,0,0,3,True
2025-2025041314gm-00a9-0000-447ba93f-06-s3-d5,142,B,2,67,"[29600,13500,20800,36100]",1,10.0,1,3,0,0,3,True
2025-2025041314gm-00a9-0000-447ba93f-06-s3-d5,143,A,1,60,"[35000,-6300,49600,21700]",3,-4.0,1,2,0,0,3,True
2025-2025041314gm-00a9-0000-447ba93f-06-s3-d5,143,B,2,67,"[35000,-6300,49600,21700]",3,-4.0,1,2,0,0,3,True
2025-2025041314gm-00a9-0000-447ba93f-06-s3-d5,144,A,1,60,"[40200,18200,28000,13600]",4,-10.0,1,3,0,0,4,True
2025-2025041314gm-00a9-0000-447ba93f-06-s3-d5,144,B,2,67,"[40200,18200,28000,13600]",4,-10.0,1,3,0,0,4,True
2025-2025041314gm-00a9-0000-447ba93f-06-s3-d5,145,A,1,60,"[37000,36500,10800,15700]",3,-4.0,1,3,1,0,5,True
2025-2025041314gm-00a9-0000-447ba93f-06-s3-d5,145,B,2,67,"[35100,10100,30200,24600]",3,-4.0,1,3,0,0,3,True
2025-2025041314gm-00a9-0000-447ba93f-06-s3-d5,146,A,1,60,"[38800,17200,14800,29200]",2,4.0,1,3,1,0,4,True
2025-2025041314gm-00a9-0000-447ba93f-06-s3-d5,146,B,2,67,"[45900,12800,22600,18700]",3,-4.0,1,3,0,0,4,True
2025-2025041314gm-00a9-0000-447ba93f-06-s3-d5,147,A,1,60,"[27500,28600,11400,32500]",1,10.0,2,1,0,0,8,True
2025-2025041314gm-00a9-0000-447ba93f-06-s3-d5,147,B,2,67,"[27500,28600,11400,32500]",1,10.0,2,1,0,0,8,True
2025-2025041314gm-00a9-0000-447ba93f-06-s3-d5,148,A,1,60,"[16800,19900,45600,17700]",3,-4.0,1,3,0,0,5,True
2025-2025041314gm-00a9-0000-447ba93f-06-s3-d5,148,B,2,67,"[16800,19900,45600,17700]",3,-4.0,1,3,0,0,5,True
2025-2025041314gm-00a9-0000-447ba93f-06-s3-d5,149,A,1,60,"[32300,28700,17900,21100]",3,-4.0,1,3,1,0,6,True
2025-2025041314gm-00a9-0000-447ba93f-06-s3-d5,149,B,2,67,"[33400,29400,15600,21600]",3,-4.0,1,3,1,0,6,True
2025-2025041314gm-00a9-0000-447ba93f-06-s3-d5,150,A,1,60,"[30800,19500,21500,28200]",2,4.0,1,3,0,0,3,True
2025-2025041314gm-00a9-0000-447ba93f-06-s3-d5,150,B,2,67,"[30800,19500,21500,28200]",2,4.0,1,3,0,0,3,True
2025-2025041314gm-00a9-0000-447ba93f-06-s3-d5,151,A,1,60,"[38600,11500,20200,29700]",2,4.0,1,3,2,0,6,True
2025-2025041314gm-00a9-0000-447ba93f-06-s3-d5,151,B,2,67,"[40600,-6800,22700,43500]",1,10.0,1,3,1,0,6,True
2025-2025041314gm-00a9-0000-447ba93f-06-s3-d5,152,A,1,60,"[23700,37500,7700,31100]",2,4.0,1,3,0,0,6,True
2025-2025041314gm-00a9-0000-447ba93f-06-s3-d5,152,B,2,67,"[25900,30100,29200,14800]",4,-10.0,1,3,0,0,4,True
2025-2025041314gm-00a9-0000-447ba93f-06-s3-d5,153,A,1,60,"[40500,22300,14100,23100]",2,4.0,1,3,0,0,3,True
2025-2025041314gm-00a9-0000-447ba93f-06-s3-d5,153,B,2,67,"[40500,22300,14100,23100]",2,4.0,1,3,0,0,3,True
2025-2025041314gm-00a9-0000-447ba93f-06-s3-d5,154,A,1,60,"[24200,15900,50800,9100]",4,-10.0,1,3,0,0,5,True
2025-2025041314gm-00a9-0000-447ba93f-06-s3-d5,154,B,2,67,"[27600,31600,22800,18000]",4,-10.0,2,0,0,0,6,True
2025-2025041314gm-00a9-0000-447ba93f-06-s3-d5,155,A,1,60,"[35500,4100,24800,35600]",1,10.0,1,3,0,0,3,True
2025-2025041314gm-00a9-0000-447ba93f-06-s3-d5,155,B,2,67,"[24100,17400,33100,25400]",2,4.0,2,1,0,0,8,True
2025-2025041314gm-00a9-0000-447ba93f-06-s3-d5,156,A,1,60,"[30300,34300,29500,5900]",4,-10.0,1,3,0,0,5,True
2025-2025041314gm-00a9-0000-447ba93f-06-s3-d5,156,B,2,67,"[37800,30700,18200,13300]",4,-10.0,1,3,0,0,5,True
2025-2025041314gm-00a9-0000-447ba93f-06-s3-d5,157,A,1,60,"[46800,17000,32100,4100]",4,-10.0,1,3,1,0,5,True
2025-2025041314gm-00a9-0000-447ba93f-06-s3-d5,157,B,2,67,"[46800,17000,32100,4100]",4,-10.0,1,3,1,0,5,True
2025-2025041314gm-00a9-0000-447ba93f-06-s3-d5,158,A,1,60,"[36900,30000,23200,9900]",4,-10.0,1,3,0,0,3,True
2025-2025041314gm-00a9-0000-447ba93f-06-s3-d5,158,B,2,67,"[36900,30000,23200,9900]",4,-10.0,1,3,0,0,3,True
2025-2025041314gm-00a9-0000-447ba93f-06-s3-d5,159,A,1,60,"[36300,12700,23300,27700]",2,4.0,1,3,2,0,6,True
2025-2025041314gm-00a9-0000-447ba93f-06-s3-d5,159,B,2,67,"[28600,26200,12900,32300]",1,10.0,1,3,1,0,5,True
2025-2025041314gm-00a9-0000-447ba93f-06-s3-d5,160,A,1,60,"[36500,30100,14400,19000]",3,-4.0,1,3,0,0,4,True
2025-2025041314gm-00a9-0000-447ba93f-06-s3-d5,160,B,2,67,"[33400,26600,29700,10300]",4,-10.0,1,3,0,0,4,True
2025-2025041314gm-00a9-0000-447ba93f-06-s3-d5,161,A,1,60,"[31600,26900,28000,13500]",4,-10.0,1,3,0,0,4,True
2025-2025041314gm-00a9-0000-447ba93f-06-s3-d5,161,B,2,67,"[31600,26900,28000,13500]",4,-10.0,1,3,0,0,4,True
2025-2025041314gm-00a9-0000-447ba93f-06-s3-d5,162,A,1,60,"[35100,15000,30300,19600]",3,-4.0,1,3,0,0,5,True
2025-2025041314gm-00a9-0000-447ba93f-06-s3-d5,162,B,2,67,"[44900,21000,9400,24700]",2,4.0,1,3,1,0,6,True
2025-2025041314gm-00a9-0000-447ba93f-06-s3-d5,163,A,1,60,"[39800,20800,17800,21600]",2,4.0,1,3,0,0,3,True
2025-2025041314gm-00a9-0000-447ba93f-06-s3-d5,163,B,2,67,"[39800,20800,17800,21600]",2,4.0,1,3,0,0,3,True
2025-2025041314gm-00a9-0000-447ba93f-06-s3-d5,164,A,1,60,"[29500,13500,8700,48300]",1,10.0,1,3,0,0,3,True
2025-2025041314gm-00a9-0000-447ba93f-06-s3-d5,164,B,2,67,"[28200,9200,14200,48400]",1,10.0,1,3,0,0,3,True
2025-2025041314gm-00a9-0000-447ba93f-06-s3-d5,165,A,1,60,"[34000,26300,21300,18400]",4,-10.0,1,3,2,0,3,True
2025-2025041314gm-00a9-0000-447ba93f-06-s3-d5,165,B,2,67,"[32500,31500,18500,17500]",4,-10.0,1,3,0,0,3,True
2025-2025041314gm-00a9-0000-447ba93f-06-s3-d5,166,A,1,60,"[32700,20800,30500,16000]",4,-10.0,1,3,0,0,5,True
2025-2025041314gm-00a9-0000-447ba93f-06-s3-d5,166,B,2,67,"[35500,21800,25800,16900]",4,-10.0,1,3,0,0,3,True
2025-2025041314gm-00a9-0000-447ba93f-06-s3-d5,167,A,1,60,"[43400,23000,37100,-3500]",4,-10.0,1,3,0,0,4,True
2025-2025041314gm-00a9-0000-447ba93f-06-s3-d5,167,B,2,67,"[43400,23000,37100,-3500]",4,-10.0,1,3,0,0,4,True
2025-2025041314gm-00a9-0000-447ba93f-06-s3-d5,168,A,1,60,"[31800,43200,14200,10800]",4,-10.0,1,3,0,0,4,True
2025-2025041314gm-00a9-0000-447ba93f-06-s3-d5,168,B,2,67,"[31800,43200,14200,10800]",4,-10.0,1,3,0,0,4,True
2025-2025041314gm-00a9-0000-447ba93f-06-s3-d5,169,A,1,60,"[47500,19500,5400,27600]",2,4.0,1,3,0,0,3,True
2025-2025041314gm-00a9-0000-447ba93f-06-s3-d5,169,B,2,67,"[47500,19500,5400,27600]",2,4.0,1,3,0,0,3,True
2025-2025041314gm-00a9-0000-447ba93f-06-s3-d5,170,A,1,60,"[35500,35100,-2100,31500]",3,-4.0,1,3,3,0,6,True
2025-2025041314gm-00a9-0000-447ba93f-06-s3-d5,170,B,2,67,"[39700,29400,6100,24800]",3,-4.0,1,3,1,0,4,True
2025-2025041314gm-00a9-0000-447ba93f-06-s3-d5,171,A,1,60,"[12400,21400,28800,37400]",1,10.0,1,3,0,0,6,True
2025-2025041314gm-00a9-0000-447ba93f-06-s3-d5,171,B,2,67,"[49800,16500,18500,15200]",4,-10.0,1,3,0,0,3,True
2025-2025041314gm-00a9-0000-447ba93f-06-s3-d5,172,A,1,60,"[41500,13000,23000,22500]",3,-4.0,1,3,0,0,5,True
2025-2025041314gm-00a9-0000-447ba93f-06-s3-d5,172,B,2,67,"[41500,13000,23000,22500]",3,-4.0,1,3,0,0,5,True
2025-2025041314gm-00a9-0000-447ba93f-06-s3-d5,173,A,1,60,"[20100,25300,23800,30800]",1,10.0,2,2,2,0,8,True
2025-2025041314gm-00a9-0000-447ba93f-06-s3-d5,173,B,2,67,"[24400,5200,33200,37200]",1,10.0,1,3,0,0,4,True
2025-2025041314gm-00a9-0000-447ba93f-06-s3-d5,174,A,1,60,"[36800,21500,22700,19000]",4,-10.0,1,3,1,0,4,True
2025-2025041314gm-00a9-0000-447ba93f-06-s3-d5,174,B,2,67,"[36700,32700,18500,9100]",4,-10.0,1,3,3,3,7,True
2025-2025041314gm-00a9-0000-447ba93f-06-s3-d5,175,A,1,60,"[41200,17800,16800,24200]",2,4.0,1,3,2,0,4,True
2025-2025041314gm-00a9-0000-447ba93f-06-s3-d5,175,B,2,67,"[34200,10600,32900,22300]",3,-4.0,1,3,0,0,3,True
2025-2025041314gm-00a9-0000-447ba93f-06-s3-d5,176,A,1,60,"[42300,27600,17900,12200]",4,-10.0,1,3,0,0,5,True
2025-2025041314gm-00a9-0000-447ba93f-06-s3-d5,176,B,2,67,"[32500,25300,31000,11200]",4,-10.0,1,3,0,0,4,True
2025-2025041314gm-00a9-0000-447ba93f-06-s3-d5,177,A,1,60,"[35400,-500,37100,28000]",3,-4.0,1,3,1,0,4,True
2025-2025041314gm-00a9-0000-447ba93f-06-s3-d5,177,B,2,67,"[35400,-500,37100,28000]",3,-4.0,1,3,1,0,4,True
2025-2025041314gm-00a9-0000-447ba93f-06-s3-d5,178,A,1,60,"[30800,26200,18800,24200]",3,-4.0,2,0,0,0,4,True
2025-2025041314gm-00a9-0000-447ba93f-06-s3-d5,178,B,2,67,"[36400,12800,23300,27500]",2,4.0,1,3,0,0,3,True
2025-2025041314gm-00a9-0000-447ba93f-06-s3-d5,179,A,1,60,"[18900,500,32800,47800]",1,10.0,1,3,0,0,4,True
2025-2025041314gm-00a9-0000-447ba93f-06-s3-d5,179,B,2,67,"[21800,23300,24700,30200]",1,10.0,2,0,0,0,5,True
2025-2025041314gm-00a9-0000-447ba93f-06-s3-d5,180,A,1,60,"[34000,13700,22100,30200]",2,4.0,1,3,0,0,3,True
2025-2025041314gm-00a9-0000-447ba93f-06-s3-d5,180,B,2,67,"[34000,13700,22100,30200]",2,4.0,1,3,0,0,3,True
2025-2025041314gm-00a9-0000-447ba93f-06-s3-d5,181,A,1,60,"[34400,26100,19700,19800]",3,-4.0,1,3,0,0,3,True
2025-2025041314gm-00a9-0000-447ba93f-06-s3-d5,181,B,2,67,"[34400,26100,19700,19800]",3,-4.0,1,3,0,0,3,True
2025-2025041314gm-00a9-0000-447ba93f-06-s3-d5,182,A,1,60,"[38400,22800,14000,24800]",2,4.0,1,3,1,0,3,True
2025-2025041314gm-00a9-0000-447ba93f-06-s3-d5,182,B,2,67,"[39400,6000,31800,22800]",3,-4.0,1,3,0,0,4,True
2025-2025041314gm-00a9-0000-447ba93f-06-s3-d5,183,A,1,60,"[39500,17300,18900,24300]",2,4.0,1,3,0,0,4,True
2025-2025041314gm-00a9-0000-447ba93f-06-s3-d5,183,B,2,67,"[39500,17300,18900,24300]",2,4.0,1,3,0,0,4,True
2025-2025041314gm-00a9-0000-447ba93f-06-s3-d5,184,A,1,60,"[43600,21000,22300,13100]",4,-10.0,1,3,3,0,4,True
2025-2025041314gm-00a9-0000-447ba93f-06-s3-d5,184,B,2,67,"[38300,18500,19300,23900]",2,4.0,1,3,0,0,4,True
2025-2025041314gm-00a9-0000-447ba93f-06-s3-d5,185,A,1,60,"[47700,12900,6300,33100]",2,4.0,1,3,2,0,5,True
2025-2025041314gm-00a9-0000-447ba93f-06-s3-d5,185,B,2,67,"[47700,12900,6300,33100]",2,4.0,1,3,2,0,5,True
2025-2025041314gm-00a9-0000-447ba93f-06-s3-d5,186,A,1,60,"[35500,16900,11200,36400]",1,10.0,1,3,0,0,3,True
2025-2025041314gm-00a9-0000-447ba93f-06-s3-d5,186,B,2,67,"[27300,27300,10100,35300]",1,10.0,1,3,1,0,5,True
2025-2025041314gm-00a9-0000-447ba93f-06-s3-d5,187,A,1,60,"[24300,19200,35600,20900]",3,-4.0,2,0,3,0,5,True
2025-2025041314gm-00a9-0000-447ba93f-06-s3-d5,187,B,2,67,"[34800,38400,5500,21300]",3,-4.0,1,3,0,0,4,True
2025-2025041314gm-00a9-0000-447ba93f-06-s3-d5,188,A,1,60,"[41000,26600,16400,16000]",4,-10.0,1,3,0,0,5,True
2025-2025041314gm-00a9-0000-447ba93f-06-s3-d5,188,B,2,67,"[37500,26000,11600,24900]",3,-4.0,1,3,0,0,3,True
2025-2025041314gm-00a9-0000-447ba93f-06-s3-d5,189,A,1,60,"[38300,19400,16900,25400]",2,4.0,1,3,0,0,5,True
2025-2025041314gm-00a9-0000-447ba93f-06-s3-d5,189,B,2,67,"[38300,19400,16900,25400]",2,4.0,1,3,0,0,5,True
2025-2025041314gm-00a9-0000-447ba93f-06-s3-d5,190,A,1,60,"[43100,13300,21200,22400]",2,4.0,1,3,0,0,3,True
2025-2025041314gm-00a9-0000-447ba93f-06-s3-d5,190,B,2,67,"[36800,19400,26800,17000]",4,-10.0,1,3,0,0,4,True
2025-2025041314gm-00a9-0000-447ba93f-06-s3-d5,191,A,1,60,"[38700,17200,26300,17800]",3,-4.0,1,3,2,0,4,True
2025-2025041314gm-00a9-0000-447ba93f-06-s3-d5,191,B,2,67,"[38700,17200,26300,17800]",3,-4.0,1,3,2,0,4,True
2025-2025041314gm-00a9-0000-447ba93f-06-s3-d5,192,A,1,60,"[38400,32900,16500,12200]",4,-10.0,1,3,0,0,4,True
2025-2025041314gm-00a9-0000-447ba93f-06-s3-d5,192,B,2,67,"[38400,32900,16500,12200]",4,-10.0,1,3,0,0,4,True
2025-2025041314gm-00a9-0000-447ba93f-06-s3-d5,193,A,1,60,"[31600,24700,19500,24200]",3,-4.0,1,3,0,0,3,True
2025-2025041314gm-00a9-0000-447ba93f-06-s3-d5,193,B,2,67,"[31600,24700,19500,24200]",3,-4.0,1,3,0,0,3,True
2025-2025041314gm-00a9-0000-447ba93f-06-s3-d5,194,A,1,60,"[36100,28100,18700,17100]",4,-10.0,1,3,0,0,3,True
2025-2025041314gm-00a9-0000-447ba93f-06-s3-d5,194,B,2,67,"[32700,28500,23500,15300]",4,-10.0,1,3,0,0,3,True
2025-2025041314gm-00a9-0000-447ba93f-06-s3-d5,195,A,1,60,"[33200,25100,19400,22300]",3,-4.0,1,3,1,0,4,True
2025-2025041314gm-00a9-0000-447ba93f-06-s3-d5,195,B,2,67,"[25900,15900,17300,40900]",1,10.0,1,3,0,0,3,True
2025-2025041314gm-00a9-0000-447ba93f-06-s3-d5,196,A,1,60,"[25400,22400,15400,36800]",1,10.0,1,3,1,0,4,True
2025-2025041314gm-00a9-0000-447ba93f-06-s3-d5,196,B,2,67,"[39400,16500,29800,14300]",4,-10.0,1,3,0,0,3,True
2025-2025041314gm-00a9-0000-447ba93f-06-s3-d5,197,A,1,60,"[36800,18400,16700,28100]",2,4.0,1,3,1,0,4,True
2025-2025041314gm-00a9-0000-447ba93f-06-s3-d5,197,B,2,67,"[36800,18400,16700,28100]",2,4.0,1,3,1,0,4,True
2025-2025041314gm-00a9-0000-447ba93f-06-s3-d5,198,A,1,60,"[34800,17500,20800,26900]",2,4.0,1,3,0,0,4,True
2025-2025041314gm-00a9-0000-447ba93f-06-s3-d5,198,B,2,67,"[34800,17500,20800,26900]",2,4.0,1,3,0,0,4,True
2025-2025041314gm-00a9-0000-447ba93f-06-s3-d5,199,A,1,60,"[44200,9400,28800,17600]",3,-4.0,1,3,0,0,4,True
2025-2025041314gm-00a9-0000-447ba93f-06-s3-d5,199,B,2,67,"[35600,17000,25900,21500]",3,-4.0,1,3,0,0,3,True
2025-2025041314gm-00a9-0000-447ba93f-06-s3-d5,200,A,1,60,"[36000,12800,28800,22400]",3,-4.0,1,3,0,0,3,True
2025-2025041314gm-00a9-0000-447ba93f-06-s3-d5,200,B,2,67,"[36000,12800,28800,22400]",3,-4.0,1,3,0,0,3,True
2025-2025041314gm-00a9-0000-447ba93f-06-s3-d5,201,A,1,60,"[34500,23100,15600,26800]",2,4.0,1,3,1,0,4,True
2025-2025041314gm-00a9-0000-447ba93f-06-s3-d5,201,B,2,67,"[41600,-1100,32600,26900]",3,-4.0,1,3,1,0,6,True
2025-2025041314gm-00a9-0000-447ba93f-06-s3-d5,202,A,1,60,"[45800,3700,28700,21800]",3,-4.0,1,3,0,0,5,True
2025-2025041314gm-00a9-0000-447ba93f-06-s3-d5,202,B,2,67,"[45800,3700,28700,21800]",3,-4.0,1,3,0,0,5,True
2025-2025041314gm-00a9-0000-447ba93f-06-s3-d5,203,A,1,60,"[31800,18200,24100,25900]",2,4.0,1,3,0,0,3,True
2025-2025041314gm-00a9-0000-447ba93f-06-s3-d5,203,B,2,67,"[31800,18200,24100,25900]",2,4.0,1,3,0,0,3,True
2025-2025041314gm-00a9-0000-447ba93f-06-s3-d5,204,A,1,60,"[28000,18200,37300,16500]",4,-10.0,1,3,1,0,6,True
2025-2025041314gm-00a9-0000-447ba93f-06-s3-d5,204,B,2,67,"[34500,22700,25800,17000]",4,-10.0,1,3,0,0,3,True
2025-2025041314gm-00a9-0000-447ba93f-06-s3-d5,205,A,1,60,"[42300,33400,17900,6400]",4,-10.0,1,3,0,0,5,True
2025-2025041314gm-00a9-0000-447ba93f-06-s3-d5,205,B,2,67,"[36000,34900,1000,28100]",3,-4.0,1,3,0,0,6,True
2025-2025041314gm-00a9-0000-447ba93f-06-s3-d5,206,A,1,60,"[19200,26100,22300,32400]",1,10.0,1,3,0,0,4,True
2025-2025041314gm-00a9-0000-447ba93f-06-s3-d5,206,B,2,67,"[19200,26100,22300,32400]",1,10.0,1,3,0,0,4,True
2025-2025041314gm-00a9-0000-447ba93f-06-s3-d5,207,A,1,60,"[40100,16100,30200,13600]",4,-10.0,1,3,0,0,7,True
2025-2025041314gm-00a9-0000-447ba93f-06-s3-d5,207,B,2,67,"[32700,19400,13900,34000]",1,10.0,1,3,3,0,8,True
2025-2025041314gm-00a9-0000-447ba93f-06-s3-d5,208,A,1,60,"[28500,35500,23800,12200]",4,-10.0,1,3,0,0,3,True
2025-2025041314gm-00a9-0000-447ba93f-06-s3-d5,208,B,2,67,"[35500,19500,20800,24200]",2,4.0,1,3,0,0,3,True
2025-2025041314gm-00a9-0000-447ba93f-06-s3-d5,209,A,1,60,"[34500,37400,24400,3700]",4,-10.0,1,3,0,0,5,True
2025-2025041314gm-00a9-0000-447ba93f-06-s3-d5,209,B,2,67,"[34500,37400,24400,3700]",4,-10.0,1,3,0,0,5,True
2025-2025041314gm-00a9-0000-447ba93f-06-s3-d5,210,A,1,60,"[36400,26400,26100,11100]",4,-10.0,1,3,0,0,4,True
2025-2025041314gm-00a9-0000-447ba93f-06-s3-d5,210,B,2,67,"[36400,26400,26100,11100]",4,-10.0,1,3,0,0,4,True
2025-2025041314gm-00a9-0000-447ba93f-06-s3-d5,211,A,1,60,"[38000,29000,18800,14200]",4,-10.0,1,3,2,0,4,True
2025-2025041314gm-00a9-0000-447ba93f-06-s3-d5,211,B,2,67,"[38000,29000,18800,14200]",4,-10.0,1,3,2,0,4,True
2025-2025041314gm-00a9-0000-447ba93f-06-s3-d5,212,A,1,60,"[32600,38200,27000,2200]",4,-10.0,1,3,0,0,6,True
2025-2025041314gm-00a9-0000-447ba93f-06-s3-d5,212,B,2,67,"[32600,38200,27000,2200]",4,-10.0,1,3,0,0,6,True
2025-2025041314gm-00a9-0000-447ba93f-06-s3-d5,213,A,1,60,"[33400,18400,23700,24500]",2,4.0,1,3,0,0,3,True
2025-2025041314gm-00a9-0000-447ba93f-06-s3-d5,213,B,2,67,"[39400,17200,21800,21600]",3,-4.0,1,3,0,0,3,True
2025-2025041314gm-00a9-0000-447ba93f-06-s3-d5,214,A,1,60,"[33300,21500,16400,28800]",2,4.0,1,3,2,0,4,True
2025-2025041314gm-00a9-0000-447ba93f-06-s3-d5,214,B,2,67,"[33300,21500,16400,28800]",2,4.0,1,3,2,0,4,True
2025-2025041314gm-00a9-0000-447ba93f-06-s3-d5,215,A,1,60,"[35100,17600,24900,22400]",3,-4.0,1,3,0,0,5,True
2025-2025041314gm-00a9-0000-447ba93f-06-s3-d5,215,B,2,67,"[35300,16900,27200,20600]",3,-4.0,1,3,0,0,5,True
2025-2025041314gm-00a9-0000-447ba93f-06-s3-d5,216,A,1,60,"[38200,24500,20400,16900]",4,-10.0,2,0,0,0,6,True
2025-2025041314gm-00a9-0000-447ba93f-06-s3-d5,216,B,2,67,"[38200,24500,20400,16900]",4,-10.0,2,0,0,0,6,True
2025-2025041314gm-00a9-0000-447ba93f-06-s3-d5,217,A,1,60,"[31300,34100,18600,16000]",4,-10.0,1,3,2,0,3,True
2025-2025041314gm-00a9-0000-447ba93f-06-s3-d5,217,B,2,67,"[31300,34100,18600,16000]",4,-10.0,1,3,2,0,3,True
2025-2025041314gm-00a9-0000-447ba93f-06-s3-d5,218,A,1,60,"[40200,21600,16500,21700]",2,4.0,1,3,2,0,4,True
2025-2025041314gm-00a9-0000-447ba93f-06-s3-d5,218,B,2,67,"[50400,21500,7900,20200]",3,-4.0,1,3,0,0,3,True
2025-2025041314gm-00a9-0000-447ba93f-06-s3-d5,219,A,1,60,"[34600,19500,22800,23100]",2,4.0,1,3,0,0,3,True
2025-2025041314gm-00a9-0000-447ba93f-06-s3-d5,219,B,2,67,"[34600,17200,24100,24100]",3,-4.0,1,3,0,0,3,True
2025-2025041314gm-00a9-0000-447ba93f-06-s3-d5,220,A,1,60,"[35500,19800,27800,16900]",4,-10.0,1,3,0,0,3,True
2025-2025041314gm-00a9-0000-447ba93f-06-s3-d5,220,B,2,67,"[41000,12800,20800,25400]",2,4.0,1,3,1,0,4,True
2025-2025041314gm-00a9-0000-447ba93f-06-s3-d5,221,A,1,60,"[44300,14900,18100,22700]",2,4.0,1,3,1,0,4,True
2025-2025041314gm-00a9-0000-447ba93f-06-s3-d5,221,B,2,67,"[44300,14900,18100,22700]",2,4.0,1,3,1,0,4,True
2025-2025041314gm-00a9-0000-447ba93f-06-s3-d5,222,A,1,60,"[33700,13200,34400,17700]",3,-4.0,1,3,0,1,4,True
2025-2025041314gm-00a9-0000-447ba93f-06-s3-d5,222,B,2,67,"[33700,13200,34400,17700]",3,-4.0,1,3,0,1,4,True
2025-2025041314gm-00a9-0000-447ba93f-06-s3-d5,223,A,1,60,"[33500,14400,25000,27100]",2,4.0,1,3,0,0,3,True
2025-2025041314gm-00a9-0000-447ba93f-06-s3-d5,223,B,2,67,"[32500,21800,19800,25900]",2,4.0,1,3,0,0,3,True
2025-2025041314gm-00a9-0000-447ba93f-06-s3-d5,224,A,1,60,"[27800,13200,31900,27100]",3,-4.0,2,0,0,0,5,True
2025-2025041314gm-00a9-0000-447ba93f-06-s3-d5,224,B,2,67,"[27800,13200,31900,27100]",3,-4.0,2,0,0,0,5,True
2025-2025041314gm-00a9-0000-447ba93f-06-s3-d5,225,A,1,60,"[35800,18300,14100,31800]",2,4.0,1,3,0,0,3,True
2025-2025041314gm-00a9-0000-447ba93f-06-s3-d5,225,B,2,67,"[40400,18600,12800,28200]",2,4.0,1,3,0,0,3,True
2025-2025041314gm-00a9-0000-447ba93f-06-s3-d5,226,A,1,60,"[26900,16000,24800,32300]",1,10.0,1,3,0,0,3,True
2025-2025041314gm-00a9-0000-447ba93f-06-s3-d5,226,B,2,67,"[19600,20100,21900,38400]",1,10.0,1,3,0,0,4,True
2025-2025041314gm-00a9-0000-447ba93f-06-s3-d5,227,A,1,60,"[43700,13000,21700,21600]",3,-4.0,1,3,0,0,3,True
2025-2025041314gm-00a9-0000-447ba93f-06-s3-d5,227,B,2,67,"[43700,13000,21700,21600]",3,-4.0,1,3,0,0,3,True
2025-2025041314gm-00a9-0000-447ba93f-06-s3-d5,228,A,1,60,"[30900,15900,27500,25700]",3,-4.0,1,3,1,0,5,True
2025-2025041314gm-00a9-0000-447ba93f-06-s3-d5,228,B,2,67,"[30900,15900,27500,25700]",3,-4.0,1,3,1,0,5,True
2025-2025041314gm-00a9-0000-447ba93f-06-s3-d5,229,A,1,60,"[34000,25600,22600,17800]",4,-10.0,1,3,0,0,4,True
2025-2025041314gm-00a9-0000-447ba93f-06-s3-d5,229,B,2,67,"[33500,21300,36600,8600]",4,-10.0,1,3,0,0,6,True
2025-2025041314gm-00a9-0000-447ba93f-06-s3-d5,230,A,1,60,"[41400,27500,23800,7300]",4,-10.0,1,3,0,0,3,True
2025-2025041314gm-00a9-0000-447ba93f-06-s3-d5,230,B,2,67,"[34400,16300,20100,29200]",2,4.0,1,3,1,0,6,True
2025-2025041314gm-00a9-0000-447ba93f-06-s3-d5,231,A,1,60,"[24900,43200,31600,300]",4,-10.0,1,3,1,0,8,True
2025-2025041314gm-00a9-0000-447ba93f-06-s3-d5,231,B,2,67,"[30700,11700,23800,33800]",1,10.0,1,3,2,0,4,True
2025-2025041314gm-00a9-0000-447ba93f-06-s3-d5,232,A,1,60,"[27200,20300,30300,22200]",3,-4.0,2,3,0,0,11,True
2025-2025041314gm-00a9-0000-447ba93f-06-s3-d5,232,B,2,67,"[29300,39600,18600,12500]",4,-10.0,1,3,1,0,5,True
2025-2025041314gm-00a9-0000-447ba93f-06-s3-d5,233,A,1,60,"[39100,-300,36000,24200]",3,-4.0,1,3,0,1,4,True
2025-2025041314gm-00a9-0000-447ba93f-06-s3-d5,233,B,2,67,"[26800,10300,48400,14500]",3,-4.0,1,3,1,0,5,True
2025-2025041314gm-00a9-0000-447ba93f-06-s3-d5,234,A,1,60,"[38000,23900,14800,23300]",3,-4.0,1,3,0,0,5,True
2025-2025041314gm-00a9-0000-447ba93f-06-s3-d5,234,B,2,67,"[54800,12400,17200,15600]",3,-4.0,1,3,1,0,5,True
2025-2025041314gm-00a9-0000-447ba93f-06-s3-d5,235,A,1,60,"[44600,8100,23300,24000]",2,4.0,1,3,0,0,4,True
2025-2025041314gm-00a9-0000-447ba93f-06-s3-d5,235,B,2,67,"[35500,32500,16800,15200]",4,-10.0,1,3,0,0,3,True
2025-2025041314gm-00a9-0000-447ba93f-06-s3-d5,236,A,1,60,"[42000,19500,21300,17200]",4,-10.0,1,3,2,0,6,True
2025-2025041314gm-00a9-0000-447ba93f-06-s3-d5,236,B,2,67,"[42000,19500,21300,17200]",4,-10.0,1,3,2,0,6,True
2025-2025041314gm-00a9-0000-447ba93f-06-s3-d5,237,A,1,60,"[31700,19300,19000,29000]",2,4.0,1,3,2,1,5,True
2025-2025041314gm-00a9-0000-447ba93f-06-s3-d5,237,B,2,67,"[31700,19300,19000,29000]",2,4.0,1,3,2,1,5,True
2025-2025041314gm-00a9-0000-447ba93f-06-s3-d5,238,A,1,60,"[46100,4000,21800,28100]",2,4.0,1,3,0,0,3,True
2025-2025041314gm-00a9-0000-447ba93f-06-s3-d5,238,B,2,67,"[39700,10300,21800,28200]",2,4.0,1,3,0,0,3,True
2025-2025041314gm-00a9-0000-447ba93f-06-s3-d5,239,A,1,60,"[32600,21900,31500,14000]",4,-10.0,1,3,2,0,4,True
2025-2025041314gm-00a9-0000-447ba93f-06-s3-d5,239,B,2,67,"[32600,21900,31500,14000]",4,-10.0,1,3,2,0,4,True
2025-2025041314gm-00a9-0000-447ba93f-06-s3-d5,240,A,1,60,"[40800,20300,21700,17200]",4,-10.0,1,3,1,0,4,True
2025-2025041314gm-00a9-0000-447ba93f-06-s3-d5,240,B,2,67,"[40800,20300,21700,17200]",4,-10.0,1,3,1,0,4,True
2025-2025041314gm-00a9-0000-447ba93f-06-s3-d5,241,A,1,60,"[33200,32600,31300,2900]",4,-10.0,1,3,0,0,5,True
2025-2025041314gm-00a9-0000-447ba93f-06-s3-d5,241,B,2,67,"[33200,32600,31300,2900]",4,-10.0,1,3,0,0,5,True
2025-2025041314gm-00a9-0000-447ba93f-06-s3-d5,242,A,1,60,"[33500,26900,22800,16800]",4,-10.0,1,3,0,0,3,True
2025-2025041314gm-00a9-0000-447ba93f-06-s3-d5,242,B,2,67,"[36400,19800,24700,19100]",4,-10.0,1,3,0,0,4,True
2025-2025041314gm-00a9-0000-447ba93f-06-s3-d5,243,A,1,60,"[28300,23400,36400,11900]",4,-10.0,1,3,0,0,5,True
2025-2025041314gm-00a9-0000-447ba93f-06-s3-d5,243,B,2,67,"[29800,12800,20100,37300]",1,10.0,1,3,2,0,3,True
2025-2025041314gm-00a9-0000-447ba93f-06-s3-d5,244,A,1,60,"[37600,23100,19600,19700]",3,-4.0,1,3,0,0,5,True
2025-2025041314gm-00a9-0000-447ba93f-06-s3-d5,244,B,2,67,"[37600,23100,19600,19700]",3,-4.0,1,3,0,0,5,True
2025-2025041314gm-00a9-0000-447ba93f-06-s3-d5,245,A,1,60,"[42800,18500,19500,19200]",3,-4.0,1,3,0,0,3,True
2025-2025041314gm-00a9-0000-447ba93f-06-s3-d5,245,B,2,67,"[40300,16900,27400,15400]",4,-10.0,1,3,0,0,3,True
2025-2025041314gm-00a9-0000-447ba93f-06-s3-d5,246,A,1,60,"[36500,8200,34100,21200]",3,-4.0,1,3,2,0,3,True
2025-2025041314gm-00a9-0000-447ba93f-06-s3-d5,246,B,2,67,"[31900,15800,23700,28600]",2,4.0,1,3,0,0,5,True
2025-2025041314gm-00a9-0000-447ba93f-06-s3-d5,247,A,1,60,"[30900,15700,35400,18000]",3,-4.0,1,3,4,0,6,True
2025-2025041314gm-00a9-0000-447ba93f-06-s3-d5,247,B,2,67,"[32600,700,26700,40000]",1,10.0,1,3,1,0,5,True
2025-2025041314gm-00a9-0000-447ba93f-06-s3-d5,248,A,1,60,"[31800,37100,12900,18200]",3,-4.0,1,3,0,0,5,True
2025-2025041314gm-00a9-0000-447ba93f-06-s3-d5,248,B,2,67,"[36500,26400,20800,16300]",4,-10.0,1,3,0,0,5,True
2025-2025041314gm-00a9-0000-447ba93f-06-s3-d5,249,A,1,60,"[45600,10200,28300,15900]",3,-4.0,1,3,0,0,5,True
2025-2025041314gm-00a9-0000-447ba93f-06-s3-d5,249,B,2,67,"[31900,41300,13500,13300]",4,-10.0,1,3,1,0,4,True
2025-2025041314gm-00a9-0000-447ba93f-06-s3-d5,250,A,1,60,"[35000,18000,8700,38300]",1,10.0,1,3,0,0,4,True
2025-2025041314gm-00a9-0000-447ba93f-06-s3-d5,250,B,2,67,"[34000,27000,1800,37200]",1,10.0,1,3,0,0,4,True
2025-2025041314gm-00a9-0000-447ba93f-06-s3-d5,251,A,1,60,"[34800,33400,29400,2400]",4,-10.0,1,3,0,0,4,True
2025-2025041314gm-00a9-0000-447ba93f-06-s3-d5,251,B,2,67,"[34800,33400,29400,2400]",4,-10.0,1,3,0,0,4,True
2025-2025041314gm-00a9-0000-447ba93f-06-s3-d5,252,A,1,60,"[37300,17800,25500,19400]",3,-4.0,1,3,0,0,3,True
2025-2025041314gm-00a9-0000-447ba93f-06-s3-d5,252,B,2,67,"[52500,6900,17500,23100]",2,4.0,1,3,1,0,5,True
2025-2025041314gm-00a9-0000-447ba93f-06-s3-d5,253,A,1,60,"[33700,23400,32700,10200]",4,-10.0,1,3,0,0,4,True
2025-2025041314gm-00a9-0000-447ba93f-06-s3-d5,253,B,2,67,"[47300,10800,23300,18600]",3,-4.0,1,3,0,0,3,True
2025-2025041314gm-00a9-0000-447ba93f-06-s3-d5,254,A,1,60,"[36700,16500,41000,5800]",4,-10.0,1,3,1,0,5,True
2025-2025041314gm-00a9-0000-447ba93f-06-s3-d5,254,B,2,67,"[37500,16700,31900,13900]",4,-10.0,1,3,0,0,4,True
2025-2025041314gm-00a9-0000-447ba93f-06-s3-d5,255,A,1,60,"[26400,21400,20400,31800]",1,10.0,2,1,1,0,6,True
2025-2025041314gm-00a9-0000-447ba93f-06-s3-d5,255,B,2,67,"[33700,19200,24500,22600]",3,-4.0,1,3,0,0,3,True
2025-2025122620gm-00a9-0000-0e700f01-03-s2-d11,0,A,1,49,"[9300,26700,28200,35800]",2,4.0,1,3,0,0,6,True
2025-2025122620gm-00a9-0000-0e700f01-03-s2-d11,0,B,4,30,"[21000,36000,19900,23100]",4,-10.0,1,3,0,0,5,True
2025-2025122620gm-00a9-0000-0e700f01-03-s2-d11,1,A,1,49,"[22300,21300,21600,34800]",3,-4.0,2,2,0,0,9,True
2025-2025122620gm-00a9-0000-0e700f01-03-s2-d11,1,B,4,30,"[25800,28500,31800,13900]",1,10.0,2,0,0,0,7,True
2025-2025122620gm-00a9-0000-0e700f01-03-s2-d11,2,A,1,49,"[19400,25900,11600,43100]",4,-10.0,1,3,0,0,5,True
2025-2025122620gm-00a9-0000-0e700f01-03-s2-d11,2,B,4,30,"[19400,25900,11600,43100]",4,-10.0,1,3,0,0,5,True
2025-2025122620gm-00a9-0000-0e700f01-03-s2-d11,3,A,1,49,"[25200,32900,5700,36200]",4,-10.0,1,3,0,0,5,True
2025-2025122620gm-00a9-0000-0e700f01-03-s2-d11,3,B,4,30,"[25200,32900,5700,36200]",4,-10.0,1,3,0,0,5,True
2025-2025122620gm-00a9-0000-0e700f01-03-s2-d11,4,A,1,49,"[34600,24300,22700,18400]",3,-4.0,1,3,2,0,10,True
2025-2025122620gm-00a9-0000-0e700f01-03-s2-d11,4,B,4,30,"[34600,24300,22700,18400]",3,-4.0,1,3,2,0,10,True
2025-2025122620gm-00a9-0000-0e700f01-03-s2-d11,5,A,1,49,"[28700,37600,18900,14800]",3,-4.0,1,3,0,0,6,True
2025-2025122620gm-00a9-0000-0e700f01-03-s2-d11,5,B,4,30,"[31800,38400,-2600,32400]",4,-10.0,1,3,0,0,6,True
2025-2025122620gm-00a9-0000-0e700f01-03-s2-d11,6,A,1,49,"[22800,38300,26100,12800]",2,4.0,1,3,0,0,6,True
2025-2025122620gm-00a9-0000-0e700f01-03-s2-d11,6,B,4,30,"[22800,38300,26100,12800]",2,4.0,1,3,0,0,6,True
2025-2025122620gm-00a9-0000-0e700f01-03-s2-d11,7,A,1,49,"[35700,33700,-2800,33400]",4,-10.0,1,0,0,0,4,True
2025-2025122620gm-00a9-0000-0e700f01-03-s2-d11,7,B,4,30,"[16700,40100,3100,40100]",4,-10.0,1,3,0,0,7,True
2025-2025122620gm-00a9-0000-0e700f01-03-s2-d11,8,A,1,49,"[13600,43600,24800,18000]",2,4.0,1,3,0,0,7,True
2025-2025122620gm-00a9-0000-0e700f01-03-s2-d11,8,B,4,30,"[26800,35200,13900,24100]",4,-10.0,1,3,1,0,6,True
2025-2025122620gm-00a9-0000-0e700f01-03-s2-d11,9,A,1,49,"[25100,42300,33400,-800]",2,4.0,1,3,0,0,8,True
2025-2025122620gm-00a9-0000-0e700f01-03-s2-d11,9,B,4,30,"[21700,25800,19800,32700]",4,-10.0,1,3,0,0,6,True
2025-2025122620gm-00a9-0000-0e700f01-03-s2-d11,10,A,1,49,"[25600,30600,20600,23200]",4,-10.0,2,0,0,0,7,True
2025-2025122620gm-00a9-0000-0e700f01-03-s2-d11,10,B,4,30,"[10900,30300,40700,18100]",1,10.0,1,3,0,0,5,True
2025-2025122620gm-00a9-0000-0e700f01-03-s2-d11,11,A,1,49,"[50200,26200,-100,23700]",4,-10.0,1,3,0,0,7,True
2025-2025122620gm-00a9-0000-0e700f01-03-s2-d11,11,B,4,30,"[23400,34800,22200,19600]",3,-4.0,1,3,0,0,6,True
2025-2025122620gm-00a9-0000-0e700f01-03-s2-d11,12,A,1,49,"[20000,30700,24300,24000]",2,4.0,1,3,0,1,6,True
2025-2025122620gm-00a9-0000-0e700f01-03-s2-d11,12,B,4,30,"[30600,25800,14200,29400]",4,-10.0,1,3,2,0,7,True
2025-2025122620gm-00a9-0000-0e700f01-03-s2-d11,13,A,1,49,"[27600,26000,2800,43600]",4,-10.0,1,3,0,0,7,True
2025-2025122620gm-00a9-0000-0e700f01-03-s2-d11,13,B,4,30,"[32800,20300,22000,24900]",3,-4.0,2,0,0,0,7,True
2025-2025122620gm-00a9-0000-0e700f01-03-s2-d11,14,A,1,49,"[13600,35300,16500,34600]",3,-4.0,1,3,0,0,6,True
2025-2025122620gm-00a9-0000-0e700f01-03-s2-d11,14,B,4,30,"[21500,22300,32800,23400]",1,10.0,2,1,0,0,7,True
2025-2025122620gm-00a9-0000-0e700f01-03-s2-d11,15,A,1,49,"[27400,26700,8000,37900]",4,-10.0,1,3,1,0,7,True
2025-2025122620gm-00a9-0000-0e700f01-03-s2-d11,15,B,4,30,"[21000,33500,27200,18300]",2,4.0,1,3,0,0,5,True
2025-2025122620gm-00a9-0000-0e700f01-03-s2-d11,16,A,1,49,"[22400,38900,39400,-700]",1,10.0,1,3,0,0,7,True
2025-2025122620gm-00a9-0000-0e700f01-03-s2-d11,16,B,4,30,"[22400,38900,39400,-700]",1,10.0,1,3,0,0,7,True
2025-2025122620gm-00a9-0000-0e700f01-03-s2-d11,17,A,1,49,"[36000,18400,9000,36600]",4,-10.0,1,3,0,0,5,True
2025-2025122620gm-00a9-0000-0e700f01-03-s2-d11,17,B,4,30,"[15200,47400,3600,33800]",4,-10.0,1,3,0,0,6,True
2025-2025122620gm-00a9-0000-0e700f01-03-s2-d11,18,A,1,49,"[10400,40800,27100,21700]",2,4.0,1,3,0,0,7,True
2025-2025122620gm-00a9-0000-0e700f01-03-s2-d11,18,B,4,30,"[43700,38900,16900,500]",3,-4.0,1,3,0,0,7,True
2025-2025122620gm-00a9-0000-0e700f01-03-s2-d11,19,A,1,49,"[7400,51600,2200,38800]",4,-10.0,1,3,0,0,6,True
2025-2025122620gm-00a9-0000-0e700f01-03-s2-d11,19,B,4,30,"[33500,21700,19100,25700]",4,-10.0,2,1,1,0,8,True
2025-2025122620gm-00a9-0000-0e700f01-03-s2-d11,20,A,1,49,"[31500,45600,7900,15000]",4,-10.0,1,3,1,0,7,True
2025-2025122620gm-00a9-0000-0e700f01-03-s2-d11,20,B,4,30,"[32500,45600,6900,15000]",4,-10.0,1,3,1,0,7,True
2025-2025122620gm-00a9-0000-0e700f01-03-s2-d11,21,A,1,49,"[36400,38100,6800,18700]",4,-10.0,1,3,0,0,5,True
2025-2025122620gm-00a9-0000-0e700f01-03-s2-d11,21,B,4,30,"[36400,38100,6800,18700]",4,-10.0,1,3,0,0,5,True
2025-2025122620gm-00a9-0000-0e700f01-03-s2-d11,22,A,1,49,"[32000,23500,14900,29600]",4,-10.0,1,3,0,0,7,True
2025-2025122620gm-00a9-0000-0e700f01-03-s2-d11,22,B,4,30,"[19400,48300,7700,24600]",4,-10.0,1,3,0,0,5,True
2025-2025122620gm-00a9-0000-0e700f01-03-s2-d11,23,A,1,49,"[32900,20500,18700,27900]",4,-10.0,1,3,0,0,5,True
2025-2025122620gm-00a9-0000-0e700f01-03-s2-d11,23,B,4,30,"[32900,20500,18700,27900]",4,-10.0,1,3,0,0,5,True
2025-2025122620gm-00a9-0000-0e700f01-03-s2-d11,24,A,1,49,"[22200,37100,28200,12500]",2,4.0,1,3,2,0,8,True
2025-2025122620gm-00a9-0000-0e700f01-03-s2-d11,24,B,4,30,"[29200,36800,22600,11400]",3,-4.0,1,3,2,0,8,True
2025-2025122620gm-00a9-0000-0e700f01-03-s2-d11,25,A,1,49,"[16800,21500,25700,36000]",2,4.0,1,3,0,0,7,True
2025-2025122620gm-00a9-0000-0e700f01-03-s2-d11,25,B,4,30,"[36200,30900,25500,7400]",3,-4.0,1,3,1,0,6,True
2025-2025122620gm-00a9-0000-0e700f01-03-s2-d11,26,A,1,49,"[11400,37600,29100,21900]",2,4.0,1,3,0,0,9,True
2025-2025122620gm-00a9-0000-0e700f01-03-s2-d11,26,B,4,30,"[26500,30600,9500,33400]",4,-10.0,1,3,0,0,5,True
2025-2025122620gm-00a9-0000-0e700f01-03-s2-d11,27,A,1,49,"[21900,28900,13300,35900]",4,-10.0,1,3,0,0,5,True
2025-2025122620gm-00a9-0000-0e700f01-03-s2-d11,27,B,4,30,"[6600,27600,28100,37700]",2,4.0,1,3,0,0,9,True
2025-2025122620gm-00a9-0000-0e700f01-03-s2-d11,28,A,1,49,"[31700,8100,15800,44400]",3,-4.0,1,3,0,0,5,True
2025-2025122620gm-00a9-0000-0e700f01-03-s2-d11,28,B,4,30,"[31100,28500,6500,33900]",4,-10.0,1,3,0,0,6,True
2025-2025122620gm-00a9-0000-0e700f01-03-s2-d11,29,A,1,49,"[29200,17500,14800,38500]",4,-10.0,1,3,0,0,6,True
2025-2025122620gm-00a9-0000-0e700f01-03-s2-d11,29,B,4,30,"[29200,17500,14800,38500]",4,-10.0,1,3,0,0,6,True
2025-2025122620gm-00a9-0000-0e700f01-03-s2-d11,30,A,1,49,"[6400,33500,8300,51800]",3,-4.0,1,3,0,0,8,True
2025-2025122620gm-00a9-0000-0e700f01-03-s2-d11,30,B,4,30,"[6400,33500,8300,51800]",3,-4.0,1,3,0,0,8,True
2025-2025122620gm-00a9-0000-0e700f01-03-s2-d11,31,A,1,49,"[48500,30500,-5600,26600]",4,-10.0,1,0,0,0,2,True
2025-2025122620gm-00a9-0000-0e700f01-03-s2-d11,31,B,4,30,"[29100,19700,16500,34700]",4,-10.0,1,3,0,0,5,True
2025-2025122620gm-00a9-0000-0e700f01-03-s2-d11,32,A,1,49,"[25500,21300,20100,33100]",4,-10.0,1,3,0,0,6,True
2025-2025122620gm-00a9-0000-0e700f01-03-s2-d11,32,B,4,30,"[27700,22500,18200,31600]",4,-10.0,1,3,0,0,8,True
2025-2025122620gm-00a9-0000-0e700f01-03-s2-d11,33,A,1,49,"[31000,18200,22700,28100]",3,-4.0,1,3,1,0,7,True
2025-2025122620gm-00a9-0000-0e700f01-03-s2-d11,33,B,4,30,"[31000,18200,22700,28100]",3,-4.0,1,3,1,0,7,True
2025-2025122620gm-00a9-0000-0e700f01-03-s2-d11,34,A,1,49,"[25500,27900,14500,32100]",4,-10.0,2,0,0,0,7,True
2025-2025122620gm-00a9-0000-0e700f01-03-s2-d11,34,B,4,30,"[25500,27900,14500,32100]",4,-10.0,2,0,0,0,7,True
2025-2025122620gm-00a9-0000-0e700f01-03-s2-d11,35,A,1,49,"[33300,27200,5700,33800]",4,-10.0,1,3,0,0,6,True
2025-2025122620gm-00a9-0000-0e700f01-03-s2-d11,35,B,4,30,"[31300,26100,8500,34100]",4,-10.0,1,3,0,0,6,True
2025-2025122620gm-00a9-0000-0e700f01-03-s2-d11,36,A,1,49,"[10600,30500,20300,38600]",3,-4.0,1,3,0,0,7,True
2025-2025122620gm-00a9-0000-0e700f01-03-s2-d11,36,B,4,30,"[23100,22700,7500,46700]",4,-10.0,1,3,0,0,5,True
2025-2025122620gm-00a9-0000-0e700f01-03-s2-d11,37,A,1,49,"[18300,24100,21900,35700]",3,-4.0,1,3,0,0,7,True
2025-2025122620gm-00a9-0000-0e700f01-03-s2-d11,37,B,4,30,"[36300,21100,15000,27600]",4,-10.0,1,3,0,0,6,True
2025-2025122620gm-00a9-0000-0e700f01-03-s2-d11,38,A,1,49,"[30400,44100,-2200,27700]",4,-10.0,1,2,0,0,6,True
2025-2025122620gm-00a9-0000-0e700f01-03-s2-d11,38,B,4,30,"[33700,40900,-100,25500]",4,-10.0,1,1,0,0,4,True
2025-2025122620gm-00a9-0000-0e700f01-03-s2-d11,39,A,1,49,"[30300,27000,7700,35000]",4,-10.0,1,3,0,0,6,True
2025-2025122620gm-00a9-0000-0e700f01-03-s2-d11,39,B,4,30,"[39000,27100,17400,16500]",3,-4.0,1,3,0,0,5,True
2025-2025122620gm-00a9-0000-0e700f01-03-s2-d11,40,A,1,49,"[23000,30700,30300,16000]",2,4.0,1,3,0,0,5,True
2025-2025122620gm-00a9-0000-0e700f01-03-s2-d11,40,B,4,30,"[32300,24600,20300,21800]",4,-10.0,1,3,0,1,5,True
2025-2025122620gm-00a9-0000-0e700f01-03-s2-d11,41,A,1,49,"[27300,13100,26200,33400]",3,-4.0,1,3,0,0,6,True
2025-2025122620gm-00a9-0000-0e700f01-03-s2-d11,41,B,4,30,"[32700,33200,4300,29800]",4,-10.0,1,3,0,0,6,True
2025-2025122620gm-00a9-0000-0e700f01-03-s2-d11,42,A,1,49,"[26500,33900,2800,36800]",4,-10.0,1,3,1,0,8,True
2025-2025122620gm-00a9-0000-0e700f01-03-s2-d11,42,B,4,30,"[29600,44200,14600,11600]",3,-4.0,1,3,0,0,6,True
2025-2025122620gm-00a9-0000-0e700f01-03-s2-d11,43,A,1,49,"[32400,34400,5800,27400]",4,-10.0,1,3,0,0,5,True
2025-2025122620gm-00a9-0000-0e700f01-03-s2-d11,43,B,4,30,"[32400,34400,5800,27400]",4,-10.0,1,3,0,0,5,True
2025-2025122620gm-00a9-0000-0e700f01-03-s2-d11,44,A,1,49,"[15600,25500,26000,32900]",2,4.0,1,3,1,0,5,True
2025-2025122620gm-00a9-0000-0e700f01-03-s2-d11,44,B,4,30,"[31200,27300,33300,8200]",1,10.0,1,3,0,0,6,True
2025-2025122620gm-00a9-0000-0e700f01-03-s2-d11,45,A,1,49,"[28800,57500,1500,12200]",4,-10.0,1,3,0,0,7,True
2025-2025122620gm-00a9-0000-0e700f01-03-s2-d11,45,B,4,30,"[20500,22000,26400,31100]",2,4.0,1,3,0,0,5,True
2025-2025122620gm-00a9-0000-0e700f01-03-s2-d11,46,A,1,49,"[15100,35100,24200,25600]",3,-4.0,1,3,3,0,7,True
2025-2025122620gm-00a9-0000-0e700f01-03-s2-d11,46,B,4,30,"[20700,27300,34000,18000]",1,10.0,1,3,0,0,7,True
2025-2025122620gm-00a9-0000-0e700f01-03-s2-d11,47,A,1,49,"[20500,24800,22900,31800]",3,-4.0,1,3,0,0,5,True
2025-2025122620gm-00a9-0000-0e700f01-03-s2-d11,47,B,4,30,"[20500,24800,22900,31800]",3,-4.0,1,3,0,0,5,True
2025-2025122620gm-00a9-0000-0e700f01-03-s2-d11,48,A,1,49,"[31300,48900,1400,18400]",4,-10.0,1,3,1,0,8,True
2025-2025122620gm-00a9-0000-0e700f01-03-s2-d11,48,B,4,30,"[13300,46800,11800,28100]",4,-10.0,1,3,0,0,6,True
2025-2025122620gm-00a9-0000-0e700f01-03-s2-d11,49,A,1,49,"[16800,36300,7900,39000]",4,-10.0,1,3,0,0,5,True
2025-2025122620gm-00a9-0000-0e700f01-03-s2-d11,49,B,4,30,"[16800,36300,7900,39000]",4,-10.0,1,3,0,0,5,True
2025-2025122620gm-00a9-0000-0e700f01-03-s2-d11,50,A,1,49,"[30000,24900,20500,24600]",4,-10.0,1,3,0,0,5,True
2025-2025122620gm-00a9-0000-0e700f01-03-s2-d11,50,B,4,30,"[41800,9000,24200,25000]",3,-4.0,2,0,0,0,6,True
2025-2025122620gm-00a9-0000-0e700f01-03-s2-d11,51,A,1,49,"[31300,47900,-800,21600]",4,-10.0,1,2,1,0,7,True
2025-2025122620gm-00a9-0000-0e700f01-03-s2-d11,51,B,4,30,"[29600,33600,9200,27600]",4,-10.0,2,0,0,0,9,True
2025-2025122620gm-00a9-0000-0e700f01-03-s2-d11,52,A,1,49,"[8000,35000,17700,39300]",3,-4.0,1,3,1,0,6,True
2025-2025122620gm-00a9-0000-0e700f01-03-s2-d11,52,B,4,30,"[8000,35000,17700,39300]",3,-4.0,1,3,1,0,6,True
2025-2025122620gm-00a9-0000-0e700f01-03-s2-d11,53,A,1,49,"[22200,39400,14100,24300]",4,-10.0,1,3,0,0,6,True
2025-2025122620gm-00a9-0000-0e700f01-03-s2-d11,53,B,4,30,"[26500,39900,6800,26800]",4,-10.0,1,3,0,0,6,True
2025-2025122620gm-00a9-0000-0e700f01-03-s2-d11,54,A,1,49,"[21900,32400,23000,22700]",2,4.0,1,3,0,0,5,True
2025-2025122620gm-00a9-0000-0e700f01-03-s2-d11,54,B,4,30,"[23600,26600,9300,40500]",4,-10.0,1,3,0,0,5,True
2025-2025122620gm-00a9-0000-0e700f01-03-s2-d11,55,A,1,49,"[14700,33600,19200,32500]",3,-4.0,1,3,4,0,9,True
2025-2025122620gm-00a9-0000-0e700f01-03-s2-d11,55,B,4,30,"[20300,31400,14200,34100]",4,-10.0,1,3,0,0,7,True
2025-2025122620gm-00a9-0000-0e700f01-03-s2-d11,56,A,1,49,"[18200,42500,4500,34800]",4,-10.0,1,3,0,0,6,True
2025-2025122620gm-00a9-0000-0e700f01-03-s2-d11,56,B,4,30,"[19200,44500,9000,27300]",4,-10.0,1,3,0,0,6,True
2025-2025122620gm-00a9-0000-0e700f01-03-s2-d11,57,A,1,49,"[19200,29000,30300,21500]",1,10.0,1,3,1,0,5,True
2025-2025122620gm-00a9-0000-0e700f01-03-s2-d11,57,B,4,30,"[41300,30000,-3400,32100]",4,-10.0,1,0,2,0,3,True
2025-2025122620gm-00a9-0000-0e700f01-03-s2-d11,58,A,1,49,"[34200,31300,-4600,39100]",4,-10.0,1,3,0,0,6,True
2025-2025122620gm-00a9-0000-0e700f01-03-s2-d11,58,B,4,30,"[16400,27400,10300,45900]",4,-10.0,1,3,0,0,5,True
2025-2025122620gm-00a9-0000-0e700f01-03-s2-d11,59,A,1,49,"[41300,19200,6400,33100]",4,-10.0,1,3,1,0,6,True
2025-2025122620gm-00a9-0000-0e700f01-03-s2-d11,59,B,4,30,"[27500,27500,11500,33500]",4,-10.0,1,3,0,0,5,True
2025-2025122620gm-00a9-0000-0e700f01-03-s2-d11,60,A,1,49,"[30800,29500,10300,29400]",4,-10.0,1,3,1,0,11,True
2025-2025122620gm-00a9-0000-0e700f01-03-s2-d11,60,B,4,30,"[23500,600,29700,46200]",2,4.0,1,3,0,0,7,True
2025-2025122620gm-00a9-0000-0e700f01-03-s2-d11,61,A,1,49,"[21400,18500,60000,100]",1,10.0,1,3,0,0,7,True
2025-2025122620gm-00a9-0000-0e700f01-03-s2-d11,61,B,4,30,"[24700,30500,11700,33100]",4,-10.0,1,3,0,0,5,True
2025-2025122620gm-00a9-0000-0e700f01-03-s2-d11,62,A,1,49,"[27100,19800,22000,31100]",3,-4.0,1,3,0,0,6,True
2025-2025122620gm-00a9-0000-0e700f01-03-s2-d11,62,B,4,30,"[20000,48300,3600,28100]",4,-10.0,1,3,0,0,5,True
2025-2025122620gm-00a9-0000-0e700f01-03-s2-d11,63,A,1,49,"[30900,21900,20000,27200]",4,-10.0,1,3,0,0,6,True
2025-2025122620gm-00a9-0000-0e700f01-03-s2-d11,63,B,4,30,"[30900,21900,20000,27200]",4,-10.0,1,3,0,0,6,True
2025-2025122620gm-00a9-0000-0e700f01-03-s2-d11,64,A,1,49,"[21300,29100,34300,15300]",1,10.0,1,3,0,0,5,True
2025-2025122620gm-00a9-0000-0e700f01-03-s2-d11,64,B,4,30,"[15200,26800,35100,22900]",1,10.0,1,3,1,0,5,True
2025-2025122620gm-00a9-0000-0e700f01-03-s2-d11,65,A,1,49,"[16100,33800,23500,26600]",3,-4.0,1,3,0,0,5,True
2025-2025122620gm-00a9-0000-0e700f01-03-s2-d11,65,B,4,30,"[20100,25800,37500,16600]",1,10.0,1,3,0,0,6,True
2025-2025122620gm-00a9-0000-0e700f01-03-s2-d11,66,A,1,49,"[30300,10100,34500,25100]",1,10.0,1,3,0,0,7,True
2025-2025122620gm-00a9-0000-0e700f01-03-s2-d11,66,B,4,30,"[17400,27900,18100,36600]",3,-4.0,1,3,0,0,7,True
2025-2025122620gm-00a9-0000-0e700f01-03-s2-d11,67,A,1,49,"[9100,38100,36400,16400]",2,4.0,1,3,0,0,7,True
2025-2025122620gm-00a9-0000-0e700f01-03-s2-d11,67,B,4,30,"[27500,27700,35900,8900]",1,10.0,1,3,0,0,6,True
2025-2025122620gm-00a9-0000-0e700f01-03-s2-d11,68,A,1,49,"[19200,37500,25300,18000]",2,4.0,2,0,0,0,9,True
2025-2025122620gm-00a9-0000-0e700f01-03-s2-d11,68,B,4,30,"[1100,22300,51100,25500]",1,10.0,1,3,1,0,9,True
2025-2025122620gm-00a9-0000-0e700f01-03-s2-d11,69,A,1,49,"[26200,31200,19600,23000]",4,-10.0,1,3,1,0,6,True
2025-2025122620gm-00a9-0000-0e700f01-03-s2-d11,69,B,4,30,"[31100,19400,11800,36700]",4,-10.0,1,3,0,1,9,True
2025-2025122620gm-00a9-0000-0e700f01-03-s2-d11,70,A,1,49,"[33900,33300,14300,18500]",4,-10.0,1,3,0,0,5,True
2025-2025122620gm-00a9-0000-0e700f01-03-s2-d11,70,B,4,30,"[39200,29200,16500,15100]",3,-4.0,1,3,1,0,8,True
2025-2025122620gm-00a9-0000-0e700f01-03-s2-d11,71,A,1,49,"[31200,27500,4900,36400]",4,-10.0,1,3,0,0,5,True
2025-2025122620gm-00a9-0000-0e700f01-03-s2-d11,71,B,4,30,"[31200,27500,4900,36400]",4,-10.0,1,3,0,0,5,True
2025-2025122620gm-00a9-0000-0e700f01-03-s2-d11,72,A,1,49,"[20300,35800,6700,37200]",4,-10.0,1,3,0,0,6,True
2025-2025122620gm-00a9-0000-0e700f01-03-s2-d11,72,B,4,30,"[22100,32600,12300,33000]",4,-10.0,1,3,0,0,6,True
2025-2025122620gm-00a9-0000-0e700f01-03-s2-d11,73,A,1,49,"[41400,19500,8200,30900]",4,-10.0,1,3,0,0,7,True
2025-2025122620gm-00a9-0000-0e700f01-03-s2-d11,73,B,4,30,"[41400,19500,8200,30900]",4,-10.0,1,3,0,0,7,True
2025-2025122620gm-00a9-0000-0e700f01-03-s2-d11,74,A,1,49,"[12100,40300,14400,33200]",3,-4.0,1,3,0,0,7,True
2025-2025122620gm-00a9-0000-0e700f01-03-s2-d11,74,B,4,30,"[29300,30500,16000,24200]",4,-10.0,1,3,0,0,5,True
2025-2025122620gm-00a9-0000-0e700f01-03-s2-d11,75,A,1,49,"[25400,28200,7900,38500]",4,-10.0,1,3,0,0,6,True
2025-2025122620gm-00a9-0000-0e700f01-03-s2-d11,75,B,4,30,"[26800,12000,5500,55700]",4,-10.0,1,3,0,0,6,True
2025-2025122620gm-00a9-0000-0e700f01-03-s2-d11,76,A,1,49,"[-1700,31500,9300,60900]",3,-4.0,1,1,0,0,3,True
2025-2025122620gm-00a9-0000-0e700f01-03-s2-d11,76,B,4,30,"[9300,49900,32600,8200]",2,4.0,1,3,1,0,7,True
2025-2025122620gm-00a9-0000-0e700f01-03-s2-d11,77,A,1,49,"[32400,25300,17500,24800]",4,-10.0,2,0,0,0,6,True
2025-2025122620gm-00a9-0000-0e700f01-03-s2-d11,77,B,4,30,"[32400,25300,17500,24800]",4,-10.0,2,0,0,0,6,True
2025-2025122620gm-00a9-0000-0e700f01-03-s2-d11,78,A,1,49,"[30300,25200,18600,25900]",4,-10.0,1,3,2,0,11,True
2025-2025122620gm-00a9-0000-0e700f01-03-s2-d11,78,B,4,30,"[20800,41200,6300,30700]",4,-10.0,1,3,0,1,6,True
2025-2025122620gm-00a9-0000-0e700f01-03-s2-d11,79,A,1,49,"[33900,14100,36600,15400]",1,10.0,1,3,0,0,5,True
2025-2025122620gm-00a9-0000-0e700f01-03-s2-d11,79,B,4,30,"[33100,38500,6200,22200]",4,-10.0,1,3,1,0,9,True
2025-2025122620gm-00a9-0000-0e700f01-03-s2-d11,80,A,1,49,"[23200,16800,22700,37300]",3,-4.0,2,2,1,0,10,True
2025-2025122620gm-00a9-0000-0e700f01-03-s2-d11,80,B,4,30,"[23800,37800,23100,15300]",3,-4.0,1,3,0,0,6,True
2025-2025122620gm-00a9-0000-0e700f01-03-s2-d11,81,A,1,49,"[38000,18900,12000,31100]",4,-10.0,1,3,0,0,6,True
2025-2025122620gm-00a9-0000-0e700f01-03-s2-d11,81,B,4,30,"[38000,18900,12000,31100]",4,-10.0,1,3,0,0,6,True
2025-2025122620gm-00a9-0000-0e700f01-03-s2-d11,82,A,1,49,"[17300,41700,25200,15800]",2,4.0,1,3,0,0,5,True
2025-2025122620gm-00a9-0000-0e700f01-03-s2-d11,82,B,4,30,"[36500,25400,16700,21400]",4,-10.0,1,3,1,0,10,True
2025-2025122620gm-00a9-0000-0e700f01-03-s2-d11,83,A,1,49,"[27300,10700,19100,42900]",3,-4.0,1,3,1,0,6,True
2025-2025122620gm-00a9-0000-0e700f01-03-s2-d11,83,B,4,30,"[34100,27200,11600,27100]",4,-10.0,1,3,1,0,6,True
2025-2025122620gm-00a9-0000-0e700f01-03-s2-d11,84,A,1,49,"[30000,40900,23400,5700]",3,-4.0,1,3,0,0,5,True
2025-2025122620gm-00a9-0000-0e700f01-03-s2-d11,84,B,4,30,"[27100,36700,25900,10300]",3,-4.0,1,3,0,0,5,True
2025-2025122620gm-00a9-0000-0e700f01-03-s2-d11,85,A,1,49,"[31000,37500,16000,15500]",3,-4.0,1,3,0,0,8,True
2025-2025122620gm-00a9-0000-0e700f01-03-s2-d11,85,B,4,30,"[23400,17700,25800,33100]",2,4.0,1,3,0,0,6,True
2025-2025122620gm-00a9-0000-0e700f01-03-s2-d11,86,A,1,49,"[32300,32800,13300,21600]",4,-10.0,1,3,1,0,8,True
2025-2025122620gm-00a9-0000-0e700f01-03-s2-d11,86,B,4,30,"[16200,38600,20700,24500]",3,-4.0,1,3,1,0,8,True
2025-2025122620gm-00a9-0000-0e700f01-03-s2-d11,87,A,1,49,"[34000,30000,8700,27300]",4,-10.0,1,3,0,0,5,True
2025-2025122620gm-00a9-0000-0e700f01-03-s2-d11,87,B,4,30,"[20700,34200,9400,34700]",4,-10.0,1,3,0,1,5,True
2025-2025122620gm-00a9-0000-0e700f01-03-s2-d11,88,A,1,49,"[30900,29700,2200,37200]",4,-10.0,1,3,0,0,7,True
2025-2025122620gm-00a9-0000-0e700f01-03-s2-d11,88,B,4,30,"[6800,24900,46800,18500]",1,10.0,1,3,2,3,7,True
2025-2025122620gm-00a9-0000-0e700f01-03-s2-d11,89,A,1,49,"[22500,33500,21700,22300]",4,-10.0,2,1,0,0,7,True
2025-2025122620gm-00a9-0000-0e700f01-03-s2-d11,89,B,4,30,"[33000,22200,15200,29600]",4,-10.0,1,3,0,0,6,True
2025-2025122620gm-00a9-0000-0e700f01-03-s2-d11,90,A,1,49,"[21000,31900,21200,25900]",3,-4.0,1,3,2,0,6,True
2025-2025122620gm-00a9-0000-0e700f01-03-s2-d11,90,B,4,30,"[29000,16400,23600,30000]",3,-4.0,2,1,1,1,8,True
2025-2025122620gm-00a9-0000-0e700f01-03-s2-d11,91,A,1,49,"[21000,31800,19800,27400]",4,-10.0,1,3,1,0,7,True
2025-2025122620gm-00a9-0000-0e700f01-03-s2-d11,91,B,4,30,"[21000,31800,19800,27400]",4,-10.0,1,3,1,0,7,True
2025-2025122620gm-00a9-0000-0e700f01-03-s2-d11,92,A,1,49,"[18400,27100,6700,47800]",4,-10.0,1,3,0,0,7,True
2025-2025122620gm-00a9-0000-0e700f01-03-s2-d11,92,B,4,30,"[18400,27100,6700,47800]",4,-10.0,1,3,0,0,7,True
2025-2025122620gm-00a9-0000-0e700f01-03-s2-d11,93,A,1,49,"[29500,33700,20000,16800]",3,-4.0,1,3,0,0,5,True
2025-2025122620gm-00a9-0000-0e700f01-03-s2-d11,93,B,4,30,"[16900,39400,21000,22700]",3,-4.0,1,3,1,0,6,True
2025-2025122620gm-00a9-0000-0e700f01-03-s2-d11,94,A,1,49,"[24300,44300,10700,20700]",4,-10.0,1,3,0,0,6,True
2025-2025122620gm-00a9-0000-0e700f01-03-s2-d11,94,B,4,30,"[25900,40700,10700,22700]",4,-10.0,1,3,0,0,6,True
2025-2025122620gm-00a9-0000-0e700f01-03-s2-d11,95,A,1,49,"[32000,44300,-3800,27500]",4,-10.0,1,3,0,0,5,True
2025-2025122620gm-00a9-0000-0e700f01-03-s2-d11,95,B,4,30,"[21000,22800,30400,24800]",1,10.0,1,3,0,1,5,True
2025-2025122620gm-00a9-0000-0e700f01-03-s2-d11,96,A,1,49,"[48500,22100,15600,12800]",3,-4.0,1,3,0,1,7,True
2025-2025122620gm-00a9-0000-0e700f01-03-s2-d11,96,B,4,30,"[48500,22100,15600,12800]",3,-4.0,1,3,0,1,7,True
2025-2025122620gm-00a9-0000-0e700f01-03-s2-d11,97,A,1,49,"[17000,19500,28000,35500]",2,4.0,1,3,0,0,5,True
2025-2025122620gm-00a9-0000-0e700f01-03-s2-d11,97,B,4,30,"[21400,39500,27300,11800]",2,4.0,1,3,0,0,10,True
2025-2025122620gm-00a9-0000-0e700f01-03-s2-d11,98,A,1,49,"[21400,13400,44200,21000]",1,10.0,1,3,1,0,6,True
2025-2025122620gm-00a9-0000-0e700f01-03-s2-d11,98,B,4,30,"[5600,28400,22800,43200]",3,-4.0,1,3,0,0,6,True
2025-2025122620gm-00a9-0000-0e700f01-03-s2-d11,99,A,1,49,"[24500,22900,21800,30800]",4,-10.0,1,3,0,0,6,True
2025-2025122620gm-00a9-0000-0e700f01-03-s2-d11,99,B,4,30,"[25000,41000,6800,27200]",4,-10.0,1,3,0,0,5,True
2025-2025122620gm-00a9-0000-0e700f01-03-s2-d11,100,A,1,49,"[37900,37300,4500,20300]",4,-10.0,1,3,0,0,8,True
2025-2025122620gm-00a9-0000-0e700f01-03-s2-d11,100,B,4,30,"[38900,38100,2000,21000]",4,-10.0,1,3,0,0,8,True
2025-2025122620gm-00a9-0000-0e700f01-03-s2-d11,101,A,1,49,"[39100,28200,7900,24800]",4,-10.0,1,3,0,0,6,True
2025-2025122620gm-00a9-0000-0e700f01-03-s2-d11,101,B,4,30,"[39100,28200,7900,24800]",4,-10.0,1,3,0,0,6,True
2025-2025122620gm-00a9-0000-0e700f01-03-s2-d11,102,A,1,49,"[41500,30700,-800,28600]",4,-10.0,1,3,0,0,6,True
2025-2025122620gm-00a9-0000-0e700f01-03-s2-d11,102,B,4,30,"[41500,30700,-800,28600]",4,-10.0,1,3,0,0,6,True
2025-2025122620gm-00a9-0000-0e700f01-03-s2-d11,103,A,1,49,"[7400,29400,26700,36500]",3,-4.0,1,3,0,0,6,True
2025-2025122620gm-00a9-0000-0e700f01-03-s2-d11,103,B,4,30,"[24100,30900,16700,28300]",4,-10.0,1,3,0,0,6,True
2025-2025122620gm-00a9-0000-0e700f01-03-s2-d11,104,A,1,49,"[24100,24000,20700,31200]",4,-10.0,2,1,0,0,7,True
2025-2025122620gm-00a9-0000-0e700f01-03-s2-d11,104,B,4,30,"[24100,24000,20700,31200]",4,-10.0,2,1,0,0,7,True
2025-2025122620gm-00a9-0000-0e700f01-03-s2-d11,105,A,1,49,"[24900,38600,17900,18600]",4,-10.0,1,3,0,0,7,True
2025-2025122620gm-00a9-0000-0e700f01-03-s2-d11,105,B,4,30,"[24900,38600,17900,18600]",4,-10.0,1,3,0,0,7,True
2025-2025122620gm-00a9-0000-0e700f01-03-s2-d11,106,A,1,49,"[15500,33400,19200,31900]",3,-4.0,1,3,1,0,6,True
2025-2025122620gm-00a9-0000-0e700f01-03-s2-d11,106,B,4,30,"[20900,24500,32100,22500]",1,10.0,1,3,1,0,5,True
2025-2025122620gm-00a9-0000-0e700f01-03-s2-d11,107,A,1,49,"[22300,32000,33300,12400]",1,10.0,1,3,0,0,9,True
2025-2025122620gm-00a9-0000-0e700f01-03-s2-d11,107,B,4,30,"[15600,34900,14800,34700]",4,-10.0,1,3,0,0,9,True
2025-2025122620gm-00a9-0000-0e700f01-03-s2-d11,108,A,1,49,"[40600,28700,16900,13800]",3,-4.0,1,3,0,0,5,True
2025-2025122620gm-00a9-0000-0e700f01-03-s2-d11,108,B,4,30,"[44500,22900,17200,15400]",3,-4.0,1,3,0,0,5,True
2025-2025122620gm-00a9-0000-0e700f01-03-s2-d11,109,A,1,49,"[27600,34600,17900,19900]",4,-10.0,1,3,2,0,9,True
2025-2025122620gm-00a9-0000-0e700f01-03-s2-d11,109,B,4,30,"[16500,34000,29900,18600]",2,4.0,1,3,0,1,6,True
2025-2025122620gm-00a9-0000-0e700f01-03-s2-d11,110,A,1,49,"[27400,31100,19900,21600]",4,-10.0,1,3,0,0,8,True
2025-2025122620gm-00a9-0000-0e700f01-03-s2-d11,110,B,4,30,"[33000,39000,13500,14500]",4,-10.0,1,3,0,0,7,True
2025-2025122620gm-00a9-0000-0e700f01-03-s2-d11,111,A,1,49,"[27400,29100,12100,31400]",4,-10.0,1,3,0,0,5,True
2025-2025122620gm-00a9-0000-0e700f01-03-s2-d11,111,B,4,30,"[20300,42900,9800,27000]",4,-10.0,1,3,0,0,5,True
2025-2025122620gm-00a9-0000-0e700f01-03-s2-d11,112,A,1,49,"[22500,26600,9100,41800]",4,-10.0,1,3,0,0,6,True
2025-2025122620gm-00a9-0000-0e700f01-03-s2-d11,112,B,4,30,"[24600,39700,7400,28300]",4,-10.0,1,3,1,0,7,True
2025-2025122620gm-00a9-0000-0e700f01-03-s2-d11,113,A,1,49,"[42200,29400,21400,7000]",3,-4.0,1,3,0,0,6,True
2025-2025122620gm-00a9-0000-0e700f01-03-s2-d11,113,B,4,30,"[33000,34200,-1600,34400]",4,-10.0,1,2,0,0,4,True
2025-2025122620gm-00a9-0000-0e700f01-03-s2-d11,114,A,1,49,"[20700,19800,41800,17700]",1,10.0,1,3,1,0,6,True
2025-2025122620gm-00a9-0000-0e700f01-03-s2-d11,114,B,4,30,"[13400,34700,21400,30500]",3,-4.0,1,3,1,0,6,True
2025-2025122620gm-00a9-0000-0e700f01-03-s2-d11,115,A,1,49,"[16100,36800,31300,15800]",2,4.0,1,3,0,0,8,True
2025-2025122620gm-00a9-0000-0e700f01-03-s2-d11,115,B,4,30,"[20100,46700,13600,19600]",4,-10.0,1,3,0,0,7,True
2025-2025122620gm-00a9-0000-0e700f01-03-s2-d11,116,A,1,49,"[34500,38800,-600,27300]",4,-10.0,1,0,1,0,4,True
2025-2025122620gm-00a9-0000-0e700f01-03-s2-d11,116,B,4,30,"[34500,38800,-600,27300]",4,-10.0,1,0,1,0,4,True
2025-2025122620gm-00a9-0000-0e700f01-03-s2-d11,117,A,1,49,"[44300,33500,2000,20200]",4,-10.0,1,3,0,0,6,True
2025-2025122620gm-00a9-0000-0e700f01-03-s2-d11,117,B,4,30,"[29800,42000,13500,13700]",4,-10.0,1,3,0,1,6,True
2025-2025122620gm-00a9-0000-0e700f01-03-s2-d11,118,A,1,49,"[21800,35300,17200,25700]",4,-10.0,1,3,0,0,5,True
2025-2025122620gm-00a9-0000-0e700f01-03-s2-d11,118,B,4,30,"[31300,22000,19000,27700]",4,-10.0,2,1,0,0,7,True
2025-2025122620gm-00a9-0000-0e700f01-03-s2-d11,119,A,1,49,"[1800,38000,31600,28600]",2,4.0,1,3,0,0,7,True
2025-2025122620gm-00a9-0000-0e700f01-03-s2-d11,119,B,4,30,"[32700,29000,30700,7600]",2,4.0,1,3,0,0,5,True
2025-2025122620gm-00a9-0000-0e700f01-03-s2-d11,120,A,1,49,"[22200,15500,24400,37900]",2,4.0,1,3,0,0,12,True
2025-2025122620gm-00a9-0000-0e700f01-03-s2-d11,120,B,4,30,"[22200,15500,24400,37900]",2,4.0,1,3,0,0,12,True
2025-2025122620gm-00a9-0000-0e700f01-03-s2-d11,121,A,1,49,"[30100,23200,26500,20200]",2,4.0,1,3,0,0,5,True
2025-2025122620gm-00a9-0000-0e700f01-03-s2-d11,121,B,4,30,"[23300,34400,23100,19200]",3,-4.0,1,3,1,0,6,True
2025-2025122620gm-00a9-0000-0e700f01-03-s2-d11,122,A,1,49,"[25000,23300,21000,30700]",4,-10.0,1,3,0,0,5,True
2025-2025122620gm-00a9-0000-0e700f01-03-s2-d11,122,B,4,30,"[21800,25000,19100,34100]",4,-10.0,2,0,0,0,7,True
2025-2025122620gm-00a9-0000-0e700f01-03-s2-d11,123,A,1,49,"[10200,53500,16600,19700]",3,-4.0,1,3,0,0,9,True
2025-2025122620gm-00a9-0000-0e700f01-03-s2-d11,123,B,4,30,"[27100,38500,11500,22900]",4,-10.0,1,3,1,0,7,True
2025-2025122620gm-00a9-0000-0e700f01-03-s2-d11,124,A,1,49,"[30000,23500,19700,26800]",4,-10.0,1,3,0,0,6,True
2025-2025122620gm-00a9-0000-0e700f01-03-s2-d11,124,B,4,30,"[30000,23500,19700,26800]",4,-10.0,1,3,0,0,6,True
2025-2025122620gm-00a9-0000-0e700f01-03-s2-d11,125,A,1,49,"[42200,34500,0,23300]",4,-10.0,1,3,0,0,7,True
2025-2025122620gm-00a9-0000-0e700f01-03-s2-d11,125,B,4,30,"[42200,34500,0,23300]",4,-10.0,1,3,0,0,7,True
2025-2025122620gm-00a9-0000-0e700f01-03-s2-d11,126,A,1,49,"[13800,17300,37100,30800]",1,10.0,1,3,0,1,6,True
2025-2025122620gm-00a9-0000-0e700f01-03-s2-d11,126,B,4,30,"[25000,41000,18400,15600]",3,-4.0,1,3,0,0,5,True
2025-2025122620gm-00a9-0000-0e700f01-03-s2-d11,127,A,1,49,"[26000,-15600,27700,61900]",2,4.0,1,2,0,0,5,True
2025-2025122620gm-00a9-0000-0e700f01-03-s2-d11,127,B,4,30,"[35200,26700,13000,25100]",4,-10.0,1,3,0,0,5,True
2025-2025122620gm-00a9-0000-0e700f01-03-s2-d11,128,A,1,49,"[24900,22000,35400,17700]",1,10.0,1,3,1,0,7,True
2025-2025122620gm-00a9-0000-0e700f01-03-s2-d11,128,B,4,30,"[42200,6400,40300,11100]",2,4.0,1,3,1,0,10,True
2025-2025122620gm-00a9-0000-0e700f01-03-s2-d11,129,A,1,49,"[34400,27200,30000,8400]",2,4.0,1,3,2,0,6,True
2025-2025122620gm-00a9-0000-0e700f01-03-s2-d11,129,B,4,30,"[30400,38200,8800,22600]",4,-10.0,1,3,0,0,6,True
2025-2025122620gm-00a9-0000-0e700f01-03-s2-d11,130,A,1,49,"[23100,35200,7000,34700]",4,-10.0,1,3,0,0,6,True
2025-2025122620gm-00a9-0000-0e700f01-03-s2-d11,130,B,4,30,"[23300,33300,9700,33700]",4,-10.0,1,3,0,0,6,True
2025-2025122620gm-00a9-0000-0e700f01-03-s2-d11,131,A,1,49,"[36400,33800,24800,5000]",3,-4.0,1,3,0,0,5,True
2025-2025122620gm-00a9-0000-0e700f01-03-s2-d11,131,B,4,30,"[11700,32000,24000,32300]",3,-4.0,1,3,0,0,6,True
2025-2025122620gm-00a9-0000-0e700f01-03-s2-d11,132,A,1,49,"[5900,22400,59000,12700]",1,10.0,1,3,2,0,6,True
2025-2025122620gm-00a9-0000-0e700f01-03-s2-d11,132,B,4,30,"[22000,14800,41900,21300]",1,10.0,2,2,0,0,10,True
2025-2025122620gm-00a9-0000-0e700f01-03-s2-d11,133,A,1,49,"[36800,6400,3200,53600]",4,-10.0,1,3,0,0,6,True
2025-2025122620gm-00a9-0000-0e700f01-03-s2-d11,133,B,4,30,"[33700,2000,14500,49800]",3,-4.0,1,3,0,0,6,True
2025-2025122620gm-00a9-0000-0e700f01-03-s2-d11,134,A,1,49,"[35300,16200,28000,20500]",2,4.0,1,3,0,0,7,True
2025-2025122620gm-00a9-0000-0e700f01-03-s2-d11,134,B,4,30,"[35300,16200,28000,20500]",2,4.0,1,3,0,0,7,True
2025-2025122620gm-00a9-0000-0e700f01-03-s2-d11,135,A,1,49,"[36000,17100,7400,39500]",4,-10.0,1,3,0,0,5,True
2025-2025122620gm-00a9-0000-0e700f01-03-s2-d11,135,B,4,30,"[36000,17100,7400,39500]",4,-10.0,1,3,0,0,5,True
2025-2025122620gm-00a9-0000-0e700f01-03-s2-d11,136,A,1,49,"[22000,23600,22500,31900]",3,-4.0,2,1,1,0,11,True
2025-2025122620gm-00a9-0000-0e700f01-03-s2-d11,136,B,4,30,"[18900,18700,33400,29000]",1,10.0,1,3,0,0,8,True
2025-2025122620gm-00a9-0000-0e700f01-03-s2-d11,137,A,1,49,"[14400,39900,21500,24200]",3,-4.0,1,3,1,0,6,True
2025-2025122620gm-00a9-0000-0e700f01-03-s2-d11,137,B,4,30,"[14400,39900,21500,24200]",3,-4.0,1,3,1,0,6,True
2025-2025122620gm-00a9-0000-0e700f01-03-s2-d11,138,A,1,49,"[12300,30800,31700,25200]",1,10.0,1,3,0,0,5,True
2025-2025122620gm-00a9-0000-0e700f01-03-s2-d11,138,B,4,30,"[12300,30800,31700,25200]",1,10.0,1,3,0,0,5,True
2025-2025122620gm-00a9-0000-0e700f01-03-s2-d11,139,A,1,49,"[29300,40900,11100,18700]",4,-10.0,1,3,1,0,9,True
2025-2025122620gm-00a9-0000-0e700f01-03-s2-d11,139,B,4,30,"[25900,27300,11100,35700]",4,-10.0,1,3,0,0,5,True
2025-2025122620gm-00a9-0000-0e700f01-03-s2-d11,140,A,1,49,"[10200,47600,13000,29200]",3,-4.0,1,3,0,0,5,True
2025-2025122620gm-00a9-0000-0e700f01-03-s2-d11,140,B,4,30,"[31100,23900,24000,21000]",2,4.0,1,3,0,0,6,True
2025-2025122620gm-00a9-0000-0e700f01-03-s2-d11,141,A,1,49,"[25100,46800,-2000,30100]",4,-10.0,1,2,0,0,5,True
2025-2025122620gm-00a9-0000-0e700f01-03-s2-d11,141,B,4,30,"[25100,46800,-2000,30100]",4,-10.0,1,2,0,0,5,True
2025-2025122620gm-00a9-0000-0e700f01-03-s2-d11,142,A,1,49,"[12400,43100,19200,25300]",3,-4.0,1,3,1,0,7,True
2025-2025122620gm-00a9-0000-0e700f01-03-s2-d11,142,B,4,30,"[12300,49100,14900,23700]",3,-4.0,1,3,1,0,7,True
2025-2025122620gm-00a9-0000-0e700f01-03-s2-d11,143,A,1,49,"[25200,27800,13700,33300]",4,-10.0,2,0,1,0,7,True
2025-2025122620gm-00a9-0000-0e700f01-03-s2-d11,143,B,4,30,"[23800,53200,3100,19900]",4,-10.0,1,3,0,0,7,True
2025-2025122620gm-00a9-0000-0e700f01-03-s2-d11,144,A,1,49,"[31000,25300,11600,32100]",4,-10.0,1,3,1,0,6,True
2025-2025122620gm-00a9-0000-0e700f01-03-s2-d11,144,B,4,30,"[40100,29700,6200,24000]",4,-10.0,1,3,0,0,5,True
2025-2025122620gm-00a9-0000-0e700f01-03-s2-d11,145,A,1,49,"[33800,28400,14800,23000]",4,-10.0,1,3,0,0,5,True
2025-2025122620gm-00a9-0000-0e700f01-03-s2-d11,145,B,4,30,"[36000,22100,22300,19600]",2,4.0,1,3,0,0,5,True
2025-2025122620gm-00a9-0000-0e700f01-03-s2-d11,146,A,1,49,"[24900,21200,18400,35500]",4,-10.0,1,3,0,0,6,True
2025-2025122620gm-00a9-0000-0e700f01-03-s2-d11,146,B,4,30,"[21100,46600,12000,20300]",4,-10.0,1,3,0,0,8,True
2025-2025122620gm-00a9-0000-0e700f01-03-s2-d11,147,A,1,49,"[17000,35600,32100,15300]",2,4.0,1,3,0,0,5,True
2025-2025122620gm-00a9-0000-0e700f01-03-s2-d11,147,B,4,30,"[31500,36000,-200,32700]",4,-10.0,1,2,0,0,4,True
2025-2025122620gm-00a9-0000-0e700f01-03-s2-d11,148,A,1,49,"[17200,45600,10000,27200]",4,-10.0,1,3,0,0,7,True
2025-2025122620gm-00a9-0000-0e700f01-03-s2-d11,148,B,4,30,"[19900,42600,14100,23400]",4,-10.0,1,3,1,0,8,True
2025-2025122620gm-00a9-0000-0e700f01-03-s2-d11,149,A,1,49,"[16800,15400,29000,38800]",2,4.0,2,0,0,0,7,True
2025-2025122620gm-00a9-0000-0e700f01-03-s2-d11,149,B,4,30,"[14500,36400,18000,31100]",3,-4.0,1,3,0,0,7,True
2025-2025122620gm-00a9-0000-0e700f01-03-s2-d11,150,A,1,49,"[12600,25200,29100,33100]",2,4.0,2,1,0,0,7,True
2025-2025122620gm-00a9-0000-0e700f01-03-s2-d11,150,B,4,30,"[26300,18700,21500,33500]",3,-4.0,1,3,0,0,5,True
2025-2025122620gm-00a9-0000-0e700f01-03-s2-d11,151,A,1,49,"[29600,36200,14500,19700]",4,-10.0,1,3,0,0,5,True
2025-2025122620gm-00a9-0000-0e700f01-03-s2-d11,151,B,4,30,"[35900,35600,9900,18600]",4,-10.0,1,3,0,0,5,True
2025-2025122620gm-00a9-0000-0e700f01-03-s2-d11,152,A,1,49,"[35000,17600,15200,32200]",4,-10.0,1,3,0,0,7,True
2025-2025122620gm-00a9-0000-0e700f01-03-s2-d11,152,B,4,30,"[25500,58800,-10400,26100]",4,-10.0,1,1,0,0,3,True
2025-2025122620gm-00a9-0000-0e700f01-03-s2-d11,153,A,1,49,"[21800,27400,19200,31600]",4,-10.0,1,3,0,0,7,True
2025-2025122620gm-00a9-0000-0e700f01-03-s2-d11,153,B,4,30,"[21800,27400,19200,31600]",4,-10.0,1,3,0,0,7,True
2025-2025122620gm-00a9-0000-0e700f01-03-s2-d11,154,A,1,49,"[32100,24700,25100,18100]",2,4.0,1,3,4,0,6,True
2025-2025122620gm-00a9-0000-0e700f01-03-s2-d11,154,B,4,30,"[29500,8300,27900,31300]",3,-4.0,1,3,1,3,6,True
2025-2025122620gm-00a9-0000-0e700f01-03-s2-d11,155,A,1,49,"[32100,13400,26300,28200]",3,-4.0,2,0,0,0,6,True
2025-2025122620gm-00a9-0000-0e700f01-03-s2-d11,155,B,4,30,"[9700,25200,22700,42400]",3,-4.0,1,3,0,0,7,True
2025-2025122620gm-00a9-0000-0e700f01-03-s2-d11,156,A,1,49,"[18900,28400,30700,22000]",1,10.0,1,3,0,0,7,True
2025-2025122620gm-00a9-0000-0e700f01-03-s2-d11,156,B,4,30,"[13700,31100,37200,18000]",1,10.0,1,3,0,0,6,True
2025-2025122620gm-00a9-0000-0e700f01-03-s2-d11,157,A,1,49,"[22100,35600,25300,17000]",2,4.0,2,1,0,0,9,True
2025-2025122620gm-00a9-0000-0e700f01-03-s2-d11,157,B,4,30,"[26600,23600,10200,39600]",4,-10.0,1,3,1,0,6,True
2025-2025122620gm-00a9-0000-0e700f01-03-s2-d11,158,A,1,49,"[38500,30300,15600,15600]",3,-4.0,1,3,0,0,9,True
2025-2025122620gm-00a9-0000-0e700f01-03-s2-d11,158,B,4,30,"[22200,17100,20500,39200]",3,-4.0,1,3,0,1,10,True
2025-2025122620gm-00a9-0000-0e700f01-03-s2-d11,159,A,1,49,"[9700,37300,18200,34800]",3,-4.0,1,3,0,0,7,True
2025-2025122620gm-00a9-0000-0e700f01-03-s2-d11,159,B,4,30,"[28600,26000,7800,37600]",4,-10.0,1,3,1,0,8,True
2025-2025122620gm-00a9-0000-0e700f01-03-s2-d11,160,A,1,49,"[19300,32000,32700,16000]",1,10.0,1,3,2,0,7,True
2025-2025122620gm-00a9-0000-0e700f01-03-s2-d11,160,B,4,30,"[7500,53800,28300,10400]",2,4.0,1,3,0,0,8,True
2025-2025122620gm-00a9-0000-0e700f01-03-s2-d11,161,A,1,49,"[18300,34300,23100,24300]",3,-4.0,1,3,0,0,5,True
2025-2025122620gm-00a9-0000-0e700f01-03-s2-d11,161,B,4,30,"[28400,38000,-1900,35500]",4,-10.0,1,3,1,0,6,True
2025-2025122620gm-00a9-0000-0e700f01-03-s2-d11,162,A,1,49,"[29100,30800,22000,18100]",3,-4.0,1,3,0,0,5,True
2025-2025122620gm-00a9-0000-0e700f01-03-s2-d11,162,B,4,30,"[15600,41000,41100,2300]",1,10.0,1,3,0,0,5,True
2025-2025122620gm-00a9-0000-0e700f01-03-s2-d11,163,A,1,49,"[14100,24700,17500,43700]",3,-4.0,1,3,0,0,7,True
2025-2025122620gm-00a9-0000-0e700f01-03-s2-d11,163,B,4,30,"[17900,17000,38500,26600]",1,10.0,1,3,1,0,6,True
2025-2025122620gm-00a9-0000-0e700f01-03-s2-d11,164,A,1,49,"[6900,43600,17000,32500]",3,-4.0,1,3,0,0,5,True
2025-2025122620gm-00a9-0000-0e700f01-03-s2-d11,164,B,4,30,"[6900,43600,17000,32500]",3,-4.0,1,3,0,0,5,True
2025-2025122620gm-00a9-0000-0e700f01-03-s2-d11,165,A,1,49,"[26400,35300,10700,27600]",4,-10.0,1,3,0,0,5,True
2025-2025122620gm-00a9-0000-0e700f01-03-s2-d11,165,B,4,30,"[33000,34700,4700,27600]",4,-10.0,1,3,0,0,6,True
2025-2025122620gm-00a9-0000-0e700f01-03-s2-d11,166,A,1,49,"[33400,33500,2000,31100]",4,-10.0,1,3,1,0,7,True
2025-2025122620gm-00a9-0000-0e700f01-03-s2-d11,166,B,4,30,"[33400,33500,2000,31100]",4,-10.0,1,3,1,0,7,True
2025-2025122620gm-00a9-0000-0e700f01-03-s2-d11,167,A,1,49,"[12700,39600,22100,25600]",3,-4.0,1,3,0,0,6,True
2025-2025122620gm-00a9-0000-0e700f01-03-s2-d11,167,B,4,30,"[38600,29700,2600,29100]",4,-10.0,1,3,0,0,7,True
2025-2025122620gm-00a9-0000-0e700f01-03-s2-d11,168,A,1,49,"[23800,30200,29300,16700]",2,4.0,2,1,0,0,11,True
2025-2025122620gm-00a9-0000-0e700f01-03-s2-d11,168,B,4,30,"[37500,23300,15100,24100]",4,-10.0,1,3,0,0,7,True
2025-2025122620gm-00a9-0000-0e700f01-03-s2-d11,169,A,1,49,"[15100,41300,20100,22500]",3,-4.0,1,3,0,1,6,True
2025-2025122620gm-00a9-0000-0e700f01-03-s2-d11,169,B,4,30,"[19400,39000,22100,19500]",2,4.0,1,3,0,0,6,True
2025-2025122620gm-00a9-0000-0e700f01-03-s2-d11,170,A,1,49,"[-1600,37100,25300,39200]",3,-4.0,1,3,0,0,5,True
2025-2025122620gm-00a9-0000-0e700f01-03-s2-d11,170,B,4,30,"[11400,45000,11500,32100]",3,-4.0,1,3,1,0,7,True
2025-2025122620gm-00a9-0000-0e700f01-03-s2-d11,171,A,1,49,"[25200,25800,32800,16200]",1,10.0,1,3,0,0,7,True
2025-2025122620gm-00a9-0000-0e700f01-03-s2-d11,171,B,4,30,"[25200,25800,32800,16200]",1,10.0,1,3,0,0,7,True
2025-2025122620gm-00a9-0000-0e700f01-03-s2-d11,172,A,1,49,"[39400,32500,4300,23800]",4,-10.0,1,3,0,0,6,True
2025-2025122620gm-00a9-0000-0e700f01-03-s2-d11,172,B,4,30,"[3000,38500,12800,45700]",3,-4.0,1,3,0,0,6,True
2025-2025122620gm-00a9-0000-0e700f01-03-s2-d11,173,A,1,49,"[26900,25300,40200,7600]",1,10.0,1,3,0,0,8,True
2025-2025122620gm-00a9-0000-0e700f01-03-s2-d11,173,B,4,30,"[22800,38200,36200,2800]",2,4.0,1,3,0,0,8,True
2025-2025122620gm-00a9-0000-0e700f01-03-s2-d11,174,A,1,49,"[29600,23900,-1000,47500]",4,-10.0,1,2,1,0,8,True
2025-2025122620gm-00a9-0000-0e700f01-03-s2-d11,174,B,4,30,"[35100,52200,3900,8800]",4,-10.0,1,3,0,0,7,True
2025-2025122620gm-00a9-0000-0e700f01-03-s2-d11,175,A,1,49,"[23900,32300,20800,23000]",4,-10.0,1,3,0,0,6,True
2025-2025122620gm-00a9-0000-0e700f01-03-s2-d11,175,B,4,30,"[23900,32300,20800,23000]",4,-10.0,1,3,0,0,6,True
2025-2025122620gm-00a9-0000-0e700f01-03-s2-d11,176,A,1,49,"[31100,28000,5700,35200]",4,-10.0,1,3,3,0,8,True
2025-2025122620gm-00a9-0000-0e700f01-03-s2-d11,176,B,4,30,"[31100,28000,5700,35200]",4,-10.0,1,3,3,0,8,True
2025-2025122620gm-00a9-0000-0e700f01-03-s2-d11,177,A,1,49,"[26000,43000,-3600,34600]",4,-10.0,1,2,0,0,4,True
2025-2025122620gm-00a9-0000-0e700f01-03-s2-d11,177,B,4,30,"[21100,27500,8400,43000]",4,-10.0,1,3,0,0,5,True
2025-2025122620gm-00a9-0000-0e700f01-03-s2-d11,178,A,1,49,"[20400,17900,38100,23600]",1,10.0,1,3,0,0,6,True
2025-2025122620gm-00a9-0000-0e700f01-03-s2-d11,178,B,4,30,"[27100,20500,39100,13300]",1,10.0,1,3,0,0,6,True
2025-2025122620gm-00a9-0000-0e700f01-03-s2-d11,179,A,1,49,"[23700,33600,20400,22300]",4,-10.0,1,3,0,0,6,True
2025-2025122620gm-00a9-0000-0e700f01-03-s2-d11,179,B,4,30,"[33900,29100,16500,20500]",4,-10.0,1,3,0,0,5,True
2025-2025122620gm-00a9-0000-0e700f01-03-s2-d11,180,A,1,49,"[17900,39900,19800,22400]",3,-4.0,1,3,0,0,6,True
2025-2025122620gm-00a9-0000-0e700f01-03-s2-d11,180,B,4,30,"[26500,36100,11900,25500]",4,-10.0,1,3,0,0,6,True
2025-2025122620gm-00a9-0000-0e700f01-03-s2-d11,181,A,1,49,"[13900,6700,48600,30800]",1,10.0,1,3,1,0,9,True
2025-2025122620gm-00a9-0000-0e700f01-03-s2-d11,181,B,4,30,"[18700,21300,20000,40000]",3,-4.0,1,3,0,0,6,True
2025-2025122620gm-00a9-0000-0e700f01-03-s2-d11,182,A,1,49,"[28000,30600,12000,29400]",4,-10.0,1,3,0,0,6,True
2025-2025122620gm-00a9-0000-0e700f01-03-s2-d11,182,B,4,30,"[31000,26900,15000,27100]",4,-10.0,1,3,0,0,6,True
2025-2025122620gm-00a9-0000-0e700f01-03-s2-d11,183,A,1,49,"[15900,39400,21600,23100]",3,-4.0,1,3,0,0,11,True
2025-2025122620gm-00a9-0000-0e700f01-03-s2-d11,183,B,4,30,"[15900,39400,21600,23100]",3,-4.0,1,3,0,0,11,True
2025-2025122620gm-00a9-0000-0e700f01-03-s2-d11,184,A,1,49,"[16800,33000,8100,42100]",4,-10.0,1,3,0,0,7,True
2025-2025122620gm-00a9-0000-0e700f01-03-s2-d11,184,B,4,30,"[18700,36600,16300,27400]",4,-10.0,1,3,0,1,8,True
2025-2025122620gm-00a9-0000-0e700f01-03-s2-d11,185,A,1,49,"[18500,36700,31600,13200]",2,4.0,1,3,0,0,7,True
2025-2025122620gm-00a9-0000-0e700f01-03-s2-d11,185,B,4,30,"[12700,33700,16600,37000]",3,-4.0,1,3,0,0,7,True
2025-2025122620gm-00a9-0000-0e700f01-03-s2-d11,186,A,1,49,"[30800,32300,7800,29100]",4,-10.0,1,3,0,0,6,True
2025-2025122620gm-00a9-0000-0e700f01-03-s2-d11,186,B,4,30,"[30800,32300,7800,29100]",4,-10.0,1,3,0,0,6,True
2025-2025122620gm-00a9-0000-0e700f01-03-s2-d11,187,A,1,49,"[52900,19300,500,27300]",4,-10.0,1,3,0,0,7,True
2025-2025122620gm-00a9-0000-0e700f01-03-s2-d11,187,B,4,30,"[32300,22400,400,44900]",4,-10.0,1,3,0,0,7,True
2025-2025122620gm-00a9-0000-0e700f01-03-s2-d11,188,A,1,49,"[25200,33400,11800,28600]",4,-10.0,1,3,0,1,5,True
2025-2025122620gm-00a9-0000-0e700f01-03-s2-d11,188,B,4,30,"[25200,33400,11800,28600]",4,-10.0,1,3,0,1,5,True
2025-2025122620gm-00a9-0000-0e700f01-03-s2-d11,189,A,1,49,"[26500,37600,22200,13700]",3,-4.0,1,3,0,0,6,True
2025-2025122620gm-00a9-0000-0e700f01-03-s2-d11,189,B,4,30,"[26500,37600,22200,13700]",3,-4.0,1,3,0,0,6,True
2025-2025122620gm-00a9-0000-0e700f01-03-s2-d11,190,A,1,49,"[24600,10200,35300,29900]",1,10.0,1,3,0,0,7,True
2025-2025122620gm-00a9-0000-0e700f01-03-s2-d11,190,B,4,30,"[20500,14100,27500,37900]",2,4.0,1,3,0,0,5,True
2025-2025122620gm-00a9-0000-0e700f01-03-s2-d11,191,A,1,49,"[16400,40300,12800,30500]",4,-10.0,1,3,0,0,6,True
2025-2025122620gm-00a9-0000-0e700f01-03-s2-d11,191,B,4,30,"[32600,13900,19400,34100]",3,-4.0,1,3,0,0,7,True
2025-2025122620gm-00a9-0000-0e700f01-03-s2-d11,192,A,1,49,"[9900,28200,21000,40900]",3,-4.0,1,3,0,0,6,True
2025-2025122620gm-00a9-0000-0e700f01-03-s2-d11,192,B,4,30,"[10200,30100,18100,41600]",3,-4.0,1,3,0,0,6,True
2025-2025122620gm-00a9-0000-0e700f01-03-s2-d11,193,A,1,49,"[14600,22300,13700,49400]",4,-10.0,1,3,0,0,5,True
2025-2025122620gm-00a9-0000-0e700f01-03-s2-d11,193,B,4,30,"[-3200,39900,23700,39600]",3,-4.0,1,3,0,0,5,True
2025-2025122620gm-00a9-0000-0e700f01-03-s2-d11,194,A,1,49,"[14500,51500,25900,8100]",2,4.0,1,3,0,0,9,True
2025-2025122620gm-00a9-0000-0e700f01-03-s2-d11,194,B,4,30,"[14600,24000,34700,26700]",1,10.0,1,3,3,0,7,True
2025-2025122620gm-00a9-0000-0e700f01-03-s2-d11,195,A,1,49,"[37000,20600,27500,13900]",2,4.0,1,3,2,1,6,True
2025-2025122620gm-00a9-0000-0e700f01-03-s2-d11,195,B,4,30,"[37000,20600,27500,13900]",2,4.0,1,3,2,1,6,True
2025-2025122620gm-00a9-0000-0e700f01-03-s2-d11,196,A,1,49,"[22900,31200,24300,21600]",2,4.0,1,3,0,0,6,True
2025-2025122620gm-00a9-0000-0e700f01-03-s2-d11,196,B,4,30,"[21300,14300,41500,22900]",1,10.0,1,3,0,0,6,True
2025-2025122620gm-00a9-0000-0e700f01-03-s2-d11,197,A,1,49,"[32800,26400,7300,33500]",4,-10.0,1,3,0,0,5,True
2025-2025122620gm-00a9-0000-0e700f01-03-s2-d11,197,B,4,30,"[37600,26000,11600,24800]",4,-10.0,1,3,0,0,5,True
2025-2025122620gm-00a9-0000-0e700f01-03-s2-d11,198,A,1,49,"[49600,28600,-11900,33700]",4,-10.0,1,3,0,0,5,True
2025-2025122620gm-00a9-0000-0e700f01-03-s2-d11,198,B,4,30,"[19400,38400,25400,16800]",2,4.0,2,1,0,0,9,True
2025-2025122620gm-00a9-0000-0e700f01-03-s2-d11,199,A,1,49,"[29600,36800,6700,26900]",4,-10.0,1,3,1,0,7,True
2025-2025122620gm-00a9-0000-0e700f01-03-s2-d11,199,B,4,30,"[36600,32800,-600,31200]",4,-10.0,1,3,1,0,7,True
2025-2025122620gm-00a9-0000-0e700f01-03-s2-d11,200,A,1,49,"[34900,40300,4800,18000]",4,-10.0,1,3,0,2,6,True
2025-2025122620gm-00a9-0000-0e700f01-03-s2-d11,200,B,4,30,"[34900,40300,4800,18000]",4,-10.0,1,3,0,2,6,True
2025-2025122620gm-00a9-0000-0e700f01-03-s2-d11,201,A,1,49,"[-2700,27800,39300,35600]",1,10.0,1,2,0,0,4,True
2025-2025122620gm-00a9-0000-0e700f01-03-s2-d11,201,B,4,30,"[32500,21700,23100,22700]",2,4.0,1,3,0,0,7,True
2025-2025122620gm-00a9-0000-0e700f01-03-s2-d11,202,A,1,49,"[41000,21600,12400,25000]",4,-10.0,1,3,0,0,5,True
2025-2025122620gm-00a9-0000-0e700f01-03-s2-d11,202,B,4,30,"[41000,20600,12400,26000]",4,-10.0,1,3,0,0,5,True
2025-2025122620gm-00a9-0000-0e700f01-03-s2-d11,203,A,1,49,"[23100,31600,19900,25400]",4,-10.0,1,3,0,0,6,True
2025-2025122620gm-00a9-0000-0e700f01-03-s2-d11,203,B,4,30,"[23100,31600,19900,25400]",4,-10.0,1,3,0,0,6,True
2025-2025122620gm-00a9-0000-0e700f01-03-s2-d11,204,A,1,49,"[34900,25500,14100,25500]",4,-10.0,1,3,3,0,6,True
2025-2025122620gm-00a9-0000-0e700f01-03-s2-d11,204,B,4,30,"[20900,44600,2800,31700]",4,-10.0,1,3,1,0,6,True
2025-2025122620gm-00a9-0000-0e700f01-03-s2-d11,205,A,1,49,"[34900,18400,12400,34300]",4,-10.0,1,3,0,0,5,True
2025-2025122620gm-00a9-0000-0e700f01-03-s2-d11,205,B,4,30,"[23500,19400,26300,30800]",2,4.0,1,3,0,0,5,True
2025-2025122620gm-00a9-0000-0e700f01-03-s2-d11,206,A,1,49,"[31900,25800,28500,13800]",2,4.0,1,3,0,0,7,True
2025-2025122620gm-00a9-0000-0e700f01-03-s2-d11,206,B,4,30,"[50500,25800,8500,15200]",4,-10.0,1,3,0,0,7,True
2025-2025122620gm-00a9-0000-0e700f01-03-s2-d11,207,A,1,49,"[24400,22900,34400,16300]",1,10.0,1,3,2,2,8,True
2025-2025122620gm-00a9-0000-0e700f01-03-s2-d11,207,B,4,30,"[29000,42000,7900,21100]",4,-10.0,1,3,0,0,6,True
2025-2025122620gm-00a9-0000-0e700f01-03-s2-d11,208,A,1,49,"[27600,30300,16400,25700]",4,-10.0,1,3,1,0,7,True
2025-2025122620gm-00a9-0000-0e700f01-03-s2-d11,208,B,4,30,"[20300,43400,19500,16800]",3,-4.0,1,3,0,0,6,True
2025-2025122620gm-00a9-0000-0e700f01-03-s2-d11,209,A,1,49,"[22400,18000,20000,39600]",3,-4.0,1,3,0,0,6,True
2025-2025122620gm-00a9-0000-0e700f01-03-s2-d11,209,B,4,30,"[32500,2000,33900,31600]",1,10.0,1,3,0,0,7,True
2025-2025122620gm-00a9-0000-0e700f01-03-s2-d11,210,A,1,49,"[-200,36000,31400,32800]",3,-4.0,1,2,0,0,4,True
2025-2025122620gm-00a9-0000-0e700f01-03-s2-d11,210,B,4,30,"[30300,38800,10000,18900]",4,-10.0,1,3,0,2,6,True
2025-2025122620gm-00a9-0000-0e700f01-03-s2-d11,211,A,1,49,"[31800,34900,16700,16600]",3,-4.0,1,3,0,0,5,True
2025-2025122620gm-00a9-0000-0e700f01-03-s2-d11,211,B,4,30,"[33800,23500,21100,21600]",4,-10.0,1,3,0,0,5,True
2025-2025122620gm-00a9-0000-0e700f01-03-s2-d11,212,A,1,49,"[30200,30700,19900,19200]",3,-4.0,1,3,0,0,7,True
2025-2025122620gm-00a9-0000-0e700f01-03-s2-d11,212,B,4,30,"[21600,40500,800,37100]",4,-10.0,1,3,0,0,6,True
2025-2025122620gm-00a9-0000-0e700f01-03-s2-d11,213,A,1,49,"[24100,26900,8600,40400]",4,-10.0,1,3,0,0,6,True
2025-2025122620gm-00a9-0000-0e700f01-03-s2-d11,213,B,4,30,"[21200,30600,8700,39500]",4,-10.0,1,3,0,0,6,True
2025-2025122620gm-00a9-0000-0e700f01-03-s2-d11,214,A,1,49,"[16600,26000,26000,31400]",3,-4.0,1,3,0,0,6,True
2025-2025122620gm-00a9-0000-0e700f01-03-s2-d11,214,B,4,30,"[16600,26000,26000,31400]",3,-4.0,1,3,0,0,6,True
2025-2025122620gm-00a9-0000-0e700f01-03-s2-d11,215,A,1,49,"[22600,25700,33900,17800]",1,10.0,1,3,0,0,6,True
2025-2025122620gm-00a9-0000-0e700f01-03-s2-d11,215,B,4,30,"[20400,26500,31400,21700]",1,10.0,1,3,0,0,6,True
2025-2025122620gm-00a9-0000-0e700f01-03-s2-d11,216,A,1,49,"[27300,41000,6500,25200]",4,-10.0,1,3,1,0,6,True
2025-2025122620gm-00a9-0000-0e700f01-03-s2-d11,216,B,4,30,"[21400,40500,16700,21400]",4,-10.0,1,3,0,0,7,True
2025-2025122620gm-00a9-0000-0e700f01-03-s2-d11,217,A,1,49,"[22800,26700,32300,18200]",1,10.0,2,0,1,0,8,True
2025-2025122620gm-00a9-0000-0e700f01-03-s2-d11,217,B,4,30,"[22800,26700,32300,18200]",1,10.0,2,0,1,0,8,True
2025-2025122620gm-00a9-0000-0e700f01-03-s2-d11,218,A,1,49,"[39300,11900,27700,20100]",2,4.0,1,3,0,1,6,True
2025-2025122620gm-00a9-0000-0e700f01-03-s2-d11,218,B,4,30,"[27700,14900,24800,32600]",3,-4.0,1,3,0,0,6,True
2025-2025122620gm-00a9-0000-0e700f01-03-s2-d11,219,A,1,49,"[24000,19400,22000,33600]",3,-4.0,1,3,0,1,5,True
2025-2025122620gm-00a9-0000-0e700f01-03-s2-d11,219,B,4,30,"[21000,20400,23000,34600]",2,4.0,1,3,0,1,5,True
2025-2025122620gm-00a9-0000-0e700f01-03-s2-d11,220,A,1,49,"[24200,29000,8000,38800]",4,-10.0,1,3,0,0,6,True
2025-2025122620gm-00a9-0000-0e700f01-03-s2-d11,220,B,4,30,"[24200,29000,8000,38800]",4,-10.0,1,3,0,0,6,True
2025-2025122620gm-00a9-0000-0e700f01-03-s2-d11,221,A,1,49,"[27000,32800,9700,30500]",4,-10.0,1,3,0,0,5,True
2025-2025122620gm-00a9-0000-0e700f01-03-s2-d11,221,B,4,30,"[27000,32800,9700,30500]",4,-10.0,1,3,0,0,5,True
2025-2025122620gm-00a9-0000-0e700f01-03-s2-d11,222,A,1,49,"[37800,22100,8500,31600]",4,-10.0,1,3,0,0,5,True
2025-2025122620gm-00a9-0000-0e700f01-03-s2-d11,222,B,4,30,"[37800,22100,8500,31600]",4,-10.0,1,3,0,0,5,True
2025-2025122620gm-00a9-0000-0e700f01-03-s2-d11,223,A,1,49,"[28600,26100,5100,40200]",4,-10.0,1,3,1,0,6,True
2025-2025122620gm-00a9-0000-0e700f01-03-s2-d11,223,B,4,30,"[32900,24100,11800,31200]",4,-10.0,1,3,1,0,6,True
2025-2025122620gm-00a9-0000-0e700f01-03-s2-d11,224,A,1,49,"[23000,28500,17900,30600]",4,-10.0,1,3,0,0,5,True
2025-2025122620gm-00a9-0000-0e700f01-03-s2-d11,224,B,4,30,"[23000,28500,17900,30600]",4,-10.0,1,3,0,0,5,True
2025-2025122620gm-00a9-0000-0e700f01-03-s2-d11,225,A,1,49,"[44000,32600,-4200,27600]",4,-10.0,1,0,1,0,3,True
2025-2025122620gm-00a9-0000-0e700f01-03-s2-d11,225,B,4,30,"[25900,42500,10700,20900]",4,-10.0,1,3,0,0,7,True
2025-2025122620gm-00a9-0000-0e700f01-03-s2-d11,226,A,1,49,"[37900,27800,27200,7100]",3,-4.0,1,3,0,0,7,True
2025-2025122620gm-00a9-0000-0e700f01-03-s2-d11,226,B,4,30,"[29000,38900,8700,23400]",4,-10.0,1,3,1,0,6,True
2025-2025122620gm-00a9-0000-0e700f01-03-s2-d11,227,A,1,49,"[31600,24000,13400,31000]",4,-10.0,1,3,0,0,5,True
2025-2025122620gm-00a9-0000-0e700f01-03-s2-d11,227,B,4,30,"[36200,30800,5000,28000]",4,-10.0,1,3,0,0,6,True
2025-2025122620gm-00a9-0000-0e700f01-03-s2-d11,228,A,1,49,"[29400,27600,-4900,47900]",4,-10.0,1,2,0,0,6,True
2025-2025122620gm-00a9-0000-0e700f01-03-s2-d11,228,B,4,30,"[13600,46500,5100,34800]",4,-10.0,1,3,0,0,7,True
2025-2025122620gm-00a9-0000-0e700f01-03-s2-d11,229,A,1,49,"[26500,30700,18700,24100]",4,-10.0,2,0,0,0,8,True
2025-2025122620gm-00a9-0000-0e700f01-03-s2-d11,229,B,4,30,"[26300,22500,20700,30500]",4,-10.0,1,3,0,0,5,True
2025-2025122620gm-00a9-0000-0e700f01-03-s2-d11,230,A,1,49,"[8500,38500,22500,30500]",3,-4.0,1,3,0,0,5,True
2025-2025122620gm-00a9-0000-0e700f01-03-s2-d11,230,B,4,30,"[24300,40000,8900,26800]",4,-10.0,1,3,0,0,5,True
2025-2025122620gm-00a9-0000-0e700f01-03-s2-d11,231,A,1,49,"[30900,12900,26700,29500]",3,-4.0,1,3,0,0,6,True
2025-2025122620gm-00a9-0000-0e700f01-03-s2-d11,231,B,4,30,"[-11600,39400,33500,38700]",3,-4.0,1,3,0,0,8,True
2025-2025122620gm-00a9-0000-0e700f01-03-s2-d11,232,A,1,49,"[41100,18700,9500,30700]",4,-10.0,1,3,0,0,6,True
2025-2025122620gm-00a9-0000-0e700f01-03-s2-d11,232,B,4,30,"[41100,18700,9500,30700]",4,-10.0,1,3,0,0,6,True
2025-2025122620gm-00a9-0000-0e700f01-03-s2-d11,233,A,1,49,"[-7700,12700,36700,58300]",2,4.0,1,3,0,0,7,True
2025-2025122620gm-00a9-0000-0e700f01-03-s2-d11,233,B,4,30,"[17300,20300,18600,43800]",3,-4.0,1,3,0,0,5,True
2025-2025122620gm-00a9-0000-0e700f01-03-s2-d11,234,A,1,49,"[26300,25700,15000,33000]",4,-10.0,1,3,0,0,6,True
2025-2025122620gm-00a9-0000-0e700f01-03-s2-d11,234,B,4,30,"[100,41700,38100,20100]",2,4.0,1,3,0,0,6,True
2025-2025122620gm-00a9-0000-0e700f01-03-s2-d11,235,A,1,49,"[39100,24600,4700,31600]",4,-10.0,1,3,0,0,6,True
2025-2025122620gm-00a9-0000-0e700f01-03-s2-d11,235,B,4,30,"[22500,30500,12100,34900]",4,-10.0,1,3,0,0,5,True
2025-2025122620gm-00a9-0000-0e700f01-03-s2-d11,236,A,1,49,"[19100,41100,14800,25000]",4,-10.0,1,3,0,0,5,True
2025-2025122620gm-00a9-0000-0e700f01-03-s2-d11,236,B,4,30,"[31700,32500,5400,30400]",4,-10.0,1,3,1,0,6,True
2025-2025122620gm-00a9-0000-0e700f01-03-s2-d11,237,A,1,49,"[46600,29000,3100,21300]",4,-10.0,1,3,1,0,6,True
2025-2025122620gm-00a9-0000-0e700f01-03-s2-d11,237,B,4,30,"[27500,16700,35800,20000]",1,10.0,1,3,0,0,7,True
2025-2025122620gm-00a9-0000-0e700f01-03-s2-d11,238,A,1,49,"[24700,42100,2900,30300]",4,-10.0,1,3,0,0,8,True
2025-2025122620gm-00a9-0000-0e700f01-03-s2-d11,238,B,4,30,"[19700,6200,34800,39300]",2,4.0,1,3,0,0,6,True
2025-2025122620gm-00a9-0000-0e700f01-03-s2-d11,239,A,1,49,"[25000,-5000,15400,64600]",3,-4.0,0,3,0,0,1,True
2025-2025122620gm-00a9-0000-0e700f01-03-s2-d11,239,B,4,30,"[20100,23000,35100,20800]",1,10.0,1,3,0,1,7,True
2025-2025122620gm-00a9-0000-0e700f01-03-s2-d11,240,A,1,49,"[18700,49700,11000,20600]",4,-10.0,1,3,1,0,7,True
2025-2025122620gm-00a9-0000-0e700f01-03-s2-d11,240,B,4,30,"[18700,49700,11000,20600]",4,-10.0,1,3,1,0,7,True
2025-2025122620gm-00a9-0000-0e700f01-03-s2-d11,241,A,1,49,"[56500,12400,17300,13800]",2,4.0,1,3,1,0,8,True
2025-2025122620gm-00a9-0000-0e700f01-03-s2-d11,241,B,4,30,"[39700,30300,2700,27300]",4,-10.0,1,3,0,0,6,True
2025-2025122620gm-00a9-0000-0e700f01-03-s2-d11,242,A,1,49,"[21400,33600,19100,25900]",4,-10.0,2,2,0,0,12,True
2025-2025122620gm-00a9-0000-0e700f01-03-s2-d11,242,B,4,30,"[22300,37300,12200,28200]",4,-10.0,1,3,0,0,5,True
2025-2025122620gm-00a9-0000-0e700f01-03-s2-d11,243,A,1,49,"[22800,26600,30200,20400]",1,10.0,1,3,4,0,6,True
2025-2025122620gm-00a9-0000-0e700f01-03-s2-d11,243,B,4,30,"[11900,38100,15100,34900]",3,-4.0,1,3,0,0,6,True
2025-2025122620gm-00a9-0000-0e700f01-03-s2-d11,244,A,1,49,"[2100,8300,32000,57600]",2,4.0,1,3,0,0,6,True
2025-2025122620gm-00a9-0000-0e700f01-03-s2-d11,244,B,4,30,"[24900,36600,4300,34200]",4,-10.0,1,3,0,0,8,True
2025-2025122620gm-00a9-0000-0e700f01-03-s2-d11,245,A,1,49,"[22500,31100,19700,25700]",4,-10.0,1,3,1,1,7,True
2025-2025122620gm-00a9-0000-0e700f01-03-s2-d11,245,B,4,30,"[14700,31700,23100,30500]",3,-4.0,1,3,0,0,6,True
2025-2025122620gm-00a9-0000-0e700f01-03-s2-d11,246,A,1,49,"[17900,36900,25500,19700]",2,4.0,1,3,4,0,10,True
2025-2025122620gm-00a9-0000-0e700f01-03-s2-d11,246,B,4,30,"[17900,36900,25500,19700]",2,4.0,1,3,4,0,10,True
2025-2025122620gm-00a9-0000-0e700f01-03-s2-d11,247,A,1,49,"[-3400,37200,13300,52900]",3,-4.0,0,3,2,0,3,True
2025-2025122620gm-00a9-0000-0e700f01-03-s2-d11,247,B,4,30,"[-3400,37200,13300,52900]",3,-4.0,0,3,2,0,3,True
2025-2025122620gm-00a9-0000-0e700f01-03-s2-d11,248,A,1,49,"[33000,19100,-1600,49500]",4,-10.0,1,2,0,0,4,True
2025-2025122620gm-00a9-0000-0e700f01-03-s2-d11,248,B,4,30,"[33000,19100,-1600,49500]",4,-10.0,1,2,0,0,4,True
2025-2025122620gm-00a9-0000-0e700f01-03-s2-d11,249,A,1,49,"[20500,26400,19000,34100]",4,-10.0,1,3,0,0,6,True
2025-2025122620gm-00a9-0000-0e700f01-03-s2-d11,249,B,4,30,"[31700,19500,12700,36100]",4,-10.0,1,3,0,0,5,True
2025-2025122620gm-00a9-0000-0e700f01-03-s2-d11,250,A,1,49,"[12500,22500,21100,43900]",3,-4.0,1,3,0,0,7,True
2025-2025122620gm-00a9-0000-0e700f01-03-s2-d11,250,B,4,30,"[28600,-4000,27300,48100]",3,-4.0,1,3,0,0,7,True
2025-2025122620gm-00a9-0000-0e700f01-03-s2-d11,251,A,1,49,"[18800,43800,12400,25000]",4,-10.0,1,3,0,0,5,True
2025-2025122620gm-00a9-0000-0e700f01-03-s2-d11,251,B,4,30,"[26700,32800,4600,35900]",4,-10.0,1,3,0,0,5,True
2025-2025122620gm-00a9-0000-0e700f01-03-s2-d11,252,A,1,49,"[30900,10900,33900,24300]",1,10.0,1,3,0,0,6,True
2025-2025122620gm-00a9-0000-0e700f01-03-s2-d11,252,B,4,30,"[32900,33600,-8700,42200]",4,-10.0,1,3,0,0,5,True
2025-2025122620gm-00a9-0000-0e700f01-03-s2-d11,253,A,1,49,"[55100,900,15600,28400]",3,-4.0,1,3,0,0,11,True
2025-2025122620gm-00a9-0000-0e700f01-03-s2-d11,253,B,4,30,"[41100,15700,5000,38200]",4,-10.0,1,3,0,0,10,True
2025-2025122620gm-00a9-0000-0e700f01-03-s2-d11,254,A,1,49,"[29100,31200,7600,32100]",4,-10.0,1,3,0,0,5,True
2025-2025122620gm-00a9-0000-0e700f01-03-s2-d11,254,B,4,30,"[29100,31200,7600,32100]",4,-10.0,1,3,0,0,5,True
2025-2025122620gm-00a9-0000-0e700f01-03-s2-d11,255,A,1,49,"[20400,29400,39000,11200]",1,10.0,1,3,0,0,6,True
2025-2025122620gm-00a9-0000-0e700f01-03-s2-d11,255,B,4,30,"[18900,26900,33700,20500]",1,10.0,1,3,0,0,5,True
2024-2024092013gm-00a9-0000-9cd6d54a-02-s3-d1,0,A,1,61,"[26200,30800,20300,22700]",3,-4.0,1,3,0,0,7,True
2024-2024092013gm-00a9-0000-9cd6d54a-02-s3-d1,0,B,4,66,"[26200,30800,20300,22700]",3,-4.0,1,3,0,0,7,True
2024-2024092013gm-00a9-0000-9cd6d54a-02-s3-d1,1,A,1,61,"[23900,29800,40500,5800]",4,-10.0,1,3,1,0,7,True
2024-2024092013gm-00a9-0000-9cd6d54a-02-s3-d1,1,B,4,66,"[23900,30800,39500,5800]",4,-10.0,1,3,1,0,7,True
2024-2024092013gm-00a9-0000-9cd6d54a-02-s3-d1,2,A,1,61,"[25000,22200,20400,32400]",1,10.0,1,3,0,0,7,True
2024-2024092013gm-00a9-0000-9cd6d54a-02-s3-d1,2,B,4,66,"[25000,22200,20400,32400]",1,10.0,1,3,0,0,7,True
2024-2024092013gm-00a9-0000-9cd6d54a-02-s3-d1,3,A,1,61,"[30300,3800,36900,29000]",3,-4.0,1,3,0,0,7,True
2024-2024092013gm-00a9-0000-9cd6d54a-02-s3-d1,3,B,4,66,"[30300,3800,36900,29000]",3,-4.0,1,3,0,0,7,True
2024-2024092013gm-00a9-0000-9cd6d54a-02-s3-d1,4,A,1,61,"[30400,10100,43300,16200]",3,-4.0,1,3,1,0,12,True
2024-2024092013gm-00a9-0000-9cd6d54a-02-s3-d1,4,B,4,66,"[-700,28200,46900,25600]",3,-4.0,1,2,1,0,8,True
2024-2024092013gm-00a9-0000-9cd6d54a-02-s3-d1,5,A,1,61,"[37900,10000,30700,21400]",3,-4.0,1,3,0,0,10,True
2024-2024092013gm-00a9-0000-9cd6d54a-02-s3-d1,5,B,4,66,"[27400,13600,53800,5200]",4,-10.0,1,3,0,0,7,True
2024-2024092013gm-00a9-0000-9cd6d54a-02-s3-d1,6,A,1,61,"[13000,18700,32600,35700]",1,10.0,1,3,0,0,9,True
2024-2024092013gm-00a9-0000-9cd6d54a-02-s3-d1,6,B,4,66,"[13000,18700,32600,35700]",1,10.0,1,3,0,0,9,True
2024-2024092013gm-00a9-0000-9cd6d54a-02-s3-d1,7,A,1,61,"[39600,22700,39700,-2000]",4,-10.0,1,1,0,0,7,True
2024-2024092013gm-00a9-0000-9cd6d54a-02-s3-d1,7,B,4,66,"[17500,26900,38100,17500]",4,-10.0,1,3,0,0,8,True
2024-2024092013gm-00a9-0000-9cd6d54a-02-s3-d1,8,A,1,61,"[12400,4600,72400,10600]",3,-4.0,1,3,1,0,11,True
2024-2024092013gm-00a9-0000-9cd6d54a-02-s3-d1,8,B,4,66,"[30300,10900,18500,40300]",1,10.0,1,3,0,0,10,True
2024-2024092013gm-00a9-0000-9cd6d54a-02-s3-d1,9,A,1,61,"[8100,27700,43400,20800]",3,-4.0,1,3,0,0,8,True
2024-2024092013gm-00a9-0000-9cd6d54a-02-s3-d1,9,B,4,66,"[23000,13200,36600,27200]",2,4.0,1,3,2,0,10,True
2024-2024092013gm-00a9-0000-9cd6d54a-02-s3-d1,10,A,1,61,"[16000,14700,55800,13500]",4,-10.0,1,3,1,0,8,True
2024-2024092013gm-00a9-0000-9cd6d54a-02-s3-d1,10,B,4,66,"[16000,14700,55800,13500]",4,-10.0,1,3,1,0,8,True
2024-2024092013gm-00a9-0000-9cd6d54a-02-s3-d1,11,A,1,61,"[34000,15100,26400,24500]",3,-4.0,1,3,0,0,8,True
2024-2024092013gm-00a9-0000-9cd6d54a-02-s3-d1,11,B,4,66,"[20400,25300,35900,18400]",4,-10.0,1,3,0,0,7,True
2024-2024092013gm-00a9-0000-9cd6d54a-02-s3-d1,12,A,1,61,"[24900,32900,36800,5400]",4,-10.0,1,3,2,0,11,True
2024-2024092013gm-00a9-0000-9cd6d54a-02-s3-d1,12,B,4,66,"[24900,32900,36800,5400]",4,-10.0,1,3,2,0,11,True
2024-2024092013gm-00a9-0000-9cd6d54a-02-s3-d1,13,A,1,61,"[40300,28300,25700,5700]",4,-10.0,1,3,0,0,8,True
2024-2024092013gm-00a9-0000-9cd6d54a-02-s3-d1,13,B,4,66,"[20800,17100,49600,12500]",4,-10.0,1,3,0,0,7,True
2024-2024092013gm-00a9-0000-9cd6d54a-02-s3-d1,14,A,1,61,"[35500,30200,37000,-2700]",4,-10.0,1,1,0,0,4,True
2024-2024092013gm-00a9-0000-9cd6d54a-02-s3-d1,14,B,4,66,"[31400,41800,16400,10400]",4,-10.0,1,3,1,0,8,True
2024-2024092013gm-00a9-0000-9cd6d54a-02-s3-d1,15,A,1,61,"[20500,12700,31100,35700]",1,10.0,1,3,0,0,7,True
2024-2024092013gm-00a9-0000-9cd6d54a-02-s3-d1,15,B,4,66,"[24900,41500,35400,-1800]",4,-10.0,1,1,3,0,8,True
2024-2024092013gm-00a9-0000-9cd6d54a-02-s3-d1,16,A,1,61,"[37100,19800,43500,-400]",4,-10.0,1,1,1,0,8,True
2024-2024092013gm-00a9-0000-9cd6d54a-02-s3-d1,16,B,4,66,"[37100,19800,43500,-400]",4,-10.0,1,1,1,0,8,True
2024-2024092013gm-00a9-0000-9cd6d54a-02-s3-d1,17,A,1,61,"[22000,40900,40000,-2900]",4,-10.0,1,1,1,0,6,True
2024-2024092013gm-00a9-0000-9cd6d54a-02-s3-d1,17,B,4,66,"[30300,29700,31300,8700]",4,-10.0,1,3,0,0,8,True
2024-2024092013gm-00a9-0000-9cd6d54a-02-s3-d1,18,A,1,61,"[31400,1500,43600,23500]",3,-4.0,1,3,0,0,7,True
2024-2024092013gm-00a9-0000-9cd6d54a-02-s3-d1,18,B,4,66,"[24800,21200,34000,20000]",4,-10.0,1,3,1,0,6,True
2024-2024092013gm-00a9-0000-9cd6d54a-02-s3-d1,19,A,1,61,"[25000,51400,10400,13200]",3,-4.0,1,3,0,0,9,True
2024-2024092013gm-00a9-0000-9cd6d54a-02-s3-d1,19,B,4,66,"[25000,51400,10400,13200]",3,-4.0,1,3,0,0,9,True
2024-2024092013gm-00a9-0000-9cd6d54a-02-s3-d1,20,A,1,61,"[22000,15500,36600,25900]",2,4.0,1,3,0,0,7,True
2024-2024092013gm-00a9-0000-9cd6d54a-02-s3-d1,20,B,4,66,"[22000,15500,36600,25900]",2,4.0,1,3,0,0,7,True
2024-2024092013gm-00a9-0000-9cd6d54a-02-s3-d1,21,A,1,61,"[20100,39400,38200,2300]",4,-10.0,1,3,1,0,8,True
2024-2024092013gm-00a9-0000-9cd6d54a-02-s3-d1,21,B,4,66,"[19400,9800,24900,45900]",1,10.0,1,3,3,0,10,True
2024-2024092013gm-00a9-0000-9cd6d54a-02-s3-d1,22,A,1,61,"[40600,-200,33100,26500]",3,-4.0,1,2,0,0,9,True
2024-2024092013gm-00a9-0000-9cd6d54a-02-s3-d1,22,B,4,66,"[31600,-1200,44900,24700]",3,-4.0,1,3,0,0,10,True
2024-2024092013gm-00a9-0000-9cd6d54a-02-s3-d1,23,A,1,61,"[23000,24300,19800,32900]",1,10.0,1,3,0,0,8,True
2024-2024092013gm-00a9-0000-9cd6d54a-02-s3-d1,23,B,4,66,"[29400,9100,18600,42900]",1,10.0,1,3,0,0,8,True
2024-2024092013gm-00a9-0000-9cd6d54a-02-s3-d1,24,A,1,61,"[28100,31000,28600,12300]",4,-10.0,1,3,0,0,7,True
2024-2024092013gm-00a9-0000-9cd6d54a-02-s3-d1,24,B,4,66,"[28100,31000,28600,12300]",4,-10.0,1,3,0,0,7,True
2024-2024092013gm-00a9-0000-9cd6d54a-02-s3-d1,25,A,1,61,"[39500,24000,37000,-500]",4,-10.0,0,2,0,0,1,True
2024-2024092013gm-00a9-0000-9cd6d54a-02-s3-d1,25,B,4,66,"[14800,500,49200,35500]",2,4.0,1,3,0,0,10,True
2024-2024092013gm-00a9-0000-9cd6d54a-02-s3-d1,26,A,1,61,"[31400,22300,37000,9300]",4,-10.0,1,3,0,0,7,True
2024-2024092013gm-00a9-0000-9cd6d54a-02-s3-d1,26,B,4,66,"[18800,35900,46000,-700]",4,-10.0,1,0,1,0,4,True
2024-2024092013gm-00a9-0000-9cd6d54a-02-s3-d1,27,A,1,61,"[25300,34900,20700,19100]",4,-10.0,1,3,4,0,10,True
2024-2024092013gm-00a9-0000-9cd6d54a-02-s3-d1,27,B,4,66,"[21900,34000,36400,7700]",4,-10.0,1,3,0,0,8,True
2024-2024092013gm-00a9-0000-9cd6d54a-02-s3-d1,28,A,1,61,"[11200,12300,40100,36400]",2,4.0,1,3,2,0,11,True
2024-2024092013gm-00a9-0000-9cd6d54a-02-s3-d1,28,B,4,66,"[11200,12300,40100,36400]",2,4.0,1,3,2,0,11,True
2024-2024092013gm-00a9-0000-9cd6d54a-02-s3-d1,29,A,1,61,"[20200,15100,59400,5300]",4,-10.0,1,3,0,0,9,True
2024-2024092013gm-00a9-0000-9cd6d54a-02-s3-d1,29,B,4,66,"[34500,19600,19600,26300]",2,4.0,1,3,0,0,7,True
2024-2024092013gm-00a9-0000-9cd6d54a-02-s3-d1,30,A,1,61,"[12900,15400,23500,48200]",1,10.0,1,3,0,0,7,True
2024-2024092013gm-00a9-0000-9cd6d54a-02-s3-d1,30,B,4,66,"[12900,15400,23500,48200]",1,10.0,1,3,0,0,7,True
2024-2024092013gm-00a9-0000-9cd6d54a-02-s3-d1,31,A,1,61,"[12300,34400,39900,13400]",3,-4.0,1,3,1,0,10,True
2024-2024092013gm-00a9-0000-9cd6d54a-02-s3-d1,31,B,4,66,"[4100,8200,34500,53200]",1,10.0,1,3,0,0,9,True
2024-2024092013gm-00a9-0000-9cd6d54a-02-s3-d1,32,A,1,61,"[28900,26000,18100,27000]",2,4.0,2,3,0,0,10,True
2024-2024092013gm-00a9-0000-9cd6d54a-02-s3-d1,32,B,4,66,"[20000,41400,38600,0]",4,-10.0,1,3,0,0,7,True
2024-2024092013gm-00a9-0000-9cd6d54a-02-s3-d1,33,A,1,61,"[26900,23800,31500,17800]",4,-10.0,1,3,0,0,8,True
2024-2024092013gm-00a9-0000-9cd6d54a-02-s3-d1,33,B,4,66,"[42700,18300,43300,-4300]",4,-10.0,1,2,0,0,6,True
2024-2024092013gm-00a9-0000-9cd6d54a-02-s3-d1,34,A,1,61,"[21400,45500,36000,-2900]",4,-10.0,1,1,0,0,4,True
2024-2024092013gm-00a9-0000-9cd6d54a-02-s3-d1,34,B,4,66,"[34800,14800,39100,11300]",4,-10.0,1,3,2,0,11,True
2024-2024092013gm-00a9-0000-9cd6d54a-02-s3-d1,35,A,1,61,"[37400,22100,42000,-1500]",4,-10.0,1,1,0,0,4,True
2024-2024092013gm-00a9-0000-9cd6d54a-02-s3-d1,35,B,4,66,"[37400,22100,42000,-1500]",4,-10.0,1,1,0,0,4,True
2024-2024092013gm-00a9-0000-9cd6d54a-02-s3-d1,36,A,1,61,"[56100,22300,11700,9900]",4,-10.0,1,3,0,0,7,True
2024-2024092013gm-00a9-0000-9cd6d54a-02-s3-d1,36,B,4,66,"[8000,39500,44400,8100]",3,-4.0,1,3,1,0,7,True
2024-2024092013gm-00a9-0000-9cd6d54a-02-s3-d1,37,A,1,61,"[14600,4100,42700,38600]",2,4.0,1,3,1,0,8,True
2024-2024092013gm-00a9-0000-9cd6d54a-02-s3-d1,37,B,4,66,"[14600,4100,42700,38600]",2,4.0,1,3,1,0,8,True
2024-2024092013gm-00a9-0000-9cd6d54a-02-s3-d1,38,A,1,61,"[33500,20000,18000,28500]",2,4.0,1,3,2,0,10,True
2024-2024092013gm-00a9-0000-9cd6d54a-02-s3-d1,38,B,4,66,"[33500,20000,18000,28500]",2,4.0,1,3,2,0,10,True
2024-2024092013gm-00a9-0000-9cd6d54a-02-s3-d1,39,A,1,61,"[22900,39700,35400,2000]",4,-10.0,1,3,0,0,7,True
2024-2024092013gm-00a9-0000-9cd6d54a-02-s3-d1,39,B,4,66,"[14400,29400,32000,23200]",3,-4.0,1,3,2,1,8,True
2024-2024092013gm-00a9-0000-9cd6d54a-02-s3-d1,40,A,1,61,"[18200,3700,52500,25600]",2,4.0,1,3,0,0,7,True
2024-2024092013gm-00a9-0000-9cd6d54a-02-s3-d1,40,B,4,66,"[18200,3700,52500,25600]",2,4.0,1,3,0,0,7,True
2024-2024092013gm-00a9-0000-9cd6d54a-02-s3-d1,41,A,1,61,"[25600,18500,33100,22800]",3,-4.0,2,0,0,0,8,True
2024-2024092013gm-00a9-0000-9cd6d54a-02-s3-d1,41,B,4,66,"[15800,22700,43700,17800]",3,-4.0,1,3,0,0,8,True
2024-2024092013gm-00a9-0000-9cd6d54a-02-s3-d1,42,A,1,61,"[20100,17900,42200,19800]",3,-4.0,1,3,2,0,12,True
2024-2024092013gm-00a9-0000-9cd6d54a-02-s3-d1,42,B,4,66,"[12500,25800,21800,39900]",1,10.0,1,3,0,0,8,True
2024-2024092013gm-00a9-0000-9cd6d54a-02-s3-d1,43,A,1,61,"[24600,11900,38800,24700]",2,4.0,1,3,0,0,6,True
2024-2024092013gm-00a9-0000-9cd6d54a-02-s3-d1,43,B,4,66,"[20200,22800,49500,7500]",4,-10.0,1,3,0,0,7,True
2024-2024092013gm-00a9-0000-9cd6d54a-02-s3-d1,44,A,1,61,"[24700,20600,39500,15200]",4,-10.0,1,3,0,0,8,True
2024-2024092013gm-00a9-0000-9cd6d54a-02-s3-d1,44,B,4,66,"[28000,-2200,36000,38200]",1,10.0,0,3,1,0,3,True
2024-2024092013gm-00a9-0000-9cd6d54a-02-s3-d1,45,A,1,61,"[17400,31600,37600,13400]",4,-10.0,1,3,0,0,6,True
2024-2024092013gm-00a9-0000-9cd6d54a-02-s3-d1,45,B,4,66,"[17400,31600,37600,13400]",4,-10.0,1,3,0,0,6,True
2024-2024092013gm-00a9-0000-9cd6d54a-02-s3-d1,46,A,1,61,"[22600,15600,67200,-5400]",4,-10.0,1,0,0,0,5,True
2024-2024092013gm-00a9-0000-9cd6d54a-02-s3-d1,46,B,4,66,"[22600,15600,67200,-5400]",4,-10.0,1,0,0,0,5,True
2024-2024092013gm-00a9-0000-9cd6d54a-02-s3-d1,47,A,1,61,"[32100,21700,30000,16200]",4,-10.0,1,3,2,0,8,True
2024-2024092013gm-00a9-0000-9cd6d54a-02-s3-d1,47,B,4,66,"[32100,21700,30000,16200]",4,-10.0,1,3,2,0,8,True
2024-2024092013gm-00a9-0000-9cd6d54a-02-s3-d1,48,A,1,61,"[14400,14700,69700,1200]",4,-10.0,1,3,0,0,10,True
2024-2024092013gm-00a9-0000-9cd6d54a-02-s3-d1,48,B,4,66,"[28800,23100,44600,3500]",4,-10.0,1,3,0,0,9,True
2024-2024092013gm-00a9-0000-9cd6d54a-02-s3-d1,49,A,1,61,"[20100,19400,46600,13900]",4,-10.0,1,3,0,0,6,True
2024-2024092013gm-00a9-0000-9cd6d54a-02-s3-d1,49,B,4,66,"[20100,19400,46600,13900]",4,-10.0,1,3,0,0,6,True
2024-2024092013gm-00a9-0000-9cd6d54a-02-s3-d1,50,A,1,61,"[-1500,33700,45000,22800]",3,-4.0,1,3,0,0,7,True
2024-2024092013gm-00a9-0000-9cd6d54a-02-s3-d1,50,B,4,66,"[33500,21000,32600,12900]",4,-10.0,1,3,0,0,7,True
2024-2024092013gm-00a9-0000-9cd6d54a-02-s3-d1,51,A,1,61,"[34700,20300,13800,31200]",2,4.0,1,3,0,0,8,True
2024-2024092013gm-00a9-0000-9cd6d54a-02-s3-d1,51,B,4,66,"[34700,20300,13800,31200]",2,4.0,1,3,0,0,8,True
2024-2024092013gm-00a9-0000-9cd6d54a-02-s3-d1,52,A,1,61,"[41600,23000,37000,-1600]",4,-10.0,1,0,0,0,3,True
2024-2024092013gm-00a9-0000-9cd6d54a-02-s3-d1,52,B,4,66,"[33300,11300,36800,18600]",3,-4.0,1,3,0,0,7,True
2024-2024092013gm-00a9-0000-9cd6d54a-02-s3-d1,53,A,1,61,"[35000,21000,22500,21500]",3,-4.0,1,3,2,0,7,True
2024-2024092013gm-00a9-0000-9cd6d54a-02-s3-d1,53,B,4,66,"[35000,21000,22500,21500]",3,-4.0,1,3,2,0,7,True
2024-2024092013gm-00a9-0000-9cd6d54a-02-s3-d1,54,A,1,61,"[-5100,48900,48800,7400]",3,-4.0,1,2,0,0,9,True
2024-2024092013gm-00a9-0000-9cd6d54a-02-s3-d1,54,B,4,66,"[16600,30900,30300,22200]",3,-4.0,1,3,1,0,10,True
2024-2024092013gm-00a9-0000-9cd6d54a-02-s3-d1,55,A,1,61,"[62400,17000,100,20500]",2,4.0,1,3,1,0,9,True
2024-2024092013gm-00a9-0000-9cd6d54a-02-s3-d1,55,B,4,66,"[62400,17000,100,20500]",2,4.0,1,3,1,0,9,True
2024-2024092013gm-00a9-0000-9cd6d54a-02-s3-d1,56,A,1,61,"[-1100,57700,35100,8300]",3,-4.0,1,3,0,0,8,True
2024-2024092013gm-00a9-0000-9cd6d54a-02-s3-d1,56,B,4,66,"[2600,21000,52800,23600]",2,4.0,1,3,1,0,8,True
2024-2024092013gm-00a9-0000-9cd6d54a-02-s3-d1,57,A,1,61,"[29400,12400,43600,14600]",3,-4.0,1,3,0,0,10,True
2024-2024092013gm-00a9-0000-9cd6d54a-02-s3-d1,57,B,4,66,"[29400,12400,43600,14600]",3,-4.0,1,3,0,0,10,True
2024-2024092013gm-00a9-0000-9cd6d54a-02-s3-d1,58,A,1,61,"[15400,28800,40800,15000]",4,-10.0,1,3,1,0,8,True
2024-2024092013gm-00a9-0000-9cd6d54a-02-s3-d1,58,B,4,66,"[24800,30700,26300,18200]",4,-10.0,1,3,0,0,6,True
2024-2024092013gm-00a9-0000-9cd6d54a-02-s3-d1,59,A,1,61,"[26500,3400,37700,32400]",2,4.0,1,3,1,0,8,True
2024-2024092013gm-00a9-0000-9cd6d54a-02-s3-d1,59,B,4,66,"[26500,-1000,32500,42000]",1,10.0,1,1,1,0,7,True
2024-2024092013gm-00a9-0000-9cd6d54a-02-s3-d1,60,A,1,61,"[44200,19100,32900,3800]",4,-10.0,1,3,0,0,9,True
2024-2024092013gm-00a9-0000-9cd6d54a-02-s3-d1,60,B,4,66,"[18400,37700,38000,5900]",4,-10.0,1,3,0,0,8,True
2024-2024092013gm-00a9-0000-9cd6d54a-02-s3-d1,61,A,1,61,"[29200,20100,39600,11100]",4,-10.0,1,3,3,0,9,True
2024-2024092013gm-00a9-0000-9cd6d54a-02-s3-d1,61,B,4,66,"[29200,20100,39600,11100]",4,-10.0,1,3,3,0,9,True
2024-2024092013gm-00a9-0000-9cd6d54a-02-s3-d1,62,A,1,61,"[19700,15400,34500,30400]",2,4.0,1,3,0,0,7,True
2024-2024092013gm-00a9-0000-9cd6d54a-02-s3-d1,62,B,4,66,"[26400,3500,28200,41900]",1,10.0,1,3,0,0,7,True
2024-2024092013gm-00a9-0000-9cd6d54a-02-s3-d1,63,A,1,61,"[29400,21700,39900,9000]",4,-10.0,1,3,0,0,8,True
2024-2024092013gm-00a9-0000-9cd6d54a-02-s3-d1,63,B,4,66,"[21300,21300,28000,29400]",1,10.0,2,3,0,0,12,True
2024-2024092013gm-00a9-0000-9cd6d54a-02-s3-d1,64,A,1,61,"[15700,10900,57200,16200]",2,4.0,1,3,0,0,9,True
2024-2024092013gm-00a9-0000-9cd6d54a-02-s3-d1,64,B,4,66,"[15700,10900,57200,16200]",2,4.0,1,3,0,0,9,True
2024-2024092013gm-00a9-0000-9cd6d54a-02-s3-d1,65,A,1,61,"[10900,15400,34400,39300]",1,10.0,1,3,0,0,8,True
2024-2024092013gm-00a9-0000-9cd6d54a-02-s3-d1,65,B,4,66,"[10900,15400,34400,39300]",1,10.0,1,3,0,0,8,True
2024-2024092013gm-00a9-0000-9cd6d54a-02-s3-d1,66,A,1,61,"[32000,28400,38200,1400]",4,-10.0,1,3,0,0,7,True
2024-2024092013gm-00a9-0000-9cd6d54a-02-s3-d1,66,B,4,66,"[32000,28400,38200,1400]",4,-10.0,1,3,0,0,7,True
2024-2024092013gm-00a9-0000-9cd6d54a-02-s3-d1,67,A,1,61,"[13000,38100,34400,14500]",3,-4.0,1,3,0,0,6,True
2024-2024092013gm-00a9-0000-9cd6d54a-02-s3-d1,67,B,4,66,"[13000,38100,34400,14500]",3,-4.0,1,3,0,0,6,True
2024-2024092013gm-00a9-0000-9cd6d54a-02-s3-d1,68,A,1,61,"[24200,19500,22100,32200]",1,10.0,1,3,0,2,8,True
2024-2024092013gm-00a9-0000-9cd6d54a-02-s3-d1,68,B,4,66,"[24200,19500,22100,32200]",1,10.0,1,3,0,2,8,True
2024-2024092013gm-00a9-0000-9cd6d54a-02-s3-d1,69,A,1,61,"[25300,15300,23100,36300]",1,10.0,1,3,1,0,7,True
2024-2024092013gm-00a9-0000-9cd6d54a-02-s3-d1,69,B,4,66,"[52900,13900,20700,12500]",4,-10.0,1,3,1,0,8,True
2024-2024092013gm-00a9-0000-9cd6d54a-02-s3-d1,70,A,1,61,"[4200,31900,44300,19600]",3,-4.0,1,3,0,0,7,True
2024-2024092013gm-00a9-0000-9cd6d54a-02-s3-d1,70,B,4,66,"[4200,31900,44300,19600]",3,-4.0,1,3,0,0,7,True
2024-2024092013gm-00a9-0000-9cd6d54a-02-s3-d1,71,A,1,61,"[30800,25700,28300,15200]",4,-10.0,1,3,0,0,7,True
2024-2024092013gm-00a9-0000-9cd6d54a-02-s3-d1,71,B,4,66,"[46200,21300,33000,-500]",4,-10.0,1,0,0,0,3,True
2024-2024092013gm-00a9-0000-9cd6d54a-02-s3-d1,72,A,1,61,"[18500,20200,43200,18100]",4,-10.0,1,3,0,0,9,True
2024-2024092013gm-00a9-0000-9cd6d54a-02-s3-d1,72,B,4,66,"[17200,1700,60700,20400]",2,4.0,1,3,0,0,9,True
2024-2024092013gm-00a9-0000-9cd6d54a-02-s3-d1,73,A,1,61,"[21000,37400,35000,6600]",4,-10.0,1,3,1,0,9,True
2024-2024092013gm-00a9-0000-9cd6d54a-02-s3-d1,73,B,4,66,"[16100,17800,51400,14700]",4,-10.0,1,3,0,0,7,True
2024-2024092013gm-00a9-0000-9cd6d54a-02-s3-d1,74,A,1,61,"[5800,42000,29700,22500]",3,-4.0,1,3,0,0,6,True
2024-2024092013gm-00a9-0000-9cd6d54a-02-s3-d1,74,B,4,66,"[35500,-300,49500,15300]",3,-4.0,1,2,0,0,6,True
2024-2024092013gm-00a9-0000-9cd6d54a-02-s3-d1,75,A,1,61,"[7700,14500,59500,18300]",2,4.0,1,3,0,0,6,True
2024-2024092013gm-00a9-0000-9cd6d54a-02-s3-d1,75,B,4,66,"[21000,38500,39700,-200]",4,-10.0,1,3,1,1,7,True
2024-2024092013gm-00a9-0000-9cd6d54a-02-s3-d1,76,A,1,61,"[-1400,43000,34500,23900]",3,-4.0,1,3,0,0,8,True
2024-2024092013gm-00a9-0000-9cd6d54a-02-s3-d1,76,B,4,66,"[-1400,43000,34500,23900]",3,-4.0,1,3,0,0,8,True
2024-2024092013gm-00a9-0000-9cd6d54a-02-s3-d1,77,A,1,61,"[41600,8200,23300,26900]",2,4.0,1,3,0,0,10,True
2024-2024092013gm-00a9-0000-9cd6d54a-02-s3-d1,77,B,4,66,"[45100,28500,26800,-400]",4,-10.0,1,3,0,0,10,True
2024-2024092013gm-00a9-0000-9cd6d54a-02-s3-d1,78,A,1,61,"[21400,22100,45200,11300]",4,-10.0,1,3,2,0,9,True
2024-2024092013gm-00a9-0000-9cd6d54a-02-s3-d1,78,B,4,66,"[34500,26300,25400,13800]",4,-10.0,1,3,2,0,8,True
2024-2024092013gm-00a9-0000-9cd6d54a-02-s3-d1,79,A,1,61,"[23300,37700,44400,-5400]",4,-10.0,1,1,0,0,5,True
2024-2024092013gm-00a9-0000-9cd6d54a-02-s3-d1,79,B,4,66,"[23300,37700,44400,-5400]",4,-10.0,1,1,0,0,5,True
2024-2024092013gm-00a9-0000-9cd6d54a-02-s3-d1,80,A,1,61,"[34800,37700,22800,4700]",4,-10.0,1,3,0,0,7,True
2024-2024092013gm-00a9-0000-9cd6d54a-02-s3-d1,80,B,4,66,"[34800,37700,22800,4700]",4,-10.0,1,3,0,0,7,True
2024-2024092013gm-00a9-0000-9cd6d54a-02-s3-d1,81,A,1,61,"[16100,30600,45700,7600]",4,-10.0,1,3,1,0,6,True
2024-2024092013gm-00a9-0000-9cd6d54a-02-s3-d1,81,B,4,66,"[16100,30600,45700,7600]",4,-10.0,1,3,1,0,6,True
2024-2024092013gm-00a9-0000-9cd6d54a-02-s3-d1,82,A,1,61,"[24800,46000,30500,-1300]",4,-10.0,1,2,0,0,6,True
2024-2024092013gm-00a9-0000-9cd6d54a-02-s3-d1,82,B,4,66,"[24700,48300,27600,-600]",4,-10.0,1,1,1,0,5,True
2024-2024092013gm-00a9-0000-9cd6d54a-02-s3-d1,83,A,1,61,"[16600,25800,60200,-2600]",4,-10.0,1,2,0,0,5,True
2024-2024092013gm-00a9-0000-9cd6d54a-02-s3-d1,83,B,4,66,"[13300,24600,46900,15200]",3,-4.0,1,3,0,0,8,True
2024-2024092013gm-00a9-0000-9cd6d54a-02-s3-d1,84,A,1,61,"[36400,1400,21200,41000]",1,10.0,1,3,0,0,9,True
2024-2024092013gm-00a9-0000-9cd6d54a-02-s3-d1,84,B,4,66,"[36400,1400,21200,41000]",1,10.0,1,3,0,0,9,True
2024-2024092013gm-00a9-0000-9cd6d54a-02-s3-d1,85,A,1,61,"[34100,19000,29500,17400]",4,-10.0,1,3,1,0,10,True
2024-2024092013gm-00a9-0000-9cd6d54a-02-s3-d1,85,B,4,66,"[30300,17500,24400,27800]",2,4.0,1,3,1,0,7,True
2024-2024092013gm-00a9-0000-9cd6d54a-02-s3-d1,86,A,1,61,"[13800,34700,31200,20300]",3,-4.0,1,3,0,0,7,True
2024-2024092013gm-00a9-0000-9cd6d54a-02-s3-d1,86,B,4,66,"[-100,36200,57100,6800]",3,-4.0,1,2,0,0,6,True
2024-2024092013gm-00a9-0000-9cd6d54a-02-s3-d1,87,A,1,61,"[13300,23000,40200,23500]",2,4.0,1,3,0,0,6,True
2024-2024092013gm-00a9-0000-9cd6d54a-02-s3-d1,87,B,4,66,"[13300,23000,40200,23500]",2,4.0,1,3,0,0,6,True
2024-2024092013gm-00a9-0000-9cd6d54a-02-s3-d1,88,A,1,61,"[28300,23900,15400,32400]",1,10.0,1,3,0,0,7,True
2024-2024092013gm-00a9-0000-9cd6d54a-02-s3-d1,88,B,4,66,"[28300,23900,15400,32400]",1,10.0,1,3,0,0,7,True
2024-2024092013gm-00a9-0000-9cd6d54a-02-s3-d1,89,A,1,61,"[36100,13400,29600,20900]",3,-4.0,1,3,0,0,7,True
2024-2024092013gm-00a9-0000-9cd6d54a-02-s3-d1,89,B,4,66,"[22100,-3900,55800,26000]",2,4.0,1,1,0,0,5,True
2024-2024092013gm-00a9-0000-9cd6d54a-02-s3-d1,90,A,1,61,"[19700,21700,35200,23400]",2,4.0,1,3,0,0,7,True
2024-2024092013gm-00a9-0000-9cd6d54a-02-s3-d1,90,B,4,66,"[24900,16800,43900,14400]",4,-10.0,1,3,0,0,7,True
2024-2024092013gm-00a9-0000-9cd6d54a-02-s3-d1,91,A,1,61,"[17000,43800,18700,20500]",2,4.0,1,3,0,0,6,True
2024-2024092013gm-00a9-0000-9cd6d54a-02-s3-d1,91,B,4,66,"[17700,19900,41300,21100]",2,4.0,1,3,1,0,8,True
2024-2024092013gm-00a9-0000-9cd6d54a-02-s3-d1,92,A,1,61,"[16400,36500,38800,8300]",4,-10.0,1,3,0,0,7,True
2024-2024092013gm-00a9-0000-9cd6d54a-02-s3-d1,92,B,4,66,"[16400,36500,38800,8300]",4,-10.0,1,3,0,0,7,True
2024-2024092013gm-00a9-0000-9cd6d54a-02-s3-d1,93,A,1,61,"[24300,24500,41700,9500]",4,-10.0,1,3,1,0,6,True
2024-2024092013gm-00a9-0000-9cd6d54a-02-s3-d1,93,B,4,66,"[35300,20400,40800,3500]",4,-10.0,1,3,0,0,7,True
2024-2024092013gm-00a9-0000-9cd6d54a-02-s3-d1,94,A,1,61,"[4300,43400,39200,13100]",3,-4.0,1,3,2,0,9,True
2024-2024092013gm-00a9-0000-9cd6d54a-02-s3-d1,94,B,4,66,"[10900,23300,60500,5300]",4,-10.0,1,3,2,0,9,True
2024-2024092013gm-00a9-0000-9cd6d54a-02-s3-d1,95,A,1,61,"[35800,-1500,30700,34000]",2,4.0,1,2,1,1,6,True
2024-2024092013gm-00a9-0000-9cd6d54a-02-s3-d1,95,B,4,66,"[35800,-1500,30700,34000]",2,4.0,1,2,1,1,6,True
2024-2024092013gm-00a9-0000-9cd6d54a-02-s3-d1,96,A,1,61,"[24100,18400,45100,12400]",4,-10.0,1,3,1,0,8,True
2024-2024092013gm-00a9-0000-9cd6d54a-02-s3-d1,96,B,4,66,"[32600,21200,47000,-800]",4,-10.0,1,1,0,0,5,True
2024-2024092013gm-00a9-0000-9cd6d54a-02-s3-d1,97,A,1,61,"[18500,42100,37200,2200]",4,-10.0,1,3,0,0,7,True
2024-2024092013gm-00a9-0000-9cd6d54a-02-s3-d1,97,B,4,66,"[18500,42100,37200,2200]",4,-10.0,1,3,0,0,7,True
2024-2024092013gm-00a9-0000-9cd6d54a-02-s3-d1,98,A,1,61,"[32200,57000,-3700,14500]",3,-4.0,1,0,0,0,3,True
2024-2024092013gm-00a9-0000-9cd6d54a-02-s3-d1,98,B,4,66,"[31100,33300,32000,3600]",4,-10.0,1,3,0,0,7,True
2024-2024092013gm-00a9-0000-9cd6d54a-02-s3-d1,99,A,1,61,"[19000,27500,44600,8900]",4,-10.0,1,3,0,0,7,True
2024-2024092013gm-00a9-0000-9cd6d54a-02-s3-d1,99,B,4,66,"[25000,8300,37200,28500]",2,4.0,1,3,0,1,6,True
2024-2024092013gm-00a9-0000-9cd6d54a-02-s3-d1,100,A,1,61,"[10900,31500,37200,20400]",3,-4.0,1,3,0,0,8,True
2024-2024092013gm-00a9-0000-9cd6d54a-02-s3-d1,100,B,4,66,"[10900,31500,37200,20400]",3,-4.0,1,3,0,0,8,True
2024-2024092013gm-00a9-0000-9cd6d54a-02-s3-d1,101,A,1,61,"[22600,16900,24200,36300]",1,10.0,1,3,0,0,10,True
2024-2024092013gm-00a9-0000-9cd6d54a-02-s3-d1,101,B,4,66,"[21900,8500,59300,10300]",3,-4.0,1,3,0,0,7,True
2024-2024092013gm-00a9-0000-9cd6d54a-02-s3-d1,102,A,1,61,"[8300,22000,39100,30600]",2,4.0,1,3,2,0,8,True
2024-2024092013gm-00a9-0000-9cd6d54a-02-s3-d1,102,B,4,66,"[8300,22000,39100,30600]",2,4.0,1,3,2,0,8,True
2024-2024092013gm-00a9-0000-9cd6d54a-02-s3-d1,103,A,1,61,"[9800,29000,24600,36600]",1,10.0,1,3,0,0,7,True
2024-2024092013gm-00a9-0000-9cd6d54a-02-s3-d1,103,B,4,66,"[9800,29000,24600,36600]",1,10.0,1,3,0,0,7,True
2024-2024092013gm-00a9-0000-9cd6d54a-02-s3-d1,104,A,1,61,"[25300,14400,41800,18500]",3,-4.0,1,3,0,0,10,True
2024-2024092013gm-00a9-0000-9cd6d54a-02-s3-d1,104,B,4,66,"[25300,14400,41800,18500]",3,-4.0,1,3,0,0,10,True
2024-2024092013gm-00a9-0000-9cd6d54a-02-s3-d1,105,A,1,61,"[26600,31800,44900,-3300]",4,-10.0,1,3,0,0,9,True
2024-2024092013gm-00a9-0000-9cd6d54a-02-s3-d1,105,B,4,66,"[26600,31800,44900,-3300]",4,-10.0,1,3,0,0,9,True
2024-2024092013gm-00a9-0000-9cd6d54a-02-s3-d1,106,A,1,61,"[28400,21100,40300,10200]",4,-10.0,1,3,0,0,7,True
2024-2024092013gm-00a9-0000-9cd6d54a-02-s3-d1,106,B,4,66,"[28400,21100,40300,10200]",4,-10.0,1,3,0,0,7,True
2024-2024092013gm-00a9-0000-9cd6d54a-02-s3-d1,107,A,1,61,"[13000,10200,36600,40200]",1,10.0,1,3,0,0,8,True
2024-2024092013gm-00a9-0000-9cd6d54a-02-s3-d1,107,B,4,66,"[13000,10200,36600,40200]",1,10.0,1,3,0,0,8,True
2024-2024092013gm-00a9-0000-9cd6d54a-02-s3-d1,108,A,1,61,"[12700,25400,41700,20200]",3,-4.0,1,3,0,0,6,True
2024-2024092013gm-00a9-0000-9cd6d54a-02-s3-d1,108,B,4,66,"[25200,36200,39400,-800]",4,-10.0,1,2,0,0,7,True
2024-2024092013gm-00a9-0000-9cd6d54a-02-s3-d1,109,A,1,61,"[25800,21900,33900,18400]",4,-10.0,1,3,0,0,6,True
2024-2024092013gm-00a9-0000-9cd6d54a-02-s3-d1,109,B,4,66,"[25800,21900,33900,18400]",4,-10.0,1,3,0,0,6,True
2024-2024092013gm-00a9-0000-9cd6d54a-02-s3-d1,110,A,1,61,"[35100,10500,35800,18600]",3,-4.0,1,3,0,0,9,True
2024-2024092013gm-00a9-0000-9cd6d54a-02-s3-d1,110,B,4,66,"[35100,10500,35800,18600]",3,-4.0,1,3,0,0,9,True
2024-2024092013gm-00a9-0000-9cd6d54a-02-s3-d1,111,A,1,61,"[27700,37900,31800,2600]",4,-10.0,1,3,0,0,7,True
2024-2024092013gm-00a9-0000-9cd6d54a-02-s3-d1,111,B,4,66,"[21800,32000,46700,-500]",4,-10.0,1,2,0,0,6,True
2024-2024092013gm-00a9-0000-9cd6d54a-02-s3-d1,112,A,1,61,"[11800,35200,30800,22200]",3,-4.0,1,3,0,0,7,True
2024-2024092013gm-00a9-0000-9cd6d54a-02-s3-d1,112,B,4,66,"[20800,7700,44800,26700]",2,4.0,1,3,1,0,8,True
2024-2024092013gm-00a9-0000-9cd6d54a-02-s3-d1,113,A,1,61,"[23800,26600,37600,12000]",4,-10.0,1,3,0,0,10,True
2024-2024092013gm-00a9-0000-9cd6d54a-02-s3-d1,113,B,4,66,"[26500,9700,40800,23000]",3,-4.0,1,3,0,0,10,True
2024-2024092013gm-00a9-0000-9cd6d54a-02-s3-d1,114,A,1,61,"[15100,30100,47300,7500]",4,-10.0,1,3,0,0,8,True
2024-2024092013gm-00a9-0000-9cd6d54a-02-s3-d1,114,B,4,66,"[15100,30100,47300,7500]",4,-10.0,1,3,0,0,8,True
2024-2024092013gm-00a9-0000-9cd6d54a-02-s3-d1,115,A,1,61,"[26700,10300,37100,25900]",3,-4.0,1,3,0,0,10,True
2024-2024092013gm-00a9-0000-9cd6d54a-02-s3-d1,115,B,4,66,"[24600,13700,39800,21900]",3,-4.0,1,3,0,0,7,True
2024-2024092013gm-00a9-0000-9cd6d54a-02-s3-d1,116,A,1,61,"[45100,23200,33100,-1400]",4,-10.0,1,0,1,0,4,True
2024-2024092013gm-00a9-0000-9cd6d54a-02-s3-d1,116,B,4,66,"[39700,30800,34100,-4600]",4,-10.0,1,3,0,0,11,True
2024-2024092013gm-00a9-0000-9cd6d54a-02-s3-d1,117,A,1,61,"[20500,5500,54400,19600]",3,-4.0,1,3,0,0,7,True
2024-2024092013gm-00a9-0000-9cd6d54a-02-s3-d1,117,B,4,66,"[16600,19100,36100,28200]",2,4.0,1,3,1,0,7,True
2024-2024092013gm-00a9-0000-9cd6d54a-02-s3-d1,118,A,1,61,"[14300,18200,40300,27200]",2,4.0,1,3,0,0,8,True
2024-2024092013gm-00a9-0000-9cd6d54a-02-s3-d1,118,B,4,66,"[17100,19800,30100,33000]",1,10.0,1,3,0,0,8,True
2024-2024092013gm-00a9-0000-9cd6d54a-02-s3-d1,119,A,1,61,"[41700,-5800,26600,37500]",2,4.0,1,3,0,0,8,True
2024-2024092013gm-00a9-0000-9cd6d54a-02-s3-d1,119,B,4,66,"[41700,-5800,26600,37500]",2,4.0,1,3,0,0,8,True
2024-2024092013gm-00a9-0000-9cd6d54a-02-s3-d1,120,A,1,61,"[23900,18900,40100,17100]",4,-10.0,1,3,1,0,7,True
2024-2024092013gm-00a9-0000-9cd6d54a-02-s3-d1,120,B,4,66,"[23900,18900,40100,17100]",4,-10.0,1,3,1,0,7,True
2024-2024092013gm-00a9-0000-9cd6d54a-02-s3-d1,121,A,1,61,"[32200,31700,37500,-1400]",4,-10.0,1,1,0,0,4,True
2024-2024092013gm-00a9-0000-9cd6d54a-02-s3-d1,121,B,4,66,"[18200,30000,36900,14900]",4,-10.0,1,3,0,0,6,True
2024-2024092013gm-00a9-0000-9cd6d54a-02-s3-d1,122,A,1,61,"[34200,32300,28900,4600]",4,-10.0,1,3,1,0,8,True
2024-2024092013gm-00a9-0000-9cd6d54a-02-s3-d1,122,B,4,66,"[27000,30100,46800,-3900]",4,-10.0,1,2,0,0,6,True
2024-2024092013gm-00a9-0000-9cd6d54a-02-s3-d1,123,A,1,61,"[51400,34100,10600,3900]",4,-10.0,1,3,0,0,7,True
2024-2024092013gm-00a9-0000-9cd6d54a-02-s3-d1,123,B,4,66,"[51400,35100,9600,3900]",4,-10.0,1,3,0,0,7,True
2024-2024092013gm-00a9-0000-9cd6d54a-02-s3-d1,124,A,1,61,"[32500,37000,31000,-500]",4,-10.0,1,0,0,0,3,True
2024-2024092013gm-00a9-0000-9cd6d54a-02-s3-d1,124,B,4,66,"[32500,37000,31000,-500]",4,-10.0,1,0,0,0,3,True
2024-2024092013gm-00a9-0000-9cd6d54a-02-s3-d1,125,A,1,61,"[13800,28400,40600,17200]",3,-4.0,1,3,0,0,7,True
2024-2024092013gm-00a9-0000-9cd6d54a-02-s3-d1,125,B,4,66,"[13800,28400,40600,17200]",3,-4.0,1,3,0,0,7,True
2024-2024092013gm-00a9-0000-9cd6d54a-02-s3-d1,126,A,1,61,"[21100,31700,32300,14900]",4,-10.0,1,3,0,0,8,True
2024-2024092013gm-00a9-0000-9cd6d54a-02-s3-d1,126,B,4,66,"[16500,26300,47800,9400]",4,-10.0,1,3,0,0,7,True
2024-2024092013gm-00a9-0000-9cd6d54a-02-s3-d1,127,A,1,61,"[16400,31400,40300,11900]",4,-10.0,1,3,0,0,6,True
2024-2024092013gm-00a9-0000-9cd6d54a-02-s3-d1,127,B,4,66,"[16100,22800,35500,25600]",2,4.0,1,3,2,0,10,True
2024-2024092013gm-00a9-0000-9cd6d54a-02-s3-d1,128,A,1,61,"[29600,27300,39400,3700]",4,-10.0,1,3,0,0,8,True
2024-2024092013gm-00a9-0000-9cd6d54a-02-s3-d1,128,B,4,66,"[29600,27300,39400,3700]",4,-10.0,1,3,0,0,8,True
2024-2024092013gm-00a9-0000-9cd6d54a-02-s3-d1,129,A,1,61,"[17700,10000,43800,28500]",2,4.0,1,3,0,0,6,True
2024-2024092013gm-00a9-0000-9cd6d54a-02-s3-d1,129,B,4,66,"[17700,10000,43800,28500]",2,4.0,1,3,0,0,6,True
2024-2024092013gm-00a9-0000-9cd6d54a-02-s3-d1,130,A,1,61,"[23500,36700,41200,-1400]",4,-10.0,1,3,0,0,7,True
2024-2024092013gm-00a9-0000-9cd6d54a-02-s3-d1,130,B,4,66,"[24300,21800,32900,21000]",4,-10.0,2,0,2,0,8,True
2024-2024092013gm-00a9-0000-9cd6d54a-02-s3-d1,131,A,1,61,"[4800,46300,34600,14300]",3,-4.0,1,3,0,0,12,True
2024-2024092013gm-00a9-0000-9cd6d54a-02-s3-d1,131,B,4,66,"[21500,51300,35500,-8300]",4,-10.0,1,1,0,0,4,True
2024-2024092013gm-00a9-0000-9cd6d54a-02-s3-d1,132,A,1,61,"[16900,29200,44300,9600]",4,-10.0,1,3,2,0,8,True
2024-2024092013gm-00a9-0000-9cd6d54a-02-s3-d1,132,B,4,66,"[16900,29200,44300,9600]",4,-10.0,1,3,2,0,8,True
2024-2024092013gm-00a9-0000-9cd6d54a-02-s3-d1,133,A,1,61,"[18800,32600,44100,4500]",4,-10.0,1,3,0,0,6,True
2024-2024092013gm-00a9-0000-9cd6d54a-02-s3-d1,133,B,4,66,"[26000,17400,39200,17400]",4,-10.0,1,3,1,0,7,True
2024-2024092013gm-00a9-0000-9cd6d54a-02-s3-d1,134,A,1,61,"[24500,35500,30800,9200]",4,-10.0,1,3,0,0,8,True
2024-2024092013gm-00a9-0000-9cd6d54a-02-s3-d1,134,B,4,66,"[29100,-700,53900,17700]",3,-4.0,1,1,0,0,6,True
2024-2024092013gm-00a9-0000-9cd6d54a-02-s3-d1,135,A,1,61,"[12300,9900,51200,26600]",2,4.0,1,3,0,0,11,True
2024-2024092013gm-00a9-0000-9cd6d54a-02-s3-d1,135,B,4,66,"[12300,9900,51200,26600]",2,4.0,1,3,0,0,11,True
2024-2024092013gm-00a9-0000-9cd6d54a-02-s3-d1,136,A,1,61,"[4200,19700,55100,21000]",2,4.0,1,3,0,0,10,True
2024-2024092013gm-00a9-0000-9cd6d54a-02-s3-d1,136,B,4,66,"[4200,19700,55100,21000]",2,4.0,1,3,0,0,10,True
2024-2024092013gm-00a9-0000-9cd6d54a-02-s3-d1,137,A,1,61,"[14100,19900,30700,35300]",1,10.0,1,3,0,0,7,True
2024-2024092013gm-00a9-0000-9cd6d54a-02-s3-d1,137,B,4,66,"[26700,32300,25700,15300]",4,-10.0,1,3,0,0,7,True
2024-2024092013gm-00a9-0000-9cd6d54a-02-s3-d1,138,A,1,61,"[22000,20700,24800,32500]",1,10.0,1,3,0,0,6,True
2024-2024092013gm-00a9-0000-9cd6d54a-02-s3-d1,138,B,4,66,"[28400,27900,32700,11000]",4,-10.0,2,0,0,0,7,True
2024-2024092013gm-00a9-0000-9cd6d54a-02-s3-d1,139,A,1,61,"[45700,11600,46200,-3500]",4,-10.0,1,2,0,0,7,True
2024-2024092013gm-00a9-0000-9cd6d54a-02-s3-d1,139,B,4,66,"[33300,4200,39200,23300]",3,-4.0,1,3,0,0,8,True
2024-2024092013gm-00a9-0000-9cd6d54a-02-s3-d1,140,A,1,61,"[11000,28500,46200,14300]",3,-4.0,1,3,0,0,10,True
2024-2024092013gm-00a9-0000-9cd6d54a-02-s3-d1,140,B,4,66,"[17900,31300,33800,17000]",4,-10.0,1,3,1,0,8,True
2024-2024092013gm-00a9-0000-9cd6d54a-02-s3-d1,141,A,1,61,"[16700,20400,40300,22600]",2,4.0,1,3,1,0,7,True
2024-2024092013gm-00a9-0000-9cd6d54a-02-s3-d1,141,B,4,66,"[33400,22000,27100,17500]",4,-10.0,1,3,0,0,7,True
2024-2024092013gm-00a9-0000-9cd6d54a-02-s3-d1,142,A,1,61,"[38400,19500,34700,7400]",4,-10.0,1,3,0,0,7,True
2024-2024092013gm-00a9-0000-9cd6d54a-02-s3-d1,142,B,4,66,"[31900,27100,39600,1400]",4,-10.0,1,3,0,0,8,True
2024-2024092013gm-00a9-0000-9cd6d54a-02-s3-d1,143,A,1,61,"[12800,25700,47800,13700]",3,-4.0,1,3,1,0,10,True
2024-2024092013gm-00a9-0000-9cd6d54a-02-s3-d1,143,B,4,66,"[12800,25700,47800,13700]",3,-4.0,1,3,1,0,10,True
2024-2024092013gm-00a9-0000-9cd6d54a-02-s3-d1,144,A,1,61,"[14100,32700,36300,16900]",3,-4.0,1,3,0,0,10,True
2024-2024092013gm-00a9-0000-9cd6d54a-02-s3-d1,144,B,4,66,"[-10000,48600,34700,26700]",3,-4.0,1,2,1,0,9,True
2024-2024092013gm-00a9-0000-9cd6d54a-02-s3-d1,145,A,1,61,"[38600,20000,30700,10700]",4,-10.0,1,3,0,0,7,True
2024-2024092013gm-00a9-0000-9cd6d54a-02-s3-d1,145,B,4,66,"[38600,20000,30700,10700]",4,-10.0,1,3,0,0,7,True
2024-2024092013gm-00a9-0000-9cd6d54a-02-s3-d1,146,A,1,61,"[27800,32200,41500,-1500]",4,-10.0,1,2,0,0,6,True
2024-2024092013gm-00a9-0000-9cd6d54a-02-s3-d1,146,B,4,66,"[20000,-100,41300,38800]",2,4.0,1,2,0,0,6,True
2024-2024092013gm-00a9-0000-9cd6d54a-02-s3-d1,147,A,1,61,"[8600,26300,39800,25300]",3,-4.0,1,3,1,0,9,True
2024-2024092013gm-00a9-0000-9cd6d54a-02-s3-d1,147,B,4,66,"[8600,26300,39800,25300]",3,-4.0,1,3,1,0,9,True
2024-2024092013gm-00a9-0000-9cd6d54a-02-s3-d1,148,A,1,61,"[28500,37500,21300,12700]",4,-10.0,1,3,1,0,8,True
2024-2024092013gm-00a9-0000-9cd6d54a-02-s3-d1,148,B,4,66,"[15000,25500,34100,25400]",3,-4.0,1,3,0,0,8,True
2024-2024092013gm-00a9-0000-9cd6d54a-02-s3-d1,149,A,1,61,"[33200,14700,28900,23200]",3,-4.0,2,0,1,0,7,True
2024-2024092013gm-00a9-0000-9cd6d54a-02-s3-d1,149,B,4,66,"[29700,12800,30000,26500]",3,-4.0,1,3,0,1,6,True
2024-2024092013gm-00a9-0000-9cd6d54a-02-s3-d1,150,A,1,61,"[8900,36600,32400,22100]",3,-4.0,1,3,0,0,6,True
2024-2024092013gm-00a9-0000-9cd6d54a-02-s3-d1,150,B,4,66,"[10200,25600,42100,22100]",3,-4.0,1,3,0,0,6,True
2024-2024092013gm-00a9-0000-9cd6d54a-02-s3-d1,151,A,1,61,"[26100,30300,29100,14500]",4,-10.0,1,3,0,0,7,True
2024-2024092013gm-00a9-0000-9cd6d54a-02-s3-d1,151,B,4,66,"[13500,38200,39800,8500]",4,-10.0,1,3,1,0,7,True
2024-2024092013gm-00a9-0000-9cd6d54a-02-s3-d1,152,A,1,61,"[30200,12000,43000,14800]",3,-4.0,1,3,0,0,7,True
2024-2024092013gm-00a9-0000-9cd6d54a-02-s3-d1,152,B,4,66,"[13700,21900,47900,16500]",3,-4.0,1,3,2,0,8,True
2024-2024092013gm-00a9-0000-9cd6d54a-02-s3-d1,153,A,1,61,"[32400,30000,30100,7500]",4,-10.0,1,3,1,0,8,True
2024-2024092013gm-00a9-0000-9cd6d54a-02-s3-d1,153,B,4,66,"[21800,11800,40700,25700]",2,4.0,1,3,0,0,7,True
2024-2024092013gm-00a9-0000-9cd6d54a-02-s3-d1,154,A,1,61,"[13500,24000,42800,19700]",3,-4.0,1,3,0,0,7,True
2024-2024092013gm-00a9-0000-9cd6d54a-02-s3-d1,154,B,4,66,"[13500,24000,42800,19700]",3,-4.0,1,3,0,0,7,True
2024-2024092013gm-00a9-0000-9cd6d54a-02-s3-d1,155,A,1,61,"[37000,33000,27100,2900]",4,-10.0,1,3,0,0,6,True
2024-2024092013gm-00a9-0000-9cd6d54a-02-s3-d1,155,B,4,66,"[12500,35200,37300,15000]",3,-4.0,1,3,0,0,9,True
2024-2024092013gm-00a9-0000-9cd6d54a-02-s3-d1,156,A,1,61,"[43800,3500,23100,29600]",2,4.0,1,3,2,0,10,True
2024-2024092013gm-00a9-0000-9cd6d54a-02-s3-d1,156,B,4,66,"[36500,200,30600,32700]",2,4.0,1,3,2,0,10,True
2024-2024092013gm-00a9-0000-9cd6d54a-02-s3-d1,157,A,1,61,"[25200,25000,50000,-200]",4,-10.0,1,3,1,0,8,True
2024-2024092013gm-00a9-0000-9cd6d54a-02-s3-d1,157,B,4,66,"[23800,19000,30300,26900]",2,4.0,1,3,0,0,8,True
2024-2024092013gm-00a9-0000-9cd6d54a-02-s3-d1,158,A,1,61,"[15500,23100,22800,38600]",1,10.0,2,0,1,0,12,True
2024-2024092013gm-00a9-0000-9cd6d54a-02-s3-d1,158,B,4,66,"[18300,34600,39400,7700]",4,-10.0,1,3,0,0,9,True
2024-2024092013gm-00a9-0000-9cd6d54a-02-s3-d1,159,A,1,61,"[4500,46700,24300,24500]",2,4.0,1,3,1,0,9,True
2024-2024092013gm-00a9-0000-9cd6d54a-02-s3-d1,159,B,4,66,"[28600,14500,41400,15500]",3,-4.0,1,3,1,0,9,True
2024-2024092013gm-00a9-0000-9cd6d54a-02-s3-d1,160,A,1,61,"[24900,29000,41000,5100]",4,-10.0,1,3,0,0,6,True
2024-2024092013gm-00a9-0000-9cd6d54a-02-s3-d1,160,B,4,66,"[-400,25000,50800,24600]",3,-4.0,1,3,0,0,10,True
2024-2024092013gm-00a9-0000-9cd6d54a-02-s3-d1,161,A,1,61,"[12600,13000,45900,28500]",2,4.0,1,3,1,0,10,True
2024-2024092013gm-00a9-0000-9cd6d54a-02-s3-d1,161,B,4,66,"[1100,46500,33600,18800]",3,-4.0,1,3,1,0,11,True
2024-2024092013gm-00a9-0000-9cd6d54a-02-s3-d1,162,A,1,61,"[29400,10000,39900,20700]",3,-4.0,1,3,0,0,11,True
2024-2024092013gm-00a9-0000-9cd6d54a-02-s3-d1,162,B,4,66,"[29600,14100,35300,21000]",3,-4.0,2,0,1,0,8,True
2024-2024092013gm-00a9-0000-9cd6d54a-02-s3-d1,163,A,1,61,"[36000,23700,23100,17200]",4,-10.0,1,3,1,0,7,True
2024-2024092013gm-00a9-0000-9cd6d54a-02-s3-d1,163,B,4,66,"[18000,27300,36700,18000]",4,-10.0,1,3,0,0,6,True
2024-2024092013gm-00a9-0000-9cd6d54a-02-s3-d1,164,A,1,61,"[8400,28800,67100,-4300]",4,-10.0,1,1,3,0,8,True
2024-2024092013gm-00a9-0000-9cd6d54a-02-s3-d1,164,B,4,66,"[8400,28800,67100,-4300]",4,-10.0,1,1,3,0,8,True
2024-2024092013gm-00a9-0000-9cd6d54a-02-s3-d1,165,A,1,61,"[26100,11700,42000,20200]",3,-4.0,1,3,0,0,8,True
2024-2024092013gm-00a9-0000-9cd6d54a-02-s3-d1,165,B,4,66,"[26100,11700,42000,20200]",3,-4.0,1,3,0,0,8,True
2024-2024092013gm-00a9-0000-9cd6d54a-02-s3-d1,166,A,1,61,"[15700,36300,37600,10400]",4,-10.0,1,3,1,0,8,True
2024-2024092013gm-00a9-0000-9cd6d54a-02-s3-d1,166,B,4,66,"[15700,36300,37600,10400]",4,-10.0,1,3,1,0,8,True
2024-2024092013gm-00a9-0000-9cd6d54a-02-s3-d1,167,A,1,61,"[35400,16900,36500,11200]",4,-10.0,1,3,0,0,6,True
2024-2024092013gm-00a9-0000-9cd6d54a-02-s3-d1,167,B,4,66,"[28300,23900,37100,10700]",4,-10.0,1,3,0,0,6,True
2024-2024092013gm-00a9-0000-9cd6d54a-02-s3-d1,168,A,1,61,"[-11400,35500,36800,39100]",1,10.0,1,2,0,0,8,True
2024-2024092013gm-00a9-0000-9cd6d54a-02-s3-d1,168,B,4,66,"[15100,43300,-3200,44800]",1,10.0,1,1,1,0,6,True
2024-2024092013gm-00a9-0000-9cd6d54a-02-s3-d1,169,A,1,61,"[15800,29900,34500,19800]",3,-4.0,1,3,1,0,12,True
2024-2024092013gm-00a9-0000-9cd6d54a-02-s3-d1,169,B,4,66,"[24500,13500,30900,31100]",1,10.0,1,3,0,0,10,True
2024-2024092013gm-00a9-0000-9cd6d54a-02-s3-d1,170,A,1,61,"[36500,-3500,37900,29100]",3,-4.0,1,2,0,0,8,True
2024-2024092013gm-00a9-0000-9cd6d54a-02-s3-d1,170,B,4,66,"[36500,-3500,37900,29100]",3,-4.0,1,2,0,0,8,True
2024-2024092013gm-00a9-0000-9cd6d54a-02-s3-d1,171,A,1,61,"[28500,31700,37700,2100]",4,-10.0,1,3,0,0,7,True
2024-2024092013gm-00a9-0000-9cd6d54a-02-s3-d1,171,B,4,66,"[32400,30800,32700,4100]",4,-10.0,1,3,0,0,6,True
2024-2024092013gm-00a9-0000-9cd6d54a-02-s3-d1,172,A,1,61,"[17800,32400,28900,20900]",3,-4.0,1,3,0,0,9,True
2024-2024092013gm-00a9-0000-9cd6d54a-02-s3-d1,172,B,4,66,"[36900,20900,29200,13000]",4,-10.0,1,3,0,0,7,True
2024-2024092013gm-00a9-0000-9cd6d54a-02-s3-d1,173,A,1,61,"[15900,33700,39100,11300]",4,-10.0,1,3,0,0,6,True
2024-2024092013gm-00a9-0000-9cd6d54a-02-s3-d1,173,B,4,66,"[14300,29100,44400,12200]",4,-10.0,1,3,0,0,6,True
2024-2024092013gm-00a9-0000-9cd6d54a-02-s3-d1,174,A,1,61,"[9000,38800,38800,13400]",3,-4.0,1,3,3,0,7,True
2024-2024092013gm-00a9-0000-9cd6d54a-02-s3-d1,174,B,4,66,"[9000,38800,38800,13400]",3,-4.0,1,3,3,0,7,True
2024-2024092013gm-00a9-0000-9cd6d54a-02-s3-d1,175,A,1,61,"[17500,22300,41100,19100]",3,-4.0,1,3,1,0,7,True
2024-2024092013gm-00a9-0000-9cd6d54a-02-s3-d1,175,B,4,66,"[17500,22300,41100,19100]",3,-4.0,1,3,1,0,7,True
2024-2024092013gm-00a9-0000-9cd6d54a-02-s3-d1,176,A,1,61,"[20200,23900,35000,19900]",4,-10.0,1,3,1,1,9,True
2024-2024092013gm-00a9-0000-9cd6d54a-02-s3-d1,176,B,4,66,"[34100,31700,38100,-3900]",4,-10.0,1,0,1,0,4,True
2024-2024092013gm-00a9-0000-9cd6d54a-02-s3-d1,177,A,1,61,"[11200,27900,42400,18500]",3,-4.0,1,3,0,0,8,True
2024-2024092013gm-00a9-0000-9cd6d54a-02-s3-d1,177,B,4,66,"[39200,8100,29600,23100]",3,-4.0,1,3,1,0,8,True
2024-2024092013gm-00a9-0000-9cd6d54a-02-s3-d1,178,A,1,61,"[19700,24700,40100,15500]",4,-10.0,1,3,0,0,6,True
2024-2024092013gm-00a9-0000-9cd6d54a-02-s3-d1,178,B,4,66,"[12400,20600,48500,18500]",3,-4.0,1,3,2,0,10,True
2024-2024092013gm-00a9-0000-9cd6d54a-02-s3-d1,179,A,1,61,"[23500,24000,55000,-2500]",4,-10.0,0,2,0,0,1,True
2024-2024092013gm-00a9-0000-9cd6d54a-02-s3-d1,179,B,4,66,"[19200,31900,53800,-4900]",4,-10.0,1,0,0,0,5,True
2024-2024092013gm-00a9-0000-9cd6d54a-02-s3-d1,180,A,1,61,"[29100,25900,40500,4500]",4,-10.0,1,3,0,0,8,True
2024-2024092013gm-00a9-0000-9cd6d54a-02-s3-d1,180,B,4,66,"[29100,25900,40500,4500]",4,-10.0,1,3,0,0,8,True
2024-2024092013gm-00a9-0000-9cd6d54a-02-s3-d1,181,A,1,61,"[23000,21800,46900,8300]",4,-10.0,1,3,0,0,8,True
2024-2024092013gm-00a9-0000-9cd6d54a-02-s3-d1,181,B,4,66,"[-5600,31100,50200,24300]",3,-4.0,1,3,0,0,9,True
2024-2024092013gm-00a9-0000-9cd6d54a-02-s3-d1,182,A,1,61,"[16200,10300,36200,35300]",2,4.0,1,3,2,2,9,True
2024-2024092013gm-00a9-0000-9cd6d54a-02-s3-d1,182,B,4,66,"[16200,10300,36200,35300]",2,4.0,1,3,2,2,9,True
2024-2024092013gm-00a9-0000-9cd6d54a-02-s3-d1,183,A,1,61,"[19800,41100,26200,12900]",4,-10.0,1,3,0,0,9,True
2024-2024092013gm-00a9-0000-9cd6d54a-02-s3-d1,183,B,4,66,"[19800,41100,26200,12900]",4,-10.0,1,3,0,0,9,True
2024-2024092013gm-00a9-0000-9cd6d54a-02-s3-d1,184,A,1,61,"[20600,14400,34000,29000]",2,4.0,1,3,1,2,8,True
2024-2024092013gm-00a9-0000-9cd6d54a-02-s3-d1,184,B,4,66,"[28900,15700,35700,19700]",3,-4.0,1,3,0,0,6,True
2024-2024092013gm-00a9-0000-9cd6d54a-02-s3-d1,185,A,1,61,"[36800,34300,31700,-2800]",4,-10.0,1,1,1,0,5,True
2024-2024092013gm-00a9-0000-9cd6d54a-02-s3-d1,185,B,4,66,"[36800,34300,31700,-2800]",4,-10.0,1,1,1,0,5,True
2024-2024092013gm-00a9-0000-9cd6d54a-02-s3-d1,186,A,1,61,"[36300,29800,37300,-3400]",4,-10.0,1,0,1,0,5,True
2024-2024092013gm-00a9-0000-9cd6d54a-02-s3-d1,186,B,4,66,"[43500,20400,19900,16200]",4,-10.0,1,3,0,0,9,True
2024-2024092013gm-00a9-0000-9cd6d54a-02-s3-d1,187,A,1,61,"[20800,19600,26000,33600]",1,10.0,1,3,0,0,6,True
2024-2024092013gm-00a9-0000-9cd6d54a-02-s3-d1,187,B,4,66,"[5900,29900,40000,24200]",3,-4.0,1,3,1,0,7,True
2024-2024092013gm-00a9-0000-9cd6d54a-02-s3-d1,188,A,1,61,"[10800,32500,38600,18100]",3,-4.0,1,3,0,0,7,True
2024-2024092013gm-00a9-0000-9cd6d54a-02-s3-d1,188,B,4,66,"[19900,16900,36000,27200]",2,4.0,1,3,0,0,7,True
2024-2024092013gm-00a9-0000-9cd6d54a-02-s3-d1,189,A,1,61,"[40300,16400,24800,18500]",3,-4.0,1,3,0,0,8,True
2024-2024092013gm-00a9-0000-9cd6d54a-02-s3-d1,189,B,4,66,"[40300,16400,24800,18500]",3,-4.0,1,3,0,0,8,True
2024-2024092013gm-00a9-0000-9cd6d54a-02-s3-d1,190,A,1,61,"[22100,24500,32600,20800]",4,-10.0,1,3,0,0,9,True
2024-2024092013gm-00a9-0000-9cd6d54a-02-s3-d1,190,B,4,66,"[22100,24500,32600,20800]",4,-10.0,1,3,0,0,9,True
2024-2024092013gm-00a9-0000-9cd6d54a-02-s3-d1,191,A,1,61,"[-1400,18800,41500,41100]",2,4.0,1,1,0,0,6,True
2024-2024092013gm-00a9-0000-9cd6d54a-02-s3-d1,191,B,4,66,"[-1400,18800,41500,41100]",2,4.0,1,1,0,0,6,True
2024-2024092013gm-00a9-0000-9cd6d54a-02-s3-d1,192,A,1,61,"[26100,37700,33000,3200]",4,-10.0,1,3,2,0,9,True
2024-2024092013gm-00a9-0000-9cd6d54a-02-s3-d1,192,B,4,66,"[26100,37700,33000,3200]",4,-10.0,1,3,2,0,9,True
2024-2024092013gm-00a9-0000-9cd6d54a-02-s3-d1,193,A,1,61,"[7500,26600,36800,27100]",2,4.0,1,3,0,2,8,True
2024-2024092013gm-00a9-0000-9cd6d54a-02-s3-d1,193,B,4,66,"[21500,-6500,49100,35900]",2,4.0,1,2,0,0,6,True
2024-2024092013gm-00a9-0000-9cd6d54a-02-s3-d1,194,A,1,61,"[23300,28500,32600,15600]",4,-10.0,1,3,2,0,9,True
2024-2024092013gm-00a9-0000-9cd6d54a-02-s3-d1,194,B,4,66,"[27500,12200,47500,12800]",3,-4.0,1,3,1,0,11,True
2024-2024092013gm-00a9-0000-9cd6d54a-02-s3-d1,195,A,1,61,"[25900,33000,41400,-300]",4,-10.0,1,1,0,0,5,True
2024-2024092013gm-00a9-0000-9cd6d54a-02-s3-d1,195,B,4,66,"[25600,16400,44400,13600]",4,-10.0,1,3,2,0,9,True
2024-2024092013gm-00a9-0000-9cd6d54a-02-s3-d1,196,A,1,61,"[30300,31400,22600,15700]",4,-10.0,1,3,1,0,7,True
2024-2024092013gm-00a9-0000-9cd6d54a-02-s3-d1,196,B,4,66,"[23300,30300,27500,18900]",4,-10.0,1,3,1,0,7,True
2024-2024092013gm-00a9-0000-9cd6d54a-02-s3-d1,197,A,1,61,"[58400,2900,27900,10800]",3,-4.0,1,3,1,0,9,True
2024-2024092013gm-00a9-0000-9cd6d54a-02-s3-d1,197,B,4,66,"[58400,2900,27900,10800]",3,-4.0,1,3,1,0,9,True
2024-2024092013gm-00a9-0000-9cd6d54a-02-s3-d1,198,A,1,61,"[39400,21000,41000,-1400]",4,-10.0,1,1,0,0,4,True
2024-2024092013gm-00a9-0000-9cd6d54a-02-s3-d1,198,B,4,66,"[19700,28400,32800,19100]",4,-10.0,1,3,0,0,6,True
2024-2024092013gm-00a9-0000-9cd6d54a-02-s3-d1,199,A,1,61,"[25500,20000,54600,-100]",4,-10.0,1,1,0,0,4,True
2024-2024092013gm-00a9-0000-9cd6d54a-02-s3-d1,199,B,4,66,"[25500,20000,54600,-100]",4,-10.0,1,1,0,0,4,True
2024-2024092013gm-00a9-0000-9cd6d54a-02-s3-d1,200,A,1,61,"[25700,22700,32700,18900]",4,-10.0,1,3,0,0,6,True
2024-2024092013gm-00a9-0000-9cd6d54a-02-s3-d1,200,B,4,66,"[36600,23500,34000,5900]",4,-10.0,1,3,1,0,7,True
2024-2024092013gm-00a9-0000-9cd6d54a-02-s3-d1,201,A,1,61,"[20800,22500,45100,11600]",4,-10.0,1,3,0,0,7,True
2024-2024092013gm-00a9-0000-9cd6d54a-02-s3-d1,201,B,4,66,"[22500,27500,32500,15500]",4,-10.0,1,3,4,2,7,True
2024-2024092013gm-00a9-0000-9cd6d54a-02-s3-d1,202,A,1,61,"[28300,16500,36000,19200]",3,-4.0,1,3,0,0,7,True
2024-2024092013gm-00a9-0000-9cd6d54a-02-s3-d1,202,B,4,66,"[28300,16500,36000,19200]",3,-4.0,1,3,0,0,7,True
2024-2024092013gm-00a9-0000-9cd6d54a-02-s3-d1,203,A,1,61,"[26600,22000,53700,-2300]",4,-10.0,1,1,0,0,7,True
2024-2024092013gm-00a9-0000-9cd6d54a-02-s3-d1,203,B,4,66,"[26600,22000,53700,-2300]",4,-10.0,1,1,0,0,7,True
2024-2024092013gm-00a9-0000-9cd6d54a-02-s3-d1,204,A,1,61,"[15300,20000,50600,14100]",4,-10.0,1,3,0,0,6,True
2024-2024092013gm-00a9-0000-9cd6d54a-02-s3-d1,204,B,4,66,"[32400,13200,42800,11600]",4,-10.0,1,3,0,0,8,True
2024-2024092013gm-00a9-0000-9cd6d54a-02-s3-d1,205,A,1,61,"[22000,39900,41900,-3800]",4,-10.0,1,2,0,0,6,True
2024-2024092013gm-00a9-0000-9cd6d54a-02-s3-d1,205,B,4,66,"[23300,32800,44900,-1000]",4,-10.0,1,2,0,0,6,True
2024-2024092013gm-00a9-0000-9cd6d54a-02-s3-d1,206,A,1,61,"[29400,19400,35300,15900]",4,-10.0,1,3,0,0,7,True
2024-2024092013gm-00a9-0000-9cd6d54a-02-s3-d1,206,B,4,66,"[29400,19400,35300,15900]",4,-10.0,1,3,0,0,7,True
2024-2024092013gm-00a9-0000-9cd6d54a-02-s3-d1,207,A,1,61,"[25600,24300,38000,12100]",4,-10.0,1,3,0,0,7,True
2024-2024092013gm-00a9-0000-9cd6d54a-02-s3-d1,207,B,4,66,"[27200,28100,32900,11800]",4,-10.0,1,3,0,0,7,True
2024-2024092013gm-00a9-0000-9cd6d54a-02-s3-d1,208,A,1,61,"[38500,22700,19300,19500]",3,-4.0,1,3,1,0,7,True
2024-2024092013gm-00a9-0000-9cd6d54a-02-s3-d1,208,B,4,66,"[37400,22000,21700,18900]",4,-10.0,1,3,1,0,7,True
2024-2024092013gm-00a9-0000-9cd6d54a-02-s3-d1,209,A,1,61,"[22500,45000,35500,-3000]",4,-10.0,1,0,1,0,4,True
2024-2024092013gm-00a9-0000-9cd6d54a-02-s3-d1,209,B,4,66,"[10700,43700,29700,15900]",3,-4.0,1,3,0,0,6,True
2024-2024092013gm-00a9-0000-9cd6d54a-02-s3-d1,210,A,1,61,"[25400,28500,39300,5800]",4,-10.0,1,3,2,1,8,True
2024-2024092013gm-00a9-0000-9cd6d54a-02-s3-d1,210,B,4,66,"[24300,21100,37600,17000]",4,-10.0,1,3,0,0,8,True
2024-2024092013gm-00a9-0000-9cd6d54a-02-s3-d1,211,A,1,61,"[21300,26100,43500,9100]",4,-10.0,1,3,0,0,8,True
2024-2024092013gm-00a9-0000-9cd6d54a-02-s3-d1,211,B,4,66,"[11400,30000,46200,12400]",3,-4.0,1,3,1,0,10,True
2024-2024092013gm-00a9-0000-9cd6d54a-02-s3-d1,212,A,1,61,"[30800,13800,45700,9700]",4,-10.0,1,3,0,0,6,True
2024-2024092013gm-00a9-0000-9cd6d54a-02-s3-d1,212,B,4,66,"[26500,23600,53000,-3100]",4,-10.0,1,1,0,0,4,True
2024-2024092013gm-00a9-0000-9cd6d54a-02-s3-d1,213,A,1,61,"[28100,22600,42500,6800]",4,-10.0,1,3,0,0,9,True
2024-2024092013gm-00a9-0000-9cd6d54a-02-s3-d1,213,B,4,66,"[28100,22600,42500,6800]",4,-10.0,1,3,0,0,9,True
2024-2024092013gm-00a9-0000-9cd6d54a-02-s3-d1,214,A,1,61,"[36900,4100,46000,13000]",3,-4.0,1,3,0,0,13,True
2024-2024092013gm-00a9-0000-9cd6d54a-02-s3-d1,214,B,4,66,"[25700,14500,28700,31100]",1,10.0,1,3,1,0,9,True
2024-2024092013gm-00a9-0000-9cd6d54a-02-s3-d1,215,A,1,61,"[24100,12600,45900,17400]",3,-4.0,1,3,1,0,9,True
2024-2024092013gm-00a9-0000-9cd6d54a-02-s3-d1,215,B,4,66,"[24100,12600,45900,17400]",3,-4.0,1,3,1,0,9,True
2024-2024092013gm-00a9-0000-9cd6d54a-02-s3-d1,216,A,1,61,"[23100,23100,32300,21500]",4,-10.0,1,3,2,0,8,True
2024-2024092013gm-00a9-0000-9cd6d54a-02-s3-d1,216,B,4,66,"[23100,23100,32300,21500]",4,-10.0,1,3,2,0,8,True
2024-2024092013gm-00a9-0000-9cd6d54a-02-s3-d1,217,A,1,61,"[41400,37800,26700,-5900]",4,-10.0,1,2,2,0,7,True
2024-2024092013gm-00a9-0000-9cd6d54a-02-s3-d1,217,B,4,66,"[18200,35900,32300,13600]",4,-10.0,1,3,2,0,9,True
2024-2024092013gm-00a9-0000-9cd6d54a-02-s3-d1,218,A,1,61,"[38100,31100,21200,9600]",4,-10.0,1,3,0,0,9,True
2024-2024092013gm-00a9-0000-9cd6d54a-02-s3-d1,218,B,4,66,"[38100,31100,21200,9600]",4,-10.0,1,3,0,0,9,True
2024-2024092013gm-00a9-0000-9cd6d54a-02-s3-d1,219,A,1,61,"[33000,27500,38500,0]",4,-10.0,1,3,1,1,6,True
2024-2024092013gm-00a9-0000-9cd6d54a-02-s3-d1,219,B,4,66,"[33000,27500,38500,0]",4,-10.0,1,3,1,1,6,True
2024-2024092013gm-00a9-0000-9cd6d54a-02-s3-d1,220,A,1,61,"[29700,8700,44900,16700]",3,-4.0,1,3,0,0,10,True
2024-2024092013gm-00a9-0000-9cd6d54a-02-s3-d1,220,B,4,66,"[29700,8700,44900,16700]",3,-4.0,1,3,0,0,10,True
2024-2024092013gm-00a9-0000-9cd6d54a-02-s3-d1,221,A,1,61,"[15500,6200,39300,39000]",2,4.0,1,3,1,0,10,True
2024-2024092013gm-00a9-0000-9cd6d54a-02-s3-d1,221,B,4,66,"[44000,17100,40600,-1700]",4,-10.0,1,3,0,0,8,True
2024-2024092013gm-00a9-0000-9cd6d54a-02-s3-d1,222,A,1,61,"[9500,43300,29500,17700]",3,-4.0,1,3,0,0,8,True
2024-2024092013gm-00a9-0000-9cd6d54a-02-s3-d1,222,B,4,66,"[9500,43300,29500,17700]",3,-4.0,1,3,0,0,8,True
2024-2024092013gm-00a9-0000-9cd6d54a-02-s3-d1,223,A,1,61,"[30100,7200,38700,24000]",3,-4.0,1,3,0,0,7,True
2024-2024092013gm-00a9-0000-9cd6d54a-02-s3-d1,223,B,4,66,"[23200,18600,37400,20800]",3,-4.0,1,3,2,0,12,True
2024-2024092013gm-00a9-0000-9cd6d54a-02-s3-d1,224,A,1,61,"[-500,24000,61000,15500]",3,-4.0,0,2,0,0,1,True
2024-2024092013gm-00a9-0000-9cd6d54a-02-s3-d1,224,B,4,66,"[18700,27300,33500,20500]",3,-4.0,1,3,1,0,7,True
2024-2024092013gm-00a9-0000-9cd6d54a-02-s3-d1,225,A,1,61,"[27400,15200,40900,16500]",3,-4.0,1,3,0,0,7,True
2024-2024092013gm-00a9-0000-9cd6d54a-02-s3-d1,225,B,4,66,"[28800,23600,37000,10600]",4,-10.0,1,3,0,0,7,True
2024-2024092013gm-00a9-0000-9cd6d54a-02-s3-d1,226,A,1,61,"[26400,40000,19100,14500]",4,-10.0,1,3,0,0,8,True
2024-2024092013gm-00a9-0000-9cd6d54a-02-s3-d1,226,B,4,66,"[26400,40000,19100,14500]",4,-10.0,1,3,0,0,8,True
2024-2024092013gm-00a9-0000-9cd6d54a-02-s3-d1,227,A,1,61,"[11300,27700,37600,23400]",3,-4.0,1,3,1,0,8,True
2024-2024092013gm-00a9-0000-9cd6d54a-02-s3-d1,227,B,4,66,"[20800,18600,28200,32400]",1,10.0,1,3,0,0,8,True
2024-2024092013gm-00a9-0000-9cd6d54a-02-s3-d1,228,A,1,61,"[24800,15800,40100,19300]",3,-4.0,1,3,1,0,7,True
2024-2024092013gm-00a9-0000-9cd6d54a-02-s3-d1,228,B,4,66,"[16400,9500,58500,15600]",3,-4.0,1,3,2,0,7,True
2024-2024092013gm-00a9-0000-9cd6d54a-02-s3-d1,229,A,1,61,"[6300,24500,43600,25600]",2,4.0,1,3,0,0,10,True
2024-2024092013gm-00a9-0000-9cd6d54a-02-s3-d1,229,B,4,66,"[6300,24500,43600,25600]",2,4.0,1,3,0,0,10,True
2024-2024092013gm-00a9-0000-9cd6d54a-02-s3-d1,230,A,1,61,"[16700,18300,36100,28900]",2,4.0,1,3,0,0,6,True
2024-2024092013gm-00a9-0000-9cd6d54a-02-s3-d1,230,B,4,66,"[-1700,33000,53000,15700]",3,-4.0,0,3,0,0,3,True
2024-2024092013gm-00a9-0000-9cd6d54a-02-s3-d1,231,A,1,61,"[23500,-3000,36000,43500]",1,10.0,0,3,0,0,2,True
2024-2024092013gm-00a9-0000-9cd6d54a-02-s3-d1,231,B,4,66,"[23500,-3000,36000,43500]",1,10.0,0,3,0,0,2,True
2024-2024092013gm-00a9-0000-9cd6d54a-02-s3-d1,232,A,1,61,"[28500,44600,28200,-1300]",4,-10.0,1,2,0,0,7,True
2024-2024092013gm-00a9-0000-9cd6d54a-02-s3-d1,232,B,4,66,"[28500,44600,28200,-1300]",4,-10.0,1,2,0,0,7,True
2024-2024092013gm-00a9-0000-9cd6d54a-02-s3-d1,233,A,1,61,"[32100,-1400,47700,21600]",3,-4.0,1,3,0,0,11,True
2024-2024092013gm-00a9-0000-9cd6d54a-02-s3-d1,233,B,4,66,"[25500,7900,45500,21100]",3,-4.0,1,3,3,0,12,True
2024-2024092013gm-00a9-0000-9cd6d54a-02-s3-d1,234,A,1,61,"[27500,-1000,50000,23500]",3,-4.0,0,3,0,0,3,True
2024-2024092013gm-00a9-0000-9cd6d54a-02-s3-d1,234,B,4,66,"[33200,9300,26900,30600]",2,4.0,1,3,0,0,8,True
2024-2024092013gm-00a9-0000-9cd6d54a-02-s3-d1,235,A,1,61,"[28300,31900,33900,5900]",4,-10.0,1,3,1,0,9,True
2024-2024092013gm-00a9-0000-9cd6d54a-02-s3-d1,235,B,4,66,"[16900,24900,37500,20700]",3,-4.0,1,3,0,0,7,True
2024-2024092013gm-00a9-0000-9cd6d54a-02-s3-d1,236,A,1,61,"[27800,12900,46800,12500]",4,-10.0,1,3,0,0,7,True
2024-2024092013gm-00a9-0000-9cd6d54a-02-s3-d1,236,B,4,66,"[40000,7700,37200,15100]",3,-4.0,1,3,0,0,7,True
2024-2024092013gm-00a9-0000-9cd6d54a-02-s3-d1,237,A,1,61,"[21800,9900,30400,37900]",1,10.0,1,3,0,0,6,True
2024-2024092013gm-00a9-0000-9cd6d54a-02-s3-d1,237,B,4,66,"[21800,9900,30400,37900]",1,10.0,1,3,0,0,6,True
2024-2024092013gm-00a9-0000-9cd6d54a-02-s3-d1,238,A,1,61,"[-400,26000,49500,24900]",3,-4.0,1,2,0,0,8,True
2024-2024092013gm-00a9-0000-9cd6d54a-02-s3-d1,238,B,4,66,"[-400,26000,49500,24900]",3,-4.0,1,2,0,0,8,True
2024-2024092013gm-00a9-0000-9cd6d54a-02-s3-d1,239,A,1,61,"[38600,15600,36900,8900]",4,-10.0,1,3,1,0,8,True
2024-2024092013gm-00a9-0000-9cd6d54a-02-s3-d1,239,B,4,66,"[38600,15600,36900,8900]",4,-10.0,1,3,1,0,8,True
2024-2024092013gm-00a9-0000-9cd6d54a-02-s3-d1,240,A,1,61,"[27500,22100,41600,8800]",4,-10.0,1,3,1,0,9,True
2024-2024092013gm-00a9-0000-9cd6d54a-02-s3-d1,240,B,4,66,"[15700,34100,30700,19500]",3,-4.0,1,3,1,0,7,True
2024-2024092013gm-00a9-0000-9cd6d54a-02-s3-d1,241,A,1,61,"[22400,23000,39900,14700]",4,-10.0,1,3,1,0,8,True
2024-2024092013gm-00a9-0000-9cd6d54a-02-s3-d1,241,B,4,66,"[22400,23000,39900,14700]",4,-10.0,1,3,1,0,8,True
2024-2024092013gm-00a9-0000-9cd6d54a-02-s3-d1,242,A,1,61,"[37000,17900,38700,6400]",4,-10.0,1,3,1,0,8,True
2024-2024092013gm-00a9-0000-9cd6d54a-02-s3-d1,242,B,4,66,"[32500,32700,24700,10100]",4,-10.0,1,3,0,0,7,True
2024-2024092013gm-00a9-0000-9cd6d54a-02-s3-d1,243,A,1,61,"[6800,48200,29100,15900]",3,-4.0,1,3,0,0,6,True
2024-2024092013gm-00a9-0000-9cd6d54a-02-s3-d1,243,B,4,66,"[6800,48200,29100,15900]",3,-4.0,1,3,0,0,6,True
2024-2024092013gm-00a9-0000-9cd6d54a-02-s3-d1,244,A,1,61,"[33800,8800,33900,23500]",3,-4.0,1,3,0,0,8,True
2024-2024092013gm-00a9-0000-9cd6d54a-02-s3-d1,244,B,4,66,"[33800,8800,33900,23500]",3,-4.0,1,3,0,0,8,True
2024-2024092013gm-00a9-0000-9cd6d54a-02-s3-d1,245,A,1,61,"[9300,29300,42700,18700]",3,-4.0,1,3,0,0,6,True
2024-2024092013gm-00a9-0000-9cd6d54a-02-s3-d1,245,B,4,66,"[9300,29300,42700,18700]",3,-4.0,1,3,0,0,6,True
2024-2024092013gm-00a9-0000-9cd6d54a-02-s3-d1,246,A,1,61,"[36300,16300,42400,5000]",4,-10.0,1,3,0,0,8,True
2024-2024092013gm-00a9-0000-9cd6d54a-02-s3-d1,246,B,4,66,"[12400,20200,60200,7200]",4,-10.0,1,3,0,0,7,True
2024-2024092013gm-00a9-0000-9cd6d54a-02-s3-d1,247,A,1,61,"[1900,38400,42300,17400]",3,-4.0,1,3,1,0,8,True
2024-2024092013gm-00a9-0000-9cd6d54a-02-s3-d1,247,B,4,66,"[13000,45000,32600,9400]",4,-10.0,1,3,0,0,7,True
2024-2024092013gm-00a9-0000-9cd6d54a-02-s3-d1,248,A,1,61,"[46900,9800,32500,10800]",3,-4.0,1,3,0,0,7,True
2024-2024092013gm-00a9-0000-9cd6d54a-02-s3-d1,248,B,4,66,"[46900,9800,32500,10800]",3,-4.0,1,3,0,0,7,True
2024-2024092013gm-00a9-0000-9cd6d54a-02-s3-d1,249,A,1,61,"[56000,30100,5000,8900]",3,-4.0,1,3,0,0,8,True
2024-2024092013gm-00a9-0000-9cd6d54a-02-s3-d1,249,B,4,66,"[39300,20500,50500,-10300]",4,-10.0,0,3,1,0,5,True
2024-2024092013gm-00a9-0000-9cd6d54a-02-s3-d1,250,A,1,61,"[9900,31000,37300,20800]",3,-4.0,1,3,0,1,7,True
2024-2024092013gm-00a9-0000-9cd6d54a-02-s3-d1,250,B,4,66,"[9900,31000,37300,20800]",3,-4.0,1,3,0,1,7,True
2024-2024092013gm-00a9-0000-9cd6d54a-02-s3-d1,251,A,1,61,"[5000,20700,35500,38800]",1,10.0,1,3,0,0,6,True
2024-2024092013gm-00a9-0000-9cd6d54a-02-s3-d1,251,B,4,66,"[17000,23200,32200,27600]",2,4.0,1,3,1,0,7,True
2024-2024092013gm-00a9-0000-9cd6d54a-02-s3-d1,252,A,1,61,"[16000,17400,42800,22800]",2,4.0,1,3,0,1,6,True
2024-2024092013gm-00a9-0000-9cd6d54a-02-s3-d1,252,B,4,66,"[-200,27000,43000,30200]",2,4.0,1,3,0,0,7,True
2024-2024092013gm-00a9-0000-9cd6d54a-02-s3-d1,253,A,1,61,"[300,31600,29600,38500]",1,10.0,1,3,0,0,8,True
2024-2024092013gm-00a9-0000-9cd6d54a-02-s3-d1,253,B,4,66,"[300,31600,29600,38500]",1,10.0,1,3,0,0,8,True
2024-2024092013gm-00a9-0000-9cd6d54a-02-s3-d1,254,A,1,61,"[15900,40100,19100,23900]",2,4.0,1,3,1,1,9,True
2024-2024092013gm-00a9-0000-9cd6d54a-02-s3-d1,254,B,4,66,"[15900,40100,19100,23900]",2,4.0,1,3,1,1,9,True
2024-2024092013gm-00a9-0000-9cd6d54a-02-s3-d1,255,A,1,61,"[25400,33300,30900,10400]",4,-10.0,1,3,0,0,6,True
2024-2024092013gm-00a9-0000-9cd6d54a-02-s3-d1,255,B,4,66,"[34200,27700,30300,7800]",4,-10.0,1,3,0,0,6,True
2024-2024092905gm-00a9-0000-4f383722-00-s2-d10,0,A,1,25,"[25100,42700,14100,18100]",4,-10.0,1,3,2,0,12,True
2024-2024092905gm-00a9-0000-4f383722-00-s2-d10,0,B,3,67,"[40000,39700,-3600,23900]",4,-10.0,1,0,0,0,6,True
2024-2024092905gm-00a9-0000-4f383722-00-s2-d10,1,A,1,25,"[30000,26900,9900,33200]",4,-10.0,1,3,0,0,15,True
2024-2024092905gm-00a9-0000-4f383722-00-s2-d10,1,B,3,67,"[30000,26900,9900,33200]",4,-10.0,1,3,0,0,15,True
2024-2024092905gm-00a9-0000-4f383722-00-s2-d10,2,A,1,25,"[41000,8100,22800,28100]",3,-4.0,1,3,2,0,11,True
2024-2024092905gm-00a9-0000-4f383722-00-s2-d10,2,B,3,67,"[41000,8100,22800,28100]",3,-4.0,1,3,2,0,11,True
2024-2024092905gm-00a9-0000-4f383722-00-s2-d10,3,A,1,25,"[25400,32900,14000,27700]",4,-10.0,1,3,0,0,9,True
2024-2024092905gm-00a9-0000-4f383722-00-s2-d10,3,B,3,67,"[25400,32900,14000,27700]",4,-10.0,1,3,0,0,9,True
2024-2024092905gm-00a9-0000-4f383722-00-s2-d10,4,A,1,25,"[1600,31900,33400,32100]",1,10.0,1,3,2,1,10,True
2024-2024092905gm-00a9-0000-4f383722-00-s2-d10,4,B,3,67,"[79700,-300,7200,13400]",3,-4.0,1,0,1,0,9,True
2024-2024092905gm-00a9-0000-4f383722-00-s2-d10,5,A,1,25,"[45100,23700,13500,17700]",4,-10.0,1,3,0,0,10,True
2024-2024092905gm-00a9-0000-4f383722-00-s2-d10,5,B,3,67,"[8200,36700,31400,23700]",2,4.0,1,3,2,0,9,True
2024-2024092905gm-00a9-0000-4f383722-00-s2-d10,6,A,1,25,"[16800,28900,34500,19800]",1,10.0,1,3,1,0,12,True
2024-2024092905gm-00a9-0000-4f383722-00-s2-d10,6,B,3,67,"[28100,17600,32500,21800]",1,10.0,1,3,0,0,10,True
2024-2024092905gm-00a9-0000-4f383722-00-s2-d10,7,A,1,25,"[16000,37100,17900,29000]",3,-4.0,1,3,0,0,10,True
2024-2024092905gm-00a9-0000-4f383722-00-s2-d10,7,B,3,67,"[16000,37100,17900,29000]",3,-4.0,1,3,0,0,10,True
2024-2024092905gm-00a9-0000-4f383722-00-s2-d10,8,A,1,25,"[45500,17500,18500,18500]",2,4.0,1,3,1,0,12,True
2024-2024092905gm-00a9-0000-4f383722-00-s2-d10,8,B,3,67,"[45500,17500,18500,18500]",2,4.0,1,3,1,0,12,True
2024-2024092905gm-00a9-0000-4f383722-00-s2-d10,9,A,1,25,"[2600,48000,22800,26600]",3,-4.0,1,3,4,0,12,True
2024-2024092905gm-00a9-0000-4f383722-00-s2-d10,9,B,3,67,"[2600,48000,22800,26600]",3,-4.0,1,3,4,0,12,True
2024-2024092905gm-00a9-0000-4f383722-00-s2-d10,10,A,1,25,"[18400,-5000,77300,9300]",1,10.0,1,2,1,0,12,True
2024-2024092905gm-00a9-0000-4f383722-00-s2-d10,10,B,3,67,"[18400,-5000,77300,9300]",1,10.0,1,2,1,0,12,True
2024-2024092905gm-00a9-0000-4f383722-00-s2-d10,11,A,1,25,"[23100,38100,9400,29400]",4,-10.0,1,3,1,0,10,True
2024-2024092905gm-00a9-0000-4f383722-00-s2-d10,11,B,3,67,"[59600,12300,10900,17200]",4,-10.0,1,3,0,0,11,True
2024-2024092905gm-00a9-0000-4f383722-00-s2-d10,12,A,1,25,"[12200,15100,20900,51800]",2,4.0,1,3,0,0,13,True
2024-2024092905gm-00a9-0000-4f383722-00-s2-d10,12,B,3,67,"[12200,15100,20900,51800]",2,4.0,1,3,0,0,13,True
2024-2024092905gm-00a9-0000-4f383722-00-s2-d10,13,A,1,25,"[29900,25200,38300,6600]",1,10.0,1,3,0,0,12,True
2024-2024092905gm-00a9-0000-4f383722-00-s2-d10,13,B,3,67,"[13500,43600,22500,20400]",2,4.0,1,3,3,0,11,True
2024-2024092905gm-00a9-0000-4f383722-00-s2-d10,14,A,1,25,"[37100,43600,20700,-1400]",3,-4.0,1,0,2,0,10,True
2024-2024092905gm-00a9-0000-4f383722-00-s2-d10,14,B,3,67,"[37100,43600,20700,-1400]",3,-4.0,1,0,2,0,10,True
2024-2024092905gm-00a9-0000-4f383722-00-s2-d10,15,A,1,25,"[26300,16500,37300,19900]",1,10.0,1,3,1,0,11,True
2024-2024092905gm-00a9-0000-4f383722-00-s2-d10,15,B,3,67,"[19100,32000,32200,16700]",1,10.0,1,3,0,0,10,True
2024-2024092905gm-00a9-0000-4f383722-00-s2-d10,16,A,1,25,"[3600,55800,18200,22400]",3,-4.0,1,3,0,0,12,True
2024-2024092905gm-00a9-0000-4f383722-00-s2-d10,16,B,3,67,"[1500,45400,24700,28400]",3,-4.0,1,3,1,0,13,True
2024-2024092905gm-00a9-0000-4f383722-00-s2-d10,17,A,1,25,"[29600,34100,8400,27900]",4,-10.0,2,0,0,0,10,True
2024-2024092905gm-00a9-0000-4f383722-00-s2-d10,17,B,3,67,"[29600,34100,8400,27900]",4,-10.0,2,0,0,0,10,True
2024-2024092905gm-00a9-0000-4f383722-00-s2-d10,18,A,1,25,"[23700,32400,24400,19500]",2,4.0,1,3,0,0,11,True
2024-2024092905gm-00a9-0000-4f383722-00-s2-d10,18,B,3,67,"[23700,32400,24400,19500]",2,4.0,1,3,0,0,11,True
2024-2024092905gm-00a9-0000-4f383722-00-s2-d10,19,A,1,25,"[37800,15200,40800,6200]",1,10.0,1,3,0,0,11,True
2024-2024092905gm-00a9-0000-4f383722-00-s2-d10,19,B,3,67,"[37800,15200,40800,6200]",1,10.0,1,3,0,0,11,True
2024-2024092905gm-00a9-0000-4f383722-00-s2-d10,20,A,1,25,"[26500,37500,16400,19600]",4,-10.0,1,3,0,0,16,True
2024-2024092905gm-00a9-0000-4f383722-00-s2-d10,20,B,3,67,"[16400,37200,8700,37700]",4,-10.0,1,3,0,0,14,True
2024-2024092905gm-00a9-0000-4f383722-00-s2-d10,21,A,1,25,"[29300,31300,23300,16100]",3,-4.0,2,1,0,0,14,True
2024-2024092905gm-00a9-0000-4f383722-00-s2-d10,21,B,3,67,"[18300,38300,21600,21800]",3,-4.0,1,3,2,0,14,True
2024-2024092905gm-00a9-0000-4f383722-00-s2-d10,22,A,1,25,"[50600,22300,13600,13500]",3,-4.0,1,3,0,0,13,True
2024-2024092905gm-00a9-0000-4f383722-00-s2-d10,22,B,3,67,"[50600,22300,13600,13500]",3,-4.0,1,3,0,0,13,True
2024-2024092905gm-00a9-0000-4f383722-00-s2-d10,23,A,1,25,"[43100,-1500,44200,14200]",1,10.0,1,3,0,0,10,True
2024-2024092905gm-00a9-0000-4f383722-00-s2-d10,23,B,3,67,"[28500,41500,21100,8900]",3,-4.0,1,3,0,0,11,True
2024-2024092905gm-00a9-0000-4f383722-00-s2-d10,24,A,1,25,"[9400,12300,42100,36200]",1,10.0,1,3,0,0,13,True
2024-2024092905gm-00a9-0000-4f383722-00-s2-d10,24,B,3,67,"[4200,20900,41000,33900]",1,10.0,1,3,0,0,13,True
2024-2024092905gm-00a9-0000-4f383722-00-s2-d10,25,A,1,25,"[17700,27400,16500,38400]",4,-10.0,1,3,0,0,9,True
2024-2024092905gm-00a9-0000-4f383722-00-s2-d10,25,B,3,67,"[42300,-1300,36500,22500]",2,4.0,1,2,1,0,10,True
2024-2024092905gm-00a9-0000-4f383722-00-s2-d10,26,A,1,25,"[17000,18800,24100,40100]",2,4.0,1,3,1,0,9,True
2024-2024092905gm-00a9-0000-4f383722-00-s2-d10,26,B,3,67,"[17000,18800,24100,40100]",2,4.0,1,3,1,0,9,True
2024-2024092905gm-00a9-0000-4f383722-00-s2-d10,27,A,1,25,"[16500,28900,40300,14300]",1,10.0,1,3,3,0,12,True
2024-2024092905gm-00a9-0000-4f383722-00-s2-d10,27,B,3,67,"[16500,28900,40300,14300]",1,10.0,1,3,3,0,12,True
2024-2024092905gm-00a9-0000-4f383722-00-s2-d10,28,A,1,25,"[31600,18000,4700,45700]",4,-10.0,1,3,1,0,14,True
2024-2024092905gm-00a9-0000-4f383722-00-s2-d10,28,B,3,67,"[33700,-2900,36600,32600]",1,10.0,1,2,2,0,15,True
2024-2024092905gm-00a9-0000-4f383722-00-s2-d10,29,A,1,25,"[21600,22300,48500,7600]",1,10.0,1,3,0,0,11,True
2024-2024092905gm-00a9-0000-4f383722-00-s2-d10,29,B,3,67,"[21600,22300,48500,7600]",1,10.0,1,3,0,0,11,True
2024-2024092905gm-00a9-0000-4f383722-00-s2-d10,30,A,1,25,"[21300,41900,26400,10400]",2,4.0,1,3,1,0,16,True
2024-2024092905gm-00a9-0000-4f383722-00-s2-d10,30,B,3,67,"[21300,41900,26400,10400]",2,4.0,1,3,1,0,16,True
2024-2024092905gm-00a9-0000-4f383722-00-s2-d10,31,A,1,25,"[27400,52600,20200,-200]",3,-4.0,1,3,0,0,12,True
2024-2024092905gm-00a9-0000-4f383722-00-s2-d10,31,B,3,67,"[27400,52600,20200,-200]",3,-4.0,1,3,0,0,12,True
2024-2024092905gm-00a9-0000-4f383722-00-s2-d10,32,A,1,25,"[45600,-3400,26900,30900]",3,-4.0,1,0,0,0,7,True
2024-2024092905gm-00a9-0000-4f383722-00-s2-d10,32,B,3,67,"[45600,-3400,26900,30900]",3,-4.0,1,0,0,0,7,True
2024-2024092905gm-00a9-0000-4f383722-00-s2-d10,33,A,1,25,"[15700,17700,44500,22100]",1,10.0,1,3,0,0,10,True
2024-2024092905gm-00a9-0000-4f383722-00-s2-d10,33,B,3,67,"[13300,39600,36500,10600]",2,4.0,1,3,2,0,9,True
2024-2024092905gm-00a9-0000-4f383722-00-s2-d10,34,A,1,25,"[13300,30500,26600,28600]",3,-4.0,1,3,1,1,9,True
2024-2024092905gm-00a9-0000-4f383722-00-s2-d10,34,B,3,67,"[26200,27100,7600,38100]",4,-10.0,1,3,0,1,11,True
2024-2024092905gm-00a9-0000-4f383722-00-s2-d10,35,A,1,25,"[17100,18700,35400,28800]",1,10.0,1,3,0,0,10,True
2024-2024092905gm-00a9-0000-4f383722-00-s2-d10,35,B,3,67,"[13700,37500,32700,16100]",2,4.0,1,3,2,0,12,True
2024-2024092905gm-00a9-0000-4f383722-00-s2-d10,36,A,1,25,"[27300,15600,20500,36600]",3,-4.0,1,3,0,0,11,True
2024-2024092905gm-00a9-0000-4f383722-00-s2-d10,36,B,3,67,"[7800,38800,30600,22800]",2,4.0,1,3,1,0,14,True
2024-2024092905gm-00a9-0000-4f383722-00-s2-d10,37,A,1,25,"[18900,28400,33600,19100]",1,10.0,1,3,0,0,11,True
2024-2024092905gm-00a9-0000-4f383722-00-s2-d10,37,B,3,67,"[32100,27100,26100,14700]",3,-4.0,2,0,0,0,12,True
2024-2024092905gm-00a9-0000-4f383722-00-s2-d10,38,A,1,25,"[18200,26600,11500,43700]",4,-10.0,1,3,0,0,10,True
2024-2024092905gm-00a9-0000-4f383722-00-s2-d10,38,B,3,67,"[27500,32400,19000,21100]",4,-10.0,1,3,0,0,13,True
2024-2024092905gm-00a9-0000-4f383722-00-s2-d10,39,A,1,25,"[43600,5100,28900,22400]",2,4.0,1,3,0,0,9,True
2024-2024092905gm-00a9-0000-4f383722-00-s2-d10,39,B,3,67,"[43600,5100,28900,22400]",2,4.0,1,3,0,0,9,True
2024-2024092905gm-00a9-0000-4f383722-00-s2-d10,40,A,1,25,"[30300,25800,18600,25300]",4,-10.0,1,3,0,0,14,True
2024-2024092905gm-00a9-0000-4f383722-00-s2-d10,40,B,3,67,"[22900,59900,400,16800]",4,-10.0,1,3,0,0,13,True
2024-2024092905gm-00a9-0000-4f383722-00-s2-d10,41,A,1,25,"[21600,7400,28000,43000]",2,4.0,1,3,0,0,12,True
2024-2024092905gm-00a9-0000-4f383722-00-s2-d10,41,B,3,67,"[21600,7400,28000,43000]",2,4.0,1,3,0,0,12,True
2024-2024092905gm-00a9-0000-4f383722-00-s2-d10,42,A,1,25,"[46000,15000,13800,25200]",4,-10.0,1,3,0,0,10,True
2024-2024092905gm-00a9-0000-4f383722-00-s2-d10,42,B,3,67,"[46000,15000,13800,25200]",4,-10.0,1,3,0,0,10,True
2024-2024092905gm-00a9-0000-4f383722-00-s2-d10,43,A,1,25,"[49500,-2200,14700,38000]",3,-4.0,1,3,0,0,10,True
2024-2024092905gm-00a9-0000-4f383722-00-s2-d10,43,B,3,67,"[31000,1700,17200,50100]",3,-4.0,1,3,0,0,10,True
2024-2024092905gm-00a9-0000-4f383722-00-s2-d10,44,A,1,25,"[13600,21800,50600,14000]",1,10.0,1,3,1,0,13,True
2024-2024092905gm-00a9-0000-4f383722-00-s2-d10,44,B,3,67,"[13600,21800,50600,14000]",1,10.0,1,3,1,0,13,True
2024-2024092905gm-00a9-0000-4f383722-00-s2-d10,45,A,1,25,"[40600,6200,15900,37300]",3,-4.0,1,3,0,0,12,True
2024-2024092905gm-00a9-0000-4f383722-00-s2-d10,45,B,3,67,"[40600,6200,15900,37300]",3,-4.0,1,3,0,0,12,True
2024-2024092905gm-00a9-0000-4f383722-00-s2-d10,46,A,1,25,"[3300,42600,18900,35200]",3,-4.0,1,3,0,0,13,True
2024-2024092905gm-00a9-0000-4f383722-00-s2-d10,46,B,3,67,"[3300,42600,18900,35200]",3,-4.0,1,3,0,0,13,True
2024-2024092905gm-00a9-0000-4f383722-00-s2-d10,47,A,1,25,"[22500,33600,22300,21600]",3,-4.0,1,3,1,0,10,True
2024-2024092905gm-00a9-0000-4f383722-00-s2-d10,47,B,3,67,"[22500,33600,22300,21600]",3,-4.0,1,3,1,0,10,True
2024-2024092905gm-00a9-0000-4f383722-00-s2-d10,48,A,1,25,"[30200,26400,-2300,45700]",4,-10.0,1,3,0,0,12,True
2024-2024092905gm-00a9-0000-4f383722-00-s2-d10,48,B,3,67,"[31300,-100,37200,31600]",1,10.0,0,3,1,0,6,True
2024-2024092905gm-00a9-0000-4f383722-00-s2-d10,49,A,1,25,"[52100,2300,16400,29200]",3,-4.0,1,3,0,0,12,True
2024-2024092905gm-00a9-0000-4f383722-00-s2-d10,49,B,3,67,"[52100,2300,16400,29200]",3,-4.0,1,3,0,0,12,True
2024-2024092905gm-00a9-0000-4f383722-00-s2-d10,50,A,1,25,"[29000,12200,26500,32300]",3,-4.0,1,3,0,0,10,True
2024-2024092905gm-00a9-0000-4f383722-00-s2-d10,50,B,3,67,"[45800,17400,25900,10900]",2,4.0,1,3,0,0,10,True
2024-2024092905gm-00a9-0000-4f383722-00-s2-d10,51,A,1,25,"[47900,18900,34300,-1100]",2,4.0,1,1,0,0,9,True
2024-2024092905gm-00a9-0000-4f383722-00-s2-d10,51,B,3,67,"[47900,18900,34300,-1100]",2,4.0,1,1,0,0,9,True
2024-2024092905gm-00a9-0000-4f383722-00-s2-d10,52,A,1,25,"[21600,42200,-3400,39600]",4,-10.0,1,3,0,0,12,True
2024-2024092905gm-00a9-0000-4f383722-00-s2-d10,52,B,3,67,"[30300,34200,2700,32800]",4,-10.0,1,3,0,0,12,True
2024-2024092905gm-00a9-0000-4f383722-00-s2-d10,53,A,1,25,"[10900,29700,43200,16200]",1,10.0,1,3,1,0,10,True
2024-2024092905gm-00a9-0000-4f383722-00-s2-d10,53,B,3,67,"[39500,37400,11700,11400]",3,-4.0,1,3,1,0,11,True
2024-2024092905gm-00a9-0000-4f383722-00-s2-d10,54,A,1,25,"[34000,61600,-1400,5800]",4,-10.0,1,1,0,0,9,True
2024-2024092905gm-00a9-0000-4f383722-00-s2-d10,54,B,3,67,"[30000,60900,-2800,11900]",4,-10.0,1,1,0,0,9,True
2024-2024092905gm-00a9-0000-4f383722-00-s2-d10,55,A,1,25,"[40600,11400,20500,27500]",3,-4.0,1,3,0,0,12,True
2024-2024092905gm-00a9-0000-4f383722-00-s2-d10,55,B,3,67,"[50600,10700,17900,19800]",3,-4.0,1,3,0,1,11,True
2024-2024092905gm-00a9-0000-4f383722-00-s2-d10,56,A,1,25,"[29000,17100,34800,19100]",1,10.0,1,3,0,0,9,True
2024-2024092905gm-00a9-0000-4f383722-00-s2-d10,56,B,3,67,"[29000,17100,34800,19100]",1,10.0,1,3,0,0,9,True
2024-2024092905gm-00a9-0000-4f383722-00-s2-d10,57,A,1,25,"[32700,20200,18900,28200]",4,-10.0,1,3,0,0,10,True
2024-2024092905gm-00a9-0000-4f383722-00-s2-d10,57,B,3,67,"[32700,20200,18900,28200]",4,-10.0,1,3,0,0,10,True
2024-2024092905gm-00a9-0000-4f383722-00-s2-d10,58,A,1,25,"[15700,24500,32100,27700]",1,10.0,2,2,2,0,15,True
2024-2024092905gm-00a9-0000-4f383722-00-s2-d10,58,B,3,67,"[30800,9800,34900,24500]",1,10.0,1,3,0,0,15,True
2024-2024092905gm-00a9-0000-4f383722-00-s2-d10,59,A,1,25,"[8300,29500,26500,35700]",3,-4.0,1,3,0,0,9,True
2024-2024092905gm-00a9-0000-4f383722-00-s2-d10,59,B,3,67,"[8300,29500,26500,35700]",3,-4.0,1,3,0,0,9,True
2024-2024092905gm-00a9-0000-4f383722-00-s2-d10,60,A,1,25,"[13100,18700,31800,35400]",2,4.0,1,3,0,1,10,True
2024-2024092905gm-00a9-0000-4f383722-00-s2-d10,60,B,3,67,"[8200,28500,34600,28700]",1,10.0,1,3,0,0,11,True
2024-2024092905gm-00a9-0000-4f383722-00-s2-d10,61,A,1,25,"[29700,14400,33800,22100]",1,10.0,1,3,4,0,12,True
2024-2024092905gm-00a9-0000-4f383722-00-s2-d10,61,B,3,67,"[42700,17700,23900,15700]",2,4.0,1,3,0,0,14,True
2024-2024092905gm-00a9-0000-4f383722-00-s2-d10,62,A,1,25,"[23200,40400,14200,22200]",4,-10.0,1,3,0,0,11,True
2024-2024092905gm-00a9-0000-4f383722-00-s2-d10,62,B,3,67,"[23200,40400,14200,22200]",4,-10.0,1,3,0,0,11,True
2024-2024092905gm-00a9-0000-4f383722-00-s2-d10,63,A,1,25,"[28100,26700,34900,10300]",1,10.0,1,3,1,0,14,True
2024-2024092905gm-00a9-0000-4f383722-00-s2-d10,63,B,3,67,"[24600,15500,35100,24800]",1,10.0,1,3,0,0,11,True
2024-2024092905gm-00a9-0000-4f383722-00-s2-d10,64,A,1,25,"[39600,6800,36800,16800]",2,4.0,1,3,0,0,11,True
2024-2024092905gm-00a9-0000-4f383722-00-s2-d10,64,B,3,67,"[23700,18600,23600,34100]",3,-4.0,1,3,0,0,11,True
2024-2024092905gm-00a9-0000-4f383722-00-s2-d10,65,A,1,25,"[44900,35300,6100,12700]",4,-10.0,1,3,1,1,15,True
2024-2024092905gm-00a9-0000-4f383722-00-s2-d10,65,B,3,67,"[21000,40800,11000,27200]",4,-10.0,1,3,0,0,13,True
2024-2024092905gm-00a9-0000-4f383722-00-s2-d10,66,A,1,25,"[34300,18800,53200,-6300]",1,10.0,1,0,1,0,8,True
2024-2024092905gm-00a9-0000-4f383722-00-s2-d10,66,B,3,67,"[34300,18800,53200,-6300]",1,10.0,1,0,1,0,8,True
2024-2024092905gm-00a9-0000-4f383722-00-s2-d10,67,A,1,25,"[41400,32000,12600,14000]",4,-10.0,1,3,0,0,9,True
2024-2024092905gm-00a9-0000-4f383722-00-s2-d10,67,B,3,67,"[41400,32000,12600,14000]",4,-10.0,1,3,0,0,9,True
2024-2024092905gm-00a9-0000-4f383722-00-s2-d10,68,A,1,25,"[16400,28300,21400,33900]",3,-4.0,1,3,0,0,12,True
2024-2024092905gm-00a9-0000-4f383722-00-s2-d10,68,B,3,67,"[16400,28300,21400,33900]",3,-4.0,1,3,0,0,12,True
2024-2024092905gm-00a9-0000-4f383722-00-s2-d10,69,A,1,25,"[17600,41100,42000,-700]",1,10.0,1,2,0,0,9,True
2024-2024092905gm-00a9-0000-4f383722-00-s2-d10,69,B,3,67,"[17600,41100,42000,-700]",1,10.0,1,2,0,0,9,True
2024-2024092905gm-00a9-0000-4f383722-00-s2-d10,70,A,1,25,"[34800,27200,12400,25600]",4,-10.0,1,3,1,0,10,True
2024-2024092905gm-00a9-0000-4f383722-00-s2-d10,70,B,3,67,"[34800,27200,12400,25600]",4,-10.0,1,3,1,0,10,True
2024-2024092905gm-00a9-0000-4f383722-00-s2-d10,71,A,1,25,"[34400,24100,32400,9100]",2,4.0,1,3,0,0,10,True
2024-2024092905gm-00a9-0000-4f383722-00-s2-d10,71,B,3,67,"[34400,24100,32400,9100]",2,4.0,1,3,0,0,10,True
2024-2024092905gm-00a9-0000-4f383722-00-s2-d10,72,A,1,25,"[40900,37200,14600,7300]",3,-4.0,1,3,0,0,13,True
2024-2024092905gm-00a9-0000-4f383722-00-s2-d10,72,B,3,67,"[40900,37200,14600,7300]",3,-4.0,1,3,0,0,13,True
2024-2024092905gm-00a9-0000-4f383722-00-s2-d10,73,A,1,25,"[-3200,20000,40200,43000]",2,4.0,1,3,0,0,11,True
2024-2024092905gm-00a9-0000-4f383722-00-s2-d10,73,B,3,67,"[-3200,20000,40200,43000]",2,4.0,1,3,0,0,11,True
2024-2024092905gm-00a9-0000-4f383722-00-s2-d10,74,A,1,25,"[16400,37500,29800,16300]",2,4.0,1,3,0,0,10,True
2024-2024092905gm-00a9-0000-4f383722-00-s2-d10,74,B,3,67,"[16400,37500,29800,16300]",2,4.0,1,3,0,0,10,True
2024-2024092905gm-00a9-0000-4f383722-00-s2-d10,75,A,1,25,"[32000,27400,4200,36400]",4,-10.0,1,3,0,0,13,True
2024-2024092905gm-00a9-0000-4f383722-00-s2-d10,75,B,3,67,"[32000,27400,4200,36400]",4,-10.0,1,3,0,0,13,True
2024-2024092905gm-00a9-0000-4f383722-00-s2-d10,76,A,1,25,"[23800,37800,24600,13800]",2,4.0,1,3,0,0,10,True
2024-2024092905gm-00a9-0000-4f383722-00-s2-d10,76,B,3,67,"[45000,16800,34200,4000]",2,4.0,1,3,0,0,10,True
2024-2024092905gm-00a9-0000-4f383722-00-s2-d10,77,A,1,25,"[45200,9900,32500,12400]",2,4.0,1,3,3,0,14,True
2024-2024092905gm-00a9-0000-4f383722-00-s2-d10,77,B,3,67,"[8000,38500,37700,15800]",2,4.0,1,3,0,0,10,True
2024-2024092905gm-00a9-0000-4f383722-00-s2-d10,78,A,1,25,"[36800,9900,14300,39000]",3,-4.0,1,3,0,0,10,True
2024-2024092905gm-00a9-0000-4f383722-00-s2-d10,78,B,3,67,"[41600,-600,35200,23800]",2,4.0,1,3,1,0,11,True
2024-2024092905gm-00a9-0000-4f383722-00-s2-d10,79,A,1,25,"[35700,3100,28100,33100]",3,-4.0,1,3,2,0,11,True
2024-2024092905gm-00a9-0000-4f383722-00-s2-d10,79,B,3,67,"[21500,7300,31600,39600]",2,4.0,1,3,0,0,11,True
2024-2024092905gm-00a9-0000-4f383722-00-s2-d10,80,A,1,25,"[36500,37500,27300,-1300]",3,-4.0,1,0,1,0,9,True
2024-2024092905gm-00a9-0000-4f383722-00-s2-d10,80,B,3,67,"[36500,37500,27300,-1300]",3,-4.0,1,0,1,0,9,True
2024-2024092905gm-00a9-0000-4f383722-00-s2-d10,81,A,1,25,"[27300,15900,31400,25400]",1,10.0,1,3,2,0,16,True
2024-2024092905gm-00a9-0000-4f383722-00-s2-d10,81,B,3,67,"[27300,15900,31400,25400]",1,10.0,1,3,2,0,16,True
2024-2024092905gm-00a9-0000-4f383722-00-s2-d10,82,A,1,25,"[8300,19600,38000,34100]",1,10.0,1,3,0,0,8,True
2024-2024092905gm-00a9-0000-4f383722-00-s2-d10,82,B,3,67,"[6800,18100,40500,34600]",1,10.0,1,3,0,0,8,True
2024-2024092905gm-00a9-0000-4f383722-00-s2-d10,83,A,1,25,"[24800,28500,32400,14300]",1,10.0,1,3,1,0,13,True
2024-2024092905gm-00a9-0000-4f383722-00-s2-d10,83,B,3,67,"[24800,28500,32400,14300]",1,10.0,1,3,1,0,13,True
2024-2024092905gm-00a9-0000-4f383722-00-s2-d10,84,A,1,25,"[26800,27900,41900,3400]",1,10.0,1,3,0,0,11,True
2024-2024092905gm-00a9-0000-4f383722-00-s2-d10,84,B,3,67,"[35600,29200,32600,2600]",2,4.0,1,3,0,0,10,True
2024-2024092905gm-00a9-0000-4f383722-00-s2-d10,85,A,1,25,"[42700,-5100,21400,41000]",3,-4.0,1,1,0,0,8,True
2024-2024092905gm-00a9-0000-4f383722-00-s2-d10,85,B,3,67,"[15500,18100,42600,23800]",1,10.0,1,3,1,0,9,True
2024-2024092905gm-00a9-0000-4f383722-00-s2-d10,86,A,1,25,"[18900,29900,16900,34300]",4,-10.0,1,3,0,0,10,True
2024-2024092905gm-00a9-0000-4f383722-00-s2-d10,86,B,3,67,"[18900,29900,16900,34300]",4,-10.0,1,3,0,0,10,True
2024-2024092905gm-00a9-0000-4f383722-00-s2-d10,87,A,1,25,"[30000,7100,26800,36100]",3,-4.0,1,3,1,0,10,True
2024-2024092905gm-00a9-0000-4f383722-00-s2-d10,87,B,3,67,"[30000,7100,26800,36100]",3,-4.0,1,3,1,0,10,True
2024-2024092905gm-00a9-0000-4f383722-00-s2-d10,88,A,1,25,"[35800,18400,31200,14600]",2,4.0,1,3,0,0,10,True
2024-2024092905gm-00a9-0000-4f383722-00-s2-d10,88,B,3,67,"[35800,18400,31200,14600]",2,4.0,1,3,0,0,10,True
2024-2024092905gm-00a9-0000-4f383722-00-s2-d10,89,A,1,25,"[30200,20900,13400,35500]",4,-10.0,1,3,0,0,11,True
2024-2024092905gm-00a9-0000-4f383722-00-s2-d10,89,B,3,67,"[30200,20900,13400,35500]",4,-10.0,1,3,0,0,11,True
2024-2024092905gm-00a9-0000-4f383722-00-s2-d10,90,A,1,25,"[23000,15300,29400,32300]",2,4.0,1,3,0,0,12,True
2024-2024092905gm-00a9-0000-4f383722-00-s2-d10,90,B,3,67,"[23000,15300,29400,32300]",2,4.0,1,3,0,0,12,True
2024-2024092905gm-00a9-0000-4f383722-00-s2-d10,91,A,1,25,"[20700,42700,21500,15100]",2,4.0,1,3,1,0,12,True
2024-2024092905gm-00a9-0000-4f383722-00-s2-d10,91,B,3,67,"[9900,28100,45900,16100]",1,10.0,1,3,0,0,10,True
2024-2024092905gm-00a9-0000-4f383722-00-s2-d10,92,A,1,25,"[22900,30800,18600,27700]",4,-10.0,2,0,0,0,14,True
2024-2024092905gm-00a9-0000-4f383722-00-s2-d10,92,B,3,67,"[22900,30800,18600,27700]",4,-10.0,2,0,0,0,14,True
2024-2024092905gm-00a9-0000-4f383722-00-s2-d10,93,A,1,25,"[30500,19400,22800,27300]",3,-4.0,1,3,0,0,9,True
2024-2024092905gm-00a9-0000-4f383722-00-s2-d10,93,B,3,67,"[400,21900,40800,36900]",1,10.0,1,3,0,0,9,True
2024-2024092905gm-00a9-0000-4f383722-00-s2-d10,94,A,1,25,"[17700,10100,47000,25200]",1,10.0,1,3,2,0,9,True
2024-2024092905gm-00a9-0000-4f383722-00-s2-d10,94,B,3,67,"[17700,10100,47000,25200]",1,10.0,1,3,2,0,9,True
2024-2024092905gm-00a9-0000-4f383722-00-s2-d10,95,A,1,25,"[28400,14500,24400,32700]",3,-4.0,1,3,0,0,9,True
2024-2024092905gm-00a9-0000-4f383722-00-s2-d10,95,B,3,67,"[28400,14500,24400,32700]",3,-4.0,1,3,0,0,9,True
2024-2024092905gm-00a9-0000-4f383722-00-s2-d10,96,A,1,25,"[29900,33000,36500,600]",1,10.0,1,3,1,0,11,True
2024-2024092905gm-00a9-0000-4f383722-00-s2-d10,96,B,3,67,"[16900,18700,30800,33600]",2,4.0,1,3,0,0,9,True
2024-2024092905gm-00a9-0000-4f383722-00-s2-d10,97,A,1,25,"[39700,-200,27200,33300]",3,-4.0,1,2,0,0,8,True
2024-2024092905gm-00a9-0000-4f383722-00-s2-d10,97,B,3,67,"[39700,-200,27200,33300]",3,-4.0,1,2,0,0,8,True
2024-2024092905gm-00a9-0000-4f383722-00-s2-d10,98,A,1,25,"[7500,19100,30400,43000]",2,4.0,1,3,0,0,12,True
2024-2024092905gm-00a9-0000-4f383722-00-s2-d10,98,B,3,67,"[5100,23400,30900,40600]",2,4.0,1,3,0,0,11,True
2024-2024092905gm-00a9-0000-4f383722-00-s2-d10,99,A,1,25,"[15400,25300,39300,20000]",1,10.0,1,3,0,0,11,True
2024-2024092905gm-00a9-0000-4f383722-00-s2-d10,99,B,3,67,"[15400,25300,39300,20000]",1,10.0,1,3,0,0,11,True
2024-2024092905gm-00a9-0000-4f383722-00-s2-d10,100,A,1,25,"[38900,12400,31500,17200]",2,4.0,1,3,0,0,10,True
2024-2024092905gm-00a9-0000-4f383722-00-s2-d10,100,B,3,67,"[25400,51900,3600,19100]",4,-10.0,1,3,1,0,11,True
2024-2024092905gm-00a9-0000-4f383722-00-s2-d10,101,A,1,25,"[56100,21600,17200,5100]",3,-4.0,1,3,1,0,13,True
2024-2024092905gm-00a9-0000-4f383722-00-s2-d10,101,B,3,67,"[56100,21600,17200,5100]",3,-4.0,1,3,1,0,13,True
2024-2024092905gm-00a9-0000-4f383722-00-s2-d10,102,A,1,25,"[28800,11500,19100,40600]",3,-4.0,1,3,0,0,11,True
2024-2024092905gm-00a9-0000-4f383722-00-s2-d10,102,B,3,67,"[28800,11500,19100,40600]",3,-4.0,1,3,0,0,11,True
2024-2024092905gm-00a9-0000-4f383722-00-s2-d10,103,A,1,25,"[14800,32400,19100,33700]",3,-4.0,1,3,0,0,10,True
2024-2024092905gm-00a9-0000-4f383722-00-s2-d10,103,B,3,67,"[14800,32400,19100,33700]",3,-4.0,1,3,0,0,10,True
2024-2024092905gm-00a9-0000-4f383722-00-s2-d10,104,A,1,25,"[22800,20300,22000,34900]",3,-4.0,1,3,0,0,11,True
2024-2024092905gm-00a9-0000-4f383722-00-s2-d10,104,B,3,67,"[43300,13500,35800,7400]",2,4.0,1,3,0,0,12,True
2024-2024092905gm-00a9-0000-4f383722-00-s2-d10,105,A,1,25,"[36200,16900,26600,20300]",2,4.0,1,3,0,0,10,True
2024-2024092905gm-00a9-0000-4f383722-00-s2-d10,105,B,3,67,"[36200,16900,26600,20300]",2,4.0,1,3,0,0,10,True
2024-2024092905gm-00a9-0000-4f383722-00-s2-d10,106,A,1,25,"[34700,3600,25700,36000]",3,-4.0,1,3,0,0,12,True
2024-2024092905gm-00a9-0000-4f383722-00-s2-d10,106,B,3,67,"[34700,3600,25700,36000]",3,-4.0,1,3,0,0,12,True
2024-2024092905gm-00a9-0000-4f383722-00-s2-d10,107,A,1,25,"[14400,21200,47800,16600]",1,10.0,1,3,1,0,10,True
2024-2024092905gm-00a9-0000-4f383722-00-s2-d10,107,B,3,67,"[14400,21200,47800,16600]",1,10.0,1,3,1,0,10,True
2024-2024092905gm-00a9-0000-4f383722-00-s2-d10,108,A,1,25,"[54300,31200,11800,1700]",3,-4.0,1,3,1,1,13,True
2024-2024092905gm-00a9-0000-4f383722-00-s2-d10,108,B,3,67,"[54300,31200,11800,1700]",3,-4.0,1,3,1,1,13,True
2024-2024092905gm-00a9-0000-4f383722-00-s2-d10,109,A,1,25,"[-2800,36000,37600,29200]",1,10.0,1,3,0,0,10,True
2024-2024092905gm-00a9-0000-4f383722-00-s2-d10,109,B,3,67,"[-2800,36000,37600,29200]",1,10.0,1,3,0,0,10,True
2024-2024092905gm-00a9-0000-4f383722-00-s2-d10,110,A,1,25,"[25400,22600,20300,31700]",4,-10.0,2,0,1,0,12,True
2024-2024092905gm-00a9-0000-4f383722-00-s2-d10,110,B,3,67,"[25400,22600,20300,31700]",4,-10.0,2,0,1,0,12,True
2024-2024092905gm-00a9-0000-4f383722-00-s2-d10,111,A,1,25,"[27800,27000,31100,14100]",1,10.0,1,3,0,0,10,True
2024-2024092905gm-00a9-0000-4f383722-00-s2-d10,111,B,3,67,"[27800,27000,31100,14100]",1,10.0,1,3,0,0,10,True
2024-2024092905gm-00a9-0000-4f383722-00-s2-d10,112,A,1,25,"[23600,11000,21500,43900]",3,-4.0,1,3,0,0,13,True
2024-2024092905gm-00a9-0000-4f383722-00-s2-d10,112,B,3,67,"[23600,11000,21500,43900]",3,-4.0,1,3,0,0,13,True
2024-2024092905gm-00a9-0000-4f383722-00-s2-d10,113,A,1,25,"[29100,33800,39500,-2400]",1,10.0,1,2,2,0,9,True
2024-2024092905gm-00a9-0000-4f383722-00-s2-d10,113,B,3,67,"[51500,-7000,18800,36700]",3,-4.0,1,0,2,0,9,True
2024-2024092905gm-00a9-0000-4f383722-00-s2-d10,114,A,1,25,"[39000,27700,36300,-3000]",2,4.0,1,3,0,0,9,True
2024-2024092905gm-00a9-0000-4f383722-00-s2-d10,114,B,3,67,"[52900,22400,8700,16000]",4,-10.0,1,3,1,0,12,True
2024-2024092905gm-00a9-0000-4f383722-00-s2-d10,115,A,1,25,"[8000,34300,26700,31000]",3,-4.0,1,3,0,0,10,True
2024-2024092905gm-00a9-0000-4f383722-00-s2-d10,115,B,3,67,"[35300,23800,4900,35000]",4,-10.0,1,3,1,1,12,True
2024-2024092905gm-00a9-0000-4f383722-00-s2-d10,116,A,1,25,"[12800,32400,23700,31100]",3,-4.0,1,3,0,0,10,True
2024-2024092905gm-00a9-0000-4f383722-00-s2-d10,116,B,3,67,"[12800,32400,23700,31100]",3,-4.0,1,3,0,0,10,True
2024-2024092905gm-00a9-0000-4f383722-00-s2-d10,117,A,1,25,"[26000,4500,33800,35700]",2,4.0,1,3,0,0,12,True
2024-2024092905gm-00a9-0000-4f383722-00-s2-d10,117,B,3,67,"[43500,-1700,20200,38000]",3,-4.0,1,3,0,0,13,True
2024-2024092905gm-00a9-0000-4f383722-00-s2-d10,118,A,1,25,"[21300,42800,24600,11300]",2,4.0,1,3,0,0,10,True
2024-2024092905gm-00a9-0000-4f383722-00-s2-d10,118,B,3,67,"[21300,42800,24600,11300]",2,4.0,1,3,0,0,10,True
2024-2024092905gm-00a9-0000-4f383722-00-s2-d10,119,A,1,25,"[25900,22500,25900,23700]",2,4.0,2,3,2,2,16,True
2024-2024092905gm-00a9-0000-4f383722-00-s2-d10,119,B,3,67,"[14900,25200,21600,38300]",3,-4.0,1,3,0,0,10,True
2024-2024092905gm-00a9-0000-4f383722-00-s2-d10,120,A,1,25,"[-3200,48700,19300,35200]",3,-4.0,1,3,1,0,13,True
2024-2024092905gm-00a9-0000-4f383722-00-s2-d10,120,B,3,67,"[41100,35300,23700,-100]",3,-4.0,1,1,1,0,9,True
2024-2024092905gm-00a9-0000-4f383722-00-s2-d10,121,A,1,25,"[2300,68000,-2200,31900]",4,-10.0,1,3,0,0,12,True
2024-2024092905gm-00a9-0000-4f383722-00-s2-d10,121,B,3,67,"[44000,-700,28400,28300]",2,4.0,0,1,0,0,3,True
2024-2024092905gm-00a9-0000-4f383722-00-s2-d10,122,A,1,25,"[24900,20500,37500,17100]",1,10.0,1,3,3,0,16,True
2024-2024092905gm-00a9-0000-4f383722-00-s2-d10,122,B,3,67,"[24900,20500,37500,17100]",1,10.0,1,3,3,0,16,True
2024-2024092905gm-00a9-0000-4f383722-00-s2-d10,123,A,1,25,"[10500,42000,9100,38400]",4,-10.0,1,3,0,0,10,True
2024-2024092905gm-00a9-0000-4f383722-00-s2-d10,123,B,3,67,"[10500,42000,9100,38400]",4,-10.0,1,3,0,0,10,True
2024-2024092905gm-00a9-0000-4f383722-00-s2-d10,124,A,1,25,"[32300,33600,14500,18600]",4,-10.0,1,3,0,1,10,True
2024-2024092905gm-00a9-0000-4f383722-00-s2-d10,124,B,3,67,"[24200,49700,7100,19000]",4,-10.0,1,3,0,0,11,True
2024-2024092905gm-00a9-0000-4f383722-00-s2-d10,125,A,1,25,"[8900,35500,18800,36800]",3,-4.0,1,3,0,0,8,True
2024-2024092905gm-00a9-0000-4f383722-00-s2-d10,125,B,3,67,"[6700,20400,30000,42900]",2,4.0,1,3,0,0,10,True
2024-2024092905gm-00a9-0000-4f383722-00-s2-d10,126,A,1,25,"[40900,44400,17600,-2900]",3,-4.0,1,0,1,0,7,True
2024-2024092905gm-00a9-0000-4f383722-00-s2-d10,126,B,3,67,"[42200,18100,-5200,44900]",4,-10.0,0,2,0,0,7,True
2024-2024092905gm-00a9-0000-4f383722-00-s2-d10,127,A,1,25,"[25700,6800,25400,42100]",3,-4.0,1,3,0,0,10,True
2024-2024092905gm-00a9-0000-4f383722-00-s2-d10,127,B,3,67,"[25700,6800,25400,42100]",3,-4.0,1,3,0,0,10,True
2024-2024092905gm-00a9-0000-4f383722-00-s2-d10,128,A,1,25,"[24500,12100,37100,26300]",1,10.0,1,3,0,0,12,True
2024-2024092905gm-00a9-0000-4f383722-00-s2-d10,128,B,3,67,"[500,37700,36500,25300]",2,4.0,1,3,1,0,11,True
2024-2024092905gm-00a9-0000-4f383722-00-s2-d10,129,A,1,25,"[23500,21200,21700,33600]",3,-4.0,2,0,0,0,11,True
2024-2024092905gm-00a9-0000-4f383722-00-s2-d10,129,B,3,67,"[36300,9200,22100,32400]",3,-4.0,1,3,0,0,10,True
2024-2024092905gm-00a9-0000-4f383722-00-s2-d10,130,A,1,25,"[25800,39200,18000,17000]",3,-4.0,1,3,1,0,12,True
2024-2024092905gm-00a9-0000-4f383722-00-s2-d10,130,B,3,67,"[16900,70600,12000,500]",3,-4.0,1,3,0,0,10,True
2024-2024092905gm-00a9-0000-4f383722-00-s2-d10,131,A,1,25,"[23200,33000,23800,20000]",2,4.0,1,3,0,0,9,True
2024-2024092905gm-00a9-0000-4f383722-00-s2-d10,131,B,3,67,"[15500,25800,19800,38900]",3,-4.0,1,3,0,0,9,True
2024-2024092905gm-00a9-0000-4f383722-00-s2-d10,132,A,1,25,"[15800,23700,33700,26800]",1,10.0,1,3,0,0,11,True
2024-2024092905gm-00a9-0000-4f383722-00-s2-d10,132,B,3,67,"[25900,31700,18100,24300]",4,-10.0,1,3,0,0,11,True
2024-2024092905gm-00a9-0000-4f383722-00-s2-d10,133,A,1,25,"[15100,37700,15000,32200]",4,-10.0,1,3,0,0,12,True
2024-2024092905gm-00a9-0000-4f383722-00-s2-d10,133,B,3,67,"[15100,37700,15000,32200]",4,-10.0,1,3,0,0,12,True
2024-2024092905gm-00a9-0000-4f383722-00-s2-d10,134,A,1,25,"[48900,10800,27000,13300]",2,4.0,1,3,1,0,11,True
2024-2024092905gm-00a9-0000-4f383722-00-s2-d10,134,B,3,67,"[48900,10800,27000,13300]",2,4.0,1,3,1,0,11,True
2024-2024092905gm-00a9-0000-4f383722-00-s2-d10,135,A,1,25,"[46900,17700,14100,21300]",4,-10.0,1,3,0,0,10,True
2024-2024092905gm-00a9-0000-4f383722-00-s2-d10,135,B,3,67,"[46500,16200,14400,22900]",4,-10.0,1,3,0,0,10,True
2024-2024092905gm-00a9-0000-4f383722-00-s2-d10,136,A,1,25,"[44700,37200,18900,-800]",3,-4.0,1,3,0,0,9,True
2024-2024092905gm-00a9-0000-4f383722-00-s2-d10,136,B,3,67,"[44700,37200,18900,-800]",3,-4.0,1,3,0,0,9,True
2024-2024092905gm-00a9-0000-4f383722-00-s2-d10,137,A,1,25,"[27400,21000,9200,42400]",4,-10.0,1,3,0,0,12,True
2024-2024092905gm-00a9-0000-4f383722-00-s2-d10,137,B,3,67,"[27400,21000,9200,42400]",4,-10.0,1,3,0,0,12,True
2024-2024092905gm-00a9-0000-4f383722-00-s2-d10,138,A,1,25,"[27900,35100,10400,26600]",4,-10.0,1,3,0,0,11,True
2024-2024092905gm-00a9-0000-4f383722-00-s2-d10,138,B,3,67,"[35000,15000,14000,36000]",4,-10.0,1,3,0,0,13,True
2024-2024092905gm-00a9-0000-4f383722-00-s2-d10,139,A,1,25,"[33400,23800,19700,23100]",4,-10.0,1,3,1,0,12,True
2024-2024092905gm-00a9-0000-4f383722-00-s2-d10,139,B,3,67,"[33400,23800,19700,23100]",4,-10.0,1,3,1,0,12,True
2024-2024092905gm-00a9-0000-4f383722-00-s2-d10,140,A,1,25,"[32400,3300,23300,40000]",3,-4.0,1,3,0,1,9,True
2024-2024092905gm-00a9-0000-4f383722-00-s2-d10,140,B,3,67,"[47100,6900,27500,18500]",2,4.0,1,3,0,0,12,True
2024-2024092905gm-00a9-0000-4f383722-00-s2-d10,141,A,1,25,"[34100,-1100,31200,35800]",3,-4.0,1,2,0,0,8,True
2024-2024092905gm-00a9-0000-4f383722-00-s2-d10,141,B,3,67,"[34100,-1100,29900,37100]",3,-4.0,1,2,0,0,8,True
2024-2024092905gm-00a9-0000-4f383722-00-s2-d10,142,A,1,25,"[38600,13200,16500,31700]",3,-4.0,1,3,0,0,10,True
2024-2024092905gm-00a9-0000-4f383722-00-s2-d10,142,B,3,67,"[-100,30000,50700,19400]",1,10.0,1,2,0,0,12,True
2024-2024092905gm-00a9-0000-4f383722-00-s2-d10,143,A,1,25,"[11900,29300,20200,38600]",3,-4.0,1,3,0,0,13,True
2024-2024092905gm-00a9-0000-4f383722-00-s2-d10,143,B,3,67,"[11900,29300,20200,38600]",3,-4.0,1,3,0,0,13,True
2024-2024092905gm-00a9-0000-4f383722-00-s2-d10,144,A,1,25,"[33300,5100,36700,24900]",1,10.0,1,3,0,0,12,True
2024-2024092905gm-00a9-0000-4f383722-00-s2-d10,144,B,3,67,"[26200,-3300,59500,17600]",1,10.0,1,3,1,0,12,True
2024-2024092905gm-00a9-0000-4f383722-00-s2-d10,145,A,1,25,"[54700,-200,22800,22700]",2,4.0,1,3,0,0,13,True
2024-2024092905gm-00a9-0000-4f383722-00-s2-d10,145,B,3,67,"[18600,23900,35200,22300]",1,10.0,1,3,0,0,10,True
2024-2024092905gm-00a9-0000-4f383722-00-s2-d10,146,A,1,25,"[31100,12500,16900,39500]",3,-4.0,1,3,0,0,10,True
2024-2024092905gm-00a9-0000-4f383722-00-s2-d10,146,B,3,67,"[31100,12500,16900,39500]",3,-4.0,1,3,0,0,10,True
2024-2024092905gm-00a9-0000-4f383722-00-s2-d10,147,A,1,25,"[24800,33300,18300,23600]",4,-10.0,1,3,0,0,12,True
2024-2024092905gm-00a9-0000-4f383722-00-s2-d10,147,B,3,67,"[30400,15900,16900,36800]",3,-4.0,1,3,0,0,11,True
2024-2024092905gm-00a9-0000-4f383722-00-s2-d10,148,A,1,25,"[34000,18500,20600,26900]",3,-4.0,1,3,0,0,14,True
2024-2024092905gm-00a9-0000-4f383722-00-s2-d10,148,B,3,67,"[16500,23400,31400,28700]",1,10.0,1,3,1,0,15,True
2024-2024092905gm-00a9-0000-4f383722-00-s2-d10,149,A,1,25,"[23800,37300,25600,13300]",2,4.0,1,3,0,0,14,True
2024-2024092905gm-00a9-0000-4f383722-00-s2-d10,149,B,3,67,"[23800,37300,25600,13300]",2,4.0,1,3,0,0,14,True
2024-2024092905gm-00a9-0000-4f383722-00-s2-d10,150,A,1,25,"[33600,13900,34800,17700]",1,10.0,1,3,0,0,10,True
2024-2024092905gm-00a9-0000-4f383722-00-s2-d10,150,B,3,67,"[28400,-1500,25300,47800]",3,-4.0,1,2,1,0,8,True
2024-2024092905gm-00a9-0000-4f383722-00-s2-d10,151,A,1,25,"[39000,16600,38700,5700]",2,4.0,1,3,2,0,11,True
2024-2024092905gm-00a9-0000-4f383722-00-s2-d10,151,B,3,67,"[21200,38400,9500,30900]",4,-10.0,1,3,2,0,11,True
2024-2024092905gm-00a9-0000-4f383722-00-s2-d10,152,A,1,25,"[49300,24300,7200,19200]",4,-10.0,1,3,0,0,12,True
2024-2024092905gm-00a9-0000-4f383722-00-s2-d10,152,B,3,67,"[27000,14000,17900,40100]",3,-4.0,1,3,0,1,10,True
2024-2024092905gm-00a9-0000-4f383722-00-s2-d10,153,A,1,25,"[14000,25900,19000,41100]",3,-4.0,1,3,0,0,13,True
2024-2024092905gm-00a9-0000-4f383722-00-s2-d10,153,B,3,67,"[25400,21800,21100,31700]",4,-10.0,1,3,0,0,15,True
2024-2024092905gm-00a9-0000-4f383722-00-s2-d10,154,A,1,25,"[44100,10800,24400,20700]",2,4.0,1,3,4,0,13,True
2024-2024092905gm-00a9-0000-4f383722-00-s2-d10,154,B,3,67,"[30300,24300,22800,20600]",3,-4.0,1,3,2,2,12,True
2024-2024092905gm-00a9-0000-4f383722-00-s2-d10,155,A,1,25,"[30200,25100,36200,8500]",1,10.0,1,3,0,0,9,True
2024-2024092905gm-00a9-0000-4f383722-00-s2-d10,155,B,3,67,"[29400,42000,14100,14500]",4,-10.0,1,3,0,0,10,True
2024-2024092905gm-00a9-0000-4f383722-00-s2-d10,156,A,1,25,"[37500,41600,22700,-1800]",3,-4.0,1,3,0,0,11,True
2024-2024092905gm-00a9-0000-4f383722-00-s2-d10,156,B,3,67,"[16800,29300,34500,19400]",1,10.0,1,3,0,0,11,True
2024-2024092905gm-00a9-0000-4f383722-00-s2-d10,157,A,1,25,"[18300,18500,42100,21100]",1,10.0,1,3,1,0,14,True
2024-2024092905gm-00a9-0000-4f383722-00-s2-d10,157,B,3,67,"[3400,15500,50400,30700]",1,10.0,1,3,1,0,12,True
2024-2024092905gm-00a9-0000-4f383722-00-s2-d10,158,A,1,25,"[24300,15600,34000,26100]",1,10.0,1,3,0,0,9,True
2024-2024092905gm-00a9-0000-4f383722-00-s2-d10,158,B,3,67,"[21100,21600,32900,24400]",1,10.0,1,3,0,0,12,True
2024-2024092905gm-00a9-0000-4f383722-00-s2-d10,159,A,1,25,"[28100,39600,21600,10700]",3,-4.0,1,3,0,0,12,True
2024-2024092905gm-00a9-0000-4f383722-00-s2-d10,159,B,3,67,"[28100,39600,21600,10700]",3,-4.0,1,3,0,0,12,True
2024-2024092905gm-00a9-0000-4f383722-00-s2-d10,160,A,1,25,"[27500,11600,26200,34700]",3,-4.0,1,3,0,0,10,True
2024-2024092905gm-00a9-0000-4f383722-00-s2-d10,160,B,3,67,"[24300,11900,23200,40600]",3,-4.0,1,3,1,0,10,True
2024-2024092905gm-00a9-0000-4f383722-00-s2-d10,161,A,1,25,"[23200,49300,-4100,31600]",4,-10.0,1,1,0,0,7,True
2024-2024092905gm-00a9-0000-4f383722-00-s2-d10,161,B,3,67,"[25900,34000,8300,31800]",4,-10.0,1,3,0,0,9,True
2024-2024092905gm-00a9-0000-4f383722-00-s2-d10,162,A,1,25,"[22800,10100,20300,46800]",3,-4.0,1,3,0,0,11,True
2024-2024092905gm-00a9-0000-4f383722-00-s2-d10,162,B,3,67,"[19600,18200,19400,42800]",3,-4.0,1,3,0,0,11,True
2024-2024092905gm-00a9-0000-4f383722-00-s2-d10,163,A,1,25,"[34200,11500,40700,13600]",1,10.0,1,3,0,0,13,True
2024-2024092905gm-00a9-0000-4f383722-00-s2-d10,163,B,3,67,"[34200,11500,40700,13600]",1,10.0,1,3,0,0,13,True
2024-2024092905gm-00a9-0000-4f383722-00-s2-d10,164,A,1,25,"[19000,29800,18900,32300]",4,-10.0,1,3,0,0,11,True
2024-2024092905gm-00a9-0000-4f383722-00-s2-d10,164,B,3,67,"[28600,37100,11200,23100]",4,-10.0,1,3,0,0,13,True
2024-2024092905gm-00a9-0000-4f383722-00-s2-d10,165,A,1,25,"[22300,24200,21900,30600]",4,-10.0,1,3,0,1,10,True
2024-2024092905gm-00a9-0000-4f383722-00-s2-d10,165,B,3,67,"[22300,24200,21900,30600]",4,-10.0,1,3,0,1,10,True
2024-2024092905gm-00a9-0000-4f383722-00-s2-d10,166,A,1,25,"[43300,38700,15200,2800]",3,-4.0,1,3,0,0,10,True
2024-2024092905gm-00a9-0000-4f383722-00-s2-d10,166,B,3,67,"[43300,38700,15200,2800]",3,-4.0,1,3,0,0,10,True
2024-2024092905gm-00a9-0000-4f383722-00-s2-d10,167,A,1,25,"[30400,-200,43700,26100]",1,10.0,1,2,1,0,12,True
2024-2024092905gm-00a9-0000-4f383722-00-s2-d10,167,B,3,67,"[30400,-200,43700,26100]",1,10.0,1,2,1,0,12,True
2024-2024092905gm-00a9-0000-4f383722-00-s2-d10,168,A,1,25,"[-2800,50000,19600,33200]",3,-4.0,1,1,0,0,7,True
2024-2024092905gm-00a9-0000-4f383722-00-s2-d10,168,B,3,67,"[-2800,50000,19600,33200]",3,-4.0,1,1,0,0,7,True
2024-2024092905gm-00a9-0000-4f383722-00-s2-d10,169,A,1,25,"[26200,13400,37500,22900]",1,10.0,1,3,3,0,12,True
2024-2024092905gm-00a9-0000-4f383722-00-s2-d10,169,B,3,67,"[26200,13400,37500,22900]",1,10.0,1,3,3,0,12,True
2024-2024092905gm-00a9-0000-4f383722-00-s2-d10,170,A,1,25,"[28200,15300,20100,36400]",3,-4.0,1,3,0,0,11,True
2024-2024092905gm-00a9-0000-4f383722-00-s2-d10,170,B,3,67,"[18000,25100,20400,36500]",3,-4.0,1,3,0,0,11,True
2024-2024092905gm-00a9-0000-4f383722-00-s2-d10,171,A,1,25,"[51000,17900,21900,9200]",2,4.0,1,3,0,0,12,True
2024-2024092905gm-00a9-0000-4f383722-00-s2-d10,171,B,3,67,"[51000,17900,21900,9200]",2,4.0,1,3,0,0,12,True
2024-2024092905gm-00a9-0000-4f383722-00-s2-d10,172,A,1,25,"[33000,19600,46900,500]",1,10.0,1,3,0,0,14,True
2024-2024092905gm-00a9-0000-4f383722-00-s2-d10,172,B,3,67,"[31800,4000,26900,37300]",3,-4.0,1,3,0,0,11,True
2024-2024092905gm-00a9-0000-4f383722-00-s2-d10,173,A,1,25,"[36000,34300,-6800,36500]",4,-10.0,1,3,0,0,12,True
2024-2024092905gm-00a9-0000-4f383722-00-s2-d10,173,B,3,67,"[36000,34300,-6800,36500]",4,-10.0,1,3,0,0,12,True
2024-2024092905gm-00a9-0000-4f383722-00-s2-d10,174,A,1,25,"[7100,29200,500,63200]",4,-10.0,1,3,0,0,12,True
2024-2024092905gm-00a9-0000-4f383722-00-s2-d10,174,B,3,67,"[7100,29200,500,63200]",4,-10.0,1,3,0,0,12,True
2024-2024092905gm-00a9-0000-4f383722-00-s2-d10,175,A,1,25,"[29800,45000,10700,14500]",4,-10.0,1,3,2,0,14,True
2024-2024092905gm-00a9-0000-4f383722-00-s2-d10,175,B,3,67,"[29800,45000,10700,14500]",4,-10.0,1,3,2,0,14,True
2024-2024092905gm-00a9-0000-4f383722-00-s2-d10,176,A,1,25,"[26000,-800,29200,45600]",2,4.0,0,3,2,0,5,True
2024-2024092905gm-00a9-0000-4f383722-00-s2-d10,176,B,3,67,"[26000,-800,29200,45600]",2,4.0,0,3,2,0,5,True
2024-2024092905gm-00a9-0000-4f383722-00-s2-d10,177,A,1,25,"[27300,32100,14300,26300]",4,-10.0,1,3,0,0,11,True
2024-2024092905gm-00a9-0000-4f383722-00-s2-d10,177,B,3,67,"[27300,32100,14300,26300]",4,-10.0,1,3,0,0,11,True
2024-2024092905gm-00a9-0000-4f383722-00-s2-d10,178,A,1,25,"[30500,17100,22000,30400]",3,-4.0,1,3,0,0,11,True
2024-2024092905gm-00a9-0000-4f383722-00-s2-d10,178,B,3,67,"[30500,17100,22000,30400]",3,-4.0,1,3,0,0,11,True
2024-2024092905gm-00a9-0000-4f383722-00-s2-d10,179,A,1,25,"[37400,13100,25300,24200]",2,4.0,2,1,0,0,15,True
2024-2024092905gm-00a9-0000-4f383722-00-s2-d10,179,B,3,67,"[24400,27600,33600,14400]",1,10.0,2,0,2,0,13,True
2024-2024092905gm-00a9-0000-4f383722-00-s2-d10,180,A,1,25,"[25700,14200,30700,29400]",1,10.0,1,3,0,0,11,True
2024-2024092905gm-00a9-0000-4f383722-00-s2-d10,180,B,3,67,"[25700,14200,30700,29400]",1,10.0,1,3,0,0,11,True
2024-2024092905gm-00a9-0000-4f383722-00-s2-d10,181,A,1,25,"[12600,25300,21500,40600]",3,-4.0,1,3,0,0,10,True
2024-2024092905gm-00a9-0000-4f383722-00-s2-d10,181,B,3,67,"[42000,10600,29500,17900]",2,4.0,1,3,0,0,11,True
2024-2024092905gm-00a9-0000-4f383722-00-s2-d10,182,A,1,25,"[36600,19100,25600,18700]",2,4.0,1,3,0,0,12,True
2024-2024092905gm-00a9-0000-4f383722-00-s2-d10,182,B,3,67,"[36600,19100,25600,18700]",2,4.0,1,3,0,0,12,True
2024-2024092905gm-00a9-0000-4f383722-00-s2-d10,183,A,1,25,"[22700,5300,34800,37200]",2,4.0,1,3,0,0,13,True
2024-2024092905gm-00a9-0000-4f383722-00-s2-d10,183,B,3,67,"[18800,22900,25900,32400]",2,4.0,1,3,2,0,12,True
2024-2024092905gm-00a9-0000-4f383722-00-s2-d10,184,A,1,25,"[11100,32500,19600,36800]",3,-4.0,1,3,0,0,12,True
2024-2024092905gm-00a9-0000-4f383722-00-s2-d10,184,B,3,67,"[9300,29300,27600,33800]",3,-4.0,1,3,2,0,11,True
2024-2024092905gm-00a9-0000-4f383722-00-s2-d10,185,A,1,25,"[32600,26000,25000,16400]",3,-4.0,1,3,0,0,9,True
2024-2024092905gm-00a9-0000-4f383722-00-s2-d10,185,B,3,67,"[36200,-6700,36500,34000]",1,10.0,1,0,0,0,7,True
2024-2024092905gm-00a9-0000-4f383722-00-s2-d10,186,A,1,25,"[28300,30700,35700,5300]",1,10.0,1,3,0,0,12,True
2024-2024092905gm-00a9-0000-4f383722-00-s2-d10,186,B,3,67,"[-1800,34400,32700,34700]",3,-4.0,1,3,0,0,11,True
2024-2024092905gm-00a9-0000-4f383722-00-s2-d10,187,A,1,25,"[28300,12700,48000,11000]",1,10.0,1,3,0,0,12,True
2024-2024092905gm-00a9-0000-4f383722-00-s2-d10,187,B,3,67,"[28300,12700,48000,11000]",1,10.0,1,3,0,0,12,True
2024-2024092905gm-00a9-0000-4f383722-00-s2-d10,188,A,1,25,"[8100,14300,42200,35400]",1,10.0,1,3,0,0,15,True
2024-2024092905gm-00a9-0000-4f383722-00-s2-d10,188,B,3,67,"[45700,29100,27300,-2100]",3,-4.0,1,1,0,0,10,True
2024-2024092905gm-00a9-0000-4f383722-00-s2-d10,189,A,1,25,"[28500,45200,25800,500]",3,-4.0,1,3,0,0,12,True
2024-2024092905gm-00a9-0000-4f383722-00-s2-d10,189,B,3,67,"[22200,34700,30400,12700]",2,4.0,1,3,0,0,11,True
2024-2024092905gm-00a9-0000-4f383722-00-s2-d10,190,A,1,25,"[9300,30300,50100,10300]",1,10.0,1,3,0,0,10,True
2024-2024092905gm-00a9-0000-4f383722-00-s2-d10,190,B,3,67,"[9300,30300,50100,10300]",1,10.0,1,3,0,0,10,True
2024-2024092905gm-00a9-0000-4f383722-00-s2-d10,191,A,1,25,"[17200,45800,38900,-1900]",2,4.0,1,2,0,0,11,True
2024-2024092905gm-00a9-0000-4f383722-00-s2-d10,191,B,3,67,"[17200,45800,38900,-1900]",2,4.0,1,2,0,0,11,True
2024-2024092905gm-00a9-0000-4f383722-00-s2-d10,192,A,1,25,"[12300,17600,39600,28500]",1,10.0,1,3,2,2,12,True
2024-2024092905gm-00a9-0000-4f383722-00-s2-d10,192,B,3,67,"[5100,15300,31400,48200]",2,4.0,1,3,0,0,13,True
2024-2024092905gm-00a9-0000-4f383722-00-s2-d10,193,A,1,25,"[25800,16700,24500,33000]",3,-4.0,1,3,3,0,13,True
2024-2024092905gm-00a9-0000-4f383722-00-s2-d10,193,B,3,67,"[19200,33700,3600,43500]",4,-10.0,1,3,0,0,11,True
2024-2024092905gm-00a9-0000-4f383722-00-s2-d10,194,A,1,25,"[17800,24500,34200,23500]",1,10.0,1,3,0,0,8,True
2024-2024092905gm-00a9-0000-4f383722-00-s2-d10,194,B,3,67,"[2600,-1100,99500,-1000]",1,10.0,1,2,1,0,9,True
2024-2024092905gm-00a9-0000-4f383722-00-s2-d10,195,A,1,25,"[1500,43400,28600,26500]",2,4.0,1,3,0,0,11,True
2024-2024092905gm-00a9-0000-4f383722-00-s2-d10,195,B,3,67,"[23000,31500,18800,26700]",4,-10.0,1,3,1,0,11,True
2024-2024092905gm-00a9-0000-4f383722-00-s2-d10,196,A,1,25,"[53000,18800,3500,24700]",4,-10.0,1,3,0,0,13,True
2024-2024092905gm-00a9-0000-4f383722-00-s2-d10,196,B,3,67,"[22600,3100,36300,38000]",2,4.0,1,3,0,0,10,True
2024-2024092905gm-00a9-0000-4f383722-00-s2-d10,197,A,1,25,"[26100,41500,-11100,43500]",4,-10.0,1,0,1,0,10,True
2024-2024092905gm-00a9-0000-4f383722-00-s2-d10,197,B,3,67,"[23200,18600,30500,27700]",1,10.0,1,3,3,0,12,True
2024-2024092905gm-00a9-0000-4f383722-00-s2-d10,198,A,1,25,"[36200,1200,42500,20100]",1,10.0,1,3,2,0,11,True
2024-2024092905gm-00a9-0000-4f383722-00-s2-d10,198,B,3,67,"[44600,24400,9300,20700]",4,-10.0,1,3,0,1,12,True
2024-2024092905gm-00a9-0000-4f383722-00-s2-d10,199,A,1,25,"[31100,36200,16000,16700]",4,-10.0,1,3,2,0,12,True
2024-2024092905gm-00a9-0000-4f383722-00-s2-d10,199,B,3,67,"[21500,41300,19100,18100]",3,-4.0,1,3,0,0,10,True
2024-2024092905gm-00a9-0000-4f383722-00-s2-d10,200,A,1,25,"[22700,3900,25900,47500]",2,4.0,1,3,0,0,12,True
2024-2024092905gm-00a9-0000-4f383722-00-s2-d10,200,B,3,67,"[39200,12100,50500,-1800]",1,10.0,1,2,0,0,9,True
2024-2024092905gm-00a9-0000-4f383722-00-s2-d10,201,A,1,25,"[42900,14900,27700,14500]",2,4.0,1,3,0,0,11,True
2024-2024092905gm-00a9-0000-4f383722-00-s2-d10,201,B,3,67,"[8400,32300,24600,34700]",3,-4.0,1,3,0,0,10,True
2024-2024092905gm-00a9-0000-4f383722-00-s2-d10,202,A,1,25,"[24800,15100,38300,21800]",1,10.0,1,3,0,0,11,True
2024-2024092905gm-00a9-0000-4f383722-00-s2-d10,202,B,3,67,"[13300,23600,24600,36500]",2,4.0,1,3,0,2,10,True
2024-2024092905gm-00a9-0000-4f383722-00-s2-d10,203,A,1,25,"[24100,29600,35600,10700]",1,10.0,1,3,1,0,10,True
2024-2024092905gm-00a9-0000-4f383722-00-s2-d10,203,B,3,67,"[24100,29600,35600,10700]",1,10.0,1,3,1,0,10,True
2024-2024092905gm-00a9-0000-4f383722-00-s2-d10,204,A,1,25,"[49000,32600,-1700,20100]",4,-10.0,1,0,1,0,7,True
2024-2024092905gm-00a9-0000-4f383722-00-s2-d10,204,B,3,67,"[49000,32600,-1700,20100]",4,-10.0,1,0,1,0,7,True
2024-2024092905gm-00a9-0000-4f383722-00-s2-d10,205,A,1,25,"[35900,30200,9100,24800]",4,-10.0,1,3,0,0,8,True
2024-2024092905gm-00a9-0000-4f383722-00-s2-d10,205,B,3,67,"[31700,21700,22100,24500]",3,-4.0,1,3,0,0,11,True
2024-2024092905gm-00a9-0000-4f383722-00-s2-d10,206,A,1,25,"[41700,25400,25100,7800]",3,-4.0,1,3,1,0,11,True
2024-2024092905gm-00a9-0000-4f383722-00-s2-d10,206,B,3,67,"[33400,21100,36100,9400]",1,10.0,1,3,0,0,10,True
2024-2024092905gm-00a9-0000-4f383722-00-s2-d10,207,A,1,25,"[0,33100,38300,28600]",1,10.0,1,3,1,0,13,True
2024-2024092905gm-00a9-0000-4f383722-00-s2-d10,207,B,3,67,"[18400,27700,17000,36900]",4,-10.0,1,3,0,0,11,True
2024-2024092905gm-00a9-0000-4f383722-00-s2-d10,208,A,1,25,"[28900,21200,34500,15400]",1,10.0,1,3,0,0,9,True
2024-2024092905gm-00a9-0000-4f383722-00-s2-d10,208,B,3,67,"[28900,21200,34500,15400]",1,10.0,1,3,0,0,9,True
2024-2024092905gm-00a9-0000-4f383722-00-s2-d10,209,A,1,25,"[33000,-10200,35700,41500]",2,4.0,1,1,0,0,6,True
2024-2024092905gm-00a9-0000-4f383722-00-s2-d10,209,B,3,67,"[21400,900,27200,50500]",2,4.0,1,3,0,0,9,True
2024-2024092905gm-00a9-0000-4f383722-00-s2-d10,210,A,1,25,"[37500,-100,26500,35100]",3,-4.0,0,3,0,1,5,True
2024-2024092905gm-00a9-0000-4f383722-00-s2-d10,210,B,3,67,"[41000,-4700,43900,19800]",1,10.0,1,3,0,0,11,True
2024-2024092905gm-00a9-0000-4f383722-00-s2-d10,211,A,1,25,"[18400,43300,2600,35700]",4,-10.0,1,3,0,0,14,True
2024-2024092905gm-00a9-0000-4f383722-00-s2-d10,211,B,3,67,"[18400,43300,2600,35700]",4,-10.0,1,3,0,0,14,True
2024-2024092905gm-00a9-0000-4f383722-00-s2-d10,212,A,1,25,"[38900,13100,12800,35200]",4,-10.0,1,3,0,0,9,True
2024-2024092905gm-00a9-0000-4f383722-00-s2-d10,212,B,3,67,"[38900,13100,12800,35200]",4,-10.0,1,3,0,0,9,True
2024-2024092905gm-00a9-0000-4f383722-00-s2-d10,213,A,1,25,"[50900,-18700,40000,27800]",2,4.0,0,3,0,0,8,True
2024-2024092905gm-00a9-0000-4f383722-00-s2-d10,213,B,3,67,"[18600,4500,30100,46800]",2,4.0,1,3,0,0,11,True
2024-2024092905gm-00a9-0000-4f383722-00-s2-d10,214,A,1,25,"[10200,58300,-900,32400]",4,-10.0,0,2,0,0,5,True
2024-2024092905gm-00a9-0000-4f383722-00-s2-d10,214,B,3,67,"[10200,58300,-900,32400]",4,-10.0,0,2,0,0,5,True
2024-2024092905gm-00a9-0000-4f383722-00-s2-d10,215,A,1,25,"[34200,41300,6400,18100]",4,-10.0,1,3,0,0,12,True
2024-2024092905gm-00a9-0000-4f383722-00-s2-d10,215,B,3,67,"[36600,21300,27900,14200]",2,4.0,1,3,0,0,10,True
2024-2024092905gm-00a9-0000-4f383722-00-s2-d10,216,A,1,25,"[26600,26300,37600,9500]",1,10.0,1,3,0,0,11,True
2024-2024092905gm-00a9-0000-4f383722-00-s2-d10,216,B,3,67,"[-900,27400,28700,43800]",2,4.0,1,2,0,1,11,True
2024-2024092905gm-00a9-0000-4f383722-00-s2-d10,217,A,1,25,"[-100,22100,39600,38400]",1,10.0,1,3,0,0,9,True
2024-2024092905gm-00a9-0000-4f383722-00-s2-d10,217,B,3,67,"[-100,22100,39600,38400]",1,10.0,1,3,0,0,9,True
2024-2024092905gm-00a9-0000-4f383722-00-s2-d10,218,A,1,25,"[31000,26100,35700,7200]",1,10.0,1,3,0,0,11,True
2024-2024092905gm-00a9-0000-4f383722-00-s2-d10,218,B,3,67,"[31000,26100,35700,7200]",1,10.0,1,3,0,0,11,True
2024-2024092905gm-00a9-0000-4f383722-00-s2-d10,219,A,1,25,"[16600,7700,38700,37000]",1,10.0,1,3,0,0,11,True
2024-2024092905gm-00a9-0000-4f383722-00-s2-d10,219,B,3,67,"[26900,19700,9700,43700]",4,-10.0,1,3,0,0,9,True
2024-2024092905gm-00a9-0000-4f383722-00-s2-d10,220,A,1,25,"[7800,33600,59300,-700]",1,10.0,1,2,1,0,10,True
2024-2024092905gm-00a9-0000-4f383722-00-s2-d10,220,B,3,67,"[1700,16600,34400,47300]",2,4.0,1,3,0,0,9,True
2024-2024092905gm-00a9-0000-4f383722-00-s2-d10,221,A,1,25,"[25500,16300,25900,32300]",2,4.0,2,0,0,0,13,True
2024-2024092905gm-00a9-0000-4f383722-00-s2-d10,221,B,3,67,"[25500,16300,25900,32300]",2,4.0,2,0,0,0,13,True
2024-2024092905gm-00a9-0000-4f383722-00-s2-d10,222,A,1,25,"[11800,18400,38100,31700]",1,10.0,1,3,2,0,13,True
2024-2024092905gm-00a9-0000-4f383722-00-s2-d10,222,B,3,67,"[4600,34700,19300,41400]",3,-4.0,1,3,0,0,12,True
2024-2024092905gm-00a9-0000-4f383722-00-s2-d10,223,A,1,25,"[46700,17800,21500,14000]",2,4.0,1,3,3,0,14,True
2024-2024092905gm-00a9-0000-4f383722-00-s2-d10,223,B,3,67,"[35500,17200,-2300,49600]",4,-10.0,1,0,1,0,10,True
2024-2024092905gm-00a9-0000-4f383722-00-s2-d10,224,A,1,25,"[31300,35900,32300,500]",2,4.0,1,3,0,0,13,True
2024-2024092905gm-00a9-0000-4f383722-00-s2-d10,224,B,3,67,"[2600,31600,25500,40300]",3,-4.0,1,3,0,0,12,True
2024-2024092905gm-00a9-0000-4f383722-00-s2-d10,225,A,1,25,"[22200,30200,18000,29600]",4,-10.0,1,3,0,0,10,True
2024-2024092905gm-00a9-0000-4f383722-00-s2-d10,225,B,3,67,"[24500,25400,33500,16600]",1,10.0,1,3,1,0,13,True
2024-2024092905gm-00a9-0000-4f383722-00-s2-d10,226,A,1,25,"[28000,25600,2700,43700]",4,-10.0,1,3,0,0,15,True
2024-2024092905gm-00a9-0000-4f383722-00-s2-d10,226,B,3,67,"[28000,25600,2700,43700]",4,-10.0,1,3,0,0,15,True
2024-2024092905gm-00a9-0000-4f383722-00-s2-d10,227,A,1,25,"[34300,20900,10600,33200]",4,-10.0,1,3,0,1,14,True
2024-2024092905gm-00a9-0000-4f383722-00-s2-d10,227,B,3,67,"[34300,20900,10600,33200]",4,-10.0,1,3,0,1,14,True
2024-2024092905gm-00a9-0000-4f383722-00-s2-d10,228,A,1,25,"[25100,17300,35100,22500]",1,10.0,1,3,0,0,9,True
2024-2024092905gm-00a9-0000-4f383722-00-s2-d10,228,B,3,67,"[25100,17300,35100,22500]",1,10.0,1,3,0,0,9,True
2024-2024092905gm-00a9-0000-4f383722-00-s2-d10,229,A,1,25,"[16500,43400,30200,9900]",2,4.0,1,3,0,0,12,True
2024-2024092905gm-00a9-0000-4f383722-00-s2-d10,229,B,3,67,"[17600,17900,38400,26100]",1,10.0,1,3,0,0,10,True
2024-2024092905gm-00a9-0000-4f383722-00-s2-d10,230,A,1,25,"[16600,31600,17700,34100]",3,-4.0,1,3,0,0,11,True
2024-2024092905gm-00a9-0000-4f383722-00-s2-d10,230,B,3,67,"[4200,35700,20000,40100]",3,-4.0,1,3,0,0,11,True
2024-2024092905gm-00a9-0000-4f383722-00-s2-d10,231,A,1,25,"[32500,9000,17900,40600]",3,-4.0,1,3,0,0,11,True
2024-2024092905gm-00a9-0000-4f383722-00-s2-d10,231,B,3,67,"[32500,9000,17900,40600]",3,-4.0,1,3,0,0,11,True
2024-2024092905gm-00a9-0000-4f383722-00-s2-d10,232,A,1,25,"[26600,33600,15900,23900]",4,-10.0,1,3,1,0,14,True
2024-2024092905gm-00a9-0000-4f383722-00-s2-d10,232,B,3,67,"[32900,18500,17900,30700]",4,-10.0,1,3,0,0,15,True
2024-2024092905gm-00a9-0000-4f383722-00-s2-d10,233,A,1,25,"[29500,28500,45200,-3200]",1,10.0,1,2,1,0,10,True
2024-2024092905gm-00a9-0000-4f383722-00-s2-d10,233,B,3,67,"[26600,25100,39800,8500]",1,10.0,1,3,0,0,11,True
2024-2024092905gm-00a9-0000-4f383722-00-s2-d10,234,A,1,25,"[19900,32300,22700,25100]",3,-4.0,1,3,2,0,10,True
2024-2024092905gm-00a9-0000-4f383722-00-s2-d10,234,B,3,67,"[19900,32300,22700,25100]",3,-4.0,1,3,2,0,10,True
2024-2024092905gm-00a9-0000-4f383722-00-s2-d10,235,A,1,25,"[1900,1200,53400,43500]",1,10.0,1,3,0,0,11,True
2024-2024092905gm-00a9-0000-4f383722-00-s2-d10,235,B,3,67,"[1900,1200,53400,43500]",1,10.0,1,3,0,0,11,True
2024-2024092905gm-00a9-0000-4f383722-00-s2-d10,236,A,1,25,"[23600,37200,40200,-1000]",1,10.0,1,2,0,0,10,True
2024-2024092905gm-00a9-0000-4f383722-00-s2-d10,236,B,3,67,"[22800,13200,53400,10600]",1,10.0,1,3,1,0,11,True
2024-2024092905gm-00a9-0000-4f383722-00-s2-d10,237,A,1,25,"[3500,36700,16500,43300]",3,-4.0,1,3,1,0,13,True
2024-2024092905gm-00a9-0000-4f383722-00-s2-d10,237,B,3,67,"[3500,36700,16500,43300]",3,-4.0,1,3,1,0,13,True
2024-2024092905gm-00a9-0000-4f383722-00-s2-d10,238,A,1,25,"[22100,-5900,45600,38200]",1,10.0,1,1,0,0,8,True
2024-2024092905gm-00a9-0000-4f383722-00-s2-d10,238,B,3,67,"[22100,-5900,45600,38200]",1,10.0,1,1,0,0,8,True
2024-2024092905gm-00a9-0000-4f383722-00-s2-d10,239,A,1,25,"[10300,34900,25100,29700]",3,-4.0,1,3,0,0,10,True
2024-2024092905gm-00a9-0000-4f383722-00-s2-d10,239,B,3,67,"[10300,34900,25100,29700]",3,-4.0,1,3,0,0,10,True
2024-2024092905gm-00a9-0000-4f383722-00-s2-d10,240,A,1,25,"[19600,42100,13500,24800]",4,-10.0,1,3,0,0,11,True
2024-2024092905gm-00a9-0000-4f383722-00-s2-d10,240,B,3,67,"[19600,42100,13500,24800]",4,-10.0,1,3,0,0,11,True
2024-2024092905gm-00a9-0000-4f383722-00-s2-d10,241,A,1,25,"[40500,-200,34200,25500]",2,4.0,1,0,2,0,7,True
2024-2024092905gm-00a9-0000-4f383722-00-s2-d10,241,B,3,67,"[40500,-200,34200,25500]",2,4.0,1,0,2,0,7,True
2024-2024092905gm-00a9-0000-4f383722-00-s2-d10,242,A,1,25,"[56500,22400,8900,12200]",4,-10.0,1,3,0,0,13,True
2024-2024092905gm-00a9-0000-4f383722-00-s2-d10,242,B,3,67,"[56500,22400,8900,12200]",4,-10.0,1,3,0,0,13,True
2024-2024092905gm-00a9-0000-4f383722-00-s2-d10,243,A,1,25,"[30000,22700,30000,17300]",2,4.0,1,3,0,0,10,True
2024-2024092905gm-00a9-0000-4f383722-00-s2-d10,243,B,3,67,"[15400,21700,44500,17400]",1,10.0,1,3,0,1,10,True
2024-2024092905gm-00a9-0000-4f383722-00-s2-d10,244,A,1,25,"[40700,21600,27700,10000]",2,4.0,1,3,0,0,10,True
2024-2024092905gm-00a9-0000-4f383722-00-s2-d10,244,B,3,67,"[40700,21600,27700,10000]",2,4.0,1,3,0,0,10,True
2024-2024092905gm-00a9-0000-4f383722-00-s2-d10,245,A,1,25,"[40800,7500,19800,31900]",3,-4.0,1,3,0,0,11,True
2024-2024092905gm-00a9-0000-4f383722-00-s2-d10,245,B,3,67,"[43600,6100,18000,32300]",3,-4.0,1,3,0,0,10,True
2024-2024092905gm-00a9-0000-4f383722-00-s2-d10,246,A,1,25,"[34400,11400,16500,37700]",3,-4.0,1,3,0,0,12,True
2024-2024092905gm-00a9-0000-4f383722-00-s2-d10,246,B,3,67,"[34400,11400,16500,37700]",3,-4.0,1,3,0,0,12,True
2024-2024092905gm-00a9-0000-4f383722-00-s2-d10,247,A,1,25,"[32700,20400,37300,9600]",1,10.0,1,3,0,0,8,True
2024-2024092905gm-00a9-0000-4f383722-00-s2-d10,247,B,3,67,"[32700,20400,37300,9600]",1,10.0,1,3,0,0,8,True
2024-2024092905gm-00a9-0000-4f383722-00-s2-d10,248,A,1,25,"[14700,27100,19700,38500]",3,-4.0,1,3,0,0,9,True
2024-2024092905gm-00a9-0000-4f383722-00-s2-d10,248,B,3,67,"[14700,27100,19700,38500]",3,-4.0,1,3,0,0,9,True
2024-2024092905gm-00a9-0000-4f383722-00-s2-d10,249,A,1,25,"[21000,52000,28400,-1400]",2,4.0,1,2,1,0,11,True
2024-2024092905gm-00a9-0000-4f383722-00-s2-d10,249,B,3,67,"[18700,41800,16200,23300]",4,-10.0,1,3,1,0,13,True
2024-2024092905gm-00a9-0000-4f383722-00-s2-d10,250,A,1,25,"[9900,47700,20500,21900]",3,-4.0,1,3,0,0,10,True
2024-2024092905gm-00a9-0000-4f383722-00-s2-d10,250,B,3,67,"[18300,34700,6800,40200]",4,-10.0,1,3,0,0,10,True
2024-2024092905gm-00a9-0000-4f383722-00-s2-d10,251,A,1,25,"[36700,25700,18000,19600]",4,-10.0,2,0,0,0,14,True
2024-2024092905gm-00a9-0000-4f383722-00-s2-d10,251,B,3,67,"[36700,25700,18000,19600]",4,-10.0,2,0,0,0,14,True
2024-2024092905gm-00a9-0000-4f383722-00-s2-d10,252,A,1,25,"[8400,27500,28000,36100]",2,4.0,1,3,0,0,10,True
2024-2024092905gm-00a9-0000-4f383722-00-s2-d10,252,B,3,67,"[8400,27500,28000,36100]",2,4.0,1,3,0,0,10,True
2024-2024092905gm-00a9-0000-4f383722-00-s2-d10,253,A,1,25,"[39300,22200,25200,13300]",2,4.0,1,3,0,0,12,True
2024-2024092905gm-00a9-0000-4f383722-00-s2-d10,253,B,3,67,"[39300,22200,25200,13300]",2,4.0,1,3,0,0,12,True
2024-2024092905gm-00a9-0000-4f383722-00-s2-d10,254,A,1,25,"[41600,14200,44500,-300]",1,10.0,1,3,0,0,8,True
2024-2024092905gm-00a9-0000-4f383722-00-s2-d10,254,B,3,67,"[6700,32900,25900,34500]",3,-4.0,1,3,1,0,11,True
2024-2024092905gm-00a9-0000-4f383722-00-s2-d10,255,A,1,25,"[12400,34600,42700,10300]",1,10.0,1,3,1,0,12,True
2024-2024092905gm-00a9-0000-4f383722-00-s2-d10,255,B,3,67,"[25300,13100,36900,24700]",1,10.0,1,3,0,0,8,True
2024-2024122803gm-00a9-0000-f48082aa-02-s3-d11,0,A,1,35,"[11400,10600,35400,42600]",1,10.0,1,3,0,0,11,True
2024-2024122803gm-00a9-0000-f48082aa-02-s3-d11,0,B,4,68,"[31800,25400,21900,20900]",4,-10.0,1,3,0,0,7,True
2024-2024122803gm-00a9-0000-f48082aa-02-s3-d11,1,A,1,35,"[45400,-3400,22000,36000]",2,4.0,1,0,1,0,6,True
2024-2024122803gm-00a9-0000-f48082aa-02-s3-d11,1,B,4,68,"[46800,0,23900,29300]",2,4.0,1,3,1,0,10,True
2024-2024122803gm-00a9-0000-f48082aa-02-s3-d11,2,A,1,35,"[26900,18100,23500,31500]",1,10.0,1,3,0,0,7,True
2024-2024122803gm-00a9-0000-f48082aa-02-s3-d11,2,B,4,68,"[26900,18100,23500,31500]",1,10.0,1,3,0,0,7,True
2024-2024122803gm-00a9-0000-f48082aa-02-s3-d11,3,A,1,35,"[39500,29100,37900,-6500]",4,-10.0,1,1,0,0,5,True
2024-2024122803gm-00a9-0000-f48082aa-02-s3-d11,3,B,4,68,"[45000,42500,-500,13000]",3,-4.0,1,3,0,0,10,True
2024-2024122803gm-00a9-0000-f48082aa-02-s3-d11,4,A,1,35,"[46100,2900,21400,29600]",2,4.0,1,3,0,0,9,True
2024-2024122803gm-00a9-0000-f48082aa-02-s3-d11,4,B,4,68,"[17100,12500,32300,38100]",1,10.0,1,3,0,0,10,True
2024-2024122803gm-00a9-0000-f48082aa-02-s3-d11,5,A,1,35,"[33700,24200,18700,23400]",3,-4.0,2,0,0,0,9,True
2024-2024122803gm-00a9-0000-f48082aa-02-s3-d11,5,B,4,68,"[34200,1600,31200,32000]",2,4.0,1,3,0,1,10,True
2024-2024122803gm-00a9-0000-f48082aa-02-s3-d11,6,A,1,35,"[20600,33700,6100,39600]",1,10.0,1,3,0,0,8,True
2024-2024122803gm-00a9-0000-f48082aa-02-s3-d11,6,B,4,68,"[29600,6500,28600,35300]",1,10.0,1,3,0,0,7,True
2024-2024122803gm-00a9-0000-f48082aa-02-s3-d11,7,A,1,35,"[-500,19200,34200,47100]",1,10.0,1,2,3,0,10,True
2024-2024122803gm-00a9-0000-f48082aa-02-s3-d11,7,B,4,68,"[44700,12300,25600,17400]",3,-4.0,1,3,1,0,10,True
2024-2024122803gm-00a9-0000-f48082aa-02-s3-d11,8,A,1,35,"[15900,24100,15800,44200]",1,10.0,1,3,0,0,10,True
2024-2024122803gm-00a9-0000-f48082aa-02-s3-d11,8,B,4,68,"[27200,35700,16300,20800]",3,-4.0,1,3,0,0,7,True
2024-2024122803gm-00a9-0000-f48082aa-02-s3-d11,9,A,1,35,"[19900,27100,21500,31500]",1,10.0,1,3,0,0,7,True
2024-2024122803gm-00a9-0000-f48082aa-02-s3-d11,9,B,4,68,"[26100,27700,32100,14100]",4,-10.0,1,3,0,0,11,True
2024-2024122803gm-00a9-0000-f48082aa-02-s3-d11,10,A,1,35,"[7900,40300,17200,34600]",2,4.0,1,3,0,0,8,True
2024-2024122803gm-00a9-0000-f48082aa-02-s3-d11,10,B,4,68,"[32900,18700,31300,17100]",4,-10.0,1,3,0,0,7,True
2024-2024122803gm-00a9-0000-f48082aa-02-s3-d11,11,A,1,35,"[38400,15200,18800,27600]",2,4.0,1,3,0,0,7,True
2024-2024122803gm-00a9-0000-f48082aa-02-s3-d11,11,B,4,68,"[38400,15200,18800,27600]",2,4.0,1,3,0,0,7,True
2024-2024122803gm-00a9-0000-f48082aa-02-s3-d11,12,A,1,35,"[20500,28000,39500,12000]",4,-10.0,1,3,0,0,10,True
2024-2024122803gm-00a9-0000-f48082aa-02-s3-d11,12,B,4,68,"[20500,28000,39500,12000]",4,-10.0,1,3,0,0,10,True
2024-2024122803gm-00a9-0000-f48082aa-02-s3-d11,13,A,1,35,"[7900,24200,25600,42300]",1,10.0,1,3,0,0,7,True
2024-2024122803gm-00a9-0000-f48082aa-02-s3-d11,13,B,4,68,"[21300,15900,36500,26300]",2,4.0,1,3,0,0,7,True
2024-2024122803gm-00a9-0000-f48082aa-02-s3-d11,14,A,1,35,"[34800,18000,25200,22000]",3,-4.0,1,3,0,0,8,True
2024-2024122803gm-00a9-0000-f48082aa-02-s3-d11,14,B,4,68,"[31000,25100,28700,15200]",4,-10.0,1,3,0,0,8,True
2024-2024122803gm-00a9-0000-f48082aa-02-s3-d11,15,A,1,35,"[3100,7800,21800,67300]",1,10.0,1,3,0,0,8,True
2024-2024122803gm-00a9-0000-f48082aa-02-s3-d11,15,B,4,68,"[17200,10600,8100,64100]",1,10.0,1,3,0,0,8,True
2024-2024122803gm-00a9-0000-f48082aa-02-s3-d11,16,A,1,35,"[18000,700,36500,44800]",1,10.0,1,3,0,0,7,True
2024-2024122803gm-00a9-0000-f48082aa-02-s3-d11,16,B,4,68,"[16500,-2000,46000,39500]",2,4.0,1,1,0,0,5,True
2024-2024122803gm-00a9-0000-f48082aa-02-s3-d11,17,A,1,35,"[18100,31200,27400,23300]",3,-4.0,1,3,1,0,11,True
2024-2024122803gm-00a9-0000-f48082aa-02-s3-d11,17,B,4,68,"[31300,36100,14500,17100]",3,-4.0,1,3,0,1,9,True
2024-2024122803gm-00a9-0000-f48082aa-02-s3-d11,18,A,1,35,"[33700,16500,5200,44600]",1,10.0,1,3,0,0,8,True
2024-2024122803gm-00a9-0000-f48082aa-02-s3-d11,18,B,4,68,"[33700,16500,5200,44600]",1,10.0,1,3,0,0,8,True
2024-2024122803gm-00a9-0000-f48082aa-02-s3-d11,19,A,1,35,"[18600,15000,39500,26900]",2,4.0,1,3,0,0,8,True
2024-2024122803gm-00a9-0000-f48082aa-02-s3-d11,19,B,4,68,"[14700,35700,19800,29800]",2,4.0,1,3,0,0,9,True
2024-2024122803gm-00a9-0000-f48082aa-02-s3-d11,20,A,1,35,"[52600,10300,10300,26800]",2,4.0,1,3,0,0,10,True
2024-2024122803gm-00a9-0000-f48082aa-02-s3-d11,20,B,4,68,"[-1900,15000,48900,38000]",2,4.0,1,3,0,0,11,True
2024-2024122803gm-00a9-0000-f48082aa-02-s3-d11,21,A,1,35,"[36000,13900,5400,44700]",1,10.0,1,3,0,0,9,True
2024-2024122803gm-00a9-0000-f48082aa-02-s3-d11,21,B,4,68,"[19200,39400,24800,16600]",4,-10.0,1,3,0,0,10,True
2024-2024122803gm-00a9-0000-f48082aa-02-s3-d11,22,A,1,35,"[28600,13300,33600,24500]",3,-4.0,1,3,0,0,9,True
2024-2024122803gm-00a9-0000-f48082aa-02-s3-d11,22,B,4,68,"[26600,16000,22900,34500]",1,10.0,1,3,0,0,7,True
2024-2024122803gm-00a9-0000-f48082aa-02-s3-d11,23,A,1,35,"[22000,33000,1800,43200]",1,10.0,1,3,0,0,8,True
2024-2024122803gm-00a9-0000-f48082aa-02-s3-d11,23,B,4,68,"[22000,33000,1800,43200]",1,10.0,1,3,0,0,8,True
2024-2024122803gm-00a9-0000-f48082aa-02-s3-d11,24,A,1,35,"[33000,29500,11500,26000]",3,-4.0,1,3,1,0,9,True
2024-2024122803gm-00a9-0000-f48082aa-02-s3-d11,24,B,4,68,"[33000,29500,11500,26000]",3,-4.0,1,3,1,0,9,True
2024-2024122803gm-00a9-0000-f48082aa-02-s3-d11,25,A,1,35,"[70200,10500,2600,16700]",2,4.0,1,3,0,0,11,True
2024-2024122803gm-00a9-0000-f48082aa-02-s3-d11,25,B,4,68,"[70200,10500,2600,16700]",2,4.0,1,3,0,0,11,True
2024-2024122803gm-00a9-0000-f48082aa-02-s3-d11,26,A,1,35,"[24000,14500,28900,32600]",1,10.0,1,3,0,0,7,True
2024-2024122803gm-00a9-0000-f48082aa-02-s3-d11,26,B,4,68,"[24000,14500,28900,32600]",1,10.0,1,3,0,0,7,True
2024-2024122803gm-00a9-0000-f48082aa-02-s3-d11,27,A,1,35,"[33000,26200,13400,27400]",2,4.0,1,3,0,0,7,True
2024-2024122803gm-00a9-0000-f48082aa-02-s3-d11,27,B,4,68,"[19200,15800,37300,27700]",2,4.0,1,3,1,0,11,True
2024-2024122803gm-00a9-0000-f48082aa-02-s3-d11,28,A,1,35,"[30800,4700,28400,36100]",1,10.0,1,3,0,0,8,True
2024-2024122803gm-00a9-0000-f48082aa-02-s3-d11,28,B,4,68,"[26300,27700,10100,35900]",1,10.0,1,3,0,0,7,True
2024-2024122803gm-00a9-0000-f48082aa-02-s3-d11,29,A,1,35,"[27200,40700,11900,20200]",3,-4.0,1,3,0,0,8,True
2024-2024122803gm-00a9-0000-f48082aa-02-s3-d11,29,B,4,68,"[27200,40700,11900,20200]",3,-4.0,1,3,0,0,8,True
2024-2024122803gm-00a9-0000-f48082aa-02-s3-d11,30,A,1,35,"[18200,1200,36300,44300]",1,10.0,1,3,0,0,11,True
2024-2024122803gm-00a9-0000-f48082aa-02-s3-d11,30,B,4,68,"[18200,1200,36300,44300]",1,10.0,1,3,0,0,11,True
2024-2024122803gm-00a9-0000-f48082aa-02-s3-d11,31,A,1,35,"[22100,35600,16100,25200]",2,4.0,1,3,0,1,9,True
2024-2024122803gm-00a9-0000-f48082aa-02-s3-d11,31,B,4,68,"[30500,32200,24600,12700]",4,-10.0,1,3,0,0,9,True
2024-2024122803gm-00a9-0000-f48082aa-02-s3-d11,32,A,1,35,"[23300,11200,39600,25900]",2,4.0,1,3,0,0,9,True
2024-2024122803gm-00a9-0000-f48082aa-02-s3-d11,32,B,4,68,"[23300,11200,39600,25900]",2,4.0,1,3,0,0,9,True
2024-2024122803gm-00a9-0000-f48082aa-02-s3-d11,33,A,1,35,"[35400,31100,-1300,34800]",2,4.0,1,2,0,0,8,True
2024-2024122803gm-00a9-0000-f48082aa-02-s3-d11,33,B,4,68,"[24200,17400,15200,43200]",1,10.0,1,3,0,0,8,True
2024-2024122803gm-00a9-0000-f48082aa-02-s3-d11,34,A,1,35,"[40300,16000,27900,15800]",4,-10.0,1,3,0,0,8,True
2024-2024122803gm-00a9-0000-f48082aa-02-s3-d11,34,B,4,68,"[31100,19000,19600,30300]",2,4.0,1,3,0,0,8,True
2024-2024122803gm-00a9-0000-f48082aa-02-s3-d11,35,A,1,35,"[14400,32000,22700,30900]",2,4.0,1,3,0,0,7,True
2024-2024122803gm-00a9-0000-f48082aa-02-s3-d11,35,B,4,68,"[15400,33000,19700,31900]",2,4.0,1,3,0,0,7,True
2024-2024122803gm-00a9-0000-f48082aa-02-s3-d11,36,A,1,35,"[23500,39500,14500,22500]",3,-4.0,1,3,0,0,7,True
2024-2024122803gm-00a9-0000-f48082aa-02-s3-d11,36,B,4,68,"[14500,24500,43900,17100]",3,-4.0,1,3,0,0,8,True
2024-2024122803gm-00a9-0000-f48082aa-02-s3-d11,37,A,1,35,"[24400,19800,17600,38200]",1,10.0,1,3,0,0,9,True
2024-2024122803gm-00a9-0000-f48082aa-02-s3-d11,37,B,4,68,"[24400,19800,17600,38200]",1,10.0,1,3,0,0,9,True
2024-2024122803gm-00a9-0000-f48082aa-02-s3-d11,38,A,1,35,"[4200,29700,24900,41200]",1,10.0,1,3,3,0,8,True
2024-2024122803gm-00a9-0000-f48082aa-02-s3-d11,38,B,4,68,"[4200,29700,24900,41200]",1,10.0,1,3,3,0,8,True
2024-2024122803gm-00a9-0000-f48082aa-02-s3-d11,39,A,1,35,"[30800,23800,19700,25700]",2,4.0,2,0,0,0,8,True
2024-2024122803gm-00a9-0000-f48082aa-02-s3-d11,39,B,4,68,"[33600,27400,29100,9900]",4,-10.0,2,0,0,0,9,True
2024-2024122803gm-00a9-0000-f48082aa-02-s3-d11,40,A,1,35,"[54500,16300,23000,6200]",4,-10.0,1,3,2,0,11,True
2024-2024122803gm-00a9-0000-f48082aa-02-s3-d11,40,B,4,68,"[15800,39600,30400,14200]",4,-10.0,1,3,0,0,9,True
2024-2024122803gm-00a9-0000-f48082aa-02-s3-d11,41,A,1,35,"[39200,-4100,28700,36200]",2,4.0,1,0,2,0,5,True
2024-2024122803gm-00a9-0000-f48082aa-02-s3-d11,41,B,4,68,"[39200,-4100,28700,36200]",2,4.0,1,0,2,0,5,True
2024-2024122803gm-00a9-0000-f48082aa-02-s3-d11,42,A,1,35,"[21400,41600,4600,32400]",2,4.0,1,3,0,0,9,True
2024-2024122803gm-00a9-0000-f48082aa-02-s3-d11,42,B,4,68,"[11500,17700,54000,16800]",3,-4.0,1,3,4,0,10,True
2024-2024122803gm-00a9-0000-f48082aa-02-s3-d11,43,A,1,35,"[17500,12800,30200,39500]",1,10.0,1,3,0,0,9,True
2024-2024122803gm-00a9-0000-f48082aa-02-s3-d11,43,B,4,68,"[17500,16500,43000,23000]",2,4.0,1,3,0,0,8,True
2024-2024122803gm-00a9-0000-f48082aa-02-s3-d11,44,A,1,35,"[-200,28000,33300,38900]",1,10.0,1,2,0,0,9,True
2024-2024122803gm-00a9-0000-f48082aa-02-s3-d11,44,B,4,68,"[-200,28000,33300,38900]",1,10.0,1,2,0,0,9,True
2024-2024122803gm-00a9-0000-f48082aa-02-s3-d11,45,A,1,35,"[23700,31200,8900,36200]",1,10.0,1,3,0,0,7,True
2024-2024122803gm-00a9-0000-f48082aa-02-s3-d11,45,B,4,68,"[23700,38900,9900,27500]",2,4.0,1,3,1,0,8,True
2024-2024122803gm-00a9-0000-f48082aa-02-s3-d11,46,A,1,35,"[9800,32500,49100,8600]",4,-10.0,1,3,0,0,10,True
2024-2024122803gm-00a9-0000-f48082aa-02-s3-d11,46,B,4,68,"[26000,18200,52600,3200]",4,-10.0,1,3,0,0,8,True
2024-2024122803gm-00a9-0000-f48082aa-02-s3-d11,47,A,1,35,"[14100,18900,29600,37400]",1,10.0,1,3,0,0,8,True
2024-2024122803gm-00a9-0000-f48082aa-02-s3-d11,47,B,4,68,"[16900,20700,25900,36500]",1,10.0,1,3,1,0,8,True
2024-2024122803gm-00a9-0000-f48082aa-02-s3-d11,48,A,1,35,"[35500,17200,32500,14800]",4,-10.0,1,3,0,0,8,True
2024-2024122803gm-00a9-0000-f48082aa-02-s3-d11,48,B,4,68,"[36400,18700,16100,28800]",2,4.0,1,3,1,0,8,True
2024-2024122803gm-00a9-0000-f48082aa-02-s3-d11,49,A,1,35,"[30500,43000,8200,18300]",3,-4.0,1,3,0,0,9,True
2024-2024122803gm-00a9-0000-f48082aa-02-s3-d11,49,B,4,68,"[30500,43000,8200,18300]",3,-4.0,1,3,0,0,9,True
2024-2024122803gm-00a9-0000-f48082aa-02-s3-d11,50,A,1,35,"[17700,29100,36400,16800]",4,-10.0,2,0,0,0,12,True
2024-2024122803gm-00a9-0000-f48082aa-02-s3-d11,50,B,4,68,"[19000,29000,22000,30000]",1,10.0,2,0,0,0,10,True
2024-2024122803gm-00a9-0000-f48082aa-02-s3-d11,51,A,1,35,"[25600,39000,32100,3300]",4,-10.0,1,3,0,0,7,True
2024-2024122803gm-00a9-0000-f48082aa-02-s3-d11,51,B,4,68,"[25600,39000,32100,3300]",4,-10.0,1,3,0,0,7,True
2024-2024122803gm-00a9-0000-f48082aa-02-s3-d11,52,A,1,35,"[18800,33600,22100,25500]",2,4.0,1,3,1,0,10,True
2024-2024122803gm-00a9-0000-f48082aa-02-s3-d11,52,B,4,68,"[27100,-1400,41700,32600]",2,4.0,1,2,0,0,9,True
2024-2024122803gm-00a9-0000-f48082aa-02-s3-d11,53,A,1,35,"[39700,16500,22700,21100]",3,-4.0,1,3,0,0,9,True
2024-2024122803gm-00a9-0000-f48082aa-02-s3-d11,53,B,4,68,"[39700,16500,22700,21100]",3,-4.0,1,3,0,0,9,True
2024-2024122803gm-00a9-0000-f48082aa-02-s3-d11,54,A,1,35,"[54200,3600,15300,26900]",2,4.0,1,3,0,0,7,True
2024-2024122803gm-00a9-0000-f48082aa-02-s3-d11,54,B,4,68,"[54200,3600,15300,26900]",2,4.0,1,3,0,0,7,True
2024-2024122803gm-00a9-0000-f48082aa-02-s3-d11,55,A,1,35,"[29900,19400,14400,36300]",1,10.0,1,3,0,0,9,True
2024-2024122803gm-00a9-0000-f48082aa-02-s3-d11,55,B,4,68,"[29900,18800,16800,34500]",1,10.0,1,3,0,0,9,True
2024-2024122803gm-00a9-0000-f48082aa-02-s3-d11,56,A,1,35,"[31100,18600,26800,23500]",3,-4.0,1,3,0,0,9,True
2024-2024122803gm-00a9-0000-f48082aa-02-s3-d11,56,B,4,68,"[31100,18600,26800,23500]",3,-4.0,1,3,0,0,9,True
2024-2024122803gm-00a9-0000-f48082aa-02-s3-d11,57,A,1,35,"[14800,12000,43600,29600]",2,4.0,1,3,0,0,12,True
2024-2024122803gm-00a9-0000-f48082aa-02-s3-d11,57,B,4,68,"[25000,33000,19200,22800]",3,-4.0,2,2,0,0,12,True
2024-2024122803gm-00a9-0000-f48082aa-02-s3-d11,58,A,1,35,"[54000,13700,7200,25100]",2,4.0,1,3,2,0,11,True
2024-2024122803gm-00a9-0000-f48082aa-02-s3-d11,58,B,4,68,"[33600,38700,5100,22600]",3,-4.0,1,3,0,0,9,True
2024-2024122803gm-00a9-0000-f48082aa-02-s3-d11,59,A,1,35,"[23100,30200,19300,26400]",2,4.0,1,3,0,1,7,True
2024-2024122803gm-00a9-0000-f48082aa-02-s3-d11,59,B,4,68,"[30700,17500,17100,34700]",1,10.0,1,3,0,0,7,True
2024-2024122803gm-00a9-0000-f48082aa-02-s3-d11,60,A,1,35,"[34200,32700,21700,11400]",4,-10.0,1,3,2,0,7,True
2024-2024122803gm-00a9-0000-f48082aa-02-s3-d11,60,B,4,68,"[23100,20300,23200,33400]",1,10.0,1,3,0,0,7,True
2024-2024122803gm-00a9-0000-f48082aa-02-s3-d11,61,A,1,35,"[27800,27400,6500,38300]",1,10.0,1,3,0,0,8,True
2024-2024122803gm-00a9-0000-f48082aa-02-s3-d11,61,B,4,68,"[27800,27400,6500,38300]",1,10.0,1,3,0,0,8,True
2024-2024122803gm-00a9-0000-f48082aa-02-s3-d11,62,A,1,35,"[36100,35300,34200,-5600]",4,-10.0,1,1,1,0,7,True
2024-2024122803gm-00a9-0000-f48082aa-02-s3-d11,62,B,4,68,"[5000,22700,36000,36300]",1,10.0,1,3,2,0,11,True
2024-2024122803gm-00a9-0000-f48082aa-02-s3-d11,63,A,1,35,"[21100,34400,24700,19800]",4,-10.0,2,0,0,0,10,True
2024-2024122803gm-00a9-0000-f48082aa-02-s3-d11,63,B,4,68,"[21100,34400,24700,19800]",4,-10.0,2,0,0,0,10,True
2024-2024122803gm-00a9-0000-f48082aa-02-s3-d11,64,A,1,35,"[24100,-15100,83600,7400]",3,-4.0,1,1,0,0,6,True
2024-2024122803gm-00a9-0000-f48082aa-02-s3-d11,64,B,4,68,"[15200,46300,21000,17500]",3,-4.0,1,3,0,0,12,True
2024-2024122803gm-00a9-0000-f48082aa-02-s3-d11,65,A,1,35,"[23700,-7600,43000,40900]",2,4.0,1,2,1,0,8,True
2024-2024122803gm-00a9-0000-f48082aa-02-s3-d11,65,B,4,68,"[7200,10700,36200,45900]",1,10.0,1,3,0,0,9,True
2024-2024122803gm-00a9-0000-f48082aa-02-s3-d11,66,A,1,35,"[24000,42600,17800,15600]",4,-10.0,1,3,0,0,8,True
2024-2024122803gm-00a9-0000-f48082aa-02-s3-d11,66,B,4,68,"[19400,38000,11300,31300]",2,4.0,1,3,0,0,9,True
2024-2024122803gm-00a9-0000-f48082aa-02-s3-d11,67,A,1,35,"[29100,30800,21800,18300]",4,-10.0,1,3,0,0,9,True
2024-2024122803gm-00a9-0000-f48082aa-02-s3-d11,67,B,4,68,"[29100,30800,21800,18300]",4,-10.0,1,3,0,0,9,True
2024-2024122803gm-00a9-0000-f48082aa-02-s3-d11,68,A,1,35,"[40800,9800,9400,40000]",2,4.0,1,3,1,0,11,True
2024-2024122803gm-00a9-0000-f48082aa-02-s3-d11,68,B,4,68,"[40800,9800,9400,40000]",2,4.0,1,3,1,0,11,True
2024-2024122803gm-00a9-0000-f48082aa-02-s3-d11,69,A,1,35,"[13300,22300,40000,23400]",2,4.0,1,3,1,1,9,True
2024-2024122803gm-00a9-0000-f48082aa-02-s3-d11,69,B,4,68,"[13300,22300,40000,23400]",2,4.0,1,3,1,1,9,True
2024-2024122803gm-00a9-0000-f48082aa-02-s3-d11,70,A,1,35,"[18300,19300,29200,33200]",1,10.0,1,3,1,0,9,True
2024-2024122803gm-00a9-0000-f48082aa-02-s3-d11,70,B,4,68,"[27900,30900,15900,25300]",3,-4.0,1,3,0,0,10,True
2024-2024122803gm-00a9-0000-f48082aa-02-s3-d11,71,A,1,35,"[13600,35000,26900,24500]",3,-4.0,1,3,0,0,8,True
2024-2024122803gm-00a9-0000-f48082aa-02-s3-d11,71,B,4,68,"[13600,35000,26900,24500]",3,-4.0,1,3,0,0,8,True
2024-2024122803gm-00a9-0000-f48082aa-02-s3-d11,72,A,1,35,"[37800,38200,10600,13400]",3,-4.0,1,3,0,0,7,True
2024-2024122803gm-00a9-0000-f48082aa-02-s3-d11,72,B,4,68,"[19300,35500,15400,29800]",2,4.0,2,0,0,0,8,True
2024-2024122803gm-00a9-0000-f48082aa-02-s3-d11,73,A,1,35,"[10900,32700,12900,43500]",1,10.0,1,3,0,0,8,True
2024-2024122803gm-00a9-0000-f48082aa-02-s3-d11,73,B,4,68,"[-5200,40200,41900,23100]",3,-4.0,1,3,0,0,10,True
2024-2024122803gm-00a9-0000-f48082aa-02-s3-d11,74,A,1,35,"[19300,41800,20700,18200]",4,-10.0,1,3,0,0,8,True
2024-2024122803gm-00a9-0000-f48082aa-02-s3-d11,74,B,4,68,"[19300,41800,20700,18200]",4,-10.0,1,3,0,0,8,True
2024-2024122803gm-00a9-0000-f48082aa-02-s3-d11,75,A,1,35,"[35300,25000,19200,20500]",3,-4.0,1,3,0,0,8,True
2024-2024122803gm-00a9-0000-f48082aa-02-s3-d11,75,B,4,68,"[35300,25000,19200,20500]",3,-4.0,1,3,0,0,8,True
2024-2024122803gm-00a9-0000-f48082aa-02-s3-d11,76,A,1,35,"[18900,21000,51200,8900]",4,-10.0,1,3,0,0,11,True
2024-2024122803gm-00a9-0000-f48082aa-02-s3-d11,76,B,4,68,"[-5500,23900,46300,35300]",2,4.0,0,3,0,0,6,True
2024-2024122803gm-00a9-0000-f48082aa-02-s3-d11,77,A,1,35,"[23800,14900,24300,37000]",1,10.0,1,3,0,0,8,True
2024-2024122803gm-00a9-0000-f48082aa-02-s3-d11,77,B,4,68,"[23800,14900,24300,37000]",1,10.0,1,3,0,0,8,True
2024-2024122803gm-00a9-0000-f48082aa-02-s3-d11,78,A,1,35,"[18000,29000,11400,41600]",1,10.0,1,3,0,0,7,True
2024-2024122803gm-00a9-0000-f48082aa-02-s3-d11,78,B,4,68,"[19300,26000,33900,20800]",3,-4.0,1,3,0,0,8,True
2024-2024122803gm-00a9-0000-f48082aa-02-s3-d11,79,A,1,35,"[31900,23000,13100,32000]",1,10.0,1,3,0,0,7,True
2024-2024122803gm-00a9-0000-f48082aa-02-s3-d11,79,B,4,68,"[32300,5400,39800,22500]",3,-4.0,1,3,0,0,9,True
2024-2024122803gm-00a9-0000-f48082aa-02-s3-d11,80,A,1,35,"[24900,41000,8700,25400]",2,4.0,1,3,0,0,7,True
2024-2024122803gm-00a9-0000-f48082aa-02-s3-d11,80,B,4,68,"[23200,36100,29000,11700]",4,-10.0,1,3,0,0,8,True
2024-2024122803gm-00a9-0000-f48082aa-02-s3-d11,81,A,1,35,"[23900,15400,36300,22400]",3,-4.0,1,3,1,2,8,True
2024-2024122803gm-00a9-0000-f48082aa-02-s3-d11,81,B,4,68,"[24200,21300,40500,14000]",4,-10.0,1,3,1,0,9,True
2024-2024122803gm-00a9-0000-f48082aa-02-s3-d11,82,A,1,35,"[21400,6700,45200,26700]",2,4.0,1,3,1,0,8,True
2024-2024122803gm-00a9-0000-f48082aa-02-s3-d11,82,B,4,68,"[18300,5300,38500,37900]",2,4.0,1,3,0,0,9,True
2024-2024122803gm-00a9-0000-f48082aa-02-s3-d11,83,A,1,35,"[45100,26400,11300,17200]",3,-4.0,1,3,0,0,8,True
2024-2024122803gm-00a9-0000-f48082aa-02-s3-d11,83,B,4,68,"[-1500,27700,34200,39600]",1,10.0,1,1,0,0,6,True
2024-2024122803gm-00a9-0000-f48082aa-02-s3-d11,84,A,1,35,"[13600,43900,15100,27400]",2,4.0,1,3,1,0,12,True
2024-2024122803gm-00a9-0000-f48082aa-02-s3-d11,84,B,4,68,"[22700,39100,14800,23400]",2,4.0,1,3,2,0,11,True
2024-2024122803gm-00a9-0000-f48082aa-02-s3-d11,85,A,1,35,"[25900,-400,36600,37900]",1,10.0,1,1,0,0,6,True
2024-2024122803gm-00a9-0000-f48082aa-02-s3-d11,85,B,4,68,"[25900,-400,36600,37900]",1,10.0,1,1,0,0,6,True
2024-2024122803gm-00a9-0000-f48082aa-02-s3-d11,86,A,1,35,"[21200,28700,30300,19800]",4,-10.0,1,3,0,0,7,True
2024-2024122803gm-00a9-0000-f48082aa-02-s3-d11,86,B,4,68,"[11700,29200,31800,27300]",3,-4.0,1,3,0,0,7,True
2024-2024122803gm-00a9-0000-f48082aa-02-s3-d11,87,A,1,35,"[28600,17300,21400,32700]",1,10.0,1,3,0,0,7,True
2024-2024122803gm-00a9-0000-f48082aa-02-s3-d11,87,B,4,68,"[33500,17800,18300,30400]",2,4.0,1,3,0,0,8,True
2024-2024122803gm-00a9-0000-f48082aa-02-s3-d11,88,A,1,35,"[18800,41600,21400,18200]",4,-10.0,1,3,0,0,8,True
2024-2024122803gm-00a9-0000-f48082aa-02-s3-d11,88,B,4,68,"[18800,41600,21400,18200]",4,-10.0,1,3,0,0,8,True
2024-2024122803gm-00a9-0000-f48082aa-02-s3-d11,89,A,1,35,"[34100,8300,13000,44600]",1,10.0,1,3,0,0,9,True
2024-2024122803gm-00a9-0000-f48082aa-02-s3-d11,89,B,4,68,"[40200,5200,22800,31800]",2,4.0,1,3,0,0,7,True
2024-2024122803gm-00a9-0000-f48082aa-02-s3-d11,90,A,1,35,"[9400,29000,27500,34100]",1,10.0,1,3,0,0,8,True
2024-2024122803gm-00a9-0000-f48082aa-02-s3-d11,90,B,4,68,"[9400,29000,27500,34100]",1,10.0,1,3,0,0,8,True
2024-2024122803gm-00a9-0000-f48082aa-02-s3-d11,91,A,1,35,"[24300,20300,37700,17700]",4,-10.0,1,3,0,0,9,True
2024-2024122803gm-00a9-0000-f48082aa-02-s3-d11,91,B,4,68,"[24300,20300,37700,17700]",4,-10.0,1,3,0,0,9,True
2024-2024122803gm-00a9-0000-f48082aa-02-s3-d11,92,A,1,35,"[18000,30800,7400,42800]",1,10.0,1,3,0,1,9,True
2024-2024122803gm-00a9-0000-f48082aa-02-s3-d11,92,B,4,68,"[47500,-2200,26900,27800]",2,4.0,1,1,0,0,8,True
2024-2024122803gm-00a9-0000-f48082aa-02-s3-d11,93,A,1,35,"[30900,-5700,24700,50100]",1,10.0,1,1,0,0,6,True
2024-2024122803gm-00a9-0000-f48082aa-02-s3-d11,93,B,4,68,"[41500,40800,21000,-3300]",4,-10.0,1,1,1,0,8,True
2024-2024122803gm-00a9-0000-f48082aa-02-s3-d11,94,A,1,35,"[42600,22000,-3200,38600]",2,4.0,0,3,0,0,3,True
2024-2024122803gm-00a9-0000-f48082aa-02-s3-d11,94,B,4,68,"[42600,22000,-3200,38600]",2,4.0,0,3,0,0,3,True
2024-2024122803gm-00a9-0000-f48082aa-02-s3-d11,95,A,1,35,"[20900,36400,14900,27800]",2,4.0,1,3,0,0,11,True
2024-2024122803gm-00a9-0000-f48082aa-02-s3-d11,95,B,4,68,"[13300,14400,17100,54200]",1,10.0,1,3,0,1,9,True
2024-2024122803gm-00a9-0000-f48082aa-02-s3-d11,96,A,1,35,"[25200,7400,27500,39900]",1,10.0,1,3,0,0,10,True
2024-2024122803gm-00a9-0000-f48082aa-02-s3-d11,96,B,4,68,"[16500,31500,19200,32800]",1,10.0,1,3,0,0,8,True
2024-2024122803gm-00a9-0000-f48082aa-02-s3-d11,97,A,1,35,"[30800,-2000,33100,38100]",1,10.0,1,3,0,0,12,True
2024-2024122803gm-00a9-0000-f48082aa-02-s3-d11,97,B,4,68,"[6100,15300,38900,39700]",1,10.0,1,3,1,0,11,True
2024-2024122803gm-00a9-0000-f48082aa-02-s3-d11,98,A,1,35,"[19900,17200,39600,23300]",2,4.0,1,3,0,0,8,True
2024-2024122803gm-00a9-0000-f48082aa-02-s3-d11,98,B,4,68,"[21400,17700,42200,18700]",3,-4.0,1,3,0,0,8,True
2024-2024122803gm-00a9-0000-f48082aa-02-s3-d11,99,A,1,35,"[17600,16200,41500,24700]",2,4.0,1,3,0,0,7,True
2024-2024122803gm-00a9-0000-f48082aa-02-s3-d11,99,B,4,68,"[16900,16100,45700,21300]",2,4.0,1,3,0,0,7,True
2024-2024122803gm-00a9-0000-f48082aa-02-s3-d11,100,A,1,35,"[21500,22900,17200,38400]",1,10.0,1,3,0,0,8,True
2024-2024122803gm-00a9-0000-f48082aa-02-s3-d11,100,B,4,68,"[21500,22900,17200,38400]",1,10.0,1,3,0,0,8,True
2024-2024122803gm-00a9-0000-f48082aa-02-s3-d11,101,A,1,35,"[17600,18300,16300,47800]",1,10.0,1,3,0,0,8,True
2024-2024122803gm-00a9-0000-f48082aa-02-s3-d11,101,B,4,68,"[18800,19300,13400,48500]",1,10.0,1,3,0,0,8,True
2024-2024122803gm-00a9-0000-f48082aa-02-s3-d11,102,A,1,35,"[18800,29100,43900,8200]",4,-10.0,1,3,0,0,9,True
2024-2024122803gm-00a9-0000-f48082aa-02-s3-d11,102,B,4,68,"[18800,29100,43900,8200]",4,-10.0,1,3,0,0,9,True
2024-2024122803gm-00a9-0000-f48082aa-02-s3-d11,103,A,1,35,"[52700,23100,2700,21500]",3,-4.0,1,3,0,0,11,True
2024-2024122803gm-00a9-0000-f48082aa-02-s3-d11,103,B,4,68,"[37600,15300,20900,25200]",2,4.0,1,3,4,1,10,True
2024-2024122803gm-00a9-0000-f48082aa-02-s3-d11,104,A,1,35,"[43300,32100,25700,-1100]",4,-10.0,1,3,0,0,8,True
2024-2024122803gm-00a9-0000-f48082aa-02-s3-d11,104,B,4,68,"[43300,32100,25700,-1100]",4,-10.0,1,3,0,0,8,True
2024-2024122803gm-00a9-0000-f48082aa-02-s3-d11,105,A,1,35,"[31600,36000,33000,-600]",4,-10.0,1,2,1,0,6,True
2024-2024122803gm-00a9-0000-f48082aa-02-s3-d11,105,B,4,68,"[31600,36000,33000,-600]",4,-10.0,1,2,1,0,6,True
2024-2024122803gm-00a9-0000-f48082aa-02-s3-d11,106,A,1,35,"[30700,24300,27500,17500]",4,-10.0,1,3,1,0,10,True
2024-2024122803gm-00a9-0000-f48082aa-02-s3-d11,106,B,4,68,"[30700,24300,27500,17500]",4,-10.0,1,3,1,0,10,True
2024-2024122803gm-00a9-0000-f48082aa-02-s3-d11,107,A,1,35,"[38800,16900,19100,25200]",2,4.0,1,3,0,0,9,True
2024-2024122803gm-00a9-0000-f48082aa-02-s3-d11,107,B,4,68,"[43400,11100,21700,23800]",2,4.0,1,3,0,0,9,True
2024-2024122803gm-00a9-0000-f48082aa-02-s3-d11,108,A,1,35,"[28600,14100,36700,20600]",3,-4.0,1,3,3,0,11,True
2024-2024122803gm-00a9-0000-f48082aa-02-s3-d11,108,B,4,68,"[30200,24000,22200,23600]",3,-4.0,1,3,0,0,10,True
2024-2024122803gm-00a9-0000-f48082aa-02-s3-d11,109,A,1,35,"[24100,32500,21000,22400]",3,-4.0,2,0,0,0,8,True
2024-2024122803gm-00a9-0000-f48082aa-02-s3-d11,109,B,4,68,"[21900,26600,21300,30200]",1,10.0,2,2,2,0,13,True
2024-2024122803gm-00a9-0000-f48082aa-02-s3-d11,110,A,1,35,"[4700,40200,23500,31600]",2,4.0,1,3,1,0,11,True
2024-2024122803gm-00a9-0000-f48082aa-02-s3-d11,110,B,4,68,"[9400,16500,35500,38600]",1,10.0,1,3,0,0,9,True
2024-2024122803gm-00a9-0000-f48082aa-02-s3-d11,111,A,1,35,"[1600,26300,29200,42900]",1,10.0,1,3,0,0,12,True
2024-2024122803gm-00a9-0000-f48082aa-02-s3-d11,111,B,4,68,"[22400,12000,18500,47100]",1,10.0,1,3,0,0,8,True
2024-2024122803gm-00a9-0000-f48082aa-02-s3-d11,112,A,1,35,"[41300,20500,9800,28400]",2,4.0,1,3,1,0,11,True
2024-2024122803gm-00a9-0000-f48082aa-02-s3-d11,112,B,4,68,"[41300,20500,9800,28400]",2,4.0,1,3,1,0,11,True
2024-2024122803gm-00a9-0000-f48082aa-02-s3-d11,113,A,1,35,"[33800,19900,10500,35800]",1,10.0,1,3,0,0,9,True
2024-2024122803gm-00a9-0000-f48082aa-02-s3-d11,113,B,4,68,"[41000,36300,2400,20300]",3,-4.0,1,3,0,0,9,True
2024-2024122803gm-00a9-0000-f48082aa-02-s3-d11,114,A,1,35,"[22200,26200,34500,17100]",4,-10.0,2,0,0,0,9,True
2024-2024122803gm-00a9-0000-f48082aa-02-s3-d11,114,B,4,68,"[35500,20800,21000,22700]",2,4.0,1,3,1,0,8,True
2024-2024122803gm-00a9-0000-f48082aa-02-s3-d11,115,A,1,35,"[41200,18400,29100,11300]",4,-10.0,1,3,0,0,10,True
2024-2024122803gm-00a9-0000-f48082aa-02-s3-d11,115,B,4,68,"[41200,18400,29100,11300]",4,-10.0,1,3,0,0,10,True
2024-2024122803gm-00a9-0000-f48082aa-02-s3-d11,116,A,1,35,"[35400,29800,14900,19900]",3,-4.0,1,3,1,0,8,True
2024-2024122803gm-00a9-0000-f48082aa-02-s3-d11,116,B,4,68,"[35400,29800,14900,19900]",3,-4.0,1,3,1,0,8,True
2024-2024122803gm-00a9-0000-f48082aa-02-s3-d11,117,A,1,35,"[17600,14600,16600,51200]",1,10.0,1,3,0,0,8,True
2024-2024122803gm-00a9-0000-f48082aa-02-s3-d11,117,B,4,68,"[26200,-1100,41600,33300]",2,4.0,1,2,1,0,7,True
2024-2024122803gm-00a9-0000-f48082aa-02-s3-d11,118,A,1,35,"[33200,30800,12500,23500]",3,-4.0,1,3,0,0,9,True
2024-2024122803gm-00a9-0000-f48082aa-02-s3-d11,118,B,4,68,"[30700,36500,12500,20300]",3,-4.0,1,3,0,0,9,True
2024-2024122803gm-00a9-0000-f48082aa-02-s3-d11,119,A,1,35,"[26800,10700,39500,23000]",3,-4.0,1,3,1,0,10,True
2024-2024122803gm-00a9-0000-f48082aa-02-s3-d11,119,B,4,68,"[26800,10700,39500,23000]",3,-4.0,1,3,1,0,10,True
2024-2024122803gm-00a9-0000-f48082aa-02-s3-d11,120,A,1,35,"[19600,15400,25800,39200]",1,10.0,1,3,0,0,10,True
2024-2024122803gm-00a9-0000-f48082aa-02-s3-d11,120,B,4,68,"[19600,15400,25800,39200]",1,10.0,1,3,0,0,10,True
2024-2024122803gm-00a9-0000-f48082aa-02-s3-d11,121,A,1,35,"[12600,3400,26300,56700]",1,10.0,1,3,0,1,8,True
2024-2024122803gm-00a9-0000-f48082aa-02-s3-d11,121,B,4,68,"[12600,3400,26300,56700]",1,10.0,1,3,0,1,8,True
2024-2024122803gm-00a9-0000-f48082aa-02-s3-d11,122,A,1,35,"[19600,35300,21700,23400]",2,4.0,1,3,0,0,8,True
2024-2024122803gm-00a9-0000-f48082aa-02-s3-d11,122,B,4,68,"[36100,20700,22900,20300]",4,-10.0,1,3,1,0,10,True
2024-2024122803gm-00a9-0000-f48082aa-02-s3-d11,123,A,1,35,"[36000,28600,9600,25800]",3,-4.0,1,3,0,0,9,True
2024-2024122803gm-00a9-0000-f48082aa-02-s3-d11,123,B,4,68,"[30600,43200,3700,22500]",3,-4.0,1,3,0,0,10,True
2024-2024122803gm-00a9-0000-f48082aa-02-s3-d11,124,A,1,35,"[26200,36400,13800,23600]",3,-4.0,1,3,0,0,8,True
2024-2024122803gm-00a9-0000-f48082aa-02-s3-d11,124,B,4,68,"[26200,36400,13800,23600]",3,-4.0,1,3,0,0,8,True
2024-2024122803gm-00a9-0000-f48082aa-02-s3-d11,125,A,1,35,"[20400,9500,36700,33400]",2,4.0,1,3,1,0,10,True
2024-2024122803gm-00a9-0000-f48082aa-02-s3-d11,125,B,4,68,"[19100,13700,32400,34800]",1,10.0,1,3,0,0,9,True
2024-2024122803gm-00a9-0000-f48082aa-02-s3-d11,126,A,1,35,"[28200,18200,32100,21500]",3,-4.0,1,3,0,0,7,True
2024-2024122803gm-00a9-0000-f48082aa-02-s3-d11,126,B,4,68,"[24000,24800,37300,13900]",4,-10.0,1,3,0,0,7,True
2024-2024122803gm-00a9-0000-f48082aa-02-s3-d11,127,A,1,35,"[39900,13500,31300,15300]",3,-4.0,1,3,1,0,7,True
2024-2024122803gm-00a9-0000-f48082aa-02-s3-d11,127,B,4,68,"[3600,36300,27800,32300]",2,4.0,1,3,0,0,8,True
2024-2024122803gm-00a9-0000-f48082aa-02-s3-d11,128,A,1,35,"[31900,20300,16000,31800]",2,4.0,1,3,0,0,8,True
2024-2024122803gm-00a9-0000-f48082aa-02-s3-d11,128,B,4,68,"[31900,20300,16000,31800]",2,4.0,1,3,0,0,8,True
2024-2024122803gm-00a9-0000-f48082aa-02-s3-d11,129,A,1,35,"[16900,33500,26200,23400]",3,-4.0,1,3,1,0,9,True
2024-2024122803gm-00a9-0000-f48082aa-02-s3-d11,129,B,4,68,"[22400,38200,27600,11800]",4,-10.0,1,3,0,0,8,True
2024-2024122803gm-00a9-0000-f48082aa-02-s3-d11,130,A,1,35,"[34700,31000,18200,16100]",4,-10.0,1,3,0,0,8,True
2024-2024122803gm-00a9-0000-f48082aa-02-s3-d11,130,B,4,68,"[38600,20200,12400,28800]",2,4.0,1,3,0,0,7,True
2024-2024122803gm-00a9-0000-f48082aa-02-s3-d11,131,A,1,35,"[21700,45400,26300,6600]",4,-10.0,1,3,4,0,9,True
2024-2024122803gm-00a9-0000-f48082aa-02-s3-d11,131,B,4,68,"[23100,38800,32500,3600]",4,-10.0,1,3,0,2,8,True
2024-2024122803gm-00a9-0000-f48082aa-02-s3-d11,132,A,1,35,"[24700,32300,23600,19400]",4,-10.0,1,3,0,0,10,True
2024-2024122803gm-00a9-0000-f48082aa-02-s3-d11,132,B,4,68,"[35700,8900,14100,41300]",1,10.0,1,3,0,0,10,True
2024-2024122803gm-00a9-0000-f48082aa-02-s3-d11,133,A,1,35,"[35300,26900,14200,23600]",3,-4.0,1,3,0,0,8,True
2024-2024122803gm-00a9-0000-f48082aa-02-s3-d11,133,B,4,68,"[28000,9300,25600,37100]",1,10.0,1,3,0,0,8,True
2024-2024122803gm-00a9-0000-f48082aa-02-s3-d11,134,A,1,35,"[14900,17000,37900,30200]",2,4.0,1,3,0,0,7,True
2024-2024122803gm-00a9-0000-f48082aa-02-s3-d11,134,B,4,68,"[27200,18200,22900,31700]",1,10.0,1,3,1,0,8,True
2024-2024122803gm-00a9-0000-f48082aa-02-s3-d11,135,A,1,35,"[39600,21100,28300,11000]",4,-10.0,1,3,0,0,7,True
2024-2024122803gm-00a9-0000-f48082aa-02-s3-d11,135,B,4,68,"[37400,100,27000,35500]",2,4.0,1,3,0,0,8,True
2024-2024122803gm-00a9-0000-f48082aa-02-s3-d11,136,A,1,35,"[42300,12300,16800,28600]",2,4.0,1,3,0,0,8,True
2024-2024122803gm-00a9-0000-f48082aa-02-s3-d11,136,B,4,68,"[42300,12300,16800,28600]",2,4.0,1,3,0,0,8,True
2024-2024122803gm-00a9-0000-f48082aa-02-s3-d11,137,A,1,35,"[5400,22700,44900,27000]",2,4.0,1,3,0,0,8,True
2024-2024122803gm-00a9-0000-f48082aa-02-s3-d11,137,B,4,68,"[28000,10600,37400,24000]",3,-4.0,1,3,0,0,8,True
2024-2024122803gm-00a9-0000-f48082aa-02-s3-d11,138,A,1,35,"[57700,-2700,14600,30400]",2,4.0,1,2,1,0,8,True
2024-2024122803gm-00a9-0000-f48082aa-02-s3-d11,138,B,4,68,"[57700,-2700,14600,30400]",2,4.0,1,2,1,0,8,True
2024-2024122803gm-00a9-0000-f48082aa-02-s3-d11,139,A,1,35,"[21900,22900,33300,21900]",4,-10.0,1,3,0,0,8,True
2024-2024122803gm-00a9-0000-f48082aa-02-s3-d11,139,B,4,68,"[10700,33100,37300,18900]",3,-4.0,1,3,0,0,8,True
2024-2024122803gm-00a9-0000-f48082aa-02-s3-d11,140,A,1,35,"[48200,26900,8000,16900]",3,-4.0,1,3,0,0,10,True
2024-2024122803gm-00a9-0000-f48082aa-02-s3-d11,140,B,4,68,"[48200,26900,8000,16900]",3,-4.0,1,3,0,0,10,True
2024-2024122803gm-00a9-0000-f48082aa-02-s3-d11,141,A,1,35,"[7600,53400,16800,22200]",2,4.0,1,3,1,0,10,True
2024-2024122803gm-00a9-0000-f48082aa-02-s3-d11,141,B,4,68,"[7600,53400,16800,22200]",2,4.0,1,3,1,0,10,True
2024-2024122803gm-00a9-0000-f48082aa-02-s3-d11,142,A,1,35,"[16900,5700,25700,51700]",1,10.0,1,3,0,0,7,True
2024-2024122803gm-00a9-0000-f48082aa-02-s3-d11,142,B,4,68,"[16200,24300,18900,40600]",1,10.0,1,3,0,0,7,True
2024-2024122803gm-00a9-0000-f48082aa-02-s3-d11,143,A,1,35,"[13900,24000,28600,33500]",1,10.0,1,3,0,0,10,True
2024-2024122803gm-00a9-0000-f48082aa-02-s3-d11,143,B,4,68,"[13100,27900,19000,40000]",1,10.0,1,3,0,0,10,True
2024-2024122803gm-00a9-0000-f48082aa-02-s3-d11,144,A,1,35,"[32900,7900,37900,21300]",3,-4.0,1,3,0,0,10,True
2024-2024122803gm-00a9-0000-f48082aa-02-s3-d11,144,B,4,68,"[24500,17000,51700,6800]",4,-10.0,1,3,0,0,10,True
2024-2024122803gm-00a9-0000-f48082aa-02-s3-d11,145,A,1,35,"[21400,32900,19900,25800]",2,4.0,2,0,0,0,9,True
2024-2024122803gm-00a9-0000-f48082aa-02-s3-d11,145,B,4,68,"[21400,32900,19900,25800]",2,4.0,2,0,0,0,9,True
2024-2024122803gm-00a9-0000-f48082aa-02-s3-d11,146,A,1,35,"[37500,29300,2000,31200]",2,4.0,1,3,0,0,9,True
2024-2024122803gm-00a9-0000-f48082aa-02-s3-d11,146,B,4,68,"[37500,29300,2000,31200]",2,4.0,1,3,0,0,9,True
2024-2024122803gm-00a9-0000-f48082aa-02-s3-d11,147,A,1,35,"[16300,24100,52400,7200]",4,-10.0,1,3,2,0,9,True
2024-2024122803gm-00a9-0000-f48082aa-02-s3-d11,147,B,4,68,"[16300,24100,52400,7200]",4,-10.0,1,3,2,0,9,True
2024-2024122803gm-00a9-0000-f48082aa-02-s3-d11,148,A,1,35,"[25400,21700,41700,11200]",4,-10.0,2,2,0,0,13,True
2024-2024122803gm-00a9-0000-f48082aa-02-s3-d11,148,B,4,68,"[21800,11500,39900,26800]",2,4.0,1,3,1,0,10,True
2024-2024122803gm-00a9-0000-f48082aa-02-s3-d11,149,A,1,35,"[41400,17000,12900,28700]",2,4.0,1,3,0,0,7,True
2024-2024122803gm-00a9-0000-f48082aa-02-s3-d11,149,B,4,68,"[41400,17000,12900,28700]",2,4.0,1,3,0,0,7,True
2024-2024122803gm-00a9-0000-f48082aa-02-s3-d11,150,A,1,35,"[-700,29200,38500,33000]",2,4.0,1,3,0,0,12,True
2024-2024122803gm-00a9-0000-f48082aa-02-s3-d11,150,B,4,68,"[16800,28700,44900,9600]",4,-10.0,1,3,3,0,10,True
2024-2024122803gm-00a9-0000-f48082aa-02-s3-d11,151,A,1,35,"[26000,38800,21100,14100]",4,-10.0,1,3,0,0,7,True
2024-2024122803gm-00a9-0000-f48082aa-02-s3-d11,151,B,4,68,"[31700,27400,23600,17300]",4,-10.0,1,3,0,0,8,True
2024-2024122803gm-00a9-0000-f48082aa-02-s3-d11,152,A,1,35,"[7900,41100,17000,34000]",2,4.0,1,3,0,0,9,True
2024-2024122803gm-00a9-0000-f48082aa-02-s3-d11,152,B,4,68,"[7900,41100,17000,34000]",2,4.0,1,3,0,0,9,True
2024-2024122803gm-00a9-0000-f48082aa-02-s3-d11,153,A,1,35,"[20600,27500,43800,8100]",4,-10.0,1,3,0,0,9,True
2024-2024122803gm-00a9-0000-f48082aa-02-s3-d11,153,B,4,68,"[18300,20000,25100,36600]",1,10.0,1,3,0,0,7,True
2024-2024122803gm-00a9-0000-f48082aa-02-s3-d11,154,A,1,35,"[26700,-6600,52400,27500]",2,4.0,1,2,0,0,6,True
2024-2024122803gm-00a9-0000-f48082aa-02-s3-d11,154,B,4,68,"[26700,-6600,52400,27500]",2,4.0,1,2,0,0,6,True
2024-2024122803gm-00a9-0000-f48082aa-02-s3-d11,155,A,1,35,"[27100,11400,43700,17800]",3,-4.0,1,3,0,0,8,True
2024-2024122803gm-00a9-0000-f48082aa-02-s3-d11,155,B,4,68,"[14500,18500,43600,23400]",2,4.0,1,3,0,0,8,True
2024-2024122803gm-00a9-0000-f48082aa-02-s3-d11,156,A,1,35,"[31900,25800,28900,13400]",4,-10.0,1,3,1,0,10,True
2024-2024122803gm-00a9-0000-f48082aa-02-s3-d11,156,B,4,68,"[25200,3600,31300,39900]",1,10.0,1,3,0,0,9,True
2024-2024122803gm-00a9-0000-f48082aa-02-s3-d11,157,A,1,35,"[24900,16400,23600,35100]",1,10.0,1,3,0,0,7,True
2024-2024122803gm-00a9-0000-f48082aa-02-s3-d11,157,B,4,68,"[24900,16400,23600,35100]",1,10.0,1,3,0,0,7,True
2024-2024122803gm-00a9-0000-f48082aa-02-s3-d11,158,A,1,35,"[28300,21100,18000,32600]",1,10.0,1,3,0,0,8,True
2024-2024122803gm-00a9-0000-f48082aa-02-s3-d11,158,B,4,68,"[28300,21100,18000,32600]",1,10.0,1,3,0,0,8,True
2024-2024122803gm-00a9-0000-f48082aa-02-s3-d11,159,A,1,35,"[31300,12100,19100,37500]",1,10.0,1,3,0,0,9,True
2024-2024122803gm-00a9-0000-f48082aa-02-s3-d11,159,B,4,68,"[34200,28800,10200,26800]",3,-4.0,1,3,0,0,8,True
2024-2024122803gm-00a9-0000-f48082aa-02-s3-d11,160,A,1,35,"[40500,13100,24700,21700]",3,-4.0,1,3,0,0,7,True
2024-2024122803gm-00a9-0000-f48082aa-02-s3-d11,160,B,4,68,"[37400,20400,25100,17100]",4,-10.0,1,3,0,0,7,True
2024-2024122803gm-00a9-0000-f48082aa-02-s3-d11,161,A,1,35,"[18800,30600,35300,15300]",4,-10.0,1,3,0,0,11,True
2024-2024122803gm-00a9-0000-f48082aa-02-s3-d11,161,B,4,68,"[10200,22800,33900,33100]",2,4.0,1,3,0,0,11,True
2024-2024122803gm-00a9-0000-f48082aa-02-s3-d11,162,A,1,35,"[35500,25000,13900,25600]",2,4.0,1,3,0,0,9,True
2024-2024122803gm-00a9-0000-f48082aa-02-s3-d11,162,B,4,68,"[35500,25000,13900,25600]",2,4.0,1,3,0,0,9,True
2024-2024122803gm-00a9-0000-f48082aa-02-s3-d11,163,A,1,35,"[19800,35900,-1100,45400]",1,10.0,1,1,0,0,6,True
2024-2024122803gm-00a9-0000-f48082aa-02-s3-d11,163,B,4,68,"[19800,35900,-1100,45400]",1,10.0,1,1,0,0,6,True
2024-2024122803gm-00a9-0000-f48082aa-02-s3-d11,164,A,1,35,"[17400,13200,38900,30500]",2,4.0,1,3,4,0,11,True
2024-2024122803gm-00a9-0000-f48082aa-02-s3-d11,164,B,4,68,"[35300,26500,17700,20500]",3,-4.0,1,3,4,0,12,True
2024-2024122803gm-00a9-0000-f48082aa-02-s3-d11,165,A,1,35,"[33200,29100,29600,8100]",4,-10.0,1,3,1,0,9,True
2024-2024122803gm-00a9-0000-f48082aa-02-s3-d11,165,B,4,68,"[33200,29100,29600,8100]",4,-10.0,1,3,1,0,9,True
2024-2024122803gm-00a9-0000-f48082aa-02-s3-d11,166,A,1,35,"[32500,8600,26800,32100]",2,4.0,1,3,1,0,7,True
2024-2024122803gm-00a9-0000-f48082aa-02-s3-d11,166,B,4,68,"[32500,8600,26800,32100]",2,4.0,1,3,1,0,7,True
2024-2024122803gm-00a9-0000-f48082aa-02-s3-d11,167,A,1,35,"[30300,21700,31700,16300]",4,-10.0,1,3,1,0,9,True
2024-2024122803gm-00a9-0000-f48082aa-02-s3-d11,167,B,4,68,"[48400,22300,8500,20800]",3,-4.0,1,3,0,0,8,True
2024-2024122803gm-00a9-0000-f48082aa-02-s3-d11,168,A,1,35,"[19800,10900,38100,31200]",2,4.0,1,3,3,0,10,True
2024-2024122803gm-00a9-0000-f48082aa-02-s3-d11,168,B,4,68,"[10900,18100,33000,38000]",1,10.0,1,3,0,0,9,True
2024-2024122803gm-00a9-0000-f48082aa-02-s3-d11,169,A,1,35,"[27500,15100,11400,46000]",1,10.0,1,3,0,0,8,True
2024-2024122803gm-00a9-0000-f48082aa-02-s3-d11,169,B,4,68,"[25700,20800,16500,37000]",1,10.0,1,3,1,0,7,True
2024-2024122803gm-00a9-0000-f48082aa-02-s3-d11,170,A,1,35,"[12700,35600,28000,23700]",3,-4.0,1,3,1,0,8,True
2024-2024122803gm-00a9-0000-f48082aa-02-s3-d11,170,B,4,68,"[12700,35600,28000,23700]",3,-4.0,1,3,1,0,8,True
2024-2024122803gm-00a9-0000-f48082aa-02-s3-d11,171,A,1,35,"[27900,-2200,38900,35400]",2,4.0,1,1,1,0,7,True
2024-2024122803gm-00a9-0000-f48082aa-02-s3-d11,171,B,4,68,"[10100,24700,40900,24300]",3,-4.0,1,3,0,0,10,True
2024-2024122803gm-00a9-0000-f48082aa-02-s3-d11,172,A,1,35,"[12200,38900,23500,23400]",3,-4.0,1,3,0,2,12,True
2024-2024122803gm-00a9-0000-f48082aa-02-s3-d11,172,B,4,68,"[12200,38900,23500,23400]",3,-4.0,1,3,0,2,12,True
2024-2024122803gm-00a9-0000-f48082aa-02-s3-d11,173,A,1,35,"[16300,25500,24000,34200]",1,10.0,1,3,0,0,9,True
2024-2024122803gm-00a9-0000-f48082aa-02-s3-d11,173,B,4,68,"[31000,29800,21100,18100]",4,-10.0,1,3,0,0,8,True
2024-2024122803gm-00a9-0000-f48082aa-02-s3-d11,174,A,1,35,"[22800,19800,-3100,60500]",1,10.0,0,3,0,0,3,True
2024-2024122803gm-00a9-0000-f48082aa-02-s3-d11,174,B,4,68,"[41800,19100,8200,30900]",2,4.0,1,3,1,0,9,True
2024-2024122803gm-00a9-0000-f48082aa-02-s3-d11,175,A,1,35,"[32900,26900,46000,-5800]",4,-10.0,1,1,2,0,8,True
2024-2024122803gm-00a9-0000-f48082aa-02-s3-d11,175,B,4,68,"[20800,17400,46700,15100]",4,-10.0,1,3,0,0,8,True
2024-2024122803gm-00a9-0000-f48082aa-02-s3-d11,176,A,1,35,"[37600,13800,33200,15400]",3,-4.0,1,3,2,0,9,True
2024-2024122803gm-00a9-0000-f48082aa-02-s3-d11,176,B,4,68,"[18700,17600,20400,43300]",1,10.0,1,3,0,0,10,True
2024-2024122803gm-00a9-0000-f48082aa-02-s3-d11,177,A,1,35,"[29500,35600,6900,28000]",3,-4.0,1,3,1,0,8,True
2024-2024122803gm-00a9-0000-f48082aa-02-s3-d11,177,B,4,68,"[36400,11000,25100,27500]",2,4.0,1,3,1,0,8,True
2024-2024122803gm-00a9-0000-f48082aa-02-s3-d11,178,A,1,35,"[33000,13500,25500,28000]",2,4.0,1,3,0,0,8,True
2024-2024122803gm-00a9-0000-f48082aa-02-s3-d11,178,B,4,68,"[16200,23400,37300,23100]",3,-4.0,1,3,1,0,8,True
2024-2024122803gm-00a9-0000-f48082aa-02-s3-d11,179,A,1,35,"[21600,6300,41000,31100]",2,4.0,1,3,0,0,8,True
2024-2024122803gm-00a9-0000-f48082aa-02-s3-d11,179,B,4,68,"[23400,24800,30100,21700]",4,-10.0,1,3,0,0,7,True
2024-2024122803gm-00a9-0000-f48082aa-02-s3-d11,180,A,1,35,"[11600,16700,40000,31700]",2,4.0,1,3,2,0,8,True
2024-2024122803gm-00a9-0000-f48082aa-02-s3-d11,180,B,4,68,"[11600,16700,40000,31700]",2,4.0,1,3,2,0,8,True
2024-2024122803gm-00a9-0000-f48082aa-02-s3-d11,181,A,1,35,"[38200,19100,32700,10000]",4,-10.0,1,3,1,0,11,True
2024-2024122803gm-00a9-0000-f48082aa-02-s3-d11,181,B,4,68,"[27900,-36100,84300,23900]",3,-4.0,1,2,1,0,8,True
2024-2024122803gm-00a9-0000-f48082aa-02-s3-d11,182,A,1,35,"[32700,30000,17900,19400]",3,-4.0,1,3,0,0,10,True
2024-2024122803gm-00a9-0000-f48082aa-02-s3-d11,182,B,4,68,"[27700,20100,11300,40900]",1,10.0,1,3,0,0,8,True
2024-2024122803gm-00a9-0000-f48082aa-02-s3-d11,183,A,1,35,"[33000,14300,26600,26100]",3,-4.0,1,3,0,0,11,True
2024-2024122803gm-00a9-0000-f48082aa-02-s3-d11,183,B,4,68,"[13000,41300,16700,29000]",2,4.0,1,3,0,0,9,True
2024-2024122803gm-00a9-0000-f48082aa-02-s3-d11,184,A,1,35,"[23000,26000,16000,35000]",1,10.0,1,3,0,0,8,True
2024-2024122803gm-00a9-0000-f48082aa-02-s3-d11,184,B,4,68,"[24500,27500,14500,33500]",1,10.0,1,3,0,0,8,True
2024-2024122803gm-00a9-0000-f48082aa-02-s3-d11,185,A,1,35,"[37400,24300,16800,21500]",3,-4.0,1,3,0,0,7,True
2024-2024122803gm-00a9-0000-f48082aa-02-s3-d11,185,B,4,68,"[5900,27800,30200,36100]",1,10.0,1,3,0,0,8,True
2024-2024122803gm-00a9-0000-f48082aa-02-s3-d11,186,A,1,35,"[33200,34500,11500,20800]",3,-4.0,1,3,0,0,8,True
2024-2024122803gm-00a9-0000-f48082aa-02-s3-d11,186,B,4,68,"[16400,35600,18300,29700]",2,4.0,1,3,0,0,7,True
2024-2024122803gm-00a9-0000-f48082aa-02-s3-d11,187,A,1,35,"[24700,17900,19400,37000]",1,10.0,1,3,0,1,7,True
2024-2024122803gm-00a9-0000-f48082aa-02-s3-d11,187,B,4,68,"[24700,17900,19400,37000]",1,10.0,1,3,0,1,7,True
2024-2024122803gm-00a9-0000-f48082aa-02-s3-d11,188,A,1,35,"[21000,18400,40200,20400]",3,-4.0,1,3,0,0,9,True
2024-2024122803gm-00a9-0000-f48082aa-02-s3-d11,188,B,4,68,"[21000,18400,40200,20400]",3,-4.0,1,3,0,0,9,True
2024-2024122803gm-00a9-0000-f48082aa-02-s3-d11,189,A,1,35,"[26100,35600,17000,21300]",3,-4.0,1,3,0,0,8,True
2024-2024122803gm-00a9-0000-f48082aa-02-s3-d11,189,B,4,68,"[12900,41300,23000,22800]",3,-4.0,1,3,0,0,9,True
2024-2024122803gm-00a9-0000-f48082aa-02-s3-d11,190,A,1,35,"[19800,27100,33000,20100]",3,-4.0,1,3,0,0,7,True
2024-2024122803gm-00a9-0000-f48082aa-02-s3-d11,190,B,4,68,"[19800,27100,33000,20100]",3,-4.0,1,3,0,0,7,True
2024-2024122803gm-00a9-0000-f48082aa-02-s3-d11,191,A,1,35,"[57700,2000,18000,22300]",2,4.0,1,3,1,0,12,True
2024-2024122803gm-00a9-0000-f48082aa-02-s3-d11,191,B,4,68,"[39700,24400,11500,24400]",3,-4.0,1,3,0,0,10,True
2024-2024122803gm-00a9-0000-f48082aa-02-s3-d11,192,A,1,35,"[69000,8000,14700,8300]",3,-4.0,1,3,0,0,10,True
2024-2024122803gm-00a9-0000-f48082aa-02-s3-d11,192,B,4,68,"[69000,8000,14700,8300]",3,-4.0,1,3,0,0,10,True
2024-2024122803gm-00a9-0000-f48082aa-02-s3-d11,193,A,1,35,"[31600,19500,28000,20900]",3,-4.0,1,3,0,0,7,True
2024-2024122803gm-00a9-0000-f48082aa-02-s3-d11,193,B,4,68,"[31600,19500,28000,20900]",3,-4.0,1,3,0,0,7,True
2024-2024122803gm-00a9-0000-f48082aa-02-s3-d11,194,A,1,35,"[33500,28900,26600,11000]",4,-10.0,1,3,0,0,8,True
2024-2024122803gm-00a9-0000-f48082aa-02-s3-d11,194,B,4,68,"[18300,23300,25900,32500]",1,10.0,1,3,1,0,9,True
2024-2024122803gm-00a9-0000-f48082aa-02-s3-d11,195,A,1,35,"[19500,35900,33600,11000]",4,-10.0,1,3,0,0,8,True
2024-2024122803gm-00a9-0000-f48082aa-02-s3-d11,195,B,4,68,"[29800,39600,16900,13700]",4,-10.0,1,3,0,0,9,True
2024-2024122803gm-00a9-0000-f48082aa-02-s3-d11,196,A,1,35,"[22600,22500,20800,34100]",1,10.0,1,3,0,0,8,True
2024-2024122803gm-00a9-0000-f48082aa-02-s3-d11,196,B,4,68,"[22600,22500,20800,34100]",1,10.0,1,3,0,0,8,True
2024-2024122803gm-00a9-0000-f48082aa-02-s3-d11,197,A,1,35,"[8900,8400,25000,57700]",1,10.0,1,3,0,0,7,True
2024-2024122803gm-00a9-0000-f48082aa-02-s3-d11,197,B,4,68,"[8900,8400,25000,57700]",1,10.0,1,3,0,0,7,True
2024-2024122803gm-00a9-0000-f48082aa-02-s3-d11,198,A,1,35,"[28900,21300,46300,3500]",4,-10.0,1,3,0,0,8,True
2024-2024122803gm-00a9-0000-f48082aa-02-s3-d11,198,B,4,68,"[18500,43800,7400,30300]",2,4.0,1,3,0,0,9,True
2024-2024122803gm-00a9-0000-f48082aa-02-s3-d11,199,A,1,35,"[12000,19900,24900,43200]",1,10.0,1,3,0,0,9,True
2024-2024122803gm-00a9-0000-f48082aa-02-s3-d11,199,B,4,68,"[12000,19900,24900,43200]",1,10.0,1,3,0,0,9,True
2024-2024122803gm-00a9-0000-f48082aa-02-s3-d11,200,A,1,35,"[30800,-6000,47300,27900]",3,-4.0,1,3,1,0,11,True
2024-2024122803gm-00a9-0000-f48082aa-02-s3-d11,200,B,4,68,"[26100,14800,27000,32100]",1,10.0,1,3,0,0,8,True
2024-2024122803gm-00a9-0000-f48082aa-02-s3-d11,201,A,1,35,"[31200,18100,35600,15100]",4,-10.0,1,3,0,0,8,True
2024-2024122803gm-00a9-0000-f48082aa-02-s3-d11,201,B,4,68,"[31400,13200,28300,27100]",3,-4.0,1,3,0,0,10,True
2024-2024122803gm-00a9-0000-f48082aa-02-s3-d11,202,A,1,35,"[41800,22000,22600,13600]",4,-10.0,1,3,1,0,9,True
2024-2024122803gm-00a9-0000-f48082aa-02-s3-d11,202,B,4,68,"[16500,35800,36200,11500]",4,-10.0,1,3,0,0,7,True
2024-2024122803gm-00a9-0000-f48082aa-02-s3-d11,203,A,1,35,"[8000,26500,35300,30200]",2,4.0,1,3,1,0,10,True
2024-2024122803gm-00a9-0000-f48082aa-02-s3-d11,203,B,4,68,"[8000,26500,35300,30200]",2,4.0,1,3,1,0,10,True
2024-2024122803gm-00a9-0000-f48082aa-02-s3-d11,204,A,1,35,"[29500,-1400,37400,34500]",2,4.0,1,2,1,0,8,True
2024-2024122803gm-00a9-0000-f48082aa-02-s3-d11,204,B,4,68,"[6400,28200,28300,37100]",1,10.0,1,3,0,0,10,True
2024-2024122803gm-00a9-0000-f48082aa-02-s3-d11,205,A,1,35,"[10800,29300,14400,45500]",1,10.0,1,3,1,0,10,True
2024-2024122803gm-00a9-0000-f48082aa-02-s3-d11,205,B,4,68,"[25800,13300,14600,46300]",1,10.0,1,3,0,0,11,True
2024-2024122803gm-00a9-0000-f48082aa-02-s3-d11,206,A,1,35,"[47400,14900,19200,17500]",3,-4.0,1,3,1,1,8,True
2024-2024122803gm-00a9-0000-f48082aa-02-s3-d11,206,B,4,68,"[47400,14900,19200,17500]",3,-4.0,1,3,1,1,8,True
2024-2024122803gm-00a9-0000-f48082aa-02-s3-d11,207,A,1,35,"[61000,13100,-1800,27700]",2,4.0,1,0,2,0,6,True
2024-2024122803gm-00a9-0000-f48082aa-02-s3-d11,207,B,4,68,"[61000,13100,-1800,27700]",2,4.0,1,0,2,0,6,True
2024-2024122803gm-00a9-0000-f48082aa-02-s3-d11,208,A,1,35,"[46600,-3800,8100,49100]",1,10.0,1,2,0,0,7,True
2024-2024122803gm-00a9-0000-f48082aa-02-s3-d11,208,B,4,68,"[46600,-3800,8100,49100]",1,10.0,1,2,0,0,7,True
2024-2024122803gm-00a9-0000-f48082aa-02-s3-d11,209,A,1,35,"[38100,10200,7700,44000]",1,10.0,1,3,0,0,9,True
2024-2024122803gm-00a9-0000-f48082aa-02-s3-d11,209,B,4,68,"[34900,-6100,34200,37000]",1,10.0,1,3,0,0,9,True
2024-2024122803gm-00a9-0000-f48082aa-02-s3-d11,210,A,1,35,"[45900,12700,32000,9400]",4,-10.0,1,3,0,0,8,True
2024-2024122803gm-00a9-0000-f48082aa-02-s3-d11,210,B,4,68,"[45900,12700,32000,9400]",4,-10.0,1,3,0,0,8,True
2024-2024122803gm-00a9-0000-f48082aa-02-s3-d11,211,A,1,35,"[35500,1700,31400,31400]",3,-4.0,1,3,0,0,8,True
2024-2024122803gm-00a9-0000-f48082aa-02-s3-d11,211,B,4,68,"[42800,7500,28300,21400]",3,-4.0,1,3,0,0,8,True
2024-2024122803gm-00a9-0000-f48082aa-02-s3-d11,212,A,1,35,"[19800,47800,9600,22800]",2,4.0,1,3,0,0,11,True
2024-2024122803gm-00a9-0000-f48082aa-02-s3-d11,212,B,4,68,"[19800,47800,9600,22800]",2,4.0,1,3,0,0,11,True
2024-2024122803gm-00a9-0000-f48082aa-02-s3-d11,213,A,1,35,"[29200,-500,40300,31000]",2,4.0,1,1,0,0,5,True
2024-2024122803gm-00a9-0000-f48082aa-02-s3-d11,213,B,4,68,"[29200,-500,40300,31000]",2,4.0,1,1,0,0,5,True
2024-2024122803gm-00a9-0000-f48082aa-02-s3-d11,214,A,1,35,"[13700,26300,23500,36500]",1,10.0,1,3,0,0,9,True
2024-2024122803gm-00a9-0000-f48082aa-02-s3-d11,214,B,4,68,"[13700,26300,23500,36500]",1,10.0,1,3,0,0,9,True
2024-2024122803gm-00a9-0000-f48082aa-02-s3-d11,215,A,1,35,"[24600,15500,42000,17900]",3,-4.0,1,3,0,0,8,True
2024-2024122803gm-00a9-0000-f48082aa-02-s3-d11,215,B,4,68,"[-7400,24200,53700,29500]",2,4.0,0,3,2,0,7,True
2024-2024122803gm-00a9-0000-f48082aa-02-s3-d11,216,A,1,35,"[41900,-200,41800,16500]",3,-4.0,1,1,0,0,7,True
2024-2024122803gm-00a9-0000-f48082aa-02-s3-d11,216,B,4,68,"[29500,-2000,36800,35700]",2,4.0,1,3,0,0,9,True
2024-2024122803gm-00a9-0000-f48082aa-02-s3-d11,217,A,1,35,"[41800,-300,35500,23000]",3,-4.0,1,1,0,0,6,True
2024-2024122803gm-00a9-0000-f48082aa-02-s3-d11,217,B,4,68,"[36300,23200,18500,22000]",3,-4.0,1,3,0,0,8,True
2024-2024122803gm-00a9-0000-f48082aa-02-s3-d11,218,A,1,35,"[45500,13800,5700,35000]",2,4.0,1,3,0,0,10,True
2024-2024122803gm-00a9-0000-f48082aa-02-s3-d11,218,B,4,68,"[34100,12000,-300,54200]",1,10.0,1,1,0,0,9,True
2024-2024122803gm-00a9-0000-f48082aa-02-s3-d11,219,A,1,35,"[29300,20200,37100,13400]",4,-10.0,1,3,0,0,10,True
2024-2024122803gm-00a9-0000-f48082aa-02-s3-d11,219,B,4,68,"[27900,3100,33700,35300]",1,10.0,1,3,0,0,10,True
2024-2024122803gm-00a9-0000-f48082aa-02-s3-d11,220,A,1,35,"[6100,13200,34600,46100]",1,10.0,1,3,0,0,11,True
2024-2024122803gm-00a9-0000-f48082aa-02-s3-d11,220,B,4,68,"[6100,13200,34600,46100]",1,10.0,1,3,0,0,11,True
2024-2024122803gm-00a9-0000-f48082aa-02-s3-d11,221,A,1,35,"[20100,15500,29500,34900]",1,10.0,1,3,0,0,7,True
2024-2024122803gm-00a9-0000-f48082aa-02-s3-d11,221,B,4,68,"[10000,22200,28100,39700]",1,10.0,1,3,0,0,11,True
2024-2024122803gm-00a9-0000-f48082aa-02-s3-d11,222,A,1,35,"[27000,28800,9900,34300]",1,10.0,1,3,0,0,9,True
2024-2024122803gm-00a9-0000-f48082aa-02-s3-d11,222,B,4,68,"[1400,26000,48200,24400]",3,-4.0,1,3,0,0,9,True
2024-2024122803gm-00a9-0000-f48082aa-02-s3-d11,223,A,1,35,"[10100,6900,43600,38400]",2,4.0,1,3,0,1,11,True
2024-2024122803gm-00a9-0000-f48082aa-02-s3-d11,223,B,4,68,"[18800,24300,35200,21700]",3,-4.0,1,3,0,0,10,True
2024-2024122803gm-00a9-0000-f48082aa-02-s3-d11,224,A,1,35,"[31100,21300,35600,12000]",4,-10.0,1,3,0,0,9,True
2024-2024122803gm-00a9-0000-f48082aa-02-s3-d11,224,B,4,68,"[33800,26800,16700,22700]",3,-4.0,2,0,0,0,10,True
2024-2024122803gm-00a9-0000-f48082aa-02-s3-d11,225,A,1,35,"[20200,2700,18900,58200]",1,10.0,1,3,0,0,11,True
2024-2024122803gm-00a9-0000-f48082aa-02-s3-d11,225,B,4,68,"[20200,2700,18900,58200]",1,10.0,1,3,0,0,11,True
2024-2024122803gm-00a9-0000-f48082aa-02-s3-d11,226,A,1,35,"[30800,28000,19700,21500]",3,-4.0,2,0,0,0,9,True
2024-2024122803gm-00a9-0000-f48082aa-02-s3-d11,226,B,4,68,"[30800,28000,19700,21500]",3,-4.0,2,0,0,0,9,True
2024-2024122803gm-00a9-0000-f48082aa-02-s3-d11,227,A,1,35,"[45400,20700,20500,13400]",4,-10.0,1,3,0,0,10,True
2024-2024122803gm-00a9-0000-f48082aa-02-s3-d11,227,B,4,68,"[34600,18100,22700,24600]",2,4.0,1,3,0,0,8,True
2024-2024122803gm-00a9-0000-f48082aa-02-s3-d11,228,A,1,35,"[36100,-700,33400,31200]",3,-4.0,1,3,0,0,7,True
2024-2024122803gm-00a9-0000-f48082aa-02-s3-d11,228,B,4,68,"[36400,-400,34000,30000]",3,-4.0,1,3,0,0,7,True
2024-2024122803gm-00a9-0000-f48082aa-02-s3-d11,229,A,1,35,"[43200,13700,40600,2500]",4,-10.0,1,3,0,0,8,True
2024-2024122803gm-00a9-0000-f48082aa-02-s3-d11,229,B,4,68,"[23500,20800,50700,5000]",4,-10.0,1,3,0,0,8,True
2024-2024122803gm-00a9-0000-f48082aa-02-s3-d11,230,A,1,35,"[53500,-300,20900,24900]",2,4.0,1,0,0,1,5,True
2024-2024122803gm-00a9-0000-f48082aa-02-s3-d11,230,B,4,68,"[53500,-300,20900,24900]",2,4.0,1,0,0,1,5,True
2024-2024122803gm-00a9-0000-f48082aa-02-s3-d11,231,A,1,35,"[44700,18800,23800,12700]",4,-10.0,1,3,3,0,14,True
2024-2024122803gm-00a9-0000-f48082aa-02-s3-d11,231,B,4,68,"[16400,23600,29600,30400]",1,10.0,1,3,0,0,10,True
2024-2024122803gm-00a9-0000-f48082aa-02-s3-d11,232,A,1,35,"[23400,-6600,61500,21700]",3,-4.0,1,2,1,0,9,True
2024-2024122803gm-00a9-0000-f48082aa-02-s3-d11,232,B,4,68,"[-2300,25400,39700,37200]",2,4.0,1,1,1,0,7,True
2024-2024122803gm-00a9-0000-f48082aa-02-s3-d11,233,A,1,35,"[26600,17300,34100,22000]",3,-4.0,1,3,1,0,9,True
2024-2024122803gm-00a9-0000-f48082aa-02-s3-d11,233,B,4,68,"[32200,13600,23100,30100]",2,4.0,1,3,0,1,8,True
2024-2024122803gm-00a9-0000-f48082aa-02-s3-d11,234,A,1,35,"[39400,22400,25000,13200]",4,-10.0,1,3,1,0,8,True
2024-2024122803gm-00a9-0000-f48082aa-02-s3-d11,234,B,4,68,"[39400,22400,25000,13200]",4,-10.0,1,3,1,0,8,True
2024-2024122803gm-00a9-0000-f48082aa-02-s3-d11,235,A,1,35,"[22500,38100,23100,16300]",4,-10.0,2,0,0,0,11,True
2024-2024122803gm-00a9-0000-f48082aa-02-s3-d11,235,B,4,68,"[22500,38100,23100,16300]",4,-10.0,2,0,0,0,11,True
2024-2024122803gm-00a9-0000-f48082aa-02-s3-d11,236,A,1,35,"[33100,20000,27200,19700]",4,-10.0,1,3,1,0,8,True
2024-2024122803gm-00a9-0000-f48082aa-02-s3-d11,236,B,4,68,"[31300,14800,28500,25400]",3,-4.0,1,3,1,0,8,True
2024-2024122803gm-00a9-0000-f48082aa-02-s3-d11,237,A,1,35,"[33800,9600,18500,38100]",1,10.0,1,3,0,0,10,True
2024-2024122803gm-00a9-0000-f48082aa-02-s3-d11,237,B,4,68,"[42000,3500,40100,14400]",3,-4.0,1,3,0,0,11,True
2024-2024122803gm-00a9-0000-f48082aa-02-s3-d11,238,A,1,35,"[42400,33800,14800,9000]",4,-10.0,1,3,0,0,8,True
2024-2024122803gm-00a9-0000-f48082aa-02-s3-d11,238,B,4,68,"[42400,33800,14800,9000]",4,-10.0,1,3,0,0,8,True
2024-2024122803gm-00a9-0000-f48082aa-02-s3-d11,239,A,1,35,"[34200,-900,36700,30000]",3,-4.0,1,1,0,0,9,True
2024-2024122803gm-00a9-0000-f48082aa-02-s3-d11,239,B,4,68,"[34200,-900,36700,30000]",3,-4.0,1,1,0,0,9,True
2024-2024122803gm-00a9-0000-f48082aa-02-s3-d11,240,A,1,35,"[14400,19500,35000,31100]",2,4.0,1,3,0,0,9,True
2024-2024122803gm-00a9-0000-f48082aa-02-s3-d11,240,B,4,68,"[14400,19500,35000,31100]",2,4.0,1,3,0,0,9,True
2024-2024122803gm-00a9-0000-f48082aa-02-s3-d11,241,A,1,35,"[31900,27400,12600,28100]",2,4.0,1,3,0,0,8,True
2024-2024122803gm-00a9-0000-f48082aa-02-s3-d11,241,B,4,68,"[31900,27400,12600,28100]",2,4.0,1,3,0,0,8,True
2024-2024122803gm-00a9-0000-f48082aa-02-s3-d11,242,A,1,35,"[38800,9900,17400,33900]",2,4.0,1,3,0,0,8,True
2024-2024122803gm-00a9-0000-f48082aa-02-s3-d11,242,B,4,68,"[38800,9900,17400,33900]",2,4.0,1,3,0,0,8,True
2024-2024122803gm-00a9-0000-f48082aa-02-s3-d11,243,A,1,35,"[19100,28700,37600,14600]",4,-10.0,1,3,1,0,8,True
2024-2024122803gm-00a9-0000-f48082aa-02-s3-d11,243,B,4,68,"[28700,32100,21800,17400]",4,-10.0,1,3,0,0,7,True
2024-2024122803gm-00a9-0000-f48082aa-02-s3-d11,244,A,1,35,"[31600,22800,28800,16800]",4,-10.0,1,3,1,0,8,True
2024-2024122803gm-00a9-0000-f48082aa-02-s3-d11,244,B,4,68,"[21600,20100,41900,16400]",4,-10.0,1,3,0,0,10,True
2024-2024122803gm-00a9-0000-f48082aa-02-s3-d11,245,A,1,35,"[16600,23900,31300,28200]",2,4.0,1,3,0,0,7,True
2024-2024122803gm-00a9-0000-f48082aa-02-s3-d11,245,B,4,68,"[16600,23900,31300,28200]",2,4.0,1,3,0,0,7,True
2024-2024122803gm-00a9-0000-f48082aa-02-s3-d11,246,A,1,35,"[29500,22400,10900,37200]",1,10.0,1,3,0,0,7,True
2024-2024122803gm-00a9-0000-f48082aa-02-s3-d11,246,B,4,68,"[35000,18300,22700,24000]",2,4.0,1,3,2,0,9,True
2024-2024122803gm-00a9-0000-f48082aa-02-s3-d11,247,A,1,35,"[42700,12700,26000,18600]",3,-4.0,1,3,0,0,10,True
2024-2024122803gm-00a9-0000-f48082aa-02-s3-d11,247,B,4,68,"[42700,12700,26000,18600]",3,-4.0,1,3,0,0,10,True
2024-2024122803gm-00a9-0000-f48082aa-02-s3-d11,248,A,1,35,"[35900,21700,17500,24900]",2,4.0,1,3,0,0,7,True
2024-2024122803gm-00a9-0000-f48082aa-02-s3-d11,248,B,4,68,"[22800,18700,23200,35300]",1,10.0,1,3,0,0,8,True
2024-2024122803gm-00a9-0000-f48082aa-02-s3-d11,249,A,1,35,"[43200,19900,20300,16600]",4,-10.0,1,3,0,0,8,True
2024-2024122803gm-00a9-0000-f48082aa-02-s3-d11,249,B,4,68,"[19200,30700,30500,19600]",3,-4.0,1,3,0,0,9,True
2024-2024122803gm-00a9-0000-f48082aa-02-s3-d11,250,A,1,35,"[35100,15600,16800,32500]",2,4.0,1,3,0,0,7,True
2024-2024122803gm-00a9-0000-f48082aa-02-s3-d11,250,B,4,68,"[12400,21700,36100,29800]",2,4.0,1,3,0,0,10,True
2024-2024122803gm-00a9-0000-f48082aa-02-s3-d11,251,A,1,35,"[21800,8700,16700,52800]",1,10.0,1,3,0,0,10,True
2024-2024122803gm-00a9-0000-f48082aa-02-s3-d11,251,B,4,68,"[21800,8700,16700,52800]",1,10.0,1,3,0,0,10,True
2024-2024122803gm-00a9-0000-f48082aa-02-s3-d11,252,A,1,35,"[26800,15800,22800,34600]",1,10.0,2,3,0,0,11,True
2024-2024122803gm-00a9-0000-f48082aa-02-s3-d11,252,B,4,68,"[17000,31000,18000,34000]",1,10.0,1,3,0,0,8,True
2024-2024122803gm-00a9-0000-f48082aa-02-s3-d11,253,A,1,35,"[29700,17100,14800,38400]",1,10.0,1,3,0,0,7,True
2024-2024122803gm-00a9-0000-f48082aa-02-s3-d11,253,B,4,68,"[36000,2700,28000,33300]",2,4.0,1,3,2,0,9,True
2024-2024122803gm-00a9-0000-f48082aa-02-s3-d11,254,A,1,35,"[35900,19200,12700,32200]",2,4.0,1,3,2,0,8,True
2024-2024122803gm-00a9-0000-f48082aa-02-s3-d11,254,B,4,68,"[35900,19200,12700,32200]",2,4.0,1,3,2,0,8,True
2024-2024122803gm-00a9-0000-f48082aa-02-s3-d11,255,A,1,35,"[29900,31300,21200,17600]",4,-10.0,1,3,0,0,12,True
2024-2024122803gm-00a9-0000-f48082aa-02-s3-d11,255,B,4,68,"[17000,16500,29900,36600]",1,10.0,1,3,1,0,12,True
2025-2025011102gm-00a9-0000-034cfa13-10-s1-d4,0,A,1,53,"[16500,23300,46700,12500]",2,4.0,1,3,3,1,3,True
2025-2025011102gm-00a9-0000-034cfa13-10-s1-d4,0,B,2,35,"[16500,23300,46700,12500]",2,4.0,1,3,3,1,3,True
2025-2025011102gm-00a9-0000-034cfa13-10-s1-d4,1,A,1,53,"[12900,20400,42400,24300]",3,-4.0,1,3,0,0,2,True
2025-2025011102gm-00a9-0000-034cfa13-10-s1-d4,1,B,2,35,"[15600,40600,32500,11300]",1,10.0,1,3,0,0,2,True
2025-2025011102gm-00a9-0000-034cfa13-10-s1-d4,2,A,1,53,"[15000,13500,47200,24300]",4,-10.0,1,3,0,0,2,True
2025-2025011102gm-00a9-0000-034cfa13-10-s1-d4,2,B,2,35,"[15000,13500,47200,24300]",4,-10.0,1,3,0,0,2,True
2025-2025011102gm-00a9-0000-034cfa13-10-s1-d4,3,A,1,53,"[14300,28100,47800,9800]",2,4.0,1,3,2,0,2,True
2025-2025011102gm-00a9-0000-034cfa13-10-s1-d4,3,B,2,35,"[13900,35100,43400,7600]",2,4.0,1,3,0,0,2,True
2025-2025011102gm-00a9-0000-034cfa13-10-s1-d4,4,A,1,53,"[1400,40400,46200,12000]",2,4.0,1,3,0,0,2,True
2025-2025011102gm-00a9-0000-034cfa13-10-s1-d4,4,B,2,35,"[1400,40400,46200,12000]",2,4.0,1,3,0,0,2,True
2025-2025011102gm-00a9-0000-034cfa13-10-s1-d4,5,A,1,53,"[15900,34100,40100,9900]",2,4.0,1,3,0,0,2,True
2025-2025011102gm-00a9-0000-034cfa13-10-s1-d4,5,B,2,35,"[11100,28900,49900,10100]",2,4.0,1,3,0,0,3,True
2025-2025011102gm-00a9-0000-034cfa13-10-s1-d4,6,A,1,53,"[20000,33100,45200,1700]",2,4.0,1,3,0,0,2,True
2025-2025011102gm-00a9-0000-034cfa13-10-s1-d4,6,B,2,35,"[20000,33100,45200,1700]",2,4.0,1,3,0,0,2,True
2025-2025011102gm-00a9-0000-034cfa13-10-s1-d4,7,A,1,53,"[18400,27800,45700,8100]",2,4.0,1,3,0,0,2,True
2025-2025011102gm-00a9-0000-034cfa13-10-s1-d4,7,B,2,35,"[21300,25800,43200,9700]",2,4.0,1,3,2,0,2,True
2025-2025011102gm-00a9-0000-034cfa13-10-s1-d4,8,A,1,53,"[19100,25000,44800,11100]",2,4.0,1,3,0,0,2,True
2025-2025011102gm-00a9-0000-034cfa13-10-s1-d4,8,B,2,35,"[13900,23700,46000,16400]",2,4.0,1,3,0,0,2,True
2025-2025011102gm-00a9-0000-034cfa13-10-s1-d4,9,A,1,53,"[12000,33800,45200,9000]",2,4.0,1,3,0,0,2,True
2025-2025011102gm-00a9-0000-034cfa13-10-s1-d4,9,B,2,35,"[13600,26400,49000,11000]",2,4.0,1,3,2,0,2,True
2025-2025011102gm-00a9-0000-034cfa13-10-s1-d4,10,A,1,53,"[13500,27300,52000,7200]",2,4.0,1,3,2,0,2,True
2025-2025011102gm-00a9-0000-034cfa13-10-s1-d4,10,B,2,35,"[13500,27300,52000,7200]",2,4.0,1,3,2,0,2,True
2025-2025011102gm-00a9-0000-034cfa13-10-s1-d4,11,A,1,53,"[23900,31800,44200,100]",2,4.0,1,3,0,0,2,True
2025-2025011102gm-00a9-0000-034cfa13-10-s1-d4,11,B,2,35,"[23900,31800,44200,100]",2,4.0,1,3,0,0,2,True
2025-2025011102gm-00a9-0000-034cfa13-10-s1-d4,12,A,1,53,"[15400,21400,47400,15800]",2,4.0,1,3,1,0,3,True
2025-2025011102gm-00a9-0000-034cfa13-10-s1-d4,12,B,2,35,"[15400,21400,47400,15800]",2,4.0,1,3,1,0,3,True
2025-2025011102gm-00a9-0000-034cfa13-10-s1-d4,13,A,1,53,"[16000,25800,58500,-300]",2,4.0,1,2,1,0,1,True
2025-2025011102gm-00a9-0000-034cfa13-10-s1-d4,13,B,2,35,"[15600,37700,35400,11300]",1,10.0,1,3,0,0,2,True
2025-2025011102gm-00a9-0000-034cfa13-10-s1-d4,14,A,1,53,"[15400,35600,40600,8400]",2,4.0,1,3,0,0,2,True
2025-2025011102gm-00a9-0000-034cfa13-10-s1-d4,14,B,2,35,"[15000,28800,47800,8400]",2,4.0,1,3,2,0,2,True
2025-2025011102gm-00a9-0000-034cfa13-10-s1-d4,15,A,1,53,"[21200,16500,44900,17400]",4,-10.0,1,3,0,0,2,True
2025-2025011102gm-00a9-0000-034cfa13-10-s1-d4,15,B,2,35,"[12800,33000,44000,10200]",2,4.0,1,3,1,0,3,True
2025-2025011102gm-00a9-0000-034cfa13-10-s1-d4,16,A,1,53,"[7700,25800,48800,17700]",2,4.0,1,3,0,0,2,True
2025-2025011102gm-00a9-0000-034cfa13-10-s1-d4,16,B,2,35,"[15300,24100,47600,13000]",2,4.0,1,3,0,0,3,True
2025-2025011102gm-00a9-0000-034cfa13-10-s1-d4,17,A,1,53,"[14500,23700,44100,17700]",2,4.0,1,3,2,0,4,True
2025-2025011102gm-00a9-0000-034cfa13-10-s1-d4,17,B,2,35,"[13500,27300,45700,9500]",2,4.0,1,3,4,4,4,True
2025-2025011102gm-00a9-0000-034cfa13-10-s1-d4,18,A,1,53,"[16000,21600,43300,19100]",2,4.0,1,3,1,0,3,True
2025-2025011102gm-00a9-0000-034cfa13-10-s1-d4,18,B,2,35,"[17000,26300,49000,7700]",2,4.0,1,3,0,0,3,True
2025-2025011102gm-00a9-0000-034cfa13-10-s1-d4,19,A,1,53,"[12400,25800,46200,15600]",2,4.0,1,3,1,0,3,True
2025-2025011102gm-00a9-0000-034cfa13-10-s1-d4,19,B,2,35,"[12400,25800,46200,15600]",2,4.0,1,3,1,0,3,True
2025-2025011102gm-00a9-0000-034cfa13-10-s1-d4,20,A,1,53,"[14800,22600,52600,10000]",2,4.0,1,3,3,0,3,True
2025-2025011102gm-00a9-0000-034cfa13-10-s1-d4,20,B,2,35,"[8700,38100,44300,8900]",2,4.0,1,3,1,0,3,True
2025-2025011102gm-00a9-0000-034cfa13-10-s1-d4,21,A,1,53,"[26100,10000,45600,18300]",4,-10.0,1,3,1,0,3,True
2025-2025011102gm-00a9-0000-034cfa13-10-s1-d4,21,B,2,35,"[26100,10000,45600,18300]",4,-10.0,1,3,1,0,3,True
2025-2025011102gm-00a9-0000-034cfa13-10-s1-d4,22,A,1,53,"[15000,24200,47200,13600]",2,4.0,1,3,0,0,2,True
2025-2025011102gm-00a9-0000-034cfa13-10-s1-d4,22,B,2,35,"[15600,33700,40400,10300]",2,4.0,1,3,0,0,2,True
2025-2025011102gm-00a9-0000-034cfa13-10-s1-d4,23,A,1,53,"[18600,24800,42600,14000]",2,4.0,1,3,2,0,2,True
2025-2025011102gm-00a9-0000-034cfa13-10-s1-d4,23,B,2,35,"[18600,24800,42600,14000]",2,4.0,1,3,2,0,2,True
2025-2025011102gm-00a9-0000-034cfa13-10-s1-d4,24,A,1,53,"[19400,22400,44700,13500]",2,4.0,1,3,3,0,3,True
2025-2025011102gm-00a9-0000-034cfa13-10-s1-d4,24,B,2,35,"[19400,22400,44700,13500]",2,4.0,1,3,3,0,3,True
2025-2025011102gm-00a9-0000-034cfa13-10-s1-d4,25,A,1,53,"[9900,21600,44900,23600]",3,-4.0,1,3,1,0,3,True
2025-2025011102gm-00a9-0000-034cfa13-10-s1-d4,25,B,2,35,"[10100,29200,42800,17900]",2,4.0,1,3,3,0,3,True
2025-2025011102gm-00a9-0000-034cfa13-10-s1-d4,26,A,1,53,"[15000,34100,47200,3700]",2,4.0,1,3,0,0,2,True
2025-2025011102gm-00a9-0000-034cfa13-10-s1-d4,26,B,2,35,"[14500,25700,47300,12500]",2,4.0,1,3,2,0,2,True
2025-2025011102gm-00a9-0000-034cfa13-10-s1-d4,27,A,1,53,"[14500,24800,45200,14500]",2,4.0,1,3,0,1,2,True
2025-2025011102gm-00a9-0000-034cfa13-10-s1-d4,27,B,2,35,"[14500,24800,45200,14500]",2,4.0,1,3,0,1,2,True
2025-2025011102gm-00a9-0000-034cfa13-10-s1-d4,28,A,1,53,"[14500,25400,46600,13500]",2,4.0,1,3,2,0,2,True
2025-2025011102gm-00a9-0000-034cfa13-10-s1-d4,28,B,2,35,"[15000,34100,47200,3700]",2,4.0,1,3,0,0,2,True
2025-2025011102gm-00a9-0000-034cfa13-10-s1-d4,29,A,1,53,"[13800,30900,44000,11300]",2,4.0,1,3,2,0,2,True
2025-2025011102gm-00a9-0000-034cfa13-10-s1-d4,29,B,2,35,"[13800,30900,44000,11300]",2,4.0,1,3,2,0,2,True
2025-2025011102gm-00a9-0000-034cfa13-10-s1-d4,30,A,1,53,"[16300,28600,35300,19800]",2,4.0,1,3,1,0,3,True
2025-2025011102gm-00a9-0000-034cfa13-10-s1-d4,30,B,2,35,"[10500,22600,45900,21000]",2,4.0,1,3,1,0,3,True
2025-2025011102gm-00a9-0000-034cfa13-10-s1-d4,31,A,1,53,"[18400,26400,43600,11600]",2,4.0,1,3,0,0,2,True
2025-2025011102gm-00a9-0000-034cfa13-10-s1-d4,31,B,2,35,"[17300,27100,44900,10700]",2,4.0,1,3,0,0,2,True
2025-2025011102gm-00a9-0000-034cfa13-10-s1-d4,32,A,1,53,"[13900,38000,42100,6000]",2,4.0,1,3,0,0,2,True
2025-2025011102gm-00a9-0000-034cfa13-10-s1-d4,32,B,2,35,"[18200,23800,49900,8100]",2,4.0,1,3,0,0,2,True
2025-2025011102gm-00a9-0000-034cfa13-10-s1-d4,33,A,1,53,"[19500,30000,39000,11500]",2,4.0,1,3,1,0,3,True
2025-2025011102gm-00a9-0000-034cfa13-10-s1-d4,33,B,2,35,"[19500,30000,39000,11500]",2,4.0,1,3,1,0,3,True
2025-2025011102gm-00a9-0000-034cfa13-10-s1-d4,34,A,1,53,"[16100,25700,44700,13500]",2,4.0,1,3,2,0,2,True
2025-2025011102gm-00a9-0000-034cfa13-10-s1-d4,34,B,2,35,"[16600,23200,45200,15000]",2,4.0,1,3,2,0,2,True
2025-2025011102gm-00a9-0000-034cfa13-10-s1-d4,35,A,1,53,"[14500,35300,39700,10500]",2,4.0,1,3,0,0,2,True
2025-2025011102gm-00a9-0000-034cfa13-10-s1-d4,35,B,2,35,"[3000,40800,45500,10700]",2,4.0,1,3,0,0,2,True
2025-2025011102gm-00a9-0000-034cfa13-10-s1-d4,36,A,1,53,"[14100,18700,52300,14900]",2,4.0,1,3,0,0,3,True
2025-2025011102gm-00a9-0000-034cfa13-10-s1-d4,36,B,2,35,"[14100,18700,52300,14900]",2,4.0,1,3,0,0,3,True
2025-2025011102gm-00a9-0000-034cfa13-10-s1-d4,37,A,1,53,"[3900,31400,44100,20600]",2,4.0,1,3,1,0,3,True
2025-2025011102gm-00a9-0000-034cfa13-10-s1-d4,37,B,2,35,"[3900,31400,44100,20600]",2,4.0,1,3,1,0,3,True
2025-2025011102gm-00a9-0000-034cfa13-10-s1-d4,38,A,1,53,"[22200,27800,45700,4300]",2,4.0,1,3,0,0,2,True
2025-2025011102gm-00a9-0000-034cfa13-10-s1-d4,38,B,2,35,"[22200,27800,45700,4300]",2,4.0,1,3,0,0,2,True
2025-2025011102gm-00a9-0000-034cfa13-10-s1-d4,39,A,1,53,"[9100,22300,46200,22400]",3,-4.0,1,3,1,0,3,True
2025-2025011102gm-00a9-0000-034cfa13-10-s1-d4,39,B,2,35,"[20600,18700,44700,16000]",3,-4.0,1,3,3,0,3,True
2025-2025011102gm-00a9-0000-034cfa13-10-s1-d4,40,A,1,53,"[22200,25200,41200,11400]",2,4.0,1,3,0,0,2,True
2025-2025011102gm-00a9-0000-034cfa13-10-s1-d4,40,B,2,35,"[22200,25200,41200,11400]",2,4.0,1,3,0,0,2,True
2025-2025011102gm-00a9-0000-034cfa13-10-s1-d4,41,A,1,53,"[16500,34900,36100,12500]",2,4.0,1,3,2,0,2,True
2025-2025011102gm-00a9-0000-034cfa13-10-s1-d4,41,B,2,35,"[16500,34900,36100,12500]",2,4.0,1,3,2,0,2,True
2025-2025011102gm-00a9-0000-034cfa13-10-s1-d4,42,A,1,53,"[21000,22300,46700,10000]",2,4.0,1,3,5,0,5,True
2025-2025011102gm-00a9-0000-034cfa13-10-s1-d4,42,B,2,35,"[21000,22300,46700,10000]",2,4.0,1,3,5,0,5,True
2025-2025011102gm-00a9-0000-034cfa13-10-s1-d4,43,A,1,53,"[13900,41800,34400,9900]",1,10.0,1,3,0,0,2,True
2025-2025011102gm-00a9-0000-034cfa13-10-s1-d4,43,B,2,35,"[14000,41700,44200,100]",2,4.0,1,3,0,0,2,True
2025-2025011102gm-00a9-0000-034cfa13-10-s1-d4,44,A,1,53,"[16000,38100,46200,-300]",2,4.0,1,2,1,0,1,True
2025-2025011102gm-00a9-0000-034cfa13-10-s1-d4,44,B,2,35,"[16000,38100,46200,-300]",2,4.0,1,2,1,0,1,True
2025-2025011102gm-00a9-0000-034cfa13-10-s1-d4,45,A,1,53,"[9000,29400,53200,8400]",2,4.0,1,3,2,0,4,True
2025-2025011102gm-00a9-0000-034cfa13-10-s1-d4,45,B,2,35,"[4000,35100,49900,11000]",2,4.0,1,3,0,0,2,True
2025-2025011102gm-00a9-0000-034cfa13-10-s1-d4,46,A,1,53,"[21000,33100,45200,700]",2,4.0,1,3,0,0,2,True
2025-2025011102gm-00a9-0000-034cfa13-10-s1-d4,46,B,2,35,"[21200,23200,44900,10700]",2,4.0,1,3,0,0,2,True
2025-2025011102gm-00a9-0000-034cfa13-10-s1-d4,47,A,1,53,"[15600,32100,44200,8100]",2,4.0,1,3,0,0,2,True
2025-2025011102gm-00a9-0000-034cfa13-10-s1-d4,47,B,2,35,"[16900,33100,41100,8900]",2,4.0,1,3,0,0,2,True
2025-2025011102gm-00a9-0000-034cfa13-10-s1-d4,48,A,1,53,"[8500,27800,46200,17500]",2,4.0,1,3,0,0,2,True
2025-2025011102gm-00a9-0000-034cfa13-10-s1-d4,48,B,2,35,"[16600,27800,46200,9400]",2,4.0,1,3,0,0,2,True
2025-2025011102gm-00a9-0000-034cfa13-10-s1-d4,49,A,1,53,"[1700,38100,48200,12000]",2,4.0,1,3,0,0,2,True
2025-2025011102gm-00a9-0000-034cfa13-10-s1-d4,49,B,2,35,"[1700,38100,48200,12000]",2,4.0,1,3,0,0,2,True
2025-2025011102gm-00a9-0000-034cfa13-10-s1-d4,50,A,1,53,"[16000,25800,58500,-300]",2,4.0,1,2,1,0,1,True
2025-2025011102gm-00a9-0000-034cfa13-10-s1-d4,50,B,2,35,"[7700,19500,55600,17200]",2,4.0,1,3,1,0,4,True
2025-2025011102gm-00a9-0000-034cfa13-10-s1-d4,51,A,1,53,"[2600,36800,50100,10500]",2,4.0,1,3,0,0,3,True
2025-2025011102gm-00a9-0000-034cfa13-10-s1-d4,51,B,2,35,"[2600,36800,50100,10500]",2,4.0,1,3,0,0,3,True
2025-2025011102gm-00a9-0000-034cfa13-10-s1-d4,52,A,1,53,"[15700,34800,37500,12000]",2,4.0,1,3,0,0,2,True
2025-2025011102gm-00a9-0000-034cfa13-10-s1-d4,52,B,2,35,"[15700,34800,37500,12000]",2,4.0,1,3,0,0,2,True
2025-2025011102gm-00a9-0000-034cfa13-10-s1-d4,53,A,1,53,"[10700,34100,45500,9700]",2,4.0,1,3,0,0,2,True
2025-2025011102gm-00a9-0000-034cfa13-10-s1-d4,53,B,2,35,"[10700,34100,45500,9700]",2,4.0,1,3,0,0,2,True
2025-2025011102gm-00a9-0000-034cfa13-10-s1-d4,54,A,1,53,"[16000,22300,44200,17500]",2,4.0,1,3,0,0,2,True
2025-2025011102gm-00a9-0000-034cfa13-10-s1-d4,54,B,2,35,"[14900,22700,41100,20300]",2,4.0,1,3,0,1,2,True
2025-2025011102gm-00a9-0000-034cfa13-10-s1-d4,55,A,1,53,"[-6400,25800,44600,36000]",3,-4.0,1,3,0,0,2,True
2025-2025011102gm-00a9-0000-034cfa13-10-s1-d4,55,B,2,35,"[-6400,25800,44600,36000]",3,-4.0,1,3,0,0,2,True
2025-2025011102gm-00a9-0000-034cfa13-10-s1-d4,56,A,1,53,"[10600,28700,46700,14000]",2,4.0,1,3,1,0,3,True
2025-2025011102gm-00a9-0000-034cfa13-10-s1-d4,56,B,2,35,"[10600,28700,46700,14000]",2,4.0,1,3,1,0,3,True
2025-2025011102gm-00a9-0000-034cfa13-10-s1-d4,57,A,1,53,"[4400,25800,51100,18700]",2,4.0,1,3,0,0,2,True
2025-2025011102gm-00a9-0000-034cfa13-10-s1-d4,57,B,2,35,"[11300,24800,45200,17700]",2,4.0,1,3,0,1,2,True
2025-2025011102gm-00a9-0000-034cfa13-10-s1-d4,58,A,1,53,"[33500,22700,34900,8900]",3,-4.0,1,3,0,0,2,True
2025-2025011102gm-00a9-0000-034cfa13-10-s1-d4,58,B,2,35,"[33500,22700,34900,8900]",3,-4.0,1,3,0,0,2,True
2025-2025011102gm-00a9-0000-034cfa13-10-s1-d4,59,A,1,53,"[26900,23700,42100,7300]",3,-4.0,1,3,0,0,2,True
2025-2025011102gm-00a9-0000-034cfa13-10-s1-d4,59,B,2,35,"[26300,21700,42100,9900]",3,-4.0,1,3,0,0,2,True
2025-2025011102gm-00a9-0000-034cfa13-10-s1-d4,60,A,1,53,"[15000,33600,35900,15500]",2,4.0,1,3,3,0,3,True
2025-2025011102gm-00a9-0000-034cfa13-10-s1-d4,60,B,2,35,"[19600,27600,44000,8800]",2,4.0,1,3,2,0,2,True
2025-2025011102gm-00a9-0000-034cfa13-10-s1-d4,61,A,1,53,"[12600,32600,45500,9300]",2,4.0,1,3,0,0,3,True
2025-2025011102gm-00a9-0000-034cfa13-10-s1-d4,61,B,2,35,"[12600,32600,45500,9300]",2,4.0,1,3,0,0,3,True
2025-2025011102gm-00a9-0000-034cfa13-10-s1-d4,62,A,1,53,"[17200,30100,42400,10300]",2,4.0,1,3,1,0,4,True
2025-2025011102gm-00a9-0000-034cfa13-10-s1-d4,62,B,2,35,"[17200,30100,42400,10300]",2,4.0,1,3,1,0,4,True
2025-2025011102gm-00a9-0000-034cfa13-10-s1-d4,63,A,1,53,"[22000,23700,45400,8900]",2,4.0,1,3,0,0,2,True
2025-2025011102gm-00a9-0000-034cfa13-10-s1-d4,63,B,2,35,"[23700,25700,41700,8900]",2,4.0,1,3,0,0,2,True
2025-2025011102gm-00a9-0000-034cfa13-10-s1-d4,64,A,1,53,"[3300,24700,52400,19600]",2,4.0,1,3,1,0,3,True
2025-2025011102gm-00a9-0000-034cfa13-10-s1-d4,64,B,2,35,"[16000,39100,45200,-300]",2,4.0,1,2,1,0,1,True
2025-2025011102gm-00a9-0000-034cfa13-10-s1-d4,65,A,1,53,"[13900,18400,45100,21600]",3,-4.0,1,3,1,1,3,True
2025-2025011102gm-00a9-0000-034cfa13-10-s1-d4,65,B,2,35,"[13900,18400,45100,21600]",3,-4.0,1,3,1,1,3,True
2025-2025011102gm-00a9-0000-034cfa13-10-s1-d4,66,A,1,53,"[23500,25800,46200,4500]",2,4.0,1,3,0,0,2,True
2025-2025011102gm-00a9-0000-034cfa13-10-s1-d4,66,B,2,35,"[23500,25800,46200,4500]",2,4.0,1,3,0,0,2,True
2025-2025011102gm-00a9-0000-034cfa13-10-s1-d4,67,A,1,53,"[12700,19500,40300,26500]",3,-4.0,1,3,0,1,3,True
2025-2025011102gm-00a9-0000-034cfa13-10-s1-d4,67,B,2,35,"[12700,19500,40300,26500]",3,-4.0,1,3,0,1,3,True
2025-2025011102gm-00a9-0000-034cfa13-10-s1-d4,68,A,1,53,"[23000,31500,37500,8000]",2,4.0,1,3,0,0,2,True
2025-2025011102gm-00a9-0000-034cfa13-10-s1-d4,68,B,2,35,"[24000,30500,37500,8000]",2,4.0,1,3,0,0,2,True
2025-2025011102gm-00a9-0000-034cfa13-10-s1-d4,69,A,1,53,"[20800,23700,46200,9300]",2,4.0,1,3,0,0,2,True
2025-2025011102gm-00a9-0000-034cfa13-10-s1-d4,69,B,2,35,"[20800,23700,46200,9300]",2,4.0,1,3,0,0,2,True
2025-2025011102gm-00a9-0000-034cfa13-10-s1-d4,70,A,1,53,"[8500,22300,59700,9500]",2,4.0,1,3,0,0,4,True
2025-2025011102gm-00a9-0000-034cfa13-10-s1-d4,70,B,2,35,"[17400,11200,39100,32300]",4,-10.0,1,3,1,0,3,True
2025-2025011102gm-00a9-0000-034cfa13-10-s1-d4,71,A,1,53,"[28000,31100,34900,6000]",2,4.0,1,3,0,0,2,True
2025-2025011102gm-00a9-0000-034cfa13-10-s1-d4,71,B,2,35,"[28000,31100,34900,6000]",2,4.0,1,3,0,0,2,True
2025-2025011102gm-00a9-0000-034cfa13-10-s1-d4,72,A,1,53,"[27000,24000,40100,8900]",3,-4.0,1,3,1,0,3,True
2025-2025011102gm-00a9-0000-034cfa13-10-s1-d4,72,B,2,35,"[27000,24000,40100,8900]",3,-4.0,1,3,1,0,3,True
2025-2025011102gm-00a9-0000-034cfa13-10-s1-d4,73,A,1,53,"[15000,27400,43600,14000]",2,4.0,1,3,2,0,2,True
2025-2025011102gm-00a9-0000-034cfa13-10-s1-d4,73,B,2,35,"[15000,27400,43600,14000]",2,4.0,1,3,2,0,2,True
2025-2025011102gm-00a9-0000-034cfa13-10-s1-d4,74,A,1,53,"[17600,28100,44500,9800]",2,4.0,1,3,2,0,2,True
2025-2025011102gm-00a9-0000-034cfa13-10-s1-d4,74,B,2,35,"[11800,41400,42000,4800]",2,4.0,1,3,2,0,2,True
2025-2025011102gm-00a9-0000-034cfa13-10-s1-d4,75,A,1,53,"[26300,21400,45200,7100]",3,-4.0,1,3,0,0,3,True
2025-2025011102gm-00a9-0000-034cfa13-10-s1-d4,75,B,2,35,"[11100,34200,40000,14700]",2,4.0,1,3,1,0,3,True
2025-2025011102gm-00a9-0000-034cfa13-10-s1-d4,76,A,1,53,"[6800,40000,43200,10000]",2,4.0,1,3,4,0,4,True
2025-2025011102gm-00a9-0000-034cfa13-10-s1-d4,76,B,2,35,"[6800,40000,43200,10000]",2,4.0,1,3,4,0,4,True
2025-2025011102gm-00a9-0000-034cfa13-10-s1-d4,77,A,1,53,"[19600,27800,45200,7400]",2,4.0,1,3,2,0,2,True
2025-2025011102gm-00a9-0000-034cfa13-10-s1-d4,77,B,2,35,"[15200,25000,48100,11700]",2,4.0,1,3,3,0,3,True
2025-2025011102gm-00a9-0000-034cfa13-10-s1-d4,78,A,1,53,"[17500,31800,40200,10500]",2,4.0,1,3,2,0,2,True
2025-2025011102gm-00a9-0000-034cfa13-10-s1-d4,78,B,2,35,"[17500,31800,40200,10500]",2,4.0,1,3,2,0,2,True
2025-2025011102gm-00a9-0000-034cfa13-10-s1-d4,79,A,1,53,"[10000,33000,30200,26800]",1,10.0,1,3,2,0,4,True
2025-2025011102gm-00a9-0000-034cfa13-10-s1-d4,79,B,2,35,"[19400,19800,49200,11600]",2,4.0,1,3,1,0,3,True
2025-2025011102gm-00a9-0000-034cfa13-10-s1-d4,80,A,1,53,"[22100,23800,41200,12900]",2,4.0,1,3,3,0,3,True
2025-2025011102gm-00a9-0000-034cfa13-10-s1-d4,80,B,2,35,"[20600,22200,39600,17600]",2,4.0,1,3,3,0,3,True
2025-2025011102gm-00a9-0000-034cfa13-10-s1-d4,81,A,1,53,"[22800,25800,39400,12000]",2,4.0,1,3,0,0,2,True
2025-2025011102gm-00a9-0000-034cfa13-10-s1-d4,81,B,2,35,"[22800,25800,39400,12000]",2,4.0,1,3,0,0,2,True
2025-2025011102gm-00a9-0000-034cfa13-10-s1-d4,82,A,1,53,"[14000,26300,46100,13600]",2,4.0,1,3,3,0,3,True
2025-2025011102gm-00a9-0000-034cfa13-10-s1-d4,82,B,2,35,"[21200,24800,43000,11000]",2,4.0,1,3,2,0,2,True
2025-2025011102gm-00a9-0000-034cfa13-10-s1-d4,83,A,1,53,"[32900,23800,44200,-900]",3,-4.0,1,3,0,0,2,True
2025-2025011102gm-00a9-0000-034cfa13-10-s1-d4,83,B,2,35,"[32900,23800,44200,-900]",3,-4.0,1,3,0,0,2,True
2025-2025011102gm-00a9-0000-034cfa13-10-s1-d4,84,A,1,53,"[18200,30100,60700,-9000]",2,4.0,1,2,3,0,3,True
2025-2025011102gm-00a9-0000-034cfa13-10-s1-d4,84,B,2,35,"[18800,26400,43800,11000]",2,4.0,1,3,2,0,2,True
2025-2025011102gm-00a9-0000-034cfa13-10-s1-d4,85,A,1,53,"[4500,26700,45200,23600]",2,4.0,1,3,3,0,3,True
2025-2025011102gm-00a9-0000-034cfa13-10-s1-d4,85,B,2,35,"[3000,29200,44700,23100]",2,4.0,1,3,3,0,3,True
2025-2025011102gm-00a9-0000-034cfa13-10-s1-d4,86,A,1,53,"[10900,32100,46600,10400]",2,4.0,1,3,1,0,3,True
2025-2025011102gm-00a9-0000-034cfa13-10-s1-d4,86,B,2,35,"[9500,25800,48500,16200]",2,4.0,1,3,0,0,2,True
2025-2025011102gm-00a9-0000-034cfa13-10-s1-d4,87,A,1,53,"[11800,25600,57800,4800]",2,4.0,1,3,2,0,2,True
2025-2025011102gm-00a9-0000-034cfa13-10-s1-d4,87,B,2,35,"[11800,25600,57800,4800]",2,4.0,1,3,2,0,2,True
2025-2025011102gm-00a9-0000-034cfa13-10-s1-d4,88,A,1,53,"[17300,25200,46100,11400]",2,4.0,1,3,0,0,2,True
2025-2025011102gm-00a9-0000-034cfa13-10-s1-d4,88,B,2,35,"[13900,33100,43100,9900]",2,4.0,1,3,0,0,2,True
2025-2025011102gm-00a9-0000-034cfa13-10-s1-d4,89,A,1,53,"[4400,21300,38100,36200]",3,-4.0,1,3,2,0,4,True
2025-2025011102gm-00a9-0000-034cfa13-10-s1-d4,89,B,2,35,"[4400,21300,38100,36200]",3,-4.0,1,3,2,0,4,True
2025-2025011102gm-00a9-0000-034cfa13-10-s1-d4,90,A,1,53,"[16000,38100,46200,-300]",2,4.0,1,2,1,0,1,True
2025-2025011102gm-00a9-0000-034cfa13-10-s1-d4,90,B,2,35,"[26100,18700,44700,10500]",3,-4.0,1,3,2,0,2,True
2025-2025011102gm-00a9-0000-034cfa13-10-s1-d4,91,A,1,53,"[14000,23800,53600,8600]",2,4.0,1,3,0,0,2,True
2025-2025011102gm-00a9-0000-034cfa13-10-s1-d4,91,B,2,35,"[14000,23800,53600,8600]",2,4.0,1,3,0,0,2,True
2025-2025011102gm-00a9-0000-034cfa13-10-s1-d4,92,A,1,53,"[10700,24100,52300,12900]",2,4.0,1,3,0,0,3,True
2025-2025011102gm-00a9-0000-034cfa13-10-s1-d4,92,B,2,35,"[10700,24100,52300,12900]",2,4.0,1,3,0,0,3,True
2025-2025011102gm-00a9-0000-034cfa13-10-s1-d4,93,A,1,53,"[7000,39100,41900,12000]",2,4.0,1,3,0,0,2,True
2025-2025011102gm-00a9-0000-034cfa13-10-s1-d4,93,B,2,35,"[7000,39100,41900,12000]",2,4.0,1,3,0,0,2,True
2025-2025011102gm-00a9-0000-034cfa13-10-s1-d4,94,A,1,53,"[23300,25800,43200,7700]",2,4.0,1,3,2,0,2,True
2025-2025011102gm-00a9-0000-034cfa13-10-s1-d4,94,B,2,35,"[15000,24800,53800,6400]",2,4.0,1,3,2,0,2,True
2025-2025011102gm-00a9-0000-034cfa13-10-s1-d4,95,A,1,53,"[8400,31200,50700,9700]",2,4.0,1,3,0,0,4,True
2025-2025011102gm-00a9-0000-034cfa13-10-s1-d4,95,B,2,35,"[18800,27600,42800,10800]",2,4.0,1,3,4,0,4,True
2025-2025011102gm-00a9-0000-034cfa13-10-s1-d4,96,A,1,53,"[17500,24300,47700,10500]",2,4.0,1,3,2,0,2,True
2025-2025011102gm-00a9-0000-034cfa13-10-s1-d4,96,B,2,35,"[12900,34100,41000,12000]",2,4.0,1,3,0,0,2,True
2025-2025011102gm-00a9-0000-034cfa13-10-s1-d4,97,A,1,53,"[6300,19300,50400,24000]",3,-4.0,1,3,1,0,3,True
2025-2025011102gm-00a9-0000-034cfa13-10-s1-d4,97,B,2,35,"[17300,29400,46200,7100]",2,4.0,1,3,0,0,2,True
2025-2025011102gm-00a9-0000-034cfa13-10-s1-d4,98,A,1,53,"[300,33800,53900,12000]",2,4.0,1,3,0,0,2,True
2025-2025011102gm-00a9-0000-034cfa13-10-s1-d4,98,B,2,35,"[17600,28100,44500,9800]",2,4.0,1,3,2,0,2,True
2025-2025011102gm-00a9-0000-034cfa13-10-s1-d4,99,A,1,53,"[13500,18300,43700,24500]",3,-4.0,1,3,3,0,3,True
2025-2025011102gm-00a9-0000-034cfa13-10-s1-d4,99,B,2,35,"[13500,18300,43700,24500]",3,-4.0,1,3,3,0,3,True
2025-2025011102gm-00a9-0000-034cfa13-10-s1-d4,100,A,1,53,"[15800,30900,44000,9300]",2,4.0,1,3,2,0,2,True
2025-2025011102gm-00a9-0000-034cfa13-10-s1-d4,100,B,2,35,"[16500,31500,41500,10500]",2,4.0,1,3,2,0,2,True
2025-2025011102gm-00a9-0000-034cfa13-10-s1-d4,101,A,1,53,"[13900,25700,40200,20200]",2,4.0,1,3,0,0,2,True
2025-2025011102gm-00a9-0000-034cfa13-10-s1-d4,101,B,2,35,"[13900,25700,40200,20200]",2,4.0,1,3,0,0,2,True
2025-2025011102gm-00a9-0000-034cfa13-10-s1-d4,102,A,1,53,"[13400,28200,45100,13300]",2,4.0,1,3,0,0,2,True
2025-2025011102gm-00a9-0000-034cfa13-10-s1-d4,102,B,2,35,"[13400,28200,45100,13300]",2,4.0,1,3,0,0,2,True
2025-2025011102gm-00a9-0000-034cfa13-10-s1-d4,103,A,1,53,"[11900,32500,43600,12000]",2,4.0,1,3,0,0,2,True
2025-2025011102gm-00a9-0000-034cfa13-10-s1-d4,103,B,2,35,"[11900,32500,43600,12000]",2,4.0,1,3,0,0,2,True
2025-2025011102gm-00a9-0000-034cfa13-10-s1-d4,104,A,1,53,"[21200,33100,32800,12900]",1,10.0,1,3,1,0,3,True
2025-2025011102gm-00a9-0000-034cfa13-10-s1-d4,104,B,2,35,"[21200,33100,32800,12900]",1,10.0,1,3,1,0,3,True
2025-2025011102gm-00a9-0000-034cfa13-10-s1-d4,105,A,1,53,"[13800,33400,44000,8800]",2,4.0,1,3,2,0,2,True
2025-2025011102gm-00a9-0000-034cfa13-10-s1-d4,105,B,2,35,"[13800,33400,44000,8800]",2,4.0,1,3,2,0,2,True
2025-2025011102gm-00a9-0000-034cfa13-10-s1-d4,106,A,1,53,"[16000,38100,46200,-300]",2,4.0,1,2,1,0,1,True
2025-2025011102gm-00a9-0000-034cfa13-10-s1-d4,106,B,2,35,"[14000,17600,42300,26100]",3,-4.0,1,3,2,0,4,True
2025-2025011102gm-00a9-0000-034cfa13-10-s1-d4,107,A,1,53,"[20600,26300,42600,10500]",2,4.0,1,3,0,0,3,True
2025-2025011102gm-00a9-0000-034cfa13-10-s1-d4,107,B,2,35,"[20600,26300,42600,10500]",2,4.0,1,3,0,0,3,True
2025-2025011102gm-00a9-0000-034cfa13-10-s1-d4,108,A,1,53,"[16000,32800,41800,9400]",2,4.0,1,3,0,0,2,True
2025-2025011102gm-00a9-0000-034cfa13-10-s1-d4,108,B,2,35,"[14900,33100,42100,9900]",2,4.0,1,3,0,0,2,True
2025-2025011102gm-00a9-0000-034cfa13-10-s1-d4,109,A,1,53,"[22300,24200,44100,9400]",2,4.0,1,3,0,0,2,True
2025-2025011102gm-00a9-0000-034cfa13-10-s1-d4,109,B,2,35,"[18000,28800,43200,9000]",2,4.0,1,3,2,1,2,True
2025-2025011102gm-00a9-0000-034cfa13-10-s1-d4,110,A,1,53,"[5100,34800,46200,13900]",2,4.0,1,3,1,0,3,True
2025-2025011102gm-00a9-0000-034cfa13-10-s1-d4,110,B,2,35,"[18000,32100,46200,3700]",2,4.0,1,3,0,0,2,True
2025-2025011102gm-00a9-0000-034cfa13-10-s1-d4,111,A,1,53,"[3200,40100,45700,11000]",2,4.0,1,3,0,0,2,True
2025-2025011102gm-00a9-0000-034cfa13-10-s1-d4,111,B,2,35,"[3200,40100,45700,11000]",2,4.0,1,3,0,0,2,True
2025-2025011102gm-00a9-0000-034cfa13-10-s1-d4,112,A,1,53,"[16100,25700,44700,13500]",2,4.0,1,3,2,0,2,True
2025-2025011102gm-00a9-0000-034cfa13-10-s1-d4,112,B,2,35,"[16100,25700,44700,13500]",2,4.0,1,3,2,0,2,True
2025-2025011102gm-00a9-0000-034cfa13-10-s1-d4,113,A,1,53,"[16100,17100,46700,20100]",3,-4.0,1,3,0,0,3,True
2025-2025011102gm-00a9-0000-034cfa13-10-s1-d4,113,B,2,35,"[17500,28300,41700,11500]",2,4.0,1,3,2,1,2,True
2025-2025011102gm-00a9-0000-034cfa13-10-s1-d4,114,A,1,53,"[14100,27900,49500,8500]",2,4.0,1,3,2,0,2,True
2025-2025011102gm-00a9-0000-034cfa13-10-s1-d4,114,B,2,35,"[16000,21600,48200,14200]",2,4.0,1,3,0,0,2,True
2025-2025011102gm-00a9-0000-034cfa13-10-s1-d4,115,A,1,53,"[25800,18000,44700,10500]",3,-4.0,1,3,0,1,2,True
2025-2025011102gm-00a9-0000-034cfa13-10-s1-d4,115,B,2,35,"[18000,23700,45400,12900]",2,4.0,1,3,1,0,3,True
2025-2025011102gm-00a9-0000-034cfa13-10-s1-d4,116,A,1,53,"[17000,17500,51700,13800]",2,4.0,1,3,1,0,4,True
2025-2025011102gm-00a9-0000-034cfa13-10-s1-d4,116,B,2,35,"[15000,32500,40500,12000]",2,4.0,1,3,0,0,2,True
2025-2025011102gm-00a9-0000-034cfa13-10-s1-d4,117,A,1,53,"[18300,27800,45100,8800]",2,4.0,1,3,0,0,2,True
2025-2025011102gm-00a9-0000-034cfa13-10-s1-d4,117,B,2,35,"[18300,27800,45100,8800]",2,4.0,1,3,0,0,2,True
2025-2025011102gm-00a9-0000-034cfa13-10-s1-d4,118,A,1,53,"[21500,16800,59100,2600]",3,-4.0,1,3,0,0,3,True
2025-2025011102gm-00a9-0000-034cfa13-10-s1-d4,118,B,2,35,"[21500,16800,59100,2600]",3,-4.0,1,3,0,0,3,True
2025-2025011102gm-00a9-0000-034cfa13-10-s1-d4,119,A,1,53,"[14200,31500,46200,8100]",2,4.0,1,3,0,0,2,True
2025-2025011102gm-00a9-0000-034cfa13-10-s1-d4,119,B,2,35,"[14200,31500,46200,8100]",2,4.0,1,3,0,0,2,True
2025-2025011102gm-00a9-0000-034cfa13-10-s1-d4,120,A,1,53,"[27300,18800,40900,13000]",3,-4.0,1,3,1,0,3,True
2025-2025011102gm-00a9-0000-034cfa13-10-s1-d4,120,B,2,35,"[28000,18000,42400,11600]",3,-4.0,1,3,1,0,3,True
2025-2025011102gm-00a9-0000-034cfa13-10-s1-d4,121,A,1,53,"[25300,26800,45200,2700]",2,4.0,1,3,0,0,2,True
2025-2025011102gm-00a9-0000-034cfa13-10-s1-d4,121,B,2,35,"[19000,32100,37900,11000]",2,4.0,1,3,0,0,2,True
2025-2025011102gm-00a9-0000-034cfa13-10-s1-d4,122,A,1,53,"[20700,24300,44700,10300]",2,4.0,1,3,2,0,2,True
2025-2025011102gm-00a9-0000-034cfa13-10-s1-d4,122,B,2,35,"[19100,25700,44700,10500]",2,4.0,1,3,2,0,2,True
2025-2025011102gm-00a9-0000-034cfa13-10-s1-d4,123,A,1,53,"[19600,26900,42000,11500]",2,4.0,1,3,0,0,2,True
2025-2025011102gm-00a9-0000-034cfa13-10-s1-d4,123,B,2,35,"[19600,26900,42000,11500]",2,4.0,1,3,0,0,2,True
2025-2025011102gm-00a9-0000-034cfa13-10-s1-d4,124,A,1,53,"[6700,38100,44200,11000]",2,4.0,1,3,0,0,2,True
2025-2025011102gm-00a9-0000-034cfa13-10-s1-d4,124,B,2,35,"[6700,38100,44200,11000]",2,4.0,1,3,0,0,2,True
2025-2025011102gm-00a9-0000-034cfa13-10-s1-d4,125,A,1,53,"[12300,36800,42500,8400]",2,4.0,1,3,2,0,2,True
2025-2025011102gm-00a9-0000-034cfa13-10-s1-d4,125,B,2,35,"[16000,25800,44100,14100]",2,4.0,1,3,3,0,3,True
2025-2025011102gm-00a9-0000-034cfa13-10-s1-d4,126,A,1,53,"[-16300,58100,46200,12000]",1,10.0,1,2,1,0,1,True
2025-2025011102gm-00a9-0000-034cfa13-10-s1-d4,126,B,2,35,"[-16300,58100,46200,12000]",1,10.0,1,2,1,0,1,True
2025-2025011102gm-00a9-0000-034cfa13-10-s1-d4,127,A,1,53,"[17500,24300,50200,8000]",2,4.0,1,3,2,0,2,True
2025-2025011102gm-00a9-0000-034cfa13-10-s1-d4,127,B,2,35,"[17500,24300,50200,8000]",2,4.0,1,3,2,0,2,True
2025-2025011102gm-00a9-0000-034cfa13-10-s1-d4,128,A,1,53,"[12800,25700,45000,16500]",2,4.0,1,3,4,0,4,True
2025-2025011102gm-00a9-0000-034cfa13-10-s1-d4,128,B,2,35,"[14800,23700,43000,18500]",2,4.0,1,3,4,0,4,True
2025-2025011102gm-00a9-0000-034cfa13-10-s1-d4,129,A,1,53,"[24000,17800,44600,13600]",3,-4.0,1,3,0,0,2,True
2025-2025011102gm-00a9-0000-034cfa13-10-s1-d4,129,B,2,35,"[24000,17800,44600,13600]",3,-4.0,1,3,0,0,2,True
2025-2025011102gm-00a9-0000-034cfa13-10-s1-d4,130,A,1,53,"[17000,23800,42100,16100]",2,4.0,1,3,3,1,3,True
2025-2025011102gm-00a9-0000-034cfa13-10-s1-d4,130,B,2,35,"[17000,23800,42100,16100]",2,4.0,1,3,3,1,3,True
2025-2025011102gm-00a9-0000-034cfa13-10-s1-d4,131,A,1,53,"[16100,27300,43100,13500]",2,4.0,1,3,2,0,2,True
2025-2025011102gm-00a9-0000-034cfa13-10-s1-d4,131,B,2,35,"[21600,24800,42600,11000]",2,4.0,1,3,2,0,2,True
2025-2025011102gm-00a9-0000-034cfa13-10-s1-d4,132,A,1,53,"[21500,22900,43600,12000]",2,4.0,1,3,0,0,2,True
2025-2025011102gm-00a9-0000-034cfa13-10-s1-d4,132,B,2,35,"[21500,22900,43600,12000]",2,4.0,1,3,0,0,2,True
2025-2025011102gm-00a9-0000-034cfa13-10-s1-d4,133,A,1,53,"[18600,26800,41600,13000]",2,4.0,1,3,2,0,2,True
2025-2025011102gm-00a9-0000-034cfa13-10-s1-d4,133,B,2,35,"[17100,20000,45900,17000]",2,4.0,1,3,0,0,2,True
2025-2025011102gm-00a9-0000-034cfa13-10-s1-d4,134,A,1,53,"[14900,26700,42100,16300]",2,4.0,1,3,0,0,2,True
2025-2025011102gm-00a9-0000-034cfa13-10-s1-d4,134,B,2,35,"[14900,26700,42100,16300]",2,4.0,1,3,0,0,2,True
2025-2025011102gm-00a9-0000-034cfa13-10-s1-d4,135,A,1,53,"[13700,38700,40900,6700]",2,4.0,1,3,3,0,3,True
2025-2025011102gm-00a9-0000-034cfa13-10-s1-d4,135,B,2,35,"[13700,38700,40900,6700]",2,4.0,1,3,3,0,3,True
2025-2025011102gm-00a9-0000-034cfa13-10-s1-d4,136,A,1,53,"[24200,25800,42900,7100]",2,4.0,1,3,0,0,2,True
2025-2025011102gm-00a9-0000-034cfa13-10-s1-d4,136,B,2,35,"[16800,21700,36200,25300]",3,-4.0,1,3,0,0,2,True
2025-2025011102gm-00a9-0000-034cfa13-10-s1-d4,137,A,1,53,"[18000,20000,56100,5900]",2,4.0,1,3,0,0,3,True
2025-2025011102gm-00a9-0000-034cfa13-10-s1-d4,137,B,2,35,"[18000,20000,56100,5900]",2,4.0,1,3,0,0,3,True
2025-2025011102gm-00a9-0000-034cfa13-10-s1-d4,138,A,1,53,"[14900,38600,39600,6900]",2,4.0,1,3,0,0,2,True
2025-2025011102gm-00a9-0000-034cfa13-10-s1-d4,138,B,2,35,"[14700,39300,44900,1100]",2,4.0,1,3,0,0,2,True
2025-2025011102gm-00a9-0000-034cfa13-10-s1-d4,139,A,1,53,"[13600,22400,54500,9500]",2,4.0,1,3,0,0,2,True
2025-2025011102gm-00a9-0000-034cfa13-10-s1-d4,139,B,2,35,"[12800,21600,54700,10900]",2,4.0,1,3,2,0,2,True
2025-2025011102gm-00a9-0000-034cfa13-10-s1-d4,140,A,1,53,"[10700,22800,58800,6700]",2,4.0,1,3,1,1,4,True
2025-2025011102gm-00a9-0000-034cfa13-10-s1-d4,140,B,2,35,"[13500,29300,43700,11500]",2,4.0,1,3,2,2,2,True
2025-2025011102gm-00a9-0000-034cfa13-10-s1-d4,141,A,1,53,"[12100,28100,40200,19600]",2,4.0,1,3,1,0,3,True
2025-2025011102gm-00a9-0000-034cfa13-10-s1-d4,141,B,2,35,"[25100,20900,43600,10400]",3,-4.0,1,3,1,0,3,True
2025-2025011102gm-00a9-0000-034cfa13-10-s1-d4,142,A,1,53,"[13000,19900,58200,8900]",2,4.0,1,3,0,0,2,True
2025-2025011102gm-00a9-0000-034cfa13-10-s1-d4,142,B,2,35,"[13000,19900,58200,8900]",2,4.0,1,3,0,0,2,True
2025-2025011102gm-00a9-0000-034cfa13-10-s1-d4,143,A,1,53,"[13800,25800,46200,14200]",2,4.0,1,3,0,0,2,True
2025-2025011102gm-00a9-0000-034cfa13-10-s1-d4,143,B,2,35,"[13800,25800,46200,14200]",2,4.0,1,3,0,0,2,True
2025-2025011102gm-00a9-0000-034cfa13-10-s1-d4,144,A,1,53,"[29600,16600,43000,10800]",3,-4.0,1,3,0,0,3,True
2025-2025011102gm-00a9-0000-034cfa13-10-s1-d4,144,B,2,35,"[23000,12300,48200,16500]",4,-10.0,1,3,0,0,3,True
2025-2025011102gm-00a9-0000-034cfa13-10-s1-d4,145,A,1,53,"[14200,23700,44100,18000]",2,4.0,1,3,1,0,3,True
2025-2025011102gm-00a9-0000-034cfa13-10-s1-d4,145,B,2,35,"[25400,17400,45600,11600]",3,-4.0,1,3,0,0,2,True
2025-2025011102gm-00a9-0000-034cfa13-10-s1-d4,146,A,1,53,"[15100,19400,55400,10100]",2,4.0,1,3,4,0,4,True
2025-2025011102gm-00a9-0000-034cfa13-10-s1-d4,146,B,2,35,"[17300,32800,37900,12000]",2,4.0,1,3,0,0,2,True
2025-2025011102gm-00a9-0000-034cfa13-10-s1-d4,147,A,1,53,"[15000,28400,45200,11400]",2,4.0,1,3,2,0,2,True
2025-2025011102gm-00a9-0000-034cfa13-10-s1-d4,147,B,2,35,"[6700,42500,46200,4600]",2,4.0,1,3,0,0,2,True
2025-2025011102gm-00a9-0000-034cfa13-10-s1-d4,148,A,1,53,"[19600,22200,46200,12000]",2,4.0,1,3,1,0,3,True
2025-2025011102gm-00a9-0000-034cfa13-10-s1-d4,148,B,2,35,"[19600,22200,46200,12000]",2,4.0,1,3,1,0,3,True
2025-2025011102gm-00a9-0000-034cfa13-10-s1-d4,149,A,1,53,"[37300,22800,34900,5000]",3,-4.0,1,3,0,0,2,True
2025-2025011102gm-00a9-0000-034cfa13-10-s1-d4,149,B,2,35,"[37300,22800,34900,5000]",3,-4.0,1,3,0,0,2,True
2025-2025011102gm-00a9-0000-034cfa13-10-s1-d4,150,A,1,53,"[14900,29500,53500,2100]",2,4.0,1,3,0,0,4,True
2025-2025011102gm-00a9-0000-034cfa13-10-s1-d4,150,B,2,35,"[18100,18500,56100,7300]",2,4.0,1,3,1,0,5,True
2025-2025011102gm-00a9-0000-034cfa13-10-s1-d4,151,A,1,53,"[11900,42000,40100,6000]",1,10.0,1,3,0,0,2,True
2025-2025011102gm-00a9-0000-034cfa13-10-s1-d4,151,B,2,35,"[15000,38100,44200,1700]",2,4.0,1,3,0,1,2,True
2025-2025011102gm-00a9-0000-034cfa13-10-s1-d4,152,A,1,53,"[16800,24600,48300,10300]",2,4.0,1,3,4,0,4,True
2025-2025011102gm-00a9-0000-034cfa13-10-s1-d4,152,B,2,35,"[16800,24600,48300,10300]",2,4.0,1,3,4,0,4,True
2025-2025011102gm-00a9-0000-034cfa13-10-s1-d4,153,A,1,53,"[14900,35000,42200,7900]",2,4.0,1,3,0,0,2,True
2025-2025011102gm-00a9-0000-034cfa13-10-s1-d4,153,B,2,35,"[14900,35000,42200,7900]",2,4.0,1,3,0,0,2,True
2025-2025011102gm-00a9-0000-034cfa13-10-s1-d4,154,A,1,53,"[28500,15500,43300,12700]",3,-4.0,1,3,1,0,3,True
2025-2025011102gm-00a9-0000-034cfa13-10-s1-d4,154,B,2,35,"[22200,19600,46200,12000]",3,-4.0,1,3,0,0,2,True
2025-2025011102gm-00a9-0000-034cfa13-10-s1-d4,155,A,1,53,"[13400,32300,44100,10200]",2,4.0,1,3,1,0,4,True
2025-2025011102gm-00a9-0000-034cfa13-10-s1-d4,155,B,2,35,"[13400,32300,44100,10200]",2,4.0,1,3,1,0,4,True
2025-2025011102gm-00a9-0000-034cfa13-10-s1-d4,156,A,1,53,"[12700,25800,40200,21300]",2,4.0,1,3,0,0,2,True
2025-2025011102gm-00a9-0000-034cfa13-10-s1-d4,156,B,2,35,"[17000,32800,46200,4000]",2,4.0,1,3,0,0,2,True
2025-2025011102gm-00a9-0000-034cfa13-10-s1-d4,157,A,1,53,"[13900,34100,44700,7300]",2,4.0,1,3,0,0,2,True
2025-2025011102gm-00a9-0000-034cfa13-10-s1-d4,157,B,2,35,"[13900,34100,44700,7300]",2,4.0,1,3,0,0,2,True
2025-2025011102gm-00a9-0000-034cfa13-10-s1-d4,158,A,1,53,"[19200,32800,45500,2500]",2,4.0,1,3,1,0,4,True
2025-2025011102gm-00a9-0000-034cfa13-10-s1-d4,158,B,2,35,"[12000,30400,58200,-600]",2,4.0,1,2,2,0,2,True
2025-2025011102gm-00a9-0000-034cfa13-10-s1-d4,159,A,1,53,"[11800,33800,38200,16200]",2,4.0,1,3,0,0,2,True
2025-2025011102gm-00a9-0000-034cfa13-10-s1-d4,159,B,2,35,"[11800,33800,38200,16200]",2,4.0,1,3,0,0,2,True
2025-2025011102gm-00a9-0000-034cfa13-10-s1-d4,160,A,1,53,"[10300,31500,46200,12000]",2,4.0,1,3,0,0,2,True
2025-2025011102gm-00a9-0000-034cfa13-10-s1-d4,160,B,2,35,"[10300,31500,46200,12000]",2,4.0,1,3,0,0,2,True
2025-2025011102gm-00a9-0000-034cfa13-10-s1-d4,161,A,1,53,"[27300,22700,42100,7900]",3,-4.0,1,3,0,0,2,True
2025-2025011102gm-00a9-0000-034cfa13-10-s1-d4,161,B,2,35,"[27300,22700,42100,7900]",3,-4.0,1,3,0,0,2,True
2025-2025011102gm-00a9-0000-034cfa13-10-s1-d4,162,A,1,53,"[11200,24800,46200,17800]",2,4.0,1,3,1,0,3,True
2025-2025011102gm-00a9-0000-034cfa13-10-s1-d4,162,B,2,35,"[11200,24800,46200,17800]",2,4.0,1,3,1,0,3,True
2025-2025011102gm-00a9-0000-034cfa13-10-s1-d4,163,A,1,53,"[15700,17200,47300,19800]",3,-4.0,1,3,0,0,2,True
2025-2025011102gm-00a9-0000-034cfa13-10-s1-d4,163,B,2,35,"[15700,17200,47300,19800]",3,-4.0,1,3,0,0,2,True
2025-2025011102gm-00a9-0000-034cfa13-10-s1-d4,164,A,1,53,"[-300,34100,54200,12000]",2,4.0,1,3,0,0,2,True
2025-2025011102gm-00a9-0000-034cfa13-10-s1-d4,164,B,2,35,"[15700,26100,46200,12000]",2,4.0,1,3,0,0,2,True
2025-2025011102gm-00a9-0000-034cfa13-10-s1-d4,165,A,1,53,"[13600,25400,49000,12000]",2,4.0,1,3,2,0,2,True
2025-2025011102gm-00a9-0000-034cfa13-10-s1-d4,165,B,2,35,"[16600,36600,37400,9400]",2,4.0,1,3,1,0,3,True
2025-2025011102gm-00a9-0000-034cfa13-10-s1-d4,166,A,1,53,"[-5200,22900,46200,36100]",3,-4.0,1,3,1,0,3,True
2025-2025011102gm-00a9-0000-034cfa13-10-s1-d4,166,B,2,35,"[-5200,22900,46200,36100]",3,-4.0,1,3,1,0,3,True
2025-2025011102gm-00a9-0000-034cfa13-10-s1-d4,167,A,1,53,"[16500,30200,40200,13100]",2,4.0,1,3,3,0,3,True
2025-2025011102gm-00a9-0000-034cfa13-10-s1-d4,167,B,2,35,"[21500,28300,46200,4000]",2,4.0,1,3,0,0,2,True
2025-2025011102gm-00a9-0000-034cfa13-10-s1-d4,168,A,1,53,"[15200,17200,56000,11600]",2,4.0,1,3,0,0,3,True
2025-2025011102gm-00a9-0000-034cfa13-10-s1-d4,168,B,2,35,"[800,21100,57800,20300]",2,4.0,1,3,0,0,4,True
2025-2025011102gm-00a9-0000-034cfa13-10-s1-d4,169,A,1,53,"[13200,42100,38100,6600]",1,10.0,1,3,0,0,2,True
2025-2025011102gm-00a9-0000-034cfa13-10-s1-d4,169,B,2,35,"[13200,42100,38100,6600]",1,10.0,1,3,0,0,2,True
2025-2025011102gm-00a9-0000-034cfa13-10-s1-d4,170,A,1,53,"[15500,25800,42200,15500]",2,4.0,1,3,3,1,3,True
2025-2025011102gm-00a9-0000-034cfa13-10-s1-d4,170,B,2,35,"[19100,22700,44700,13500]",2,4.0,1,3,2,0,2,True
2025-2025011102gm-00a9-0000-034cfa13-10-s1-d4,171,A,1,53,"[10500,25100,51500,12900]",2,4.0,1,3,1,0,4,True
2025-2025011102gm-00a9-0000-034cfa13-10-s1-d4,171,B,2,35,"[15000,37100,45200,2700]",2,4.0,1,3,2,0,2,True
2025-2025011102gm-00a9-0000-034cfa13-10-s1-d4,172,A,1,53,"[15900,33100,42100,8900]",2,4.0,1,3,0,0,2,True
2025-2025011102gm-00a9-0000-034cfa13-10-s1-d4,172,B,2,35,"[15900,33100,42100,8900]",2,4.0,1,3,0,0,2,True
2025-2025011102gm-00a9-0000-034cfa13-10-s1-d4,173,A,1,53,"[12900,36100,42100,8900]",2,4.0,1,3,0,0,2,True
2025-2025011102gm-00a9-0000-034cfa13-10-s1-d4,173,B,2,35,"[12900,36100,42100,8900]",2,4.0,1,3,0,0,2,True
2025-2025011102gm-00a9-0000-034cfa13-10-s1-d4,174,A,1,53,"[18200,19500,57900,4400]",2,4.0,1,3,0,0,4,True
2025-2025011102gm-00a9-0000-034cfa13-10-s1-d4,174,B,2,35,"[21900,34100,38200,5800]",2,4.0,1,3,1,0,3,True
2025-2025011102gm-00a9-0000-034cfa13-10-s1-d4,175,A,1,53,"[24000,36100,31900,8000]",1,10.0,1,3,0,0,2,True
2025-2025011102gm-00a9-0000-034cfa13-10-s1-d4,175,B,2,35,"[23700,25400,44500,6400]",2,4.0,1,3,0,0,3,True
2025-2025011102gm-00a9-0000-034cfa13-10-s1-d4,176,A,1,53,"[18700,14200,56300,10800]",3,-4.0,1,3,0,0,3,True
2025-2025011102gm-00a9-0000-034cfa13-10-s1-d4,176,B,2,35,"[18700,14200,56300,10800]",3,-4.0,1,3,0,0,3,True
2025-2025011102gm-00a9-0000-034cfa13-10-s1-d4,177,A,1,53,"[8200,24300,47700,18800]",2,4.0,1,3,0,1,2,True
2025-2025011102gm-00a9-0000-034cfa13-10-s1-d4,177,B,2,35,"[8200,24300,47700,18800]",2,4.0,1,3,0,1,2,True
2025-2025011102gm-00a9-0000-034cfa13-10-s1-d4,178,A,1,53,"[17500,23100,45800,13600]",2,4.0,1,3,0,0,2,True
2025-2025011102gm-00a9-0000-034cfa13-10-s1-d4,178,B,2,35,"[17500,23100,45800,13600]",2,4.0,1,3,0,0,2,True
2025-2025011102gm-00a9-0000-034cfa13-10-s1-d4,179,A,1,53,"[14000,27800,42200,14000]",2,4.0,1,3,4,2,4,True
2025-2025011102gm-00a9-0000-034cfa13-10-s1-d4,179,B,2,35,"[12300,36900,42500,8300]",2,4.0,1,3,2,0,2,True
2025-2025011102gm-00a9-0000-034cfa13-10-s1-d4,180,A,1,53,"[21500,14400,42500,20600]",4,-10.0,1,3,1,1,3,True
2025-2025011102gm-00a9-0000-034cfa13-10-s1-d4,180,B,2,35,"[-2700,21700,73100,7900]",2,4.0,1,2,2,0,2,True
2025-2025011102gm-00a9-0000-034cfa13-10-s1-d4,181,A,1,53,"[16600,23200,55200,5000]",2,4.0,1,3,0,0,3,True
2025-2025011102gm-00a9-0000-034cfa13-10-s1-d4,181,B,2,35,"[5000,33800,49200,12000]",2,4.0,1,3,0,0,2,True
2025-2025011102gm-00a9-0000-034cfa13-10-s1-d4,182,A,1,53,"[15000,25800,46300,12900]",2,4.0,1,3,0,0,3,True
2025-2025011102gm-00a9-0000-034cfa13-10-s1-d4,182,B,2,35,"[20200,26800,41000,12000]",2,4.0,1,3,0,0,2,True
2025-2025011102gm-00a9-0000-034cfa13-10-s1-d4,183,A,1,53,"[16000,22900,47600,13500]",2,4.0,1,3,0,0,3,True
2025-2025011102gm-00a9-0000-034cfa13-10-s1-d4,183,B,2,35,"[19300,24000,45700,11000]",2,4.0,1,3,0,0,2,True
2025-2025011102gm-00a9-0000-034cfa13-10-s1-d4,184,A,1,53,"[23100,17500,45100,14300]",3,-4.0,1,3,0,0,2,True
2025-2025011102gm-00a9-0000-034cfa13-10-s1-d4,184,B,2,35,"[17000,27900,44900,10200]",2,4.0,1,3,0,0,2,True
2025-2025011102gm-00a9-0000-034cfa13-10-s1-d4,185,A,1,53,"[14500,42100,38200,5200]",1,10.0,1,3,1,0,3,True
2025-2025011102gm-00a9-0000-034cfa13-10-s1-d4,185,B,2,35,"[9900,34600,45200,10300]",2,4.0,1,3,2,0,4,True
2025-2025011102gm-00a9-0000-034cfa13-10-s1-d4,186,A,1,53,"[20100,21700,46200,12000]",2,4.0,1,3,0,0,2,True
2025-2025011102gm-00a9-0000-034cfa13-10-s1-d4,186,B,2,35,"[20100,21700,46200,12000]",2,4.0,1,3,0,0,2,True
2025-2025011102gm-00a9-0000-034cfa13-10-s1-d4,187,A,1,53,"[21500,25400,43500,9600]",2,4.0,1,3,0,0,2,True
2025-2025011102gm-00a9-0000-034cfa13-10-s1-d4,187,B,2,35,"[18100,22400,40900,18600]",2,4.0,1,3,0,0,2,True
2025-2025011102gm-00a9-0000-034cfa13-10-s1-d4,188,A,1,53,"[16000,34100,40500,9400]",2,4.0,1,3,0,0,2,True
2025-2025011102gm-00a9-0000-034cfa13-10-s1-d4,188,B,2,35,"[16000,34100,40500,9400]",2,4.0,1,3,0,0,2,True
2025-2025011102gm-00a9-0000-034cfa13-10-s1-d4,189,A,1,53,"[12900,38800,39400,8900]",2,4.0,1,3,0,0,4,True
2025-2025011102gm-00a9-0000-034cfa13-10-s1-d4,189,B,2,35,"[12900,38800,39400,8900]",2,4.0,1,3,0,0,4,True
2025-2025011102gm-00a9-0000-034cfa13-10-s1-d4,190,A,1,53,"[12100,38100,37800,12000]",1,10.0,1,3,0,0,2,True
2025-2025011102gm-00a9-0000-034cfa13-10-s1-d4,190,B,2,35,"[15000,34100,47200,3700]",2,4.0,1,3,0,0,2,True
2025-2025011102gm-00a9-0000-034cfa13-10-s1-d4,191,A,1,53,"[19900,30200,46200,3700]",2,4.0,1,3,0,0,2,True
2025-2025011102gm-00a9-0000-034cfa13-10-s1-d4,191,B,2,35,"[19900,30200,46200,3700]",2,4.0,1,3,0,0,2,True
2025-2025011102gm-00a9-0000-034cfa13-10-s1-d4,192,A,1,53,"[19100,13600,48400,18900]",4,-10.0,1,3,3,0,3,True
2025-2025011102gm-00a9-0000-034cfa13-10-s1-d4,192,B,2,35,"[19100,13600,48400,18900]",4,-10.0,1,3,3,0,3,True
2025-2025011102gm-00a9-0000-034cfa13-10-s1-d4,193,A,1,53,"[14600,17600,51000,16800]",2,4.0,1,3,0,0,3,True
2025-2025011102gm-00a9-0000-034cfa13-10-s1-d4,193,B,2,35,"[14600,17600,51000,16800]",2,4.0,1,3,0,0,3,True
2025-2025011102gm-00a9-0000-034cfa13-10-s1-d4,194,A,1,53,"[13000,42800,44200,0]",2,4.0,1,3,0,0,2,True
2025-2025011102gm-00a9-0000-034cfa13-10-s1-d4,194,B,2,35,"[13300,35800,42500,8400]",2,4.0,1,3,2,0,2,True
2025-2025011102gm-00a9-0000-034cfa13-10-s1-d4,195,A,1,53,"[14700,24800,45500,15000]",2,4.0,1,3,3,0,3,True
2025-2025011102gm-00a9-0000-034cfa13-10-s1-d4,195,B,2,35,"[14700,24800,45500,15000]",2,4.0,1,3,3,0,3,True
2025-2025011102gm-00a9-0000-034cfa13-10-s1-d4,196,A,1,53,"[19300,23500,45200,12000]",2,4.0,1,3,0,0,2,True
2025-2025011102gm-00a9-0000-034cfa13-10-s1-d4,196,B,2,35,"[16100,26700,43200,14000]",2,4.0,1,3,3,0,3,True
2025-2025011102gm-00a9-0000-034cfa13-10-s1-d4,197,A,1,53,"[11800,58100,30100,0]",1,10.0,1,3,0,0,2,True
2025-2025011102gm-00a9-0000-034cfa13-10-s1-d4,197,B,2,35,"[11800,58100,30100,0]",1,10.0,1,3,0,0,2,True
2025-2025011102gm-00a9-0000-034cfa13-10-s1-d4,198,A,1,53,"[9000,19800,41100,30100]",3,-4.0,1,3,1,0,3,True
2025-2025011102gm-00a9-0000-034cfa13-10-s1-d4,198,B,2,35,"[9000,19800,41100,30100]",3,-4.0,1,3,1,0,3,True
2025-2025011102gm-00a9-0000-034cfa13-10-s1-d4,199,A,1,53,"[10300,42400,39000,8300]",1,10.0,1,3,1,0,3,True
2025-2025011102gm-00a9-0000-034cfa13-10-s1-d4,199,B,2,35,"[10300,42400,39000,8300]",1,10.0,1,3,1,0,3,True
2025-2025011102gm-00a9-0000-034cfa13-10-s1-d4,200,A,1,53,"[14900,24700,43100,17300]",2,4.0,1,3,0,0,2,True
2025-2025011102gm-00a9-0000-034cfa13-10-s1-d4,200,B,2,35,"[14900,24700,43100,17300]",2,4.0,1,3,0,0,2,True
2025-2025011102gm-00a9-0000-034cfa13-10-s1-d4,201,A,1,53,"[1900,47100,42100,8900]",1,10.0,1,3,0,0,2,True
2025-2025011102gm-00a9-0000-034cfa13-10-s1-d4,201,B,2,35,"[11900,27300,48300,12500]",2,4.0,1,3,2,0,2,True
2025-2025011102gm-00a9-0000-034cfa13-10-s1-d4,202,A,1,53,"[10500,31400,46100,12000]",2,4.0,1,3,0,0,3,True
2025-2025011102gm-00a9-0000-034cfa13-10-s1-d4,202,B,2,35,"[10500,31400,46100,12000]",2,4.0,1,3,0,0,3,True
2025-2025011102gm-00a9-0000-034cfa13-10-s1-d4,203,A,1,53,"[13100,25800,50100,11000]",2,4.0,1,3,3,0,3,True
2025-2025011102gm-00a9-0000-034cfa13-10-s1-d4,203,B,2,35,"[21500,28600,42900,7000]",2,4.0,1,3,2,0,4,True
2025-2025011102gm-00a9-0000-034cfa13-10-s1-d4,204,A,1,53,"[14500,21100,48200,16200]",2,4.0,1,3,0,0,2,True
2025-2025011102gm-00a9-0000-034cfa13-10-s1-d4,204,B,2,35,"[14500,21100,48200,16200]",2,4.0,1,3,0,0,2,True
2025-2025011102gm-00a9-0000-034cfa13-10-s1-d4,205,A,1,53,"[10800,39300,37900,12000]",1,10.0,1,3,0,0,2,True
2025-2025011102gm-00a9-0000-034cfa13-10-s1-d4,205,B,2,35,"[14100,26400,43000,16500]",2,4.0,1,3,0,0,2,True
2025-2025011102gm-00a9-0000-034cfa13-10-s1-d4,206,A,1,53,"[7400,32800,48300,11500]",2,4.0,1,3,0,0,2,True
2025-2025011102gm-00a9-0000-034cfa13-10-s1-d4,206,B,2,35,"[7400,33800,48300,10500]",2,4.0,1,3,0,0,2,True
2025-2025011102gm-00a9-0000-034cfa13-10-s1-d4,207,A,1,53,"[15000,22900,47200,14900]",2,4.0,1,3,0,0,2,True
2025-2025011102gm-00a9-0000-034cfa13-10-s1-d4,207,B,2,35,"[15000,22900,47200,14900]",2,4.0,1,3,0,0,2,True
2025-2025011102gm-00a9-0000-034cfa13-10-s1-d4,208,A,1,53,"[20300,24200,44100,10400]",2,4.0,1,3,0,1,2,True
2025-2025011102gm-00a9-0000-034cfa13-10-s1-d4,208,B,2,35,"[16300,25700,39000,19000]",2,4.0,1,3,1,0,3,True
2025-2025011102gm-00a9-0000-034cfa13-10-s1-d4,209,A,1,53,"[19300,29100,38600,13000]",2,4.0,1,3,1,0,3,True
2025-2025011102gm-00a9-0000-034cfa13-10-s1-d4,209,B,2,35,"[16600,30600,43800,9000]",2,4.0,1,3,2,0,2,True
2025-2025011102gm-00a9-0000-034cfa13-10-s1-d4,210,A,1,53,"[14600,32300,43500,9600]",2,4.0,1,3,0,0,2,True
2025-2025011102gm-00a9-0000-034cfa13-10-s1-d4,210,B,2,35,"[14600,32300,43500,9600]",2,4.0,1,3,0,0,2,True
2025-2025011102gm-00a9-0000-034cfa13-10-s1-d4,211,A,1,53,"[12800,14300,53400,19500]",3,-4.0,1,3,0,0,3,True
2025-2025011102gm-00a9-0000-034cfa13-10-s1-d4,211,B,2,35,"[12800,14300,53400,19500]",3,-4.0,1,3,0,0,3,True
2025-2025011102gm-00a9-0000-034cfa13-10-s1-d4,212,A,1,53,"[9000,16000,59900,15100]",2,4.0,1,3,1,0,4,True
2025-2025011102gm-00a9-0000-034cfa13-10-s1-d4,212,B,2,35,"[9000,16000,59900,15100]",2,4.0,1,3,1,0,4,True
2025-2025011102gm-00a9-0000-034cfa13-10-s1-d4,213,A,1,53,"[9700,19500,78600,-7800]",2,4.0,1,2,3,0,3,True
2025-2025011102gm-00a9-0000-034cfa13-10-s1-d4,213,B,2,35,"[9700,19500,78600,-7800]",2,4.0,1,2,3,0,3,True
2025-2025011102gm-00a9-0000-034cfa13-10-s1-d4,214,A,1,53,"[16300,31900,43500,8300]",2,4.0,1,3,2,0,2,True
2025-2025011102gm-00a9-0000-034cfa13-10-s1-d4,214,B,2,35,"[13600,33800,43200,9400]",2,4.0,1,3,0,0,2,True
2025-2025011102gm-00a9-0000-034cfa13-10-s1-d4,215,A,1,53,"[12900,14700,48100,24300]",3,-4.0,1,3,0,0,2,True
2025-2025011102gm-00a9-0000-034cfa13-10-s1-d4,215,B,2,35,"[12900,14700,48100,24300]",3,-4.0,1,3,0,0,2,True
2025-2025011102gm-00a9-0000-034cfa13-10-s1-d4,216,A,1,53,"[14900,26300,48300,10500]",2,4.0,1,3,2,0,2,True
2025-2025011102gm-00a9-0000-034cfa13-10-s1-d4,216,B,2,35,"[11900,26300,49300,12500]",2,4.0,1,3,2,0,2,True
2025-2025011102gm-00a9-0000-034cfa13-10-s1-d4,217,A,1,53,"[3800,38000,46200,12000]",2,4.0,1,3,0,0,2,True
2025-2025011102gm-00a9-0000-034cfa13-10-s1-d4,217,B,2,35,"[16500,34800,45200,3500]",2,4.0,1,3,0,0,3,True
2025-2025011102gm-00a9-0000-034cfa13-10-s1-d4,218,A,1,53,"[17300,29600,46200,6900]",2,4.0,1,3,2,0,4,True
2025-2025011102gm-00a9-0000-034cfa13-10-s1-d4,218,B,2,35,"[17300,29600,46200,6900]",2,4.0,1,3,2,0,4,True
2025-2025011102gm-00a9-0000-034cfa13-10-s1-d4,219,A,1,53,"[15400,29800,45400,9400]",2,4.0,1,3,0,0,3,True
2025-2025011102gm-00a9-0000-034cfa13-10-s1-d4,219,B,2,35,"[15400,29800,45400,9400]",2,4.0,1,3,0,0,3,True
2025-2025011102gm-00a9-0000-034cfa13-10-s1-d4,220,A,1,53,"[10400,24700,44100,20800]",2,4.0,1,3,1,0,3,True
2025-2025011102gm-00a9-0000-034cfa13-10-s1-d4,220,B,2,35,"[18000,27600,45400,9000]",2,4.0,1,3,1,0,3,True
2025-2025011102gm-00a9-0000-034cfa13-10-s1-d4,221,A,1,53,"[18200,22200,48900,10700]",2,4.0,1,3,0,0,2,True
2025-2025011102gm-00a9-0000-034cfa13-10-s1-d4,221,B,2,35,"[18200,22200,48900,10700]",2,4.0,1,3,0,0,2,True
2025-2025011102gm-00a9-0000-034cfa13-10-s1-d4,222,A,1,53,"[19700,21500,35300,23500]",3,-4.0,1,3,0,0,3,True
2025-2025011102gm-00a9-0000-034cfa13-10-s1-d4,222,B,2,35,"[-1300,43100,46200,12000]",2,4.0,1,2,1,0,1,True
2025-2025011102gm-00a9-0000-034cfa13-10-s1-d4,223,A,1,53,"[7100,35600,38200,19100]",2,4.0,1,3,1,0,4,True
2025-2025011102gm-00a9-0000-034cfa13-10-s1-d4,223,B,2,35,"[17500,32600,46700,2200]",2,4.0,1,3,0,1,2,True
2025-2025011102gm-00a9-0000-034cfa13-10-s1-d4,224,A,1,53,"[20100,14400,56300,9200]",3,-4.0,1,3,0,0,4,True
2025-2025011102gm-00a9-0000-034cfa13-10-s1-d4,224,B,2,35,"[20100,14400,56300,9200]",3,-4.0,1,3,0,0,4,True
2025-2025011102gm-00a9-0000-034cfa13-10-s1-d4,225,A,1,53,"[16500,26300,55000,2200]",2,4.0,1,3,2,0,2,True
2025-2025011102gm-00a9-0000-034cfa13-10-s1-d4,225,B,2,35,"[12200,31600,45500,10700]",2,4.0,1,3,0,0,2,True
2025-2025011102gm-00a9-0000-034cfa13-10-s1-d4,226,A,1,53,"[20000,26300,44700,9000]",2,4.0,1,3,2,0,2,True
2025-2025011102gm-00a9-0000-034cfa13-10-s1-d4,226,B,2,35,"[22500,25800,43200,8500]",2,4.0,1,3,2,0,2,True
2025-2025011102gm-00a9-0000-034cfa13-10-s1-d4,227,A,1,53,"[16000,24800,42000,17200]",2,4.0,1,3,0,0,2,True
2025-2025011102gm-00a9-0000-034cfa13-10-s1-d4,227,B,2,35,"[13800,24800,39400,21000]",2,4.0,1,3,1,1,3,True
2025-2025011102gm-00a9-0000-034cfa13-10-s1-d4,228,A,1,53,"[14500,6200,62100,16200]",4,-10.0,1,3,0,1,5,True
2025-2025011102gm-00a9-0000-034cfa13-10-s1-d4,228,B,2,35,"[14500,6200,62100,16200]",4,-10.0,1,3,0,1,5,True
2025-2025011102gm-00a9-0000-034cfa13-10-s1-d4,229,A,1,53,"[13000,34100,43200,9700]",2,4.0,1,3,2,0,2,True
2025-2025011102gm-00a9-0000-034cfa13-10-s1-d4,229,B,2,35,"[19900,20300,46200,13600]",2,4.0,1,3,0,0,2,True
2025-2025011102gm-00a9-0000-034cfa13-10-s1-d4,230,A,1,53,"[19000,17500,43900,19600]",4,-10.0,1,3,0,0,3,True
2025-2025011102gm-00a9-0000-034cfa13-10-s1-d4,230,B,2,35,"[19000,17500,43900,19600]",4,-10.0,1,3,0,0,3,True
2025-2025011102gm-00a9-0000-034cfa13-10-s1-d4,231,A,1,53,"[32000,25800,42300,-100]",3,-4.0,1,3,1,0,3,True
2025-2025011102gm-00a9-0000-034cfa13-10-s1-d4,231,B,2,35,"[19700,25300,48200,6800]",2,4.0,1,3,0,0,2,True
2025-2025011102gm-00a9-0000-034cfa13-10-s1-d4,232,A,1,53,"[14600,33300,41500,10600]",2,4.0,1,3,0,0,2,True
2025-2025011102gm-00a9-0000-034cfa13-10-s1-d4,232,B,2,35,"[14600,33300,41500,10600]",2,4.0,1,3,0,0,2,True
2025-2025011102gm-00a9-0000-034cfa13-10-s1-d4,233,A,1,53,"[24400,20400,42400,12800]",3,-4.0,1,3,1,0,3,True
2025-2025011102gm-00a9-0000-034cfa13-10-s1-d4,233,B,2,35,"[24400,20400,42400,12800]",3,-4.0,1,3,1,0,3,True
2025-2025011102gm-00a9-0000-034cfa13-10-s1-d4,234,A,1,53,"[-2100,38100,46200,17800]",2,4.0,1,3,0,0,2,True
2025-2025011102gm-00a9-0000-034cfa13-10-s1-d4,234,B,2,35,"[6700,36100,46200,11000]",2,4.0,1,3,0,0,2,True
2025-2025011102gm-00a9-0000-034cfa13-10-s1-d4,235,A,1,53,"[16500,26900,44700,11900]",2,4.0,1,3,2,0,2,True
2025-2025011102gm-00a9-0000-034cfa13-10-s1-d4,235,B,2,35,"[20500,24800,39700,15000]",2,4.0,1,3,2,0,2,True
2025-2025011102gm-00a9-0000-034cfa13-10-s1-d4,236,A,1,53,"[17400,25200,44100,13300]",2,4.0,1,3,0,0,2,True
2025-2025011102gm-00a9-0000-034cfa13-10-s1-d4,236,B,2,35,"[15700,25500,45000,13800]",2,4.0,1,3,0,0,2,True
2025-2025011102gm-00a9-0000-034cfa13-10-s1-d4,237,A,1,53,"[20100,24700,44700,10500]",2,4.0,1,3,2,0,2,True
2025-2025011102gm-00a9-0000-034cfa13-10-s1-d4,237,B,2,35,"[20100,24700,44700,10500]",2,4.0,1,3,2,0,2,True
2025-2025011102gm-00a9-0000-034cfa13-10-s1-d4,238,A,1,53,"[21200,21900,44900,12000]",2,4.0,1,3,0,0,2,True
2025-2025011102gm-00a9-0000-034cfa13-10-s1-d4,238,B,2,35,"[21200,21900,44900,12000]",2,4.0,1,3,0,0,2,True
2025-2025011102gm-00a9-0000-034cfa13-10-s1-d4,239,A,1,53,"[26700,27100,40500,5700]",2,4.0,1,3,1,0,3,True
2025-2025011102gm-00a9-0000-034cfa13-10-s1-d4,239,B,2,35,"[14000,31800,54100,100]",2,4.0,1,3,0,0,2,True
2025-2025011102gm-00a9-0000-034cfa13-10-s1-d4,240,A,1,53,"[19600,18100,45600,16700]",3,-4.0,1,3,1,0,3,True
2025-2025011102gm-00a9-0000-034cfa13-10-s1-d4,240,B,2,35,"[19600,18100,45600,16700]",3,-4.0,1,3,1,0,3,True
2025-2025011102gm-00a9-0000-034cfa13-10-s1-d4,241,A,1,53,"[17400,22200,45100,13300]",2,4.0,1,3,1,2,3,True
2025-2025011102gm-00a9-0000-034cfa13-10-s1-d4,241,B,2,35,"[17400,22200,45100,13300]",2,4.0,1,3,1,2,3,True
2025-2025011102gm-00a9-0000-034cfa13-10-s1-d4,242,A,1,53,"[14000,35100,47200,3700]",2,4.0,1,3,0,0,2,True
2025-2025011102gm-00a9-0000-034cfa13-10-s1-d4,242,B,2,35,"[20900,42100,30100,6900]",1,10.0,1,3,0,0,2,True
2025-2025011102gm-00a9-0000-034cfa13-10-s1-d4,243,A,1,53,"[16000,39100,46200,-1300]",2,4.0,1,2,1,0,1,True
2025-2025011102gm-00a9-0000-034cfa13-10-s1-d4,243,B,2,35,"[16000,39100,46200,-1300]",2,4.0,1,2,1,0,1,True
2025-2025011102gm-00a9-0000-034cfa13-10-s1-d4,244,A,1,53,"[24300,19500,44200,12000]",3,-4.0,1,3,0,0,2,True
2025-2025011102gm-00a9-0000-034cfa13-10-s1-d4,244,B,2,35,"[15700,35200,37600,11500]",2,4.0,1,3,0,0,2,True
2025-2025011102gm-00a9-0000-034cfa13-10-s1-d4,245,A,1,53,"[17300,28400,44500,9800]",2,4.0,1,3,2,0,2,True
2025-2025011102gm-00a9-0000-034cfa13-10-s1-d4,245,B,2,35,"[17300,28400,44500,9800]",2,4.0,1,3,2,0,2,True
2025-2025011102gm-00a9-0000-034cfa13-10-s1-d4,246,A,1,53,"[9700,28100,40900,21300]",2,4.0,1,3,3,0,3,True
2025-2025011102gm-00a9-0000-034cfa13-10-s1-d4,246,B,2,35,"[9700,28100,40900,21300]",2,4.0,1,3,3,0,3,True
2025-2025011102gm-00a9-0000-034cfa13-10-s1-d4,247,A,1,53,"[14000,36100,41900,8000]",2,4.0,1,3,0,0,2,True
2025-2025011102gm-00a9-0000-034cfa13-10-s1-d4,247,B,2,35,"[2700,30400,54900,12000]",2,4.0,1,3,0,0,2,True
2025-2025011102gm-00a9-0000-034cfa13-10-s1-d4,248,A,1,53,"[12300,19200,44400,24100]",3,-4.0,1,3,1,0,3,True
2025-2025011102gm-00a9-0000-034cfa13-10-s1-d4,248,B,2,35,"[13200,24000,43300,19500]",2,4.0,1,3,3,0,3,True
2025-2025011102gm-00a9-0000-034cfa13-10-s1-d4,249,A,1,53,"[16000,32500,48200,3300]",2,4.0,1,3,0,0,2,True
2025-2025011102gm-00a9-0000-034cfa13-10-s1-d4,249,B,2,35,"[16000,32500,48200,3300]",2,4.0,1,3,0,0,2,True
2025-2025011102gm-00a9-0000-034cfa13-10-s1-d4,250,A,1,53,"[11700,22400,51700,14200]",2,4.0,1,3,1,0,3,True
2025-2025011102gm-00a9-0000-034cfa13-10-s1-d4,250,B,2,35,"[11700,22400,51700,14200]",2,4.0,1,3,1,0,3,True
2025-2025011102gm-00a9-0000-034cfa13-10-s1-d4,251,A,1,53,"[21800,23200,46500,8500]",2,4.0,1,3,1,0,3,True
2025-2025011102gm-00a9-0000-034cfa13-10-s1-d4,251,B,2,35,"[21800,23200,46500,8500]",2,4.0,1,3,1,0,3,True
2025-2025011102gm-00a9-0000-034cfa13-10-s1-d4,252,A,1,53,"[18000,25500,47300,9200]",2,4.0,1,3,0,0,2,True
2025-2025011102gm-00a9-0000-034cfa13-10-s1-d4,252,B,2,35,"[-300,25800,46200,28300]",3,-4.0,1,2,1,0,1,True
2025-2025011102gm-00a9-0000-034cfa13-10-s1-d4,253,A,1,53,"[18500,23800,50000,7700]",2,4.0,1,3,0,0,3,True
2025-2025011102gm-00a9-0000-034cfa13-10-s1-d4,253,B,2,35,"[18500,23800,50000,7700]",2,4.0,1,3,0,0,3,True
2025-2025011102gm-00a9-0000-034cfa13-10-s1-d4,254,A,1,53,"[16000,34800,54200,-5000]",2,4.0,1,3,0,0,2,True
2025-2025011102gm-00a9-0000-034cfa13-10-s1-d4,254,B,2,35,"[16000,34800,54200,-5000]",2,4.0,1,3,0,0,2,True
2025-2025011102gm-00a9-0000-034cfa13-10-s1-d4,255,A,1,53,"[16000,30200,41800,12000]",2,4.0,1,3,0,0,2,True
2025-2025011102gm-00a9-0000-034cfa13-10-s1-d4,255,B,2,35,"[16000,38100,46200,-300]",2,4.0,1,2,1,0,1,True
2025-2025041216gm-00a9-0000-3d010e8a-05-s1-d12,0,A,1,25,"[31900,21300,42500,4300]",3,-4.0,1,3,0,0,8,True
2025-2025041216gm-00a9-0000-3d010e8a-05-s1-d12,0,B,3,55,"[26000,31300,41600,1100]",2,4.0,1,3,0,0,8,True
2025-2025041216gm-00a9-0000-3d010e8a-05-s1-d12,1,A,1,25,"[11400,28700,64000,-4100]",2,4.0,1,2,1,0,5,True
2025-2025041216gm-00a9-0000-3d010e8a-05-s1-d12,1,B,3,55,"[-1000,52600,31500,16900]",1,10.0,1,2,0,0,5,True
2025-2025041216gm-00a9-0000-3d010e8a-05-s1-d12,2,A,1,25,"[20900,21800,34100,23200]",3,-4.0,1,3,0,0,6,True
2025-2025041216gm-00a9-0000-3d010e8a-05-s1-d12,2,B,3,55,"[20900,21800,34100,23200]",3,-4.0,1,3,0,0,6,True
2025-2025041216gm-00a9-0000-3d010e8a-05-s1-d12,3,A,1,25,"[42700,23500,42700,-8900]",3,-4.0,1,2,0,0,5,True
2025-2025041216gm-00a9-0000-3d010e8a-05-s1-d12,3,B,3,55,"[42700,23500,42700,-8900]",3,-4.0,1,2,0,0,5,True
2025-2025041216gm-00a9-0000-3d010e8a-05-s1-d12,4,A,1,25,"[-4500,37200,33200,34100]",1,10.0,1,3,0,0,6,True
2025-2025041216gm-00a9-0000-3d010e8a-05-s1-d12,4,B,3,55,"[-4500,37200,33200,34100]",1,10.0,1,3,0,0,6,True
2025-2025041216gm-00a9-0000-3d010e8a-05-s1-d12,5,A,1,25,"[23400,19400,49900,7300]",3,-4.0,1,3,0,0,6,True
2025-2025041216gm-00a9-0000-3d010e8a-05-s1-d12,5,B,3,55,"[16700,27500,48000,7800]",2,4.0,1,3,0,0,6,True
2025-2025041216gm-00a9-0000-3d010e8a-05-s1-d12,6,A,1,25,"[33300,12900,34100,19700]",4,-10.0,1,3,1,0,7,True
2025-2025041216gm-00a9-0000-3d010e8a-05-s1-d12,6,B,3,55,"[13400,53700,24900,8000]",1,10.0,1,3,0,0,5,True
2025-2025041216gm-00a9-0000-3d010e8a-05-s1-d12,7,A,1,25,"[15200,32600,32600,19600]",1,10.0,1,3,0,0,5,True
2025-2025041216gm-00a9-0000-3d010e8a-05-s1-d12,7,B,3,55,"[15300,40400,22200,22100]",1,10.0,1,3,1,0,6,True
2025-2025041216gm-00a9-0000-3d010e8a-05-s1-d12,8,A,1,25,"[28800,28000,36700,6500]",3,-4.0,1,3,0,0,5,True
2025-2025041216gm-00a9-0000-3d010e8a-05-s1-d12,8,B,3,55,"[28800,28000,36700,6500]",3,-4.0,1,3,0,0,5,True
2025-2025041216gm-00a9-0000-3d010e8a-05-s1-d12,9,A,1,25,"[19100,35300,34700,10900]",1,10.0,1,3,2,0,7,True
2025-2025041216gm-00a9-0000-3d010e8a-05-s1-d12,9,B,3,55,"[19100,35300,34700,10900]",1,10.0,1,3,2,0,7,True
2025-2025041216gm-00a9-0000-3d010e8a-05-s1-d12,10,A,1,25,"[15700,34600,46900,2800]",2,4.0,1,3,0,0,6,True
2025-2025041216gm-00a9-0000-3d010e8a-05-s1-d12,10,B,3,55,"[15700,34600,46900,2800]",2,4.0,1,3,0,0,6,True
2025-2025041216gm-00a9-0000-3d010e8a-05-s1-d12,11,A,1,25,"[23600,30000,33400,13000]",2,4.0,1,3,0,0,5,True
2025-2025041216gm-00a9-0000-3d010e8a-05-s1-d12,11,B,3,55,"[20200,25700,44800,9300]",2,4.0,1,3,0,0,5,True
2025-2025041216gm-00a9-0000-3d010e8a-05-s1-d12,12,A,1,25,"[30800,27100,43000,-900]",3,-4.0,1,1,0,0,3,True
2025-2025041216gm-00a9-0000-3d010e8a-05-s1-d12,12,B,3,55,"[30800,27100,43000,-900]",3,-4.0,1,1,0,0,3,True
2025-2025041216gm-00a9-0000-3d010e8a-05-s1-d12,13,A,1,25,"[18700,33900,50700,-3300]",2,4.0,1,2,2,0,7,True
2025-2025041216gm-00a9-0000-3d010e8a-05-s1-d12,13,B,3,55,"[18700,33900,50700,-3300]",2,4.0,1,2,2,0,7,True
2025-2025041216gm-00a9-0000-3d010e8a-05-s1-d12,14,A,1,25,"[17900,18200,44800,19100]",3,-4.0,1,3,1,0,8,True
2025-2025041216gm-00a9-0000-3d010e8a-05-s1-d12,14,B,3,55,"[17900,18200,44800,19100]",3,-4.0,1,3,1,0,8,True
2025-2025041216gm-00a9-0000-3d010e8a-05-s1-d12,15,A,1,25,"[9900,51500,45300,-6700]",1,10.0,1,3,0,0,7,True
2025-2025041216gm-00a9-0000-3d010e8a-05-s1-d12,15,B,3,55,"[9900,51500,45300,-6700]",1,10.0,1,3,0,0,7,True
2025-2025041216gm-00a9-0000-3d010e8a-05-s1-d12,16,A,1,25,"[20300,26000,33500,20200]",2,4.0,1,3,0,0,5,True
2025-2025041216gm-00a9-0000-3d010e8a-05-s1-d12,16,B,3,55,"[17300,32600,47400,2700]",2,4.0,1,3,0,0,5,True
2025-2025041216gm-00a9-0000-3d010e8a-05-s1-d12,17,A,1,25,"[10900,19700,35800,33600]",3,-4.0,1,3,0,0,6,True
2025-2025041216gm-00a9-0000-3d010e8a-05-s1-d12,17,B,3,55,"[10900,19700,35800,33600]",3,-4.0,1,3,0,0,6,True
2025-2025041216gm-00a9-0000-3d010e8a-05-s1-d12,18,A,1,25,"[20300,22400,56000,1300]",2,4.0,1,3,0,0,7,True
2025-2025041216gm-00a9-0000-3d010e8a-05-s1-d12,18,B,3,55,"[20300,22400,56000,1300]",2,4.0,1,3,0,0,7,True
2025-2025041216gm-00a9-0000-3d010e8a-05-s1-d12,19,A,1,25,"[45300,20100,20900,13700]",3,-4.0,1,3,0,0,7,True
2025-2025041216gm-00a9-0000-3d010e8a-05-s1-d12,19,B,3,55,"[45300,20100,20900,13700]",3,-4.0,1,3,0,0,7,True
2025-2025041216gm-00a9-0000-3d010e8a-05-s1-d12,20,A,1,25,"[26400,20000,34100,19500]",3,-4.0,1,3,0,0,5,True
2025-2025041216gm-00a9-0000-3d010e8a-05-s1-d12,20,B,3,55,"[26400,20000,34100,19500]",3,-4.0,1,3,0,0,5,True
2025-2025041216gm-00a9-0000-3d010e8a-05-s1-d12,21,A,1,25,"[21300,31000,42700,5000]",2,4.0,1,3,1,0,5,True
2025-2025041216gm-00a9-0000-3d010e8a-05-s1-d12,21,B,3,55,"[21300,31000,42700,5000]",2,4.0,1,3,1,0,5,True
2025-2025041216gm-00a9-0000-3d010e8a-05-s1-d12,22,A,1,25,"[11900,28500,42400,17200]",2,4.0,1,3,4,0,7,True
2025-2025041216gm-00a9-0000-3d010e8a-05-s1-d12,22,B,3,55,"[11900,28500,42400,17200]",2,4.0,1,3,4,0,7,True
2025-2025041216gm-00a9-0000-3d010e8a-05-s1-d12,23,A,1,25,"[28900,30700,42300,-1900]",2,4.0,1,1,0,0,4,True
2025-2025041216gm-00a9-0000-3d010e8a-05-s1-d12,23,B,3,55,"[28900,30700,42300,-1900]",2,4.0,1,1,0,0,4,True
2025-2025041216gm-00a9-0000-3d010e8a-05-s1-d12,24,A,1,25,"[14700,41500,30800,13000]",1,10.0,1,3,0,0,5,True
2025-2025041216gm-00a9-0000-3d010e8a-05-s1-d12,24,B,3,55,"[14700,41500,30800,13000]",1,10.0,1,3,0,0,5,True
2025-2025041216gm-00a9-0000-3d010e8a-05-s1-d12,25,A,1,25,"[12200,34200,34300,19300]",2,4.0,1,3,0,0,5,True
2025-2025041216gm-00a9-0000-3d010e8a-05-s1-d12,25,B,3,55,"[12000,28500,42300,17200]",2,4.0,1,3,0,0,5,True
2025-2025041216gm-00a9-0000-3d010e8a-05-s1-d12,26,A,1,25,"[41700,18300,42400,-2400]",3,-4.0,1,3,0,0,6,True
2025-2025041216gm-00a9-0000-3d010e8a-05-s1-d12,26,B,3,55,"[41700,18300,42400,-2400]",3,-4.0,1,3,0,0,6,True
2025-2025041216gm-00a9-0000-3d010e8a-05-s1-d12,27,A,1,25,"[21300,39200,33100,6400]",1,10.0,1,3,0,0,6,True
2025-2025041216gm-00a9-0000-3d010e8a-05-s1-d12,27,B,3,55,"[21300,39200,33100,6400]",1,10.0,1,3,0,0,6,True
2025-2025041216gm-00a9-0000-3d010e8a-05-s1-d12,28,A,1,25,"[28000,27700,34900,9400]",3,-4.0,1,3,1,0,7,True
2025-2025041216gm-00a9-0000-3d010e8a-05-s1-d12,28,B,3,55,"[28000,27700,34900,9400]",3,-4.0,1,3,1,0,7,True
2025-2025041216gm-00a9-0000-3d010e8a-05-s1-d12,29,A,1,25,"[4200,46300,46000,3500]",1,10.0,1,3,0,0,7,True
2025-2025041216gm-00a9-0000-3d010e8a-05-s1-d12,29,B,3,55,"[4200,46300,46000,3500]",1,10.0,1,3,0,0,7,True
2025-2025041216gm-00a9-0000-3d010e8a-05-s1-d12,30,A,1,25,"[14500,10700,30900,43900]",4,-10.0,1,3,1,0,7,True
2025-2025041216gm-00a9-0000-3d010e8a-05-s1-d12,30,B,3,55,"[14500,10700,30900,43900]",4,-10.0,1,3,1,0,7,True
2025-2025041216gm-00a9-0000-3d010e8a-05-s1-d12,31,A,1,25,"[16200,35500,42500,5800]",2,4.0,1,3,4,0,7,True
2025-2025041216gm-00a9-0000-3d010e8a-05-s1-d12,31,B,3,55,"[16200,35500,42500,5800]",2,4.0,1,3,4,0,7,True
2025-2025041216gm-00a9-0000-3d010e8a-05-s1-d12,32,A,1,25,"[17900,43000,39700,-600]",1,10.0,1,0,1,0,2,True
2025-2025041216gm-00a9-0000-3d010e8a-05-s1-d12,32,B,3,55,"[17900,43000,39700,-600]",1,10.0,1,0,1,0,2,True
2025-2025041216gm-00a9-0000-3d010e8a-05-s1-d12,33,A,1,25,"[18000,31600,39000,11400]",2,4.0,1,3,0,0,5,True
2025-2025041216gm-00a9-0000-3d010e8a-05-s1-d12,33,B,3,55,"[18000,31600,40000,10400]",2,4.0,1,3,0,0,5,True
2025-2025041216gm-00a9-0000-3d010e8a-05-s1-d12,34,A,1,25,"[25400,14800,51700,8100]",3,-4.0,1,3,3,0,9,True
2025-2025041216gm-00a9-0000-3d010e8a-05-s1-d12,34,B,3,55,"[25400,14800,51700,8100]",3,-4.0,1,3,3,0,9,True
2025-2025041216gm-00a9-0000-3d010e8a-05-s1-d12,35,A,1,25,"[35600,24200,24800,15400]",3,-4.0,2,0,0,0,6,True
2025-2025041216gm-00a9-0000-3d010e8a-05-s1-d12,35,B,3,55,"[22900,25400,38400,13300]",2,4.0,1,3,0,0,5,True
2025-2025041216gm-00a9-0000-3d010e8a-05-s1-d12,36,A,1,25,"[6100,31700,43700,18500]",2,4.0,1,3,0,0,8,True
2025-2025041216gm-00a9-0000-3d010e8a-05-s1-d12,36,B,3,55,"[6100,31700,43700,18500]",2,4.0,1,3,0,0,8,True
2025-2025041216gm-00a9-0000-3d010e8a-05-s1-d12,37,A,1,25,"[23200,25300,14300,37200]",2,4.0,1,3,0,0,5,True
2025-2025041216gm-00a9-0000-3d010e8a-05-s1-d12,37,B,3,55,"[23200,25300,14300,37200]",2,4.0,1,3,0,0,5,True
2025-2025041216gm-00a9-0000-3d010e8a-05-s1-d12,38,A,1,25,"[27900,37100,37400,-2400]",2,4.0,1,1,1,0,5,True
2025-2025041216gm-00a9-0000-3d010e8a-05-s1-d12,38,B,3,55,"[27900,37100,37400,-2400]",2,4.0,1,1,1,0,5,True
2025-2025041216gm-00a9-0000-3d010e8a-05-s1-d12,39,A,1,25,"[16500,34400,33400,15700]",1,10.0,1,3,1,0,6,True
2025-2025041216gm-00a9-0000-3d010e8a-05-s1-d12,39,B,3,55,"[16500,34400,33400,15700]",1,10.0,1,3,1,0,6,True
2025-2025041216gm-00a9-0000-3d010e8a-05-s1-d12,40,A,1,25,"[12200,26000,35500,26300]",3,-4.0,2,0,0,0,7,True
2025-2025041216gm-00a9-0000-3d010e8a-05-s1-d12,40,B,3,55,"[26000,25100,44300,4600]",3,-4.0,1,3,0,0,7,True
2025-2025041216gm-00a9-0000-3d010e8a-05-s1-d12,41,A,1,25,"[31400,20900,19000,28700]",3,-4.0,1,3,1,0,7,True
2025-2025041216gm-00a9-0000-3d010e8a-05-s1-d12,41,B,3,55,"[31400,20900,19000,28700]",3,-4.0,1,3,1,0,7,True
2025-2025041216gm-00a9-0000-3d010e8a-05-s1-d12,42,A,1,25,"[5900,27600,39800,25700]",2,4.0,1,3,2,1,7,True
2025-2025041216gm-00a9-0000-3d010e8a-05-s1-d12,42,B,3,55,"[5900,27600,39800,25700]",2,4.0,1,3,2,1,7,True
2025-2025041216gm-00a9-0000-3d010e8a-05-s1-d12,43,A,1,25,"[23100,17100,42000,17800]",4,-10.0,1,3,0,0,5,True
2025-2025041216gm-00a9-0000-3d010e8a-05-s1-d12,43,B,3,55,"[23100,17100,42000,17800]",4,-10.0,1,3,0,0,5,True
2025-2025041216gm-00a9-0000-3d010e8a-05-s1-d12,44,A,1,25,"[16000,35900,35600,12500]",1,10.0,1,3,0,0,5,True
2025-2025041216gm-00a9-0000-3d010e8a-05-s1-d12,44,B,3,55,"[21300,27900,34300,16500]",2,4.0,1,3,0,0,5,True
2025-2025041216gm-00a9-0000-3d010e8a-05-s1-d12,45,A,1,25,"[9100,33000,35800,22100]",2,4.0,1,3,1,0,6,True
2025-2025041216gm-00a9-0000-3d010e8a-05-s1-d12,45,B,3,55,"[16000,33000,33600,17400]",2,4.0,1,3,1,0,6,True
2025-2025041216gm-00a9-0000-3d010e8a-05-s1-d12,46,A,1,25,"[12100,31500,39000,17400]",2,4.0,1,3,0,0,6,True
2025-2025041216gm-00a9-0000-3d010e8a-05-s1-d12,46,B,3,55,"[12100,31500,39000,17400]",2,4.0,1,3,0,0,6,True
2025-2025041216gm-00a9-0000-3d010e8a-05-s1-d12,47,A,1,25,"[11100,35200,39700,14000]",2,4.0,1,3,0,0,6,True
2025-2025041216gm-00a9-0000-3d010e8a-05-s1-d12,47,B,3,55,"[14900,19300,32700,33100]",3,-4.0,1,3,1,0,7,True
2025-2025041216gm-00a9-0000-3d010e8a-05-s1-d12,48,A,1,25,"[7800,23100,41300,27800]",3,-4.0,1,3,1,0,7,True
2025-2025041216gm-00a9-0000-3d010e8a-05-s1-d12,48,B,3,55,"[-800,27600,45800,27400]",2,4.0,1,2,1,0,6,True
2025-2025041216gm-00a9-0000-3d010e8a-05-s1-d12,49,A,1,25,"[9500,40800,38600,11100]",1,10.0,1,3,0,0,7,True
2025-2025041216gm-00a9-0000-3d010e8a-05-s1-d12,49,B,3,55,"[9500,40800,38600,11100]",1,10.0,1,3,0,0,7,True
2025-2025041216gm-00a9-0000-3d010e8a-05-s1-d12,50,A,1,25,"[16300,18100,48300,17300]",2,4.0,1,3,1,0,5,True
2025-2025041216gm-00a9-0000-3d010e8a-05-s1-d12,50,B,3,55,"[16300,18100,48300,17300]",2,4.0,1,3,1,0,5,True
2025-2025041216gm-00a9-0000-3d010e8a-05-s1-d12,51,A,1,25,"[13900,23400,28100,34600]",3,-4.0,1,3,0,0,5,True
2025-2025041216gm-00a9-0000-3d010e8a-05-s1-d12,51,B,3,55,"[13900,23400,28100,34600]",3,-4.0,1,3,0,0,5,True
2025-2025041216gm-00a9-0000-3d010e8a-05-s1-d12,52,A,1,25,"[15800,19800,31200,33200]",3,-4.0,1,3,0,0,6,True
2025-2025041216gm-00a9-0000-3d010e8a-05-s1-d12,52,B,3,55,"[15800,19800,31200,33200]",3,-4.0,1,3,0,0,6,True
2025-2025041216gm-00a9-0000-3d010e8a-05-s1-d12,53,A,1,25,"[-600,32000,44100,24500]",2,4.0,1,3,1,0,8,True
2025-2025041216gm-00a9-0000-3d010e8a-05-s1-d12,53,B,3,55,"[-600,32000,44100,24500]",2,4.0,1,3,1,0,8,True
2025-2025041216gm-00a9-0000-3d010e8a-05-s1-d12,54,A,1,25,"[13600,26400,38400,21600]",2,4.0,1,3,0,0,5,True
2025-2025041216gm-00a9-0000-3d010e8a-05-s1-d12,54,B,3,55,"[13600,26400,38400,21600]",2,4.0,1,3,0,0,5,True
2025-2025041216gm-00a9-0000-3d010e8a-05-s1-d12,55,A,1,25,"[22300,31200,48300,-1800]",2,4.0,1,2,0,0,4,True
2025-2025041216gm-00a9-0000-3d010e8a-05-s1-d12,55,B,3,55,"[22300,31200,48300,-1800]",2,4.0,1,2,0,0,4,True
2025-2025041216gm-00a9-0000-3d010e8a-05-s1-d12,56,A,1,25,"[19500,18800,52900,8800]",3,-4.0,1,3,0,0,5,True
2025-2025041216gm-00a9-0000-3d010e8a-05-s1-d12,56,B,3,55,"[19500,18800,52900,8800]",3,-4.0,1,3,0,0,5,True
2025-2025041216gm-00a9-0000-3d010e8a-05-s1-d12,57,A,1,25,"[19300,39900,37600,3200]",1,10.0,1,3,0,0,5,True
2025-2025041216gm-00a9-0000-3d010e8a-05-s1-d12,57,B,3,55,"[19300,39900,37600,3200]",1,10.0,1,3,0,0,5,True
2025-2025041216gm-00a9-0000-3d010e8a-05-s1-d12,58,A,1,25,"[20500,23900,34600,21000]",2,4.0,1,3,0,0,6,True
2025-2025041216gm-00a9-0000-3d010e8a-05-s1-d12,58,B,3,55,"[20500,23900,34600,21000]",2,4.0,1,3,0,0,6,True
2025-2025041216gm-00a9-0000-3d010e8a-05-s1-d12,59,A,1,25,"[19300,23600,35800,21300]",2,4.0,1,3,1,0,7,True
2025-2025041216gm-00a9-0000-3d010e8a-05-s1-d12,59,B,3,55,"[28800,19500,45900,5800]",3,-4.0,1,3,0,0,6,True
2025-2025041216gm-00a9-0000-3d010e8a-05-s1-d12,60,A,1,25,"[25400,30000,44400,200]",2,4.0,1,3,0,0,5,True
2025-2025041216gm-00a9-0000-3d010e8a-05-s1-d12,60,B,3,55,"[25400,30000,44400,200]",2,4.0,1,3,0,0,5,True
2025-2025041216gm-00a9-0000-3d010e8a-05-s1-d12,61,A,1,25,"[14000,41400,45100,-500]",2,4.0,1,1,0,0,3,True
2025-2025041216gm-00a9-0000-3d010e8a-05-s1-d12,61,B,3,55,"[14000,41400,45100,-500]",2,4.0,1,1,0,0,3,True
2025-2025041216gm-00a9-0000-3d010e8a-05-s1-d12,62,A,1,25,"[11000,23100,51500,13400]",2,4.0,1,3,0,1,6,True
2025-2025041216gm-00a9-0000-3d010e8a-05-s1-d12,62,B,3,55,"[11000,23100,51500,13400]",2,4.0,1,3,0,1,6,True
2025-2025041216gm-00a9-0000-3d010e8a-05-s1-d12,63,A,1,25,"[15900,34100,50600,-600]",2,4.0,1,1,3,0,4,True
2025-2025041216gm-00a9-0000-3d010e8a-05-s1-d12,63,B,3,55,"[15900,34100,50600,-600]",2,4.0,1,1,3,0,4,True
2025-2025041216gm-00a9-0000-3d010e8a-05-s1-d12,64,A,1,25,"[13000,21700,37400,27900]",3,-4.0,1,3,0,0,7,True
2025-2025041216gm-00a9-0000-3d010e8a-05-s1-d12,64,B,3,55,"[13000,21700,37400,27900]",3,-4.0,1,3,0,0,7,True
2025-2025041216gm-00a9-0000-3d010e8a-05-s1-d12,65,A,1,25,"[30600,7700,38200,23500]",4,-10.0,1,3,0,0,5,True
2025-2025041216gm-00a9-0000-3d010e8a-05-s1-d12,65,B,3,55,"[30600,7700,38200,23500]",4,-10.0,1,3,0,0,5,True
2025-2025041216gm-00a9-0000-3d010e8a-05-s1-d12,66,A,1,25,"[7500,39000,41600,11900]",2,4.0,1,3,0,0,6,True
2025-2025041216gm-00a9-0000-3d010e8a-05-s1-d12,66,B,3,55,"[7500,39000,41600,11900]",2,4.0,1,3,0,0,6,True
2025-2025041216gm-00a9-0000-3d010e8a-05-s1-d12,67,A,1,25,"[23300,25400,42500,8800]",2,4.0,1,3,0,0,5,True
2025-2025041216gm-00a9-0000-3d010e8a-05-s1-d12,67,B,3,55,"[23300,25400,42500,8800]",2,4.0,1,3,0,0,5,True
2025-2025041216gm-00a9-0000-3d010e8a-05-s1-d12,68,A,1,25,"[9100,23800,46600,19500]",2,4.0,1,3,0,1,6,True
2025-2025041216gm-00a9-0000-3d010e8a-05-s1-d12,68,B,3,55,"[9100,23800,46600,19500]",2,4.0,1,3,0,1,6,True
2025-2025041216gm-00a9-0000-3d010e8a-05-s1-d12,69,A,1,25,"[900,38700,48700,11700]",2,4.0,1,3,0,0,6,True
2025-2025041216gm-00a9-0000-3d010e8a-05-s1-d12,69,B,3,55,"[900,38700,48700,11700]",2,4.0,1,3,0,0,6,True
2025-2025041216gm-00a9-0000-3d010e8a-05-s1-d12,70,A,1,25,"[30100,37100,31500,1300]",1,10.0,1,3,0,0,5,True
2025-2025041216gm-00a9-0000-3d010e8a-05-s1-d12,70,B,3,55,"[30100,37100,31500,1300]",1,10.0,1,3,0,0,5,True
2025-2025041216gm-00a9-0000-3d010e8a-05-s1-d12,71,A,1,25,"[2500,50300,30700,16500]",1,10.0,1,3,1,0,5,True
2025-2025041216gm-00a9-0000-3d010e8a-05-s1-d12,71,B,3,55,"[32100,27700,43000,-2800]",3,-4.0,1,2,0,0,5,True
2025-2025041216gm-00a9-0000-3d010e8a-05-s1-d12,72,A,1,25,"[19200,20500,48000,12300]",2,4.0,1,3,0,0,9,True
2025-2025041216gm-00a9-0000-3d010e8a-05-s1-d12,72,B,3,55,"[15200,30800,50300,3700]",2,4.0,1,3,3,0,9,True
2025-2025041216gm-00a9-0000-3d010e8a-05-s1-d12,73,A,1,25,"[16000,28000,35600,20400]",2,4.0,1,3,2,0,7,True
2025-2025041216gm-00a9-0000-3d010e8a-05-s1-d12,73,B,3,55,"[16000,23400,37200,23400]",2,4.0,1,3,1,0,6,True
2025-2025041216gm-00a9-0000-3d010e8a-05-s1-d12,74,A,1,25,"[-5300,29300,42700,33300]",3,-4.0,1,3,0,0,7,True
2025-2025041216gm-00a9-0000-3d010e8a-05-s1-d12,74,B,3,55,"[-5300,29300,42700,33300]",3,-4.0,1,3,0,0,7,True
2025-2025041216gm-00a9-0000-3d010e8a-05-s1-d12,75,A,1,25,"[27400,27900,38200,5500]",2,4.0,1,3,0,1,5,True
2025-2025041216gm-00a9-0000-3d010e8a-05-s1-d12,75,B,3,55,"[27400,27900,38200,5500]",2,4.0,1,3,0,1,5,True
2025-2025041216gm-00a9-0000-3d010e8a-05-s1-d12,76,A,1,25,"[3300,38600,26500,31600]",1,10.0,1,3,0,0,8,True
2025-2025041216gm-00a9-0000-3d010e8a-05-s1-d12,76,B,3,55,"[3300,38600,26500,31600]",1,10.0,1,3,0,0,8,True
2025-2025041216gm-00a9-0000-3d010e8a-05-s1-d12,77,A,1,25,"[17200,19600,63000,200]",2,4.0,1,3,0,0,6,True
2025-2025041216gm-00a9-0000-3d010e8a-05-s1-d12,77,B,3,55,"[17200,19600,64000,-800]",2,4.0,1,3,0,0,6,True
2025-2025041216gm-00a9-0000-3d010e8a-05-s1-d12,78,A,1,25,"[9600,32300,43500,14600]",2,4.0,1,3,1,0,6,True
2025-2025041216gm-00a9-0000-3d010e8a-05-s1-d12,78,B,3,55,"[9900,25000,40500,23600]",2,4.0,1,3,1,1,6,True
2025-2025041216gm-00a9-0000-3d010e8a-05-s1-d12,79,A,1,25,"[15200,28900,42800,13100]",2,4.0,1,3,0,0,6,True
2025-2025041216gm-00a9-0000-3d010e8a-05-s1-d12,79,B,3,55,"[14200,31900,41800,12100]",2,4.0,1,3,0,0,6,True
2025-2025041216gm-00a9-0000-3d010e8a-05-s1-d12,80,A,1,25,"[6200,25700,47900,20200]",2,4.0,1,3,1,0,7,True
2025-2025041216gm-00a9-0000-3d010e8a-05-s1-d12,80,B,3,55,"[15000,20100,44600,20300]",3,-4.0,1,3,0,0,6,True
2025-2025041216gm-00a9-0000-3d010e8a-05-s1-d12,81,A,1,25,"[19600,29300,50300,800]",2,4.0,1,3,1,0,8,True
2025-2025041216gm-00a9-0000-3d010e8a-05-s1-d12,81,B,3,55,"[16100,28100,43100,12700]",2,4.0,1,3,1,0,8,True
2025-2025041216gm-00a9-0000-3d010e8a-05-s1-d12,82,A,1,25,"[17200,15700,49400,17700]",4,-10.0,1,3,0,0,5,True
2025-2025041216gm-00a9-0000-3d010e8a-05-s1-d12,82,B,3,55,"[11500,34200,38000,16300]",2,4.0,1,3,0,0,5,True
2025-2025041216gm-00a9-0000-3d010e8a-05-s1-d12,83,A,1,25,"[15400,36300,22900,25400]",1,10.0,1,3,1,0,7,True
2025-2025041216gm-00a9-0000-3d010e8a-05-s1-d12,83,B,3,55,"[15400,36300,22900,25400]",1,10.0,1,3,1,0,7,True
2025-2025041216gm-00a9-0000-3d010e8a-05-s1-d12,84,A,1,25,"[15400,46200,42800,-4400]",1,10.0,1,2,0,0,4,True
2025-2025041216gm-00a9-0000-3d010e8a-05-s1-d12,84,B,3,55,"[15400,46200,42800,-4400]",1,10.0,1,2,0,0,4,True
2025-2025041216gm-00a9-0000-3d010e8a-05-s1-d12,85,A,1,25,"[-100,24900,45000,30200]",3,-4.0,1,3,1,0,6,True
2025-2025041216gm-00a9-0000-3d010e8a-05-s1-d12,85,B,3,55,"[-100,24900,45000,30200]",3,-4.0,1,3,1,0,6,True
2025-2025041216gm-00a9-0000-3d010e8a-05-s1-d12,86,A,1,25,"[32600,18500,30000,18900]",4,-10.0,1,3,0,0,7,True
2025-2025041216gm-00a9-0000-3d010e8a-05-s1-d12,86,B,3,55,"[32600,18500,30000,18900]",4,-10.0,1,3,0,0,7,True
2025-2025041216gm-00a9-0000-3d010e8a-05-s1-d12,87,A,1,25,"[23000,27400,38400,11200]",2,4.0,1,3,0,0,5,True
2025-2025041216gm-00a9-0000-3d010e8a-05-s1-d12,87,B,3,55,"[23000,27400,38400,11200]",2,4.0,1,3,0,0,5,True
2025-2025041216gm-00a9-0000-3d010e8a-05-s1-d12,88,A,1,25,"[17900,26700,37900,17500]",2,4.0,1,3,0,0,5,True
2025-2025041216gm-00a9-0000-3d010e8a-05-s1-d12,88,B,3,55,"[17900,26700,37900,17500]",2,4.0,1,3,0,0,5,True
2025-2025041216gm-00a9-0000-3d010e8a-05-s1-d12,89,A,1,25,"[37800,8700,36900,16600]",4,-10.0,1,3,1,0,8,True
2025-2025041216gm-00a9-0000-3d010e8a-05-s1-d12,89,B,3,55,"[37800,8700,36900,16600]",4,-10.0,1,3,1,0,8,True
2025-2025041216gm-00a9-0000-3d010e8a-05-s1-d12,90,A,1,25,"[800,36000,46100,17100]",2,4.0,1,3,0,0,5,True
2025-2025041216gm-00a9-0000-3d010e8a-05-s1-d12,90,B,3,55,"[800,36000,46100,17100]",2,4.0,1,3,0,0,5,True
2025-2025041216gm-00a9-0000-3d010e8a-05-s1-d12,91,A,1,25,"[12200,33800,34000,20000]",2,4.0,1,3,0,0,6,True
2025-2025041216gm-00a9-0000-3d010e8a-05-s1-d12,91,B,3,55,"[12200,33800,34000,20000]",2,4.0,1,3,0,0,6,True
2025-2025041216gm-00a9-0000-3d010e8a-05-s1-d12,92,A,1,25,"[24400,16500,43100,15000]",3,-4.0,1,3,0,1,7,True
2025-2025041216gm-00a9-0000-3d010e8a-05-s1-d12,92,B,3,55,"[24400,16500,43100,15000]",3,-4.0,1,3,0,1,7,True
2025-2025041216gm-00a9-0000-3d010e8a-05-s1-d12,93,A,1,25,"[12800,24900,48800,13500]",2,4.0,1,3,1,0,9,True
2025-2025041216gm-00a9-0000-3d010e8a-05-s1-d12,93,B,3,55,"[12800,24900,48800,13500]",2,4.0,1,3,1,0,9,True
2025-2025041216gm-00a9-0000-3d010e8a-05-s1-d12,94,A,1,25,"[6500,22400,52300,18800]",2,4.0,1,3,1,0,7,True
2025-2025041216gm-00a9-0000-3d010e8a-05-s1-d12,94,B,3,55,"[6500,22400,52300,18800]",2,4.0,1,3,1,0,7,True
2025-2025041216gm-00a9-0000-3d010e8a-05-s1-d12,95,A,1,25,"[24200,13700,48400,13700]",3,-4.0,1,3,3,0,7,True
2025-2025041216gm-00a9-0000-3d010e8a-05-s1-d12,95,B,3,55,"[24200,13700,48400,13700]",3,-4.0,1,3,3,0,7,True
2025-2025041216gm-00a9-0000-3d010e8a-05-s1-d12,96,A,1,25,"[33000,36500,23700,6800]",1,10.0,1,3,0,0,7,True
2025-2025041216gm-00a9-0000-3d010e8a-05-s1-d12,96,B,3,55,"[16900,35900,46700,-500]",2,4.0,1,2,0,1,4,True
2025-2025041216gm-00a9-0000-3d010e8a-05-s1-d12,97,A,1,25,"[25800,30800,32700,10700]",2,4.0,1,3,0,0,5,True
2025-2025041216gm-00a9-0000-3d010e8a-05-s1-d12,97,B,3,55,"[25800,30800,32700,10700]",2,4.0,1,3,0,0,5,True
2025-2025041216gm-00a9-0000-3d010e8a-05-s1-d12,98,A,1,25,"[21200,12800,53600,11400]",3,-4.0,1,3,4,1,9,True
2025-2025041216gm-00a9-0000-3d010e8a-05-s1-d12,98,B,3,55,"[24200,26200,48200,1400]",2,4.0,1,3,0,0,7,True
2025-2025041216gm-00a9-0000-3d010e8a-05-s1-d12,99,A,1,25,"[16300,27200,46300,10200]",2,4.0,1,3,0,0,7,True
2025-2025041216gm-00a9-0000-3d010e8a-05-s1-d12,99,B,3,55,"[25600,19700,35100,19600]",3,-4.0,1,3,1,0,6,True
2025-2025041216gm-00a9-0000-3d010e8a-05-s1-d12,100,A,1,25,"[16500,32200,32400,18900]",2,4.0,1,3,0,0,5,True
2025-2025041216gm-00a9-0000-3d010e8a-05-s1-d12,100,B,3,55,"[16500,32200,32400,18900]",2,4.0,1,3,0,0,5,True
2025-2025041216gm-00a9-0000-3d010e8a-05-s1-d12,101,A,1,25,"[15400,27900,40600,16100]",2,4.0,1,3,2,0,7,True
2025-2025041216gm-00a9-0000-3d010e8a-05-s1-d12,101,B,3,55,"[15400,27900,40600,16100]",2,4.0,1,3,2,0,7,True
2025-2025041216gm-00a9-0000-3d010e8a-05-s1-d12,102,A,1,25,"[25200,31600,34100,9100]",2,4.0,1,3,0,0,6,True
2025-2025041216gm-00a9-0000-3d010e8a-05-s1-d12,102,B,3,55,"[31800,14100,40800,13300]",3,-4.0,1,3,1,0,7,True
2025-2025041216gm-00a9-0000-3d010e8a-05-s1-d12,103,A,1,25,"[15700,40000,41100,3200]",2,4.0,1,3,2,0,6,True
2025-2025041216gm-00a9-0000-3d010e8a-05-s1-d12,103,B,3,55,"[15700,40000,41100,3200]",2,4.0,1,3,2,0,6,True
2025-2025041216gm-00a9-0000-3d010e8a-05-s1-d12,104,A,1,25,"[32400,30200,28900,8500]",2,4.0,1,3,1,0,6,True
2025-2025041216gm-00a9-0000-3d010e8a-05-s1-d12,104,B,3,55,"[32400,30200,28900,8500]",2,4.0,1,3,1,0,6,True
2025-2025041216gm-00a9-0000-3d010e8a-05-s1-d12,105,A,1,25,"[3600,23100,60700,12600]",2,4.0,1,3,0,0,5,True
2025-2025041216gm-00a9-0000-3d010e8a-05-s1-d12,105,B,3,55,"[3600,23100,60700,12600]",2,4.0,1,3,0,0,5,True
2025-2025041216gm-00a9-0000-3d010e8a-05-s1-d12,106,A,1,25,"[30500,15800,41700,12000]",3,-4.0,1,3,0,0,5,True
2025-2025041216gm-00a9-0000-3d010e8a-05-s1-d12,106,B,3,55,"[30500,15800,41700,12000]",3,-4.0,1,3,0,0,5,True
2025-2025041216gm-00a9-0000-3d010e8a-05-s1-d12,107,A,1,25,"[21600,45700,1700,31000]",1,10.0,1,3,1,0,7,True
2025-2025041216gm-00a9-0000-3d010e8a-05-s1-d12,107,B,3,55,"[21600,45700,1700,31000]",1,10.0,1,3,1,0,7,True
2025-2025041216gm-00a9-0000-3d010e8a-05-s1-d12,108,A,1,25,"[30100,21500,39700,8700]",3,-4.0,1,3,0,0,5,True
2025-2025041216gm-00a9-0000-3d010e8a-05-s1-d12,108,B,3,55,"[28700,23600,38100,9600]",3,-4.0,1,3,0,0,5,True
2025-2025041216gm-00a9-0000-3d010e8a-05-s1-d12,109,A,1,25,"[12400,25700,45200,14700]",2,4.0,1,3,3,2,6,True
2025-2025041216gm-00a9-0000-3d010e8a-05-s1-d12,109,B,3,55,"[12400,25700,45200,14700]",2,4.0,1,3,3,2,6,True
2025-2025041216gm-00a9-0000-3d010e8a-05-s1-d12,110,A,1,25,"[25900,24100,55900,-5900]",3,-4.0,1,3,1,0,7,True
2025-2025041216gm-00a9-0000-3d010e8a-05-s1-d12,110,B,3,55,"[25900,24100,55900,-5900]",3,-4.0,1,3,1,0,7,True
2025-2025041216gm-00a9-0000-3d010e8a-05-s1-d12,111,A,1,25,"[-2300,32100,41400,28800]",2,4.0,1,3,0,0,8,True
2025-2025041216gm-00a9-0000-3d010e8a-05-s1-d12,111,B,3,55,"[-2300,32100,41400,28800]",2,4.0,1,3,0,0,8,True
2025-2025041216gm-00a9-0000-3d010e8a-05-s1-d12,112,A,1,25,"[12100,26600,41400,19900]",2,4.0,1,3,1,0,7,True
2025-2025041216gm-00a9-0000-3d010e8a-05-s1-d12,112,B,3,55,"[12100,26600,41400,19900]",2,4.0,1,3,1,0,7,True
2025-2025041216gm-00a9-0000-3d010e8a-05-s1-d12,113,A,1,25,"[9600,28100,48900,13400]",2,4.0,1,3,2,0,6,True
2025-2025041216gm-00a9-0000-3d010e8a-05-s1-d12,113,B,3,55,"[9600,28100,48900,13400]",2,4.0,1,3,2,0,6,True
2025-2025041216gm-00a9-0000-3d010e8a-05-s1-d12,114,A,1,25,"[12900,37300,32800,17000]",1,10.0,1,3,0,0,6,True
2025-2025041216gm-00a9-0000-3d010e8a-05-s1-d12,114,B,3,55,"[23100,22300,34700,19900]",3,-4.0,1,3,0,0,5,True
2025-2025041216gm-00a9-0000-3d010e8a-05-s1-d12,115,A,1,25,"[8100,42200,34800,14900]",1,10.0,1,3,0,0,6,True
2025-2025041216gm-00a9-0000-3d010e8a-05-s1-d12,115,B,3,55,"[12800,30300,44500,12400]",2,4.0,1,3,0,0,6,True
2025-2025041216gm-00a9-0000-3d010e8a-05-s1-d12,116,A,1,25,"[4900,30600,33900,30600]",2,4.0,1,3,1,0,6,True
2025-2025041216gm-00a9-0000-3d010e8a-05-s1-d12,116,B,3,55,"[8400,25100,29300,37200]",3,-4.0,1,3,0,0,5,True
2025-2025041216gm-00a9-0000-3d010e8a-05-s1-d12,117,A,1,25,"[27400,21000,30000,21600]",4,-10.0,1,3,0,0,6,True
2025-2025041216gm-00a9-0000-3d010e8a-05-s1-d12,117,B,3,55,"[23600,25100,40300,10000]",2,4.0,1,3,0,1,5,True
2025-2025041216gm-00a9-0000-3d010e8a-05-s1-d12,118,A,1,25,"[11100,27300,35300,26300]",2,4.0,1,3,0,0,5,True
2025-2025041216gm-00a9-0000-3d010e8a-05-s1-d12,118,B,3,55,"[11100,27300,35300,26300]",2,4.0,1,3,0,0,5,True
2025-2025041216gm-00a9-0000-3d010e8a-05-s1-d12,119,A,1,25,"[11300,51800,24500,12400]",1,10.0,1,3,2,0,8,True
2025-2025041216gm-00a9-0000-3d010e8a-05-s1-d12,119,B,3,55,"[9900,27600,61000,1500]",2,4.0,1,3,0,0,6,True
2025-2025041216gm-00a9-0000-3d010e8a-05-s1-d12,120,A,1,25,"[10600,23500,31700,34200]",3,-4.0,1,3,0,0,6,True
2025-2025041216gm-00a9-0000-3d010e8a-05-s1-d12,120,B,3,55,"[-3200,27200,38200,37800]",3,-4.0,1,2,1,0,4,True
2025-2025041216gm-00a9-0000-3d010e8a-05-s1-d12,121,A,1,25,"[18500,30900,39300,11300]",2,4.0,1,3,1,0,5,True
2025-2025041216gm-00a9-0000-3d010e8a-05-s1-d12,121,B,3,55,"[18500,30900,39300,11300]",2,4.0,1,3,1,0,5,True
2025-2025041216gm-00a9-0000-3d010e8a-05-s1-d12,122,A,1,25,"[9800,27600,40600,22000]",2,4.0,1,3,0,0,5,True
2025-2025041216gm-00a9-0000-3d010e8a-05-s1-d12,122,B,3,55,"[9800,27600,40600,22000]",2,4.0,1,3,0,0,5,True
2025-2025041216gm-00a9-0000-3d010e8a-05-s1-d12,123,A,1,25,"[16100,25100,46700,12100]",2,4.0,1,3,2,0,7,True
2025-2025041216gm-00a9-0000-3d010e8a-05-s1-d12,123,B,3,55,"[18000,46400,42900,-7300]",1,10.0,1,2,1,0,6,True
2025-2025041216gm-00a9-0000-3d010e8a-05-s1-d12,124,A,1,25,"[6200,38400,41400,14000]",2,4.0,1,3,1,0,7,True
2025-2025041216gm-00a9-0000-3d010e8a-05-s1-d12,124,B,3,55,"[6200,38400,41400,14000]",2,4.0,1,3,1,0,7,True
2025-2025041216gm-00a9-0000-3d010e8a-05-s1-d12,125,A,1,25,"[38300,32100,30400,-800]",2,4.0,1,1,0,0,4,True
2025-2025041216gm-00a9-0000-3d010e8a-05-s1-d12,125,B,3,55,"[38300,32100,30400,-800]",2,4.0,1,1,0,0,4,True
2025-2025041216gm-00a9-0000-3d010e8a-05-s1-d12,126,A,1,25,"[7400,32900,48500,11200]",2,4.0,1,3,0,0,7,True
2025-2025041216gm-00a9-0000-3d010e8a-05-s1-d12,126,B,3,55,"[7400,32900,48500,11200]",2,4.0,1,3,0,0,7,True
2025-2025041216gm-00a9-0000-3d010e8a-05-s1-d12,127,A,1,25,"[1000,33700,42600,22700]",2,4.0,1,3,1,0,6,True
2025-2025041216gm-00a9-0000-3d010e8a-05-s1-d12,127,B,3,55,"[1000,33700,42600,22700]",2,4.0,1,3,1,0,6,True
2025-2025041216gm-00a9-0000-3d010e8a-05-s1-d12,128,A,1,25,"[11200,45600,38700,4500]",1,10.0,1,3,0,0,5,True
2025-2025041216gm-00a9-0000-3d010e8a-05-s1-d12,128,B,3,55,"[18900,35900,36700,8500]",2,4.0,1,3,0,0,5,True
2025-2025041216gm-00a9-0000-3d010e8a-05-s1-d12,129,A,1,25,"[19400,34400,37300,8900]",2,4.0,1,3,0,0,5,True
2025-2025041216gm-00a9-0000-3d010e8a-05-s1-d12,129,B,3,55,"[19400,34400,37300,8900]",2,4.0,1,3,0,0,5,True
2025-2025041216gm-00a9-0000-3d010e8a-05-s1-d12,130,A,1,25,"[7400,37700,44800,9100]",2,4.0,1,3,0,1,6,True
2025-2025041216gm-00a9-0000-3d010e8a-05-s1-d12,130,B,3,55,"[7400,37700,44800,9100]",2,4.0,1,3,0,1,6,True
2025-2025041216gm-00a9-0000-3d010e8a-05-s1-d12,131,A,1,25,"[14300,31000,28300,26400]",1,10.0,1,3,1,0,5,True
2025-2025041216gm-00a9-0000-3d010e8a-05-s1-d12,131,B,3,55,"[20200,39000,35600,5200]",1,10.0,1,3,0,0,6,True
2025-2025041216gm-00a9-0000-3d010e8a-05-s1-d12,132,A,1,25,"[22100,12500,35200,30200]",4,-10.0,1,3,0,0,10,True
2025-2025041216gm-00a9-0000-3d010e8a-05-s1-d12,132,B,3,55,"[23100,28100,30200,18600]",2,4.0,1,3,1,0,7,True
2025-2025041216gm-00a9-0000-3d010e8a-05-s1-d12,133,A,1,25,"[9400,44400,35100,11100]",1,10.0,1,3,3,0,6,True
2025-2025041216gm-00a9-0000-3d010e8a-05-s1-d12,133,B,3,55,"[9400,44400,35100,11100]",1,10.0,1,3,3,0,6,True
2025-2025041216gm-00a9-0000-3d010e8a-05-s1-d12,134,A,1,25,"[18100,35800,42200,3900]",2,4.0,1,3,0,0,9,True
2025-2025041216gm-00a9-0000-3d010e8a-05-s1-d12,134,B,3,55,"[18100,35800,42200,3900]",2,4.0,1,3,0,0,9,True
2025-2025041216gm-00a9-0000-3d010e8a-05-s1-d12,135,A,1,25,"[-1600,43700,45900,12000]",2,4.0,1,3,0,0,6,True
2025-2025041216gm-00a9-0000-3d010e8a-05-s1-d12,135,B,3,55,"[15900,27100,54600,2400]",2,4.0,1,3,0,0,5,True
2025-2025041216gm-00a9-0000-3d010e8a-05-s1-d12,136,A,1,25,"[18000,17900,31100,33000]",4,-10.0,1,3,0,0,5,True
2025-2025041216gm-00a9-0000-3d010e8a-05-s1-d12,136,B,3,55,"[18000,17900,31100,33000]",4,-10.0,1,3,0,0,5,True
2025-2025041216gm-00a9-0000-3d010e8a-05-s1-d12,137,A,1,25,"[30000,14200,45400,10400]",3,-4.0,1,3,0,0,5,True
2025-2025041216gm-00a9-0000-3d010e8a-05-s1-d12,137,B,3,55,"[30000,14200,45400,10400]",3,-4.0,1,3,0,0,5,True
2025-2025041216gm-00a9-0000-3d010e8a-05-s1-d12,138,A,1,25,"[17700,30000,42700,9600]",2,4.0,1,3,1,0,5,True
2025-2025041216gm-00a9-0000-3d010e8a-05-s1-d12,138,B,3,55,"[13000,20600,59800,6600]",2,4.0,1,3,0,0,6,True
2025-2025041216gm-00a9-0000-3d010e8a-05-s1-d12,139,A,1,25,"[800,33000,41100,25100]",2,4.0,1,3,0,0,5,True
2025-2025041216gm-00a9-0000-3d010e8a-05-s1-d12,139,B,3,55,"[800,33000,41100,25100]",2,4.0,1,3,0,0,5,True
2025-2025041216gm-00a9-0000-3d010e8a-05-s1-d12,140,A,1,25,"[16300,22700,53000,8000]",2,4.0,1,3,0,0,5,True
2025-2025041216gm-00a9-0000-3d010e8a-05-s1-d12,140,B,3,55,"[16300,22700,53000,8000]",2,4.0,1,3,0,0,5,True
2025-2025041216gm-00a9-0000-3d010e8a-05-s1-d12,141,A,1,25,"[19300,18100,51700,10900]",3,-4.0,1,3,1,0,6,True
2025-2025041216gm-00a9-0000-3d010e8a-05-s1-d12,141,B,3,55,"[19300,18100,51700,10900]",3,-4.0,1,3,1,0,6,True
2025-2025041216gm-00a9-0000-3d010e8a-05-s1-d12,142,A,1,25,"[20200,31200,34400,14200]",2,4.0,1,3,0,0,5,True
2025-2025041216gm-00a9-0000-3d010e8a-05-s1-d12,142,B,3,55,"[20200,31200,34400,14200]",2,4.0,1,3,0,0,5,True
2025-2025041216gm-00a9-0000-3d010e8a-05-s1-d12,143,A,1,25,"[14800,31000,47000,7200]",2,4.0,1,3,2,0,5,True
2025-2025041216gm-00a9-0000-3d010e8a-05-s1-d12,143,B,3,55,"[14800,31000,47000,7200]",2,4.0,1,3,2,0,5,True
2025-2025041216gm-00a9-0000-3d010e8a-05-s1-d12,144,A,1,25,"[26200,26000,37300,10500]",3,-4.0,1,3,0,0,5,True
2025-2025041216gm-00a9-0000-3d010e8a-05-s1-d12,144,B,3,55,"[26200,26000,37300,10500]",3,-4.0,1,3,0,0,5,True
2025-2025041216gm-00a9-0000-3d010e8a-05-s1-d12,145,A,1,25,"[6600,42200,34600,16600]",1,10.0,1,3,0,0,7,True
2025-2025041216gm-00a9-0000-3d010e8a-05-s1-d12,145,B,3,55,"[6600,42200,34600,16600]",1,10.0,1,3,0,0,7,True
2025-2025041216gm-00a9-0000-3d010e8a-05-s1-d12,146,A,1,25,"[12200,26900,37900,23000]",2,4.0,1,3,1,0,6,True
2025-2025041216gm-00a9-0000-3d010e8a-05-s1-d12,146,B,3,55,"[27900,15400,45000,11700]",3,-4.0,1,3,0,0,5,True
2025-2025041216gm-00a9-0000-3d010e8a-05-s1-d12,147,A,1,25,"[3500,23800,35300,37400]",3,-4.0,1,3,0,0,6,True
2025-2025041216gm-00a9-0000-3d010e8a-05-s1-d12,147,B,3,55,"[12700,28700,35000,23600]",2,4.0,1,3,1,0,7,True
2025-2025041216gm-00a9-0000-3d010e8a-05-s1-d12,148,A,1,25,"[19400,30000,45700,4900]",2,4.0,1,3,0,0,6,True
2025-2025041216gm-00a9-0000-3d010e8a-05-s1-d12,148,B,3,55,"[19400,30000,45700,4900]",2,4.0,1,3,0,0,6,True
2025-2025041216gm-00a9-0000-3d010e8a-05-s1-d12,149,A,1,25,"[11900,43800,37300,7000]",1,10.0,1,3,0,0,6,True
2025-2025041216gm-00a9-0000-3d010e8a-05-s1-d12,149,B,3,55,"[11900,43800,37300,7000]",1,10.0,1,3,0,0,6,True
2025-2025041216gm-00a9-0000-3d010e8a-05-s1-d12,150,A,1,25,"[21100,39800,37700,1400]",1,10.0,1,3,1,0,7,True
2025-2025041216gm-00a9-0000-3d010e8a-05-s1-d12,150,B,3,55,"[18100,42800,20800,18300]",1,10.0,1,3,0,0,5,True
2025-2025041216gm-00a9-0000-3d010e8a-05-s1-d12,151,A,1,25,"[13900,20300,33400,32400]",3,-4.0,1,3,0,0,5,True
2025-2025041216gm-00a9-0000-3d010e8a-05-s1-d12,151,B,3,55,"[13900,20300,33400,32400]",3,-4.0,1,3,0,0,5,True
2025-2025041216gm-00a9-0000-3d010e8a-05-s1-d12,152,A,1,25,"[6700,36200,45700,11400]",2,4.0,1,3,1,0,5,True
2025-2025041216gm-00a9-0000-3d010e8a-05-s1-d12,152,B,3,55,"[10100,27200,42500,20200]",2,4.0,1,3,0,0,5,True
2025-2025041216gm-00a9-0000-3d010e8a-05-s1-d12,153,A,1,25,"[15600,28900,37400,18100]",2,4.0,1,3,0,0,6,True
2025-2025041216gm-00a9-0000-3d010e8a-05-s1-d12,153,B,3,55,"[15600,28900,37400,18100]",2,4.0,1,3,0,0,6,True
2025-2025041216gm-00a9-0000-3d010e8a-05-s1-d12,154,A,1,25,"[17400,32600,46800,3200]",2,4.0,1,3,0,0,5,True
2025-2025041216gm-00a9-0000-3d010e8a-05-s1-d12,154,B,3,55,"[17400,32600,46800,3200]",2,4.0,1,3,0,0,5,True
2025-2025041216gm-00a9-0000-3d010e8a-05-s1-d12,155,A,1,25,"[19000,32800,36600,11600]",2,4.0,1,3,1,0,5,True
2025-2025041216gm-00a9-0000-3d010e8a-05-s1-d12,155,B,3,55,"[19000,32800,36600,11600]",2,4.0,1,3,1,0,5,True
2025-2025041216gm-00a9-0000-3d010e8a-05-s1-d12,156,A,1,25,"[10100,23800,40800,25300]",3,-4.0,1,3,0,0,5,True
2025-2025041216gm-00a9-0000-3d010e8a-05-s1-d12,156,B,3,55,"[10100,23800,40800,25300]",3,-4.0,1,3,0,0,5,True
2025-2025041216gm-00a9-0000-3d010e8a-05-s1-d12,157,A,1,25,"[12100,27400,36600,23900]",2,4.0,1,3,0,0,7,True
2025-2025041216gm-00a9-0000-3d010e8a-05-s1-d12,157,B,3,55,"[12100,27400,36600,23900]",2,4.0,1,3,0,0,7,True
2025-2025041216gm-00a9-0000-3d010e8a-05-s1-d12,158,A,1,25,"[21700,24500,46400,7400]",2,4.0,1,3,0,0,5,True
2025-2025041216gm-00a9-0000-3d010e8a-05-s1-d12,158,B,3,55,"[21700,24500,46400,7400]",2,4.0,1,3,0,0,5,True
2025-2025041216gm-00a9-0000-3d010e8a-05-s1-d12,159,A,1,25,"[8700,34300,35800,20200]",2,4.0,1,3,0,1,5,True
2025-2025041216gm-00a9-0000-3d010e8a-05-s1-d12,159,B,3,55,"[14200,41200,36600,8000]",1,10.0,1,3,0,0,5,True
2025-2025041216gm-00a9-0000-3d010e8a-05-s1-d12,160,A,1,25,"[2100,28400,31200,38300]",3,-4.0,1,3,0,0,6,True
2025-2025041216gm-00a9-0000-3d010e8a-05-s1-d12,160,B,3,55,"[2100,28400,31200,38300]",3,-4.0,1,3,0,0,6,True
2025-2025041216gm-00a9-0000-3d010e8a-05-s1-d12,161,A,1,25,"[2700,32800,44900,19600]",2,4.0,1,3,1,0,6,True
2025-2025041216gm-00a9-0000-3d010e8a-05-s1-d12,161,B,3,55,"[6800,20600,52200,20400]",2,4.0,1,3,1,0,6,True
2025-2025041216gm-00a9-0000-3d010e8a-05-s1-d12,162,A,1,25,"[13600,26200,51000,9200]",2,4.0,1,3,0,0,5,True
2025-2025041216gm-00a9-0000-3d010e8a-05-s1-d12,162,B,3,55,"[13600,26200,51000,9200]",2,4.0,1,3,0,0,5,True
2025-2025041216gm-00a9-0000-3d010e8a-05-s1-d12,163,A,1,25,"[22300,24800,40100,12800]",2,4.0,1,3,1,0,7,True
2025-2025041216gm-00a9-0000-3d010e8a-05-s1-d12,163,B,3,55,"[22300,24800,40100,12800]",2,4.0,1,3,1,0,7,True
2025-2025041216gm-00a9-0000-3d010e8a-05-s1-d12,164,A,1,25,"[15900,27000,38600,18500]",2,4.0,1,3,0,0,5,True
2025-2025041216gm-00a9-0000-3d010e8a-05-s1-d12,164,B,3,55,"[15900,27000,38600,18500]",2,4.0,1,3,0,0,5,True
2025-2025041216gm-00a9-0000-3d010e8a-05-s1-d12,165,A,1,25,"[33500,22900,37500,6100]",3,-4.0,1,3,0,0,6,True
2025-2025041216gm-00a9-0000-3d010e8a-05-s1-d12,165,B,3,55,"[33500,22900,37500,6100]",3,-4.0,1,3,0,0,6,True
2025-2025041216gm-00a9-0000-3d010e8a-05-s1-d12,166,A,1,25,"[6900,25500,42600,25000]",2,4.0,1,3,1,0,6,True
2025-2025041216gm-00a9-0000-3d010e8a-05-s1-d12,166,B,3,55,"[6900,25500,42600,25000]",2,4.0,1,3,1,0,6,True
2025-2025041216gm-00a9-0000-3d010e8a-05-s1-d12,167,A,1,25,"[10200,-3900,50700,43000]",4,-10.0,1,2,1,0,5,True
2025-2025041216gm-00a9-0000-3d010e8a-05-s1-d12,167,B,3,55,"[10200,-3900,50700,43000]",4,-10.0,1,2,1,0,5,True
2025-2025041216gm-00a9-0000-3d010e8a-05-s1-d12,168,A,1,25,"[19300,25300,43100,12300]",2,4.0,1,3,0,0,5,True
2025-2025041216gm-00a9-0000-3d010e8a-05-s1-d12,168,B,3,55,"[19300,25300,43100,12300]",2,4.0,1,3,0,0,5,True
2025-2025041216gm-00a9-0000-3d010e8a-05-s1-d12,169,A,1,25,"[10100,33500,33200,23200]",1,10.0,1,3,1,0,5,True
2025-2025041216gm-00a9-0000-3d010e8a-05-s1-d12,169,B,3,55,"[10100,33500,33200,23200]",1,10.0,1,3,1,0,5,True
2025-2025041216gm-00a9-0000-3d010e8a-05-s1-d12,170,A,1,25,"[16300,32900,36600,12200]",2,4.0,1,3,0,2,6,True
2025-2025041216gm-00a9-0000-3d010e8a-05-s1-d12,170,B,3,55,"[16300,32900,36600,12200]",2,4.0,1,3,0,2,6,True
2025-2025041216gm-00a9-0000-3d010e8a-05-s1-d12,171,A,1,25,"[500,42200,44800,12500]",2,4.0,1,3,0,0,6,True
2025-2025041216gm-00a9-0000-3d010e8a-05-s1-d12,171,B,3,55,"[500,42200,44800,12500]",2,4.0,1,3,0,0,6,True
2025-2025041216gm-00a9-0000-3d010e8a-05-s1-d12,172,A,1,25,"[37600,17900,45100,-600]",3,-4.0,1,2,2,0,6,True
2025-2025041216gm-00a9-0000-3d010e8a-05-s1-d12,172,B,3,55,"[10600,31200,43600,14600]",2,4.0,1,3,2,0,7,True
2025-2025041216gm-00a9-0000-3d010e8a-05-s1-d12,173,A,1,25,"[26500,37900,37100,-1500]",1,10.0,1,2,1,0,6,True
2025-2025041216gm-00a9-0000-3d010e8a-05-s1-d12,173,B,3,55,"[17800,40900,34000,7300]",1,10.0,1,3,1,0,7,True
2025-2025041216gm-00a9-0000-3d010e8a-05-s1-d12,174,A,1,25,"[8700,30300,60700,300]",2,4.0,1,3,0,0,6,True
2025-2025041216gm-00a9-0000-3d010e8a-05-s1-d12,174,B,3,55,"[18600,23600,35800,22000]",2,4.0,1,3,0,0,6,True
2025-2025041216gm-00a9-0000-3d010e8a-05-s1-d12,175,A,1,25,"[-5900,55500,30500,19900]",1,10.0,1,1,1,0,4,True
2025-2025041216gm-00a9-0000-3d010e8a-05-s1-d12,175,B,3,55,"[-5900,55500,30500,19900]",1,10.0,1,1,1,0,4,True
2025-2025041216gm-00a9-0000-3d010e8a-05-s1-d12,176,A,1,25,"[15400,25900,44600,14100]",2,4.0,1,3,2,0,6,True
2025-2025041216gm-00a9-0000-3d010e8a-05-s1-d12,176,B,3,55,"[15400,25900,44600,14100]",2,4.0,1,3,2,0,6,True
2025-2025041216gm-00a9-0000-3d010e8a-05-s1-d12,177,A,1,25,"[22300,25200,37000,15500]",2,4.0,1,3,1,0,6,True
2025-2025041216gm-00a9-0000-3d010e8a-05-s1-d12,177,B,3,55,"[22300,25200,37000,15500]",2,4.0,1,3,1,0,6,True
2025-2025041216gm-00a9-0000-3d010e8a-05-s1-d12,178,A,1,25,"[14200,43600,42400,-200]",1,10.0,1,3,0,0,8,True
2025-2025041216gm-00a9-0000-3d010e8a-05-s1-d12,178,B,3,55,"[14200,43600,42400,-200]",1,10.0,1,3,0,0,8,True
2025-2025041216gm-00a9-0000-3d010e8a-05-s1-d12,179,A,1,25,"[39300,38600,28500,-6400]",2,4.0,1,2,0,0,5,True
2025-2025041216gm-00a9-0000-3d010e8a-05-s1-d12,179,B,3,55,"[39300,38600,28500,-6400]",2,4.0,1,2,0,0,5,True
2025-2025041216gm-00a9-0000-3d010e8a-05-s1-d12,180,A,1,25,"[13500,41800,26100,18600]",1,10.0,1,3,1,0,7,True
2025-2025041216gm-00a9-0000-3d010e8a-05-s1-d12,180,B,3,55,"[13500,41800,26100,18600]",1,10.0,1,3,1,0,7,True
2025-2025041216gm-00a9-0000-3d010e8a-05-s1-d12,181,A,1,25,"[-3100,44000,36300,22800]",1,10.0,1,2,0,0,5,True
2025-2025041216gm-00a9-0000-3d010e8a-05-s1-d12,181,B,3,55,"[-3100,44000,36300,22800]",1,10.0,1,2,0,0,5,True
2025-2025041216gm-00a9-0000-3d010e8a-05-s1-d12,182,A,1,25,"[25300,41400,35800,-2500]",1,10.0,1,1,1,0,4,True
2025-2025041216gm-00a9-0000-3d010e8a-05-s1-d12,182,B,3,55,"[25300,41400,35800,-2500]",1,10.0,1,1,1,0,4,True
2025-2025041216gm-00a9-0000-3d010e8a-05-s1-d12,183,A,1,25,"[-3700,54100,38300,11300]",1,10.0,1,1,0,0,3,True
2025-2025041216gm-00a9-0000-3d010e8a-05-s1-d12,183,B,3,55,"[-3700,54100,38300,11300]",1,10.0,1,1,0,0,3,True
2025-2025041216gm-00a9-0000-3d010e8a-05-s1-d12,184,A,1,25,"[-3100,28700,61700,12700]",2,4.0,1,1,0,0,3,True
2025-2025041216gm-00a9-0000-3d010e8a-05-s1-d12,184,B,3,55,"[-3100,28700,61700,12700]",2,4.0,1,1,0,0,3,True
2025-2025041216gm-00a9-0000-3d010e8a-05-s1-d12,185,A,1,25,"[30500,25000,27700,16800]",3,-4.0,1,3,0,0,5,True
2025-2025041216gm-00a9-0000-3d010e8a-05-s1-d12,185,B,3,55,"[22600,26500,32000,18900]",2,4.0,1,3,1,0,5,True
2025-2025041216gm-00a9-0000-3d010e8a-05-s1-d12,186,A,1,25,"[14900,37300,31200,16600]",1,10.0,1,3,1,0,7,True
2025-2025041216gm-00a9-0000-3d010e8a-05-s1-d12,186,B,3,55,"[14900,37300,31200,16600]",1,10.0,1,3,1,0,7,True
2025-2025041216gm-00a9-0000-3d010e8a-05-s1-d12,187,A,1,25,"[13700,46600,39400,300]",1,10.0,1,3,1,0,7,True
2025-2025041216gm-00a9-0000-3d010e8a-05-s1-d12,187,B,3,55,"[13700,46600,39400,300]",1,10.0,1,3,1,0,7,True
2025-2025041216gm-00a9-0000-3d010e8a-05-s1-d12,188,A,1,25,"[23700,17600,50200,8500]",3,-4.0,1,3,0,0,5,True
2025-2025041216gm-00a9-0000-3d010e8a-05-s1-d12,188,B,3,55,"[23700,17600,50200,8500]",3,-4.0,1,3,0,0,5,True
2025-2025041216gm-00a9-0000-3d010e8a-05-s1-d12,189,A,1,25,"[12800,47300,46200,-6300]",1,10.0,1,1,2,0,5,True
2025-2025041216gm-00a9-0000-3d010e8a-05-s1-d12,189,B,3,55,"[12800,47300,46200,-6300]",1,10.0,1,1,2,0,5,True
2025-2025041216gm-00a9-0000-3d010e8a-05-s1-d12,190,A,1,25,"[33200,27200,39600,0]",3,-4.0,1,3,1,0,6,True
2025-2025041216gm-00a9-0000-3d010e8a-05-s1-d12,190,B,3,55,"[33200,27200,39600,0]",3,-4.0,1,3,1,0,6,True
2025-2025041216gm-00a9-0000-3d010e8a-05-s1-d12,191,A,1,25,"[23500,25500,47000,4000]",2,4.0,1,3,2,0,6,True
2025-2025041216gm-00a9-0000-3d010e8a-05-s1-d12,191,B,3,55,"[23500,25500,47000,4000]",2,4.0,1,3,2,0,6,True
2025-2025041216gm-00a9-0000-3d010e8a-05-s1-d12,192,A,1,25,"[8100,31200,33100,27600]",2,4.0,1,3,0,0,7,True
2025-2025041216gm-00a9-0000-3d010e8a-05-s1-d12,192,B,3,55,"[8100,31200,33100,27600]",2,4.0,1,3,0,0,7,True
2025-2025041216gm-00a9-0000-3d010e8a-05-s1-d12,193,A,1,25,"[5200,25900,45700,23200]",2,4.0,1,3,1,0,7,True
2025-2025041216gm-00a9-0000-3d010e8a-05-s1-d12,193,B,3,55,"[5200,25900,45700,23200]",2,4.0,1,3,1,0,7,True
2025-2025041216gm-00a9-0000-3d010e8a-05-s1-d12,194,A,1,25,"[19900,10900,67500,1700]",3,-4.0,1,3,2,0,6,True
2025-2025041216gm-00a9-0000-3d010e8a-05-s1-d12,194,B,3,55,"[18900,13500,53700,13900]",4,-10.0,1,3,1,0,7,True
2025-2025041216gm-00a9-0000-3d010e8a-05-s1-d12,195,A,1,25,"[34200,27700,38700,-600]",3,-4.0,1,0,1,0,2,True
2025-2025041216gm-00a9-0000-3d010e8a-05-s1-d12,195,B,3,55,"[31200,24500,47900,-3600]",3,-4.0,1,3,0,0,6,True
2025-2025041216gm-00a9-0000-3d010e8a-05-s1-d12,196,A,1,25,"[21900,32900,38700,6500]",2,4.0,1,3,1,0,6,True
2025-2025041216gm-00a9-0000-3d010e8a-05-s1-d12,196,B,3,55,"[21900,32900,38700,6500]",2,4.0,1,3,1,0,6,True
2025-2025041216gm-00a9-0000-3d010e8a-05-s1-d12,197,A,1,25,"[11300,35500,44600,8600]",2,4.0,1,3,0,0,5,True
2025-2025041216gm-00a9-0000-3d010e8a-05-s1-d12,197,B,3,55,"[11300,35500,44600,8600]",2,4.0,1,3,0,0,5,True
2025-2025041216gm-00a9-0000-3d010e8a-05-s1-d12,198,A,1,25,"[12900,20900,42700,22500]",3,-4.0,1,3,0,1,7,True
2025-2025041216gm-00a9-0000-3d010e8a-05-s1-d12,198,B,3,55,"[23100,36800,31700,8400]",1,10.0,1,3,2,0,8,True
2025-2025041216gm-00a9-0000-3d010e8a-05-s1-d12,199,A,1,25,"[-200,43400,50300,6500]",2,4.0,1,1,2,0,4,True
2025-2025041216gm-00a9-0000-3d010e8a-05-s1-d12,199,B,3,55,"[-200,43400,50300,6500]",2,4.0,1,1,2,0,4,True
2025-2025041216gm-00a9-0000-3d010e8a-05-s1-d12,200,A,1,25,"[19500,39400,36300,4800]",1,10.0,1,3,0,0,6,True
2025-2025041216gm-00a9-0000-3d010e8a-05-s1-d12,200,B,3,55,"[19500,39400,36300,4800]",1,10.0,1,3,0,0,6,True
2025-2025041216gm-00a9-0000-3d010e8a-05-s1-d12,201,A,1,25,"[16300,20400,45900,17400]",2,4.0,1,3,6,0,7,True
2025-2025041216gm-00a9-0000-3d010e8a-05-s1-d12,201,B,3,55,"[16300,20400,45900,17400]",2,4.0,1,3,6,0,7,True
2025-2025041216gm-00a9-0000-3d010e8a-05-s1-d12,202,A,1,25,"[6500,25600,41400,26500]",3,-4.0,1,3,1,0,8,True
2025-2025041216gm-00a9-0000-3d010e8a-05-s1-d12,202,B,3,55,"[6500,25600,41400,26500]",3,-4.0,1,3,1,0,8,True
2025-2025041216gm-00a9-0000-3d010e8a-05-s1-d12,203,A,1,25,"[16900,30600,34700,17800]",2,4.0,1,3,1,0,5,True
2025-2025041216gm-00a9-0000-3d010e8a-05-s1-d12,203,B,3,55,"[16900,30600,34700,17800]",2,4.0,1,3,1,0,5,True
2025-2025041216gm-00a9-0000-3d010e8a-05-s1-d12,204,A,1,25,"[17500,37100,32000,13400]",1,10.0,1,3,2,0,7,True
2025-2025041216gm-00a9-0000-3d010e8a-05-s1-d12,204,B,3,55,"[17500,37100,32000,13400]",1,10.0,1,3,2,0,7,True
2025-2025041216gm-00a9-0000-3d010e8a-05-s1-d12,205,A,1,25,"[6000,44800,39500,9700]",1,10.0,1,3,0,0,8,True
2025-2025041216gm-00a9-0000-3d010e8a-05-s1-d12,205,B,3,55,"[6000,44800,39500,9700]",1,10.0,1,3,0,0,8,True
2025-2025041216gm-00a9-0000-3d010e8a-05-s1-d12,206,A,1,25,"[18600,28500,59800,-6900]",2,4.0,1,2,0,0,5,True
2025-2025041216gm-00a9-0000-3d010e8a-05-s1-d12,206,B,3,55,"[18600,28500,59800,-6900]",2,4.0,1,2,0,0,5,True
2025-2025041216gm-00a9-0000-3d010e8a-05-s1-d12,207,A,1,25,"[16000,28000,36600,19400]",2,4.0,1,3,1,0,7,True
2025-2025041216gm-00a9-0000-3d010e8a-05-s1-d12,207,B,3,55,"[26100,24200,31100,18600]",3,-4.0,1,3,0,0,8,True
2025-2025041216gm-00a9-0000-3d010e8a-05-s1-d12,208,A,1,25,"[17100,24400,44200,14300]",2,4.0,1,3,2,0,6,True
2025-2025041216gm-00a9-0000-3d010e8a-05-s1-d12,208,B,3,55,"[17100,24400,44200,14300]",2,4.0,1,3,2,0,6,True
2025-2025041216gm-00a9-0000-3d010e8a-05-s1-d12,209,A,1,25,"[22800,42100,38700,-3600]",1,10.0,1,1,3,0,4,True
2025-2025041216gm-00a9-0000-3d010e8a-05-s1-d12,209,B,3,55,"[22800,42100,38700,-3600]",1,10.0,1,1,3,0,4,True
2025-2025041216gm-00a9-0000-3d010e8a-05-s1-d12,210,A,1,25,"[16600,40700,28700,14000]",1,10.0,1,3,0,0,5,True
2025-2025041216gm-00a9-0000-3d010e8a-05-s1-d12,210,B,3,55,"[16600,40700,28700,14000]",1,10.0,1,3,0,0,5,True
2025-2025041216gm-00a9-0000-3d010e8a-05-s1-d12,211,A,1,25,"[9800,24600,39800,25800]",3,-4.0,1,3,0,0,5,True
2025-2025041216gm-00a9-0000-3d010e8a-05-s1-d12,211,B,3,55,"[9800,24600,39800,25800]",3,-4.0,1,3,0,0,5,True
2025-2025041216gm-00a9-0000-3d010e8a-05-s1-d12,212,A,1,25,"[10400,12800,50500,26300]",3,-4.0,1,3,1,0,6,True
2025-2025041216gm-00a9-0000-3d010e8a-05-s1-d12,212,B,3,55,"[10400,12800,50500,26300]",3,-4.0,1,3,1,0,6,True
2025-2025041216gm-00a9-0000-3d010e8a-05-s1-d12,213,A,1,25,"[22200,25000,35600,17200]",2,4.0,1,3,0,0,8,True
2025-2025041216gm-00a9-0000-3d010e8a-05-s1-d12,213,B,3,55,"[22200,25000,35600,17200]",2,4.0,1,3,0,0,8,True
2025-2025041216gm-00a9-0000-3d010e8a-05-s1-d12,214,A,1,25,"[11900,30700,51400,6000]",2,4.0,1,3,1,0,7,True
2025-2025041216gm-00a9-0000-3d010e8a-05-s1-d12,214,B,3,55,"[11900,30700,51400,6000]",2,4.0,1,3,1,0,7,True
2025-2025041216gm-00a9-0000-3d010e8a-05-s1-d12,215,A,1,25,"[17700,28700,43100,10500]",2,4.0,1,3,0,0,7,True
2025-2025041216gm-00a9-0000-3d010e8a-05-s1-d12,215,B,3,55,"[17700,28700,43100,10500]",2,4.0,1,3,0,0,7,True
2025-2025041216gm-00a9-0000-3d010e8a-05-s1-d12,216,A,1,25,"[21300,20000,38100,20600]",4,-10.0,1,3,1,0,6,True
2025-2025041216gm-00a9-0000-3d010e8a-05-s1-d12,216,B,3,55,"[21300,20000,38100,20600]",4,-10.0,1,3,1,0,6,True
2025-2025041216gm-00a9-0000-3d010e8a-05-s1-d12,217,A,1,25,"[24500,35700,32600,7200]",1,10.0,1,3,0,0,5,True
2025-2025041216gm-00a9-0000-3d010e8a-05-s1-d12,217,B,3,55,"[24500,35700,32600,7200]",1,10.0,1,3,0,0,5,True
2025-2025041216gm-00a9-0000-3d010e8a-05-s1-d12,218,A,1,25,"[15400,30700,51500,2400]",2,4.0,1,3,0,0,5,True
2025-2025041216gm-00a9-0000-3d010e8a-05-s1-d12,218,B,3,55,"[15400,30700,51500,2400]",2,4.0,1,3,0,0,5,True
2025-2025041216gm-00a9-0000-3d010e8a-05-s1-d12,219,A,1,25,"[17300,24100,44400,14200]",2,4.0,1,3,1,0,5,True
2025-2025041216gm-00a9-0000-3d010e8a-05-s1-d12,219,B,3,55,"[17300,24100,44400,14200]",2,4.0,1,3,1,0,5,True
2025-2025041216gm-00a9-0000-3d010e8a-05-s1-d12,220,A,1,25,"[-2900,31500,37200,34200]",3,-4.0,1,3,0,0,5,True
2025-2025041216gm-00a9-0000-3d010e8a-05-s1-d12,220,B,3,55,"[-2900,31500,37200,34200]",3,-4.0,1,3,0,0,5,True
2025-2025041216gm-00a9-0000-3d010e8a-05-s1-d12,221,A,1,25,"[15800,23800,33700,26700]",3,-4.0,1,3,1,0,7,True
2025-2025041216gm-00a9-0000-3d010e8a-05-s1-d12,221,B,3,55,"[7900,30600,44900,16600]",2,4.0,1,3,1,0,7,True
2025-2025041216gm-00a9-0000-3d010e8a-05-s1-d12,222,A,1,25,"[24700,33400,42000,-100]",2,4.0,1,2,0,0,5,True
2025-2025041216gm-00a9-0000-3d010e8a-05-s1-d12,222,B,3,55,"[4200,43500,36300,15000]",1,10.0,1,3,0,1,6,True
2025-2025041216gm-00a9-0000-3d010e8a-05-s1-d12,223,A,1,25,"[18200,45500,41300,-5000]",1,10.0,1,2,0,0,6,True
2025-2025041216gm-00a9-0000-3d010e8a-05-s1-d12,223,B,3,55,"[18200,45500,41300,-5000]",1,10.0,1,2,0,0,6,True
2025-2025041216gm-00a9-0000-3d010e8a-05-s1-d12,224,A,1,25,"[19700,23900,49600,6800]",2,4.0,1,3,0,0,7,True
2025-2025041216gm-00a9-0000-3d010e8a-05-s1-d12,224,B,3,55,"[5600,40200,48600,5600]",2,4.0,1,3,0,0,6,True
2025-2025041216gm-00a9-0000-3d010e8a-05-s1-d12,225,A,1,25,"[14600,17900,48900,18600]",3,-4.0,1,3,0,0,5,True
2025-2025041216gm-00a9-0000-3d010e8a-05-s1-d12,225,B,3,55,"[14600,17900,48900,18600]",3,-4.0,1,3,0,0,5,True
2025-2025041216gm-00a9-0000-3d010e8a-05-s1-d12,226,A,1,25,"[17600,38800,43200,400]",2,4.0,1,3,0,0,5,True
2025-2025041216gm-00a9-0000-3d010e8a-05-s1-d12,226,B,3,55,"[17600,38800,43200,400]",2,4.0,1,3,0,0,5,True
2025-2025041216gm-00a9-0000-3d010e8a-05-s1-d12,227,A,1,25,"[12500,26600,39400,21500]",2,4.0,1,3,0,0,5,True
2025-2025041216gm-00a9-0000-3d010e8a-05-s1-d12,227,B,3,55,"[12500,26600,39400,21500]",2,4.0,1,3,0,0,5,True
2025-2025041216gm-00a9-0000-3d010e8a-05-s1-d12,228,A,1,25,"[5600,22700,42800,28900]",3,-4.0,1,3,0,0,5,True
2025-2025041216gm-00a9-0000-3d010e8a-05-s1-d12,228,B,3,55,"[5600,22700,42800,28900]",3,-4.0,1,3,0,0,5,True
2025-2025041216gm-00a9-0000-3d010e8a-05-s1-d12,229,A,1,25,"[-7900,26000,45600,36300]",3,-4.0,1,2,0,0,5,True
2025-2025041216gm-00a9-0000-3d010e8a-05-s1-d12,229,B,3,55,"[-7900,26000,45600,36300]",3,-4.0,1,2,0,0,5,True
2025-2025041216gm-00a9-0000-3d010e8a-05-s1-d12,230,A,1,25,"[20800,17800,45200,16200]",3,-4.0,1,3,0,0,5,True
2025-2025041216gm-00a9-0000-3d010e8a-05-s1-d12,230,B,3,55,"[20800,17800,45200,16200]",3,-4.0,1,3,0,0,5,True
2025-2025041216gm-00a9-0000-3d010e8a-05-s1-d12,231,A,1,25,"[10300,40600,28900,20200]",1,10.0,1,3,1,0,9,True
2025-2025041216gm-00a9-0000-3d010e8a-05-s1-d12,231,B,3,55,"[10300,40600,28900,20200]",1,10.0,1,3,1,0,9,True
2025-2025041216gm-00a9-0000-3d010e8a-05-s1-d12,232,A,1,25,"[13900,28100,39100,18900]",2,4.0,1,3,1,0,7,True
2025-2025041216gm-00a9-0000-3d010e8a-05-s1-d12,232,B,3,55,"[13900,28100,39100,18900]",2,4.0,1,3,1,0,7,True
2025-2025041216gm-00a9-0000-3d010e8a-05-s1-d12,233,A,1,25,"[20200,23600,54900,1300]",2,4.0,1,3,1,0,6,True
2025-2025041216gm-00a9-0000-3d010e8a-05-s1-d12,233,B,3,55,"[20200,23600,54900,1300]",2,4.0,1,3,1,0,6,True
2025-2025041216gm-00a9-0000-3d010e8a-05-s1-d12,234,A,1,25,"[17300,37100,39200,6400]",2,4.0,1,3,2,0,9,True
2025-2025041216gm-00a9-0000-3d010e8a-05-s1-d12,234,B,3,55,"[17300,37100,39200,6400]",2,4.0,1,3,2,0,9,True
2025-2025041216gm-00a9-0000-3d010e8a-05-s1-d12,235,A,1,25,"[12200,35800,35100,16900]",1,10.0,1,3,1,0,7,True
2025-2025041216gm-00a9-0000-3d010e8a-05-s1-d12,235,B,3,55,"[12200,35800,35100,16900]",1,10.0,1,3,1,0,7,True
2025-2025041216gm-00a9-0000-3d010e8a-05-s1-d12,236,A,1,25,"[-1700,28700,61900,11100]",2,4.0,1,2,0,0,4,True
2025-2025041216gm-00a9-0000-3d010e8a-05-s1-d12,236,B,3,55,"[-1700,28700,61900,11100]",2,4.0,1,2,0,0,4,True
2025-2025041216gm-00a9-0000-3d010e8a-05-s1-d12,237,A,1,25,"[23300,44900,39700,-7900]",1,10.0,1,1,1,0,4,True
2025-2025041216gm-00a9-0000-3d010e8a-05-s1-d12,237,B,3,55,"[23300,44900,39700,-7900]",1,10.0,1,1,1,0,4,True
2025-2025041216gm-00a9-0000-3d010e8a-05-s1-d12,238,A,1,25,"[19900,50600,39600,-10100]",1,10.0,1,2,5,0,10,True
2025-2025041216gm-00a9-0000-3d010e8a-05-s1-d12,238,B,3,55,"[20400,35100,32500,12000]",1,10.0,1,3,2,0,8,True
2025-2025041216gm-00a9-0000-3d010e8a-05-s1-d12,239,A,1,25,"[23400,28700,33200,14700]",2,4.0,1,3,1,0,5,True
2025-2025041216gm-00a9-0000-3d010e8a-05-s1-d12,239,B,3,55,"[23400,28700,33200,14700]",2,4.0,1,3,1,0,5,True
2025-2025041216gm-00a9-0000-3d010e8a-05-s1-d12,240,A,1,25,"[13800,36600,38900,10700]",2,4.0,1,3,1,0,5,True
2025-2025041216gm-00a9-0000-3d010e8a-05-s1-d12,240,B,3,55,"[200,27500,54300,18000]",2,4.0,1,3,0,0,6,True
2025-2025041216gm-00a9-0000-3d010e8a-05-s1-d12,241,A,1,25,"[-1700,24400,46000,31300]",3,-4.0,1,3,0,0,5,True
2025-2025041216gm-00a9-0000-3d010e8a-05-s1-d12,241,B,3,55,"[-1700,24400,46000,31300]",3,-4.0,1,3,0,0,5,True
2025-2025041216gm-00a9-0000-3d010e8a-05-s1-d12,242,A,1,25,"[19900,27300,40800,11000]",2,4.0,1,3,0,1,5,True
2025-2025041216gm-00a9-0000-3d010e8a-05-s1-d12,242,B,3,55,"[19900,27300,40800,11000]",2,4.0,1,3,0,1,5,True
2025-2025041216gm-00a9-0000-3d010e8a-05-s1-d12,243,A,1,25,"[22000,28500,42900,6600]",2,4.0,1,3,0,0,6,True
2025-2025041216gm-00a9-0000-3d010e8a-05-s1-d12,243,B,3,55,"[22000,28500,42900,6600]",2,4.0,1,3,0,0,6,True
2025-2025041216gm-00a9-0000-3d010e8a-05-s1-d12,244,A,1,25,"[24800,41000,29400,4800]",1,10.0,1,3,0,0,6,True
2025-2025041216gm-00a9-0000-3d010e8a-05-s1-d12,244,B,3,55,"[24800,41000,29400,4800]",1,10.0,1,3,0,0,6,True
2025-2025041216gm-00a9-0000-3d010e8a-05-s1-d12,245,A,1,25,"[15100,41400,38800,4700]",1,10.0,1,3,0,0,5,True
2025-2025041216gm-00a9-0000-3d010e8a-05-s1-d12,245,B,3,55,"[15100,41400,38800,4700]",1,10.0,1,3,0,0,5,True
2025-2025041216gm-00a9-0000-3d010e8a-05-s1-d12,246,A,1,25,"[25000,20300,44300,10400]",3,-4.0,1,3,1,0,7,True
2025-2025041216gm-00a9-0000-3d010e8a-05-s1-d12,246,B,3,55,"[25000,20300,44300,10400]",3,-4.0,1,3,1,0,7,True
2025-2025041216gm-00a9-0000-3d010e8a-05-s1-d12,247,A,1,25,"[8800,16000,61500,13700]",2,4.0,1,3,0,0,7,True
2025-2025041216gm-00a9-0000-3d010e8a-05-s1-d12,247,B,3,55,"[8800,16000,61500,13700]",2,4.0,1,3,0,0,7,True
2025-2025041216gm-00a9-0000-3d010e8a-05-s1-d12,248,A,1,25,"[9200,54800,36200,-200]",1,10.0,1,1,1,0,4,True
2025-2025041216gm-00a9-0000-3d010e8a-05-s1-d12,248,B,3,55,"[9200,54800,36200,-200]",1,10.0,1,1,1,0,4,True
2025-2025041216gm-00a9-0000-3d010e8a-05-s1-d12,249,A,1,25,"[6100,25900,42000,26000]",3,-4.0,1,3,0,0,5,True
2025-2025041216gm-00a9-0000-3d010e8a-05-s1-d12,249,B,3,55,"[13900,21500,44900,19700]",2,4.0,1,3,1,0,5,True
2025-2025041216gm-00a9-0000-3d010e8a-05-s1-d12,250,A,1,25,"[18100,35000,35000,11900]",1,10.0,1,3,0,0,6,True
2025-2025041216gm-00a9-0000-3d010e8a-05-s1-d12,250,B,3,55,"[18100,35000,35000,11900]",1,10.0,1,3,0,0,6,True
2025-2025041216gm-00a9-0000-3d010e8a-05-s1-d12,251,A,1,25,"[13300,34000,44900,7800]",2,4.0,1,3,0,0,7,True
2025-2025041216gm-00a9-0000-3d010e8a-05-s1-d12,251,B,3,55,"[13300,34000,44900,7800]",2,4.0,1,3,0,0,7,True
2025-2025041216gm-00a9-0000-3d010e8a-05-s1-d12,252,A,1,25,"[18600,23300,40200,17900]",2,4.0,1,3,0,0,6,True
2025-2025041216gm-00a9-0000-3d010e8a-05-s1-d12,252,B,3,55,"[18600,23300,40200,17900]",2,4.0,1,3,0,0,6,True
2025-2025041216gm-00a9-0000-3d010e8a-05-s1-d12,253,A,1,25,"[14900,25700,38100,21300]",2,4.0,1,3,0,0,5,True
2025-2025041216gm-00a9-0000-3d010e8a-05-s1-d12,253,B,3,55,"[14400,31400,39800,14400]",2,4.0,1,3,0,0,5,True
2025-2025041216gm-00a9-0000-3d010e8a-05-s1-d12,254,A,1,25,"[8400,24100,66400,1100]",2,4.0,1,3,1,0,8,True
2025-2025041216gm-00a9-0000-3d010e8a-05-s1-d12,254,B,3,55,"[8400,24100,66400,1100]",2,4.0,1,3,1,0,8,True
2025-2025041216gm-00a9-0000-3d010e8a-05-s1-d12,255,A,1,25,"[10100,34000,47600,8300]",2,4.0,1,3,0,0,5,True
2025-2025041216gm-00a9-0000-3d010e8a-05-s1-d12,255,B,3,55,"[10100,34000,47600,8300]",2,4.0,1,3,0,0,5,True
2025-2025041522gm-00a9-0000-b0bc1a7b-01-s1-d2,0,A,1,0,"[64300,16200,12800,6700]",2,4.0,1,3,0,0,10,True
2025-2025041522gm-00a9-0000-b0bc1a7b-01-s1-d2,0,B,2,161,"[33000,32800,3300,30900]",2,4.0,1,3,1,0,11,True
2025-2025041522gm-00a9-0000-b0bc1a7b-01-s1-d2,1,A,1,0,"[22900,32300,17700,27100]",1,10.0,2,1,0,0,11,True
2025-2025041522gm-00a9-0000-b0bc1a7b-01-s1-d2,1,B,2,161,"[24600,30200,22100,23100]",1,10.0,1,3,2,0,9,True
2025-2025041522gm-00a9-0000-b0bc1a7b-01-s1-d2,2,A,1,0,"[5300,51900,17000,25800]",1,10.0,1,3,0,0,12,True
2025-2025041522gm-00a9-0000-b0bc1a7b-01-s1-d2,2,B,2,161,"[21100,31100,21400,26400]",1,10.0,1,3,0,0,12,True
2025-2025041522gm-00a9-0000-b0bc1a7b-01-s1-d2,3,A,1,0,"[25300,17500,15700,41500]",3,-4.0,1,3,0,0,9,True
2025-2025041522gm-00a9-0000-b0bc1a7b-01-s1-d2,3,B,2,161,"[28000,31700,19600,20700]",1,10.0,2,0,0,0,10,True
2025-2025041522gm-00a9-0000-b0bc1a7b-01-s1-d2,4,A,1,0,"[49200,15600,27400,7800]",3,-4.0,1,3,0,0,11,True
2025-2025041522gm-00a9-0000-b0bc1a7b-01-s1-d2,4,B,2,161,"[35300,36100,32900,-4300]",1,10.0,0,2,2,0,4,True
2025-2025041522gm-00a9-0000-b0bc1a7b-01-s1-d2,5,A,1,0,"[43800,30800,16900,8500]",2,4.0,1,3,2,0,11,True
2025-2025041522gm-00a9-0000-b0bc1a7b-01-s1-d2,5,B,2,161,"[35200,13000,23900,27900]",4,-10.0,1,3,0,0,10,True
2025-2025041522gm-00a9-0000-b0bc1a7b-01-s1-d2,6,A,1,0,"[37400,20400,3400,38800]",3,-4.0,1,3,0,0,8,True
2025-2025041522gm-00a9-0000-b0bc1a7b-01-s1-d2,6,B,2,161,"[48400,17700,8000,24900]",3,-4.0,1,3,0,1,8,True
2025-2025041522gm-00a9-0000-b0bc1a7b-01-s1-d2,7,A,1,0,"[45000,38300,-1400,18100]",2,4.0,1,0,0,0,6,True
2025-2025041522gm-00a9-0000-b0bc1a7b-01-s1-d2,7,B,2,161,"[48100,9200,15400,27300]",4,-10.0,1,3,0,0,10,True
2025-2025041522gm-00a9-0000-b0bc1a7b-01-s1-d2,8,A,1,0,"[24700,19100,32700,23500]",4,-10.0,2,0,2,0,10,True
2025-2025041522gm-00a9-0000-b0bc1a7b-01-s1-d2,8,B,2,161,"[24300,17100,34100,24500]",4,-10.0,2,0,2,0,10,True
2025-2025041522gm-00a9-0000-b0bc1a7b-01-s1-d2,9,A,1,0,"[48500,11300,5700,34500]",3,-4.0,1,3,0,0,10,True
2025-2025041522gm-00a9-0000-b0bc1a7b-01-s1-d2,9,B,2,161,"[44200,45200,7600,3000]",1,10.0,1,3,0,0,11,True
2025-2025041522gm-00a9-0000-b0bc1a7b-01-s1-d2,10,A,1,0,"[25500,31400,22600,20500]",1,10.0,1,3,0,0,10,True
2025-2025041522gm-00a9-0000-b0bc1a7b-01-s1-d2,10,B,2,161,"[29700,14100,21300,34900]",4,-10.0,1,3,0,0,9,True
2025-2025041522gm-00a9-0000-b0bc1a7b-01-s1-d2,11,A,1,0,"[15000,17600,28600,38800]",3,-4.0,1,3,0,0,12,True
2025-2025041522gm-00a9-0000-b0bc1a7b-01-s1-d2,11,B,2,161,"[29400,32400,21700,16500]",1,10.0,1,3,0,0,13,True
2025-2025041522gm-00a9-0000-b0bc1a7b-01-s1-d2,12,A,1,0,"[47600,18000,3400,31000]",3,-4.0,1,3,3,0,11,True
2025-2025041522gm-00a9-0000-b0bc1a7b-01-s1-d2,12,B,2,161,"[42400,12100,16800,28700]",4,-10.0,1,3,0,0,12,True
2025-2025041522gm-00a9-0000-b0bc1a7b-01-s1-d2,13,A,1,0,"[21500,6500,33400,38600]",4,-10.0,1,3,0,0,10,True
2025-2025041522gm-00a9-0000-b0bc1a7b-01-s1-d2,13,B,2,161,"[8800,17000,40800,33400]",3,-4.0,1,3,0,0,10,True
2025-2025041522gm-00a9-0000-b0bc1a7b-01-s1-d2,14,A,1,0,"[30500,14500,4200,50800]",3,-4.0,1,3,0,0,10,True
2025-2025041522gm-00a9-0000-b0bc1a7b-01-s1-d2,14,B,2,161,"[39400,13200,18800,28600]",4,-10.0,1,3,0,0,8,True
2025-2025041522gm-00a9-0000-b0bc1a7b-01-s1-d2,15,A,1,0,"[32700,18900,41800,6600]",3,-4.0,1,3,0,0,10,True
2025-2025041522gm-00a9-0000-b0bc1a7b-01-s1-d2,15,B,2,161,"[17800,13600,29100,39500]",4,-10.0,1,3,0,0,9,True
2025-2025041522gm-00a9-0000-b0bc1a7b-01-s1-d2,16,A,1,0,"[33400,20300,11700,34600]",3,-4.0,1,3,0,0,8,True
2025-2025041522gm-00a9-0000-b0bc1a7b-01-s1-d2,16,B,2,161,"[42500,30800,7000,19700]",2,4.0,1,3,3,0,15,True
2025-2025041522gm-00a9-0000-b0bc1a7b-01-s1-d2,17,A,1,0,"[49300,-6900,32200,25400]",4,-10.0,1,0,0,0,7,True
2025-2025041522gm-00a9-0000-b0bc1a7b-01-s1-d2,17,B,2,161,"[29000,14300,38000,18700]",4,-10.0,1,3,0,0,8,True
2025-2025041522gm-00a9-0000-b0bc1a7b-01-s1-d2,18,A,1,0,"[35600,24900,14900,24600]",2,4.0,1,3,0,0,8,True
2025-2025041522gm-00a9-0000-b0bc1a7b-01-s1-d2,18,B,2,161,"[34800,15200,14000,36000]",3,-4.0,1,3,0,0,8,True
2025-2025041522gm-00a9-0000-b0bc1a7b-01-s1-d2,19,A,1,0,"[20500,24800,27200,27500]",3,-4.0,2,3,0,0,15,True
2025-2025041522gm-00a9-0000-b0bc1a7b-01-s1-d2,19,B,2,161,"[54000,11700,17300,17000]",4,-10.0,1,3,0,0,11,True
2025-2025041522gm-00a9-0000-b0bc1a7b-01-s1-d2,20,A,1,0,"[40000,2200,34200,23600]",4,-10.0,1,3,0,0,10,True
2025-2025041522gm-00a9-0000-b0bc1a7b-01-s1-d2,20,B,2,161,"[38000,28100,13300,20600]",2,4.0,1,3,0,0,10,True
2025-2025041522gm-00a9-0000-b0bc1a7b-01-s1-d2,21,A,1,0,"[45600,14300,41200,-1100]",3,-4.0,0,2,0,0,5,True
2025-2025041522gm-00a9-0000-b0bc1a7b-01-s1-d2,21,B,2,161,"[23400,40400,11200,25000]",1,10.0,1,3,0,0,12,True
2025-2025041522gm-00a9-0000-b0bc1a7b-01-s1-d2,22,A,1,0,"[48600,13800,8400,29200]",3,-4.0,1,3,0,0,10,True
2025-2025041522gm-00a9-0000-b0bc1a7b-01-s1-d2,22,B,2,161,"[31100,16500,27100,25300]",4,-10.0,1,3,0,0,10,True
2025-2025041522gm-00a9-0000-b0bc1a7b-01-s1-d2,23,A,1,0,"[39200,24700,6600,29500]",3,-4.0,1,3,0,0,9,True
2025-2025041522gm-00a9-0000-b0bc1a7b-01-s1-d2,23,B,2,161,"[37900,22500,13300,26300]",3,-4.0,1,3,0,0,9,True
2025-2025041522gm-00a9-0000-b0bc1a7b-01-s1-d2,24,A,1,0,"[42700,7300,21700,28300]",4,-10.0,1,3,0,0,13,True
2025-2025041522gm-00a9-0000-b0bc1a7b-01-s1-d2,24,B,2,161,"[25900,21400,21100,31600]",3,-4.0,1,3,0,0,13,True
2025-2025041522gm-00a9-0000-b0bc1a7b-01-s1-d2,25,A,1,0,"[44700,4300,41200,9800]",4,-10.0,1,3,0,0,9,True
2025-2025041522gm-00a9-0000-b0bc1a7b-01-s1-d2,25,B,2,161,"[28200,300,47300,24200]",4,-10.0,1,3,0,0,9,True
2025-2025041522gm-00a9-0000-b0bc1a7b-01-s1-d2,26,A,1,0,"[26100,34400,12500,27000]",1,10.0,1,3,0,0,11,True
2025-2025041522gm-00a9-0000-b0bc1a7b-01-s1-d2,26,B,2,161,"[21000,33200,17100,28700]",1,10.0,1,3,0,0,12,True
2025-2025041522gm-00a9-0000-b0bc1a7b-01-s1-d2,27,A,1,0,"[43800,19100,20700,16400]",3,-4.0,1,3,1,0,11,True
2025-2025041522gm-00a9-0000-b0bc1a7b-01-s1-d2,27,B,2,161,"[37100,27900,29700,5300]",3,-4.0,1,3,0,0,10,True
2025-2025041522gm-00a9-0000-b0bc1a7b-01-s1-d2,28,A,1,0,"[35200,-1000,20100,45700]",4,-10.0,0,3,3,0,6,True
2025-2025041522gm-00a9-0000-b0bc1a7b-01-s1-d2,28,B,2,161,"[41600,24300,26200,7900]",3,-4.0,1,3,2,0,10,True
2025-2025041522gm-00a9-0000-b0bc1a7b-01-s1-d2,29,A,1,0,"[36000,22300,1000,40700]",3,-4.0,1,3,1,0,10,True
2025-2025041522gm-00a9-0000-b0bc1a7b-01-s1-d2,29,B,2,161,"[10100,39500,17300,33100]",1,10.0,1,3,0,0,9,True
2025-2025041522gm-00a9-0000-b0bc1a7b-01-s1-d2,30,A,1,0,"[17700,42600,15300,24400]",1,10.0,1,3,0,0,11,True
2025-2025041522gm-00a9-0000-b0bc1a7b-01-s1-d2,30,B,2,161,"[23000,44500,15700,16800]",1,10.0,1,3,0,0,11,True
2025-2025041522gm-00a9-0000-b0bc1a7b-01-s1-d2,31,A,1,0,"[22900,27400,30600,19100]",2,4.0,1,3,0,0,11,True
2025-2025041522gm-00a9-0000-b0bc1a7b-01-s1-d2,31,B,2,161,"[35800,11900,38500,13800]",4,-10.0,1,3,1,0,14,True
2025-2025041522gm-00a9-0000-b0bc1a7b-01-s1-d2,32,A,1,0,"[48200,8900,26700,16200]",4,-10.0,1,3,0,0,10,True
2025-2025041522gm-00a9-0000-b0bc1a7b-01-s1-d2,32,B,2,161,"[46700,9600,25400,18300]",4,-10.0,1,3,0,0,11,True
2025-2025041522gm-00a9-0000-b0bc1a7b-01-s1-d2,33,A,1,0,"[38400,7100,30400,24100]",4,-10.0,1,3,0,0,9,True
2025-2025041522gm-00a9-0000-b0bc1a7b-01-s1-d2,33,B,2,161,"[37000,46500,-4500,21000]",1,10.0,0,1,0,0,2,True
2025-2025041522gm-00a9-0000-b0bc1a7b-01-s1-d2,34,A,1,0,"[12200,61200,8900,17700]",1,10.0,1,3,0,0,14,True
2025-2025041522gm-00a9-0000-b0bc1a7b-01-s1-d2,34,B,2,161,"[50600,-3300,9700,43000]",4,-10.0,1,1,0,0,8,True
2025-2025041522gm-00a9-0000-b0bc1a7b-01-s1-d2,35,A,1,0,"[28900,53700,14500,2900]",1,10.0,1,3,0,0,9,True
2025-2025041522gm-00a9-0000-b0bc1a7b-01-s1-d2,35,B,2,161,"[65300,12300,21900,500]",3,-4.0,1,3,0,0,8,True
2025-2025041522gm-00a9-0000-b0bc1a7b-01-s1-d2,36,A,1,0,"[43100,16000,9200,31700]",3,-4.0,1,3,0,0,8,True
2025-2025041522gm-00a9-0000-b0bc1a7b-01-s1-d2,36,B,2,161,"[62800,-1900,8100,31000]",4,-10.0,1,3,0,0,9,True
2025-2025041522gm-00a9-0000-b0bc1a7b-01-s1-d2,37,A,1,0,"[25000,29700,24600,20700]",1,10.0,2,3,0,0,18,True
2025-2025041522gm-00a9-0000-b0bc1a7b-01-s1-d2,37,B,2,161,"[17400,20800,37100,24700]",3,-4.0,1,3,1,0,13,True
2025-2025041522gm-00a9-0000-b0bc1a7b-01-s1-d2,38,A,1,0,"[26900,29100,33000,11000]",2,4.0,1,3,0,0,12,True
2025-2025041522gm-00a9-0000-b0bc1a7b-01-s1-d2,38,B,2,161,"[4900,33000,36700,25400]",2,4.0,1,3,1,0,11,True
2025-2025041522gm-00a9-0000-b0bc1a7b-01-s1-d2,39,A,1,0,"[36500,24400,5500,33600]",3,-4.0,1,3,1,0,11,True
2025-2025041522gm-00a9-0000-b0bc1a7b-01-s1-d2,39,B,2,161,"[43400,26000,30800,-200]",3,-4.0,0,3,0,0,5,True
2025-2025041522gm-00a9-0000-b0bc1a7b-01-s1-d2,40,A,1,0,"[61300,17900,14400,6400]",2,4.0,1,3,0,0,10,True
2025-2025041522gm-00a9-0000-b0bc1a7b-01-s1-d2,40,B,2,161,"[34500,5500,16400,43600]",4,-10.0,1,3,0,0,10,True
2025-2025041522gm-00a9-0000-b0bc1a7b-01-s1-d2,41,A,1,0,"[53100,3700,22900,20300]",4,-10.0,1,3,1,0,9,True
2025-2025041522gm-00a9-0000-b0bc1a7b-01-s1-d2,41,B,2,161,"[35000,8100,34100,22800]",4,-10.0,1,3,1,0,9,True
2025-2025041522gm-00a9-0000-b0bc1a7b-01-s1-d2,42,A,1,0,"[7200,15600,37300,39900]",3,-4.0,1,3,1,0,10,True
2025-2025041522gm-00a9-0000-b0bc1a7b-01-s1-d2,42,B,2,161,"[28900,12400,10100,48600]",3,-4.0,1,3,0,0,8,True
2025-2025041522gm-00a9-0000-b0bc1a7b-01-s1-d2,43,A,1,0,"[19800,30900,47800,1500]",2,4.0,1,3,0,0,11,True
2025-2025041522gm-00a9-0000-b0bc1a7b-01-s1-d2,43,B,2,161,"[23500,11600,34000,30900]",4,-10.0,1,3,1,0,12,True
2025-2025041522gm-00a9-0000-b0bc1a7b-01-s1-d2,44,A,1,0,"[19200,17900,38400,24500]",4,-10.0,2,0,0,0,11,True
2025-2025041522gm-00a9-0000-b0bc1a7b-01-s1-d2,44,B,2,161,"[21900,20800,26200,31100]",4,-10.0,1,3,0,0,9,True
2025-2025041522gm-00a9-0000-b0bc1a7b-01-s1-d2,45,A,1,0,"[25300,21400,33500,19800]",3,-4.0,1,3,0,0,8,True
2025-2025041522gm-00a9-0000-b0bc1a7b-01-s1-d2,45,B,2,161,"[38900,27200,-2900,36800]",3,-4.0,1,0,0,0,5,True
2025-2025041522gm-00a9-0000-b0bc1a7b-01-s1-d2,46,A,1,0,"[8600,32200,48200,10000]",2,4.0,1,3,1,1,15,True
2025-2025041522gm-00a9-0000-b0bc1a7b-01-s1-d2,46,B,2,161,"[36900,-200,60700,2600]",4,-10.0,1,0,2,0,9,True
2025-2025041522gm-00a9-0000-b0bc1a7b-01-s1-d2,47,A,1,0,"[36600,10100,6000,47300]",3,-4.0,1,3,0,0,13,True
2025-2025041522gm-00a9-0000-b0bc1a7b-01-s1-d2,47,B,2,161,"[51400,11400,28700,8500]",3,-4.0,1,3,0,0,8,True
2025-2025041522gm-00a9-0000-b0bc1a7b-01-s1-d2,48,A,1,0,"[35800,20800,-2400,45800]",3,-4.0,0,3,0,0,5,True
2025-2025041522gm-00a9-0000-b0bc1a7b-01-s1-d2,48,B,2,161,"[26400,42900,2900,27800]",1,10.0,1,3,0,0,14,True
2025-2025041522gm-00a9-0000-b0bc1a7b-01-s1-d2,49,A,1,0,"[40500,23600,9600,26300]",3,-4.0,1,3,0,0,10,True
2025-2025041522gm-00a9-0000-b0bc1a7b-01-s1-d2,49,B,2,161,"[62500,21000,1900,14600]",2,4.0,1,3,0,0,9,True
2025-2025041522gm-00a9-0000-b0bc1a7b-01-s1-d2,50,A,1,0,"[22100,48400,9300,20200]",1,10.0,1,3,0,0,9,True
2025-2025041522gm-00a9-0000-b0bc1a7b-01-s1-d2,50,B,2,161,"[3900,55300,22500,18300]",1,10.0,1,3,0,0,10,True
2025-2025041522gm-00a9-0000-b0bc1a7b-01-s1-d2,51,A,1,0,"[18700,2700,45000,33600]",4,-10.0,1,3,0,0,13,True
2025-2025041522gm-00a9-0000-b0bc1a7b-01-s1-d2,51,B,2,161,"[40300,2300,10800,46600]",4,-10.0,1,3,0,0,12,True
2025-2025041522gm-00a9-0000-b0bc1a7b-01-s1-d2,52,A,1,0,"[32200,-3600,38100,33300]",4,-10.0,1,2,0,0,8,True
2025-2025041522gm-00a9-0000-b0bc1a7b-01-s1-d2,52,B,2,161,"[44800,-300,15600,38900]",4,-10.0,1,0,1,1,6,True
2025-2025041522gm-00a9-0000-b0bc1a7b-01-s1-d2,53,A,1,0,"[20100,20500,23500,35900]",3,-4.0,1,3,0,0,9,True
2025-2025041522gm-00a9-0000-b0bc1a7b-01-s1-d2,53,B,2,161,"[28000,22500,18000,31500]",3,-4.0,2,0,0,0,10,True
2025-2025041522gm-00a9-0000-b0bc1a7b-01-s1-d2,54,A,1,0,"[23000,47800,19500,9700]",1,10.0,1,3,0,0,13,True
2025-2025041522gm-00a9-0000-b0bc1a7b-01-s1-d2,54,B,2,161,"[52700,-1900,29900,19300]",4,-10.0,1,3,0,0,11,True
2025-2025041522gm-00a9-0000-b0bc1a7b-01-s1-d2,55,A,1,0,"[9800,56700,14100,19400]",1,10.0,1,3,0,0,10,True
2025-2025041522gm-00a9-0000-b0bc1a7b-01-s1-d2,55,B,2,161,"[52100,2100,34000,11800]",4,-10.0,1,3,0,0,11,True
2025-2025041522gm-00a9-0000-b0bc1a7b-01-s1-d2,56,A,1,0,"[28200,5300,28800,37700]",4,-10.0,2,3,0,0,15,True
2025-2025041522gm-00a9-0000-b0bc1a7b-01-s1-d2,56,B,2,161,"[39700,20000,32400,7900]",3,-4.0,1,3,0,0,12,True
2025-2025041522gm-00a9-0000-b0bc1a7b-01-s1-d2,57,A,1,0,"[54500,25200,-1000,21300]",2,4.0,1,0,0,0,6,True
2025-2025041522gm-00a9-0000-b0bc1a7b-01-s1-d2,57,B,2,161,"[52000,-3600,23900,27700]",4,-10.0,0,1,0,0,4,True
2025-2025041522gm-00a9-0000-b0bc1a7b-01-s1-d2,58,A,1,0,"[27500,36400,19200,16900]",1,10.0,1,3,1,0,13,True
2025-2025041522gm-00a9-0000-b0bc1a7b-01-s1-d2,58,B,2,161,"[22300,51700,19600,6400]",1,10.0,1,3,0,0,12,True
2025-2025041522gm-00a9-0000-b0bc1a7b-01-s1-d2,59,A,1,0,"[36300,5600,22200,35900]",4,-10.0,1,3,0,0,11,True
2025-2025041522gm-00a9-0000-b0bc1a7b-01-s1-d2,59,B,2,161,"[44200,13300,-300,42800]",3,-4.0,1,2,0,0,7,True
2025-2025041522gm-00a9-0000-b0bc1a7b-01-s1-d2,60,A,1,0,"[17600,21600,26300,34500]",3,-4.0,1,3,0,0,10,True
2025-2025041522gm-00a9-0000-b0bc1a7b-01-s1-d2,60,B,2,161,"[15900,23800,29100,31200]",3,-4.0,1,3,0,0,10,True
2025-2025041522gm-00a9-0000-b0bc1a7b-01-s1-d2,61,A,1,0,"[35100,31500,19100,14300]",2,4.0,1,3,0,0,10,True
2025-2025041522gm-00a9-0000-b0bc1a7b-01-s1-d2,61,B,2,161,"[8500,36500,31100,23900]",1,10.0,1,3,0,0,8,True
2025-2025041522gm-00a9-0000-b0bc1a7b-01-s1-d2,62,A,1,0,"[37200,53800,-100,9100]",1,10.0,1,3,0,0,10,True
2025-2025041522gm-00a9-0000-b0bc1a7b-01-s1-d2,62,B,2,161,"[6300,33900,35600,24200]",2,4.0,1,3,1,0,11,True
2025-2025041522gm-00a9-0000-b0bc1a7b-01-s1-d2,63,A,1,0,"[26300,34800,19500,19400]",1,10.0,1,3,1,0,9,True
2025-2025041522gm-00a9-0000-b0bc1a7b-01-s1-d2,63,B,2,161,"[40600,17400,20600,21400]",4,-10.0,1,3,0,0,9,True
2025-2025041522gm-00a9-0000-b0bc1a7b-01-s1-d2,64,A,1,0,"[46800,35500,5700,12000]",2,4.0,1,3,0,0,10,True
2025-2025041522gm-00a9-0000-b0bc1a7b-01-s1-d2,64,B,2,161,"[43600,32900,5700,17800]",2,4.0,1,3,1,0,12,True
2025-2025041522gm-00a9-0000-b0bc1a7b-01-s1-d2,65,A,1,0,"[46400,3000,44700,5900]",4,-10.0,1,3,0,0,12,True
2025-2025041522gm-00a9-0000-b0bc1a7b-01-s1-d2,65,B,2,161,"[52400,33100,8400,6100]",2,4.0,1,3,0,0,10,True
2025-2025041522gm-00a9-0000-b0bc1a7b-01-s1-d2,66,A,1,0,"[32900,25100,39900,2100]",3,-4.0,1,3,0,0,10,True
2025-2025041522gm-00a9-0000-b0bc1a7b-01-s1-d2,66,B,2,161,"[10900,35600,11000,42500]",2,4.0,1,3,0,0,9,True
2025-2025041522gm-00a9-0000-b0bc1a7b-01-s1-d2,67,A,1,0,"[19000,21800,32900,26300]",3,-4.0,1,3,0,0,9,True
2025-2025041522gm-00a9-0000-b0bc1a7b-01-s1-d2,67,B,2,161,"[33000,-3000,37000,33000]",4,-10.0,1,0,0,0,5,True
2025-2025041522gm-00a9-0000-b0bc1a7b-01-s1-d2,68,A,1,0,"[56000,14700,19100,10200]",3,-4.0,1,3,2,0,15,True
2025-2025041522gm-00a9-0000-b0bc1a7b-01-s1-d2,68,B,2,161,"[53400,9500,31100,6000]",3,-4.0,1,3,2,0,12,True
2025-2025041522gm-00a9-0000-b0bc1a7b-01-s1-d2,69,A,1,0,"[48800,22400,8000,20800]",2,4.0,1,3,1,0,11,True
2025-2025041522gm-00a9-0000-b0bc1a7b-01-s1-d2,69,B,2,161,"[48000,-4200,29700,26500]",4,-10.0,1,1,0,0,7,True
2025-2025041522gm-00a9-0000-b0bc1a7b-01-s1-d2,70,A,1,0,"[48100,23200,2400,26300]",3,-4.0,1,3,0,0,11,True
2025-2025041522gm-00a9-0000-b0bc1a7b-01-s1-d2,70,B,2,161,"[35000,32800,36000,-3800]",3,-4.0,0,2,1,0,4,True
2025-2025041522gm-00a9-0000-b0bc1a7b-01-s1-d2,71,A,1,0,"[33800,3100,40100,23000]",4,-10.0,1,3,0,0,8,True
2025-2025041522gm-00a9-0000-b0bc1a7b-01-s1-d2,71,B,2,161,"[39800,15000,14400,30800]",3,-4.0,1,3,0,0,8,True
2025-2025041522gm-00a9-0000-b0bc1a7b-01-s1-d2,72,A,1,0,"[39200,35200,20300,5300]",2,4.0,1,3,0,0,10,True
2025-2025041522gm-00a9-0000-b0bc1a7b-01-s1-d2,72,B,2,161,"[42700,32000,2500,22800]",2,4.0,1,3,0,0,11,True
2025-2025041522gm-00a9-0000-b0bc1a7b-01-s1-d2,73,A,1,0,"[54400,8900,13200,23500]",4,-10.0,1,3,0,0,12,True
2025-2025041522gm-00a9-0000-b0bc1a7b-01-s1-d2,73,B,2,161,"[23300,38300,30700,7700]",1,10.0,1,3,1,0,10,True
2025-2025041522gm-00a9-0000-b0bc1a7b-01-s1-d2,74,A,1,0,"[46300,28800,-4300,29200]",3,-4.0,1,3,0,0,11,True
2025-2025041522gm-00a9-0000-b0bc1a7b-01-s1-d2,74,B,2,161,"[17300,13900,37500,31300]",4,-10.0,1,3,3,0,14,True
2025-2025041522gm-00a9-0000-b0bc1a7b-01-s1-d2,75,A,1,0,"[32900,-1900,24800,44200]",4,-10.0,1,0,0,0,6,True
2025-2025041522gm-00a9-0000-b0bc1a7b-01-s1-d2,75,B,2,161,"[33000,14300,26000,26700]",4,-10.0,1,3,0,0,11,True
2025-2025041522gm-00a9-0000-b0bc1a7b-01-s1-d2,76,A,1,0,"[29800,31700,18600,19900]",1,10.0,1,3,1,0,10,True
2025-2025041522gm-00a9-0000-b0bc1a7b-01-s1-d2,76,B,2,161,"[30800,32300,21900,15000]",1,10.0,1,3,0,0,9,True
2025-2025041522gm-00a9-0000-b0bc1a7b-01-s1-d2,77,A,1,0,"[55000,10500,17600,16900]",4,-10.0,1,3,0,0,8,True
2025-2025041522gm-00a9-0000-b0bc1a7b-01-s1-d2,77,B,2,161,"[30900,13600,31900,23600]",4,-10.0,1,3,1,0,10,True
2025-2025041522gm-00a9-0000-b0bc1a7b-01-s1-d2,78,A,1,0,"[46200,17500,25100,11200]",3,-4.0,1,3,0,0,9,True
2025-2025041522gm-00a9-0000-b0bc1a7b-01-s1-d2,78,B,2,161,"[42300,34100,24000,-400]",2,4.0,1,1,0,0,8,True
2025-2025041522gm-00a9-0000-b0bc1a7b-01-s1-d2,79,A,1,0,"[29200,8900,39900,22000]",4,-10.0,1,3,1,0,10,True
2025-2025041522gm-00a9-0000-b0bc1a7b-01-s1-d2,79,B,2,161,"[11800,35200,30500,22500]",1,10.0,1,3,0,0,10,True
2025-2025041522gm-00a9-0000-b0bc1a7b-01-s1-d2,80,A,1,0,"[45700,31700,-100,22700]",2,4.0,0,3,0,0,5,True
2025-2025041522gm-00a9-0000-b0bc1a7b-01-s1-d2,80,B,2,161,"[39400,15100,23900,21600]",4,-10.0,1,3,1,0,10,True
2025-2025041522gm-00a9-0000-b0bc1a7b-01-s1-d2,81,A,1,0,"[49100,-500,33600,17800]",4,-10.0,0,0,2,0,2,True
2025-2025041522gm-00a9-0000-b0bc1a7b-01-s1-d2,81,B,2,161,"[52000,5500,30100,12400]",4,-10.0,1,3,0,0,11,True
2025-2025041522gm-00a9-0000-b0bc1a7b-01-s1-d2,82,A,1,0,"[29500,40200,12600,17700]",1,10.0,1,3,0,0,10,True
2025-2025041522gm-00a9-0000-b0bc1a7b-01-s1-d2,82,B,2,161,"[20600,19600,57000,2800]",3,-4.0,1,3,4,0,12,True
2025-2025041522gm-00a9-0000-b0bc1a7b-01-s1-d2,83,A,1,0,"[40200,9500,9000,41300]",3,-4.0,1,3,0,0,13,True
2025-2025041522gm-00a9-0000-b0bc1a7b-01-s1-d2,83,B,2,161,"[22800,14100,40200,22900]",4,-10.0,1,3,0,0,12,True
2025-2025041522gm-00a9-0000-b0bc1a7b-01-s1-d2,84,A,1,0,"[47300,18900,7600,25200]",3,-4.0,1,3,0,1,11,True
2025-2025041522gm-00a9-0000-b0bc1a7b-01-s1-d2,84,B,2,161,"[23000,34500,6600,35900]",2,4.0,1,3,0,0,11,True
2025-2025041522gm-00a9-0000-b0bc1a7b-01-s1-d2,85,A,1,0,"[21100,30900,42400,5600]",2,4.0,1,3,0,0,10,True
2025-2025041522gm-00a9-0000-b0bc1a7b-01-s1-d2,85,B,2,161,"[20200,33400,42900,3500]",2,4.0,1,3,0,0,10,True
2025-2025041522gm-00a9-0000-b0bc1a7b-01-s1-d2,86,A,1,0,"[28200,15100,17700,39000]",4,-10.0,1,3,0,0,9,True
2025-2025041522gm-00a9-0000-b0bc1a7b-01-s1-d2,86,B,2,161,"[45900,23600,29300,1200]",3,-4.0,1,3,0,0,11,True
2025-2025041522gm-00a9-0000-b0bc1a7b-01-s1-d2,87,A,1,0,"[43300,9400,25100,22200]",4,-10.0,1,3,0,0,11,True
2025-2025041522gm-00a9-0000-b0bc1a7b-01-s1-d2,87,B,2,161,"[34300,30800,-3800,38700]",3,-4.0,1,3,0,0,9,True
2025-2025041522gm-00a9-0000-b0bc1a7b-01-s1-d2,88,A,1,0,"[32000,27500,18500,21000]",2,4.0,1,3,1,1,10,True
2025-2025041522gm-00a9-0000-b0bc1a7b-01-s1-d2,88,B,2,161,"[28600,22000,33400,16000]",3,-4.0,1,3,1,0,10,True
2025-2025041522gm-00a9-0000-b0bc1a7b-01-s1-d2,89,A,1,0,"[35300,14800,21300,28600]",4,-10.0,1,3,0,0,10,True
2025-2025041522gm-00a9-0000-b0bc1a7b-01-s1-d2,89,B,2,161,"[33500,3500,27900,35100]",4,-10.0,1,3,0,0,8,True
2025-2025041522gm-00a9-0000-b0bc1a7b-01-s1-d2,90,A,1,0,"[51800,32300,-300,16200]",2,4.0,1,1,1,0,8,True
2025-2025041522gm-00a9-0000-b0bc1a7b-01-s1-d2,90,B,2,161,"[22500,36700,24900,15900]",1,10.0,1,3,0,0,9,True
2025-2025041522gm-00a9-0000-b0bc1a7b-01-s1-d2,91,A,1,0,"[46400,24300,17900,11400]",2,4.0,1,3,0,0,8,True
2025-2025041522gm-00a9-0000-b0bc1a7b-01-s1-d2,91,B,2,161,"[31700,25000,23300,20000]",2,4.0,1,3,0,0,8,True
2025-2025041522gm-00a9-0000-b0bc1a7b-01-s1-d2,92,A,1,0,"[31600,27300,-2200,43300]",3,-4.0,1,3,0,0,8,True
2025-2025041522gm-00a9-0000-b0bc1a7b-01-s1-d2,92,B,2,161,"[41800,5200,27900,25100]",4,-10.0,1,3,0,0,10,True
2025-2025041522gm-00a9-0000-b0bc1a7b-01-s1-d2,93,A,1,0,"[8900,24000,34300,32800]",3,-4.0,1,3,2,0,12,True
2025-2025041522gm-00a9-0000-b0bc1a7b-01-s1-d2,93,B,2,161,"[50000,2600,41800,5600]",4,-10.0,1,3,0,0,13,True
2025-2025041522gm-00a9-0000-b0bc1a7b-01-s1-d2,94,A,1,0,"[22500,26300,31900,19300]",2,4.0,1,3,0,0,11,True
2025-2025041522gm-00a9-0000-b0bc1a7b-01-s1-d2,94,B,2,161,"[5700,29100,35600,29600]",3,-4.0,2,0,0,0,12,True
2025-2025041522gm-00a9-0000-b0bc1a7b-01-s1-d2,95,A,1,0,"[58300,32400,9600,-300]",2,4.0,1,0,2,0,10,True
2025-2025041522gm-00a9-0000-b0bc1a7b-01-s1-d2,95,B,2,161,"[15000,34400,34600,16000]",2,4.0,1,3,2,0,12,True
2025-2025041522gm-00a9-0000-b0bc1a7b-01-s1-d2,96,A,1,0,"[19800,30200,2900,46100]",2,4.0,1,3,0,1,10,True
2025-2025041522gm-00a9-0000-b0bc1a7b-01-s1-d2,96,B,2,161,"[52400,-400,26900,21100]",4,-10.0,1,0,2,0,8,True
2025-2025041522gm-00a9-0000-b0bc1a7b-01-s1-d2,97,A,1,0,"[33900,19600,18600,27900]",3,-4.0,1,3,1,0,8,True
2025-2025041522gm-00a9-0000-b0bc1a7b-01-s1-d2,97,B,2,161,"[39600,42300,11400,6700]",1,10.0,1,3,0,0,10,True
2025-2025041522gm-00a9-0000-b0bc1a7b-01-s1-d2,98,A,1,0,"[46900,9200,10100,33800]",4,-10.0,1,3,0,0,9,True
2025-2025041522gm-00a9-0000-b0bc1a7b-01-s1-d2,98,B,2,161,"[39900,23400,19200,17500]",2,4.0,1,3,0,0,12,True
2025-2025041522gm-00a9-0000-b0bc1a7b-01-s1-d2,99,A,1,0,"[34400,18700,20700,26200]",4,-10.0,1,3,0,0,9,True
2025-2025041522gm-00a9-0000-b0bc1a7b-01-s1-d2,99,B,2,161,"[45000,24700,14300,16000]",2,4.0,1,3,0,0,8,True
2025-2025041522gm-00a9-0000-b0bc1a7b-01-s1-d2,100,A,1,0,"[41500,10900,39500,8100]",3,-4.0,1,3,0,0,9,True
2025-2025041522gm-00a9-0000-b0bc1a7b-01-s1-d2,100,B,2,161,"[32300,22000,29600,16100]",3,-4.0,1,3,0,0,8,True
2025-2025041522gm-00a9-0000-b0bc1a7b-01-s1-d2,101,A,1,0,"[34000,32200,13900,19900]",2,4.0,1,3,0,0,8,True
2025-2025041522gm-00a9-0000-b0bc1a7b-01-s1-d2,101,B,2,161,"[15500,39100,20300,24100]",1,10.0,1,3,1,1,9,True
2025-2025041522gm-00a9-0000-b0bc1a7b-01-s1-d2,102,A,1,0,"[32400,2000,34400,31200]",4,-10.0,1,3,3,0,10,True
2025-2025041522gm-00a9-0000-b0bc1a7b-01-s1-d2,102,B,2,161,"[40000,32000,15500,12500]",2,4.0,1,3,0,0,10,True
2025-2025041522gm-00a9-0000-b0bc1a7b-01-s1-d2,103,A,1,0,"[20900,30000,19100,30000]",1,10.0,1,3,0,0,9,True
2025-2025041522gm-00a9-0000-b0bc1a7b-01-s1-d2,103,B,2,161,"[26600,31700,17300,24400]",1,10.0,1,3,0,0,9,True
2025-2025041522gm-00a9-0000-b0bc1a7b-01-s1-d2,104,A,1,0,"[18600,35100,26000,20300]",1,10.0,2,0,0,0,12,True
2025-2025041522gm-00a9-0000-b0bc1a7b-01-s1-d2,104,B,2,161,"[30600,21400,23400,24600]",4,-10.0,2,0,0,0,12,True
2025-2025041522gm-00a9-0000-b0bc1a7b-01-s1-d2,105,A,1,0,"[10700,28000,32900,28400]",3,-4.0,2,0,0,0,11,True
2025-2025041522gm-00a9-0000-b0bc1a7b-01-s1-d2,105,B,2,161,"[40600,35100,7300,17000]",2,4.0,1,3,0,0,12,True
2025-2025041522gm-00a9-0000-b0bc1a7b-01-s1-d2,106,A,1,0,"[59800,9200,18200,12800]",4,-10.0,1,3,0,0,10,True
2025-2025041522gm-00a9-0000-b0bc1a7b-01-s1-d2,106,B,2,161,"[46700,39300,6100,7900]",2,4.0,1,3,0,0,11,True
2025-2025041522gm-00a9-0000-b0bc1a7b-01-s1-d2,107,A,1,0,"[16800,18500,39200,25500]",3,-4.0,1,3,0,0,9,True
2025-2025041522gm-00a9-0000-b0bc1a7b-01-s1-d2,107,B,2,161,"[24800,23400,8200,43600]",3,-4.0,1,3,0,0,10,True
2025-2025041522gm-00a9-0000-b0bc1a7b-01-s1-d2,108,A,1,0,"[35800,18600,33600,12000]",3,-4.0,1,3,0,0,11,True
2025-2025041522gm-00a9-0000-b0bc1a7b-01-s1-d2,108,B,2,161,"[17700,41000,9800,30500]",1,10.0,1,3,1,1,10,True
2025-2025041522gm-00a9-0000-b0bc1a7b-01-s1-d2,109,A,1,0,"[55900,2300,25200,16600]",4,-10.0,1,3,0,0,12,True
2025-2025041522gm-00a9-0000-b0bc1a7b-01-s1-d2,109,B,2,161,"[34000,31500,34900,-400]",3,-4.0,1,0,0,0,6,True
2025-2025041522gm-00a9-0000-b0bc1a7b-01-s1-d2,110,A,1,0,"[28000,22200,35800,14000]",3,-4.0,1,3,0,0,11,True
2025-2025041522gm-00a9-0000-b0bc1a7b-01-s1-d2,110,B,2,161,"[19300,35700,13200,31800]",1,10.0,1,3,0,0,11,True
2025-2025041522gm-00a9-0000-b0bc1a7b-01-s1-d2,111,A,1,0,"[36600,29400,14700,19300]",2,4.0,1,3,2,0,10,True
2025-2025041522gm-00a9-0000-b0bc1a7b-01-s1-d2,111,B,2,161,"[47900,-1900,16300,37700]",4,-10.0,1,1,0,0,8,True
2025-2025041522gm-00a9-0000-b0bc1a7b-01-s1-d2,112,A,1,0,"[31500,32900,19200,16400]",1,10.0,1,3,0,0,15,True
2025-2025041522gm-00a9-0000-b0bc1a7b-01-s1-d2,112,B,2,161,"[34300,15900,22400,27400]",4,-10.0,1,3,0,0,12,True
2025-2025041522gm-00a9-0000-b0bc1a7b-01-s1-d2,113,A,1,0,"[37700,-100,22700,39700]",4,-10.0,1,0,2,0,11,True
2025-2025041522gm-00a9-0000-b0bc1a7b-01-s1-d2,113,B,2,161,"[61900,11200,25400,1500]",3,-4.0,1,3,1,0,10,True
2025-2025041522gm-00a9-0000-b0bc1a7b-01-s1-d2,114,A,1,0,"[33100,18200,41900,6800]",3,-4.0,1,3,0,0,9,True
2025-2025041522gm-00a9-0000-b0bc1a7b-01-s1-d2,114,B,2,161,"[44600,12000,36400,7000]",3,-4.0,1,3,1,0,8,True
2025-2025041522gm-00a9-0000-b0bc1a7b-01-s1-d2,115,A,1,0,"[19100,22100,33000,25800]",3,-4.0,1,3,0,0,13,True
2025-2025041522gm-00a9-0000-b0bc1a7b-01-s1-d2,115,B,2,161,"[47600,26100,19200,7100]",2,4.0,1,3,0,0,12,True
2025-2025041522gm-00a9-0000-b0bc1a7b-01-s1-d2,116,A,1,0,"[40000,27500,20100,12400]",2,4.0,1,3,0,0,10,True
2025-2025041522gm-00a9-0000-b0bc1a7b-01-s1-d2,116,B,2,161,"[32300,23100,26400,18200]",3,-4.0,1,3,1,0,10,True
2025-2025041522gm-00a9-0000-b0bc1a7b-01-s1-d2,117,A,1,0,"[47400,19000,10000,23600]",3,-4.0,1,3,0,0,10,True
2025-2025041522gm-00a9-0000-b0bc1a7b-01-s1-d2,117,B,2,161,"[25300,17600,33500,23600]",4,-10.0,1,3,0,0,10,True
2025-2025041522gm-00a9-0000-b0bc1a7b-01-s1-d2,118,A,1,0,"[45500,24700,9700,20100]",2,4.0,1,3,0,0,9,True
2025-2025041522gm-00a9-0000-b0bc1a7b-01-s1-d2,118,B,2,161,"[38400,9800,9500,42300]",3,-4.0,1,3,0,0,9,True
2025-2025041522gm-00a9-0000-b0bc1a7b-01-s1-d2,119,A,1,0,"[46500,-300,34500,19300]",4,-10.0,1,0,1,0,7,True
2025-2025041522gm-00a9-0000-b0bc1a7b-01-s1-d2,119,B,2,161,"[29800,9100,53800,7300]",3,-4.0,1,3,2,0,11,True
2025-2025041522gm-00a9-0000-b0bc1a7b-01-s1-d2,120,A,1,0,"[41800,22100,26700,9400]",3,-4.0,1,3,1,0,8,True
2025-2025041522gm-00a9-0000-b0bc1a7b-01-s1-d2,120,B,2,161,"[59100,-3300,23700,20500]",4,-10.0,1,0,0,0,5,True
2025-2025041522gm-00a9-0000-b0bc1a7b-01-s1-d2,121,A,1,0,"[33900,2300,15800,48000]",4,-10.0,1,3,0,0,10,True
2025-2025041522gm-00a9-0000-b0bc1a7b-01-s1-d2,121,B,2,161,"[42800,19500,12000,24700]",3,-4.0,1,3,1,1,9,True
2025-2025041522gm-00a9-0000-b0bc1a7b-01-s1-d2,122,A,1,0,"[21700,25700,20000,32600]",2,4.0,2,0,0,0,9,True
2025-2025041522gm-00a9-0000-b0bc1a7b-01-s1-d2,122,B,2,161,"[25700,19400,22900,32000]",4,-10.0,1,3,0,0,8,True
2025-2025041522gm-00a9-0000-b0bc1a7b-01-s1-d2,123,A,1,0,"[19100,33700,12000,35200]",2,4.0,1,3,0,0,12,True
2025-2025041522gm-00a9-0000-b0bc1a7b-01-s1-d2,123,B,2,161,"[44000,34000,10700,11300]",2,4.0,1,3,0,0,10,True
2025-2025041522gm-00a9-0000-b0bc1a7b-01-s1-d2,124,A,1,0,"[52100,7900,17700,22300]",4,-10.0,1,3,0,0,12,True
2025-2025041522gm-00a9-0000-b0bc1a7b-01-s1-d2,124,B,2,161,"[52900,15300,21500,10300]",3,-4.0,1,3,0,0,11,True
2025-2025041522gm-00a9-0000-b0bc1a7b-01-s1-d2,125,A,1,0,"[4100,24900,25000,46000]",3,-4.0,1,3,1,0,9,True
2025-2025041522gm-00a9-0000-b0bc1a7b-01-s1-d2,125,B,2,161,"[35800,32300,18100,13800]",2,4.0,1,3,0,0,12,True
2025-2025041522gm-00a9-0000-b0bc1a7b-01-s1-d2,126,A,1,0,"[36400,-1300,9300,55600]",4,-10.0,1,1,0,0,9,True
2025-2025041522gm-00a9-0000-b0bc1a7b-01-s1-d2,126,B,2,161,"[36100,33700,24400,5800]",2,4.0,1,3,1,0,10,True
2025-2025041522gm-00a9-0000-b0bc1a7b-01-s1-d2,127,A,1,0,"[38300,4900,7600,49200]",4,-10.0,1,3,0,0,11,True
2025-2025041522gm-00a9-0000-b0bc1a7b-01-s1-d2,127,B,2,161,"[38600,21900,2800,36700]",3,-4.0,1,3,0,0,9,True
2025-2025041522gm-00a9-0000-b0bc1a7b-01-s1-d2,128,A,1,0,"[22300,36600,17200,23900]",1,10.0,1,3,0,0,10,True
2025-2025041522gm-00a9-0000-b0bc1a7b-01-s1-d2,128,B,2,161,"[31000,48600,17000,3400]",1,10.0,1,3,0,0,10,True
2025-2025041522gm-00a9-0000-b0bc1a7b-01-s1-d2,129,A,1,0,"[31500,20700,24000,23800]",4,-10.0,1,3,2,0,9,True
2025-2025041522gm-00a9-0000-b0bc1a7b-01-s1-d2,129,B,2,161,"[37500,26700,37300,-1500]",3,-4.0,1,2,0,0,9,True
2025-2025041522gm-00a9-0000-b0bc1a7b-01-s1-d2,130,A,1,0,"[50000,38900,0,11100]",2,4.0,1,3,0,0,14,True
2025-2025041522gm-00a9-0000-b0bc1a7b-01-s1-d2,130,B,2,161,"[46900,7200,15400,30500]",4,-10.0,1,3,0,0,11,True
2025-2025041522gm-00a9-0000-b0bc1a7b-01-s1-d2,131,A,1,0,"[29100,28900,38400,3600]",3,-4.0,1,3,0,0,14,True
2025-2025041522gm-00a9-0000-b0bc1a7b-01-s1-d2,131,B,2,161,"[45800,2700,25700,25800]",4,-10.0,1,3,0,0,11,True
2025-2025041522gm-00a9-0000-b0bc1a7b-01-s1-d2,132,A,1,0,"[28000,17800,39700,14500]",3,-4.0,1,3,2,0,10,True
2025-2025041522gm-00a9-0000-b0bc1a7b-01-s1-d2,132,B,2,161,"[26400,-3500,47500,29600]",4,-10.0,0,3,3,0,6,True
2025-2025041522gm-00a9-0000-b0bc1a7b-01-s1-d2,133,A,1,0,"[28000,28700,42200,1100]",2,4.0,1,3,0,0,11,True
2025-2025041522gm-00a9-0000-b0bc1a7b-01-s1-d2,133,B,2,161,"[34800,40600,-1500,26100]",1,10.0,1,1,0,0,8,True
2025-2025041522gm-00a9-0000-b0bc1a7b-01-s1-d2,134,A,1,0,"[18000,13600,50300,18100]",4,-10.0,1,3,1,0,8,True
2025-2025041522gm-00a9-0000-b0bc1a7b-01-s1-d2,134,B,2,161,"[44200,35800,26700,-6700]",2,4.0,1,0,0,0,6,True
2025-2025041522gm-00a9-0000-b0bc1a7b-01-s1-d2,135,A,1,0,"[30900,38500,6400,24200]",1,10.0,1,3,1,0,12,True
2025-2025041522gm-00a9-0000-b0bc1a7b-01-s1-d2,135,B,2,161,"[23100,23700,30300,22900]",2,4.0,1,3,3,0,10,True
2025-2025041522gm-00a9-0000-b0bc1a7b-01-s1-d2,136,A,1,0,"[50500,27300,29000,-6800]",3,-4.0,0,1,0,0,4,True
2025-2025041522gm-00a9-0000-b0bc1a7b-01-s1-d2,136,B,2,161,"[34800,41600,25700,-2100]",1,10.0,0,1,2,0,4,True
2025-2025041522gm-00a9-0000-b0bc1a7b-01-s1-d2,137,A,1,0,"[17200,19500,55100,8200]",2,4.0,1,3,1,0,13,True
2025-2025041522gm-00a9-0000-b0bc1a7b-01-s1-d2,137,B,2,161,"[28900,25700,7500,37900]",3,-4.0,1,3,0,0,10,True
2025-2025041522gm-00a9-0000-b0bc1a7b-01-s1-d2,138,A,1,0,"[43800,34000,14500,7700]",2,4.0,1,3,0,0,9,True
2025-2025041522gm-00a9-0000-b0bc1a7b-01-s1-d2,138,B,2,161,"[49500,27400,17700,5400]",2,4.0,1,3,0,0,9,True
2025-2025041522gm-00a9-0000-b0bc1a7b-01-s1-d2,139,A,1,0,"[24200,19300,18700,37800]",3,-4.0,1,3,0,0,12,True
2025-2025041522gm-00a9-0000-b0bc1a7b-01-s1-d2,139,B,2,161,"[37700,20700,25300,16300]",3,-4.0,1,3,0,0,13,True
2025-2025041522gm-00a9-0000-b0bc1a7b-01-s1-d2,140,A,1,0,"[43600,18300,13800,24300]",3,-4.0,1,3,0,0,9,True
2025-2025041522gm-00a9-0000-b0bc1a7b-01-s1-d2,140,B,2,161,"[17500,24100,27700,30700]",3,-4.0,1,3,0,0,9,True
2025-2025041522gm-00a9-0000-b0bc1a7b-01-s1-d2,141,A,1,0,"[39400,15800,3500,40300]",3,-4.0,1,3,0,1,8,True
2025-2025041522gm-00a9-0000-b0bc1a7b-01-s1-d2,141,B,2,161,"[16100,30200,8000,45700]",2,4.0,1,3,0,0,12,True
2025-2025041522gm-00a9-0000-b0bc1a7b-01-s1-d2,142,A,1,0,"[41800,-7500,42900,22800]",4,-10.0,1,1,0,0,7,True
2025-2025041522gm-00a9-0000-b0bc1a7b-01-s1-d2,142,B,2,161,"[33200,1900,23700,41200]",4,-10.0,1,3,0,0,8,True
2025-2025041522gm-00a9-0000-b0bc1a7b-01-s1-d2,143,A,1,0,"[19400,45100,32900,2600]",1,10.0,1,3,0,0,12,True
2025-2025041522gm-00a9-0000-b0bc1a7b-01-s1-d2,143,B,2,161,"[41500,43700,14900,-100]",1,10.0,0,3,0,0,8,True
2025-2025041522gm-00a9-0000-b0bc1a7b-01-s1-d2,144,A,1,0,"[51100,17800,-7500,38600]",3,-4.0,0,1,0,0,3,True
2025-2025041522gm-00a9-0000-b0bc1a7b-01-s1-d2,144,B,2,161,"[42900,7000,17600,32500]",4,-10.0,1,3,3,0,12,True
2025-2025041522gm-00a9-0000-b0bc1a7b-01-s1-d2,145,A,1,0,"[49100,10900,7800,32200]",3,-4.0,1,3,1,0,9,True
2025-2025041522gm-00a9-0000-b0bc1a7b-01-s1-d2,145,B,2,161,"[44000,21700,9300,25000]",3,-4.0,1,3,1,0,9,True
2025-2025041522gm-00a9-0000-b0bc1a7b-01-s1-d2,146,A,1,0,"[41600,23400,9800,25200]",3,-4.0,1,3,0,0,12,True
2025-2025041522gm-00a9-0000-b0bc1a7b-01-s1-d2,146,B,2,161,"[1700,32700,46500,19100]",2,4.0,1,3,0,0,12,True
2025-2025041522gm-00a9-0000-b0bc1a7b-01-s1-d2,147,A,1,0,"[25700,36600,9300,28400]",1,10.0,1,3,1,0,12,True
2025-2025041522gm-00a9-0000-b0bc1a7b-01-s1-d2,147,B,2,161,"[50100,33900,19700,-3700]",2,4.0,1,0,1,0,6,True
2025-2025041522gm-00a9-0000-b0bc1a7b-01-s1-d2,148,A,1,0,"[31100,47400,21000,500]",1,10.0,1,3,0,0,9,True
2025-2025041522gm-00a9-0000-b0bc1a7b-01-s1-d2,148,B,2,161,"[29900,19200,39300,11600]",3,-4.0,1,3,2,0,10,True
2025-2025041522gm-00a9-0000-b0bc1a7b-01-s1-d2,149,A,1,0,"[52500,33000,-200,14700]",2,4.0,0,3,0,0,8,True
2025-2025041522gm-00a9-0000-b0bc1a7b-01-s1-d2,149,B,2,161,"[26200,31800,9600,30400]",1,10.0,1,3,0,2,9,True
2025-2025041522gm-00a9-0000-b0bc1a7b-01-s1-d2,150,A,1,0,"[45900,33700,10900,9500]",2,4.0,1,3,0,0,10,True
2025-2025041522gm-00a9-0000-b0bc1a7b-01-s1-d2,150,B,2,161,"[32100,27300,19600,21000]",2,4.0,1,3,0,0,11,True
2025-2025041522gm-00a9-0000-b0bc1a7b-01-s1-d2,151,A,1,0,"[44500,9900,8900,36700]",3,-4.0,1,3,0,0,10,True
2025-2025041522gm-00a9-0000-b0bc1a7b-01-s1-d2,151,B,2,161,"[52900,41800,-3400,8700]",2,4.0,1,3,0,0,10,True
2025-2025041522gm-00a9-0000-b0bc1a7b-01-s1-d2,152,A,1,0,"[34000,15000,55200,-4200]",3,-4.0,0,2,0,0,3,True
2025-2025041522gm-00a9-0000-b0bc1a7b-01-s1-d2,152,B,2,161,"[27800,15000,22400,34800]",4,-10.0,1,3,0,0,9,True
2025-2025041522gm-00a9-0000-b0bc1a7b-01-s1-d2,153,A,1,0,"[46800,18900,10100,24200]",3,-4.0,1,3,0,0,10,True
2025-2025041522gm-00a9-0000-b0bc1a7b-01-s1-d2,153,B,2,161,"[45100,500,43000,11400]",4,-10.0,1,3,0,0,9,True
2025-2025041522gm-00a9-0000-b0bc1a7b-01-s1-d2,154,A,1,0,"[30400,13100,22900,31600]",4,-10.0,1,3,1,2,9,True
2025-2025041522gm-00a9-0000-b0bc1a7b-01-s1-d2,154,B,2,161,"[36700,44500,10200,8600]",1,10.0,1,3,2,0,10,True
2025-2025041522gm-00a9-0000-b0bc1a7b-01-s1-d2,155,A,1,0,"[37200,22000,22800,18000]",3,-4.0,1,3,0,0,9,True
2025-2025041522gm-00a9-0000-b0bc1a7b-01-s1-d2,155,B,2,161,"[43700,19100,25400,11800]",3,-4.0,1,3,0,0,9,True
2025-2025041522gm-00a9-0000-b0bc1a7b-01-s1-d2,156,A,1,0,"[41900,9500,14500,34100]",4,-10.0,1,3,0,0,8,True
2025-2025041522gm-00a9-0000-b0bc1a7b-01-s1-d2,156,B,2,161,"[29100,36700,13200,21000]",1,10.0,1,3,0,0,10,True
2025-2025041522gm-00a9-0000-b0bc1a7b-01-s1-d2,157,A,1,0,"[37000,46900,21000,-4900]",1,10.0,0,1,0,0,2,True
2025-2025041522gm-00a9-0000-b0bc1a7b-01-s1-d2,157,B,2,161,"[61300,-3300,21000,21000]",4,-10.0,0,0,1,0,1,True
2025-2025041522gm-00a9-0000-b0bc1a7b-01-s1-d2,158,A,1,0,"[28700,5700,13500,52100]",4,-10.0,1,3,0,0,11,True
2025-2025041522gm-00a9-0000-b0bc1a7b-01-s1-d2,158,B,2,161,"[59300,21700,7300,11700]",2,4.0,1,3,0,0,9,True
2025-2025041522gm-00a9-0000-b0bc1a7b-01-s1-d2,159,A,1,0,"[52400,14800,20000,12800]",3,-4.0,1,3,1,0,8,True
2025-2025041522gm-00a9-0000-b0bc1a7b-01-s1-d2,159,B,2,161,"[63400,-3900,15800,24700]",4,-10.0,1,2,0,0,7,True
2025-2025041522gm-00a9-0000-b0bc1a7b-01-s1-d2,160,A,1,0,"[36200,26500,26600,10700]",3,-4.0,1,3,2,0,11,True
2025-2025041522gm-00a9-0000-b0bc1a7b-01-s1-d2,160,B,2,161,"[9400,29400,52700,8500]",2,4.0,1,3,1,0,11,True
2025-2025041522gm-00a9-0000-b0bc1a7b-01-s1-d2,161,A,1,0,"[29600,19600,18500,32300]",3,-4.0,1,3,0,0,9,True
2025-2025041522gm-00a9-0000-b0bc1a7b-01-s1-d2,161,B,2,161,"[33300,29200,-10800,48300]",3,-4.0,1,2,0,0,11,True
2025-2025041522gm-00a9-0000-b0bc1a7b-01-s1-d2,162,A,1,0,"[25900,19300,11500,43300]",3,-4.0,1,3,0,0,9,True
2025-2025041522gm-00a9-0000-b0bc1a7b-01-s1-d2,162,B,2,161,"[22000,17400,13200,46400]",3,-4.0,1,3,0,1,9,True
2025-2025041522gm-00a9-0000-b0bc1a7b-01-s1-d2,163,A,1,0,"[58600,23400,-1700,19700]",2,4.0,1,2,0,0,9,True
2025-2025041522gm-00a9-0000-b0bc1a7b-01-s1-d2,163,B,2,161,"[46200,5400,48600,-200]",3,-4.0,1,0,0,0,8,True
2025-2025041522gm-00a9-0000-b0bc1a7b-01-s1-d2,164,A,1,0,"[26800,40800,11400,20000]",1,10.0,1,3,0,1,10,True
2025-2025041522gm-00a9-0000-b0bc1a7b-01-s1-d2,164,B,2,161,"[36400,18000,-400,46000]",3,-4.0,1,3,0,0,12,True
2025-2025041522gm-00a9-0000-b0bc1a7b-01-s1-d2,165,A,1,0,"[12100,37400,27100,23400]",1,10.0,1,3,1,0,9,True
2025-2025041522gm-00a9-0000-b0bc1a7b-01-s1-d2,165,B,2,161,"[42300,24100,33600,0]",3,-4.0,1,3,0,0,10,True
2025-2025041522gm-00a9-0000-b0bc1a7b-01-s1-d2,166,A,1,0,"[60900,-200,29600,9700]",4,-10.0,0,1,0,0,4,True
2025-2025041522gm-00a9-0000-b0bc1a7b-01-s1-d2,166,B,2,161,"[35000,22500,9800,32700]",3,-4.0,1,3,0,0,10,True
2025-2025041522gm-00a9-0000-b0bc1a7b-01-s1-d2,167,A,1,0,"[21500,52200,6100,20200]",1,10.0,1,3,0,0,10,True
2025-2025041522gm-00a9-0000-b0bc1a7b-01-s1-d2,167,B,2,161,"[38000,6800,23800,31400]",4,-10.0,1,3,0,0,9,True
2025-2025041522gm-00a9-0000-b0bc1a7b-01-s1-d2,168,A,1,0,"[35200,7900,30000,26900]",4,-10.0,1,3,1,0,10,True
2025-2025041522gm-00a9-0000-b0bc1a7b-01-s1-d2,168,B,2,161,"[27400,25500,8500,38600]",3,-4.0,1,3,0,0,11,True
2025-2025041522gm-00a9-0000-b0bc1a7b-01-s1-d2,169,A,1,0,"[42100,4100,21000,32800]",4,-10.0,1,3,3,0,12,True
2025-2025041522gm-00a9-0000-b0bc1a7b-01-s1-d2,169,B,2,161,"[33100,29000,20200,17700]",2,4.0,1,3,0,0,9,True
2025-2025041522gm-00a9-0000-b0bc1a7b-01-s1-d2,170,A,1,0,"[37000,35000,28300,-300]",2,4.0,0,1,0,0,2,True
2025-2025041522gm-00a9-0000-b0bc1a7b-01-s1-d2,170,B,2,161,"[47400,17900,16900,17800]",2,4.0,1,3,0,0,14,True
2025-2025041522gm-00a9-0000-b0bc1a7b-01-s1-d2,171,A,1,0,"[-200,35300,37200,27700]",2,4.0,1,2,0,0,8,True
2025-2025041522gm-00a9-0000-b0bc1a7b-01-s1-d2,171,B,2,161,"[31700,24800,29900,13600]",3,-4.0,1,3,0,0,12,True
2025-2025041522gm-00a9-0000-b0bc1a7b-01-s1-d2,172,A,1,0,"[33700,21000,28000,17300]",3,-4.0,2,2,0,0,13,True
2025-2025041522gm-00a9-0000-b0bc1a7b-01-s1-d2,172,B,2,161,"[40700,29300,7600,22400]",2,4.0,1,3,2,0,10,True
2025-2025041522gm-00a9-0000-b0bc1a7b-01-s1-d2,173,A,1,0,"[36000,19900,11400,31700]",3,-4.0,1,3,0,1,9,True
2025-2025041522gm-00a9-0000-b0bc1a7b-01-s1-d2,173,B,2,161,"[30700,39400,17600,12300]",1,10.0,1,3,1,0,9,True
2025-2025041522gm-00a9-0000-b0bc1a7b-01-s1-d2,174,A,1,0,"[38200,16400,13900,31500]",3,-4.0,1,3,0,0,14,True
2025-2025041522gm-00a9-0000-b0bc1a7b-01-s1-d2,174,B,2,161,"[26300,42600,10100,20000]",1,10.0,1,3,0,1,15,True
2025-2025041522gm-00a9-0000-b0bc1a7b-01-s1-d2,175,A,1,0,"[23700,36600,18200,21500]",1,10.0,1,3,1,0,11,True
2025-2025041522gm-00a9-0000-b0bc1a7b-01-s1-d2,175,B,2,161,"[35600,40200,20400,3800]",1,10.0,1,3,2,0,11,True
2025-2025041522gm-00a9-0000-b0bc1a7b-01-s1-d2,176,A,1,0,"[26000,14600,15800,43600]",4,-10.0,1,3,0,0,10,True
2025-2025041522gm-00a9-0000-b0bc1a7b-01-s1-d2,176,B,2,161,"[25300,20700,13500,40500]",3,-4.0,1,3,0,0,10,True
2025-2025041522gm-00a9-0000-b0bc1a7b-01-s1-d2,177,A,1,0,"[35500,21100,8600,32800]",3,-4.0,1,3,0,2,10,True
2025-2025041522gm-00a9-0000-b0bc1a7b-01-s1-d2,177,B,2,161,"[28800,56800,9300,5100]",1,10.0,1,3,0,0,10,True
2025-2025041522gm-00a9-0000-b0bc1a7b-01-s1-d2,178,A,1,0,"[45900,30800,17400,5900]",2,4.0,1,3,0,0,10,True
2025-2025041522gm-00a9-0000-b0bc1a7b-01-s1-d2,178,B,2,161,"[38600,14200,18000,29200]",4,-10.0,1,3,0,0,8,True
2025-2025041522gm-00a9-0000-b0bc1a7b-01-s1-d2,179,A,1,0,"[27600,16900,31600,23900]",4,-10.0,1,3,0,0,8,True
2025-2025041522gm-00a9-0000-b0bc1a7b-01-s1-d2,179,B,2,161,"[38000,21800,25200,15000]",3,-4.0,1,3,1,0,9,True
2025-2025041522gm-00a9-0000-b0bc1a7b-01-s1-d2,180,A,1,0,"[60300,18800,-1600,22500]",3,-4.0,0,1,1,0,4,True
2025-2025041522gm-00a9-0000-b0bc1a7b-01-s1-d2,180,B,2,161,"[52200,1200,17700,27900]",4,-10.0,1,3,0,1,10,True
2025-2025041522gm-00a9-0000-b0bc1a7b-01-s1-d2,181,A,1,0,"[21100,37800,29400,11700]",1,10.0,1,3,0,0,11,True
2025-2025041522gm-00a9-0000-b0bc1a7b-01-s1-d2,181,B,2,161,"[40200,7900,37000,14900]",4,-10.0,1,3,0,0,9,True
2025-2025041522gm-00a9-0000-b0bc1a7b-01-s1-d2,182,A,1,0,"[-9100,32800,31300,45000]",2,4.0,1,3,0,0,12,True
2025-2025041522gm-00a9-0000-b0bc1a7b-01-s1-d2,182,B,2,161,"[24200,36400,23200,16200]",1,10.0,2,1,0,0,15,True
2025-2025041522gm-00a9-0000-b0bc1a7b-01-s1-d2,183,A,1,0,"[34100,30400,36700,-1200]",3,-4.0,1,1,1,0,10,True
2025-2025041522gm-00a9-0000-b0bc1a7b-01-s1-d2,183,B,2,161,"[33100,25600,18900,22400]",2,4.0,1,3,0,0,10,True
2025-2025041522gm-00a9-0000-b0bc1a7b-01-s1-d2,184,A,1,0,"[14100,46200,22700,17000]",1,10.0,1,3,1,0,13,True
2025-2025041522gm-00a9-0000-b0bc1a7b-01-s1-d2,184,B,2,161,"[42100,4600,28500,24800]",4,-10.0,1,3,0,0,12,True
2025-2025041522gm-00a9-0000-b0bc1a7b-01-s1-d2,185,A,1,0,"[44000,14800,38000,3200]",3,-4.0,1,3,0,0,9,True
2025-2025041522gm-00a9-0000-b0bc1a7b-01-s1-d2,185,B,2,161,"[37600,9000,31800,21600]",4,-10.0,1,3,0,0,12,True
2025-2025041522gm-00a9-0000-b0bc1a7b-01-s1-d2,186,A,1,0,"[44500,21500,21500,12500]",2,4.0,1,3,0,0,10,True
2025-2025041522gm-00a9-0000-b0bc1a7b-01-s1-d2,186,B,2,161,"[32800,28600,20100,18500]",2,4.0,1,3,1,0,13,True
2025-2025041522gm-00a9-0000-b0bc1a7b-01-s1-d2,187,A,1,0,"[34700,23800,4200,37300]",3,-4.0,1,3,0,0,12,True
2025-2025041522gm-00a9-0000-b0bc1a7b-01-s1-d2,187,B,2,161,"[39900,11200,37400,11500]",4,-10.0,1,3,0,0,10,True
2025-2025041522gm-00a9-0000-b0bc1a7b-01-s1-d2,188,A,1,0,"[51900,1600,33700,12800]",4,-10.0,1,3,3,0,14,True
2025-2025041522gm-00a9-0000-b0bc1a7b-01-s1-d2,188,B,2,161,"[43400,25900,33300,-2600]",3,-4.0,1,0,2,0,7,True
2025-2025041522gm-00a9-0000-b0bc1a7b-01-s1-d2,189,A,1,0,"[37100,17000,25000,20900]",4,-10.0,1,3,1,0,11,True
2025-2025041522gm-00a9-0000-b0bc1a7b-01-s1-d2,189,B,2,161,"[36100,30200,29000,4700]",2,4.0,1,3,0,0,9,True
2025-2025041522gm-00a9-0000-b0bc1a7b-01-s1-d2,190,A,1,0,"[24600,-600,33700,42300]",4,-10.0,1,0,0,0,8,True
2025-2025041522gm-00a9-0000-b0bc1a7b-01-s1-d2,190,B,2,161,"[40000,28400,5700,25900]",2,4.0,1,3,0,0,12,True
2025-2025041522gm-00a9-0000-b0bc1a7b-01-s1-d2,191,A,1,0,"[56600,-1100,21000,23500]",4,-10.0,0,0,3,0,3,True
2025-2025041522gm-00a9-0000-b0bc1a7b-01-s1-d2,191,B,2,161,"[36000,45500,-2500,21000]",1,10.0,0,1,0,0,2,True
2025-2025041522gm-00a9-0000-b0bc1a7b-01-s1-d2,192,A,1,0,"[41300,6900,14100,37700]",4,-10.0,1,3,0,0,9,True
2025-2025041522gm-00a9-0000-b0bc1a7b-01-s1-d2,192,B,2,161,"[31700,25300,24400,18600]",2,4.0,1,3,2,0,11,True
2025-2025041522gm-00a9-0000-b0bc1a7b-01-s1-d2,193,A,1,0,"[43600,19200,6700,30500]",3,-4.0,1,3,0,0,11,True
2025-2025041522gm-00a9-0000-b0bc1a7b-01-s1-d2,193,B,2,161,"[47000,15900,24800,12300]",3,-4.0,1,3,0,0,10,True
2025-2025041522gm-00a9-0000-b0bc1a7b-01-s1-d2,194,A,1,0,"[49900,27600,25900,-3400]",2,4.0,0,2,2,0,6,True
2025-2025041522gm-00a9-0000-b0bc1a7b-01-s1-d2,194,B,2,161,"[73100,-500,1500,25900]",4,-10.0,1,0,3,0,10,True
2025-2025041522gm-00a9-0000-b0bc1a7b-01-s1-d2,195,A,1,0,"[24700,31600,9900,33800]",2,4.0,1,3,0,0,12,True
2025-2025041522gm-00a9-0000-b0bc1a7b-01-s1-d2,195,B,2,161,"[46400,18200,10600,24800]",3,-4.0,1,3,0,0,12,True
2025-2025041522gm-00a9-0000-b0bc1a7b-01-s1-d2,196,A,1,0,"[18400,24500,25300,31800]",3,-4.0,1,3,0,0,12,True
2025-2025041522gm-00a9-0000-b0bc1a7b-01-s1-d2,196,B,2,161,"[49300,34100,20900,-4300]",2,4.0,1,2,0,0,8,True
2025-2025041522gm-00a9-0000-b0bc1a7b-01-s1-d2,197,A,1,0,"[40600,21000,48500,-10100]",3,-4.0,0,2,0,0,3,True
2025-2025041522gm-00a9-0000-b0bc1a7b-01-s1-d2,197,B,2,161,"[42600,20000,40800,-3400]",3,-4.0,0,2,0,0,3,True
2025-2025041522gm-00a9-0000-b0bc1a7b-01-s1-d2,198,A,1,0,"[21700,5100,35400,37800]",4,-10.0,1,3,0,0,10,True
2025-2025041522gm-00a9-0000-b0bc1a7b-01-s1-d2,198,B,2,161,"[37500,3800,37800,20900]",4,-10.0,1,3,0,0,10,True
2025-2025041522gm-00a9-0000-b0bc1a7b-01-s1-d2,199,A,1,0,"[70000,100,20200,9700]",4,-10.0,1,3,0,0,12,True
2025-2025041522gm-00a9-0000-b0bc1a7b-01-s1-d2,199,B,2,161,"[36200,51100,-3300,16000]",1,10.0,0,2,0,0,5,True
2025-2025041522gm-00a9-0000-b0bc1a7b-01-s1-d2,200,A,1,0,"[49800,27600,24300,-1700]",2,4.0,1,2,0,0,10,True
2025-2025041522gm-00a9-0000-b0bc1a7b-01-s1-d2,200,B,2,161,"[36400,22600,13700,27300]",3,-4.0,1,3,1,0,12,True
2025-2025041522gm-00a9-0000-b0bc1a7b-01-s1-d2,201,A,1,0,"[43000,14200,7300,35500]",3,-4.0,1,3,0,0,12,True
2025-2025041522gm-00a9-0000-b0bc1a7b-01-s1-d2,201,B,2,161,"[32500,25700,26200,15600]",3,-4.0,1,3,0,0,11,True
2025-2025041522gm-00a9-0000-b0bc1a7b-01-s1-d2,202,A,1,0,"[37100,11300,22100,29500]",4,-10.0,1,3,1,0,14,True
2025-2025041522gm-00a9-0000-b0bc1a7b-01-s1-d2,202,B,2,161,"[43500,21000,38400,-2900]",3,-4.0,1,2,0,0,10,True
2025-2025041522gm-00a9-0000-b0bc1a7b-01-s1-d2,203,A,1,0,"[46600,18400,20900,14100]",3,-4.0,1,3,0,0,10,True
2025-2025041522gm-00a9-0000-b0bc1a7b-01-s1-d2,203,B,2,161,"[41600,26200,30000,2200]",3,-4.0,1,3,0,0,9,True
2025-2025041522gm-00a9-0000-b0bc1a7b-01-s1-d2,204,A,1,0,"[22500,50300,20200,7000]",1,10.0,1,3,1,0,8,True
2025-2025041522gm-00a9-0000-b0bc1a7b-01-s1-d2,204,B,2,161,"[14200,37900,26400,21500]",1,10.0,1,3,0,0,8,True
2025-2025041522gm-00a9-0000-b0bc1a7b-01-s1-d2,205,A,1,0,"[45300,37600,22700,-5600]",2,4.0,0,1,1,0,4,True
2025-2025041522gm-00a9-0000-b0bc1a7b-01-s1-d2,205,B,2,161,"[29900,45700,6700,17700]",1,10.0,1,3,0,0,10,True
2025-2025041522gm-00a9-0000-b0bc1a7b-01-s1-d2,206,A,1,0,"[61700,4300,30400,3600]",3,-4.0,1,3,0,0,12,True
2025-2025041522gm-00a9-0000-b0bc1a7b-01-s1-d2,206,B,2,161,"[34200,7500,44900,13400]",4,-10.0,1,3,0,0,11,True
2025-2025041522gm-00a9-0000-b0bc1a7b-01-s1-d2,207,A,1,0,"[31500,25500,23600,19400]",2,4.0,1,3,0,0,8,True
2025-2025041522gm-00a9-0000-b0bc1a7b-01-s1-d2,207,B,2,161,"[32700,36100,8600,22600]",1,10.0,1,3,0,0,10,True
2025-2025041522gm-00a9-0000-b0bc1a7b-01-s1-d2,208,A,1,0,"[36200,22700,4400,36700]",3,-4.0,1,3,0,0,10,True
2025-2025041522gm-00a9-0000-b0bc1a7b-01-s1-d2,208,B,2,161,"[32600,21700,23200,22500]",4,-10.0,1,3,0,0,8,True
2025-2025041522gm-00a9-0000-b0bc1a7b-01-s1-d2,209,A,1,0,"[36100,29000,9400,25500]",2,4.0,1,3,1,0,10,True
2025-2025041522gm-00a9-0000-b0bc1a7b-01-s1-d2,209,B,2,161,"[32800,3000,52400,11800]",4,-10.0,1,3,0,0,11,True
2025-2025041522gm-00a9-0000-b0bc1a7b-01-s1-d2,210,A,1,0,"[36200,20400,37200,6200]",3,-4.0,1,3,0,0,11,True
2025-2025041522gm-00a9-0000-b0bc1a7b-01-s1-d2,210,B,2,161,"[37000,19600,38300,5100]",3,-4.0,1,3,0,0,11,True
2025-2025041522gm-00a9-0000-b0bc1a7b-01-s1-d2,211,A,1,0,"[42900,14800,27500,14800]",3,-4.0,1,3,0,0,9,True
2025-2025041522gm-00a9-0000-b0bc1a7b-01-s1-d2,211,B,2,161,"[51800,4100,11500,32600]",4,-10.0,1,3,0,0,10,True
2025-2025041522gm-00a9-0000-b0bc1a7b-01-s1-d2,212,A,1,0,"[27400,31100,10300,31200]",2,4.0,1,3,0,0,10,True
2025-2025041522gm-00a9-0000-b0bc1a7b-01-s1-d2,212,B,2,161,"[50900,-200,21000,28300]",4,-10.0,1,0,1,0,6,True
2025-2025041522gm-00a9-0000-b0bc1a7b-01-s1-d2,213,A,1,0,"[40100,32200,700,27000]",2,4.0,1,3,1,0,11,True
2025-2025041522gm-00a9-0000-b0bc1a7b-01-s1-d2,213,B,2,161,"[51900,14300,18900,14900]",4,-10.0,1,3,0,0,10,True
2025-2025041522gm-00a9-0000-b0bc1a7b-01-s1-d2,214,A,1,0,"[31700,22500,35700,10100]",3,-4.0,1,3,0,0,9,True
2025-2025041522gm-00a9-0000-b0bc1a7b-01-s1-d2,214,B,2,161,"[33300,21500,24000,20200]",3,-4.0,1,3,0,1,9,True
2025-2025041522gm-00a9-0000-b0bc1a7b-01-s1-d2,215,A,1,0,"[27100,25300,38600,9000]",3,-4.0,1,3,0,0,11,True
2025-2025041522gm-00a9-0000-b0bc1a7b-01-s1-d2,215,B,2,161,"[49200,14700,27600,8500]",3,-4.0,1,3,0,0,9,True
2025-2025041522gm-00a9-0000-b0bc1a7b-01-s1-d2,216,A,1,0,"[40500,13500,9200,36800]",3,-4.0,1,3,0,0,12,True
2025-2025041522gm-00a9-0000-b0bc1a7b-01-s1-d2,216,B,2,161,"[23400,40400,15000,21200]",1,10.0,1,3,0,0,13,True
2025-2025041522gm-00a9-0000-b0bc1a7b-01-s1-d2,217,A,1,0,"[45800,14900,3100,36200]",3,-4.0,1,3,0,0,11,True
2025-2025041522gm-00a9-0000-b0bc1a7b-01-s1-d2,217,B,2,161,"[22900,9400,34400,33300]",4,-10.0,1,3,0,0,9,True
2025-2025041522gm-00a9-0000-b0bc1a7b-01-s1-d2,218,A,1,0,"[23800,12300,15100,48800]",4,-10.0,1,3,0,0,11,True
2025-2025041522gm-00a9-0000-b0bc1a7b-01-s1-d2,218,B,2,161,"[37800,29100,18900,14200]",2,4.0,1,3,0,0,9,True
2025-2025041522gm-00a9-0000-b0bc1a7b-01-s1-d2,219,A,1,0,"[28500,16900,33900,20700]",4,-10.0,1,3,0,0,10,True
2025-2025041522gm-00a9-0000-b0bc1a7b-01-s1-d2,219,B,2,161,"[23100,33000,19800,24100]",1,10.0,1,3,0,0,9,True
2025-2025041522gm-00a9-0000-b0bc1a7b-01-s1-d2,220,A,1,0,"[14100,28300,55000,2600]",2,4.0,1,3,1,0,10,True
2025-2025041522gm-00a9-0000-b0bc1a7b-01-s1-d2,220,B,2,161,"[12200,43300,9700,34800]",1,10.0,1,3,0,0,9,True
2025-2025041522gm-00a9-0000-b0bc1a7b-01-s1-d2,221,A,1,0,"[49100,24600,-1500,27800]",3,-4.0,0,1,0,0,3,True
2025-2025041522gm-00a9-0000-b0bc1a7b-01-s1-d2,221,B,2,161,"[18100,26600,44200,11100]",2,4.0,1,3,1,0,10,True
2025-2025041522gm-00a9-0000-b0bc1a7b-01-s1-d2,222,A,1,0,"[42300,26800,2000,28900]",3,-4.0,1,3,1,0,14,True
2025-2025041522gm-00a9-0000-b0bc1a7b-01-s1-d2,222,B,2,161,"[38700,40300,9900,11100]",1,10.0,1,3,1,0,11,True
2025-2025041522gm-00a9-0000-b0bc1a7b-01-s1-d2,223,A,1,0,"[15200,5100,17100,62600]",4,-10.0,1,3,0,0,10,True
2025-2025041522gm-00a9-0000-b0bc1a7b-01-s1-d2,223,B,2,161,"[49600,10700,34400,5300]",3,-4.0,1,3,0,0,11,True
2025-2025041522gm-00a9-0000-b0bc1a7b-01-s1-d2,224,A,1,0,"[31800,14200,61400,-7400]",3,-4.0,0,3,0,0,6,True
2025-2025041522gm-00a9-0000-b0bc1a7b-01-s1-d2,224,B,2,161,"[27800,19200,36700,16300]",3,-4.0,1,3,0,0,10,True
2025-2025041522gm-00a9-0000-b0bc1a7b-01-s1-d2,225,A,1,0,"[18200,9100,51400,20300]",4,-10.0,1,3,0,1,13,True
2025-2025041522gm-00a9-0000-b0bc1a7b-01-s1-d2,225,B,2,161,"[37100,29300,17000,16600]",2,4.0,1,3,1,0,8,True
2025-2025041522gm-00a9-0000-b0bc1a7b-01-s1-d2,226,A,1,0,"[31100,21700,9000,36200]",3,-4.0,1,3,0,2,9,True
2025-2025041522gm-00a9-0000-b0bc1a7b-01-s1-d2,226,B,2,161,"[46700,14500,27900,10900]",3,-4.0,1,3,0,0,10,True
2025-2025041522gm-00a9-0000-b0bc1a7b-01-s1-d2,227,A,1,0,"[24400,45300,5900,24400]",1,10.0,1,3,1,0,10,True
2025-2025041522gm-00a9-0000-b0bc1a7b-01-s1-d2,227,B,2,161,"[54600,12500,30300,2600]",3,-4.0,1,3,0,0,13,True
2025-2025041522gm-00a9-0000-b0bc1a7b-01-s1-d2,228,A,1,0,"[69200,-9800,19500,21100]",4,-10.0,1,0,1,0,7,True
2025-2025041522gm-00a9-0000-b0bc1a7b-01-s1-d2,228,B,2,161,"[63100,-1800,11700,27000]",4,-10.0,1,0,1,0,7,True
2025-2025041522gm-00a9-0000-b0bc1a7b-01-s1-d2,229,A,1,0,"[2900,11000,30700,55400]",3,-4.0,1,3,0,0,12,True
2025-2025041522gm-00a9-0000-b0bc1a7b-01-s1-d2,229,B,2,161,"[40000,16800,3000,40200]",3,-4.0,1,3,0,0,9,True
2025-2025041522gm-00a9-0000-b0bc1a7b-01-s1-d2,230,A,1,0,"[51200,12900,14700,21200]",4,-10.0,1,3,0,0,10,True
2025-2025041522gm-00a9-0000-b0bc1a7b-01-s1-d2,230,B,2,161,"[30100,9800,15000,45100]",4,-10.0,1,3,0,0,8,True
2025-2025041522gm-00a9-0000-b0bc1a7b-01-s1-d2,231,A,1,0,"[38400,18300,31000,12300]",3,-4.0,1,3,0,0,11,True
2025-2025041522gm-00a9-0000-b0bc1a7b-01-s1-d2,231,B,2,161,"[15300,10900,29900,43900]",4,-10.0,1,3,0,0,9,True
2025-2025041522gm-00a9-0000-b0bc1a7b-01-s1-d2,232,A,1,0,"[18000,14100,42400,25500]",4,-10.0,1,3,1,0,11,True
2025-2025041522gm-00a9-0000-b0bc1a7b-01-s1-d2,232,B,2,161,"[27000,33100,19700,20200]",1,10.0,1,3,0,0,9,True
2025-2025041522gm-00a9-0000-b0bc1a7b-01-s1-d2,233,A,1,0,"[45100,20200,9600,25100]",3,-4.0,1,3,0,0,10,True
2025-2025041522gm-00a9-0000-b0bc1a7b-01-s1-d2,233,B,2,161,"[35900,23600,15300,25200]",3,-4.0,1,3,1,0,10,True
2025-2025041522gm-00a9-0000-b0bc1a7b-01-s1-d2,234,A,1,0,"[44000,10300,28400,17300]",4,-10.0,1,3,0,0,8,True
2025-2025041522gm-00a9-0000-b0bc1a7b-01-s1-d2,234,B,2,161,"[28000,25300,19600,27100]",3,-4.0,2,3,0,0,14,True
2025-2025041522gm-00a9-0000-b0bc1a7b-01-s1-d2,235,A,1,0,"[43500,21600,21900,13000]",3,-4.0,1,3,0,0,17,True
2025-2025041522gm-00a9-0000-b0bc1a7b-01-s1-d2,235,B,2,161,"[45700,3900,4600,45800]",4,-10.0,1,3,0,0,11,True
2025-2025041522gm-00a9-0000-b0bc1a7b-01-s1-d2,236,A,1,0,"[34100,24800,24200,16900]",2,4.0,1,3,0,0,10,True
2025-2025041522gm-00a9-0000-b0bc1a7b-01-s1-d2,236,B,2,161,"[16200,24100,26000,33700]",3,-4.0,1,3,0,0,10,True
2025-2025041522gm-00a9-0000-b0bc1a7b-01-s1-d2,237,A,1,0,"[34300,22100,23700,19900]",3,-4.0,2,0,0,0,12,True
2025-2025041522gm-00a9-0000-b0bc1a7b-01-s1-d2,237,B,2,161,"[37700,23000,28100,11200]",3,-4.0,1,3,0,0,8,True
2025-2025041522gm-00a9-0000-b0bc1a7b-01-s1-d2,238,A,1,0,"[62300,21000,21000,-4300]",2,4.0,0,0,1,0,1,True
2025-2025041522gm-00a9-0000-b0bc1a7b-01-s1-d2,238,B,2,161,"[43200,5700,9700,41400]",4,-10.0,1,3,1,0,13,True
2025-2025041522gm-00a9-0000-b0bc1a7b-01-s1-d2,239,A,1,0,"[35700,36900,22500,4900]",1,10.0,1,3,0,0,10,True
2025-2025041522gm-00a9-0000-b0bc1a7b-01-s1-d2,239,B,2,161,"[30300,10200,39600,19900]",4,-10.0,1,3,0,0,9,True
2025-2025041522gm-00a9-0000-b0bc1a7b-01-s1-d2,240,A,1,0,"[50600,24700,4200,20500]",2,4.0,1,3,0,0,10,True
2025-2025041522gm-00a9-0000-b0bc1a7b-01-s1-d2,240,B,2,161,"[44100,29300,10300,16300]",2,4.0,1,3,0,0,10,True
2025-2025041522gm-00a9-0000-b0bc1a7b-01-s1-d2,241,A,1,0,"[60800,2400,12400,24400]",4,-10.0,1,3,0,0,11,True
2025-2025041522gm-00a9-0000-b0bc1a7b-01-s1-d2,241,B,2,161,"[56300,-900,45600,-1000]",3,-4.0,1,0,1,0,7,True
2025-2025041522gm-00a9-0000-b0bc1a7b-01-s1-d2,242,A,1,0,"[30800,2300,68800,-1900]",3,-4.0,1,2,0,0,10,True
2025-2025041522gm-00a9-0000-b0bc1a7b-01-s1-d2,242,B,2,161,"[28900,34100,12500,24500]",1,10.0,1,3,0,0,9,True
2025-2025041522gm-00a9-0000-b0bc1a7b-01-s1-d2,243,A,1,0,"[13500,15200,20700,50600]",3,-4.0,1,3,0,0,9,True
2025-2025041522gm-00a9-0000-b0bc1a7b-01-s1-d2,243,B,2,161,"[16500,20200,23700,39600]",3,-4.0,1,3,0,0,9,True
2025-2025041522gm-00a9-0000-b0bc1a7b-01-s1-d2,244,A,1,0,"[45100,26100,11500,17300]",2,4.0,1,3,0,0,9,True
2025-2025041522gm-00a9-0000-b0bc1a7b-01-s1-d2,244,B,2,161,"[25900,14800,21400,37900]",4,-10.0,1,3,1,0,9,True
2025-2025041522gm-00a9-0000-b0bc1a7b-01-s1-d2,245,A,1,0,"[46000,-1700,11900,43800]",4,-10.0,1,0,0,0,10,True
2025-2025041522gm-00a9-0000-b0bc1a7b-01-s1-d2,245,B,2,161,"[16500,20500,9500,53500]",2,4.0,1,3,0,0,16,True
2025-2025041522gm-00a9-0000-b0bc1a7b-01-s1-d2,246,A,1,0,"[30600,21000,49100,-700]",3,-4.0,0,2,1,0,4,True
2025-2025041522gm-00a9-0000-b0bc1a7b-01-s1-d2,246,B,2,161,"[61000,38100,-3200,4100]",2,4.0,1,1,0,0,9,True
2025-2025041522gm-00a9-0000-b0bc1a7b-01-s1-d2,247,A,1,0,"[43000,1000,42600,13400]",4,-10.0,1,3,3,0,10,True
2025-2025041522gm-00a9-0000-b0bc1a7b-01-s1-d2,247,B,2,161,"[60000,18200,9500,12300]",2,4.0,1,3,0,0,11,True
2025-2025041522gm-00a9-0000-b0bc1a7b-01-s1-d2,248,A,1,0,"[45600,18200,21500,14700]",3,-4.0,1,3,3,0,9,True
2025-2025041522gm-00a9-0000-b0bc1a7b-01-s1-d2,248,B,2,161,"[44000,-4400,28200,32200]",4,-10.0,1,0,0,0,6,True
2025-2025041522gm-00a9-0000-b0bc1a7b-01-s1-d2,249,A,1,0,"[27200,-9400,61000,21200]",4,-10.0,0,2,2,0,7,True
2025-2025041522gm-00a9-0000-b0bc1a7b-01-s1-d2,249,B,2,161,"[41300,9900,27200,21600]",4,-10.0,1,3,0,0,9,True
2025-2025041522gm-00a9-0000-b0bc1a7b-01-s1-d2,250,A,1,0,"[49500,50800,-1000,700]",1,10.0,0,1,0,0,4,True
2025-2025041522gm-00a9-0000-b0bc1a7b-01-s1-d2,250,B,2,161,"[48400,18800,1800,31000]",3,-4.0,1,3,1,0,13,True
2025-2025041522gm-00a9-0000-b0bc1a7b-01-s1-d2,251,A,1,0,"[35600,11200,32900,20300]",4,-10.0,1,3,0,0,10,True
2025-2025041522gm-00a9-0000-b0bc1a7b-01-s1-d2,251,B,2,161,"[31700,35400,29700,3200]",1,10.0,1,3,0,0,14,True
2025-2025041522gm-00a9-0000-b0bc1a7b-01-s1-d2,252,A,1,0,"[16100,30700,20500,32700]",2,4.0,1,3,0,0,11,True
2025-2025041522gm-00a9-0000-b0bc1a7b-01-s1-d2,252,B,2,161,"[40600,22800,21200,15400]",2,4.0,1,3,0,0,11,True
2025-2025041522gm-00a9-0000-b0bc1a7b-01-s1-d2,253,A,1,0,"[27600,20800,11400,40200]",3,-4.0,1,3,1,0,10,True
2025-2025041522gm-00a9-0000-b0bc1a7b-01-s1-d2,253,B,2,161,"[49900,-2200,30800,21500]",4,-10.0,1,3,0,0,10,True
2025-2025041522gm-00a9-0000-b0bc1a7b-01-s1-d2,254,A,1,0,"[41100,27700,10500,20700]",2,4.0,1,3,0,0,8,True
2025-2025041522gm-00a9-0000-b0bc1a7b-01-s1-d2,254,B,2,161,"[56100,18500,19800,5600]",3,-4.0,1,3,1,0,10,True
2025-2025041522gm-00a9-0000-b0bc1a7b-01-s1-d2,255,A,1,0,"[23200,-1100,35000,42900]",4,-10.0,1,2,1,0,8,True
2025-2025041522gm-00a9-0000-b0bc1a7b-01-s1-d2,255,B,2,161,"[31700,40200,8300,19800]",1,10.0,1,3,0,0,10,True
2025-2025122807gm-00a9-0000-c1328d8f-03-s2-d1,0,A,1,64,"[52800,-300,25300,22200]",2,4.0,1,2,0,0,6,True
2025-2025122807gm-00a9-0000-c1328d8f-03-s2-d1,0,B,4,47,"[40700,34300,17700,7300]",3,-4.0,1,3,0,0,11,True
2025-2025122807gm-00a9-0000-c1328d8f-03-s2-d1,1,A,1,64,"[51000,-8800,18600,39200]",3,-4.0,0,3,2,0,5,True
2025-2025122807gm-00a9-0000-c1328d8f-03-s2-d1,1,B,4,47,"[19600,62700,13500,4200]",3,-4.0,1,3,0,0,11,True
2025-2025122807gm-00a9-0000-c1328d8f-03-s2-d1,2,A,1,64,"[29400,24500,4800,41300]",4,-10.0,1,3,0,0,11,True
2025-2025122807gm-00a9-0000-c1328d8f-03-s2-d1,2,B,4,47,"[40800,-500,22800,36900]",3,-4.0,1,2,0,0,8,True
2025-2025122807gm-00a9-0000-c1328d8f-03-s2-d1,3,A,1,64,"[40600,21500,-400,38300]",4,-10.0,1,3,0,0,8,True
2025-2025122807gm-00a9-0000-c1328d8f-03-s2-d1,3,B,4,47,"[30100,20900,14000,35000]",4,-10.0,1,3,0,0,8,True
2025-2025122807gm-00a9-0000-c1328d8f-03-s2-d1,4,A,1,64,"[33600,3200,21600,41600]",3,-4.0,1,3,0,0,9,True
2025-2025122807gm-00a9-0000-c1328d8f-03-s2-d1,4,B,4,47,"[40100,-500,28500,31900]",3,-4.0,1,3,0,0,11,True
2025-2025122807gm-00a9-0000-c1328d8f-03-s2-d1,5,A,1,64,"[47600,22700,-2700,32400]",4,-10.0,1,0,0,0,5,True
2025-2025122807gm-00a9-0000-c1328d8f-03-s2-d1,5,B,4,47,"[38000,16600,38300,7100]",1,10.0,1,3,0,0,7,True
2025-2025122807gm-00a9-0000-c1328d8f-03-s2-d1,6,A,1,64,"[34900,18900,6900,39300]",4,-10.0,1,3,0,0,9,True
2025-2025122807gm-00a9-0000-c1328d8f-03-s2-d1,6,B,4,47,"[21100,4700,41800,32400]",1,10.0,1,3,1,0,13,True
2025-2025122807gm-00a9-0000-c1328d8f-03-s2-d1,7,A,1,64,"[28400,27700,34100,9800]",1,10.0,1,3,0,0,9,True
2025-2025122807gm-00a9-0000-c1328d8f-03-s2-d1,7,B,4,47,"[36800,6200,20000,37000]",3,-4.0,1,3,0,0,9,True
2025-2025122807gm-00a9-0000-c1328d8f-03-s2-d1,8,A,1,64,"[54400,27000,-2800,21400]",4,-10.0,1,3,0,0,7,True
2025-2025122807gm-00a9-0000-c1328d8f-03-s2-d1,8,B,4,47,"[41600,11000,11000,36400]",4,-10.0,1,3,1,0,7,True
2025-2025122807gm-00a9-0000-c1328d8f-03-s2-d1,9,A,1,64,"[53700,21700,26000,-1400]",2,4.0,1,2,1,0,7,True
2025-2025122807gm-00a9-0000-c1328d8f-03-s2-d1,9,B,4,47,"[39200,15500,30100,15200]",2,4.0,1,3,1,0,10,True
2025-2025122807gm-00a9-0000-c1328d8f-03-s2-d1,10,A,1,64,"[39900,36100,-1800,25800]",4,-10.0,1,2,0,0,6,True
2025-2025122807gm-00a9-0000-c1328d8f-03-s2-d1,10,B,4,47,"[47900,31200,3100,17800]",4,-10.0,1,3,0,0,7,True
2025-2025122807gm-00a9-0000-c1328d8f-03-s2-d1,11,A,1,64,"[32100,59000,10500,-1600]",3,-4.0,1,1,1,0,9,True
2025-2025122807gm-00a9-0000-c1328d8f-03-s2-d1,11,B,4,47,"[36700,12800,25300,25200]",2,4.0,1,3,1,0,9,True
2025-2025122807gm-00a9-0000-c1328d8f-03-s2-d1,12,A,1,64,"[60500,4700,19300,15500]",2,4.0,1,3,1,0,9,True
2025-2025122807gm-00a9-0000-c1328d8f-03-s2-d1,12,B,4,47,"[60500,4700,19300,15500]",2,4.0,1,3,1,0,9,True
2025-2025122807gm-00a9-0000-c1328d8f-03-s2-d1,13,A,1,64,"[39200,16400,21200,23200]",3,-4.0,1,3,0,0,8,True
2025-2025122807gm-00a9-0000-c1328d8f-03-s2-d1,13,B,4,47,"[39200,16400,21200,23200]",3,-4.0,1,3,0,0,8,True
2025-2025122807gm-00a9-0000-c1328d8f-03-s2-d1,14,A,1,64,"[26000,18000,45000,11000]",1,10.0,1,3,2,0,9,True
2025-2025122807gm-00a9-0000-c1328d8f-03-s2-d1,14,B,4,47,"[37500,13700,17300,31500]",3,-4.0,1,3,1,0,8,True
2025-2025122807gm-00a9-0000-c1328d8f-03-s2-d1,15,A,1,64,"[41500,27300,12400,18800]",4,-10.0,1,3,0,0,9,True
2025-2025122807gm-00a9-0000-c1328d8f-03-s2-d1,15,B,4,47,"[39300,20300,6600,33800]",4,-10.0,1,3,0,0,7,True
2025-2025122807gm-00a9-0000-c1328d8f-03-s2-d1,16,A,1,64,"[46300,13000,33000,7700]",2,4.0,1,3,0,0,8,True
2025-2025122807gm-00a9-0000-c1328d8f-03-s2-d1,16,B,4,47,"[46300,13000,33000,7700]",2,4.0,1,3,0,0,8,True
2025-2025122807gm-00a9-0000-c1328d8f-03-s2-d1,17,A,1,64,"[29700,35600,34900,-200]",2,4.0,1,2,2,0,9,True
2025-2025122807gm-00a9-0000-c1328d8f-03-s2-d1,17,B,4,47,"[68000,8300,16600,7100]",2,4.0,1,3,0,0,11,True
2025-2025122807gm-00a9-0000-c1328d8f-03-s2-d1,18,A,1,64,"[61800,4000,23000,11200]",2,4.0,1,3,1,0,10,True
2025-2025122807gm-00a9-0000-c1328d8f-03-s2-d1,18,B,4,47,"[16900,38600,37600,6900]",2,4.0,1,3,0,0,11,True
2025-2025122807gm-00a9-0000-c1328d8f-03-s2-d1,19,A,1,64,"[38200,22400,28600,10800]",2,4.0,1,3,0,0,10,True
2025-2025122807gm-00a9-0000-c1328d8f-03-s2-d1,19,B,4,47,"[30400,24200,15700,29700]",4,-10.0,1,3,0,0,8,True
2025-2025122807gm-00a9-0000-c1328d8f-03-s2-d1,20,A,1,64,"[55200,12400,38200,-5800]",2,4.0,1,2,0,0,8,True
2025-2025122807gm-00a9-0000-c1328d8f-03-s2-d1,20,B,4,47,"[41700,-300,12400,46200]",3,-4.0,1,3,0,0,8,True
2025-2025122807gm-00a9-0000-c1328d8f-03-s2-d1,21,A,1,64,"[32800,25000,29800,12400]",2,4.0,1,3,2,0,10,True
2025-2025122807gm-00a9-0000-c1328d8f-03-s2-d1,21,B,4,47,"[43600,22800,17500,16100]",3,-4.0,1,3,0,0,11,True
2025-2025122807gm-00a9-0000-c1328d8f-03-s2-d1,22,A,1,64,"[52300,-100,18500,29300]",3,-4.0,1,0,0,0,4,True
2025-2025122807gm-00a9-0000-c1328d8f-03-s2-d1,22,B,4,47,"[25500,47600,21400,5500]",3,-4.0,1,3,0,0,8,True
2025-2025122807gm-00a9-0000-c1328d8f-03-s2-d1,23,A,1,64,"[34000,16300,14700,35000]",4,-10.0,1,3,0,0,8,True
2025-2025122807gm-00a9-0000-c1328d8f-03-s2-d1,23,B,4,47,"[31100,32600,25400,10900]",3,-4.0,1,3,0,0,9,True
2025-2025122807gm-00a9-0000-c1328d8f-03-s2-d1,24,A,1,64,"[26100,46200,33700,-6000]",2,4.0,1,2,1,0,7,True
2025-2025122807gm-00a9-0000-c1328d8f-03-s2-d1,24,B,4,47,"[55100,31200,-700,14400]",4,-10.0,1,0,0,0,6,True
2025-2025122807gm-00a9-0000-c1328d8f-03-s2-d1,25,A,1,64,"[46100,14000,15300,24600]",3,-4.0,1,3,0,0,9,True
2025-2025122807gm-00a9-0000-c1328d8f-03-s2-d1,25,B,4,47,"[49500,-7600,38900,19200]",2,4.0,1,1,0,0,6,True
2025-2025122807gm-00a9-0000-c1328d8f-03-s2-d1,26,A,1,64,"[50100,19500,20600,9800]",2,4.0,1,3,0,0,9,True
2025-2025122807gm-00a9-0000-c1328d8f-03-s2-d1,26,B,4,47,"[52400,14900,22100,10600]",2,4.0,1,3,0,0,9,True
2025-2025122807gm-00a9-0000-c1328d8f-03-s2-d1,27,A,1,64,"[11300,38100,23700,26900]",3,-4.0,1,3,1,0,11,True
2025-2025122807gm-00a9-0000-c1328d8f-03-s2-d1,27,B,4,47,"[11200,23900,32000,32900]",2,4.0,1,3,0,0,15,True
2025-2025122807gm-00a9-0000-c1328d8f-03-s2-d1,28,A,1,64,"[48300,14600,20800,16300]",2,4.0,1,3,0,0,7,True
2025-2025122807gm-00a9-0000-c1328d8f-03-s2-d1,28,B,4,47,"[39900,26200,14400,19500]",4,-10.0,1,3,0,0,8,True
2025-2025122807gm-00a9-0000-c1328d8f-03-s2-d1,29,A,1,64,"[56200,3200,28300,12300]",2,4.0,1,3,0,0,8,True
2025-2025122807gm-00a9-0000-c1328d8f-03-s2-d1,29,B,4,47,"[49700,18900,21900,9500]",2,4.0,1,3,0,0,8,True
2025-2025122807gm-00a9-0000-c1328d8f-03-s2-d1,30,A,1,64,"[52400,29200,600,17800]",4,-10.0,1,3,0,0,8,True
2025-2025122807gm-00a9-0000-c1328d8f-03-s2-d1,30,B,4,47,"[63300,24200,13500,-1000]",3,-4.0,0,3,0,0,3,True
2025-2025122807gm-00a9-0000-c1328d8f-03-s2-d1,31,A,1,64,"[49000,7000,21300,22700]",3,-4.0,1,3,3,0,10,True
2025-2025122807gm-00a9-0000-c1328d8f-03-s2-d1,31,B,4,47,"[49000,7000,21300,22700]",3,-4.0,1,3,3,0,10,True
2025-2025122807gm-00a9-0000-c1328d8f-03-s2-d1,32,A,1,64,"[33000,23900,40700,2400]",1,10.0,1,3,0,0,10,True
2025-2025122807gm-00a9-0000-c1328d8f-03-s2-d1,32,B,4,47,"[48000,-2600,28100,26500]",2,4.0,0,3,0,0,4,True
2025-2025122807gm-00a9-0000-c1328d8f-03-s2-d1,33,A,1,64,"[26000,32300,10600,31100]",4,-10.0,1,3,0,0,8,True
2025-2025122807gm-00a9-0000-c1328d8f-03-s2-d1,33,B,4,47,"[55700,400,24100,19800]",2,4.0,1,3,0,0,11,True
2025-2025122807gm-00a9-0000-c1328d8f-03-s2-d1,34,A,1,64,"[35300,36200,6600,21900]",4,-10.0,1,3,0,0,11,True
2025-2025122807gm-00a9-0000-c1328d8f-03-s2-d1,34,B,4,47,"[35700,44300,-100,20100]",4,-10.0,1,1,1,0,7,True
2025-2025122807gm-00a9-0000-c1328d8f-03-s2-d1,35,A,1,64,"[42600,29000,30500,-2100]",2,4.0,1,1,1,0,10,True
2025-2025122807gm-00a9-0000-c1328d8f-03-s2-d1,35,B,4,47,"[24200,-1200,46700,30300]",1,10.0,1,3,0,0,9,True
2025-2025122807gm-00a9-0000-c1328d8f-03-s2-d1,36,A,1,64,"[41600,15900,6100,36400]",4,-10.0,1,3,0,0,9,True
2025-2025122807gm-00a9-0000-c1328d8f-03-s2-d1,36,B,4,47,"[22900,12100,21200,43800]",3,-4.0,1,3,0,0,9,True
2025-2025122807gm-00a9-0000-c1328d8f-03-s2-d1,37,A,1,64,"[36200,29300,36100,-1600]",2,4.0,1,2,2,0,8,True
2025-2025122807gm-00a9-0000-c1328d8f-03-s2-d1,37,B,4,47,"[36200,29300,36100,-1600]",2,4.0,1,2,2,0,8,True
2025-2025122807gm-00a9-0000-c1328d8f-03-s2-d1,38,A,1,64,"[43200,40000,21700,-4900]",3,-4.0,1,2,4,0,8,True
2025-2025122807gm-00a9-0000-c1328d8f-03-s2-d1,38,B,4,47,"[47900,13600,18700,19800]",3,-4.0,1,3,1,0,7,True
2025-2025122807gm-00a9-0000-c1328d8f-03-s2-d1,39,A,1,64,"[43000,34500,24100,-1600]",3,-4.0,1,3,0,0,7,True
2025-2025122807gm-00a9-0000-c1328d8f-03-s2-d1,39,B,4,47,"[38500,22200,31200,8100]",2,4.0,1,3,0,0,7,True
2025-2025122807gm-00a9-0000-c1328d8f-03-s2-d1,40,A,1,64,"[38400,19100,28100,14400]",2,4.0,1,3,1,0,7,True
2025-2025122807gm-00a9-0000-c1328d8f-03-s2-d1,40,B,4,47,"[38400,19100,28100,14400]",2,4.0,1,3,1,0,7,True
2025-2025122807gm-00a9-0000-c1328d8f-03-s2-d1,41,A,1,64,"[54100,12500,10400,23000]",4,-10.0,1,3,1,0,8,True
2025-2025122807gm-00a9-0000-c1328d8f-03-s2-d1,41,B,4,47,"[54100,12500,10400,23000]",4,-10.0,1,3,1,0,8,True
2025-2025122807gm-00a9-0000-c1328d8f-03-s2-d1,42,A,1,64,"[37000,2200,41200,19600]",1,10.0,1,3,0,0,8,True
2025-2025122807gm-00a9-0000-c1328d8f-03-s2-d1,42,B,4,47,"[32800,22700,35900,8600]",1,10.0,1,3,0,0,8,True
2025-2025122807gm-00a9-0000-c1328d8f-03-s2-d1,43,A,1,64,"[43800,25800,3000,27400]",4,-10.0,1,3,2,0,10,True
2025-2025122807gm-00a9-0000-c1328d8f-03-s2-d1,43,B,4,47,"[43800,25800,3000,27400]",4,-10.0,1,3,2,0,10,True
2025-2025122807gm-00a9-0000-c1328d8f-03-s2-d1,44,A,1,64,"[63800,12400,25300,-1500]",2,4.0,1,2,1,0,9,True
2025-2025122807gm-00a9-0000-c1328d8f-03-s2-d1,44,B,4,47,"[40200,22600,16700,20500]",4,-10.0,2,0,2,0,13,True
2025-2025122807gm-00a9-0000-c1328d8f-03-s2-d1,45,A,1,64,"[36600,36100,17200,10100]",3,-4.0,1,3,0,0,9,True
2025-2025122807gm-00a9-0000-c1328d8f-03-s2-d1,45,B,4,47,"[54600,8300,42800,-5700]",2,4.0,0,2,1,0,4,True
2025-2025122807gm-00a9-0000-c1328d8f-03-s2-d1,46,A,1,64,"[37400,27800,8300,26500]",4,-10.0,1,3,0,0,10,True
2025-2025122807gm-00a9-0000-c1328d8f-03-s2-d1,46,B,4,47,"[42800,6400,33500,17300]",2,4.0,1,3,0,0,9,True
2025-2025122807gm-00a9-0000-c1328d8f-03-s2-d1,47,A,1,64,"[22600,36500,11100,29800]",4,-10.0,1,3,0,0,9,True
2025-2025122807gm-00a9-0000-c1328d8f-03-s2-d1,47,B,4,47,"[22600,36500,11100,29800]",4,-10.0,1,3,0,0,9,True
2025-2025122807gm-00a9-0000-c1328d8f-03-s2-d1,48,A,1,64,"[37300,32300,-8500,38900]",4,-10.0,1,1,0,0,8,True
2025-2025122807gm-00a9-0000-c1328d8f-03-s2-d1,48,B,4,47,"[52900,3700,19300,24100]",3,-4.0,1,3,2,0,12,True
2025-2025122807gm-00a9-0000-c1328d8f-03-s2-d1,49,A,1,64,"[51600,13100,7900,27400]",4,-10.0,1,3,5,0,11,True
2025-2025122807gm-00a9-0000-c1328d8f-03-s2-d1,49,B,4,47,"[49700,9400,18600,22300]",3,-4.0,1,3,0,0,7,True
2025-2025122807gm-00a9-0000-c1328d8f-03-s2-d1,50,A,1,64,"[66000,21000,16300,-3300]",3,-4.0,1,0,0,0,6,True
2025-2025122807gm-00a9-0000-c1328d8f-03-s2-d1,50,B,4,47,"[66000,21000,16300,-3300]",3,-4.0,1,0,0,0,6,True
2025-2025122807gm-00a9-0000-c1328d8f-03-s2-d1,51,A,1,64,"[47400,16400,14300,21900]",4,-10.0,1,3,0,0,11,True
2025-2025122807gm-00a9-0000-c1328d8f-03-s2-d1,51,B,4,47,"[52000,25300,17600,5100]",3,-4.0,1,3,3,0,10,True
2025-2025122807gm-00a9-0000-c1328d8f-03-s2-d1,52,A,1,64,"[43600,30500,6200,19700]",4,-10.0,1,3,0,0,8,True
2025-2025122807gm-00a9-0000-c1328d8f-03-s2-d1,52,B,4,47,"[23800,10400,40600,25200]",1,10.0,1,3,1,0,10,True
2025-2025122807gm-00a9-0000-c1328d8f-03-s2-d1,53,A,1,64,"[27400,21800,17400,33400]",4,-10.0,1,3,0,0,9,True
2025-2025122807gm-00a9-0000-c1328d8f-03-s2-d1,53,B,4,47,"[46300,13700,30600,9400]",2,4.0,1,3,1,0,9,True
2025-2025122807gm-00a9-0000-c1328d8f-03-s2-d1,54,A,1,64,"[37800,-500,22200,40500]",3,-4.0,1,3,0,0,9,True
2025-2025122807gm-00a9-0000-c1328d8f-03-s2-d1,54,B,4,47,"[37800,-500,22200,40500]",3,-4.0,1,3,0,0,9,True
2025-2025122807gm-00a9-0000-c1328d8f-03-s2-d1,55,A,1,64,"[44200,-400,21500,34700]",3,-4.0,1,0,0,0,4,True
2025-2025122807gm-00a9-0000-c1328d8f-03-s2-d1,55,B,4,47,"[44200,-400,21500,34700]",3,-4.0,1,0,0,0,4,True
2025-2025122807gm-00a9-0000-c1328d8f-03-s2-d1,56,A,1,64,"[61100,12100,21400,5400]",2,4.0,1,3,0,0,8,True
2025-2025122807gm-00a9-0000-c1328d8f-03-s2-d1,56,B,4,47,"[38800,29700,-3100,34600]",4,-10.0,1,1,2,0,7,True
2025-2025122807gm-00a9-0000-c1328d8f-03-s2-d1,57,A,1,64,"[30500,23900,33800,11800]",1,10.0,1,3,1,0,9,True
2025-2025122807gm-00a9-0000-c1328d8f-03-s2-d1,57,B,4,47,"[47800,19400,42400,-9600]",2,4.0,1,2,1,0,7,True
2025-2025122807gm-00a9-0000-c1328d8f-03-s2-d1,58,A,1,64,"[47400,17800,16900,17900]",4,-10.0,1,3,0,0,10,True
2025-2025122807gm-00a9-0000-c1328d8f-03-s2-d1,58,B,4,47,"[34800,30400,12100,22700]",4,-10.0,1,3,0,0,8,True
2025-2025122807gm-00a9-0000-c1328d8f-03-s2-d1,59,A,1,64,"[24800,11100,50800,13300]",1,10.0,1,3,0,0,10,True
2025-2025122807gm-00a9-0000-c1328d8f-03-s2-d1,59,B,4,47,"[24800,11100,50800,13300]",1,10.0,1,3,0,0,10,True
2025-2025122807gm-00a9-0000-c1328d8f-03-s2-d1,60,A,1,64,"[43900,17700,27700,10700]",2,4.0,1,3,0,0,8,True
2025-2025122807gm-00a9-0000-c1328d8f-03-s2-d1,60,B,4,47,"[35100,-1900,27600,39200]",3,-4.0,1,3,1,0,10,True
2025-2025122807gm-00a9-0000-c1328d8f-03-s2-d1,61,A,1,64,"[38300,20600,-5000,46100]",4,-10.0,1,3,0,0,9,True
2025-2025122807gm-00a9-0000-c1328d8f-03-s2-d1,61,B,4,47,"[32100,31400,6800,29700]",4,-10.0,1,3,0,0,10,True
2025-2025122807gm-00a9-0000-c1328d8f-03-s2-d1,62,A,1,64,"[36100,37500,1800,24600]",4,-10.0,1,3,0,0,9,True
2025-2025122807gm-00a9-0000-c1328d8f-03-s2-d1,62,B,4,47,"[44300,39700,8100,7900]",3,-4.0,1,3,0,0,9,True
2025-2025122807gm-00a9-0000-c1328d8f-03-s2-d1,63,A,1,64,"[30100,40300,21200,8400]",3,-4.0,1,3,0,0,8,True
2025-2025122807gm-00a9-0000-c1328d8f-03-s2-d1,63,B,4,47,"[28000,39100,11200,21700]",4,-10.0,1,3,1,0,10,True
2025-2025122807gm-00a9-0000-c1328d8f-03-s2-d1,64,A,1,64,"[32200,-2800,31500,39100]",3,-4.0,1,2,2,0,10,True
2025-2025122807gm-00a9-0000-c1328d8f-03-s2-d1,64,B,4,47,"[32200,-2800,31500,39100]",3,-4.0,1,2,2,0,10,True
2025-2025122807gm-00a9-0000-c1328d8f-03-s2-d1,65,A,1,64,"[44900,5000,22600,27500]",3,-4.0,1,3,0,0,9,True
2025-2025122807gm-00a9-0000-c1328d8f-03-s2-d1,65,B,4,47,"[28400,38100,19100,14400]",3,-4.0,1,3,0,0,9,True
2025-2025122807gm-00a9-0000-c1328d8f-03-s2-d1,66,A,1,64,"[48100,-300,23200,29000]",3,-4.0,1,3,0,0,9,True
2025-2025122807gm-00a9-0000-c1328d8f-03-s2-d1,66,B,4,47,"[48100,-300,23200,29000]",3,-4.0,1,3,0,0,9,True
2025-2025122807gm-00a9-0000-c1328d8f-03-s2-d1,67,A,1,64,"[55000,12900,28000,4100]",2,4.0,1,3,0,0,7,True
2025-2025122807gm-00a9-0000-c1328d8f-03-s2-d1,67,B,4,47,"[54800,13400,28900,2900]",2,4.0,1,3,0,0,7,True
2025-2025122807gm-00a9-0000-c1328d8f-03-s2-d1,68,A,1,64,"[30200,24900,25500,15400]",2,4.0,1,3,1,4,12,True
2025-2025122807gm-00a9-0000-c1328d8f-03-s2-d1,68,B,4,47,"[41300,6500,7200,45000]",3,-4.0,1,3,2,0,12,True
2025-2025122807gm-00a9-0000-c1328d8f-03-s2-d1,69,A,1,64,"[46800,30500,-1100,23800]",4,-10.0,1,1,0,0,6,True
2025-2025122807gm-00a9-0000-c1328d8f-03-s2-d1,69,B,4,47,"[46800,30500,-1100,23800]",4,-10.0,1,1,0,0,6,True
2025-2025122807gm-00a9-0000-c1328d8f-03-s2-d1,70,A,1,64,"[26500,18300,12400,42800]",4,-10.0,1,3,0,0,8,True
2025-2025122807gm-00a9-0000-c1328d8f-03-s2-d1,70,B,4,47,"[23500,18700,24400,33400]",2,4.0,1,3,0,0,9,True
2025-2025122807gm-00a9-0000-c1328d8f-03-s2-d1,71,A,1,64,"[41000,13700,4800,40500]",4,-10.0,1,3,0,0,7,True
2025-2025122807gm-00a9-0000-c1328d8f-03-s2-d1,71,B,4,47,"[41000,13700,4800,40500]",4,-10.0,1,3,0,0,7,True
2025-2025122807gm-00a9-0000-c1328d8f-03-s2-d1,72,A,1,64,"[51900,18200,4300,25600]",4,-10.0,1,3,2,0,11,True
2025-2025122807gm-00a9-0000-c1328d8f-03-s2-d1,72,B,4,47,"[38400,26300,21100,14200]",3,-4.0,1,3,0,0,8,True
2025-2025122807gm-00a9-0000-c1328d8f-03-s2-d1,73,A,1,64,"[42200,21600,27400,8800]",2,4.0,1,3,0,0,11,True
2025-2025122807gm-00a9-0000-c1328d8f-03-s2-d1,73,B,4,47,"[44600,7100,39700,8600]",2,4.0,1,3,0,0,9,True
2025-2025122807gm-00a9-0000-c1328d8f-03-s2-d1,74,A,1,64,"[48600,-500,27700,24200]",2,4.0,1,0,0,0,5,True
2025-2025122807gm-00a9-0000-c1328d8f-03-s2-d1,74,B,4,47,"[48600,-500,27700,24200]",2,4.0,1,0,0,0,5,True
2025-2025122807gm-00a9-0000-c1328d8f-03-s2-d1,75,A,1,64,"[45600,10400,21700,22300]",3,-4.0,1,3,0,0,9,True
2025-2025122807gm-00a9-0000-c1328d8f-03-s2-d1,75,B,4,47,"[46600,19800,32000,1600]",2,4.0,1,3,0,0,8,True
2025-2025122807gm-00a9-0000-c1328d8f-03-s2-d1,76,A,1,64,"[57400,3800,25800,13000]",2,4.0,1,3,2,0,9,True
2025-2025122807gm-00a9-0000-c1328d8f-03-s2-d1,76,B,4,47,"[15200,43100,8600,33100]",4,-10.0,1,3,0,0,10,True
2025-2025122807gm-00a9-0000-c1328d8f-03-s2-d1,77,A,1,64,"[41500,16500,21900,20100]",2,4.0,1,3,0,0,9,True
2025-2025122807gm-00a9-0000-c1328d8f-03-s2-d1,77,B,4,47,"[30900,22100,17700,29300]",4,-10.0,2,0,0,0,11,True
2025-2025122807gm-00a9-0000-c1328d8f-03-s2-d1,78,A,1,64,"[51000,16600,-2000,34400]",4,-10.0,1,1,0,0,7,True
2025-2025122807gm-00a9-0000-c1328d8f-03-s2-d1,78,B,4,47,"[51000,16600,-2000,34400]",4,-10.0,1,1,0,0,7,True
2025-2025122807gm-00a9-0000-c1328d8f-03-s2-d1,79,A,1,64,"[37500,6600,40300,15600]",1,10.0,1,3,0,0,8,True
2025-2025122807gm-00a9-0000-c1328d8f-03-s2-d1,79,B,4,47,"[43300,-3000,44700,15000]",1,10.0,1,0,0,0,5,True
2025-2025122807gm-00a9-0000-c1328d8f-03-s2-d1,80,A,1,64,"[49200,20600,24000,6200]",2,4.0,1,3,2,0,10,True
2025-2025122807gm-00a9-0000-c1328d8f-03-s2-d1,80,B,4,47,"[49200,20600,24000,6200]",2,4.0,1,3,2,0,10,True
2025-2025122807gm-00a9-0000-c1328d8f-03-s2-d1,81,A,1,64,"[42800,16500,35100,5600]",2,4.0,1,3,0,0,7,True
2025-2025122807gm-00a9-0000-c1328d8f-03-s2-d1,81,B,4,47,"[43900,6400,34200,15500]",2,4.0,1,3,1,0,8,True
2025-2025122807gm-00a9-0000-c1328d8f-03-s2-d1,82,A,1,64,"[42000,20900,4200,32900]",4,-10.0,1,3,1,0,10,True
2025-2025122807gm-00a9-0000-c1328d8f-03-s2-d1,82,B,4,47,"[42000,20900,4200,32900]",4,-10.0,1,3,1,0,10,True
2025-2025122807gm-00a9-0000-c1328d8f-03-s2-d1,83,A,1,64,"[40100,19500,16400,23000]",4,-10.0,1,3,0,1,8,True
2025-2025122807gm-00a9-0000-c1328d8f-03-s2-d1,83,B,4,47,"[36600,33200,14400,15800]",4,-10.0,1,3,0,0,8,True
2025-2025122807gm-00a9-0000-c1328d8f-03-s2-d1,84,A,1,64,"[45400,-800,30800,24600]",2,4.0,1,3,0,0,12,True
2025-2025122807gm-00a9-0000-c1328d8f-03-s2-d1,84,B,4,47,"[20700,9500,40400,29400]",1,10.0,1,3,0,0,11,True
2025-2025122807gm-00a9-0000-c1328d8f-03-s2-d1,85,A,1,64,"[52200,17200,23000,7600]",2,4.0,1,3,0,0,9,True
2025-2025122807gm-00a9-0000-c1328d8f-03-s2-d1,85,B,4,47,"[59700,19700,19300,1300]",3,-4.0,1,3,0,0,9,True
2025-2025122807gm-00a9-0000-c1328d8f-03-s2-d1,86,A,1,64,"[44900,14700,29300,11100]",2,4.0,1,3,0,0,10,True
2025-2025122807gm-00a9-0000-c1328d8f-03-s2-d1,86,B,4,47,"[44900,14700,29300,11100]",2,4.0,1,3,0,0,10,True
2025-2025122807gm-00a9-0000-c1328d8f-03-s2-d1,87,A,1,64,"[50800,19600,19900,9700]",2,4.0,1,3,1,0,9,True
2025-2025122807gm-00a9-0000-c1328d8f-03-s2-d1,87,B,4,47,"[44100,8000,18700,29200]",3,-4.0,1,3,0,0,7,True
2025-2025122807gm-00a9-0000-c1328d8f-03-s2-d1,88,A,1,64,"[37900,48800,14700,-1400]",3,-4.0,1,3,0,0,9,True
2025-2025122807gm-00a9-0000-c1328d8f-03-s2-d1,88,B,4,47,"[26000,43600,31400,-1000]",2,4.0,1,2,0,0,8,True
2025-2025122807gm-00a9-0000-c1328d8f-03-s2-d1,89,A,1,64,"[40700,56000,-2400,5700]",4,-10.0,1,1,0,0,6,True
2025-2025122807gm-00a9-0000-c1328d8f-03-s2-d1,89,B,4,47,"[25800,20200,16200,37800]",4,-10.0,1,3,0,0,10,True
2025-2025122807gm-00a9-0000-c1328d8f-03-s2-d1,90,A,1,64,"[44900,13000,7000,35100]",4,-10.0,1,3,1,0,11,True
2025-2025122807gm-00a9-0000-c1328d8f-03-s2-d1,90,B,4,47,"[50600,19600,18200,11600]",3,-4.0,1,3,1,0,8,True
2025-2025122807gm-00a9-0000-c1328d8f-03-s2-d1,91,A,1,64,"[40400,23500,19500,16600]",3,-4.0,1,3,0,0,7,True
2025-2025122807gm-00a9-0000-c1328d8f-03-s2-d1,91,B,4,47,"[40400,23500,19500,16600]",3,-4.0,1,3,0,0,7,True
2025-2025122807gm-00a9-0000-c1328d8f-03-s2-d1,92,A,1,64,"[44900,19500,-700,36300]",4,-10.0,0,3,2,0,5,True
2025-2025122807gm-00a9-0000-c1328d8f-03-s2-d1,92,B,4,47,"[45800,36400,5700,12100]",4,-10.0,1,3,0,0,8,True
2025-2025122807gm-00a9-0000-c1328d8f-03-s2-d1,93,A,1,64,"[37600,17700,25100,19600]",2,4.0,1,3,0,0,10,True
2025-2025122807gm-00a9-0000-c1328d8f-03-s2-d1,93,B,4,47,"[51000,16400,16100,16500]",4,-10.0,1,3,0,0,9,True
2025-2025122807gm-00a9-0000-c1328d8f-03-s2-d1,94,A,1,64,"[35700,17900,32200,14200]",2,4.0,1,3,0,0,8,True
2025-2025122807gm-00a9-0000-c1328d8f-03-s2-d1,94,B,4,47,"[35700,17900,32200,14200]",2,4.0,1,3,0,0,8,True
2025-2025122807gm-00a9-0000-c1328d8f-03-s2-d1,95,A,1,64,"[46700,17300,16200,19800]",4,-10.0,1,3,0,0,8,True
2025-2025122807gm-00a9-0000-c1328d8f-03-s2-d1,95,B,4,47,"[46700,17300,16200,19800]",4,-10.0,1,3,0,0,8,True
2025-2025122807gm-00a9-0000-c1328d8f-03-s2-d1,96,A,1,64,"[38700,18400,14000,28900]",4,-10.0,1,3,0,0,10,True
2025-2025122807gm-00a9-0000-c1328d8f-03-s2-d1,96,B,4,47,"[45000,8900,22300,23800]",3,-4.0,1,3,1,0,8,True
2025-2025122807gm-00a9-0000-c1328d8f-03-s2-d1,97,A,1,64,"[51000,4900,23500,20600]",2,4.0,1,3,0,0,7,True
2025-2025122807gm-00a9-0000-c1328d8f-03-s2-d1,97,B,4,47,"[40100,19600,21200,19100]",2,4.0,1,3,1,0,10,True
2025-2025122807gm-00a9-0000-c1328d8f-03-s2-d1,98,A,1,64,"[46300,-900,21500,32100]",3,-4.0,1,3,1,1,9,True
2025-2025122807gm-00a9-0000-c1328d8f-03-s2-d1,98,B,4,47,"[53300,-1500,22000,26200]",3,-4.0,1,1,0,0,6,True
2025-2025122807gm-00a9-0000-c1328d8f-03-s2-d1,99,A,1,64,"[38700,19700,28200,13400]",2,4.0,1,3,0,0,10,True
2025-2025122807gm-00a9-0000-c1328d8f-03-s2-d1,99,B,4,47,"[46300,15700,11000,27000]",4,-10.0,1,3,1,0,13,True
2025-2025122807gm-00a9-0000-c1328d8f-03-s2-d1,100,A,1,64,"[57200,9300,-3900,37400]",4,-10.0,1,3,0,0,7,True
2025-2025122807gm-00a9-0000-c1328d8f-03-s2-d1,100,B,4,47,"[46600,22000,43100,-11700]",2,4.0,1,2,0,0,7,True
2025-2025122807gm-00a9-0000-c1328d8f-03-s2-d1,101,A,1,64,"[44400,42400,4900,8300]",4,-10.0,1,3,0,0,11,True
2025-2025122807gm-00a9-0000-c1328d8f-03-s2-d1,101,B,4,47,"[25800,53400,4500,16300]",4,-10.0,1,3,0,0,11,True
2025-2025122807gm-00a9-0000-c1328d8f-03-s2-d1,102,A,1,64,"[35200,16000,19000,29800]",3,-4.0,1,3,1,0,11,True
2025-2025122807gm-00a9-0000-c1328d8f-03-s2-d1,102,B,4,47,"[36000,28900,-100,35200]",4,-10.0,1,1,2,0,8,True
2025-2025122807gm-00a9-0000-c1328d8f-03-s2-d1,103,A,1,64,"[42500,24300,-2100,35300]",4,-10.0,1,3,0,0,10,True
2025-2025122807gm-00a9-0000-c1328d8f-03-s2-d1,103,B,4,47,"[42500,24300,-2100,35300]",4,-10.0,1,3,0,0,10,True
2025-2025122807gm-00a9-0000-c1328d8f-03-s2-d1,104,A,1,64,"[48900,15500,22500,13100]",2,4.0,1,3,0,0,7,True
2025-2025122807gm-00a9-0000-c1328d8f-03-s2-d1,104,B,4,47,"[42700,14700,28800,13800]",2,4.0,1,3,0,0,9,True
2025-2025122807gm-00a9-0000-c1328d8f-03-s2-d1,105,A,1,64,"[23100,15300,19600,42000]",3,-4.0,1,3,1,0,9,True
2025-2025122807gm-00a9-0000-c1328d8f-03-s2-d1,105,B,4,47,"[23100,15300,19600,42000]",3,-4.0,1,3,1,0,9,True
2025-2025122807gm-00a9-0000-c1328d8f-03-s2-d1,106,A,1,64,"[44700,16100,19900,19300]",2,4.0,1,3,1,0,11,True
2025-2025122807gm-00a9-0000-c1328d8f-03-s2-d1,106,B,4,47,"[36700,30100,-500,33700]",4,-10.0,1,1,1,0,9,True
2025-2025122807gm-00a9-0000-c1328d8f-03-s2-d1,107,A,1,64,"[45100,30400,5500,19000]",4,-10.0,1,3,1,0,12,True
2025-2025122807gm-00a9-0000-c1328d8f-03-s2-d1,107,B,4,47,"[45100,30400,5500,19000]",4,-10.0,1,3,1,0,12,True
2025-2025122807gm-00a9-0000-c1328d8f-03-s2-d1,108,A,1,64,"[29800,41200,7300,21700]",4,-10.0,1,3,2,0,11,True
2025-2025122807gm-00a9-0000-c1328d8f-03-s2-d1,108,B,4,47,"[44500,43500,-4300,16300]",4,-10.0,0,3,0,0,4,True
2025-2025122807gm-00a9-0000-c1328d8f-03-s2-d1,109,A,1,64,"[36800,27300,13200,22700]",4,-10.0,1,3,0,0,8,True
2025-2025122807gm-00a9-0000-c1328d8f-03-s2-d1,109,B,4,47,"[36800,27300,13200,22700]",4,-10.0,1,3,0,0,8,True
2025-2025122807gm-00a9-0000-c1328d8f-03-s2-d1,110,A,1,64,"[43300,37500,19500,-300]",3,-4.0,0,1,0,0,1,True
2025-2025122807gm-00a9-0000-c1328d8f-03-s2-d1,110,B,4,47,"[43300,37500,19500,-300]",3,-4.0,0,1,0,0,1,True
2025-2025122807gm-00a9-0000-c1328d8f-03-s2-d1,111,A,1,64,"[46700,15800,23500,14000]",2,4.0,1,3,0,0,8,True
2025-2025122807gm-00a9-0000-c1328d8f-03-s2-d1,111,B,4,47,"[46700,15800,23500,14000]",2,4.0,1,3,0,0,8,True
2025-2025122807gm-00a9-0000-c1328d8f-03-s2-d1,112,A,1,64,"[56100,18800,26600,-1500]",2,4.0,1,0,2,0,5,True
2025-2025122807gm-00a9-0000-c1328d8f-03-s2-d1,112,B,4,47,"[51600,21400,27500,-500]",2,4.0,1,1,3,0,6,True
2025-2025122807gm-00a9-0000-c1328d8f-03-s2-d1,113,A,1,64,"[37300,37500,-5000,30200]",4,-10.0,0,2,0,0,3,True
2025-2025122807gm-00a9-0000-c1328d8f-03-s2-d1,113,B,4,47,"[37300,37500,-5000,30200]",4,-10.0,0,2,0,0,3,True
2025-2025122807gm-00a9-0000-c1328d8f-03-s2-d1,114,A,1,64,"[51700,2300,30600,15400]",2,4.0,1,3,0,0,7,True
2025-2025122807gm-00a9-0000-c1328d8f-03-s2-d1,114,B,4,47,"[51700,2300,30600,15400]",2,4.0,1,3,0,0,7,True
2025-2025122807gm-00a9-0000-c1328d8f-03-s2-d1,115,A,1,64,"[31700,19400,24100,23800]",2,4.0,1,3,1,1,9,True
2025-2025122807gm-00a9-0000-c1328d8f-03-s2-d1,115,B,4,47,"[31700,19400,24100,23800]",2,4.0,1,3,1,1,9,True
2025-2025122807gm-00a9-0000-c1328d8f-03-s2-d1,116,A,1,64,"[34700,12400,16200,36700]",3,-4.0,1,3,0,0,8,True
2025-2025122807gm-00a9-0000-c1328d8f-03-s2-d1,116,B,4,47,"[37300,21500,2300,38900]",4,-10.0,1,3,1,0,9,True
2025-2025122807gm-00a9-0000-c1328d8f-03-s2-d1,117,A,1,64,"[44200,16300,39600,-100]",2,4.0,1,1,0,0,7,True
2025-2025122807gm-00a9-0000-c1328d8f-03-s2-d1,117,B,4,47,"[30100,43800,14900,11200]",3,-4.0,1,3,0,0,7,True
2025-2025122807gm-00a9-0000-c1328d8f-03-s2-d1,118,A,1,64,"[83200,-100,16600,300]",2,4.0,1,1,2,0,8,True
2025-2025122807gm-00a9-0000-c1328d8f-03-s2-d1,118,B,4,47,"[51900,22300,-1600,27400]",4,-10.0,1,1,0,0,8,True
2025-2025122807gm-00a9-0000-c1328d8f-03-s2-d1,119,A,1,64,"[44800,25800,19800,9600]",3,-4.0,1,3,0,0,9,True
2025-2025122807gm-00a9-0000-c1328d8f-03-s2-d1,119,B,4,47,"[44800,25800,19800,9600]",3,-4.0,1,3,0,0,9,True
2025-2025122807gm-00a9-0000-c1328d8f-03-s2-d1,120,A,1,64,"[39600,6600,38400,14400]",2,4.0,1,3,2,1,9,True
2025-2025122807gm-00a9-0000-c1328d8f-03-s2-d1,120,B,4,47,"[21900,38000,15000,25100]",4,-10.0,2,2,0,0,12,True
2025-2025122807gm-00a9-0000-c1328d8f-03-s2-d1,121,A,1,64,"[42400,17000,42000,-1400]",2,4.0,0,2,2,0,4,True
2025-2025122807gm-00a9-0000-c1328d8f-03-s2-d1,121,B,4,47,"[37300,13400,16300,33000]",3,-4.0,1,3,0,0,9,True
2025-2025122807gm-00a9-0000-c1328d8f-03-s2-d1,122,A,1,64,"[37600,18800,30000,13600]",2,4.0,1,3,3,0,11,True
2025-2025122807gm-00a9-0000-c1328d8f-03-s2-d1,122,B,4,47,"[43300,20200,20400,16100]",2,4.0,1,3,0,0,8,True
2025-2025122807gm-00a9-0000-c1328d8f-03-s2-d1,123,A,1,64,"[60900,7000,14700,17400]",3,-4.0,1,3,0,0,9,True
2025-2025122807gm-00a9-0000-c1328d8f-03-s2-d1,123,B,4,47,"[56300,9600,16700,17400]",3,-4.0,1,3,0,0,9,True
2025-2025122807gm-00a9-0000-c1328d8f-03-s2-d1,124,A,1,64,"[50400,9100,9000,31500]",4,-10.0,1,3,0,0,8,True
2025-2025122807gm-00a9-0000-c1328d8f-03-s2-d1,124,B,4,47,"[50000,4600,20500,24900]",3,-4.0,1,3,0,0,8,True
2025-2025122807gm-00a9-0000-c1328d8f-03-s2-d1,125,A,1,64,"[52100,19300,16400,12200]",3,-4.0,1,3,0,0,10,True
2025-2025122807gm-00a9-0000-c1328d8f-03-s2-d1,125,B,4,47,"[36500,42400,9000,12100]",4,-10.0,1,3,0,0,10,True
2025-2025122807gm-00a9-0000-c1328d8f-03-s2-d1,126,A,1,64,"[37500,23000,21600,17900]",3,-4.0,1,3,0,0,9,True
2025-2025122807gm-00a9-0000-c1328d8f-03-s2-d1,126,B,4,47,"[43700,33800,12800,9700]",3,-4.0,1,3,0,0,10,True
2025-2025122807gm-00a9-0000-c1328d8f-03-s2-d1,127,A,1,64,"[17100,5600,32200,44100]",2,4.0,1,3,0,1,9,True
2025-2025122807gm-00a9-0000-c1328d8f-03-s2-d1,127,B,4,47,"[28600,8200,10400,52800]",3,-4.0,1,3,0,0,8,True
2025-2025122807gm-00a9-0000-c1328d8f-03-s2-d1,128,A,1,64,"[40400,23100,5500,31000]",4,-10.0,1,3,3,0,11,True
2025-2025122807gm-00a9-0000-c1328d8f-03-s2-d1,128,B,4,47,"[30800,44300,3400,21500]",4,-10.0,1,3,2,0,10,True
2025-2025122807gm-00a9-0000-c1328d8f-03-s2-d1,129,A,1,64,"[42200,16200,19600,22000]",3,-4.0,1,3,2,0,10,True
2025-2025122807gm-00a9-0000-c1328d8f-03-s2-d1,129,B,4,47,"[44900,13200,17400,24500]",3,-4.0,1,3,1,0,9,True
2025-2025122807gm-00a9-0000-c1328d8f-03-s2-d1,130,A,1,64,"[24200,9100,37700,29000]",1,10.0,1,3,0,0,8,True
2025-2025122807gm-00a9-0000-c1328d8f-03-s2-d1,130,B,4,47,"[55500,-3900,31300,17100]",2,4.0,1,2,0,0,6,True
2025-2025122807gm-00a9-0000-c1328d8f-03-s2-d1,131,A,1,64,"[48500,5300,20000,26200]",3,-4.0,1,3,1,0,8,True
2025-2025122807gm-00a9-0000-c1328d8f-03-s2-d1,131,B,4,47,"[37800,-2500,53500,11200]",1,10.0,1,1,0,0,10,True
2025-2025122807gm-00a9-0000-c1328d8f-03-s2-d1,132,A,1,64,"[38700,21300,15500,24500]",4,-10.0,1,3,0,0,11,True
2025-2025122807gm-00a9-0000-c1328d8f-03-s2-d1,132,B,4,47,"[38700,21300,15500,24500]",4,-10.0,1,3,0,0,11,True
2025-2025122807gm-00a9-0000-c1328d8f-03-s2-d1,133,A,1,64,"[7300,21600,23100,48000]",2,4.0,1,3,0,0,8,True
2025-2025122807gm-00a9-0000-c1328d8f-03-s2-d1,133,B,4,47,"[47500,12100,17800,22600]",3,-4.0,1,3,0,0,8,True
2025-2025122807gm-00a9-0000-c1328d8f-03-s2-d1,134,A,1,64,"[42400,13300,37800,6500]",2,4.0,1,3,0,0,9,True
2025-2025122807gm-00a9-0000-c1328d8f-03-s2-d1,134,B,4,47,"[45100,15200,13900,25800]",4,-10.0,1,3,0,0,8,True
2025-2025122807gm-00a9-0000-c1328d8f-03-s2-d1,135,A,1,64,"[47500,12300,16400,22800]",3,-4.0,1,3,0,1,10,True
2025-2025122807gm-00a9-0000-c1328d8f-03-s2-d1,135,B,4,47,"[18500,39500,20100,21900]",3,-4.0,1,3,3,0,14,True
2025-2025122807gm-00a9-0000-c1328d8f-03-s2-d1,136,A,1,64,"[64200,9100,16400,10300]",2,4.0,1,3,1,0,13,True
2025-2025122807gm-00a9-0000-c1328d8f-03-s2-d1,136,B,4,47,"[39100,35500,-800,26200]",4,-10.0,1,2,3,0,11,True
2025-2025122807gm-00a9-0000-c1328d8f-03-s2-d1,137,A,1,64,"[31500,25800,7500,35200]",4,-10.0,1,3,0,0,8,True
2025-2025122807gm-00a9-0000-c1328d8f-03-s2-d1,137,B,4,47,"[50000,28700,5800,15500]",4,-10.0,1,3,0,0,7,True
2025-2025122807gm-00a9-0000-c1328d8f-03-s2-d1,138,A,1,64,"[41300,55500,9500,-6300]",3,-4.0,1,1,0,0,5,True
2025-2025122807gm-00a9-0000-c1328d8f-03-s2-d1,138,B,4,47,"[54500,17000,13000,15500]",4,-10.0,1,3,0,0,8,True
2025-2025122807gm-00a9-0000-c1328d8f-03-s2-d1,139,A,1,64,"[41300,15500,-300,43500]",4,-10.0,0,3,0,0,3,True
2025-2025122807gm-00a9-0000-c1328d8f-03-s2-d1,139,B,4,47,"[41300,15500,-300,43500]",4,-10.0,0,3,0,0,3,True
2025-2025122807gm-00a9-0000-c1328d8f-03-s2-d1,140,A,1,64,"[37200,34900,7800,20100]",4,-10.0,1,3,0,0,10,True
2025-2025122807gm-00a9-0000-c1328d8f-03-s2-d1,140,B,4,47,"[40700,21600,22000,15700]",2,4.0,1,3,1,0,9,True
2025-2025122807gm-00a9-0000-c1328d8f-03-s2-d1,141,A,1,64,"[35400,5500,37400,21700]",1,10.0,1,3,0,0,8,True
2025-2025122807gm-00a9-0000-c1328d8f-03-s2-d1,141,B,4,47,"[38000,8200,25300,28500]",3,-4.0,1,3,0,0,8,True
2025-2025122807gm-00a9-0000-c1328d8f-03-s2-d1,142,A,1,64,"[44100,17900,41100,-3100]",2,4.0,1,2,0,0,7,True
2025-2025122807gm-00a9-0000-c1328d8f-03-s2-d1,142,B,4,47,"[44500,33300,17900,4300]",3,-4.0,1,3,0,0,9,True
2025-2025122807gm-00a9-0000-c1328d8f-03-s2-d1,143,A,1,64,"[42500,24100,22000,11400]",3,-4.0,1,3,0,0,7,True
2025-2025122807gm-00a9-0000-c1328d8f-03-s2-d1,143,B,4,47,"[42500,24100,22000,11400]",3,-4.0,1,3,0,0,7,True
2025-2025122807gm-00a9-0000-c1328d8f-03-s2-d1,144,A,1,64,"[39100,15100,13600,32200]",4,-10.0,1,3,1,0,10,True
2025-2025122807gm-00a9-0000-c1328d8f-03-s2-d1,144,B,4,47,"[33300,15800,15800,35100]",4,-10.0,1,3,0,0,9,True
2025-2025122807gm-00a9-0000-c1328d8f-03-s2-d1,145,A,1,64,"[45400,9700,14700,30200]",3,-4.0,1,3,0,0,9,True
2025-2025122807gm-00a9-0000-c1328d8f-03-s2-d1,145,B,4,47,"[44900,9700,15700,29700]",3,-4.0,1,3,0,0,9,True
2025-2025122807gm-00a9-0000-c1328d8f-03-s2-d1,146,A,1,64,"[40800,43500,30500,-14800]",3,-4.0,0,2,0,0,3,True
2025-2025122807gm-00a9-0000-c1328d8f-03-s2-d1,146,B,4,47,"[42300,25300,36200,-3800]",2,4.0,0,2,0,0,3,True
2025-2025122807gm-00a9-0000-c1328d8f-03-s2-d1,147,A,1,64,"[24100,34600,40600,700]",1,10.0,1,3,0,0,11,True
2025-2025122807gm-00a9-0000-c1328d8f-03-s2-d1,147,B,4,47,"[44600,15400,19300,20700]",3,-4.0,1,3,0,0,9,True
2025-2025122807gm-00a9-0000-c1328d8f-03-s2-d1,148,A,1,64,"[34700,10700,21200,33400]",3,-4.0,1,3,0,0,10,True
2025-2025122807gm-00a9-0000-c1328d8f-03-s2-d1,148,B,4,47,"[36800,12000,39000,12200]",1,10.0,1,3,0,0,10,True
2025-2025122807gm-00a9-0000-c1328d8f-03-s2-d1,149,A,1,64,"[26500,28600,28700,16200]",1,10.0,2,3,0,0,14,True
2025-2025122807gm-00a9-0000-c1328d8f-03-s2-d1,149,B,4,47,"[43300,-5500,31500,30700]",2,4.0,0,2,0,0,2,True
2025-2025122807gm-00a9-0000-c1328d8f-03-s2-d1,150,A,1,64,"[29400,19600,14500,36500]",4,-10.0,1,3,0,0,8,True
2025-2025122807gm-00a9-0000-c1328d8f-03-s2-d1,150,B,4,47,"[45200,17300,18900,18600]",2,4.0,1,3,0,0,7,True
2025-2025122807gm-00a9-0000-c1328d8f-03-s2-d1,151,A,1,64,"[30400,38800,29900,900]",3,-4.0,1,3,1,0,10,True
2025-2025122807gm-00a9-0000-c1328d8f-03-s2-d1,151,B,4,47,"[51100,12700,24500,11700]",2,4.0,1,3,0,0,7,True
2025-2025122807gm-00a9-0000-c1328d8f-03-s2-d1,152,A,1,64,"[44700,-6300,35700,25900]",2,4.0,1,1,1,0,8,True
2025-2025122807gm-00a9-0000-c1328d8f-03-s2-d1,152,B,4,47,"[44700,-6300,35700,25900]",2,4.0,1,1,1,0,8,True
2025-2025122807gm-00a9-0000-c1328d8f-03-s2-d1,153,A,1,64,"[59000,14300,9300,17400]",4,-10.0,1,3,0,0,9,True
2025-2025122807gm-00a9-0000-c1328d8f-03-s2-d1,153,B,4,47,"[42200,4900,18700,34200]",3,-4.0,1,3,1,0,11,True
2025-2025122807gm-00a9-0000-c1328d8f-03-s2-d1,154,A,1,64,"[43600,43000,1000,12400]",4,-10.0,1,3,0,0,7,True
2025-2025122807gm-00a9-0000-c1328d8f-03-s2-d1,154,B,4,47,"[53100,35600,7900,3400]",3,-4.0,1,3,0,0,7,True
2025-2025122807gm-00a9-0000-c1328d8f-03-s2-d1,155,A,1,64,"[49700,24600,21400,4300]",3,-4.0,1,3,0,0,9,True
2025-2025122807gm-00a9-0000-c1328d8f-03-s2-d1,155,B,4,47,"[54000,27600,19100,-700]",3,-4.0,1,1,0,0,5,True
2025-2025122807gm-00a9-0000-c1328d8f-03-s2-d1,156,A,1,64,"[23500,34800,15000,25700]",4,-10.0,1,3,0,1,8,True
2025-2025122807gm-00a9-0000-c1328d8f-03-s2-d1,156,B,4,47,"[36400,23600,4500,35500]",4,-10.0,1,3,1,0,12,True
2025-2025122807gm-00a9-0000-c1328d8f-03-s2-d1,157,A,1,64,"[37400,13900,10000,38700]",4,-10.0,1,3,1,0,9,True
2025-2025122807gm-00a9-0000-c1328d8f-03-s2-d1,157,B,4,47,"[46300,14000,12000,27700]",4,-10.0,1,3,1,0,7,True
2025-2025122807gm-00a9-0000-c1328d8f-03-s2-d1,158,A,1,64,"[41100,2200,30300,26400]",2,4.0,1,3,1,0,11,True
2025-2025122807gm-00a9-0000-c1328d8f-03-s2-d1,158,B,4,47,"[51600,-3300,18400,33300]",3,-4.0,1,2,0,0,7,True
2025-2025122807gm-00a9-0000-c1328d8f-03-s2-d1,159,A,1,64,"[19000,29200,51400,400]",1,10.0,1,3,0,0,13,True
2025-2025122807gm-00a9-0000-c1328d8f-03-s2-d1,159,B,4,47,"[26800,24000,31900,17300]",1,10.0,1,3,1,0,11,True
2025-2025122807gm-00a9-0000-c1328d8f-03-s2-d1,160,A,1,64,"[11000,5000,45900,37100]",1,10.0,1,3,0,1,12,True
2025-2025122807gm-00a9-0000-c1328d8f-03-s2-d1,160,B,4,47,"[48600,23200,11900,16300]",4,-10.0,1,3,1,0,12,True
2025-2025122807gm-00a9-0000-c1328d8f-03-s2-d1,161,A,1,64,"[55000,12300,25200,7500]",2,4.0,1,3,0,0,9,True
2025-2025122807gm-00a9-0000-c1328d8f-03-s2-d1,161,B,4,47,"[32200,10600,10600,46600]",4,-10.0,1,3,0,0,10,True
2025-2025122807gm-00a9-0000-c1328d8f-03-s2-d1,162,A,1,64,"[16300,34900,35400,13400]",1,10.0,1,3,0,0,8,True
2025-2025122807gm-00a9-0000-c1328d8f-03-s2-d1,162,B,4,47,"[45300,5400,22200,27100]",3,-4.0,1,3,0,0,7,True
2025-2025122807gm-00a9-0000-c1328d8f-03-s2-d1,163,A,1,64,"[18200,19100,34000,28700]",1,10.0,1,3,2,0,9,True
2025-2025122807gm-00a9-0000-c1328d8f-03-s2-d1,163,B,4,47,"[27600,9500,28500,34400]",2,4.0,1,3,0,0,8,True
2025-2025122807gm-00a9-0000-c1328d8f-03-s2-d1,164,A,1,64,"[42300,45300,-5200,17600]",4,-10.0,0,2,0,0,5,True
2025-2025122807gm-00a9-0000-c1328d8f-03-s2-d1,164,B,4,47,"[30800,17000,24800,26400]",3,-4.0,2,0,2,1,10,True
2025-2025122807gm-00a9-0000-c1328d8f-03-s2-d1,165,A,1,64,"[41700,16200,18400,23700]",3,-4.0,1,3,0,0,8,True
2025-2025122807gm-00a9-0000-c1328d8f-03-s2-d1,165,B,4,47,"[46600,18000,20000,15400]",2,4.0,1,3,0,0,9,True
2025-2025122807gm-00a9-0000-c1328d8f-03-s2-d1,166,A,1,64,"[45200,28300,-300,26800]",4,-10.0,0,3,0,0,4,True
2025-2025122807gm-00a9-0000-c1328d8f-03-s2-d1,166,B,4,47,"[66000,19400,15200,-600]",3,-4.0,1,2,0,0,8,True
2025-2025122807gm-00a9-0000-c1328d8f-03-s2-d1,167,A,1,64,"[36900,9600,35200,18300]",2,4.0,1,3,0,0,11,True
2025-2025122807gm-00a9-0000-c1328d8f-03-s2-d1,167,B,4,47,"[50400,-15500,35700,29400]",2,4.0,1,2,0,0,6,True
2025-2025122807gm-00a9-0000-c1328d8f-03-s2-d1,168,A,1,64,"[57100,24300,13900,4700]",3,-4.0,1,3,0,0,10,True
2025-2025122807gm-00a9-0000-c1328d8f-03-s2-d1,168,B,4,47,"[48000,40100,12700,-800]",3,-4.0,1,3,0,0,9,True
2025-2025122807gm-00a9-0000-c1328d8f-03-s2-d1,169,A,1,64,"[39000,23500,9600,27900]",4,-10.0,1,3,0,0,8,True
2025-2025122807gm-00a9-0000-c1328d8f-03-s2-d1,169,B,4,47,"[40200,18100,33200,8500]",2,4.0,1,3,0,0,9,True
2025-2025122807gm-00a9-0000-c1328d8f-03-s2-d1,170,A,1,64,"[45600,21200,15800,17400]",4,-10.0,1,3,0,0,10,True
2025-2025122807gm-00a9-0000-c1328d8f-03-s2-d1,170,B,4,47,"[52000,4000,20800,23200]",3,-4.0,1,3,1,0,7,True
2025-2025122807gm-00a9-0000-c1328d8f-03-s2-d1,171,A,1,64,"[30000,26800,17100,26100]",4,-10.0,1,3,1,0,11,True
2025-2025122807gm-00a9-0000-c1328d8f-03-s2-d1,171,B,4,47,"[48100,12700,27200,12000]",2,4.0,1,3,1,0,9,True
2025-2025122807gm-00a9-0000-c1328d8f-03-s2-d1,172,A,1,64,"[42500,4200,21600,31700]",3,-4.0,1,3,0,0,7,True
2025-2025122807gm-00a9-0000-c1328d8f-03-s2-d1,172,B,4,47,"[46300,-2600,24700,31600]",3,-4.0,1,1,0,0,9,True
2025-2025122807gm-00a9-0000-c1328d8f-03-s2-d1,173,A,1,64,"[49800,12600,11700,25900]",4,-10.0,1,3,0,0,7,True
2025-2025122807gm-00a9-0000-c1328d8f-03-s2-d1,173,B,4,47,"[52500,12300,10100,25100]",4,-10.0,1,3,0,0,8,True
2025-2025122807gm-00a9-0000-c1328d8f-03-s2-d1,174,A,1,64,"[43900,11400,27800,16900]",2,4.0,1,3,0,0,8,True
2025-2025122807gm-00a9-0000-c1328d8f-03-s2-d1,174,B,4,47,"[20400,34800,26200,18600]",2,4.0,2,0,0,0,10,True
2025-2025122807gm-00a9-0000-c1328d8f-03-s2-d1,175,A,1,64,"[53500,17400,4700,24400]",4,-10.0,1,3,0,0,9,True
2025-2025122807gm-00a9-0000-c1328d8f-03-s2-d1,175,B,4,47,"[47100,19600,22300,11000]",2,4.0,1,3,0,0,9,True
2025-2025122807gm-00a9-0000-c1328d8f-03-s2-d1,176,A,1,64,"[40400,28100,-3000,34500]",4,-10.0,1,3,0,0,9,True
2025-2025122807gm-00a9-0000-c1328d8f-03-s2-d1,176,B,4,47,"[54600,33400,12600,-600]",3,-4.0,0,3,0,0,5,True
2025-2025122807gm-00a9-0000-c1328d8f-03-s2-d1,177,A,1,64,"[34500,7600,22100,35800]",3,-4.0,1,3,0,0,10,True
2025-2025122807gm-00a9-0000-c1328d8f-03-s2-d1,177,B,4,47,"[41700,26400,17400,14500]",3,-4.0,1,3,0,0,11,True
2025-2025122807gm-00a9-0000-c1328d8f-03-s2-d1,178,A,1,64,"[35600,-1000,48200,16200]",1,10.0,1,1,0,1,9,True
2025-2025122807gm-00a9-0000-c1328d8f-03-s2-d1,178,B,4,47,"[54700,21200,10400,13700]",4,-10.0,1,3,0,0,8,True
2025-2025122807gm-00a9-0000-c1328d8f-03-s2-d1,179,A,1,64,"[47300,3300,22000,23400]",3,-4.0,1,3,2,4,14,True
2025-2025122807gm-00a9-0000-c1328d8f-03-s2-d1,179,B,4,47,"[46500,27900,19100,6500]",3,-4.0,1,3,0,0,9,True
2025-2025122807gm-00a9-0000-c1328d8f-03-s2-d1,180,A,1,64,"[41100,14100,13800,31000]",4,-10.0,1,3,0,0,7,True
2025-2025122807gm-00a9-0000-c1328d8f-03-s2-d1,180,B,4,47,"[41100,14100,13800,31000]",4,-10.0,1,3,0,0,7,True
2025-2025122807gm-00a9-0000-c1328d8f-03-s2-d1,181,A,1,64,"[48800,8400,26000,15800]",2,4.0,1,3,0,1,7,True
2025-2025122807gm-00a9-0000-c1328d8f-03-s2-d1,181,B,4,47,"[44000,27100,16200,12700]",3,-4.0,1,3,2,0,10,True
2025-2025122807gm-00a9-0000-c1328d8f-03-s2-d1,182,A,1,64,"[37800,37200,11900,13100]",4,-10.0,1,3,0,0,8,True
2025-2025122807gm-00a9-0000-c1328d8f-03-s2-d1,182,B,4,47,"[46700,22600,15900,14800]",3,-4.0,1,3,0,0,7,True
2025-2025122807gm-00a9-0000-c1328d8f-03-s2-d1,183,A,1,64,"[47300,2900,31000,18800]",2,4.0,1,3,0,0,7,True
2025-2025122807gm-00a9-0000-c1328d8f-03-s2-d1,183,B,4,47,"[47300,2900,31000,18800]",2,4.0,1,3,0,0,7,True
2025-2025122807gm-00a9-0000-c1328d8f-03-s2-d1,184,A,1,64,"[36300,36100,22700,4900]",3,-4.0,1,3,0,0,8,True
2025-2025122807gm-00a9-0000-c1328d8f-03-s2-d1,184,B,4,47,"[50300,15100,-500,35100]",4,-10.0,1,3,1,0,10,True
2025-2025122807gm-00a9-0000-c1328d8f-03-s2-d1,185,A,1,64,"[54400,-4700,22100,28200]",3,-4.0,1,0,0,0,5,True
2025-2025122807gm-00a9-0000-c1328d8f-03-s2-d1,185,B,4,47,"[51900,-200,21100,27200]",3,-4.0,0,3,1,0,4,True
2025-2025122807gm-00a9-0000-c1328d8f-03-s2-d1,186,A,1,64,"[55000,22200,-1700,24500]",4,-10.0,1,2,0,0,6,True
2025-2025122807gm-00a9-0000-c1328d8f-03-s2-d1,186,B,4,47,"[55000,22200,-1700,24500]",4,-10.0,1,2,0,0,6,True
2025-2025122807gm-00a9-0000-c1328d8f-03-s2-d1,187,A,1,64,"[36800,15000,38900,9300]",1,10.0,1,3,0,0,8,True
2025-2025122807gm-00a9-0000-c1328d8f-03-s2-d1,187,B,4,47,"[41900,20800,15400,21900]",4,-10.0,1,3,0,0,9,True
2025-2025122807gm-00a9-0000-c1328d8f-03-s2-d1,188,A,1,64,"[49800,13100,22700,14400]",2,4.0,1,3,1,0,10,True
2025-2025122807gm-00a9-0000-c1328d8f-03-s2-d1,188,B,4,47,"[53300,23600,-800,23900]",4,-10.0,0,3,0,0,4,True
2025-2025122807gm-00a9-0000-c1328d8f-03-s2-d1,189,A,1,64,"[59800,20000,1100,19100]",4,-10.0,1,3,1,0,12,True
2025-2025122807gm-00a9-0000-c1328d8f-03-s2-d1,189,B,4,47,"[36700,-2000,31100,34200]",3,-4.0,1,2,0,0,6,True
2025-2025122807gm-00a9-0000-c1328d8f-03-s2-d1,190,A,1,64,"[36800,22800,23800,16600]",2,4.0,1,3,0,0,9,True
2025-2025122807gm-00a9-0000-c1328d8f-03-s2-d1,190,B,4,47,"[29800,23800,48700,-2300]",1,10.0,1,3,0,0,9,True
2025-2025122807gm-00a9-0000-c1328d8f-03-s2-d1,191,A,1,64,"[38500,20300,34000,7200]",2,4.0,1,3,0,0,9,True
2025-2025122807gm-00a9-0000-c1328d8f-03-s2-d1,191,B,4,47,"[38500,20300,34000,7200]",2,4.0,1,3,0,0,9,True
2025-2025122807gm-00a9-0000-c1328d8f-03-s2-d1,192,A,1,64,"[39100,21700,23700,15500]",2,4.0,1,3,0,0,7,True
2025-2025122807gm-00a9-0000-c1328d8f-03-s2-d1,192,B,4,47,"[44000,16500,28700,10800]",2,4.0,1,3,0,0,7,True
2025-2025122807gm-00a9-0000-c1328d8f-03-s2-d1,193,A,1,64,"[50700,24000,6700,18600]",4,-10.0,1,3,1,0,9,True
2025-2025122807gm-00a9-0000-c1328d8f-03-s2-d1,193,B,4,47,"[44200,32000,7100,16700]",4,-10.0,1,3,0,0,10,True
2025-2025122807gm-00a9-0000-c1328d8f-03-s2-d1,194,A,1,64,"[41800,14000,18600,25600]",3,-4.0,1,3,1,0,9,True
2025-2025122807gm-00a9-0000-c1328d8f-03-s2-d1,194,B,4,47,"[41200,16100,37600,5100]",2,4.0,1,3,2,0,11,True
2025-2025122807gm-00a9-0000-c1328d8f-03-s2-d1,195,A,1,64,"[48300,10000,24500,17200]",2,4.0,1,3,1,0,10,True
2025-2025122807gm-00a9-0000-c1328d8f-03-s2-d1,195,B,4,47,"[44700,21000,3200,31100]",4,-10.0,1,3,1,0,11,True
2025-2025122807gm-00a9-0000-c1328d8f-03-s2-d1,196,A,1,64,"[31100,20300,15100,33500]",4,-10.0,1,3,0,0,7,True
2025-2025122807gm-00a9-0000-c1328d8f-03-s2-d1,196,B,4,47,"[40000,20300,24600,15100]",2,4.0,1,3,0,0,9,True
2025-2025122807gm-00a9-0000-c1328d8f-03-s2-d1,197,A,1,64,"[38000,27800,-2200,36400]",4,-10.0,1,1,0,0,5,True
2025-2025122807gm-00a9-0000-c1328d8f-03-s2-d1,197,B,4,47,"[38000,27800,-2200,36400]",4,-10.0,1,1,0,0,5,True
2025-2025122807gm-00a9-0000-c1328d8f-03-s2-d1,198,A,1,64,"[38100,22800,24400,14700]",2,4.0,1,3,0,0,9,True
2025-2025122807gm-00a9-0000-c1328d8f-03-s2-d1,198,B,4,47,"[38100,22800,24400,14700]",2,4.0,1,3,0,0,9,True
2025-2025122807gm-00a9-0000-c1328d8f-03-s2-d1,199,A,1,64,"[37200,0,27900,34900]",3,-4.0,1,3,0,0,8,True
2025-2025122807gm-00a9-0000-c1328d8f-03-s2-d1,199,B,4,47,"[45100,31100,3400,20400]",4,-10.0,1,3,0,0,11,True
2025-2025122807gm-00a9-0000-c1328d8f-03-s2-d1,200,A,1,64,"[48000,19300,8600,24100]",4,-10.0,1,3,0,0,9,True
2025-2025122807gm-00a9-0000-c1328d8f-03-s2-d1,200,B,4,47,"[23600,33800,27900,14700]",2,4.0,1,3,2,0,12,True
2025-2025122807gm-00a9-0000-c1328d8f-03-s2-d1,201,A,1,64,"[68100,13100,10200,8600]",3,-4.0,1,3,0,0,8,True
2025-2025122807gm-00a9-0000-c1328d8f-03-s2-d1,201,B,4,47,"[68100,13100,10200,8600]",3,-4.0,1,3,0,0,8,True
2025-2025122807gm-00a9-0000-c1328d8f-03-s2-d1,202,A,1,64,"[64300,14800,-800,21700]",4,-10.0,1,3,1,0,8,True
2025-2025122807gm-00a9-0000-c1328d8f-03-s2-d1,202,B,4,47,"[58600,22500,700,18200]",4,-10.0,1,3,0,0,8,True
2025-2025122807gm-00a9-0000-c1328d8f-03-s2-d1,203,A,1,64,"[49800,22600,-5700,33300]",4,-10.0,0,3,0,0,4,True
2025-2025122807gm-00a9-0000-c1328d8f-03-s2-d1,203,B,4,47,"[63200,21100,-1100,16800]",4,-10.0,1,1,0,0,6,True
2025-2025122807gm-00a9-0000-c1328d8f-03-s2-d1,204,A,1,64,"[62600,2300,27400,7700]",2,4.0,1,3,0,0,10,True
2025-2025122807gm-00a9-0000-c1328d8f-03-s2-d1,204,B,4,47,"[62600,2300,27400,7700]",2,4.0,1,3,0,0,10,True
2025-2025122807gm-00a9-0000-c1328d8f-03-s2-d1,205,A,1,64,"[33600,26400,5500,34500]",4,-10.0,1,3,0,0,12,True
2025-2025122807gm-00a9-0000-c1328d8f-03-s2-d1,205,B,4,47,"[33600,26400,5500,34500]",4,-10.0,1,3,0,0,12,True
2025-2025122807gm-00a9-0000-c1328d8f-03-s2-d1,206,A,1,64,"[45900,1500,25400,27200]",3,-4.0,1,3,1,0,10,True
2025-2025122807gm-00a9-0000-c1328d8f-03-s2-d1,206,B,4,47,"[46900,28500,-3800,28400]",4,-10.0,0,3,2,0,5,True
2025-2025122807gm-00a9-0000-c1328d8f-03-s2-d1,207,A,1,64,"[52000,4900,17800,25300]",3,-4.0,1,3,0,0,7,True
2025-2025122807gm-00a9-0000-c1328d8f-03-s2-d1,207,B,4,47,"[50300,29500,-3200,23400]",4,-10.0,1,1,0,0,5,True
2025-2025122807gm-00a9-0000-c1328d8f-03-s2-d1,208,A,1,64,"[35800,19100,35100,10000]",2,4.0,1,3,0,0,8,True
2025-2025122807gm-00a9-0000-c1328d8f-03-s2-d1,208,B,4,47,"[35800,19100,35100,10000]",2,4.0,1,3,0,0,8,True
2025-2025122807gm-00a9-0000-c1328d8f-03-s2-d1,209,A,1,64,"[67000,2100,31700,-800]",2,4.0,1,0,0,0,6,True
2025-2025122807gm-00a9-0000-c1328d8f-03-s2-d1,209,B,4,47,"[67000,2100,31700,-800]",2,4.0,1,0,0,0,6,True
2025-2025122807gm-00a9-0000-c1328d8f-03-s2-d1,210,A,1,64,"[49600,17300,11100,22000]",4,-10.0,1,3,0,0,8,True
2025-2025122807gm-00a9-0000-c1328d8f-03-s2-d1,210,B,4,47,"[33300,20100,43100,3500]",1,10.0,1,3,0,0,8,True
2025-2025122807gm-00a9-0000-c1328d8f-03-s2-d1,211,A,1,64,"[40800,25500,25700,8000]",2,4.0,1,3,0,0,9,True
2025-2025122807gm-00a9-0000-c1328d8f-03-s2-d1,211,B,4,47,"[31300,27800,21200,19700]",3,-4.0,1,3,0,0,8,True
2025-2025122807gm-00a9-0000-c1328d8f-03-s2-d1,212,A,1,64,"[63800,14600,10000,11600]",4,-10.0,1,3,0,0,9,True
2025-2025122807gm-00a9-0000-c1328d8f-03-s2-d1,212,B,4,47,"[63800,14600,10000,11600]",4,-10.0,1,3,0,0,9,True
2025-2025122807gm-00a9-0000-c1328d8f-03-s2-d1,213,A,1,64,"[48100,28400,-1400,24900]",4,-10.0,1,1,2,0,7,True
2025-2025122807gm-00a9-0000-c1328d8f-03-s2-d1,213,B,4,47,"[50400,28900,-2500,23200]",4,-10.0,1,1,2,0,7,True
2025-2025122807gm-00a9-0000-c1328d8f-03-s2-d1,214,A,1,64,"[52100,17800,8200,21900]",4,-10.0,1,3,0,0,10,True
2025-2025122807gm-00a9-0000-c1328d8f-03-s2-d1,214,B,4,47,"[34000,20800,18600,26600]",4,-10.0,1,3,0,0,10,True
2025-2025122807gm-00a9-0000-c1328d8f-03-s2-d1,215,A,1,64,"[20800,61300,900,17000]",4,-10.0,1,3,0,0,10,True
2025-2025122807gm-00a9-0000-c1328d8f-03-s2-d1,215,B,4,47,"[25300,28400,33400,12900]",1,10.0,1,3,1,0,10,True
2025-2025122807gm-00a9-0000-c1328d8f-03-s2-d1,216,A,1,64,"[33500,10300,14200,42000]",3,-4.0,1,3,0,0,8,True
2025-2025122807gm-00a9-0000-c1328d8f-03-s2-d1,216,B,4,47,"[31700,14200,16800,37300]",3,-4.0,1,3,0,0,8,True
2025-2025122807gm-00a9-0000-c1328d8f-03-s2-d1,217,A,1,64,"[38500,22200,-1100,40400]",4,-10.0,1,1,0,0,5,True
2025-2025122807gm-00a9-0000-c1328d8f-03-s2-d1,217,B,4,47,"[37100,7300,40200,15400]",1,10.0,1,3,0,0,9,True
2025-2025122807gm-00a9-0000-c1328d8f-03-s2-d1,218,A,1,64,"[42300,17400,23000,17300]",2,4.0,1,3,0,0,11,True
2025-2025122807gm-00a9-0000-c1328d8f-03-s2-d1,218,B,4,47,"[40600,-1000,33900,26500]",2,4.0,1,2,1,0,7,True
2025-2025122807gm-00a9-0000-c1328d8f-03-s2-d1,219,A,1,64,"[40900,10100,33800,15200]",2,4.0,1,3,0,0,11,True
2025-2025122807gm-00a9-0000-c1328d8f-03-s2-d1,219,B,4,47,"[29800,34000,13400,22800]",4,-10.0,1,3,0,0,11,True
2025-2025122807gm-00a9-0000-c1328d8f-03-s2-d1,220,A,1,64,"[43300,34800,17400,4500]",3,-4.0,1,3,0,0,8,True
2025-2025122807gm-00a9-0000-c1328d8f-03-s2-d1,220,B,4,47,"[43300,34800,17400,4500]",3,-4.0,1,3,0,0,8,True
2025-2025122807gm-00a9-0000-c1328d8f-03-s2-d1,221,A,1,64,"[40900,26400,16000,16700]",4,-10.0,1,3,1,0,8,True
2025-2025122807gm-00a9-0000-c1328d8f-03-s2-d1,221,B,4,47,"[37800,19500,35700,7000]",2,4.0,1,3,0,0,8,True
2025-2025122807gm-00a9-0000-c1328d8f-03-s2-d1,222,A,1,64,"[41300,7900,15000,35800]",3,-4.0,1,3,0,0,10,True
2025-2025122807gm-00a9-0000-c1328d8f-03-s2-d1,222,B,4,47,"[40700,17700,-1900,43500]",4,-10.0,1,0,1,0,8,True
2025-2025122807gm-00a9-0000-c1328d8f-03-s2-d1,223,A,1,64,"[38800,26300,14400,20500]",4,-10.0,1,3,1,0,10,True
2025-2025122807gm-00a9-0000-c1328d8f-03-s2-d1,223,B,4,47,"[32600,28300,12500,26600]",4,-10.0,1,3,0,0,8,True
2025-2025122807gm-00a9-0000-c1328d8f-03-s2-d1,224,A,1,64,"[34700,35400,-2100,32000]",4,-10.0,1,3,0,0,7,True
2025-2025122807gm-00a9-0000-c1328d8f-03-s2-d1,224,B,4,47,"[40100,19000,27400,13500]",2,4.0,1,3,0,0,8,True
2025-2025122807gm-00a9-0000-c1328d8f-03-s2-d1,225,A,1,64,"[51200,9300,37800,1700]",2,4.0,1,3,0,0,8,True
2025-2025122807gm-00a9-0000-c1328d8f-03-s2-d1,225,B,4,47,"[51200,9300,37800,1700]",2,4.0,1,3,0,0,8,True
2025-2025122807gm-00a9-0000-c1328d8f-03-s2-d1,226,A,1,64,"[42600,8000,28300,21100]",2,4.0,1,3,1,0,11,True
2025-2025122807gm-00a9-0000-c1328d8f-03-s2-d1,226,B,4,47,"[43300,14400,17900,24400]",3,-4.0,1,3,0,0,9,True
2025-2025122807gm-00a9-0000-c1328d8f-03-s2-d1,227,A,1,64,"[40300,14200,19900,25600]",3,-4.0,1,3,0,0,8,True
2025-2025122807gm-00a9-0000-c1328d8f-03-s2-d1,227,B,4,47,"[48300,10200,16900,24600]",3,-4.0,1,3,0,0,8,True
2025-2025122807gm-00a9-0000-c1328d8f-03-s2-d1,228,A,1,64,"[34700,30200,6300,28800]",4,-10.0,1,3,0,0,8,True
2025-2025122807gm-00a9-0000-c1328d8f-03-s2-d1,228,B,4,47,"[36300,6400,40400,16900]",1,10.0,1,3,0,0,8,True
2025-2025122807gm-00a9-0000-c1328d8f-03-s2-d1,229,A,1,64,"[38200,27700,30000,4100]",2,4.0,1,3,1,0,12,True
2025-2025122807gm-00a9-0000-c1328d8f-03-s2-d1,229,B,4,47,"[31800,34600,29400,4200]",3,-4.0,1,3,1,0,8,True
2025-2025122807gm-00a9-0000-c1328d8f-03-s2-d1,230,A,1,64,"[42100,12900,19600,25400]",3,-4.0,1,3,1,0,10,True
2025-2025122807gm-00a9-0000-c1328d8f-03-s2-d1,230,B,4,47,"[45700,17700,21300,15300]",2,4.0,1,3,0,0,9,True
2025-2025122807gm-00a9-0000-c1328d8f-03-s2-d1,231,A,1,64,"[53100,-2200,32600,16500]",2,4.0,1,3,0,0,10,True
2025-2025122807gm-00a9-0000-c1328d8f-03-s2-d1,231,B,4,47,"[51300,7200,27100,14400]",2,4.0,1,3,1,0,10,True
2025-2025122807gm-00a9-0000-c1328d8f-03-s2-d1,232,A,1,64,"[32800,5600,31800,29800]",2,4.0,1,3,1,0,11,True
2025-2025122807gm-00a9-0000-c1328d8f-03-s2-d1,232,B,4,47,"[31500,15600,29900,23000]",2,4.0,1,3,1,0,11,True
2025-2025122807gm-00a9-0000-c1328d8f-03-s2-d1,233,A,1,64,"[63200,-1700,19500,19000]",2,4.0,1,2,0,0,7,True
2025-2025122807gm-00a9-0000-c1328d8f-03-s2-d1,233,B,4,47,"[39700,32400,800,26100]",4,-10.0,1,3,0,1,10,True
2025-2025122807gm-00a9-0000-c1328d8f-03-s2-d1,234,A,1,64,"[41300,2000,60600,-3900]",1,10.0,1,3,0,0,8,True
2025-2025122807gm-00a9-0000-c1328d8f-03-s2-d1,234,B,4,47,"[47400,12000,14000,26600]",3,-4.0,1,3,1,0,7,True
2025-2025122807gm-00a9-0000-c1328d8f-03-s2-d1,235,A,1,64,"[38000,14600,30800,16600]",2,4.0,1,3,0,0,11,True
2025-2025122807gm-00a9-0000-c1328d8f-03-s2-d1,235,B,4,47,"[38000,14600,30800,16600]",2,4.0,1,3,0,0,11,True
2025-2025122807gm-00a9-0000-c1328d8f-03-s2-d1,236,A,1,64,"[31100,26900,27200,14800]",2,4.0,1,3,0,0,9,True
2025-2025122807gm-00a9-0000-c1328d8f-03-s2-d1,236,B,4,47,"[44200,8200,23800,23800]",2,4.0,1,3,0,0,9,True
2025-2025122807gm-00a9-0000-c1328d8f-03-s2-d1,237,A,1,64,"[49400,12700,8100,29800]",4,-10.0,1,3,0,0,8,True
2025-2025122807gm-00a9-0000-c1328d8f-03-s2-d1,237,B,4,47,"[56600,20800,2500,20100]",4,-10.0,1,3,0,0,10,True
2025-2025122807gm-00a9-0000-c1328d8f-03-s2-d1,238,A,1,64,"[46200,23000,16800,14000]",3,-4.0,1,3,1,0,12,True
2025-2025122807gm-00a9-0000-c1328d8f-03-s2-d1,238,B,4,47,"[44300,24900,11500,19300]",4,-10.0,1,3,0,0,7,True
2025-2025122807gm-00a9-0000-c1328d8f-03-s2-d1,239,A,1,64,"[43000,32200,22800,2000]",3,-4.0,1,3,1,0,10,True
2025-2025122807gm-00a9-0000-c1328d8f-03-s2-d1,239,B,4,47,"[39800,13300,31300,15600]",2,4.0,1,3,0,0,9,True
2025-2025122807gm-00a9-0000-c1328d8f-03-s2-d1,240,A,1,64,"[54300,39500,-11500,17700]",4,-10.0,1,0,0,0,4,True
2025-2025122807gm-00a9-0000-c1328d8f-03-s2-d1,240,B,4,47,"[63000,19500,-200,17700]",4,-10.0,0,2,0,0,2,True
2025-2025122807gm-00a9-0000-c1328d8f-03-s2-d1,241,A,1,64,"[49300,23400,28600,-1300]",2,4.0,1,1,1,0,7,True
2025-2025122807gm-00a9-0000-c1328d8f-03-s2-d1,241,B,4,47,"[36000,6900,14500,42600]",3,-4.0,1,3,1,0,15,True
2025-2025122807gm-00a9-0000-c1328d8f-03-s2-d1,242,A,1,64,"[41300,20200,27000,11500]",2,4.0,1,3,1,0,10,True
2025-2025122807gm-00a9-0000-c1328d8f-03-s2-d1,242,B,4,47,"[40300,15900,20300,23500]",3,-4.0,1,3,0,0,11,True
2025-2025122807gm-00a9-0000-c1328d8f-03-s2-d1,243,A,1,64,"[43800,40900,15500,-200]",3,-4.0,0,2,0,0,4,True
2025-2025122807gm-00a9-0000-c1328d8f-03-s2-d1,243,B,4,47,"[55600,-5500,21800,28100]",3,-4.0,1,1,1,0,7,True
2025-2025122807gm-00a9-0000-c1328d8f-03-s2-d1,244,A,1,64,"[30900,50800,500,17800]",4,-10.0,1,3,0,0,13,True
2025-2025122807gm-00a9-0000-c1328d8f-03-s2-d1,244,B,4,47,"[30900,50800,500,17800]",4,-10.0,1,3,0,0,13,True
2025-2025122807gm-00a9-0000-c1328d8f-03-s2-d1,245,A,1,64,"[37200,22500,13400,26900]",4,-10.0,1,3,2,0,10,True
2025-2025122807gm-00a9-0000-c1328d8f-03-s2-d1,245,B,4,47,"[46000,6400,30800,16800]",2,4.0,1,3,1,0,10,True
2025-2025122807gm-00a9-0000-c1328d8f-03-s2-d1,246,A,1,64,"[46600,6700,39300,7400]",2,4.0,1,3,0,0,8,True
2025-2025122807gm-00a9-0000-c1328d8f-03-s2-d1,246,B,4,47,"[61500,32900,16300,-10700]",3,-4.0,0,2,1,0,5,True
2025-2025122807gm-00a9-0000-c1328d8f-03-s2-d1,247,A,1,64,"[49300,7300,13000,30400]",3,-4.0,1,3,0,0,9,True
2025-2025122807gm-00a9-0000-c1328d8f-03-s2-d1,247,B,4,47,"[41800,10100,29500,18600]",2,4.0,1,3,3,0,10,True
2025-2025122807gm-00a9-0000-c1328d8f-03-s2-d1,248,A,1,64,"[54400,19700,21100,4800]",2,4.0,1,3,0,0,9,True
2025-2025122807gm-00a9-0000-c1328d8f-03-s2-d1,248,B,4,47,"[45000,27600,14100,13300]",3,-4.0,1,3,0,0,11,True
2025-2025122807gm-00a9-0000-c1328d8f-03-s2-d1,249,A,1,64,"[36400,48200,13300,2100]",3,-4.0,1,3,1,0,8,True
2025-2025122807gm-00a9-0000-c1328d8f-03-s2-d1,249,B,4,47,"[46300,500,11400,41800]",3,-4.0,1,3,2,0,10,True
2025-2025122807gm-00a9-0000-c1328d8f-03-s2-d1,250,A,1,64,"[50400,9300,23500,16800]",2,4.0,1,3,0,0,8,True
2025-2025122807gm-00a9-0000-c1328d8f-03-s2-d1,250,B,4,47,"[32900,21200,26200,19700]",2,4.0,1,3,1,0,9,True
2025-2025122807gm-00a9-0000-c1328d8f-03-s2-d1,251,A,1,64,"[46700,19400,23700,10200]",2,4.0,1,3,0,0,9,True
2025-2025122807gm-00a9-0000-c1328d8f-03-s2-d1,251,B,4,47,"[31000,25700,19300,24000]",4,-10.0,1,3,0,0,9,True
2025-2025122807gm-00a9-0000-c1328d8f-03-s2-d1,252,A,1,64,"[43000,41100,12900,3000]",3,-4.0,1,3,1,0,9,True
2025-2025122807gm-00a9-0000-c1328d8f-03-s2-d1,252,B,4,47,"[43000,41100,12900,3000]",3,-4.0,1,3,1,0,9,True
2025-2025122807gm-00a9-0000-c1328d8f-03-s2-d1,253,A,1,64,"[50100,12100,19000,17800]",2,4.0,1,3,0,1,8,True
2025-2025122807gm-00a9-0000-c1328d8f-03-s2-d1,253,B,4,47,"[16700,47600,10100,25600]",4,-10.0,1,3,0,0,9,True
2025-2025122807gm-00a9-0000-c1328d8f-03-s2-d1,254,A,1,64,"[59700,12600,23900,3800]",2,4.0,1,3,0,0,9,True
2025-2025122807gm-00a9-0000-c1328d8f-03-s2-d1,254,B,4,47,"[59700,12600,23900,3800]",2,4.0,1,3,0,0,9,True
2025-2025122807gm-00a9-0000-c1328d8f-03-s2-d1,255,A,1,64,"[47400,31200,14100,7300]",3,-4.0,1,3,1,0,9,True
2025-2025122807gm-00a9-0000-c1328d8f-03-s2-d1,255,B,4,47,"[51800,25700,17400,5100]",3,-4.0,1,3,0,0,7,True
