decision_id,world_idx,branch,candidate_rank,action_id,final_scores,final_rank,final_utility,round_wind,kyoku_idx,honba,riichi_sticks,n_kyoku,done
2024-2024092523gm-00a9-0000-e7bdeed7-02-s1-d16,0,A,1,134,"[31500,23300,29000,16200]",3,-4.0,1,3,1,0,7,True
2024-2024092523gm-00a9-0000-e7bdeed7-02-s1-d16,0,B,2,0,"[25800,30800,28200,15200]",1,10.0,1,3,0,0,7,True
2024-2024092523gm-00a9-0000-e7bdeed7-02-s1-d16,1,A,1,134,"[50800,21300,27400,500]",3,-4.0,1,3,2,0,9,True
2024-2024092523gm-00a9-0000-e7bdeed7-02-s1-d16,1,B,2,0,"[-1100,39700,26000,35400]",1,10.0,1,3,0,0,7,True
2024-2024092523gm-00a9-0000-e7bdeed7-02-s1-d16,2,A,1,134,"[28600,15300,37400,18700]",4,-10.0,1,3,1,0,7,True
2024-2024092523gm-00a9-0000-e7bdeed7-02-s1-d16,2,B,2,0,"[16100,20400,40300,23200]",3,-4.0,1,3,2,0,8,True
2024-2024092523gm-00a9-0000-e7bdeed7-02-s1-d16,3,A,1,134,"[39800,27400,22800,10000]",2,4.0,1,3,0,0,10,True
2024-2024092523gm-00a9-0000-e7bdeed7-02-s1-d16,3,B,2,0,"[24000,17500,28000,30500]",4,-10.0,1,3,2,0,10,True
2024-2024092523gm-00a9-0000-e7bdeed7-02-s1-d16,4,A,1,134,"[23500,28100,30700,17700]",2,4.0,1,3,0,0,6,True
2024-2024092523gm-00a9-0000-e7bdeed7-02-s1-d16,4,B,2,0,"[11100,20600,60700,7600]",2,4.0,1,3,0,0,10,True
2024-2024092523gm-00a9-0000-e7bdeed7-02-s1-d16,5,A,1,134,"[28200,26800,13300,30700]",3,-4.0,1,3,0,1,7,True
2024-2024092523gm-00a9-0000-e7bdeed7-02-s1-d16,5,B,2,0,"[21300,-1400,54600,25500]",4,-10.0,1,2,1,0,8,True
2024-2024092523gm-00a9-0000-e7bdeed7-02-s1-d16,6,A,1,134,"[23900,28300,33300,14500]",2,4.0,1,3,0,0,7,True
2024-2024092523gm-00a9-0000-e7bdeed7-02-s1-d16,6,B,2,0,"[36400,34700,17900,11000]",2,4.0,1,3,0,0,7,True
2024-2024092523gm-00a9-0000-e7bdeed7-02-s1-d16,7,A,1,134,"[15600,27800,31600,25000]",2,4.0,2,2,0,0,10,True
2024-2024092523gm-00a9-0000-e7bdeed7-02-s1-d16,7,B,2,0,"[30100,34700,27700,7500]",1,10.0,1,3,0,0,6,True
2024-2024092523gm-00a9-0000-e7bdeed7-02-s1-d16,8,A,1,134,"[27600,36300,19100,17000]",1,10.0,1,3,0,0,8,True
2024-2024092523gm-00a9-0000-e7bdeed7-02-s1-d16,8,B,2,0,"[18100,23400,24400,34100]",3,-4.0,2,3,2,0,11,True
2024-2024092523gm-00a9-0000-e7bdeed7-02-s1-d16,9,A,1,134,"[-600,47600,41700,11300]",1,10.0,1,1,1,0,7,True
2024-2024092523gm-00a9-0000-e7bdeed7-02-s1-d16,9,B,2,0,"[32800,500,36200,30500]",4,-10.0,1,3,0,0,8,True
2024-2024092523gm-00a9-0000-e7bdeed7-02-s1-d16,10,A,1,134,"[33200,44700,200,21900]",1,10.0,1,3,0,0,9,True
2024-2024092523gm-00a9-0000-e7bdeed7-02-s1-d16,10,B,2,0,"[17500,28200,21300,33000]",2,4.0,1,3,0,0,10,True
2024-2024092523gm-00a9-0000-e7bdeed7-02-s1-d16,11,A,1,134,"[39200,32700,16200,11900]",2,4.0,1,3,0,0,7,True
2024-2024092523gm-00a9-0000-e7bdeed7-02-s1-d16,11,B,2,0,"[28900,46800,15000,9300]",1,10.0,1,3,0,0,8,True
2024-2024092523gm-00a9-0000-e7bdeed7-02-s1-d16,12,A,1,134,"[12700,25300,43200,18800]",2,4.0,1,3,0,0,8,True
2024-2024092523gm-00a9-0000-e7bdeed7-02-s1-d16,12,B,2,0,"[15000,26200,30700,28100]",3,-4.0,2,0,0,0,8,True
2024-2024092523gm-00a9-0000-e7bdeed7-02-s1-d16,13,A,1,134,"[42800,19400,7600,30200]",3,-4.0,1,3,1,0,8,True
2024-2024092523gm-00a9-0000-e7bdeed7-02-s1-d16,13,B,2,0,"[27300,38300,21500,12900]",1,10.0,1,3,1,0,11,True
2024-2024092523gm-00a9-0000-e7bdeed7-02-s1-d16,14,A,1,134,"[38400,29200,21000,11400]",2,4.0,1,3,0,0,6,True
2024-2024092523gm-00a9-0000-e7bdeed7-02-s1-d16,14,B,2,0,"[43500,31800,3900,20800]",2,4.0,1,3,0,0,7,True
2024-2024092523gm-00a9-0000-e7bdeed7-02-s1-d16,15,A,1,134,"[21300,35600,17700,25400]",1,10.0,1,3,0,0,7,True
2024-2024092523gm-00a9-0000-e7bdeed7-02-s1-d16,15,B,2,0,"[6600,33400,25500,34500]",2,4.0,1,3,0,0,6,True
2024-2024092523gm-00a9-0000-e7bdeed7-02-s1-d16,16,A,1,134,"[15500,16800,30000,37700]",3,-4.0,1,3,0,0,8,True
2024-2024092523gm-00a9-0000-e7bdeed7-02-s1-d16,16,B,2,0,"[13600,42800,17900,25700]",1,10.0,1,3,0,0,10,True
2024-2024092523gm-00a9-0000-e7bdeed7-02-s1-d16,17,A,1,134,"[30700,20700,29400,19200]",3,-4.0,1,3,0,0,9,True
2024-2024092523gm-00a9-0000-e7bdeed7-02-s1-d16,17,B,2,0,"[34600,8100,41300,16000]",4,-10.0,1,3,1,0,11,True
2024-2024092523gm-00a9-0000-e7bdeed7-02-s1-d16,18,A,1,134,"[24600,26100,32000,17300]",2,4.0,1,3,0,0,7,True
2024-2024092523gm-00a9-0000-e7bdeed7-02-s1-d16,18,B,2,0,"[7000,42700,30800,19500]",1,10.0,1,3,0,0,7,True
2024-2024092523gm-00a9-0000-e7bdeed7-02-s1-d16,19,A,1,134,"[24000,21300,21900,32800]",4,-10.0,1,3,0,0,6,True
2024-2024092523gm-00a9-0000-e7bdeed7-02-s1-d16,19,B,2,0,"[12700,23000,30500,33800]",3,-4.0,1,3,0,0,6,True
2024-2024092523gm-00a9-0000-e7bdeed7-02-s1-d16,20,A,1,134,"[14200,28100,32400,25300]",2,4.0,1,3,1,0,9,True
2024-2024092523gm-00a9-0000-e7bdeed7-02-s1-d16,20,B,2,0,"[9500,29200,30300,31000]",3,-4.0,1,3,0,0,7,True
2024-2024092523gm-00a9-0000-e7bdeed7-02-s1-d16,21,A,1,134,"[30700,25500,29200,14600]",3,-4.0,1,3,1,0,10,True
2024-2024092523gm-00a9-0000-e7bdeed7-02-s1-d16,21,B,2,0,"[15800,27900,24100,32200]",2,4.0,1,3,1,0,7,True
2024-2024092523gm-00a9-0000-e7bdeed7-02-s1-d16,22,A,1,134,"[40000,27800,-1100,33300]",3,-4.0,1,1,0,0,5,True
2024-2024092523gm-00a9-0000-e7bdeed7-02-s1-d16,22,B,2,0,"[-3200,33100,32400,37700]",2,4.0,1,3,0,0,11,True
2024-2024092523gm-00a9-0000-e7bdeed7-02-s1-d16,23,A,1,134,"[31300,13700,28000,27000]",4,-10.0,1,3,0,0,7,True
2024-2024092523gm-00a9-0000-e7bdeed7-02-s1-d16,23,B,2,0,"[9300,22300,37600,30800]",3,-4.0,1,3,0,0,8,True
2024-2024092523gm-00a9-0000-e7bdeed7-02-s1-d16,24,A,1,134,"[2500,17300,49000,31200]",3,-4.0,1,3,4,0,10,True
2024-2024092523gm-00a9-0000-e7bdeed7-02-s1-d16,24,B,2,0,"[21800,39500,44900,-6200]",2,4.0,1,1,0,0,6,True
2024-2024092523gm-00a9-0000-e7bdeed7-02-s1-d16,25,A,1,134,"[26400,24000,32500,17100]",3,-4.0,1,3,0,0,7,True
2024-2024092523gm-00a9-0000-e7bdeed7-02-s1-d16,25,B,2,0,"[37200,30600,27900,4300]",2,4.0,1,3,0,0,7,True
2024-2024092523gm-00a9-0000-e7bdeed7-02-s1-d16,26,A,1,134,"[17900,29600,17700,34800]",2,4.0,1,3,0,0,6,True
2024-2024092523gm-00a9-0000-e7bdeed7-02-s1-d16,26,B,2,0,"[20900,32800,21800,24500]",1,10.0,1,3,0,0,6,True
2024-2024092523gm-00a9-0000-e7bdeed7-02-s1-d16,27,A,1,134,"[35400,26400,18500,19700]",2,4.0,1,3,0,0,8,True
2024-2024092523gm-00a9-0000-e7bdeed7-02-s1-d16,27,B,2,0,"[16000,21700,38200,24100]",3,-4.0,1,3,2,0,8,True
2024-2024092523gm-00a9-0000-e7bdeed7-02-s1-d16,28,A,1,134,"[14500,35600,29200,20700]",1,10.0,1,3,5,0,13,True
2024-2024092523gm-00a9-0000-e7bdeed7-02-s1-d16,28,B,2,0,"[26000,27600,30000,16400]",2,4.0,1,3,1,0,6,True
2024-2024092523gm-00a9-0000-e7bdeed7-02-s1-d16,29,A,1,134,"[20500,23000,33200,23300]",3,-4.0,2,1,0,0,9,True
2024-2024092523gm-00a9-0000-e7bdeed7-02-s1-d16,29,B,2,0,"[23400,20000,32700,23900]",4,-10.0,1,3,2,0,7,True
2024-2024092523gm-00a9-0000-e7bdeed7-02-s1-d16,30,A,1,134,"[7600,14300,45600,32500]",3,-4.0,1,3,0,0,8,True
2024-2024092523gm-00a9-0000-e7bdeed7-02-s1-d16,30,B,2,0,"[28000,-13900,44800,41100]",4,-10.0,1,2,0,0,6,True
2024-2024092523gm-00a9-0000-e7bdeed7-02-s1-d16,31,A,1,134,"[6300,30400,39300,24000]",2,4.0,1,3,0,0,6,True
2024-2024092523gm-00a9-0000-e7bdeed7-02-s1-d16,31,B,2,0,"[28300,35200,41500,-5000]",2,4.0,1,2,0,0,6,True
2024-2024092523gm-00a9-0000-e7bdeed7-02-s1-d16,32,A,1,134,"[17200,19200,34300,26300]",3,-4.0,1,3,1,3,9,True
2024-2024092523gm-00a9-0000-e7bdeed7-02-s1-d16,32,B,2,0,"[25400,30100,37500,7000]",2,4.0,1,3,3,0,9,True
2024-2024092523gm-00a9-0000-e7bdeed7-02-s1-d16,33,A,1,134,"[29000,29000,35000,7000]",3,-4.0,1,3,0,0,7,True
2024-2024092523gm-00a9-0000-e7bdeed7-02-s1-d16,33,B,2,0,"[30200,32800,34300,2700]",2,4.0,1,3,0,0,7,True
2024-2024092523gm-00a9-0000-e7bdeed7-02-s1-d16,34,A,1,134,"[17800,21300,35900,25000]",3,-4.0,2,1,0,0,10,True
2024-2024092523gm-00a9-0000-e7bdeed7-02-s1-d16,34,B,2,0,"[34000,22800,22200,21000]",2,4.0,1,3,0,0,7,True
2024-2024092523gm-00a9-0000-e7bdeed7-02-s1-d16,35,A,1,134,"[18200,26600,16500,38700]",2,4.0,1,3,0,0,9,True
2024-2024092523gm-00a9-0000-e7bdeed7-02-s1-d16,35,B,2,0,"[-100,37600,30400,32100]",1,10.0,1,1,0,0,6,True
2024-2024092523gm-00a9-0000-e7bdeed7-02-s1-d16,36,A,1,134,"[19500,29400,20600,30500]",2,4.0,1,3,0,0,6,True
2024-2024092523gm-00a9-0000-e7bdeed7-02-s1-d16,36,B,2,0,"[23800,19000,45800,11400]",3,-4.0,1,3,0,0,8,True
2024-2024092523gm-00a9-0000-e7bdeed7-02-s1-d16,37,A,1,134,"[23000,16800,26200,34000]",4,-10.0,1,3,0,0,6,True
2024-2024092523gm-00a9-0000-e7bdeed7-02-s1-d16,37,B,2,0,"[26900,28200,24900,20000]",1,10.0,2,3,0,0,10,True
2024-2024092523gm-00a9-0000-e7bdeed7-02-s1-d16,38,A,1,134,"[22800,34900,19100,23200]",1,10.0,1,3,1,0,7,True
2024-2024092523gm-00a9-0000-e7bdeed7-02-s1-d16,38,B,2,0,"[36400,19400,27400,16800]",3,-4.0,1,3,1,0,7,True
2024-2024092523gm-00a9-0000-e7bdeed7-02-s1-d16,39,A,1,134,"[18500,26700,23100,31700]",2,4.0,1,3,0,0,9,True
2024-2024092523gm-00a9-0000-e7bdeed7-02-s1-d16,39,B,2,0,"[23200,22500,22200,32100]",3,-4.0,1,3,0,0,7,True
2024-2024092523gm-00a9-0000-e7bdeed7-02-s1-d16,40,A,1,134,"[31600,16300,30600,20500]",4,-10.0,1,3,1,1,7,True
2024-2024092523gm-00a9-0000-e7bdeed7-02-s1-d16,40,B,2,0,"[24300,10900,44200,20600]",4,-10.0,1,3,0,0,9,True
2024-2024092523gm-00a9-0000-e7bdeed7-02-s1-d16,41,A,1,134,"[9100,38900,23900,28100]",1,10.0,1,3,0,0,6,True
2024-2024092523gm-00a9-0000-e7bdeed7-02-s1-d16,41,B,2,0,"[18800,25600,41600,14000]",2,4.0,1,3,1,0,7,True
2024-2024092523gm-00a9-0000-e7bdeed7-02-s1-d16,42,A,1,134,"[23400,56600,-100,20100]",1,10.0,1,1,0,0,4,True
2024-2024092523gm-00a9-0000-e7bdeed7-02-s1-d16,42,B,2,0,"[51700,-8900,41600,15600]",4,-10.0,1,0,0,0,4,True
2024-2024092523gm-00a9-0000-e7bdeed7-02-s1-d16,43,A,1,134,"[18000,30000,18700,33300]",2,4.0,1,3,0,0,7,True
2024-2024092523gm-00a9-0000-e7bdeed7-02-s1-d16,43,B,2,0,"[26900,30600,43700,-1200]",2,4.0,1,2,1,0,9,True
2024-2024092523gm-00a9-0000-e7bdeed7-02-s1-d16,44,A,1,134,"[31500,24400,21300,22800]",2,4.0,2,0,0,0,7,True
2024-2024092523gm-00a9-0000-e7bdeed7-02-s1-d16,44,B,2,0,"[15300,25700,24600,34400]",2,4.0,1,3,0,0,7,True
2024-2024092523gm-00a9-0000-e7bdeed7-02-s1-d16,45,A,1,134,"[24300,22700,23000,30000]",4,-10.0,1,3,1,0,8,True
2024-2024092523gm-00a9-0000-e7bdeed7-02-s1-d16,45,B,2,0,"[24300,22700,23000,30000]",4,-10.0,1,3,1,0,8,True
2024-2024092523gm-00a9-0000-e7bdeed7-02-s1-d16,46,A,1,134,"[14200,35100,22200,28500]",1,10.0,1,3,2,0,7,True
2024-2024092523gm-00a9-0000-e7bdeed7-02-s1-d16,46,B,2,0,"[35600,30300,21900,12200]",2,4.0,1,3,0,0,6,True
2024-2024092523gm-00a9-0000-e7bdeed7-02-s1-d16,47,A,1,134,"[15200,3000,59200,22600]",4,-10.0,1,3,0,0,8,True
2024-2024092523gm-00a9-0000-e7bdeed7-02-s1-d16,47,B,2,0,"[19200,24300,39700,16800]",2,4.0,1,3,2,0,9,True
2024-2024092523gm-00a9-0000-e7bdeed7-02-s1-d16,48,A,1,134,"[24200,34500,26700,14600]",1,10.0,1,3,1,0,6,True
2024-2024092523gm-00a9-0000-e7bdeed7-02-s1-d16,48,B,2,0,"[5800,24000,15800,54400]",2,4.0,1,3,0,0,7,True
2024-2024092523gm-00a9-0000-e7bdeed7-02-s1-d16,49,A,1,134,"[17400,27500,35900,19200]",2,4.0,1,3,1,0,9,True
2024-2024092523gm-00a9-0000-e7bdeed7-02-s1-d16,49,B,2,0,"[26100,25000,30500,18400]",3,-4.0,2,0,1,0,9,True
2024-2024092523gm-00a9-0000-e7bdeed7-02-s1-d16,50,A,1,134,"[26400,17600,32200,23800]",4,-10.0,2,2,0,0,11,True
2024-2024092523gm-00a9-0000-e7bdeed7-02-s1-d16,50,B,2,0,"[29300,26400,32500,11800]",3,-4.0,1,3,1,0,8,True
2024-2024092523gm-00a9-0000-e7bdeed7-02-s1-d16,51,A,1,134,"[16600,28600,46700,8100]",2,4.0,1,3,0,0,7,True
2024-2024092523gm-00a9-0000-e7bdeed7-02-s1-d16,51,B,2,0,"[39700,20800,36700,2800]",3,-4.0,1,3,0,0,8,True
2024-2024092523gm-00a9-0000-e7bdeed7-02-s1-d16,52,A,1,134,"[9500,38700,41600,10200]",2,4.0,1,3,0,0,7,True
2024-2024092523gm-00a9-0000-e7bdeed7-02-s1-d16,52,B,2,0,"[9500,38700,41600,10200]",2,4.0,1,3,0,0,7,True
2024-2024092523gm-00a9-0000-e7bdeed7-02-s1-d16,53,A,1,134,"[20500,16500,38900,24100]",4,-10.0,1,3,0,0,6,True
2024-2024092523gm-00a9-0000-e7bdeed7-02-s1-d16,53,B,2,0,"[24500,26200,30600,18700]",2,4.0,1,3,0,0,7,True
2024-2024092523gm-00a9-0000-e7bdeed7-02-s1-d16,54,A,1,134,"[16300,33100,22400,28200]",1,10.0,1,3,0,0,8,True
2024-2024092523gm-00a9-0000-e7bdeed7-02-s1-d16,54,B,2,0,"[24700,23800,35000,16500]",3,-4.0,1,3,1,0,7,True
2024-2024092523gm-00a9-0000-e7bdeed7-02-s1-d16,55,A,1,134,"[22100,17000,43800,17100]",4,-10.0,1,3,2,0,9,True
2024-2024092523gm-00a9-0000-e7bdeed7-02-s1-d16,55,B,2,0,"[35900,22100,23800,18200]",3,-4.0,1,3,0,0,8,True
2024-2024092523gm-00a9-0000-e7bdeed7-02-s1-d16,56,A,1,134,"[33900,18000,20900,27200]",4,-10.0,1,3,0,0,7,True
2024-2024092523gm-00a9-0000-e7bdeed7-02-s1-d16,56,B,2,0,"[34300,26200,18400,21100]",2,4.0,1,3,0,0,7,True
2024-2024092523gm-00a9-0000-e7bdeed7-02-s1-d16,57,A,1,134,"[30500,40300,34800,-5600]",1,10.0,1,2,0,0,7,True
2024-2024092523gm-00a9-0000-e7bdeed7-02-s1-d16,57,B,2,0,"[40500,19100,23300,17100]",3,-4.0,1,3,0,0,9,True
2024-2024092523gm-00a9-0000-e7bdeed7-02-s1-d16,58,A,1,134,"[25100,10500,35200,29200]",4,-10.0,1,3,1,0,8,True
2024-2024092523gm-00a9-0000-e7bdeed7-02-s1-d16,58,B,2,0,"[21600,18500,33700,26200]",4,-10.0,1,3,1,0,8,True
2024-2024092523gm-00a9-0000-e7bdeed7-02-s1-d16,59,A,1,134,"[7800,39500,20000,32700]",1,10.0,1,3,1,0,8,True
2024-2024092523gm-00a9-0000-e7bdeed7-02-s1-d16,59,B,2,0,"[23800,21000,23800,31400]",4,-10.0,1,3,0,0,8,True
2024-2024092523gm-00a9-0000-e7bdeed7-02-s1-d16,60,A,1,134,"[11300,25200,28900,34600]",3,-4.0,1,3,0,0,6,True
2024-2024092523gm-00a9-0000-e7bdeed7-02-s1-d16,60,B,2,0,"[2100,45400,41600,10900]",1,10.0,1,3,0,0,8,True
2024-2024092523gm-00a9-0000-e7bdeed7-02-s1-d16,61,A,1,134,"[40200,22600,21800,15400]",2,4.0,1,3,1,0,8,True
2024-2024092523gm-00a9-0000-e7bdeed7-02-s1-d16,61,B,2,0,"[42400,20500,22100,15000]",3,-4.0,1,3,0,0,7,True
2024-2024092523gm-00a9-0000-e7bdeed7-02-s1-d16,62,A,1,134,"[31000,27000,16900,25100]",2,4.0,1,3,0,0,7,True
2024-2024092523gm-00a9-0000-e7bdeed7-02-s1-d16,62,B,2,0,"[31200,26700,16900,25200]",2,4.0,1,3,0,0,6,True
2024-2024092523gm-00a9-0000-e7bdeed7-02-s1-d16,63,A,1,134,"[24600,14900,35700,24800]",4,-10.0,1,3,0,0,7,True
2024-2024092523gm-00a9-0000-e7bdeed7-02-s1-d16,63,B,2,0,"[23000,33100,22400,21500]",1,10.0,1,3,0,0,8,True
2024-2024092523gm-00a9-0000-e7bdeed7-02-s1-d16,64,A,1,134,"[19200,36300,26500,18000]",1,10.0,1,3,0,0,9,True
2024-2024092523gm-00a9-0000-e7bdeed7-02-s1-d16,64,B,2,0,"[14800,36000,30500,18700]",1,10.0,1,3,3,0,10,True
2024-2024092523gm-00a9-0000-e7bdeed7-02-s1-d16,65,A,1,134,"[45300,4800,18900,31000]",4,-10.0,1,3,1,0,8,True
2024-2024092523gm-00a9-0000-e7bdeed7-02-s1-d16,65,B,2,0,"[25600,11500,27800,35100]",4,-10.0,1,3,0,0,7,True
2024-2024092523gm-00a9-0000-e7bdeed7-02-s1-d16,66,A,1,134,"[0,44800,33100,22100]",1,10.0,1,3,0,0,7,True
2024-2024092523gm-00a9-0000-e7bdeed7-02-s1-d16,66,B,2,0,"[29900,42200,20800,7100]",1,10.0,1,3,0,0,8,True
2024-2024092523gm-00a9-0000-e7bdeed7-02-s1-d16,67,A,1,134,"[20500,35900,24500,19100]",1,10.0,1,3,2,0,12,True
2024-2024092523gm-00a9-0000-e7bdeed7-02-s1-d16,67,B,2,0,"[23400,26400,17300,32900]",2,4.0,1,3,0,0,6,True
2024-2024092523gm-00a9-0000-e7bdeed7-02-s1-d16,68,A,1,134,"[57400,22700,20100,-200]",2,4.0,1,2,0,0,5,True
2024-2024092523gm-00a9-0000-e7bdeed7-02-s1-d16,68,B,2,0,"[20000,25300,17900,36800]",2,4.0,2,3,0,0,14,True
2024-2024092523gm-00a9-0000-e7bdeed7-02-s1-d16,69,A,1,134,"[24200,33900,27900,14000]",1,10.0,1,3,0,0,6,True
2024-2024092523gm-00a9-0000-e7bdeed7-02-s1-d16,69,B,2,0,"[41700,17600,26300,14400]",3,-4.0,1,3,0,0,6,True
2024-2024092523gm-00a9-0000-e7bdeed7-02-s1-d16,70,A,1,134,"[26600,40900,27400,5100]",1,10.0,1,3,2,0,7,True
2024-2024092523gm-00a9-0000-e7bdeed7-02-s1-d16,70,B,2,0,"[26400,32300,20400,20900]",1,10.0,1,3,0,0,7,True
2024-2024092523gm-00a9-0000-e7bdeed7-02-s1-d16,71,A,1,134,"[23700,20000,36300,20000]",3,-4.0,2,0,0,0,8,True
2024-2024092523gm-00a9-0000-e7bdeed7-02-s1-d16,71,B,2,0,"[9700,28800,28900,32600]",3,-4.0,1,3,0,0,8,True
2024-2024092523gm-00a9-0000-e7bdeed7-02-s1-d16,72,A,1,134,"[16000,16200,35400,32400]",3,-4.0,1,3,0,0,6,True
2024-2024092523gm-00a9-0000-e7bdeed7-02-s1-d16,72,B,2,0,"[35700,33400,32400,-1500]",2,4.0,1,2,0,0,7,True
2024-2024092523gm-00a9-0000-e7bdeed7-02-s1-d16,73,A,1,134,"[42800,50800,19400,-13000]",1,10.0,1,3,0,0,8,True
2024-2024092523gm-00a9-0000-e7bdeed7-02-s1-d16,73,B,2,0,"[36100,23500,21300,19100]",2,4.0,1,3,1,0,9,True
2024-2024092523gm-00a9-0000-e7bdeed7-02-s1-d16,74,A,1,134,"[17300,6000,41100,35600]",4,-10.0,1,3,0,0,9,True
2024-2024092523gm-00a9-0000-e7bdeed7-02-s1-d16,74,B,2,0,"[40100,26500,-4600,38000]",3,-4.0,1,3,0,0,7,True
2024-2024092523gm-00a9-0000-e7bdeed7-02-s1-d16,75,A,1,134,"[14400,24700,31300,29600]",3,-4.0,2,0,0,0,8,True
2024-2024092523gm-00a9-0000-e7bdeed7-02-s1-d16,75,B,2,0,"[26500,19800,41100,12600]",3,-4.0,1,3,0,0,8,True
2024-2024092523gm-00a9-0000-e7bdeed7-02-s1-d16,76,A,1,134,"[18500,36200,40100,5200]",2,4.0,1,3,0,0,9,True
2024-2024092523gm-00a9-0000-e7bdeed7-02-s1-d16,76,B,2,0,"[33900,19100,49800,-2800]",3,-4.0,1,1,0,0,5,True
2024-2024092523gm-00a9-0000-e7bdeed7-02-s1-d16,77,A,1,134,"[29100,37100,4500,29300]",1,10.0,1,3,1,0,9,True
2024-2024092523gm-00a9-0000-e7bdeed7-02-s1-d16,77,B,2,0,"[47200,29500,20700,2600]",2,4.0,1,3,0,0,11,True
2024-2024092523gm-00a9-0000-e7bdeed7-02-s1-d16,78,A,1,134,"[31300,42000,9700,17000]",1,10.0,1,3,0,0,7,True
2024-2024092523gm-00a9-0000-e7bdeed7-02-s1-d16,78,B,2,0,"[22300,39900,16700,21100]",1,10.0,1,3,1,0,8,True
2024-2024092523gm-00a9-0000-e7bdeed7-02-s1-d16,79,A,1,134,"[19400,32800,25600,22200]",1,10.0,1,3,4,0,10,True
2024-2024092523gm-00a9-0000-e7bdeed7-02-s1-d16,79,B,2,0,"[22400,31400,9900,36300]",2,4.0,1,3,0,0,11,True
2024-2024092523gm-00a9-0000-e7bdeed7-02-s1-d16,80,A,1,134,"[41400,14400,31500,12700]",3,-4.0,1,3,1,0,9,True
2024-2024092523gm-00a9-0000-e7bdeed7-02-s1-d16,80,B,2,0,"[31600,26000,27300,15100]",3,-4.0,1,3,1,0,6,True
2024-2024092523gm-00a9-0000-e7bdeed7-02-s1-d16,81,A,1,134,"[52300,14400,15300,17000]",4,-10.0,1,3,2,1,8,True
2024-2024092523gm-00a9-0000-e7bdeed7-02-s1-d16,81,B,2,0,"[24900,18800,20700,34600]",4,-10.0,1,3,0,1,7,True
2024-2024092523gm-00a9-0000-e7bdeed7-02-s1-d16,82,A,1,134,"[32900,25800,36500,4800]",3,-4.0,1,3,0,0,8,True
2024-2024092523gm-00a9-0000-e7bdeed7-02-s1-d16,82,B,2,0,"[42800,2400,25200,29600]",4,-10.0,1,3,0,0,10,True
2024-2024092523gm-00a9-0000-e7bdeed7-02-s1-d16,83,A,1,134,"[22300,27900,8100,41700]",2,4.0,1,3,0,0,7,True
2024-2024092523gm-00a9-0000-e7bdeed7-02-s1-d16,83,B,2,0,"[42200,-1300,20900,38200]",4,-10.0,1,0,0,0,5,True
2024-2024092523gm-00a9-0000-e7bdeed7-02-s1-d16,84,A,1,134,"[-15300,31000,58000,26300]",2,4.0,1,1,0,0,5,True
2024-2024092523gm-00a9-0000-e7bdeed7-02-s1-d16,84,B,2,0,"[24600,32400,45900,-2900]",2,4.0,1,2,0,0,9,True
2024-2024092523gm-00a9-0000-e7bdeed7-02-s1-d16,85,A,1,134,"[17300,26400,25200,31100]",2,4.0,2,1,0,0,8,True
2024-2024092523gm-00a9-0000-e7bdeed7-02-s1-d16,85,B,2,0,"[14800,21900,21600,41700]",2,4.0,1,3,0,0,9,True
2024-2024092523gm-00a9-0000-e7bdeed7-02-s1-d16,86,A,1,134,"[20700,27500,31800,20000]",2,4.0,2,0,0,0,8,True
2024-2024092523gm-00a9-0000-e7bdeed7-02-s1-d16,86,B,2,0,"[-3300,35400,30100,37800]",2,4.0,1,3,0,0,9,True
2024-2024092523gm-00a9-0000-e7bdeed7-02-s1-d16,87,A,1,134,"[35300,24100,8200,32400]",3,-4.0,1,3,0,0,8,True
2024-2024092523gm-00a9-0000-e7bdeed7-02-s1-d16,87,B,2,0,"[35900,32200,12800,19100]",2,4.0,1,3,0,0,8,True
2024-2024092523gm-00a9-0000-e7bdeed7-02-s1-d16,88,A,1,134,"[28700,34300,14900,22100]",1,10.0,1,3,0,0,9,True
2024-2024092523gm-00a9-0000-e7bdeed7-02-s1-d16,88,B,2,0,"[21700,12200,22400,43700]",4,-10.0,1,3,0,0,9,True
2024-2024092523gm-00a9-0000-e7bdeed7-02-s1-d16,89,A,1,134,"[24100,40500,14400,20000]",1,10.0,1,3,0,1,6,True
2024-2024092523gm-00a9-0000-e7bdeed7-02-s1-d16,89,B,2,0,"[25300,33500,13700,27500]",1,10.0,1,3,0,0,7,True
2024-2024092523gm-00a9-0000-e7bdeed7-02-s1-d16,90,A,1,134,"[-3800,33800,27900,42100]",2,4.0,1,3,0,0,8,True
2024-2024092523gm-00a9-0000-e7bdeed7-02-s1-d16,90,B,2,0,"[32400,35000,24900,7700]",1,10.0,1,3,0,0,9,True
2024-2024092523gm-00a9-0000-e7bdeed7-02-s1-d16,91,A,1,134,"[38800,35600,13200,12400]",2,4.0,1,3,0,0,7,True
2024-2024092523gm-00a9-0000-e7bdeed7-02-s1-d16,91,B,2,0,"[16800,1200,46600,35400]",4,-10.0,1,3,2,0,10,True
2024-2024092523gm-00a9-0000-e7bdeed7-02-s1-d16,92,A,1,134,"[13200,42400,19900,24500]",1,10.0,1,3,0,0,8,True
2024-2024092523gm-00a9-0000-e7bdeed7-02-s1-d16,92,B,2,0,"[14700,18300,36800,30200]",3,-4.0,1,3,0,0,8,True
2024-2024092523gm-00a9-0000-e7bdeed7-02-s1-d16,93,A,1,134,"[32800,33500,14100,19600]",1,10.0,1,3,0,0,6,True
2024-2024092523gm-00a9-0000-e7bdeed7-02-s1-d16,93,B,2,0,"[36600,19400,19100,24900]",3,-4.0,1,3,0,0,6,True
2024-2024092523gm-00a9-0000-e7bdeed7-02-s1-d16,94,A,1,134,"[20100,37900,21200,19800]",1,10.0,1,3,0,1,10,True
2024-2024092523gm-00a9-0000-e7bdeed7-02-s1-d16,94,B,2,0,"[21300,25500,19600,33600]",2,4.0,2,0,1,0,9,True
2024-2024092523gm-00a9-0000-e7bdeed7-02-s1-d16,95,A,1,134,"[28100,30900,34800,6200]",2,4.0,1,3,2,0,10,True
2024-2024092523gm-00a9-0000-e7bdeed7-02-s1-d16,95,B,2,0,"[20500,31300,17300,30900]",1,10.0,1,3,0,0,7,True
2024-2024092523gm-00a9-0000-e7bdeed7-02-s1-d16,96,A,1,134,"[15700,33300,26600,24400]",1,10.0,1,3,1,0,8,True
2024-2024092523gm-00a9-0000-e7bdeed7-02-s1-d16,96,B,2,0,"[28600,29300,36300,5800]",2,4.0,1,3,0,0,6,True
2024-2024092523gm-00a9-0000-e7bdeed7-02-s1-d16,97,A,1,134,"[9200,33200,29900,27700]",1,10.0,2,0,0,0,7,True
2024-2024092523gm-00a9-0000-e7bdeed7-02-s1-d16,97,B,2,0,"[15900,32100,25900,26100]",1,10.0,2,0,0,0,7,True
2024-2024092523gm-00a9-0000-e7bdeed7-02-s1-d16,98,A,1,134,"[23200,27400,33100,16300]",2,4.0,1,3,0,0,7,True
2024-2024092523gm-00a9-0000-e7bdeed7-02-s1-d16,98,B,2,0,"[28400,23600,33500,14500]",3,-4.0,1,3,0,0,8,True
2024-2024092523gm-00a9-0000-e7bdeed7-02-s1-d16,99,A,1,134,"[37200,29200,13800,19800]",2,4.0,1,3,0,0,9,True
2024-2024092523gm-00a9-0000-e7bdeed7-02-s1-d16,99,B,2,0,"[47200,21800,-2200,33200]",3,-4.0,1,0,0,0,4,True
2024-2024092523gm-00a9-0000-e7bdeed7-02-s1-d16,100,A,1,134,"[38600,23400,31500,6500]",3,-4.0,1,3,0,0,7,True
2024-2024092523gm-00a9-0000-e7bdeed7-02-s1-d16,100,B,2,0,"[24700,40200,16900,18200]",1,10.0,1,3,0,0,9,True
2024-2024092523gm-00a9-0000-e7bdeed7-02-s1-d16,101,A,1,134,"[15200,28900,31300,24600]",2,4.0,1,3,1,0,10,True
2024-2024092523gm-00a9-0000-e7bdeed7-02-s1-d16,101,B,2,0,"[30200,23500,42400,3900]",3,-4.0,1,3,1,0,10,True
2024-2024092523gm-00a9-0000-e7bdeed7-02-s1-d16,102,A,1,134,"[29500,33000,27600,9900]",1,10.0,1,3,2,0,8,True
2024-2024092523gm-00a9-0000-e7bdeed7-02-s1-d16,102,B,2,0,"[14900,27600,30000,27500]",2,4.0,1,3,0,0,8,True
2024-2024092523gm-00a9-0000-e7bdeed7-02-s1-d16,103,A,1,134,"[16800,28200,10600,44400]",2,4.0,1,3,0,0,8,True
2024-2024092523gm-00a9-0000-e7bdeed7-02-s1-d16,103,B,2,0,"[34500,23600,24800,17100]",3,-4.0,1,3,1,0,7,True
2024-2024092523gm-00a9-0000-e7bdeed7-02-s1-d16,104,A,1,134,"[27200,17200,42500,13100]",3,-4.0,1,3,1,0,8,True
2024-2024092523gm-00a9-0000-e7bdeed7-02-s1-d16,104,B,2,0,"[50300,9500,32400,7800]",3,-4.0,1,3,0,0,7,True
2024-2024092523gm-00a9-0000-e7bdeed7-02-s1-d16,105,A,1,134,"[13100,24700,39200,23000]",2,4.0,1,3,0,0,7,True
2024-2024092523gm-00a9-0000-e7bdeed7-02-s1-d16,105,B,2,0,"[25500,27700,38000,8800]",2,4.0,1,3,0,0,7,True
2024-2024092523gm-00a9-0000-e7bdeed7-02-s1-d16,106,A,1,134,"[26900,24000,38700,10400]",3,-4.0,1,3,0,0,6,True
2024-2024092523gm-00a9-0000-e7bdeed7-02-s1-d16,106,B,2,0,"[38400,22000,22400,17200]",3,-4.0,1,3,0,0,8,True
2024-2024092523gm-00a9-0000-e7bdeed7-02-s1-d16,107,A,1,134,"[21800,24100,36300,17800]",2,4.0,1,3,0,0,6,True
2024-2024092523gm-00a9-0000-e7bdeed7-02-s1-d16,107,B,2,0,"[27300,31200,20900,20600]",1,10.0,1,3,0,0,7,True
2024-2024092523gm-00a9-0000-e7bdeed7-02-s1-d16,108,A,1,134,"[16800,37500,18600,26100]",1,10.0,1,3,0,1,7,True
2024-2024092523gm-00a9-0000-e7bdeed7-02-s1-d16,108,B,2,0,"[16900,41300,14200,27600]",1,10.0,1,3,0,0,7,True
2024-2024092523gm-00a9-0000-e7bdeed7-02-s1-d16,109,A,1,134,"[36200,24200,51200,-11600]",3,-4.0,1,2,0,0,6,True
2024-2024092523gm-00a9-0000-e7bdeed7-02-s1-d16,109,B,2,0,"[13500,33800,14700,38000]",2,4.0,1,3,0,0,7,True
2024-2024092523gm-00a9-0000-e7bdeed7-02-s1-d16,110,A,1,134,"[13100,26000,30600,30300]",3,-4.0,1,3,0,0,7,True
2024-2024092523gm-00a9-0000-e7bdeed7-02-s1-d16,110,B,2,0,"[23400,41100,26100,9400]",1,10.0,1,3,0,0,6,True
2024-2024092523gm-00a9-0000-e7bdeed7-02-s1-d16,111,A,1,134,"[17900,21300,51700,9100]",2,4.0,1,3,3,0,8,True
2024-2024092523gm-00a9-0000-e7bdeed7-02-s1-d16,111,B,2,0,"[17900,26700,33700,21700]",2,4.0,1,3,0,0,9,True
2024-2024092523gm-00a9-0000-e7bdeed7-02-s1-d16,112,A,1,134,"[42500,-4100,53600,8000]",4,-10.0,1,2,1,0,8,True
2024-2024092523gm-00a9-0000-e7bdeed7-02-s1-d16,112,B,2,0,"[14400,33100,40600,11900]",2,4.0,1,3,0,0,10,True
2024-2024092523gm-00a9-0000-e7bdeed7-02-s1-d16,113,A,1,134,"[26800,22000,35700,15500]",3,-4.0,1,3,1,0,6,True
2024-2024092523gm-00a9-0000-e7bdeed7-02-s1-d16,113,B,2,0,"[35100,20500,29200,15200]",3,-4.0,1,3,0,0,7,True
2024-2024092523gm-00a9-0000-e7bdeed7-02-s1-d16,114,A,1,134,"[22200,32500,19200,26100]",1,10.0,1,3,1,0,7,True
2024-2024092523gm-00a9-0000-e7bdeed7-02-s1-d16,114,B,2,0,"[29400,-8000,49400,29200]",4,-10.0,1,2,1,0,7,True
2024-2024092523gm-00a9-0000-e7bdeed7-02-s1-d16,115,A,1,134,"[40800,25400,9300,24500]",2,4.0,1,3,2,0,9,True
2024-2024092523gm-00a9-0000-e7bdeed7-02-s1-d16,115,B,2,0,"[37100,32700,18100,12100]",2,4.0,1,3,0,0,7,True
2024-2024092523gm-00a9-0000-e7bdeed7-02-s1-d16,116,A,1,134,"[33300,22400,31000,13300]",3,-4.0,1,3,0,0,6,True
2024-2024092523gm-00a9-0000-e7bdeed7-02-s1-d16,116,B,2,0,"[35600,25600,29800,9000]",3,-4.0,1,3,1,0,6,True
2024-2024092523gm-00a9-0000-e7bdeed7-02-s1-d16,117,A,1,134,"[33500,19600,52900,-6000]",3,-4.0,1,3,0,0,8,True
2024-2024092523gm-00a9-0000-e7bdeed7-02-s1-d16,117,B,2,0,"[30700,30900,16600,21800]",1,10.0,1,3,0,0,7,True
2024-2024092523gm-00a9-0000-e7bdeed7-02-s1-d16,118,A,1,134,"[20700,43300,19600,16400]",1,10.0,1,3,1,0,8,True
2024-2024092523gm-00a9-0000-e7bdeed7-02-s1-d16,118,B,2,0,"[17500,13700,28600,40200]",4,-10.0,1,3,0,0,7,True
2024-2024092523gm-00a9-0000-e7bdeed7-02-s1-d16,119,A,1,134,"[46100,21600,26500,5800]",3,-4.0,1,3,0,0,6,True
2024-2024092523gm-00a9-0000-e7bdeed7-02-s1-d16,119,B,2,0,"[32400,30000,34100,3500]",3,-4.0,1,3,1,0,7,True
2024-2024092523gm-00a9-0000-e7bdeed7-02-s1-d16,120,A,1,134,"[27000,39400,10200,23400]",1,10.0,1,3,1,0,8,True
2024-2024092523gm-00a9-0000-e7bdeed7-02-s1-d16,120,B,2,0,"[17300,28700,32000,22000]",2,4.0,1,3,2,0,8,True
2024-2024092523gm-00a9-0000-e7bdeed7-02-s1-d16,121,A,1,134,"[23900,30300,48000,-2200]",2,4.0,1,2,0,0,7,True
2024-2024092523gm-00a9-0000-e7bdeed7-02-s1-d16,121,B,2,0,"[21000,33600,30500,14900]",1,10.0,1,3,0,0,7,True
2024-2024092523gm-00a9-0000-e7bdeed7-02-s1-d16,122,A,1,134,"[30500,5400,27900,36200]",4,-10.0,1,3,0,0,9,True
2024-2024092523gm-00a9-0000-e7bdeed7-02-s1-d16,122,B,2,0,"[42300,15600,30400,11700]",3,-4.0,1,3,0,0,7,True
2024-2024092523gm-00a9-0000-e7bdeed7-02-s1-d16,123,A,1,134,"[23300,24400,21800,30500]",2,4.0,2,0,0,0,8,True
2024-2024092523gm-00a9-0000-e7bdeed7-02-s1-d16,123,B,2,0,"[20300,33800,25900,20000]",1,10.0,1,3,1,0,7,True
2024-2024092523gm-00a9-0000-e7bdeed7-02-s1-d16,124,A,1,134,"[15500,36800,39000,8700]",2,4.0,1,3,0,0,6,True
2024-2024092523gm-00a9-0000-e7bdeed7-02-s1-d16,124,B,2,0,"[39800,7000,24200,28000]",4,-10.0,1,3,1,1,9,True
2024-2024092523gm-00a9-0000-e7bdeed7-02-s1-d16,125,A,1,134,"[27800,19800,34000,18400]",3,-4.0,1,3,0,0,9,True
2024-2024092523gm-00a9-0000-e7bdeed7-02-s1-d16,125,B,2,0,"[17800,25400,19100,37700]",2,4.0,1,3,0,0,8,True
2024-2024092523gm-00a9-0000-e7bdeed7-02-s1-d16,126,A,1,134,"[59600,14000,-800,27200]",3,-4.0,1,3,1,0,9,True
2024-2024092523gm-00a9-0000-e7bdeed7-02-s1-d16,126,B,2,0,"[22400,-3300,33600,47300]",4,-10.0,1,0,1,0,7,True
2024-2024092523gm-00a9-0000-e7bdeed7-02-s1-d16,127,A,1,134,"[34800,2000,53200,10000]",4,-10.0,1,3,1,0,10,True
2024-2024092523gm-00a9-0000-e7bdeed7-02-s1-d16,127,B,2,0,"[34400,10800,40500,14300]",4,-10.0,1,3,1,0,10,True
2024-2024092523gm-00a9-0000-e7bdeed7-02-s1-d16,128,A,1,134,"[24100,30400,22300,21200]",1,10.0,2,0,0,2,8,True
2024-2024092523gm-00a9-0000-e7bdeed7-02-s1-d16,128,B,2,0,"[36300,25400,18200,20100]",2,4.0,2,1,1,0,9,True
2024-2024092523gm-00a9-0000-e7bdeed7-02-s1-d16,129,A,1,134,"[28400,24900,33100,13600]",3,-4.0,2,0,0,0,7,True
2024-2024092523gm-00a9-0000-e7bdeed7-02-s1-d16,129,B,2,0,"[22200,39600,27900,10300]",1,10.0,1,3,0,0,8,True
2024-2024092523gm-00a9-0000-e7bdeed7-02-s1-d16,130,A,1,134,"[15700,25100,43900,15300]",2,4.0,1,3,0,0,7,True
2024-2024092523gm-00a9-0000-e7bdeed7-02-s1-d16,130,B,2,0,"[33400,17000,18600,31000]",4,-10.0,1,3,0,0,7,True
2024-2024092523gm-00a9-0000-e7bdeed7-02-s1-d16,131,A,1,134,"[6400,36600,29200,27800]",1,10.0,2,1,0,0,10,True
2024-2024092523gm-00a9-0000-e7bdeed7-02-s1-d16,131,B,2,0,"[37300,33200,1400,28100]",2,4.0,1,3,1,0,9,True
2024-2024092523gm-00a9-0000-e7bdeed7-02-s1-d16,132,A,1,134,"[27000,29300,30300,13400]",2,4.0,2,1,0,0,9,True
2024-2024092523gm-00a9-0000-e7bdeed7-02-s1-d16,132,B,2,0,"[32700,38900,24300,4100]",1,10.0,1,3,1,0,9,True
2024-2024092523gm-00a9-0000-e7bdeed7-02-s1-d16,133,A,1,134,"[27800,32300,32500,7400]",2,4.0,1,3,0,0,8,True
2024-2024092523gm-00a9-0000-e7bdeed7-02-s1-d16,133,B,2,0,"[27800,32300,32500,7400]",2,4.0,1,3,0,0,8,True
2024-2024092523gm-00a9-0000-e7bdeed7-02-s1-d16,134,A,1,134,"[15300,30000,17600,37100]",2,4.0,1,3,0,0,9,True
2024-2024092523gm-00a9-0000-e7bdeed7-02-s1-d16,134,B,2,0,"[23000,24000,49100,3900]",2,4.0,1,3,2,0,8,True
2024-2024092523gm-00a9-0000-e7bdeed7-02-s1-d16,135,A,1,134,"[37800,27400,31400,3400]",3,-4.0,1,3,0,0,7,True
2024-2024092523gm-00a9-0000-e7bdeed7-02-s1-d16,135,B,2,0,"[-8000,32000,44900,31100]",2,4.0,1,0,0,0,3,True
2024-2024092523gm-00a9-0000-e7bdeed7-02-s1-d16,136,A,1,134,"[24700,21300,32900,21100]",3,-4.0,1,3,2,0,9,True
2024-2024092523gm-00a9-0000-e7bdeed7-02-s1-d16,136,B,2,0,"[27300,4400,32600,35700]",4,-10.0,1,3,0,0,7,True
2024-2024092523gm-00a9-0000-e7bdeed7-02-s1-d16,137,A,1,134,"[29900,26600,32600,10900]",3,-4.0,1,3,0,0,7,True
2024-2024092523gm-00a9-0000-e7bdeed7-02-s1-d16,137,B,2,0,"[24400,30800,31300,13500]",2,4.0,1,3,0,0,6,True
2024-2024092523gm-00a9-0000-e7bdeed7-02-s1-d16,138,A,1,134,"[43200,42200,14400,200]",2,4.0,1,3,1,0,8,True
2024-2024092523gm-00a9-0000-e7bdeed7-02-s1-d16,138,B,2,0,"[37800,43700,19900,-1400]",1,10.0,1,3,0,0,8,True
2024-2024092523gm-00a9-0000-e7bdeed7-02-s1-d16,139,A,1,134,"[16700,25900,24400,33000]",2,4.0,1,3,0,0,6,True
2024-2024092523gm-00a9-0000-e7bdeed7-02-s1-d16,139,B,2,0,"[32000,17300,23500,27200]",4,-10.0,1,3,0,0,6,True
2024-2024092523gm-00a9-0000-e7bdeed7-02-s1-d16,140,A,1,134,"[26700,24900,15300,33100]",3,-4.0,1,3,0,0,7,True
2024-2024092523gm-00a9-0000-e7bdeed7-02-s1-d16,140,B,2,0,"[23600,30800,21100,24500]",1,10.0,1,3,0,0,7,True
2024-2024092523gm-00a9-0000-e7bdeed7-02-s1-d16,141,A,1,134,"[23600,32800,23300,20300]",1,10.0,2,2,0,0,12,True
2024-2024092523gm-00a9-0000-e7bdeed7-02-s1-d16,141,B,2,0,"[13600,34100,42000,10300]",2,4.0,1,3,0,0,7,True
2024-2024092523gm-00a9-0000-e7bdeed7-02-s1-d16,142,A,1,134,"[30300,14300,44800,10600]",3,-4.0,1,3,2,0,7,True
2024-2024092523gm-00a9-0000-e7bdeed7-02-s1-d16,142,B,2,0,"[26700,9000,29200,35100]",4,-10.0,2,0,0,0,9,True
2024-2024092523gm-00a9-0000-e7bdeed7-02-s1-d16,143,A,1,134,"[11000,48700,17800,21500]",1,10.0,1,3,0,1,7,True
2024-2024092523gm-00a9-0000-e7bdeed7-02-s1-d16,143,B,2,0,"[24200,24400,30500,19900]",2,4.0,1,3,0,1,7,True
2024-2024092523gm-00a9-0000-e7bdeed7-02-s1-d16,144,A,1,134,"[53800,22500,13300,10400]",2,4.0,1,3,1,0,10,True
2024-2024092523gm-00a9-0000-e7bdeed7-02-s1-d16,144,B,2,0,"[30700,16200,16500,36600]",4,-10.0,1,3,0,0,8,True
2024-2024092523gm-00a9-0000-e7bdeed7-02-s1-d16,145,A,1,134,"[29700,29000,41900,-600]",3,-4.0,1,3,0,0,8,True
2024-2024092523gm-00a9-0000-e7bdeed7-02-s1-d16,145,B,2,0,"[16200,23600,36800,23400]",2,4.0,1,3,0,0,8,True
2024-2024092523gm-00a9-0000-e7bdeed7-02-s1-d16,146,A,1,134,"[25700,25700,17300,31300]",3,-4.0,1,3,2,0,8,True
2024-2024092523gm-00a9-0000-e7bdeed7-02-s1-d16,146,B,2,0,"[11300,33900,27700,27100]",1,10.0,1,3,2,0,10,True
2024-2024092523gm-00a9-0000-e7bdeed7-02-s1-d16,147,A,1,134,"[31900,23400,19000,25700]",3,-4.0,1,3,0,0,8,True
2024-2024092523gm-00a9-0000-e7bdeed7-02-s1-d16,147,B,2,0,"[30200,17100,36000,16700]",3,-4.0,1,3,1,0,9,True
2024-2024092523gm-00a9-0000-e7bdeed7-02-s1-d16,148,A,1,134,"[19900,32600,10300,37200]",2,4.0,1,3,0,0,6,True
2024-2024092523gm-00a9-0000-e7bdeed7-02-s1-d16,148,B,2,0,"[37100,18600,29600,14700]",3,-4.0,1,3,0,0,7,True
2024-2024092523gm-00a9-0000-e7bdeed7-02-s1-d16,149,A,1,134,"[12800,24400,23500,39300]",2,4.0,1,3,1,0,9,True
2024-2024092523gm-00a9-0000-e7bdeed7-02-s1-d16,149,B,2,0,"[42200,28900,23800,5100]",2,4.0,1,3,0,0,7,True
2024-2024092523gm-00a9-0000-e7bdeed7-02-s1-d16,150,A,1,134,"[32500,25700,19800,22000]",2,4.0,1,3,0,0,7,True
2024-2024092523gm-00a9-0000-e7bdeed7-02-s1-d16,150,B,2,0,"[38400,6600,23700,31300]",4,-10.0,1,3,0,0,7,True
2024-2024092523gm-00a9-0000-e7bdeed7-02-s1-d16,151,A,1,134,"[27800,31800,33400,7000]",2,4.0,1,3,0,0,8,True
2024-2024092523gm-00a9-0000-e7bdeed7-02-s1-d16,151,B,2,0,"[13400,46900,27000,12700]",1,10.0,1,3,1,0,7,True
2024-2024092523gm-00a9-0000-e7bdeed7-02-s1-d16,152,A,1,134,"[6400,41300,23300,29000]",1,10.0,1,3,0,0,8,True
2024-2024092523gm-00a9-0000-e7bdeed7-02-s1-d16,152,B,2,0,"[34300,37700,27600,400]",1,10.0,1,3,0,0,8,True
2024-2024092523gm-00a9-0000-e7bdeed7-02-s1-d16,153,A,1,134,"[23100,19900,34200,22800]",4,-10.0,1,3,1,0,6,True
2024-2024092523gm-00a9-0000-e7bdeed7-02-s1-d16,153,B,2,0,"[29900,20900,31500,17700]",3,-4.0,1,3,0,0,8,True
2024-2024092523gm-00a9-0000-e7bdeed7-02-s1-d16,154,A,1,134,"[31900,26000,24500,17600]",2,4.0,2,2,2,0,10,True
2024-2024092523gm-00a9-0000-e7bdeed7-02-s1-d16,154,B,2,0,"[33300,5400,29900,31400]",4,-10.0,1,3,0,0,8,True
2024-2024092523gm-00a9-0000-e7bdeed7-02-s1-d16,155,A,1,134,"[45100,16300,32500,6100]",3,-4.0,1,3,0,0,7,True
2024-2024092523gm-00a9-0000-e7bdeed7-02-s1-d16,155,B,2,0,"[25800,15700,19400,38100]",4,-10.0,1,3,0,1,8,True
2024-2024092523gm-00a9-0000-e7bdeed7-02-s1-d16,156,A,1,134,"[24100,30100,25800,20000]",1,10.0,1,3,1,0,7,True
2024-2024092523gm-00a9-0000-e7bdeed7-02-s1-d16,156,B,2,0,"[33200,38800,12500,15500]",1,10.0,1,3,1,0,7,True
2024-2024092523gm-00a9-0000-e7bdeed7-02-s1-d16,157,A,1,134,"[21900,24400,18300,35400]",2,4.0,1,3,0,0,7,True
2024-2024092523gm-00a9-0000-e7bdeed7-02-s1-d16,157,B,2,0,"[48800,19000,14600,17600]",2,4.0,1,3,0,0,6,True
2024-2024092523gm-00a9-0000-e7bdeed7-02-s1-d16,158,A,1,134,"[43100,12900,33800,10200]",3,-4.0,1,3,0,0,7,True
2024-2024092523gm-00a9-0000-e7bdeed7-02-s1-d16,158,B,2,0,"[26800,33700,37300,2200]",2,4.0,1,3,0,0,9,True
2024-2024092523gm-00a9-0000-e7bdeed7-02-s1-d16,159,A,1,134,"[34900,35400,11600,18100]",1,10.0,1,3,0,0,9,True
2024-2024092523gm-00a9-0000-e7bdeed7-02-s1-d16,159,B,2,0,"[31300,21200,24500,23000]",4,-10.0,2,2,0,0,12,True
2024-2024092523gm-00a9-0000-e7bdeed7-02-s1-d16,160,A,1,134,"[1800,27900,55300,15000]",2,4.0,1,3,2,0,7,True
2024-2024092523gm-00a9-0000-e7bdeed7-02-s1-d16,160,B,2,0,"[38900,44200,7700,9200]",1,10.0,1,3,2,0,10,True
2024-2024092523gm-00a9-0000-e7bdeed7-02-s1-d16,161,A,1,134,"[16500,38300,33200,12000]",1,10.0,1,3,1,0,9,True
2024-2024092523gm-00a9-0000-e7bdeed7-02-s1-d16,161,B,2,0,"[36500,14400,20400,28700]",4,-10.0,1,3,1,0,9,True
2024-2024092523gm-00a9-0000-e7bdeed7-02-s1-d16,162,A,1,134,"[31100,24700,19300,24900]",3,-4.0,1,3,0,0,9,True
2024-2024092523gm-00a9-0000-e7bdeed7-02-s1-d16,162,B,2,0,"[29600,27600,45700,-2900]",3,-4.0,1,3,0,0,9,True
2024-2024092523gm-00a9-0000-e7bdeed7-02-s1-d16,163,A,1,134,"[45600,-3400,29300,28500]",4,-10.0,1,0,1,0,6,True
2024-2024092523gm-00a9-0000-e7bdeed7-02-s1-d16,163,B,2,0,"[24300,56800,9800,9100]",1,10.0,1,3,0,0,9,True
2024-2024092523gm-00a9-0000-e7bdeed7-02-s1-d16,164,A,1,134,"[22600,44200,24700,8500]",1,10.0,1,3,0,0,8,True
2024-2024092523gm-00a9-0000-e7bdeed7-02-s1-d16,164,B,2,0,"[32000,26400,-2100,43700]",3,-4.0,1,1,1,0,7,True
2024-2024092523gm-00a9-0000-e7bdeed7-02-s1-d16,165,A,1,134,"[17100,56900,17100,8900]",1,10.0,1,3,1,0,14,True
2024-2024092523gm-00a9-0000-e7bdeed7-02-s1-d16,165,B,2,0,"[14400,24900,29600,31100]",3,-4.0,2,0,0,0,9,True
2024-2024092523gm-00a9-0000-e7bdeed7-02-s1-d16,166,A,1,134,"[22300,33000,23400,21300]",1,10.0,2,1,0,0,11,True
2024-2024092523gm-00a9-0000-e7bdeed7-02-s1-d16,166,B,2,0,"[13400,21300,29900,35400]",3,-4.0,1,3,0,0,9,True
2024-2024092523gm-00a9-0000-e7bdeed7-02-s1-d16,167,A,1,134,"[39100,18100,34800,8000]",3,-4.0,1,3,0,0,8,True
2024-2024092523gm-00a9-0000-e7bdeed7-02-s1-d16,167,B,2,0,"[45900,13000,15800,25300]",4,-10.0,1,3,1,0,11,True
2024-2024092523gm-00a9-0000-e7bdeed7-02-s1-d16,168,A,1,134,"[2800,57200,15400,24600]",1,10.0,1,3,0,0,9,True
2024-2024092523gm-00a9-0000-e7bdeed7-02-s1-d16,168,B,2,0,"[9400,43900,-200,46900]",2,4.0,1,2,0,0,8,True
2024-2024092523gm-00a9-0000-e7bdeed7-02-s1-d16,169,A,1,134,"[21500,22900,39200,16400]",2,4.0,1,3,0,0,6,True
2024-2024092523gm-00a9-0000-e7bdeed7-02-s1-d16,169,B,2,0,"[30800,13200,39400,16600]",4,-10.0,1,3,0,0,7,True
2024-2024092523gm-00a9-0000-e7bdeed7-02-s1-d16,170,A,1,134,"[23200,29400,25600,21800]",1,10.0,2,3,0,0,13,True
2024-2024092523gm-00a9-0000-e7bdeed7-02-s1-d16,170,B,2,0,"[6800,37600,38300,17300]",2,4.0,1,3,0,0,11,True
2024-2024092523gm-00a9-0000-e7bdeed7-02-s1-d16,171,A,1,134,"[12600,14700,24200,48500]",3,-4.0,1,3,0,0,7,True
2024-2024092523gm-00a9-0000-e7bdeed7-02-s1-d16,171,B,2,0,"[13900,37000,28100,21000]",1,10.0,1,3,0,0,7,True
2024-2024092523gm-00a9-0000-e7bdeed7-02-s1-d16,172,A,1,134,"[37800,29100,32400,700]",3,-4.0,1,3,1,0,6,True
2024-2024092523gm-00a9-0000-e7bdeed7-02-s1-d16,172,B,2,0,"[33100,24000,24100,18800]",3,-4.0,1,3,2,0,8,True
2024-2024092523gm-00a9-0000-e7bdeed7-02-s1-d16,173,A,1,134,"[10700,22400,35900,31000]",3,-4.0,1,3,1,0,8,True
2024-2024092523gm-00a9-0000-e7bdeed7-02-s1-d16,173,B,2,0,"[5700,32000,34600,27700]",2,4.0,1,3,1,0,8,True
2024-2024092523gm-00a9-0000-e7bdeed7-02-s1-d16,174,A,1,134,"[4900,27400,40200,27500]",3,-4.0,1,3,0,0,7,True
2024-2024092523gm-00a9-0000-e7bdeed7-02-s1-d16,174,B,2,0,"[20400,34000,25100,20500]",1,10.0,1,3,0,0,8,True
2024-2024092523gm-00a9-0000-e7bdeed7-02-s1-d16,175,A,1,134,"[41500,9400,20000,29100]",4,-10.0,1,3,0,0,8,True
2024-2024092523gm-00a9-0000-e7bdeed7-02-s1-d16,175,B,2,0,"[24500,16700,24800,32000]",4,-10.0,1,3,0,2,8,True
2024-2024092523gm-00a9-0000-e7bdeed7-02-s1-d16,176,A,1,134,"[18200,44700,18500,18600]",1,10.0,1,3,0,0,7,True
2024-2024092523gm-00a9-0000-e7bdeed7-02-s1-d16,176,B,2,0,"[24400,18700,39700,17200]",3,-4.0,1,3,2,0,10,True
2024-2024092523gm-00a9-0000-e7bdeed7-02-s1-d16,177,A,1,134,"[35300,27000,-4100,41800]",3,-4.0,1,2,0,0,5,True
2024-2024092523gm-00a9-0000-e7bdeed7-02-s1-d16,177,B,2,0,"[35300,35900,-300,29100]",1,10.0,1,3,0,0,6,True
2024-2024092523gm-00a9-0000-e7bdeed7-02-s1-d16,178,A,1,134,"[32100,26200,17300,24400]",2,4.0,2,2,1,0,10,True
2024-2024092523gm-00a9-0000-e7bdeed7-02-s1-d16,178,B,2,0,"[32100,26200,17300,24400]",2,4.0,2,2,1,0,10,True
2024-2024092523gm-00a9-0000-e7bdeed7-02-s1-d16,179,A,1,134,"[27300,13300,28200,31200]",4,-10.0,2,0,0,0,8,True
2024-2024092523gm-00a9-0000-e7bdeed7-02-s1-d16,179,B,2,0,"[31100,5600,33900,29400]",4,-10.0,1,3,0,0,11,True
2024-2024092523gm-00a9-0000-e7bdeed7-02-s1-d16,180,A,1,134,"[45300,7000,31100,16600]",4,-10.0,1,3,0,0,8,True
2024-2024092523gm-00a9-0000-e7bdeed7-02-s1-d16,180,B,2,0,"[26200,13600,30200,30000]",4,-10.0,1,3,0,0,8,True
2024-2024092523gm-00a9-0000-e7bdeed7-02-s1-d16,181,A,1,134,"[8300,26900,27300,37500]",3,-4.0,1,3,1,0,7,True
2024-2024092523gm-00a9-0000-e7bdeed7-02-s1-d16,181,B,2,0,"[7600,28500,35100,28800]",3,-4.0,1,3,1,0,8,True
2024-2024092523gm-00a9-0000-e7bdeed7-02-s1-d16,182,A,1,134,"[24000,21300,21100,33600]",3,-4.0,2,0,0,0,9,True
2024-2024092523gm-00a9-0000-e7bdeed7-02-s1-d16,182,B,2,0,"[27900,13500,45900,12700]",3,-4.0,1,3,0,0,8,True
2024-2024092523gm-00a9-0000-e7bdeed7-02-s1-d16,183,A,1,134,"[42300,28400,22600,6700]",2,4.0,1,3,0,0,8,True
2024-2024092523gm-00a9-0000-e7bdeed7-02-s1-d16,183,B,2,0,"[30800,17400,37400,14400]",3,-4.0,1,3,0,0,7,True
2024-2024092523gm-00a9-0000-e7bdeed7-02-s1-d16,184,A,1,134,"[36000,34400,31900,-2300]",2,4.0,1,3,0,0,8,True
2024-2024092523gm-00a9-0000-e7bdeed7-02-s1-d16,184,B,2,0,"[31200,17100,23500,28200]",4,-10.0,1,3,1,0,8,True
2024-2024092523gm-00a9-0000-e7bdeed7-02-s1-d16,185,A,1,134,"[34800,20600,17700,26900]",3,-4.0,1,3,0,0,6,True
2024-2024092523gm-00a9-0000-e7bdeed7-02-s1-d16,185,B,2,0,"[19100,9000,39400,31500]",4,-10.0,1,3,0,1,7,True
2024-2024092523gm-00a9-0000-e7bdeed7-02-s1-d16,186,A,1,134,"[16200,33600,40500,9700]",2,4.0,1,3,0,0,10,True
2024-2024092523gm-00a9-0000-e7bdeed7-02-s1-d16,186,B,2,0,"[18300,31900,38500,11300]",2,4.0,1,3,0,0,10,True
2024-2024092523gm-00a9-0000-e7bdeed7-02-s1-d16,187,A,1,134,"[32400,20600,28200,18800]",3,-4.0,2,0,2,0,7,True
2024-2024092523gm-00a9-0000-e7bdeed7-02-s1-d16,187,B,2,0,"[25700,23500,33300,17500]",3,-4.0,1,3,1,0,7,True
2024-2024092523gm-00a9-0000-e7bdeed7-02-s1-d16,188,A,1,134,"[23300,23800,38200,14700]",2,4.0,2,2,0,0,9,True
2024-2024092523gm-00a9-0000-e7bdeed7-02-s1-d16,188,B,2,0,"[24300,31400,19200,25100]",1,10.0,1,3,0,0,6,True
2024-2024092523gm-00a9-0000-e7bdeed7-02-s1-d16,189,A,1,134,"[25600,10900,26400,37100]",4,-10.0,1,3,0,0,6,True
2024-2024092523gm-00a9-0000-e7bdeed7-02-s1-d16,189,B,2,0,"[26600,24000,19300,30100]",3,-4.0,1,3,0,0,7,True
2024-2024092523gm-00a9-0000-e7bdeed7-02-s1-d16,190,A,1,134,"[25000,37900,21000,16100]",1,10.0,1,3,0,0,7,True
2024-2024092523gm-00a9-0000-e7bdeed7-02-s1-d16,190,B,2,0,"[26100,30300,24400,19200]",1,10.0,1,3,0,0,7,True
2024-2024092523gm-00a9-0000-e7bdeed7-02-s1-d16,191,A,1,134,"[16200,15400,36500,31900]",4,-10.0,1,3,0,0,8,True
2024-2024092523gm-00a9-0000-e7bdeed7-02-s1-d16,191,B,2,0,"[10200,40600,23100,25100]",1,10.0,1,3,0,1,6,True
2024-2024092523gm-00a9-0000-e7bdeed7-02-s1-d16,192,A,1,134,"[17800,45500,19700,17000]",1,10.0,2,1,0,0,9,True
2024-2024092523gm-00a9-0000-e7bdeed7-02-s1-d16,192,B,2,0,"[34600,6000,23700,35700]",4,-10.0,1,3,0,0,8,True
2024-2024092523gm-00a9-0000-e7bdeed7-02-s1-d16,193,A,1,134,"[30300,26700,21100,21900]",2,4.0,1,3,0,0,7,True
2024-2024092523gm-00a9-0000-e7bdeed7-02-s1-d16,193,B,2,0,"[3000,22100,29900,45000]",3,-4.0,1,3,0,0,7,True
2024-2024092523gm-00a9-0000-e7bdeed7-02-s1-d16,194,A,1,134,"[35000,4400,34400,26200]",4,-10.0,1,3,0,0,8,True
2024-2024092523gm-00a9-0000-e7bdeed7-02-s1-d16,194,B,2,0,"[10300,43900,21500,24300]",1,10.0,1,3,0,0,7,True
2024-2024092523gm-00a9-0000-e7bdeed7-02-s1-d16,195,A,1,134,"[33800,15800,30300,20100]",4,-10.0,1,3,0,0,12,True
2024-2024092523gm-00a9-0000-e7bdeed7-02-s1-d16,195,B,2,0,"[12700,26800,29700,30800]",3,-4.0,1,3,0,0,9,True
2024-2024092523gm-00a9-0000-e7bdeed7-02-s1-d16,196,A,1,134,"[19100,43900,24600,12400]",1,10.0,1,3,0,0,8,True
2024-2024092523gm-00a9-0000-e7bdeed7-02-s1-d16,196,B,2,0,"[14300,44000,20200,21500]",1,10.0,1,3,0,0,8,True
2024-2024092523gm-00a9-0000-e7bdeed7-02-s1-d16,197,A,1,134,"[15600,23500,33800,26100]",3,-4.0,1,3,2,1,7,True
2024-2024092523gm-00a9-0000-e7bdeed7-02-s1-d16,197,B,2,0,"[12300,36100,42100,9500]",2,4.0,1,3,0,0,6,True
2024-2024092523gm-00a9-0000-e7bdeed7-02-s1-d16,198,A,1,134,"[13100,28700,25400,32800]",2,4.0,1,3,0,0,6,True
2024-2024092523gm-00a9-0000-e7bdeed7-02-s1-d16,198,B,2,0,"[41200,36600,13100,9100]",2,4.0,1,3,0,0,6,True
2024-2024092523gm-00a9-0000-e7bdeed7-02-s1-d16,199,A,1,134,"[26000,31000,38500,4500]",2,4.0,1,3,0,0,7,True
2024-2024092523gm-00a9-0000-e7bdeed7-02-s1-d16,199,B,2,0,"[25000,37000,35400,2600]",1,10.0,1,3,0,0,7,True
2024-2024092523gm-00a9-0000-e7bdeed7-02-s1-d16,200,A,1,134,"[19700,16300,30000,34000]",4,-10.0,1,3,0,0,6,True
2024-2024092523gm-00a9-0000-e7bdeed7-02-s1-d16,200,B,2,0,"[33700,54800,-2400,13900]",1,10.0,1,3,0,0,9,True
2024-2024092523gm-00a9-0000-e7bdeed7-02-s1-d16,201,A,1,134,"[6300,29900,18800,45000]",2,4.0,1,3,0,0,6,True
2024-2024092523gm-00a9-0000-e7bdeed7-02-s1-d16,201,B,2,0,"[15700,42100,42800,-600]",2,4.0,1,3,1,0,10,True
2024-2024092523gm-00a9-0000-e7bdeed7-02-s1-d16,202,A,1,134,"[19400,35800,26400,18400]",1,10.0,1,3,0,0,8,True
2024-2024092523gm-00a9-0000-e7bdeed7-02-s1-d16,202,B,2,0,"[28100,9300,23100,39500]",4,-10.0,1,3,0,0,7,True
2024-2024092523gm-00a9-0000-e7bdeed7-02-s1-d16,203,A,1,134,"[-1600,56200,24700,20700]",1,10.0,1,3,1,0,11,True
2024-2024092523gm-00a9-0000-e7bdeed7-02-s1-d16,203,B,2,0,"[-4700,35500,31900,37300]",2,4.0,0,3,2,0,5,True
2024-2024092523gm-00a9-0000-e7bdeed7-02-s1-d16,204,A,1,134,"[45400,12000,35500,7100]",3,-4.0,1,3,3,0,8,True
2024-2024092523gm-00a9-0000-e7bdeed7-02-s1-d16,204,B,2,0,"[4300,39400,-3700,60000]",2,4.0,1,3,0,0,9,True
2024-2024092523gm-00a9-0000-e7bdeed7-02-s1-d16,205,A,1,134,"[33100,24200,22100,20600]",2,4.0,1,3,2,0,11,True
2024-2024092523gm-00a9-0000-e7bdeed7-02-s1-d16,205,B,2,0,"[20100,24000,26900,29000]",3,-4.0,2,3,0,0,14,True
2024-2024092523gm-00a9-0000-e7bdeed7-02-s1-d16,206,A,1,134,"[39200,32400,18700,9700]",2,4.0,1,3,1,0,7,True
2024-2024092523gm-00a9-0000-e7bdeed7-02-s1-d16,206,B,2,0,"[26000,24000,52800,-2800]",3,-4.0,0,2,1,0,2,True
2024-2024092523gm-00a9-0000-e7bdeed7-02-s1-d16,207,A,1,134,"[22300,31900,21300,24500]",1,10.0,1,3,1,0,9,True
2024-2024092523gm-00a9-0000-e7bdeed7-02-s1-d16,207,B,2,0,"[30500,26600,26200,16700]",2,4.0,1,3,0,0,9,True
2024-2024092523gm-00a9-0000-e7bdeed7-02-s1-d16,208,A,1,134,"[19500,23900,42600,14000]",2,4.0,1,3,1,0,7,True
2024-2024092523gm-00a9-0000-e7bdeed7-02-s1-d16,208,B,2,0,"[31100,22300,34800,11800]",3,-4.0,1,3,0,0,7,True
2024-2024092523gm-00a9-0000-e7bdeed7-02-s1-d16,209,A,1,134,"[5000,40700,23500,30800]",1,10.0,1,3,0,0,7,True
2024-2024092523gm-00a9-0000-e7bdeed7-02-s1-d16,209,B,2,0,"[-1500,42200,28400,30900]",1,10.0,1,2,1,0,7,True
2024-2024092523gm-00a9-0000-e7bdeed7-02-s1-d16,210,A,1,134,"[19700,9600,34400,36300]",4,-10.0,1,3,0,0,8,True
2024-2024092523gm-00a9-0000-e7bdeed7-02-s1-d16,210,B,2,0,"[18900,18300,31600,31200]",4,-10.0,1,3,0,0,8,True
2024-2024092523gm-00a9-0000-e7bdeed7-02-s1-d16,211,A,1,134,"[37600,26500,15600,20300]",2,4.0,1,3,0,0,6,True
2024-2024092523gm-00a9-0000-e7bdeed7-02-s1-d16,211,B,2,0,"[27600,900,42300,29200]",4,-10.0,1,3,2,0,8,True
2024-2024092523gm-00a9-0000-e7bdeed7-02-s1-d16,212,A,1,134,"[14300,16700,37600,31400]",3,-4.0,1,3,0,0,7,True
2024-2024092523gm-00a9-0000-e7bdeed7-02-s1-d16,212,B,2,0,"[16800,32000,30100,21100]",1,10.0,1,3,1,0,7,True
2024-2024092523gm-00a9-0000-e7bdeed7-02-s1-d16,213,A,1,134,"[33000,21600,23000,22400]",4,-10.0,1,3,0,0,7,True
2024-2024092523gm-00a9-0000-e7bdeed7-02-s1-d16,213,B,2,0,"[24500,20500,37200,17800]",3,-4.0,1,3,1,0,9,True
2024-2024092523gm-00a9-0000-e7bdeed7-02-s1-d16,214,A,1,134,"[14500,33900,30300,21300]",1,10.0,1,3,0,0,8,True
2024-2024092523gm-00a9-0000-e7bdeed7-02-s1-d16,214,B,2,0,"[10800,28800,28500,30900]",2,4.0,1,3,0,1,8,True
2024-2024092523gm-00a9-0000-e7bdeed7-02-s1-d16,215,A,1,134,"[22600,22200,33900,21300]",3,-4.0,2,0,0,0,11,True
2024-2024092523gm-00a9-0000-e7bdeed7-02-s1-d16,215,B,2,0,"[37600,40400,22700,-700]",1,10.0,1,2,1,0,7,True
2024-2024092523gm-00a9-0000-e7bdeed7-02-s1-d16,216,A,1,134,"[8100,25600,21100,45200]",2,4.0,1,3,0,0,7,True
2024-2024092523gm-00a9-0000-e7bdeed7-02-s1-d16,216,B,2,0,"[23900,4000,28900,43200]",4,-10.0,1,3,0,0,7,True
2024-2024092523gm-00a9-0000-e7bdeed7-02-s1-d16,217,A,1,134,"[29900,800,40000,29300]",4,-10.0,1,3,1,0,7,True
2024-2024092523gm-00a9-0000-e7bdeed7-02-s1-d16,217,B,2,0,"[8200,27800,33700,30300]",3,-4.0,1,3,1,0,7,True
2024-2024092523gm-00a9-0000-e7bdeed7-02-s1-d16,218,A,1,134,"[36800,28000,19400,15800]",2,4.0,1,3,0,0,7,True
2024-2024092523gm-00a9-0000-e7bdeed7-02-s1-d16,218,B,2,0,"[15600,24600,22000,37800]",2,4.0,1,3,0,0,7,True
2024-2024092523gm-00a9-0000-e7bdeed7-02-s1-d16,219,A,1,134,"[36900,35100,15500,12500]",2,4.0,1,3,0,0,6,True
2024-2024092523gm-00a9-0000-e7bdeed7-02-s1-d16,219,B,2,0,"[29700,20200,7900,42200]",3,-4.0,1,3,0,0,7,True
2024-2024092523gm-00a9-0000-e7bdeed7-02-s1-d16,220,A,1,134,"[48100,-1900,31400,22400]",4,-10.0,1,2,1,0,8,True
2024-2024092523gm-00a9-0000-e7bdeed7-02-s1-d16,220,B,2,0,"[27900,38800,26300,7000]",1,10.0,1,3,0,0,8,True
2024-2024092523gm-00a9-0000-e7bdeed7-02-s1-d16,221,A,1,134,"[40800,29500,15300,14400]",2,4.0,1,3,2,0,8,True
2024-2024092523gm-00a9-0000-e7bdeed7-02-s1-d16,221,B,2,0,"[9700,20500,23400,46400]",3,-4.0,1,3,0,0,9,True
2024-2024092523gm-00a9-0000-e7bdeed7-02-s1-d16,222,A,1,134,"[20500,30600,28000,20900]",1,10.0,1,3,0,0,7,True
2024-2024092523gm-00a9-0000-e7bdeed7-02-s1-d16,222,B,2,0,"[18900,3500,42200,35400]",4,-10.0,1,3,0,0,7,True
2024-2024092523gm-00a9-0000-e7bdeed7-02-s1-d16,223,A,1,134,"[22200,24000,18800,35000]",2,4.0,2,0,1,0,7,True
2024-2024092523gm-00a9-0000-e7bdeed7-02-s1-d16,223,B,2,0,"[21700,22500,22800,32000]",3,-4.0,1,3,0,1,6,True
2024-2024092523gm-00a9-0000-e7bdeed7-02-s1-d16,224,A,1,134,"[2200,26800,25900,45100]",2,4.0,1,3,0,0,7,True
2024-2024092523gm-00a9-0000-e7bdeed7-02-s1-d16,224,B,2,0,"[16000,10000,54100,19900]",4,-10.0,1,3,1,0,9,True
2024-2024092523gm-00a9-0000-e7bdeed7-02-s1-d16,225,A,1,134,"[16700,23600,28700,31000]",3,-4.0,1,3,0,0,7,True
2024-2024092523gm-00a9-0000-e7bdeed7-02-s1-d16,225,B,2,0,"[39700,21100,39000,200]",3,-4.0,1,3,0,0,8,True
2024-2024092523gm-00a9-0000-e7bdeed7-02-s1-d16,226,A,1,134,"[13900,20100,31300,34700]",3,-4.0,1,3,1,0,7,True
2024-2024092523gm-00a9-0000-e7bdeed7-02-s1-d16,226,B,2,0,"[22800,31000,9700,36500]",2,4.0,1,3,0,0,9,True
2024-2024092523gm-00a9-0000-e7bdeed7-02-s1-d16,227,A,1,134,"[17900,25000,39100,18000]",2,4.0,1,3,1,0,6,True
2024-2024092523gm-00a9-0000-e7bdeed7-02-s1-d16,227,B,2,0,"[16100,26300,34000,22600]",2,4.0,1,3,1,1,8,True
2024-2024092523gm-00a9-0000-e7bdeed7-02-s1-d16,228,A,1,134,"[46900,19200,34100,-200]",3,-4.0,1,3,0,0,7,True
2024-2024092523gm-00a9-0000-e7bdeed7-02-s1-d16,228,B,2,0,"[20500,22900,34100,22500]",2,4.0,1,3,0,0,6,True
2024-2024092523gm-00a9-0000-e7bdeed7-02-s1-d16,229,A,1,134,"[29300,34000,30000,6700]",1,10.0,1,3,0,0,6,True
2024-2024092523gm-00a9-0000-e7bdeed7-02-s1-d16,229,B,2,0,"[17500,40800,25400,16300]",1,10.0,1,3,1,0,6,True
2024-2024092523gm-00a9-0000-e7bdeed7-02-s1-d16,230,A,1,134,"[25900,24400,27000,21700]",3,-4.0,2,3,0,1,12,True
2024-2024092523gm-00a9-0000-e7bdeed7-02-s1-d16,230,B,2,0,"[18700,32700,25300,23300]",1,10.0,1,3,1,0,7,True
2024-2024092523gm-00a9-0000-e7bdeed7-02-s1-d16,231,A,1,134,"[21600,20400,26400,31600]",4,-10.0,1,3,0,0,6,True
2024-2024092523gm-00a9-0000-e7bdeed7-02-s1-d16,231,B,2,0,"[33000,26800,23500,16700]",2,4.0,1,3,0,0,6,True
2024-2024092523gm-00a9-0000-e7bdeed7-02-s1-d16,232,A,1,134,"[19700,34400,26400,19500]",1,10.0,1,3,1,0,9,True
2024-2024092523gm-00a9-0000-e7bdeed7-02-s1-d16,232,B,2,0,"[49000,22700,20000,8300]",2,4.0,1,3,0,0,6,True
2024-2024092523gm-00a9-0000-e7bdeed7-02-s1-d16,233,A,1,134,"[28500,34200,28400,8900]",1,10.0,1,3,0,0,7,True
2024-2024092523gm-00a9-0000-e7bdeed7-02-s1-d16,233,B,2,0,"[28200,31800,28400,11600]",1,10.0,1,3,0,0,7,True
2024-2024092523gm-00a9-0000-e7bdeed7-02-s1-d16,234,A,1,134,"[29400,30800,24600,15200]",1,10.0,1,3,0,0,7,True
2024-2024092523gm-00a9-0000-e7bdeed7-02-s1-d16,234,B,2,0,"[8700,35500,42600,13200]",2,4.0,1,3,0,0,7,True
2024-2024092523gm-00a9-0000-e7bdeed7-02-s1-d16,235,A,1,134,"[22600,30700,33700,13000]",2,4.0,1,3,0,0,8,True
2024-2024092523gm-00a9-0000-e7bdeed7-02-s1-d16,235,B,2,0,"[8300,26100,29400,36200]",3,-4.0,1,3,0,0,7,True
2024-2024092523gm-00a9-0000-e7bdeed7-02-s1-d16,236,A,1,134,"[30800,24600,31700,12900]",3,-4.0,1,3,1,0,7,True
2024-2024092523gm-00a9-0000-e7bdeed7-02-s1-d16,236,B,2,0,"[16800,39000,26100,18100]",1,10.0,1,3,0,0,7,True
2024-2024092523gm-00a9-0000-e7bdeed7-02-s1-d16,237,A,1,134,"[28500,38600,23400,9500]",1,10.0,1,3,0,0,6,True
2024-2024092523gm-00a9-0000-e7bdeed7-02-s1-d16,237,B,2,0,"[31300,40800,19900,8000]",1,10.0,1,3,0,0,6,True
2024-2024092523gm-00a9-0000-e7bdeed7-02-s1-d16,238,A,1,134,"[42900,22700,14400,20000]",2,4.0,1,3,0,0,7,True
2024-2024092523gm-00a9-0000-e7bdeed7-02-s1-d16,238,B,2,0,"[22900,53500,17900,5700]",1,10.0,1,3,0,0,7,True
2024-2024092523gm-00a9-0000-e7bdeed7-02-s1-d16,239,A,1,134,"[15100,18800,41000,25100]",3,-4.0,1,3,0,0,6,True
2024-2024092523gm-00a9-0000-e7bdeed7-02-s1-d16,239,B,2,0,"[27000,11400,36600,25000]",4,-10.0,1,3,0,0,6,True
2024-2024092523gm-00a9-0000-e7bdeed7-02-s1-d16,240,A,1,134,"[23600,4100,58200,14100]",4,-10.0,1,3,0,0,7,True
2024-2024092523gm-00a9-0000-e7bdeed7-02-s1-d16,240,B,2,0,"[21500,31200,48000,-700]",2,4.0,1,2,2,0,5,True
2024-2024092523gm-00a9-0000-e7bdeed7-02-s1-d16,241,A,1,134,"[26700,14300,30800,28200]",4,-10.0,2,0,1,0,8,True
2024-2024092523gm-00a9-0000-e7bdeed7-02-s1-d16,241,B,2,0,"[35600,40700,21700,2000]",1,10.0,1,3,0,0,9,True
2024-2024092523gm-00a9-0000-e7bdeed7-02-s1-d16,242,A,1,134,"[16100,36500,20900,25500]",1,10.0,1,3,2,1,11,True
2024-2024092523gm-00a9-0000-e7bdeed7-02-s1-d16,242,B,2,0,"[30000,17500,25200,27300]",4,-10.0,1,3,0,0,12,True
2024-2024092523gm-00a9-0000-e7bdeed7-02-s1-d16,243,A,1,134,"[3100,48100,28300,20500]",1,10.0,1,3,1,0,7,True
2024-2024092523gm-00a9-0000-e7bdeed7-02-s1-d16,243,B,2,0,"[10700,50500,23800,15000]",1,10.0,1,3,0,0,6,True
2024-2024092523gm-00a9-0000-e7bdeed7-02-s1-d16,244,A,1,134,"[12900,37200,17300,32600]",1,10.0,1,3,1,0,9,True
2024-2024092523gm-00a9-0000-e7bdeed7-02-s1-d16,244,B,2,0,"[34000,11900,39000,15100]",4,-10.0,1,3,0,0,7,True
2024-2024092523gm-00a9-0000-e7bdeed7-02-s1-d16,245,A,1,134,"[38700,27100,21500,12700]",2,4.0,1,3,0,0,7,True
2024-2024092523gm-00a9-0000-e7bdeed7-02-s1-d16,245,B,2,0,"[27900,10400,31900,29800]",4,-10.0,1,3,0,0,9,True
2024-2024092523gm-00a9-0000-e7bdeed7-02-s1-d16,246,A,1,134,"[33500,22900,22100,21500]",2,4.0,2,0,0,0,9,True
2024-2024092523gm-00a9-0000-e7bdeed7-02-s1-d16,246,B,2,0,"[31100,29300,28400,11200]",2,4.0,1,3,3,0,9,True
2024-2024092523gm-00a9-0000-e7bdeed7-02-s1-d16,247,A,1,134,"[25800,38400,-1200,37000]",1,10.0,1,2,0,0,9,True
2024-2024092523gm-00a9-0000-e7bdeed7-02-s1-d16,247,B,2,0,"[4100,38700,28800,28400]",1,10.0,1,3,1,0,7,True
2024-2024092523gm-00a9-0000-e7bdeed7-02-s1-d16,248,A,1,134,"[33700,15000,25100,26200]",4,-10.0,1,3,0,0,7,True
2024-2024092523gm-00a9-0000-e7bdeed7-02-s1-d16,248,B,2,0,"[27300,12200,25700,34800]",4,-10.0,1,3,2,0,8,True
2024-2024092523gm-00a9-0000-e7bdeed7-02-s1-d16,249,A,1,134,"[10800,25700,42600,20900]",2,4.0,1,3,0,0,9,True
2024-2024092523gm-00a9-0000-e7bdeed7-02-s1-d16,249,B,2,0,"[30900,19100,20200,29800]",4,-10.0,2,3,0,0,13,True
2024-2024092523gm-00a9-0000-e7bdeed7-02-s1-d16,250,A,1,134,"[21700,33300,25400,19600]",1,10.0,1,3,0,0,6,True
2024-2024092523gm-00a9-0000-e7bdeed7-02-s1-d16,250,B,2,0,"[33200,10900,19200,36700]",4,-10.0,1,3,1,0,7,True
2024-2024092523gm-00a9-0000-e7bdeed7-02-s1-d16,251,A,1,134,"[21200,4400,33700,40700]",4,-10.0,1,3,2,0,7,True
2024-2024092523gm-00a9-0000-e7bdeed7-02-s1-d16,251,B,2,0,"[38900,32300,-700,29500]",2,4.0,1,3,0,0,7,True
2024-2024092523gm-00a9-0000-e7bdeed7-02-s1-d16,252,A,1,134,"[42000,-2000,24900,35100]",4,-10.0,1,1,0,0,4,True
2024-2024092523gm-00a9-0000-e7bdeed7-02-s1-d16,252,B,2,0,"[10800,24200,40500,24500]",3,-4.0,1,3,1,0,7,True
2024-2024092523gm-00a9-0000-e7bdeed7-02-s1-d16,253,A,1,134,"[17600,35400,33000,14000]",1,10.0,1,3,0,0,8,True
2024-2024092523gm-00a9-0000-e7bdeed7-02-s1-d16,253,B,2,0,"[43300,17500,19800,19400]",4,-10.0,1,3,2,0,11,True
2024-2024092523gm-00a9-0000-e7bdeed7-02-s1-d16,254,A,1,134,"[42100,13900,15600,27400]",4,-10.0,1,3,0,1,8,True
2024-2024092523gm-00a9-0000-e7bdeed7-02-s1-d16,254,B,2,0,"[40300,25300,17400,17000]",2,4.0,1,3,0,0,8,True
2024-2024092523gm-00a9-0000-e7bdeed7-02-s1-d16,255,A,1,134,"[39000,26500,21700,12800]",2,4.0,1,3,0,0,6,True
2024-2024092523gm-00a9-0000-e7bdeed7-02-s1-d16,255,B,2,0,"[-5200,27300,52200,25700]",2,4.0,1,1,0,0,6,True
2025-2025010923gm-00a9-0000-65e0833f-08-s3-d2,0,A,1,55,"[19400,30800,17400,32400]",1,10.0,1,3,0,0,4,True
2025-2025010923gm-00a9-0000-65e0833f-08-s3-d2,0,B,4,50,"[19400,30800,17400,32400]",1,10.0,1,3,0,0,4,True
2025-2025010923gm-00a9-0000-65e0833f-08-s3-d2,1,A,1,55,"[22600,50700,-4700,31400]",2,4.0,1,3,0,0,3,True
2025-2025010923gm-00a9-0000-65e0833f-08-s3-d2,1,B,4,50,"[22600,50700,-4700,31400]",2,4.0,1,3,0,0,3,True
2025-2025010923gm-00a9-0000-65e0833f-08-s3-d2,2,A,1,55,"[31000,36400,14300,17300]",3,-4.0,1,3,0,1,4,True
2025-2025010923gm-00a9-0000-65e0833f-08-s3-d2,2,B,4,50,"[31000,36400,14300,17300]",3,-4.0,1,3,0,1,4,True
2025-2025010923gm-00a9-0000-65e0833f-08-s3-d2,3,A,1,55,"[45800,45900,-4000,12300]",3,-4.0,1,3,0,0,6,True
2025-2025010923gm-00a9-0000-65e0833f-08-s3-d2,3,B,4,50,"[38100,38400,3300,20200]",3,-4.0,1,3,0,0,4,True
2025-2025010923gm-00a9-0000-65e0833f-08-s3-d2,4,A,1,55,"[13900,42700,13600,29800]",2,4.0,1,3,1,0,5,True
2025-2025010923gm-00a9-0000-65e0833f-08-s3-d2,4,B,4,50,"[13900,42700,13600,29800]",2,4.0,1,3,1,0,5,True
2025-2025010923gm-00a9-0000-65e0833f-08-s3-d2,5,A,1,55,"[37500,30800,3000,28700]",3,-4.0,1,3,0,0,3,True
2025-2025010923gm-00a9-0000-65e0833f-08-s3-d2,5,B,4,50,"[27000,38300,12000,22700]",3,-4.0,1,3,0,0,3,True
2025-2025010923gm-00a9-0000-65e0833f-08-s3-d2,6,A,1,55,"[18200,50800,7300,23700]",2,4.0,1,3,0,0,3,True
2025-2025010923gm-00a9-0000-65e0833f-08-s3-d2,6,B,4,50,"[24200,46900,9200,19700]",3,-4.0,1,3,0,0,3,True
2025-2025010923gm-00a9-0000-65e0833f-08-s3-d2,7,A,1,55,"[35800,43500,5300,15400]",3,-4.0,1,3,0,0,3,True
2025-2025010923gm-00a9-0000-65e0833f-08-s3-d2,7,B,4,50,"[35800,43500,5300,15400]",3,-4.0,1,3,0,0,3,True
2025-2025010923gm-00a9-0000-65e0833f-08-s3-d2,8,A,1,55,"[23600,38200,15500,22700]",3,-4.0,1,3,0,0,4,True
2025-2025010923gm-00a9-0000-65e0833f-08-s3-d2,8,B,4,50,"[28700,37200,5500,28600]",3,-4.0,1,3,0,0,4,True
2025-2025010923gm-00a9-0000-65e0833f-08-s3-d2,9,A,1,55,"[33500,49500,-2000,19000]",3,-4.0,1,3,0,0,3,True
2025-2025010923gm-00a9-0000-65e0833f-08-s3-d2,9,B,4,50,"[36200,42800,-3700,24700]",3,-4.0,1,2,0,0,2,True
2025-2025010923gm-00a9-0000-65e0833f-08-s3-d2,10,A,1,55,"[9700,53500,21700,15100]",3,-4.0,1,3,0,0,5,True
2025-2025010923gm-00a9-0000-65e0833f-08-s3-d2,10,B,4,50,"[31900,42300,600,25200]",3,-4.0,1,3,0,0,4,True
2025-2025010923gm-00a9-0000-65e0833f-08-s3-d2,11,A,1,55,"[32800,50500,-1000,17700]",3,-4.0,1,1,1,0,2,True
2025-2025010923gm-00a9-0000-65e0833f-08-s3-d2,11,B,4,50,"[32800,50500,-1000,17700]",3,-4.0,1,1,1,0,2,True
2025-2025010923gm-00a9-0000-65e0833f-08-s3-d2,12,A,1,55,"[31300,47100,6700,12900]",3,-4.0,1,3,0,2,5,True
2025-2025010923gm-00a9-0000-65e0833f-08-s3-d2,12,B,4,50,"[29500,40300,10500,19700]",3,-4.0,1,3,0,0,3,True
2025-2025010923gm-00a9-0000-65e0833f-08-s3-d2,13,A,1,55,"[36500,42400,-2400,23500]",3,-4.0,1,2,0,0,4,True
2025-2025010923gm-00a9-0000-65e0833f-08-s3-d2,13,B,4,50,"[36500,42400,-2400,23500]",3,-4.0,1,2,0,0,4,True
2025-2025010923gm-00a9-0000-65e0833f-08-s3-d2,14,A,1,55,"[42600,41200,-4500,20700]",3,-4.0,1,3,0,0,4,True
2025-2025010923gm-00a9-0000-65e0833f-08-s3-d2,14,B,4,50,"[31700,45800,-1700,24200]",3,-4.0,1,3,0,0,4,True
2025-2025010923gm-00a9-0000-65e0833f-08-s3-d2,15,A,1,55,"[30400,38900,3000,27700]",3,-4.0,1,3,0,0,3,True
2025-2025010923gm-00a9-0000-65e0833f-08-s3-d2,15,B,4,50,"[28400,25700,6300,39600]",1,10.0,1,3,0,0,4,True
2025-2025010923gm-00a9-0000-65e0833f-08-s3-d2,16,A,1,55,"[38200,40500,2300,19000]",3,-4.0,1,3,0,0,3,True
2025-2025010923gm-00a9-0000-65e0833f-08-s3-d2,16,B,4,50,"[38200,40500,2300,19000]",3,-4.0,1,3,0,0,3,True
2025-2025010923gm-00a9-0000-65e0833f-08-s3-d2,17,A,1,55,"[33700,42800,-3000,26500]",3,-4.0,1,2,0,0,2,True
2025-2025010923gm-00a9-0000-65e0833f-08-s3-d2,17,B,4,50,"[33700,42800,-3000,26500]",3,-4.0,1,2,0,0,2,True
2025-2025010923gm-00a9-0000-65e0833f-08-s3-d2,18,A,1,55,"[17500,58700,4500,19300]",2,4.0,1,3,0,0,3,True
2025-2025010923gm-00a9-0000-65e0833f-08-s3-d2,18,B,4,50,"[17500,58700,4500,19300]",2,4.0,1,3,0,0,3,True
2025-2025010923gm-00a9-0000-65e0833f-08-s3-d2,19,A,1,55,"[24500,34800,17000,23700]",3,-4.0,1,3,0,0,3,True
2025-2025010923gm-00a9-0000-65e0833f-08-s3-d2,19,B,4,50,"[25500,34800,16000,23700]",3,-4.0,1,3,0,0,3,True
2025-2025010923gm-00a9-0000-65e0833f-08-s3-d2,20,A,1,55,"[28400,34800,-4900,41700]",1,10.0,1,3,0,0,3,True
2025-2025010923gm-00a9-0000-65e0833f-08-s3-d2,20,B,4,50,"[30400,32800,-4900,41700]",1,10.0,1,3,0,0,3,True
2025-2025010923gm-00a9-0000-65e0833f-08-s3-d2,21,A,1,55,"[21500,36800,2300,39400]",1,10.0,1,3,0,0,3,True
2025-2025010923gm-00a9-0000-65e0833f-08-s3-d2,21,B,4,50,"[29100,38800,1500,30600]",2,4.0,1,3,0,0,3,True
2025-2025010923gm-00a9-0000-65e0833f-08-s3-d2,22,A,1,55,"[24200,47100,3000,25700]",2,4.0,1,3,0,0,4,True
2025-2025010923gm-00a9-0000-65e0833f-08-s3-d2,22,B,4,50,"[14500,29000,37400,19100]",3,-4.0,1,3,3,0,9,True
2025-2025010923gm-00a9-0000-65e0833f-08-s3-d2,23,A,1,55,"[30500,32300,10500,26700]",3,-4.0,1,3,0,0,3,True
2025-2025010923gm-00a9-0000-65e0833f-08-s3-d2,23,B,4,50,"[16000,49300,6500,28200]",2,4.0,1,3,3,0,7,True
2025-2025010923gm-00a9-0000-65e0833f-08-s3-d2,24,A,1,55,"[28500,50500,-4700,25700]",3,-4.0,1,2,0,0,2,True
2025-2025010923gm-00a9-0000-65e0833f-08-s3-d2,24,B,4,50,"[28500,50500,-4700,25700]",3,-4.0,1,2,0,0,2,True
2025-2025010923gm-00a9-0000-65e0833f-08-s3-d2,25,A,1,55,"[13600,39700,14600,32100]",2,4.0,1,3,0,0,4,True
2025-2025010923gm-00a9-0000-65e0833f-08-s3-d2,25,B,4,50,"[5200,50900,14000,29900]",2,4.0,1,3,0,0,4,True
2025-2025010923gm-00a9-0000-65e0833f-08-s3-d2,26,A,1,55,"[22300,43700,5700,28300]",2,4.0,1,3,2,0,6,True
2025-2025010923gm-00a9-0000-65e0833f-08-s3-d2,26,B,4,50,"[22300,43700,5700,28300]",2,4.0,1,3,2,0,6,True
2025-2025010923gm-00a9-0000-65e0833f-08-s3-d2,27,A,1,55,"[28500,44800,2000,24700]",3,-4.0,1,3,0,0,3,True
2025-2025010923gm-00a9-0000-65e0833f-08-s3-d2,27,B,4,50,"[28500,46800,0,24700]",3,-4.0,1,3,0,0,3,True
2025-2025010923gm-00a9-0000-65e0833f-08-s3-d2,28,A,1,55,"[27200,45500,2700,24600]",3,-4.0,1,3,0,0,3,True
2025-2025010923gm-00a9-0000-65e0833f-08-s3-d2,28,B,4,50,"[27200,46700,7600,18500]",3,-4.0,1,3,0,0,3,True
2025-2025010923gm-00a9-0000-65e0833f-08-s3-d2,29,A,1,55,"[24700,40000,-800,36100]",2,4.0,1,3,2,0,3,True
2025-2025010923gm-00a9-0000-65e0833f-08-s3-d2,29,B,4,50,"[26500,40800,-5000,37700]",2,4.0,1,2,0,0,2,True
2025-2025010923gm-00a9-0000-65e0833f-08-s3-d2,30,A,1,55,"[28500,42800,-1000,29700]",2,4.0,1,2,0,0,2,True
2025-2025010923gm-00a9-0000-65e0833f-08-s3-d2,30,B,4,50,"[27500,42800,-3000,32700]",2,4.0,1,2,0,0,2,True
2025-2025010923gm-00a9-0000-65e0833f-08-s3-d2,31,A,1,55,"[31500,43200,2400,22900]",3,-4.0,1,3,0,0,5,True
2025-2025010923gm-00a9-0000-65e0833f-08-s3-d2,31,B,4,50,"[32400,46400,100,21100]",3,-4.0,1,3,0,0,5,True
2025-2025010923gm-00a9-0000-65e0833f-08-s3-d2,32,A,1,55,"[23800,36800,16900,22500]",3,-4.0,1,3,0,0,4,True
2025-2025010923gm-00a9-0000-65e0833f-08-s3-d2,32,B,4,50,"[23800,36800,16900,22500]",3,-4.0,1,3,0,0,4,True
2025-2025010923gm-00a9-0000-65e0833f-08-s3-d2,33,A,1,55,"[26500,44800,1000,27700]",2,4.0,1,3,0,0,3,True
2025-2025010923gm-00a9-0000-65e0833f-08-s3-d2,33,B,4,50,"[24600,38700,-900,37600]",2,4.0,1,3,0,0,3,True
2025-2025010923gm-00a9-0000-65e0833f-08-s3-d2,34,A,1,55,"[25500,37800,-1000,37700]",2,4.0,1,2,0,0,2,True
2025-2025010923gm-00a9-0000-65e0833f-08-s3-d2,34,B,4,50,"[37000,45300,-500,18200]",3,-4.0,1,3,0,0,3,True
2025-2025010923gm-00a9-0000-65e0833f-08-s3-d2,35,A,1,55,"[24400,40500,8800,26300]",2,4.0,1,3,1,0,5,True
2025-2025010923gm-00a9-0000-65e0833f-08-s3-d2,35,B,4,50,"[31400,27000,16300,25300]",3,-4.0,1,3,0,0,4,True
2025-2025010923gm-00a9-0000-65e0833f-08-s3-d2,36,A,1,55,"[28500,42800,-4000,32700]",2,4.0,1,1,0,0,1,True
2025-2025010923gm-00a9-0000-65e0833f-08-s3-d2,36,B,4,50,"[27000,34800,2700,33500]",2,4.0,1,3,2,2,5,True
2025-2025010923gm-00a9-0000-65e0833f-08-s3-d2,37,A,1,55,"[28500,46300,3000,22200]",3,-4.0,1,3,0,0,3,True
2025-2025010923gm-00a9-0000-65e0833f-08-s3-d2,37,B,4,50,"[29500,43800,-300,27000]",3,-4.0,1,1,1,0,2,True
2025-2025010923gm-00a9-0000-65e0833f-08-s3-d2,38,A,1,55,"[17900,42400,3400,36300]",2,4.0,1,3,1,0,4,True
2025-2025010923gm-00a9-0000-65e0833f-08-s3-d2,38,B,4,50,"[17900,42400,3400,36300]",2,4.0,1,3,1,0,4,True
2025-2025010923gm-00a9-0000-65e0833f-08-s3-d2,39,A,1,55,"[22500,60800,-1000,17700]",3,-4.0,1,1,0,0,1,True
2025-2025010923gm-00a9-0000-65e0833f-08-s3-d2,39,B,4,50,"[23100,38400,13900,24600]",2,4.0,1,3,0,0,4,True
2025-2025010923gm-00a9-0000-65e0833f-08-s3-d2,40,A,1,55,"[28500,42800,-2700,31400]",2,4.0,1,1,0,0,1,True
2025-2025010923gm-00a9-0000-65e0833f-08-s3-d2,40,B,4,50,"[19700,40100,12800,27400]",2,4.0,1,3,0,0,4,True
2025-2025010923gm-00a9-0000-65e0833f-08-s3-d2,41,A,1,55,"[41100,35600,16900,6400]",4,-10.0,1,3,0,0,5,True
2025-2025010923gm-00a9-0000-65e0833f-08-s3-d2,41,B,4,50,"[19200,74500,5900,400]",4,-10.0,1,3,0,0,6,True
2025-2025010923gm-00a9-0000-65e0833f-08-s3-d2,42,A,1,55,"[37500,35600,10500,16400]",3,-4.0,1,3,0,0,3,True
2025-2025010923gm-00a9-0000-65e0833f-08-s3-d2,42,B,4,50,"[29600,43500,2500,24400]",3,-4.0,1,3,0,0,3,True
2025-2025010923gm-00a9-0000-65e0833f-08-s3-d2,43,A,1,55,"[40000,38400,300,21300]",3,-4.0,1,3,0,0,3,True
2025-2025010923gm-00a9-0000-65e0833f-08-s3-d2,43,B,4,50,"[17700,40600,24200,17500]",4,-10.0,1,3,2,0,4,True
2025-2025010923gm-00a9-0000-65e0833f-08-s3-d2,44,A,1,55,"[23500,31100,1000,44400]",1,10.0,1,3,0,0,3,True
2025-2025010923gm-00a9-0000-65e0833f-08-s3-d2,44,B,4,50,"[26500,38900,-4700,39300]",1,10.0,1,2,0,0,2,True
2025-2025010923gm-00a9-0000-65e0833f-08-s3-d2,45,A,1,55,"[21800,49400,12100,16700]",3,-4.0,1,3,0,0,4,True
2025-2025010923gm-00a9-0000-65e0833f-08-s3-d2,45,B,4,50,"[25600,44500,9300,20600]",3,-4.0,1,3,0,0,4,True
2025-2025010923gm-00a9-0000-65e0833f-08-s3-d2,46,A,1,55,"[40000,30900,4100,25000]",3,-4.0,1,3,0,0,4,True
2025-2025010923gm-00a9-0000-65e0833f-08-s3-d2,46,B,4,50,"[10000,44500,7700,37800]",2,4.0,1,3,0,0,4,True
2025-2025010923gm-00a9-0000-65e0833f-08-s3-d2,47,A,1,55,"[24300,47700,-900,28900]",2,4.0,1,3,0,0,4,True
2025-2025010923gm-00a9-0000-65e0833f-08-s3-d2,47,B,4,50,"[23400,42700,-1100,35000]",2,4.0,1,2,0,0,3,True
2025-2025010923gm-00a9-0000-65e0833f-08-s3-d2,48,A,1,55,"[31500,39800,2500,26200]",3,-4.0,1,3,0,0,3,True
2025-2025010923gm-00a9-0000-65e0833f-08-s3-d2,48,B,4,50,"[31500,39800,2500,26200]",3,-4.0,1,3,0,0,3,True
2025-2025010923gm-00a9-0000-65e0833f-08-s3-d2,49,A,1,55,"[35800,49400,4300,10500]",3,-4.0,1,3,0,0,3,True
2025-2025010923gm-00a9-0000-65e0833f-08-s3-d2,49,B,4,50,"[27500,42800,4000,25700]",3,-4.0,1,3,0,0,3,True
2025-2025010923gm-00a9-0000-65e0833f-08-s3-d2,50,A,1,55,"[15700,41800,18100,24400]",2,4.0,1,3,0,0,3,True
2025-2025010923gm-00a9-0000-65e0833f-08-s3-d2,50,B,4,50,"[15700,41800,18100,24400]",2,4.0,1,3,0,0,3,True
2025-2025010923gm-00a9-0000-65e0833f-08-s3-d2,51,A,1,55,"[31600,46500,900,21000]",3,-4.0,1,3,0,0,3,True
2025-2025010923gm-00a9-0000-65e0833f-08-s3-d2,51,B,4,50,"[25900,50100,800,23200]",3,-4.0,1,3,1,0,5,True
2025-2025010923gm-00a9-0000-65e0833f-08-s3-d2,52,A,1,55,"[24500,63100,-12300,24700]",2,4.0,1,1,1,0,2,True
2025-2025010923gm-00a9-0000-65e0833f-08-s3-d2,52,B,4,50,"[24500,63100,-12300,24700]",2,4.0,1,1,1,0,2,True
2025-2025010923gm-00a9-0000-65e0833f-08-s3-d2,53,A,1,55,"[20600,39800,-1000,40600]",1,10.0,1,2,0,0,2,True
2025-2025010923gm-00a9-0000-65e0833f-08-s3-d2,53,B,4,50,"[28500,37800,-2000,35700]",2,4.0,1,2,0,0,2,True
2025-2025010923gm-00a9-0000-65e0833f-08-s3-d2,54,A,1,55,"[37500,37900,10100,14500]",3,-4.0,1,3,1,0,4,True
2025-2025010923gm-00a9-0000-65e0833f-08-s3-d2,54,B,4,50,"[37500,37900,10100,14500]",3,-4.0,1,3,1,0,4,True
2025-2025010923gm-00a9-0000-65e0833f-08-s3-d2,55,A,1,55,"[24500,30500,25300,19700]",4,-10.0,1,3,1,0,3,True
2025-2025010923gm-00a9-0000-65e0833f-08-s3-d2,55,B,4,50,"[29900,46600,14400,9100]",4,-10.0,1,3,1,0,5,True
2025-2025010923gm-00a9-0000-65e0833f-08-s3-d2,56,A,1,55,"[31800,39600,4600,24000]",3,-4.0,1,3,1,0,4,True
2025-2025010923gm-00a9-0000-65e0833f-08-s3-d2,56,B,4,50,"[31800,39600,4600,24000]",3,-4.0,1,3,1,0,4,True
2025-2025010923gm-00a9-0000-65e0833f-08-s3-d2,57,A,1,55,"[25000,46700,-7700,36000]",2,4.0,1,3,0,0,5,True
2025-2025010923gm-00a9-0000-65e0833f-08-s3-d2,57,B,4,50,"[25000,46700,-7700,36000]",2,4.0,1,3,0,0,5,True
2025-2025010923gm-00a9-0000-65e0833f-08-s3-d2,58,A,1,55,"[23100,47400,15500,14000]",4,-10.0,1,3,1,0,4,True
2025-2025010923gm-00a9-0000-65e0833f-08-s3-d2,58,B,4,50,"[23100,47400,15500,14000]",4,-10.0,1,3,1,0,4,True
2025-2025010923gm-00a9-0000-65e0833f-08-s3-d2,59,A,1,55,"[44500,41800,-700,14400]",3,-4.0,1,3,0,0,3,True
2025-2025010923gm-00a9-0000-65e0833f-08-s3-d2,59,B,4,50,"[44500,41800,-700,14400]",3,-4.0,1,3,0,0,3,True
2025-2025010923gm-00a9-0000-65e0833f-08-s3-d2,60,A,1,55,"[6600,54800,-5200,43800]",2,4.0,1,3,1,0,6,True
2025-2025010923gm-00a9-0000-65e0833f-08-s3-d2,60,B,4,50,"[6600,54800,-5200,43800]",2,4.0,1,3,1,0,6,True
2025-2025010923gm-00a9-0000-65e0833f-08-s3-d2,61,A,1,55,"[40000,38400,-4200,25800]",3,-4.0,1,3,1,0,4,True
2025-2025010923gm-00a9-0000-65e0833f-08-s3-d2,61,B,4,50,"[21700,30300,28700,19300]",4,-10.0,2,1,0,0,6,True
2025-2025010923gm-00a9-0000-65e0833f-08-s3-d2,62,A,1,55,"[23200,50100,-4300,31000]",2,4.0,1,3,0,0,3,True
2025-2025010923gm-00a9-0000-65e0833f-08-s3-d2,62,B,4,50,"[23200,50100,-4300,31000]",2,4.0,1,3,0,0,3,True
2025-2025010923gm-00a9-0000-65e0833f-08-s3-d2,63,A,1,55,"[35800,42300,-3400,25300]",3,-4.0,1,3,0,0,3,True
2025-2025010923gm-00a9-0000-65e0833f-08-s3-d2,63,B,4,50,"[35800,42300,-3400,25300]",3,-4.0,1,3,0,0,3,True
2025-2025010923gm-00a9-0000-65e0833f-08-s3-d2,64,A,1,55,"[38100,46800,-4600,19700]",3,-4.0,1,1,2,0,3,True
2025-2025010923gm-00a9-0000-65e0833f-08-s3-d2,64,B,4,50,"[37800,37500,1000,23700]",3,-4.0,1,3,0,0,3,True
2025-2025010923gm-00a9-0000-65e0833f-08-s3-d2,65,A,1,55,"[33700,42800,-200,23700]",3,-4.0,1,1,0,0,1,True
2025-2025010923gm-00a9-0000-65e0833f-08-s3-d2,65,B,4,50,"[33700,42800,-200,23700]",3,-4.0,1,1,0,0,1,True
2025-2025010923gm-00a9-0000-65e0833f-08-s3-d2,66,A,1,55,"[31500,46000,-200,22700]",3,-4.0,1,2,1,0,2,True
2025-2025010923gm-00a9-0000-65e0833f-08-s3-d2,66,B,4,50,"[30000,45500,-700,25200]",3,-4.0,1,2,1,0,2,True
2025-2025010923gm-00a9-0000-65e0833f-08-s3-d2,67,A,1,55,"[31800,43500,2000,21700]",3,-4.0,1,3,0,1,4,True
2025-2025010923gm-00a9-0000-65e0833f-08-s3-d2,67,B,4,50,"[25900,43200,-600,31500]",2,4.0,1,2,0,0,3,True
2025-2025010923gm-00a9-0000-65e0833f-08-s3-d2,68,A,1,55,"[38700,41500,-9300,29100]",3,-4.0,1,2,2,0,5,True
2025-2025010923gm-00a9-0000-65e0833f-08-s3-d2,68,B,4,50,"[38700,41500,-9300,29100]",3,-4.0,1,2,2,0,5,True
2025-2025010923gm-00a9-0000-65e0833f-08-s3-d2,69,A,1,55,"[28500,54800,-7000,23700]",3,-4.0,1,1,0,0,1,True
2025-2025010923gm-00a9-0000-65e0833f-08-s3-d2,69,B,4,50,"[24500,56800,-1000,19700]",3,-4.0,1,1,1,0,2,True
2025-2025010923gm-00a9-0000-65e0833f-08-s3-d2,70,A,1,55,"[27000,51700,-900,22200]",3,-4.0,1,2,3,0,4,True
2025-2025010923gm-00a9-0000-65e0833f-08-s3-d2,70,B,4,50,"[20800,55900,2100,21200]",2,4.0,1,3,0,0,5,True
2025-2025010923gm-00a9-0000-65e0833f-08-s3-d2,71,A,1,55,"[36200,38000,2700,23100]",3,-4.0,1,3,0,0,3,True
2025-2025010923gm-00a9-0000-65e0833f-08-s3-d2,71,B,4,50,"[22500,60800,-1000,17700]",3,-4.0,1,1,0,0,1,True
2025-2025010923gm-00a9-0000-65e0833f-08-s3-d2,72,A,1,55,"[23100,41500,6500,28900]",2,4.0,1,3,0,0,3,True
2025-2025010923gm-00a9-0000-65e0833f-08-s3-d2,72,B,4,50,"[26500,39800,1900,31800]",2,4.0,1,3,0,0,3,True
2025-2025010923gm-00a9-0000-65e0833f-08-s3-d2,73,A,1,55,"[25200,34400,28700,11700]",4,-10.0,1,3,0,0,4,True
2025-2025010923gm-00a9-0000-65e0833f-08-s3-d2,73,B,4,50,"[25200,34400,28700,11700]",4,-10.0,1,3,0,0,4,True
2025-2025010923gm-00a9-0000-65e0833f-08-s3-d2,74,A,1,55,"[48500,34800,-2000,18700]",3,-4.0,1,2,0,0,2,True
2025-2025010923gm-00a9-0000-65e0833f-08-s3-d2,74,B,4,50,"[33200,36100,5000,25700]",3,-4.0,1,3,0,0,3,True
2025-2025010923gm-00a9-0000-65e0833f-08-s3-d2,75,A,1,55,"[17100,38300,19900,24700]",2,4.0,1,3,0,0,4,True
2025-2025010923gm-00a9-0000-65e0833f-08-s3-d2,75,B,4,50,"[25700,24900,18400,31000]",1,10.0,2,2,1,0,9,True
2025-2025010923gm-00a9-0000-65e0833f-08-s3-d2,76,A,1,55,"[30400,44100,-200,25700]",3,-4.0,1,3,0,0,3,True
2025-2025010923gm-00a9-0000-65e0833f-08-s3-d2,76,B,4,50,"[30400,44100,-200,25700]",3,-4.0,1,3,0,0,3,True
2025-2025010923gm-00a9-0000-65e0833f-08-s3-d2,77,A,1,55,"[20300,31600,-3200,51300]",1,10.0,1,3,1,0,4,True
2025-2025010923gm-00a9-0000-65e0833f-08-s3-d2,77,B,4,50,"[20300,31600,-3200,51300]",1,10.0,1,3,1,0,4,True
2025-2025010923gm-00a9-0000-65e0833f-08-s3-d2,78,A,1,55,"[25800,43800,3200,27200]",2,4.0,1,3,0,0,3,True
2025-2025010923gm-00a9-0000-65e0833f-08-s3-d2,78,B,4,50,"[25800,43800,3200,27200]",2,4.0,1,3,0,0,3,True
2025-2025010923gm-00a9-0000-65e0833f-08-s3-d2,79,A,1,55,"[37300,46600,4500,11600]",3,-4.0,1,3,0,0,4,True
2025-2025010923gm-00a9-0000-65e0833f-08-s3-d2,79,B,4,50,"[42800,29500,6000,21700]",3,-4.0,1,3,0,0,4,True
2025-2025010923gm-00a9-0000-65e0833f-08-s3-d2,80,A,1,55,"[17200,51400,11900,19500]",2,4.0,1,3,1,0,5,True
2025-2025010923gm-00a9-0000-65e0833f-08-s3-d2,80,B,4,50,"[24400,39400,11500,24700]",2,4.0,1,3,0,0,4,True
2025-2025010923gm-00a9-0000-65e0833f-08-s3-d2,81,A,1,55,"[24700,44300,13300,17700]",3,-4.0,1,3,0,0,4,True
2025-2025010923gm-00a9-0000-65e0833f-08-s3-d2,81,B,4,50,"[25700,45300,10100,17900]",3,-4.0,1,3,0,1,4,True
2025-2025010923gm-00a9-0000-65e0833f-08-s3-d2,82,A,1,55,"[33200,39500,3100,24200]",3,-4.0,1,3,0,0,3,True
2025-2025010923gm-00a9-0000-65e0833f-08-s3-d2,82,B,4,50,"[28400,37700,-100,34000]",2,4.0,1,3,0,0,3,True
2025-2025010923gm-00a9-0000-65e0833f-08-s3-d2,83,A,1,55,"[28000,43200,800,28000]",3,-4.0,1,3,1,0,4,True
2025-2025010923gm-00a9-0000-65e0833f-08-s3-d2,83,B,4,50,"[22600,44800,9400,23200]",2,4.0,1,3,0,0,3,True
2025-2025010923gm-00a9-0000-65e0833f-08-s3-d2,84,A,1,55,"[40100,41800,-4600,22700]",3,-4.0,1,2,2,0,3,True
2025-2025010923gm-00a9-0000-65e0833f-08-s3-d2,84,B,4,50,"[39600,41300,-3100,22200]",3,-4.0,1,2,2,0,3,True
2025-2025010923gm-00a9-0000-65e0833f-08-s3-d2,85,A,1,55,"[24800,37400,15800,21000]",3,-4.0,1,3,1,1,6,True
2025-2025010923gm-00a9-0000-65e0833f-08-s3-d2,85,B,4,50,"[24100,49600,1800,24500]",2,4.0,1,3,2,0,7,True
2025-2025010923gm-00a9-0000-65e0833f-08-s3-d2,86,A,1,55,"[28400,38800,-6900,39700]",1,10.0,1,2,0,0,2,True
2025-2025010923gm-00a9-0000-65e0833f-08-s3-d2,86,B,4,50,"[25500,37800,-3000,39700]",1,10.0,1,2,0,0,2,True
2025-2025010923gm-00a9-0000-65e0833f-08-s3-d2,87,A,1,55,"[28600,49800,-200,21800]",3,-4.0,1,3,0,0,3,True
2025-2025010923gm-00a9-0000-65e0833f-08-s3-d2,87,B,4,50,"[30200,49000,14400,6400]",4,-10.0,1,3,0,0,3,True
2025-2025010923gm-00a9-0000-65e0833f-08-s3-d2,88,A,1,55,"[26800,42100,-5100,36200]",2,4.0,1,3,0,0,3,True
2025-2025010923gm-00a9-0000-65e0833f-08-s3-d2,88,B,4,50,"[26800,42100,-5100,36200]",2,4.0,1,3,0,0,3,True
2025-2025010923gm-00a9-0000-65e0833f-08-s3-d2,89,A,1,55,"[43200,42100,3000,11700]",3,-4.0,1,3,0,0,3,True
2025-2025010923gm-00a9-0000-65e0833f-08-s3-d2,89,B,4,50,"[35600,42400,2600,19400]",3,-4.0,1,3,1,0,4,True
2025-2025010923gm-00a9-0000-65e0833f-08-s3-d2,90,A,1,55,"[29100,50800,-1600,21700]",3,-4.0,1,2,0,0,2,True
2025-2025010923gm-00a9-0000-65e0833f-08-s3-d2,90,B,4,50,"[29500,42800,-3700,31400]",2,4.0,1,2,0,0,2,True
2025-2025010923gm-00a9-0000-65e0833f-08-s3-d2,91,A,1,55,"[33100,41800,3000,22100]",3,-4.0,1,3,0,0,3,True
2025-2025010923gm-00a9-0000-65e0833f-08-s3-d2,91,B,4,50,"[28500,49600,-1800,23700]",3,-4.0,1,1,0,0,1,True
2025-2025010923gm-00a9-0000-65e0833f-08-s3-d2,92,A,1,55,"[16200,47500,16500,19800]",2,4.0,1,3,0,0,5,True
2025-2025010923gm-00a9-0000-65e0833f-08-s3-d2,92,B,4,50,"[28500,36800,18000,16700]",4,-10.0,1,3,0,0,3,True
2025-2025010923gm-00a9-0000-65e0833f-08-s3-d2,93,A,1,55,"[27500,37800,4100,29600]",2,4.0,1,3,0,1,3,True
2025-2025010923gm-00a9-0000-65e0833f-08-s3-d2,93,B,4,50,"[28500,44800,-7100,33800]",2,4.0,1,2,0,0,2,True
2025-2025010923gm-00a9-0000-65e0833f-08-s3-d2,94,A,1,55,"[39400,29300,3500,26800]",3,-4.0,1,3,1,1,4,True
2025-2025010923gm-00a9-0000-65e0833f-08-s3-d2,94,B,4,50,"[38400,31300,5500,22800]",3,-4.0,1,3,1,2,4,True
2025-2025010923gm-00a9-0000-65e0833f-08-s3-d2,95,A,1,55,"[26500,45400,200,27900]",2,4.0,1,3,0,0,3,True
2025-2025010923gm-00a9-0000-65e0833f-08-s3-d2,95,B,4,50,"[26500,45400,200,27900]",2,4.0,1,3,0,0,3,True
2025-2025010923gm-00a9-0000-65e0833f-08-s3-d2,96,A,1,55,"[34400,44000,1500,20100]",3,-4.0,1,3,3,0,7,True
2025-2025010923gm-00a9-0000-65e0833f-08-s3-d2,96,B,4,50,"[34400,44000,1500,20100]",3,-4.0,1,3,3,0,7,True
2025-2025010923gm-00a9-0000-65e0833f-08-s3-d2,97,A,1,55,"[22500,34800,23000,18700]",4,-10.0,1,3,0,1,3,True
2025-2025010923gm-00a9-0000-65e0833f-08-s3-d2,97,B,4,50,"[22500,34800,23000,18700]",4,-10.0,1,3,0,1,3,True
2025-2025010923gm-00a9-0000-65e0833f-08-s3-d2,98,A,1,55,"[28500,51500,-3700,23700]",3,-4.0,1,1,0,0,1,True
2025-2025010923gm-00a9-0000-65e0833f-08-s3-d2,98,B,4,50,"[26200,44400,-8500,37900]",2,4.0,1,3,0,0,4,True
2025-2025010923gm-00a9-0000-65e0833f-08-s3-d2,99,A,1,55,"[29000,42600,13700,14700]",3,-4.0,1,3,0,0,4,True
2025-2025010923gm-00a9-0000-65e0833f-08-s3-d2,99,B,4,50,"[29000,42600,13700,14700]",3,-4.0,1,3,0,0,4,True
2025-2025010923gm-00a9-0000-65e0833f-08-s3-d2,100,A,1,55,"[23500,48800,-7000,34700]",2,4.0,1,3,1,0,4,True
2025-2025010923gm-00a9-0000-65e0833f-08-s3-d2,100,B,4,50,"[31000,40200,6400,22400]",3,-4.0,1,3,0,0,3,True
2025-2025010923gm-00a9-0000-65e0833f-08-s3-d2,101,A,1,55,"[29600,46100,8800,15500]",3,-4.0,1,3,2,0,4,True
2025-2025010923gm-00a9-0000-65e0833f-08-s3-d2,101,B,4,50,"[34000,42800,24700,-1500]",4,-10.0,1,2,1,0,3,True
2025-2025010923gm-00a9-0000-65e0833f-08-s3-d2,102,A,1,55,"[40700,26400,13300,18600]",3,-4.0,1,3,0,1,4,True
2025-2025010923gm-00a9-0000-65e0833f-08-s3-d2,102,B,4,50,"[45300,27500,8300,18900]",3,-4.0,1,3,0,0,4,True
2025-2025010923gm-00a9-0000-65e0833f-08-s3-d2,103,A,1,55,"[25300,44900,9300,19500]",3,-4.0,1,3,0,1,5,True
2025-2025010923gm-00a9-0000-65e0833f-08-s3-d2,103,B,4,50,"[25300,44900,9300,19500]",3,-4.0,1,3,0,1,5,True
2025-2025010923gm-00a9-0000-65e0833f-08-s3-d2,104,A,1,55,"[29700,45300,6000,19000]",3,-4.0,1,3,0,0,4,True
2025-2025010923gm-00a9-0000-65e0833f-08-s3-d2,104,B,4,50,"[31200,43000,9800,16000]",3,-4.0,1,3,0,0,4,True
2025-2025010923gm-00a9-0000-65e0833f-08-s3-d2,105,A,1,55,"[44500,30800,13000,11700]",4,-10.0,1,3,0,0,3,True
2025-2025010923gm-00a9-0000-65e0833f-08-s3-d2,105,B,4,50,"[40000,38200,8400,13400]",3,-4.0,1,3,0,0,4,True
2025-2025010923gm-00a9-0000-65e0833f-08-s3-d2,106,A,1,55,"[32800,44700,-200,22700]",3,-4.0,1,3,0,0,3,True
2025-2025010923gm-00a9-0000-65e0833f-08-s3-d2,106,B,4,50,"[31300,36300,-1800,34200]",2,4.0,1,3,0,0,3,True
2025-2025010923gm-00a9-0000-65e0833f-08-s3-d2,107,A,1,55,"[25300,42900,11300,20500]",3,-4.0,1,3,0,0,4,True
2025-2025010923gm-00a9-0000-65e0833f-08-s3-d2,107,B,4,50,"[25300,42900,11300,20500]",3,-4.0,1,3,0,0,4,True
2025-2025010923gm-00a9-0000-65e0833f-08-s3-d2,108,A,1,55,"[35500,54800,-4300,14000]",3,-4.0,1,1,1,0,2,True
2025-2025010923gm-00a9-0000-65e0833f-08-s3-d2,108,B,4,50,"[22900,53300,8200,15600]",3,-4.0,1,3,1,0,6,True
2025-2025010923gm-00a9-0000-65e0833f-08-s3-d2,109,A,1,55,"[25900,49400,1000,23700]",3,-4.0,1,3,0,0,4,True
2025-2025010923gm-00a9-0000-65e0833f-08-s3-d2,109,B,4,50,"[28500,54800,-7000,23700]",3,-4.0,1,1,0,0,1,True
2025-2025010923gm-00a9-0000-65e0833f-08-s3-d2,110,A,1,55,"[29500,41800,4000,20700]",3,-4.0,1,3,4,4,5,True
2025-2025010923gm-00a9-0000-65e0833f-08-s3-d2,110,B,4,50,"[29500,41800,4000,20700]",3,-4.0,1,3,4,4,5,True
2025-2025010923gm-00a9-0000-65e0833f-08-s3-d2,111,A,1,55,"[25600,50900,-200,23700]",3,-4.0,1,1,1,0,2,True
2025-2025010923gm-00a9-0000-65e0833f-08-s3-d2,111,B,4,50,"[25600,50900,-200,23700]",3,-4.0,1,1,1,0,2,True
2025-2025010923gm-00a9-0000-65e0833f-08-s3-d2,112,A,1,55,"[32100,32400,12600,22900]",3,-4.0,1,3,0,0,6,True
2025-2025010923gm-00a9-0000-65e0833f-08-s3-d2,112,B,4,50,"[27200,42300,-4000,34500]",2,4.0,1,2,0,0,2,True
2025-2025010923gm-00a9-0000-65e0833f-08-s3-d2,113,A,1,55,"[21900,40100,400,37600]",2,4.0,1,3,2,0,5,True
2025-2025010923gm-00a9-0000-65e0833f-08-s3-d2,113,B,4,50,"[25500,42900,-700,32300]",2,4.0,1,3,0,0,3,True
2025-2025010923gm-00a9-0000-65e0833f-08-s3-d2,114,A,1,55,"[29600,44300,10700,14400]",3,-4.0,1,3,0,1,3,True
2025-2025010923gm-00a9-0000-65e0833f-08-s3-d2,114,B,4,50,"[29600,44300,10700,14400]",3,-4.0,1,3,0,1,3,True
2025-2025010923gm-00a9-0000-65e0833f-08-s3-d2,115,A,1,55,"[15200,54700,4500,25600]",2,4.0,1,3,1,0,6,True
2025-2025010923gm-00a9-0000-65e0833f-08-s3-d2,115,B,4,50,"[21800,55900,4500,17800]",3,-4.0,1,3,0,0,4,True
2025-2025010923gm-00a9-0000-65e0833f-08-s3-d2,116,A,1,55,"[24400,44800,-100,30900]",2,4.0,1,1,1,0,2,True
2025-2025010923gm-00a9-0000-65e0833f-08-s3-d2,116,B,4,50,"[24400,44800,-100,30900]",2,4.0,1,1,1,0,2,True
2025-2025010923gm-00a9-0000-65e0833f-08-s3-d2,117,A,1,55,"[36500,29500,5000,29000]",3,-4.0,1,3,0,0,3,True
2025-2025010923gm-00a9-0000-65e0833f-08-s3-d2,117,B,4,50,"[38400,32700,900,28000]",3,-4.0,1,3,0,0,3,True
2025-2025010923gm-00a9-0000-65e0833f-08-s3-d2,118,A,1,55,"[21300,42800,6100,29800]",2,4.0,1,3,0,0,3,True
2025-2025010923gm-00a9-0000-65e0833f-08-s3-d2,118,B,4,50,"[31400,38200,2700,27700]",3,-4.0,1,3,1,0,3,True
2025-2025010923gm-00a9-0000-65e0833f-08-s3-d2,119,A,1,55,"[32800,43300,-200,24100]",3,-4.0,1,3,1,0,4,True
2025-2025010923gm-00a9-0000-65e0833f-08-s3-d2,119,B,4,50,"[37100,36400,1400,25100]",3,-4.0,1,3,1,0,4,True
2025-2025010923gm-00a9-0000-65e0833f-08-s3-d2,120,A,1,55,"[37300,44800,2400,15500]",3,-4.0,1,3,0,0,4,True
2025-2025010923gm-00a9-0000-65e0833f-08-s3-d2,120,B,4,50,"[34700,45800,-100,19600]",3,-4.0,1,1,1,0,2,True
2025-2025010923gm-00a9-0000-65e0833f-08-s3-d2,121,A,1,55,"[28500,37600,-7600,41500]",1,10.0,1,3,0,0,3,True
2025-2025010923gm-00a9-0000-65e0833f-08-s3-d2,121,B,4,50,"[17200,30100,24800,27900]",2,4.0,1,3,1,0,6,True
2025-2025010923gm-00a9-0000-65e0833f-08-s3-d2,122,A,1,55,"[27900,44400,100,27600]",3,-4.0,1,3,2,0,5,True
2025-2025010923gm-00a9-0000-65e0833f-08-s3-d2,122,B,4,50,"[34900,39800,2500,22800]",3,-4.0,1,3,0,0,3,True
2025-2025010923gm-00a9-0000-65e0833f-08-s3-d2,123,A,1,55,"[41400,36500,900,21200]",3,-4.0,1,3,0,0,4,True
2025-2025010923gm-00a9-0000-65e0833f-08-s3-d2,123,B,4,50,"[28500,48600,-800,23700]",3,-4.0,1,1,0,0,1,True
2025-2025010923gm-00a9-0000-65e0833f-08-s3-d2,124,A,1,55,"[38200,36500,9300,16000]",3,-4.0,1,3,0,0,6,True
2025-2025010923gm-00a9-0000-65e0833f-08-s3-d2,124,B,4,50,"[17400,50400,4500,27700]",2,4.0,1,3,1,0,5,True
2025-2025010923gm-00a9-0000-65e0833f-08-s3-d2,125,A,1,55,"[32400,43800,1100,22700]",3,-4.0,1,3,0,0,3,True
2025-2025010923gm-00a9-0000-65e0833f-08-s3-d2,125,B,4,50,"[24800,36100,300,38800]",1,10.0,1,3,1,0,4,True
2025-2025010923gm-00a9-0000-65e0833f-08-s3-d2,126,A,1,55,"[39500,38200,1000,21300]",3,-4.0,1,3,0,0,3,True
2025-2025010923gm-00a9-0000-65e0833f-08-s3-d2,126,B,4,50,"[39500,38200,1000,21300]",3,-4.0,1,3,0,0,3,True
2025-2025010923gm-00a9-0000-65e0833f-08-s3-d2,127,A,1,55,"[33100,45300,-2800,24400]",3,-4.0,1,3,0,0,5,True
2025-2025010923gm-00a9-0000-65e0833f-08-s3-d2,127,B,4,50,"[31800,48300,0,19900]",3,-4.0,1,3,0,0,4,True
2025-2025010923gm-00a9-0000-65e0833f-08-s3-d2,128,A,1,55,"[45500,40800,-9000,22700]",3,-4.0,1,2,0,0,2,True
2025-2025010923gm-00a9-0000-65e0833f-08-s3-d2,128,B,4,50,"[45400,42800,-8000,19800]",3,-4.0,1,2,0,0,2,True
2025-2025010923gm-00a9-0000-65e0833f-08-s3-d2,129,A,1,55,"[26000,34800,13800,25400]",3,-4.0,1,3,0,0,5,True
2025-2025010923gm-00a9-0000-65e0833f-08-s3-d2,129,B,4,50,"[26000,34800,13800,25400]",3,-4.0,1,3,0,0,5,True
2025-2025010923gm-00a9-0000-65e0833f-08-s3-d2,130,A,1,55,"[31800,39800,-1000,29400]",3,-4.0,1,2,0,0,2,True
2025-2025010923gm-00a9-0000-65e0833f-08-s3-d2,130,B,4,50,"[31800,39800,-1000,29400]",3,-4.0,1,2,0,0,2,True
2025-2025010923gm-00a9-0000-65e0833f-08-s3-d2,131,A,1,55,"[27500,32500,9700,30300]",2,4.0,1,3,1,0,4,True
2025-2025010923gm-00a9-0000-65e0833f-08-s3-d2,131,B,4,50,"[27500,38500,1700,32300]",2,4.0,1,3,1,0,4,True
2025-2025010923gm-00a9-0000-65e0833f-08-s3-d2,132,A,1,55,"[24800,47300,6600,21300]",3,-4.0,1,3,1,0,5,True
2025-2025010923gm-00a9-0000-65e0833f-08-s3-d2,132,B,4,50,"[20200,33500,25900,20400]",3,-4.0,1,3,1,0,5,True
2025-2025010923gm-00a9-0000-65e0833f-08-s3-d2,133,A,1,55,"[39200,32100,4000,24700]",3,-4.0,1,3,0,0,3,True
2025-2025010923gm-00a9-0000-65e0833f-08-s3-d2,133,B,4,50,"[39200,32100,4000,24700]",3,-4.0,1,3,0,0,3,True
2025-2025010923gm-00a9-0000-65e0833f-08-s3-d2,134,A,1,55,"[47200,34300,400,18100]",3,-4.0,1,3,1,0,3,True
2025-2025010923gm-00a9-0000-65e0833f-08-s3-d2,134,B,4,50,"[43000,37700,100,19200]",3,-4.0,1,3,1,0,3,True
2025-2025010923gm-00a9-0000-65e0833f-08-s3-d2,135,A,1,55,"[28500,42800,-900,29600]",2,4.0,1,2,0,0,2,True
2025-2025010923gm-00a9-0000-65e0833f-08-s3-d2,135,B,4,50,"[38800,31600,4000,25600]",3,-4.0,1,3,1,0,4,True
2025-2025010923gm-00a9-0000-65e0833f-08-s3-d2,136,A,1,55,"[35800,41600,1700,20900]",3,-4.0,1,3,0,0,3,True
2025-2025010923gm-00a9-0000-65e0833f-08-s3-d2,136,B,4,50,"[33100,39500,400,27000]",3,-4.0,1,3,0,0,3,True
2025-2025010923gm-00a9-0000-65e0833f-08-s3-d2,137,A,1,55,"[22500,39300,19400,18800]",4,-10.0,1,3,0,0,4,True
2025-2025010923gm-00a9-0000-65e0833f-08-s3-d2,137,B,4,50,"[22500,39300,19400,18800]",4,-10.0,1,3,0,0,4,True
2025-2025010923gm-00a9-0000-65e0833f-08-s3-d2,138,A,1,55,"[31300,39600,200,28900]",3,-4.0,1,3,0,0,4,True
2025-2025010923gm-00a9-0000-65e0833f-08-s3-d2,138,B,4,50,"[33100,46200,15300,5400]",4,-10.0,1,3,0,0,4,True
2025-2025010923gm-00a9-0000-65e0833f-08-s3-d2,139,A,1,55,"[38000,39800,500,21700]",3,-4.0,1,3,0,0,3,True
2025-2025010923gm-00a9-0000-65e0833f-08-s3-d2,139,B,4,50,"[30500,39700,8400,21400]",3,-4.0,1,3,0,0,3,True
2025-2025010923gm-00a9-0000-65e0833f-08-s3-d2,140,A,1,55,"[29400,49100,1900,19600]",3,-4.0,1,3,0,0,3,True
2025-2025010923gm-00a9-0000-65e0833f-08-s3-d2,140,B,4,50,"[24300,42600,-1200,34300]",2,4.0,1,2,2,0,3,True
2025-2025010923gm-00a9-0000-65e0833f-08-s3-d2,141,A,1,55,"[28300,45500,1600,24600]",3,-4.0,1,3,1,0,5,True
2025-2025010923gm-00a9-0000-65e0833f-08-s3-d2,141,B,4,50,"[36200,40800,-5700,28700]",3,-4.0,1,3,0,0,3,True
2025-2025010923gm-00a9-0000-65e0833f-08-s3-d2,142,A,1,55,"[23600,36900,1200,38300]",1,10.0,1,3,0,0,3,True
2025-2025010923gm-00a9-0000-65e0833f-08-s3-d2,142,B,4,50,"[26500,38900,-1900,36500]",2,4.0,1,2,0,0,2,True
2025-2025010923gm-00a9-0000-65e0833f-08-s3-d2,143,A,1,55,"[31500,39800,5500,22200]",3,-4.0,1,3,1,1,4,True
2025-2025010923gm-00a9-0000-65e0833f-08-s3-d2,143,B,4,50,"[40500,38800,-3000,23700]",3,-4.0,1,3,0,0,3,True
2025-2025010923gm-00a9-0000-65e0833f-08-s3-d2,144,A,1,55,"[17900,35200,10100,36800]",1,10.0,1,3,2,0,4,True
2025-2025010923gm-00a9-0000-65e0833f-08-s3-d2,144,B,4,50,"[17900,35200,10100,36800]",1,10.0,1,3,2,0,4,True
2025-2025010923gm-00a9-0000-65e0833f-08-s3-d2,145,A,1,55,"[39500,50800,1300,8400]",3,-4.0,1,3,0,0,3,True
2025-2025010923gm-00a9-0000-65e0833f-08-s3-d2,145,B,4,50,"[39500,50800,1300,8400]",3,-4.0,1,3,0,0,3,True
2025-2025010923gm-00a9-0000-65e0833f-08-s3-d2,146,A,1,55,"[34700,42800,-3200,25700]",3,-4.0,1,2,0,0,2,True
2025-2025010923gm-00a9-0000-65e0833f-08-s3-d2,146,B,4,50,"[34700,42800,-3200,25700]",3,-4.0,1,2,0,0,2,True
2025-2025010923gm-00a9-0000-65e0833f-08-s3-d2,147,A,1,55,"[28100,43700,18100,10100]",4,-10.0,1,3,0,0,4,True
2025-2025010923gm-00a9-0000-65e0833f-08-s3-d2,147,B,4,50,"[28100,43700,18100,10100]",4,-10.0,1,3,0,0,4,True
2025-2025010923gm-00a9-0000-65e0833f-08-s3-d2,148,A,1,55,"[24300,43100,2700,29900]",2,4.0,1,3,0,0,4,True
2025-2025010923gm-00a9-0000-65e0833f-08-s3-d2,148,B,4,50,"[24300,43100,2700,29900]",2,4.0,1,3,0,0,4,True
2025-2025010923gm-00a9-0000-65e0833f-08-s3-d2,149,A,1,55,"[23300,55700,-2700,23700]",2,4.0,1,3,0,0,3,True
2025-2025010923gm-00a9-0000-65e0833f-08-s3-d2,149,B,4,50,"[23300,55700,-2700,23700]",2,4.0,1,3,0,0,3,True
2025-2025010923gm-00a9-0000-65e0833f-08-s3-d2,150,A,1,55,"[26900,43300,16400,13400]",4,-10.0,1,3,0,0,6,True
2025-2025010923gm-00a9-0000-65e0833f-08-s3-d2,150,B,4,50,"[28500,47400,-600,24700]",3,-4.0,1,3,0,0,4,True
2025-2025010923gm-00a9-0000-65e0833f-08-s3-d2,151,A,1,55,"[30600,56200,4200,9000]",3,-4.0,1,3,1,0,6,True
2025-2025010923gm-00a9-0000-65e0833f-08-s3-d2,151,B,4,50,"[21700,57400,12000,8900]",4,-10.0,1,3,0,0,4,True
2025-2025010923gm-00a9-0000-65e0833f-08-s3-d2,152,A,1,55,"[23900,41200,14800,20100]",3,-4.0,1,3,1,0,3,True
2025-2025010923gm-00a9-0000-65e0833f-08-s3-d2,152,B,4,50,"[17500,38800,13000,30700]",2,4.0,1,3,0,0,3,True
2025-2025010923gm-00a9-0000-65e0833f-08-s3-d2,153,A,1,55,"[36400,38900,-900,25600]",3,-4.0,1,2,0,0,2,True
2025-2025010923gm-00a9-0000-65e0833f-08-s3-d2,153,B,4,50,"[36400,38900,-900,25600]",3,-4.0,1,2,0,0,2,True
2025-2025010923gm-00a9-0000-65e0833f-08-s3-d2,154,A,1,55,"[27500,42800,-2700,32400]",2,4.0,1,1,0,0,1,True
2025-2025010923gm-00a9-0000-65e0833f-08-s3-d2,154,B,4,50,"[27000,43300,7000,22700]",3,-4.0,1,3,0,0,3,True
2025-2025010923gm-00a9-0000-65e0833f-08-s3-d2,155,A,1,55,"[26500,39900,-600,34200]",2,4.0,1,3,0,0,3,True
2025-2025010923gm-00a9-0000-65e0833f-08-s3-d2,155,B,4,50,"[25900,43800,1400,28900]",2,4.0,1,3,0,0,3,True
2025-2025010923gm-00a9-0000-65e0833f-08-s3-d2,156,A,1,55,"[33000,41300,11300,14400]",3,-4.0,1,3,0,0,3,True
2025-2025010923gm-00a9-0000-65e0833f-08-s3-d2,156,B,4,50,"[33000,41300,11300,14400]",3,-4.0,1,3,0,0,3,True
2025-2025010923gm-00a9-0000-65e0833f-08-s3-d2,157,A,1,55,"[39500,40800,-2000,21700]",3,-4.0,1,2,0,0,2,True
2025-2025010923gm-00a9-0000-65e0833f-08-s3-d2,157,B,4,50,"[37500,40800,-1000,22700]",3,-4.0,1,2,0,0,2,True
2025-2025010923gm-00a9-0000-65e0833f-08-s3-d2,158,A,1,55,"[30100,48600,-4300,25600]",3,-4.0,1,2,0,0,3,True
2025-2025010923gm-00a9-0000-65e0833f-08-s3-d2,158,B,4,50,"[30000,38400,3500,27100]",3,-4.0,1,3,0,1,3,True
2025-2025010923gm-00a9-0000-65e0833f-08-s3-d2,159,A,1,55,"[30100,41400,7900,20600]",3,-4.0,1,3,1,0,4,True
2025-2025010923gm-00a9-0000-65e0833f-08-s3-d2,159,B,4,50,"[36200,38700,4000,21100]",3,-4.0,1,3,0,0,3,True
2025-2025010923gm-00a9-0000-65e0833f-08-s3-d2,160,A,1,55,"[30500,45100,2000,22400]",3,-4.0,1,3,0,0,4,True
2025-2025010923gm-00a9-0000-65e0833f-08-s3-d2,160,B,4,50,"[31800,32000,2000,34200]",1,10.0,1,3,1,0,4,True
2025-2025010923gm-00a9-0000-65e0833f-08-s3-d2,161,A,1,55,"[41500,41800,-11000,27700]",3,-4.0,1,2,0,0,2,True
2025-2025010923gm-00a9-0000-65e0833f-08-s3-d2,161,B,4,50,"[30600,42500,3400,23500]",3,-4.0,1,3,0,0,3,True
2025-2025010923gm-00a9-0000-65e0833f-08-s3-d2,162,A,1,55,"[27900,27000,9400,35700]",1,10.0,1,3,0,0,4,True
2025-2025010923gm-00a9-0000-65e0833f-08-s3-d2,162,B,4,50,"[26200,28500,12500,32800]",1,10.0,1,3,0,0,3,True
2025-2025010923gm-00a9-0000-65e0833f-08-s3-d2,163,A,1,55,"[27500,45800,15000,11700]",4,-10.0,1,3,0,0,3,True
2025-2025010923gm-00a9-0000-65e0833f-08-s3-d2,163,B,4,50,"[27500,45800,15000,11700]",4,-10.0,1,3,0,0,3,True
2025-2025010923gm-00a9-0000-65e0833f-08-s3-d2,164,A,1,55,"[13000,52400,5400,29200]",2,4.0,1,3,0,0,4,True
2025-2025010923gm-00a9-0000-65e0833f-08-s3-d2,164,B,4,50,"[33500,38800,-1000,28700]",3,-4.0,1,3,0,0,3,True
2025-2025010923gm-00a9-0000-65e0833f-08-s3-d2,165,A,1,55,"[32900,38000,10200,18900]",3,-4.0,1,3,0,0,4,True
2025-2025010923gm-00a9-0000-65e0833f-08-s3-d2,165,B,4,50,"[36000,37500,6100,20400]",3,-4.0,1,3,0,0,4,True
2025-2025010923gm-00a9-0000-65e0833f-08-s3-d2,166,A,1,55,"[24900,45300,-1200,31000]",2,4.0,1,2,0,0,2,True
2025-2025010923gm-00a9-0000-65e0833f-08-s3-d2,166,B,4,50,"[24900,45200,-1200,31100]",2,4.0,1,2,0,0,2,True
2025-2025010923gm-00a9-0000-65e0833f-08-s3-d2,167,A,1,55,"[20500,66800,-3000,15700]",3,-4.0,1,1,1,0,2,True
2025-2025010923gm-00a9-0000-65e0833f-08-s3-d2,167,B,4,50,"[36500,38200,19300,6000]",4,-10.0,1,3,0,0,4,True
2025-2025010923gm-00a9-0000-65e0833f-08-s3-d2,168,A,1,55,"[34000,51200,-1300,16100]",3,-4.0,1,3,0,0,4,True
2025-2025010923gm-00a9-0000-65e0833f-08-s3-d2,168,B,4,50,"[34000,51200,-1300,16100]",3,-4.0,1,3,0,0,4,True
2025-2025010923gm-00a9-0000-65e0833f-08-s3-d2,169,A,1,55,"[34300,42800,-800,23700]",3,-4.0,1,2,0,0,2,True
2025-2025010923gm-00a9-0000-65e0833f-08-s3-d2,169,B,4,50,"[34300,42800,-800,23700]",3,-4.0,1,2,0,0,2,True
2025-2025010923gm-00a9-0000-65e0833f-08-s3-d2,170,A,1,55,"[24100,33000,26800,16100]",4,-10.0,1,3,1,0,5,True
2025-2025010923gm-00a9-0000-65e0833f-08-s3-d2,170,B,4,50,"[45800,32800,-100,21500]",3,-4.0,1,3,1,0,4,True
2025-2025010923gm-00a9-0000-65e0833f-08-s3-d2,171,A,1,55,"[28500,41800,-200,29900]",2,4.0,1,1,0,0,1,True
2025-2025010923gm-00a9-0000-65e0833f-08-s3-d2,171,B,4,50,"[31800,45000,-9100,32300]",2,4.0,1,3,0,0,4,True
2025-2025010923gm-00a9-0000-65e0833f-08-s3-d2,172,A,1,55,"[24000,37300,-1000,39700]",1,10.0,1,3,0,0,3,True
2025-2025010923gm-00a9-0000-65e0833f-08-s3-d2,172,B,4,50,"[26000,37300,1900,33800]",2,4.0,1,3,1,1,4,True
2025-2025010923gm-00a9-0000-65e0833f-08-s3-d2,173,A,1,55,"[36000,23000,-1500,42500]",1,10.0,1,3,0,0,4,True
2025-2025010923gm-00a9-0000-65e0833f-08-s3-d2,173,B,4,50,"[36000,23000,-1500,42500]",1,10.0,1,3,0,0,4,True
2025-2025010923gm-00a9-0000-65e0833f-08-s3-d2,174,A,1,55,"[40500,38500,-1600,22600]",3,-4.0,1,3,1,0,4,True
2025-2025010923gm-00a9-0000-65e0833f-08-s3-d2,174,B,4,50,"[15900,44300,7500,31300]",2,4.0,1,3,1,1,4,True
2025-2025010923gm-00a9-0000-65e0833f-08-s3-d2,175,A,1,55,"[25900,43600,200,30300]",2,4.0,1,3,1,0,4,True
2025-2025010923gm-00a9-0000-65e0833f-08-s3-d2,175,B,4,50,"[25900,43600,200,30300]",2,4.0,1,3,1,0,4,True
2025-2025010923gm-00a9-0000-65e0833f-08-s3-d2,176,A,1,55,"[31600,58300,-2300,12400]",3,-4.0,1,3,2,0,5,True
2025-2025010923gm-00a9-0000-65e0833f-08-s3-d2,176,B,4,50,"[22100,52600,7000,18300]",3,-4.0,1,3,0,0,5,True
2025-2025010923gm-00a9-0000-65e0833f-08-s3-d2,177,A,1,55,"[28200,48800,-2400,25400]",3,-4.0,1,3,0,0,3,True
2025-2025010923gm-00a9-0000-65e0833f-08-s3-d2,177,B,4,50,"[24300,47800,3500,24400]",2,4.0,1,3,0,0,3,True
2025-2025010923gm-00a9-0000-65e0833f-08-s3-d2,178,A,1,55,"[48700,38600,-1800,14500]",3,-4.0,1,3,0,0,4,True
2025-2025010923gm-00a9-0000-65e0833f-08-s3-d2,178,B,4,50,"[38800,37600,5100,18500]",3,-4.0,1,3,0,0,4,True
2025-2025010923gm-00a9-0000-65e0833f-08-s3-d2,179,A,1,55,"[16700,34800,-1200,49700]",1,10.0,1,3,0,0,4,True
2025-2025010923gm-00a9-0000-65e0833f-08-s3-d2,179,B,4,50,"[24100,42000,-800,34700]",2,4.0,1,3,1,0,6,True
2025-2025010923gm-00a9-0000-65e0833f-08-s3-d2,180,A,1,55,"[36500,42800,-1400,22100]",3,-4.0,1,2,0,0,2,True
2025-2025010923gm-00a9-0000-65e0833f-08-s3-d2,180,B,4,50,"[36500,42800,-1400,22100]",3,-4.0,1,2,0,0,2,True
2025-2025010923gm-00a9-0000-65e0833f-08-s3-d2,181,A,1,55,"[22000,36800,-3500,44700]",1,10.0,1,3,0,0,3,True
2025-2025010923gm-00a9-0000-65e0833f-08-s3-d2,181,B,4,50,"[22800,42300,13500,21400]",3,-4.0,1,3,0,0,3,True
2025-2025010923gm-00a9-0000-65e0833f-08-s3-d2,182,A,1,55,"[22600,31900,19400,26100]",2,4.0,1,3,0,0,4,True
2025-2025010923gm-00a9-0000-65e0833f-08-s3-d2,182,B,4,50,"[22600,31900,19400,26100]",2,4.0,1,3,0,0,4,True
2025-2025010923gm-00a9-0000-65e0833f-08-s3-d2,183,A,1,55,"[7700,57300,5000,30000]",2,4.0,1,3,0,0,5,True
2025-2025010923gm-00a9-0000-65e0833f-08-s3-d2,183,B,4,50,"[19500,49800,1000,29700]",2,4.0,1,3,1,0,4,True
2025-2025010923gm-00a9-0000-65e0833f-08-s3-d2,184,A,1,55,"[27500,42800,-200,29900]",2,4.0,1,1,0,0,1,True
2025-2025010923gm-00a9-0000-65e0833f-08-s3-d2,184,B,4,50,"[27500,42800,-200,29900]",2,4.0,1,1,0,0,1,True
2025-2025010923gm-00a9-0000-65e0833f-08-s3-d2,185,A,1,55,"[29800,43800,1700,24700]",3,-4.0,1,3,1,0,4,True
2025-2025010923gm-00a9-0000-65e0833f-08-s3-d2,185,B,4,50,"[29800,43800,1700,24700]",3,-4.0,1,3,1,0,4,True
2025-2025010923gm-00a9-0000-65e0833f-08-s3-d2,186,A,1,55,"[30400,50700,-2800,21700]",3,-4.0,1,2,0,0,2,True
2025-2025010923gm-00a9-0000-65e0833f-08-s3-d2,186,B,4,50,"[30400,50700,-2800,21700]",3,-4.0,1,2,0,0,2,True
2025-2025010923gm-00a9-0000-65e0833f-08-s3-d2,187,A,1,55,"[28500,54800,-7000,23700]",3,-4.0,1,1,0,0,1,True
2025-2025010923gm-00a9-0000-65e0833f-08-s3-d2,187,B,4,50,"[31500,38800,2000,27700]",3,-4.0,1,3,0,0,3,True
2025-2025010923gm-00a9-0000-65e0833f-08-s3-d2,188,A,1,55,"[31800,42700,6000,19500]",3,-4.0,1,3,0,0,3,True
2025-2025010923gm-00a9-0000-65e0833f-08-s3-d2,188,B,4,50,"[28500,45400,-900,27000]",3,-4.0,1,2,0,0,3,True
2025-2025010923gm-00a9-0000-65e0833f-08-s3-d2,189,A,1,55,"[19200,40700,22000,18100]",4,-10.0,1,3,0,0,6,True
2025-2025010923gm-00a9-0000-65e0833f-08-s3-d2,189,B,4,50,"[19200,40700,22000,18100]",4,-10.0,1,3,0,0,6,True
2025-2025010923gm-00a9-0000-65e0833f-08-s3-d2,190,A,1,55,"[35700,39600,1000,23700]",3,-4.0,1,3,0,0,3,True
2025-2025010923gm-00a9-0000-65e0833f-08-s3-d2,190,B,4,50,"[35700,39600,1000,23700]",3,-4.0,1,3,0,0,3,True
2025-2025010923gm-00a9-0000-65e0833f-08-s3-d2,191,A,1,55,"[32700,40800,1800,24700]",3,-4.0,1,3,0,0,4,True
2025-2025010923gm-00a9-0000-65e0833f-08-s3-d2,191,B,4,50,"[25500,52400,1000,21100]",3,-4.0,1,3,0,0,3,True
2025-2025010923gm-00a9-0000-65e0833f-08-s3-d2,192,A,1,55,"[29800,40600,12100,17500]",3,-4.0,1,3,1,0,6,True
2025-2025010923gm-00a9-0000-65e0833f-08-s3-d2,192,B,4,50,"[35600,41800,-1500,24100]",3,-4.0,1,3,2,0,7,True
2025-2025010923gm-00a9-0000-65e0833f-08-s3-d2,193,A,1,55,"[34200,35100,5000,25700]",3,-4.0,1,3,0,0,3,True
2025-2025010923gm-00a9-0000-65e0833f-08-s3-d2,193,B,4,50,"[28500,48600,-800,23700]",3,-4.0,1,1,0,0,1,True
2025-2025010923gm-00a9-0000-65e0833f-08-s3-d2,194,A,1,55,"[21300,49800,7200,21700]",2,4.0,1,3,0,0,3,True
2025-2025010923gm-00a9-0000-65e0833f-08-s3-d2,194,B,4,50,"[21300,49800,7200,21700]",2,4.0,1,3,0,0,3,True
2025-2025010923gm-00a9-0000-65e0833f-08-s3-d2,195,A,1,55,"[36700,37200,9500,16600]",3,-4.0,1,3,0,0,5,True
2025-2025010923gm-00a9-0000-65e0833f-08-s3-d2,195,B,4,50,"[36700,37200,9500,16600]",3,-4.0,1,3,0,0,5,True
2025-2025010923gm-00a9-0000-65e0833f-08-s3-d2,196,A,1,55,"[21300,46700,3100,28900]",2,4.0,1,3,0,0,4,True
2025-2025010923gm-00a9-0000-65e0833f-08-s3-d2,196,B,4,50,"[29300,46800,4600,19300]",3,-4.0,1,3,0,0,4,True
2025-2025010923gm-00a9-0000-65e0833f-08-s3-d2,197,A,1,55,"[27500,62800,-3300,13000]",3,-4.0,1,1,1,0,2,True
2025-2025010923gm-00a9-0000-65e0833f-08-s3-d2,197,B,4,50,"[43400,38800,100,17700]",3,-4.0,1,3,0,0,3,True
2025-2025010923gm-00a9-0000-65e0833f-08-s3-d2,198,A,1,55,"[39200,48800,-2100,14100]",3,-4.0,1,2,0,0,3,True
2025-2025010923gm-00a9-0000-65e0833f-08-s3-d2,198,B,4,50,"[36900,48800,-800,15100]",3,-4.0,1,2,0,0,3,True
2025-2025010923gm-00a9-0000-65e0833f-08-s3-d2,199,A,1,55,"[34700,40200,-300,23400]",3,-4.0,1,3,1,2,4,True
2025-2025010923gm-00a9-0000-65e0833f-08-s3-d2,199,B,4,50,"[28200,49000,4000,18800]",3,-4.0,1,3,0,0,3,True
2025-2025010923gm-00a9-0000-65e0833f-08-s3-d2,200,A,1,55,"[34400,48100,5500,12000]",3,-4.0,1,3,0,0,7,True
2025-2025010923gm-00a9-0000-65e0833f-08-s3-d2,200,B,4,50,"[28500,42800,-200,28900]",2,4.0,1,1,0,0,1,True
2025-2025010923gm-00a9-0000-65e0833f-08-s3-d2,201,A,1,55,"[25200,45700,4700,24400]",3,-4.0,1,3,1,0,3,True
2025-2025010923gm-00a9-0000-65e0833f-08-s3-d2,201,B,4,50,"[25600,46200,4700,23500]",3,-4.0,1,3,0,0,3,True
2025-2025010923gm-00a9-0000-65e0833f-08-s3-d2,202,A,1,55,"[26600,48800,6400,17200]",3,-4.0,1,3,0,1,7,True
2025-2025010923gm-00a9-0000-65e0833f-08-s3-d2,202,B,4,50,"[29500,46700,3000,20800]",3,-4.0,1,3,1,0,5,True
2025-2025010923gm-00a9-0000-65e0833f-08-s3-d2,203,A,1,55,"[21700,57600,-3000,23700]",2,4.0,1,1,1,0,2,True
2025-2025010923gm-00a9-0000-65e0833f-08-s3-d2,203,B,4,50,"[21700,57600,-3000,23700]",2,4.0,1,1,1,0,2,True
2025-2025010923gm-00a9-0000-65e0833f-08-s3-d2,204,A,1,55,"[24200,50200,12500,13100]",3,-4.0,1,3,0,0,3,True
2025-2025010923gm-00a9-0000-65e0833f-08-s3-d2,204,B,4,50,"[24200,50200,12500,13100]",3,-4.0,1,3,0,0,3,True
2025-2025010923gm-00a9-0000-65e0833f-08-s3-d2,205,A,1,55,"[26400,41600,-1000,33000]",2,4.0,1,1,1,0,2,True
2025-2025010923gm-00a9-0000-65e0833f-08-s3-d2,205,B,4,50,"[26400,41600,-1000,33000]",2,4.0,1,1,1,0,2,True
2025-2025010923gm-00a9-0000-65e0833f-08-s3-d2,206,A,1,55,"[28900,37300,12400,21400]",3,-4.0,1,3,0,0,3,True
2025-2025010923gm-00a9-0000-65e0833f-08-s3-d2,206,B,4,50,"[28900,37300,12400,21400]",3,-4.0,1,3,0,0,3,True
2025-2025010923gm-00a9-0000-65e0833f-08-s3-d2,207,A,1,55,"[28500,48600,-800,23700]",3,-4.0,1,1,0,0,1,True
2025-2025010923gm-00a9-0000-65e0833f-08-s3-d2,207,B,4,50,"[28500,48600,-800,23700]",3,-4.0,1,1,0,0,1,True
2025-2025010923gm-00a9-0000-65e0833f-08-s3-d2,208,A,1,55,"[36300,42800,-200,21100]",3,-4.0,1,2,0,0,2,True
2025-2025010923gm-00a9-0000-65e0833f-08-s3-d2,208,B,4,50,"[34600,40000,3900,21500]",3,-4.0,1,3,0,0,4,True
2025-2025010923gm-00a9-0000-65e0833f-08-s3-d2,209,A,1,55,"[29500,42300,18000,10200]",4,-10.0,1,3,0,0,3,True
2025-2025010923gm-00a9-0000-65e0833f-08-s3-d2,209,B,4,50,"[29500,42300,18000,10200]",4,-10.0,1,3,0,0,3,True
2025-2025010923gm-00a9-0000-65e0833f-08-s3-d2,210,A,1,55,"[17600,48000,9100,25300]",2,4.0,1,3,0,0,4,True
2025-2025010923gm-00a9-0000-65e0833f-08-s3-d2,210,B,4,50,"[17600,48000,9100,25300]",2,4.0,1,3,0,0,4,True
2025-2025010923gm-00a9-0000-65e0833f-08-s3-d2,211,A,1,55,"[13400,43200,21700,21700]",3,-4.0,1,3,1,0,7,True
2025-2025010923gm-00a9-0000-65e0833f-08-s3-d2,211,B,4,50,"[24100,42400,4300,29200]",2,4.0,1,3,0,0,4,True
2025-2025010923gm-00a9-0000-65e0833f-08-s3-d2,212,A,1,55,"[20800,39600,14700,24900]",2,4.0,1,3,1,0,5,True
2025-2025010923gm-00a9-0000-65e0833f-08-s3-d2,212,B,4,50,"[36200,42800,-2700,23700]",3,-4.0,1,1,0,0,1,True
2025-2025010923gm-00a9-0000-65e0833f-08-s3-d2,213,A,1,55,"[23800,43000,8400,24800]",2,4.0,1,3,0,0,4,True
2025-2025010923gm-00a9-0000-65e0833f-08-s3-d2,213,B,4,50,"[20700,30600,15600,31100]",1,10.0,1,3,5,2,7,True
2025-2025010923gm-00a9-0000-65e0833f-08-s3-d2,214,A,1,55,"[39800,40700,-100,19600]",3,-4.0,1,1,1,0,2,True
2025-2025010923gm-00a9-0000-65e0833f-08-s3-d2,214,B,4,50,"[37500,45700,-5900,22700]",3,-4.0,1,1,1,0,2,True
2025-2025010923gm-00a9-0000-65e0833f-08-s3-d2,215,A,1,55,"[37000,40000,11000,12000]",3,-4.0,1,3,0,0,4,True
2025-2025010923gm-00a9-0000-65e0833f-08-s3-d2,215,B,4,50,"[18400,46000,15700,19900]",2,4.0,1,3,0,0,5,True
2025-2025010923gm-00a9-0000-65e0833f-08-s3-d2,216,A,1,55,"[29500,42000,6600,21900]",3,-4.0,1,3,0,0,4,True
2025-2025010923gm-00a9-0000-65e0833f-08-s3-d2,216,B,4,50,"[37500,42800,-4000,23700]",3,-4.0,1,1,0,0,1,True
2025-2025010923gm-00a9-0000-65e0833f-08-s3-d2,217,A,1,55,"[25300,47700,500,26500]",2,4.0,1,3,1,0,4,True
2025-2025010923gm-00a9-0000-65e0833f-08-s3-d2,217,B,4,50,"[43200,30600,4000,22200]",3,-4.0,1,3,0,0,5,True
2025-2025010923gm-00a9-0000-65e0833f-08-s3-d2,218,A,1,55,"[27500,55800,-500,17200]",3,-4.0,1,1,1,0,2,True
2025-2025010923gm-00a9-0000-65e0833f-08-s3-d2,218,B,4,50,"[28500,55400,-4300,20400]",3,-4.0,1,1,1,0,2,True
2025-2025010923gm-00a9-0000-65e0833f-08-s3-d2,219,A,1,55,"[34100,44800,7200,13900]",3,-4.0,1,3,0,0,4,True
2025-2025010923gm-00a9-0000-65e0833f-08-s3-d2,219,B,4,50,"[19200,49500,10100,21200]",2,4.0,1,3,0,0,3,True
2025-2025010923gm-00a9-0000-65e0833f-08-s3-d2,220,A,1,55,"[31100,42800,5400,20700]",3,-4.0,1,3,0,0,3,True
2025-2025010923gm-00a9-0000-65e0833f-08-s3-d2,220,B,4,50,"[30800,42800,8600,17800]",3,-4.0,1,3,0,0,3,True
2025-2025010923gm-00a9-0000-65e0833f-08-s3-d2,221,A,1,55,"[29600,52100,1400,16900]",3,-4.0,1,3,0,0,5,True
2025-2025010923gm-00a9-0000-65e0833f-08-s3-d2,221,B,4,50,"[36600,40300,400,22700]",3,-4.0,1,3,0,0,5,True
2025-2025010923gm-00a9-0000-65e0833f-08-s3-d2,222,A,1,55,"[20600,66500,-2900,15800]",3,-4.0,1,1,1,0,2,True
2025-2025010923gm-00a9-0000-65e0833f-08-s3-d2,222,B,4,50,"[39800,45000,6700,8500]",3,-4.0,1,3,1,0,5,True
2025-2025010923gm-00a9-0000-65e0833f-08-s3-d2,223,A,1,55,"[26800,43400,-600,30400]",2,4.0,1,1,1,0,2,True
2025-2025010923gm-00a9-0000-65e0833f-08-s3-d2,223,B,4,50,"[26800,43400,-600,30400]",2,4.0,1,1,1,0,2,True
2025-2025010923gm-00a9-0000-65e0833f-08-s3-d2,224,A,1,55,"[33400,49800,100,16700]",3,-4.0,1,3,0,0,3,True
2025-2025010923gm-00a9-0000-65e0833f-08-s3-d2,224,B,4,50,"[27400,45400,10500,16700]",3,-4.0,1,3,0,0,5,True
2025-2025010923gm-00a9-0000-65e0833f-08-s3-d2,225,A,1,55,"[36500,47400,1300,14800]",3,-4.0,1,3,0,0,5,True
2025-2025010923gm-00a9-0000-65e0833f-08-s3-d2,225,B,4,50,"[36500,47400,1300,14800]",3,-4.0,1,3,0,0,5,True
2025-2025010923gm-00a9-0000-65e0833f-08-s3-d2,226,A,1,55,"[31500,39700,2900,25900]",3,-4.0,1,3,4,0,6,True
2025-2025010923gm-00a9-0000-65e0833f-08-s3-d2,226,B,4,50,"[30900,37000,2900,29200]",3,-4.0,1,3,4,0,6,True
2025-2025010923gm-00a9-0000-65e0833f-08-s3-d2,227,A,1,55,"[26500,56800,-5000,21700]",3,-4.0,1,1,1,0,2,True
2025-2025010923gm-00a9-0000-65e0833f-08-s3-d2,227,B,4,50,"[32700,34300,14300,18700]",3,-4.0,1,3,0,0,4,True
2025-2025010923gm-00a9-0000-65e0833f-08-s3-d2,228,A,1,55,"[27000,43600,9400,20000]",3,-4.0,1,3,0,0,3,True
2025-2025010923gm-00a9-0000-65e0833f-08-s3-d2,228,B,4,50,"[27000,41300,-2500,34200]",2,4.0,1,2,1,0,2,True
2025-2025010923gm-00a9-0000-65e0833f-08-s3-d2,229,A,1,55,"[34700,47200,12200,5900]",4,-10.0,1,3,0,0,5,True
2025-2025010923gm-00a9-0000-65e0833f-08-s3-d2,229,B,4,50,"[34700,47200,12200,5900]",4,-10.0,1,3,0,0,5,True
2025-2025010923gm-00a9-0000-65e0833f-08-s3-d2,230,A,1,55,"[35500,35300,8500,20700]",3,-4.0,1,3,0,0,4,True
2025-2025010923gm-00a9-0000-65e0833f-08-s3-d2,230,B,4,50,"[19600,37700,4900,36800]",2,4.0,1,3,1,1,5,True
2025-2025010923gm-00a9-0000-65e0833f-08-s3-d2,231,A,1,55,"[26100,46200,2500,25200]",3,-4.0,1,3,0,0,3,True
2025-2025010923gm-00a9-0000-65e0833f-08-s3-d2,231,B,4,50,"[26100,46200,2500,25200]",3,-4.0,1,3,0,0,3,True
2025-2025010923gm-00a9-0000-65e0833f-08-s3-d2,232,A,1,55,"[34200,31200,8200,26400]",3,-4.0,1,3,0,0,3,True
2025-2025010923gm-00a9-0000-65e0833f-08-s3-d2,232,B,4,50,"[34200,31200,8200,26400]",3,-4.0,1,3,0,0,3,True
2025-2025010923gm-00a9-0000-65e0833f-08-s3-d2,233,A,1,55,"[21200,60200,-1100,19700]",3,-4.0,1,1,2,0,3,True
2025-2025010923gm-00a9-0000-65e0833f-08-s3-d2,233,B,4,50,"[24600,42900,5200,27300]",2,4.0,1,3,0,0,7,True
2025-2025010923gm-00a9-0000-65e0833f-08-s3-d2,234,A,1,55,"[36800,54400,-3300,12100]",3,-4.0,1,1,1,0,2,True
2025-2025010923gm-00a9-0000-65e0833f-08-s3-d2,234,B,4,50,"[36800,54400,-3300,12100]",3,-4.0,1,1,1,0,2,True
2025-2025010923gm-00a9-0000-65e0833f-08-s3-d2,235,A,1,55,"[14500,51700,-2100,35900]",2,4.0,1,2,1,0,4,True
2025-2025010923gm-00a9-0000-65e0833f-08-s3-d2,235,B,4,50,"[5400,40800,8200,45600]",1,10.0,1,3,0,0,5,True
2025-2025010923gm-00a9-0000-65e0833f-08-s3-d2,236,A,1,55,"[27300,54500,-100,18300]",3,-4.0,1,1,2,0,3,True
2025-2025010923gm-00a9-0000-65e0833f-08-s3-d2,236,B,4,50,"[30500,37100,18300,14100]",4,-10.0,1,3,1,0,4,True
2025-2025010923gm-00a9-0000-65e0833f-08-s3-d2,237,A,1,55,"[19500,42800,20800,16900]",4,-10.0,1,3,0,0,3,True
2025-2025010923gm-00a9-0000-65e0833f-08-s3-d2,237,B,4,50,"[19500,42800,20800,16900]",4,-10.0,1,3,0,0,3,True
2025-2025010923gm-00a9-0000-65e0833f-08-s3-d2,238,A,1,55,"[26500,47100,-300,26700]",2,4.0,1,3,0,0,4,True
2025-2025010923gm-00a9-0000-65e0833f-08-s3-d2,238,B,4,50,"[28500,47700,-900,24700]",3,-4.0,1,2,0,0,2,True
2025-2025010923gm-00a9-0000-65e0833f-08-s3-d2,239,A,1,55,"[28000,35400,3200,31400]",2,4.0,1,3,0,2,4,True
2025-2025010923gm-00a9-0000-65e0833f-08-s3-d2,239,B,4,50,"[28500,50500,-2700,23700]",3,-4.0,1,1,0,0,1,True
2025-2025010923gm-00a9-0000-65e0833f-08-s3-d2,240,A,1,55,"[28500,53800,-8000,25700]",3,-4.0,1,1,0,0,1,True
2025-2025010923gm-00a9-0000-65e0833f-08-s3-d2,240,B,4,50,"[28500,60200,4000,7300]",3,-4.0,1,3,3,0,4,True
2025-2025010923gm-00a9-0000-65e0833f-08-s3-d2,241,A,1,55,"[35300,42200,10100,12400]",3,-4.0,1,3,0,0,4,True
2025-2025010923gm-00a9-0000-65e0833f-08-s3-d2,241,B,4,50,"[35300,42200,10100,12400]",3,-4.0,1,3,0,0,4,True
2025-2025010923gm-00a9-0000-65e0833f-08-s3-d2,242,A,1,55,"[35500,40800,-3000,26700]",3,-4.0,1,2,0,0,2,True
2025-2025010923gm-00a9-0000-65e0833f-08-s3-d2,242,B,4,50,"[30700,36500,15200,17600]",3,-4.0,1,3,1,0,4,True
2025-2025010923gm-00a9-0000-65e0833f-08-s3-d2,243,A,1,55,"[24800,48700,14800,11700]",4,-10.0,1,3,0,0,5,True
2025-2025010923gm-00a9-0000-65e0833f-08-s3-d2,243,B,4,50,"[24800,48700,14800,11700]",4,-10.0,1,3,0,0,5,True
2025-2025010923gm-00a9-0000-65e0833f-08-s3-d2,244,A,1,55,"[29700,40300,9200,20800]",3,-4.0,1,3,0,0,4,True
2025-2025010923gm-00a9-0000-65e0833f-08-s3-d2,244,B,4,50,"[14600,42600,13100,29700]",2,4.0,1,3,0,0,5,True
2025-2025010923gm-00a9-0000-65e0833f-08-s3-d2,245,A,1,55,"[27500,36300,18600,17600]",4,-10.0,1,3,0,0,4,True
2025-2025010923gm-00a9-0000-65e0833f-08-s3-d2,245,B,4,50,"[25600,42300,5600,26500]",2,4.0,1,3,0,0,4,True
2025-2025010923gm-00a9-0000-65e0833f-08-s3-d2,246,A,1,55,"[17600,47700,10100,24600]",2,4.0,1,3,0,0,4,True
2025-2025010923gm-00a9-0000-65e0833f-08-s3-d2,246,B,4,50,"[28500,42800,-4700,33400]",2,4.0,1,2,0,0,2,True
2025-2025010923gm-00a9-0000-65e0833f-08-s3-d2,247,A,1,55,"[34200,40800,15400,9600]",4,-10.0,1,3,1,0,4,True
2025-2025010923gm-00a9-0000-65e0833f-08-s3-d2,247,B,4,50,"[34200,40800,15400,9600]",4,-10.0,1,3,1,0,4,True
2025-2025010923gm-00a9-0000-65e0833f-08-s3-d2,248,A,1,55,"[25500,37600,18000,18900]",3,-4.0,1,3,0,0,5,True
2025-2025010923gm-00a9-0000-65e0833f-08-s3-d2,248,B,4,50,"[33700,38600,800,26900]",3,-4.0,1,3,2,0,4,True
2025-2025010923gm-00a9-0000-65e0833f-08-s3-d2,249,A,1,55,"[22600,39700,-2300,40000]",1,10.0,1,3,1,0,4,True
2025-2025010923gm-00a9-0000-65e0833f-08-s3-d2,249,B,4,50,"[26500,43100,-5200,35600]",2,4.0,1,3,1,0,5,True
2025-2025010923gm-00a9-0000-65e0833f-08-s3-d2,250,A,1,55,"[36500,43300,-3000,23200]",3,-4.0,1,3,1,0,3,True
2025-2025010923gm-00a9-0000-65e0833f-08-s3-d2,250,B,4,50,"[36500,43300,-3000,23200]",3,-4.0,1,3,1,0,3,True
2025-2025010923gm-00a9-0000-65e0833f-08-s3-d2,251,A,1,55,"[35300,38800,3700,22200]",3,-4.0,1,3,1,0,4,True
2025-2025010923gm-00a9-0000-65e0833f-08-s3-d2,251,B,4,50,"[35300,38800,3700,22200]",3,-4.0,1,3,1,0,4,True
2025-2025010923gm-00a9-0000-65e0833f-08-s3-d2,252,A,1,55,"[16100,38700,16100,29100]",2,4.0,1,3,2,0,5,True
2025-2025010923gm-00a9-0000-65e0833f-08-s3-d2,252,B,4,50,"[16100,38700,16100,29100]",2,4.0,1,3,2,0,5,True
2025-2025010923gm-00a9-0000-65e0833f-08-s3-d2,253,A,1,55,"[26500,43300,8000,22200]",3,-4.0,1,3,1,0,4,True
2025-2025010923gm-00a9-0000-65e0833f-08-s3-d2,253,B,4,50,"[26500,43300,8000,22200]",3,-4.0,1,3,1,0,4,True
2025-2025010923gm-00a9-0000-65e0833f-08-s3-d2,254,A,1,55,"[40500,44100,-2400,17800]",3,-4.0,1,2,1,0,3,True
2025-2025010923gm-00a9-0000-65e0833f-08-s3-d2,254,B,4,50,"[40500,44100,-2400,17800]",3,-4.0,1,2,1,0,3,True
2025-2025010923gm-00a9-0000-65e0833f-08-s3-d2,255,A,1,55,"[33300,46500,2200,18000]",3,-4.0,1,3,0,0,4,True
2025-2025010923gm-00a9-0000-65e0833f-08-s3-d2,255,B,4,50,"[31800,28800,4000,35400]",1,10.0,1,3,0,0,4,True
2025-2025011210gm-00a9-0000-65465afe-00-s3-d2,0,A,1,67,"[44000,26500,15500,14000]",4,-10.0,1,3,1,0,12,True
2025-2025011210gm-00a9-0000-65465afe-00-s3-d2,0,B,3,2,"[44000,26500,15500,14000]",4,-10.0,1,3,1,0,12,True
2025-2025011210gm-00a9-0000-65465afe-00-s3-d2,1,A,1,67,"[26900,20700,22100,30300]",1,10.0,1,3,0,0,10,True
2025-2025011210gm-00a9-0000-65465afe-00-s3-d2,1,B,3,2,"[36200,14300,22500,27000]",2,4.0,1,3,1,0,11,True
2025-2025011210gm-00a9-0000-65465afe-00-s3-d2,2,A,1,67,"[32500,-1100,44700,23900]",3,-4.0,0,3,0,0,5,True
2025-2025011210gm-00a9-0000-65465afe-00-s3-d2,2,B,3,2,"[25800,11700,31300,28200]",2,4.0,1,3,5,3,11,True
2025-2025011210gm-00a9-0000-65465afe-00-s3-d2,3,A,1,67,"[48900,-2700,31700,22100]",3,-4.0,1,1,2,0,8,True
2025-2025011210gm-00a9-0000-65465afe-00-s3-d2,3,B,3,2,"[48900,-2700,31700,22100]",3,-4.0,1,1,2,0,8,True
2025-2025011210gm-00a9-0000-65465afe-00-s3-d2,4,A,1,67,"[26800,32100,26800,14300]",4,-10.0,1,3,2,0,9,True
2025-2025011210gm-00a9-0000-65465afe-00-s3-d2,4,B,3,2,"[36600,3300,18200,41900]",1,10.0,1,3,0,0,10,True
2025-2025011210gm-00a9-0000-65465afe-00-s3-d2,5,A,1,67,"[24000,37500,21600,16900]",4,-10.0,2,0,0,0,12,True
2025-2025011210gm-00a9-0000-65465afe-00-s3-d2,5,B,3,2,"[35300,21000,25400,18300]",4,-10.0,1,3,0,0,9,True
2025-2025011210gm-00a9-0000-65465afe-00-s3-d2,6,A,1,67,"[19000,55000,27500,-1500]",4,-10.0,1,1,0,0,9,True
2025-2025011210gm-00a9-0000-65465afe-00-s3-d2,6,B,3,2,"[100,28000,45500,26400]",3,-4.0,1,3,2,0,11,True
2025-2025011210gm-00a9-0000-65465afe-00-s3-d2,7,A,1,67,"[14900,27700,22600,34800]",1,10.0,1,3,0,0,11,True
2025-2025011210gm-00a9-0000-65465afe-00-s3-d2,7,B,3,2,"[14900,27700,22600,34800]",1,10.0,1,3,0,0,11,True
2025-2025011210gm-00a9-0000-65465afe-00-s3-d2,8,A,1,67,"[21700,37300,13600,27400]",2,4.0,1,3,0,0,8,True
2025-2025011210gm-00a9-0000-65465afe-00-s3-d2,8,B,3,2,"[23100,41000,21300,14600]",4,-10.0,1,3,0,0,9,True
2025-2025011210gm-00a9-0000-65465afe-00-s3-d2,9,A,1,67,"[24500,31200,14600,29700]",2,4.0,1,3,0,0,11,True
2025-2025011210gm-00a9-0000-65465afe-00-s3-d2,9,B,3,2,"[24500,31200,14600,29700]",2,4.0,1,3,0,0,11,True
2025-2025011210gm-00a9-0000-65465afe-00-s3-d2,10,A,1,67,"[19900,15900,21100,43100]",1,10.0,1,3,0,0,10,True
2025-2025011210gm-00a9-0000-65465afe-00-s3-d2,10,B,3,2,"[19900,15900,21100,43100]",1,10.0,1,3,0,0,10,True
2025-2025011210gm-00a9-0000-65465afe-00-s3-d2,11,A,1,67,"[31100,23100,27500,18300]",4,-10.0,1,3,0,0,9,True
2025-2025011210gm-00a9-0000-65465afe-00-s3-d2,11,B,3,2,"[18100,17500,27800,36600]",1,10.0,1,3,0,0,10,True
2025-2025011210gm-00a9-0000-65465afe-00-s3-d2,12,A,1,67,"[36300,38900,1700,23100]",3,-4.0,1,3,0,0,12,True
2025-2025011210gm-00a9-0000-65465afe-00-s3-d2,12,B,3,2,"[18600,29400,47200,4800]",4,-10.0,1,3,1,0,9,True
2025-2025011210gm-00a9-0000-65465afe-00-s3-d2,13,A,1,67,"[42300,43600,13600,500]",4,-10.0,1,3,0,0,10,True
2025-2025011210gm-00a9-0000-65465afe-00-s3-d2,13,B,3,2,"[42300,43600,13600,500]",4,-10.0,1,3,0,0,10,True
2025-2025011210gm-00a9-0000-65465afe-00-s3-d2,14,A,1,67,"[34800,35100,26200,3900]",4,-10.0,1,3,0,0,9,True
2025-2025011210gm-00a9-0000-65465afe-00-s3-d2,14,B,3,2,"[-300,41000,26300,33000]",2,4.0,0,1,1,0,3,True
2025-2025011210gm-00a9-0000-65465afe-00-s3-d2,15,A,1,67,"[22800,17400,31600,28200]",2,4.0,2,0,0,0,9,True
2025-2025011210gm-00a9-0000-65465afe-00-s3-d2,15,B,3,2,"[38300,8900,27300,25500]",3,-4.0,1,3,0,0,9,True
2025-2025011210gm-00a9-0000-65465afe-00-s3-d2,16,A,1,67,"[30300,25900,28500,15300]",4,-10.0,1,3,0,0,9,True
2025-2025011210gm-00a9-0000-65465afe-00-s3-d2,16,B,3,2,"[31200,27900,20200,20700]",3,-4.0,2,1,0,0,11,True
2025-2025011210gm-00a9-0000-65465afe-00-s3-d2,17,A,1,67,"[27500,15200,32200,25100]",3,-4.0,1,3,1,0,10,True
2025-2025011210gm-00a9-0000-65465afe-00-s3-d2,17,B,3,2,"[27500,15200,32200,25100]",3,-4.0,1,3,1,0,10,True
2025-2025011210gm-00a9-0000-65465afe-00-s3-d2,18,A,1,67,"[9300,45500,23900,21300]",3,-4.0,1,3,4,0,11,True
2025-2025011210gm-00a9-0000-65465afe-00-s3-d2,18,B,3,2,"[6700,28400,27100,37800]",1,10.0,1,3,0,0,10,True
2025-2025011210gm-00a9-0000-65465afe-00-s3-d2,19,A,1,67,"[15300,23000,21200,40500]",1,10.0,1,3,0,0,9,True
2025-2025011210gm-00a9-0000-65465afe-00-s3-d2,19,B,3,2,"[15300,23000,21200,40500]",1,10.0,1,3,0,0,9,True
2025-2025011210gm-00a9-0000-65465afe-00-s3-d2,20,A,1,67,"[22900,-600,61500,16200]",3,-4.0,1,3,0,0,12,True
2025-2025011210gm-00a9-0000-65465afe-00-s3-d2,20,B,3,2,"[23600,-2600,52900,26100]",2,4.0,1,2,3,0,11,True
2025-2025011210gm-00a9-0000-65465afe-00-s3-d2,21,A,1,67,"[-5700,28000,32600,45100]",1,10.0,1,2,0,0,8,True
2025-2025011210gm-00a9-0000-65465afe-00-s3-d2,21,B,3,2,"[39800,24700,24000,11500]",4,-10.0,1,3,0,0,10,True
2025-2025011210gm-00a9-0000-65465afe-00-s3-d2,22,A,1,67,"[61200,-6400,23100,22100]",3,-4.0,1,2,1,0,10,True
2025-2025011210gm-00a9-0000-65465afe-00-s3-d2,22,B,3,2,"[70300,17100,10400,2200]",4,-10.0,1,3,0,0,11,True
2025-2025011210gm-00a9-0000-65465afe-00-s3-d2,23,A,1,67,"[15800,26700,39300,18200]",3,-4.0,1,3,0,0,9,True
2025-2025011210gm-00a9-0000-65465afe-00-s3-d2,23,B,3,2,"[63700,7000,31500,-2200]",4,-10.0,1,2,0,0,9,True
2025-2025011210gm-00a9-0000-65465afe-00-s3-d2,24,A,1,67,"[41600,28400,25900,4100]",4,-10.0,1,3,0,0,9,True
2025-2025011210gm-00a9-0000-65465afe-00-s3-d2,24,B,3,2,"[41600,28400,25900,4100]",4,-10.0,1,3,0,0,9,True
2025-2025011210gm-00a9-0000-65465afe-00-s3-d2,25,A,1,67,"[21800,13200,14300,49700]",1,10.0,1,3,0,1,14,True
2025-2025011210gm-00a9-0000-65465afe-00-s3-d2,25,B,3,2,"[28600,31100,19000,21300]",3,-4.0,1,3,0,0,12,True
2025-2025011210gm-00a9-0000-65465afe-00-s3-d2,26,A,1,67,"[41600,1500,29200,27700]",3,-4.0,1,3,0,0,10,True
2025-2025011210gm-00a9-0000-65465afe-00-s3-d2,26,B,3,2,"[31900,22200,12200,33700]",1,10.0,1,3,0,0,10,True
2025-2025011210gm-00a9-0000-65465afe-00-s3-d2,27,A,1,67,"[20500,-200,29300,50400]",1,10.0,1,3,0,0,9,True
2025-2025011210gm-00a9-0000-65465afe-00-s3-d2,27,B,3,2,"[20500,-200,29300,50400]",1,10.0,1,3,0,0,9,True
2025-2025011210gm-00a9-0000-65465afe-00-s3-d2,28,A,1,67,"[36800,23200,31000,9000]",4,-10.0,1,3,0,0,12,True
2025-2025011210gm-00a9-0000-65465afe-00-s3-d2,28,B,3,2,"[36800,23200,31000,9000]",4,-10.0,1,3,0,0,12,True
2025-2025011210gm-00a9-0000-65465afe-00-s3-d2,29,A,1,67,"[23400,14900,32400,29300]",2,4.0,2,0,1,0,13,True
2025-2025011210gm-00a9-0000-65465afe-00-s3-d2,29,B,3,2,"[43700,27700,12400,16200]",3,-4.0,1,3,6,0,12,True
2025-2025011210gm-00a9-0000-65465afe-00-s3-d2,30,A,1,67,"[11000,21400,42700,23900]",2,4.0,1,3,0,1,8,True
2025-2025011210gm-00a9-0000-65465afe-00-s3-d2,30,B,3,2,"[10200,-1500,51600,39700]",2,4.0,1,3,1,0,9,True
2025-2025011210gm-00a9-0000-65465afe-00-s3-d2,31,A,1,67,"[17900,50900,-1400,32600]",2,4.0,0,3,0,0,6,True
2025-2025011210gm-00a9-0000-65465afe-00-s3-d2,31,B,3,2,"[45100,35100,4500,15300]",3,-4.0,1,3,0,0,13,True
2025-2025011210gm-00a9-0000-65465afe-00-s3-d2,32,A,1,67,"[24000,39100,27100,9800]",4,-10.0,1,3,0,0,9,True
2025-2025011210gm-00a9-0000-65465afe-00-s3-d2,32,B,3,2,"[38300,8700,28100,24900]",3,-4.0,1,3,0,0,10,True
2025-2025011210gm-00a9-0000-65465afe-00-s3-d2,33,A,1,67,"[37800,4100,24400,33700]",2,4.0,1,3,1,0,11,True
2025-2025011210gm-00a9-0000-65465afe-00-s3-d2,33,B,3,2,"[28600,9800,53200,8400]",4,-10.0,1,3,0,0,10,True
2025-2025011210gm-00a9-0000-65465afe-00-s3-d2,34,A,1,67,"[22200,29200,29100,19500]",4,-10.0,2,3,0,0,13,True
2025-2025011210gm-00a9-0000-65465afe-00-s3-d2,34,B,3,2,"[22200,29200,29100,19500]",4,-10.0,2,3,0,0,13,True
2025-2025011210gm-00a9-0000-65465afe-00-s3-d2,35,A,1,67,"[17900,22900,17500,41700]",1,10.0,1,3,0,0,9,True
2025-2025011210gm-00a9-0000-65465afe-00-s3-d2,35,B,3,2,"[-1000,27300,31900,41800]",1,10.0,0,3,0,0,5,True
2025-2025011210gm-00a9-0000-65465afe-00-s3-d2,36,A,1,67,"[12700,30300,43600,13400]",3,-4.0,1,3,0,0,13,True
2025-2025011210gm-00a9-0000-65465afe-00-s3-d2,36,B,3,2,"[10300,41600,37200,10900]",3,-4.0,1,3,1,0,13,True
2025-2025011210gm-00a9-0000-65465afe-00-s3-d2,37,A,1,67,"[35100,24500,19300,21100]",3,-4.0,1,3,0,0,9,True
2025-2025011210gm-00a9-0000-65465afe-00-s3-d2,37,B,3,2,"[44500,24100,16200,15200]",4,-10.0,1,3,1,0,9,True
2025-2025011210gm-00a9-0000-65465afe-00-s3-d2,38,A,1,67,"[1900,21000,31400,45700]",1,10.0,1,3,0,0,11,True
2025-2025011210gm-00a9-0000-65465afe-00-s3-d2,38,B,3,2,"[18100,30000,14600,37300]",1,10.0,1,3,0,0,11,True
2025-2025011210gm-00a9-0000-65465afe-00-s3-d2,39,A,1,67,"[14700,35600,27600,22100]",3,-4.0,1,3,0,0,9,True
2025-2025011210gm-00a9-0000-65465afe-00-s3-d2,39,B,3,2,"[15700,36300,45600,2400]",4,-10.0,1,3,1,0,10,True
2025-2025011210gm-00a9-0000-65465afe-00-s3-d2,40,A,1,67,"[41800,11900,23100,23200]",2,4.0,1,3,0,0,9,True
2025-2025011210gm-00a9-0000-65465afe-00-s3-d2,40,B,3,2,"[41800,11900,23100,23200]",2,4.0,1,3,0,0,9,True
2025-2025011210gm-00a9-0000-65465afe-00-s3-d2,41,A,1,67,"[54700,22100,22300,900]",4,-10.0,1,3,0,0,14,True
2025-2025011210gm-00a9-0000-65465afe-00-s3-d2,41,B,3,2,"[20400,23400,23700,32500]",1,10.0,1,3,0,0,11,True
2025-2025011210gm-00a9-0000-65465afe-00-s3-d2,42,A,1,67,"[5300,52500,32700,9500]",3,-4.0,1,3,0,0,13,True
2025-2025011210gm-00a9-0000-65465afe-00-s3-d2,42,B,3,2,"[5300,52500,32700,9500]",3,-4.0,1,3,0,0,13,True
2025-2025011210gm-00a9-0000-65465afe-00-s3-d2,43,A,1,67,"[51300,27900,7300,13500]",3,-4.0,1,3,0,0,12,True
2025-2025011210gm-00a9-0000-65465afe-00-s3-d2,43,B,3,2,"[43300,22200,15300,19200]",3,-4.0,1,3,0,0,11,True
2025-2025011210gm-00a9-0000-65465afe-00-s3-d2,44,A,1,67,"[21100,24200,24100,30600]",1,10.0,1,3,2,0,10,True
2025-2025011210gm-00a9-0000-65465afe-00-s3-d2,44,B,3,2,"[41400,-4400,11100,51900]",1,10.0,0,3,0,0,5,True
2025-2025011210gm-00a9-0000-65465afe-00-s3-d2,45,A,1,67,"[34700,29800,9800,25700]",3,-4.0,1,3,1,0,11,True
2025-2025011210gm-00a9-0000-65465afe-00-s3-d2,45,B,3,2,"[46900,19100,9400,24600]",2,4.0,1,3,1,0,11,True
2025-2025011210gm-00a9-0000-65465afe-00-s3-d2,46,A,1,67,"[31800,12400,14100,41700]",1,10.0,1,3,0,0,10,True
2025-2025011210gm-00a9-0000-65465afe-00-s3-d2,46,B,3,2,"[31800,12400,14100,41700]",1,10.0,1,3,0,0,10,True
2025-2025011210gm-00a9-0000-65465afe-00-s3-d2,47,A,1,67,"[4700,54200,-1300,42400]",2,4.0,0,3,3,0,7,True
2025-2025011210gm-00a9-0000-65465afe-00-s3-d2,47,B,3,2,"[10000,56000,-7200,41200]",2,4.0,0,3,1,0,7,True
2025-2025011210gm-00a9-0000-65465afe-00-s3-d2,48,A,1,67,"[29100,27700,44300,-1100]",4,-10.0,1,2,1,0,8,True
2025-2025011210gm-00a9-0000-65465afe-00-s3-d2,48,B,3,2,"[28000,7600,52900,11500]",3,-4.0,1,3,0,0,11,True
2025-2025011210gm-00a9-0000-65465afe-00-s3-d2,49,A,1,67,"[32500,25200,13800,28500]",2,4.0,1,3,1,0,12,True
2025-2025011210gm-00a9-0000-65465afe-00-s3-d2,49,B,3,2,"[31200,23300,22700,22800]",3,-4.0,1,3,0,0,14,True
2025-2025011210gm-00a9-0000-65465afe-00-s3-d2,50,A,1,67,"[25100,43100,-8600,40400]",2,4.0,1,1,0,0,7,True
2025-2025011210gm-00a9-0000-65465afe-00-s3-d2,50,B,3,2,"[14100,47500,-3100,41500]",2,4.0,1,1,2,0,9,True
2025-2025011210gm-00a9-0000-65465afe-00-s3-d2,51,A,1,67,"[29000,39100,25800,6100]",4,-10.0,1,3,1,0,11,True
2025-2025011210gm-00a9-0000-65465afe-00-s3-d2,51,B,3,2,"[9700,43100,16800,30400]",2,4.0,1,3,1,0,11,True
2025-2025011210gm-00a9-0000-65465afe-00-s3-d2,52,A,1,67,"[27400,37200,19400,16000]",4,-10.0,1,3,2,0,13,True
2025-2025011210gm-00a9-0000-65465afe-00-s3-d2,52,B,3,2,"[27400,37200,19400,16000]",4,-10.0,1,3,2,0,13,True
2025-2025011210gm-00a9-0000-65465afe-00-s3-d2,53,A,1,67,"[12300,17200,31400,39100]",1,10.0,1,3,0,0,8,True
2025-2025011210gm-00a9-0000-65465afe-00-s3-d2,53,B,3,2,"[39900,17900,19900,22300]",2,4.0,1,3,0,0,10,True
2025-2025011210gm-00a9-0000-65465afe-00-s3-d2,54,A,1,67,"[46000,-11300,44300,21000]",3,-4.0,0,2,0,0,4,True
2025-2025011210gm-00a9-0000-65465afe-00-s3-d2,54,B,3,2,"[46000,-11300,44300,21000]",3,-4.0,0,2,0,0,4,True
2025-2025011210gm-00a9-0000-65465afe-00-s3-d2,55,A,1,67,"[-1000,36800,47400,15800]",3,-4.0,1,1,0,1,7,True
2025-2025011210gm-00a9-0000-65465afe-00-s3-d2,55,B,3,2,"[11600,25700,54900,7800]",4,-10.0,1,3,0,0,10,True
2025-2025011210gm-00a9-0000-65465afe-00-s3-d2,56,A,1,67,"[24300,37300,15000,23400]",3,-4.0,1,3,0,0,10,True
2025-2025011210gm-00a9-0000-65465afe-00-s3-d2,56,B,3,2,"[45700,40600,4200,9500]",3,-4.0,1,3,0,0,11,True
2025-2025011210gm-00a9-0000-65465afe-00-s3-d2,57,A,1,67,"[20400,37400,11300,30900]",2,4.0,1,3,1,0,10,True
2025-2025011210gm-00a9-0000-65465afe-00-s3-d2,57,B,3,2,"[22800,36100,17400,23700]",2,4.0,1,3,0,0,9,True
2025-2025011210gm-00a9-0000-65465afe-00-s3-d2,58,A,1,67,"[17400,38100,33100,11400]",4,-10.0,1,3,1,0,9,True
2025-2025011210gm-00a9-0000-65465afe-00-s3-d2,58,B,3,2,"[17400,38100,33100,11400]",4,-10.0,1,3,1,0,9,True
2025-2025011210gm-00a9-0000-65465afe-00-s3-d2,59,A,1,67,"[24700,19800,43000,12500]",4,-10.0,1,3,0,0,10,True
2025-2025011210gm-00a9-0000-65465afe-00-s3-d2,59,B,3,2,"[24700,19800,43000,12500]",4,-10.0,1,3,0,0,10,True
2025-2025011210gm-00a9-0000-65465afe-00-s3-d2,60,A,1,67,"[13500,52800,1600,32100]",2,4.0,1,3,0,0,9,True
2025-2025011210gm-00a9-0000-65465afe-00-s3-d2,60,B,3,2,"[12900,52500,5000,29600]",2,4.0,1,3,0,0,9,True
2025-2025011210gm-00a9-0000-65465afe-00-s3-d2,61,A,1,67,"[-1700,20700,67100,13900]",3,-4.0,1,3,1,0,14,True
2025-2025011210gm-00a9-0000-65465afe-00-s3-d2,61,B,3,2,"[4500,18800,34900,41800]",1,10.0,1,3,0,0,12,True
2025-2025011210gm-00a9-0000-65465afe-00-s3-d2,62,A,1,67,"[20000,400,50400,29200]",2,4.0,1,3,1,0,14,True
2025-2025011210gm-00a9-0000-65465afe-00-s3-d2,62,B,3,2,"[5700,50000,40800,3500]",4,-10.0,1,3,0,0,11,True
2025-2025011210gm-00a9-0000-65465afe-00-s3-d2,63,A,1,67,"[34300,13100,28400,24200]",3,-4.0,1,3,0,0,9,True
2025-2025011210gm-00a9-0000-65465afe-00-s3-d2,63,B,3,2,"[27100,17800,22300,32800]",1,10.0,1,3,0,0,9,True
2025-2025011210gm-00a9-0000-65465afe-00-s3-d2,64,A,1,67,"[21200,19000,44600,15200]",4,-10.0,1,3,0,0,9,True
2025-2025011210gm-00a9-0000-65465afe-00-s3-d2,64,B,3,2,"[7700,41500,37000,13800]",3,-4.0,1,3,0,0,9,True
2025-2025011210gm-00a9-0000-65465afe-00-s3-d2,65,A,1,67,"[23900,39100,11000,26000]",2,4.0,1,3,0,0,11,True
2025-2025011210gm-00a9-0000-65465afe-00-s3-d2,65,B,3,2,"[23900,39100,11000,26000]",2,4.0,1,3,0,0,11,True
2025-2025011210gm-00a9-0000-65465afe-00-s3-d2,66,A,1,67,"[32000,29900,40000,-1900]",4,-10.0,1,0,0,0,5,True
2025-2025011210gm-00a9-0000-65465afe-00-s3-d2,66,B,3,2,"[5200,43100,8700,42000]",2,4.0,1,3,1,1,11,True
2025-2025011210gm-00a9-0000-65465afe-00-s3-d2,67,A,1,67,"[24500,18300,42100,15100]",4,-10.0,1,3,0,0,13,True
2025-2025011210gm-00a9-0000-65465afe-00-s3-d2,67,B,3,2,"[32000,-1300,23000,46300]",1,10.0,0,1,0,0,3,True
2025-2025011210gm-00a9-0000-65465afe-00-s3-d2,68,A,1,67,"[36500,28700,22200,12600]",4,-10.0,1,3,0,0,9,True
2025-2025011210gm-00a9-0000-65465afe-00-s3-d2,68,B,3,2,"[36500,28700,22200,12600]",4,-10.0,1,3,0,0,9,True
2025-2025011210gm-00a9-0000-65465afe-00-s3-d2,69,A,1,67,"[14300,7500,33300,44900]",1,10.0,1,3,0,0,8,True
2025-2025011210gm-00a9-0000-65465afe-00-s3-d2,69,B,3,2,"[24400,14300,25800,35500]",1,10.0,1,3,0,0,10,True
2025-2025011210gm-00a9-0000-65465afe-00-s3-d2,70,A,1,67,"[-4000,32400,41100,30500]",3,-4.0,1,2,0,0,10,True
2025-2025011210gm-00a9-0000-65465afe-00-s3-d2,70,B,3,2,"[-4000,32400,41100,30500]",3,-4.0,1,2,0,0,10,True
2025-2025011210gm-00a9-0000-65465afe-00-s3-d2,71,A,1,67,"[21300,-1300,40000,40000]",2,4.0,1,2,3,0,14,True
2025-2025011210gm-00a9-0000-65465afe-00-s3-d2,71,B,3,2,"[44200,-100,39300,16600]",3,-4.0,1,1,0,0,9,True
2025-2025011210gm-00a9-0000-65465afe-00-s3-d2,72,A,1,67,"[7400,12000,54800,25800]",2,4.0,1,3,0,0,10,True
2025-2025011210gm-00a9-0000-65465afe-00-s3-d2,72,B,3,2,"[7400,12000,54800,25800]",2,4.0,1,3,0,0,10,True
2025-2025011210gm-00a9-0000-65465afe-00-s3-d2,73,A,1,67,"[14400,24400,23800,37400]",1,10.0,1,3,2,0,10,True
2025-2025011210gm-00a9-0000-65465afe-00-s3-d2,73,B,3,2,"[10700,37600,29500,22200]",3,-4.0,1,3,1,0,9,True
2025-2025011210gm-00a9-0000-65465afe-00-s3-d2,74,A,1,67,"[14400,24900,17200,43500]",1,10.0,1,3,1,0,12,True
2025-2025011210gm-00a9-0000-65465afe-00-s3-d2,74,B,3,2,"[12000,33800,-300,54500]",1,10.0,1,0,1,0,11,True
2025-2025011210gm-00a9-0000-65465afe-00-s3-d2,75,A,1,67,"[-2400,31200,28800,42400]",1,10.0,1,3,0,0,10,True
2025-2025011210gm-00a9-0000-65465afe-00-s3-d2,75,B,3,2,"[-2400,31200,28800,42400]",1,10.0,1,3,0,0,10,True
2025-2025011210gm-00a9-0000-65465afe-00-s3-d2,76,A,1,67,"[13600,28300,3500,54600]",1,10.0,1,3,0,0,8,True
2025-2025011210gm-00a9-0000-65465afe-00-s3-d2,76,B,3,2,"[28200,15000,30500,26300]",3,-4.0,1,3,2,0,11,True
2025-2025011210gm-00a9-0000-65465afe-00-s3-d2,77,A,1,67,"[24500,30500,7000,38000]",1,10.0,1,3,0,0,10,True
2025-2025011210gm-00a9-0000-65465afe-00-s3-d2,77,B,3,2,"[3900,22700,54200,19200]",3,-4.0,1,3,0,0,11,True
2025-2025011210gm-00a9-0000-65465afe-00-s3-d2,78,A,1,67,"[25500,14800,23200,36500]",1,10.0,1,3,0,0,11,True
2025-2025011210gm-00a9-0000-65465afe-00-s3-d2,78,B,3,2,"[19500,22400,28100,30000]",1,10.0,1,3,0,0,9,True
2025-2025011210gm-00a9-0000-65465afe-00-s3-d2,79,A,1,67,"[-5200,48200,36600,20400]",3,-4.0,1,2,0,0,9,True
2025-2025011210gm-00a9-0000-65465afe-00-s3-d2,79,B,3,2,"[17300,41700,10400,30600]",2,4.0,1,3,0,0,8,True
2025-2025011210gm-00a9-0000-65465afe-00-s3-d2,80,A,1,67,"[29200,11500,26900,32400]",1,10.0,1,3,0,0,9,True
2025-2025011210gm-00a9-0000-65465afe-00-s3-d2,80,B,3,2,"[26800,10900,28700,33600]",1,10.0,1,3,0,0,9,True
2025-2025011210gm-00a9-0000-65465afe-00-s3-d2,81,A,1,67,"[-3200,56100,30300,16800]",3,-4.0,0,3,0,0,5,True
2025-2025011210gm-00a9-0000-65465afe-00-s3-d2,81,B,3,2,"[55600,-5100,24500,25000]",2,4.0,0,1,1,0,5,True
2025-2025011210gm-00a9-0000-65465afe-00-s3-d2,82,A,1,67,"[20400,37200,30400,12000]",4,-10.0,1,3,0,0,9,True
2025-2025011210gm-00a9-0000-65465afe-00-s3-d2,82,B,3,2,"[21900,26500,15800,35800]",1,10.0,1,3,0,0,9,True
2025-2025011210gm-00a9-0000-65465afe-00-s3-d2,83,A,1,67,"[41900,26300,16600,15200]",4,-10.0,1,3,0,0,13,True
2025-2025011210gm-00a9-0000-65465afe-00-s3-d2,83,B,3,2,"[43300,29300,22000,5400]",4,-10.0,1,3,0,0,14,True
2025-2025011210gm-00a9-0000-65465afe-00-s3-d2,84,A,1,67,"[36100,47400,7000,9500]",3,-4.0,1,3,4,0,12,True
2025-2025011210gm-00a9-0000-65465afe-00-s3-d2,84,B,3,2,"[10400,33300,21100,35200]",1,10.0,1,3,0,0,10,True
2025-2025011210gm-00a9-0000-65465afe-00-s3-d2,85,A,1,67,"[19000,52800,18100,10100]",4,-10.0,1,3,0,0,10,True
2025-2025011210gm-00a9-0000-65465afe-00-s3-d2,85,B,3,2,"[19000,52800,18100,10100]",4,-10.0,1,3,0,0,10,True
2025-2025011210gm-00a9-0000-65465afe-00-s3-d2,86,A,1,67,"[26600,33300,33100,7000]",4,-10.0,1,3,0,0,9,True
2025-2025011210gm-00a9-0000-65465afe-00-s3-d2,86,B,3,2,"[23800,36000,35700,4500]",4,-10.0,1,3,0,0,9,True
2025-2025011210gm-00a9-0000-65465afe-00-s3-d2,87,A,1,67,"[21900,5700,31700,40700]",1,10.0,1,3,2,0,11,True
2025-2025011210gm-00a9-0000-65465afe-00-s3-d2,87,B,3,2,"[39000,9300,28000,23700]",3,-4.0,1,3,0,0,10,True
2025-2025011210gm-00a9-0000-65465afe-00-s3-d2,88,A,1,67,"[45500,-1500,29700,26300]",3,-4.0,1,2,2,0,8,True
2025-2025011210gm-00a9-0000-65465afe-00-s3-d2,88,B,3,2,"[56300,18700,13600,11400]",4,-10.0,1,3,0,0,11,True
2025-2025011210gm-00a9-0000-65465afe-00-s3-d2,89,A,1,67,"[49100,44700,1100,5100]",3,-4.0,1,3,2,0,19,True
2025-2025011210gm-00a9-0000-65465afe-00-s3-d2,89,B,3,2,"[45100,16000,22800,16100]",3,-4.0,1,3,0,0,9,True
2025-2025011210gm-00a9-0000-65465afe-00-s3-d2,90,A,1,67,"[-1300,19100,29100,53100]",1,10.0,1,1,1,0,10,True
2025-2025011210gm-00a9-0000-65465afe-00-s3-d2,90,B,3,2,"[46700,-11600,32900,32000]",3,-4.0,1,2,0,0,10,True
2025-2025011210gm-00a9-0000-65465afe-00-s3-d2,91,A,1,67,"[52500,32600,17300,-2400]",4,-10.0,1,1,3,0,8,True
2025-2025011210gm-00a9-0000-65465afe-00-s3-d2,91,B,3,2,"[36500,32900,21900,8700]",4,-10.0,1,3,1,0,9,True
2025-2025011210gm-00a9-0000-65465afe-00-s3-d2,92,A,1,67,"[9700,14400,49700,26200]",2,4.0,1,3,3,0,12,True
2025-2025011210gm-00a9-0000-65465afe-00-s3-d2,92,B,3,2,"[9700,14400,49700,26200]",2,4.0,1,3,3,0,12,True
2025-2025011210gm-00a9-0000-65465afe-00-s3-d2,93,A,1,67,"[8400,50300,28100,13200]",3,-4.0,1,3,0,0,8,True
2025-2025011210gm-00a9-0000-65465afe-00-s3-d2,93,B,3,2,"[48600,32100,-900,20200]",3,-4.0,1,3,0,0,9,True
2025-2025011210gm-00a9-0000-65465afe-00-s3-d2,94,A,1,67,"[8300,40200,22700,28800]",2,4.0,1,3,1,0,16,True
2025-2025011210gm-00a9-0000-65465afe-00-s3-d2,94,B,3,2,"[32700,20500,14900,31900]",2,4.0,1,3,1,0,16,True
2025-2025011210gm-00a9-0000-65465afe-00-s3-d2,95,A,1,67,"[25300,37700,16900,20100]",3,-4.0,1,3,1,0,9,True
2025-2025011210gm-00a9-0000-65465afe-00-s3-d2,95,B,3,2,"[33400,24300,22700,19600]",4,-10.0,1,3,0,0,14,True
2025-2025011210gm-00a9-0000-65465afe-00-s3-d2,96,A,1,67,"[22200,33400,26300,18100]",4,-10.0,1,3,0,0,9,True
2025-2025011210gm-00a9-0000-65465afe-00-s3-d2,96,B,3,2,"[22200,33400,26300,18100]",4,-10.0,1,3,0,0,9,True
2025-2025011210gm-00a9-0000-65465afe-00-s3-d2,97,A,1,67,"[24700,20200,17100,38000]",1,10.0,1,3,0,0,9,True
2025-2025011210gm-00a9-0000-65465afe-00-s3-d2,97,B,3,2,"[20500,31700,10700,37100]",1,10.0,1,3,0,0,12,True
2025-2025011210gm-00a9-0000-65465afe-00-s3-d2,98,A,1,67,"[33500,21700,36500,8300]",4,-10.0,1,3,1,0,10,True
2025-2025011210gm-00a9-0000-65465afe-00-s3-d2,98,B,3,2,"[35300,34200,-100,30600]",3,-4.0,1,2,2,0,10,True
2025-2025011210gm-00a9-0000-65465afe-00-s3-d2,99,A,1,67,"[20800,30600,49900,-1300]",4,-10.0,1,2,0,0,10,True
2025-2025011210gm-00a9-0000-65465afe-00-s3-d2,99,B,3,2,"[21800,32900,32800,12500]",4,-10.0,1,3,1,0,11,True
2025-2025011210gm-00a9-0000-65465afe-00-s3-d2,100,A,1,67,"[21100,34300,17900,26700]",2,4.0,1,3,0,0,11,True
2025-2025011210gm-00a9-0000-65465afe-00-s3-d2,100,B,3,2,"[21100,34300,17900,26700]",2,4.0,1,3,0,0,11,True
2025-2025011210gm-00a9-0000-65465afe-00-s3-d2,101,A,1,67,"[34200,24400,24200,17200]",4,-10.0,1,3,0,0,8,True
2025-2025011210gm-00a9-0000-65465afe-00-s3-d2,101,B,3,2,"[40100,24400,22200,13300]",4,-10.0,1,3,0,0,8,True
2025-2025011210gm-00a9-0000-65465afe-00-s3-d2,102,A,1,67,"[35300,11000,25800,27900]",2,4.0,2,0,1,0,10,True
2025-2025011210gm-00a9-0000-65465afe-00-s3-d2,102,B,3,2,"[35300,11000,25800,27900]",2,4.0,2,0,1,0,10,True
2025-2025011210gm-00a9-0000-65465afe-00-s3-d2,103,A,1,67,"[20800,8700,40300,30200]",2,4.0,1,3,0,0,11,True
2025-2025011210gm-00a9-0000-65465afe-00-s3-d2,103,B,3,2,"[38000,-500,46000,16500]",3,-4.0,1,3,0,0,11,True
2025-2025011210gm-00a9-0000-65465afe-00-s3-d2,104,A,1,67,"[12600,25700,21600,40100]",1,10.0,1,3,0,0,12,True
2025-2025011210gm-00a9-0000-65465afe-00-s3-d2,104,B,3,2,"[10700,27200,20200,41900]",1,10.0,1,3,0,0,12,True
2025-2025011210gm-00a9-0000-65465afe-00-s3-d2,105,A,1,67,"[14800,49700,300,35200]",2,4.0,1,3,0,0,12,True
2025-2025011210gm-00a9-0000-65465afe-00-s3-d2,105,B,3,2,"[14800,49700,300,35200]",2,4.0,1,3,0,0,12,True
2025-2025011210gm-00a9-0000-65465afe-00-s3-d2,106,A,1,67,"[35800,21600,32400,10200]",4,-10.0,1,3,2,0,10,True
2025-2025011210gm-00a9-0000-65465afe-00-s3-d2,106,B,3,2,"[35800,21600,32400,10200]",4,-10.0,1,3,2,0,10,True
2025-2025011210gm-00a9-0000-65465afe-00-s3-d2,107,A,1,67,"[13800,23100,35900,27200]",2,4.0,2,1,1,0,12,True
2025-2025011210gm-00a9-0000-65465afe-00-s3-d2,107,B,3,2,"[28100,33000,12500,26400]",3,-4.0,1,3,0,0,10,True
2025-2025011210gm-00a9-0000-65465afe-00-s3-d2,108,A,1,67,"[21700,20000,10300,48000]",1,10.0,1,3,0,0,10,True
2025-2025011210gm-00a9-0000-65465afe-00-s3-d2,108,B,3,2,"[21700,20000,10300,48000]",1,10.0,1,3,0,0,10,True
2025-2025011210gm-00a9-0000-65465afe-00-s3-d2,109,A,1,67,"[28800,40400,19900,10900]",4,-10.0,1,3,0,0,11,True
2025-2025011210gm-00a9-0000-65465afe-00-s3-d2,109,B,3,2,"[17900,24700,24200,33200]",1,10.0,2,2,1,0,14,True
2025-2025011210gm-00a9-0000-65465afe-00-s3-d2,110,A,1,67,"[-1200,52200,18100,30900]",2,4.0,1,1,1,0,8,True
2025-2025011210gm-00a9-0000-65465afe-00-s3-d2,110,B,3,2,"[17600,52700,16300,13400]",4,-10.0,1,3,0,0,9,True
2025-2025011210gm-00a9-0000-65465afe-00-s3-d2,111,A,1,67,"[22800,31300,17800,28100]",2,4.0,1,3,0,0,9,True
2025-2025011210gm-00a9-0000-65465afe-00-s3-d2,111,B,3,2,"[30800,14500,39400,15300]",3,-4.0,1,3,0,0,11,True
2025-2025011210gm-00a9-0000-65465afe-00-s3-d2,112,A,1,67,"[33800,24600,11200,30400]",2,4.0,1,3,3,0,11,True
2025-2025011210gm-00a9-0000-65465afe-00-s3-d2,112,B,3,2,"[30700,23900,24800,20600]",4,-10.0,1,3,1,0,11,True
2025-2025011210gm-00a9-0000-65465afe-00-s3-d2,113,A,1,67,"[21200,11900,43000,22900]",2,4.0,1,3,3,1,14,True
2025-2025011210gm-00a9-0000-65465afe-00-s3-d2,113,B,3,2,"[46400,-5400,37000,22000]",3,-4.0,1,1,1,0,9,True
2025-2025011210gm-00a9-0000-65465afe-00-s3-d2,114,A,1,67,"[23300,1100,31100,44500]",1,10.0,1,3,0,0,10,True
2025-2025011210gm-00a9-0000-65465afe-00-s3-d2,114,B,3,2,"[31000,21400,23200,24400]",2,4.0,1,3,0,0,12,True
2025-2025011210gm-00a9-0000-65465afe-00-s3-d2,115,A,1,67,"[19100,43300,31200,6400]",4,-10.0,1,3,0,0,9,True
2025-2025011210gm-00a9-0000-65465afe-00-s3-d2,115,B,3,2,"[19100,43300,31200,6400]",4,-10.0,1,3,0,0,9,True
2025-2025011210gm-00a9-0000-65465afe-00-s3-d2,116,A,1,67,"[38900,21000,19600,20500]",3,-4.0,1,3,1,0,9,True
2025-2025011210gm-00a9-0000-65465afe-00-s3-d2,116,B,3,2,"[33800,25800,2000,38400]",1,10.0,1,3,0,0,10,True
2025-2025011210gm-00a9-0000-65465afe-00-s3-d2,117,A,1,67,"[-200,49000,38500,12700]",3,-4.0,1,2,0,0,8,True
2025-2025011210gm-00a9-0000-65465afe-00-s3-d2,117,B,3,2,"[-200,49000,38500,12700]",3,-4.0,1,2,0,0,8,True
2025-2025011210gm-00a9-0000-65465afe-00-s3-d2,118,A,1,67,"[17900,29900,41900,10300]",4,-10.0,1,3,2,0,10,True
2025-2025011210gm-00a9-0000-65465afe-00-s3-d2,118,B,3,2,"[17900,29900,41900,10300]",4,-10.0,1,3,2,0,10,True
2025-2025011210gm-00a9-0000-65465afe-00-s3-d2,119,A,1,67,"[16400,20000,22800,40800]",1,10.0,1,3,2,0,10,True
2025-2025011210gm-00a9-0000-65465afe-00-s3-d2,119,B,3,2,"[23800,44200,17200,14800]",4,-10.0,1,3,0,0,12,True
2025-2025011210gm-00a9-0000-65465afe-00-s3-d2,120,A,1,67,"[47900,27100,25000,0]",4,-10.0,1,3,0,0,13,True
2025-2025011210gm-00a9-0000-65465afe-00-s3-d2,120,B,3,2,"[12000,45800,32500,9700]",4,-10.0,1,3,0,0,11,True
2025-2025011210gm-00a9-0000-65465afe-00-s3-d2,121,A,1,67,"[30700,8700,28500,32100]",1,10.0,1,3,0,0,9,True
2025-2025011210gm-00a9-0000-65465afe-00-s3-d2,121,B,3,2,"[34300,15900,11600,38200]",1,10.0,1,3,0,0,10,True
2025-2025011210gm-00a9-0000-65465afe-00-s3-d2,122,A,1,67,"[27100,12400,29600,30900]",1,10.0,1,3,0,0,12,True
2025-2025011210gm-00a9-0000-65465afe-00-s3-d2,122,B,3,2,"[46200,9100,13800,30900]",2,4.0,1,3,0,0,9,True
2025-2025011210gm-00a9-0000-65465afe-00-s3-d2,123,A,1,67,"[-2200,42000,24300,35900]",2,4.0,1,1,1,0,7,True
2025-2025011210gm-00a9-0000-65465afe-00-s3-d2,123,B,3,2,"[-2200,42000,24300,35900]",2,4.0,1,1,1,0,7,True
2025-2025011210gm-00a9-0000-65465afe-00-s3-d2,124,A,1,67,"[24000,-4200,39000,41200]",1,10.0,1,3,1,0,9,True
2025-2025011210gm-00a9-0000-65465afe-00-s3-d2,124,B,3,2,"[33000,32500,41600,-7100]",4,-10.0,1,2,2,0,9,True
2025-2025011210gm-00a9-0000-65465afe-00-s3-d2,125,A,1,67,"[29000,17800,17500,35700]",1,10.0,1,3,0,0,9,True
2025-2025011210gm-00a9-0000-65465afe-00-s3-d2,125,B,3,2,"[29000,17800,17500,35700]",1,10.0,1,3,0,0,9,True
2025-2025011210gm-00a9-0000-65465afe-00-s3-d2,126,A,1,67,"[26500,41000,33900,-1400]",4,-10.0,1,3,0,0,13,True
2025-2025011210gm-00a9-0000-65465afe-00-s3-d2,126,B,3,2,"[26500,41000,33900,-1400]",4,-10.0,1,3,0,0,13,True
2025-2025011210gm-00a9-0000-65465afe-00-s3-d2,127,A,1,67,"[18000,23500,23700,34800]",1,10.0,1,3,0,0,10,True
2025-2025011210gm-00a9-0000-65465afe-00-s3-d2,127,B,3,2,"[35700,25500,17600,21200]",3,-4.0,1,3,0,0,9,True
2025-2025011210gm-00a9-0000-65465afe-00-s3-d2,128,A,1,67,"[14300,53900,15000,16800]",2,4.0,1,3,1,0,11,True
2025-2025011210gm-00a9-0000-65465afe-00-s3-d2,128,B,3,2,"[14300,53900,15000,16800]",2,4.0,1,3,1,0,11,True
2025-2025011210gm-00a9-0000-65465afe-00-s3-d2,129,A,1,67,"[28600,21700,14000,35700]",1,10.0,1,3,0,0,10,True
2025-2025011210gm-00a9-0000-65465afe-00-s3-d2,129,B,3,2,"[28600,21700,14000,35700]",1,10.0,1,3,0,0,10,True
2025-2025011210gm-00a9-0000-65465afe-00-s3-d2,130,A,1,67,"[31000,38500,-100,30600]",3,-4.0,1,1,0,0,9,True
2025-2025011210gm-00a9-0000-65465afe-00-s3-d2,130,B,3,2,"[31000,38500,-100,30600]",3,-4.0,1,1,0,0,9,True
2025-2025011210gm-00a9-0000-65465afe-00-s3-d2,131,A,1,67,"[17800,43400,-1000,39800]",2,4.0,1,1,1,0,7,True
2025-2025011210gm-00a9-0000-65465afe-00-s3-d2,131,B,3,2,"[11100,20700,26300,41900]",1,10.0,1,3,0,0,9,True
2025-2025011210gm-00a9-0000-65465afe-00-s3-d2,132,A,1,67,"[19200,19000,44700,17100]",4,-10.0,1,3,1,0,10,True
2025-2025011210gm-00a9-0000-65465afe-00-s3-d2,132,B,3,2,"[100,33700,47700,17500]",3,-4.0,1,3,0,1,10,True
2025-2025011210gm-00a9-0000-65465afe-00-s3-d2,133,A,1,67,"[9100,43800,17300,29800]",2,4.0,1,3,1,0,11,True
2025-2025011210gm-00a9-0000-65465afe-00-s3-d2,133,B,3,2,"[22600,60400,0,17000]",3,-4.0,1,3,1,0,10,True
2025-2025011210gm-00a9-0000-65465afe-00-s3-d2,134,A,1,67,"[5000,75300,8200,11500]",2,4.0,2,1,0,0,10,True
2025-2025011210gm-00a9-0000-65465afe-00-s3-d2,134,B,3,2,"[5000,75300,8200,11500]",2,4.0,2,1,0,0,10,True
2025-2025011210gm-00a9-0000-65465afe-00-s3-d2,135,A,1,67,"[19300,45500,3000,32200]",2,4.0,1,3,0,0,10,True
2025-2025011210gm-00a9-0000-65465afe-00-s3-d2,135,B,3,2,"[19300,45500,3000,32200]",2,4.0,1,3,0,0,10,True
2025-2025011210gm-00a9-0000-65465afe-00-s3-d2,136,A,1,67,"[34600,19300,29000,17100]",4,-10.0,1,3,0,0,12,True
2025-2025011210gm-00a9-0000-65465afe-00-s3-d2,136,B,3,2,"[39000,21900,22800,16300]",4,-10.0,1,3,0,0,11,True
2025-2025011210gm-00a9-0000-65465afe-00-s3-d2,137,A,1,67,"[32600,22200,19800,25400]",2,4.0,1,3,2,0,10,True
2025-2025011210gm-00a9-0000-65465afe-00-s3-d2,137,B,3,2,"[32600,22200,19800,25400]",2,4.0,1,3,2,0,10,True
2025-2025011210gm-00a9-0000-65465afe-00-s3-d2,138,A,1,67,"[11500,23900,31900,32700]",1,10.0,1,3,0,0,9,True
2025-2025011210gm-00a9-0000-65465afe-00-s3-d2,138,B,3,2,"[39400,9200,25700,25700]",3,-4.0,1,3,1,0,10,True
2025-2025011210gm-00a9-0000-65465afe-00-s3-d2,139,A,1,67,"[33200,12900,28300,25600]",3,-4.0,1,3,0,0,13,True
2025-2025011210gm-00a9-0000-65465afe-00-s3-d2,139,B,3,2,"[26800,26400,33600,13200]",4,-10.0,1,3,0,0,13,True
2025-2025011210gm-00a9-0000-65465afe-00-s3-d2,140,A,1,67,"[54100,19800,13100,13000]",4,-10.0,1,3,0,0,11,True
2025-2025011210gm-00a9-0000-65465afe-00-s3-d2,140,B,3,2,"[24100,34300,19200,22400]",3,-4.0,1,3,0,0,9,True
2025-2025011210gm-00a9-0000-65465afe-00-s3-d2,141,A,1,67,"[28600,23500,16000,31900]",1,10.0,2,0,0,0,13,True
2025-2025011210gm-00a9-0000-65465afe-00-s3-d2,141,B,3,2,"[24400,18900,17700,39000]",1,10.0,1,3,0,0,10,True
2025-2025011210gm-00a9-0000-65465afe-00-s3-d2,142,A,1,67,"[43300,43300,-3100,16500]",3,-4.0,1,2,0,0,14,True
2025-2025011210gm-00a9-0000-65465afe-00-s3-d2,142,B,3,2,"[41600,-700,29900,29200]",3,-4.0,1,0,0,0,7,True
2025-2025011210gm-00a9-0000-65465afe-00-s3-d2,143,A,1,67,"[24400,26200,-1600,51000]",1,10.0,1,0,1,0,10,True
2025-2025011210gm-00a9-0000-65465afe-00-s3-d2,143,B,3,2,"[18100,49700,1300,30900]",2,4.0,1,3,0,0,15,True
2025-2025011210gm-00a9-0000-65465afe-00-s3-d2,144,A,1,67,"[23500,14400,27700,34400]",1,10.0,1,3,0,0,8,True
2025-2025011210gm-00a9-0000-65465afe-00-s3-d2,144,B,3,2,"[21100,31800,15900,30200]",2,4.0,1,3,0,1,8,True
2025-2025011210gm-00a9-0000-65465afe-00-s3-d2,145,A,1,67,"[31100,46600,-100,22400]",3,-4.0,1,3,0,0,9,True
2025-2025011210gm-00a9-0000-65465afe-00-s3-d2,145,B,3,2,"[24600,31200,29400,14800]",4,-10.0,1,3,0,0,9,True
2025-2025011210gm-00a9-0000-65465afe-00-s3-d2,146,A,1,67,"[34600,28800,22000,14600]",4,-10.0,1,3,1,0,11,True
2025-2025011210gm-00a9-0000-65465afe-00-s3-d2,146,B,3,2,"[33300,28900,17100,20700]",3,-4.0,1,3,1,0,10,True
2025-2025011210gm-00a9-0000-65465afe-00-s3-d2,147,A,1,67,"[40200,42200,-6900,24500]",3,-4.0,0,3,0,0,5,True
2025-2025011210gm-00a9-0000-65465afe-00-s3-d2,147,B,3,2,"[40200,42200,-6900,24500]",3,-4.0,0,3,0,0,5,True
2025-2025011210gm-00a9-0000-65465afe-00-s3-d2,148,A,1,67,"[27700,18600,42800,10900]",4,-10.0,1,3,0,0,11,True
2025-2025011210gm-00a9-0000-65465afe-00-s3-d2,148,B,3,2,"[30500,11100,32200,26200]",3,-4.0,1,3,0,0,10,True
2025-2025011210gm-00a9-0000-65465afe-00-s3-d2,149,A,1,67,"[17400,38100,30200,14300]",4,-10.0,1,3,0,0,11,True
2025-2025011210gm-00a9-0000-65465afe-00-s3-d2,149,B,3,2,"[3400,43200,41900,11500]",3,-4.0,1,3,0,0,9,True
2025-2025011210gm-00a9-0000-65465afe-00-s3-d2,150,A,1,67,"[26300,22200,38900,12600]",4,-10.0,1,3,1,0,9,True
2025-2025011210gm-00a9-0000-65465afe-00-s3-d2,150,B,3,2,"[26300,22200,38900,12600]",4,-10.0,1,3,1,0,9,True
2025-2025011210gm-00a9-0000-65465afe-00-s3-d2,151,A,1,67,"[-1100,41100,37700,22300]",3,-4.0,1,3,0,0,12,True
2025-2025011210gm-00a9-0000-65465afe-00-s3-d2,151,B,3,2,"[13700,15200,59600,11500]",4,-10.0,1,3,0,0,14,True
2025-2025011210gm-00a9-0000-65465afe-00-s3-d2,152,A,1,67,"[21400,40700,2400,35500]",2,4.0,1,3,0,0,9,True
2025-2025011210gm-00a9-0000-65465afe-00-s3-d2,152,B,3,2,"[25800,31000,26500,16700]",4,-10.0,1,3,0,0,10,True
2025-2025011210gm-00a9-0000-65465afe-00-s3-d2,153,A,1,67,"[39300,27100,17800,15800]",4,-10.0,1,3,1,0,13,True
2025-2025011210gm-00a9-0000-65465afe-00-s3-d2,153,B,3,2,"[28900,31000,10400,29700]",2,4.0,1,3,1,0,15,True
2025-2025011210gm-00a9-0000-65465afe-00-s3-d2,154,A,1,67,"[20700,11100,24900,43300]",1,10.0,1,3,0,0,11,True
2025-2025011210gm-00a9-0000-65465afe-00-s3-d2,154,B,3,2,"[25200,25700,19100,30000]",1,10.0,2,1,0,0,13,True
2025-2025011210gm-00a9-0000-65465afe-00-s3-d2,155,A,1,67,"[23900,38600,9800,27700]",2,4.0,1,3,1,0,9,True
2025-2025011210gm-00a9-0000-65465afe-00-s3-d2,155,B,3,2,"[-600,36300,19900,44400]",1,10.0,1,3,1,0,12,True
2025-2025011210gm-00a9-0000-65465afe-00-s3-d2,156,A,1,67,"[11000,30900,12700,45400]",1,10.0,1,3,0,0,9,True
2025-2025011210gm-00a9-0000-65465afe-00-s3-d2,156,B,3,2,"[11000,30900,12700,45400]",1,10.0,1,3,0,0,9,True
2025-2025011210gm-00a9-0000-65465afe-00-s3-d2,157,A,1,67,"[33600,24200,29000,13200]",4,-10.0,1,3,2,0,9,True
2025-2025011210gm-00a9-0000-65465afe-00-s3-d2,157,B,3,2,"[30500,25100,24400,20000]",4,-10.0,1,3,0,0,11,True
2025-2025011210gm-00a9-0000-65465afe-00-s3-d2,158,A,1,67,"[26000,38700,7600,27700]",2,4.0,1,3,0,0,9,True
2025-2025011210gm-00a9-0000-65465afe-00-s3-d2,158,B,3,2,"[15800,44000,21800,18400]",3,-4.0,1,3,0,0,8,True
2025-2025011210gm-00a9-0000-65465afe-00-s3-d2,159,A,1,67,"[51300,8300,16900,23500]",2,4.0,1,3,0,0,10,True
2025-2025011210gm-00a9-0000-65465afe-00-s3-d2,159,B,3,2,"[49300,31500,4500,13700]",3,-4.0,1,3,0,1,11,True
2025-2025011210gm-00a9-0000-65465afe-00-s3-d2,160,A,1,67,"[30600,21800,16900,30700]",1,10.0,1,3,0,0,10,True
2025-2025011210gm-00a9-0000-65465afe-00-s3-d2,160,B,3,2,"[44000,34600,21600,-200]",4,-10.0,1,0,0,0,6,True
2025-2025011210gm-00a9-0000-65465afe-00-s3-d2,161,A,1,67,"[15300,41800,21400,21500]",2,4.0,1,3,1,0,12,True
2025-2025011210gm-00a9-0000-65465afe-00-s3-d2,161,B,3,2,"[15300,41800,21400,21500]",2,4.0,1,3,1,0,12,True
2025-2025011210gm-00a9-0000-65465afe-00-s3-d2,162,A,1,67,"[26200,18400,24800,30600]",1,10.0,1,3,0,0,9,True
2025-2025011210gm-00a9-0000-65465afe-00-s3-d2,162,B,3,2,"[38000,25000,28800,8200]",4,-10.0,1,3,1,0,10,True
2025-2025011210gm-00a9-0000-65465afe-00-s3-d2,163,A,1,67,"[48000,12300,12300,27400]",2,4.0,1,3,0,0,8,True
2025-2025011210gm-00a9-0000-65465afe-00-s3-d2,163,B,3,2,"[48000,12300,12300,27400]",2,4.0,1,3,0,0,8,True
2025-2025011210gm-00a9-0000-65465afe-00-s3-d2,164,A,1,67,"[38100,17300,13000,31600]",2,4.0,1,3,0,0,11,True
2025-2025011210gm-00a9-0000-65465afe-00-s3-d2,164,B,3,2,"[21800,7000,26200,45000]",1,10.0,1,3,0,0,12,True
2025-2025011210gm-00a9-0000-65465afe-00-s3-d2,165,A,1,67,"[14000,15100,35400,35500]",1,10.0,1,3,0,0,11,True
2025-2025011210gm-00a9-0000-65465afe-00-s3-d2,165,B,3,2,"[14000,15100,35400,35500]",1,10.0,1,3,0,0,11,True
2025-2025011210gm-00a9-0000-65465afe-00-s3-d2,166,A,1,67,"[14400,22800,30100,32700]",1,10.0,1,3,0,0,9,True
2025-2025011210gm-00a9-0000-65465afe-00-s3-d2,166,B,3,2,"[14400,22800,30100,32700]",1,10.0,1,3,0,0,9,True
2025-2025011210gm-00a9-0000-65465afe-00-s3-d2,167,A,1,67,"[35400,31800,34300,-1500]",4,-10.0,1,0,0,0,9,True
2025-2025011210gm-00a9-0000-65465afe-00-s3-d2,167,B,3,2,"[37400,9100,13100,40400]",1,10.0,1,3,0,0,9,True
2025-2025011210gm-00a9-0000-65465afe-00-s3-d2,168,A,1,67,"[18700,3400,26800,51100]",1,10.0,1,3,0,0,13,True
2025-2025011210gm-00a9-0000-65465afe-00-s3-d2,168,B,3,2,"[18700,3400,26800,51100]",1,10.0,1,3,0,0,13,True
2025-2025011210gm-00a9-0000-65465afe-00-s3-d2,169,A,1,67,"[20600,22100,24100,33200]",1,10.0,1,3,0,0,10,True
2025-2025011210gm-00a9-0000-65465afe-00-s3-d2,169,B,3,2,"[30700,23900,31800,13600]",4,-10.0,1,3,0,0,9,True
2025-2025011210gm-00a9-0000-65465afe-00-s3-d2,170,A,1,67,"[21000,34000,52600,-7600]",4,-10.0,1,2,3,0,10,True
2025-2025011210gm-00a9-0000-65465afe-00-s3-d2,170,B,3,2,"[39800,-5000,39100,26100]",3,-4.0,1,3,0,0,13,True
2025-2025011210gm-00a9-0000-65465afe-00-s3-d2,171,A,1,67,"[35600,9800,10400,44200]",1,10.0,1,3,0,0,10,True
2025-2025011210gm-00a9-0000-65465afe-00-s3-d2,171,B,3,2,"[14300,39600,19900,25200]",2,4.0,1,3,0,1,9,True
2025-2025011210gm-00a9-0000-65465afe-00-s3-d2,172,A,1,67,"[17100,25500,46900,10500]",4,-10.0,1,3,0,0,8,True
2025-2025011210gm-00a9-0000-65465afe-00-s3-d2,172,B,3,2,"[45900,17400,6900,29800]",2,4.0,1,3,0,0,9,True
2025-2025011210gm-00a9-0000-65465afe-00-s3-d2,173,A,1,67,"[28800,28000,34900,8300]",4,-10.0,1,3,0,0,9,True
2025-2025011210gm-00a9-0000-65465afe-00-s3-d2,173,B,3,2,"[-7000,25300,47300,34400]",2,4.0,1,3,0,0,10,True
2025-2025011210gm-00a9-0000-65465afe-00-s3-d2,174,A,1,67,"[34500,25300,13400,26800]",2,4.0,2,1,1,0,12,True
2025-2025011210gm-00a9-0000-65465afe-00-s3-d2,174,B,3,2,"[34500,25300,13400,26800]",2,4.0,2,1,1,0,12,True
2025-2025011210gm-00a9-0000-65465afe-00-s3-d2,175,A,1,67,"[20500,46000,8600,24900]",2,4.0,1,3,0,0,10,True
2025-2025011210gm-00a9-0000-65465afe-00-s3-d2,175,B,3,2,"[14900,40500,11800,32800]",2,4.0,1,3,3,0,12,True
2025-2025011210gm-00a9-0000-65465afe-00-s3-d2,176,A,1,67,"[11300,43700,32000,13000]",3,-4.0,1,3,0,0,11,True
2025-2025011210gm-00a9-0000-65465afe-00-s3-d2,176,B,3,2,"[11300,43700,32000,13000]",3,-4.0,1,3,0,0,11,True
2025-2025011210gm-00a9-0000-65465afe-00-s3-d2,177,A,1,67,"[26600,35700,11900,25800]",3,-4.0,1,3,1,0,11,True
2025-2025011210gm-00a9-0000-65465afe-00-s3-d2,177,B,3,2,"[26600,35700,11900,25800]",3,-4.0,1,3,1,0,11,True
2025-2025011210gm-00a9-0000-65465afe-00-s3-d2,178,A,1,67,"[43700,10000,23000,23300]",2,4.0,1,3,0,0,8,True
2025-2025011210gm-00a9-0000-65465afe-00-s3-d2,178,B,3,2,"[21800,11900,29000,37300]",1,10.0,1,3,0,0,11,True
2025-2025011210gm-00a9-0000-65465afe-00-s3-d2,179,A,1,67,"[34900,25000,26800,13300]",4,-10.0,2,0,0,0,11,True
2025-2025011210gm-00a9-0000-65465afe-00-s3-d2,179,B,3,2,"[34900,25000,26800,13300]",4,-10.0,2,0,0,0,11,True
2025-2025011210gm-00a9-0000-65465afe-00-s3-d2,180,A,1,67,"[20200,23200,24000,32600]",1,10.0,1,3,0,0,10,True
2025-2025011210gm-00a9-0000-65465afe-00-s3-d2,180,B,3,2,"[37300,-900,28000,35600]",2,4.0,1,0,0,0,7,True
2025-2025011210gm-00a9-0000-65465afe-00-s3-d2,181,A,1,67,"[32300,19900,17200,29600]",2,4.0,1,3,0,1,8,True
2025-2025011210gm-00a9-0000-65465afe-00-s3-d2,181,B,3,2,"[32300,19900,17200,29600]",2,4.0,1,3,0,1,8,True
2025-2025011210gm-00a9-0000-65465afe-00-s3-d2,182,A,1,67,"[33200,4800,39900,22100]",3,-4.0,1,3,2,0,11,True
2025-2025011210gm-00a9-0000-65465afe-00-s3-d2,182,B,3,2,"[29100,13300,31300,26300]",3,-4.0,1,3,3,0,11,True
2025-2025011210gm-00a9-0000-65465afe-00-s3-d2,183,A,1,67,"[52000,-10400,13400,45000]",2,4.0,1,3,0,0,10,True
2025-2025011210gm-00a9-0000-65465afe-00-s3-d2,183,B,3,2,"[22100,30400,14800,31700]",1,10.0,1,3,0,1,10,True
2025-2025011210gm-00a9-0000-65465afe-00-s3-d2,184,A,1,67,"[28000,28100,31900,12000]",4,-10.0,1,3,1,0,10,True
2025-2025011210gm-00a9-0000-65465afe-00-s3-d2,184,B,3,2,"[10600,32900,32000,24500]",3,-4.0,1,3,1,0,10,True
2025-2025011210gm-00a9-0000-65465afe-00-s3-d2,185,A,1,67,"[16900,30600,12300,40200]",1,10.0,1,3,0,0,8,True
2025-2025011210gm-00a9-0000-65465afe-00-s3-d2,185,B,3,2,"[16900,30600,12300,40200]",1,10.0,1,3,0,0,8,True
2025-2025011210gm-00a9-0000-65465afe-00-s3-d2,186,A,1,67,"[53100,24000,4000,18900]",3,-4.0,1,3,0,0,12,True
2025-2025011210gm-00a9-0000-65465afe-00-s3-d2,186,B,3,2,"[53100,24000,4000,18900]",3,-4.0,1,3,0,0,12,True
2025-2025011210gm-00a9-0000-65465afe-00-s3-d2,187,A,1,67,"[16100,11500,26300,46100]",1,10.0,1,3,0,0,11,True
2025-2025011210gm-00a9-0000-65465afe-00-s3-d2,187,B,3,2,"[37500,3900,28200,30400]",2,4.0,1,3,1,0,12,True
2025-2025011210gm-00a9-0000-65465afe-00-s3-d2,188,A,1,67,"[35500,7500,19800,37200]",1,10.0,1,3,0,0,9,True
2025-2025011210gm-00a9-0000-65465afe-00-s3-d2,188,B,3,2,"[34900,10100,17800,37200]",1,10.0,1,3,0,0,9,True
2025-2025011210gm-00a9-0000-65465afe-00-s3-d2,189,A,1,67,"[39100,14500,26100,20300]",3,-4.0,1,3,0,0,13,True
2025-2025011210gm-00a9-0000-65465afe-00-s3-d2,189,B,3,2,"[13400,24900,30800,30900]",1,10.0,1,3,0,0,12,True
2025-2025011210gm-00a9-0000-65465afe-00-s3-d2,190,A,1,67,"[18500,27200,23500,30800]",1,10.0,1,3,1,0,10,True
2025-2025011210gm-00a9-0000-65465afe-00-s3-d2,190,B,3,2,"[23400,30300,25200,21100]",4,-10.0,2,0,0,0,10,True
2025-2025011210gm-00a9-0000-65465afe-00-s3-d2,191,A,1,67,"[4100,15200,39500,41200]",1,10.0,1,3,0,0,10,True
2025-2025011210gm-00a9-0000-65465afe-00-s3-d2,191,B,3,2,"[4100,15200,39500,41200]",1,10.0,1,3,0,0,10,True
2025-2025011210gm-00a9-0000-65465afe-00-s3-d2,192,A,1,67,"[23000,33800,21800,21400]",4,-10.0,1,3,0,0,10,True
2025-2025011210gm-00a9-0000-65465afe-00-s3-d2,192,B,3,2,"[34300,30800,32600,2300]",4,-10.0,1,3,0,0,9,True
2025-2025011210gm-00a9-0000-65465afe-00-s3-d2,193,A,1,67,"[37000,24000,25000,14000]",4,-10.0,2,2,0,0,13,True
2025-2025011210gm-00a9-0000-65465afe-00-s3-d2,193,B,3,2,"[37000,24000,25000,14000]",4,-10.0,2,2,0,0,13,True
2025-2025011210gm-00a9-0000-65465afe-00-s3-d2,194,A,1,67,"[47800,25000,-1400,28600]",2,4.0,0,3,0,0,7,True
2025-2025011210gm-00a9-0000-65465afe-00-s3-d2,194,B,3,2,"[18300,17800,40100,23800]",2,4.0,1,3,0,0,10,True
2025-2025011210gm-00a9-0000-65465afe-00-s3-d2,195,A,1,67,"[13700,16600,24600,45100]",1,10.0,1,3,0,0,12,True
2025-2025011210gm-00a9-0000-65465afe-00-s3-d2,195,B,3,2,"[18400,-1000,66600,16000]",3,-4.0,1,3,0,0,15,True
2025-2025011210gm-00a9-0000-65465afe-00-s3-d2,196,A,1,67,"[26300,15000,43600,15100]",3,-4.0,1,3,2,0,13,True
2025-2025011210gm-00a9-0000-65465afe-00-s3-d2,196,B,3,2,"[12300,15400,57200,15100]",3,-4.0,1,3,0,0,10,True
2025-2025011210gm-00a9-0000-65465afe-00-s3-d2,197,A,1,67,"[24100,10900,39100,24900]",2,4.0,1,3,1,1,11,True
2025-2025011210gm-00a9-0000-65465afe-00-s3-d2,197,B,3,2,"[24100,10900,39100,24900]",2,4.0,1,3,1,1,11,True
2025-2025011210gm-00a9-0000-65465afe-00-s3-d2,198,A,1,67,"[8600,11700,33100,46600]",1,10.0,1,3,0,0,10,True
2025-2025011210gm-00a9-0000-65465afe-00-s3-d2,198,B,3,2,"[8600,11700,33100,46600]",1,10.0,1,3,0,0,10,True
2025-2025011210gm-00a9-0000-65465afe-00-s3-d2,199,A,1,67,"[24500,26500,32300,16700]",4,-10.0,1,3,0,0,12,True
2025-2025011210gm-00a9-0000-65465afe-00-s3-d2,199,B,3,2,"[24500,26500,32300,16700]",4,-10.0,1,3,0,0,12,True
2025-2025011210gm-00a9-0000-65465afe-00-s3-d2,200,A,1,67,"[24000,28400,12800,34800]",1,10.0,1,3,0,0,8,True
2025-2025011210gm-00a9-0000-65465afe-00-s3-d2,200,B,3,2,"[19900,30600,21100,28400]",2,4.0,2,2,1,0,13,True
2025-2025011210gm-00a9-0000-65465afe-00-s3-d2,201,A,1,67,"[32400,8300,38300,21000]",3,-4.0,1,3,0,0,10,True
2025-2025011210gm-00a9-0000-65465afe-00-s3-d2,201,B,3,2,"[44500,19300,9200,27000]",2,4.0,1,3,0,0,11,True
2025-2025011210gm-00a9-0000-65465afe-00-s3-d2,202,A,1,67,"[28500,9600,37200,24700]",3,-4.0,1,3,1,0,12,True
2025-2025011210gm-00a9-0000-65465afe-00-s3-d2,202,B,3,2,"[7300,16500,35200,41000]",1,10.0,1,3,1,0,9,True
2025-2025011210gm-00a9-0000-65465afe-00-s3-d2,203,A,1,67,"[10200,42000,13800,34000]",2,4.0,1,3,0,0,11,True
2025-2025011210gm-00a9-0000-65465afe-00-s3-d2,203,B,3,2,"[5900,40100,12400,40600]",1,10.0,1,3,0,1,12,True
2025-2025011210gm-00a9-0000-65465afe-00-s3-d2,204,A,1,67,"[23100,27200,19700,30000]",1,10.0,1,3,0,0,9,True
2025-2025011210gm-00a9-0000-65465afe-00-s3-d2,204,B,3,2,"[33100,24600,21400,20900]",4,-10.0,1,3,0,0,8,True
2025-2025011210gm-00a9-0000-65465afe-00-s3-d2,205,A,1,67,"[15300,34200,21000,29500]",2,4.0,1,3,0,0,11,True
2025-2025011210gm-00a9-0000-65465afe-00-s3-d2,205,B,3,2,"[41700,20600,23900,13800]",4,-10.0,1,3,0,0,11,True
2025-2025011210gm-00a9-0000-65465afe-00-s3-d2,206,A,1,67,"[27500,30000,10300,32200]",1,10.0,1,3,1,0,11,True
2025-2025011210gm-00a9-0000-65465afe-00-s3-d2,206,B,3,2,"[17700,43100,39800,-600]",4,-10.0,1,1,0,0,7,True
2025-2025011210gm-00a9-0000-65465afe-00-s3-d2,207,A,1,67,"[38300,40900,24800,-4000]",4,-10.0,0,2,0,0,5,True
2025-2025011210gm-00a9-0000-65465afe-00-s3-d2,207,B,3,2,"[28100,4000,32200,35700]",1,10.0,1,3,0,0,9,True
2025-2025011210gm-00a9-0000-65465afe-00-s3-d2,208,A,1,67,"[9500,52400,11900,26200]",2,4.0,1,3,1,0,12,True
2025-2025011210gm-00a9-0000-65465afe-00-s3-d2,208,B,3,2,"[23900,30400,37700,8000]",4,-10.0,1,3,0,0,13,True
2025-2025011210gm-00a9-0000-65465afe-00-s3-d2,209,A,1,67,"[19700,30100,24300,25900]",2,4.0,1,3,0,0,10,True
2025-2025011210gm-00a9-0000-65465afe-00-s3-d2,209,B,3,2,"[22200,19700,21300,36800]",1,10.0,1,3,0,0,11,True
2025-2025011210gm-00a9-0000-65465afe-00-s3-d2,210,A,1,67,"[21300,21900,22600,34200]",1,10.0,2,1,2,0,14,True
2025-2025011210gm-00a9-0000-65465afe-00-s3-d2,210,B,3,2,"[29400,13300,31600,25700]",3,-4.0,1,3,0,0,9,True
2025-2025011210gm-00a9-0000-65465afe-00-s3-d2,211,A,1,67,"[25100,29300,4900,40700]",1,10.0,1,3,0,0,12,True
2025-2025011210gm-00a9-0000-65465afe-00-s3-d2,211,B,3,2,"[48900,19200,1200,30700]",2,4.0,1,3,0,0,11,True
2025-2025011210gm-00a9-0000-65465afe-00-s3-d2,212,A,1,67,"[21400,2100,51300,25200]",2,4.0,1,3,0,0,11,True
2025-2025011210gm-00a9-0000-65465afe-00-s3-d2,212,B,3,2,"[21400,2100,51300,25200]",2,4.0,1,3,0,0,11,True
2025-2025011210gm-00a9-0000-65465afe-00-s3-d2,213,A,1,67,"[18800,9400,27900,43900]",1,10.0,1,3,0,0,10,True
2025-2025011210gm-00a9-0000-65465afe-00-s3-d2,213,B,3,2,"[20200,25700,51900,2200]",4,-10.0,1,3,1,0,11,True
2025-2025011210gm-00a9-0000-65465afe-00-s3-d2,214,A,1,67,"[35600,23800,28600,12000]",4,-10.0,1,3,1,0,12,True
2025-2025011210gm-00a9-0000-65465afe-00-s3-d2,214,B,3,2,"[28600,25800,15200,30400]",1,10.0,1,3,0,0,8,True
2025-2025011210gm-00a9-0000-65465afe-00-s3-d2,215,A,1,67,"[19300,45700,21900,13100]",4,-10.0,1,3,0,0,11,True
2025-2025011210gm-00a9-0000-65465afe-00-s3-d2,215,B,3,2,"[42600,21000,11900,24500]",2,4.0,1,3,0,0,16,True
2025-2025011210gm-00a9-0000-65465afe-00-s3-d2,216,A,1,67,"[36200,-100,43400,20500]",3,-4.0,0,2,1,0,6,True
2025-2025011210gm-00a9-0000-65465afe-00-s3-d2,216,B,3,2,"[26800,19400,20100,33700]",1,10.0,1,3,0,0,9,True
2025-2025011210gm-00a9-0000-65465afe-00-s3-d2,217,A,1,67,"[22100,44300,5300,28300]",2,4.0,1,3,0,0,10,True
2025-2025011210gm-00a9-0000-65465afe-00-s3-d2,217,B,3,2,"[36700,10100,44700,8500]",4,-10.0,1,3,0,0,11,True
2025-2025011210gm-00a9-0000-65465afe-00-s3-d2,218,A,1,67,"[-200,34100,34600,31500]",3,-4.0,1,2,1,0,10,True
2025-2025011210gm-00a9-0000-65465afe-00-s3-d2,218,B,3,2,"[21100,27700,42300,8900]",4,-10.0,1,3,1,0,12,True
2025-2025011210gm-00a9-0000-65465afe-00-s3-d2,219,A,1,67,"[29600,33300,30000,7100]",4,-10.0,1,3,0,0,9,True
2025-2025011210gm-00a9-0000-65465afe-00-s3-d2,219,B,3,2,"[32700,32300,23500,11500]",4,-10.0,1,3,1,0,9,True
2025-2025011210gm-00a9-0000-65465afe-00-s3-d2,220,A,1,67,"[7800,53700,14800,23700]",2,4.0,1,3,1,0,9,True
2025-2025011210gm-00a9-0000-65465afe-00-s3-d2,220,B,3,2,"[23400,37300,22400,16900]",4,-10.0,1,3,0,0,9,True
2025-2025011210gm-00a9-0000-65465afe-00-s3-d2,221,A,1,67,"[18100,14500,36700,30700]",2,4.0,1,3,0,0,9,True
2025-2025011210gm-00a9-0000-65465afe-00-s3-d2,221,B,3,2,"[18100,14500,36700,30700]",2,4.0,1,3,0,0,9,True
2025-2025011210gm-00a9-0000-65465afe-00-s3-d2,222,A,1,67,"[9300,19500,26500,44700]",1,10.0,1,3,0,0,9,True
2025-2025011210gm-00a9-0000-65465afe-00-s3-d2,222,B,3,2,"[45100,11200,22800,20900]",3,-4.0,1,3,1,0,13,True
2025-2025011210gm-00a9-0000-65465afe-00-s3-d2,223,A,1,67,"[10300,19300,36600,33800]",2,4.0,1,3,0,0,10,True
2025-2025011210gm-00a9-0000-65465afe-00-s3-d2,223,B,3,2,"[-2000,11000,40600,50400]",1,10.0,1,3,0,0,10,True
2025-2025011210gm-00a9-0000-65465afe-00-s3-d2,224,A,1,67,"[41400,22400,17700,18500]",3,-4.0,1,3,0,0,11,True
2025-2025011210gm-00a9-0000-65465afe-00-s3-d2,224,B,3,2,"[26200,25300,34100,14400]",4,-10.0,1,3,0,0,13,True
2025-2025011210gm-00a9-0000-65465afe-00-s3-d2,225,A,1,67,"[7900,29600,14400,48100]",1,10.0,1,3,0,0,13,True
2025-2025011210gm-00a9-0000-65465afe-00-s3-d2,225,B,3,2,"[23200,31500,17800,27500]",2,4.0,1,3,0,0,11,True
2025-2025011210gm-00a9-0000-65465afe-00-s3-d2,226,A,1,67,"[4500,28900,39500,27100]",3,-4.0,1,3,1,0,11,True
2025-2025011210gm-00a9-0000-65465afe-00-s3-d2,226,B,3,2,"[4500,28900,39500,27100]",3,-4.0,1,3,1,0,11,True
2025-2025011210gm-00a9-0000-65465afe-00-s3-d2,227,A,1,67,"[25900,16900,49200,8000]",4,-10.0,1,3,1,0,11,True
2025-2025011210gm-00a9-0000-65465afe-00-s3-d2,227,B,3,2,"[25900,16900,49200,8000]",4,-10.0,1,3,1,0,11,True
2025-2025011210gm-00a9-0000-65465afe-00-s3-d2,228,A,1,67,"[26800,30300,17700,25200]",3,-4.0,1,3,0,0,8,True
2025-2025011210gm-00a9-0000-65465afe-00-s3-d2,228,B,3,2,"[26800,30300,17700,25200]",3,-4.0,1,3,0,0,8,True
2025-2025011210gm-00a9-0000-65465afe-00-s3-d2,229,A,1,67,"[24500,36100,31400,8000]",4,-10.0,1,3,0,0,11,True
2025-2025011210gm-00a9-0000-65465afe-00-s3-d2,229,B,3,2,"[18200,57500,12300,12000]",4,-10.0,1,3,0,0,11,True
2025-2025011210gm-00a9-0000-65465afe-00-s3-d2,230,A,1,67,"[21300,15400,27900,35400]",1,10.0,1,3,0,0,14,True
2025-2025011210gm-00a9-0000-65465afe-00-s3-d2,230,B,3,2,"[14200,26400,40300,19100]",3,-4.0,1,3,0,0,8,True
2025-2025011210gm-00a9-0000-65465afe-00-s3-d2,231,A,1,67,"[9300,28000,22700,40000]",1,10.0,1,3,0,0,11,True
2025-2025011210gm-00a9-0000-65465afe-00-s3-d2,231,B,3,2,"[21400,10800,20400,47400]",1,10.0,1,3,0,0,9,True
2025-2025011210gm-00a9-0000-65465afe-00-s3-d2,232,A,1,67,"[27900,19400,47000,5700]",4,-10.0,1,3,0,0,9,True
2025-2025011210gm-00a9-0000-65465afe-00-s3-d2,232,B,3,2,"[37100,12600,31300,19000]",3,-4.0,1,3,0,0,10,True
2025-2025011210gm-00a9-0000-65465afe-00-s3-d2,233,A,1,67,"[22100,15300,37400,25200]",2,4.0,1,3,1,0,12,True
2025-2025011210gm-00a9-0000-65465afe-00-s3-d2,233,B,3,2,"[22100,15300,37400,25200]",2,4.0,1,3,1,0,12,True
2025-2025011210gm-00a9-0000-65465afe-00-s3-d2,234,A,1,67,"[16400,20900,38300,24400]",2,4.0,1,3,0,0,12,True
2025-2025011210gm-00a9-0000-65465afe-00-s3-d2,234,B,3,2,"[18600,25900,38200,17300]",4,-10.0,1,3,0,0,11,True
2025-2025011210gm-00a9-0000-65465afe-00-s3-d2,235,A,1,67,"[36700,16900,24900,21500]",3,-4.0,1,3,2,0,12,True
2025-2025011210gm-00a9-0000-65465afe-00-s3-d2,235,B,3,2,"[36700,16900,24900,21500]",3,-4.0,1,3,2,0,12,True
2025-2025011210gm-00a9-0000-65465afe-00-s3-d2,236,A,1,67,"[38800,14000,-1700,48900]",1,10.0,0,3,0,0,5,True
2025-2025011210gm-00a9-0000-65465afe-00-s3-d2,236,B,3,2,"[19700,19400,28700,32200]",1,10.0,1,3,1,0,10,True
2025-2025011210gm-00a9-0000-65465afe-00-s3-d2,237,A,1,67,"[59600,5600,28000,6800]",3,-4.0,1,3,2,0,12,True
2025-2025011210gm-00a9-0000-65465afe-00-s3-d2,237,B,3,2,"[59600,5600,28000,6800]",3,-4.0,1,3,2,0,12,True
2025-2025011210gm-00a9-0000-65465afe-00-s3-d2,238,A,1,67,"[48600,31000,1800,18600]",3,-4.0,1,3,1,0,11,True
2025-2025011210gm-00a9-0000-65465afe-00-s3-d2,238,B,3,2,"[16700,9100,46500,27700]",2,4.0,1,3,0,0,9,True
2025-2025011210gm-00a9-0000-65465afe-00-s3-d2,239,A,1,67,"[25700,27300,31300,15700]",4,-10.0,1,3,0,0,9,True
2025-2025011210gm-00a9-0000-65465afe-00-s3-d2,239,B,3,2,"[17200,41700,17200,23900]",2,4.0,1,3,0,0,9,True
2025-2025011210gm-00a9-0000-65465afe-00-s3-d2,240,A,1,67,"[39800,13100,24100,23000]",3,-4.0,1,3,0,0,9,True
2025-2025011210gm-00a9-0000-65465afe-00-s3-d2,240,B,3,2,"[39800,13100,24100,23000]",3,-4.0,1,3,0,0,9,True
2025-2025011210gm-00a9-0000-65465afe-00-s3-d2,241,A,1,67,"[11500,36800,41400,10300]",4,-10.0,1,3,1,0,12,True
2025-2025011210gm-00a9-0000-65465afe-00-s3-d2,241,B,3,2,"[20500,22300,26200,31000]",1,10.0,1,3,0,0,10,True
2025-2025011210gm-00a9-0000-65465afe-00-s3-d2,242,A,1,67,"[15200,28000,17600,39200]",1,10.0,1,3,0,0,8,True
2025-2025011210gm-00a9-0000-65465afe-00-s3-d2,242,B,3,2,"[29500,27200,59300,-16000]",4,-10.0,1,0,0,0,7,True
2025-2025011210gm-00a9-0000-65465afe-00-s3-d2,243,A,1,67,"[38100,9100,30500,22300]",3,-4.0,1,3,3,0,14,True
2025-2025011210gm-00a9-0000-65465afe-00-s3-d2,243,B,3,2,"[23000,21100,32100,23800]",2,4.0,2,2,0,0,15,True
2025-2025011210gm-00a9-0000-65465afe-00-s3-d2,244,A,1,67,"[17500,11500,41300,29700]",2,4.0,1,3,1,0,13,True
2025-2025011210gm-00a9-0000-65465afe-00-s3-d2,244,B,3,2,"[17500,11500,41300,29700]",2,4.0,1,3,1,0,13,True
2025-2025011210gm-00a9-0000-65465afe-00-s3-d2,245,A,1,67,"[25900,44000,11000,19100]",3,-4.0,1,3,0,0,9,True
2025-2025011210gm-00a9-0000-65465afe-00-s3-d2,245,B,3,2,"[20400,42900,42100,-5400]",4,-10.0,1,2,0,0,9,True
2025-2025011210gm-00a9-0000-65465afe-00-s3-d2,246,A,1,67,"[22000,34500,38100,5400]",4,-10.0,1,3,0,0,11,True
2025-2025011210gm-00a9-0000-65465afe-00-s3-d2,246,B,3,2,"[33000,18600,45100,3300]",4,-10.0,1,3,1,0,10,True
2025-2025011210gm-00a9-0000-65465afe-00-s3-d2,247,A,1,67,"[23300,11900,37900,25900]",2,4.0,1,3,0,1,9,True
2025-2025011210gm-00a9-0000-65465afe-00-s3-d2,247,B,3,2,"[23300,11900,37900,25900]",2,4.0,1,3,0,1,9,True
2025-2025011210gm-00a9-0000-65465afe-00-s3-d2,248,A,1,67,"[200,33700,13000,53100]",1,10.0,1,3,0,0,9,True
2025-2025011210gm-00a9-0000-65465afe-00-s3-d2,248,B,3,2,"[200,33700,13000,53100]",1,10.0,1,3,0,0,9,True
2025-2025011210gm-00a9-0000-65465afe-00-s3-d2,249,A,1,67,"[20700,26600,31400,21300]",3,-4.0,1,3,0,0,12,True
2025-2025011210gm-00a9-0000-65465afe-00-s3-d2,249,B,3,2,"[19700,35000,24600,20700]",3,-4.0,1,3,0,0,16,True
2025-2025011210gm-00a9-0000-65465afe-00-s3-d2,250,A,1,67,"[20800,26900,10600,41700]",1,10.0,1,3,0,0,13,True
2025-2025011210gm-00a9-0000-65465afe-00-s3-d2,250,B,3,2,"[32900,11200,29900,26000]",3,-4.0,1,3,0,0,10,True
2025-2025011210gm-00a9-0000-65465afe-00-s3-d2,251,A,1,67,"[27300,14200,35000,23500]",3,-4.0,1,3,1,0,12,True
2025-2025011210gm-00a9-0000-65465afe-00-s3-d2,251,B,3,2,"[32600,25600,2800,39000]",1,10.0,1,3,0,0,12,True
2025-2025011210gm-00a9-0000-65465afe-00-s3-d2,252,A,1,67,"[-6600,16700,47500,42400]",2,4.0,1,2,2,0,9,True
2025-2025011210gm-00a9-0000-65465afe-00-s3-d2,252,B,3,2,"[23700,-3700,44500,35500]",2,4.0,1,1,0,0,8,True
2025-2025011210gm-00a9-0000-65465afe-00-s3-d2,253,A,1,67,"[44000,19500,16200,20300]",2,4.0,1,3,0,0,12,True
2025-2025011210gm-00a9-0000-65465afe-00-s3-d2,253,B,3,2,"[35500,25000,37200,2300]",4,-10.0,1,3,0,0,10,True
2025-2025011210gm-00a9-0000-65465afe-00-s3-d2,254,A,1,67,"[21300,30500,39700,8500]",4,-10.0,1,3,0,0,11,True
2025-2025011210gm-00a9-0000-65465afe-00-s3-d2,254,B,3,2,"[9100,34600,25400,29900]",2,4.0,1,3,1,1,12,True
2025-2025011210gm-00a9-0000-65465afe-00-s3-d2,255,A,1,67,"[29000,11300,16600,43100]",1,10.0,1,3,0,0,14,True
2025-2025011210gm-00a9-0000-65465afe-00-s3-d2,255,B,3,2,"[13700,53300,-1400,34400]",2,4.0,1,0,1,0,6,True
2025-2025040820gm-00a9-0000-57062ba3-08-s0-d7,0,A,1,65,"[49900,9000,9900,30200]",1,10.0,1,3,0,1,2,True
2025-2025040820gm-00a9-0000-57062ba3-08-s0-d7,0,B,3,47,"[50900,8000,11900,29200]",1,10.0,1,3,0,0,2,True
2025-2025040820gm-00a9-0000-57062ba3-08-s0-d7,1,A,1,65,"[40800,6400,9600,43200]",2,4.0,1,3,0,0,2,True
2025-2025040820gm-00a9-0000-57062ba3-08-s0-d7,1,B,3,47,"[33400,6800,15000,44800]",2,4.0,1,3,0,0,3,True
2025-2025040820gm-00a9-0000-57062ba3-08-s0-d7,2,A,1,65,"[44700,7300,15500,32500]",1,10.0,1,3,0,0,2,True
2025-2025040820gm-00a9-0000-57062ba3-08-s0-d7,2,B,3,47,"[43200,8800,14600,33400]",1,10.0,1,3,2,0,3,True
2025-2025040820gm-00a9-0000-57062ba3-08-s0-d7,3,A,1,65,"[49700,7300,12500,29500]",1,10.0,1,3,0,1,2,True
2025-2025040820gm-00a9-0000-57062ba3-08-s0-d7,3,B,3,47,"[41600,20600,10400,27400]",1,10.0,1,3,1,0,2,True
2025-2025040820gm-00a9-0000-57062ba3-08-s0-d7,4,A,1,65,"[46400,6000,14600,33000]",1,10.0,1,3,0,0,2,True
2025-2025040820gm-00a9-0000-57062ba3-08-s0-d7,4,B,3,47,"[53000,-8300,30000,25300]",1,10.0,1,3,1,0,4,True
2025-2025040820gm-00a9-0000-57062ba3-08-s0-d7,5,A,1,65,"[41900,15700,7000,35400]",1,10.0,1,3,1,0,4,True
2025-2025040820gm-00a9-0000-57062ba3-08-s0-d7,5,B,3,47,"[47800,3800,17400,31000]",1,10.0,1,3,0,0,4,True
2025-2025040820gm-00a9-0000-57062ba3-08-s0-d7,6,A,1,65,"[59500,9800,15000,15700]",1,10.0,1,3,0,0,3,True
2025-2025040820gm-00a9-0000-57062ba3-08-s0-d7,6,B,3,47,"[52400,1400,13000,33200]",1,10.0,1,3,0,0,2,True
2025-2025040820gm-00a9-0000-57062ba3-08-s0-d7,7,A,1,65,"[45700,8300,10500,35500]",1,10.0,1,3,1,0,3,True
2025-2025040820gm-00a9-0000-57062ba3-08-s0-d7,7,B,3,47,"[41100,4700,8900,45300]",2,4.0,1,3,0,0,2,True
2025-2025040820gm-00a9-0000-57062ba3-08-s0-d7,8,A,1,65,"[42000,15500,12300,30200]",1,10.0,1,3,0,0,2,True
2025-2025040820gm-00a9-0000-57062ba3-08-s0-d7,8,B,3,47,"[47400,4600,15500,32500]",1,10.0,1,3,0,0,2,True
2025-2025040820gm-00a9-0000-57062ba3-08-s0-d7,9,A,1,65,"[46600,3800,18700,30900]",1,10.0,1,3,0,0,2,True
2025-2025040820gm-00a9-0000-57062ba3-08-s0-d7,9,B,3,47,"[37300,4200,26100,32400]",1,10.0,1,3,1,0,3,True
2025-2025040820gm-00a9-0000-57062ba3-08-s0-d7,10,A,1,65,"[48000,-400,21200,31200]",1,10.0,1,3,0,0,3,True
2025-2025040820gm-00a9-0000-57062ba3-08-s0-d7,10,B,3,47,"[40400,900,29100,29600]",1,10.0,1,3,0,0,3,True
2025-2025040820gm-00a9-0000-57062ba3-08-s0-d7,11,A,1,65,"[51400,11500,8200,28900]",1,10.0,1,3,0,0,2,True
2025-2025040820gm-00a9-0000-57062ba3-08-s0-d7,11,B,3,47,"[45400,8400,13000,33200]",1,10.0,1,3,0,0,2,True
2025-2025040820gm-00a9-0000-57062ba3-08-s0-d7,12,A,1,65,"[44700,-3300,25100,33500]",1,10.0,1,2,0,0,1,True
2025-2025040820gm-00a9-0000-57062ba3-08-s0-d7,12,B,3,47,"[39400,4900,24400,31300]",1,10.0,1,3,3,0,4,True
2025-2025040820gm-00a9-0000-57062ba3-08-s0-d7,13,A,1,65,"[35100,1500,24400,39000]",2,4.0,1,3,0,0,4,True
2025-2025040820gm-00a9-0000-57062ba3-08-s0-d7,13,B,3,47,"[54400,8300,3800,33500]",1,10.0,1,3,0,0,2,True
2025-2025040820gm-00a9-0000-57062ba3-08-s0-d7,14,A,1,65,"[45400,7300,14800,32500]",1,10.0,1,3,1,0,2,True
2025-2025040820gm-00a9-0000-57062ba3-08-s0-d7,14,B,3,47,"[47700,6000,13800,32500]",1,10.0,1,3,1,0,2,True
2025-2025040820gm-00a9-0000-57062ba3-08-s0-d7,15,A,1,65,"[42400,9400,15000,33200]",1,10.0,1,3,0,0,2,True
2025-2025040820gm-00a9-0000-57062ba3-08-s0-d7,15,B,3,47,"[42400,9400,15000,33200]",1,10.0,1,3,0,0,2,True
2025-2025040820gm-00a9-0000-57062ba3-08-s0-d7,16,A,1,65,"[44600,2400,13700,39300]",1,10.0,1,3,1,0,4,True
2025-2025040820gm-00a9-0000-57062ba3-08-s0-d7,16,B,3,47,"[51000,8200,9900,30900]",1,10.0,1,3,1,0,3,True
2025-2025040820gm-00a9-0000-57062ba3-08-s0-d7,17,A,1,65,"[44700,8300,13500,33500]",1,10.0,1,3,0,0,2,True
2025-2025040820gm-00a9-0000-57062ba3-08-s0-d7,17,B,3,47,"[48400,7600,12800,31200]",1,10.0,1,3,0,0,2,True
2025-2025040820gm-00a9-0000-57062ba3-08-s0-d7,18,A,1,65,"[45500,5800,12000,36700]",1,10.0,1,3,1,0,3,True
2025-2025040820gm-00a9-0000-57062ba3-08-s0-d7,18,B,3,47,"[51800,4400,14000,29800]",1,10.0,1,3,1,0,3,True
2025-2025040820gm-00a9-0000-57062ba3-08-s0-d7,19,A,1,65,"[37300,7300,19000,36400]",1,10.0,1,3,2,0,4,True
2025-2025040820gm-00a9-0000-57062ba3-08-s0-d7,19,B,3,47,"[56700,-3700,13500,33500]",1,10.0,1,2,0,0,1,True
2025-2025040820gm-00a9-0000-57062ba3-08-s0-d7,20,A,1,65,"[37000,8300,13500,41200]",2,4.0,1,3,0,0,2,True
2025-2025040820gm-00a9-0000-57062ba3-08-s0-d7,20,B,3,47,"[37000,8300,13500,41200]",2,4.0,1,3,0,0,2,True
2025-2025040820gm-00a9-0000-57062ba3-08-s0-d7,21,A,1,65,"[44600,16600,11400,27400]",1,10.0,1,3,1,0,3,True
2025-2025040820gm-00a9-0000-57062ba3-08-s0-d7,21,B,3,47,"[36600,17400,13100,32900]",1,10.0,1,3,1,0,3,True
2025-2025040820gm-00a9-0000-57062ba3-08-s0-d7,22,A,1,65,"[43400,26500,-800,30900]",1,10.0,1,3,0,0,2,True
2025-2025040820gm-00a9-0000-57062ba3-08-s0-d7,22,B,3,47,"[43700,-400,20200,35500]",1,10.0,1,2,1,1,2,True
2025-2025040820gm-00a9-0000-57062ba3-08-s0-d7,23,A,1,65,"[49900,3100,22500,24500]",1,10.0,1,3,0,0,2,True
2025-2025040820gm-00a9-0000-57062ba3-08-s0-d7,23,B,3,47,"[42200,8200,17600,32000]",1,10.0,1,3,2,0,3,True
2025-2025040820gm-00a9-0000-57062ba3-08-s0-d7,24,A,1,65,"[51700,3500,2200,42600]",1,10.0,1,3,1,0,4,True
2025-2025040820gm-00a9-0000-57062ba3-08-s0-d7,24,B,3,47,"[47400,3300,4800,44500]",1,10.0,1,3,1,0,4,True
2025-2025040820gm-00a9-0000-57062ba3-08-s0-d7,25,A,1,65,"[44700,6100,11800,37400]",1,10.0,1,3,1,0,3,True
2025-2025040820gm-00a9-0000-57062ba3-08-s0-d7,25,B,3,47,"[42300,9800,15800,32100]",1,10.0,1,3,0,0,2,True
2025-2025040820gm-00a9-0000-57062ba3-08-s0-d7,26,A,1,65,"[46200,6800,13600,33400]",1,10.0,1,3,1,0,2,True
2025-2025040820gm-00a9-0000-57062ba3-08-s0-d7,26,B,3,47,"[32200,27300,15800,24700]",1,10.0,1,3,0,0,3,True
2025-2025040820gm-00a9-0000-57062ba3-08-s0-d7,27,A,1,65,"[35700,6800,24000,33500]",1,10.0,1,3,0,0,3,True
2025-2025040820gm-00a9-0000-57062ba3-08-s0-d7,27,B,3,47,"[45900,3600,15000,35500]",1,10.0,1,3,0,0,3,True
2025-2025040820gm-00a9-0000-57062ba3-08-s0-d7,28,A,1,65,"[54700,3300,6500,35500]",1,10.0,1,3,0,0,2,True
2025-2025040820gm-00a9-0000-57062ba3-08-s0-d7,28,B,3,47,"[50500,8800,18000,22700]",1,10.0,1,3,0,0,4,True
2025-2025040820gm-00a9-0000-57062ba3-08-s0-d7,29,A,1,65,"[44700,9900,13500,31900]",1,10.0,1,3,1,0,2,True
2025-2025040820gm-00a9-0000-57062ba3-08-s0-d7,29,B,3,47,"[46500,2000,18200,33300]",1,10.0,1,3,1,0,5,True
2025-2025040820gm-00a9-0000-57062ba3-08-s0-d7,30,A,1,65,"[44300,4600,23300,27800]",1,10.0,1,3,0,0,4,True
2025-2025040820gm-00a9-0000-57062ba3-08-s0-d7,30,B,3,47,"[47200,300,22900,29600]",1,10.0,1,3,0,0,4,True
2025-2025040820gm-00a9-0000-57062ba3-08-s0-d7,31,A,1,65,"[51800,6400,10400,31400]",1,10.0,1,3,0,0,2,True
2025-2025040820gm-00a9-0000-57062ba3-08-s0-d7,31,B,3,47,"[32600,8800,24600,34000]",2,4.0,1,3,2,0,3,True
2025-2025040820gm-00a9-0000-57062ba3-08-s0-d7,32,A,1,65,"[45900,7900,14500,31700]",1,10.0,1,3,0,0,2,True
2025-2025040820gm-00a9-0000-57062ba3-08-s0-d7,32,B,3,47,"[45900,7900,14500,31700]",1,10.0,1,3,0,0,2,True
2025-2025040820gm-00a9-0000-57062ba3-08-s0-d7,33,A,1,65,"[43700,15700,7100,33500]",1,10.0,1,3,0,0,2,True
2025-2025040820gm-00a9-0000-57062ba3-08-s0-d7,33,B,3,47,"[49900,14700,7100,28300]",1,10.0,1,3,0,0,2,True
2025-2025040820gm-00a9-0000-57062ba3-08-s0-d7,34,A,1,65,"[50600,7100,11700,30600]",1,10.0,1,3,0,0,2,True
2025-2025040820gm-00a9-0000-57062ba3-08-s0-d7,34,B,3,47,"[42200,10800,13500,33500]",1,10.0,1,3,0,0,2,True
2025-2025040820gm-00a9-0000-57062ba3-08-s0-d7,35,A,1,65,"[47300,6700,13500,32500]",1,10.0,1,3,0,0,2,True
2025-2025040820gm-00a9-0000-57062ba3-08-s0-d7,35,B,3,47,"[48500,6500,14500,30500]",1,10.0,1,3,1,0,4,True
2025-2025040820gm-00a9-0000-57062ba3-08-s0-d7,36,A,1,65,"[43700,-4300,11500,49100]",2,4.0,1,3,0,0,2,True
2025-2025040820gm-00a9-0000-57062ba3-08-s0-d7,36,B,3,47,"[43200,10800,8500,37500]",1,10.0,1,3,0,0,3,True
2025-2025040820gm-00a9-0000-57062ba3-08-s0-d7,37,A,1,65,"[54900,6300,-400,39200]",1,10.0,1,3,1,0,3,True
2025-2025040820gm-00a9-0000-57062ba3-08-s0-d7,37,B,3,47,"[43100,13600,11900,31400]",1,10.0,1,3,1,0,2,True
2025-2025040820gm-00a9-0000-57062ba3-08-s0-d7,38,A,1,65,"[46700,12200,7600,33500]",1,10.0,1,3,0,0,2,True
2025-2025040820gm-00a9-0000-57062ba3-08-s0-d7,38,B,3,47,"[42600,11600,11400,34400]",1,10.0,1,3,1,0,2,True
2025-2025040820gm-00a9-0000-57062ba3-08-s0-d7,39,A,1,65,"[45700,-5000,14500,44800]",1,10.0,1,3,0,0,3,True
2025-2025040820gm-00a9-0000-57062ba3-08-s0-d7,39,B,3,47,"[42200,11800,14000,31000]",1,10.0,1,3,1,1,2,True
2025-2025040820gm-00a9-0000-57062ba3-08-s0-d7,40,A,1,65,"[49900,3100,13500,33500]",1,10.0,1,3,0,0,2,True
2025-2025040820gm-00a9-0000-57062ba3-08-s0-d7,40,B,3,47,"[43400,14500,12200,29900]",1,10.0,1,3,0,0,2,True
2025-2025040820gm-00a9-0000-57062ba3-08-s0-d7,41,A,1,65,"[38600,9800,33800,17800]",1,10.0,1,3,0,0,4,True
2025-2025040820gm-00a9-0000-57062ba3-08-s0-d7,41,B,3,47,"[41500,12500,20700,25300]",1,10.0,1,3,1,0,5,True
2025-2025040820gm-00a9-0000-57062ba3-08-s0-d7,42,A,1,65,"[50200,5800,13000,31000]",1,10.0,1,3,0,0,2,True
2025-2025040820gm-00a9-0000-57062ba3-08-s0-d7,42,B,3,47,"[47700,16300,12500,23500]",1,10.0,1,3,0,0,2,True
2025-2025040820gm-00a9-0000-57062ba3-08-s0-d7,43,A,1,65,"[51900,-900,15500,33500]",1,10.0,1,3,0,0,2,True
2025-2025040820gm-00a9-0000-57062ba3-08-s0-d7,43,B,3,47,"[50900,5200,13500,30400]",1,10.0,1,3,0,0,3,True
2025-2025040820gm-00a9-0000-57062ba3-08-s0-d7,44,A,1,65,"[51000,7300,10200,31500]",1,10.0,1,3,1,0,2,True
2025-2025040820gm-00a9-0000-57062ba3-08-s0-d7,44,B,3,47,"[45900,7900,14500,31700]",1,10.0,1,3,0,0,2,True
2025-2025040820gm-00a9-0000-57062ba3-08-s0-d7,45,A,1,65,"[56600,6300,7600,29500]",1,10.0,1,3,0,0,2,True
2025-2025040820gm-00a9-0000-57062ba3-08-s0-d7,45,B,3,47,"[43700,9300,11600,35400]",1,10.0,1,3,0,0,3,True
2025-2025040820gm-00a9-0000-57062ba3-08-s0-d7,46,A,1,65,"[40800,9000,16700,33500]",1,10.0,1,3,0,0,2,True
2025-2025040820gm-00a9-0000-57062ba3-08-s0-d7,46,B,3,47,"[44700,9300,17700,28300]",1,10.0,1,3,0,0,2,True
2025-2025040820gm-00a9-0000-57062ba3-08-s0-d7,47,A,1,65,"[52000,7200,12400,28400]",1,10.0,1,3,0,0,3,True
2025-2025040820gm-00a9-0000-57062ba3-08-s0-d7,47,B,3,47,"[53200,3400,14800,28600]",1,10.0,1,3,0,0,3,True
2025-2025040820gm-00a9-0000-57062ba3-08-s0-d7,48,A,1,65,"[45700,9300,13800,31200]",1,10.0,1,3,1,0,2,True
2025-2025040820gm-00a9-0000-57062ba3-08-s0-d7,48,B,3,47,"[44900,9800,13300,32000]",1,10.0,1,3,1,0,2,True
2025-2025040820gm-00a9-0000-57062ba3-08-s0-d7,49,A,1,65,"[43300,17300,19200,20200]",1,10.0,1,3,0,0,3,True
2025-2025040820gm-00a9-0000-57062ba3-08-s0-d7,49,B,3,47,"[43300,17300,19200,20200]",1,10.0,1,3,0,0,3,True
2025-2025040820gm-00a9-0000-57062ba3-08-s0-d7,50,A,1,65,"[54100,6700,7300,31900]",1,10.0,1,3,0,0,2,True
2025-2025040820gm-00a9-0000-57062ba3-08-s0-d7,50,B,3,47,"[51900,4100,11500,32500]",1,10.0,1,3,0,0,2,True
2025-2025040820gm-00a9-0000-57062ba3-08-s0-d7,51,A,1,65,"[49100,9800,12000,29100]",1,10.0,1,3,1,0,2,True
2025-2025040820gm-00a9-0000-57062ba3-08-s0-d7,51,B,3,47,"[42700,10300,11500,34500]",1,10.0,1,3,1,1,2,True
2025-2025040820gm-00a9-0000-57062ba3-08-s0-d7,52,A,1,65,"[34900,11900,8900,44300]",2,4.0,1,3,0,0,3,True
2025-2025040820gm-00a9-0000-57062ba3-08-s0-d7,52,B,3,47,"[47900,-6900,25500,33500]",1,10.0,1,2,0,0,1,True
2025-2025040820gm-00a9-0000-57062ba3-08-s0-d7,53,A,1,65,"[44200,9300,13500,33000]",1,10.0,1,3,0,0,2,True
2025-2025040820gm-00a9-0000-57062ba3-08-s0-d7,53,B,3,47,"[50600,7600,9600,32200]",1,10.0,1,3,0,0,2,True
2025-2025040820gm-00a9-0000-57062ba3-08-s0-d7,54,A,1,65,"[43200,10600,10200,36000]",1,10.0,1,3,1,0,3,True
2025-2025040820gm-00a9-0000-57062ba3-08-s0-d7,54,B,3,47,"[43200,10600,10200,36000]",1,10.0,1,3,1,0,3,True
2025-2025040820gm-00a9-0000-57062ba3-08-s0-d7,55,A,1,65,"[39500,-900,23300,38100]",1,10.0,1,2,2,0,3,True
2025-2025040820gm-00a9-0000-57062ba3-08-s0-d7,55,B,3,47,"[33100,4300,30400,31200]",1,10.0,1,3,0,1,4,True
2025-2025040820gm-00a9-0000-57062ba3-08-s0-d7,56,A,1,65,"[44700,-3700,26500,32500]",1,10.0,1,2,0,0,1,True
2025-2025040820gm-00a9-0000-57062ba3-08-s0-d7,56,B,3,47,"[31700,6300,33300,28700]",2,4.0,1,3,2,0,3,True
2025-2025040820gm-00a9-0000-57062ba3-08-s0-d7,57,A,1,65,"[51900,6500,11200,30400]",1,10.0,1,3,0,0,2,True
2025-2025040820gm-00a9-0000-57062ba3-08-s0-d7,57,B,3,47,"[46700,7800,13800,31700]",1,10.0,1,3,0,0,2,True
2025-2025040820gm-00a9-0000-57062ba3-08-s0-d7,58,A,1,65,"[47100,11000,11300,30600]",1,10.0,1,3,0,0,3,True
2025-2025040820gm-00a9-0000-57062ba3-08-s0-d7,58,B,3,47,"[47100,11000,11300,30600]",1,10.0,1,3,0,0,3,True
2025-2025040820gm-00a9-0000-57062ba3-08-s0-d7,59,A,1,65,"[47900,5400,11600,35100]",1,10.0,1,3,1,0,3,True
2025-2025040820gm-00a9-0000-57062ba3-08-s0-d7,59,B,3,47,"[47900,5400,11600,35100]",1,10.0,1,3,1,0,3,True
2025-2025040820gm-00a9-0000-57062ba3-08-s0-d7,60,A,1,65,"[41700,7300,23500,27500]",1,10.0,1,3,0,0,2,True
2025-2025040820gm-00a9-0000-57062ba3-08-s0-d7,60,B,3,47,"[46600,11300,12200,29900]",1,10.0,1,3,0,0,2,True
2025-2025040820gm-00a9-0000-57062ba3-08-s0-d7,61,A,1,65,"[40300,11300,9800,38600]",1,10.0,1,3,1,0,3,True
2025-2025040820gm-00a9-0000-57062ba3-08-s0-d7,61,B,3,47,"[46900,-100,16700,36500]",1,10.0,1,3,1,0,3,True
2025-2025040820gm-00a9-0000-57062ba3-08-s0-d7,62,A,1,65,"[44100,18100,9900,27900]",1,10.0,1,3,1,0,2,True
2025-2025040820gm-00a9-0000-57062ba3-08-s0-d7,62,B,3,47,"[50700,14300,7500,27500]",1,10.0,1,3,0,0,2,True
2025-2025040820gm-00a9-0000-57062ba3-08-s0-d7,63,A,1,65,"[43700,11300,13500,31500]",1,10.0,1,3,0,0,2,True
2025-2025040820gm-00a9-0000-57062ba3-08-s0-d7,63,B,3,47,"[39000,-2000,37500,25500]",1,10.0,1,2,1,0,2,True
2025-2025040820gm-00a9-0000-57062ba3-08-s0-d7,64,A,1,65,"[42700,4300,7500,45500]",2,4.0,1,3,0,0,2,True
2025-2025040820gm-00a9-0000-57062ba3-08-s0-d7,64,B,3,47,"[42400,-500,18000,40100]",1,10.0,1,3,1,0,4,True
2025-2025040820gm-00a9-0000-57062ba3-08-s0-d7,65,A,1,65,"[51800,8300,6400,33500]",1,10.0,1,3,0,0,2,True
2025-2025040820gm-00a9-0000-57062ba3-08-s0-d7,65,B,3,47,"[44000,20000,17500,18500]",1,10.0,1,3,0,0,4,True
2025-2025040820gm-00a9-0000-57062ba3-08-s0-d7,66,A,1,65,"[45100,7900,13500,33500]",1,10.0,1,3,0,0,2,True
2025-2025040820gm-00a9-0000-57062ba3-08-s0-d7,66,B,3,47,"[54700,5300,8500,30500]",1,10.0,1,3,0,1,2,True
2025-2025040820gm-00a9-0000-57062ba3-08-s0-d7,67,A,1,65,"[46300,7900,13000,32800]",1,10.0,1,3,0,0,2,True
2025-2025040820gm-00a9-0000-57062ba3-08-s0-d7,67,B,3,47,"[44400,8400,14000,33200]",1,10.0,1,3,0,0,2,True
2025-2025040820gm-00a9-0000-57062ba3-08-s0-d7,68,A,1,65,"[50000,7300,12500,30200]",1,10.0,1,3,1,0,2,True
2025-2025040820gm-00a9-0000-57062ba3-08-s0-d7,68,B,3,47,"[52500,4800,13200,29500]",1,10.0,1,3,1,0,5,True
2025-2025040820gm-00a9-0000-57062ba3-08-s0-d7,69,A,1,65,"[57700,-3700,13500,32500]",1,10.0,1,2,0,0,1,True
2025-2025040820gm-00a9-0000-57062ba3-08-s0-d7,69,B,3,47,"[56200,11300,12500,20000]",1,10.0,1,3,0,0,2,True
2025-2025040820gm-00a9-0000-57062ba3-08-s0-d7,70,A,1,65,"[45700,10300,10500,33500]",1,10.0,1,3,0,0,2,True
2025-2025040820gm-00a9-0000-57062ba3-08-s0-d7,70,B,3,47,"[44700,9300,13500,32500]",1,10.0,1,3,0,0,2,True
2025-2025040820gm-00a9-0000-57062ba3-08-s0-d7,71,A,1,65,"[45700,10300,11500,32500]",1,10.0,1,3,0,0,2,True
2025-2025040820gm-00a9-0000-57062ba3-08-s0-d7,71,B,3,47,"[54700,-1700,13500,33500]",1,10.0,1,3,0,0,2,True
2025-2025040820gm-00a9-0000-57062ba3-08-s0-d7,72,A,1,65,"[33700,17300,16500,32500]",1,10.0,1,3,0,0,3,True
2025-2025040820gm-00a9-0000-57062ba3-08-s0-d7,72,B,3,47,"[35200,17800,17000,30000]",1,10.0,1,3,0,0,3,True
2025-2025040820gm-00a9-0000-57062ba3-08-s0-d7,73,A,1,65,"[41100,22100,7900,28900]",1,10.0,1,3,0,0,3,True
2025-2025040820gm-00a9-0000-57062ba3-08-s0-d7,73,B,3,47,"[40100,22600,8900,28400]",1,10.0,1,3,0,0,3,True
2025-2025040820gm-00a9-0000-57062ba3-08-s0-d7,74,A,1,65,"[48600,-6000,13500,43900]",1,10.0,1,3,1,0,3,True
2025-2025040820gm-00a9-0000-57062ba3-08-s0-d7,74,B,3,47,"[46000,9000,11500,33500]",1,10.0,1,3,0,0,2,True
2025-2025040820gm-00a9-0000-57062ba3-08-s0-d7,75,A,1,65,"[53100,-100,13500,33500]",1,10.0,1,3,0,0,2,True
2025-2025040820gm-00a9-0000-57062ba3-08-s0-d7,75,B,3,47,"[54100,7900,7500,30500]",1,10.0,1,3,0,0,2,True
2025-2025040820gm-00a9-0000-57062ba3-08-s0-d7,76,A,1,65,"[36700,5700,16100,41500]",2,4.0,1,3,0,0,2,True
2025-2025040820gm-00a9-0000-57062ba3-08-s0-d7,76,B,3,47,"[46200,3600,12000,37200]",1,10.0,1,3,0,1,2,True
2025-2025040820gm-00a9-0000-57062ba3-08-s0-d7,77,A,1,65,"[54700,6300,13500,25500]",1,10.0,1,3,1,0,3,True
2025-2025040820gm-00a9-0000-57062ba3-08-s0-d7,77,B,3,47,"[42300,16800,11100,29800]",1,10.0,1,3,1,0,2,True
2025-2025040820gm-00a9-0000-57062ba3-08-s0-d7,78,A,1,65,"[51100,12200,9600,27100]",1,10.0,1,3,0,0,2,True
2025-2025040820gm-00a9-0000-57062ba3-08-s0-d7,78,B,3,47,"[44700,15400,10300,29600]",1,10.0,1,3,0,0,2,True
2025-2025040820gm-00a9-0000-57062ba3-08-s0-d7,79,A,1,65,"[48000,7400,4600,40000]",1,10.0,1,3,2,0,3,True
2025-2025040820gm-00a9-0000-57062ba3-08-s0-d7,79,B,3,47,"[43300,12700,12100,31900]",1,10.0,1,3,1,0,2,True
2025-2025040820gm-00a9-0000-57062ba3-08-s0-d7,80,A,1,65,"[44200,8700,14100,33000]",1,10.0,1,3,0,0,2,True
2025-2025040820gm-00a9-0000-57062ba3-08-s0-d7,80,B,3,47,"[46700,9300,12500,31500]",1,10.0,1,3,0,0,2,True
2025-2025040820gm-00a9-0000-57062ba3-08-s0-d7,81,A,1,65,"[43300,17400,10400,28900]",1,10.0,1,3,1,0,3,True
2025-2025040820gm-00a9-0000-57062ba3-08-s0-d7,81,B,3,47,"[45900,13100,11500,29500]",1,10.0,1,3,0,0,2,True
2025-2025040820gm-00a9-0000-57062ba3-08-s0-d7,82,A,1,65,"[49800,2700,20500,27000]",1,10.0,1,3,2,0,3,True
2025-2025040820gm-00a9-0000-57062ba3-08-s0-d7,82,B,3,47,"[49800,2700,20500,27000]",1,10.0,1,3,2,0,3,True
2025-2025040820gm-00a9-0000-57062ba3-08-s0-d7,83,A,1,65,"[52700,-3600,18400,32500]",1,10.0,1,2,0,0,1,True
2025-2025040820gm-00a9-0000-57062ba3-08-s0-d7,83,B,3,47,"[45800,10800,15700,26700]",1,10.0,1,3,1,1,5,True
2025-2025040820gm-00a9-0000-57062ba3-08-s0-d7,84,A,1,65,"[44400,5500,16900,33200]",1,10.0,1,3,0,0,2,True
2025-2025040820gm-00a9-0000-57062ba3-08-s0-d7,84,B,3,47,"[42700,13500,10300,33500]",1,10.0,1,3,0,0,2,True
2025-2025040820gm-00a9-0000-57062ba3-08-s0-d7,85,A,1,65,"[47000,16100,500,36400]",1,10.0,1,3,1,0,3,True
2025-2025040820gm-00a9-0000-57062ba3-08-s0-d7,85,B,3,47,"[48900,18400,-3700,36400]",1,10.0,1,3,1,0,3,True
2025-2025040820gm-00a9-0000-57062ba3-08-s0-d7,86,A,1,65,"[43400,13200,10900,32500]",1,10.0,1,3,0,0,2,True
2025-2025040820gm-00a9-0000-57062ba3-08-s0-d7,86,B,3,47,"[37800,10200,7500,44500]",2,4.0,1,3,0,0,2,True
2025-2025040820gm-00a9-0000-57062ba3-08-s0-d7,87,A,1,65,"[51800,6800,12400,29000]",1,10.0,1,3,0,0,4,True
2025-2025040820gm-00a9-0000-57062ba3-08-s0-d7,87,B,3,47,"[41600,19500,10400,28500]",1,10.0,1,3,1,0,2,True
2025-2025040820gm-00a9-0000-57062ba3-08-s0-d7,88,A,1,65,"[49700,6300,11500,32500]",1,10.0,1,3,0,0,2,True
2025-2025040820gm-00a9-0000-57062ba3-08-s0-d7,88,B,3,47,"[43000,6500,18500,32000]",1,10.0,1,3,1,0,3,True
2025-2025040820gm-00a9-0000-57062ba3-08-s0-d7,89,A,1,65,"[46500,7500,13500,32500]",1,10.0,1,3,0,0,4,True
2025-2025040820gm-00a9-0000-57062ba3-08-s0-d7,89,B,3,47,"[45500,12400,11300,30800]",1,10.0,1,3,2,0,3,True
2025-2025040820gm-00a9-0000-57062ba3-08-s0-d7,90,A,1,65,"[39700,7800,16800,32700]",1,10.0,1,3,2,3,5,True
2025-2025040820gm-00a9-0000-57062ba3-08-s0-d7,90,B,3,47,"[33500,9800,15000,41700]",2,4.0,1,3,0,0,3,True
2025-2025040820gm-00a9-0000-57062ba3-08-s0-d7,91,A,1,65,"[25000,-2800,34200,43600]",3,-4.0,1,3,3,0,4,True
2025-2025040820gm-00a9-0000-57062ba3-08-s0-d7,91,B,3,47,"[44700,9500,13500,32300]",1,10.0,1,3,0,0,2,True
2025-2025040820gm-00a9-0000-57062ba3-08-s0-d7,92,A,1,65,"[46700,9300,12500,31500]",1,10.0,1,3,0,0,2,True
2025-2025040820gm-00a9-0000-57062ba3-08-s0-d7,92,B,3,47,"[44100,9100,14100,32700]",1,10.0,1,3,0,0,2,True
2025-2025040820gm-00a9-0000-57062ba3-08-s0-d7,93,A,1,65,"[47000,7700,7000,38300]",1,10.0,1,3,2,0,3,True
2025-2025040820gm-00a9-0000-57062ba3-08-s0-d7,93,B,3,47,"[42600,10200,11400,35800]",1,10.0,1,3,2,0,3,True
2025-2025040820gm-00a9-0000-57062ba3-08-s0-d7,94,A,1,65,"[46700,12200,11500,29600]",1,10.0,1,3,0,0,2,True
2025-2025040820gm-00a9-0000-57062ba3-08-s0-d7,94,B,3,47,"[44700,17000,12500,25800]",1,10.0,1,3,0,0,2,True
2025-2025040820gm-00a9-0000-57062ba3-08-s0-d7,95,A,1,65,"[42700,6300,21500,29500]",1,10.0,1,3,0,0,2,True
2025-2025040820gm-00a9-0000-57062ba3-08-s0-d7,95,B,3,47,"[40700,4300,17500,37500]",1,10.0,1,3,0,0,2,True
2025-2025040820gm-00a9-0000-57062ba3-08-s0-d7,96,A,1,65,"[50100,3900,14000,32000]",1,10.0,1,3,0,0,3,True
2025-2025040820gm-00a9-0000-57062ba3-08-s0-d7,96,B,3,47,"[48100,9800,14000,28100]",1,10.0,1,3,0,0,3,True
2025-2025040820gm-00a9-0000-57062ba3-08-s0-d7,97,A,1,65,"[42200,2800,8000,47000]",2,4.0,1,3,1,0,2,True
2025-2025040820gm-00a9-0000-57062ba3-08-s0-d7,97,B,3,47,"[42200,2800,8000,47000]",2,4.0,1,3,1,0,2,True
2025-2025040820gm-00a9-0000-57062ba3-08-s0-d7,98,A,1,65,"[44100,4700,20200,31000]",1,10.0,1,3,1,0,2,True
2025-2025040820gm-00a9-0000-57062ba3-08-s0-d7,98,B,3,47,"[43100,7300,17100,32500]",1,10.0,1,3,2,0,3,True
2025-2025040820gm-00a9-0000-57062ba3-08-s0-d7,99,A,1,65,"[49200,4000,14000,32800]",1,10.0,1,3,2,0,3,True
2025-2025040820gm-00a9-0000-57062ba3-08-s0-d7,99,B,3,47,"[49200,3600,23000,24200]",1,10.0,1,3,0,0,3,True
2025-2025040820gm-00a9-0000-57062ba3-08-s0-d7,100,A,1,65,"[39200,8300,19000,33500]",1,10.0,1,3,1,0,2,True
2025-2025040820gm-00a9-0000-57062ba3-08-s0-d7,100,B,3,47,"[44000,13600,9800,32600]",1,10.0,1,3,2,0,3,True
2025-2025040820gm-00a9-0000-57062ba3-08-s0-d7,101,A,1,65,"[49400,3600,15000,32000]",1,10.0,1,3,0,0,2,True
2025-2025040820gm-00a9-0000-57062ba3-08-s0-d7,101,B,3,47,"[47900,3100,15500,33500]",1,10.0,1,3,0,0,2,True
2025-2025040820gm-00a9-0000-57062ba3-08-s0-d7,102,A,1,65,"[47200,10600,10300,31900]",1,10.0,1,3,0,0,2,True
2025-2025040820gm-00a9-0000-57062ba3-08-s0-d7,102,B,3,47,"[51100,4700,12300,31900]",1,10.0,1,3,0,0,2,True
2025-2025040820gm-00a9-0000-57062ba3-08-s0-d7,103,A,1,65,"[48600,4400,14500,32500]",1,10.0,1,3,0,0,2,True
2025-2025040820gm-00a9-0000-57062ba3-08-s0-d7,103,B,3,47,"[47200,7300,12500,33000]",1,10.0,1,3,0,0,2,True
2025-2025040820gm-00a9-0000-57062ba3-08-s0-d7,104,A,1,65,"[50300,8300,11500,29900]",1,10.0,1,3,0,0,2,True
2025-2025040820gm-00a9-0000-57062ba3-08-s0-d7,104,B,3,47,"[45500,9800,9700,35000]",1,10.0,1,3,1,0,2,True
2025-2025040820gm-00a9-0000-57062ba3-08-s0-d7,105,A,1,65,"[51800,1200,13500,33500]",1,10.0,1,3,0,0,2,True
2025-2025040820gm-00a9-0000-57062ba3-08-s0-d7,105,B,3,47,"[37700,1600,14500,46200]",2,4.0,1,3,0,0,3,True
2025-2025040820gm-00a9-0000-57062ba3-08-s0-d7,106,A,1,65,"[43700,20800,9500,26000]",1,10.0,1,3,0,0,2,True
2025-2025040820gm-00a9-0000-57062ba3-08-s0-d7,106,B,3,47,"[44400,9300,12800,33500]",1,10.0,1,3,1,0,2,True
2025-2025040820gm-00a9-0000-57062ba3-08-s0-d7,107,A,1,65,"[44800,1800,13900,39500]",1,10.0,1,3,0,0,3,True
2025-2025040820gm-00a9-0000-57062ba3-08-s0-d7,107,B,3,47,"[43800,8400,11300,36500]",1,10.0,1,3,0,0,3,True
2025-2025040820gm-00a9-0000-57062ba3-08-s0-d7,108,A,1,65,"[51100,7700,9300,31900]",1,10.0,1,3,0,0,2,True
2025-2025040820gm-00a9-0000-57062ba3-08-s0-d7,108,B,3,47,"[39100,6700,22300,31900]",1,10.0,1,3,0,0,2,True
2025-2025040820gm-00a9-0000-57062ba3-08-s0-d7,109,A,1,65,"[45700,6300,14500,33500]",1,10.0,1,3,0,0,2,True
2025-2025040820gm-00a9-0000-57062ba3-08-s0-d7,109,B,3,47,"[52000,5200,14400,28400]",1,10.0,1,3,0,0,3,True
2025-2025040820gm-00a9-0000-57062ba3-08-s0-d7,110,A,1,65,"[45600,15800,14500,24100]",1,10.0,1,3,1,0,3,True
2025-2025040820gm-00a9-0000-57062ba3-08-s0-d7,110,B,3,47,"[52400,7300,19000,21300]",1,10.0,1,3,1,0,5,True
2025-2025040820gm-00a9-0000-57062ba3-08-s0-d7,111,A,1,65,"[43400,7000,19900,29700]",1,10.0,1,3,2,0,3,True
2025-2025040820gm-00a9-0000-57062ba3-08-s0-d7,111,B,3,47,"[44600,16600,10400,28400]",1,10.0,1,3,1,0,2,True
2025-2025040820gm-00a9-0000-57062ba3-08-s0-d7,112,A,1,65,"[41700,22300,10500,25500]",1,10.0,1,3,0,0,2,True
2025-2025040820gm-00a9-0000-57062ba3-08-s0-d7,112,B,3,47,"[57000,-5400,12200,36200]",1,10.0,1,3,0,0,2,True
2025-2025040820gm-00a9-0000-57062ba3-08-s0-d7,113,A,1,65,"[48200,6800,13500,31500]",1,10.0,1,3,0,0,2,True
2025-2025040820gm-00a9-0000-57062ba3-08-s0-d7,113,B,3,47,"[42400,8000,15000,34600]",1,10.0,1,3,0,0,2,True
2025-2025040820gm-00a9-0000-57062ba3-08-s0-d7,114,A,1,65,"[45700,6000,15800,32500]",1,10.0,1,3,0,0,3,True
2025-2025040820gm-00a9-0000-57062ba3-08-s0-d7,114,B,3,47,"[43400,6000,18100,32500]",1,10.0,1,3,0,0,3,True
2025-2025040820gm-00a9-0000-57062ba3-08-s0-d7,115,A,1,65,"[26200,18800,14000,41000]",2,4.0,1,3,0,0,3,True
2025-2025040820gm-00a9-0000-57062ba3-08-s0-d7,115,B,3,47,"[26200,18800,14000,41000]",2,4.0,1,3,0,0,3,True
2025-2025040820gm-00a9-0000-57062ba3-08-s0-d7,116,A,1,65,"[46700,7800,20200,25300]",1,10.0,1,3,0,0,2,True
2025-2025040820gm-00a9-0000-57062ba3-08-s0-d7,116,B,3,47,"[36700,8300,21500,33500]",1,10.0,1,3,1,0,2,True
2025-2025040820gm-00a9-0000-57062ba3-08-s0-d7,117,A,1,65,"[39500,13500,14800,32200]",1,10.0,1,3,0,0,2,True
2025-2025040820gm-00a9-0000-57062ba3-08-s0-d7,117,B,3,47,"[39500,13500,14800,32200]",1,10.0,1,3,0,0,2,True
2025-2025040820gm-00a9-0000-57062ba3-08-s0-d7,118,A,1,65,"[44400,9400,1000,45200]",2,4.0,1,3,0,0,2,True
2025-2025040820gm-00a9-0000-57062ba3-08-s0-d7,118,B,3,47,"[43100,6700,24300,25900]",1,10.0,1,3,1,0,2,True
2025-2025040820gm-00a9-0000-57062ba3-08-s0-d7,119,A,1,65,"[46700,16900,10600,25800]",1,10.0,1,3,0,0,4,True
2025-2025040820gm-00a9-0000-57062ba3-08-s0-d7,119,B,3,47,"[42300,7300,22300,28100]",1,10.0,1,3,1,0,3,True
2025-2025040820gm-00a9-0000-57062ba3-08-s0-d7,120,A,1,65,"[37000,14700,13500,34800]",1,10.0,1,3,0,0,2,True
2025-2025040820gm-00a9-0000-57062ba3-08-s0-d7,120,B,3,47,"[36300,16700,13500,33500]",1,10.0,1,3,0,0,2,True
2025-2025040820gm-00a9-0000-57062ba3-08-s0-d7,121,A,1,65,"[39300,12200,10600,37900]",1,10.0,1,3,2,0,4,True
2025-2025040820gm-00a9-0000-57062ba3-08-s0-d7,121,B,3,47,"[43000,19400,11800,25800]",1,10.0,1,3,0,0,4,True
2025-2025040820gm-00a9-0000-57062ba3-08-s0-d7,122,A,1,65,"[37700,4200,13300,44800]",2,4.0,1,3,0,0,3,True
2025-2025040820gm-00a9-0000-57062ba3-08-s0-d7,122,B,3,47,"[41100,700,12400,45800]",2,4.0,1,3,0,0,3,True
2025-2025040820gm-00a9-0000-57062ba3-08-s0-d7,123,A,1,65,"[42100,5700,7900,44300]",2,4.0,1,3,1,0,2,True
2025-2025040820gm-00a9-0000-57062ba3-08-s0-d7,123,B,3,47,"[37900,17300,6300,38500]",2,4.0,1,3,2,0,5,True
2025-2025040820gm-00a9-0000-57062ba3-08-s0-d7,124,A,1,65,"[42700,3800,8500,45000]",2,4.0,1,3,0,0,2,True
2025-2025040820gm-00a9-0000-57062ba3-08-s0-d7,124,B,3,47,"[55400,600,4200,39800]",1,10.0,1,3,1,0,3,True
2025-2025040820gm-00a9-0000-57062ba3-08-s0-d7,125,A,1,65,"[51100,4100,12900,31900]",1,10.0,1,3,0,0,2,True
2025-2025040820gm-00a9-0000-57062ba3-08-s0-d7,125,B,3,47,"[54400,9300,13500,22800]",1,10.0,1,3,0,0,3,True
2025-2025040820gm-00a9-0000-57062ba3-08-s0-d7,126,A,1,65,"[46900,9300,13500,30300]",1,10.0,1,3,0,0,2,True
2025-2025040820gm-00a9-0000-57062ba3-08-s0-d7,126,B,3,47,"[49900,8000,12200,29900]",1,10.0,1,3,0,0,2,True
2025-2025040820gm-00a9-0000-57062ba3-08-s0-d7,127,A,1,65,"[36300,17800,12800,33100]",1,10.0,1,3,0,0,2,True
2025-2025040820gm-00a9-0000-57062ba3-08-s0-d7,127,B,3,47,"[42300,17800,10800,29100]",1,10.0,1,3,0,0,2,True
2025-2025040820gm-00a9-0000-57062ba3-08-s0-d7,128,A,1,65,"[60400,8300,-2200,33500]",1,10.0,1,3,0,0,2,True
2025-2025040820gm-00a9-0000-57062ba3-08-s0-d7,128,B,3,47,"[39900,16300,10300,33500]",1,10.0,1,3,0,0,2,True
2025-2025040820gm-00a9-0000-57062ba3-08-s0-d7,129,A,1,65,"[47500,9800,10700,32000]",1,10.0,1,3,1,0,2,True
2025-2025040820gm-00a9-0000-57062ba3-08-s0-d7,129,B,3,47,"[46000,8300,12200,33500]",1,10.0,1,3,1,0,2,True
2025-2025040820gm-00a9-0000-57062ba3-08-s0-d7,130,A,1,65,"[44400,8400,14000,33200]",1,10.0,1,3,0,0,2,True
2025-2025040820gm-00a9-0000-57062ba3-08-s0-d7,130,B,3,47,"[41700,11300,10300,36700]",1,10.0,1,3,0,0,3,True
2025-2025040820gm-00a9-0000-57062ba3-08-s0-d7,131,A,1,65,"[55600,10200,4600,29600]",1,10.0,1,3,0,0,2,True
2025-2025040820gm-00a9-0000-57062ba3-08-s0-d7,131,B,3,47,"[42200,14000,17000,26800]",1,10.0,1,3,0,0,3,True
2025-2025040820gm-00a9-0000-57062ba3-08-s0-d7,132,A,1,65,"[46900,7100,12500,32500]",1,10.0,1,3,0,1,2,True
2025-2025040820gm-00a9-0000-57062ba3-08-s0-d7,132,B,3,47,"[42700,14300,11500,31500]",1,10.0,1,3,1,0,2,True
2025-2025040820gm-00a9-0000-57062ba3-08-s0-d7,133,A,1,65,"[25300,15500,24800,34400]",2,4.0,1,3,1,0,4,True
2025-2025040820gm-00a9-0000-57062ba3-08-s0-d7,133,B,3,47,"[44700,-2600,12500,45400]",2,4.0,1,3,1,0,3,True
2025-2025040820gm-00a9-0000-57062ba3-08-s0-d7,134,A,1,65,"[40800,14200,11500,33500]",1,10.0,1,3,0,0,2,True
2025-2025040820gm-00a9-0000-57062ba3-08-s0-d7,134,B,3,47,"[43200,17800,12000,27000]",1,10.0,1,3,1,0,2,True
2025-2025040820gm-00a9-0000-57062ba3-08-s0-d7,135,A,1,65,"[43700,8400,15400,32500]",1,10.0,1,3,0,0,2,True
2025-2025040820gm-00a9-0000-57062ba3-08-s0-d7,135,B,3,47,"[41700,10900,12900,34500]",1,10.0,1,3,0,0,3,True
2025-2025040820gm-00a9-0000-57062ba3-08-s0-d7,136,A,1,65,"[47600,8600,12200,31600]",1,10.0,1,3,0,0,2,True
2025-2025040820gm-00a9-0000-57062ba3-08-s0-d7,136,B,3,47,"[42700,3800,22000,31500]",1,10.0,1,3,2,0,3,True
2025-2025040820gm-00a9-0000-57062ba3-08-s0-d7,137,A,1,65,"[46600,6300,9500,37600]",1,10.0,1,3,0,0,2,True
2025-2025040820gm-00a9-0000-57062ba3-08-s0-d7,137,B,3,47,"[49900,9300,10500,30300]",1,10.0,1,3,1,0,2,True
2025-2025040820gm-00a9-0000-57062ba3-08-s0-d7,138,A,1,65,"[44800,9000,13200,33000]",1,10.0,1,3,0,0,2,True
2025-2025040820gm-00a9-0000-57062ba3-08-s0-d7,138,B,3,47,"[44800,9000,13200,33000]",1,10.0,1,3,0,0,2,True
2025-2025040820gm-00a9-0000-57062ba3-08-s0-d7,139,A,1,65,"[43700,16800,12500,27000]",1,10.0,1,3,1,0,2,True
2025-2025040820gm-00a9-0000-57062ba3-08-s0-d7,139,B,3,47,"[41500,4100,27100,27300]",1,10.0,1,3,2,0,3,True
2025-2025040820gm-00a9-0000-57062ba3-08-s0-d7,140,A,1,65,"[44700,27300,-5500,33500]",1,10.0,1,3,0,0,2,True
2025-2025040820gm-00a9-0000-57062ba3-08-s0-d7,140,B,3,47,"[43300,10900,13900,31900]",1,10.0,1,3,1,0,2,True
2025-2025040820gm-00a9-0000-57062ba3-08-s0-d7,141,A,1,65,"[42700,7300,11500,38500]",1,10.0,1,3,0,0,2,True
2025-2025040820gm-00a9-0000-57062ba3-08-s0-d7,141,B,3,47,"[43000,9500,18000,29500]",1,10.0,1,3,0,0,2,True
2025-2025040820gm-00a9-0000-57062ba3-08-s0-d7,142,A,1,65,"[43400,11600,10500,34500]",1,10.0,1,3,1,0,2,True
2025-2025040820gm-00a9-0000-57062ba3-08-s0-d7,142,B,3,47,"[48400,9800,12000,28800]",1,10.0,1,3,0,1,2,True
2025-2025040820gm-00a9-0000-57062ba3-08-s0-d7,143,A,1,65,"[46200,12000,7800,34000]",1,10.0,1,3,1,0,2,True
2025-2025040820gm-00a9-0000-57062ba3-08-s0-d7,143,B,3,47,"[43500,-1300,11100,46700]",2,4.0,1,3,0,0,3,True
2025-2025040820gm-00a9-0000-57062ba3-08-s0-d7,144,A,1,65,"[45200,7800,14500,32500]",1,10.0,1,3,0,0,2,True
2025-2025040820gm-00a9-0000-57062ba3-08-s0-d7,144,B,3,47,"[46700,9800,11000,32500]",1,10.0,1,3,0,0,2,True
2025-2025040820gm-00a9-0000-57062ba3-08-s0-d7,145,A,1,65,"[36200,3800,0,60000]",2,4.0,1,3,0,0,3,True
2025-2025040820gm-00a9-0000-57062ba3-08-s0-d7,145,B,3,47,"[36200,6000,300,57500]",2,4.0,1,3,0,0,3,True
2025-2025040820gm-00a9-0000-57062ba3-08-s0-d7,146,A,1,65,"[46200,14000,12000,27800]",1,10.0,1,3,1,0,2,True
2025-2025040820gm-00a9-0000-57062ba3-08-s0-d7,146,B,3,47,"[41200,10800,15000,32000]",1,10.0,1,3,0,1,2,True
2025-2025040820gm-00a9-0000-57062ba3-08-s0-d7,147,A,1,65,"[52400,2600,13500,31500]",1,10.0,1,3,0,0,2,True
2025-2025040820gm-00a9-0000-57062ba3-08-s0-d7,147,B,3,47,"[57600,4400,5500,32500]",1,10.0,1,3,0,0,2,True
2025-2025040820gm-00a9-0000-57062ba3-08-s0-d7,148,A,1,65,"[50400,9800,7800,32000]",1,10.0,1,3,1,0,2,True
2025-2025040820gm-00a9-0000-57062ba3-08-s0-d7,148,B,3,47,"[51600,7300,9600,31500]",1,10.0,1,3,1,0,2,True
2025-2025040820gm-00a9-0000-57062ba3-08-s0-d7,149,A,1,65,"[43700,24300,500,31500]",1,10.0,1,3,0,0,2,True
2025-2025040820gm-00a9-0000-57062ba3-08-s0-d7,149,B,3,47,"[44700,18300,3500,33500]",1,10.0,1,3,0,0,2,True
2025-2025040820gm-00a9-0000-57062ba3-08-s0-d7,150,A,1,65,"[44200,8300,15500,32000]",1,10.0,1,3,0,0,2,True
2025-2025040820gm-00a9-0000-57062ba3-08-s0-d7,150,B,3,47,"[44200,8300,15500,32000]",1,10.0,1,3,0,0,2,True
2025-2025040820gm-00a9-0000-57062ba3-08-s0-d7,151,A,1,65,"[43900,7500,15000,33600]",1,10.0,1,3,0,0,2,True
2025-2025040820gm-00a9-0000-57062ba3-08-s0-d7,151,B,3,47,"[49900,-1400,13000,38500]",1,10.0,1,3,1,0,3,True
2025-2025040820gm-00a9-0000-57062ba3-08-s0-d7,152,A,1,65,"[31000,11200,26700,31100]",2,4.0,1,3,0,0,3,True
2025-2025040820gm-00a9-0000-57062ba3-08-s0-d7,152,B,3,47,"[31500,11700,28200,28600]",1,10.0,1,3,0,0,3,True
2025-2025040820gm-00a9-0000-57062ba3-08-s0-d7,153,A,1,65,"[47300,10500,19500,22700]",1,10.0,1,3,0,0,4,True
2025-2025040820gm-00a9-0000-57062ba3-08-s0-d7,153,B,3,47,"[42700,6400,20300,29600]",1,10.0,1,3,0,1,4,True
2025-2025040820gm-00a9-0000-57062ba3-08-s0-d7,154,A,1,65,"[48800,8800,11400,31000]",1,10.0,1,3,2,0,3,True
2025-2025040820gm-00a9-0000-57062ba3-08-s0-d7,154,B,3,47,"[55400,5500,11000,28100]",1,10.0,1,3,0,0,3,True
2025-2025040820gm-00a9-0000-57062ba3-08-s0-d7,155,A,1,65,"[46700,-3300,13500,43100]",1,10.0,1,3,0,0,2,True
2025-2025040820gm-00a9-0000-57062ba3-08-s0-d7,155,B,3,47,"[42600,6200,21700,29500]",1,10.0,1,3,1,0,2,True
2025-2025040820gm-00a9-0000-57062ba3-08-s0-d7,156,A,1,65,"[44500,11800,10100,33600]",1,10.0,1,3,1,0,3,True
2025-2025040820gm-00a9-0000-57062ba3-08-s0-d7,156,B,3,47,"[43900,10500,9900,35700]",1,10.0,1,3,0,0,2,True
2025-2025040820gm-00a9-0000-57062ba3-08-s0-d7,157,A,1,65,"[44700,19300,5500,30500]",1,10.0,1,3,0,0,2,True
2025-2025040820gm-00a9-0000-57062ba3-08-s0-d7,157,B,3,47,"[44300,17700,10500,27500]",1,10.0,1,3,0,0,2,True
2025-2025040820gm-00a9-0000-57062ba3-08-s0-d7,158,A,1,65,"[44200,22300,13000,20500]",1,10.0,1,3,0,0,2,True
2025-2025040820gm-00a9-0000-57062ba3-08-s0-d7,158,B,3,47,"[48000,8300,12500,31200]",1,10.0,1,3,0,0,3,True
2025-2025040820gm-00a9-0000-57062ba3-08-s0-d7,159,A,1,65,"[48000,12200,10400,29400]",1,10.0,1,3,0,0,3,True
2025-2025040820gm-00a9-0000-57062ba3-08-s0-d7,159,B,3,47,"[45700,9900,12100,32300]",1,10.0,1,3,0,0,2,True
2025-2025040820gm-00a9-0000-57062ba3-08-s0-d7,160,A,1,65,"[53100,900,13500,32500]",1,10.0,1,3,0,0,2,True
2025-2025040820gm-00a9-0000-57062ba3-08-s0-d7,160,B,3,47,"[47900,14500,10300,27300]",1,10.0,1,3,0,0,2,True
2025-2025040820gm-00a9-0000-57062ba3-08-s0-d7,161,A,1,65,"[47200,1500,13000,37300]",1,10.0,1,3,0,1,3,True
2025-2025040820gm-00a9-0000-57062ba3-08-s0-d7,161,B,3,47,"[42700,-2000,19500,39800]",1,10.0,1,2,1,0,2,True
2025-2025040820gm-00a9-0000-57062ba3-08-s0-d7,162,A,1,65,"[45700,17000,14500,22800]",1,10.0,1,3,0,0,2,True
2025-2025040820gm-00a9-0000-57062ba3-08-s0-d7,162,B,3,47,"[45700,17000,14500,22800]",1,10.0,1,3,0,0,2,True
2025-2025040820gm-00a9-0000-57062ba3-08-s0-d7,163,A,1,65,"[43700,8600,8200,39500]",1,10.0,1,3,1,0,3,True
2025-2025040820gm-00a9-0000-57062ba3-08-s0-d7,163,B,3,47,"[42700,10200,19800,27300]",1,10.0,1,3,1,0,3,True
2025-2025040820gm-00a9-0000-57062ba3-08-s0-d7,164,A,1,65,"[49900,8300,13200,28600]",1,10.0,1,3,0,0,2,True
2025-2025040820gm-00a9-0000-57062ba3-08-s0-d7,164,B,3,47,"[42100,5700,7900,44300]",2,4.0,1,3,1,0,2,True
2025-2025040820gm-00a9-0000-57062ba3-08-s0-d7,165,A,1,65,"[53700,10200,7600,28500]",1,10.0,1,3,0,0,2,True
2025-2025040820gm-00a9-0000-57062ba3-08-s0-d7,165,B,3,47,"[59100,-1300,10300,31900]",1,10.0,1,3,0,0,2,True
2025-2025040820gm-00a9-0000-57062ba3-08-s0-d7,166,A,1,65,"[50600,4400,11500,33500]",1,10.0,1,3,0,0,2,True
2025-2025040820gm-00a9-0000-57062ba3-08-s0-d7,166,B,3,47,"[44400,-3600,13000,46200]",2,4.0,1,3,0,0,2,True
2025-2025040820gm-00a9-0000-57062ba3-08-s0-d7,167,A,1,65,"[55600,600,10300,33500]",1,10.0,1,3,0,0,2,True
2025-2025040820gm-00a9-0000-57062ba3-08-s0-d7,167,B,3,47,"[37800,24200,7500,30500]",1,10.0,1,3,0,0,2,True
2025-2025040820gm-00a9-0000-57062ba3-08-s0-d7,168,A,1,65,"[44400,8400,14000,33200]",1,10.0,1,3,0,0,2,True
2025-2025040820gm-00a9-0000-57062ba3-08-s0-d7,168,B,3,47,"[43700,8300,14500,33500]",1,10.0,1,3,0,0,2,True
2025-2025040820gm-00a9-0000-57062ba3-08-s0-d7,169,A,1,65,"[49000,6000,14500,30500]",1,10.0,1,3,0,0,3,True
2025-2025040820gm-00a9-0000-57062ba3-08-s0-d7,169,B,3,47,"[43200,14300,11000,31500]",1,10.0,1,3,0,0,2,True
2025-2025040820gm-00a9-0000-57062ba3-08-s0-d7,170,A,1,65,"[43700,18300,10500,27500]",1,10.0,1,3,0,0,2,True
2025-2025040820gm-00a9-0000-57062ba3-08-s0-d7,170,B,3,47,"[44700,13200,10500,31600]",1,10.0,1,3,1,0,2,True
2025-2025040820gm-00a9-0000-57062ba3-08-s0-d7,171,A,1,65,"[36400,6300,11500,45800]",2,4.0,1,3,1,0,3,True
2025-2025040820gm-00a9-0000-57062ba3-08-s0-d7,171,B,3,47,"[42500,16900,11300,29300]",1,10.0,1,3,2,0,3,True
2025-2025040820gm-00a9-0000-57062ba3-08-s0-d7,172,A,1,65,"[45800,11800,12600,29800]",1,10.0,1,3,0,0,3,True
2025-2025040820gm-00a9-0000-57062ba3-08-s0-d7,172,B,3,47,"[45800,11800,12600,29800]",1,10.0,1,3,0,0,3,True
2025-2025040820gm-00a9-0000-57062ba3-08-s0-d7,173,A,1,65,"[49400,5600,12200,32800]",1,10.0,1,3,0,0,2,True
2025-2025040820gm-00a9-0000-57062ba3-08-s0-d7,173,B,3,47,"[37100,16300,23200,23400]",1,10.0,1,3,1,0,5,True
2025-2025040820gm-00a9-0000-57062ba3-08-s0-d7,174,A,1,65,"[40700,1300,5500,52500]",2,4.0,1,3,0,0,2,True
2025-2025040820gm-00a9-0000-57062ba3-08-s0-d7,174,B,3,47,"[45200,10300,13500,30000]",1,10.0,1,3,0,1,2,True
2025-2025040820gm-00a9-0000-57062ba3-08-s0-d7,175,A,1,65,"[45400,7300,14800,32500]",1,10.0,1,3,1,0,2,True
2025-2025040820gm-00a9-0000-57062ba3-08-s0-d7,175,B,3,47,"[45400,7300,14800,32500]",1,10.0,1,3,1,0,2,True
2025-2025040820gm-00a9-0000-57062ba3-08-s0-d7,176,A,1,65,"[33100,22000,12000,32900]",1,10.0,1,3,1,0,4,True
2025-2025040820gm-00a9-0000-57062ba3-08-s0-d7,176,B,3,47,"[43700,16600,8800,30900]",1,10.0,1,3,1,0,3,True
2025-2025040820gm-00a9-0000-57062ba3-08-s0-d7,177,A,1,65,"[50700,4300,17400,27600]",1,10.0,1,3,0,0,2,True
2025-2025040820gm-00a9-0000-57062ba3-08-s0-d7,177,B,3,47,"[45400,9400,14000,30200]",1,10.0,1,3,0,1,2,True
2025-2025040820gm-00a9-0000-57062ba3-08-s0-d7,178,A,1,65,"[41700,14300,12500,31500]",1,10.0,1,3,0,0,2,True
2025-2025040820gm-00a9-0000-57062ba3-08-s0-d7,178,B,3,47,"[43200,14000,12000,30800]",1,10.0,1,3,1,0,2,True
2025-2025040820gm-00a9-0000-57062ba3-08-s0-d7,179,A,1,65,"[42700,2400,13400,41500]",1,10.0,1,3,0,0,2,True
2025-2025040820gm-00a9-0000-57062ba3-08-s0-d7,179,B,3,47,"[43400,-10500,10900,56200]",2,4.0,1,3,0,0,2,True
2025-2025040820gm-00a9-0000-57062ba3-08-s0-d7,180,A,1,65,"[54200,1800,12000,32000]",1,10.0,1,3,1,0,2,True
2025-2025040820gm-00a9-0000-57062ba3-08-s0-d7,180,B,3,47,"[52400,-7400,13500,41500]",1,10.0,1,3,0,0,2,True
2025-2025040820gm-00a9-0000-57062ba3-08-s0-d7,181,A,1,65,"[61700,8300,-3500,33500]",1,10.0,1,3,0,0,2,True
2025-2025040820gm-00a9-0000-57062ba3-08-s0-d7,181,B,3,47,"[44700,11900,9900,33500]",1,10.0,1,3,0,0,2,True
2025-2025040820gm-00a9-0000-57062ba3-08-s0-d7,182,A,1,65,"[44700,8300,13500,33500]",1,10.0,1,3,1,0,2,True
2025-2025040820gm-00a9-0000-57062ba3-08-s0-d7,182,B,3,47,"[44600,6300,15500,33600]",1,10.0,1,3,2,0,3,True
2025-2025040820gm-00a9-0000-57062ba3-08-s0-d7,183,A,1,65,"[52700,-700,14500,33500]",1,10.0,1,3,0,0,2,True
2025-2025040820gm-00a9-0000-57062ba3-08-s0-d7,183,B,3,47,"[39700,15300,12500,32500]",1,10.0,1,3,1,0,2,True
2025-2025040820gm-00a9-0000-57062ba3-08-s0-d7,184,A,1,65,"[56600,300,13500,29600]",1,10.0,1,3,0,0,2,True
2025-2025040820gm-00a9-0000-57062ba3-08-s0-d7,184,B,3,47,"[47600,7300,11500,33600]",1,10.0,1,3,0,0,2,True
2025-2025040820gm-00a9-0000-57062ba3-08-s0-d7,185,A,1,65,"[54700,6300,9500,29500]",1,10.0,1,3,0,0,2,True
2025-2025040820gm-00a9-0000-57062ba3-08-s0-d7,185,B,3,47,"[43700,17300,10500,28500]",1,10.0,1,3,0,0,2,True
2025-2025040820gm-00a9-0000-57062ba3-08-s0-d7,186,A,1,65,"[47700,2500,11800,38000]",1,10.0,1,3,1,0,3,True
2025-2025040820gm-00a9-0000-57062ba3-08-s0-d7,186,B,3,47,"[46300,6700,13500,33500]",1,10.0,1,3,1,0,2,True
2025-2025040820gm-00a9-0000-57062ba3-08-s0-d7,187,A,1,65,"[51600,8600,9900,29900]",1,10.0,1,3,0,0,3,True
2025-2025040820gm-00a9-0000-57062ba3-08-s0-d7,187,B,3,47,"[51600,8600,9900,29900]",1,10.0,1,3,0,0,3,True
2025-2025040820gm-00a9-0000-57062ba3-08-s0-d7,188,A,1,65,"[40700,8200,5600,45500]",2,4.0,1,3,0,0,2,True
2025-2025040820gm-00a9-0000-57062ba3-08-s0-d7,188,B,3,47,"[40700,8200,5600,45500]",2,4.0,1,3,0,0,2,True
2025-2025040820gm-00a9-0000-57062ba3-08-s0-d7,189,A,1,65,"[44400,11400,13200,31000]",1,10.0,1,3,0,0,2,True
2025-2025040820gm-00a9-0000-57062ba3-08-s0-d7,189,B,3,47,"[44400,11400,13200,31000]",1,10.0,1,3,0,0,2,True
2025-2025040820gm-00a9-0000-57062ba3-08-s0-d7,190,A,1,65,"[44700,20200,1600,33500]",1,10.0,1,3,0,0,2,True
2025-2025040820gm-00a9-0000-57062ba3-08-s0-d7,190,B,3,47,"[45100,14100,10900,29900]",1,10.0,1,3,1,0,2,True
2025-2025040820gm-00a9-0000-57062ba3-08-s0-d7,191,A,1,65,"[42400,9400,15000,33200]",1,10.0,1,3,0,0,2,True
2025-2025040820gm-00a9-0000-57062ba3-08-s0-d7,191,B,3,47,"[47700,1700,12700,37900]",1,10.0,1,3,1,0,3,True
2025-2025040820gm-00a9-0000-57062ba3-08-s0-d7,192,A,1,65,"[55300,8300,2900,33500]",1,10.0,1,3,0,0,2,True
2025-2025040820gm-00a9-0000-57062ba3-08-s0-d7,192,B,3,47,"[52400,9400,5200,33000]",1,10.0,1,3,0,0,2,True
2025-2025040820gm-00a9-0000-57062ba3-08-s0-d7,193,A,1,65,"[45200,6800,10800,37200]",1,10.0,1,3,0,0,3,True
2025-2025040820gm-00a9-0000-57062ba3-08-s0-d7,193,B,3,47,"[42800,15200,13500,28500]",1,10.0,1,3,3,0,4,True
2025-2025040820gm-00a9-0000-57062ba3-08-s0-d7,194,A,1,65,"[47900,8300,15500,28300]",1,10.0,1,3,0,0,2,True
2025-2025040820gm-00a9-0000-57062ba3-08-s0-d7,194,B,3,47,"[46400,8900,12500,32200]",1,10.0,1,3,0,0,2,True
2025-2025040820gm-00a9-0000-57062ba3-08-s0-d7,195,A,1,65,"[46600,7200,14600,31600]",1,10.0,1,3,3,0,4,True
2025-2025040820gm-00a9-0000-57062ba3-08-s0-d7,195,B,3,47,"[52700,11500,4300,31500]",1,10.0,1,3,0,0,2,True
2025-2025040820gm-00a9-0000-57062ba3-08-s0-d7,196,A,1,65,"[43700,4400,3500,48400]",2,4.0,1,3,1,0,3,True
2025-2025040820gm-00a9-0000-57062ba3-08-s0-d7,196,B,3,47,"[42300,6900,3800,47000]",2,4.0,1,3,2,0,3,True
2025-2025040820gm-00a9-0000-57062ba3-08-s0-d7,197,A,1,65,"[46400,7300,13800,32500]",1,10.0,1,3,1,0,2,True
2025-2025040820gm-00a9-0000-57062ba3-08-s0-d7,197,B,3,47,"[46400,7300,13800,32500]",1,10.0,1,3,1,0,2,True
2025-2025040820gm-00a9-0000-57062ba3-08-s0-d7,198,A,1,65,"[51000,4300,11400,33300]",1,10.0,1,3,1,0,3,True
2025-2025040820gm-00a9-0000-57062ba3-08-s0-d7,198,B,3,47,"[52200,5400,10300,32100]",1,10.0,1,3,2,0,3,True
2025-2025040820gm-00a9-0000-57062ba3-08-s0-d7,199,A,1,65,"[44700,16300,14500,24500]",1,10.0,1,3,0,0,2,True
2025-2025040820gm-00a9-0000-57062ba3-08-s0-d7,199,B,3,47,"[46700,10500,13300,29500]",1,10.0,1,3,0,0,3,True
2025-2025040820gm-00a9-0000-57062ba3-08-s0-d7,200,A,1,65,"[54100,6200,8800,30900]",1,10.0,1,3,0,0,2,True
2025-2025040820gm-00a9-0000-57062ba3-08-s0-d7,200,B,3,47,"[46000,9300,8300,36400]",1,10.0,1,3,1,0,3,True
2025-2025040820gm-00a9-0000-57062ba3-08-s0-d7,201,A,1,65,"[48700,7800,10500,33000]",1,10.0,1,3,0,0,2,True
2025-2025040820gm-00a9-0000-57062ba3-08-s0-d7,201,B,3,47,"[42600,-1400,26800,32000]",1,10.0,1,3,0,0,4,True
2025-2025040820gm-00a9-0000-57062ba3-08-s0-d7,202,A,1,65,"[41900,7000,18900,32200]",1,10.0,1,3,0,0,2,True
2025-2025040820gm-00a9-0000-57062ba3-08-s0-d7,202,B,3,47,"[40700,6300,22500,30500]",1,10.0,1,3,0,0,2,True
2025-2025040820gm-00a9-0000-57062ba3-08-s0-d7,203,A,1,65,"[39600,19800,11500,29100]",1,10.0,1,3,1,0,4,True
2025-2025040820gm-00a9-0000-57062ba3-08-s0-d7,203,B,3,47,"[42100,14000,8800,34100]",1,10.0,1,3,2,1,5,True
2025-2025040820gm-00a9-0000-57062ba3-08-s0-d7,204,A,1,65,"[53700,-2700,14500,34500]",1,10.0,1,3,0,0,2,True
2025-2025040820gm-00a9-0000-57062ba3-08-s0-d7,204,B,3,47,"[40600,16000,11100,32300]",1,10.0,1,3,1,0,4,True
2025-2025040820gm-00a9-0000-57062ba3-08-s0-d7,205,A,1,65,"[48600,12200,9600,29600]",1,10.0,1,3,0,0,2,True
2025-2025040820gm-00a9-0000-57062ba3-08-s0-d7,205,B,3,47,"[47600,12300,7600,32500]",1,10.0,1,3,0,0,2,True
2025-2025040820gm-00a9-0000-57062ba3-08-s0-d7,206,A,1,65,"[42800,8400,13500,35300]",1,10.0,1,3,2,0,3,True
2025-2025040820gm-00a9-0000-57062ba3-08-s0-d7,206,B,3,47,"[49700,4200,16800,29300]",1,10.0,1,3,0,0,4,True
2025-2025040820gm-00a9-0000-57062ba3-08-s0-d7,207,A,1,65,"[42400,15500,12200,29900]",1,10.0,1,3,0,0,2,True
2025-2025040820gm-00a9-0000-57062ba3-08-s0-d7,207,B,3,47,"[41700,-1400,10500,49200]",2,4.0,1,3,0,0,3,True
2025-2025040820gm-00a9-0000-57062ba3-08-s0-d7,208,A,1,65,"[44700,-3300,25100,33500]",1,10.0,1,2,0,0,1,True
2025-2025040820gm-00a9-0000-57062ba3-08-s0-d7,208,B,3,47,"[44700,-3300,25100,33500]",1,10.0,1,2,0,0,1,True
2025-2025040820gm-00a9-0000-57062ba3-08-s0-d7,209,A,1,65,"[44300,13700,4000,38000]",1,10.0,1,3,1,0,3,True
2025-2025040820gm-00a9-0000-57062ba3-08-s0-d7,209,B,3,47,"[44300,13700,6900,35100]",1,10.0,1,3,1,0,3,True
2025-2025040820gm-00a9-0000-57062ba3-08-s0-d7,210,A,1,65,"[50600,6200,12300,30900]",1,10.0,1,3,0,0,2,True
2025-2025040820gm-00a9-0000-57062ba3-08-s0-d7,210,B,3,47,"[43100,10700,14800,31400]",1,10.0,1,3,1,0,2,True
2025-2025040820gm-00a9-0000-57062ba3-08-s0-d7,211,A,1,65,"[45700,7300,13500,33500]",1,10.0,1,3,0,0,2,True
2025-2025040820gm-00a9-0000-57062ba3-08-s0-d7,211,B,3,47,"[45700,7300,13500,33500]",1,10.0,1,3,0,0,2,True
2025-2025040820gm-00a9-0000-57062ba3-08-s0-d7,212,A,1,65,"[41700,13900,10900,33500]",1,10.0,1,3,2,0,3,True
2025-2025040820gm-00a9-0000-57062ba3-08-s0-d7,212,B,3,47,"[50700,16300,11500,21500]",1,10.0,1,3,0,0,2,True
2025-2025040820gm-00a9-0000-57062ba3-08-s0-d7,213,A,1,65,"[42200,13900,11600,32300]",1,10.0,1,3,1,0,4,True
2025-2025040820gm-00a9-0000-57062ba3-08-s0-d7,213,B,3,47,"[41200,3800,23100,31900]",1,10.0,1,3,0,0,3,True
2025-2025040820gm-00a9-0000-57062ba3-08-s0-d7,214,A,1,65,"[43700,9300,11900,35100]",1,10.0,1,3,1,0,3,True
2025-2025040820gm-00a9-0000-57062ba3-08-s0-d7,214,B,3,47,"[42700,9300,14500,33500]",1,10.0,1,3,0,0,2,True
2025-2025040820gm-00a9-0000-57062ba3-08-s0-d7,215,A,1,65,"[38500,-2000,32700,30800]",1,10.0,1,3,5,0,6,True
2025-2025040820gm-00a9-0000-57062ba3-08-s0-d7,215,B,3,47,"[45800,8500,14400,31300]",1,10.0,1,3,1,0,4,True
2025-2025040820gm-00a9-0000-57062ba3-08-s0-d7,216,A,1,65,"[46300,6700,14500,32500]",1,10.0,1,3,0,0,2,True
2025-2025040820gm-00a9-0000-57062ba3-08-s0-d7,216,B,3,47,"[52400,6100,14100,27400]",1,10.0,1,3,0,0,4,True
2025-2025040820gm-00a9-0000-57062ba3-08-s0-d7,217,A,1,65,"[51100,5700,13300,29900]",1,10.0,1,3,0,0,2,True
2025-2025040820gm-00a9-0000-57062ba3-08-s0-d7,217,B,3,47,"[36200,7800,20500,35500]",1,10.0,1,3,0,0,2,True
2025-2025040820gm-00a9-0000-57062ba3-08-s0-d7,218,A,1,65,"[41900,8000,13200,36900]",1,10.0,1,3,0,0,2,True
2025-2025040820gm-00a9-0000-57062ba3-08-s0-d7,218,B,3,47,"[49100,6900,12100,31900]",1,10.0,1,3,1,0,2,True
2025-2025040820gm-00a9-0000-57062ba3-08-s0-d7,219,A,1,65,"[41700,16200,12500,29600]",1,10.0,1,3,0,0,2,True
2025-2025040820gm-00a9-0000-57062ba3-08-s0-d7,219,B,3,47,"[27600,5600,36100,30700]",3,-4.0,1,3,4,0,5,True
2025-2025040820gm-00a9-0000-57062ba3-08-s0-d7,220,A,1,65,"[50700,7300,12500,29500]",1,10.0,1,3,0,0,2,True
2025-2025040820gm-00a9-0000-57062ba3-08-s0-d7,220,B,3,47,"[42200,7800,17000,33000]",1,10.0,1,3,1,0,3,True
2025-2025040820gm-00a9-0000-57062ba3-08-s0-d7,221,A,1,65,"[47600,9300,9600,33500]",1,10.0,1,3,0,0,2,True
2025-2025040820gm-00a9-0000-57062ba3-08-s0-d7,221,B,3,47,"[44700,300,22500,32500]",1,10.0,1,3,0,0,2,True
2025-2025040820gm-00a9-0000-57062ba3-08-s0-d7,222,A,1,65,"[46300,9300,13500,30900]",1,10.0,1,3,0,0,3,True
2025-2025040820gm-00a9-0000-57062ba3-08-s0-d7,222,B,3,47,"[47300,8300,19000,25400]",1,10.0,1,3,0,0,3,True
2025-2025040820gm-00a9-0000-57062ba3-08-s0-d7,223,A,1,65,"[51700,-7700,30500,25500]",1,10.0,1,3,0,0,2,True
2025-2025040820gm-00a9-0000-57062ba3-08-s0-d7,223,B,3,47,"[49900,5100,13500,31500]",1,10.0,1,3,0,0,2,True
2025-2025040820gm-00a9-0000-57062ba3-08-s0-d7,224,A,1,65,"[42100,15000,1600,41300]",1,10.0,1,3,1,0,3,True
2025-2025040820gm-00a9-0000-57062ba3-08-s0-d7,224,B,3,47,"[41800,15100,10400,32700]",1,10.0,1,3,1,0,3,True
2025-2025040820gm-00a9-0000-57062ba3-08-s0-d7,225,A,1,65,"[41400,15000,14700,28900]",1,10.0,1,3,0,0,2,True
2025-2025040820gm-00a9-0000-57062ba3-08-s0-d7,225,B,3,47,"[43300,14800,14800,27100]",1,10.0,1,3,0,0,3,True
2025-2025040820gm-00a9-0000-57062ba3-08-s0-d7,226,A,1,65,"[47700,0,26100,26200]",1,10.0,1,3,0,0,4,True
2025-2025040820gm-00a9-0000-57062ba3-08-s0-d7,226,B,3,47,"[40700,9500,3300,46500]",2,4.0,1,3,0,0,2,True
2025-2025040820gm-00a9-0000-57062ba3-08-s0-d7,227,A,1,65,"[37800,17200,11500,33500]",1,10.0,1,3,0,0,2,True
2025-2025040820gm-00a9-0000-57062ba3-08-s0-d7,227,B,3,47,"[45300,16200,8900,29600]",1,10.0,1,3,0,0,2,True
2025-2025040820gm-00a9-0000-57062ba3-08-s0-d7,228,A,1,65,"[45600,5700,14900,33800]",1,10.0,1,3,0,0,3,True
2025-2025040820gm-00a9-0000-57062ba3-08-s0-d7,228,B,3,47,"[42700,10300,13500,33500]",1,10.0,1,3,0,0,2,True
2025-2025040820gm-00a9-0000-57062ba3-08-s0-d7,229,A,1,65,"[42700,2300,9500,45500]",2,4.0,1,3,0,0,2,True
2025-2025040820gm-00a9-0000-57062ba3-08-s0-d7,229,B,3,47,"[52500,4300,13200,30000]",1,10.0,1,3,0,0,3,True
2025-2025040820gm-00a9-0000-57062ba3-08-s0-d7,230,A,1,65,"[45200,7800,11000,34000]",1,10.0,1,3,1,2,2,True
2025-2025040820gm-00a9-0000-57062ba3-08-s0-d7,230,B,3,47,"[42200,5800,15100,36900]",1,10.0,1,3,2,0,3,True
2025-2025040820gm-00a9-0000-57062ba3-08-s0-d7,231,A,1,65,"[40900,16000,13500,29600]",1,10.0,1,3,0,0,2,True
2025-2025040820gm-00a9-0000-57062ba3-08-s0-d7,231,B,3,47,"[49400,3600,15000,32000]",1,10.0,1,3,0,0,2,True
2025-2025040820gm-00a9-0000-57062ba3-08-s0-d7,232,A,1,65,"[48700,8300,11500,31500]",1,10.0,1,3,0,0,2,True
2025-2025040820gm-00a9-0000-57062ba3-08-s0-d7,232,B,3,47,"[43500,13400,12300,30800]",1,10.0,1,3,2,0,3,True
2025-2025040820gm-00a9-0000-57062ba3-08-s0-d7,233,A,1,65,"[37600,15100,7400,39900]",2,4.0,1,3,0,0,3,True
2025-2025040820gm-00a9-0000-57062ba3-08-s0-d7,233,B,3,47,"[42600,10200,8400,38800]",1,10.0,1,3,0,0,3,True
2025-2025040820gm-00a9-0000-57062ba3-08-s0-d7,234,A,1,65,"[44600,9100,13400,32900]",1,10.0,1,3,1,0,3,True
2025-2025040820gm-00a9-0000-57062ba3-08-s0-d7,234,B,3,47,"[50900,5300,15500,28300]",1,10.0,1,3,0,0,3,True
2025-2025040820gm-00a9-0000-57062ba3-08-s0-d7,235,A,1,65,"[43700,600,22200,33500]",1,10.0,1,3,0,0,2,True
2025-2025040820gm-00a9-0000-57062ba3-08-s0-d7,235,B,3,47,"[36700,7300,16500,39500]",2,4.0,1,3,0,0,2,True
2025-2025040820gm-00a9-0000-57062ba3-08-s0-d7,236,A,1,65,"[40800,8300,9400,41500]",2,4.0,1,3,0,0,2,True
2025-2025040820gm-00a9-0000-57062ba3-08-s0-d7,236,B,3,47,"[54000,4700,13400,27900]",1,10.0,1,3,0,0,3,True
2025-2025040820gm-00a9-0000-57062ba3-08-s0-d7,237,A,1,65,"[52200,9300,9000,29500]",1,10.0,1,3,0,0,2,True
2025-2025040820gm-00a9-0000-57062ba3-08-s0-d7,237,B,3,47,"[41000,14400,9800,34800]",1,10.0,1,3,2,0,3,True
2025-2025040820gm-00a9-0000-57062ba3-08-s0-d7,238,A,1,65,"[36900,19600,9500,34000]",1,10.0,1,3,1,0,3,True
2025-2025040820gm-00a9-0000-57062ba3-08-s0-d7,238,B,3,47,"[36900,19600,9500,34000]",1,10.0,1,3,1,0,3,True
2025-2025040820gm-00a9-0000-57062ba3-08-s0-d7,239,A,1,65,"[31500,6300,27700,34500]",2,4.0,1,3,2,0,3,True
2025-2025040820gm-00a9-0000-57062ba3-08-s0-d7,239,B,3,47,"[48300,6900,11800,33000]",1,10.0,1,3,0,0,2,True
2025-2025040820gm-00a9-0000-57062ba3-08-s0-d7,240,A,1,65,"[45700,-2600,26400,30500]",1,10.0,1,2,1,0,2,True
2025-2025040820gm-00a9-0000-57062ba3-08-s0-d7,240,B,3,47,"[44700,13800,13500,28000]",1,10.0,1,3,1,0,2,True
2025-2025040820gm-00a9-0000-57062ba3-08-s0-d7,241,A,1,65,"[44700,3300,17000,35000]",1,10.0,1,3,1,0,3,True
2025-2025040820gm-00a9-0000-57062ba3-08-s0-d7,241,B,3,47,"[44700,3300,17000,35000]",1,10.0,1,3,1,0,3,True
2025-2025040820gm-00a9-0000-57062ba3-08-s0-d7,242,A,1,65,"[42700,14300,21500,21500]",1,10.0,1,3,0,0,2,True
2025-2025040820gm-00a9-0000-57062ba3-08-s0-d7,242,B,3,47,"[42700,19600,7500,30200]",1,10.0,1,3,0,0,2,True
2025-2025040820gm-00a9-0000-57062ba3-08-s0-d7,243,A,1,65,"[51100,6700,13900,28300]",1,10.0,1,3,0,0,2,True
2025-2025040820gm-00a9-0000-57062ba3-08-s0-d7,243,B,3,47,"[43700,3400,16400,36500]",1,10.0,1,3,1,0,2,True
2025-2025040820gm-00a9-0000-57062ba3-08-s0-d7,244,A,1,65,"[44400,5200,17200,33200]",1,10.0,1,3,0,0,2,True
2025-2025040820gm-00a9-0000-57062ba3-08-s0-d7,244,B,3,47,"[45700,13700,7100,33500]",1,10.0,1,3,0,0,3,True
2025-2025040820gm-00a9-0000-57062ba3-08-s0-d7,245,A,1,65,"[43700,9800,14500,32000]",1,10.0,1,3,0,0,2,True
2025-2025040820gm-00a9-0000-57062ba3-08-s0-d7,245,B,3,47,"[43700,12100,11900,32300]",1,10.0,1,3,0,0,2,True
2025-2025040820gm-00a9-0000-57062ba3-08-s0-d7,246,A,1,65,"[51800,8300,6400,33500]",1,10.0,1,3,1,0,4,True
2025-2025040820gm-00a9-0000-57062ba3-08-s0-d7,246,B,3,47,"[45800,15800,5400,33000]",1,10.0,1,3,0,0,3,True
2025-2025040820gm-00a9-0000-57062ba3-08-s0-d7,247,A,1,65,"[37900,9800,17100,35200]",1,10.0,1,3,2,0,3,True
2025-2025040820gm-00a9-0000-57062ba3-08-s0-d7,247,B,3,47,"[47600,6200,13200,33000]",1,10.0,1,3,0,0,2,True
2025-2025040820gm-00a9-0000-57062ba3-08-s0-d7,248,A,1,65,"[41700,6300,6500,45500]",2,4.0,1,3,0,0,2,True
2025-2025040820gm-00a9-0000-57062ba3-08-s0-d7,248,B,3,47,"[42700,9300,14000,34000]",1,10.0,1,3,0,0,2,True
2025-2025040820gm-00a9-0000-57062ba3-08-s0-d7,249,A,1,65,"[46200,1200,17400,35200]",1,10.0,1,3,2,0,3,True
2025-2025040820gm-00a9-0000-57062ba3-08-s0-d7,249,B,3,47,"[47700,7000,14500,30800]",1,10.0,1,3,0,0,3,True
2025-2025040820gm-00a9-0000-57062ba3-08-s0-d7,250,A,1,65,"[42900,16300,7300,33500]",1,10.0,1,3,0,0,2,True
2025-2025040820gm-00a9-0000-57062ba3-08-s0-d7,250,B,3,47,"[54400,7700,9900,28000]",1,10.0,1,3,1,0,2,True
2025-2025040820gm-00a9-0000-57062ba3-08-s0-d7,251,A,1,65,"[50100,4800,21200,23900]",1,10.0,1,3,3,0,4,True
2025-2025040820gm-00a9-0000-57062ba3-08-s0-d7,251,B,3,47,"[44700,19300,2500,33500]",1,10.0,1,3,0,0,2,True
2025-2025040820gm-00a9-0000-57062ba3-08-s0-d7,252,A,1,65,"[53800,-800,13500,33500]",1,10.0,1,3,0,0,2,True
2025-2025040820gm-00a9-0000-57062ba3-08-s0-d7,252,B,3,47,"[49900,3100,13500,33500]",1,10.0,1,3,0,0,2,True
2025-2025040820gm-00a9-0000-57062ba3-08-s0-d7,253,A,1,65,"[47900,-3700,10300,45500]",1,10.0,1,3,0,0,2,True
2025-2025040820gm-00a9-0000-57062ba3-08-s0-d7,253,B,3,47,"[44700,-1700,13500,43500]",1,10.0,1,3,0,0,2,True
2025-2025040820gm-00a9-0000-57062ba3-08-s0-d7,254,A,1,65,"[48400,4900,18400,28300]",1,10.0,1,3,0,0,3,True
2025-2025040820gm-00a9-0000-57062ba3-08-s0-d7,254,B,3,47,"[44800,15300,10600,29300]",1,10.0,1,3,1,0,2,True
2025-2025040820gm-00a9-0000-57062ba3-08-s0-d7,255,A,1,65,"[42700,9300,14500,33500]",1,10.0,1,3,0,0,2,True
2025-2025040820gm-00a9-0000-57062ba3-08-s0-d7,255,B,3,47,"[44700,12200,600,42500]",1,10.0,1,3,0,0,2,True
2025-2025041017gm-00a9-0000-5584369a-05-s1-d9,0,A,1,11,"[18000,16300,30500,35200]",4,-10.0,1,3,0,0,7,True
2025-2025041017gm-00a9-0000-5584369a-05-s1-d9,0,B,3,1,"[18000,16300,30500,35200]",4,-10.0,1,3,0,0,7,True
2025-2025041017gm-00a9-0000-5584369a-05-s1-d9,1,A,1,11,"[29600,30400,32400,7600]",2,4.0,1,3,0,0,6,True
2025-2025041017gm-00a9-0000-5584369a-05-s1-d9,1,B,3,1,"[28200,30500,22300,19000]",1,10.0,1,3,0,0,6,True
2025-2025041017gm-00a9-0000-5584369a-05-s1-d9,2,A,1,11,"[16100,36900,12900,34100]",1,10.0,1,3,0,0,7,True
2025-2025041017gm-00a9-0000-5584369a-05-s1-d9,2,B,3,1,"[4300,38900,8300,48500]",2,4.0,1,3,0,0,10,True
2025-2025041017gm-00a9-0000-5584369a-05-s1-d9,3,A,1,11,"[30700,37500,9200,22600]",1,10.0,1,3,1,0,6,True
2025-2025041017gm-00a9-0000-5584369a-05-s1-d9,3,B,3,1,"[30700,37500,9200,22600]",1,10.0,1,3,1,0,6,True
2025-2025041017gm-00a9-0000-5584369a-05-s1-d9,4,A,1,11,"[23800,43200,22000,11000]",1,10.0,1,3,1,0,6,True
2025-2025041017gm-00a9-0000-5584369a-05-s1-d9,4,B,3,1,"[33600,42200,21000,3200]",1,10.0,1,3,0,0,5,True
2025-2025041017gm-00a9-0000-5584369a-05-s1-d9,5,A,1,11,"[21500,33000,10400,35100]",2,4.0,1,3,0,0,7,True
2025-2025041017gm-00a9-0000-5584369a-05-s1-d9,5,B,3,1,"[29800,48400,16200,5600]",1,10.0,1,3,0,0,5,True
2025-2025041017gm-00a9-0000-5584369a-05-s1-d9,6,A,1,11,"[24300,46800,23800,5100]",1,10.0,1,3,0,0,5,True
2025-2025041017gm-00a9-0000-5584369a-05-s1-d9,6,B,3,1,"[24300,47500,17200,11000]",1,10.0,1,3,0,0,5,True
2025-2025041017gm-00a9-0000-5584369a-05-s1-d9,7,A,1,11,"[12900,30000,48000,9100]",2,4.0,1,3,0,0,5,True
2025-2025041017gm-00a9-0000-5584369a-05-s1-d9,7,B,3,1,"[12900,30000,48000,9100]",2,4.0,1,3,0,0,5,True
2025-2025041017gm-00a9-0000-5584369a-05-s1-d9,8,A,1,11,"[7900,48400,17300,24400]",1,10.0,1,3,1,2,6,True
2025-2025041017gm-00a9-0000-5584369a-05-s1-d9,8,B,3,1,"[13300,44000,24100,18600]",1,10.0,1,3,1,0,8,True
2025-2025041017gm-00a9-0000-5584369a-05-s1-d9,9,A,1,11,"[22700,28900,41900,6500]",2,4.0,1,3,2,0,6,True
2025-2025041017gm-00a9-0000-5584369a-05-s1-d9,9,B,3,1,"[23200,27400,42400,7000]",2,4.0,1,3,2,0,6,True
2025-2025041017gm-00a9-0000-5584369a-05-s1-d9,10,A,1,11,"[15000,35900,11100,38000]",2,4.0,1,3,0,0,6,True
2025-2025041017gm-00a9-0000-5584369a-05-s1-d9,10,B,3,1,"[29000,32500,26400,12100]",1,10.0,1,3,1,0,7,True
2025-2025041017gm-00a9-0000-5584369a-05-s1-d9,11,A,1,11,"[26300,30300,13700,29700]",1,10.0,1,3,0,0,8,True
2025-2025041017gm-00a9-0000-5584369a-05-s1-d9,11,B,3,1,"[29000,40100,24100,6800]",1,10.0,1,3,1,0,7,True
2025-2025041017gm-00a9-0000-5584369a-05-s1-d9,12,A,1,11,"[17100,40000,25600,14300]",1,10.0,1,3,3,3,6,True
2025-2025041017gm-00a9-0000-5584369a-05-s1-d9,12,B,3,1,"[24700,42500,30300,2500]",1,10.0,1,3,3,0,6,True
2025-2025041017gm-00a9-0000-5584369a-05-s1-d9,13,A,1,11,"[27100,33500,19600,19800]",1,10.0,1,3,0,0,5,True
2025-2025041017gm-00a9-0000-5584369a-05-s1-d9,13,B,3,1,"[29400,44100,15000,11500]",1,10.0,1,3,0,0,6,True
2025-2025041017gm-00a9-0000-5584369a-05-s1-d9,14,A,1,11,"[35400,17300,25500,21800]",4,-10.0,1,3,0,0,5,True
2025-2025041017gm-00a9-0000-5584369a-05-s1-d9,14,B,3,1,"[37300,35500,12400,14800]",2,4.0,1,3,0,0,5,True
2025-2025041017gm-00a9-0000-5584369a-05-s1-d9,15,A,1,11,"[9900,29400,26800,33900]",2,4.0,1,3,0,0,8,True
2025-2025041017gm-00a9-0000-5584369a-05-s1-d9,15,B,3,1,"[36000,29300,14500,20200]",2,4.0,2,0,2,0,12,True
2025-2025041017gm-00a9-0000-5584369a-05-s1-d9,16,A,1,11,"[23800,26100,36400,13700]",2,4.0,1,3,0,0,7,True
2025-2025041017gm-00a9-0000-5584369a-05-s1-d9,16,B,3,1,"[23800,35500,12600,28100]",1,10.0,1,3,0,0,5,True
2025-2025041017gm-00a9-0000-5584369a-05-s1-d9,17,A,1,11,"[34500,32000,-300,33800]",3,-4.0,1,2,0,0,7,True
2025-2025041017gm-00a9-0000-5584369a-05-s1-d9,17,B,3,1,"[34500,32000,-300,33800]",3,-4.0,1,2,0,0,7,True
2025-2025041017gm-00a9-0000-5584369a-05-s1-d9,18,A,1,11,"[12400,44900,35700,4000]",1,10.0,1,3,3,3,9,True
2025-2025041017gm-00a9-0000-5584369a-05-s1-d9,18,B,3,1,"[30900,25900,34600,8600]",3,-4.0,1,3,0,0,9,True
2025-2025041017gm-00a9-0000-5584369a-05-s1-d9,19,A,1,11,"[25900,19100,19400,35600]",4,-10.0,1,3,0,0,5,True
2025-2025041017gm-00a9-0000-5584369a-05-s1-d9,19,B,3,1,"[22200,21900,17000,38900]",3,-4.0,1,3,1,0,5,True
2025-2025041017gm-00a9-0000-5584369a-05-s1-d9,20,A,1,11,"[24800,40000,36800,-1600]",1,10.0,1,1,0,0,3,True
2025-2025041017gm-00a9-0000-5584369a-05-s1-d9,20,B,3,1,"[24800,39000,37800,-1600]",1,10.0,1,1,0,0,3,True
2025-2025041017gm-00a9-0000-5584369a-05-s1-d9,21,A,1,11,"[36100,39800,6600,17500]",1,10.0,1,3,2,0,7,True
2025-2025041017gm-00a9-0000-5584369a-05-s1-d9,21,B,3,1,"[11900,53700,17600,16800]",1,10.0,1,3,1,0,6,True
2025-2025041017gm-00a9-0000-5584369a-05-s1-d9,22,A,1,11,"[19500,48800,13600,18100]",1,10.0,1,3,0,0,5,True
2025-2025041017gm-00a9-0000-5584369a-05-s1-d9,22,B,3,1,"[38800,50000,-3900,15100]",1,10.0,1,1,0,0,3,True
2025-2025041017gm-00a9-0000-5584369a-05-s1-d9,23,A,1,11,"[29100,42100,8700,20100]",1,10.0,1,3,0,0,5,True
2025-2025041017gm-00a9-0000-5584369a-05-s1-d9,23,B,3,1,"[18100,45600,27900,8400]",1,10.0,1,3,1,0,7,True
2025-2025041017gm-00a9-0000-5584369a-05-s1-d9,24,A,1,11,"[35700,19800,29400,15100]",3,-4.0,1,3,0,0,6,True
2025-2025041017gm-00a9-0000-5584369a-05-s1-d9,24,B,3,1,"[24800,35000,42300,-2100]",2,4.0,1,1,0,0,3,True
2025-2025041017gm-00a9-0000-5584369a-05-s1-d9,25,A,1,11,"[23500,50900,11800,13800]",1,10.0,1,3,0,0,5,True
2025-2025041017gm-00a9-0000-5584369a-05-s1-d9,25,B,3,1,"[19700,33100,27500,19700]",1,10.0,1,3,1,0,7,True
2025-2025041017gm-00a9-0000-5584369a-05-s1-d9,26,A,1,11,"[20300,58900,-2000,22800]",1,10.0,1,3,1,0,9,True
2025-2025041017gm-00a9-0000-5584369a-05-s1-d9,26,B,3,1,"[34100,29500,13300,23100]",2,4.0,1,3,3,0,5,True
2025-2025041017gm-00a9-0000-5584369a-05-s1-d9,27,A,1,11,"[39100,31600,18900,10400]",2,4.0,1,3,0,0,6,True
2025-2025041017gm-00a9-0000-5584369a-05-s1-d9,27,B,3,1,"[33900,38700,15600,11800]",1,10.0,1,3,0,0,6,True
2025-2025041017gm-00a9-0000-5584369a-05-s1-d9,28,A,1,11,"[23500,33200,16200,27100]",1,10.0,1,3,3,0,7,True
2025-2025041017gm-00a9-0000-5584369a-05-s1-d9,28,B,3,1,"[23500,33200,16200,27100]",1,10.0,1,3,3,0,7,True
2025-2025041017gm-00a9-0000-5584369a-05-s1-d9,29,A,1,11,"[13800,33500,37800,14900]",2,4.0,1,3,0,0,7,True
2025-2025041017gm-00a9-0000-5584369a-05-s1-d9,29,B,3,1,"[22200,41600,13800,22400]",1,10.0,1,3,2,0,7,True
2025-2025041017gm-00a9-0000-5584369a-05-s1-d9,30,A,1,11,"[33500,39500,8400,18600]",1,10.0,1,3,0,0,5,True
2025-2025041017gm-00a9-0000-5584369a-05-s1-d9,30,B,3,1,"[20000,32100,25400,22500]",1,10.0,1,3,1,0,7,True
2025-2025041017gm-00a9-0000-5584369a-05-s1-d9,31,A,1,11,"[26300,31200,21000,21500]",1,10.0,1,3,0,0,5,True
2025-2025041017gm-00a9-0000-5584369a-05-s1-d9,31,B,3,1,"[28100,33100,43300,-4500]",2,4.0,1,2,0,0,5,True
2025-2025041017gm-00a9-0000-5584369a-05-s1-d9,32,A,1,11,"[31200,40600,18400,9800]",1,10.0,1,3,0,0,6,True
2025-2025041017gm-00a9-0000-5584369a-05-s1-d9,32,B,3,1,"[30600,52300,3100,14000]",1,10.0,1,3,0,0,8,True
2025-2025041017gm-00a9-0000-5584369a-05-s1-d9,33,A,1,11,"[32100,47900,21100,-1100]",1,10.0,1,2,0,0,5,True
2025-2025041017gm-00a9-0000-5584369a-05-s1-d9,33,B,3,1,"[32100,47900,21100,-1100]",1,10.0,1,2,0,0,5,True
2025-2025041017gm-00a9-0000-5584369a-05-s1-d9,34,A,1,11,"[26600,34900,28900,9600]",1,10.0,1,3,0,0,5,True
2025-2025041017gm-00a9-0000-5584369a-05-s1-d9,34,B,3,1,"[26600,34900,28900,9600]",1,10.0,1,3,0,0,5,True
2025-2025041017gm-00a9-0000-5584369a-05-s1-d9,35,A,1,11,"[33400,54200,-600,13000]",1,10.0,1,2,0,0,5,True
2025-2025041017gm-00a9-0000-5584369a-05-s1-d9,35,B,3,1,"[25100,57400,3100,14400]",1,10.0,1,3,0,0,6,True
2025-2025041017gm-00a9-0000-5584369a-05-s1-d9,36,A,1,11,"[28700,53500,14500,3300]",1,10.0,1,3,0,0,6,True
2025-2025041017gm-00a9-0000-5584369a-05-s1-d9,36,B,3,1,"[21000,59800,15000,4200]",1,10.0,1,3,0,0,6,True
2025-2025041017gm-00a9-0000-5584369a-05-s1-d9,37,A,1,11,"[25600,33700,15000,25700]",1,10.0,1,3,2,0,8,True
2025-2025041017gm-00a9-0000-5584369a-05-s1-d9,37,B,3,1,"[38400,44700,1700,15200]",1,10.0,1,3,0,0,5,True
2025-2025041017gm-00a9-0000-5584369a-05-s1-d9,38,A,1,11,"[30500,23500,15100,30900]",3,-4.0,2,0,0,0,6,True
2025-2025041017gm-00a9-0000-5584369a-05-s1-d9,38,B,3,1,"[23300,30600,19700,26400]",1,10.0,1,3,1,0,7,True
2025-2025041017gm-00a9-0000-5584369a-05-s1-d9,39,A,1,11,"[17300,25100,4600,53000]",2,4.0,1,3,0,0,8,True
2025-2025041017gm-00a9-0000-5584369a-05-s1-d9,39,B,3,1,"[16700,24100,4100,55100]",2,4.0,1,3,0,0,8,True
2025-2025041017gm-00a9-0000-5584369a-05-s1-d9,40,A,1,11,"[17800,40800,19900,21500]",1,10.0,1,3,0,0,6,True
2025-2025041017gm-00a9-0000-5584369a-05-s1-d9,40,B,3,1,"[25000,38600,17200,19200]",1,10.0,1,3,0,0,6,True
2025-2025041017gm-00a9-0000-5584369a-05-s1-d9,41,A,1,11,"[25300,53200,19600,1900]",1,10.0,1,3,0,0,6,True
2025-2025041017gm-00a9-0000-5584369a-05-s1-d9,41,B,3,1,"[25300,53200,19600,1900]",1,10.0,1,3,0,0,6,True
2025-2025041017gm-00a9-0000-5584369a-05-s1-d9,42,A,1,11,"[31200,57300,7300,4200]",1,10.0,1,3,0,0,6,True
2025-2025041017gm-00a9-0000-5584369a-05-s1-d9,42,B,3,1,"[36300,36300,8700,18700]",2,4.0,1,3,0,0,6,True
2025-2025041017gm-00a9-0000-5584369a-05-s1-d9,43,A,1,11,"[37900,36500,24500,1100]",2,4.0,1,3,3,0,8,True
2025-2025041017gm-00a9-0000-5584369a-05-s1-d9,43,B,3,1,"[20800,31200,13200,34800]",2,4.0,1,3,0,0,6,True
2025-2025041017gm-00a9-0000-5584369a-05-s1-d9,44,A,1,11,"[35900,44000,200,19900]",1,10.0,1,3,0,0,8,True
2025-2025041017gm-00a9-0000-5584369a-05-s1-d9,44,B,3,1,"[39100,29700,9600,21600]",2,4.0,1,3,0,0,7,True
2025-2025041017gm-00a9-0000-5584369a-05-s1-d9,45,A,1,11,"[21500,59300,1000,18200]",1,10.0,1,3,0,0,7,True
2025-2025041017gm-00a9-0000-5584369a-05-s1-d9,45,B,3,1,"[23400,43000,16400,17200]",1,10.0,1,3,0,0,7,True
2025-2025041017gm-00a9-0000-5584369a-05-s1-d9,46,A,1,11,"[26000,49300,8500,16200]",1,10.0,1,3,0,0,8,True
2025-2025041017gm-00a9-0000-5584369a-05-s1-d9,46,B,3,1,"[46100,28500,17200,8200]",2,4.0,1,3,0,0,8,True
2025-2025041017gm-00a9-0000-5584369a-05-s1-d9,47,A,1,11,"[29500,50800,10100,9600]",1,10.0,1,3,0,0,5,True
2025-2025041017gm-00a9-0000-5584369a-05-s1-d9,47,B,3,1,"[21300,44300,28000,6400]",1,10.0,1,3,0,0,7,True
2025-2025041017gm-00a9-0000-5584369a-05-s1-d9,48,A,1,11,"[29600,41200,14100,15100]",1,10.0,1,3,2,0,6,True
2025-2025041017gm-00a9-0000-5584369a-05-s1-d9,48,B,3,1,"[29600,41200,14100,15100]",1,10.0,1,3,2,0,6,True
2025-2025041017gm-00a9-0000-5584369a-05-s1-d9,49,A,1,11,"[51200,29200,9200,10400]",2,4.0,1,3,1,0,7,True
2025-2025041017gm-00a9-0000-5584369a-05-s1-d9,49,B,3,1,"[36400,39800,12300,11500]",1,10.0,1,3,2,0,8,True
2025-2025041017gm-00a9-0000-5584369a-05-s1-d9,50,A,1,11,"[27300,40800,25900,6000]",1,10.0,1,3,2,0,6,True
2025-2025041017gm-00a9-0000-5584369a-05-s1-d9,50,B,3,1,"[26800,40300,25000,7900]",1,10.0,1,3,2,0,6,True
2025-2025041017gm-00a9-0000-5584369a-05-s1-d9,51,A,1,11,"[35200,47900,-500,17400]",1,10.0,1,2,1,0,8,True
2025-2025041017gm-00a9-0000-5584369a-05-s1-d9,51,B,3,1,"[28000,47400,24800,-200]",1,10.0,1,2,0,0,4,True
2025-2025041017gm-00a9-0000-5584369a-05-s1-d9,52,A,1,11,"[21500,49100,19000,10400]",1,10.0,1,3,0,0,6,True
2025-2025041017gm-00a9-0000-5584369a-05-s1-d9,52,B,3,1,"[24300,32500,43700,-500]",2,4.0,1,1,0,0,4,True
2025-2025041017gm-00a9-0000-5584369a-05-s1-d9,53,A,1,11,"[20300,37400,17400,24900]",1,10.0,1,3,0,0,5,True
2025-2025041017gm-00a9-0000-5584369a-05-s1-d9,53,B,3,1,"[38600,40500,16900,4000]",1,10.0,1,3,1,0,6,True
2025-2025041017gm-00a9-0000-5584369a-05-s1-d9,54,A,1,11,"[30500,23900,9100,36500]",3,-4.0,1,3,1,0,6,True
2025-2025041017gm-00a9-0000-5584369a-05-s1-d9,54,B,3,1,"[36600,25200,17400,20800]",2,4.0,1,3,0,0,6,True
2025-2025041017gm-00a9-0000-5584369a-05-s1-d9,55,A,1,11,"[20100,46900,31700,1300]",1,10.0,1,3,0,0,6,True
2025-2025041017gm-00a9-0000-5584369a-05-s1-d9,55,B,3,1,"[5900,37100,18900,38100]",2,4.0,1,3,0,0,5,True
2025-2025041017gm-00a9-0000-5584369a-05-s1-d9,56,A,1,11,"[20300,41800,16600,20300]",1,10.0,1,3,0,1,6,True
2025-2025041017gm-00a9-0000-5584369a-05-s1-d9,56,B,3,1,"[12000,39500,22900,25600]",1,10.0,1,3,1,0,7,True
2025-2025041017gm-00a9-0000-5584369a-05-s1-d9,57,A,1,11,"[32300,32800,21100,13800]",1,10.0,1,3,0,0,5,True
2025-2025041017gm-00a9-0000-5584369a-05-s1-d9,57,B,3,1,"[26600,36300,33700,3400]",1,10.0,1,3,0,0,6,True
2025-2025041017gm-00a9-0000-5584369a-05-s1-d9,58,A,1,11,"[29800,40100,5100,25000]",1,10.0,1,3,1,0,8,True
2025-2025041017gm-00a9-0000-5584369a-05-s1-d9,58,B,3,1,"[31300,36200,28800,3700]",1,10.0,1,3,0,0,6,True
2025-2025041017gm-00a9-0000-5584369a-05-s1-d9,59,A,1,11,"[17500,49200,9700,23600]",1,10.0,1,3,2,0,7,True
2025-2025041017gm-00a9-0000-5584369a-05-s1-d9,59,B,3,1,"[37100,44500,6000,12400]",1,10.0,1,3,2,0,7,True
2025-2025041017gm-00a9-0000-5584369a-05-s1-d9,60,A,1,11,"[13500,50500,21300,14700]",1,10.0,1,3,0,0,6,True
2025-2025041017gm-00a9-0000-5584369a-05-s1-d9,60,B,3,1,"[12400,34600,5300,47700]",2,4.0,1,3,0,0,6,True
2025-2025041017gm-00a9-0000-5584369a-05-s1-d9,61,A,1,11,"[39700,36700,12500,11100]",2,4.0,1,3,0,0,5,True
2025-2025041017gm-00a9-0000-5584369a-05-s1-d9,61,B,3,1,"[33300,21900,31700,13100]",3,-4.0,1,3,1,0,6,True
2025-2025041017gm-00a9-0000-5584369a-05-s1-d9,62,A,1,11,"[27000,11600,34800,26600]",4,-10.0,1,3,0,0,8,True
2025-2025041017gm-00a9-0000-5584369a-05-s1-d9,62,B,3,1,"[28800,25200,14900,31100]",3,-4.0,1,3,1,0,6,True
2025-2025041017gm-00a9-0000-5584369a-05-s1-d9,63,A,1,11,"[29200,54300,8500,8000]",1,10.0,1,3,0,0,10,True
2025-2025041017gm-00a9-0000-5584369a-05-s1-d9,63,B,3,1,"[34100,37000,24900,4000]",1,10.0,1,3,0,0,9,True
2025-2025041017gm-00a9-0000-5584369a-05-s1-d9,64,A,1,11,"[23300,33800,14700,28200]",1,10.0,1,3,0,0,6,True
2025-2025041017gm-00a9-0000-5584369a-05-s1-d9,64,B,3,1,"[31200,47000,7600,14200]",1,10.0,1,3,0,0,5,True
2025-2025041017gm-00a9-0000-5584369a-05-s1-d9,65,A,1,11,"[36900,46500,6500,10100]",1,10.0,1,3,0,0,8,True
2025-2025041017gm-00a9-0000-5584369a-05-s1-d9,65,B,3,1,"[37100,48000,13300,1600]",1,10.0,1,3,0,0,8,True
2025-2025041017gm-00a9-0000-5584369a-05-s1-d9,66,A,1,11,"[30200,40800,8000,21000]",1,10.0,1,3,0,0,8,True
2025-2025041017gm-00a9-0000-5584369a-05-s1-d9,66,B,3,1,"[23200,38000,22000,16800]",1,10.0,1,3,1,0,9,True
2025-2025041017gm-00a9-0000-5584369a-05-s1-d9,67,A,1,11,"[34100,56400,7900,1600]",1,10.0,1,3,0,0,8,True
2025-2025041017gm-00a9-0000-5584369a-05-s1-d9,67,B,3,1,"[22200,37200,2900,37700]",2,4.0,1,3,0,0,7,True
2025-2025041017gm-00a9-0000-5584369a-05-s1-d9,68,A,1,11,"[1000,51000,31200,16800]",1,10.0,1,3,0,0,7,True
2025-2025041017gm-00a9-0000-5584369a-05-s1-d9,68,B,3,1,"[20600,30500,33400,15500]",2,4.0,1,3,1,0,8,True
2025-2025041017gm-00a9-0000-5584369a-05-s1-d9,69,A,1,11,"[21500,35800,21800,19900]",1,10.0,1,3,1,1,6,True
2025-2025041017gm-00a9-0000-5584369a-05-s1-d9,69,B,3,1,"[19800,36400,23600,20200]",1,10.0,1,3,1,0,6,True
2025-2025041017gm-00a9-0000-5584369a-05-s1-d9,70,A,1,11,"[15400,51400,19100,14100]",1,10.0,1,3,0,0,5,True
2025-2025041017gm-00a9-0000-5584369a-05-s1-d9,70,B,3,1,"[12900,52900,19600,14600]",1,10.0,1,3,0,0,5,True
2025-2025041017gm-00a9-0000-5584369a-05-s1-d9,71,A,1,11,"[25100,31800,27600,14500]",1,10.0,1,3,0,1,6,True
2025-2025041017gm-00a9-0000-5584369a-05-s1-d9,71,B,3,1,"[29300,35400,-2700,38000]",2,4.0,1,2,0,0,5,True
2025-2025041017gm-00a9-0000-5584369a-05-s1-d9,72,A,1,11,"[21800,44900,-4600,37900]",1,10.0,1,2,0,0,4,True
2025-2025041017gm-00a9-0000-5584369a-05-s1-d9,72,B,3,1,"[37900,33700,17700,10700]",2,4.0,1,3,0,0,5,True
2025-2025041017gm-00a9-0000-5584369a-05-s1-d9,73,A,1,11,"[27100,43500,11600,17800]",1,10.0,1,3,1,0,7,True
2025-2025041017gm-00a9-0000-5584369a-05-s1-d9,73,B,3,1,"[26400,30400,12800,30400]",1,10.0,1,3,0,0,5,True
2025-2025041017gm-00a9-0000-5584369a-05-s1-d9,74,A,1,11,"[25800,37500,27000,9700]",1,10.0,1,3,0,0,5,True
2025-2025041017gm-00a9-0000-5584369a-05-s1-d9,74,B,3,1,"[35600,46800,-500,18100]",1,10.0,1,0,2,0,4,True
2025-2025041017gm-00a9-0000-5584369a-05-s1-d9,75,A,1,11,"[26200,21000,14800,38000]",3,-4.0,1,3,0,0,5,True
2025-2025041017gm-00a9-0000-5584369a-05-s1-d9,75,B,3,1,"[31400,20600,13300,34700]",3,-4.0,1,3,1,0,6,True
2025-2025041017gm-00a9-0000-5584369a-05-s1-d9,76,A,1,11,"[23700,38400,15900,21000]",1,10.0,1,3,0,1,5,True
2025-2025041017gm-00a9-0000-5584369a-05-s1-d9,76,B,3,1,"[39300,40100,8900,11700]",1,10.0,1,3,0,0,8,True
2025-2025041017gm-00a9-0000-5584369a-05-s1-d9,77,A,1,11,"[31000,46300,14500,8200]",1,10.0,1,3,0,0,6,True
2025-2025041017gm-00a9-0000-5584369a-05-s1-d9,77,B,3,1,"[31000,46300,14500,8200]",1,10.0,1,3,0,0,6,True
2025-2025041017gm-00a9-0000-5584369a-05-s1-d9,78,A,1,11,"[35900,49400,1100,13600]",1,10.0,1,3,0,0,6,True
2025-2025041017gm-00a9-0000-5584369a-05-s1-d9,78,B,3,1,"[20900,41000,32400,5700]",1,10.0,1,3,0,0,6,True
2025-2025041017gm-00a9-0000-5584369a-05-s1-d9,79,A,1,11,"[26900,31000,22500,19600]",1,10.0,1,3,1,0,7,True
2025-2025041017gm-00a9-0000-5584369a-05-s1-d9,79,B,3,1,"[26900,31000,22500,19600]",1,10.0,1,3,1,0,7,True
2025-2025041017gm-00a9-0000-5584369a-05-s1-d9,80,A,1,11,"[46100,44400,-2700,12200]",2,4.0,1,3,0,0,8,True
2025-2025041017gm-00a9-0000-5584369a-05-s1-d9,80,B,3,1,"[48500,28300,5500,17700]",2,4.0,1,3,0,0,9,True
2025-2025041017gm-00a9-0000-5584369a-05-s1-d9,81,A,1,11,"[32000,48200,16100,3700]",1,10.0,1,3,0,0,7,True
2025-2025041017gm-00a9-0000-5584369a-05-s1-d9,81,B,3,1,"[36900,42100,13400,7600]",1,10.0,1,3,0,0,7,True
2025-2025041017gm-00a9-0000-5584369a-05-s1-d9,82,A,1,11,"[31300,15000,32200,21500]",4,-10.0,1,3,1,0,7,True
2025-2025041017gm-00a9-0000-5584369a-05-s1-d9,82,B,3,1,"[27000,31200,29700,12100]",1,10.0,1,3,0,0,5,True
2025-2025041017gm-00a9-0000-5584369a-05-s1-d9,83,A,1,11,"[30600,34000,21800,13600]",1,10.0,1,3,0,0,5,True
2025-2025041017gm-00a9-0000-5584369a-05-s1-d9,83,B,3,1,"[18800,30900,17500,32800]",2,4.0,1,3,0,0,5,True
2025-2025041017gm-00a9-0000-5584369a-05-s1-d9,84,A,1,11,"[28300,33300,14500,23900]",1,10.0,1,3,0,0,5,True
2025-2025041017gm-00a9-0000-5584369a-05-s1-d9,84,B,3,1,"[34500,35700,30300,-500]",1,10.0,1,1,1,0,4,True
2025-2025041017gm-00a9-0000-5584369a-05-s1-d9,85,A,1,11,"[30800,37600,19000,12600]",1,10.0,1,3,1,0,6,True
2025-2025041017gm-00a9-0000-5584369a-05-s1-d9,85,B,3,1,"[33300,45100,21300,-700]",1,10.0,1,2,1,1,6,True
2025-2025041017gm-00a9-0000-5584369a-05-s1-d9,86,A,1,11,"[11200,30600,20900,37300]",2,4.0,1,3,0,0,6,True
2025-2025041017gm-00a9-0000-5584369a-05-s1-d9,86,B,3,1,"[43900,30700,15300,10100]",2,4.0,1,3,1,0,6,True
2025-2025041017gm-00a9-0000-5584369a-05-s1-d9,87,A,1,11,"[8200,40800,17100,33900]",1,10.0,1,3,0,0,8,True
2025-2025041017gm-00a9-0000-5584369a-05-s1-d9,87,B,3,1,"[34600,50100,-700,16000]",1,10.0,1,3,0,0,6,True
2025-2025041017gm-00a9-0000-5584369a-05-s1-d9,88,A,1,11,"[19600,43600,34100,2700]",1,10.0,1,3,2,0,9,True
2025-2025041017gm-00a9-0000-5584369a-05-s1-d9,88,B,3,1,"[37100,29600,36200,-2900]",3,-4.0,1,2,1,0,6,True
2025-2025041017gm-00a9-0000-5584369a-05-s1-d9,89,A,1,11,"[21300,38400,500,39800]",2,4.0,1,3,0,0,5,True
2025-2025041017gm-00a9-0000-5584369a-05-s1-d9,89,B,3,1,"[21300,38400,500,39800]",2,4.0,1,3,0,0,5,True
2025-2025041017gm-00a9-0000-5584369a-05-s1-d9,90,A,1,11,"[31400,39900,6900,21800]",1,10.0,1,3,1,0,7,True
2025-2025041017gm-00a9-0000-5584369a-05-s1-d9,90,B,3,1,"[25200,52200,24800,-2200]",1,10.0,1,2,0,0,4,True
2025-2025041017gm-00a9-0000-5584369a-05-s1-d9,91,A,1,11,"[35500,32500,26500,5500]",2,4.0,1,3,0,0,6,True
2025-2025041017gm-00a9-0000-5584369a-05-s1-d9,91,B,3,1,"[17700,23200,20300,38800]",2,4.0,1,3,1,0,5,True
2025-2025041017gm-00a9-0000-5584369a-05-s1-d9,92,A,1,11,"[30300,36200,27700,5800]",1,10.0,1,3,2,0,6,True
2025-2025041017gm-00a9-0000-5584369a-05-s1-d9,92,B,3,1,"[32800,34900,11300,21000]",1,10.0,1,3,1,0,9,True
2025-2025041017gm-00a9-0000-5584369a-05-s1-d9,93,A,1,11,"[23800,16800,24200,35200]",4,-10.0,1,3,0,0,7,True
2025-2025041017gm-00a9-0000-5584369a-05-s1-d9,93,B,3,1,"[34400,32100,27200,6300]",2,4.0,1,3,1,0,8,True
2025-2025041017gm-00a9-0000-5584369a-05-s1-d9,94,A,1,11,"[34900,29700,13000,22400]",2,4.0,1,3,0,0,5,True
2025-2025041017gm-00a9-0000-5584369a-05-s1-d9,94,B,3,1,"[34900,29700,13000,22400]",2,4.0,1,3,0,0,5,True
2025-2025041017gm-00a9-0000-5584369a-05-s1-d9,95,A,1,11,"[27200,46100,9300,17400]",1,10.0,1,3,2,0,6,True
2025-2025041017gm-00a9-0000-5584369a-05-s1-d9,95,B,3,1,"[45100,32900,7900,14100]",2,4.0,1,3,0,0,5,True
2025-2025041017gm-00a9-0000-5584369a-05-s1-d9,96,A,1,11,"[33400,34600,7900,24100]",1,10.0,1,3,1,0,8,True
2025-2025041017gm-00a9-0000-5584369a-05-s1-d9,96,B,3,1,"[25300,43700,33700,-2700]",1,10.0,1,2,3,0,7,True
2025-2025041017gm-00a9-0000-5584369a-05-s1-d9,97,A,1,11,"[27400,46100,19500,7000]",1,10.0,1,3,0,0,7,True
2025-2025041017gm-00a9-0000-5584369a-05-s1-d9,97,B,3,1,"[39000,35700,-2200,27500]",2,4.0,1,3,2,0,8,True
2025-2025041017gm-00a9-0000-5584369a-05-s1-d9,98,A,1,11,"[23700,34500,14400,27400]",1,10.0,2,0,1,0,9,True
2025-2025041017gm-00a9-0000-5584369a-05-s1-d9,98,B,3,1,"[22200,36900,31600,9300]",1,10.0,1,3,0,0,6,True
2025-2025041017gm-00a9-0000-5584369a-05-s1-d9,99,A,1,11,"[20500,30000,44200,5300]",2,4.0,1,3,3,0,8,True
2025-2025041017gm-00a9-0000-5584369a-05-s1-d9,99,B,3,1,"[17500,31100,34800,16600]",2,4.0,1,3,0,0,6,True
2025-2025041017gm-00a9-0000-5584369a-05-s1-d9,100,A,1,11,"[45300,31300,12400,11000]",2,4.0,1,3,0,0,7,True
2025-2025041017gm-00a9-0000-5584369a-05-s1-d9,100,B,3,1,"[69700,28100,9100,-6900]",2,4.0,1,3,0,0,7,True
2025-2025041017gm-00a9-0000-5584369a-05-s1-d9,101,A,1,11,"[21100,49700,19600,9600]",1,10.0,1,3,0,0,6,True
2025-2025041017gm-00a9-0000-5584369a-05-s1-d9,101,B,3,1,"[21100,49700,19600,9600]",1,10.0,1,3,0,0,6,True
2025-2025041017gm-00a9-0000-5584369a-05-s1-d9,102,A,1,11,"[40300,45800,5300,8600]",1,10.0,1,3,0,0,5,True
2025-2025041017gm-00a9-0000-5584369a-05-s1-d9,102,B,3,1,"[40300,45800,5300,8600]",1,10.0,1,3,0,0,5,True
2025-2025041017gm-00a9-0000-5584369a-05-s1-d9,103,A,1,11,"[17900,22400,26600,32100]",3,-4.0,1,3,3,1,7,True
2025-2025041017gm-00a9-0000-5584369a-05-s1-d9,103,B,3,1,"[17900,22400,26600,32100]",3,-4.0,1,3,3,1,7,True
2025-2025041017gm-00a9-0000-5584369a-05-s1-d9,104,A,1,11,"[15300,40500,25100,19100]",1,10.0,1,3,0,0,6,True
2025-2025041017gm-00a9-0000-5584369a-05-s1-d9,104,B,3,1,"[15800,46500,22600,15100]",1,10.0,1,3,0,0,6,True
2025-2025041017gm-00a9-0000-5584369a-05-s1-d9,105,A,1,11,"[14500,32800,14400,38300]",2,4.0,1,3,0,0,7,True
2025-2025041017gm-00a9-0000-5584369a-05-s1-d9,105,B,3,1,"[24500,38900,7300,29300]",1,10.0,1,3,2,0,9,True
2025-2025041017gm-00a9-0000-5584369a-05-s1-d9,106,A,1,11,"[32000,49100,2100,16800]",1,10.0,1,3,0,0,5,True
2025-2025041017gm-00a9-0000-5584369a-05-s1-d9,106,B,3,1,"[-700,38200,37600,24900]",1,10.0,1,3,0,0,7,True
2025-2025041017gm-00a9-0000-5584369a-05-s1-d9,107,A,1,11,"[36100,39200,13600,11100]",1,10.0,1,3,0,0,7,True
2025-2025041017gm-00a9-0000-5584369a-05-s1-d9,107,B,3,1,"[26200,43800,20000,10000]",1,10.0,1,3,0,0,6,True
2025-2025041017gm-00a9-0000-5584369a-05-s1-d9,108,A,1,11,"[30000,55400,2500,12100]",1,10.0,1,3,0,0,7,True
2025-2025041017gm-00a9-0000-5584369a-05-s1-d9,108,B,3,1,"[33200,40600,26200,0]",1,10.0,1,3,0,0,6,True
2025-2025041017gm-00a9-0000-5584369a-05-s1-d9,109,A,1,11,"[2000,45600,18200,34200]",1,10.0,1,3,1,0,8,True
2025-2025041017gm-00a9-0000-5584369a-05-s1-d9,109,B,3,1,"[21200,52700,8200,17900]",1,10.0,1,3,0,0,7,True
2025-2025041017gm-00a9-0000-5584369a-05-s1-d9,110,A,1,11,"[32900,25700,5200,36200]",3,-4.0,1,3,1,0,7,True
2025-2025041017gm-00a9-0000-5584369a-05-s1-d9,110,B,3,1,"[19000,51400,4300,25300]",1,10.0,1,3,1,0,7,True
2025-2025041017gm-00a9-0000-5584369a-05-s1-d9,111,A,1,11,"[32800,46000,-1600,22800]",1,10.0,1,0,0,0,3,True
2025-2025041017gm-00a9-0000-5584369a-05-s1-d9,111,B,3,1,"[16800,35900,37100,10200]",2,4.0,1,3,0,0,5,True
2025-2025041017gm-00a9-0000-5584369a-05-s1-d9,112,A,1,11,"[22200,48200,17800,11800]",1,10.0,1,3,0,0,5,True
2025-2025041017gm-00a9-0000-5584369a-05-s1-d9,112,B,3,1,"[22200,48200,17800,11800]",1,10.0,1,3,0,0,5,True
2025-2025041017gm-00a9-0000-5584369a-05-s1-d9,113,A,1,11,"[21900,36500,29400,12200]",1,10.0,1,3,0,0,5,True
2025-2025041017gm-00a9-0000-5584369a-05-s1-d9,113,B,3,1,"[23200,24300,39400,13100]",2,4.0,1,3,1,0,7,True
2025-2025041017gm-00a9-0000-5584369a-05-s1-d9,114,A,1,11,"[12800,27700,25100,34400]",2,4.0,1,3,0,0,5,True
2025-2025041017gm-00a9-0000-5584369a-05-s1-d9,114,B,3,1,"[30700,21900,37600,9800]",3,-4.0,1,3,1,0,6,True
2025-2025041017gm-00a9-0000-5584369a-05-s1-d9,115,A,1,11,"[26600,34000,10900,28500]",1,10.0,1,3,0,0,6,True
2025-2025041017gm-00a9-0000-5584369a-05-s1-d9,115,B,3,1,"[25600,32700,12200,29500]",1,10.0,1,3,0,0,6,True
2025-2025041017gm-00a9-0000-5584369a-05-s1-d9,116,A,1,11,"[22400,39300,12100,26200]",1,10.0,1,3,0,0,5,True
2025-2025041017gm-00a9-0000-5584369a-05-s1-d9,116,B,3,1,"[22400,39300,12100,26200]",1,10.0,1,3,0,0,5,True
2025-2025041017gm-00a9-0000-5584369a-05-s1-d9,117,A,1,11,"[26800,32400,17100,23700]",1,10.0,1,3,0,0,5,True
2025-2025041017gm-00a9-0000-5584369a-05-s1-d9,117,B,3,1,"[33200,38100,13300,15400]",1,10.0,1,3,1,0,7,True
2025-2025041017gm-00a9-0000-5584369a-05-s1-d9,118,A,1,11,"[25300,32400,16600,25700]",1,10.0,1,3,0,0,6,True
2025-2025041017gm-00a9-0000-5584369a-05-s1-d9,118,B,3,1,"[25800,34000,21200,19000]",1,10.0,1,3,1,0,8,True
2025-2025041017gm-00a9-0000-5584369a-05-s1-d9,119,A,1,11,"[24800,41000,24500,9700]",1,10.0,1,3,0,0,5,True
2025-2025041017gm-00a9-0000-5584369a-05-s1-d9,119,B,3,1,"[34000,31500,17900,16600]",2,4.0,1,3,1,0,7,True
2025-2025041017gm-00a9-0000-5584369a-05-s1-d9,120,A,1,11,"[12800,34200,2000,51000]",2,4.0,1,3,0,0,6,True
2025-2025041017gm-00a9-0000-5584369a-05-s1-d9,120,B,3,1,"[9100,43200,8000,39700]",1,10.0,1,3,0,0,6,True
2025-2025041017gm-00a9-0000-5584369a-05-s1-d9,121,A,1,11,"[18700,56200,5100,20000]",1,10.0,1,3,0,0,6,True
2025-2025041017gm-00a9-0000-5584369a-05-s1-d9,121,B,3,1,"[33900,46300,8600,11200]",1,10.0,1,3,0,0,6,True
2025-2025041017gm-00a9-0000-5584369a-05-s1-d9,122,A,1,11,"[22600,32900,34600,9900]",2,4.0,1,3,0,0,6,True
2025-2025041017gm-00a9-0000-5584369a-05-s1-d9,122,B,3,1,"[28400,40100,18200,13300]",1,10.0,1,3,0,0,7,True
2025-2025041017gm-00a9-0000-5584369a-05-s1-d9,123,A,1,11,"[35200,39000,9800,16000]",1,10.0,1,3,0,0,5,True
2025-2025041017gm-00a9-0000-5584369a-05-s1-d9,123,B,3,1,"[36500,29500,28700,4300]",2,4.0,1,3,0,1,6,True
2025-2025041017gm-00a9-0000-5584369a-05-s1-d9,124,A,1,11,"[22900,30000,19100,28000]",1,10.0,1,3,0,0,6,True
2025-2025041017gm-00a9-0000-5584369a-05-s1-d9,124,B,3,1,"[20100,29600,13200,37100]",2,4.0,1,3,0,0,6,True
2025-2025041017gm-00a9-0000-5584369a-05-s1-d9,125,A,1,11,"[18600,31200,35100,15100]",2,4.0,1,3,0,0,6,True
2025-2025041017gm-00a9-0000-5584369a-05-s1-d9,125,B,3,1,"[25100,22900,20500,31500]",3,-4.0,2,0,0,0,7,True
2025-2025041017gm-00a9-0000-5584369a-05-s1-d9,126,A,1,11,"[39500,20700,16100,23700]",3,-4.0,1,3,1,0,7,True
2025-2025041017gm-00a9-0000-5584369a-05-s1-d9,126,B,3,1,"[31800,24100,22100,22000]",2,4.0,1,3,1,0,7,True
2025-2025041017gm-00a9-0000-5584369a-05-s1-d9,127,A,1,11,"[15100,39900,22100,22900]",1,10.0,1,3,0,0,7,True
2025-2025041017gm-00a9-0000-5584369a-05-s1-d9,127,B,3,1,"[2800,38500,32500,26200]",1,10.0,1,3,0,0,7,True
2025-2025041017gm-00a9-0000-5584369a-05-s1-d9,128,A,1,11,"[16300,33500,16400,33800]",2,4.0,1,3,0,0,6,True
2025-2025041017gm-00a9-0000-5584369a-05-s1-d9,128,B,3,1,"[10900,42000,35100,12000]",1,10.0,1,3,0,0,6,True
2025-2025041017gm-00a9-0000-5584369a-05-s1-d9,129,A,1,11,"[26100,29800,9500,34600]",2,4.0,2,1,0,0,9,True
2025-2025041017gm-00a9-0000-5584369a-05-s1-d9,129,B,3,1,"[31800,20600,24600,23000]",4,-10.0,1,3,0,0,5,True
2025-2025041017gm-00a9-0000-5584369a-05-s1-d9,130,A,1,11,"[33000,44800,16900,5300]",1,10.0,1,3,0,0,6,True
2025-2025041017gm-00a9-0000-5584369a-05-s1-d9,130,B,3,1,"[30400,36000,28400,5200]",1,10.0,1,3,0,0,6,True
2025-2025041017gm-00a9-0000-5584369a-05-s1-d9,131,A,1,11,"[52500,32000,4000,11500]",2,4.0,1,3,0,0,6,True
2025-2025041017gm-00a9-0000-5584369a-05-s1-d9,131,B,3,1,"[21600,38600,27200,12600]",1,10.0,1,3,0,0,6,True
2025-2025041017gm-00a9-0000-5584369a-05-s1-d9,132,A,1,11,"[14900,57000,20300,7800]",1,10.0,1,3,0,0,7,True
2025-2025041017gm-00a9-0000-5584369a-05-s1-d9,132,B,3,1,"[43600,36100,13100,7200]",2,4.0,1,3,0,0,5,True
2025-2025041017gm-00a9-0000-5584369a-05-s1-d9,133,A,1,11,"[27900,34800,21600,15700]",1,10.0,1,3,0,0,6,True
2025-2025041017gm-00a9-0000-5584369a-05-s1-d9,133,B,3,1,"[21100,37200,24600,17100]",1,10.0,1,3,0,0,6,True
2025-2025041017gm-00a9-0000-5584369a-05-s1-d9,134,A,1,11,"[24700,48700,24600,2000]",1,10.0,1,3,0,0,6,True
2025-2025041017gm-00a9-0000-5584369a-05-s1-d9,134,B,3,1,"[26600,25300,32700,15400]",3,-4.0,1,3,0,0,5,True
2025-2025041017gm-00a9-0000-5584369a-05-s1-d9,135,A,1,11,"[22800,40200,20000,17000]",1,10.0,1,3,0,0,5,True
2025-2025041017gm-00a9-0000-5584369a-05-s1-d9,135,B,3,1,"[20800,33000,16100,30100]",1,10.0,1,3,0,0,5,True
2025-2025041017gm-00a9-0000-5584369a-05-s1-d9,136,A,1,11,"[23800,36700,32700,6800]",1,10.0,1,3,0,0,6,True
2025-2025041017gm-00a9-0000-5584369a-05-s1-d9,136,B,3,1,"[36500,29100,20900,13500]",2,4.0,1,3,0,0,11,True
2025-2025041017gm-00a9-0000-5584369a-05-s1-d9,137,A,1,11,"[24600,29800,31500,14100]",2,4.0,1,3,1,0,7,True
2025-2025041017gm-00a9-0000-5584369a-05-s1-d9,137,B,3,1,"[25600,37000,24200,13200]",1,10.0,1,3,0,0,7,True
2025-2025041017gm-00a9-0000-5584369a-05-s1-d9,138,A,1,11,"[47100,46800,5600,500]",2,4.0,1,3,0,0,7,True
2025-2025041017gm-00a9-0000-5584369a-05-s1-d9,138,B,3,1,"[36800,36200,18100,8900]",2,4.0,1,3,0,0,9,True
2025-2025041017gm-00a9-0000-5584369a-05-s1-d9,139,A,1,11,"[11100,31800,40300,16800]",2,4.0,1,3,0,0,6,True
2025-2025041017gm-00a9-0000-5584369a-05-s1-d9,139,B,3,1,"[16700,50800,9700,22800]",1,10.0,1,3,1,0,8,True
2025-2025041017gm-00a9-0000-5584369a-05-s1-d9,140,A,1,11,"[34600,37400,19000,9000]",1,10.0,1,3,2,0,7,True
2025-2025041017gm-00a9-0000-5584369a-05-s1-d9,140,B,3,1,"[27800,40600,-2500,34100]",1,10.0,1,2,0,0,4,True
2025-2025041017gm-00a9-0000-5584369a-05-s1-d9,141,A,1,11,"[26300,38500,1200,34000]",1,10.0,1,3,0,0,5,True
2025-2025041017gm-00a9-0000-5584369a-05-s1-d9,141,B,3,1,"[28000,46000,-1000,27000]",1,10.0,1,1,0,0,5,True
2025-2025041017gm-00a9-0000-5584369a-05-s1-d9,142,A,1,11,"[16600,28800,45000,9600]",2,4.0,1,3,2,0,6,True
2025-2025041017gm-00a9-0000-5584369a-05-s1-d9,142,B,3,1,"[27600,35100,15800,21500]",1,10.0,1,3,0,0,6,True
2025-2025041017gm-00a9-0000-5584369a-05-s1-d9,143,A,1,11,"[34700,29400,14800,21100]",2,4.0,1,3,0,0,6,True
2025-2025041017gm-00a9-0000-5584369a-05-s1-d9,143,B,3,1,"[21200,21400,34800,22600]",3,-4.0,1,3,1,0,8,True
2025-2025041017gm-00a9-0000-5584369a-05-s1-d9,144,A,1,11,"[38500,40400,15300,5800]",1,10.0,1,3,0,0,5,True
2025-2025041017gm-00a9-0000-5584369a-05-s1-d9,144,B,3,1,"[29200,30500,21700,18600]",1,10.0,1,3,0,0,6,True
2025-2025041017gm-00a9-0000-5584369a-05-s1-d9,145,A,1,11,"[15100,29700,31300,23900]",2,4.0,2,0,0,0,7,True
2025-2025041017gm-00a9-0000-5584369a-05-s1-d9,145,B,3,1,"[44400,36000,6800,12800]",2,4.0,1,3,1,0,6,True
2025-2025041017gm-00a9-0000-5584369a-05-s1-d9,146,A,1,11,"[23300,57500,12600,6600]",1,10.0,1,3,0,0,5,True
2025-2025041017gm-00a9-0000-5584369a-05-s1-d9,146,B,3,1,"[25300,55700,7400,11600]",1,10.0,1,3,2,0,5,True
2025-2025041017gm-00a9-0000-5584369a-05-s1-d9,147,A,1,11,"[33700,41300,10600,14400]",1,10.0,1,3,0,0,6,True
2025-2025041017gm-00a9-0000-5584369a-05-s1-d9,147,B,3,1,"[51700,36200,-800,12900]",2,4.0,1,3,1,0,7,True
2025-2025041017gm-00a9-0000-5584369a-05-s1-d9,148,A,1,11,"[38100,27700,15000,19200]",2,4.0,1,3,0,0,6,True
2025-2025041017gm-00a9-0000-5584369a-05-s1-d9,148,B,3,1,"[13200,44100,20900,21800]",1,10.0,1,3,0,0,6,True
2025-2025041017gm-00a9-0000-5584369a-05-s1-d9,149,A,1,11,"[43200,30300,19700,6800]",2,4.0,1,3,0,0,6,True
2025-2025041017gm-00a9-0000-5584369a-05-s1-d9,149,B,3,1,"[28200,31000,14800,26000]",1,10.0,1,3,2,0,8,True
2025-2025041017gm-00a9-0000-5584369a-05-s1-d9,150,A,1,11,"[27800,45900,14100,12200]",1,10.0,1,3,0,0,5,True
2025-2025041017gm-00a9-0000-5584369a-05-s1-d9,150,B,3,1,"[52900,28000,7200,11900]",2,4.0,1,3,0,0,6,True
2025-2025041017gm-00a9-0000-5584369a-05-s1-d9,151,A,1,11,"[32300,29400,29800,8500]",3,-4.0,1,3,1,0,6,True
2025-2025041017gm-00a9-0000-5584369a-05-s1-d9,151,B,3,1,"[26900,41400,4500,27200]",1,10.0,1,3,0,0,7,True
2025-2025041017gm-00a9-0000-5584369a-05-s1-d9,152,A,1,11,"[17700,35500,-1600,48400]",2,4.0,0,3,2,0,3,True
2025-2025041017gm-00a9-0000-5584369a-05-s1-d9,152,B,3,1,"[17700,35500,-1600,48400]",2,4.0,0,3,2,0,3,True
2025-2025041017gm-00a9-0000-5584369a-05-s1-d9,153,A,1,11,"[42800,38000,14100,5100]",2,4.0,1,3,1,0,5,True
2025-2025041017gm-00a9-0000-5584369a-05-s1-d9,153,B,3,1,"[40000,28300,20100,11600]",2,4.0,1,3,1,0,5,True
2025-2025041017gm-00a9-0000-5584369a-05-s1-d9,154,A,1,11,"[25700,47100,16100,11100]",1,10.0,1,3,1,0,6,True
2025-2025041017gm-00a9-0000-5584369a-05-s1-d9,154,B,3,1,"[19200,48600,23100,9100]",1,10.0,1,3,2,0,6,True
2025-2025041017gm-00a9-0000-5584369a-05-s1-d9,155,A,1,11,"[27000,31800,-6600,47800]",2,4.0,1,3,0,0,8,True
2025-2025041017gm-00a9-0000-5584369a-05-s1-d9,155,B,3,1,"[27000,31800,-6600,47800]",2,4.0,1,3,0,0,8,True
2025-2025041017gm-00a9-0000-5584369a-05-s1-d9,156,A,1,11,"[26900,44500,16500,12100]",1,10.0,1,3,0,0,5,True
2025-2025041017gm-00a9-0000-5584369a-05-s1-d9,156,B,3,1,"[25600,38000,10900,25500]",1,10.0,1,3,0,0,6,True
2025-2025041017gm-00a9-0000-5584369a-05-s1-d9,157,A,1,11,"[13100,37300,24400,25200]",1,10.0,1,3,0,0,8,True
2025-2025041017gm-00a9-0000-5584369a-05-s1-d9,157,B,3,1,"[45400,24600,16300,13700]",2,4.0,1,3,1,0,5,True
2025-2025041017gm-00a9-0000-5584369a-05-s1-d9,158,A,1,11,"[22100,35600,25100,17200]",1,10.0,1,3,0,0,7,True
2025-2025041017gm-00a9-0000-5584369a-05-s1-d9,158,B,3,1,"[13700,38200,18600,29500]",1,10.0,1,3,0,0,7,True
2025-2025041017gm-00a9-0000-5584369a-05-s1-d9,159,A,1,11,"[16800,43100,2900,37200]",1,10.0,1,3,0,0,5,True
2025-2025041017gm-00a9-0000-5584369a-05-s1-d9,159,B,3,1,"[19100,36000,16300,28600]",1,10.0,1,3,0,0,5,True
2025-2025041017gm-00a9-0000-5584369a-05-s1-d9,160,A,1,11,"[32300,33100,21300,13300]",1,10.0,1,3,0,0,8,True
2025-2025041017gm-00a9-0000-5584369a-05-s1-d9,160,B,3,1,"[43200,44900,14100,-2200]",1,10.0,1,0,3,0,5,True
2025-2025041017gm-00a9-0000-5584369a-05-s1-d9,161,A,1,11,"[21800,30000,17100,31100]",2,4.0,1,3,1,0,7,True
2025-2025041017gm-00a9-0000-5584369a-05-s1-d9,161,B,3,1,"[27300,29300,8100,35300]",2,4.0,1,3,0,0,5,True
2025-2025041017gm-00a9-0000-5584369a-05-s1-d9,162,A,1,11,"[6200,30200,37200,26400]",2,4.0,1,3,0,0,6,True
2025-2025041017gm-00a9-0000-5584369a-05-s1-d9,162,B,3,1,"[24500,32300,38900,4300]",2,4.0,1,3,0,0,6,True
2025-2025041017gm-00a9-0000-5584369a-05-s1-d9,163,A,1,11,"[27300,43300,13000,16400]",1,10.0,1,3,1,0,8,True
2025-2025041017gm-00a9-0000-5584369a-05-s1-d9,163,B,3,1,"[14900,42700,27400,15000]",1,10.0,1,3,0,0,6,True
2025-2025041017gm-00a9-0000-5584369a-05-s1-d9,164,A,1,11,"[32200,43000,3600,21200]",1,10.0,1,3,1,0,7,True
2025-2025041017gm-00a9-0000-5584369a-05-s1-d9,164,B,3,1,"[25600,35200,20100,19100]",1,10.0,1,3,0,0,5,True
2025-2025041017gm-00a9-0000-5584369a-05-s1-d9,165,A,1,11,"[-1200,41400,19300,40500]",1,10.0,1,3,0,0,6,True
2025-2025041017gm-00a9-0000-5584369a-05-s1-d9,165,B,3,1,"[26300,44200,10000,19500]",1,10.0,1,3,0,0,5,True
2025-2025041017gm-00a9-0000-5584369a-05-s1-d9,166,A,1,11,"[16800,47100,23400,12700]",1,10.0,1,3,0,0,7,True
2025-2025041017gm-00a9-0000-5584369a-05-s1-d9,166,B,3,1,"[28600,42000,-4600,34000]",1,10.0,1,3,2,0,8,True
2025-2025041017gm-00a9-0000-5584369a-05-s1-d9,167,A,1,11,"[26700,40900,27400,5000]",1,10.0,1,3,0,0,5,True
2025-2025041017gm-00a9-0000-5584369a-05-s1-d9,167,B,3,1,"[26700,41900,26400,5000]",1,10.0,1,3,0,0,5,True
2025-2025041017gm-00a9-0000-5584369a-05-s1-d9,168,A,1,11,"[18500,45800,25300,10400]",1,10.0,1,3,1,0,6,True
2025-2025041017gm-00a9-0000-5584369a-05-s1-d9,168,B,3,1,"[18500,45800,25300,10400]",1,10.0,1,3,1,0,6,True
2025-2025041017gm-00a9-0000-5584369a-05-s1-d9,169,A,1,11,"[20600,30000,51600,-2200]",2,4.0,1,2,1,0,6,True
2025-2025041017gm-00a9-0000-5584369a-05-s1-d9,169,B,3,1,"[18900,30700,51500,-1100]",2,4.0,1,2,1,0,6,True
2025-2025041017gm-00a9-0000-5584369a-05-s1-d9,170,A,1,11,"[16000,46900,22300,14800]",1,10.0,1,3,1,0,8,True
2025-2025041017gm-00a9-0000-5584369a-05-s1-d9,170,B,3,1,"[16000,46900,22300,14800]",1,10.0,1,3,1,0,8,True
2025-2025041017gm-00a9-0000-5584369a-05-s1-d9,171,A,1,11,"[34500,34500,23700,7300]",2,4.0,1,3,0,0,8,True
2025-2025041017gm-00a9-0000-5584369a-05-s1-d9,171,B,3,1,"[20400,44500,32100,3000]",1,10.0,1,3,0,0,8,True
2025-2025041017gm-00a9-0000-5584369a-05-s1-d9,172,A,1,11,"[39000,40300,28100,-7400]",1,10.0,1,3,0,0,6,True
2025-2025041017gm-00a9-0000-5584369a-05-s1-d9,172,B,3,1,"[39500,32000,30000,-1500]",2,4.0,1,2,0,0,4,True
2025-2025041017gm-00a9-0000-5584369a-05-s1-d9,173,A,1,11,"[21200,27900,17500,33400]",2,4.0,1,3,0,0,8,True
2025-2025041017gm-00a9-0000-5584369a-05-s1-d9,173,B,3,1,"[25100,32500,24500,17900]",1,10.0,1,3,0,0,8,True
2025-2025041017gm-00a9-0000-5584369a-05-s1-d9,174,A,1,11,"[15700,34500,15000,34800]",2,4.0,1,3,1,0,6,True
2025-2025041017gm-00a9-0000-5584369a-05-s1-d9,174,B,3,1,"[15100,44900,15200,24800]",1,10.0,1,3,1,0,7,True
2025-2025041017gm-00a9-0000-5584369a-05-s1-d9,175,A,1,11,"[24200,43200,12700,19900]",1,10.0,1,3,0,0,5,True
2025-2025041017gm-00a9-0000-5584369a-05-s1-d9,175,B,3,1,"[30700,33200,22000,14100]",1,10.0,1,3,1,0,6,True
2025-2025041017gm-00a9-0000-5584369a-05-s1-d9,176,A,1,11,"[22400,35400,25600,16600]",1,10.0,1,3,0,0,7,True
2025-2025041017gm-00a9-0000-5584369a-05-s1-d9,176,B,3,1,"[31200,39500,29900,-600]",1,10.0,1,1,0,0,3,True
2025-2025041017gm-00a9-0000-5584369a-05-s1-d9,177,A,1,11,"[36100,47200,13100,3600]",1,10.0,1,3,1,0,5,True
2025-2025041017gm-00a9-0000-5584369a-05-s1-d9,177,B,3,1,"[11500,50500,17000,21000]",1,10.0,1,3,0,0,6,True
2025-2025041017gm-00a9-0000-5584369a-05-s1-d9,178,A,1,11,"[26800,43200,21100,8900]",1,10.0,1,3,0,0,5,True
2025-2025041017gm-00a9-0000-5584369a-05-s1-d9,178,B,3,1,"[43400,41800,12000,2800]",2,4.0,1,3,0,0,6,True
2025-2025041017gm-00a9-0000-5584369a-05-s1-d9,179,A,1,11,"[26300,42300,5700,25700]",1,10.0,1,3,0,0,5,True
2025-2025041017gm-00a9-0000-5584369a-05-s1-d9,179,B,3,1,"[24400,41000,6900,27700]",1,10.0,1,3,0,0,5,True
2025-2025041017gm-00a9-0000-5584369a-05-s1-d9,180,A,1,11,"[30600,35400,19500,14500]",1,10.0,1,3,0,0,5,True
2025-2025041017gm-00a9-0000-5584369a-05-s1-d9,180,B,3,1,"[15300,36200,28400,19100]",1,10.0,1,3,0,1,6,True
2025-2025041017gm-00a9-0000-5584369a-05-s1-d9,181,A,1,11,"[35400,28700,11200,24700]",2,4.0,1,3,3,0,7,True
2025-2025041017gm-00a9-0000-5584369a-05-s1-d9,181,B,3,1,"[32600,18700,27100,21600]",4,-10.0,1,3,1,0,6,True
2025-2025041017gm-00a9-0000-5584369a-05-s1-d9,182,A,1,11,"[24800,39400,15000,20800]",1,10.0,1,3,1,0,6,True
2025-2025041017gm-00a9-0000-5584369a-05-s1-d9,182,B,3,1,"[31500,20900,24500,23100]",4,-10.0,2,3,0,0,13,True
2025-2025041017gm-00a9-0000-5584369a-05-s1-d9,183,A,1,11,"[23500,53700,14400,8400]",1,10.0,1,3,0,0,6,True
2025-2025041017gm-00a9-0000-5584369a-05-s1-d9,183,B,3,1,"[23500,53700,14400,8400]",1,10.0,1,3,0,0,6,True
2025-2025041017gm-00a9-0000-5584369a-05-s1-d9,184,A,1,11,"[18500,34400,31200,15900]",1,10.0,1,3,0,0,9,True
2025-2025041017gm-00a9-0000-5584369a-05-s1-d9,184,B,3,1,"[13100,28500,1400,57000]",2,4.0,1,3,0,0,7,True
2025-2025041017gm-00a9-0000-5584369a-05-s1-d9,185,A,1,11,"[28800,41900,6500,22800]",1,10.0,1,3,0,0,5,True
2025-2025041017gm-00a9-0000-5584369a-05-s1-d9,185,B,3,1,"[17500,40400,16800,25300]",1,10.0,1,3,0,0,5,True
2025-2025041017gm-00a9-0000-5584369a-05-s1-d9,186,A,1,11,"[15200,49300,21500,14000]",1,10.0,1,3,0,0,5,True
2025-2025041017gm-00a9-0000-5584369a-05-s1-d9,186,B,3,1,"[22200,43300,21500,13000]",1,10.0,1,3,0,0,5,True
2025-2025041017gm-00a9-0000-5584369a-05-s1-d9,187,A,1,11,"[6600,34500,53300,5600]",2,4.0,1,3,0,0,5,True
2025-2025041017gm-00a9-0000-5584369a-05-s1-d9,187,B,3,1,"[30800,61100,10600,-2500]",1,10.0,1,3,0,0,6,True
2025-2025041017gm-00a9-0000-5584369a-05-s1-d9,188,A,1,11,"[23800,45900,12200,18100]",1,10.0,1,3,0,0,5,True
2025-2025041017gm-00a9-0000-5584369a-05-s1-d9,188,B,3,1,"[25500,37700,18600,18200]",1,10.0,1,3,1,0,5,True
2025-2025041017gm-00a9-0000-5584369a-05-s1-d9,189,A,1,11,"[25800,43400,-200,31000]",1,10.0,1,3,1,0,6,True
2025-2025041017gm-00a9-0000-5584369a-05-s1-d9,189,B,3,1,"[10700,44300,11200,33800]",1,10.0,1,3,1,0,6,True
2025-2025041017gm-00a9-0000-5584369a-05-s1-d9,190,A,1,11,"[44200,27100,25400,3300]",2,4.0,1,3,0,0,6,True
2025-2025041017gm-00a9-0000-5584369a-05-s1-d9,190,B,3,1,"[40600,29400,1700,28300]",2,4.0,1,3,0,0,7,True
2025-2025041017gm-00a9-0000-5584369a-05-s1-d9,191,A,1,11,"[11100,52600,22100,14200]",1,10.0,1,3,0,0,5,True
2025-2025041017gm-00a9-0000-5584369a-05-s1-d9,191,B,3,1,"[27000,36900,23800,12300]",1,10.0,1,3,0,0,5,True
2025-2025041017gm-00a9-0000-5584369a-05-s1-d9,192,A,1,11,"[22800,50400,11500,15300]",1,10.0,1,3,0,0,5,True
2025-2025041017gm-00a9-0000-5584369a-05-s1-d9,192,B,3,1,"[25300,55100,20100,-500]",1,10.0,1,2,1,0,5,True
2025-2025041017gm-00a9-0000-5584369a-05-s1-d9,193,A,1,11,"[33100,37700,17100,12100]",1,10.0,1,3,0,0,6,True
2025-2025041017gm-00a9-0000-5584369a-05-s1-d9,193,B,3,1,"[24100,40200,14600,21100]",1,10.0,1,3,1,0,6,True
2025-2025041017gm-00a9-0000-5584369a-05-s1-d9,194,A,1,11,"[49800,36000,-1200,15400]",2,4.0,1,0,1,0,3,True
2025-2025041017gm-00a9-0000-5584369a-05-s1-d9,194,B,3,1,"[19100,32400,26800,21700]",1,10.0,1,3,0,0,8,True
2025-2025041017gm-00a9-0000-5584369a-05-s1-d9,195,A,1,11,"[24900,56900,11100,7100]",1,10.0,1,3,0,0,6,True
2025-2025041017gm-00a9-0000-5584369a-05-s1-d9,195,B,3,1,"[31800,18700,25400,24100]",4,-10.0,1,3,2,0,8,True
2025-2025041017gm-00a9-0000-5584369a-05-s1-d9,196,A,1,11,"[28300,13000,22500,36200]",4,-10.0,1,3,0,0,10,True
2025-2025041017gm-00a9-0000-5584369a-05-s1-d9,196,B,3,1,"[28300,13000,22500,36200]",4,-10.0,1,3,0,0,10,True
2025-2025041017gm-00a9-0000-5584369a-05-s1-d9,197,A,1,11,"[25200,40900,10700,23200]",1,10.0,1,3,1,0,8,True
2025-2025041017gm-00a9-0000-5584369a-05-s1-d9,197,B,3,1,"[35700,56000,6900,1400]",1,10.0,1,3,0,0,7,True
2025-2025041017gm-00a9-0000-5584369a-05-s1-d9,198,A,1,11,"[41700,34000,5500,18800]",2,4.0,1,3,0,0,7,True
2025-2025041017gm-00a9-0000-5584369a-05-s1-d9,198,B,3,1,"[10500,35000,15400,38100]",2,4.0,1,3,0,1,6,True
2025-2025041017gm-00a9-0000-5584369a-05-s1-d9,199,A,1,11,"[22100,43900,6200,27800]",1,10.0,1,3,0,0,6,True
2025-2025041017gm-00a9-0000-5584369a-05-s1-d9,199,B,3,1,"[22100,43900,6200,27800]",1,10.0,1,3,0,0,6,True
2025-2025041017gm-00a9-0000-5584369a-05-s1-d9,200,A,1,11,"[11500,38200,5300,45000]",2,4.0,1,3,0,0,7,True
2025-2025041017gm-00a9-0000-5584369a-05-s1-d9,200,B,3,1,"[30500,37400,20800,11300]",1,10.0,1,3,4,0,8,True
2025-2025041017gm-00a9-0000-5584369a-05-s1-d9,201,A,1,11,"[18800,53100,4300,23800]",1,10.0,1,3,3,0,10,True
2025-2025041017gm-00a9-0000-5584369a-05-s1-d9,201,B,3,1,"[27300,54100,-600,19200]",1,10.0,1,3,0,0,6,True
2025-2025041017gm-00a9-0000-5584369a-05-s1-d9,202,A,1,11,"[16500,37600,6800,39100]",2,4.0,1,3,0,0,6,True
2025-2025041017gm-00a9-0000-5584369a-05-s1-d9,202,B,3,1,"[12300,43900,15500,28300]",1,10.0,1,3,0,0,5,True
2025-2025041017gm-00a9-0000-5584369a-05-s1-d9,203,A,1,11,"[21400,35100,24500,19000]",1,10.0,1,3,0,0,6,True
2025-2025041017gm-00a9-0000-5584369a-05-s1-d9,203,B,3,1,"[30200,33600,25700,10500]",1,10.0,1,3,0,0,5,True
2025-2025041017gm-00a9-0000-5584369a-05-s1-d9,204,A,1,11,"[30300,41300,5000,23400]",1,10.0,1,3,0,0,8,True
2025-2025041017gm-00a9-0000-5584369a-05-s1-d9,204,B,3,1,"[39300,41300,4000,15400]",1,10.0,1,3,0,0,8,True
2025-2025041017gm-00a9-0000-5584369a-05-s1-d9,205,A,1,11,"[22400,33200,30000,14400]",1,10.0,1,3,0,0,6,True
2025-2025041017gm-00a9-0000-5584369a-05-s1-d9,205,B,3,1,"[27400,15600,24800,32200]",4,-10.0,1,3,1,0,7,True
2025-2025041017gm-00a9-0000-5584369a-05-s1-d9,206,A,1,11,"[34200,25500,30000,10300]",3,-4.0,1,3,0,0,7,True
2025-2025041017gm-00a9-0000-5584369a-05-s1-d9,206,B,3,1,"[41500,40000,11100,7400]",2,4.0,1,3,0,0,7,True
2025-2025041017gm-00a9-0000-5584369a-05-s1-d9,207,A,1,11,"[28000,22900,16500,32600]",3,-4.0,2,1,0,0,10,True
2025-2025041017gm-00a9-0000-5584369a-05-s1-d9,207,B,3,1,"[24900,46500,12500,16100]",1,10.0,1,3,0,0,5,True
2025-2025041017gm-00a9-0000-5584369a-05-s1-d9,208,A,1,11,"[42800,24600,27500,5100]",3,-4.0,1,3,1,0,7,True
2025-2025041017gm-00a9-0000-5584369a-05-s1-d9,208,B,3,1,"[13600,49500,29200,7700]",1,10.0,1,3,3,0,10,True
2025-2025041017gm-00a9-0000-5584369a-05-s1-d9,209,A,1,11,"[20100,44100,34100,1700]",1,10.0,1,3,1,0,8,True
2025-2025041017gm-00a9-0000-5584369a-05-s1-d9,209,B,3,1,"[35800,27600,26400,10200]",2,4.0,1,3,0,0,6,True
2025-2025041017gm-00a9-0000-5584369a-05-s1-d9,210,A,1,11,"[24800,38300,38400,-1500]",2,4.0,1,2,2,0,5,True
2025-2025041017gm-00a9-0000-5584369a-05-s1-d9,210,B,3,1,"[35100,41800,7200,15900]",1,10.0,1,3,0,0,8,True
2025-2025041017gm-00a9-0000-5584369a-05-s1-d9,211,A,1,11,"[23200,43600,17100,16100]",1,10.0,1,3,0,0,5,True
2025-2025041017gm-00a9-0000-5584369a-05-s1-d9,211,B,3,1,"[23200,43600,17100,16100]",1,10.0,1,3,0,0,5,True
2025-2025041017gm-00a9-0000-5584369a-05-s1-d9,212,A,1,11,"[31900,29000,27300,11800]",2,4.0,1,3,0,0,8,True
2025-2025041017gm-00a9-0000-5584369a-05-s1-d9,212,B,3,1,"[31900,29000,27300,11800]",2,4.0,1,3,0,0,8,True
2025-2025041017gm-00a9-0000-5584369a-05-s1-d9,213,A,1,11,"[35400,26300,15900,22400]",2,4.0,1,3,1,0,6,True
2025-2025041017gm-00a9-0000-5584369a-05-s1-d9,213,B,3,1,"[27000,28900,19300,24800]",1,10.0,2,3,0,0,11,True
2025-2025041017gm-00a9-0000-5584369a-05-s1-d9,214,A,1,11,"[33500,48500,-3600,21600]",1,10.0,1,2,1,0,8,True
2025-2025041017gm-00a9-0000-5584369a-05-s1-d9,214,B,3,1,"[26900,39000,14100,20000]",1,10.0,1,3,0,0,5,True
2025-2025041017gm-00a9-0000-5584369a-05-s1-d9,215,A,1,11,"[26300,33700,19400,20600]",1,10.0,1,3,1,0,9,True
2025-2025041017gm-00a9-0000-5584369a-05-s1-d9,215,B,3,1,"[26300,33700,19400,20600]",1,10.0,1,3,1,0,9,True
2025-2025041017gm-00a9-0000-5584369a-05-s1-d9,216,A,1,11,"[32500,37300,13300,16900]",1,10.0,1,3,0,0,5,True
2025-2025041017gm-00a9-0000-5584369a-05-s1-d9,216,B,3,1,"[18700,41600,19300,20400]",1,10.0,1,3,0,0,5,True
2025-2025041017gm-00a9-0000-5584369a-05-s1-d9,217,A,1,11,"[12800,39000,25500,22700]",1,10.0,1,3,0,0,5,True
2025-2025041017gm-00a9-0000-5584369a-05-s1-d9,217,B,3,1,"[17300,33200,23300,26200]",1,10.0,1,3,0,0,5,True
2025-2025041017gm-00a9-0000-5584369a-05-s1-d9,218,A,1,11,"[18800,37100,21800,22300]",1,10.0,1,3,0,0,7,True
2025-2025041017gm-00a9-0000-5584369a-05-s1-d9,218,B,3,1,"[24100,33000,33800,9100]",2,4.0,1,3,0,0,9,True
2025-2025041017gm-00a9-0000-5584369a-05-s1-d9,219,A,1,11,"[27600,37400,9400,24600]",1,10.0,1,3,0,1,6,True
2025-2025041017gm-00a9-0000-5584369a-05-s1-d9,219,B,3,1,"[34200,38400,13700,13700]",1,10.0,1,3,0,0,8,True
2025-2025041017gm-00a9-0000-5584369a-05-s1-d9,220,A,1,11,"[16000,33600,32600,17800]",1,10.0,1,3,0,0,5,True
2025-2025041017gm-00a9-0000-5584369a-05-s1-d9,220,B,3,1,"[23200,32700,37100,7000]",2,4.0,1,3,0,0,5,True
2025-2025041017gm-00a9-0000-5584369a-05-s1-d9,221,A,1,11,"[30500,38600,6600,24300]",1,10.0,1,3,0,0,7,True
2025-2025041017gm-00a9-0000-5584369a-05-s1-d9,221,B,3,1,"[36000,54200,11500,-1700]",1,10.0,1,3,0,0,7,True
2025-2025041017gm-00a9-0000-5584369a-05-s1-d9,222,A,1,11,"[27000,32400,13200,27400]",1,10.0,1,3,0,0,6,True
2025-2025041017gm-00a9-0000-5584369a-05-s1-d9,222,B,3,1,"[38700,28700,14000,18600]",2,4.0,1,3,0,0,7,True
2025-2025041017gm-00a9-0000-5584369a-05-s1-d9,223,A,1,11,"[21600,31200,10700,36500]",2,4.0,1,3,0,0,5,True
2025-2025041017gm-00a9-0000-5584369a-05-s1-d9,223,B,3,1,"[31000,42600,23500,2900]",1,10.0,1,3,0,0,6,True
2025-2025041017gm-00a9-0000-5584369a-05-s1-d9,224,A,1,11,"[32800,39100,1100,27000]",1,10.0,1,3,0,0,5,True
2025-2025041017gm-00a9-0000-5584369a-05-s1-d9,224,B,3,1,"[12000,42300,26500,19200]",1,10.0,1,3,1,0,8,True
2025-2025041017gm-00a9-0000-5584369a-05-s1-d9,225,A,1,11,"[20800,38000,29600,11600]",1,10.0,1,3,0,0,5,True
2025-2025041017gm-00a9-0000-5584369a-05-s1-d9,225,B,3,1,"[34000,34800,12900,18300]",1,10.0,1,3,0,0,6,True
2025-2025041017gm-00a9-0000-5584369a-05-s1-d9,226,A,1,11,"[19800,34200,19600,26400]",1,10.0,1,3,0,0,7,True
2025-2025041017gm-00a9-0000-5584369a-05-s1-d9,226,B,3,1,"[28700,42400,16400,12500]",1,10.0,1,3,1,0,8,True
2025-2025041017gm-00a9-0000-5584369a-05-s1-d9,227,A,1,11,"[28400,30400,12300,28900]",1,10.0,1,3,0,0,9,True
2025-2025041017gm-00a9-0000-5584369a-05-s1-d9,227,B,3,1,"[85400,15800,-1100,-100]",2,4.0,1,0,2,0,3,True
2025-2025041017gm-00a9-0000-5584369a-05-s1-d9,228,A,1,11,"[25000,43800,16300,14900]",1,10.0,1,3,0,0,6,True
2025-2025041017gm-00a9-0000-5584369a-05-s1-d9,228,B,3,1,"[25000,43800,16300,14900]",1,10.0,1,3,0,0,6,True
2025-2025041017gm-00a9-0000-5584369a-05-s1-d9,229,A,1,11,"[34500,50000,16100,-600]",1,10.0,1,1,0,0,3,True
2025-2025041017gm-00a9-0000-5584369a-05-s1-d9,229,B,3,1,"[29000,28100,38000,4900]",3,-4.0,1,3,0,0,7,True
2025-2025041017gm-00a9-0000-5584369a-05-s1-d9,230,A,1,11,"[34400,54100,2000,8500]",1,10.0,1,3,0,1,7,True
2025-2025041017gm-00a9-0000-5584369a-05-s1-d9,230,B,3,1,"[41800,-1000,32700,26500]",4,-10.0,1,3,0,0,6,True
2025-2025041017gm-00a9-0000-5584369a-05-s1-d9,231,A,1,11,"[5400,20800,64000,9800]",2,4.0,1,3,3,0,8,True
2025-2025041017gm-00a9-0000-5584369a-05-s1-d9,231,B,3,1,"[27300,37000,24700,11000]",1,10.0,1,3,1,0,6,True
2025-2025041017gm-00a9-0000-5584369a-05-s1-d9,232,A,1,11,"[42200,19400,26700,11700]",3,-4.0,1,3,2,0,9,True
2025-2025041017gm-00a9-0000-5584369a-05-s1-d9,232,B,3,1,"[60100,33600,6700,-400]",2,4.0,1,2,0,0,5,True
2025-2025041017gm-00a9-0000-5584369a-05-s1-d9,233,A,1,11,"[25300,35600,21100,18000]",1,10.0,1,3,2,0,10,True
2025-2025041017gm-00a9-0000-5584369a-05-s1-d9,233,B,3,1,"[22900,50400,11300,15400]",1,10.0,1,3,1,0,9,True
2025-2025041017gm-00a9-0000-5584369a-05-s1-d9,234,A,1,11,"[26300,39100,19000,15600]",1,10.0,1,3,0,0,7,True
2025-2025041017gm-00a9-0000-5584369a-05-s1-d9,234,B,3,1,"[28800,44800,11700,14700]",1,10.0,1,3,0,0,6,True
2025-2025041017gm-00a9-0000-5584369a-05-s1-d9,235,A,1,11,"[35700,31300,17900,15100]",2,4.0,1,3,0,0,5,True
2025-2025041017gm-00a9-0000-5584369a-05-s1-d9,235,B,3,1,"[21800,41200,21900,15100]",1,10.0,1,3,0,0,5,True
2025-2025041017gm-00a9-0000-5584369a-05-s1-d9,236,A,1,11,"[23800,32000,-5200,49400]",2,4.0,0,3,1,0,2,True
2025-2025041017gm-00a9-0000-5584369a-05-s1-d9,236,B,3,1,"[20800,39400,28800,11000]",1,10.0,1,3,1,0,8,True
2025-2025041017gm-00a9-0000-5584369a-05-s1-d9,237,A,1,11,"[14300,26700,46600,12400]",2,4.0,1,3,6,0,10,True
2025-2025041017gm-00a9-0000-5584369a-05-s1-d9,237,B,3,1,"[18700,28700,36300,16300]",2,4.0,1,3,4,0,8,True
2025-2025041017gm-00a9-0000-5584369a-05-s1-d9,238,A,1,11,"[17700,54200,17700,10400]",1,10.0,1,3,0,0,6,True
2025-2025041017gm-00a9-0000-5584369a-05-s1-d9,238,B,3,1,"[18300,28900,33500,19300]",2,4.0,2,0,0,0,7,True
2025-2025041017gm-00a9-0000-5584369a-05-s1-d9,239,A,1,11,"[24300,30600,30300,14800]",1,10.0,1,3,0,0,5,True
2025-2025041017gm-00a9-0000-5584369a-05-s1-d9,239,B,3,1,"[24300,30600,30300,14800]",1,10.0,1,3,0,0,5,True
2025-2025041017gm-00a9-0000-5584369a-05-s1-d9,240,A,1,11,"[33300,32800,5600,28300]",2,4.0,1,3,0,0,7,True
2025-2025041017gm-00a9-0000-5584369a-05-s1-d9,240,B,3,1,"[33300,32800,5600,28300]",2,4.0,1,3,0,0,7,True
2025-2025041017gm-00a9-0000-5584369a-05-s1-d9,241,A,1,11,"[26800,41000,32400,-200]",1,10.0,1,2,0,0,4,True
2025-2025041017gm-00a9-0000-5584369a-05-s1-d9,241,B,3,1,"[26800,41000,32400,-200]",1,10.0,1,2,0,0,4,True
2025-2025041017gm-00a9-0000-5584369a-05-s1-d9,242,A,1,11,"[27900,50800,13800,7500]",1,10.0,1,3,0,0,6,True
2025-2025041017gm-00a9-0000-5584369a-05-s1-d9,242,B,3,1,"[24400,57500,17600,500]",1,10.0,1,3,0,0,6,True
2025-2025041017gm-00a9-0000-5584369a-05-s1-d9,243,A,1,11,"[37400,35300,10900,16400]",2,4.0,1,3,0,0,6,True
2025-2025041017gm-00a9-0000-5584369a-05-s1-d9,243,B,3,1,"[22400,41100,16100,20400]",1,10.0,1,3,1,0,7,True
2025-2025041017gm-00a9-0000-5584369a-05-s1-d9,244,A,1,11,"[19700,23200,23900,33200]",3,-4.0,1,3,1,0,6,True
2025-2025041017gm-00a9-0000-5584369a-05-s1-d9,244,B,3,1,"[25600,40700,24800,8900]",1,10.0,1,3,0,0,6,True
2025-2025041017gm-00a9-0000-5584369a-05-s1-d9,245,A,1,11,"[25800,46600,8800,18800]",1,10.0,1,3,0,0,6,True
2025-2025041017gm-00a9-0000-5584369a-05-s1-d9,245,B,3,1,"[38200,36300,24800,700]",2,4.0,1,3,0,0,8,True
2025-2025041017gm-00a9-0000-5584369a-05-s1-d9,246,A,1,11,"[32800,40000,18800,8400]",1,10.0,1,3,0,0,7,True
2025-2025041017gm-00a9-0000-5584369a-05-s1-d9,246,B,3,1,"[28900,48600,-700,23200]",1,10.0,1,1,1,0,7,True
2025-2025041017gm-00a9-0000-5584369a-05-s1-d9,247,A,1,11,"[45400,49900,-2100,6800]",1,10.0,1,2,0,0,7,True
2025-2025041017gm-00a9-0000-5584369a-05-s1-d9,247,B,3,1,"[26900,48600,16500,8000]",1,10.0,1,3,0,0,6,True
2025-2025041017gm-00a9-0000-5584369a-05-s1-d9,248,A,1,11,"[23900,38200,24800,13100]",1,10.0,1,3,0,0,6,True
2025-2025041017gm-00a9-0000-5584369a-05-s1-d9,248,B,3,1,"[23900,38200,24800,13100]",1,10.0,1,3,0,0,6,True
2025-2025041017gm-00a9-0000-5584369a-05-s1-d9,249,A,1,11,"[41100,34200,6300,18400]",2,4.0,1,3,0,0,6,True
2025-2025041017gm-00a9-0000-5584369a-05-s1-d9,249,B,3,1,"[31100,37000,4700,27200]",1,10.0,1,3,0,0,7,True
2025-2025041017gm-00a9-0000-5584369a-05-s1-d9,250,A,1,11,"[30200,39200,12400,18200]",1,10.0,1,3,0,0,5,True
2025-2025041017gm-00a9-0000-5584369a-05-s1-d9,250,B,3,1,"[37100,31700,24700,6500]",2,4.0,1,3,1,0,7,True
2025-2025041017gm-00a9-0000-5584369a-05-s1-d9,251,A,1,11,"[23000,39800,2700,34500]",1,10.0,1,3,1,0,6,True
2025-2025041017gm-00a9-0000-5584369a-05-s1-d9,251,B,3,1,"[31000,27800,15700,25500]",2,4.0,1,3,1,0,8,True
2025-2025041017gm-00a9-0000-5584369a-05-s1-d9,252,A,1,11,"[18100,65500,6400,10000]",1,10.0,1,3,1,0,8,True
2025-2025041017gm-00a9-0000-5584369a-05-s1-d9,252,B,3,1,"[26800,59200,16100,-2100]",1,10.0,1,1,2,0,5,True
2025-2025041017gm-00a9-0000-5584369a-05-s1-d9,253,A,1,11,"[44000,45800,-2700,12900]",1,10.0,1,1,0,0,4,True
2025-2025041017gm-00a9-0000-5584369a-05-s1-d9,253,B,3,1,"[12300,52300,33500,1900]",1,10.0,1,3,2,0,6,True
2025-2025041017gm-00a9-0000-5584369a-05-s1-d9,254,A,1,11,"[32400,35400,6800,25400]",1,10.0,1,3,2,0,7,True
2025-2025041017gm-00a9-0000-5584369a-05-s1-d9,254,B,3,1,"[32400,35400,6800,25400]",1,10.0,1,3,2,0,7,True
2025-2025041017gm-00a9-0000-5584369a-05-s1-d9,255,A,1,11,"[46500,20800,12300,20400]",2,4.0,1,3,0,0,7,True
2025-2025041017gm-00a9-0000-5584369a-05-s1-d9,255,B,3,1,"[46000,41500,13500,-1000]",2,4.0,1,3,0,0,6,True
2025-2025041221gm-00a9-0000-d8d9d627-08-s2-d2,0,A,1,0,"[44200,32200,8900,14700]",4,-10.0,1,3,0,0,3,True
2025-2025041221gm-00a9-0000-d8d9d627-08-s2-d2,0,B,2,139,"[35500,30900,11000,22600]",4,-10.0,1,3,1,0,4,True
2025-2025041221gm-00a9-0000-d8d9d627-08-s2-d2,1,A,1,0,"[33900,12700,23400,30000]",3,-4.0,1,3,1,0,4,True
2025-2025041221gm-00a9-0000-d8d9d627-08-s2-d2,1,B,2,139,"[41600,34600,12300,11500]",3,-4.0,1,3,0,0,4,True
2025-2025041221gm-00a9-0000-d8d9d627-08-s2-d2,2,A,1,0,"[45000,16100,22900,16000]",2,4.0,1,3,0,0,3,True
2025-2025041221gm-00a9-0000-d8d9d627-08-s2-d2,2,B,2,139,"[48300,29500,9500,12700]",4,-10.0,1,3,0,0,3,True
2025-2025041221gm-00a9-0000-d8d9d627-08-s2-d2,3,A,1,0,"[40200,24000,2900,32900]",4,-10.0,1,3,0,0,3,True
2025-2025041221gm-00a9-0000-d8d9d627-08-s2-d2,3,B,2,139,"[38800,38400,18200,4600]",3,-4.0,1,3,0,0,4,True
2025-2025041221gm-00a9-0000-d8d9d627-08-s2-d2,4,A,1,0,"[44700,34900,7400,13000]",4,-10.0,1,3,0,0,3,True
2025-2025041221gm-00a9-0000-d8d9d627-08-s2-d2,4,B,2,139,"[44700,14200,19100,22000]",3,-4.0,1,3,1,0,4,True
2025-2025041221gm-00a9-0000-d8d9d627-08-s2-d2,5,A,1,0,"[46000,38100,2400,12500]",4,-10.0,1,3,0,1,4,True
2025-2025041221gm-00a9-0000-d8d9d627-08-s2-d2,5,B,2,139,"[55300,30400,11900,2400]",3,-4.0,1,3,0,0,4,True
2025-2025041221gm-00a9-0000-d8d9d627-08-s2-d2,6,A,1,0,"[56200,30900,14800,-1900]",3,-4.0,1,2,0,0,2,True
2025-2025041221gm-00a9-0000-d8d9d627-08-s2-d2,6,B,2,139,"[24000,41500,-3100,37600]",4,-10.0,1,3,0,0,5,True
2025-2025041221gm-00a9-0000-d8d9d627-08-s2-d2,7,A,1,0,"[35300,31000,21300,12400]",3,-4.0,1,3,0,0,4,True
2025-2025041221gm-00a9-0000-d8d9d627-08-s2-d2,7,B,2,139,"[49400,23700,25000,1900]",2,4.0,1,3,0,0,5,True
2025-2025041221gm-00a9-0000-d8d9d627-08-s2-d2,8,A,1,0,"[38400,39200,-600,23000]",4,-10.0,1,2,1,0,3,True
2025-2025041221gm-00a9-0000-d8d9d627-08-s2-d2,8,B,2,139,"[45500,20800,8300,25400]",4,-10.0,1,3,0,0,3,True
2025-2025041221gm-00a9-0000-d8d9d627-08-s2-d2,9,A,1,0,"[38700,27500,16600,17200]",4,-10.0,1,3,0,0,5,True
2025-2025041221gm-00a9-0000-d8d9d627-08-s2-d2,9,B,2,139,"[47400,38000,14200,400]",3,-4.0,1,3,0,0,6,True
2025-2025041221gm-00a9-0000-d8d9d627-08-s2-d2,10,A,1,0,"[43500,40600,2900,13000]",4,-10.0,1,3,1,0,4,True
2025-2025041221gm-00a9-0000-d8d9d627-08-s2-d2,10,B,2,139,"[45200,44600,1700,8500]",4,-10.0,1,3,0,0,4,True
2025-2025041221gm-00a9-0000-d8d9d627-08-s2-d2,11,A,1,0,"[43200,26600,11900,18300]",4,-10.0,1,3,0,0,3,True
2025-2025041221gm-00a9-0000-d8d9d627-08-s2-d2,11,B,2,139,"[42600,23900,3000,30500]",4,-10.0,1,3,0,0,3,True
2025-2025041221gm-00a9-0000-d8d9d627-08-s2-d2,12,A,1,0,"[38200,35400,9200,17200]",4,-10.0,1,3,0,0,6,True
2025-2025041221gm-00a9-0000-d8d9d627-08-s2-d2,12,B,2,139,"[37400,36400,12100,14100]",4,-10.0,1,3,0,0,5,True
2025-2025041221gm-00a9-0000-d8d9d627-08-s2-d2,13,A,1,0,"[39200,35900,-1800,26700]",4,-10.0,1,3,0,0,3,True
2025-2025041221gm-00a9-0000-d8d9d627-08-s2-d2,13,B,2,139,"[36200,31300,-1100,33600]",4,-10.0,1,3,1,0,4,True
2025-2025041221gm-00a9-0000-d8d9d627-08-s2-d2,14,A,1,0,"[49200,28800,12000,10000]",3,-4.0,1,3,0,0,3,True
2025-2025041221gm-00a9-0000-d8d9d627-08-s2-d2,14,B,2,139,"[46800,1800,38900,12500]",2,4.0,1,3,1,0,5,True
2025-2025041221gm-00a9-0000-d8d9d627-08-s2-d2,15,A,1,0,"[59900,23100,6800,10200]",4,-10.0,1,3,0,0,3,True
2025-2025041221gm-00a9-0000-d8d9d627-08-s2-d2,15,B,2,139,"[24600,50200,15000,10200]",3,-4.0,1,3,0,0,4,True
2025-2025041221gm-00a9-0000-d8d9d627-08-s2-d2,16,A,1,0,"[41100,28800,22800,7300]",3,-4.0,1,3,1,0,3,True
2025-2025041221gm-00a9-0000-d8d9d627-08-s2-d2,16,B,2,139,"[38300,55800,-4200,10100]",4,-10.0,1,3,0,0,4,True
2025-2025041221gm-00a9-0000-d8d9d627-08-s2-d2,17,A,1,0,"[33200,39900,11900,15000]",4,-10.0,1,3,0,0,3,True
2025-2025041221gm-00a9-0000-d8d9d627-08-s2-d2,17,B,2,139,"[35200,37300,14500,13000]",3,-4.0,1,3,0,0,3,True
2025-2025041221gm-00a9-0000-d8d9d627-08-s2-d2,18,A,1,0,"[41500,41600,9100,7800]",3,-4.0,1,3,0,0,3,True
2025-2025041221gm-00a9-0000-d8d9d627-08-s2-d2,18,B,2,139,"[41800,38300,14500,5400]",3,-4.0,1,3,0,0,4,True
2025-2025041221gm-00a9-0000-d8d9d627-08-s2-d2,19,A,1,0,"[38100,26800,8800,26300]",4,-10.0,1,3,0,0,3,True
2025-2025041221gm-00a9-0000-d8d9d627-08-s2-d2,19,B,2,139,"[44400,39500,15600,500]",3,-4.0,1,3,0,0,4,True
2025-2025041221gm-00a9-0000-d8d9d627-08-s2-d2,20,A,1,0,"[39000,39100,17400,4500]",3,-4.0,1,3,0,0,4,True
2025-2025041221gm-00a9-0000-d8d9d627-08-s2-d2,20,B,2,139,"[52200,30900,6900,10000]",4,-10.0,1,3,0,0,3,True
2025-2025041221gm-00a9-0000-d8d9d627-08-s2-d2,21,A,1,0,"[47900,28600,13200,10300]",3,-4.0,1,3,0,0,3,True
2025-2025041221gm-00a9-0000-d8d9d627-08-s2-d2,21,B,2,139,"[52400,22700,13900,11000]",3,-4.0,1,3,0,0,3,True
2025-2025041221gm-00a9-0000-d8d9d627-08-s2-d2,22,A,1,0,"[36300,44300,12700,6700]",3,-4.0,1,3,0,0,5,True
2025-2025041221gm-00a9-0000-d8d9d627-08-s2-d2,22,B,2,139,"[43200,27900,14900,13000]",3,-4.0,1,3,2,1,3,True
2025-2025041221gm-00a9-0000-d8d9d627-08-s2-d2,23,A,1,0,"[40100,27300,-1200,33800]",4,-10.0,1,2,0,0,3,True
2025-2025041221gm-00a9-0000-d8d9d627-08-s2-d2,23,B,2,139,"[43000,30100,14900,12000]",3,-4.0,1,3,0,0,5,True
2025-2025041221gm-00a9-0000-d8d9d627-08-s2-d2,24,A,1,0,"[25200,45200,6600,23000]",4,-10.0,1,3,1,0,5,True
2025-2025041221gm-00a9-0000-d8d9d627-08-s2-d2,24,B,2,139,"[42200,32800,3000,22000]",4,-10.0,1,3,0,0,3,True
2025-2025041221gm-00a9-0000-d8d9d627-08-s2-d2,25,A,1,0,"[36400,47700,700,15200]",4,-10.0,1,3,0,0,6,True
2025-2025041221gm-00a9-0000-d8d9d627-08-s2-d2,25,B,2,139,"[43900,35000,4400,16700]",4,-10.0,1,3,0,0,4,True
2025-2025041221gm-00a9-0000-d8d9d627-08-s2-d2,26,A,1,0,"[48100,35000,6900,10000]",4,-10.0,1,3,0,0,3,True
2025-2025041221gm-00a9-0000-d8d9d627-08-s2-d2,26,B,2,139,"[47200,34900,7900,10000]",4,-10.0,1,3,0,0,3,True
2025-2025041221gm-00a9-0000-d8d9d627-08-s2-d2,27,A,1,0,"[41200,27900,18500,12400]",3,-4.0,1,3,0,0,3,True
2025-2025041221gm-00a9-0000-d8d9d627-08-s2-d2,27,B,2,139,"[55600,28900,1500,14000]",4,-10.0,1,3,0,0,3,True
2025-2025041221gm-00a9-0000-d8d9d627-08-s2-d2,28,A,1,0,"[41900,33500,6700,17900]",4,-10.0,1,3,0,0,3,True
2025-2025041221gm-00a9-0000-d8d9d627-08-s2-d2,28,B,2,139,"[42200,36000,3500,18300]",4,-10.0,1,3,2,0,6,True
2025-2025041221gm-00a9-0000-d8d9d627-08-s2-d2,29,A,1,0,"[42900,29000,17100,11000]",3,-4.0,1,3,0,0,4,True
2025-2025041221gm-00a9-0000-d8d9d627-08-s2-d2,29,B,2,139,"[51200,12600,15300,20900]",3,-4.0,1,3,1,0,5,True
2025-2025041221gm-00a9-0000-d8d9d627-08-s2-d2,30,A,1,0,"[43200,41200,-1400,17000]",4,-10.0,1,3,0,0,3,True
2025-2025041221gm-00a9-0000-d8d9d627-08-s2-d2,30,B,2,139,"[40200,33600,8300,17900]",4,-10.0,1,3,1,0,4,True
2025-2025041221gm-00a9-0000-d8d9d627-08-s2-d2,31,A,1,0,"[52600,20500,13900,13000]",3,-4.0,1,3,0,0,3,True
2025-2025041221gm-00a9-0000-d8d9d627-08-s2-d2,31,B,2,139,"[50800,22200,19600,7400]",3,-4.0,1,3,0,0,3,True
2025-2025041221gm-00a9-0000-d8d9d627-08-s2-d2,32,A,1,0,"[51400,38900,9800,-100]",3,-4.0,1,1,1,0,2,True
2025-2025041221gm-00a9-0000-d8d9d627-08-s2-d2,32,B,2,139,"[39000,38200,10200,12600]",4,-10.0,1,3,2,0,5,True
2025-2025041221gm-00a9-0000-d8d9d627-08-s2-d2,33,A,1,0,"[36400,26300,20900,16400]",3,-4.0,1,3,0,0,3,True
2025-2025041221gm-00a9-0000-d8d9d627-08-s2-d2,33,B,2,139,"[41700,30600,14800,12900]",3,-4.0,1,3,1,0,4,True
2025-2025041221gm-00a9-0000-d8d9d627-08-s2-d2,34,A,1,0,"[39300,33000,6700,21000]",4,-10.0,1,3,0,0,3,True
2025-2025041221gm-00a9-0000-d8d9d627-08-s2-d2,34,B,2,139,"[36700,34200,16000,13100]",3,-4.0,1,3,0,0,4,True
2025-2025041221gm-00a9-0000-d8d9d627-08-s2-d2,35,A,1,0,"[50700,27100,14700,7500]",3,-4.0,1,3,1,0,4,True
2025-2025041221gm-00a9-0000-d8d9d627-08-s2-d2,35,B,2,139,"[42400,31000,13400,13200]",3,-4.0,1,3,1,0,4,True
2025-2025041221gm-00a9-0000-d8d9d627-08-s2-d2,36,A,1,0,"[41100,38100,12600,8200]",3,-4.0,1,3,0,0,5,True
2025-2025041221gm-00a9-0000-d8d9d627-08-s2-d2,36,B,2,139,"[28700,37700,17700,15900]",3,-4.0,1,3,0,0,5,True
2025-2025041221gm-00a9-0000-d8d9d627-08-s2-d2,37,A,1,0,"[41900,25300,13100,19700]",4,-10.0,1,3,0,0,3,True
2025-2025041221gm-00a9-0000-d8d9d627-08-s2-d2,37,B,2,139,"[46100,26800,22200,4900]",3,-4.0,1,3,0,0,4,True
2025-2025041221gm-00a9-0000-d8d9d627-08-s2-d2,38,A,1,0,"[45200,28900,11900,14000]",4,-10.0,1,3,0,0,3,True
2025-2025041221gm-00a9-0000-d8d9d627-08-s2-d2,38,B,2,139,"[30200,37500,25100,7200]",3,-4.0,1,3,4,0,8,True
2025-2025041221gm-00a9-0000-d8d9d627-08-s2-d2,39,A,1,0,"[47900,28200,6900,17000]",4,-10.0,1,3,1,0,4,True
2025-2025041221gm-00a9-0000-d8d9d627-08-s2-d2,39,B,2,139,"[34100,15000,8000,42900]",4,-10.0,1,3,0,0,3,True
2025-2025041221gm-00a9-0000-d8d9d627-08-s2-d2,40,A,1,0,"[47700,28000,11900,12400]",4,-10.0,1,3,0,0,3,True
2025-2025041221gm-00a9-0000-d8d9d627-08-s2-d2,40,B,2,139,"[44100,31900,3000,21000]",4,-10.0,1,3,0,0,3,True
2025-2025041221gm-00a9-0000-d8d9d627-08-s2-d2,41,A,1,0,"[38900,28200,20400,12500]",3,-4.0,1,3,1,0,4,True
2025-2025041221gm-00a9-0000-d8d9d627-08-s2-d2,41,B,2,139,"[42000,30100,9900,18000]",4,-10.0,1,3,0,0,4,True
2025-2025041221gm-00a9-0000-d8d9d627-08-s2-d2,42,A,1,0,"[52300,37300,-2300,12700]",4,-10.0,1,3,0,0,3,True
2025-2025041221gm-00a9-0000-d8d9d627-08-s2-d2,42,B,2,139,"[56200,29900,-100,14000]",4,-10.0,1,1,0,0,1,True
2025-2025041221gm-00a9-0000-d8d9d627-08-s2-d2,43,A,1,0,"[42200,29900,-1200,29100]",4,-10.0,1,3,0,0,3,True
2025-2025041221gm-00a9-0000-d8d9d627-08-s2-d2,43,B,2,139,"[39300,32400,1100,27200]",4,-10.0,1,3,1,0,4,True
2025-2025041221gm-00a9-0000-d8d9d627-08-s2-d2,44,A,1,0,"[47300,26800,6800,18100]",4,-10.0,1,3,1,1,4,True
2025-2025041221gm-00a9-0000-d8d9d627-08-s2-d2,44,B,2,139,"[33600,39600,17200,9600]",3,-4.0,1,3,0,0,6,True
2025-2025041221gm-00a9-0000-d8d9d627-08-s2-d2,45,A,1,0,"[52500,31400,6800,9300]",4,-10.0,1,3,0,0,4,True
2025-2025041221gm-00a9-0000-d8d9d627-08-s2-d2,45,B,2,139,"[41100,28900,6100,22900]",4,-10.0,1,3,1,1,5,True
2025-2025041221gm-00a9-0000-d8d9d627-08-s2-d2,46,A,1,0,"[48200,30700,8300,12800]",4,-10.0,1,3,0,0,3,True
2025-2025041221gm-00a9-0000-d8d9d627-08-s2-d2,46,B,2,139,"[44800,36900,11500,6800]",3,-4.0,1,3,0,0,5,True
2025-2025041221gm-00a9-0000-d8d9d627-08-s2-d2,47,A,1,0,"[47100,34900,12200,5800]",3,-4.0,1,3,0,0,4,True
2025-2025041221gm-00a9-0000-d8d9d627-08-s2-d2,47,B,2,139,"[40000,30400,14500,15100]",4,-10.0,1,3,0,0,3,True
2025-2025041221gm-00a9-0000-d8d9d627-08-s2-d2,48,A,1,0,"[40000,41600,2200,16200]",4,-10.0,1,3,0,0,5,True
2025-2025041221gm-00a9-0000-d8d9d627-08-s2-d2,48,B,2,139,"[53200,26900,8900,11000]",4,-10.0,1,3,0,0,3,True
2025-2025041221gm-00a9-0000-d8d9d627-08-s2-d2,49,A,1,0,"[36100,36800,16600,10500]",3,-4.0,1,3,0,0,5,True
2025-2025041221gm-00a9-0000-d8d9d627-08-s2-d2,49,B,2,139,"[35000,24000,17100,23900]",4,-10.0,1,3,0,0,5,True
2025-2025041221gm-00a9-0000-d8d9d627-08-s2-d2,50,A,1,0,"[41700,18000,11400,28900]",4,-10.0,1,3,0,0,4,True
2025-2025041221gm-00a9-0000-d8d9d627-08-s2-d2,50,B,2,139,"[39900,25700,16400,18000]",4,-10.0,1,3,0,0,4,True
2025-2025041221gm-00a9-0000-d8d9d627-08-s2-d2,51,A,1,0,"[40100,22800,13100,24000]",4,-10.0,1,3,4,0,5,True
2025-2025041221gm-00a9-0000-d8d9d627-08-s2-d2,51,B,2,139,"[35700,22400,21300,20600]",3,-4.0,1,3,1,0,5,True
2025-2025041221gm-00a9-0000-d8d9d627-08-s2-d2,52,A,1,0,"[49200,30900,-100,20000]",4,-10.0,1,3,0,0,3,True
2025-2025041221gm-00a9-0000-d8d9d627-08-s2-d2,52,B,2,139,"[41500,42200,20100,-3800]",3,-4.0,1,3,0,0,7,True
2025-2025041221gm-00a9-0000-d8d9d627-08-s2-d2,53,A,1,0,"[50800,31500,17400,300]",3,-4.0,1,3,0,0,4,True
2025-2025041221gm-00a9-0000-d8d9d627-08-s2-d2,53,B,2,139,"[33200,51500,13900,1400]",3,-4.0,1,3,0,0,5,True
2025-2025041221gm-00a9-0000-d8d9d627-08-s2-d2,54,A,1,0,"[43200,33600,-2800,26000]",4,-10.0,1,3,0,0,3,True
2025-2025041221gm-00a9-0000-d8d9d627-08-s2-d2,54,B,2,139,"[32400,45300,12500,9800]",3,-4.0,1,3,0,0,5,True
2025-2025041221gm-00a9-0000-d8d9d627-08-s2-d2,55,A,1,0,"[38800,29300,14300,17600]",4,-10.0,1,3,0,0,4,True
2025-2025041221gm-00a9-0000-d8d9d627-08-s2-d2,55,B,2,139,"[42200,25900,6700,25200]",4,-10.0,1,3,0,0,3,True
2025-2025041221gm-00a9-0000-d8d9d627-08-s2-d2,56,A,1,0,"[41100,28100,11800,19000]",4,-10.0,1,3,0,0,5,True
2025-2025041221gm-00a9-0000-d8d9d627-08-s2-d2,56,B,2,139,"[42200,24500,11900,19400]",4,-10.0,1,3,1,2,3,True
2025-2025041221gm-00a9-0000-d8d9d627-08-s2-d2,57,A,1,0,"[42100,24200,23800,9900]",3,-4.0,1,3,1,0,4,True
2025-2025041221gm-00a9-0000-d8d9d627-08-s2-d2,57,B,2,139,"[40100,38400,17600,3900]",3,-4.0,1,3,4,0,5,True
2025-2025041221gm-00a9-0000-d8d9d627-08-s2-d2,58,A,1,0,"[29600,19400,32400,18600]",1,10.0,1,3,2,0,8,True
2025-2025041221gm-00a9-0000-d8d9d627-08-s2-d2,58,B,2,139,"[51200,17600,11100,20100]",4,-10.0,1,3,1,0,5,True
2025-2025041221gm-00a9-0000-d8d9d627-08-s2-d2,59,A,1,0,"[49900,38600,-6800,18300]",4,-10.0,1,1,1,0,2,True
2025-2025041221gm-00a9-0000-d8d9d627-08-s2-d2,59,B,2,139,"[38800,54700,8500,-2000]",3,-4.0,1,1,2,0,3,True
2025-2025041221gm-00a9-0000-d8d9d627-08-s2-d2,60,A,1,0,"[40000,30900,5100,24000]",4,-10.0,1,3,0,0,3,True
2025-2025041221gm-00a9-0000-d8d9d627-08-s2-d2,60,B,2,139,"[53500,20600,11900,14000]",4,-10.0,1,3,0,0,3,True
2025-2025041221gm-00a9-0000-d8d9d627-08-s2-d2,61,A,1,0,"[47800,46000,0,6200]",4,-10.0,1,3,1,0,4,True
2025-2025041221gm-00a9-0000-d8d9d627-08-s2-d2,61,B,2,139,"[48300,40600,8800,2300]",3,-4.0,1,3,1,0,4,True
2025-2025041221gm-00a9-0000-d8d9d627-08-s2-d2,62,A,1,0,"[55400,30100,14700,-200]",3,-4.0,1,3,0,0,3,True
2025-2025041221gm-00a9-0000-d8d9d627-08-s2-d2,62,B,2,139,"[44500,39900,19600,-4000]",3,-4.0,1,3,0,0,3,True
2025-2025041221gm-00a9-0000-d8d9d627-08-s2-d2,63,A,1,0,"[35500,38200,4700,21600]",4,-10.0,1,3,1,0,6,True
2025-2025041221gm-00a9-0000-d8d9d627-08-s2-d2,63,B,2,139,"[43800,27300,18000,10900]",3,-4.0,1,3,0,0,4,True
2025-2025041221gm-00a9-0000-d8d9d627-08-s2-d2,64,A,1,0,"[50300,25000,9300,15400]",4,-10.0,1,3,0,0,3,True
2025-2025041221gm-00a9-0000-d8d9d627-08-s2-d2,64,B,2,139,"[46100,29900,11900,12100]",4,-10.0,1,3,0,0,3,True
2025-2025041221gm-00a9-0000-d8d9d627-08-s2-d2,65,A,1,0,"[43200,40600,17300,-1100]",3,-4.0,1,1,0,0,1,True
2025-2025041221gm-00a9-0000-d8d9d627-08-s2-d2,65,B,2,139,"[32100,36600,20800,10500]",3,-4.0,1,3,0,0,4,True
2025-2025041221gm-00a9-0000-d8d9d627-08-s2-d2,66,A,1,0,"[33300,33000,5900,27800]",4,-10.0,1,3,1,0,4,True
2025-2025041221gm-00a9-0000-d8d9d627-08-s2-d2,66,B,2,139,"[44300,18300,17700,19700]",4,-10.0,1,3,2,0,7,True
2025-2025041221gm-00a9-0000-d8d9d627-08-s2-d2,67,A,1,0,"[39900,30600,10000,18500]",4,-10.0,1,3,0,1,3,True
2025-2025041221gm-00a9-0000-d8d9d627-08-s2-d2,67,B,2,139,"[41200,30900,6900,20000]",4,-10.0,1,3,0,1,3,True
2025-2025041221gm-00a9-0000-d8d9d627-08-s2-d2,68,A,1,0,"[38200,15900,21900,24000]",3,-4.0,1,3,0,0,3,True
2025-2025041221gm-00a9-0000-d8d9d627-08-s2-d2,68,B,2,139,"[42900,28500,16900,11700]",3,-4.0,1,3,1,0,5,True
2025-2025041221gm-00a9-0000-d8d9d627-08-s2-d2,69,A,1,0,"[53400,34600,-900,12900]",4,-10.0,1,2,0,0,3,True
2025-2025041221gm-00a9-0000-d8d9d627-08-s2-d2,69,B,2,139,"[55800,29000,4200,11000]",4,-10.0,1,3,0,0,4,True
2025-2025041221gm-00a9-0000-d8d9d627-08-s2-d2,70,A,1,0,"[38500,50300,14000,-2800]",3,-4.0,1,3,0,0,8,True
2025-2025041221gm-00a9-0000-d8d9d627-08-s2-d2,70,B,2,139,"[41700,60100,2500,-4300]",3,-4.0,1,1,3,0,4,True
2025-2025041221gm-00a9-0000-d8d9d627-08-s2-d2,71,A,1,0,"[37100,25000,19900,18000]",3,-4.0,1,3,0,0,3,True
2025-2025041221gm-00a9-0000-d8d9d627-08-s2-d2,71,B,2,139,"[43300,35700,7000,14000]",4,-10.0,1,3,0,0,3,True
2025-2025041221gm-00a9-0000-d8d9d627-08-s2-d2,72,A,1,0,"[39000,5900,50600,4500]",1,10.0,1,3,0,0,4,True
2025-2025041221gm-00a9-0000-d8d9d627-08-s2-d2,72,B,2,139,"[14200,68700,10900,6200]",3,-4.0,1,3,0,0,5,True
2025-2025041221gm-00a9-0000-d8d9d627-08-s2-d2,73,A,1,0,"[38100,22000,14900,24000]",4,-10.0,1,3,1,1,5,True
2025-2025041221gm-00a9-0000-d8d9d627-08-s2-d2,73,B,2,139,"[34100,59200,7300,-600]",3,-4.0,1,2,0,0,4,True
2025-2025041221gm-00a9-0000-d8d9d627-08-s2-d2,74,A,1,0,"[41100,43700,-3100,18300]",4,-10.0,1,3,0,0,4,True
2025-2025041221gm-00a9-0000-d8d9d627-08-s2-d2,74,B,2,139,"[49100,25000,5900,20000]",4,-10.0,1,3,0,0,3,True
2025-2025041221gm-00a9-0000-d8d9d627-08-s2-d2,75,A,1,0,"[40200,27100,9400,22300]",4,-10.0,1,3,1,1,5,True
2025-2025041221gm-00a9-0000-d8d9d627-08-s2-d2,75,B,2,139,"[63700,20700,4500,11100]",4,-10.0,1,3,1,0,4,True
2025-2025041221gm-00a9-0000-d8d9d627-08-s2-d2,76,A,1,0,"[48400,17700,23000,10900]",2,4.0,1,3,1,0,5,True
2025-2025041221gm-00a9-0000-d8d9d627-08-s2-d2,76,B,2,139,"[36200,26100,13700,23000]",4,-10.0,1,3,1,1,6,True
2025-2025041221gm-00a9-0000-d8d9d627-08-s2-d2,77,A,1,0,"[28000,55600,11300,5100]",3,-4.0,1,3,0,0,4,True
2025-2025041221gm-00a9-0000-d8d9d627-08-s2-d2,77,B,2,139,"[43200,13200,19900,23700]",3,-4.0,1,3,0,0,3,True
2025-2025041221gm-00a9-0000-d8d9d627-08-s2-d2,78,A,1,0,"[43500,40800,-200,15900]",4,-10.0,1,3,0,0,3,True
2025-2025041221gm-00a9-0000-d8d9d627-08-s2-d2,78,B,2,139,"[54300,16200,5000,24500]",4,-10.0,1,3,2,0,5,True
2025-2025041221gm-00a9-0000-d8d9d627-08-s2-d2,79,A,1,0,"[42500,28500,14500,14500]",3,-4.0,1,3,0,0,4,True
2025-2025041221gm-00a9-0000-d8d9d627-08-s2-d2,79,B,2,139,"[49700,28500,9300,12500]",4,-10.0,1,3,0,0,4,True
2025-2025041221gm-00a9-0000-d8d9d627-08-s2-d2,80,A,1,0,"[39200,23500,26700,10600]",2,4.0,1,3,1,0,4,True
2025-2025041221gm-00a9-0000-d8d9d627-08-s2-d2,80,B,2,139,"[39600,24600,19200,16600]",3,-4.0,1,3,1,0,4,True
2025-2025041221gm-00a9-0000-d8d9d627-08-s2-d2,81,A,1,0,"[39600,35400,16200,8800]",3,-4.0,1,3,0,0,5,True
2025-2025041221gm-00a9-0000-d8d9d627-08-s2-d2,81,B,2,139,"[46200,28900,-8500,33400]",4,-10.0,1,3,0,0,3,True
2025-2025041221gm-00a9-0000-d8d9d627-08-s2-d2,82,A,1,0,"[47100,32900,7000,13000]",4,-10.0,1,3,1,0,3,True
2025-2025041221gm-00a9-0000-d8d9d627-08-s2-d2,82,B,2,139,"[50400,40000,5700,3900]",3,-4.0,1,3,0,0,4,True
2025-2025041221gm-00a9-0000-d8d9d627-08-s2-d2,83,A,1,0,"[39700,25900,22400,12000]",3,-4.0,1,3,0,0,3,True
2025-2025041221gm-00a9-0000-d8d9d627-08-s2-d2,83,B,2,139,"[36400,43900,5100,14600]",4,-10.0,1,3,0,0,4,True
2025-2025041221gm-00a9-0000-d8d9d627-08-s2-d2,84,A,1,0,"[34500,34900,16600,14000]",3,-4.0,1,3,0,0,3,True
2025-2025041221gm-00a9-0000-d8d9d627-08-s2-d2,84,B,2,139,"[35400,20700,12200,31700]",4,-10.0,1,3,2,0,5,True
2025-2025041221gm-00a9-0000-d8d9d627-08-s2-d2,85,A,1,0,"[43700,40300,4700,11300]",4,-10.0,1,3,0,0,3,True
2025-2025041221gm-00a9-0000-d8d9d627-08-s2-d2,85,B,2,139,"[38500,42100,8300,11100]",4,-10.0,1,3,2,0,5,True
2025-2025041221gm-00a9-0000-d8d9d627-08-s2-d2,86,A,1,0,"[39300,33800,15500,11400]",3,-4.0,1,3,0,0,5,True
2025-2025041221gm-00a9-0000-d8d9d627-08-s2-d2,86,B,2,139,"[42700,47400,7500,2400]",3,-4.0,1,3,0,0,6,True
2025-2025041221gm-00a9-0000-d8d9d627-08-s2-d2,87,A,1,0,"[29600,23400,13500,33500]",4,-10.0,1,3,0,0,4,True
2025-2025041221gm-00a9-0000-d8d9d627-08-s2-d2,87,B,2,139,"[42200,31900,7300,18600]",4,-10.0,1,3,0,0,4,True
2025-2025041221gm-00a9-0000-d8d9d627-08-s2-d2,88,A,1,0,"[40400,45100,-900,14400]",4,-10.0,1,3,1,1,5,True
2025-2025041221gm-00a9-0000-d8d9d627-08-s2-d2,88,B,2,139,"[47900,20200,11900,20000]",4,-10.0,1,3,0,0,3,True
2025-2025041221gm-00a9-0000-d8d9d627-08-s2-d2,89,A,1,0,"[49100,26900,10000,13000]",4,-10.0,1,3,0,1,3,True
2025-2025041221gm-00a9-0000-d8d9d627-08-s2-d2,89,B,2,139,"[33500,48700,11500,6300]",3,-4.0,1,3,2,0,5,True
2025-2025041221gm-00a9-0000-d8d9d627-08-s2-d2,90,A,1,0,"[57100,25200,6800,10900]",4,-10.0,1,3,0,0,3,True
2025-2025041221gm-00a9-0000-d8d9d627-08-s2-d2,90,B,2,139,"[57400,26300,4300,12000]",4,-10.0,1,3,0,0,3,True
2025-2025041221gm-00a9-0000-d8d9d627-08-s2-d2,91,A,1,0,"[43100,28800,-700,28800]",4,-10.0,1,3,0,0,3,True
2025-2025041221gm-00a9-0000-d8d9d627-08-s2-d2,91,B,2,139,"[54700,26400,3100,15800]",4,-10.0,1,3,0,0,4,True
2025-2025041221gm-00a9-0000-d8d9d627-08-s2-d2,92,A,1,0,"[60400,15500,7300,16800]",4,-10.0,1,3,1,0,4,True
2025-2025041221gm-00a9-0000-d8d9d627-08-s2-d2,92,B,2,139,"[41700,27800,-4000,34500]",4,-10.0,1,3,1,0,4,True
2025-2025041221gm-00a9-0000-d8d9d627-08-s2-d2,93,A,1,0,"[49500,29800,11800,8900]",3,-4.0,1,3,0,0,3,True
2025-2025041221gm-00a9-0000-d8d9d627-08-s2-d2,93,B,2,139,"[44100,28800,7800,19300]",4,-10.0,1,3,1,0,4,True
2025-2025041221gm-00a9-0000-d8d9d627-08-s2-d2,94,A,1,0,"[42600,28700,19600,9100]",3,-4.0,1,3,0,0,4,True
2025-2025041221gm-00a9-0000-d8d9d627-08-s2-d2,94,B,2,139,"[47400,35300,14600,2700]",3,-4.0,1,3,0,0,3,True
2025-2025041221gm-00a9-0000-d8d9d627-08-s2-d2,95,A,1,0,"[40100,27000,11800,21100]",4,-10.0,1,3,2,0,7,True
2025-2025041221gm-00a9-0000-d8d9d627-08-s2-d2,95,B,2,139,"[45600,46000,-9500,17900]",4,-10.0,1,3,1,0,6,True
2025-2025041221gm-00a9-0000-d8d9d627-08-s2-d2,96,A,1,0,"[43200,28900,10900,16000]",4,-10.0,1,3,0,1,3,True
2025-2025041221gm-00a9-0000-d8d9d627-08-s2-d2,96,B,2,139,"[55500,22000,3900,18600]",4,-10.0,1,3,0,0,4,True
2025-2025041221gm-00a9-0000-d8d9d627-08-s2-d2,97,A,1,0,"[40900,27300,9700,21100]",4,-10.0,1,3,0,1,4,True
2025-2025041221gm-00a9-0000-d8d9d627-08-s2-d2,97,B,2,139,"[48700,35000,5800,10500]",4,-10.0,1,3,2,0,8,True
2025-2025041221gm-00a9-0000-d8d9d627-08-s2-d2,98,A,1,0,"[44200,25900,5900,24000]",4,-10.0,1,3,0,0,3,True
2025-2025041221gm-00a9-0000-d8d9d627-08-s2-d2,98,B,2,139,"[41100,38400,21200,-700]",3,-4.0,1,1,1,0,2,True
2025-2025041221gm-00a9-0000-d8d9d627-08-s2-d2,99,A,1,0,"[38000,29300,20000,12700]",3,-4.0,1,3,0,0,3,True
2025-2025041221gm-00a9-0000-d8d9d627-08-s2-d2,99,B,2,139,"[48400,29600,9200,12800]",4,-10.0,1,3,2,0,5,True
2025-2025041221gm-00a9-0000-d8d9d627-08-s2-d2,100,A,1,0,"[39200,32700,16100,12000]",3,-4.0,1,3,0,0,4,True
2025-2025041221gm-00a9-0000-d8d9d627-08-s2-d2,100,B,2,139,"[51200,26200,8600,14000]",4,-10.0,1,3,0,0,3,True
2025-2025041221gm-00a9-0000-d8d9d627-08-s2-d2,101,A,1,0,"[48900,28900,-800,23000]",4,-10.0,1,3,0,0,3,True
2025-2025041221gm-00a9-0000-d8d9d627-08-s2-d2,101,B,2,139,"[41100,13900,30300,14700]",2,4.0,1,3,2,0,6,True
2025-2025041221gm-00a9-0000-d8d9d627-08-s2-d2,102,A,1,0,"[44200,35800,12500,7500]",3,-4.0,1,3,1,0,5,True
2025-2025041221gm-00a9-0000-d8d9d627-08-s2-d2,102,B,2,139,"[45100,28300,11900,14700]",4,-10.0,1,3,2,0,5,True
2025-2025041221gm-00a9-0000-d8d9d627-08-s2-d2,103,A,1,0,"[42300,37900,8100,11700]",4,-10.0,1,3,0,0,4,True
2025-2025041221gm-00a9-0000-d8d9d627-08-s2-d2,103,B,2,139,"[46100,27600,14200,12100]",3,-4.0,1,3,1,0,3,True
2025-2025041221gm-00a9-0000-d8d9d627-08-s2-d2,104,A,1,0,"[53000,32100,5400,9500]",4,-10.0,1,3,0,0,4,True
2025-2025041221gm-00a9-0000-d8d9d627-08-s2-d2,104,B,2,139,"[29400,32700,22000,15900]",3,-4.0,1,3,0,0,5,True
2025-2025041221gm-00a9-0000-d8d9d627-08-s2-d2,105,A,1,0,"[47700,30500,7500,14300]",4,-10.0,1,3,0,0,3,True
2025-2025041221gm-00a9-0000-d8d9d627-08-s2-d2,105,B,2,139,"[47800,37300,7100,7800]",4,-10.0,1,3,0,0,3,True
2025-2025041221gm-00a9-0000-d8d9d627-08-s2-d2,106,A,1,0,"[41600,33500,14900,10000]",3,-4.0,1,3,2,0,6,True
2025-2025041221gm-00a9-0000-d8d9d627-08-s2-d2,106,B,2,139,"[36700,36700,11700,14900]",4,-10.0,1,3,0,0,5,True
2025-2025041221gm-00a9-0000-d8d9d627-08-s2-d2,107,A,1,0,"[44300,27000,16700,12000]",3,-4.0,1,3,0,0,4,True
2025-2025041221gm-00a9-0000-d8d9d627-08-s2-d2,107,B,2,139,"[36800,26000,19300,17900]",3,-4.0,1,3,0,0,4,True
2025-2025041221gm-00a9-0000-d8d9d627-08-s2-d2,108,A,1,0,"[39900,37200,7800,15100]",4,-10.0,1,3,0,0,4,True
2025-2025041221gm-00a9-0000-d8d9d627-08-s2-d2,108,B,2,139,"[53100,32100,12300,2500]",3,-4.0,1,3,0,0,5,True
2025-2025041221gm-00a9-0000-d8d9d627-08-s2-d2,109,A,1,0,"[42200,30700,18100,9000]",3,-4.0,1,3,0,0,3,True
2025-2025041221gm-00a9-0000-d8d9d627-08-s2-d2,109,B,2,139,"[46100,24800,14800,14300]",3,-4.0,1,3,0,0,4,True
2025-2025041221gm-00a9-0000-d8d9d627-08-s2-d2,110,A,1,0,"[37900,38700,10300,13100]",4,-10.0,1,3,0,0,6,True
2025-2025041221gm-00a9-0000-d8d9d627-08-s2-d2,110,B,2,139,"[48300,28700,11400,11600]",4,-10.0,1,3,0,0,4,True
2025-2025041221gm-00a9-0000-d8d9d627-08-s2-d2,111,A,1,0,"[45300,13100,22400,19200]",2,4.0,1,3,1,0,5,True
2025-2025041221gm-00a9-0000-d8d9d627-08-s2-d2,111,B,2,139,"[45500,48900,-2400,8000]",4,-10.0,1,1,1,0,2,True
2025-2025041221gm-00a9-0000-d8d9d627-08-s2-d2,112,A,1,0,"[33500,30900,34600,1000]",1,10.0,1,3,0,0,5,True
2025-2025041221gm-00a9-0000-d8d9d627-08-s2-d2,112,B,2,139,"[31000,42000,27900,-900]",3,-4.0,1,2,2,0,4,True
2025-2025041221gm-00a9-0000-d8d9d627-08-s2-d2,113,A,1,0,"[47200,26900,14500,11400]",3,-4.0,1,3,0,0,3,True
2025-2025041221gm-00a9-0000-d8d9d627-08-s2-d2,113,B,2,139,"[45500,25600,15600,13300]",3,-4.0,1,3,0,0,3,True
2025-2025041221gm-00a9-0000-d8d9d627-08-s2-d2,114,A,1,0,"[43900,34400,10000,10700]",4,-10.0,1,3,0,1,3,True
2025-2025041221gm-00a9-0000-d8d9d627-08-s2-d2,114,B,2,139,"[42600,30900,19900,6600]",3,-4.0,1,3,0,0,3,True
2025-2025041221gm-00a9-0000-d8d9d627-08-s2-d2,115,A,1,0,"[38800,29300,17100,14800]",3,-4.0,1,3,0,0,4,True
2025-2025041221gm-00a9-0000-d8d9d627-08-s2-d2,115,B,2,139,"[43000,14000,13700,29300]",4,-10.0,1,3,2,0,6,True
2025-2025041221gm-00a9-0000-d8d9d627-08-s2-d2,116,A,1,0,"[37900,30500,18500,13100]",3,-4.0,1,3,1,0,4,True
2025-2025041221gm-00a9-0000-d8d9d627-08-s2-d2,116,B,2,139,"[41700,33900,22800,1600]",3,-4.0,1,3,1,0,4,True
2025-2025041221gm-00a9-0000-d8d9d627-08-s2-d2,117,A,1,0,"[32700,30400,18400,18500]",4,-10.0,1,3,0,0,3,True
2025-2025041221gm-00a9-0000-d8d9d627-08-s2-d2,117,B,2,139,"[42100,26300,21700,9900]",3,-4.0,1,3,2,0,4,True
2025-2025041221gm-00a9-0000-d8d9d627-08-s2-d2,118,A,1,0,"[31200,40000,11900,16900]",4,-10.0,1,3,1,0,5,True
2025-2025041221gm-00a9-0000-d8d9d627-08-s2-d2,118,B,2,139,"[30300,43800,12300,13600]",4,-10.0,1,3,1,0,5,True
2025-2025041221gm-00a9-0000-d8d9d627-08-s2-d2,119,A,1,0,"[52600,36800,-800,11400]",4,-10.0,1,2,0,0,3,True
2025-2025041221gm-00a9-0000-d8d9d627-08-s2-d2,119,B,2,139,"[39600,34300,12000,14100]",4,-10.0,1,3,0,0,6,True
2025-2025041221gm-00a9-0000-d8d9d627-08-s2-d2,120,A,1,0,"[45500,30800,9000,14700]",4,-10.0,1,3,1,0,4,True
2025-2025041221gm-00a9-0000-d8d9d627-08-s2-d2,120,B,2,139,"[44400,30900,8500,16200]",4,-10.0,1,3,1,0,4,True
2025-2025041221gm-00a9-0000-d8d9d627-08-s2-d2,121,A,1,0,"[47500,27800,22300,2400]",3,-4.0,1,3,0,0,4,True
2025-2025041221gm-00a9-0000-d8d9d627-08-s2-d2,121,B,2,139,"[35000,20200,5700,39100]",4,-10.0,1,3,2,0,6,True
2025-2025041221gm-00a9-0000-d8d9d627-08-s2-d2,122,A,1,0,"[51000,10000,4300,34700]",4,-10.0,1,3,1,0,4,True
2025-2025041221gm-00a9-0000-d8d9d627-08-s2-d2,122,B,2,139,"[41900,46100,2300,9700]",4,-10.0,1,3,0,0,4,True
2025-2025041221gm-00a9-0000-d8d9d627-08-s2-d2,123,A,1,0,"[40600,24200,31500,3700]",2,4.0,1,3,0,0,4,True
2025-2025041221gm-00a9-0000-d8d9d627-08-s2-d2,123,B,2,139,"[48400,18000,27900,5700]",2,4.0,1,3,0,0,4,True
2025-2025041221gm-00a9-0000-d8d9d627-08-s2-d2,124,A,1,0,"[50100,35400,13900,600]",3,-4.0,1,3,1,0,7,True
2025-2025041221gm-00a9-0000-d8d9d627-08-s2-d2,124,B,2,139,"[43900,34800,21200,100]",3,-4.0,1,3,4,0,9,True
2025-2025041221gm-00a9-0000-d8d9d627-08-s2-d2,125,A,1,0,"[44500,26900,10300,18300]",4,-10.0,1,3,1,0,4,True
2025-2025041221gm-00a9-0000-d8d9d627-08-s2-d2,125,B,2,139,"[40200,26900,-6100,39000]",4,-10.0,1,3,0,0,3,True
2025-2025041221gm-00a9-0000-d8d9d627-08-s2-d2,126,A,1,0,"[41500,31800,16600,10100]",3,-4.0,1,3,0,0,5,True
2025-2025041221gm-00a9-0000-d8d9d627-08-s2-d2,126,B,2,139,"[45200,30400,9900,14500]",4,-10.0,1,3,0,0,3,True
2025-2025041221gm-00a9-0000-d8d9d627-08-s2-d2,127,A,1,0,"[34500,18900,16600,30000]",4,-10.0,1,3,3,0,7,True
2025-2025041221gm-00a9-0000-d8d9d627-08-s2-d2,127,B,2,139,"[41200,37700,9100,12000]",4,-10.0,1,3,0,0,3,True
2025-2025041221gm-00a9-0000-d8d9d627-08-s2-d2,128,A,1,0,"[44900,27300,15100,12700]",3,-4.0,1,3,0,0,3,True
2025-2025041221gm-00a9-0000-d8d9d627-08-s2-d2,128,B,2,139,"[40700,30100,14400,14800]",4,-10.0,1,3,0,0,4,True
2025-2025041221gm-00a9-0000-d8d9d627-08-s2-d2,129,A,1,0,"[48800,-700,30900,21000]",2,4.0,1,3,0,0,4,True
2025-2025041221gm-00a9-0000-d8d9d627-08-s2-d2,129,B,2,139,"[36100,49700,15300,-1100]",3,-4.0,1,2,0,0,5,True
2025-2025041221gm-00a9-0000-d8d9d627-08-s2-d2,130,A,1,0,"[35200,31700,3400,29700]",4,-10.0,1,3,1,0,4,True
2025-2025041221gm-00a9-0000-d8d9d627-08-s2-d2,130,B,2,139,"[41700,35500,11500,11300]",3,-4.0,1,3,1,0,6,True
2025-2025041221gm-00a9-0000-d8d9d627-08-s2-d2,131,A,1,0,"[39600,27900,19000,13500]",3,-4.0,1,3,2,0,4,True
2025-2025041221gm-00a9-0000-d8d9d627-08-s2-d2,131,B,2,139,"[38200,22900,20000,18900]",3,-4.0,1,3,0,0,3,True
2025-2025041221gm-00a9-0000-d8d9d627-08-s2-d2,132,A,1,0,"[44900,34900,6500,13700]",4,-10.0,1,3,0,0,3,True
2025-2025041221gm-00a9-0000-d8d9d627-08-s2-d2,132,B,2,139,"[40100,21800,28600,9500]",2,4.0,1,3,0,0,6,True
2025-2025041221gm-00a9-0000-d8d9d627-08-s2-d2,133,A,1,0,"[40500,31000,-1800,30300]",4,-10.0,1,3,0,0,4,True
2025-2025041221gm-00a9-0000-d8d9d627-08-s2-d2,133,B,2,139,"[39600,28300,20400,11700]",3,-4.0,1,3,1,0,4,True
2025-2025041221gm-00a9-0000-d8d9d627-08-s2-d2,134,A,1,0,"[47100,31900,4400,16600]",4,-10.0,1,3,0,0,3,True
2025-2025041221gm-00a9-0000-d8d9d627-08-s2-d2,134,B,2,139,"[35800,30800,5400,28000]",4,-10.0,1,3,0,0,3,True
2025-2025041221gm-00a9-0000-d8d9d627-08-s2-d2,135,A,1,0,"[51300,18800,21800,8100]",2,4.0,1,3,0,0,5,True
2025-2025041221gm-00a9-0000-d8d9d627-08-s2-d2,135,B,2,139,"[42600,24700,10900,21800]",4,-10.0,1,3,0,0,4,True
2025-2025041221gm-00a9-0000-d8d9d627-08-s2-d2,136,A,1,0,"[32100,49800,10900,7200]",3,-4.0,1,3,0,0,4,True
2025-2025041221gm-00a9-0000-d8d9d627-08-s2-d2,136,B,2,139,"[47100,39700,11900,1300]",3,-4.0,1,3,0,0,3,True
2025-2025041221gm-00a9-0000-d8d9d627-08-s2-d2,137,A,1,0,"[39200,17600,17200,26000]",4,-10.0,1,3,1,0,3,True
2025-2025041221gm-00a9-0000-d8d9d627-08-s2-d2,137,B,2,139,"[36100,20800,17700,25400]",4,-10.0,1,3,1,0,4,True
2025-2025041221gm-00a9-0000-d8d9d627-08-s2-d2,138,A,1,0,"[43200,45400,8000,3400]",3,-4.0,1,3,0,0,4,True
2025-2025041221gm-00a9-0000-d8d9d627-08-s2-d2,138,B,2,139,"[50400,35800,8900,4900]",3,-4.0,1,3,0,0,4,True
2025-2025041221gm-00a9-0000-d8d9d627-08-s2-d2,139,A,1,0,"[58000,25600,5800,10600]",4,-10.0,1,3,0,0,5,True
2025-2025041221gm-00a9-0000-d8d9d627-08-s2-d2,139,B,2,139,"[58400,30900,-2300,13000]",4,-10.0,1,2,0,0,2,True
2025-2025041221gm-00a9-0000-d8d9d627-08-s2-d2,140,A,1,0,"[42200,28900,14800,14100]",3,-4.0,1,3,1,0,4,True
2025-2025041221gm-00a9-0000-d8d9d627-08-s2-d2,140,B,2,139,"[44100,35000,-1100,22000]",4,-10.0,1,3,0,0,3,True
2025-2025041221gm-00a9-0000-d8d9d627-08-s2-d2,141,A,1,0,"[44200,24900,19900,11000]",3,-4.0,1,3,0,0,3,True
2025-2025041221gm-00a9-0000-d8d9d627-08-s2-d2,141,B,2,139,"[45500,26600,19900,8000]",3,-4.0,1,3,1,0,3,True
2025-2025041221gm-00a9-0000-d8d9d627-08-s2-d2,142,A,1,0,"[43900,27000,10400,18700]",4,-10.0,1,3,0,0,3,True
2025-2025041221gm-00a9-0000-d8d9d627-08-s2-d2,142,B,2,139,"[38500,32400,9200,18900]",4,-10.0,1,3,0,1,3,True
2025-2025041221gm-00a9-0000-d8d9d627-08-s2-d2,143,A,1,0,"[42300,29200,17800,10700]",3,-4.0,1,3,0,0,3,True
2025-2025041221gm-00a9-0000-d8d9d627-08-s2-d2,143,B,2,139,"[42100,21800,19200,16900]",3,-4.0,1,3,0,0,4,True
2025-2025041221gm-00a9-0000-d8d9d627-08-s2-d2,144,A,1,0,"[41700,22400,16900,19000]",4,-10.0,1,3,1,0,3,True
2025-2025041221gm-00a9-0000-d8d9d627-08-s2-d2,144,B,2,139,"[48600,29000,8000,14400]",4,-10.0,1,3,1,0,3,True
2025-2025041221gm-00a9-0000-d8d9d627-08-s2-d2,145,A,1,0,"[53800,25500,5400,15300]",4,-10.0,1,3,2,0,4,True
2025-2025041221gm-00a9-0000-d8d9d627-08-s2-d2,145,B,2,139,"[47000,30400,9200,13400]",4,-10.0,1,3,0,0,4,True
2025-2025041221gm-00a9-0000-d8d9d627-08-s2-d2,146,A,1,0,"[40100,24600,20100,15200]",3,-4.0,1,3,0,0,4,True
2025-2025041221gm-00a9-0000-d8d9d627-08-s2-d2,146,B,2,139,"[41100,25000,10700,23200]",4,-10.0,1,3,0,0,4,True
2025-2025041221gm-00a9-0000-d8d9d627-08-s2-d2,147,A,1,0,"[45700,22400,8800,23100]",4,-10.0,1,3,1,0,4,True
2025-2025041221gm-00a9-0000-d8d9d627-08-s2-d2,147,B,2,139,"[42400,37400,4200,16000]",4,-10.0,1,3,0,0,4,True
2025-2025041221gm-00a9-0000-d8d9d627-08-s2-d2,148,A,1,0,"[42900,30200,20400,6500]",3,-4.0,1,3,0,0,5,True
2025-2025041221gm-00a9-0000-d8d9d627-08-s2-d2,148,B,2,139,"[41600,30200,6900,20300]",4,-10.0,1,3,1,1,4,True
2025-2025041221gm-00a9-0000-d8d9d627-08-s2-d2,149,A,1,0,"[45600,16300,20500,17600]",2,4.0,1,3,0,0,5,True
2025-2025041221gm-00a9-0000-d8d9d627-08-s2-d2,149,B,2,139,"[46700,27800,21100,4400]",3,-4.0,1,3,0,0,5,True
2025-2025041221gm-00a9-0000-d8d9d627-08-s2-d2,150,A,1,0,"[56300,30400,4700,8600]",4,-10.0,1,3,1,0,4,True
2025-2025041221gm-00a9-0000-d8d9d627-08-s2-d2,150,B,2,139,"[53200,30900,-1100,17000]",4,-10.0,1,3,0,0,3,True
2025-2025041221gm-00a9-0000-d8d9d627-08-s2-d2,151,A,1,0,"[52200,29300,5700,12800]",4,-10.0,1,3,0,0,3,True
2025-2025041221gm-00a9-0000-d8d9d627-08-s2-d2,151,B,2,139,"[56400,26900,5700,11000]",4,-10.0,1,3,0,0,3,True
2025-2025041221gm-00a9-0000-d8d9d627-08-s2-d2,152,A,1,0,"[48300,32200,8300,11200]",4,-10.0,1,3,1,0,4,True
2025-2025041221gm-00a9-0000-d8d9d627-08-s2-d2,152,B,2,139,"[41100,38800,26800,-6700]",3,-4.0,1,2,0,0,3,True
2025-2025041221gm-00a9-0000-d8d9d627-08-s2-d2,153,A,1,0,"[41200,32500,-2600,28900]",4,-10.0,1,2,0,0,3,True
2025-2025041221gm-00a9-0000-d8d9d627-08-s2-d2,153,B,2,139,"[41500,29400,16600,12500]",3,-4.0,1,3,0,0,5,True
2025-2025041221gm-00a9-0000-d8d9d627-08-s2-d2,154,A,1,0,"[59600,27300,5500,7600]",4,-10.0,1,3,1,0,3,True
2025-2025041221gm-00a9-0000-d8d9d627-08-s2-d2,154,B,2,139,"[40900,33900,-2100,27300]",4,-10.0,1,2,0,0,3,True
2025-2025041221gm-00a9-0000-d8d9d627-08-s2-d2,155,A,1,0,"[51400,34300,-200,14500]",4,-10.0,1,3,0,0,3,True
2025-2025041221gm-00a9-0000-d8d9d627-08-s2-d2,155,B,2,139,"[47200,28900,7300,16600]",4,-10.0,1,3,0,0,3,True
2025-2025041221gm-00a9-0000-d8d9d627-08-s2-d2,156,A,1,0,"[45000,24000,21800,9200]",3,-4.0,1,3,1,0,5,True
2025-2025041221gm-00a9-0000-d8d9d627-08-s2-d2,156,B,2,139,"[59900,26400,8300,5400]",3,-4.0,1,3,0,0,4,True
2025-2025041221gm-00a9-0000-d8d9d627-08-s2-d2,157,A,1,0,"[40300,26000,22000,11700]",3,-4.0,1,3,1,0,4,True
2025-2025041221gm-00a9-0000-d8d9d627-08-s2-d2,157,B,2,139,"[36900,31000,17900,14200]",3,-4.0,1,3,0,0,5,True
2025-2025041221gm-00a9-0000-d8d9d627-08-s2-d2,158,A,1,0,"[40100,28800,6900,24200]",4,-10.0,1,3,0,0,3,True
2025-2025041221gm-00a9-0000-d8d9d627-08-s2-d2,158,B,2,139,"[41200,30900,4700,23200]",4,-10.0,1,3,0,0,3,True
2025-2025041221gm-00a9-0000-d8d9d627-08-s2-d2,159,A,1,0,"[37500,33000,20700,8800]",3,-4.0,1,3,0,0,6,True
2025-2025041221gm-00a9-0000-d8d9d627-08-s2-d2,159,B,2,139,"[43200,42900,-100,14000]",4,-10.0,1,1,0,0,1,True
2025-2025041221gm-00a9-0000-d8d9d627-08-s2-d2,160,A,1,0,"[40200,26900,5900,27000]",4,-10.0,1,3,0,0,3,True
2025-2025041221gm-00a9-0000-d8d9d627-08-s2-d2,160,B,2,139,"[44600,36600,11300,7500]",3,-4.0,1,3,0,0,4,True
2025-2025041221gm-00a9-0000-d8d9d627-08-s2-d2,161,A,1,0,"[40900,26000,17100,16000]",3,-4.0,1,3,1,0,4,True
2025-2025041221gm-00a9-0000-d8d9d627-08-s2-d2,161,B,2,139,"[28500,56500,7500,7500]",3,-4.0,1,3,0,0,5,True
2025-2025041221gm-00a9-0000-d8d9d627-08-s2-d2,162,A,1,0,"[38300,28800,7000,25900]",4,-10.0,1,3,1,0,3,True
2025-2025041221gm-00a9-0000-d8d9d627-08-s2-d2,162,B,2,139,"[47500,28300,10300,13900]",4,-10.0,1,3,0,0,4,True
2025-2025041221gm-00a9-0000-d8d9d627-08-s2-d2,163,A,1,0,"[34400,27700,19100,18800]",3,-4.0,1,3,0,0,4,True
2025-2025041221gm-00a9-0000-d8d9d627-08-s2-d2,163,B,2,139,"[27200,32400,21400,19000]",3,-4.0,1,3,0,0,4,True
2025-2025041221gm-00a9-0000-d8d9d627-08-s2-d2,164,A,1,0,"[39400,29500,8900,21200]",4,-10.0,1,3,0,1,3,True
2025-2025041221gm-00a9-0000-d8d9d627-08-s2-d2,164,B,2,139,"[51600,45000,10400,-7000]",3,-4.0,1,3,0,0,3,True
2025-2025041221gm-00a9-0000-d8d9d627-08-s2-d2,165,A,1,0,"[43200,42900,-100,14000]",4,-10.0,1,1,0,0,1,True
2025-2025041221gm-00a9-0000-d8d9d627-08-s2-d2,165,B,2,139,"[47200,29800,6800,16200]",4,-10.0,1,3,1,0,3,True
2025-2025041221gm-00a9-0000-d8d9d627-08-s2-d2,166,A,1,0,"[42600,38000,12400,7000]",3,-4.0,1,3,2,0,6,True
2025-2025041221gm-00a9-0000-d8d9d627-08-s2-d2,166,B,2,139,"[43800,41600,4000,10600]",4,-10.0,1,3,1,0,5,True
2025-2025041221gm-00a9-0000-d8d9d627-08-s2-d2,167,A,1,0,"[35200,39900,18900,6000]",3,-4.0,1,3,0,0,3,True
2025-2025041221gm-00a9-0000-d8d9d627-08-s2-d2,167,B,2,139,"[46900,26000,5300,21800]",4,-10.0,1,3,1,0,4,True
2025-2025041221gm-00a9-0000-d8d9d627-08-s2-d2,168,A,1,0,"[40500,8900,27500,23100]",2,4.0,1,3,0,0,4,True
2025-2025041221gm-00a9-0000-d8d9d627-08-s2-d2,168,B,2,139,"[42100,10800,27800,19300]",2,4.0,1,3,0,0,4,True
2025-2025041221gm-00a9-0000-d8d9d627-08-s2-d2,169,A,1,0,"[53200,27900,5900,12000]",4,-10.0,1,3,0,1,3,True
2025-2025041221gm-00a9-0000-d8d9d627-08-s2-d2,169,B,2,139,"[42200,42900,10300,4600]",3,-4.0,1,3,1,0,4,True
2025-2025041221gm-00a9-0000-d8d9d627-08-s2-d2,170,A,1,0,"[42200,29300,6800,21700]",4,-10.0,1,3,0,0,3,True
2025-2025041221gm-00a9-0000-d8d9d627-08-s2-d2,170,B,2,139,"[49400,22500,11400,16700]",4,-10.0,1,3,1,0,4,True
2025-2025041221gm-00a9-0000-d8d9d627-08-s2-d2,171,A,1,0,"[50200,24900,13900,11000]",3,-4.0,1,3,0,0,3,True
2025-2025041221gm-00a9-0000-d8d9d627-08-s2-d2,171,B,2,139,"[41100,32200,14500,12200]",3,-4.0,1,3,0,0,5,True
2025-2025041221gm-00a9-0000-d8d9d627-08-s2-d2,172,A,1,0,"[36500,46000,14200,3300]",3,-4.0,1,3,2,0,4,True
2025-2025041221gm-00a9-0000-d8d9d627-08-s2-d2,172,B,2,139,"[33400,41700,8400,16500]",4,-10.0,1,3,1,0,3,True
2025-2025041221gm-00a9-0000-d8d9d627-08-s2-d2,173,A,1,0,"[48100,29400,10400,10100]",3,-4.0,1,3,0,2,3,True
2025-2025041221gm-00a9-0000-d8d9d627-08-s2-d2,173,B,2,139,"[32700,32400,22400,12500]",3,-4.0,1,3,0,0,4,True
2025-2025041221gm-00a9-0000-d8d9d627-08-s2-d2,174,A,1,0,"[47500,30900,4800,16800]",4,-10.0,1,3,0,0,5,True
2025-2025041221gm-00a9-0000-d8d9d627-08-s2-d2,174,B,2,139,"[36200,33300,14200,16300]",4,-10.0,1,3,0,0,5,True
2025-2025041221gm-00a9-0000-d8d9d627-08-s2-d2,175,A,1,0,"[41300,25100,37300,-3700]",2,4.0,1,3,1,0,6,True
2025-2025041221gm-00a9-0000-d8d9d627-08-s2-d2,175,B,2,139,"[44900,38600,2700,13800]",4,-10.0,1,3,0,0,5,True
2025-2025041221gm-00a9-0000-d8d9d627-08-s2-d2,176,A,1,0,"[53500,30200,7900,8400]",4,-10.0,1,3,1,0,5,True
2025-2025041221gm-00a9-0000-d8d9d627-08-s2-d2,176,B,2,139,"[42600,28900,18100,10400]",3,-4.0,1,3,1,0,6,True
2025-2025041221gm-00a9-0000-d8d9d627-08-s2-d2,177,A,1,0,"[44300,38900,1300,15500]",4,-10.0,1,3,0,0,3,True
2025-2025041221gm-00a9-0000-d8d9d627-08-s2-d2,177,B,2,139,"[46400,27900,2700,23000]",4,-10.0,1,3,1,0,3,True
2025-2025041221gm-00a9-0000-d8d9d627-08-s2-d2,178,A,1,0,"[46200,30900,1200,21700]",4,-10.0,1,3,0,0,3,True
2025-2025041221gm-00a9-0000-d8d9d627-08-s2-d2,178,B,2,139,"[53400,34800,-1000,12800]",4,-10.0,1,3,1,0,4,True
2025-2025041221gm-00a9-0000-d8d9d627-08-s2-d2,179,A,1,0,"[37500,29100,16300,17100]",4,-10.0,1,3,0,0,5,True
2025-2025041221gm-00a9-0000-d8d9d627-08-s2-d2,179,B,2,139,"[51300,28100,14000,6600]",3,-4.0,1,3,0,0,4,True
2025-2025041221gm-00a9-0000-d8d9d627-08-s2-d2,180,A,1,0,"[54300,18300,-4900,32300]",4,-10.0,1,3,2,0,6,True
2025-2025041221gm-00a9-0000-d8d9d627-08-s2-d2,180,B,2,139,"[31800,24300,9400,34500]",4,-10.0,1,3,1,0,5,True
2025-2025041221gm-00a9-0000-d8d9d627-08-s2-d2,181,A,1,0,"[34900,25900,21600,17600]",3,-4.0,1,3,3,0,5,True
2025-2025041221gm-00a9-0000-d8d9d627-08-s2-d2,181,B,2,139,"[40700,44400,2100,12800]",4,-10.0,1,3,0,0,4,True
2025-2025041221gm-00a9-0000-d8d9d627-08-s2-d2,182,A,1,0,"[45800,37300,-4800,21700]",4,-10.0,1,2,0,0,2,True
2025-2025041221gm-00a9-0000-d8d9d627-08-s2-d2,182,B,2,139,"[48900,19200,6900,25000]",4,-10.0,1,3,0,0,3,True
2025-2025041221gm-00a9-0000-d8d9d627-08-s2-d2,183,A,1,0,"[43700,25900,16800,13600]",3,-4.0,1,3,0,0,4,True
2025-2025041221gm-00a9-0000-d8d9d627-08-s2-d2,183,B,2,139,"[38600,48700,2300,10400]",4,-10.0,1,3,0,0,5,True
2025-2025041221gm-00a9-0000-d8d9d627-08-s2-d2,184,A,1,0,"[43800,23300,12900,20000]",4,-10.0,1,3,0,0,3,True
2025-2025041221gm-00a9-0000-d8d9d627-08-s2-d2,184,B,2,139,"[48700,35600,6800,8900]",4,-10.0,1,3,0,0,4,True
2025-2025041221gm-00a9-0000-d8d9d627-08-s2-d2,185,A,1,0,"[24000,26600,18600,30800]",4,-10.0,1,3,0,0,5,True
2025-2025041221gm-00a9-0000-d8d9d627-08-s2-d2,185,B,2,139,"[24000,26600,18600,30800]",4,-10.0,1,3,0,0,5,True
2025-2025041221gm-00a9-0000-d8d9d627-08-s2-d2,186,A,1,0,"[36400,40400,7200,16000]",4,-10.0,1,3,0,0,5,True
2025-2025041221gm-00a9-0000-d8d9d627-08-s2-d2,186,B,2,139,"[50800,23900,21200,4100]",3,-4.0,1,3,0,0,4,True
2025-2025041221gm-00a9-0000-d8d9d627-08-s2-d2,187,A,1,0,"[40900,28200,14500,16400]",4,-10.0,1,3,1,0,4,True
2025-2025041221gm-00a9-0000-d8d9d627-08-s2-d2,187,B,2,139,"[27200,31900,5900,35000]",4,-10.0,1,3,0,0,4,True
2025-2025041221gm-00a9-0000-d8d9d627-08-s2-d2,188,A,1,0,"[18400,37600,19000,25000]",3,-4.0,1,3,2,0,9,True
2025-2025041221gm-00a9-0000-d8d9d627-08-s2-d2,188,B,2,139,"[57200,20100,4300,18400]",4,-10.0,1,3,1,0,6,True
2025-2025041221gm-00a9-0000-d8d9d627-08-s2-d2,189,A,1,0,"[42300,20800,25900,11000]",2,4.0,1,3,1,0,4,True
2025-2025041221gm-00a9-0000-d8d9d627-08-s2-d2,189,B,2,139,"[39000,30900,9900,20200]",4,-10.0,1,3,0,0,3,True
2025-2025041221gm-00a9-0000-d8d9d627-08-s2-d2,190,A,1,0,"[44700,35700,5100,14500]",4,-10.0,1,3,2,0,5,True
2025-2025041221gm-00a9-0000-d8d9d627-08-s2-d2,190,B,2,139,"[43200,26400,5400,25000]",4,-10.0,1,3,0,0,3,True
2025-2025041221gm-00a9-0000-d8d9d627-08-s2-d2,191,A,1,0,"[26500,47700,11000,14800]",4,-10.0,1,3,0,0,5,True
2025-2025041221gm-00a9-0000-d8d9d627-08-s2-d2,191,B,2,139,"[42200,28900,13400,14500]",4,-10.0,1,3,0,1,3,True
2025-2025041221gm-00a9-0000-d8d9d627-08-s2-d2,192,A,1,0,"[47500,30600,12000,9900]",3,-4.0,1,3,0,0,3,True
2025-2025041221gm-00a9-0000-d8d9d627-08-s2-d2,192,B,2,139,"[53700,28400,8300,9600]",4,-10.0,1,3,2,0,5,True
2025-2025041221gm-00a9-0000-d8d9d627-08-s2-d2,193,A,1,0,"[33900,40400,13900,11800]",3,-4.0,1,3,0,0,5,True
2025-2025041221gm-00a9-0000-d8d9d627-08-s2-d2,193,B,2,139,"[30500,39400,15900,14200]",3,-4.0,1,3,0,0,5,True
2025-2025041221gm-00a9-0000-d8d9d627-08-s2-d2,194,A,1,0,"[38400,30600,3900,27100]",4,-10.0,1,3,0,0,4,True
2025-2025041221gm-00a9-0000-d8d9d627-08-s2-d2,194,B,2,139,"[34700,32500,12400,20400]",4,-10.0,1,3,0,0,3,True
2025-2025041221gm-00a9-0000-d8d9d627-08-s2-d2,195,A,1,0,"[52700,29400,2400,15500]",4,-10.0,1,3,0,0,3,True
2025-2025041221gm-00a9-0000-d8d9d627-08-s2-d2,195,B,2,139,"[41200,41500,5900,11400]",4,-10.0,1,3,0,0,5,True
2025-2025041221gm-00a9-0000-d8d9d627-08-s2-d2,196,A,1,0,"[43500,25600,19200,11700]",3,-4.0,1,3,0,0,3,True
2025-2025041221gm-00a9-0000-d8d9d627-08-s2-d2,196,B,2,139,"[42700,37900,13400,6000]",3,-4.0,1,3,0,0,4,True
2025-2025041221gm-00a9-0000-d8d9d627-08-s2-d2,197,A,1,0,"[43200,45700,-2900,14000]",4,-10.0,1,1,1,0,2,True
2025-2025041221gm-00a9-0000-d8d9d627-08-s2-d2,197,B,2,139,"[39200,23900,-100,36000]",4,-10.0,1,3,0,1,3,True
2025-2025041221gm-00a9-0000-d8d9d627-08-s2-d2,198,A,1,0,"[54000,29300,20200,-3500]",3,-4.0,1,2,1,0,4,True
2025-2025041221gm-00a9-0000-d8d9d627-08-s2-d2,198,B,2,139,"[46800,33800,10900,8500]",3,-4.0,1,3,0,0,4,True
2025-2025041221gm-00a9-0000-d8d9d627-08-s2-d2,199,A,1,0,"[37100,22200,32200,8500]",2,4.0,1,3,2,0,6,True
2025-2025041221gm-00a9-0000-d8d9d627-08-s2-d2,199,B,2,139,"[44800,29300,9900,16000]",4,-10.0,1,3,0,0,3,True
2025-2025041221gm-00a9-0000-d8d9d627-08-s2-d2,200,A,1,0,"[49800,27200,10000,13000]",4,-10.0,1,3,0,0,3,True
2025-2025041221gm-00a9-0000-d8d9d627-08-s2-d2,200,B,2,139,"[43200,21000,20400,15400]",3,-4.0,1,3,0,0,4,True
2025-2025041221gm-00a9-0000-d8d9d627-08-s2-d2,201,A,1,0,"[43400,25500,17800,13300]",3,-4.0,1,3,0,0,4,True
2025-2025041221gm-00a9-0000-d8d9d627-08-s2-d2,201,B,2,139,"[40200,41100,6800,11900]",4,-10.0,1,3,0,0,5,True
2025-2025041221gm-00a9-0000-d8d9d627-08-s2-d2,202,A,1,0,"[38600,30300,1200,28900]",4,-10.0,1,3,2,1,5,True
2025-2025041221gm-00a9-0000-d8d9d627-08-s2-d2,202,B,2,139,"[32400,20000,36500,11100]",1,10.0,1,3,3,0,9,True
2025-2025041221gm-00a9-0000-d8d9d627-08-s2-d2,203,A,1,0,"[52300,24900,6900,15900]",4,-10.0,1,3,0,0,3,True
2025-2025041221gm-00a9-0000-d8d9d627-08-s2-d2,203,B,2,139,"[49500,33700,11800,5000]",3,-4.0,1,3,0,0,4,True
2025-2025041221gm-00a9-0000-d8d9d627-08-s2-d2,204,A,1,0,"[41200,31900,16900,10000]",3,-4.0,1,3,0,0,3,True
2025-2025041221gm-00a9-0000-d8d9d627-08-s2-d2,204,B,2,139,"[55500,29900,10000,4600]",3,-4.0,1,3,0,0,3,True
2025-2025041221gm-00a9-0000-d8d9d627-08-s2-d2,205,A,1,0,"[46200,29900,19900,4000]",3,-4.0,1,3,0,0,3,True
2025-2025041221gm-00a9-0000-d8d9d627-08-s2-d2,205,B,2,139,"[42900,30600,12300,14200]",4,-10.0,1,3,0,0,3,True
2025-2025041221gm-00a9-0000-d8d9d627-08-s2-d2,206,A,1,0,"[39700,32800,5900,21600]",4,-10.0,1,3,0,0,3,True
2025-2025041221gm-00a9-0000-d8d9d627-08-s2-d2,206,B,2,139,"[51400,22400,18900,7300]",3,-4.0,1,3,0,0,3,True
2025-2025041221gm-00a9-0000-d8d9d627-08-s2-d2,207,A,1,0,"[38400,35000,20000,6600]",3,-4.0,1,3,0,0,5,True
2025-2025041221gm-00a9-0000-d8d9d627-08-s2-d2,207,B,2,139,"[45800,44000,-100,10300]",4,-10.0,1,1,2,0,3,True
2025-2025041221gm-00a9-0000-d8d9d627-08-s2-d2,208,A,1,0,"[37200,22900,43200,-3300]",1,10.0,1,2,1,0,3,True
2025-2025041221gm-00a9-0000-d8d9d627-08-s2-d2,208,B,2,139,"[39800,25000,30500,4700]",2,4.0,1,3,1,0,6,True
2025-2025041221gm-00a9-0000-d8d9d627-08-s2-d2,209,A,1,0,"[39200,29300,7600,23900]",4,-10.0,1,3,0,0,3,True
2025-2025041221gm-00a9-0000-d8d9d627-08-s2-d2,209,B,2,139,"[43200,42900,-100,14000]",4,-10.0,1,1,0,0,1,True
2025-2025041221gm-00a9-0000-d8d9d627-08-s2-d2,210,A,1,0,"[35300,27200,15900,21600]",4,-10.0,1,3,1,0,4,True
2025-2025041221gm-00a9-0000-d8d9d627-08-s2-d2,210,B,2,139,"[43200,43900,-100,13000]",4,-10.0,1,1,0,0,1,True
2025-2025041221gm-00a9-0000-d8d9d627-08-s2-d2,211,A,1,0,"[42400,27600,17000,13000]",3,-4.0,1,3,0,0,3,True
2025-2025041221gm-00a9-0000-d8d9d627-08-s2-d2,211,B,2,139,"[36300,26400,16300,21000]",4,-10.0,1,3,0,0,5,True
2025-2025041221gm-00a9-0000-d8d9d627-08-s2-d2,212,A,1,0,"[37600,29900,17400,15100]",3,-4.0,1,3,0,0,4,True
2025-2025041221gm-00a9-0000-d8d9d627-08-s2-d2,212,B,2,139,"[40700,24700,18800,15800]",3,-4.0,1,3,0,0,3,True
2025-2025041221gm-00a9-0000-d8d9d627-08-s2-d2,213,A,1,0,"[43200,27400,17900,11500]",3,-4.0,1,3,0,0,4,True
2025-2025041221gm-00a9-0000-d8d9d627-08-s2-d2,213,B,2,139,"[43200,30900,6700,19200]",4,-10.0,1,3,0,0,3,True
2025-2025041221gm-00a9-0000-d8d9d627-08-s2-d2,214,A,1,0,"[44900,45800,-2600,11900]",4,-10.0,1,3,0,0,5,True
2025-2025041221gm-00a9-0000-d8d9d627-08-s2-d2,214,B,2,139,"[38200,25800,-7700,43700]",4,-10.0,1,3,0,0,3,True
2025-2025041221gm-00a9-0000-d8d9d627-08-s2-d2,215,A,1,0,"[43300,34300,9400,13000]",4,-10.0,1,3,0,0,3,True
2025-2025041221gm-00a9-0000-d8d9d627-08-s2-d2,215,B,2,139,"[48300,29600,9100,13000]",4,-10.0,1,3,0,0,3,True
2025-2025041221gm-00a9-0000-d8d9d627-08-s2-d2,216,A,1,0,"[49100,29400,7200,14300]",4,-10.0,1,3,1,0,4,True
2025-2025041221gm-00a9-0000-d8d9d627-08-s2-d2,216,B,2,139,"[45400,30700,11500,12400]",4,-10.0,1,3,1,0,4,True
2025-2025041221gm-00a9-0000-d8d9d627-08-s2-d2,217,A,1,0,"[46400,29700,-1400,25300]",4,-10.0,1,3,0,0,3,True
2025-2025041221gm-00a9-0000-d8d9d627-08-s2-d2,217,B,2,139,"[42900,24100,11400,21600]",4,-10.0,1,3,1,0,4,True
2025-2025041221gm-00a9-0000-d8d9d627-08-s2-d2,218,A,1,0,"[50400,31400,1600,16600]",4,-10.0,1,3,0,0,3,True
2025-2025041221gm-00a9-0000-d8d9d627-08-s2-d2,218,B,2,139,"[54200,24800,11400,9600]",3,-4.0,1,3,0,0,3,True
2025-2025041221gm-00a9-0000-d8d9d627-08-s2-d2,219,A,1,0,"[41100,44200,1100,13600]",4,-10.0,1,3,0,0,4,True
2025-2025041221gm-00a9-0000-d8d9d627-08-s2-d2,219,B,2,139,"[33500,42500,11700,12300]",4,-10.0,1,3,1,0,5,True
2025-2025041221gm-00a9-0000-d8d9d627-08-s2-d2,220,A,1,0,"[40100,46900,9800,3200]",3,-4.0,1,3,0,0,3,True
2025-2025041221gm-00a9-0000-d8d9d627-08-s2-d2,220,B,2,139,"[43700,37400,7400,9500]",4,-10.0,1,3,0,2,3,True
2025-2025041221gm-00a9-0000-d8d9d627-08-s2-d2,221,A,1,0,"[46800,46200,-1900,8900]",4,-10.0,1,3,0,0,3,True
2025-2025041221gm-00a9-0000-d8d9d627-08-s2-d2,221,B,2,139,"[47200,41900,2900,8000]",4,-10.0,1,3,0,0,3,True
2025-2025041221gm-00a9-0000-d8d9d627-08-s2-d2,222,A,1,0,"[47700,30200,6300,15800]",4,-10.0,1,3,1,0,4,True
2025-2025041221gm-00a9-0000-d8d9d627-08-s2-d2,222,B,2,139,"[40200,20600,25200,14000]",2,4.0,1,3,0,0,5,True
2025-2025041221gm-00a9-0000-d8d9d627-08-s2-d2,223,A,1,0,"[34800,22200,28100,14900]",2,4.0,1,3,0,0,5,True
2025-2025041221gm-00a9-0000-d8d9d627-08-s2-d2,223,B,2,139,"[35000,38200,24000,2800]",3,-4.0,1,3,0,0,5,True
2025-2025041221gm-00a9-0000-d8d9d627-08-s2-d2,224,A,1,0,"[47200,28300,12800,11700]",3,-4.0,1,3,1,0,3,True
2025-2025041221gm-00a9-0000-d8d9d627-08-s2-d2,224,B,2,139,"[51800,25500,10000,12700]",4,-10.0,1,3,0,0,4,True
2025-2025041221gm-00a9-0000-d8d9d627-08-s2-d2,225,A,1,0,"[55800,26000,11900,6300]",3,-4.0,1,3,0,0,3,True
2025-2025041221gm-00a9-0000-d8d9d627-08-s2-d2,225,B,2,139,"[32100,30200,26400,11300]",3,-4.0,1,3,0,0,4,True
2025-2025041221gm-00a9-0000-d8d9d627-08-s2-d2,226,A,1,0,"[35100,27300,23800,13800]",3,-4.0,1,3,1,0,5,True
2025-2025041221gm-00a9-0000-d8d9d627-08-s2-d2,226,B,2,139,"[44700,45900,-600,10000]",4,-10.0,1,2,0,0,3,True
2025-2025041221gm-00a9-0000-d8d9d627-08-s2-d2,227,A,1,0,"[52900,27700,9900,9500]",3,-4.0,1,3,0,0,4,True
2025-2025041221gm-00a9-0000-d8d9d627-08-s2-d2,227,B,2,139,"[40300,31200,27200,1300]",3,-4.0,1,3,0,0,4,True
2025-2025041221gm-00a9-0000-d8d9d627-08-s2-d2,228,A,1,0,"[41200,28200,19900,10700]",3,-4.0,1,3,0,0,3,True
2025-2025041221gm-00a9-0000-d8d9d627-08-s2-d2,228,B,2,139,"[33500,36600,19900,10000]",3,-4.0,1,3,0,0,3,True
2025-2025041221gm-00a9-0000-d8d9d627-08-s2-d2,229,A,1,0,"[49800,38400,7800,4000]",3,-4.0,1,3,0,0,3,True
2025-2025041221gm-00a9-0000-d8d9d627-08-s2-d2,229,B,2,139,"[44200,38700,14400,2700]",3,-4.0,1,3,0,0,3,True
2025-2025041221gm-00a9-0000-d8d9d627-08-s2-d2,230,A,1,0,"[51100,26000,10900,12000]",4,-10.0,1,3,0,0,3,True
2025-2025041221gm-00a9-0000-d8d9d627-08-s2-d2,230,B,2,139,"[51900,27400,7200,12500]",4,-10.0,1,3,0,1,3,True
2025-2025041221gm-00a9-0000-d8d9d627-08-s2-d2,231,A,1,0,"[49100,31900,10900,8100]",3,-4.0,1,3,0,0,3,True
2025-2025041221gm-00a9-0000-d8d9d627-08-s2-d2,231,B,2,139,"[47200,15900,9600,25300]",4,-10.0,1,3,1,2,5,True
2025-2025041221gm-00a9-0000-d8d9d627-08-s2-d2,232,A,1,0,"[40500,29900,8900,20700]",4,-10.0,1,3,0,0,3,True
2025-2025041221gm-00a9-0000-d8d9d627-08-s2-d2,232,B,2,139,"[30500,26000,20900,22600]",4,-10.0,1,3,0,0,4,True
2025-2025041221gm-00a9-0000-d8d9d627-08-s2-d2,233,A,1,0,"[39300,34100,18100,8500]",3,-4.0,1,3,0,0,3,True
2025-2025041221gm-00a9-0000-d8d9d627-08-s2-d2,233,B,2,139,"[43200,41800,-3500,18500]",4,-10.0,1,3,0,0,3,True
2025-2025041221gm-00a9-0000-d8d9d627-08-s2-d2,234,A,1,0,"[32300,19000,31600,17100]",2,4.0,1,3,0,0,4,True
2025-2025041221gm-00a9-0000-d8d9d627-08-s2-d2,234,B,2,139,"[47700,28500,13100,10700]",3,-4.0,1,3,0,0,3,True
2025-2025041221gm-00a9-0000-d8d9d627-08-s2-d2,235,A,1,0,"[43200,39100,1800,15900]",4,-10.0,1,3,0,0,3,True
2025-2025041221gm-00a9-0000-d8d9d627-08-s2-d2,235,B,2,139,"[42700,30100,7500,19700]",4,-10.0,1,3,0,0,3,True
2025-2025041221gm-00a9-0000-d8d9d627-08-s2-d2,236,A,1,0,"[40600,30300,12800,15300]",4,-10.0,1,3,0,1,4,True
2025-2025041221gm-00a9-0000-d8d9d627-08-s2-d2,236,B,2,139,"[44700,37200,3600,14500]",4,-10.0,1,3,0,0,3,True
2025-2025041221gm-00a9-0000-d8d9d627-08-s2-d2,237,A,1,0,"[41700,35600,-500,23200]",4,-10.0,1,2,1,0,3,True
2025-2025041221gm-00a9-0000-d8d9d627-08-s2-d2,237,B,2,139,"[38400,30700,4200,26700]",4,-10.0,1,3,0,0,4,True
2025-2025041221gm-00a9-0000-d8d9d627-08-s2-d2,238,A,1,0,"[42200,21900,20100,15800]",3,-4.0,1,3,0,0,3,True
2025-2025041221gm-00a9-0000-d8d9d627-08-s2-d2,238,B,2,139,"[31500,23900,15100,29500]",4,-10.0,1,3,0,0,3,True
2025-2025041221gm-00a9-0000-d8d9d627-08-s2-d2,239,A,1,0,"[42900,17700,13100,26300]",4,-10.0,1,3,2,0,6,True
2025-2025041221gm-00a9-0000-d8d9d627-08-s2-d2,239,B,2,139,"[40800,49100,13800,-3700]",3,-4.0,1,3,0,0,5,True
2025-2025041221gm-00a9-0000-d8d9d627-08-s2-d2,240,A,1,0,"[39200,41600,4400,14800]",4,-10.0,1,3,0,0,4,True
2025-2025041221gm-00a9-0000-d8d9d627-08-s2-d2,240,B,2,139,"[42200,25200,800,30800]",4,-10.0,1,3,1,1,4,True
2025-2025041221gm-00a9-0000-d8d9d627-08-s2-d2,241,A,1,0,"[32100,20100,14100,33700]",4,-10.0,1,3,0,0,4,True
2025-2025041221gm-00a9-0000-d8d9d627-08-s2-d2,241,B,2,139,"[39900,32100,6300,21700]",4,-10.0,1,3,0,0,3,True
2025-2025041221gm-00a9-0000-d8d9d627-08-s2-d2,242,A,1,0,"[45500,38300,11900,4300]",3,-4.0,1,3,0,0,3,True
2025-2025041221gm-00a9-0000-d8d9d627-08-s2-d2,242,B,2,139,"[35700,26600,11600,26100]",4,-10.0,1,3,2,0,7,True
2025-2025041221gm-00a9-0000-d8d9d627-08-s2-d2,243,A,1,0,"[46600,47300,4700,1400]",3,-4.0,1,3,0,0,6,True
2025-2025041221gm-00a9-0000-d8d9d627-08-s2-d2,243,B,2,139,"[55500,23700,11100,9700]",3,-4.0,1,3,0,0,4,True
2025-2025041221gm-00a9-0000-d8d9d627-08-s2-d2,244,A,1,0,"[40200,48800,11100,-100]",3,-4.0,1,3,0,0,3,True
2025-2025041221gm-00a9-0000-d8d9d627-08-s2-d2,244,B,2,139,"[48300,31400,11400,8900]",3,-4.0,1,3,2,0,3,True
2025-2025041221gm-00a9-0000-d8d9d627-08-s2-d2,245,A,1,0,"[39700,31700,8300,20300]",4,-10.0,1,3,1,0,4,True
2025-2025041221gm-00a9-0000-d8d9d627-08-s2-d2,245,B,2,139,"[54200,34200,1600,10000]",4,-10.0,1,3,1,0,4,True
2025-2025041221gm-00a9-0000-d8d9d627-08-s2-d2,246,A,1,0,"[42400,26800,19100,11700]",3,-4.0,1,3,0,0,3,True
2025-2025041221gm-00a9-0000-d8d9d627-08-s2-d2,246,B,2,139,"[50700,7600,26300,15400]",2,4.0,1,3,0,0,4,True
2025-2025041221gm-00a9-0000-d8d9d627-08-s2-d2,247,A,1,0,"[40200,41100,20100,-1400]",3,-4.0,1,3,0,0,5,True
2025-2025041221gm-00a9-0000-d8d9d627-08-s2-d2,247,B,2,139,"[49700,27500,9100,13700]",4,-10.0,1,3,1,0,3,True
2025-2025041221gm-00a9-0000-d8d9d627-08-s2-d2,248,A,1,0,"[44200,35200,5500,15100]",4,-10.0,1,3,1,0,5,True
2025-2025041221gm-00a9-0000-d8d9d627-08-s2-d2,248,B,2,139,"[40900,40200,1600,17300]",4,-10.0,1,3,0,0,4,True
2025-2025041221gm-00a9-0000-d8d9d627-08-s2-d2,249,A,1,0,"[42200,30200,16600,11000]",3,-4.0,1,3,0,0,3,True
2025-2025041221gm-00a9-0000-d8d9d627-08-s2-d2,249,B,2,139,"[42700,28900,12400,15000]",4,-10.0,1,3,0,1,3,True
2025-2025041221gm-00a9-0000-d8d9d627-08-s2-d2,250,A,1,0,"[41200,28900,-1200,31100]",4,-10.0,1,3,0,0,3,True
2025-2025041221gm-00a9-0000-d8d9d627-08-s2-d2,250,B,2,139,"[40700,25500,1500,31300]",4,-10.0,1,3,1,1,4,True
2025-2025041221gm-00a9-0000-d8d9d627-08-s2-d2,251,A,1,0,"[39300,28900,19300,12500]",3,-4.0,1,3,0,0,3,True
2025-2025041221gm-00a9-0000-d8d9d627-08-s2-d2,251,B,2,139,"[46000,31300,13900,8800]",3,-4.0,1,3,0,0,6,True
2025-2025041221gm-00a9-0000-d8d9d627-08-s2-d2,252,A,1,0,"[43200,30600,1700,24500]",4,-10.0,1,3,2,0,5,True
2025-2025041221gm-00a9-0000-d8d9d627-08-s2-d2,252,B,2,139,"[43700,32300,8500,14500]",4,-10.0,1,3,0,1,3,True
2025-2025041221gm-00a9-0000-d8d9d627-08-s2-d2,253,A,1,0,"[28600,42400,8100,20900]",4,-10.0,1,3,1,0,5,True
2025-2025041221gm-00a9-0000-d8d9d627-08-s2-d2,253,B,2,139,"[39100,34800,4800,21300]",4,-10.0,1,3,0,0,4,True
2025-2025041221gm-00a9-0000-d8d9d627-08-s2-d2,254,A,1,0,"[44300,22800,21400,11500]",3,-4.0,1,3,2,0,5,True
2025-2025041221gm-00a9-0000-d8d9d627-08-s2-d2,254,B,2,139,"[46200,35200,10000,8600]",3,-4.0,1,3,1,0,4,True
2025-2025041221gm-00a9-0000-d8d9d627-08-s2-d2,255,A,1,0,"[54300,21700,11900,12100]",4,-10.0,1,3,1,0,4,True
2025-2025041221gm-00a9-0000-d8d9d627-08-s2-d2,255,B,2,139,"[53100,30000,6900,10000]",4,-10.0,1,3,0,0,3,True
2025-2025041520gm-00a9-0000-d292f784-08-s1-d0,0,A,1,133,"[21800,600,64000,13600]",4,-10.0,1,3,0,0,2,True
2025-2025041520gm-00a9-0000-d292f784-08-s1-d0,0,B,2,0,"[41900,5400,53200,-500]",3,-4.0,1,3,0,0,2,True
2025-2025041520gm-00a9-0000-d292f784-08-s1-d0,1,A,1,133,"[37100,6400,56100,400]",3,-4.0,1,3,0,0,2,True
2025-2025041520gm-00a9-0000-d292f784-08-s1-d0,1,B,2,0,"[18000,13600,61300,7100]",3,-4.0,1,3,0,0,3,True
2025-2025041520gm-00a9-0000-d292f784-08-s1-d0,2,A,1,133,"[18500,13100,64300,4100]",3,-4.0,1,3,5,0,4,True
2025-2025041520gm-00a9-0000-d292f784-08-s1-d0,2,B,2,0,"[26400,12200,55800,5600]",3,-4.0,1,3,0,0,2,True
2025-2025041520gm-00a9-0000-d292f784-08-s1-d0,3,A,1,133,"[21900,17400,52200,8500]",3,-4.0,1,3,1,0,3,True
2025-2025041520gm-00a9-0000-d292f784-08-s1-d0,3,B,2,0,"[7900,2300,90500,-700]",3,-4.0,1,2,3,0,2,True
2025-2025041520gm-00a9-0000-d292f784-08-s1-d0,4,A,1,133,"[19700,3600,65200,11500]",4,-10.0,1,3,0,0,3,True
2025-2025041520gm-00a9-0000-d292f784-08-s1-d0,4,B,2,0,"[16700,-4200,80000,7500]",4,-10.0,1,3,0,0,3,True
2025-2025041520gm-00a9-0000-d292f784-08-s1-d0,5,A,1,133,"[24800,6500,61600,7100]",4,-10.0,1,3,1,0,4,True
2025-2025041520gm-00a9-0000-d292f784-08-s1-d0,5,B,2,0,"[22000,10100,63600,4300]",3,-4.0,1,3,1,0,4,True
2025-2025041520gm-00a9-0000-d292f784-08-s1-d0,6,A,1,133,"[25100,7000,47700,20200]",4,-10.0,1,3,0,0,2,True
2025-2025041520gm-00a9-0000-d292f784-08-s1-d0,6,B,2,0,"[29000,5100,60300,5600]",4,-10.0,1,3,0,0,2,True
2025-2025041520gm-00a9-0000-d292f784-08-s1-d0,7,A,1,133,"[19700,22600,56200,1500]",2,4.0,1,3,0,0,2,True
2025-2025041520gm-00a9-0000-d292f784-08-s1-d0,7,B,2,0,"[36100,10400,53100,400]",3,-4.0,1,3,0,0,2,True
2025-2025041520gm-00a9-0000-d292f784-08-s1-d0,8,A,1,133,"[23700,14600,57500,4200]",3,-4.0,1,3,0,0,2,True
2025-2025041520gm-00a9-0000-d292f784-08-s1-d0,8,B,2,0,"[28000,12900,47700,11400]",3,-4.0,1,3,1,0,3,True
2025-2025041520gm-00a9-0000-d292f784-08-s1-d0,9,A,1,133,"[17300,4400,57600,20700]",4,-10.0,1,3,4,0,3,True
2025-2025041520gm-00a9-0000-d292f784-08-s1-d0,9,B,2,0,"[23000,-500,50200,26300]",4,-10.0,1,3,1,1,3,True
2025-2025041520gm-00a9-0000-d292f784-08-s1-d0,10,A,1,133,"[29000,-2600,60300,13300]",4,-10.0,1,3,0,0,2,True
2025-2025041520gm-00a9-0000-d292f784-08-s1-d0,10,B,2,0,"[21000,8100,60900,10000]",4,-10.0,1,3,0,0,3,True
2025-2025041520gm-00a9-0000-d292f784-08-s1-d0,11,A,1,133,"[27800,8700,66500,-3000]",3,-4.0,1,3,0,0,2,True
2025-2025041520gm-00a9-0000-d292f784-08-s1-d0,11,B,2,0,"[10600,3100,88200,-1900]",3,-4.0,1,2,4,0,3,True
2025-2025041520gm-00a9-0000-d292f784-08-s1-d0,12,A,1,133,"[25500,14300,59800,400]",3,-4.0,1,3,0,0,2,True
2025-2025041520gm-00a9-0000-d292f784-08-s1-d0,12,B,2,0,"[21800,8900,72100,-2800]",3,-4.0,1,2,3,0,2,True
2025-2025041520gm-00a9-0000-d292f784-08-s1-d0,13,A,1,133,"[25100,9000,60300,5600]",3,-4.0,1,3,0,0,2,True
2025-2025041520gm-00a9-0000-d292f784-08-s1-d0,13,B,2,0,"[22900,9000,50400,16700]",4,-10.0,1,3,2,1,4,True
2025-2025041520gm-00a9-0000-d292f784-08-s1-d0,14,A,1,133,"[24800,17900,39700,17600]",3,-4.0,1,3,1,0,3,True
2025-2025041520gm-00a9-0000-d292f784-08-s1-d0,14,B,2,0,"[2700,18700,62000,16600]",2,4.0,1,3,1,0,3,True
2025-2025041520gm-00a9-0000-d292f784-08-s1-d0,15,A,1,133,"[33800,9600,59300,-2700]",3,-4.0,1,2,2,0,1,True
2025-2025041520gm-00a9-0000-d292f784-08-s1-d0,15,B,2,0,"[21000,18400,59500,1100]",3,-4.0,1,3,0,0,2,True
2025-2025041520gm-00a9-0000-d292f784-08-s1-d0,16,A,1,133,"[22500,1300,61600,14600]",4,-10.0,1,3,0,0,2,True
2025-2025041520gm-00a9-0000-d292f784-08-s1-d0,16,B,2,0,"[16800,17300,48300,17600]",3,-4.0,1,3,1,0,3,True
2025-2025041520gm-00a9-0000-d292f784-08-s1-d0,17,A,1,133,"[31300,8100,56500,4100]",3,-4.0,1,3,0,0,2,True
2025-2025041520gm-00a9-0000-d292f784-08-s1-d0,17,B,2,0,"[22500,-3000,74900,5600]",4,-10.0,1,2,2,0,1,True
2025-2025041520gm-00a9-0000-d292f784-08-s1-d0,18,A,1,133,"[21000,14400,54900,9700]",3,-4.0,1,3,1,0,3,True
2025-2025041520gm-00a9-0000-d292f784-08-s1-d0,18,B,2,0,"[22500,9600,68700,-800]",3,-4.0,1,2,2,0,1,True
2025-2025041520gm-00a9-0000-d292f784-08-s1-d0,19,A,1,133,"[27500,11100,61800,-400]",3,-4.0,1,2,3,0,2,True
2025-2025041520gm-00a9-0000-d292f784-08-s1-d0,19,B,2,0,"[19300,16800,57300,6600]",3,-4.0,1,3,4,0,3,True
2025-2025041520gm-00a9-0000-d292f784-08-s1-d0,20,A,1,133,"[18400,-5000,86100,500]",4,-10.0,1,2,3,0,2,True
2025-2025041520gm-00a9-0000-d292f784-08-s1-d0,20,B,2,0,"[22500,20200,60300,-3000]",3,-4.0,1,2,2,0,1,True
2025-2025041520gm-00a9-0000-d292f784-08-s1-d0,21,A,1,133,"[37100,-3000,60300,5600]",4,-10.0,1,2,2,0,1,True
2025-2025041520gm-00a9-0000-d292f784-08-s1-d0,21,B,2,0,"[36100,5400,58100,400]",3,-4.0,1,3,0,0,2,True
2025-2025041520gm-00a9-0000-d292f784-08-s1-d0,22,A,1,133,"[20400,14200,61000,4400]",3,-4.0,1,3,1,0,3,True
2025-2025041520gm-00a9-0000-d292f784-08-s1-d0,22,B,2,0,"[21000,22200,58900,-2100]",2,4.0,1,3,0,0,3,True
2025-2025041520gm-00a9-0000-d292f784-08-s1-d0,23,A,1,133,"[26800,5500,57100,10600]",4,-10.0,1,3,1,0,3,True
2025-2025041520gm-00a9-0000-d292f784-08-s1-d0,23,B,2,0,"[21300,-5100,80400,3400]",4,-10.0,1,2,3,0,2,True
2025-2025041520gm-00a9-0000-d292f784-08-s1-d0,24,A,1,133,"[32600,2500,60800,4100]",4,-10.0,1,3,0,0,2,True
2025-2025041520gm-00a9-0000-d292f784-08-s1-d0,24,B,2,0,"[33800,2300,61300,2600]",4,-10.0,1,3,0,0,2,True
2025-2025041520gm-00a9-0000-d292f784-08-s1-d0,25,A,1,133,"[20500,3700,59600,16200]",4,-10.0,1,3,1,0,3,True
2025-2025041520gm-00a9-0000-d292f784-08-s1-d0,25,B,2,0,"[21000,2000,61800,15200]",4,-10.0,1,3,0,0,3,True
2025-2025041520gm-00a9-0000-d292f784-08-s1-d0,26,A,1,133,"[16300,17000,61800,4900]",2,4.0,1,3,0,0,2,True
2025-2025041520gm-00a9-0000-d292f784-08-s1-d0,26,B,2,0,"[33900,9100,51900,5100]",3,-4.0,1,3,0,0,2,True
2025-2025041520gm-00a9-0000-d292f784-08-s1-d0,27,A,1,133,"[22500,8000,62300,7200]",3,-4.0,1,3,0,0,2,True
2025-2025041520gm-00a9-0000-d292f784-08-s1-d0,27,B,2,0,"[24500,8600,65200,1700]",3,-4.0,1,3,3,0,2,True
2025-2025041520gm-00a9-0000-d292f784-08-s1-d0,28,A,1,133,"[21000,18700,61800,-1500]",3,-4.0,1,2,3,0,2,True
2025-2025041520gm-00a9-0000-d292f784-08-s1-d0,28,B,2,0,"[21300,7400,59100,12200]",4,-10.0,1,3,0,0,2,True
2025-2025041520gm-00a9-0000-d292f784-08-s1-d0,29,A,1,133,"[19600,15000,57500,7900]",3,-4.0,1,3,1,0,4,True
2025-2025041520gm-00a9-0000-d292f784-08-s1-d0,29,B,2,0,"[31100,11600,51700,5600]",3,-4.0,1,3,0,0,2,True
2025-2025041520gm-00a9-0000-d292f784-08-s1-d0,30,A,1,133,"[22500,17400,55500,4600]",3,-4.0,1,3,0,0,2,True
2025-2025041520gm-00a9-0000-d292f784-08-s1-d0,30,B,2,0,"[26400,9200,45700,18700]",4,-10.0,1,3,1,0,5,True
2025-2025041520gm-00a9-0000-d292f784-08-s1-d0,31,A,1,133,"[31500,8600,44000,15900]",4,-10.0,1,3,0,0,2,True
2025-2025041520gm-00a9-0000-d292f784-08-s1-d0,31,B,2,0,"[21500,-2000,64300,16200]",4,-10.0,1,3,0,0,2,True
2025-2025041520gm-00a9-0000-d292f784-08-s1-d0,32,A,1,133,"[22500,9600,74900,-7000]",3,-4.0,1,2,2,0,1,True
2025-2025041520gm-00a9-0000-d292f784-08-s1-d0,32,B,2,0,"[22500,11900,61600,4000]",3,-4.0,1,3,1,0,3,True
2025-2025041520gm-00a9-0000-d292f784-08-s1-d0,33,A,1,133,"[10900,900,72800,15400]",4,-10.0,1,3,0,0,3,True
2025-2025041520gm-00a9-0000-d292f784-08-s1-d0,33,B,2,0,"[22500,-600,72500,5600]",4,-10.0,1,2,2,0,1,True
2025-2025041520gm-00a9-0000-d292f784-08-s1-d0,34,A,1,133,"[23500,20200,51700,4600]",3,-4.0,1,3,0,0,2,True
2025-2025041520gm-00a9-0000-d292f784-08-s1-d0,34,B,2,0,"[22000,8100,60500,9400]",4,-10.0,1,3,0,0,3,True
2025-2025041520gm-00a9-0000-d292f784-08-s1-d0,35,A,1,133,"[19600,16700,56800,6900]",3,-4.0,1,3,0,0,2,True
2025-2025041520gm-00a9-0000-d292f784-08-s1-d0,35,B,2,0,"[35900,100,60800,3200]",4,-10.0,1,3,0,0,3,True
2025-2025041520gm-00a9-0000-d292f784-08-s1-d0,36,A,1,133,"[19200,8100,66600,6100]",3,-4.0,1,3,3,0,2,True
2025-2025041520gm-00a9-0000-d292f784-08-s1-d0,36,B,2,0,"[15400,24200,58000,2400]",2,4.0,1,3,0,0,2,True
2025-2025041520gm-00a9-0000-d292f784-08-s1-d0,37,A,1,133,"[30400,2400,56000,11200]",4,-10.0,1,3,1,0,4,True
2025-2025041520gm-00a9-0000-d292f784-08-s1-d0,37,B,2,0,"[26400,8300,65500,-200]",3,-4.0,1,3,0,0,2,True
2025-2025041520gm-00a9-0000-d292f784-08-s1-d0,38,A,1,133,"[19500,19900,56000,3600]",2,4.0,1,3,1,1,3,True
2025-2025041520gm-00a9-0000-d292f784-08-s1-d0,38,B,2,0,"[19700,-1800,79300,2800]",4,-10.0,1,2,3,0,2,True
2025-2025041520gm-00a9-0000-d292f784-08-s1-d0,39,A,1,133,"[21500,15500,59300,3700]",3,-4.0,1,3,3,0,2,True
2025-2025041520gm-00a9-0000-d292f784-08-s1-d0,39,B,2,0,"[21100,14000,58800,6100]",3,-4.0,1,3,3,0,2,True
2025-2025041520gm-00a9-0000-d292f784-08-s1-d0,40,A,1,133,"[20700,4700,74900,-300]",3,-4.0,1,3,0,0,3,True
2025-2025041520gm-00a9-0000-d292f784-08-s1-d0,40,B,2,0,"[17400,-3100,74600,11100]",4,-10.0,1,2,3,0,2,True
2025-2025041520gm-00a9-0000-d292f784-08-s1-d0,41,A,1,133,"[18900,3500,68100,9500]",4,-10.0,1,3,1,0,3,True
2025-2025041520gm-00a9-0000-d292f784-08-s1-d0,41,B,2,0,"[24000,6500,65000,4500]",3,-4.0,1,3,1,0,3,True
2025-2025041520gm-00a9-0000-d292f784-08-s1-d0,42,A,1,133,"[27100,-2700,59100,16500]",4,-10.0,1,3,0,0,2,True
2025-2025041520gm-00a9-0000-d292f784-08-s1-d0,42,B,2,0,"[22500,21200,60300,-4000]",3,-4.0,1,2,2,0,1,True
2025-2025041520gm-00a9-0000-d292f784-08-s1-d0,43,A,1,133,"[22500,17400,60300,-200]",3,-4.0,1,2,2,0,1,True
2025-2025041520gm-00a9-0000-d292f784-08-s1-d0,43,B,2,0,"[30800,18100,49600,1500]",3,-4.0,1,3,1,0,3,True
2025-2025041520gm-00a9-0000-d292f784-08-s1-d0,44,A,1,133,"[22300,5400,53100,19200]",4,-10.0,1,3,0,0,2,True
2025-2025041520gm-00a9-0000-d292f784-08-s1-d0,44,B,2,0,"[19300,-5200,54100,31800]",4,-10.0,1,3,0,0,2,True
2025-2025041520gm-00a9-0000-d292f784-08-s1-d0,45,A,1,133,"[20200,16500,58000,5300]",3,-4.0,1,3,3,0,2,True
2025-2025041520gm-00a9-0000-d292f784-08-s1-d0,45,B,2,0,"[25800,-1300,71700,3800]",4,-10.0,1,2,4,0,3,True
2025-2025041520gm-00a9-0000-d292f784-08-s1-d0,46,A,1,133,"[30700,10600,66800,-8100]",3,-4.0,1,2,4,0,3,True
2025-2025041520gm-00a9-0000-d292f784-08-s1-d0,46,B,2,0,"[22500,-3000,60300,20200]",4,-10.0,1,2,2,0,1,True
2025-2025041520gm-00a9-0000-d292f784-08-s1-d0,47,A,1,133,"[8900,27200,60300,3600]",2,4.0,1,3,0,0,2,True
2025-2025041520gm-00a9-0000-d292f784-08-s1-d0,47,B,2,0,"[24000,9000,62000,5000]",3,-4.0,1,3,0,0,2,True
2025-2025041520gm-00a9-0000-d292f784-08-s1-d0,48,A,1,133,"[22500,-2600,75500,4600]",4,-10.0,1,2,2,0,1,True
2025-2025041520gm-00a9-0000-d292f784-08-s1-d0,48,B,2,0,"[26400,1000,59300,13300]",4,-10.0,1,3,0,0,2,True
2025-2025041520gm-00a9-0000-d292f784-08-s1-d0,49,A,1,133,"[24000,16400,38500,21100]",4,-10.0,1,3,1,0,3,True
2025-2025041520gm-00a9-0000-d292f784-08-s1-d0,49,B,2,0,"[38100,9600,60300,-8000]",3,-4.0,1,2,2,0,1,True
2025-2025041520gm-00a9-0000-d292f784-08-s1-d0,50,A,1,133,"[18700,6800,52500,20000]",4,-10.0,1,3,6,2,5,True
2025-2025041520gm-00a9-0000-d292f784-08-s1-d0,50,B,2,0,"[20900,3800,53600,21700]",4,-10.0,1,3,2,0,4,True
2025-2025041520gm-00a9-0000-d292f784-08-s1-d0,51,A,1,133,"[46100,6600,48700,-1400]",3,-4.0,1,3,0,0,2,True
2025-2025041520gm-00a9-0000-d292f784-08-s1-d0,51,B,2,0,"[21500,6700,65800,6000]",3,-4.0,1,3,0,0,3,True
2025-2025041520gm-00a9-0000-d292f784-08-s1-d0,52,A,1,133,"[16300,3400,80900,-600]",3,-4.0,1,2,2,0,1,True
2025-2025041520gm-00a9-0000-d292f784-08-s1-d0,52,B,2,0,"[22500,20200,60300,-3000]",3,-4.0,1,2,2,0,1,True
2025-2025041520gm-00a9-0000-d292f784-08-s1-d0,53,A,1,133,"[23100,7000,62000,7900]",4,-10.0,1,3,5,0,4,True
2025-2025041520gm-00a9-0000-d292f784-08-s1-d0,53,B,2,0,"[13600,11200,58000,17200]",4,-10.0,1,3,2,0,4,True
2025-2025041520gm-00a9-0000-d292f784-08-s1-d0,54,A,1,133,"[16700,9600,61600,12100]",4,-10.0,1,3,0,0,2,True
2025-2025041520gm-00a9-0000-d292f784-08-s1-d0,54,B,2,0,"[22500,8300,57400,11800]",4,-10.0,1,3,0,0,2,True
2025-2025041520gm-00a9-0000-d292f784-08-s1-d0,55,A,1,133,"[18500,-4900,77200,9200]",4,-10.0,1,3,0,0,4,True
2025-2025041520gm-00a9-0000-d292f784-08-s1-d0,55,B,2,0,"[20500,7100,60300,12100]",4,-10.0,1,3,0,0,2,True
2025-2025041520gm-00a9-0000-d292f784-08-s1-d0,56,A,1,133,"[19300,6400,54100,20200]",4,-10.0,1,3,0,0,2,True
2025-2025041520gm-00a9-0000-d292f784-08-s1-d0,56,B,2,0,"[22200,6300,71200,300]",3,-4.0,1,3,3,0,2,True
2025-2025041520gm-00a9-0000-d292f784-08-s1-d0,57,A,1,133,"[25100,4100,65200,5600]",4,-10.0,1,3,0,0,2,True
2025-2025041520gm-00a9-0000-d292f784-08-s1-d0,57,B,2,0,"[29000,8600,62300,100]",3,-4.0,1,3,0,0,2,True
2025-2025041520gm-00a9-0000-d292f784-08-s1-d0,58,A,1,133,"[22800,9900,60100,7200]",3,-4.0,1,3,0,0,2,True
2025-2025041520gm-00a9-0000-d292f784-08-s1-d0,58,B,2,0,"[35400,7500,55600,1500]",3,-4.0,1,3,1,0,3,True
2025-2025041520gm-00a9-0000-d292f784-08-s1-d0,59,A,1,133,"[16700,9800,63600,7900]",3,-4.0,1,3,1,2,4,True
2025-2025041520gm-00a9-0000-d292f784-08-s1-d0,59,B,2,0,"[32000,11400,55200,1400]",3,-4.0,1,3,0,0,2,True
2025-2025041520gm-00a9-0000-d292f784-08-s1-d0,60,A,1,133,"[30500,7700,60300,1500]",3,-4.0,1,3,0,0,2,True
2025-2025041520gm-00a9-0000-d292f784-08-s1-d0,60,B,2,0,"[38100,400,58100,3400]",4,-10.0,1,3,0,0,2,True
2025-2025041520gm-00a9-0000-d292f784-08-s1-d0,61,A,1,133,"[5900,17600,60300,16200]",2,4.0,1,3,0,0,2,True
2025-2025041520gm-00a9-0000-d292f784-08-s1-d0,61,B,2,0,"[10500,13000,60300,16200]",3,-4.0,1,3,0,0,2,True
2025-2025041520gm-00a9-0000-d292f784-08-s1-d0,62,A,1,133,"[35200,9600,60300,-5100]",3,-4.0,1,3,0,0,2,True
2025-2025041520gm-00a9-0000-d292f784-08-s1-d0,62,B,2,0,"[22500,18400,60300,-1200]",3,-4.0,1,2,2,0,1,True
2025-2025041520gm-00a9-0000-d292f784-08-s1-d0,63,A,1,133,"[22500,18400,60300,-1200]",3,-4.0,1,2,2,0,1,True
2025-2025041520gm-00a9-0000-d292f784-08-s1-d0,63,B,2,0,"[24600,-4900,65200,15100]",4,-10.0,1,3,0,0,3,True
2025-2025041520gm-00a9-0000-d292f784-08-s1-d0,64,A,1,133,"[20400,9600,76900,-6900]",3,-4.0,1,2,3,0,2,True
2025-2025041520gm-00a9-0000-d292f784-08-s1-d0,64,B,2,0,"[21800,8900,76900,-7600]",3,-4.0,1,2,3,0,2,True
2025-2025041520gm-00a9-0000-d292f784-08-s1-d0,65,A,1,133,"[36700,5700,56800,800]",3,-4.0,1,3,0,0,2,True
2025-2025041520gm-00a9-0000-d292f784-08-s1-d0,65,B,2,0,"[22500,18400,60300,-1200]",3,-4.0,1,2,2,0,1,True
2025-2025041520gm-00a9-0000-d292f784-08-s1-d0,66,A,1,133,"[19300,6400,75600,-1300]",3,-4.0,1,2,4,0,3,True
2025-2025041520gm-00a9-0000-d292f784-08-s1-d0,66,B,2,0,"[17000,2800,54800,25400]",4,-10.0,1,3,1,0,3,True
2025-2025041520gm-00a9-0000-d292f784-08-s1-d0,67,A,1,133,"[22500,9000,60300,8200]",3,-4.0,1,3,0,0,2,True
2025-2025041520gm-00a9-0000-d292f784-08-s1-d0,67,B,2,0,"[20500,4400,68300,6800]",4,-10.0,1,3,0,0,2,True
2025-2025041520gm-00a9-0000-d292f784-08-s1-d0,68,A,1,133,"[21400,7100,55800,15700]",4,-10.0,1,3,0,0,2,True
2025-2025041520gm-00a9-0000-d292f784-08-s1-d0,68,B,2,0,"[23700,15400,58300,2600]",3,-4.0,1,3,0,0,2,True
2025-2025041520gm-00a9-0000-d292f784-08-s1-d0,69,A,1,133,"[25600,10700,59200,4500]",3,-4.0,1,3,2,0,4,True
2025-2025041520gm-00a9-0000-d292f784-08-s1-d0,69,B,2,0,"[20600,6400,52800,20200]",4,-10.0,1,3,0,0,2,True
2025-2025041520gm-00a9-0000-d292f784-08-s1-d0,70,A,1,133,"[17500,24000,58200,300]",2,4.0,1,3,1,0,4,True
2025-2025041520gm-00a9-0000-d292f784-08-s1-d0,70,B,2,0,"[13300,29700,57100,-100]",2,4.0,1,3,1,0,4,True
2025-2025041520gm-00a9-0000-d292f784-08-s1-d0,71,A,1,133,"[22500,15000,52300,10200]",3,-4.0,1,3,0,0,2,True
2025-2025041520gm-00a9-0000-d292f784-08-s1-d0,71,B,2,0,"[22100,7600,62800,7500]",3,-4.0,1,3,0,0,2,True
2025-2025041520gm-00a9-0000-d292f784-08-s1-d0,72,A,1,133,"[22500,5700,59700,12100]",4,-10.0,1,3,0,0,2,True
2025-2025041520gm-00a9-0000-d292f784-08-s1-d0,72,B,2,0,"[21700,18600,56900,2800]",3,-4.0,1,3,0,0,2,True
2025-2025041520gm-00a9-0000-d292f784-08-s1-d0,73,A,1,133,"[19000,9600,73500,-2100]",3,-4.0,1,2,3,0,2,True
2025-2025041520gm-00a9-0000-d292f784-08-s1-d0,73,B,2,0,"[22500,9600,68700,-800]",3,-4.0,1,2,2,0,1,True
2025-2025041520gm-00a9-0000-d292f784-08-s1-d0,74,A,1,133,"[16300,3400,80900,-600]",3,-4.0,1,2,2,0,1,True
2025-2025041520gm-00a9-0000-d292f784-08-s1-d0,74,B,2,0,"[40700,7600,50000,1700]",3,-4.0,1,3,0,0,2,True
2025-2025041520gm-00a9-0000-d292f784-08-s1-d0,75,A,1,133,"[22500,9600,74900,-7000]",3,-4.0,1,2,2,0,1,True
2025-2025041520gm-00a9-0000-d292f784-08-s1-d0,75,B,2,0,"[30300,7300,54800,7600]",4,-10.0,1,3,1,0,3,True
2025-2025041520gm-00a9-0000-d292f784-08-s1-d0,76,A,1,133,"[25100,16800,57100,1000]",3,-4.0,1,3,0,0,2,True
2025-2025041520gm-00a9-0000-d292f784-08-s1-d0,76,B,2,0,"[20900,7600,59300,12200]",4,-10.0,1,3,0,0,2,True
2025-2025041520gm-00a9-0000-d292f784-08-s1-d0,77,A,1,133,"[20200,3900,61400,14500]",4,-10.0,1,3,0,0,3,True
2025-2025041520gm-00a9-0000-d292f784-08-s1-d0,77,B,2,0,"[12600,23500,59600,4300]",2,4.0,1,3,0,0,2,True
2025-2025041520gm-00a9-0000-d292f784-08-s1-d0,78,A,1,133,"[17200,12900,58200,11700]",3,-4.0,1,3,1,0,3,True
2025-2025041520gm-00a9-0000-d292f784-08-s1-d0,78,B,2,0,"[7100,16300,57400,19200]",3,-4.0,1,3,4,0,3,True
2025-2025041520gm-00a9-0000-d292f784-08-s1-d0,79,A,1,133,"[22500,15000,43400,19100]",4,-10.0,1,3,1,0,3,True
2025-2025041520gm-00a9-0000-d292f784-08-s1-d0,79,B,2,0,"[22500,9600,71600,-3700]",3,-4.0,1,2,2,0,1,True
2025-2025041520gm-00a9-0000-d292f784-08-s1-d0,80,A,1,133,"[22900,12700,59400,5000]",3,-4.0,1,3,0,0,2,True
2025-2025041520gm-00a9-0000-d292f784-08-s1-d0,80,B,2,0,"[25800,3100,60400,9700]",4,-10.0,1,3,1,1,4,True
2025-2025041520gm-00a9-0000-d292f784-08-s1-d0,81,A,1,133,"[22500,9600,68700,-800]",3,-4.0,1,2,2,0,1,True
2025-2025041520gm-00a9-0000-d292f784-08-s1-d0,81,B,2,0,"[16300,3400,80900,-600]",3,-4.0,1,2,2,0,1,True
2025-2025041520gm-00a9-0000-d292f784-08-s1-d0,82,A,1,133,"[32800,9600,60300,-2700]",3,-4.0,1,2,2,0,1,True
2025-2025041520gm-00a9-0000-d292f784-08-s1-d0,82,B,2,0,"[31400,9600,65800,-6800]",3,-4.0,1,2,3,0,2,True
2025-2025041520gm-00a9-0000-d292f784-08-s1-d0,83,A,1,133,"[22500,10900,54500,12100]",4,-10.0,1,3,0,0,2,True
2025-2025041520gm-00a9-0000-d292f784-08-s1-d0,83,B,2,0,"[22500,17400,60300,-200]",3,-4.0,1,2,2,0,1,True
2025-2025041520gm-00a9-0000-d292f784-08-s1-d0,84,A,1,133,"[19300,-5600,54100,32200]",4,-10.0,1,3,0,0,2,True
2025-2025041520gm-00a9-0000-d292f784-08-s1-d0,84,B,2,0,"[20300,-300,56100,23900]",4,-10.0,1,3,1,0,3,True
2025-2025041520gm-00a9-0000-d292f784-08-s1-d0,85,A,1,133,"[22500,17400,60300,-200]",3,-4.0,1,2,2,0,1,True
2025-2025041520gm-00a9-0000-d292f784-08-s1-d0,85,B,2,0,"[20300,21500,56100,2100]",2,4.0,1,3,0,0,2,True
2025-2025041520gm-00a9-0000-d292f784-08-s1-d0,86,A,1,133,"[18000,5100,59300,17600]",4,-10.0,1,3,0,0,2,True
2025-2025041520gm-00a9-0000-d292f784-08-s1-d0,86,B,2,0,"[17700,22000,60500,-200]",2,4.0,1,2,3,0,2,True
2025-2025041520gm-00a9-0000-d292f784-08-s1-d0,87,A,1,133,"[20300,8600,60300,10800]",4,-10.0,1,3,0,0,2,True
2025-2025041520gm-00a9-0000-d292f784-08-s1-d0,87,B,2,0,"[21900,8600,60300,9200]",4,-10.0,1,3,0,0,2,True
2025-2025041520gm-00a9-0000-d292f784-08-s1-d0,88,A,1,133,"[33100,11800,54700,400]",3,-4.0,1,3,1,0,3,True
2025-2025041520gm-00a9-0000-d292f784-08-s1-d0,88,B,2,0,"[24400,9600,66800,-800]",3,-4.0,1,2,3,0,2,True
2025-2025041520gm-00a9-0000-d292f784-08-s1-d0,89,A,1,133,"[14500,8400,60400,16700]",4,-10.0,1,3,1,0,3,True
2025-2025041520gm-00a9-0000-d292f784-08-s1-d0,89,B,2,0,"[20500,17600,52800,9100]",3,-4.0,1,3,0,0,2,True
2025-2025041520gm-00a9-0000-d292f784-08-s1-d0,90,A,1,133,"[22500,9600,70600,-2700]",3,-4.0,1,2,2,0,1,True
2025-2025041520gm-00a9-0000-d292f784-08-s1-d0,90,B,2,0,"[22500,15400,56500,5600]",3,-4.0,1,3,0,0,2,True
2025-2025041520gm-00a9-0000-d292f784-08-s1-d0,91,A,1,133,"[12000,2900,58100,27000]",4,-10.0,1,3,2,0,4,True
2025-2025041520gm-00a9-0000-d292f784-08-s1-d0,91,B,2,0,"[22500,9600,68700,-800]",3,-4.0,1,2,2,0,1,True
2025-2025041520gm-00a9-0000-d292f784-08-s1-d0,92,A,1,133,"[30200,7100,62600,100]",3,-4.0,1,3,0,0,3,True
2025-2025041520gm-00a9-0000-d292f784-08-s1-d0,92,B,2,0,"[32400,6300,57000,4300]",3,-4.0,1,3,0,0,3,True
2025-2025041520gm-00a9-0000-d292f784-08-s1-d0,93,A,1,133,"[19900,12200,57100,10800]",3,-4.0,1,3,0,0,2,True
2025-2025041520gm-00a9-0000-d292f784-08-s1-d0,93,B,2,0,"[26400,17600,52300,3700]",3,-4.0,1,3,0,0,2,True
2025-2025041520gm-00a9-0000-d292f784-08-s1-d0,94,A,1,133,"[10200,21100,63800,4900]",2,4.0,1,3,0,0,3,True
2025-2025041520gm-00a9-0000-d292f784-08-s1-d0,94,B,2,0,"[22500,-3000,59300,21200]",4,-10.0,1,2,2,0,1,True
2025-2025041520gm-00a9-0000-d292f784-08-s1-d0,95,A,1,133,"[22500,19900,60300,-2700]",3,-4.0,1,2,2,0,1,True
2025-2025041520gm-00a9-0000-d292f784-08-s1-d0,95,B,2,0,"[11700,14500,59300,14500]",2,4.0,1,3,1,0,5,True
2025-2025041520gm-00a9-0000-d292f784-08-s1-d0,96,A,1,133,"[22500,9600,80300,-12400]",3,-4.0,1,2,3,0,2,True
2025-2025041520gm-00a9-0000-d292f784-08-s1-d0,96,B,2,0,"[27200,5600,64600,2600]",3,-4.0,1,3,0,0,3,True
2025-2025041520gm-00a9-0000-d292f784-08-s1-d0,97,A,1,133,"[24000,10100,50200,14700]",4,-10.0,1,3,0,1,2,True
2025-2025041520gm-00a9-0000-d292f784-08-s1-d0,97,B,2,0,"[20500,5100,70700,2700]",3,-4.0,1,3,0,1,3,True
2025-2025041520gm-00a9-0000-d292f784-08-s1-d0,98,A,1,133,"[29000,9600,68700,-7300]",3,-4.0,1,2,3,0,2,True
2025-2025041520gm-00a9-0000-d292f784-08-s1-d0,98,B,2,0,"[41100,9600,51700,-2400]",3,-4.0,1,3,0,0,2,True
2025-2025041520gm-00a9-0000-d292f784-08-s1-d0,99,A,1,133,"[14100,20000,60300,5600]",2,4.0,1,3,0,0,2,True
2025-2025041520gm-00a9-0000-d292f784-08-s1-d0,99,B,2,0,"[24500,12700,59800,3000]",3,-4.0,1,3,0,0,2,True
2025-2025041520gm-00a9-0000-d292f784-08-s1-d0,100,A,1,133,"[22500,13500,61300,2700]",3,-4.0,1,3,0,0,2,True
2025-2025041520gm-00a9-0000-d292f784-08-s1-d0,100,B,2,0,"[20000,7600,60300,12100]",4,-10.0,1,3,0,0,2,True
2025-2025041520gm-00a9-0000-d292f784-08-s1-d0,101,A,1,133,"[23800,-100,74900,1400]",4,-10.0,1,3,0,0,3,True
2025-2025041520gm-00a9-0000-d292f784-08-s1-d0,101,B,2,0,"[22500,9600,74500,-6600]",3,-4.0,1,2,2,0,1,True
2025-2025041520gm-00a9-0000-d292f784-08-s1-d0,102,A,1,133,"[20300,8400,60100,11200]",4,-10.0,1,3,0,0,2,True
2025-2025041520gm-00a9-0000-d292f784-08-s1-d0,102,B,2,0,"[30200,-3900,59300,14400]",4,-10.0,1,2,2,0,1,True
2025-2025041520gm-00a9-0000-d292f784-08-s1-d0,103,A,1,133,"[21500,24200,48700,5600]",2,4.0,1,3,0,0,2,True
2025-2025041520gm-00a9-0000-d292f784-08-s1-d0,103,B,2,0,"[14000,18100,60300,7600]",2,4.0,1,3,0,0,2,True
2025-2025041520gm-00a9-0000-d292f784-08-s1-d0,104,A,1,133,"[31500,-3900,60300,12100]",4,-10.0,1,3,0,0,2,True
2025-2025041520gm-00a9-0000-d292f784-08-s1-d0,104,B,2,0,"[19500,19000,57300,4200]",3,-4.0,1,3,0,0,2,True
2025-2025041520gm-00a9-0000-d292f784-08-s1-d0,105,A,1,133,"[29600,5500,60800,4100]",3,-4.0,1,3,0,0,2,True
2025-2025041520gm-00a9-0000-d292f784-08-s1-d0,105,B,2,0,"[28000,8600,57900,5500]",3,-4.0,1,3,1,0,3,True
2025-2025041520gm-00a9-0000-d292f784-08-s1-d0,106,A,1,133,"[18400,16700,63400,1500]",3,-4.0,1,3,0,0,3,True
2025-2025041520gm-00a9-0000-d292f784-08-s1-d0,106,B,2,0,"[31300,8300,48700,11700]",4,-10.0,1,3,1,0,3,True
2025-2025041520gm-00a9-0000-d292f784-08-s1-d0,107,A,1,133,"[17900,19700,66400,-4000]",2,4.0,1,3,0,0,3,True
2025-2025041520gm-00a9-0000-d292f784-08-s1-d0,107,B,2,0,"[25600,9600,66000,-1200]",3,-4.0,1,3,1,0,3,True
2025-2025041520gm-00a9-0000-d292f784-08-s1-d0,108,A,1,133,"[35500,2300,56000,5200]",4,-10.0,1,3,1,1,4,True
2025-2025041520gm-00a9-0000-d292f784-08-s1-d0,108,B,2,0,"[26500,15000,56100,2400]",3,-4.0,1,3,0,0,2,True
2025-2025041520gm-00a9-0000-d292f784-08-s1-d0,109,A,1,133,"[20000,9100,60800,7100]",3,-4.0,1,3,3,3,2,True
2025-2025041520gm-00a9-0000-d292f784-08-s1-d0,109,B,2,0,"[26400,9600,48100,15900]",4,-10.0,1,3,0,0,2,True
2025-2025041520gm-00a9-0000-d292f784-08-s1-d0,110,A,1,133,"[21600,4300,59500,14600]",4,-10.0,1,3,1,0,3,True
2025-2025041520gm-00a9-0000-d292f784-08-s1-d0,110,B,2,0,"[16400,7400,57400,18800]",4,-10.0,1,3,1,0,3,True
2025-2025041520gm-00a9-0000-d292f784-08-s1-d0,111,A,1,133,"[11200,-1700,46000,44500]",4,-10.0,1,3,1,0,3,True
2025-2025041520gm-00a9-0000-d292f784-08-s1-d0,111,B,2,0,"[39700,5400,45500,9400]",4,-10.0,1,3,2,0,4,True
2025-2025041520gm-00a9-0000-d292f784-08-s1-d0,112,A,1,133,"[25900,9000,44800,20300]",4,-10.0,1,3,4,0,3,True
2025-2025041520gm-00a9-0000-d292f784-08-s1-d0,112,B,2,0,"[21500,-4300,59300,23500]",4,-10.0,1,3,3,0,2,True
2025-2025041520gm-00a9-0000-d292f784-08-s1-d0,113,A,1,133,"[26400,6300,63000,4300]",3,-4.0,1,3,0,0,2,True
2025-2025041520gm-00a9-0000-d292f784-08-s1-d0,113,B,2,0,"[21800,-3600,76900,4900]",4,-10.0,1,2,3,0,2,True
2025-2025041520gm-00a9-0000-d292f784-08-s1-d0,114,A,1,133,"[30200,9600,49400,10800]",4,-10.0,1,3,0,0,2,True
2025-2025041520gm-00a9-0000-d292f784-08-s1-d0,114,B,2,0,"[23300,10400,57600,8700]",3,-4.0,1,3,0,0,2,True
2025-2025041520gm-00a9-0000-d292f784-08-s1-d0,115,A,1,133,"[13600,6800,55800,23800]",4,-10.0,1,3,2,0,4,True
2025-2025041520gm-00a9-0000-d292f784-08-s1-d0,115,B,2,0,"[8900,26800,57400,6900]",2,4.0,1,3,1,0,3,True
2025-2025041520gm-00a9-0000-d292f784-08-s1-d0,116,A,1,133,"[27100,7600,62300,3000]",3,-4.0,1,3,0,0,2,True
2025-2025041520gm-00a9-0000-d292f784-08-s1-d0,116,B,2,0,"[23200,7500,64400,4900]",3,-4.0,1,3,0,0,3,True
2025-2025041520gm-00a9-0000-d292f784-08-s1-d0,117,A,1,133,"[21500,21200,60300,-3000]",3,-4.0,1,2,2,0,1,True
2025-2025041520gm-00a9-0000-d292f784-08-s1-d0,117,B,2,0,"[14000,1100,87800,-2900]",3,-4.0,1,2,3,0,2,True
2025-2025041520gm-00a9-0000-d292f784-08-s1-d0,118,A,1,133,"[19900,18700,61900,-500]",3,-4.0,1,3,0,0,3,True
2025-2025041520gm-00a9-0000-d292f784-08-s1-d0,118,B,2,0,"[31300,6100,57000,5600]",3,-4.0,1,3,1,0,3,True
2025-2025041520gm-00a9-0000-d292f784-08-s1-d0,119,A,1,133,"[22500,9600,71600,-3700]",3,-4.0,1,2,2,0,1,True
2025-2025041520gm-00a9-0000-d292f784-08-s1-d0,119,B,2,0,"[18300,600,55700,25400]",4,-10.0,1,3,2,0,4,True
2025-2025041520gm-00a9-0000-d292f784-08-s1-d0,120,A,1,133,"[27400,11700,60000,900]",3,-4.0,1,3,0,0,2,True
2025-2025041520gm-00a9-0000-d292f784-08-s1-d0,120,B,2,0,"[27400,19700,48800,4100]",3,-4.0,1,3,0,0,2,True
2025-2025041520gm-00a9-0000-d292f784-08-s1-d0,121,A,1,133,"[22500,25200,60300,-8000]",2,4.0,1,2,2,0,1,True
2025-2025041520gm-00a9-0000-d292f784-08-s1-d0,121,B,2,0,"[37100,-3000,60300,5600]",4,-10.0,1,2,2,0,1,True
2025-2025041520gm-00a9-0000-d292f784-08-s1-d0,122,A,1,133,"[41000,7400,48200,3400]",3,-4.0,1,3,0,0,2,True
2025-2025041520gm-00a9-0000-d292f784-08-s1-d0,122,B,2,0,"[20800,16300,60300,2600]",3,-4.0,1,3,1,0,3,True
2025-2025041520gm-00a9-0000-d292f784-08-s1-d0,123,A,1,133,"[22500,24200,60300,-7000]",2,4.0,1,2,2,0,1,True
2025-2025041520gm-00a9-0000-d292f784-08-s1-d0,123,B,2,0,"[23500,19000,57300,200]",3,-4.0,1,3,4,0,3,True
2025-2025041520gm-00a9-0000-d292f784-08-s1-d0,124,A,1,133,"[32100,8600,64500,-5200]",3,-4.0,1,3,3,0,2,True
2025-2025041520gm-00a9-0000-d292f784-08-s1-d0,124,B,2,0,"[15000,14100,63800,7100]",3,-4.0,1,3,1,0,3,True
2025-2025041520gm-00a9-0000-d292f784-08-s1-d0,125,A,1,133,"[22900,13700,59400,4000]",3,-4.0,1,3,0,0,2,True
2025-2025041520gm-00a9-0000-d292f784-08-s1-d0,125,B,2,0,"[19300,5400,52100,23200]",4,-10.0,1,3,0,0,2,True
2025-2025041520gm-00a9-0000-d292f784-08-s1-d0,126,A,1,133,"[23300,5400,53100,18200]",4,-10.0,1,3,0,0,2,True
2025-2025041520gm-00a9-0000-d292f784-08-s1-d0,126,B,2,0,"[35100,7600,56700,600]",3,-4.0,1,3,0,0,2,True
2025-2025041520gm-00a9-0000-d292f784-08-s1-d0,127,A,1,133,"[32800,-4500,60300,11400]",4,-10.0,1,3,0,0,2,True
2025-2025041520gm-00a9-0000-d292f784-08-s1-d0,127,B,2,0,"[14200,7000,62900,15900]",4,-10.0,1,3,0,0,2,True
2025-2025041520gm-00a9-0000-d292f784-08-s1-d0,128,A,1,133,"[28200,9100,59600,3100]",3,-4.0,1,3,0,0,2,True
2025-2025041520gm-00a9-0000-d292f784-08-s1-d0,128,B,2,0,"[29700,9600,60300,400]",3,-4.0,1,3,0,0,2,True
2025-2025041520gm-00a9-0000-d292f784-08-s1-d0,129,A,1,133,"[21600,14800,65000,-1400]",3,-4.0,1,2,3,0,2,True
2025-2025041520gm-00a9-0000-d292f784-08-s1-d0,129,B,2,0,"[24000,17200,60800,-2000]",3,-4.0,1,2,3,0,2,True
2025-2025041520gm-00a9-0000-d292f784-08-s1-d0,130,A,1,133,"[25400,5100,60300,9200]",4,-10.0,1,3,1,0,3,True
2025-2025041520gm-00a9-0000-d292f784-08-s1-d0,130,B,2,0,"[21900,9000,59400,9700]",4,-10.0,1,3,0,0,2,True
2025-2025041520gm-00a9-0000-d292f784-08-s1-d0,131,A,1,133,"[20300,-4200,56100,27800]",4,-10.0,1,3,0,0,2,True
2025-2025041520gm-00a9-0000-d292f784-08-s1-d0,131,B,2,0,"[22500,9600,68700,-800]",3,-4.0,1,2,2,0,1,True
2025-2025041520gm-00a9-0000-d292f784-08-s1-d0,132,A,1,133,"[22500,9600,68700,-800]",3,-4.0,1,2,2,0,1,True
2025-2025041520gm-00a9-0000-d292f784-08-s1-d0,132,B,2,0,"[28900,8400,58900,3800]",3,-4.0,1,3,0,0,2,True
2025-2025041520gm-00a9-0000-d292f784-08-s1-d0,133,A,1,133,"[17500,1600,60100,20800]",4,-10.0,1,3,2,0,4,True
2025-2025041520gm-00a9-0000-d292f784-08-s1-d0,133,B,2,0,"[18400,3000,61300,17300]",4,-10.0,1,3,2,0,4,True
2025-2025041520gm-00a9-0000-d292f784-08-s1-d0,134,A,1,133,"[25900,11100,56900,6100]",3,-4.0,1,3,3,0,2,True
2025-2025041520gm-00a9-0000-d292f784-08-s1-d0,134,B,2,0,"[26400,8600,57400,7600]",3,-4.0,1,3,3,0,2,True
2025-2025041520gm-00a9-0000-d292f784-08-s1-d0,135,A,1,133,"[27100,13400,54600,4900]",3,-4.0,1,3,1,0,3,True
2025-2025041520gm-00a9-0000-d292f784-08-s1-d0,135,B,2,0,"[30300,9600,54500,5600]",3,-4.0,1,3,0,0,2,True
2025-2025041520gm-00a9-0000-d292f784-08-s1-d0,136,A,1,133,"[20700,7800,50500,21000]",4,-10.0,1,3,5,0,4,True
2025-2025041520gm-00a9-0000-d292f784-08-s1-d0,136,B,2,0,"[29100,9600,54700,5600]",3,-4.0,1,3,1,1,3,True
2025-2025041520gm-00a9-0000-d292f784-08-s1-d0,137,A,1,133,"[26400,5700,57100,10800]",4,-10.0,1,3,0,0,2,True
2025-2025041520gm-00a9-0000-d292f784-08-s1-d0,137,B,2,0,"[28200,-4500,74900,1400]",4,-10.0,1,3,4,0,3,True
2025-2025041520gm-00a9-0000-d292f784-08-s1-d0,138,A,1,133,"[18700,8800,70700,1800]",3,-4.0,1,3,3,0,2,True
2025-2025041520gm-00a9-0000-d292f784-08-s1-d0,138,B,2,0,"[20400,15300,59300,5000]",3,-4.0,1,3,1,0,3,True
2025-2025041520gm-00a9-0000-d292f784-08-s1-d0,139,A,1,133,"[18300,9300,48200,24200]",4,-10.0,1,3,0,0,2,True
2025-2025041520gm-00a9-0000-d292f784-08-s1-d0,139,B,2,0,"[20800,12900,58100,8200]",3,-4.0,1,3,0,0,2,True
2025-2025041520gm-00a9-0000-d292f784-08-s1-d0,140,A,1,133,"[22500,9600,74900,-7000]",3,-4.0,1,2,2,0,1,True
2025-2025041520gm-00a9-0000-d292f784-08-s1-d0,140,B,2,0,"[15100,2200,84500,-1800]",3,-4.0,1,2,4,0,3,True
2025-2025041520gm-00a9-0000-d292f784-08-s1-d0,141,A,1,133,"[22500,9600,75500,-7600]",3,-4.0,1,2,2,0,1,True
2025-2025041520gm-00a9-0000-d292f784-08-s1-d0,141,B,2,0,"[18900,8400,70400,2300]",3,-4.0,1,3,0,0,3,True
2025-2025041520gm-00a9-0000-d292f784-08-s1-d0,142,A,1,133,"[25200,8900,47000,18900]",4,-10.0,1,3,0,0,2,True
2025-2025041520gm-00a9-0000-d292f784-08-s1-d0,142,B,2,0,"[22000,12600,50200,15200]",4,-10.0,1,3,0,0,2,True
2025-2025041520gm-00a9-0000-d292f784-08-s1-d0,143,A,1,133,"[37100,-3000,60300,5600]",4,-10.0,1,2,2,0,1,True
2025-2025041520gm-00a9-0000-d292f784-08-s1-d0,143,B,2,0,"[21000,10600,65300,3100]",3,-4.0,1,3,0,0,3,True
2025-2025041520gm-00a9-0000-d292f784-08-s1-d0,144,A,1,133,"[18200,10300,62500,9000]",3,-4.0,1,3,0,0,3,True
2025-2025041520gm-00a9-0000-d292f784-08-s1-d0,144,B,2,0,"[16300,3400,80900,-600]",3,-4.0,1,2,2,0,1,True
2025-2025041520gm-00a9-0000-d292f784-08-s1-d0,145,A,1,133,"[27100,13500,56400,3000]",3,-4.0,1,3,0,0,2,True
2025-2025041520gm-00a9-0000-d292f784-08-s1-d0,145,B,2,0,"[21800,17800,64400,-4000]",3,-4.0,1,2,3,0,2,True
2025-2025041520gm-00a9-0000-d292f784-08-s1-d0,146,A,1,133,"[21000,21300,56500,1200]",2,4.0,1,3,1,0,3,True
2025-2025041520gm-00a9-0000-d292f784-08-s1-d0,146,B,2,0,"[15900,1900,55600,26600]",4,-10.0,1,3,3,0,5,True
2025-2025041520gm-00a9-0000-d292f784-08-s1-d0,147,A,1,133,"[16600,10800,68800,3800]",3,-4.0,1,3,0,0,3,True
2025-2025041520gm-00a9-0000-d292f784-08-s1-d0,147,B,2,0,"[28400,10600,57300,3700]",3,-4.0,1,3,3,0,2,True
2025-2025041520gm-00a9-0000-d292f784-08-s1-d0,148,A,1,133,"[10900,29200,43700,16200]",2,4.0,1,3,1,0,3,True
2025-2025041520gm-00a9-0000-d292f784-08-s1-d0,148,B,2,0,"[30500,-6700,60300,15900]",4,-10.0,1,2,2,0,1,True
2025-2025041520gm-00a9-0000-d292f784-08-s1-d0,149,A,1,133,"[21500,-300,71200,7600]",4,-10.0,1,3,3,0,2,True
2025-2025041520gm-00a9-0000-d292f784-08-s1-d0,149,B,2,0,"[11200,21600,57300,9900]",2,4.0,1,3,0,0,2,True
2025-2025041520gm-00a9-0000-d292f784-08-s1-d0,150,A,1,133,"[18800,12400,63900,4900]",3,-4.0,1,3,5,0,4,True
2025-2025041520gm-00a9-0000-d292f784-08-s1-d0,150,B,2,0,"[21300,3000,71300,4400]",4,-10.0,1,3,4,0,3,True
2025-2025041520gm-00a9-0000-d292f784-08-s1-d0,151,A,1,133,"[19300,6400,56000,18300]",4,-10.0,1,3,2,0,4,True
2025-2025041520gm-00a9-0000-d292f784-08-s1-d0,151,B,2,0,"[24900,15500,63000,-3400]",3,-4.0,1,3,0,0,3,True
2025-2025041520gm-00a9-0000-d292f784-08-s1-d0,152,A,1,133,"[35500,-1400,57300,8600]",4,-10.0,1,3,0,0,2,True
2025-2025041520gm-00a9-0000-d292f784-08-s1-d0,152,B,2,0,"[33100,4400,56900,5600]",4,-10.0,1,3,0,0,2,True
2025-2025041520gm-00a9-0000-d292f784-08-s1-d0,153,A,1,133,"[24400,10300,59700,5600]",3,-4.0,1,3,0,0,3,True
2025-2025041520gm-00a9-0000-d292f784-08-s1-d0,153,B,2,0,"[22500,9600,70600,-2700]",3,-4.0,1,2,2,0,1,True
2025-2025041520gm-00a9-0000-d292f784-08-s1-d0,154,A,1,133,"[22500,18400,59300,-200]",3,-4.0,1,2,2,0,1,True
2025-2025041520gm-00a9-0000-d292f784-08-s1-d0,154,B,2,0,"[26600,10100,47200,14100]",4,-10.0,1,3,1,2,3,True
2025-2025041520gm-00a9-0000-d292f784-08-s1-d0,155,A,1,133,"[27100,6300,61700,4900]",3,-4.0,1,3,0,0,2,True
2025-2025041520gm-00a9-0000-d292f784-08-s1-d0,155,B,2,0,"[22500,17300,44000,16200]",3,-4.0,1,3,0,0,2,True
2025-2025041520gm-00a9-0000-d292f784-08-s1-d0,156,A,1,133,"[21500,24200,52600,1700]",2,4.0,1,3,0,0,2,True
2025-2025041520gm-00a9-0000-d292f784-08-s1-d0,156,B,2,0,"[22500,9600,62600,5300]",3,-4.0,1,3,0,0,2,True
2025-2025041520gm-00a9-0000-d292f784-08-s1-d0,157,A,1,133,"[22100,25800,52900,-800]",2,4.0,1,3,4,0,3,True
2025-2025041520gm-00a9-0000-d292f784-08-s1-d0,157,B,2,0,"[29000,9600,64200,-2800]",3,-4.0,1,3,0,0,2,True
2025-2025041520gm-00a9-0000-d292f784-08-s1-d0,158,A,1,133,"[22500,17400,60300,-200]",3,-4.0,1,2,2,0,1,True
2025-2025041520gm-00a9-0000-d292f784-08-s1-d0,158,B,2,0,"[14400,19700,59400,5500]",2,4.0,1,3,1,1,3,True
2025-2025041520gm-00a9-0000-d292f784-08-s1-d0,159,A,1,133,"[22500,-3000,60300,20200]",4,-10.0,1,2,2,0,1,True
2025-2025041520gm-00a9-0000-d292f784-08-s1-d0,159,B,2,0,"[21600,10700,58800,8900]",3,-4.0,1,3,0,0,2,True
2025-2025041520gm-00a9-0000-d292f784-08-s1-d0,160,A,1,133,"[22500,9600,70600,-2700]",3,-4.0,1,2,2,0,1,True
2025-2025041520gm-00a9-0000-d292f784-08-s1-d0,160,B,2,0,"[19900,5100,62900,12100]",4,-10.0,1,3,0,0,2,True
2025-2025041520gm-00a9-0000-d292f784-08-s1-d0,161,A,1,133,"[29000,11600,49500,9900]",3,-4.0,1,3,1,0,3,True
2025-2025041520gm-00a9-0000-d292f784-08-s1-d0,161,B,2,0,"[23500,19200,51700,5600]",3,-4.0,1,3,0,0,2,True
2025-2025041520gm-00a9-0000-d292f784-08-s1-d0,162,A,1,133,"[28700,3600,54300,13400]",4,-10.0,1,3,1,0,3,True
2025-2025041520gm-00a9-0000-d292f784-08-s1-d0,162,B,2,0,"[15900,-4600,53400,35300]",4,-10.0,1,3,1,0,3,True
2025-2025041520gm-00a9-0000-d292f784-08-s1-d0,163,A,1,133,"[22500,-2400,53300,26600]",4,-10.0,1,3,0,0,2,True
2025-2025041520gm-00a9-0000-d292f784-08-s1-d0,163,B,2,0,"[26000,3700,73000,-2700]",3,-4.0,1,2,4,0,3,True
2025-2025041520gm-00a9-0000-d292f784-08-s1-d0,164,A,1,133,"[26600,6500,62300,4600]",3,-4.0,1,3,0,0,2,True
2025-2025041520gm-00a9-0000-d292f784-08-s1-d0,164,B,2,0,"[22500,9600,75900,-8000]",3,-4.0,1,2,2,0,1,True
2025-2025041520gm-00a9-0000-d292f784-08-s1-d0,165,A,1,133,"[19600,11100,54500,14800]",4,-10.0,1,3,0,0,2,True
2025-2025041520gm-00a9-0000-d292f784-08-s1-d0,165,B,2,0,"[13500,13300,58600,14600]",4,-10.0,1,3,0,0,2,True
2025-2025041520gm-00a9-0000-d292f784-08-s1-d0,166,A,1,133,"[17800,-5300,52900,34600]",4,-10.0,1,3,1,0,4,True
2025-2025041520gm-00a9-0000-d292f784-08-s1-d0,166,B,2,0,"[20100,12900,61000,6000]",3,-4.0,1,3,2,0,5,True
2025-2025041520gm-00a9-0000-d292f784-08-s1-d0,167,A,1,133,"[21000,21700,53200,4100]",2,4.0,1,3,0,0,3,True
2025-2025041520gm-00a9-0000-d292f784-08-s1-d0,167,B,2,0,"[20200,17900,61600,300]",3,-4.0,1,3,0,0,3,True
2025-2025041520gm-00a9-0000-d292f784-08-s1-d0,168,A,1,133,"[21300,17400,60300,1000]",3,-4.0,1,3,1,0,3,True
2025-2025041520gm-00a9-0000-d292f784-08-s1-d0,168,B,2,0,"[16600,11900,72000,-500]",3,-4.0,1,2,4,0,3,True
2025-2025041520gm-00a9-0000-d292f784-08-s1-d0,169,A,1,133,"[14800,9600,58700,16900]",4,-10.0,1,3,0,0,2,True
2025-2025041520gm-00a9-0000-d292f784-08-s1-d0,169,B,2,0,"[13300,16700,59200,10800]",2,4.0,1,3,1,0,4,True
2025-2025041520gm-00a9-0000-d292f784-08-s1-d0,170,A,1,133,"[15900,17800,59500,6800]",2,4.0,1,3,1,0,3,True
2025-2025041520gm-00a9-0000-d292f784-08-s1-d0,170,B,2,0,"[14700,17500,66300,1500]",2,4.0,1,3,0,0,4,True
2025-2025041520gm-00a9-0000-d292f784-08-s1-d0,171,A,1,133,"[34700,-4000,64400,4900]",4,-10.0,1,2,3,0,2,True
2025-2025041520gm-00a9-0000-d292f784-08-s1-d0,171,B,2,0,"[35400,-5400,64400,5600]",4,-10.0,1,2,3,0,2,True
2025-2025041520gm-00a9-0000-d292f784-08-s1-d0,172,A,1,133,"[7300,7400,69100,16200]",3,-4.0,1,3,0,0,2,True
2025-2025041520gm-00a9-0000-d292f784-08-s1-d0,172,B,2,0,"[8000,8100,70500,13400]",3,-4.0,1,3,0,0,2,True
2025-2025041520gm-00a9-0000-d292f784-08-s1-d0,173,A,1,133,"[15500,9000,68900,6600]",3,-4.0,1,3,0,0,3,True
2025-2025041520gm-00a9-0000-d292f784-08-s1-d0,173,B,2,0,"[18900,7300,64800,9000]",4,-10.0,1,3,1,0,4,True
2025-2025041520gm-00a9-0000-d292f784-08-s1-d0,174,A,1,133,"[22500,-9000,80900,5600]",4,-10.0,1,2,2,0,1,True
2025-2025041520gm-00a9-0000-d292f784-08-s1-d0,174,B,2,0,"[18600,16500,63700,1200]",3,-4.0,1,3,1,0,3,True
2025-2025041520gm-00a9-0000-d292f784-08-s1-d0,175,A,1,133,"[22200,5400,79700,-7300]",3,-4.0,1,3,0,0,3,True
2025-2025041520gm-00a9-0000-d292f784-08-s1-d0,175,B,2,0,"[25700,8900,69200,-3800]",3,-4.0,1,3,0,0,3,True
2025-2025041520gm-00a9-0000-d292f784-08-s1-d0,176,A,1,133,"[22500,9600,69700,-1800]",3,-4.0,1,2,2,0,1,True
2025-2025041520gm-00a9-0000-d292f784-08-s1-d0,176,B,2,0,"[21300,4300,76700,-2300]",3,-4.0,1,3,0,0,4,True
2025-2025041520gm-00a9-0000-d292f784-08-s1-d0,177,A,1,133,"[26300,8400,66700,-1400]",3,-4.0,1,3,0,0,4,True
2025-2025041520gm-00a9-0000-d292f784-08-s1-d0,177,B,2,0,"[17400,16700,66400,-500]",3,-4.0,1,2,3,0,2,True
2025-2025041520gm-00a9-0000-d292f784-08-s1-d0,178,A,1,133,"[22900,12700,59400,5000]",3,-4.0,1,3,0,0,2,True
2025-2025041520gm-00a9-0000-d292f784-08-s1-d0,178,B,2,0,"[11400,23800,59900,4900]",2,4.0,1,3,0,0,2,True
2025-2025041520gm-00a9-0000-d292f784-08-s1-d0,179,A,1,133,"[30300,15900,59200,-5400]",3,-4.0,1,3,1,0,3,True
2025-2025041520gm-00a9-0000-d292f784-08-s1-d0,179,B,2,0,"[22500,100,60200,17200]",4,-10.0,1,3,1,0,3,True
2025-2025041520gm-00a9-0000-d292f784-08-s1-d0,180,A,1,133,"[39400,-7300,65800,2100]",4,-10.0,1,3,0,0,3,True
2025-2025041520gm-00a9-0000-d292f784-08-s1-d0,180,B,2,0,"[29000,5100,61300,4600]",3,-4.0,1,3,0,0,2,True
2025-2025041520gm-00a9-0000-d292f784-08-s1-d0,181,A,1,133,"[22500,12200,56100,9200]",3,-4.0,1,3,0,0,2,True
2025-2025041520gm-00a9-0000-d292f784-08-s1-d0,181,B,2,0,"[16200,14900,56600,12300]",3,-4.0,1,3,1,0,3,True
2025-2025041520gm-00a9-0000-d292f784-08-s1-d0,182,A,1,133,"[19000,18400,65800,-3200]",3,-4.0,1,3,1,0,3,True
2025-2025041520gm-00a9-0000-d292f784-08-s1-d0,182,B,2,0,"[20700,17600,57900,3800]",3,-4.0,1,3,0,0,2,True
2025-2025041520gm-00a9-0000-d292f784-08-s1-d0,183,A,1,133,"[18300,9400,56100,16200]",4,-10.0,1,3,0,0,2,True
2025-2025041520gm-00a9-0000-d292f784-08-s1-d0,183,B,2,0,"[20500,21400,56400,1700]",2,4.0,1,3,0,0,2,True
2025-2025041520gm-00a9-0000-d292f784-08-s1-d0,184,A,1,133,"[22500,9600,75900,-8000]",3,-4.0,1,2,2,0,1,True
2025-2025041520gm-00a9-0000-d292f784-08-s1-d0,184,B,2,0,"[29700,8600,57100,4600]",3,-4.0,1,3,3,0,2,True
2025-2025041520gm-00a9-0000-d292f784-08-s1-d0,185,A,1,133,"[11900,12900,76400,-1200]",2,4.0,1,2,4,0,3,True
2025-2025041520gm-00a9-0000-d292f784-08-s1-d0,185,B,2,0,"[13300,8400,65100,13200]",4,-10.0,1,3,0,0,2,True
2025-2025041520gm-00a9-0000-d292f784-08-s1-d0,186,A,1,133,"[18300,7600,62300,11800]",4,-10.0,1,3,0,0,2,True
2025-2025041520gm-00a9-0000-d292f784-08-s1-d0,186,B,2,0,"[19400,12900,58300,9400]",3,-4.0,1,3,2,0,4,True
2025-2025041520gm-00a9-0000-d292f784-08-s1-d0,187,A,1,133,"[16700,21000,59300,3000]",2,4.0,1,3,0,0,2,True
2025-2025041520gm-00a9-0000-d292f784-08-s1-d0,187,B,2,0,"[25800,8800,60600,4800]",3,-4.0,1,3,0,0,3,True
2025-2025041520gm-00a9-0000-d292f784-08-s1-d0,188,A,1,133,"[25100,14800,54500,5600]",3,-4.0,1,3,0,0,2,True
2025-2025041520gm-00a9-0000-d292f784-08-s1-d0,188,B,2,0,"[25100,9600,65800,-500]",3,-4.0,1,2,3,0,2,True
2025-2025041520gm-00a9-0000-d292f784-08-s1-d0,189,A,1,133,"[29800,21600,49000,-400]",3,-4.0,1,3,0,0,2,True
2025-2025041520gm-00a9-0000-d292f784-08-s1-d0,189,B,2,0,"[13500,1800,70200,14500]",4,-10.0,1,3,1,0,4,True
2025-2025041520gm-00a9-0000-d292f784-08-s1-d0,190,A,1,133,"[22500,-3000,74900,5600]",4,-10.0,1,2,2,0,1,True
2025-2025041520gm-00a9-0000-d292f784-08-s1-d0,190,B,2,0,"[22500,-9000,80900,5600]",4,-10.0,1,2,2,0,1,True
2025-2025041520gm-00a9-0000-d292f784-08-s1-d0,191,A,1,133,"[34800,1300,60300,3600]",4,-10.0,1,3,0,0,2,True
2025-2025041520gm-00a9-0000-d292f784-08-s1-d0,191,B,2,0,"[12500,7300,65400,14800]",4,-10.0,1,3,1,0,4,True
2025-2025041520gm-00a9-0000-d292f784-08-s1-d0,192,A,1,133,"[43000,6400,54100,-3500]",3,-4.0,1,3,0,0,2,True
2025-2025041520gm-00a9-0000-d292f784-08-s1-d0,192,B,2,0,"[7500,18700,73400,400]",2,4.0,1,3,0,0,4,True
2025-2025041520gm-00a9-0000-d292f784-08-s1-d0,193,A,1,133,"[25000,13900,47600,13500]",3,-4.0,1,3,1,0,3,True
2025-2025041520gm-00a9-0000-d292f784-08-s1-d0,193,B,2,0,"[30800,7500,44000,17700]",4,-10.0,1,3,1,0,3,True
2025-2025041520gm-00a9-0000-d292f784-08-s1-d0,194,A,1,133,"[30800,14200,42400,12600]",3,-4.0,1,3,2,0,4,True
2025-2025041520gm-00a9-0000-d292f784-08-s1-d0,194,B,2,0,"[16300,3400,80900,-600]",3,-4.0,1,2,2,0,1,True
2025-2025041520gm-00a9-0000-d292f784-08-s1-d0,195,A,1,133,"[21600,20200,54800,3400]",3,-4.0,1,3,0,0,2,True
2025-2025041520gm-00a9-0000-d292f784-08-s1-d0,195,B,2,0,"[9900,10600,59300,20200]",3,-4.0,1,3,0,0,2,True
2025-2025041520gm-00a9-0000-d292f784-08-s1-d0,196,A,1,133,"[23200,4000,54200,18600]",4,-10.0,1,3,1,0,3,True
2025-2025041520gm-00a9-0000-d292f784-08-s1-d0,196,B,2,0,"[27100,7000,60300,5600]",3,-4.0,1,3,0,0,2,True
2025-2025041520gm-00a9-0000-d292f784-08-s1-d0,197,A,1,133,"[7500,9600,84300,-1400]",2,4.0,1,2,4,0,3,True
2025-2025041520gm-00a9-0000-d292f784-08-s1-d0,197,B,2,0,"[25700,900,58100,15300]",4,-10.0,1,3,5,0,4,True
2025-2025041520gm-00a9-0000-d292f784-08-s1-d0,198,A,1,133,"[16800,2700,58800,21700]",4,-10.0,1,3,1,0,3,True
2025-2025041520gm-00a9-0000-d292f784-08-s1-d0,198,B,2,0,"[16300,3400,80900,-600]",3,-4.0,1,2,2,0,1,True
2025-2025041520gm-00a9-0000-d292f784-08-s1-d0,199,A,1,133,"[25800,18400,49200,6600]",3,-4.0,1,3,1,0,3,True
2025-2025041520gm-00a9-0000-d292f784-08-s1-d0,199,B,2,0,"[20300,9100,56200,14400]",4,-10.0,1,3,1,0,3,True
2025-2025041520gm-00a9-0000-d292f784-08-s1-d0,200,A,1,133,"[14500,15800,65100,4600]",2,4.0,1,3,0,0,2,True
2025-2025041520gm-00a9-0000-d292f784-08-s1-d0,200,B,2,0,"[22300,13900,62900,900]",3,-4.0,1,3,4,0,3,True
2025-2025041520gm-00a9-0000-d292f784-08-s1-d0,201,A,1,133,"[23200,7400,69900,-500]",3,-4.0,1,2,3,0,2,True
2025-2025041520gm-00a9-0000-d292f784-08-s1-d0,201,B,2,0,"[22500,9600,63900,4000]",3,-4.0,1,3,3,0,2,True
2025-2025041520gm-00a9-0000-d292f784-08-s1-d0,202,A,1,133,"[14900,15400,66500,3200]",2,4.0,1,3,0,0,4,True
2025-2025041520gm-00a9-0000-d292f784-08-s1-d0,202,B,2,0,"[19300,32900,54100,-6300]",2,4.0,1,3,0,0,2,True
2025-2025041520gm-00a9-0000-d292f784-08-s1-d0,203,A,1,133,"[29000,6100,60300,4600]",3,-4.0,1,3,0,0,2,True
2025-2025041520gm-00a9-0000-d292f784-08-s1-d0,203,B,2,0,"[33100,9600,60300,-3000]",3,-4.0,1,2,2,0,1,True
2025-2025041520gm-00a9-0000-d292f784-08-s1-d0,204,A,1,133,"[18300,5400,78700,-2400]",3,-4.0,1,2,3,0,2,True
2025-2025041520gm-00a9-0000-d292f784-08-s1-d0,204,B,2,0,"[34700,5800,56600,2900]",3,-4.0,1,3,2,0,4,True
2025-2025041520gm-00a9-0000-d292f784-08-s1-d0,205,A,1,133,"[41000,7400,56200,-4600]",3,-4.0,1,3,1,0,3,True
2025-2025041520gm-00a9-0000-d292f784-08-s1-d0,205,B,2,0,"[31300,7300,60300,1100]",3,-4.0,1,3,1,0,3,True
2025-2025041520gm-00a9-0000-d292f784-08-s1-d0,206,A,1,133,"[11900,11500,70000,6600]",3,-4.0,1,3,0,0,3,True
2025-2025041520gm-00a9-0000-d292f784-08-s1-d0,206,B,2,0,"[26200,9100,60600,4100]",3,-4.0,1,3,0,0,2,True
2025-2025041520gm-00a9-0000-d292f784-08-s1-d0,207,A,1,133,"[22500,9600,68700,-800]",3,-4.0,1,2,2,0,1,True
2025-2025041520gm-00a9-0000-d292f784-08-s1-d0,207,B,2,0,"[5500,13500,63800,17200]",3,-4.0,1,3,1,0,3,True
2025-2025041520gm-00a9-0000-d292f784-08-s1-d0,208,A,1,133,"[22500,20200,60300,-3000]",3,-4.0,1,2,2,0,1,True
2025-2025041520gm-00a9-0000-d292f784-08-s1-d0,208,B,2,0,"[26200,7500,61200,5100]",3,-4.0,1,3,0,0,2,True
2025-2025041520gm-00a9-0000-d292f784-08-s1-d0,209,A,1,133,"[20900,8000,62400,8700]",4,-10.0,1,3,0,0,2,True
2025-2025041520gm-00a9-0000-d292f784-08-s1-d0,209,B,2,0,"[24500,2800,58300,14400]",4,-10.0,1,3,0,0,2,True
2025-2025041520gm-00a9-0000-d292f784-08-s1-d0,210,A,1,133,"[20300,-300,56100,23900]",4,-10.0,1,3,0,0,2,True
2025-2025041520gm-00a9-0000-d292f784-08-s1-d0,210,B,2,0,"[31000,1200,56200,11600]",4,-10.0,1,3,1,0,3,True
2025-2025041520gm-00a9-0000-d292f784-08-s1-d0,211,A,1,133,"[22500,20200,60300,-3000]",3,-4.0,1,2,2,0,1,True
2025-2025041520gm-00a9-0000-d292f784-08-s1-d0,211,B,2,0,"[32500,9400,55700,2400]",3,-4.0,1,3,0,0,2,True
2025-2025041520gm-00a9-0000-d292f784-08-s1-d0,212,A,1,133,"[22500,24200,60300,-7000]",2,4.0,1,2,2,0,1,True
2025-2025041520gm-00a9-0000-d292f784-08-s1-d0,212,B,2,0,"[21500,14800,60100,3600]",3,-4.0,1,3,0,0,2,True
2025-2025041520gm-00a9-0000-d292f784-08-s1-d0,213,A,1,133,"[8700,10400,91300,-10400]",2,4.0,1,3,0,0,2,True
2025-2025041520gm-00a9-0000-d292f784-08-s1-d0,213,B,2,0,"[26100,1600,82700,-10400]",3,-4.0,1,3,0,0,2,True
2025-2025041520gm-00a9-0000-d292f784-08-s1-d0,214,A,1,133,"[17900,12800,59100,10200]",3,-4.0,1,3,0,0,2,True
2025-2025041520gm-00a9-0000-d292f784-08-s1-d0,214,B,2,0,"[28000,13900,53500,4600]",3,-4.0,1,3,0,0,2,True
2025-2025041520gm-00a9-0000-d292f784-08-s1-d0,215,A,1,133,"[20300,21200,57100,1400]",2,4.0,1,3,0,0,2,True
2025-2025041520gm-00a9-0000-d292f784-08-s1-d0,215,B,2,0,"[19000,15000,61200,4800]",3,-4.0,1,3,0,0,3,True
2025-2025041520gm-00a9-0000-d292f784-08-s1-d0,216,A,1,133,"[22200,18500,54200,5100]",3,-4.0,1,3,0,0,2,True
2025-2025041520gm-00a9-0000-d292f784-08-s1-d0,216,B,2,0,"[33100,7400,60000,-500]",3,-4.0,1,3,0,0,2,True
2025-2025041520gm-00a9-0000-d292f784-08-s1-d0,217,A,1,133,"[21300,5500,75600,-2400]",3,-4.0,1,2,3,0,2,True
2025-2025041520gm-00a9-0000-d292f784-08-s1-d0,217,B,2,0,"[30300,8100,59500,2100]",3,-4.0,1,3,0,0,2,True
2025-2025041520gm-00a9-0000-d292f784-08-s1-d0,218,A,1,133,"[21000,5300,58600,14100]",4,-10.0,1,3,1,1,3,True
2025-2025041520gm-00a9-0000-d292f784-08-s1-d0,218,B,2,0,"[20700,14300,57300,7700]",3,-4.0,1,3,0,0,2,True
2025-2025041520gm-00a9-0000-d292f784-08-s1-d0,219,A,1,133,"[22500,17400,60300,-200]",3,-4.0,1,2,2,0,1,True
2025-2025041520gm-00a9-0000-d292f784-08-s1-d0,219,B,2,0,"[22500,24200,60300,-7000]",2,4.0,1,2,2,0,1,True
2025-2025041520gm-00a9-0000-d292f784-08-s1-d0,220,A,1,133,"[27700,4400,65500,2400]",3,-4.0,1,3,0,0,2,True
2025-2025041520gm-00a9-0000-d292f784-08-s1-d0,220,B,2,0,"[23000,3700,55400,17900]",4,-10.0,1,3,5,0,4,True
2025-2025041520gm-00a9-0000-d292f784-08-s1-d0,221,A,1,133,"[32300,3700,59100,4900]",4,-10.0,1,3,0,0,2,True
2025-2025041520gm-00a9-0000-d292f784-08-s1-d0,221,B,2,0,"[31400,3900,59600,5100]",4,-10.0,1,3,0,0,2,True
2025-2025041520gm-00a9-0000-d292f784-08-s1-d0,222,A,1,133,"[37100,-3000,60300,5600]",4,-10.0,1,2,2,0,1,True
2025-2025041520gm-00a9-0000-d292f784-08-s1-d0,222,B,2,0,"[34800,10600,52000,2600]",3,-4.0,1,3,0,0,2,True
2025-2025041520gm-00a9-0000-d292f784-08-s1-d0,223,A,1,133,"[20000,10700,57800,10500]",3,-4.0,1,3,4,1,3,True
2025-2025041520gm-00a9-0000-d292f784-08-s1-d0,223,B,2,0,"[29300,400,57100,13200]",4,-10.0,1,3,0,0,2,True
2025-2025041520gm-00a9-0000-d292f784-08-s1-d0,224,A,1,133,"[21000,10700,54400,13900]",4,-10.0,1,3,0,0,3,True
2025-2025041520gm-00a9-0000-d292f784-08-s1-d0,224,B,2,0,"[17000,15400,56000,11600]",3,-4.0,1,3,1,0,3,True
2025-2025041520gm-00a9-0000-d292f784-08-s1-d0,225,A,1,133,"[22500,18400,65100,-6000]",3,-4.0,1,2,2,0,1,True
2025-2025041520gm-00a9-0000-d292f784-08-s1-d0,225,B,2,0,"[21700,14200,69900,-5800]",3,-4.0,1,3,0,0,3,True
2025-2025041520gm-00a9-0000-d292f784-08-s1-d0,226,A,1,133,"[22500,9600,80900,-13000]",3,-4.0,1,2,2,0,1,True
2025-2025041520gm-00a9-0000-d292f784-08-s1-d0,226,B,2,0,"[16700,-2000,60300,25000]",4,-10.0,1,3,0,0,2,True
2025-2025041520gm-00a9-0000-d292f784-08-s1-d0,227,A,1,133,"[31500,6500,59000,3000]",3,-4.0,1,3,0,0,2,True
2025-2025041520gm-00a9-0000-d292f784-08-s1-d0,227,B,2,0,"[29000,11600,58300,1100]",3,-4.0,1,3,0,0,2,True
2025-2025041520gm-00a9-0000-d292f784-08-s1-d0,228,A,1,133,"[18300,8700,59300,13700]",4,-10.0,1,3,1,0,3,True
2025-2025041520gm-00a9-0000-d292f784-08-s1-d0,228,B,2,0,"[27200,3200,54900,14700]",4,-10.0,1,3,2,0,4,True
2025-2025041520gm-00a9-0000-d292f784-08-s1-d0,229,A,1,133,"[16300,3400,80900,-600]",3,-4.0,1,2,2,0,1,True
2025-2025041520gm-00a9-0000-d292f784-08-s1-d0,229,B,2,0,"[14200,23800,56400,5600]",2,4.0,1,3,0,0,2,True
2025-2025041520gm-00a9-0000-d292f784-08-s1-d0,230,A,1,133,"[15400,12800,45900,25900]",4,-10.0,1,3,1,0,3,True
2025-2025041520gm-00a9-0000-d292f784-08-s1-d0,230,B,2,0,"[25100,1000,59300,14600]",4,-10.0,1,3,0,0,2,True
2025-2025041520gm-00a9-0000-d292f784-08-s1-d0,231,A,1,133,"[27100,14600,56700,1600]",3,-4.0,1,3,0,0,2,True
2025-2025041520gm-00a9-0000-d292f784-08-s1-d0,231,B,2,0,"[22500,9600,74500,-6600]",3,-4.0,1,2,2,0,1,True
2025-2025041520gm-00a9-0000-d292f784-08-s1-d0,232,A,1,133,"[20900,10600,60300,8200]",3,-4.0,1,3,0,0,2,True
2025-2025041520gm-00a9-0000-d292f784-08-s1-d0,232,B,2,0,"[21900,1900,60300,15900]",4,-10.0,1,3,0,0,2,True
2025-2025041520gm-00a9-0000-d292f784-08-s1-d0,233,A,1,133,"[34500,10500,57300,-2300]",3,-4.0,1,3,0,0,2,True
2025-2025041520gm-00a9-0000-d292f784-08-s1-d0,233,B,2,0,"[22500,-500,60300,17700]",4,-10.0,1,3,0,0,2,True
2025-2025041520gm-00a9-0000-d292f784-08-s1-d0,234,A,1,133,"[18600,17400,58400,5600]",3,-4.0,1,3,0,0,2,True
2025-2025041520gm-00a9-0000-d292f784-08-s1-d0,234,B,2,0,"[30100,7600,60700,1600]",3,-4.0,1,3,0,0,2,True
2025-2025041520gm-00a9-0000-d292f784-08-s1-d0,235,A,1,133,"[25400,12300,59600,2700]",3,-4.0,1,3,0,0,2,True
2025-2025041520gm-00a9-0000-d292f784-08-s1-d0,235,B,2,0,"[24100,11600,60300,4000]",3,-4.0,1,3,0,0,2,True
2025-2025041520gm-00a9-0000-d292f784-08-s1-d0,236,A,1,133,"[28000,-300,56100,16200]",4,-10.0,1,3,0,0,2,True
2025-2025041520gm-00a9-0000-d292f784-08-s1-d0,236,B,2,0,"[22500,-3000,60300,20200]",4,-10.0,1,2,2,0,1,True
2025-2025041520gm-00a9-0000-d292f784-08-s1-d0,237,A,1,133,"[19300,23200,55100,2400]",2,4.0,1,3,0,0,2,True
2025-2025041520gm-00a9-0000-d292f784-08-s1-d0,237,B,2,0,"[14200,18900,60800,6100]",2,4.0,1,3,0,0,3,True
2025-2025041520gm-00a9-0000-d292f784-08-s1-d0,238,A,1,133,"[22500,-1600,68700,10400]",4,-10.0,1,2,3,0,2,True
2025-2025041520gm-00a9-0000-d292f784-08-s1-d0,238,B,2,0,"[19800,19700,58100,2400]",3,-4.0,1,3,0,0,2,True
2025-2025041520gm-00a9-0000-d292f784-08-s1-d0,239,A,1,133,"[22300,6900,55600,15200]",4,-10.0,1,3,0,0,2,True
2025-2025041520gm-00a9-0000-d292f784-08-s1-d0,239,B,2,0,"[3900,400,62600,33100]",4,-10.0,1,3,1,0,3,True
2025-2025041520gm-00a9-0000-d292f784-08-s1-d0,240,A,1,133,"[22500,10900,56400,10200]",3,-4.0,1,3,0,0,2,True
2025-2025041520gm-00a9-0000-d292f784-08-s1-d0,240,B,2,0,"[22500,18600,55300,3600]",3,-4.0,1,3,0,0,2,True
2025-2025041520gm-00a9-0000-d292f784-08-s1-d0,241,A,1,133,"[20300,12600,50900,16200]",4,-10.0,1,3,0,0,2,True
2025-2025041520gm-00a9-0000-d292f784-08-s1-d0,241,B,2,0,"[22500,9600,69700,-1800]",3,-4.0,1,2,2,0,1,True
2025-2025041520gm-00a9-0000-d292f784-08-s1-d0,242,A,1,133,"[37100,5400,55100,2400]",3,-4.0,1,3,0,0,2,True
2025-2025041520gm-00a9-0000-d292f784-08-s1-d0,242,B,2,0,"[21300,7400,58100,13200]",4,-10.0,1,3,0,0,2,True
2025-2025041520gm-00a9-0000-d292f784-08-s1-d0,243,A,1,133,"[36100,5100,51700,7100]",4,-10.0,1,3,2,0,4,True
2025-2025041520gm-00a9-0000-d292f784-08-s1-d0,243,B,2,0,"[16300,31500,52800,-600]",2,4.0,1,3,2,0,4,True
2025-2025041520gm-00a9-0000-d292f784-08-s1-d0,244,A,1,133,"[22500,17400,60300,-200]",3,-4.0,1,2,2,0,1,True
2025-2025041520gm-00a9-0000-d292f784-08-s1-d0,244,B,2,0,"[30100,5800,60700,3400]",3,-4.0,1,3,0,0,2,True
2025-2025041520gm-00a9-0000-d292f784-08-s1-d0,245,A,1,133,"[22500,9600,68700,-800]",3,-4.0,1,2,2,0,1,True
2025-2025041520gm-00a9-0000-d292f784-08-s1-d0,245,B,2,0,"[21400,5000,73100,500]",3,-4.0,1,3,0,0,3,True
2025-2025041520gm-00a9-0000-d292f784-08-s1-d0,246,A,1,133,"[34800,900,60300,4000]",4,-10.0,1,3,0,0,2,True
2025-2025041520gm-00a9-0000-d292f784-08-s1-d0,246,B,2,0,"[31200,7100,60300,1400]",3,-4.0,1,3,0,0,2,True
2025-2025041520gm-00a9-0000-d292f784-08-s1-d0,247,A,1,133,"[22500,20200,60300,-3000]",3,-4.0,1,2,2,0,1,True
2025-2025041520gm-00a9-0000-d292f784-08-s1-d0,247,B,2,0,"[22500,6400,62900,8200]",4,-10.0,1,3,0,0,2,True
2025-2025041520gm-00a9-0000-d292f784-08-s1-d0,248,A,1,133,"[20300,17700,59100,2900]",3,-4.0,1,3,1,0,3,True
2025-2025041520gm-00a9-0000-d292f784-08-s1-d0,248,B,2,0,"[27100,7600,59700,5600]",3,-4.0,1,3,0,0,2,True
2025-2025041520gm-00a9-0000-d292f784-08-s1-d0,249,A,1,133,"[22500,18600,60300,-1400]",3,-4.0,1,2,2,0,1,True
2025-2025041520gm-00a9-0000-d292f784-08-s1-d0,249,B,2,0,"[11500,18400,66500,3600]",2,4.0,1,3,0,0,2,True
2025-2025041520gm-00a9-0000-d292f784-08-s1-d0,250,A,1,133,"[19900,13700,64400,2000]",3,-4.0,1,3,0,0,2,True
2025-2025041520gm-00a9-0000-d292f784-08-s1-d0,250,B,2,0,"[23100,6800,60300,9800]",4,-10.0,1,3,0,0,3,True
2025-2025041520gm-00a9-0000-d292f784-08-s1-d0,251,A,1,133,"[22500,9000,59300,9200]",4,-10.0,1,3,0,0,2,True
2025-2025041520gm-00a9-0000-d292f784-08-s1-d0,251,B,2,0,"[22500,21200,51700,4600]",3,-4.0,1,3,0,0,2,True
2025-2025041520gm-00a9-0000-d292f784-08-s1-d0,252,A,1,133,"[26200,7100,61600,5100]",3,-4.0,1,3,0,0,2,True
2025-2025041520gm-00a9-0000-d292f784-08-s1-d0,252,B,2,0,"[21200,9600,52300,16900]",4,-10.0,1,3,0,0,2,True
2025-2025041520gm-00a9-0000-d292f784-08-s1-d0,253,A,1,133,"[17100,19400,56400,7100]",2,4.0,1,3,2,0,4,True
2025-2025041520gm-00a9-0000-d292f784-08-s1-d0,253,B,2,0,"[19200,6300,58200,16300]",4,-10.0,1,3,2,0,4,True
2025-2025041520gm-00a9-0000-d292f784-08-s1-d0,254,A,1,133,"[25700,9200,60100,5000]",3,-4.0,1,3,1,0,3,True
2025-2025041520gm-00a9-0000-d292f784-08-s1-d0,254,B,2,0,"[20300,3100,70200,6400]",4,-10.0,1,3,1,0,6,True
2025-2025041520gm-00a9-0000-d292f784-08-s1-d0,255,A,1,133,"[21900,12600,66000,-500]",3,-4.0,1,2,3,0,2,True
2025-2025041520gm-00a9-0000-d292f784-08-s1-d0,255,B,2,0,"[21200,14800,61500,2500]",3,-4.0,1,3,5,0,4,True
2024-2024092000gm-00a9-0000-e0b6f7b7-05-s2-d5,0,A,1,16,"[-1800,39500,33200,29100]",2,4.0,1,1,1,0,5,True
2024-2024092000gm-00a9-0000-e0b6f7b7-05-s2-d5,0,B,2,35,"[-1800,40500,32200,29100]",2,4.0,1,1,1,0,5,True
2024-2024092000gm-00a9-0000-e0b6f7b7-05-s2-d5,1,A,1,16,"[10900,45000,12200,31900]",3,-4.0,1,3,0,0,8,True
2024-2024092000gm-00a9-0000-e0b6f7b7-05-s2-d5,1,B,2,35,"[10900,45000,12200,31900]",3,-4.0,1,3,0,0,8,True
2024-2024092000gm-00a9-0000-e0b6f7b7-05-s2-d5,2,A,1,16,"[-2200,27900,24000,50300]",3,-4.0,1,3,0,0,5,True
2024-2024092000gm-00a9-0000-e0b6f7b7-05-s2-d5,2,B,2,35,"[7700,17700,41500,33100]",1,10.0,1,3,0,0,6,True
2024-2024092000gm-00a9-0000-e0b6f7b7-05-s2-d5,3,A,1,16,"[-500,20400,43600,36500]",1,10.0,0,3,3,0,2,True
2024-2024092000gm-00a9-0000-e0b6f7b7-05-s2-d5,3,B,2,35,"[-500,20400,43600,36500]",1,10.0,0,3,3,0,2,True
2024-2024092000gm-00a9-0000-e0b6f7b7-05-s2-d5,4,A,1,16,"[-2100,26900,32900,42300]",2,4.0,1,0,3,0,2,True
2024-2024092000gm-00a9-0000-e0b6f7b7-05-s2-d5,4,B,2,35,"[10100,4000,45200,40700]",1,10.0,1,3,2,0,7,True
2024-2024092000gm-00a9-0000-e0b6f7b7-05-s2-d5,5,A,1,16,"[-2800,35700,36100,31000]",1,10.0,1,1,0,0,4,True
2024-2024092000gm-00a9-0000-e0b6f7b7-05-s2-d5,5,B,2,35,"[-3600,25900,42500,35200]",1,10.0,0,3,2,0,1,True
2024-2024092000gm-00a9-0000-e0b6f7b7-05-s2-d5,6,A,1,16,"[3300,28700,39600,28400]",1,10.0,1,3,0,0,5,True
2024-2024092000gm-00a9-0000-e0b6f7b7-05-s2-d5,6,B,2,35,"[-2400,25200,33700,43500]",2,4.0,1,3,0,0,6,True
2024-2024092000gm-00a9-0000-e0b6f7b7-05-s2-d5,7,A,1,16,"[-600,15000,44800,40800]",1,10.0,1,2,0,0,6,True
2024-2024092000gm-00a9-0000-e0b6f7b7-05-s2-d5,7,B,2,35,"[-400,17800,40700,41900]",2,4.0,1,2,0,0,4,True
2024-2024092000gm-00a9-0000-e0b6f7b7-05-s2-d5,8,A,1,16,"[21800,13900,13200,51100]",4,-10.0,1,3,0,0,7,True
2024-2024092000gm-00a9-0000-e0b6f7b7-05-s2-d5,8,B,2,35,"[-4800,23300,29700,51800]",2,4.0,1,1,0,0,4,True
2024-2024092000gm-00a9-0000-e0b6f7b7-05-s2-d5,9,A,1,16,"[-7000,31900,34800,40300]",2,4.0,1,1,1,0,4,True
2024-2024092000gm-00a9-0000-e0b6f7b7-05-s2-d5,9,B,2,35,"[9200,36700,35100,19000]",2,4.0,1,3,0,0,6,True
2024-2024092000gm-00a9-0000-e0b6f7b7-05-s2-d5,10,A,1,16,"[7300,17800,42900,32000]",1,10.0,1,3,0,0,5,True
2024-2024092000gm-00a9-0000-e0b6f7b7-05-s2-d5,10,B,2,35,"[3300,13800,32900,50000]",2,4.0,1,3,0,0,6,True
2024-2024092000gm-00a9-0000-e0b6f7b7-05-s2-d5,11,A,1,16,"[-1200,26900,39100,34200]",1,10.0,1,0,0,1,2,True
2024-2024092000gm-00a9-0000-e0b6f7b7-05-s2-d5,11,B,2,35,"[-1200,26900,39100,34200]",1,10.0,1,0,0,1,2,True
2024-2024092000gm-00a9-0000-e0b6f7b7-05-s2-d5,12,A,1,16,"[-1100,18800,38500,43800]",2,4.0,1,2,0,0,4,True
2024-2024092000gm-00a9-0000-e0b6f7b7-05-s2-d5,12,B,2,35,"[-1800,22900,44700,34200]",1,10.0,1,0,0,0,3,True
2024-2024092000gm-00a9-0000-e0b6f7b7-05-s2-d5,13,A,1,16,"[-100,23700,38500,37900]",1,10.0,1,0,0,0,2,True
2024-2024092000gm-00a9-0000-e0b6f7b7-05-s2-d5,13,B,2,35,"[-200,23300,40300,36600]",1,10.0,1,1,0,0,3,True
2024-2024092000gm-00a9-0000-e0b6f7b7-05-s2-d5,14,A,1,16,"[200,22500,31800,45500]",2,4.0,1,3,0,0,6,True
2024-2024092000gm-00a9-0000-e0b6f7b7-05-s2-d5,14,B,2,35,"[200,22500,31800,45500]",2,4.0,1,3,0,0,6,True
2024-2024092000gm-00a9-0000-e0b6f7b7-05-s2-d5,15,A,1,16,"[-1200,19700,27700,53800]",2,4.0,0,3,2,0,1,True
2024-2024092000gm-00a9-0000-e0b6f7b7-05-s2-d5,15,B,2,35,"[-10800,22400,31100,57300]",2,4.0,1,3,0,0,6,True
2024-2024092000gm-00a9-0000-e0b6f7b7-05-s2-d5,16,A,1,16,"[23300,19500,20400,36800]",3,-4.0,2,3,0,0,11,True
2024-2024092000gm-00a9-0000-e0b6f7b7-05-s2-d5,16,B,2,35,"[6500,34400,18700,40400]",3,-4.0,1,3,0,0,5,True
2024-2024092000gm-00a9-0000-e0b6f7b7-05-s2-d5,17,A,1,16,"[900,34600,36900,27600]",1,10.0,1,3,0,0,8,True
2024-2024092000gm-00a9-0000-e0b6f7b7-05-s2-d5,17,B,2,35,"[900,34600,36900,27600]",1,10.0,1,3,0,0,8,True
2024-2024092000gm-00a9-0000-e0b6f7b7-05-s2-d5,18,A,1,16,"[-2000,25900,40900,35200]",1,10.0,0,3,2,0,1,True
2024-2024092000gm-00a9-0000-e0b6f7b7-05-s2-d5,18,B,2,35,"[-900,23400,38600,38900]",2,4.0,1,2,0,0,4,True
2024-2024092000gm-00a9-0000-e0b6f7b7-05-s2-d5,19,A,1,16,"[17600,28100,38900,15400]",1,10.0,1,3,0,0,5,True
2024-2024092000gm-00a9-0000-e0b6f7b7-05-s2-d5,19,B,2,35,"[-1700,18500,42300,40900]",1,10.0,1,0,0,0,3,True
2024-2024092000gm-00a9-0000-e0b6f7b7-05-s2-d5,20,A,1,16,"[18900,32600,20600,27900]",3,-4.0,1,3,0,0,6,True
2024-2024092000gm-00a9-0000-e0b6f7b7-05-s2-d5,20,B,2,35,"[18900,32600,20600,27900]",3,-4.0,1,3,0,0,6,True
2024-2024092000gm-00a9-0000-e0b6f7b7-05-s2-d5,21,A,1,16,"[1400,21800,34300,42500]",2,4.0,1,3,0,0,5,True
2024-2024092000gm-00a9-0000-e0b6f7b7-05-s2-d5,21,B,2,35,"[7100,23000,31900,38000]",2,4.0,1,3,0,0,5,True
2024-2024092000gm-00a9-0000-e0b6f7b7-05-s2-d5,22,A,1,16,"[-2400,25900,41300,35200]",1,10.0,1,0,0,0,2,True
2024-2024092000gm-00a9-0000-e0b6f7b7-05-s2-d5,22,B,2,35,"[-2400,25900,41300,35200]",1,10.0,1,0,0,0,2,True
2024-2024092000gm-00a9-0000-e0b6f7b7-05-s2-d5,23,A,1,16,"[5300,13500,50200,31000]",1,10.0,1,3,0,0,5,True
2024-2024092000gm-00a9-0000-e0b6f7b7-05-s2-d5,23,B,2,35,"[2200,27700,50000,20100]",1,10.0,1,3,0,0,6,True
2024-2024092000gm-00a9-0000-e0b6f7b7-05-s2-d5,24,A,1,16,"[-6500,25700,41500,39300]",1,10.0,1,1,1,0,3,True
2024-2024092000gm-00a9-0000-e0b6f7b7-05-s2-d5,24,B,2,35,"[-6500,25700,41500,39300]",1,10.0,1,1,1,0,3,True
2024-2024092000gm-00a9-0000-e0b6f7b7-05-s2-d5,25,A,1,16,"[12100,20100,28600,39200]",2,4.0,1,3,0,0,6,True
2024-2024092000gm-00a9-0000-e0b6f7b7-05-s2-d5,25,B,2,35,"[33800,11500,25900,28800]",3,-4.0,1,3,1,0,7,True
2024-2024092000gm-00a9-0000-e0b6f7b7-05-s2-d5,26,A,1,16,"[10400,10100,40500,39000]",1,10.0,1,3,0,0,5,True
2024-2024092000gm-00a9-0000-e0b6f7b7-05-s2-d5,26,B,2,35,"[10400,10100,40500,39000]",1,10.0,1,3,0,0,5,True
2024-2024092000gm-00a9-0000-e0b6f7b7-05-s2-d5,27,A,1,16,"[1200,22400,38100,38300]",2,4.0,1,3,0,0,7,True
2024-2024092000gm-00a9-0000-e0b6f7b7-05-s2-d5,27,B,2,35,"[1200,22400,38100,38300]",2,4.0,1,3,0,0,7,True
2024-2024092000gm-00a9-0000-e0b6f7b7-05-s2-d5,28,A,1,16,"[-13600,25900,33900,53800]",2,4.0,0,3,2,0,1,True
2024-2024092000gm-00a9-0000-e0b6f7b7-05-s2-d5,28,B,2,35,"[-13600,25900,33900,53800]",2,4.0,0,3,2,0,1,True
2024-2024092000gm-00a9-0000-e0b6f7b7-05-s2-d5,29,A,1,16,"[-7200,27900,44600,34700]",1,10.0,1,1,0,0,3,True
2024-2024092000gm-00a9-0000-e0b6f7b7-05-s2-d5,29,B,2,35,"[2200,28800,37600,31400]",1,10.0,1,3,1,0,6,True
2024-2024092000gm-00a9-0000-e0b6f7b7-05-s2-d5,30,A,1,16,"[-400,25900,47100,27400]",1,10.0,1,3,0,0,8,True
2024-2024092000gm-00a9-0000-e0b6f7b7-05-s2-d5,30,B,2,35,"[7300,20800,38400,33500]",1,10.0,1,3,0,0,7,True
2024-2024092000gm-00a9-0000-e0b6f7b7-05-s2-d5,31,A,1,16,"[19900,6600,35800,37700]",2,4.0,1,3,0,0,6,True
2024-2024092000gm-00a9-0000-e0b6f7b7-05-s2-d5,31,B,2,35,"[11900,20400,48100,19600]",1,10.0,1,3,0,0,6,True
2024-2024092000gm-00a9-0000-e0b6f7b7-05-s2-d5,32,A,1,16,"[15700,-900,54500,30700]",1,10.0,1,2,1,0,6,True
2024-2024092000gm-00a9-0000-e0b6f7b7-05-s2-d5,32,B,2,35,"[16500,4000,44200,35300]",1,10.0,1,3,0,0,6,True
2024-2024092000gm-00a9-0000-e0b6f7b7-05-s2-d5,33,A,1,16,"[18700,19100,37300,24900]",1,10.0,1,3,0,0,9,True
2024-2024092000gm-00a9-0000-e0b6f7b7-05-s2-d5,33,B,2,35,"[-5900,24700,48900,32300]",1,10.0,1,2,0,0,4,True
2024-2024092000gm-00a9-0000-e0b6f7b7-05-s2-d5,34,A,1,16,"[-200,24900,31900,43400]",2,4.0,1,1,0,0,4,True
2024-2024092000gm-00a9-0000-e0b6f7b7-05-s2-d5,34,B,2,35,"[-200,24900,31900,43400]",2,4.0,1,1,0,0,4,True
2024-2024092000gm-00a9-0000-e0b6f7b7-05-s2-d5,35,A,1,16,"[18600,13300,30000,38100]",2,4.0,1,3,2,0,6,True
2024-2024092000gm-00a9-0000-e0b6f7b7-05-s2-d5,35,B,2,35,"[17600,15800,28400,37200]",2,4.0,1,3,0,1,5,True
2024-2024092000gm-00a9-0000-e0b6f7b7-05-s2-d5,36,A,1,16,"[2400,34200,33100,30300]",2,4.0,1,3,0,0,6,True
2024-2024092000gm-00a9-0000-e0b6f7b7-05-s2-d5,36,B,2,35,"[-800,25900,39700,35200]",1,10.0,0,3,2,0,1,True
2024-2024092000gm-00a9-0000-e0b6f7b7-05-s2-d5,37,A,1,16,"[31000,22700,23900,22400]",2,4.0,2,1,2,0,8,True
2024-2024092000gm-00a9-0000-e0b6f7b7-05-s2-d5,37,B,2,35,"[31000,22700,23900,22400]",2,4.0,2,1,2,0,8,True
2024-2024092000gm-00a9-0000-e0b6f7b7-05-s2-d5,38,A,1,16,"[10600,29000,37700,22700]",1,10.0,1,3,0,0,5,True
2024-2024092000gm-00a9-0000-e0b6f7b7-05-s2-d5,38,B,2,35,"[10600,29000,37700,22700]",1,10.0,1,3,0,0,5,True
2024-2024092000gm-00a9-0000-e0b6f7b7-05-s2-d5,39,A,1,16,"[5800,28200,28700,37300]",2,4.0,1,3,0,0,5,True
2024-2024092000gm-00a9-0000-e0b6f7b7-05-s2-d5,39,B,2,35,"[5800,28200,28700,37300]",2,4.0,1,3,0,0,5,True
2024-2024092000gm-00a9-0000-e0b6f7b7-05-s2-d5,40,A,1,16,"[5400,28300,35200,31100]",1,10.0,1,3,1,0,5,True
2024-2024092000gm-00a9-0000-e0b6f7b7-05-s2-d5,40,B,2,35,"[5400,28300,35200,31100]",1,10.0,1,3,1,0,5,True
2024-2024092000gm-00a9-0000-e0b6f7b7-05-s2-d5,41,A,1,16,"[-600,26500,48300,25800]",1,10.0,1,2,0,0,4,True
2024-2024092000gm-00a9-0000-e0b6f7b7-05-s2-d5,41,B,2,35,"[300,19200,37600,42900]",2,4.0,1,3,0,0,5,True
2024-2024092000gm-00a9-0000-e0b6f7b7-05-s2-d5,42,A,1,16,"[5600,35800,28300,30300]",3,-4.0,1,3,0,0,6,True
2024-2024092000gm-00a9-0000-e0b6f7b7-05-s2-d5,42,B,2,35,"[23900,2900,35400,37800]",2,4.0,1,3,0,0,7,True
2024-2024092000gm-00a9-0000-e0b6f7b7-05-s2-d5,43,A,1,16,"[-100,24400,43300,32400]",1,10.0,1,0,0,0,2,True
2024-2024092000gm-00a9-0000-e0b6f7b7-05-s2-d5,43,B,2,35,"[-800,23700,46100,31000]",1,10.0,1,0,0,0,2,True
2024-2024092000gm-00a9-0000-e0b6f7b7-05-s2-d5,44,A,1,16,"[12700,16600,44200,26500]",1,10.0,1,3,0,0,6,True
2024-2024092000gm-00a9-0000-e0b6f7b7-05-s2-d5,44,B,2,35,"[10500,26200,29300,34000]",2,4.0,1,3,1,0,8,True
2024-2024092000gm-00a9-0000-e0b6f7b7-05-s2-d5,45,A,1,16,"[20900,34000,24100,21000]",2,4.0,1,3,0,0,5,True
2024-2024092000gm-00a9-0000-e0b6f7b7-05-s2-d5,45,B,2,35,"[20900,34000,24100,21000]",2,4.0,1,3,0,0,5,True
2024-2024092000gm-00a9-0000-e0b6f7b7-05-s2-d5,46,A,1,16,"[3200,24500,27500,44800]",2,4.0,1,3,1,0,6,True
2024-2024092000gm-00a9-0000-e0b6f7b7-05-s2-d5,46,B,2,35,"[15400,27300,23100,34200]",3,-4.0,1,3,0,0,6,True
2024-2024092000gm-00a9-0000-e0b6f7b7-05-s2-d5,47,A,1,16,"[-1100,21700,40500,38900]",1,10.0,1,0,0,0,2,True
2024-2024092000gm-00a9-0000-e0b6f7b7-05-s2-d5,47,B,2,35,"[-1100,21700,40500,38900]",1,10.0,1,0,0,0,2,True
2024-2024092000gm-00a9-0000-e0b6f7b7-05-s2-d5,48,A,1,16,"[7400,15800,28200,48600]",2,4.0,1,3,0,0,8,True
2024-2024092000gm-00a9-0000-e0b6f7b7-05-s2-d5,48,B,2,35,"[2700,50100,33500,13700]",2,4.0,1,3,1,0,7,True
2024-2024092000gm-00a9-0000-e0b6f7b7-05-s2-d5,49,A,1,16,"[-800,40300,27800,32700]",3,-4.0,1,2,1,0,4,True
2024-2024092000gm-00a9-0000-e0b6f7b7-05-s2-d5,49,B,2,35,"[14000,14300,40000,31700]",1,10.0,1,3,0,0,5,True
2024-2024092000gm-00a9-0000-e0b6f7b7-05-s2-d5,50,A,1,16,"[6600,11500,47900,34000]",1,10.0,1,3,1,0,8,True
2024-2024092000gm-00a9-0000-e0b6f7b7-05-s2-d5,50,B,2,35,"[-6100,30500,25900,49700]",3,-4.0,1,1,0,0,6,True
2024-2024092000gm-00a9-0000-e0b6f7b7-05-s2-d5,51,A,1,16,"[7600,40100,23600,28700]",3,-4.0,1,3,0,0,5,True
2024-2024092000gm-00a9-0000-e0b6f7b7-05-s2-d5,51,B,2,35,"[7600,40100,23600,28700]",3,-4.0,1,3,0,0,5,True
2024-2024092000gm-00a9-0000-e0b6f7b7-05-s2-d5,52,A,1,16,"[-1700,22900,45100,33700]",1,10.0,1,1,0,0,3,True
2024-2024092000gm-00a9-0000-e0b6f7b7-05-s2-d5,52,B,2,35,"[-3700,27900,47000,28800]",1,10.0,1,2,0,0,4,True
2024-2024092000gm-00a9-0000-e0b6f7b7-05-s2-d5,53,A,1,16,"[-3700,25900,34800,43000]",2,4.0,1,0,0,0,2,True
2024-2024092000gm-00a9-0000-e0b6f7b7-05-s2-d5,53,B,2,35,"[-3700,25900,34800,43000]",2,4.0,1,0,0,0,2,True
2024-2024092000gm-00a9-0000-e0b6f7b7-05-s2-d5,54,A,1,16,"[1100,28000,45600,25300]",1,10.0,1,3,0,0,6,True
2024-2024092000gm-00a9-0000-e0b6f7b7-05-s2-d5,54,B,2,35,"[1100,28000,45600,25300]",1,10.0,1,3,0,0,6,True
2024-2024092000gm-00a9-0000-e0b6f7b7-05-s2-d5,55,A,1,16,"[31600,25600,17800,25000]",4,-10.0,2,3,2,0,10,True
2024-2024092000gm-00a9-0000-e0b6f7b7-05-s2-d5,55,B,2,35,"[31600,25600,17800,25000]",4,-10.0,2,3,2,0,10,True
2024-2024092000gm-00a9-0000-e0b6f7b7-05-s2-d5,56,A,1,16,"[-7700,39000,34700,34000]",2,4.0,1,1,1,0,4,True
2024-2024092000gm-00a9-0000-e0b6f7b7-05-s2-d5,56,B,2,35,"[25800,31900,20900,21400]",4,-10.0,1,3,0,0,7,True
2024-2024092000gm-00a9-0000-e0b6f7b7-05-s2-d5,57,A,1,16,"[9200,22700,35400,32700]",1,10.0,1,3,0,0,6,True
2024-2024092000gm-00a9-0000-e0b6f7b7-05-s2-d5,57,B,2,35,"[15500,16100,41300,27100]",1,10.0,1,3,0,0,6,True
2024-2024092000gm-00a9-0000-e0b6f7b7-05-s2-d5,58,A,1,16,"[-2100,40600,34000,27500]",2,4.0,1,1,1,0,4,True
2024-2024092000gm-00a9-0000-e0b6f7b7-05-s2-d5,58,B,2,35,"[-6200,33300,38300,34600]",1,10.0,1,3,0,0,8,True
2024-2024092000gm-00a9-0000-e0b6f7b7-05-s2-d5,59,A,1,16,"[9600,24200,36200,30000]",1,10.0,1,3,0,0,5,True
2024-2024092000gm-00a9-0000-e0b6f7b7-05-s2-d5,59,B,2,35,"[-200,36400,29300,34500]",3,-4.0,1,1,2,0,6,True
2024-2024092000gm-00a9-0000-e0b6f7b7-05-s2-d5,60,A,1,16,"[-7000,25500,32900,48600]",2,4.0,1,1,0,0,3,True
2024-2024092000gm-00a9-0000-e0b6f7b7-05-s2-d5,60,B,2,35,"[3100,29400,33200,34300]",2,4.0,1,3,0,0,6,True
2024-2024092000gm-00a9-0000-e0b6f7b7-05-s2-d5,61,A,1,16,"[-3600,35500,32900,35200]",3,-4.0,0,3,2,0,1,True
2024-2024092000gm-00a9-0000-e0b6f7b7-05-s2-d5,61,B,2,35,"[3900,33500,26000,36600]",3,-4.0,1,3,0,0,6,True
2024-2024092000gm-00a9-0000-e0b6f7b7-05-s2-d5,62,A,1,16,"[-200,25900,39100,35200]",1,10.0,1,0,1,0,3,True
2024-2024092000gm-00a9-0000-e0b6f7b7-05-s2-d5,62,B,2,35,"[15000,22400,14700,47900]",4,-10.0,1,3,1,0,6,True
2024-2024092000gm-00a9-0000-e0b6f7b7-05-s2-d5,63,A,1,16,"[7800,18600,36700,36900]",2,4.0,1,3,0,0,6,True
2024-2024092000gm-00a9-0000-e0b6f7b7-05-s2-d5,63,B,2,35,"[-4300,35200,33900,35200]",3,-4.0,0,3,2,0,1,True
2024-2024092000gm-00a9-0000-e0b6f7b7-05-s2-d5,64,A,1,16,"[10100,23600,34400,31900]",1,10.0,1,3,0,0,6,True
2024-2024092000gm-00a9-0000-e0b6f7b7-05-s2-d5,64,B,2,35,"[23900,20500,33200,22400]",1,10.0,1,3,0,0,7,True
2024-2024092000gm-00a9-0000-e0b6f7b7-05-s2-d5,65,A,1,16,"[-800,20100,35800,44900]",2,4.0,0,3,3,0,2,True
2024-2024092000gm-00a9-0000-e0b6f7b7-05-s2-d5,65,B,2,35,"[-800,20100,35800,44900]",2,4.0,0,3,3,0,2,True
2024-2024092000gm-00a9-0000-e0b6f7b7-05-s2-d5,66,A,1,16,"[17800,34200,31100,16900]",2,4.0,1,3,0,0,7,True
2024-2024092000gm-00a9-0000-e0b6f7b7-05-s2-d5,66,B,2,35,"[-1300,26000,53700,21600]",1,10.0,1,2,1,0,5,True
2024-2024092000gm-00a9-0000-e0b6f7b7-05-s2-d5,67,A,1,16,"[17300,16300,28000,38400]",2,4.0,1,3,0,0,6,True
2024-2024092000gm-00a9-0000-e0b6f7b7-05-s2-d5,67,B,2,35,"[12700,20300,32100,34900]",2,4.0,1,3,0,0,5,True
2024-2024092000gm-00a9-0000-e0b6f7b7-05-s2-d5,68,A,1,16,"[2100,27400,39000,31500]",1,10.0,1,3,0,0,6,True
2024-2024092000gm-00a9-0000-e0b6f7b7-05-s2-d5,68,B,2,35,"[2100,27400,39000,31500]",1,10.0,1,3,0,0,6,True
2024-2024092000gm-00a9-0000-e0b6f7b7-05-s2-d5,69,A,1,16,"[4200,16600,33400,45800]",2,4.0,1,3,0,0,6,True
2024-2024092000gm-00a9-0000-e0b6f7b7-05-s2-d5,69,B,2,35,"[4200,16600,33400,45800]",2,4.0,1,3,0,0,6,True
2024-2024092000gm-00a9-0000-e0b6f7b7-05-s2-d5,70,A,1,16,"[-300,43800,33900,22600]",2,4.0,1,0,1,0,3,True
2024-2024092000gm-00a9-0000-e0b6f7b7-05-s2-d5,70,B,2,35,"[-5900,26800,43400,35700]",1,10.0,1,2,0,0,4,True
2024-2024092000gm-00a9-0000-e0b6f7b7-05-s2-d5,71,A,1,16,"[25200,18100,30800,25900]",1,10.0,1,3,1,0,6,True
2024-2024092000gm-00a9-0000-e0b6f7b7-05-s2-d5,71,B,2,35,"[900,17000,19200,62900]",2,4.0,1,3,1,0,6,True
2024-2024092000gm-00a9-0000-e0b6f7b7-05-s2-d5,72,A,1,16,"[5800,27300,40700,26200]",1,10.0,1,3,0,0,6,True
2024-2024092000gm-00a9-0000-e0b6f7b7-05-s2-d5,72,B,2,35,"[5800,27300,40700,26200]",1,10.0,1,3,0,0,6,True
2024-2024092000gm-00a9-0000-e0b6f7b7-05-s2-d5,73,A,1,16,"[-3000,27600,31400,44000]",2,4.0,1,0,0,0,5,True
2024-2024092000gm-00a9-0000-e0b6f7b7-05-s2-d5,73,B,2,35,"[20200,21100,20900,37800]",3,-4.0,1,3,0,0,7,True
2024-2024092000gm-00a9-0000-e0b6f7b7-05-s2-d5,74,A,1,16,"[16600,25200,33900,24300]",1,10.0,2,0,0,0,6,True
2024-2024092000gm-00a9-0000-e0b6f7b7-05-s2-d5,74,B,2,35,"[-700,30300,28300,42100]",3,-4.0,1,1,1,0,4,True
2024-2024092000gm-00a9-0000-e0b6f7b7-05-s2-d5,75,A,1,16,"[-800,25900,39700,35200]",1,10.0,0,3,2,0,1,True
2024-2024092000gm-00a9-0000-e0b6f7b7-05-s2-d5,75,B,2,35,"[-800,25900,39700,35200]",1,10.0,0,3,2,0,1,True
2024-2024092000gm-00a9-0000-e0b6f7b7-05-s2-d5,76,A,1,16,"[-3600,25900,42500,35200]",1,10.0,0,3,2,0,1,True
2024-2024092000gm-00a9-0000-e0b6f7b7-05-s2-d5,76,B,2,35,"[9500,35400,29700,25400]",2,4.0,2,0,0,0,8,True
2024-2024092000gm-00a9-0000-e0b6f7b7-05-s2-d5,77,A,1,16,"[2800,17800,39400,40000]",2,4.0,1,3,0,0,5,True
2024-2024092000gm-00a9-0000-e0b6f7b7-05-s2-d5,77,B,2,35,"[-3000,31400,32900,38700]",2,4.0,1,0,0,0,2,True
2024-2024092000gm-00a9-0000-e0b6f7b7-05-s2-d5,78,A,1,16,"[-5100,27200,44100,33800]",1,10.0,1,2,0,0,5,True
2024-2024092000gm-00a9-0000-e0b6f7b7-05-s2-d5,78,B,2,35,"[5000,21700,47500,25800]",1,10.0,1,3,1,0,7,True
2024-2024092000gm-00a9-0000-e0b6f7b7-05-s2-d5,79,A,1,16,"[2800,23800,47700,25700]",1,10.0,1,3,1,0,6,True
2024-2024092000gm-00a9-0000-e0b6f7b7-05-s2-d5,79,B,2,35,"[20700,19600,48200,11500]",1,10.0,1,3,1,0,6,True
2024-2024092000gm-00a9-0000-e0b6f7b7-05-s2-d5,80,A,1,16,"[11100,17500,30500,40900]",2,4.0,1,3,0,0,6,True
2024-2024092000gm-00a9-0000-e0b6f7b7-05-s2-d5,80,B,2,35,"[-1900,19000,40700,42200]",2,4.0,1,3,0,0,6,True
2024-2024092000gm-00a9-0000-e0b6f7b7-05-s2-d5,81,A,1,16,"[-1000,36000,32800,32200]",2,4.0,1,0,0,0,2,True
2024-2024092000gm-00a9-0000-e0b6f7b7-05-s2-d5,81,B,2,35,"[-2800,31300,27100,44400]",3,-4.0,1,0,0,0,4,True
2024-2024092000gm-00a9-0000-e0b6f7b7-05-s2-d5,82,A,1,16,"[22500,18800,35300,23400]",1,10.0,1,3,0,0,5,True
2024-2024092000gm-00a9-0000-e0b6f7b7-05-s2-d5,82,B,2,35,"[7100,1100,42000,49800]",2,4.0,1,3,0,0,6,True
2024-2024092000gm-00a9-0000-e0b6f7b7-05-s2-d5,83,A,1,16,"[13700,22600,18200,45500]",3,-4.0,1,3,0,0,8,True
2024-2024092000gm-00a9-0000-e0b6f7b7-05-s2-d5,83,B,2,35,"[2500,21800,50200,25500]",1,10.0,1,3,0,0,5,True
2024-2024092000gm-00a9-0000-e0b6f7b7-05-s2-d5,84,A,1,16,"[27200,19200,15500,38100]",4,-10.0,1,3,0,0,7,True
2024-2024092000gm-00a9-0000-e0b6f7b7-05-s2-d5,84,B,2,35,"[1800,15800,49400,33000]",1,10.0,1,3,0,0,6,True
2024-2024092000gm-00a9-0000-e0b6f7b7-05-s2-d5,85,A,1,16,"[14100,17900,28500,39500]",2,4.0,1,3,0,0,6,True
2024-2024092000gm-00a9-0000-e0b6f7b7-05-s2-d5,85,B,2,35,"[16700,19100,11700,52500]",4,-10.0,1,3,0,0,6,True
2024-2024092000gm-00a9-0000-e0b6f7b7-05-s2-d5,86,A,1,16,"[10300,13600,64100,12000]",1,10.0,1,3,0,0,9,True
2024-2024092000gm-00a9-0000-e0b6f7b7-05-s2-d5,86,B,2,35,"[-3000,22700,36100,44200]",2,4.0,1,0,0,0,2,True
2024-2024092000gm-00a9-0000-e0b6f7b7-05-s2-d5,87,A,1,16,"[-2200,27400,31500,43300]",2,4.0,1,2,0,0,4,True
2024-2024092000gm-00a9-0000-e0b6f7b7-05-s2-d5,87,B,2,35,"[7800,33700,24400,34100]",3,-4.0,1,3,0,0,6,True
2024-2024092000gm-00a9-0000-e0b6f7b7-05-s2-d5,88,A,1,16,"[-3100,14600,32600,55900]",2,4.0,1,2,0,0,5,True
2024-2024092000gm-00a9-0000-e0b6f7b7-05-s2-d5,88,B,2,35,"[4700,16800,30300,48200]",2,4.0,1,3,0,0,6,True
2024-2024092000gm-00a9-0000-e0b6f7b7-05-s2-d5,89,A,1,16,"[23600,21200,33200,21000]",1,10.0,1,3,0,1,7,True
2024-2024092000gm-00a9-0000-e0b6f7b7-05-s2-d5,89,B,2,35,"[18800,15400,36100,29700]",1,10.0,1,3,0,0,7,True
2024-2024092000gm-00a9-0000-e0b6f7b7-05-s2-d5,90,A,1,16,"[-1400,19500,38700,43200]",2,4.0,0,3,3,0,2,True
2024-2024092000gm-00a9-0000-e0b6f7b7-05-s2-d5,90,B,2,35,"[-4600,24900,35900,43800]",2,4.0,1,0,3,0,2,True
2024-2024092000gm-00a9-0000-e0b6f7b7-05-s2-d5,91,A,1,16,"[-2400,27900,40300,34200]",1,10.0,1,1,1,0,3,True
2024-2024092000gm-00a9-0000-e0b6f7b7-05-s2-d5,91,B,2,35,"[-4900,33900,35800,35200]",1,10.0,1,0,0,0,2,True
2024-2024092000gm-00a9-0000-e0b6f7b7-05-s2-d5,92,A,1,16,"[-1100,25000,40200,35900]",1,10.0,1,2,0,0,4,True
2024-2024092000gm-00a9-0000-e0b6f7b7-05-s2-d5,92,B,2,35,"[-1100,25000,40200,35900]",1,10.0,1,2,0,0,4,True
2024-2024092000gm-00a9-0000-e0b6f7b7-05-s2-d5,93,A,1,16,"[-300,17300,63600,19400]",1,10.0,1,2,1,0,5,True
2024-2024092000gm-00a9-0000-e0b6f7b7-05-s2-d5,93,B,2,35,"[-13600,25900,40700,47000]",2,4.0,1,1,0,0,3,True
2024-2024092000gm-00a9-0000-e0b6f7b7-05-s2-d5,94,A,1,16,"[18100,19000,13500,49400]",4,-10.0,1,3,0,0,6,True
2024-2024092000gm-00a9-0000-e0b6f7b7-05-s2-d5,94,B,2,35,"[-7600,25900,32900,48800]",2,4.0,0,3,2,0,1,True
2024-2024092000gm-00a9-0000-e0b6f7b7-05-s2-d5,95,A,1,16,"[12000,33200,18500,36300]",3,-4.0,1,3,0,0,7,True
2024-2024092000gm-00a9-0000-e0b6f7b7-05-s2-d5,95,B,2,35,"[12000,33200,18500,36300]",3,-4.0,1,3,0,0,7,True
2024-2024092000gm-00a9-0000-e0b6f7b7-05-s2-d5,96,A,1,16,"[27100,21900,34100,16900]",1,10.0,1,3,1,0,7,True
2024-2024092000gm-00a9-0000-e0b6f7b7-05-s2-d5,96,B,2,35,"[12100,13000,48200,26700]",1,10.0,1,3,1,0,7,True
2024-2024092000gm-00a9-0000-e0b6f7b7-05-s2-d5,97,A,1,16,"[15300,23900,14900,45900]",4,-10.0,1,3,0,0,6,True
2024-2024092000gm-00a9-0000-e0b6f7b7-05-s2-d5,97,B,2,35,"[-1900,31900,37200,32800]",1,10.0,1,3,0,0,5,True
2024-2024092000gm-00a9-0000-e0b6f7b7-05-s2-d5,98,A,1,16,"[-100,29200,42500,28400]",1,10.0,1,1,0,0,3,True
2024-2024092000gm-00a9-0000-e0b6f7b7-05-s2-d5,98,B,2,35,"[-100,29200,42500,28400]",1,10.0,1,1,0,0,3,True
2024-2024092000gm-00a9-0000-e0b6f7b7-05-s2-d5,99,A,1,16,"[5800,24400,42900,26900]",1,10.0,1,3,2,0,8,True
2024-2024092000gm-00a9-0000-e0b6f7b7-05-s2-d5,99,B,2,35,"[5800,24400,42900,26900]",1,10.0,1,3,2,0,8,True
2024-2024092000gm-00a9-0000-e0b6f7b7-05-s2-d5,100,A,1,16,"[23300,22600,31700,22400]",1,10.0,1,3,0,0,8,True
2024-2024092000gm-00a9-0000-e0b6f7b7-05-s2-d5,100,B,2,35,"[-2400,25900,34500,42000]",2,4.0,1,1,0,0,3,True
2024-2024092000gm-00a9-0000-e0b6f7b7-05-s2-d5,101,A,1,16,"[-7000,32900,31100,43000]",3,-4.0,1,3,0,0,5,True
2024-2024092000gm-00a9-0000-e0b6f7b7-05-s2-d5,101,B,2,35,"[-800,25900,39700,35200]",1,10.0,0,3,2,0,1,True
2024-2024092000gm-00a9-0000-e0b6f7b7-05-s2-d5,102,A,1,16,"[-1700,22400,33900,45400]",2,4.0,0,3,3,0,2,True
2024-2024092000gm-00a9-0000-e0b6f7b7-05-s2-d5,102,B,2,35,"[9500,10400,26800,53300]",2,4.0,1,3,0,0,6,True
2024-2024092000gm-00a9-0000-e0b6f7b7-05-s2-d5,103,A,1,16,"[4100,25800,31700,38400]",2,4.0,1,3,0,0,6,True
2024-2024092000gm-00a9-0000-e0b6f7b7-05-s2-d5,103,B,2,35,"[400,20300,34500,44800]",2,4.0,1,3,0,0,5,True
2024-2024092000gm-00a9-0000-e0b6f7b7-05-s2-d5,104,A,1,16,"[7300,22400,21800,48500]",3,-4.0,1,3,0,0,5,True
2024-2024092000gm-00a9-0000-e0b6f7b7-05-s2-d5,104,B,2,35,"[-800,28500,37100,35200]",1,10.0,1,0,0,0,2,True
2024-2024092000gm-00a9-0000-e0b6f7b7-05-s2-d5,105,A,1,16,"[22600,13900,18300,45200]",3,-4.0,1,3,0,0,8,True
2024-2024092000gm-00a9-0000-e0b6f7b7-05-s2-d5,105,B,2,35,"[22600,13900,18300,45200]",3,-4.0,1,3,0,0,8,True
2024-2024092000gm-00a9-0000-e0b6f7b7-05-s2-d5,106,A,1,16,"[-8900,25900,38800,44200]",2,4.0,1,1,0,0,3,True
2024-2024092000gm-00a9-0000-e0b6f7b7-05-s2-d5,106,B,2,35,"[23000,15700,22700,38600]",3,-4.0,1,3,0,0,6,True
2024-2024092000gm-00a9-0000-e0b6f7b7-05-s2-d5,107,A,1,16,"[-800,40500,37100,23200]",2,4.0,1,1,0,0,3,True
2024-2024092000gm-00a9-0000-e0b6f7b7-05-s2-d5,107,B,2,35,"[-1800,43600,36900,21300]",2,4.0,1,1,0,0,3,True
2024-2024092000gm-00a9-0000-e0b6f7b7-05-s2-d5,108,A,1,16,"[-6500,32500,38400,35600]",1,10.0,1,2,0,0,4,True
2024-2024092000gm-00a9-0000-e0b6f7b7-05-s2-d5,108,B,2,35,"[-800,23900,39700,37200]",1,10.0,1,1,0,0,3,True
2024-2024092000gm-00a9-0000-e0b6f7b7-05-s2-d5,109,A,1,16,"[-6400,33900,31700,40800]",3,-4.0,0,3,4,0,3,True
2024-2024092000gm-00a9-0000-e0b6f7b7-05-s2-d5,109,B,2,35,"[-6400,33900,31700,40800]",3,-4.0,0,3,4,0,3,True
2024-2024092000gm-00a9-0000-e0b6f7b7-05-s2-d5,110,A,1,16,"[-3700,25900,37700,40100]",2,4.0,1,0,0,0,2,True
2024-2024092000gm-00a9-0000-e0b6f7b7-05-s2-d5,110,B,2,35,"[-3700,25900,37700,40100]",2,4.0,1,0,0,0,2,True
2024-2024092000gm-00a9-0000-e0b6f7b7-05-s2-d5,111,A,1,16,"[400,25200,33000,41400]",2,4.0,1,3,0,0,6,True
2024-2024092000gm-00a9-0000-e0b6f7b7-05-s2-d5,111,B,2,35,"[3100,46700,12100,38100]",3,-4.0,1,3,0,0,6,True
2024-2024092000gm-00a9-0000-e0b6f7b7-05-s2-d5,112,A,1,16,"[20600,18700,34800,25900]",1,10.0,1,3,1,0,9,True
2024-2024092000gm-00a9-0000-e0b6f7b7-05-s2-d5,112,B,2,35,"[20600,18700,34800,25900]",1,10.0,1,3,1,0,9,True
2024-2024092000gm-00a9-0000-e0b6f7b7-05-s2-d5,113,A,1,16,"[-1100,33000,31900,36200]",3,-4.0,1,1,0,0,3,True
2024-2024092000gm-00a9-0000-e0b6f7b7-05-s2-d5,113,B,2,35,"[-4000,30400,38400,35200]",1,10.0,1,1,0,0,3,True
2024-2024092000gm-00a9-0000-e0b6f7b7-05-s2-d5,114,A,1,16,"[-5100,27400,41000,36700]",1,10.0,0,3,3,0,2,True
2024-2024092000gm-00a9-0000-e0b6f7b7-05-s2-d5,114,B,2,35,"[13000,17100,30900,39000]",2,4.0,1,3,0,0,6,True
2024-2024092000gm-00a9-0000-e0b6f7b7-05-s2-d5,115,A,1,16,"[-2200,17600,41800,42800]",2,4.0,1,0,1,0,4,True
2024-2024092000gm-00a9-0000-e0b6f7b7-05-s2-d5,115,B,2,35,"[-8000,43600,32500,31900]",2,4.0,1,1,1,0,4,True
2024-2024092000gm-00a9-0000-e0b6f7b7-05-s2-d5,116,A,1,16,"[-2700,39500,41600,21600]",1,10.0,1,0,0,0,2,True
2024-2024092000gm-00a9-0000-e0b6f7b7-05-s2-d5,116,B,2,35,"[-100,39500,31400,29200]",2,4.0,1,3,0,0,5,True
2024-2024092000gm-00a9-0000-e0b6f7b7-05-s2-d5,117,A,1,16,"[-2400,22100,44700,35600]",1,10.0,1,1,0,0,3,True
2024-2024092000gm-00a9-0000-e0b6f7b7-05-s2-d5,117,B,2,35,"[-2400,22100,44700,35600]",1,10.0,1,1,0,0,3,True
2024-2024092000gm-00a9-0000-e0b6f7b7-05-s2-d5,118,A,1,16,"[-6500,29000,28700,48800]",3,-4.0,0,3,3,0,2,True
2024-2024092000gm-00a9-0000-e0b6f7b7-05-s2-d5,118,B,2,35,"[-6500,29000,28700,48800]",3,-4.0,0,3,3,0,2,True
2024-2024092000gm-00a9-0000-e0b6f7b7-05-s2-d5,119,A,1,16,"[12900,30100,27900,29100]",3,-4.0,2,0,0,0,7,True
2024-2024092000gm-00a9-0000-e0b6f7b7-05-s2-d5,119,B,2,35,"[12900,30100,27900,29100]",3,-4.0,2,0,0,0,7,True
2024-2024092000gm-00a9-0000-e0b6f7b7-05-s2-d5,120,A,1,16,"[-300,39400,37300,23600]",2,4.0,1,2,0,0,4,True
2024-2024092000gm-00a9-0000-e0b6f7b7-05-s2-d5,120,B,2,35,"[16200,29500,33700,20600]",1,10.0,1,3,0,0,7,True
2024-2024092000gm-00a9-0000-e0b6f7b7-05-s2-d5,121,A,1,16,"[-1100,21700,50400,29000]",1,10.0,1,0,0,0,2,True
2024-2024092000gm-00a9-0000-e0b6f7b7-05-s2-d5,121,B,2,35,"[-1100,21700,50400,29000]",1,10.0,1,0,0,0,2,True
2024-2024092000gm-00a9-0000-e0b6f7b7-05-s2-d5,122,A,1,16,"[-11200,22700,46500,42000]",1,10.0,1,0,0,0,2,True
2024-2024092000gm-00a9-0000-e0b6f7b7-05-s2-d5,122,B,2,35,"[-3600,25900,42500,35200]",1,10.0,0,3,2,0,1,True
2024-2024092000gm-00a9-0000-e0b6f7b7-05-s2-d5,123,A,1,16,"[1600,21500,44000,32900]",1,10.0,1,3,0,0,5,True
2024-2024092000gm-00a9-0000-e0b6f7b7-05-s2-d5,123,B,2,35,"[-600,24000,35100,41500]",2,4.0,1,2,0,0,4,True
2024-2024092000gm-00a9-0000-e0b6f7b7-05-s2-d5,124,A,1,16,"[-2600,25900,40500,36200]",1,10.0,0,3,3,0,2,True
2024-2024092000gm-00a9-0000-e0b6f7b7-05-s2-d5,124,B,2,35,"[-7000,23000,36800,47200]",2,4.0,1,0,0,0,2,True
2024-2024092000gm-00a9-0000-e0b6f7b7-05-s2-d5,125,A,1,16,"[-6600,22400,44500,39700]",1,10.0,1,3,0,0,5,True
2024-2024092000gm-00a9-0000-e0b6f7b7-05-s2-d5,125,B,2,35,"[-500,23000,41800,35700]",1,10.0,1,1,0,0,3,True
2024-2024092000gm-00a9-0000-e0b6f7b7-05-s2-d5,126,A,1,16,"[5200,30100,21300,43400]",3,-4.0,1,3,0,0,7,True
2024-2024092000gm-00a9-0000-e0b6f7b7-05-s2-d5,126,B,2,35,"[9700,29800,36800,23700]",1,10.0,1,3,0,0,9,True
2024-2024092000gm-00a9-0000-e0b6f7b7-05-s2-d5,127,A,1,16,"[3600,32900,32800,30700]",2,4.0,1,3,0,0,6,True
2024-2024092000gm-00a9-0000-e0b6f7b7-05-s2-d5,127,B,2,35,"[-5300,31700,47400,26200]",1,10.0,1,3,1,0,7,True
2024-2024092000gm-00a9-0000-e0b6f7b7-05-s2-d5,128,A,1,16,"[-7600,25900,33900,47800]",2,4.0,0,3,2,0,1,True
2024-2024092000gm-00a9-0000-e0b6f7b7-05-s2-d5,128,B,2,35,"[6600,26600,29500,37300]",2,4.0,1,3,0,0,6,True
2024-2024092000gm-00a9-0000-e0b6f7b7-05-s2-d5,129,A,1,16,"[-3600,25900,42500,35200]",1,10.0,0,3,2,0,1,True
2024-2024092000gm-00a9-0000-e0b6f7b7-05-s2-d5,129,B,2,35,"[-10300,34100,21200,55000]",3,-4.0,1,3,0,0,7,True
2024-2024092000gm-00a9-0000-e0b6f7b7-05-s2-d5,130,A,1,16,"[23700,1800,37600,36900]",1,10.0,1,3,0,0,8,True
2024-2024092000gm-00a9-0000-e0b6f7b7-05-s2-d5,130,B,2,35,"[-500,34900,12500,53100]",3,-4.0,1,1,0,0,5,True
2024-2024092000gm-00a9-0000-e0b6f7b7-05-s2-d5,131,A,1,16,"[-4100,30900,45100,28100]",1,10.0,1,2,1,0,5,True
2024-2024092000gm-00a9-0000-e0b6f7b7-05-s2-d5,131,B,2,35,"[-4100,30900,45100,28100]",1,10.0,1,2,1,0,5,True
2024-2024092000gm-00a9-0000-e0b6f7b7-05-s2-d5,132,A,1,16,"[15500,17600,30600,36300]",2,4.0,1,3,0,0,6,True
2024-2024092000gm-00a9-0000-e0b6f7b7-05-s2-d5,132,B,2,35,"[-1100,35700,42300,23100]",1,10.0,1,2,0,0,4,True
2024-2024092000gm-00a9-0000-e0b6f7b7-05-s2-d5,133,A,1,16,"[-200,16700,64000,19500]",1,10.0,1,2,0,0,4,True
2024-2024092000gm-00a9-0000-e0b6f7b7-05-s2-d5,133,B,2,35,"[-200,16700,64000,19500]",1,10.0,1,2,0,0,4,True
2024-2024092000gm-00a9-0000-e0b6f7b7-05-s2-d5,134,A,1,16,"[-4600,25900,43500,35200]",1,10.0,0,3,2,0,1,True
2024-2024092000gm-00a9-0000-e0b6f7b7-05-s2-d5,134,B,2,35,"[-4600,25900,43500,35200]",1,10.0,0,3,2,0,1,True
2024-2024092000gm-00a9-0000-e0b6f7b7-05-s2-d5,135,A,1,16,"[9600,44200,11000,35200]",3,-4.0,1,3,1,0,6,True
2024-2024092000gm-00a9-0000-e0b6f7b7-05-s2-d5,135,B,2,35,"[-900,24400,34000,42500]",2,4.0,0,3,4,0,3,True
2024-2024092000gm-00a9-0000-e0b6f7b7-05-s2-d5,136,A,1,16,"[11700,26900,22900,38500]",3,-4.0,1,3,2,0,8,True
2024-2024092000gm-00a9-0000-e0b6f7b7-05-s2-d5,136,B,2,35,"[1500,26000,37200,35300]",1,10.0,1,3,3,0,8,True
2024-2024092000gm-00a9-0000-e0b6f7b7-05-s2-d5,137,A,1,16,"[-3600,34500,33900,35200]",3,-4.0,0,3,2,0,1,True
2024-2024092000gm-00a9-0000-e0b6f7b7-05-s2-d5,137,B,2,35,"[8200,16400,46300,29100]",1,10.0,1,3,0,0,8,True
2024-2024092000gm-00a9-0000-e0b6f7b7-05-s2-d5,138,A,1,16,"[28600,12300,24400,34700]",3,-4.0,1,3,0,0,5,True
2024-2024092000gm-00a9-0000-e0b6f7b7-05-s2-d5,138,B,2,35,"[1300,27800,43200,27700]",1,10.0,1,3,0,0,5,True
2024-2024092000gm-00a9-0000-e0b6f7b7-05-s2-d5,139,A,1,16,"[-5700,24200,39700,41800]",2,4.0,1,3,0,0,7,True
2024-2024092000gm-00a9-0000-e0b6f7b7-05-s2-d5,139,B,2,35,"[-5700,24200,39700,41800]",2,4.0,1,3,0,0,7,True
2024-2024092000gm-00a9-0000-e0b6f7b7-05-s2-d5,140,A,1,16,"[-2200,19700,27700,54800]",2,4.0,0,3,2,0,1,True
2024-2024092000gm-00a9-0000-e0b6f7b7-05-s2-d5,140,B,2,35,"[-14600,25900,33900,54800]",2,4.0,0,3,2,0,1,True
2024-2024092000gm-00a9-0000-e0b6f7b7-05-s2-d5,141,A,1,16,"[-1100,34100,36900,30100]",1,10.0,1,2,0,0,6,True
2024-2024092000gm-00a9-0000-e0b6f7b7-05-s2-d5,141,B,2,35,"[-2700,33900,14500,54300]",3,-4.0,1,1,0,0,5,True
2024-2024092000gm-00a9-0000-e0b6f7b7-05-s2-d5,142,A,1,16,"[18500,14200,32900,34400]",2,4.0,1,3,0,0,6,True
2024-2024092000gm-00a9-0000-e0b6f7b7-05-s2-d5,142,B,2,35,"[18500,14200,32900,34400]",2,4.0,1,3,0,0,6,True
2024-2024092000gm-00a9-0000-e0b6f7b7-05-s2-d5,143,A,1,16,"[14600,36100,27000,22300]",2,4.0,1,3,1,0,7,True
2024-2024092000gm-00a9-0000-e0b6f7b7-05-s2-d5,143,B,2,35,"[10100,30300,45800,13800]",1,10.0,1,3,0,0,6,True
2024-2024092000gm-00a9-0000-e0b6f7b7-05-s2-d5,144,A,1,16,"[13600,7800,36800,41800]",2,4.0,1,3,3,0,7,True
2024-2024092000gm-00a9-0000-e0b6f7b7-05-s2-d5,144,B,2,35,"[13600,7800,36800,41800]",2,4.0,1,3,3,0,7,True
2024-2024092000gm-00a9-0000-e0b6f7b7-05-s2-d5,145,A,1,16,"[-2100,33000,31900,37200]",3,-4.0,0,3,3,0,2,True
2024-2024092000gm-00a9-0000-e0b6f7b7-05-s2-d5,145,B,2,35,"[-2100,33000,31900,37200]",3,-4.0,0,3,3,0,2,True
2024-2024092000gm-00a9-0000-e0b6f7b7-05-s2-d5,146,A,1,16,"[-500,23000,29000,48500]",2,4.0,1,1,0,0,4,True
2024-2024092000gm-00a9-0000-e0b6f7b7-05-s2-d5,146,B,2,35,"[-1400,25900,32900,42600]",2,4.0,0,3,2,0,1,True
2024-2024092000gm-00a9-0000-e0b6f7b7-05-s2-d5,147,A,1,16,"[8300,30700,23300,37700]",3,-4.0,1,3,0,0,7,True
2024-2024092000gm-00a9-0000-e0b6f7b7-05-s2-d5,147,B,2,35,"[11600,44000,1300,43100]",4,-10.0,1,3,0,0,8,True
2024-2024092000gm-00a9-0000-e0b6f7b7-05-s2-d5,148,A,1,16,"[8000,19700,30800,41500]",2,4.0,1,3,0,0,6,True
2024-2024092000gm-00a9-0000-e0b6f7b7-05-s2-d5,148,B,2,35,"[10200,-2200,32000,60000]",2,4.0,1,2,0,0,5,True
2024-2024092000gm-00a9-0000-e0b6f7b7-05-s2-d5,149,A,1,16,"[15900,10200,30400,43500]",2,4.0,1,3,0,0,6,True
2024-2024092000gm-00a9-0000-e0b6f7b7-05-s2-d5,149,B,2,35,"[-1500,31800,26700,43000]",3,-4.0,1,0,0,0,5,True
2024-2024092000gm-00a9-0000-e0b6f7b7-05-s2-d5,150,A,1,16,"[-2900,13300,47400,42200]",1,10.0,1,2,4,0,7,True
2024-2024092000gm-00a9-0000-e0b6f7b7-05-s2-d5,150,B,2,35,"[-1600,20800,44900,35900]",1,10.0,1,1,0,0,4,True
2024-2024092000gm-00a9-0000-e0b6f7b7-05-s2-d5,151,A,1,16,"[9200,31600,38800,20400]",1,10.0,1,3,0,0,6,True
2024-2024092000gm-00a9-0000-e0b6f7b7-05-s2-d5,151,B,2,35,"[-7200,25900,33900,47400]",2,4.0,0,3,2,0,1,True
2024-2024092000gm-00a9-0000-e0b6f7b7-05-s2-d5,152,A,1,16,"[-1400,25900,33900,41600]",2,4.0,0,3,2,0,1,True
2024-2024092000gm-00a9-0000-e0b6f7b7-05-s2-d5,152,B,2,35,"[-1400,25900,33900,41600]",2,4.0,0,3,2,0,1,True
2024-2024092000gm-00a9-0000-e0b6f7b7-05-s2-d5,153,A,1,16,"[19200,17100,30500,33200]",2,4.0,1,3,0,0,5,True
2024-2024092000gm-00a9-0000-e0b6f7b7-05-s2-d5,153,B,2,35,"[19200,17100,30500,33200]",2,4.0,1,3,0,0,5,True
2024-2024092000gm-00a9-0000-e0b6f7b7-05-s2-d5,154,A,1,16,"[16900,12800,42400,27900]",1,10.0,1,3,2,0,7,True
2024-2024092000gm-00a9-0000-e0b6f7b7-05-s2-d5,154,B,2,35,"[16900,12800,42400,27900]",1,10.0,1,3,2,0,7,True
2024-2024092000gm-00a9-0000-e0b6f7b7-05-s2-d5,155,A,1,16,"[-2900,23900,34800,44200]",2,4.0,1,0,0,0,2,True
2024-2024092000gm-00a9-0000-e0b6f7b7-05-s2-d5,155,B,2,35,"[-2200,21700,40500,40000]",1,10.0,1,0,0,0,2,True
2024-2024092000gm-00a9-0000-e0b6f7b7-05-s2-d5,156,A,1,16,"[-800,25900,39700,35200]",1,10.0,0,3,2,0,1,True
2024-2024092000gm-00a9-0000-e0b6f7b7-05-s2-d5,156,B,2,35,"[-800,25900,39700,35200]",1,10.0,0,3,2,0,1,True
2024-2024092000gm-00a9-0000-e0b6f7b7-05-s2-d5,157,A,1,16,"[16200,23400,33700,26700]",1,10.0,1,3,0,0,6,True
2024-2024092000gm-00a9-0000-e0b6f7b7-05-s2-d5,157,B,2,35,"[-2200,21700,43000,37500]",1,10.0,1,1,0,0,4,True
2024-2024092000gm-00a9-0000-e0b6f7b7-05-s2-d5,158,A,1,16,"[8200,31200,32600,28000]",1,10.0,1,3,0,0,8,True
2024-2024092000gm-00a9-0000-e0b6f7b7-05-s2-d5,158,B,2,35,"[-200,34500,41900,23800]",1,10.0,1,1,0,0,3,True
2024-2024092000gm-00a9-0000-e0b6f7b7-05-s2-d5,159,A,1,16,"[-4900,24900,45800,34200]",1,10.0,1,0,3,0,2,True
2024-2024092000gm-00a9-0000-e0b6f7b7-05-s2-d5,159,B,2,35,"[-2300,21600,49800,30900]",1,10.0,1,0,3,0,2,True
2024-2024092000gm-00a9-0000-e0b6f7b7-05-s2-d5,160,A,1,16,"[-3600,34500,33900,35200]",3,-4.0,0,3,2,0,1,True
2024-2024092000gm-00a9-0000-e0b6f7b7-05-s2-d5,160,B,2,35,"[-600,24900,32900,42800]",2,4.0,1,0,3,0,2,True
2024-2024092000gm-00a9-0000-e0b6f7b7-05-s2-d5,161,A,1,16,"[-1800,33300,34900,33600]",1,10.0,1,0,0,0,3,True
2024-2024092000gm-00a9-0000-e0b6f7b7-05-s2-d5,161,B,2,35,"[-8900,39800,20700,48400]",3,-4.0,0,3,3,0,2,True
2024-2024092000gm-00a9-0000-e0b6f7b7-05-s2-d5,162,A,1,16,"[-500,33700,30400,36400]",3,-4.0,1,3,0,0,6,True
2024-2024092000gm-00a9-0000-e0b6f7b7-05-s2-d5,162,B,2,35,"[-3300,34200,33900,35200]",3,-4.0,0,3,2,0,1,True
2024-2024092000gm-00a9-0000-e0b6f7b7-05-s2-d5,163,A,1,16,"[8400,25000,34400,32200]",1,10.0,1,3,0,0,6,True
2024-2024092000gm-00a9-0000-e0b6f7b7-05-s2-d5,163,B,2,35,"[-4700,24400,43600,36700]",1,10.0,1,0,1,0,3,True
2024-2024092000gm-00a9-0000-e0b6f7b7-05-s2-d5,164,A,1,16,"[-11000,35200,35900,39900]",2,4.0,1,1,0,0,3,True
2024-2024092000gm-00a9-0000-e0b6f7b7-05-s2-d5,164,B,2,35,"[-900,25200,36500,39200]",2,4.0,1,0,0,0,2,True
2024-2024092000gm-00a9-0000-e0b6f7b7-05-s2-d5,165,A,1,16,"[5000,33700,34700,26600]",1,10.0,1,3,0,0,8,True
2024-2024092000gm-00a9-0000-e0b6f7b7-05-s2-d5,165,B,2,35,"[5000,33700,34700,26600]",1,10.0,1,3,0,0,8,True
2024-2024092000gm-00a9-0000-e0b6f7b7-05-s2-d5,166,A,1,16,"[-9500,25200,39800,44500]",2,4.0,1,3,0,0,6,True
2024-2024092000gm-00a9-0000-e0b6f7b7-05-s2-d5,166,B,2,35,"[7100,31200,34300,27400]",1,10.0,1,3,0,0,8,True
2024-2024092000gm-00a9-0000-e0b6f7b7-05-s2-d5,167,A,1,16,"[4400,29200,29200,37200]",3,-4.0,1,3,0,0,5,True
2024-2024092000gm-00a9-0000-e0b6f7b7-05-s2-d5,167,B,2,35,"[22000,30200,26400,21400]",2,4.0,1,3,1,0,6,True
2024-2024092000gm-00a9-0000-e0b6f7b7-05-s2-d5,168,A,1,16,"[-1000,25400,41900,33700]",1,10.0,1,1,0,0,3,True
2024-2024092000gm-00a9-0000-e0b6f7b7-05-s2-d5,168,B,2,35,"[-1000,25400,41900,33700]",1,10.0,1,1,0,0,3,True
2024-2024092000gm-00a9-0000-e0b6f7b7-05-s2-d5,169,A,1,16,"[-800,25900,29000,45900]",2,4.0,1,2,0,0,5,True
2024-2024092000gm-00a9-0000-e0b6f7b7-05-s2-d5,169,B,2,35,"[-800,39500,32300,29000]",2,4.0,1,0,0,0,2,True
2024-2024092000gm-00a9-0000-e0b6f7b7-05-s2-d5,170,A,1,16,"[-800,37200,29400,34200]",3,-4.0,1,0,0,0,2,True
2024-2024092000gm-00a9-0000-e0b6f7b7-05-s2-d5,170,B,2,35,"[-800,37200,29400,34200]",3,-4.0,1,0,0,0,2,True
2024-2024092000gm-00a9-0000-e0b6f7b7-05-s2-d5,171,A,1,16,"[-1000,19200,33600,48200]",2,4.0,1,2,1,0,5,True
2024-2024092000gm-00a9-0000-e0b6f7b7-05-s2-d5,171,B,2,35,"[-1000,19200,33600,48200]",2,4.0,1,2,1,0,5,True
2024-2024092000gm-00a9-0000-e0b6f7b7-05-s2-d5,172,A,1,16,"[-6400,23700,42400,40300]",1,10.0,1,0,0,0,4,True
2024-2024092000gm-00a9-0000-e0b6f7b7-05-s2-d5,172,B,2,35,"[2800,29700,20700,46800]",3,-4.0,1,3,0,0,6,True
2024-2024092000gm-00a9-0000-e0b6f7b7-05-s2-d5,173,A,1,16,"[12800,42300,13000,31900]",3,-4.0,1,3,1,0,5,True
2024-2024092000gm-00a9-0000-e0b6f7b7-05-s2-d5,173,B,2,35,"[-5300,47400,24000,33900]",3,-4.0,1,1,0,0,3,True
2024-2024092000gm-00a9-0000-e0b6f7b7-05-s2-d5,174,A,1,16,"[-1800,26900,29100,45800]",2,4.0,1,1,1,0,3,True
2024-2024092000gm-00a9-0000-e0b6f7b7-05-s2-d5,174,B,2,35,"[2900,28400,32800,35900]",2,4.0,1,3,1,0,5,True
2024-2024092000gm-00a9-0000-e0b6f7b7-05-s2-d5,175,A,1,16,"[3400,12000,55000,29600]",1,10.0,1,3,0,0,6,True
2024-2024092000gm-00a9-0000-e0b6f7b7-05-s2-d5,175,B,2,35,"[3400,12000,55000,29600]",1,10.0,1,3,0,0,6,True
2024-2024092000gm-00a9-0000-e0b6f7b7-05-s2-d5,176,A,1,16,"[25300,20300,33500,20900]",1,10.0,1,3,0,0,7,True
2024-2024092000gm-00a9-0000-e0b6f7b7-05-s2-d5,176,B,2,35,"[-1400,25900,32900,42600]",2,4.0,0,3,2,0,1,True
2024-2024092000gm-00a9-0000-e0b6f7b7-05-s2-d5,177,A,1,16,"[31100,25700,17500,24700]",4,-10.0,2,0,0,1,6,True
2024-2024092000gm-00a9-0000-e0b6f7b7-05-s2-d5,177,B,2,35,"[22500,31100,15100,31300]",4,-10.0,1,3,0,0,5,True
2024-2024092000gm-00a9-0000-e0b6f7b7-05-s2-d5,178,A,1,16,"[20600,-6700,42700,43400]",2,4.0,1,3,0,0,8,True
2024-2024092000gm-00a9-0000-e0b6f7b7-05-s2-d5,178,B,2,35,"[20600,-6700,42700,43400]",2,4.0,1,3,0,0,8,True
2024-2024092000gm-00a9-0000-e0b6f7b7-05-s2-d5,179,A,1,16,"[-1500,34900,36600,30000]",1,10.0,1,1,0,0,4,True
2024-2024092000gm-00a9-0000-e0b6f7b7-05-s2-d5,179,B,2,35,"[3900,30000,41700,24400]",1,10.0,1,3,0,0,6,True
2024-2024092000gm-00a9-0000-e0b6f7b7-05-s2-d5,180,A,1,16,"[-400,40000,30300,30100]",2,4.0,1,2,0,0,6,True
2024-2024092000gm-00a9-0000-e0b6f7b7-05-s2-d5,180,B,2,35,"[16900,39900,22300,20900]",2,4.0,1,3,0,0,7,True
2024-2024092000gm-00a9-0000-e0b6f7b7-05-s2-d5,181,A,1,16,"[-4100,24900,44000,35200]",1,10.0,0,3,3,0,2,True
2024-2024092000gm-00a9-0000-e0b6f7b7-05-s2-d5,181,B,2,35,"[-800,21400,49200,30200]",1,10.0,1,0,1,0,4,True
2024-2024092000gm-00a9-0000-e0b6f7b7-05-s2-d5,182,A,1,16,"[-7500,24900,33900,48700]",2,4.0,0,3,3,0,2,True
2024-2024092000gm-00a9-0000-e0b6f7b7-05-s2-d5,182,B,2,35,"[26200,11300,31700,30800]",1,10.0,1,3,0,0,9,True
2024-2024092000gm-00a9-0000-e0b6f7b7-05-s2-d5,183,A,1,16,"[2600,20900,32200,44300]",2,4.0,1,3,0,0,5,True
2024-2024092000gm-00a9-0000-e0b6f7b7-05-s2-d5,183,B,2,35,"[-500,35900,13700,50900]",3,-4.0,1,0,0,0,3,True
2024-2024092000gm-00a9-0000-e0b6f7b7-05-s2-d5,184,A,1,16,"[31600,-2400,34900,35900]",2,4.0,1,0,6,0,5,True
2024-2024092000gm-00a9-0000-e0b6f7b7-05-s2-d5,184,B,2,35,"[-4800,32300,41300,31200]",1,10.0,1,3,1,0,5,True
2024-2024092000gm-00a9-0000-e0b6f7b7-05-s2-d5,185,A,1,16,"[-800,25900,39700,35200]",1,10.0,0,3,2,0,1,True
2024-2024092000gm-00a9-0000-e0b6f7b7-05-s2-d5,185,B,2,35,"[12000,35700,19600,32700]",3,-4.0,1,3,0,0,7,True
2024-2024092000gm-00a9-0000-e0b6f7b7-05-s2-d5,186,A,1,16,"[10500,20600,33400,35500]",2,4.0,1,3,0,0,8,True
2024-2024092000gm-00a9-0000-e0b6f7b7-05-s2-d5,186,B,2,35,"[-4200,22000,34900,47300]",2,4.0,1,2,3,0,8,True
2024-2024092000gm-00a9-0000-e0b6f7b7-05-s2-d5,187,A,1,16,"[-7200,25900,33900,47400]",2,4.0,0,3,2,0,1,True
2024-2024092000gm-00a9-0000-e0b6f7b7-05-s2-d5,187,B,2,35,"[19500,13100,37000,30400]",1,10.0,1,3,0,0,6,True
2024-2024092000gm-00a9-0000-e0b6f7b7-05-s2-d5,188,A,1,16,"[-5200,22900,35100,47200]",2,4.0,1,0,0,0,2,True
2024-2024092000gm-00a9-0000-e0b6f7b7-05-s2-d5,188,B,2,35,"[-5200,22900,35100,47200]",2,4.0,1,0,0,0,2,True
2024-2024092000gm-00a9-0000-e0b6f7b7-05-s2-d5,189,A,1,16,"[24300,29200,30400,16100]",1,10.0,2,0,0,0,6,True
2024-2024092000gm-00a9-0000-e0b6f7b7-05-s2-d5,189,B,2,35,"[20400,21200,30400,28000]",1,10.0,1,3,0,0,5,True
2024-2024092000gm-00a9-0000-e0b6f7b7-05-s2-d5,190,A,1,16,"[-1300,13900,42300,45100]",2,4.0,1,2,0,0,5,True
2024-2024092000gm-00a9-0000-e0b6f7b7-05-s2-d5,190,B,2,35,"[-800,22200,45600,33000]",1,10.0,1,2,0,0,5,True
2024-2024092000gm-00a9-0000-e0b6f7b7-05-s2-d5,191,A,1,16,"[-7600,25900,33900,47800]",2,4.0,0,3,2,0,1,True
2024-2024092000gm-00a9-0000-e0b6f7b7-05-s2-d5,191,B,2,35,"[8800,20600,30900,39700]",2,4.0,1,3,0,0,6,True
2024-2024092000gm-00a9-0000-e0b6f7b7-05-s2-d5,192,A,1,16,"[12400,22500,36800,28300]",1,10.0,1,3,0,0,5,True
2024-2024092000gm-00a9-0000-e0b6f7b7-05-s2-d5,192,B,2,35,"[13600,17500,36800,32100]",1,10.0,1,3,0,0,6,True
2024-2024092000gm-00a9-0000-e0b6f7b7-05-s2-d5,193,A,1,16,"[-3200,32100,20000,51100]",3,-4.0,0,3,4,0,3,True
2024-2024092000gm-00a9-0000-e0b6f7b7-05-s2-d5,193,B,2,35,"[-5200,26800,20000,58400]",3,-4.0,0,3,4,0,3,True
2024-2024092000gm-00a9-0000-e0b6f7b7-05-s2-d5,194,A,1,16,"[5200,7100,35700,52000]",2,4.0,1,3,0,0,5,True
2024-2024092000gm-00a9-0000-e0b6f7b7-05-s2-d5,194,B,2,35,"[5200,7100,35700,52000]",2,4.0,1,3,0,0,5,True
2024-2024092000gm-00a9-0000-e0b6f7b7-05-s2-d5,195,A,1,16,"[-4700,25200,37500,42000]",2,4.0,1,0,0,0,2,True
2024-2024092000gm-00a9-0000-e0b6f7b7-05-s2-d5,195,B,2,35,"[-800,25000,42100,33700]",1,10.0,1,0,0,0,2,True
2024-2024092000gm-00a9-0000-e0b6f7b7-05-s2-d5,196,A,1,16,"[17900,36400,23700,22000]",2,4.0,2,0,1,0,10,True
2024-2024092000gm-00a9-0000-e0b6f7b7-05-s2-d5,196,B,2,35,"[17900,36400,23700,22000]",2,4.0,2,0,1,0,10,True
2024-2024092000gm-00a9-0000-e0b6f7b7-05-s2-d5,197,A,1,16,"[-1300,17600,53800,29900]",1,10.0,1,1,1,0,3,True
2024-2024092000gm-00a9-0000-e0b6f7b7-05-s2-d5,197,B,2,35,"[-1300,17600,53800,29900]",1,10.0,1,1,1,0,3,True
2024-2024092000gm-00a9-0000-e0b6f7b7-05-s2-d5,198,A,1,16,"[-2700,33600,42500,26600]",1,10.0,1,0,0,0,2,True
2024-2024092000gm-00a9-0000-e0b6f7b7-05-s2-d5,198,B,2,35,"[-7900,19500,46800,41600]",1,10.0,0,3,3,0,2,True
2024-2024092000gm-00a9-0000-e0b6f7b7-05-s2-d5,199,A,1,16,"[2000,28200,19400,50400]",3,-4.0,1,3,0,0,5,True
2024-2024092000gm-00a9-0000-e0b6f7b7-05-s2-d5,199,B,2,35,"[2000,28200,19400,50400]",3,-4.0,1,3,0,0,5,True
2024-2024092000gm-00a9-0000-e0b6f7b7-05-s2-d5,200,A,1,16,"[11200,27900,18000,42900]",3,-4.0,1,3,0,0,5,True
2024-2024092000gm-00a9-0000-e0b6f7b7-05-s2-d5,200,B,2,35,"[25900,36000,10900,27200]",4,-10.0,2,2,2,0,12,True
2024-2024092000gm-00a9-0000-e0b6f7b7-05-s2-d5,201,A,1,16,"[7400,35700,36700,20200]",1,10.0,1,3,0,0,7,True
2024-2024092000gm-00a9-0000-e0b6f7b7-05-s2-d5,201,B,2,35,"[7400,35700,36700,20200]",1,10.0,1,3,0,0,7,True
2024-2024092000gm-00a9-0000-e0b6f7b7-05-s2-d5,202,A,1,16,"[4000,18300,45600,32100]",1,10.0,1,3,3,0,7,True
2024-2024092000gm-00a9-0000-e0b6f7b7-05-s2-d5,202,B,2,35,"[-200,18100,50100,31000]",1,10.0,1,2,1,1,5,True
2024-2024092000gm-00a9-0000-e0b6f7b7-05-s2-d5,203,A,1,16,"[-100,20800,41100,38200]",1,10.0,1,3,3,0,8,True
2024-2024092000gm-00a9-0000-e0b6f7b7-05-s2-d5,203,B,2,35,"[-2800,30600,37900,34300]",1,10.0,1,2,0,0,5,True
2024-2024092000gm-00a9-0000-e0b6f7b7-05-s2-d5,204,A,1,16,"[-1200,39000,29000,33200]",3,-4.0,1,1,1,0,4,True
2024-2024092000gm-00a9-0000-e0b6f7b7-05-s2-d5,204,B,2,35,"[-1200,39000,29000,33200]",3,-4.0,1,1,1,0,4,True
2024-2024092000gm-00a9-0000-e0b6f7b7-05-s2-d5,205,A,1,16,"[2600,31600,29500,36300]",3,-4.0,1,3,0,0,6,True
2024-2024092000gm-00a9-0000-e0b6f7b7-05-s2-d5,205,B,2,35,"[2600,31600,29500,36300]",3,-4.0,1,3,0,0,6,True
2024-2024092000gm-00a9-0000-e0b6f7b7-05-s2-d5,206,A,1,16,"[-400,31300,39700,29400]",1,10.0,1,0,1,0,3,True
2024-2024092000gm-00a9-0000-e0b6f7b7-05-s2-d5,206,B,2,35,"[-400,31300,39700,29400]",1,10.0,1,0,1,0,3,True
2024-2024092000gm-00a9-0000-e0b6f7b7-05-s2-d5,207,A,1,16,"[-7600,25900,33900,47800]",2,4.0,0,3,2,0,1,True
2024-2024092000gm-00a9-0000-e0b6f7b7-05-s2-d5,207,B,2,35,"[6700,29000,22700,41600]",3,-4.0,1,3,0,0,8,True
2024-2024092000gm-00a9-0000-e0b6f7b7-05-s2-d5,208,A,1,16,"[25200,17800,36600,20400]",1,10.0,2,0,0,0,9,True
2024-2024092000gm-00a9-0000-e0b6f7b7-05-s2-d5,208,B,2,35,"[-300,22800,39000,38500]",1,10.0,1,1,1,0,3,True
2024-2024092000gm-00a9-0000-e0b6f7b7-05-s2-d5,209,A,1,16,"[-1200,19700,27700,53800]",2,4.0,0,3,2,0,1,True
2024-2024092000gm-00a9-0000-e0b6f7b7-05-s2-d5,209,B,2,35,"[20400,33100,34400,12100]",1,10.0,1,3,1,0,5,True
2024-2024092000gm-00a9-0000-e0b6f7b7-05-s2-d5,210,A,1,16,"[-1100,25000,26400,49700]",2,4.0,1,2,0,0,5,True
2024-2024092000gm-00a9-0000-e0b6f7b7-05-s2-d5,210,B,2,35,"[18900,5700,35700,39700]",2,4.0,1,3,0,0,7,True
2024-2024092000gm-00a9-0000-e0b6f7b7-05-s2-d5,211,A,1,16,"[-1200,19700,27700,53800]",2,4.0,0,3,2,0,1,True
2024-2024092000gm-00a9-0000-e0b6f7b7-05-s2-d5,211,B,2,35,"[-800,27000,25900,47900]",3,-4.0,1,1,0,0,4,True
2024-2024092000gm-00a9-0000-e0b6f7b7-05-s2-d5,212,A,1,16,"[2500,35000,41700,20800]",1,10.0,1,3,0,0,5,True
2024-2024092000gm-00a9-0000-e0b6f7b7-05-s2-d5,212,B,2,35,"[10500,32000,31800,25700]",2,4.0,1,3,1,0,6,True
2024-2024092000gm-00a9-0000-e0b6f7b7-05-s2-d5,213,A,1,16,"[-2500,28900,30400,43200]",2,4.0,1,2,0,0,4,True
2024-2024092000gm-00a9-0000-e0b6f7b7-05-s2-d5,213,B,2,35,"[-2500,28900,30400,43200]",2,4.0,1,2,0,0,4,True
2024-2024092000gm-00a9-0000-e0b6f7b7-05-s2-d5,214,A,1,16,"[21300,22900,39000,16800]",1,10.0,2,1,0,0,8,True
2024-2024092000gm-00a9-0000-e0b6f7b7-05-s2-d5,214,B,2,35,"[21300,22900,39000,16800]",1,10.0,2,1,0,0,8,True
2024-2024092000gm-00a9-0000-e0b6f7b7-05-s2-d5,215,A,1,16,"[15300,14900,39000,30800]",1,10.0,1,3,1,0,6,True
2024-2024092000gm-00a9-0000-e0b6f7b7-05-s2-d5,215,B,2,35,"[15300,14900,39000,30800]",1,10.0,1,3,1,0,6,True
2024-2024092000gm-00a9-0000-e0b6f7b7-05-s2-d5,216,A,1,16,"[-3300,25900,33900,43500]",2,4.0,0,3,2,0,1,True
2024-2024092000gm-00a9-0000-e0b6f7b7-05-s2-d5,216,B,2,35,"[-1700,26500,46200,29000]",1,10.0,1,0,0,0,2,True
2024-2024092000gm-00a9-0000-e0b6f7b7-05-s2-d5,217,A,1,16,"[-3200,37900,33100,32200]",2,4.0,1,0,0,0,2,True
2024-2024092000gm-00a9-0000-e0b6f7b7-05-s2-d5,217,B,2,35,"[-3200,37900,33100,32200]",2,4.0,1,0,0,0,2,True
2024-2024092000gm-00a9-0000-e0b6f7b7-05-s2-d5,218,A,1,16,"[-3900,22500,40300,41100]",2,4.0,1,3,1,0,7,True
2024-2024092000gm-00a9-0000-e0b6f7b7-05-s2-d5,218,B,2,35,"[-3900,22500,40300,41100]",2,4.0,1,3,1,0,7,True
2024-2024092000gm-00a9-0000-e0b6f7b7-05-s2-d5,219,A,1,16,"[16200,48100,15700,20000]",4,-10.0,1,3,0,0,6,True
2024-2024092000gm-00a9-0000-e0b6f7b7-05-s2-d5,219,B,2,35,"[13500,53800,8600,23100]",4,-10.0,1,3,0,1,6,True
2024-2024092000gm-00a9-0000-e0b6f7b7-05-s2-d5,220,A,1,16,"[7500,5500,33000,54000]",2,4.0,1,3,0,0,7,True
2024-2024092000gm-00a9-0000-e0b6f7b7-05-s2-d5,220,B,2,35,"[-6900,44400,21800,40700]",3,-4.0,1,2,0,0,5,True
2024-2024092000gm-00a9-0000-e0b6f7b7-05-s2-d5,221,A,1,16,"[20900,29400,18000,31700]",4,-10.0,1,3,0,0,7,True
2024-2024092000gm-00a9-0000-e0b6f7b7-05-s2-d5,221,B,2,35,"[14300,30000,26800,28900]",3,-4.0,1,3,0,0,7,True
2024-2024092000gm-00a9-0000-e0b6f7b7-05-s2-d5,222,A,1,16,"[2300,20300,37100,40300]",2,4.0,1,3,0,0,5,True
2024-2024092000gm-00a9-0000-e0b6f7b7-05-s2-d5,222,B,2,35,"[-1200,22300,45000,33900]",1,10.0,1,1,0,0,3,True
2024-2024092000gm-00a9-0000-e0b6f7b7-05-s2-d5,223,A,1,16,"[-800,22700,34600,43500]",2,4.0,1,0,1,0,3,True
2024-2024092000gm-00a9-0000-e0b6f7b7-05-s2-d5,223,B,2,35,"[800,19800,34000,45400]",2,4.0,1,3,0,0,6,True
2024-2024092000gm-00a9-0000-e0b6f7b7-05-s2-d5,224,A,1,16,"[-7700,20800,28800,58100]",2,4.0,0,3,3,0,2,True
2024-2024092000gm-00a9-0000-e0b6f7b7-05-s2-d5,224,B,2,35,"[-7700,20800,28800,58100]",2,4.0,0,3,3,0,2,True
2024-2024092000gm-00a9-0000-e0b6f7b7-05-s2-d5,225,A,1,16,"[4700,30500,24300,40500]",3,-4.0,1,3,0,0,5,True
2024-2024092000gm-00a9-0000-e0b6f7b7-05-s2-d5,225,B,2,35,"[14300,26800,6300,52600]",4,-10.0,1,3,0,0,6,True
2024-2024092000gm-00a9-0000-e0b6f7b7-05-s2-d5,226,A,1,16,"[22700,17200,28900,31200]",2,4.0,1,3,0,0,10,True
2024-2024092000gm-00a9-0000-e0b6f7b7-05-s2-d5,226,B,2,35,"[23000,26000,6500,44500]",4,-10.0,1,3,0,0,8,True
2024-2024092000gm-00a9-0000-e0b6f7b7-05-s2-d5,227,A,1,16,"[2500,32800,30900,33800]",3,-4.0,1,3,0,0,5,True
2024-2024092000gm-00a9-0000-e0b6f7b7-05-s2-d5,227,B,2,35,"[3000,24400,41500,31100]",1,10.0,1,3,0,0,5,True
2024-2024092000gm-00a9-0000-e0b6f7b7-05-s2-d5,228,A,1,16,"[5800,40700,33700,19800]",2,4.0,1,3,4,0,8,True
2024-2024092000gm-00a9-0000-e0b6f7b7-05-s2-d5,228,B,2,35,"[5500,38700,26700,29100]",3,-4.0,1,3,1,0,8,True
2024-2024092000gm-00a9-0000-e0b6f7b7-05-s2-d5,229,A,1,16,"[7500,31100,10600,50800]",3,-4.0,1,3,0,0,8,True
2024-2024092000gm-00a9-0000-e0b6f7b7-05-s2-d5,229,B,2,35,"[200,24500,24100,50200]",3,-4.0,1,3,0,1,6,True
2024-2024092000gm-00a9-0000-e0b6f7b7-05-s2-d5,230,A,1,16,"[-5200,23700,42500,39000]",1,10.0,1,0,0,0,2,True
2024-2024092000gm-00a9-0000-e0b6f7b7-05-s2-d5,230,B,2,35,"[-1200,27900,41800,31500]",1,10.0,1,1,0,0,3,True
2024-2024092000gm-00a9-0000-e0b6f7b7-05-s2-d5,231,A,1,16,"[-1800,48500,29700,23600]",2,4.0,1,1,0,0,3,True
2024-2024092000gm-00a9-0000-e0b6f7b7-05-s2-d5,231,B,2,35,"[-2200,37500,27700,37000]",3,-4.0,1,0,0,0,2,True
2024-2024092000gm-00a9-0000-e0b6f7b7-05-s2-d5,232,A,1,16,"[36400,17800,17300,28500]",4,-10.0,1,3,0,0,6,True
2024-2024092000gm-00a9-0000-e0b6f7b7-05-s2-d5,232,B,2,35,"[36400,17800,17300,28500]",4,-10.0,1,3,0,0,6,True
2024-2024092000gm-00a9-0000-e0b6f7b7-05-s2-d5,233,A,1,16,"[700,27400,34100,37800]",2,4.0,1,3,1,0,5,True
2024-2024092000gm-00a9-0000-e0b6f7b7-05-s2-d5,233,B,2,35,"[-2500,29700,35100,37700]",2,4.0,1,0,0,0,3,True
2024-2024092000gm-00a9-0000-e0b6f7b7-05-s2-d5,234,A,1,16,"[21300,29000,31200,18500]",1,10.0,1,3,0,0,6,True
2024-2024092000gm-00a9-0000-e0b6f7b7-05-s2-d5,234,B,2,35,"[21300,29000,31200,18500]",1,10.0,1,3,0,0,6,True
2024-2024092000gm-00a9-0000-e0b6f7b7-05-s2-d5,235,A,1,16,"[-7000,24000,47800,35200]",1,10.0,1,0,0,0,2,True
2024-2024092000gm-00a9-0000-e0b6f7b7-05-s2-d5,235,B,2,35,"[600,13300,45300,40800]",1,10.0,1,3,0,0,6,True
2024-2024092000gm-00a9-0000-e0b6f7b7-05-s2-d5,236,A,1,16,"[-3600,33900,15700,54000]",3,-4.0,1,1,1,0,5,True
2024-2024092000gm-00a9-0000-e0b6f7b7-05-s2-d5,236,B,2,35,"[-3600,33900,15700,54000]",3,-4.0,1,1,1,0,5,True
2024-2024092000gm-00a9-0000-e0b6f7b7-05-s2-d5,237,A,1,16,"[2200,10600,37000,48200]",2,4.0,1,3,0,2,7,True
2024-2024092000gm-00a9-0000-e0b6f7b7-05-s2-d5,237,B,2,35,"[7500,29400,29400,32700]",3,-4.0,1,3,0,1,5,True
2024-2024092000gm-00a9-0000-e0b6f7b7-05-s2-d5,238,A,1,16,"[8900,20500,36200,34400]",1,10.0,1,3,0,0,7,True
2024-2024092000gm-00a9-0000-e0b6f7b7-05-s2-d5,238,B,2,35,"[21000,18200,35100,25700]",1,10.0,1,3,0,0,5,True
2024-2024092000gm-00a9-0000-e0b6f7b7-05-s2-d5,239,A,1,16,"[-4600,35500,33900,35200]",3,-4.0,0,3,2,0,1,True
2024-2024092000gm-00a9-0000-e0b6f7b7-05-s2-d5,239,B,2,35,"[-500,29400,32900,37200]",2,4.0,1,0,0,1,2,True
2024-2024092000gm-00a9-0000-e0b6f7b7-05-s2-d5,240,A,1,16,"[13800,10400,41400,34400]",1,10.0,1,3,1,0,6,True
2024-2024092000gm-00a9-0000-e0b6f7b7-05-s2-d5,240,B,2,35,"[-200,22700,44400,33100]",1,10.0,1,2,0,0,4,True
2024-2024092000gm-00a9-0000-e0b6f7b7-05-s2-d5,241,A,1,16,"[-5200,32300,37700,35200]",1,10.0,1,0,0,0,2,True
2024-2024092000gm-00a9-0000-e0b6f7b7-05-s2-d5,241,B,2,35,"[11700,24200,35800,28300]",1,10.0,1,3,2,0,7,True
2024-2024092000gm-00a9-0000-e0b6f7b7-05-s2-d5,242,A,1,16,"[1000,28900,37600,32500]",1,10.0,1,3,2,0,5,True
2024-2024092000gm-00a9-0000-e0b6f7b7-05-s2-d5,242,B,2,35,"[1000,28900,37600,32500]",1,10.0,1,3,2,0,5,True
2024-2024092000gm-00a9-0000-e0b6f7b7-05-s2-d5,243,A,1,16,"[39000,300,33100,27600]",2,4.0,1,3,0,0,6,True
2024-2024092000gm-00a9-0000-e0b6f7b7-05-s2-d5,243,B,2,35,"[39000,300,33100,27600]",2,4.0,1,3,0,0,6,True
2024-2024092000gm-00a9-0000-e0b6f7b7-05-s2-d5,244,A,1,16,"[-1000,28500,38300,34200]",1,10.0,1,3,0,0,5,True
2024-2024092000gm-00a9-0000-e0b6f7b7-05-s2-d5,244,B,2,35,"[-4600,35500,33900,35200]",3,-4.0,0,3,2,0,1,True
2024-2024092000gm-00a9-0000-e0b6f7b7-05-s2-d5,245,A,1,16,"[15300,35100,26400,23200]",2,4.0,1,3,0,0,6,True
2024-2024092000gm-00a9-0000-e0b6f7b7-05-s2-d5,245,B,2,35,"[15300,35100,26400,23200]",2,4.0,1,3,0,0,6,True
2024-2024092000gm-00a9-0000-e0b6f7b7-05-s2-d5,246,A,1,16,"[18700,21600,31100,28600]",1,10.0,1,3,0,0,5,True
2024-2024092000gm-00a9-0000-e0b6f7b7-05-s2-d5,246,B,2,35,"[-3000,24900,44800,33300]",1,10.0,1,0,0,0,2,True
2024-2024092000gm-00a9-0000-e0b6f7b7-05-s2-d5,247,A,1,16,"[18700,19900,23300,38100]",2,4.0,1,3,0,0,5,True
2024-2024092000gm-00a9-0000-e0b6f7b7-05-s2-d5,247,B,2,35,"[17100,31600,18900,32400]",3,-4.0,1,3,0,0,5,True
2024-2024092000gm-00a9-0000-e0b6f7b7-05-s2-d5,248,A,1,16,"[14900,21000,34400,29700]",1,10.0,1,3,0,0,5,True
2024-2024092000gm-00a9-0000-e0b6f7b7-05-s2-d5,248,B,2,35,"[9500,35700,27700,27100]",2,4.0,1,3,0,0,5,True
2024-2024092000gm-00a9-0000-e0b6f7b7-05-s2-d5,249,A,1,16,"[-9500,39700,40900,28900]",1,10.0,1,2,0,0,5,True
2024-2024092000gm-00a9-0000-e0b6f7b7-05-s2-d5,249,B,2,35,"[-2800,59500,17500,25800]",3,-4.0,1,2,0,0,5,True
2024-2024092000gm-00a9-0000-e0b6f7b7-05-s2-d5,250,A,1,16,"[-3600,25900,43500,34200]",1,10.0,0,3,2,0,1,True
2024-2024092000gm-00a9-0000-e0b6f7b7-05-s2-d5,250,B,2,35,"[12100,20800,38600,28500]",1,10.0,1,3,0,0,7,True
2024-2024092000gm-00a9-0000-e0b6f7b7-05-s2-d5,251,A,1,16,"[-1300,32800,41600,26900]",1,10.0,1,1,0,0,3,True
2024-2024092000gm-00a9-0000-e0b6f7b7-05-s2-d5,251,B,2,35,"[16300,22000,24200,37500]",2,4.0,1,3,0,0,6,True
2024-2024092000gm-00a9-0000-e0b6f7b7-05-s2-d5,252,A,1,16,"[-1400,25900,32900,42600]",2,4.0,0,3,2,0,1,True
2024-2024092000gm-00a9-0000-e0b6f7b7-05-s2-d5,252,B,2,35,"[3100,27000,-6500,76400]",4,-10.0,1,1,0,0,6,True
2024-2024092000gm-00a9-0000-e0b6f7b7-05-s2-d5,253,A,1,16,"[-4700,39800,34900,30000]",2,4.0,1,3,0,0,6,True
2024-2024092000gm-00a9-0000-e0b6f7b7-05-s2-d5,253,B,2,35,"[-4700,39800,34900,30000]",2,4.0,1,3,0,0,6,True
2024-2024092000gm-00a9-0000-e0b6f7b7-05-s2-d5,254,A,1,16,"[8700,34200,23500,33600]",3,-4.0,1,3,0,0,7,True
2024-2024092000gm-00a9-0000-e0b6f7b7-05-s2-d5,254,B,2,35,"[-2500,48400,24500,29600]",3,-4.0,1,1,1,0,4,True
2024-2024092000gm-00a9-0000-e0b6f7b7-05-s2-d5,255,A,1,16,"[5700,22400,42000,29900]",1,10.0,1,3,1,0,5,True
2024-2024092000gm-00a9-0000-e0b6f7b7-05-s2-d5,255,B,2,35,"[17000,20800,25600,36600]",2,4.0,2,2,0,0,9,True
2024-2024092213gm-00a9-0000-5f7264d2-07-s0-d11,0,A,1,65,"[32900,22800,10900,33400]",2,4.0,1,3,0,0,1,True
2024-2024092213gm-00a9-0000-5f7264d2-07-s0-d11,0,B,3,37,"[37600,16100,11900,34400]",1,10.0,1,3,0,0,1,True
2024-2024092213gm-00a9-0000-5f7264d2-07-s0-d11,1,A,1,65,"[32000,23500,10600,33900]",2,4.0,1,3,0,0,1,True
2024-2024092213gm-00a9-0000-5f7264d2-07-s0-d11,1,B,3,37,"[27300,23800,14500,34400]",2,4.0,1,3,0,0,1,True
2024-2024092213gm-00a9-0000-5f7264d2-07-s0-d11,2,A,1,65,"[31400,22300,13400,32900]",2,4.0,1,3,0,0,1,True
2024-2024092213gm-00a9-0000-5f7264d2-07-s0-d11,2,B,3,37,"[32900,22800,10900,33400]",2,4.0,1,3,0,0,1,True
2024-2024092213gm-00a9-0000-5f7264d2-07-s0-d11,3,A,1,65,"[29900,23800,3200,43100]",2,4.0,1,3,0,0,1,True
2024-2024092213gm-00a9-0000-5f7264d2-07-s0-d11,3,B,3,37,"[17900,23800,23900,34400]",4,-10.0,1,3,0,0,1,True
2024-2024092213gm-00a9-0000-5f7264d2-07-s0-d11,4,A,1,65,"[31400,22300,10400,35900]",2,4.0,1,3,0,0,1,True
2024-2024092213gm-00a9-0000-5f7264d2-07-s0-d11,4,B,3,37,"[33900,22800,10900,32400]",1,10.0,1,3,0,0,1,True
2024-2024092213gm-00a9-0000-5f7264d2-07-s0-d11,5,A,1,65,"[31000,23500,11600,33900]",2,4.0,1,3,0,0,1,True
2024-2024092213gm-00a9-0000-5f7264d2-07-s0-d11,5,B,3,37,"[29900,23800,11900,34400]",2,4.0,1,3,0,0,1,True
2024-2024092213gm-00a9-0000-5f7264d2-07-s0-d11,6,A,1,65,"[37900,21800,9900,30400]",1,10.0,1,3,0,0,1,True
2024-2024092213gm-00a9-0000-5f7264d2-07-s0-d11,6,B,3,37,"[37900,21800,9900,30400]",1,10.0,1,3,0,0,1,True
2024-2024092213gm-00a9-0000-5f7264d2-07-s0-d11,7,A,1,65,"[32900,22800,10900,33400]",2,4.0,1,3,0,0,1,True
2024-2024092213gm-00a9-0000-5f7264d2-07-s0-d11,7,B,3,37,"[32900,22800,10900,33400]",2,4.0,1,3,0,0,1,True
2024-2024092213gm-00a9-0000-5f7264d2-07-s0-d11,8,A,1,65,"[31900,23300,11400,33400]",2,4.0,1,3,0,0,1,True
2024-2024092213gm-00a9-0000-5f7264d2-07-s0-d11,8,B,3,37,"[38900,22800,11900,26400]",1,10.0,1,3,0,0,1,True
2024-2024092213gm-00a9-0000-5f7264d2-07-s0-d11,9,A,1,65,"[30900,23800,10900,34400]",2,4.0,1,3,0,0,1,True
2024-2024092213gm-00a9-0000-5f7264d2-07-s0-d11,9,B,3,37,"[28900,22800,13900,33400]",2,4.0,1,3,0,1,1,True
2024-2024092213gm-00a9-0000-5f7264d2-07-s0-d11,10,A,1,65,"[27900,21800,19900,30400]",2,4.0,1,3,0,0,1,True
2024-2024092213gm-00a9-0000-5f7264d2-07-s0-d11,10,B,3,37,"[32900,22800,10900,33400]",2,4.0,1,3,0,0,1,True
2024-2024092213gm-00a9-0000-5f7264d2-07-s0-d11,11,A,1,65,"[30900,23800,10900,34400]",2,4.0,1,3,0,0,1,True
2024-2024092213gm-00a9-0000-5f7264d2-07-s0-d11,11,B,3,37,"[29900,23800,11900,34400]",2,4.0,1,3,0,0,1,True
2024-2024092213gm-00a9-0000-5f7264d2-07-s0-d11,12,A,1,65,"[28900,22800,10900,36400]",2,4.0,1,3,0,1,1,True
2024-2024092213gm-00a9-0000-5f7264d2-07-s0-d11,12,B,3,37,"[28900,22800,10900,36400]",2,4.0,1,3,0,1,1,True
2024-2024092213gm-00a9-0000-5f7264d2-07-s0-d11,13,A,1,65,"[31900,23300,11400,33400]",2,4.0,1,3,0,0,1,True
2024-2024092213gm-00a9-0000-5f7264d2-07-s0-d11,13,B,3,37,"[35600,19800,23900,20700]",1,10.0,2,0,0,0,2,True
2024-2024092213gm-00a9-0000-5f7264d2-07-s0-d11,14,A,1,65,"[32900,22800,10900,33400]",2,4.0,1,3,0,0,1,True
2024-2024092213gm-00a9-0000-5f7264d2-07-s0-d11,14,B,3,37,"[31400,25300,10400,32900]",2,4.0,1,3,0,0,1,True
2024-2024092213gm-00a9-0000-5f7264d2-07-s0-d11,15,A,1,65,"[32900,22800,10900,33400]",2,4.0,1,3,0,0,1,True
2024-2024092213gm-00a9-0000-5f7264d2-07-s0-d11,15,B,3,37,"[28900,22800,13900,33400]",2,4.0,1,3,0,1,1,True
2024-2024092213gm-00a9-0000-5f7264d2-07-s0-d11,16,A,1,65,"[30900,23800,10900,34400]",2,4.0,1,3,0,0,1,True
2024-2024092213gm-00a9-0000-5f7264d2-07-s0-d11,16,B,3,37,"[27900,21800,19900,30400]",2,4.0,1,3,0,0,1,True
2024-2024092213gm-00a9-0000-5f7264d2-07-s0-d11,17,A,1,65,"[31900,23800,10900,33400]",2,4.0,1,3,0,0,1,True
2024-2024092213gm-00a9-0000-5f7264d2-07-s0-d11,17,B,3,37,"[24900,15600,31100,28400]",3,-4.0,2,1,0,0,3,True
2024-2024092213gm-00a9-0000-5f7264d2-07-s0-d11,18,A,1,65,"[21900,23800,19900,34400]",3,-4.0,1,3,0,0,1,True
2024-2024092213gm-00a9-0000-5f7264d2-07-s0-d11,18,B,3,37,"[21900,23800,19900,34400]",3,-4.0,1,3,0,0,1,True
2024-2024092213gm-00a9-0000-5f7264d2-07-s0-d11,19,A,1,65,"[30900,23800,10900,34400]",2,4.0,1,3,0,0,1,True
2024-2024092213gm-00a9-0000-5f7264d2-07-s0-d11,19,B,3,37,"[37600,23800,11900,26700]",1,10.0,1,3,0,0,1,True
2024-2024092213gm-00a9-0000-5f7264d2-07-s0-d11,20,A,1,65,"[31900,22800,10900,34400]",2,4.0,1,3,0,0,1,True
2024-2024092213gm-00a9-0000-5f7264d2-07-s0-d11,20,B,3,37,"[28900,22800,10900,37400]",2,4.0,1,3,0,0,1,True
2024-2024092213gm-00a9-0000-5f7264d2-07-s0-d11,21,A,1,65,"[31400,22300,12400,32900]",2,4.0,1,3,0,1,1,True
2024-2024092213gm-00a9-0000-5f7264d2-07-s0-d11,21,B,3,37,"[31400,22300,12400,32900]",2,4.0,1,3,0,1,1,True
2024-2024092213gm-00a9-0000-5f7264d2-07-s0-d11,22,A,1,65,"[31400,22300,12400,32900]",2,4.0,1,3,0,1,1,True
2024-2024092213gm-00a9-0000-5f7264d2-07-s0-d11,22,B,3,37,"[31400,22300,12400,32900]",2,4.0,1,3,0,1,1,True
2024-2024092213gm-00a9-0000-5f7264d2-07-s0-d11,23,A,1,65,"[31900,23800,9900,34400]",2,4.0,1,3,0,0,1,True
2024-2024092213gm-00a9-0000-5f7264d2-07-s0-d11,23,B,3,37,"[28400,25300,12400,32900]",2,4.0,1,3,0,1,1,True
2024-2024092213gm-00a9-0000-5f7264d2-07-s0-d11,24,A,1,65,"[30900,23800,10900,34400]",2,4.0,1,3,0,0,1,True
2024-2024092213gm-00a9-0000-5f7264d2-07-s0-d11,24,B,3,37,"[30900,20800,11900,35400]",2,4.0,1,3,0,1,1,True
2024-2024092213gm-00a9-0000-5f7264d2-07-s0-d11,25,A,1,65,"[31900,23800,9900,34400]",2,4.0,1,3,0,0,1,True
2024-2024092213gm-00a9-0000-5f7264d2-07-s0-d11,25,B,3,37,"[33900,22800,10900,32400]",1,10.0,1,3,0,0,1,True
2024-2024092213gm-00a9-0000-5f7264d2-07-s0-d11,26,A,1,65,"[31000,23500,11600,33900]",2,4.0,1,3,0,0,1,True
2024-2024092213gm-00a9-0000-5f7264d2-07-s0-d11,26,B,3,37,"[29900,31500,4200,34400]",3,-4.0,1,3,0,0,1,True
2024-2024092213gm-00a9-0000-5f7264d2-07-s0-d11,27,A,1,65,"[31000,23500,11600,33900]",2,4.0,1,3,0,0,1,True
2024-2024092213gm-00a9-0000-5f7264d2-07-s0-d11,27,B,3,37,"[32900,22800,10900,33400]",2,4.0,1,3,0,0,1,True
2024-2024092213gm-00a9-0000-5f7264d2-07-s0-d11,28,A,1,65,"[30900,22800,11900,34400]",2,4.0,1,3,0,0,1,True
2024-2024092213gm-00a9-0000-5f7264d2-07-s0-d11,28,B,3,37,"[32900,22800,10900,33400]",2,4.0,1,3,0,0,1,True
2024-2024092213gm-00a9-0000-5f7264d2-07-s0-d11,29,A,1,65,"[26000,27700,11900,34400]",3,-4.0,1,3,0,0,1,True
2024-2024092213gm-00a9-0000-5f7264d2-07-s0-d11,29,B,3,37,"[31400,22300,12400,32900]",2,4.0,1,3,0,1,1,True
2024-2024092213gm-00a9-0000-5f7264d2-07-s0-d11,30,A,1,65,"[31900,23300,11400,33400]",2,4.0,1,3,0,0,1,True
2024-2024092213gm-00a9-0000-5f7264d2-07-s0-d11,30,B,3,37,"[37800,21800,9900,30500]",1,10.0,1,3,0,0,1,True
2024-2024092213gm-00a9-0000-5f7264d2-07-s0-d11,31,A,1,65,"[30900,23800,10900,34400]",2,4.0,1,3,0,0,1,True
2024-2024092213gm-00a9-0000-5f7264d2-07-s0-d11,31,B,3,37,"[31400,22300,10400,35900]",2,4.0,1,3,0,0,1,True
2024-2024092213gm-00a9-0000-5f7264d2-07-s0-d11,32,A,1,65,"[31900,23300,11400,33400]",2,4.0,1,3,0,0,1,True
2024-2024092213gm-00a9-0000-5f7264d2-07-s0-d11,32,B,3,37,"[32900,22800,10900,33400]",2,4.0,1,3,0,0,1,True
2024-2024092213gm-00a9-0000-5f7264d2-07-s0-d11,33,A,1,65,"[27900,25800,11900,34400]",2,4.0,1,3,0,0,1,True
2024-2024092213gm-00a9-0000-5f7264d2-07-s0-d11,33,B,3,37,"[27900,25800,11900,34400]",2,4.0,1,3,0,0,1,True
2024-2024092213gm-00a9-0000-5f7264d2-07-s0-d11,34,A,1,65,"[32900,22800,10900,33400]",2,4.0,1,3,0,0,1,True
2024-2024092213gm-00a9-0000-5f7264d2-07-s0-d11,34,B,3,37,"[29900,23800,11900,34400]",2,4.0,1,3,0,0,1,True
2024-2024092213gm-00a9-0000-5f7264d2-07-s0-d11,35,A,1,65,"[30900,23800,10900,34400]",2,4.0,1,3,0,0,1,True
2024-2024092213gm-00a9-0000-5f7264d2-07-s0-d11,35,B,3,37,"[28900,22800,10900,37400]",2,4.0,1,3,0,0,1,True
2024-2024092213gm-00a9-0000-5f7264d2-07-s0-d11,36,A,1,65,"[30900,22800,11900,34400]",2,4.0,1,3,0,0,1,True
2024-2024092213gm-00a9-0000-5f7264d2-07-s0-d11,36,B,3,37,"[31400,22300,12400,32900]",2,4.0,1,3,0,1,1,True
2024-2024092213gm-00a9-0000-5f7264d2-07-s0-d11,37,A,1,65,"[31900,23300,11400,33400]",2,4.0,1,3,0,0,1,True
2024-2024092213gm-00a9-0000-5f7264d2-07-s0-d11,37,B,3,37,"[21900,23800,19900,34400]",3,-4.0,1,3,0,0,1,True
2024-2024092213gm-00a9-0000-5f7264d2-07-s0-d11,38,A,1,65,"[27000,23800,11900,37300]",2,4.0,1,3,0,0,1,True
2024-2024092213gm-00a9-0000-5f7264d2-07-s0-d11,38,B,3,37,"[31400,22300,12400,32900]",2,4.0,1,3,0,1,1,True
2024-2024092213gm-00a9-0000-5f7264d2-07-s0-d11,39,A,1,65,"[31900,23800,11900,32400]",2,4.0,1,3,0,0,1,True
2024-2024092213gm-00a9-0000-5f7264d2-07-s0-d11,39,B,3,37,"[37600,23800,11900,26700]",1,10.0,1,3,0,0,1,True
2024-2024092213gm-00a9-0000-5f7264d2-07-s0-d11,40,A,1,65,"[29900,18000,11900,40200]",2,4.0,1,3,0,0,1,True
2024-2024092213gm-00a9-0000-5f7264d2-07-s0-d11,40,B,3,37,"[31400,22300,10400,35900]",2,4.0,1,3,0,0,1,True
2024-2024092213gm-00a9-0000-5f7264d2-07-s0-d11,41,A,1,65,"[28900,22800,13900,33400]",2,4.0,1,3,0,1,1,True
2024-2024092213gm-00a9-0000-5f7264d2-07-s0-d11,41,B,3,37,"[29900,15800,19900,34400]",2,4.0,1,3,0,0,1,True
2024-2024092213gm-00a9-0000-5f7264d2-07-s0-d11,42,A,1,65,"[21900,23800,19900,34400]",3,-4.0,1,3,0,0,1,True
2024-2024092213gm-00a9-0000-5f7264d2-07-s0-d11,42,B,3,37,"[21900,23800,19900,34400]",3,-4.0,1,3,0,0,1,True
2024-2024092213gm-00a9-0000-5f7264d2-07-s0-d11,43,A,1,65,"[31900,21800,11900,34400]",2,4.0,1,3,0,0,1,True
2024-2024092213gm-00a9-0000-5f7264d2-07-s0-d11,43,B,3,37,"[37600,23800,4200,34400]",1,10.0,1,3,0,0,1,True
2024-2024092213gm-00a9-0000-5f7264d2-07-s0-d11,44,A,1,65,"[31900,23800,11900,32400]",2,4.0,1,3,0,0,1,True
2024-2024092213gm-00a9-0000-5f7264d2-07-s0-d11,44,B,3,37,"[27300,23800,18600,30300]",2,4.0,2,0,0,0,2,True
2024-2024092213gm-00a9-0000-5f7264d2-07-s0-d11,45,A,1,65,"[32900,22800,10900,33400]",2,4.0,1,3,0,0,1,True
2024-2024092213gm-00a9-0000-5f7264d2-07-s0-d11,45,B,3,37,"[29900,23800,11900,34400]",2,4.0,1,3,0,0,1,True
2024-2024092213gm-00a9-0000-5f7264d2-07-s0-d11,46,A,1,65,"[31000,23500,11600,33900]",2,4.0,1,3,0,0,1,True
2024-2024092213gm-00a9-0000-5f7264d2-07-s0-d11,46,B,3,37,"[17900,23800,23900,34400]",4,-10.0,1,3,0,0,1,True
2024-2024092213gm-00a9-0000-5f7264d2-07-s0-d11,47,A,1,65,"[30900,23800,10900,34400]",2,4.0,1,3,0,0,1,True
2024-2024092213gm-00a9-0000-5f7264d2-07-s0-d11,47,B,3,37,"[11900,23800,11900,52400]",3,-4.0,1,3,0,0,1,True
2024-2024092213gm-00a9-0000-5f7264d2-07-s0-d11,48,A,1,65,"[31400,22300,12400,32900]",2,4.0,1,3,0,1,1,True
2024-2024092213gm-00a9-0000-5f7264d2-07-s0-d11,48,B,3,37,"[32900,22800,10900,33400]",2,4.0,1,3,0,0,1,True
2024-2024092213gm-00a9-0000-5f7264d2-07-s0-d11,49,A,1,65,"[31900,23800,9900,34400]",2,4.0,1,3,0,0,1,True
2024-2024092213gm-00a9-0000-5f7264d2-07-s0-d11,49,B,3,37,"[31400,22300,12400,32900]",2,4.0,1,3,0,1,1,True
2024-2024092213gm-00a9-0000-5f7264d2-07-s0-d11,50,A,1,65,"[30900,22800,11900,34400]",2,4.0,1,3,0,0,1,True
2024-2024092213gm-00a9-0000-5f7264d2-07-s0-d11,50,B,3,37,"[34800,23800,10900,30500]",1,10.0,1,3,0,0,1,True
2024-2024092213gm-00a9-0000-5f7264d2-07-s0-d11,51,A,1,65,"[28900,22800,14900,33400]",2,4.0,1,3,0,0,1,True
2024-2024092213gm-00a9-0000-5f7264d2-07-s0-d11,51,B,3,37,"[28900,22800,14900,33400]",2,4.0,1,3,0,0,1,True
2024-2024092213gm-00a9-0000-5f7264d2-07-s0-d11,52,A,1,65,"[31000,23500,11600,33900]",2,4.0,1,3,0,0,1,True
2024-2024092213gm-00a9-0000-5f7264d2-07-s0-d11,52,B,3,37,"[28900,22800,14900,33400]",2,4.0,1,3,0,0,1,True
2024-2024092213gm-00a9-0000-5f7264d2-07-s0-d11,53,A,1,65,"[31900,23300,11400,33400]",2,4.0,1,3,0,0,1,True
2024-2024092213gm-00a9-0000-5f7264d2-07-s0-d11,53,B,3,37,"[29900,23800,11900,34400]",2,4.0,1,3,0,0,1,True
2024-2024092213gm-00a9-0000-5f7264d2-07-s0-d11,54,A,1,65,"[27900,21800,19900,30400]",2,4.0,1,3,0,0,1,True
2024-2024092213gm-00a9-0000-5f7264d2-07-s0-d11,54,B,3,37,"[34900,22800,9900,32400]",1,10.0,1,3,0,0,1,True
2024-2024092213gm-00a9-0000-5f7264d2-07-s0-d11,55,A,1,65,"[32900,22800,10900,33400]",2,4.0,1,3,0,0,1,True
2024-2024092213gm-00a9-0000-5f7264d2-07-s0-d11,55,B,3,37,"[28900,26800,10900,33400]",2,4.0,1,3,0,0,1,True
2024-2024092213gm-00a9-0000-5f7264d2-07-s0-d11,56,A,1,65,"[30900,23800,10900,34400]",2,4.0,1,3,0,0,1,True
2024-2024092213gm-00a9-0000-5f7264d2-07-s0-d11,56,B,3,37,"[28900,22800,14900,33400]",2,4.0,1,3,0,0,1,True
2024-2024092213gm-00a9-0000-5f7264d2-07-s0-d11,57,A,1,65,"[28900,22800,13900,33400]",2,4.0,1,3,0,1,1,True
2024-2024092213gm-00a9-0000-5f7264d2-07-s0-d11,57,B,3,37,"[28900,22800,13900,33400]",2,4.0,1,3,0,1,1,True
2024-2024092213gm-00a9-0000-5f7264d2-07-s0-d11,58,A,1,65,"[26000,27700,11900,34400]",3,-4.0,1,3,0,0,1,True
2024-2024092213gm-00a9-0000-5f7264d2-07-s0-d11,58,B,3,37,"[33800,19900,11900,34400]",2,4.0,1,3,0,0,1,True
2024-2024092213gm-00a9-0000-5f7264d2-07-s0-d11,59,A,1,65,"[29900,23800,14500,31800]",2,4.0,1,3,0,0,1,True
2024-2024092213gm-00a9-0000-5f7264d2-07-s0-d11,59,B,3,37,"[29900,22300,11900,35900]",2,4.0,1,3,0,0,1,True
2024-2024092213gm-00a9-0000-5f7264d2-07-s0-d11,60,A,1,65,"[32900,22800,10900,33400]",2,4.0,1,3,0,0,1,True
2024-2024092213gm-00a9-0000-5f7264d2-07-s0-d11,60,B,3,37,"[33800,23800,8000,34400]",2,4.0,1,3,0,0,1,True
2024-2024092213gm-00a9-0000-5f7264d2-07-s0-d11,61,A,1,65,"[28900,22800,10900,37400]",2,4.0,1,3,0,0,1,True
2024-2024092213gm-00a9-0000-5f7264d2-07-s0-d11,61,B,3,37,"[28900,22800,10900,37400]",2,4.0,1,3,0,0,1,True
2024-2024092213gm-00a9-0000-5f7264d2-07-s0-d11,62,A,1,65,"[24100,23800,10900,41200]",2,4.0,1,3,0,0,1,True
2024-2024092213gm-00a9-0000-5f7264d2-07-s0-d11,62,B,3,37,"[27900,21800,19900,30400]",2,4.0,1,3,0,0,1,True
2024-2024092213gm-00a9-0000-5f7264d2-07-s0-d11,63,A,1,65,"[30900,23800,11900,33400]",2,4.0,1,3,0,0,1,True
2024-2024092213gm-00a9-0000-5f7264d2-07-s0-d11,63,B,3,37,"[28900,22800,10900,37400]",2,4.0,1,3,0,0,1,True
2024-2024092213gm-00a9-0000-5f7264d2-07-s0-d11,64,A,1,65,"[32900,22800,10900,33400]",2,4.0,1,3,0,0,1,True
2024-2024092213gm-00a9-0000-5f7264d2-07-s0-d11,64,B,3,37,"[32900,22800,10900,33400]",2,4.0,1,3,0,0,1,True
2024-2024092213gm-00a9-0000-5f7264d2-07-s0-d11,65,A,1,65,"[31400,22300,12400,32900]",2,4.0,1,3,0,1,1,True
2024-2024092213gm-00a9-0000-5f7264d2-07-s0-d11,65,B,3,37,"[27900,21800,19900,30400]",2,4.0,1,3,0,0,1,True
2024-2024092213gm-00a9-0000-5f7264d2-07-s0-d11,66,A,1,65,"[32900,22800,10900,33400]",2,4.0,1,3,0,0,1,True
2024-2024092213gm-00a9-0000-5f7264d2-07-s0-d11,66,B,3,37,"[29900,23800,11900,34400]",2,4.0,1,3,0,0,1,True
2024-2024092213gm-00a9-0000-5f7264d2-07-s0-d11,67,A,1,65,"[30900,22800,11900,34400]",2,4.0,1,3,0,0,1,True
2024-2024092213gm-00a9-0000-5f7264d2-07-s0-d11,67,B,3,37,"[38600,23800,3200,34400]",1,10.0,1,3,0,0,1,True
2024-2024092213gm-00a9-0000-5f7264d2-07-s0-d11,68,A,1,65,"[30900,23800,8900,35400]",2,4.0,1,3,0,1,1,True
2024-2024092213gm-00a9-0000-5f7264d2-07-s0-d11,68,B,3,37,"[36100,22800,11900,29200]",1,10.0,1,3,0,0,1,True
2024-2024092213gm-00a9-0000-5f7264d2-07-s0-d11,69,A,1,65,"[30900,23800,10900,34400]",2,4.0,1,3,0,0,1,True
2024-2024092213gm-00a9-0000-5f7264d2-07-s0-d11,69,B,3,37,"[29900,23800,11900,34400]",2,4.0,1,3,0,0,1,True
2024-2024092213gm-00a9-0000-5f7264d2-07-s0-d11,70,A,1,65,"[32900,22800,10900,33400]",2,4.0,1,3,0,0,1,True
2024-2024092213gm-00a9-0000-5f7264d2-07-s0-d11,70,B,3,37,"[33900,22800,10900,32400]",1,10.0,1,3,0,0,1,True
2024-2024092213gm-00a9-0000-5f7264d2-07-s0-d11,71,A,1,65,"[30900,23800,11900,33400]",2,4.0,1,3,0,0,1,True
2024-2024092213gm-00a9-0000-5f7264d2-07-s0-d11,71,B,3,37,"[32900,22800,10900,33400]",2,4.0,1,3,0,0,1,True
2024-2024092213gm-00a9-0000-5f7264d2-07-s0-d11,72,A,1,65,"[31000,23500,11600,33900]",2,4.0,1,3,0,0,1,True
2024-2024092213gm-00a9-0000-5f7264d2-07-s0-d11,72,B,3,37,"[32900,22800,10900,33400]",2,4.0,1,3,0,0,1,True
2024-2024092213gm-00a9-0000-5f7264d2-07-s0-d11,73,A,1,65,"[31400,25300,10400,32900]",2,4.0,1,3,0,0,1,True
2024-2024092213gm-00a9-0000-5f7264d2-07-s0-d11,73,B,3,37,"[29900,31800,3900,34400]",3,-4.0,1,3,0,0,1,True
2024-2024092213gm-00a9-0000-5f7264d2-07-s0-d11,74,A,1,65,"[31000,23500,11600,33900]",2,4.0,1,3,0,0,1,True
2024-2024092213gm-00a9-0000-5f7264d2-07-s0-d11,74,B,3,37,"[33800,23800,8000,34400]",2,4.0,1,3,0,0,1,True
2024-2024092213gm-00a9-0000-5f7264d2-07-s0-d11,75,A,1,65,"[26000,27700,11900,34400]",3,-4.0,1,3,0,0,1,True
2024-2024092213gm-00a9-0000-5f7264d2-07-s0-d11,75,B,3,37,"[28900,22800,13900,33400]",2,4.0,1,3,0,1,1,True
2024-2024092213gm-00a9-0000-5f7264d2-07-s0-d11,76,A,1,65,"[31400,22300,12400,32900]",2,4.0,1,3,0,1,1,True
2024-2024092213gm-00a9-0000-5f7264d2-07-s0-d11,76,B,3,37,"[31400,22300,12400,32900]",2,4.0,1,3,0,1,1,True
2024-2024092213gm-00a9-0000-5f7264d2-07-s0-d11,77,A,1,65,"[31000,23500,11600,33900]",2,4.0,1,3,0,0,1,True
2024-2024092213gm-00a9-0000-5f7264d2-07-s0-d11,77,B,3,37,"[28900,22800,10900,37400]",2,4.0,1,3,0,0,1,True
2024-2024092213gm-00a9-0000-5f7264d2-07-s0-d11,78,A,1,65,"[30900,23800,10900,34400]",2,4.0,1,3,0,0,1,True
2024-2024092213gm-00a9-0000-5f7264d2-07-s0-d11,78,B,3,37,"[33800,23800,8000,34400]",2,4.0,1,3,0,0,1,True
2024-2024092213gm-00a9-0000-5f7264d2-07-s0-d11,79,A,1,65,"[31900,22800,10900,34400]",2,4.0,1,3,0,0,1,True
2024-2024092213gm-00a9-0000-5f7264d2-07-s0-d11,79,B,3,37,"[32900,21800,10900,34400]",2,4.0,1,3,0,0,1,True
2024-2024092213gm-00a9-0000-5f7264d2-07-s0-d11,80,A,1,65,"[32900,22800,10900,33400]",2,4.0,1,3,0,0,1,True
2024-2024092213gm-00a9-0000-5f7264d2-07-s0-d11,80,B,3,37,"[29900,23800,11900,34400]",2,4.0,1,3,0,0,1,True
2024-2024092213gm-00a9-0000-5f7264d2-07-s0-d11,81,A,1,65,"[30900,23800,10900,34400]",2,4.0,1,3,0,0,1,True
2024-2024092213gm-00a9-0000-5f7264d2-07-s0-d11,81,B,3,37,"[31400,22300,12400,32900]",2,4.0,1,3,0,1,1,True
2024-2024092213gm-00a9-0000-5f7264d2-07-s0-d11,82,A,1,65,"[29400,23300,10400,36900]",2,4.0,1,3,0,0,1,True
2024-2024092213gm-00a9-0000-5f7264d2-07-s0-d11,82,B,3,37,"[29400,23300,10400,36900]",2,4.0,1,3,0,0,1,True
2024-2024092213gm-00a9-0000-5f7264d2-07-s0-d11,83,A,1,65,"[31900,23800,9900,34400]",2,4.0,1,3,0,0,1,True
2024-2024092213gm-00a9-0000-5f7264d2-07-s0-d11,83,B,3,37,"[37800,21800,9900,30500]",1,10.0,1,3,0,0,1,True
2024-2024092213gm-00a9-0000-5f7264d2-07-s0-d11,84,A,1,65,"[30900,23800,10900,34400]",2,4.0,1,3,0,0,1,True
2024-2024092213gm-00a9-0000-5f7264d2-07-s0-d11,84,B,3,37,"[30900,20800,12900,35400]",2,4.0,1,3,0,0,1,True
2024-2024092213gm-00a9-0000-5f7264d2-07-s0-d11,85,A,1,65,"[30900,24800,12900,31400]",2,4.0,1,3,0,0,1,True
2024-2024092213gm-00a9-0000-5f7264d2-07-s0-d11,85,B,3,37,"[33800,23800,8000,34400]",2,4.0,1,3,0,0,1,True
2024-2024092213gm-00a9-0000-5f7264d2-07-s0-d11,86,A,1,65,"[32900,22800,10900,33400]",2,4.0,1,3,0,0,1,True
2024-2024092213gm-00a9-0000-5f7264d2-07-s0-d11,86,B,3,37,"[32900,22800,10900,33400]",2,4.0,1,3,0,0,1,True
2024-2024092213gm-00a9-0000-5f7264d2-07-s0-d11,87,A,1,65,"[31400,22300,10400,35900]",2,4.0,1,3,0,0,1,True
2024-2024092213gm-00a9-0000-5f7264d2-07-s0-d11,87,B,3,37,"[31400,22300,10400,35900]",2,4.0,1,3,0,0,1,True
2024-2024092213gm-00a9-0000-5f7264d2-07-s0-d11,88,A,1,65,"[31400,25300,10400,32900]",2,4.0,1,3,0,0,1,True
2024-2024092213gm-00a9-0000-5f7264d2-07-s0-d11,88,B,3,37,"[37600,23800,4200,34400]",1,10.0,1,3,0,0,1,True
2024-2024092213gm-00a9-0000-5f7264d2-07-s0-d11,89,A,1,65,"[31400,24300,10400,32900]",2,4.0,1,3,0,1,1,True
2024-2024092213gm-00a9-0000-5f7264d2-07-s0-d11,89,B,3,37,"[31400,24300,10400,32900]",2,4.0,1,3,0,1,1,True
2024-2024092213gm-00a9-0000-5f7264d2-07-s0-d11,90,A,1,65,"[37600,16100,11900,34400]",1,10.0,1,3,0,0,1,True
2024-2024092213gm-00a9-0000-5f7264d2-07-s0-d11,90,B,3,37,"[37600,16100,11900,34400]",1,10.0,1,3,0,0,1,True
2024-2024092213gm-00a9-0000-5f7264d2-07-s0-d11,91,A,1,65,"[37600,16100,11900,34400]",1,10.0,1,3,0,0,1,True
2024-2024092213gm-00a9-0000-5f7264d2-07-s0-d11,91,B,3,37,"[37600,16100,11900,34400]",1,10.0,1,3,0,0,1,True
2024-2024092213gm-00a9-0000-5f7264d2-07-s0-d11,92,A,1,65,"[31900,22800,10900,34400]",2,4.0,1,3,0,0,1,True
2024-2024092213gm-00a9-0000-5f7264d2-07-s0-d11,92,B,3,37,"[32900,22800,10900,33400]",2,4.0,1,3,0,0,1,True
2024-2024092213gm-00a9-0000-5f7264d2-07-s0-d11,93,A,1,65,"[27900,21800,19900,30400]",2,4.0,1,3,0,0,1,True
2024-2024092213gm-00a9-0000-5f7264d2-07-s0-d11,93,B,3,37,"[22200,23800,19600,34400]",3,-4.0,1,3,0,0,1,True
2024-2024092213gm-00a9-0000-5f7264d2-07-s0-d11,94,A,1,65,"[28400,24300,13400,32900]",2,4.0,1,3,0,1,1,True
2024-2024092213gm-00a9-0000-5f7264d2-07-s0-d11,94,B,3,37,"[38600,22800,4200,34400]",1,10.0,1,3,0,0,1,True
2024-2024092213gm-00a9-0000-5f7264d2-07-s0-d11,95,A,1,65,"[31900,23800,9900,34400]",2,4.0,1,3,0,0,1,True
2024-2024092213gm-00a9-0000-5f7264d2-07-s0-d11,95,B,3,37,"[37600,23800,4200,34400]",1,10.0,1,3,0,0,1,True
2024-2024092213gm-00a9-0000-5f7264d2-07-s0-d11,96,A,1,65,"[32900,22800,10900,33400]",2,4.0,1,3,0,0,1,True
2024-2024092213gm-00a9-0000-5f7264d2-07-s0-d11,96,B,3,37,"[31900,23300,11400,33400]",2,4.0,1,3,0,0,1,True
2024-2024092213gm-00a9-0000-5f7264d2-07-s0-d11,97,A,1,65,"[31000,23500,11600,33900]",2,4.0,1,3,0,0,1,True
2024-2024092213gm-00a9-0000-5f7264d2-07-s0-d11,97,B,3,37,"[29900,23800,11900,34400]",2,4.0,1,3,0,0,1,True
2024-2024092213gm-00a9-0000-5f7264d2-07-s0-d11,98,A,1,65,"[32900,22800,10900,33400]",2,4.0,1,3,0,0,1,True
2024-2024092213gm-00a9-0000-5f7264d2-07-s0-d11,98,B,3,37,"[32900,22800,10900,33400]",2,4.0,1,3,0,0,1,True
2024-2024092213gm-00a9-0000-5f7264d2-07-s0-d11,99,A,1,65,"[29900,23800,11900,34400]",2,4.0,1,3,0,0,1,True
2024-2024092213gm-00a9-0000-5f7264d2-07-s0-d11,99,B,3,37,"[32900,22800,10900,33400]",2,4.0,1,3,0,0,1,True
2024-2024092213gm-00a9-0000-5f7264d2-07-s0-d11,100,A,1,65,"[30900,23800,10900,34400]",2,4.0,1,3,0,0,1,True
2024-2024092213gm-00a9-0000-5f7264d2-07-s0-d11,100,B,3,37,"[33800,19900,11900,34400]",2,4.0,1,3,0,0,1,True
2024-2024092213gm-00a9-0000-5f7264d2-07-s0-d11,101,A,1,65,"[30900,22800,11900,34400]",2,4.0,1,3,0,0,1,True
2024-2024092213gm-00a9-0000-5f7264d2-07-s0-d11,101,B,3,37,"[29900,23800,11900,34400]",2,4.0,1,3,0,0,1,True
2024-2024092213gm-00a9-0000-5f7264d2-07-s0-d11,102,A,1,65,"[31400,25300,10400,32900]",2,4.0,1,3,0,0,1,True
2024-2024092213gm-00a9-0000-5f7264d2-07-s0-d11,102,B,3,37,"[29100,27000,11100,32800]",2,4.0,1,3,0,0,1,True
2024-2024092213gm-00a9-0000-5f7264d2-07-s0-d11,103,A,1,65,"[32900,22800,10900,33400]",2,4.0,1,3,0,0,1,True
2024-2024092213gm-00a9-0000-5f7264d2-07-s0-d11,103,B,3,37,"[28900,26800,10900,33400]",2,4.0,1,3,0,0,1,True
2024-2024092213gm-00a9-0000-5f7264d2-07-s0-d11,104,A,1,65,"[33800,23800,8000,34400]",2,4.0,1,3,0,0,1,True
2024-2024092213gm-00a9-0000-5f7264d2-07-s0-d11,104,B,3,37,"[33800,23800,8000,34400]",2,4.0,1,3,0,0,1,True
2024-2024092213gm-00a9-0000-5f7264d2-07-s0-d11,105,A,1,65,"[32900,22800,10900,33400]",2,4.0,1,3,0,0,1,True
2024-2024092213gm-00a9-0000-5f7264d2-07-s0-d11,105,B,3,37,"[33800,23800,8000,34400]",2,4.0,1,3,0,0,1,True
2024-2024092213gm-00a9-0000-5f7264d2-07-s0-d11,106,A,1,65,"[32900,20800,11900,34400]",2,4.0,1,3,0,0,1,True
2024-2024092213gm-00a9-0000-5f7264d2-07-s0-d11,106,B,3,37,"[33900,22800,10900,32400]",1,10.0,1,3,0,0,1,True
2024-2024092213gm-00a9-0000-5f7264d2-07-s0-d11,107,A,1,65,"[30900,23800,10900,34400]",2,4.0,1,3,0,0,1,True
2024-2024092213gm-00a9-0000-5f7264d2-07-s0-d11,107,B,3,37,"[31400,22300,13400,32900]",2,4.0,1,3,0,0,1,True
2024-2024092213gm-00a9-0000-5f7264d2-07-s0-d11,108,A,1,65,"[32900,22800,10900,33400]",2,4.0,1,3,0,0,1,True
2024-2024092213gm-00a9-0000-5f7264d2-07-s0-d11,108,B,3,37,"[32900,22800,10900,33400]",2,4.0,1,3,0,0,1,True
2024-2024092213gm-00a9-0000-5f7264d2-07-s0-d11,109,A,1,65,"[28900,22800,13900,33400]",2,4.0,1,3,0,1,1,True
2024-2024092213gm-00a9-0000-5f7264d2-07-s0-d11,109,B,3,37,"[28900,22800,13900,33400]",2,4.0,1,3,0,1,1,True
2024-2024092213gm-00a9-0000-5f7264d2-07-s0-d11,110,A,1,65,"[30900,22800,11900,34400]",2,4.0,1,3,0,0,1,True
2024-2024092213gm-00a9-0000-5f7264d2-07-s0-d11,110,B,3,37,"[33800,23800,8000,34400]",2,4.0,1,3,0,0,1,True
2024-2024092213gm-00a9-0000-5f7264d2-07-s0-d11,111,A,1,65,"[31000,23500,11600,33900]",2,4.0,1,3,0,0,1,True
2024-2024092213gm-00a9-0000-5f7264d2-07-s0-d11,111,B,3,37,"[31400,24300,10400,32900]",2,4.0,1,3,0,1,1,True
2024-2024092213gm-00a9-0000-5f7264d2-07-s0-d11,112,A,1,65,"[30900,23800,10900,34400]",2,4.0,1,3,0,0,1,True
2024-2024092213gm-00a9-0000-5f7264d2-07-s0-d11,112,B,3,37,"[33800,19900,11900,34400]",2,4.0,1,3,0,0,1,True
2024-2024092213gm-00a9-0000-5f7264d2-07-s0-d11,113,A,1,65,"[32900,22800,10900,33400]",2,4.0,1,3,0,0,1,True
2024-2024092213gm-00a9-0000-5f7264d2-07-s0-d11,113,B,3,37,"[39900,8800,22900,28400]",1,10.0,2,0,0,0,2,True
2024-2024092213gm-00a9-0000-5f7264d2-07-s0-d11,114,A,1,65,"[32900,22800,10900,33400]",2,4.0,1,3,0,0,1,True
2024-2024092213gm-00a9-0000-5f7264d2-07-s0-d11,114,B,3,37,"[28900,22800,14900,33400]",2,4.0,1,3,0,0,1,True
2024-2024092213gm-00a9-0000-5f7264d2-07-s0-d11,115,A,1,65,"[27900,21800,9900,40400]",2,4.0,1,3,0,0,1,True
2024-2024092213gm-00a9-0000-5f7264d2-07-s0-d11,115,B,3,37,"[21900,23800,19900,34400]",3,-4.0,1,3,0,0,1,True
2024-2024092213gm-00a9-0000-5f7264d2-07-s0-d11,116,A,1,65,"[31900,23800,9900,34400]",2,4.0,1,3,0,0,1,True
2024-2024092213gm-00a9-0000-5f7264d2-07-s0-d11,116,B,3,37,"[21900,31800,11900,34400]",3,-4.0,1,3,0,0,1,True
2024-2024092213gm-00a9-0000-5f7264d2-07-s0-d11,117,A,1,65,"[28400,22300,12400,35900]",2,4.0,1,3,0,1,1,True
2024-2024092213gm-00a9-0000-5f7264d2-07-s0-d11,117,B,3,37,"[28400,22300,12400,35900]",2,4.0,1,3,0,1,1,True
2024-2024092213gm-00a9-0000-5f7264d2-07-s0-d11,118,A,1,65,"[27900,31700,9900,30500]",3,-4.0,1,3,0,0,1,True
2024-2024092213gm-00a9-0000-5f7264d2-07-s0-d11,118,B,3,37,"[27900,31700,9900,30500]",3,-4.0,1,3,0,0,1,True
2024-2024092213gm-00a9-0000-5f7264d2-07-s0-d11,119,A,1,65,"[37600,16100,11900,34400]",1,10.0,1,3,0,0,1,True
2024-2024092213gm-00a9-0000-5f7264d2-07-s0-d11,119,B,3,37,"[37600,16100,11900,34400]",1,10.0,1,3,0,0,1,True
2024-2024092213gm-00a9-0000-5f7264d2-07-s0-d11,120,A,1,65,"[31900,23300,11400,33400]",2,4.0,1,3,0,0,1,True
2024-2024092213gm-00a9-0000-5f7264d2-07-s0-d11,120,B,3,37,"[32900,22800,10900,33400]",2,4.0,1,3,0,0,1,True
2024-2024092213gm-00a9-0000-5f7264d2-07-s0-d11,121,A,1,65,"[30900,22800,11900,34400]",2,4.0,1,3,0,0,1,True
2024-2024092213gm-00a9-0000-5f7264d2-07-s0-d11,121,B,3,37,"[38600,23800,3200,34400]",1,10.0,1,3,0,0,1,True
2024-2024092213gm-00a9-0000-5f7264d2-07-s0-d11,122,A,1,65,"[30900,23800,10900,34400]",2,4.0,1,3,0,0,1,True
2024-2024092213gm-00a9-0000-5f7264d2-07-s0-d11,122,B,3,37,"[31400,22300,10400,35900]",2,4.0,1,3,0,0,1,True
2024-2024092213gm-00a9-0000-5f7264d2-07-s0-d11,123,A,1,65,"[31900,23800,9900,34400]",2,4.0,1,3,0,0,1,True
2024-2024092213gm-00a9-0000-5f7264d2-07-s0-d11,123,B,3,37,"[31400,22300,12400,32900]",2,4.0,1,3,0,1,1,True
2024-2024092213gm-00a9-0000-5f7264d2-07-s0-d11,124,A,1,65,"[28900,22800,13900,33400]",2,4.0,1,3,0,1,1,True
2024-2024092213gm-00a9-0000-5f7264d2-07-s0-d11,124,B,3,37,"[28900,22800,13900,33400]",2,4.0,1,3,0,1,1,True
2024-2024092213gm-00a9-0000-5f7264d2-07-s0-d11,125,A,1,65,"[31900,23800,10900,33400]",2,4.0,1,3,0,0,1,True
2024-2024092213gm-00a9-0000-5f7264d2-07-s0-d11,125,B,3,37,"[27900,21800,19800,30500]",2,4.0,1,3,0,0,1,True
2024-2024092213gm-00a9-0000-5f7264d2-07-s0-d11,126,A,1,65,"[30900,23800,11900,33400]",2,4.0,1,3,0,0,1,True
2024-2024092213gm-00a9-0000-5f7264d2-07-s0-d11,126,B,3,37,"[30900,20800,12900,35400]",2,4.0,1,3,0,0,1,True
2024-2024092213gm-00a9-0000-5f7264d2-07-s0-d11,127,A,1,65,"[31400,22300,18300,28000]",1,10.0,2,0,0,0,2,True
2024-2024092213gm-00a9-0000-5f7264d2-07-s0-d11,127,B,3,37,"[28900,22800,13900,33400]",2,4.0,1,3,0,1,1,True
2024-2024092213gm-00a9-0000-5f7264d2-07-s0-d11,128,A,1,65,"[31900,21800,11900,34400]",2,4.0,1,3,0,0,1,True
2024-2024092213gm-00a9-0000-5f7264d2-07-s0-d11,128,B,3,37,"[31400,22300,13400,32900]",2,4.0,1,3,0,0,1,True
2024-2024092213gm-00a9-0000-5f7264d2-07-s0-d11,129,A,1,65,"[30900,23800,10900,34400]",2,4.0,1,3,0,0,1,True
2024-2024092213gm-00a9-0000-5f7264d2-07-s0-d11,129,B,3,37,"[29900,27700,8000,34400]",2,4.0,1,3,0,0,1,True
2024-2024092213gm-00a9-0000-5f7264d2-07-s0-d11,130,A,1,65,"[32400,23400,10500,33700]",2,4.0,1,3,0,0,1,True
2024-2024092213gm-00a9-0000-5f7264d2-07-s0-d11,130,B,3,37,"[32900,22800,10900,33400]",2,4.0,1,3,0,0,1,True
2024-2024092213gm-00a9-0000-5f7264d2-07-s0-d11,131,A,1,65,"[30900,22800,11900,34400]",2,4.0,1,3,0,0,1,True
2024-2024092213gm-00a9-0000-5f7264d2-07-s0-d11,131,B,3,37,"[33800,23800,11900,30500]",1,10.0,1,3,0,0,1,True
2024-2024092213gm-00a9-0000-5f7264d2-07-s0-d11,132,A,1,65,"[28900,22800,10900,37400]",2,4.0,1,3,0,0,1,True
2024-2024092213gm-00a9-0000-5f7264d2-07-s0-d11,132,B,3,37,"[21900,31800,11900,34400]",3,-4.0,1,3,0,0,1,True
2024-2024092213gm-00a9-0000-5f7264d2-07-s0-d11,133,A,1,65,"[33800,23800,8000,34400]",2,4.0,1,3,0,0,1,True
2024-2024092213gm-00a9-0000-5f7264d2-07-s0-d11,133,B,3,37,"[33800,23800,8000,34400]",2,4.0,1,3,0,0,1,True
2024-2024092213gm-00a9-0000-5f7264d2-07-s0-d11,134,A,1,65,"[28900,22800,13900,33400]",2,4.0,1,3,0,1,1,True
2024-2024092213gm-00a9-0000-5f7264d2-07-s0-d11,134,B,3,37,"[28900,22800,10900,37400]",2,4.0,1,3,0,0,1,True
2024-2024092213gm-00a9-0000-5f7264d2-07-s0-d11,135,A,1,65,"[29900,23800,11900,34400]",2,4.0,1,3,0,0,1,True
2024-2024092213gm-00a9-0000-5f7264d2-07-s0-d11,135,B,3,37,"[29900,23800,11900,34400]",2,4.0,1,3,0,0,1,True
2024-2024092213gm-00a9-0000-5f7264d2-07-s0-d11,136,A,1,65,"[32900,22800,10900,33400]",2,4.0,1,3,0,0,1,True
2024-2024092213gm-00a9-0000-5f7264d2-07-s0-d11,136,B,3,37,"[29900,23800,11900,34400]",2,4.0,1,3,0,0,1,True
2024-2024092213gm-00a9-0000-5f7264d2-07-s0-d11,137,A,1,65,"[30900,20800,11900,35400]",2,4.0,1,3,0,1,1,True
2024-2024092213gm-00a9-0000-5f7264d2-07-s0-d11,137,B,3,37,"[32900,22800,10900,33400]",2,4.0,1,3,0,0,1,True
2024-2024092213gm-00a9-0000-5f7264d2-07-s0-d11,138,A,1,65,"[30900,23800,10900,34400]",2,4.0,1,3,0,0,1,True
2024-2024092213gm-00a9-0000-5f7264d2-07-s0-d11,138,B,3,37,"[28900,26800,10900,33400]",2,4.0,1,3,0,0,1,True
2024-2024092213gm-00a9-0000-5f7264d2-07-s0-d11,139,A,1,65,"[31000,23500,11600,33900]",2,4.0,1,3,0,0,1,True
2024-2024092213gm-00a9-0000-5f7264d2-07-s0-d11,139,B,3,37,"[29900,18600,17100,34400]",2,4.0,1,3,0,0,1,True
2024-2024092213gm-00a9-0000-5f7264d2-07-s0-d11,140,A,1,65,"[28900,22800,13900,33400]",2,4.0,1,3,0,1,1,True
2024-2024092213gm-00a9-0000-5f7264d2-07-s0-d11,140,B,3,37,"[28900,22800,13900,33400]",2,4.0,1,3,0,1,1,True
2024-2024092213gm-00a9-0000-5f7264d2-07-s0-d11,141,A,1,65,"[31000,23500,11600,33900]",2,4.0,1,3,0,0,1,True
2024-2024092213gm-00a9-0000-5f7264d2-07-s0-d11,141,B,3,37,"[32900,22800,10900,33400]",2,4.0,1,3,0,0,1,True
2024-2024092213gm-00a9-0000-5f7264d2-07-s0-d11,142,A,1,65,"[29900,31800,3900,34400]",3,-4.0,1,3,0,0,1,True
2024-2024092213gm-00a9-0000-5f7264d2-07-s0-d11,142,B,3,37,"[26900,35800,8900,28400]",3,-4.0,1,3,0,0,1,True
2024-2024092213gm-00a9-0000-5f7264d2-07-s0-d11,143,A,1,65,"[31900,23800,9900,34400]",2,4.0,1,3,0,0,1,True
2024-2024092213gm-00a9-0000-5f7264d2-07-s0-d11,143,B,3,37,"[37600,16100,11900,34400]",1,10.0,1,3,0,0,1,True
2024-2024092213gm-00a9-0000-5f7264d2-07-s0-d11,144,A,1,65,"[31000,23500,11600,33900]",2,4.0,1,3,0,0,1,True
2024-2024092213gm-00a9-0000-5f7264d2-07-s0-d11,144,B,3,37,"[31400,24300,10400,32900]",2,4.0,1,3,0,1,1,True
2024-2024092213gm-00a9-0000-5f7264d2-07-s0-d11,145,A,1,65,"[31000,23500,11600,33900]",2,4.0,1,3,0,0,1,True
2024-2024092213gm-00a9-0000-5f7264d2-07-s0-d11,145,B,3,37,"[33800,19900,11900,34400]",2,4.0,1,3,0,0,1,True
2024-2024092213gm-00a9-0000-5f7264d2-07-s0-d11,146,A,1,65,"[27900,21800,19800,30500]",2,4.0,1,3,0,0,1,True
2024-2024092213gm-00a9-0000-5f7264d2-07-s0-d11,146,B,3,37,"[28400,25300,13400,32900]",2,4.0,1,3,0,0,1,True
2024-2024092213gm-00a9-0000-5f7264d2-07-s0-d11,147,A,1,65,"[30900,22800,11900,34400]",2,4.0,1,3,0,0,1,True
2024-2024092213gm-00a9-0000-5f7264d2-07-s0-d11,147,B,3,37,"[28400,22300,13400,35900]",2,4.0,1,3,0,0,1,True
2024-2024092213gm-00a9-0000-5f7264d2-07-s0-d11,148,A,1,65,"[28900,22800,13900,33400]",2,4.0,1,3,0,1,1,True
2024-2024092213gm-00a9-0000-5f7264d2-07-s0-d11,148,B,3,37,"[31400,22300,10400,35900]",2,4.0,1,3,0,0,1,True
2024-2024092213gm-00a9-0000-5f7264d2-07-s0-d11,149,A,1,65,"[32900,22800,10900,33400]",2,4.0,1,3,0,0,1,True
2024-2024092213gm-00a9-0000-5f7264d2-07-s0-d11,149,B,3,37,"[32900,22800,10900,33400]",2,4.0,1,3,0,0,1,True
2024-2024092213gm-00a9-0000-5f7264d2-07-s0-d11,150,A,1,65,"[30900,23800,11900,33400]",2,4.0,1,3,0,0,1,True
2024-2024092213gm-00a9-0000-5f7264d2-07-s0-d11,150,B,3,37,"[29900,23800,11900,34400]",2,4.0,1,3,0,0,1,True
2024-2024092213gm-00a9-0000-5f7264d2-07-s0-d11,151,A,1,65,"[31400,22300,13400,32900]",2,4.0,1,3,0,0,1,True
2024-2024092213gm-00a9-0000-5f7264d2-07-s0-d11,151,B,3,37,"[29900,23800,4200,42100]",2,4.0,1,3,0,0,1,True
2024-2024092213gm-00a9-0000-5f7264d2-07-s0-d11,152,A,1,65,"[29900,23800,11900,34400]",2,4.0,1,3,0,0,1,True
2024-2024092213gm-00a9-0000-5f7264d2-07-s0-d11,152,B,3,37,"[29900,23800,11900,34400]",2,4.0,1,3,0,0,1,True
2024-2024092213gm-00a9-0000-5f7264d2-07-s0-d11,153,A,1,65,"[31000,23500,11600,33900]",2,4.0,1,3,0,0,1,True
2024-2024092213gm-00a9-0000-5f7264d2-07-s0-d11,153,B,3,37,"[29900,26400,9300,34400]",2,4.0,1,3,0,0,1,True
2024-2024092213gm-00a9-0000-5f7264d2-07-s0-d11,154,A,1,65,"[31400,22300,12400,32900]",2,4.0,1,3,0,1,1,True
2024-2024092213gm-00a9-0000-5f7264d2-07-s0-d11,154,B,3,37,"[31400,22300,12400,32900]",2,4.0,1,3,0,1,1,True
2024-2024092213gm-00a9-0000-5f7264d2-07-s0-d11,155,A,1,65,"[31400,22300,10400,35900]",2,4.0,1,3,0,0,1,True
2024-2024092213gm-00a9-0000-5f7264d2-07-s0-d11,155,B,3,37,"[28900,22800,10900,37400]",2,4.0,1,3,0,0,1,True
2024-2024092213gm-00a9-0000-5f7264d2-07-s0-d11,156,A,1,65,"[30900,22800,11900,34400]",2,4.0,1,3,0,0,1,True
2024-2024092213gm-00a9-0000-5f7264d2-07-s0-d11,156,B,3,37,"[32900,22800,10900,33400]",2,4.0,1,3,0,0,1,True
2024-2024092213gm-00a9-0000-5f7264d2-07-s0-d11,157,A,1,65,"[31400,22300,13400,32900]",2,4.0,1,3,0,0,1,True
2024-2024092213gm-00a9-0000-5f7264d2-07-s0-d11,157,B,3,37,"[31400,22300,13400,32900]",2,4.0,1,3,0,0,1,True
2024-2024092213gm-00a9-0000-5f7264d2-07-s0-d11,158,A,1,65,"[31900,21800,11900,34400]",2,4.0,1,3,0,0,1,True
2024-2024092213gm-00a9-0000-5f7264d2-07-s0-d11,158,B,3,37,"[37600,23800,11900,26700]",1,10.0,1,3,0,0,1,True
2024-2024092213gm-00a9-0000-5f7264d2-07-s0-d11,159,A,1,65,"[31900,23300,11400,33400]",2,4.0,1,3,0,0,1,True
2024-2024092213gm-00a9-0000-5f7264d2-07-s0-d11,159,B,3,37,"[32900,22800,10900,33400]",2,4.0,1,3,0,0,1,True
2024-2024092213gm-00a9-0000-5f7264d2-07-s0-d11,160,A,1,65,"[31900,23300,11400,33400]",2,4.0,1,3,0,0,1,True
2024-2024092213gm-00a9-0000-5f7264d2-07-s0-d11,160,B,3,37,"[32900,22800,10900,33400]",2,4.0,1,3,0,0,1,True
2024-2024092213gm-00a9-0000-5f7264d2-07-s0-d11,161,A,1,65,"[30900,23800,11900,33400]",2,4.0,1,3,0,0,1,True
2024-2024092213gm-00a9-0000-5f7264d2-07-s0-d11,161,B,3,37,"[30900,24800,11900,31400]",2,4.0,1,3,0,1,1,True
2024-2024092213gm-00a9-0000-5f7264d2-07-s0-d11,162,A,1,65,"[29900,31500,4200,34400]",3,-4.0,1,3,0,0,1,True
2024-2024092213gm-00a9-0000-5f7264d2-07-s0-d11,162,B,3,37,"[28900,25800,10900,33400]",2,4.0,1,3,0,1,1,True
2024-2024092213gm-00a9-0000-5f7264d2-07-s0-d11,163,A,1,65,"[30900,23800,10900,34400]",2,4.0,1,3,0,0,1,True
2024-2024092213gm-00a9-0000-5f7264d2-07-s0-d11,163,B,3,37,"[34900,21800,10900,32400]",1,10.0,1,3,0,0,1,True
2024-2024092213gm-00a9-0000-5f7264d2-07-s0-d11,164,A,1,65,"[31400,22300,13400,32900]",2,4.0,1,3,0,0,1,True
2024-2024092213gm-00a9-0000-5f7264d2-07-s0-d11,164,B,3,37,"[31400,22300,13400,32900]",2,4.0,1,3,0,0,1,True
2024-2024092213gm-00a9-0000-5f7264d2-07-s0-d11,165,A,1,65,"[31400,23400,11500,33700]",2,4.0,1,3,0,0,1,True
2024-2024092213gm-00a9-0000-5f7264d2-07-s0-d11,165,B,3,37,"[29900,23800,11900,34400]",2,4.0,1,3,0,0,1,True
2024-2024092213gm-00a9-0000-5f7264d2-07-s0-d11,166,A,1,65,"[32900,22800,10900,33400]",2,4.0,1,3,0,0,1,True
2024-2024092213gm-00a9-0000-5f7264d2-07-s0-d11,166,B,3,37,"[33800,23800,8000,34400]",2,4.0,1,3,0,0,1,True
2024-2024092213gm-00a9-0000-5f7264d2-07-s0-d11,167,A,1,65,"[30900,23800,10900,34400]",2,4.0,1,3,0,0,1,True
2024-2024092213gm-00a9-0000-5f7264d2-07-s0-d11,167,B,3,37,"[32900,22800,10900,33400]",2,4.0,1,3,0,0,1,True
2024-2024092213gm-00a9-0000-5f7264d2-07-s0-d11,168,A,1,65,"[31400,22300,13400,32900]",2,4.0,1,3,0,0,1,True
2024-2024092213gm-00a9-0000-5f7264d2-07-s0-d11,168,B,3,37,"[33900,22800,10900,32400]",1,10.0,1,3,0,0,1,True
2024-2024092213gm-00a9-0000-5f7264d2-07-s0-d11,169,A,1,65,"[31900,21800,11900,34400]",2,4.0,1,3,0,0,1,True
2024-2024092213gm-00a9-0000-5f7264d2-07-s0-d11,169,B,3,37,"[20900,17800,35900,25400]",3,-4.0,2,0,0,0,2,True
2024-2024092213gm-00a9-0000-5f7264d2-07-s0-d11,170,A,1,65,"[30900,23800,11900,33400]",2,4.0,1,3,0,0,1,True
2024-2024092213gm-00a9-0000-5f7264d2-07-s0-d11,170,B,3,37,"[27300,26400,11900,34400]",2,4.0,1,3,0,0,1,True
2024-2024092213gm-00a9-0000-5f7264d2-07-s0-d11,171,A,1,65,"[30900,22800,11900,34400]",2,4.0,1,3,0,0,1,True
2024-2024092213gm-00a9-0000-5f7264d2-07-s0-d11,171,B,3,37,"[31400,22300,12400,32900]",2,4.0,1,3,0,1,1,True
2024-2024092213gm-00a9-0000-5f7264d2-07-s0-d11,172,A,1,65,"[30900,22800,11900,34400]",2,4.0,1,3,0,0,1,True
2024-2024092213gm-00a9-0000-5f7264d2-07-s0-d11,172,B,3,37,"[29200,27500,10200,33100]",2,4.0,1,3,0,0,1,True
2024-2024092213gm-00a9-0000-5f7264d2-07-s0-d11,173,A,1,65,"[31400,22300,13400,32900]",2,4.0,1,3,0,0,1,True
2024-2024092213gm-00a9-0000-5f7264d2-07-s0-d11,173,B,3,37,"[28900,22800,14900,33400]",2,4.0,1,3,0,0,1,True
2024-2024092213gm-00a9-0000-5f7264d2-07-s0-d11,174,A,1,65,"[32900,22800,10900,33400]",2,4.0,1,3,0,0,1,True
2024-2024092213gm-00a9-0000-5f7264d2-07-s0-d11,174,B,3,37,"[33800,23800,8000,34400]",2,4.0,1,3,0,0,1,True
2024-2024092213gm-00a9-0000-5f7264d2-07-s0-d11,175,A,1,65,"[31900,23800,9900,34400]",2,4.0,1,3,0,0,1,True
2024-2024092213gm-00a9-0000-5f7264d2-07-s0-d11,175,B,3,37,"[32900,22800,10900,33400]",2,4.0,1,3,0,0,1,True
2024-2024092213gm-00a9-0000-5f7264d2-07-s0-d11,176,A,1,65,"[31400,22300,12400,32900]",2,4.0,1,3,0,1,1,True
2024-2024092213gm-00a9-0000-5f7264d2-07-s0-d11,176,B,3,37,"[31400,22300,10400,35900]",2,4.0,1,3,0,0,1,True
2024-2024092213gm-00a9-0000-5f7264d2-07-s0-d11,177,A,1,65,"[31900,21800,11900,34400]",2,4.0,1,3,0,0,1,True
2024-2024092213gm-00a9-0000-5f7264d2-07-s0-d11,177,B,3,37,"[37600,23800,4200,34400]",1,10.0,1,3,0,0,1,True
2024-2024092213gm-00a9-0000-5f7264d2-07-s0-d11,178,A,1,65,"[31400,23400,11500,33700]",2,4.0,1,3,0,0,1,True
2024-2024092213gm-00a9-0000-5f7264d2-07-s0-d11,178,B,3,37,"[37900,21800,9900,30400]",1,10.0,1,3,0,0,1,True
2024-2024092213gm-00a9-0000-5f7264d2-07-s0-d11,179,A,1,65,"[31900,23800,9900,34400]",2,4.0,1,3,0,0,1,True
2024-2024092213gm-00a9-0000-5f7264d2-07-s0-d11,179,B,3,37,"[29900,23800,11900,34400]",2,4.0,1,3,0,0,1,True
2024-2024092213gm-00a9-0000-5f7264d2-07-s0-d11,180,A,1,65,"[31400,25300,10400,32900]",2,4.0,1,3,0,0,1,True
2024-2024092213gm-00a9-0000-5f7264d2-07-s0-d11,180,B,3,37,"[32900,20800,11900,34400]",2,4.0,1,3,0,0,1,True
2024-2024092213gm-00a9-0000-5f7264d2-07-s0-d11,181,A,1,65,"[30900,22800,11900,34400]",2,4.0,1,3,0,0,1,True
2024-2024092213gm-00a9-0000-5f7264d2-07-s0-d11,181,B,3,37,"[28900,22800,10900,37400]",2,4.0,1,3,0,0,1,True
2024-2024092213gm-00a9-0000-5f7264d2-07-s0-d11,182,A,1,65,"[24700,23800,17100,34400]",2,4.0,1,3,0,0,1,True
2024-2024092213gm-00a9-0000-5f7264d2-07-s0-d11,182,B,3,37,"[28900,22800,13900,33400]",2,4.0,1,3,0,1,1,True
2024-2024092213gm-00a9-0000-5f7264d2-07-s0-d11,183,A,1,65,"[29900,21200,14500,34400]",2,4.0,1,3,0,0,1,True
2024-2024092213gm-00a9-0000-5f7264d2-07-s0-d11,183,B,3,37,"[29900,23800,11900,34400]",2,4.0,1,3,0,0,1,True
2024-2024092213gm-00a9-0000-5f7264d2-07-s0-d11,184,A,1,65,"[39900,25000,23900,11200]",1,10.0,2,0,0,0,2,True
2024-2024092213gm-00a9-0000-5f7264d2-07-s0-d11,184,B,3,37,"[28900,22800,10900,37400]",2,4.0,1,3,0,0,1,True
2024-2024092213gm-00a9-0000-5f7264d2-07-s0-d11,185,A,1,65,"[31400,22300,12400,32900]",2,4.0,1,3,0,1,1,True
2024-2024092213gm-00a9-0000-5f7264d2-07-s0-d11,185,B,3,37,"[31400,22300,12400,32900]",2,4.0,1,3,0,1,1,True
2024-2024092213gm-00a9-0000-5f7264d2-07-s0-d11,186,A,1,65,"[31900,23300,11400,33400]",2,4.0,1,3,0,0,1,True
2024-2024092213gm-00a9-0000-5f7264d2-07-s0-d11,186,B,3,37,"[31400,22300,12400,32900]",2,4.0,1,3,0,1,1,True
2024-2024092213gm-00a9-0000-5f7264d2-07-s0-d11,187,A,1,65,"[30900,22800,11900,34400]",2,4.0,1,3,0,0,1,True
2024-2024092213gm-00a9-0000-5f7264d2-07-s0-d11,187,B,3,37,"[33800,19900,11900,34400]",2,4.0,1,3,0,0,1,True
2024-2024092213gm-00a9-0000-5f7264d2-07-s0-d11,188,A,1,65,"[31900,21800,11900,34400]",2,4.0,1,3,0,0,1,True
2024-2024092213gm-00a9-0000-5f7264d2-07-s0-d11,188,B,3,37,"[31400,22300,10400,35900]",2,4.0,1,3,0,0,1,True
2024-2024092213gm-00a9-0000-5f7264d2-07-s0-d11,189,A,1,65,"[31400,24300,10400,32900]",2,4.0,1,3,0,1,1,True
2024-2024092213gm-00a9-0000-5f7264d2-07-s0-d11,189,B,3,37,"[31400,24300,10400,32900]",2,4.0,1,3,0,1,1,True
2024-2024092213gm-00a9-0000-5f7264d2-07-s0-d11,190,A,1,65,"[29900,23800,4200,42100]",2,4.0,1,3,0,0,1,True
2024-2024092213gm-00a9-0000-5f7264d2-07-s0-d11,190,B,3,37,"[29900,23800,4200,42100]",2,4.0,1,3,0,0,1,True
2024-2024092213gm-00a9-0000-5f7264d2-07-s0-d11,191,A,1,65,"[31900,23800,9900,34400]",2,4.0,1,3,0,0,1,True
2024-2024092213gm-00a9-0000-5f7264d2-07-s0-d11,191,B,3,37,"[32900,22800,10900,33400]",2,4.0,1,3,0,0,1,True
2024-2024092213gm-00a9-0000-5f7264d2-07-s0-d11,192,A,1,65,"[31000,23500,11600,33900]",2,4.0,1,3,0,0,1,True
2024-2024092213gm-00a9-0000-5f7264d2-07-s0-d11,192,B,3,37,"[32900,22800,10900,33400]",2,4.0,1,3,0,0,1,True
2024-2024092213gm-00a9-0000-5f7264d2-07-s0-d11,193,A,1,65,"[31900,23800,9900,34400]",2,4.0,1,3,0,0,1,True
2024-2024092213gm-00a9-0000-5f7264d2-07-s0-d11,193,B,3,37,"[26900,24800,12900,35400]",2,4.0,1,3,0,0,1,True
2024-2024092213gm-00a9-0000-5f7264d2-07-s0-d11,194,A,1,65,"[31000,23500,11600,33900]",2,4.0,1,3,0,0,1,True
2024-2024092213gm-00a9-0000-5f7264d2-07-s0-d11,194,B,3,37,"[28900,25800,10900,33400]",2,4.0,1,3,0,1,1,True
2024-2024092213gm-00a9-0000-5f7264d2-07-s0-d11,195,A,1,65,"[31900,23800,9900,34400]",2,4.0,1,3,0,0,1,True
2024-2024092213gm-00a9-0000-5f7264d2-07-s0-d11,195,B,3,37,"[33800,23800,11900,30500]",1,10.0,1,3,0,0,1,True
2024-2024092213gm-00a9-0000-5f7264d2-07-s0-d11,196,A,1,65,"[31400,25300,10400,32900]",2,4.0,1,3,0,0,1,True
2024-2024092213gm-00a9-0000-5f7264d2-07-s0-d11,196,B,3,37,"[27900,31800,9900,30400]",3,-4.0,1,3,0,0,1,True
2024-2024092213gm-00a9-0000-5f7264d2-07-s0-d11,197,A,1,65,"[31000,23500,11600,33900]",2,4.0,1,3,0,0,1,True
2024-2024092213gm-00a9-0000-5f7264d2-07-s0-d11,197,B,3,37,"[28500,21800,17700,32000]",2,4.0,2,3,1,0,5,True
2024-2024092213gm-00a9-0000-5f7264d2-07-s0-d11,198,A,1,65,"[32900,22800,10900,33400]",2,4.0,1,3,0,0,1,True
2024-2024092213gm-00a9-0000-5f7264d2-07-s0-d11,198,B,3,37,"[28900,22800,13900,33400]",2,4.0,1,3,0,1,1,True
2024-2024092213gm-00a9-0000-5f7264d2-07-s0-d11,199,A,1,65,"[31900,23800,11900,32400]",2,4.0,1,3,0,0,1,True
2024-2024092213gm-00a9-0000-5f7264d2-07-s0-d11,199,B,3,37,"[37900,23800,3900,34400]",1,10.0,1,3,0,0,1,True
2024-2024092213gm-00a9-0000-5f7264d2-07-s0-d11,200,A,1,65,"[28900,25800,10900,33400]",2,4.0,1,3,0,1,1,True
2024-2024092213gm-00a9-0000-5f7264d2-07-s0-d11,200,B,3,37,"[37600,23800,4200,34400]",1,10.0,1,3,0,0,1,True
2024-2024092213gm-00a9-0000-5f7264d2-07-s0-d11,201,A,1,65,"[30900,23800,10900,34400]",2,4.0,1,3,0,0,1,True
2024-2024092213gm-00a9-0000-5f7264d2-07-s0-d11,201,B,3,37,"[25900,11100,36600,26400]",3,-4.0,2,0,0,0,2,True
2024-2024092213gm-00a9-0000-5f7264d2-07-s0-d11,202,A,1,65,"[32900,22800,10900,33400]",2,4.0,1,3,0,0,1,True
2024-2024092213gm-00a9-0000-5f7264d2-07-s0-d11,202,B,3,37,"[33800,23800,8000,34400]",2,4.0,1,3,0,0,1,True
2024-2024092213gm-00a9-0000-5f7264d2-07-s0-d11,203,A,1,65,"[28900,22800,13900,33400]",2,4.0,1,3,0,1,1,True
2024-2024092213gm-00a9-0000-5f7264d2-07-s0-d11,203,B,3,37,"[28900,22800,14900,33400]",2,4.0,1,3,0,0,1,True
2024-2024092213gm-00a9-0000-5f7264d2-07-s0-d11,204,A,1,65,"[30900,23800,10900,34400]",2,4.0,1,3,0,0,1,True
2024-2024092213gm-00a9-0000-5f7264d2-07-s0-d11,204,B,3,37,"[33900,22800,10900,32400]",1,10.0,1,3,0,0,1,True
2024-2024092213gm-00a9-0000-5f7264d2-07-s0-d11,205,A,1,65,"[31400,24300,10400,32900]",2,4.0,1,3,0,1,1,True
2024-2024092213gm-00a9-0000-5f7264d2-07-s0-d11,205,B,3,37,"[34800,18900,11900,34400]",1,10.0,1,3,0,0,1,True
2024-2024092213gm-00a9-0000-5f7264d2-07-s0-d11,206,A,1,65,"[30900,23800,10900,34400]",2,4.0,1,3,0,0,1,True
2024-2024092213gm-00a9-0000-5f7264d2-07-s0-d11,206,B,3,37,"[27900,21800,19900,30400]",2,4.0,1,3,0,0,1,True
2024-2024092213gm-00a9-0000-5f7264d2-07-s0-d11,207,A,1,65,"[27900,11800,35900,24400]",2,4.0,2,1,0,0,3,True
2024-2024092213gm-00a9-0000-5f7264d2-07-s0-d11,207,B,3,37,"[27900,11800,35900,24400]",2,4.0,2,1,0,0,3,True
2024-2024092213gm-00a9-0000-5f7264d2-07-s0-d11,208,A,1,65,"[31400,24300,10400,32900]",2,4.0,1,3,0,1,1,True
2024-2024092213gm-00a9-0000-5f7264d2-07-s0-d11,208,B,3,37,"[29900,23800,11900,34400]",2,4.0,1,3,0,0,1,True
2024-2024092213gm-00a9-0000-5f7264d2-07-s0-d11,209,A,1,65,"[31900,22800,10900,34400]",2,4.0,1,3,0,0,1,True
2024-2024092213gm-00a9-0000-5f7264d2-07-s0-d11,209,B,3,37,"[28900,25800,10900,33400]",2,4.0,1,3,0,1,1,True
2024-2024092213gm-00a9-0000-5f7264d2-07-s0-d11,210,A,1,65,"[38900,20800,23900,16400]",1,10.0,2,0,0,0,2,True
2024-2024092213gm-00a9-0000-5f7264d2-07-s0-d11,210,B,3,37,"[34800,23800,7000,34400]",1,10.0,1,3,0,0,1,True
2024-2024092213gm-00a9-0000-5f7264d2-07-s0-d11,211,A,1,65,"[31400,24300,10400,32900]",2,4.0,1,3,0,1,1,True
2024-2024092213gm-00a9-0000-5f7264d2-07-s0-d11,211,B,3,37,"[31400,24300,10400,32900]",2,4.0,1,3,0,1,1,True
2024-2024092213gm-00a9-0000-5f7264d2-07-s0-d11,212,A,1,65,"[28600,30000,9600,31800]",3,-4.0,1,3,0,0,1,True
2024-2024092213gm-00a9-0000-5f7264d2-07-s0-d11,212,B,3,37,"[28600,30000,9600,31800]",3,-4.0,1,3,0,0,1,True
2024-2024092213gm-00a9-0000-5f7264d2-07-s0-d11,213,A,1,65,"[31000,23500,11600,33900]",2,4.0,1,3,0,0,1,True
2024-2024092213gm-00a9-0000-5f7264d2-07-s0-d11,213,B,3,37,"[29900,23800,11900,34400]",2,4.0,1,3,0,0,1,True
2024-2024092213gm-00a9-0000-5f7264d2-07-s0-d11,214,A,1,65,"[29900,23800,11900,34400]",2,4.0,1,3,0,0,1,True
2024-2024092213gm-00a9-0000-5f7264d2-07-s0-d11,214,B,3,37,"[29900,23800,11900,34400]",2,4.0,1,3,0,0,1,True
2024-2024092213gm-00a9-0000-5f7264d2-07-s0-d11,215,A,1,65,"[22200,31500,11900,34400]",3,-4.0,1,3,0,0,1,True
2024-2024092213gm-00a9-0000-5f7264d2-07-s0-d11,215,B,3,37,"[29900,18000,11900,40200]",2,4.0,1,3,0,0,1,True
2024-2024092213gm-00a9-0000-5f7264d2-07-s0-d11,216,A,1,65,"[31900,21800,11900,34400]",2,4.0,1,3,0,0,1,True
2024-2024092213gm-00a9-0000-5f7264d2-07-s0-d11,216,B,3,37,"[29900,23800,11900,34400]",2,4.0,1,3,0,0,1,True
2024-2024092213gm-00a9-0000-5f7264d2-07-s0-d11,217,A,1,65,"[31900,23300,11400,33400]",2,4.0,1,3,0,0,1,True
2024-2024092213gm-00a9-0000-5f7264d2-07-s0-d11,217,B,3,37,"[37600,16100,11900,34400]",1,10.0,1,3,0,0,1,True
2024-2024092213gm-00a9-0000-5f7264d2-07-s0-d11,218,A,1,65,"[37600,23800,4200,34400]",1,10.0,1,3,0,0,1,True
2024-2024092213gm-00a9-0000-5f7264d2-07-s0-d11,218,B,3,37,"[37600,23800,4200,34400]",1,10.0,1,3,0,0,1,True
2024-2024092213gm-00a9-0000-5f7264d2-07-s0-d11,219,A,1,65,"[31900,23800,9900,34400]",2,4.0,1,3,0,0,1,True
2024-2024092213gm-00a9-0000-5f7264d2-07-s0-d11,219,B,3,37,"[27900,21800,19900,30400]",2,4.0,1,3,0,0,1,True
2024-2024092213gm-00a9-0000-5f7264d2-07-s0-d11,220,A,1,65,"[32900,22800,10900,33400]",2,4.0,1,3,0,0,1,True
2024-2024092213gm-00a9-0000-5f7264d2-07-s0-d11,220,B,3,37,"[29900,23800,11900,34400]",2,4.0,1,3,0,0,1,True
2024-2024092213gm-00a9-0000-5f7264d2-07-s0-d11,221,A,1,65,"[29900,23800,11900,34400]",2,4.0,1,3,0,0,1,True
2024-2024092213gm-00a9-0000-5f7264d2-07-s0-d11,221,B,3,37,"[30900,24800,12900,31400]",2,4.0,1,3,0,0,1,True
2024-2024092213gm-00a9-0000-5f7264d2-07-s0-d11,222,A,1,65,"[31000,23500,11600,33900]",2,4.0,1,3,0,0,1,True
2024-2024092213gm-00a9-0000-5f7264d2-07-s0-d11,222,B,3,37,"[37900,23800,3900,34400]",1,10.0,1,3,0,0,1,True
2024-2024092213gm-00a9-0000-5f7264d2-07-s0-d11,223,A,1,65,"[31400,23400,11500,33700]",2,4.0,1,3,0,0,1,True
2024-2024092213gm-00a9-0000-5f7264d2-07-s0-d11,223,B,3,37,"[28900,22800,14900,33400]",2,4.0,1,3,0,0,1,True
2024-2024092213gm-00a9-0000-5f7264d2-07-s0-d11,224,A,1,65,"[31900,23300,11400,33400]",2,4.0,1,3,0,0,1,True
2024-2024092213gm-00a9-0000-5f7264d2-07-s0-d11,224,B,3,37,"[37600,16100,11900,34400]",1,10.0,1,3,0,0,1,True
2024-2024092213gm-00a9-0000-5f7264d2-07-s0-d11,225,A,1,65,"[32900,22800,10900,33400]",2,4.0,1,3,0,0,1,True
2024-2024092213gm-00a9-0000-5f7264d2-07-s0-d11,225,B,3,37,"[32900,22800,10900,33400]",2,4.0,1,3,0,0,1,True
2024-2024092213gm-00a9-0000-5f7264d2-07-s0-d11,226,A,1,65,"[30900,22800,11900,34400]",2,4.0,1,3,0,0,1,True
2024-2024092213gm-00a9-0000-5f7264d2-07-s0-d11,226,B,3,37,"[31400,22300,12400,32900]",2,4.0,1,3,0,1,1,True
2024-2024092213gm-00a9-0000-5f7264d2-07-s0-d11,227,A,1,65,"[30900,22800,11900,34400]",2,4.0,1,3,0,0,1,True
2024-2024092213gm-00a9-0000-5f7264d2-07-s0-d11,227,B,3,37,"[33800,23800,8000,34400]",2,4.0,1,3,0,0,1,True
2024-2024092213gm-00a9-0000-5f7264d2-07-s0-d11,228,A,1,65,"[31400,22300,12400,32900]",2,4.0,1,3,0,1,1,True
2024-2024092213gm-00a9-0000-5f7264d2-07-s0-d11,228,B,3,37,"[31400,22300,12400,32900]",2,4.0,1,3,0,1,1,True
2024-2024092213gm-00a9-0000-5f7264d2-07-s0-d11,229,A,1,65,"[30900,23800,10900,34400]",2,4.0,1,3,0,0,1,True
2024-2024092213gm-00a9-0000-5f7264d2-07-s0-d11,229,B,3,37,"[37800,21800,9900,30500]",1,10.0,1,3,0,0,1,True
2024-2024092213gm-00a9-0000-5f7264d2-07-s0-d11,230,A,1,65,"[30900,22800,11900,34400]",2,4.0,1,3,0,0,1,True
2024-2024092213gm-00a9-0000-5f7264d2-07-s0-d11,230,B,3,37,"[32900,22800,10900,33400]",2,4.0,1,3,0,0,1,True
2024-2024092213gm-00a9-0000-5f7264d2-07-s0-d11,231,A,1,65,"[31900,23800,9900,34400]",2,4.0,1,3,0,0,1,True
2024-2024092213gm-00a9-0000-5f7264d2-07-s0-d11,231,B,3,37,"[32900,22800,10900,33400]",2,4.0,1,3,0,0,1,True
2024-2024092213gm-00a9-0000-5f7264d2-07-s0-d11,232,A,1,65,"[32900,22800,10900,33400]",2,4.0,1,3,0,0,1,True
2024-2024092213gm-00a9-0000-5f7264d2-07-s0-d11,232,B,3,37,"[32900,22800,10900,33400]",2,4.0,1,3,0,0,1,True
2024-2024092213gm-00a9-0000-5f7264d2-07-s0-d11,233,A,1,65,"[32900,22800,10900,33400]",2,4.0,1,3,0,0,1,True
2024-2024092213gm-00a9-0000-5f7264d2-07-s0-d11,233,B,3,37,"[28900,22800,14900,33400]",2,4.0,1,3,0,0,1,True
2024-2024092213gm-00a9-0000-5f7264d2-07-s0-d11,234,A,1,65,"[32900,22800,10900,33400]",2,4.0,1,3,0,0,1,True
2024-2024092213gm-00a9-0000-5f7264d2-07-s0-d11,234,B,3,37,"[29900,23800,11900,34400]",2,4.0,1,3,0,0,1,True
2024-2024092213gm-00a9-0000-5f7264d2-07-s0-d11,235,A,1,65,"[31900,23300,11400,33400]",2,4.0,1,3,0,0,1,True
2024-2024092213gm-00a9-0000-5f7264d2-07-s0-d11,235,B,3,37,"[32900,22800,10900,33400]",2,4.0,1,3,0,0,1,True
2024-2024092213gm-00a9-0000-5f7264d2-07-s0-d11,236,A,1,65,"[31900,23300,11400,33400]",2,4.0,1,3,0,0,1,True
2024-2024092213gm-00a9-0000-5f7264d2-07-s0-d11,236,B,3,37,"[37800,21800,9900,30500]",1,10.0,1,3,0,0,1,True
2024-2024092213gm-00a9-0000-5f7264d2-07-s0-d11,237,A,1,65,"[29900,23800,11900,34400]",2,4.0,1,3,0,0,1,True
2024-2024092213gm-00a9-0000-5f7264d2-07-s0-d11,237,B,3,37,"[31400,22300,13400,32900]",2,4.0,1,3,0,0,1,True
2024-2024092213gm-00a9-0000-5f7264d2-07-s0-d11,238,A,1,65,"[31900,23300,11400,33400]",2,4.0,1,3,0,0,1,True
2024-2024092213gm-00a9-0000-5f7264d2-07-s0-d11,238,B,3,37,"[37900,23800,3900,34400]",1,10.0,1,3,0,0,1,True
2024-2024092213gm-00a9-0000-5f7264d2-07-s0-d11,239,A,1,65,"[28900,22800,13900,33400]",2,4.0,1,3,0,1,1,True
2024-2024092213gm-00a9-0000-5f7264d2-07-s0-d11,239,B,3,37,"[28900,22800,13900,33400]",2,4.0,1,3,0,1,1,True
2024-2024092213gm-00a9-0000-5f7264d2-07-s0-d11,240,A,1,65,"[37600,16100,11900,34400]",1,10.0,1,3,0,0,1,True
2024-2024092213gm-00a9-0000-5f7264d2-07-s0-d11,240,B,3,37,"[37800,21800,9900,30500]",1,10.0,1,3,0,0,1,True
2024-2024092213gm-00a9-0000-5f7264d2-07-s0-d11,241,A,1,65,"[31900,23300,11400,33400]",2,4.0,1,3,0,0,1,True
2024-2024092213gm-00a9-0000-5f7264d2-07-s0-d11,241,B,3,37,"[20500,19800,31300,28400]",3,-4.0,2,0,0,0,2,True
2024-2024092213gm-00a9-0000-5f7264d2-07-s0-d11,242,A,1,65,"[31000,23500,11600,33900]",2,4.0,1,3,0,0,1,True
2024-2024092213gm-00a9-0000-5f7264d2-07-s0-d11,242,B,3,37,"[33900,22800,10900,32400]",1,10.0,1,3,0,0,1,True
2024-2024092213gm-00a9-0000-5f7264d2-07-s0-d11,243,A,1,65,"[32900,22800,10900,33400]",2,4.0,1,3,0,0,1,True
2024-2024092213gm-00a9-0000-5f7264d2-07-s0-d11,243,B,3,37,"[32900,22800,10900,33400]",2,4.0,1,3,0,0,1,True
2024-2024092213gm-00a9-0000-5f7264d2-07-s0-d11,244,A,1,65,"[29900,11800,11900,46400]",2,4.0,1,3,0,0,1,True
2024-2024092213gm-00a9-0000-5f7264d2-07-s0-d11,244,B,3,37,"[32900,22800,10900,33400]",2,4.0,1,3,0,0,1,True
2024-2024092213gm-00a9-0000-5f7264d2-07-s0-d11,245,A,1,65,"[32900,22800,10900,33400]",2,4.0,1,3,0,0,1,True
2024-2024092213gm-00a9-0000-5f7264d2-07-s0-d11,245,B,3,37,"[29900,23800,11900,34400]",2,4.0,1,3,0,0,1,True
2024-2024092213gm-00a9-0000-5f7264d2-07-s0-d11,246,A,1,65,"[31900,21800,11900,34400]",2,4.0,1,3,0,0,1,True
2024-2024092213gm-00a9-0000-5f7264d2-07-s0-d11,246,B,3,37,"[21900,23800,19900,34400]",3,-4.0,1,3,0,0,1,True
2024-2024092213gm-00a9-0000-5f7264d2-07-s0-d11,247,A,1,65,"[31000,23500,11600,33900]",2,4.0,1,3,0,0,1,True
2024-2024092213gm-00a9-0000-5f7264d2-07-s0-d11,247,B,3,37,"[37900,23800,3900,34400]",1,10.0,1,3,0,0,1,True
2024-2024092213gm-00a9-0000-5f7264d2-07-s0-d11,248,A,1,65,"[31000,23500,11600,33900]",2,4.0,1,3,0,0,1,True
2024-2024092213gm-00a9-0000-5f7264d2-07-s0-d11,248,B,3,37,"[28600,22500,17100,31800]",2,4.0,1,3,0,0,1,True
2024-2024092213gm-00a9-0000-5f7264d2-07-s0-d11,249,A,1,65,"[30900,22800,11900,34400]",2,4.0,1,3,0,0,1,True
2024-2024092213gm-00a9-0000-5f7264d2-07-s0-d11,249,B,3,37,"[32900,22800,10900,33400]",2,4.0,1,3,0,0,1,True
2024-2024092213gm-00a9-0000-5f7264d2-07-s0-d11,250,A,1,65,"[32900,22800,10900,33400]",2,4.0,1,3,0,0,1,True
2024-2024092213gm-00a9-0000-5f7264d2-07-s0-d11,250,B,3,37,"[31400,22300,12400,32900]",2,4.0,1,3,0,1,1,True
2024-2024092213gm-00a9-0000-5f7264d2-07-s0-d11,251,A,1,65,"[31900,23300,11400,33400]",2,4.0,1,3,0,0,1,True
2024-2024092213gm-00a9-0000-5f7264d2-07-s0-d11,251,B,3,37,"[32900,22800,10900,33400]",2,4.0,1,3,0,0,1,True
2024-2024092213gm-00a9-0000-5f7264d2-07-s0-d11,252,A,1,65,"[30900,23800,11900,33400]",2,4.0,1,3,0,0,1,True
2024-2024092213gm-00a9-0000-5f7264d2-07-s0-d11,252,B,3,37,"[29900,18900,16800,34400]",2,4.0,1,3,0,0,1,True
2024-2024092213gm-00a9-0000-5f7264d2-07-s0-d11,253,A,1,65,"[30900,22800,11900,34400]",2,4.0,1,3,0,0,1,True
2024-2024092213gm-00a9-0000-5f7264d2-07-s0-d11,253,B,3,37,"[27300,26400,11900,34400]",2,4.0,1,3,0,0,1,True
2024-2024092213gm-00a9-0000-5f7264d2-07-s0-d11,254,A,1,65,"[27900,21800,19800,30500]",2,4.0,1,3,0,0,1,True
2024-2024092213gm-00a9-0000-5f7264d2-07-s0-d11,254,B,3,37,"[29900,23800,11900,34400]",2,4.0,1,3,0,0,1,True
2024-2024092213gm-00a9-0000-5f7264d2-07-s0-d11,255,A,1,65,"[24700,23800,17100,34400]",2,4.0,1,3,0,0,1,True
2024-2024092213gm-00a9-0000-5f7264d2-07-s0-d11,255,B,3,37,"[24700,23800,17100,34400]",2,4.0,1,3,0,0,1,True
2024-2024100200gm-00a9-0000-0aacab28-12-s0-d21,0,A,1,11,"[16100,19900,42600,21400]",4,-10.0,1,3,2,0,3,True
2024-2024100200gm-00a9-0000-0aacab28-12-s0-d21,0,B,3,63,"[26200,13300,42900,17600]",2,4.0,1,3,1,0,2,True
2024-2024100200gm-00a9-0000-0aacab28-12-s0-d21,1,A,1,11,"[16900,18200,42300,22600]",4,-10.0,1,3,1,0,2,True
2024-2024100200gm-00a9-0000-0aacab28-12-s0-d21,1,B,3,63,"[26900,16600,36200,20300]",2,4.0,1,3,2,0,3,True
2024-2024100200gm-00a9-0000-0aacab28-12-s0-d21,2,A,1,11,"[11500,15300,50600,22600]",4,-10.0,1,3,1,0,2,True
2024-2024100200gm-00a9-0000-0aacab28-12-s0-d21,2,B,3,63,"[25200,13300,40600,20900]",2,4.0,1,3,2,0,3,True
2024-2024100200gm-00a9-0000-0aacab28-12-s0-d21,3,A,1,11,"[27300,12200,31600,28900]",3,-4.0,1,3,2,0,3,True
2024-2024100200gm-00a9-0000-0aacab28-12-s0-d21,3,B,3,63,"[21700,7200,34200,36900]",3,-4.0,1,3,1,0,2,True
2024-2024100200gm-00a9-0000-0aacab28-12-s0-d21,4,A,1,11,"[22100,13000,42300,22600]",3,-4.0,1,3,1,0,2,True
2024-2024100200gm-00a9-0000-0aacab28-12-s0-d21,4,B,3,63,"[30100,11000,40300,18600]",2,4.0,1,3,1,0,2,True
2024-2024100200gm-00a9-0000-0aacab28-12-s0-d21,5,A,1,11,"[13700,8200,36200,41900]",3,-4.0,1,3,1,0,2,True
2024-2024100200gm-00a9-0000-0aacab28-12-s0-d21,5,B,3,63,"[21700,6200,34200,37900]",3,-4.0,1,3,1,0,2,True
2024-2024100200gm-00a9-0000-0aacab28-12-s0-d21,6,A,1,11,"[23100,13700,41700,21500]",2,4.0,1,3,1,0,2,True
2024-2024100200gm-00a9-0000-0aacab28-12-s0-d21,6,B,3,63,"[29800,3000,44600,22600]",2,4.0,1,3,1,0,2,True
2024-2024100200gm-00a9-0000-0aacab28-12-s0-d21,7,A,1,11,"[21300,15800,40800,21100]",2,4.0,1,3,1,1,2,True
2024-2024100200gm-00a9-0000-0aacab28-12-s0-d21,7,B,3,63,"[26800,15300,39300,17600]",2,4.0,1,3,1,1,2,True
2024-2024100200gm-00a9-0000-0aacab28-12-s0-d21,8,A,1,11,"[17700,20600,41200,20500]",4,-10.0,1,3,1,0,2,True
2024-2024100200gm-00a9-0000-0aacab28-12-s0-d21,8,B,3,63,"[30300,5800,40800,21100]",2,4.0,1,3,1,2,2,True
2024-2024100200gm-00a9-0000-0aacab28-12-s0-d21,9,A,1,11,"[30800,-700,44300,25600]",2,4.0,1,3,1,0,2,True
2024-2024100200gm-00a9-0000-0aacab28-12-s0-d21,9,B,3,63,"[27300,4800,42800,23100]",2,4.0,1,3,2,2,3,True
2024-2024100200gm-00a9-0000-0aacab28-12-s0-d21,10,A,1,11,"[19800,13000,44600,22600]",3,-4.0,1,3,1,0,2,True
2024-2024100200gm-00a9-0000-0aacab28-12-s0-d21,10,B,3,63,"[23800,19300,46300,10600]",2,4.0,1,3,0,0,1,True
2024-2024100200gm-00a9-0000-0aacab28-12-s0-d21,11,A,1,11,"[19200,14700,44600,21500]",3,-4.0,1,3,1,0,2,True
2024-2024100200gm-00a9-0000-0aacab28-12-s0-d21,11,B,3,63,"[30200,12900,38900,18000]",2,4.0,1,3,1,0,2,True
2024-2024100200gm-00a9-0000-0aacab28-12-s0-d21,12,A,1,11,"[22800,14300,41300,21600]",2,4.0,1,3,1,0,2,True
2024-2024100200gm-00a9-0000-0aacab28-12-s0-d21,12,B,3,63,"[27800,13300,45800,13100]",2,4.0,1,3,1,0,2,True
2024-2024100200gm-00a9-0000-0aacab28-12-s0-d21,13,A,1,11,"[17700,13200,50600,18500]",3,-4.0,1,3,1,0,2,True
2024-2024100200gm-00a9-0000-0aacab28-12-s0-d21,13,B,3,63,"[25700,11200,48600,14500]",2,4.0,1,3,1,0,2,True
2024-2024100200gm-00a9-0000-0aacab28-12-s0-d21,14,A,1,11,"[19000,18300,41500,21200]",3,-4.0,1,3,1,0,2,True
2024-2024100200gm-00a9-0000-0aacab28-12-s0-d21,14,B,3,63,"[19000,18300,41500,21200]",3,-4.0,1,3,1,0,2,True
2024-2024100200gm-00a9-0000-0aacab28-12-s0-d21,15,A,1,11,"[22800,14500,41500,21200]",2,4.0,1,3,1,0,2,True
2024-2024100200gm-00a9-0000-0aacab28-12-s0-d21,15,B,3,63,"[36100,5000,40300,18600]",2,4.0,1,3,1,0,2,True
2024-2024100200gm-00a9-0000-0aacab28-12-s0-d21,16,A,1,11,"[21300,15800,40800,21100]",2,4.0,1,3,1,1,2,True
2024-2024100200gm-00a9-0000-0aacab28-12-s0-d21,16,B,3,63,"[21100,20000,40300,18600]",2,4.0,1,3,1,0,2,True
2024-2024100200gm-00a9-0000-0aacab28-12-s0-d21,17,A,1,11,"[23800,13500,41500,21200]",2,4.0,1,3,1,0,2,True
2024-2024100200gm-00a9-0000-0aacab28-12-s0-d21,17,B,3,63,"[30100,12300,40300,17300]",2,4.0,1,3,1,0,2,True
2024-2024100200gm-00a9-0000-0aacab28-12-s0-d21,18,A,1,11,"[18800,17300,41300,21600]",3,-4.0,1,3,1,1,2,True
2024-2024100200gm-00a9-0000-0aacab28-12-s0-d21,18,B,3,63,"[26800,15300,39300,17600]",2,4.0,1,3,1,1,2,True
2024-2024100200gm-00a9-0000-0aacab28-12-s0-d21,19,A,1,11,"[18500,15300,43600,22600]",3,-4.0,1,3,1,0,2,True
2024-2024100200gm-00a9-0000-0aacab28-12-s0-d21,19,B,3,63,"[27400,12900,41700,18000]",2,4.0,1,3,1,0,2,True
2024-2024100200gm-00a9-0000-0aacab28-12-s0-d21,20,A,1,11,"[33100,2000,42300,22600]",2,4.0,1,3,1,0,2,True
2024-2024100200gm-00a9-0000-0aacab28-12-s0-d21,20,B,3,63,"[41100,0,40300,18600]",1,10.0,1,3,1,0,2,True
2024-2024100200gm-00a9-0000-0aacab28-12-s0-d21,21,A,1,11,"[13700,9200,36200,40900]",3,-4.0,1,3,1,0,2,True
2024-2024100200gm-00a9-0000-0aacab28-12-s0-d21,21,B,3,63,"[21700,7200,34200,36900]",3,-4.0,1,3,1,0,2,True
2024-2024100200gm-00a9-0000-0aacab28-12-s0-d21,22,A,1,11,"[28100,15300,42300,14300]",2,4.0,1,3,1,0,2,True
2024-2024100200gm-00a9-0000-0aacab28-12-s0-d21,22,B,3,63,"[36100,13300,40300,10300]",2,4.0,1,3,1,0,2,True
2024-2024100200gm-00a9-0000-0aacab28-12-s0-d21,23,A,1,11,"[18800,17300,41300,21600]",3,-4.0,1,3,1,1,2,True
2024-2024100200gm-00a9-0000-0aacab28-12-s0-d21,23,B,3,63,"[26300,11800,36600,24300]",2,4.0,1,3,4,1,5,True
2024-2024100200gm-00a9-0000-0aacab28-12-s0-d21,24,A,1,11,"[18500,15300,43600,22600]",3,-4.0,1,3,1,0,2,True
2024-2024100200gm-00a9-0000-0aacab28-12-s0-d21,24,B,3,63,"[26800,12300,43300,17600]",2,4.0,1,3,1,0,2,True
2024-2024100200gm-00a9-0000-0aacab28-12-s0-d21,25,A,1,11,"[17700,13200,50500,18600]",3,-4.0,1,3,1,0,2,True
2024-2024100200gm-00a9-0000-0aacab28-12-s0-d21,25,B,3,63,"[17700,13200,50500,18600]",3,-4.0,1,3,1,0,2,True
2024-2024100200gm-00a9-0000-0aacab28-12-s0-d21,26,A,1,11,"[25300,13900,40900,19900]",2,4.0,1,3,1,0,2,True
2024-2024100200gm-00a9-0000-0aacab28-12-s0-d21,26,B,3,63,"[30800,12500,39500,17200]",2,4.0,1,3,1,0,2,True
2024-2024100200gm-00a9-0000-0aacab28-12-s0-d21,27,A,1,11,"[19800,12000,45600,22600]",3,-4.0,1,3,1,0,2,True
2024-2024100200gm-00a9-0000-0aacab28-12-s0-d21,27,B,3,63,"[22200,9700,37700,29400]",3,-4.0,1,3,2,1,3,True
2024-2024100200gm-00a9-0000-0aacab28-12-s0-d21,28,A,1,11,"[20800,16300,43300,19600]",2,4.0,1,3,1,0,2,True
2024-2024100200gm-00a9-0000-0aacab28-12-s0-d21,28,B,3,63,"[28800,14300,41300,15600]",2,4.0,1,3,1,0,2,True
2024-2024100200gm-00a9-0000-0aacab28-12-s0-d21,29,A,1,11,"[22100,15300,42300,20300]",2,4.0,1,3,1,0,2,True
2024-2024100200gm-00a9-0000-0aacab28-12-s0-d21,29,B,3,63,"[29800,3700,43900,22600]",2,4.0,1,3,1,0,2,True
2024-2024100200gm-00a9-0000-0aacab28-12-s0-d21,30,A,1,11,"[7000,15300,50900,26800]",4,-10.0,1,3,2,0,3,True
2024-2024100200gm-00a9-0000-0aacab28-12-s0-d21,30,B,3,63,"[24700,22500,38200,14600]",2,4.0,1,3,1,0,2,True
2024-2024100200gm-00a9-0000-0aacab28-12-s0-d21,31,A,1,11,"[18300,15800,43800,21100]",3,-4.0,1,3,1,1,2,True
2024-2024100200gm-00a9-0000-0aacab28-12-s0-d21,31,B,3,63,"[21500,23600,32300,22600]",4,-10.0,1,3,1,0,2,True
2024-2024100200gm-00a9-0000-0aacab28-12-s0-d21,32,A,1,11,"[21400,13700,42300,22600]",3,-4.0,1,3,2,0,3,True
2024-2024100200gm-00a9-0000-0aacab28-12-s0-d21,32,B,3,63,"[31000,10100,40300,18600]",2,4.0,1,3,2,0,3,True
2024-2024100200gm-00a9-0000-0aacab28-12-s0-d21,33,A,1,11,"[21000,6500,47300,25200]",3,-4.0,1,3,1,0,2,True
2024-2024100200gm-00a9-0000-0aacab28-12-s0-d21,33,B,3,63,"[29000,4500,45300,21200]",2,4.0,1,3,1,0,2,True
2024-2024100200gm-00a9-0000-0aacab28-12-s0-d21,34,A,1,11,"[30100,15200,32200,22500]",2,4.0,1,3,1,0,2,True
2024-2024100200gm-00a9-0000-0aacab28-12-s0-d21,34,B,3,63,"[28300,13800,38800,17100]",2,4.0,1,3,1,2,2,True
2024-2024100200gm-00a9-0000-0aacab28-12-s0-d21,35,A,1,11,"[20800,20800,34800,23600]",3,-4.0,1,3,2,0,3,True
2024-2024100200gm-00a9-0000-0aacab28-12-s0-d21,35,B,3,63,"[30700,13300,37400,18600]",2,4.0,1,3,1,0,2,True
2024-2024100200gm-00a9-0000-0aacab28-12-s0-d21,36,A,1,11,"[18500,15300,43600,22600]",3,-4.0,1,3,1,0,2,True
2024-2024100200gm-00a9-0000-0aacab28-12-s0-d21,36,B,3,63,"[26500,13300,41600,18600]",2,4.0,1,3,1,0,2,True
2024-2024100200gm-00a9-0000-0aacab28-12-s0-d21,37,A,1,11,"[19800,13400,38100,28700]",3,-4.0,1,3,2,0,3,True
2024-2024100200gm-00a9-0000-0aacab28-12-s0-d21,37,B,3,63,"[38600,3300,29400,28700]",1,10.0,2,0,0,0,4,True
2024-2024100200gm-00a9-0000-0aacab28-12-s0-d21,38,A,1,11,"[21800,14300,41300,21600]",2,4.0,1,3,1,1,2,True
2024-2024100200gm-00a9-0000-0aacab28-12-s0-d21,38,B,3,63,"[37100,4000,40300,18600]",2,4.0,1,3,1,0,2,True
2024-2024100200gm-00a9-0000-0aacab28-12-s0-d21,39,A,1,11,"[20700,16200,38600,24500]",3,-4.0,1,3,1,0,2,True
2024-2024100200gm-00a9-0000-0aacab28-12-s0-d21,39,B,3,63,"[28700,14200,36600,20500]",2,4.0,1,3,1,0,2,True
2024-2024100200gm-00a9-0000-0aacab28-12-s0-d21,40,A,1,11,"[21800,21700,26000,30500]",3,-4.0,2,0,0,0,3,True
2024-2024100200gm-00a9-0000-0aacab28-12-s0-d21,40,B,3,63,"[39100,6000,32300,22600]",1,10.0,1,3,1,0,2,True
2024-2024100200gm-00a9-0000-0aacab28-12-s0-d21,41,A,1,11,"[18700,11600,43800,25900]",3,-4.0,1,3,2,0,3,True
2024-2024100200gm-00a9-0000-0aacab28-12-s0-d21,41,B,3,63,"[35300,8000,36000,20700]",2,4.0,1,3,2,0,3,True
2024-2024100200gm-00a9-0000-0aacab28-12-s0-d21,42,A,1,11,"[19800,23300,34300,22600]",4,-10.0,1,3,1,0,2,True
2024-2024100200gm-00a9-0000-0aacab28-12-s0-d21,42,B,3,63,"[38000,3200,40200,18600]",2,4.0,1,3,1,0,2,True
2024-2024100200gm-00a9-0000-0aacab28-12-s0-d21,43,A,1,11,"[21100,15300,42300,21300]",3,-4.0,1,3,1,0,2,True
2024-2024100200gm-00a9-0000-0aacab28-12-s0-d21,43,B,3,63,"[22800,8300,39300,29600]",3,-4.0,1,3,2,0,3,True
2024-2024100200gm-00a9-0000-0aacab28-12-s0-d21,44,A,1,11,"[20800,19300,33300,25600]",3,-4.0,1,3,1,1,2,True
2024-2024100200gm-00a9-0000-0aacab28-12-s0-d21,44,B,3,63,"[20800,13700,34900,30600]",3,-4.0,1,3,2,0,3,True
2024-2024100200gm-00a9-0000-0aacab28-12-s0-d21,45,A,1,11,"[18800,14300,45300,21600]",3,-4.0,1,3,1,0,2,True
2024-2024100200gm-00a9-0000-0aacab28-12-s0-d21,45,B,3,63,"[17500,27600,32300,22600]",4,-10.0,1,3,1,0,2,True
2024-2024100200gm-00a9-0000-0aacab28-12-s0-d21,46,A,1,11,"[19100,13600,31600,35700]",3,-4.0,1,3,1,0,2,True
2024-2024100200gm-00a9-0000-0aacab28-12-s0-d21,46,B,3,63,"[29700,11400,37100,21800]",2,4.0,1,3,2,0,3,True
2024-2024100200gm-00a9-0000-0aacab28-12-s0-d21,47,A,1,11,"[22800,14300,41300,21600]",2,4.0,1,3,1,0,2,True
2024-2024100200gm-00a9-0000-0aacab28-12-s0-d21,47,B,3,63,"[31400,15300,32300,21000]",2,4.0,1,3,1,0,2,True
2024-2024100200gm-00a9-0000-0aacab28-12-s0-d21,48,A,1,11,"[17900,11200,44300,26600]",3,-4.0,1,3,1,0,2,True
2024-2024100200gm-00a9-0000-0aacab28-12-s0-d21,48,B,3,63,"[25900,9200,42300,22600]",2,4.0,1,3,1,0,2,True
2024-2024100200gm-00a9-0000-0aacab28-12-s0-d21,49,A,1,11,"[23300,15300,38800,22600]",2,4.0,1,3,1,0,2,True
2024-2024100200gm-00a9-0000-0aacab28-12-s0-d21,49,B,3,63,"[24700,25600,37200,12500]",3,-4.0,1,3,1,0,2,True
2024-2024100200gm-00a9-0000-0aacab28-12-s0-d21,50,A,1,11,"[19800,20800,36800,22600]",4,-10.0,1,3,1,0,2,True
2024-2024100200gm-00a9-0000-0aacab28-12-s0-d21,50,B,3,63,"[27800,18800,34800,18600]",2,4.0,1,3,1,0,2,True
2024-2024100200gm-00a9-0000-0aacab28-12-s0-d21,51,A,1,11,"[19800,17600,40000,22600]",3,-4.0,1,3,1,0,2,True
2024-2024100200gm-00a9-0000-0aacab28-12-s0-d21,51,B,3,63,"[26300,13800,41800,17100]",2,4.0,1,3,1,1,2,True
2024-2024100200gm-00a9-0000-0aacab28-12-s0-d21,52,A,1,11,"[23400,17300,34300,25000]",3,-4.0,1,3,2,0,3,True
2024-2024100200gm-00a9-0000-0aacab28-12-s0-d21,52,B,3,63,"[28800,14300,41300,15600]",2,4.0,1,3,1,0,2,True
2024-2024100200gm-00a9-0000-0aacab28-12-s0-d21,53,A,1,11,"[19800,15300,42300,22600]",3,-4.0,1,3,1,0,2,True
2024-2024100200gm-00a9-0000-0aacab28-12-s0-d21,53,B,3,63,"[27800,13300,40300,18600]",2,4.0,1,3,1,0,2,True
2024-2024100200gm-00a9-0000-0aacab28-12-s0-d21,54,A,1,11,"[18000,13500,36300,31200]",3,-4.0,1,3,3,1,4,True
2024-2024100200gm-00a9-0000-0aacab28-12-s0-d21,54,B,3,63,"[29800,5700,34300,30200]",3,-4.0,1,3,3,0,4,True
2024-2024100200gm-00a9-0000-0aacab28-12-s0-d21,55,A,1,11,"[14700,10200,37200,37900]",3,-4.0,1,3,2,0,3,True
2024-2024100200gm-00a9-0000-0aacab28-12-s0-d21,55,B,3,63,"[27400,12900,41700,18000]",2,4.0,1,3,1,0,2,True
2024-2024100200gm-00a9-0000-0aacab28-12-s0-d21,56,A,1,11,"[28100,7000,42300,22600]",2,4.0,1,3,1,0,2,True
2024-2024100200gm-00a9-0000-0aacab28-12-s0-d21,56,B,3,63,"[27100,10800,42900,19200]",2,4.0,1,3,2,0,3,True
2024-2024100200gm-00a9-0000-0aacab28-12-s0-d21,57,A,1,11,"[17700,23600,40200,18500]",4,-10.0,1,3,1,0,2,True
2024-2024100200gm-00a9-0000-0aacab28-12-s0-d21,57,B,3,63,"[17700,23600,40200,18500]",4,-10.0,1,3,1,0,2,True
2024-2024100200gm-00a9-0000-0aacab28-12-s0-d21,58,A,1,11,"[24000,15300,38100,22600]",2,4.0,1,3,1,0,2,True
2024-2024100200gm-00a9-0000-0aacab28-12-s0-d21,58,B,3,63,"[32300,20300,28800,18600]",1,10.0,1,3,1,0,2,True
2024-2024100200gm-00a9-0000-0aacab28-12-s0-d21,59,A,1,11,"[25900,3600,44600,25900]",2,4.0,1,3,2,0,3,True
2024-2024100200gm-00a9-0000-0aacab28-12-s0-d21,59,B,3,63,"[29800,-800,42300,28700]",2,4.0,1,3,1,0,2,True
2024-2024100200gm-00a9-0000-0aacab28-12-s0-d21,60,A,1,11,"[19800,23600,42300,14300]",3,-4.0,1,3,1,0,2,True
2024-2024100200gm-00a9-0000-0aacab28-12-s0-d21,60,B,3,63,"[30100,11000,40300,18600]",2,4.0,1,3,1,0,2,True
2024-2024100200gm-00a9-0000-0aacab28-12-s0-d21,61,A,1,11,"[28100,13200,40200,18500]",2,4.0,1,3,1,0,2,True
2024-2024100200gm-00a9-0000-0aacab28-12-s0-d21,61,B,3,63,"[36100,11200,38200,14500]",2,4.0,1,3,1,0,2,True
2024-2024100200gm-00a9-0000-0aacab28-12-s0-d21,62,A,1,11,"[16700,27600,39200,16500]",3,-4.0,1,3,1,0,2,True
2024-2024100200gm-00a9-0000-0aacab28-12-s0-d21,62,B,3,63,"[26500,13300,41600,18600]",2,4.0,1,3,1,0,2,True
2024-2024100200gm-00a9-0000-0aacab28-12-s0-d21,63,A,1,11,"[24100,7300,42000,26600]",3,-4.0,1,3,1,0,2,True
2024-2024100200gm-00a9-0000-0aacab28-12-s0-d21,63,B,3,63,"[32100,4700,41700,21500]",2,4.0,1,3,1,0,2,True
2024-2024100200gm-00a9-0000-0aacab28-12-s0-d21,64,A,1,11,"[25500,5800,36700,32000]",3,-4.0,1,3,3,0,4,True
2024-2024100200gm-00a9-0000-0aacab28-12-s0-d21,64,B,3,63,"[34200,3000,33900,28900]",1,10.0,1,3,3,0,4,True
2024-2024100200gm-00a9-0000-0aacab28-12-s0-d21,65,A,1,11,"[16400,14300,41300,27000]",3,-4.0,1,3,3,1,4,True
2024-2024100200gm-00a9-0000-0aacab28-12-s0-d21,65,B,3,63,"[24600,13300,43500,18600]",2,4.0,1,3,2,0,3,True
2024-2024100200gm-00a9-0000-0aacab28-12-s0-d21,66,A,1,11,"[21800,5000,46600,26600]",3,-4.0,1,3,1,0,2,True
2024-2024100200gm-00a9-0000-0aacab28-12-s0-d21,66,B,3,63,"[31800,5000,36600,26600]",2,4.0,1,3,1,0,2,True
2024-2024100200gm-00a9-0000-0aacab28-12-s0-d21,67,A,1,11,"[28100,13200,40200,18500]",2,4.0,1,3,1,0,2,True
2024-2024100200gm-00a9-0000-0aacab28-12-s0-d21,67,B,3,63,"[36100,11200,38200,14500]",2,4.0,1,3,1,0,2,True
2024-2024100200gm-00a9-0000-0aacab28-12-s0-d21,68,A,1,11,"[22800,14300,41300,21600]",2,4.0,1,3,1,0,2,True
2024-2024100200gm-00a9-0000-0aacab28-12-s0-d21,68,B,3,63,"[22200,10700,37700,29400]",3,-4.0,1,3,2,0,3,True
2024-2024100200gm-00a9-0000-0aacab28-12-s0-d21,69,A,1,11,"[18800,17300,41300,21600]",3,-4.0,1,3,1,1,2,True
2024-2024100200gm-00a9-0000-0aacab28-12-s0-d21,69,B,3,63,"[26800,12300,43300,17600]",2,4.0,1,3,1,0,2,True
2024-2024100200gm-00a9-0000-0aacab28-12-s0-d21,70,A,1,11,"[23700,14300,39400,22600]",2,4.0,1,3,1,0,2,True
2024-2024100200gm-00a9-0000-0aacab28-12-s0-d21,70,B,3,63,"[26300,13800,41800,17100]",2,4.0,1,3,1,1,2,True
2024-2024100200gm-00a9-0000-0aacab28-12-s0-d21,71,A,1,11,"[16800,15300,44300,22600]",3,-4.0,1,3,2,1,3,True
2024-2024100200gm-00a9-0000-0aacab28-12-s0-d21,71,B,3,63,"[27800,11400,42200,18600]",2,4.0,1,3,1,0,2,True
2024-2024100200gm-00a9-0000-0aacab28-12-s0-d21,72,A,1,11,"[23100,7300,44300,25300]",3,-4.0,1,3,1,0,2,True
2024-2024100200gm-00a9-0000-0aacab28-12-s0-d21,72,B,3,63,"[23100,4300,50000,22600]",2,4.0,1,3,1,0,2,True
2024-2024100200gm-00a9-0000-0aacab28-12-s0-d21,73,A,1,11,"[9900,17300,34300,38500]",4,-10.0,1,3,1,0,2,True
2024-2024100200gm-00a9-0000-0aacab28-12-s0-d21,73,B,3,63,"[27200,12700,42600,17500]",2,4.0,1,3,1,0,2,True
2024-2024100200gm-00a9-0000-0aacab28-12-s0-d21,74,A,1,11,"[15300,9200,46800,28700]",3,-4.0,1,3,2,0,3,True
2024-2024100200gm-00a9-0000-0aacab28-12-s0-d21,74,B,3,63,"[30700,10400,40300,18600]",2,4.0,1,3,1,0,2,True
2024-2024100200gm-00a9-0000-0aacab28-12-s0-d21,75,A,1,11,"[18300,15800,43800,21100]",3,-4.0,1,3,1,1,2,True
2024-2024100200gm-00a9-0000-0aacab28-12-s0-d21,75,B,3,63,"[26800,15300,39300,17600]",2,4.0,1,3,1,1,2,True
2024-2024100200gm-00a9-0000-0aacab28-12-s0-d21,76,A,1,11,"[15600,19500,42300,22600]",4,-10.0,1,3,1,0,2,True
2024-2024100200gm-00a9-0000-0aacab28-12-s0-d21,76,B,3,63,"[26000,11500,40800,21700]",2,4.0,1,3,2,0,3,True
2024-2024100200gm-00a9-0000-0aacab28-12-s0-d21,77,A,1,11,"[17200,10700,46500,25600]",3,-4.0,1,3,2,0,3,True
2024-2024100200gm-00a9-0000-0aacab28-12-s0-d21,77,B,3,63,"[23600,13300,44500,18600]",2,4.0,1,3,1,0,2,True
2024-2024100200gm-00a9-0000-0aacab28-12-s0-d21,78,A,1,11,"[19800,15300,43300,19600]",2,4.0,1,3,1,2,2,True
2024-2024100200gm-00a9-0000-0aacab28-12-s0-d21,78,B,3,63,"[36100,11200,38200,14500]",2,4.0,1,3,1,0,2,True
2024-2024100200gm-00a9-0000-0aacab28-12-s0-d21,79,A,1,11,"[18400,14900,44700,22000]",3,-4.0,1,3,1,0,2,True
2024-2024100200gm-00a9-0000-0aacab28-12-s0-d21,79,B,3,63,"[26400,12900,42700,18000]",2,4.0,1,3,1,0,2,True
2024-2024100200gm-00a9-0000-0aacab28-12-s0-d21,80,A,1,11,"[28100,7000,42300,22600]",2,4.0,1,3,1,0,2,True
2024-2024100200gm-00a9-0000-0aacab28-12-s0-d21,80,B,3,63,"[30700,13300,40300,15700]",2,4.0,1,3,1,0,2,True
2024-2024100200gm-00a9-0000-0aacab28-12-s0-d21,81,A,1,11,"[20500,7300,45600,26600]",3,-4.0,1,3,1,0,2,True
2024-2024100200gm-00a9-0000-0aacab28-12-s0-d21,81,B,3,63,"[26500,13300,41600,18600]",2,4.0,1,3,1,0,2,True
2024-2024100200gm-00a9-0000-0aacab28-12-s0-d21,82,A,1,11,"[17700,23600,40200,18500]",4,-10.0,1,3,1,0,2,True
2024-2024100200gm-00a9-0000-0aacab28-12-s0-d21,82,B,3,63,"[25700,21600,38200,14500]",2,4.0,1,3,1,0,2,True
2024-2024100200gm-00a9-0000-0aacab28-12-s0-d21,83,A,1,11,"[11500,23600,42300,22600]",4,-10.0,1,3,1,0,2,True
2024-2024100200gm-00a9-0000-0aacab28-12-s0-d21,83,B,3,63,"[27800,10000,43600,18600]",2,4.0,1,3,1,0,2,True
2024-2024100200gm-00a9-0000-0aacab28-12-s0-d21,84,A,1,11,"[19300,14800,44100,21800]",3,-4.0,1,3,1,0,2,True
2024-2024100200gm-00a9-0000-0aacab28-12-s0-d21,84,B,3,63,"[22300,13300,45800,18600]",2,4.0,1,3,1,0,2,True
2024-2024100200gm-00a9-0000-0aacab28-12-s0-d21,85,A,1,11,"[20300,7800,45800,25100]",3,-4.0,1,3,1,1,2,True
2024-2024100200gm-00a9-0000-0aacab28-12-s0-d21,85,B,3,63,"[28300,5800,43800,21100]",2,4.0,1,3,1,1,2,True
2024-2024100200gm-00a9-0000-0aacab28-12-s0-d21,86,A,1,11,"[19800,15300,42300,22600]",3,-4.0,1,3,1,0,2,True
2024-2024100200gm-00a9-0000-0aacab28-12-s0-d21,86,B,3,63,"[29300,21400,30200,19100]",2,4.0,1,3,2,0,3,True
2024-2024100200gm-00a9-0000-0aacab28-12-s0-d21,87,A,1,11,"[20400,12900,44100,22600]",3,-4.0,1,3,2,0,3,True
2024-2024100200gm-00a9-0000-0aacab28-12-s0-d21,87,B,3,63,"[23600,13300,44500,18600]",2,4.0,1,3,1,0,2,True
2024-2024100200gm-00a9-0000-0aacab28-12-s0-d21,88,A,1,11,"[22700,13800,41800,21700]",2,4.0,1,3,1,0,2,True
2024-2024100200gm-00a9-0000-0aacab28-12-s0-d21,88,B,3,63,"[26300,18000,35600,20100]",2,4.0,1,3,2,0,3,True
2024-2024100200gm-00a9-0000-0aacab28-12-s0-d21,89,A,1,11,"[24100,14200,41200,20500]",2,4.0,1,3,1,0,2,True
2024-2024100200gm-00a9-0000-0aacab28-12-s0-d21,89,B,3,63,"[23600,17500,40300,18600]",2,4.0,1,3,1,0,2,True
2024-2024100200gm-00a9-0000-0aacab28-12-s0-d21,90,A,1,11,"[21800,12300,37500,28400]",3,-4.0,1,3,2,0,3,True
2024-2024100200gm-00a9-0000-0aacab28-12-s0-d21,90,B,3,63,"[29800,9800,36000,24400]",2,4.0,1,3,2,0,3,True
2024-2024100200gm-00a9-0000-0aacab28-12-s0-d21,91,A,1,11,"[20400,15900,39800,23900]",3,-4.0,1,3,1,0,2,True
2024-2024100200gm-00a9-0000-0aacab28-12-s0-d21,91,B,3,63,"[28400,13900,37800,19900]",2,4.0,1,3,1,0,2,True
2024-2024100200gm-00a9-0000-0aacab28-12-s0-d21,92,A,1,11,"[19800,23600,42300,14300]",3,-4.0,1,3,1,0,2,True
2024-2024100200gm-00a9-0000-0aacab28-12-s0-d21,92,B,3,63,"[27800,25600,40300,6300]",2,4.0,1,3,1,0,2,True
2024-2024100200gm-00a9-0000-0aacab28-12-s0-d21,93,A,1,11,"[18900,10200,44300,26600]",3,-4.0,1,3,1,0,2,True
2024-2024100200gm-00a9-0000-0aacab28-12-s0-d21,93,B,3,63,"[26900,8200,42300,22600]",2,4.0,1,3,1,0,2,True
2024-2024100200gm-00a9-0000-0aacab28-12-s0-d21,94,A,1,11,"[9500,19600,44300,26600]",4,-10.0,1,3,1,0,2,True
2024-2024100200gm-00a9-0000-0aacab28-12-s0-d21,94,B,3,63,"[31200,4900,41900,22000]",2,4.0,1,3,1,0,2,True
2024-2024100200gm-00a9-0000-0aacab28-12-s0-d21,95,A,1,11,"[18300,15800,43800,21100]",3,-4.0,1,3,1,1,2,True
2024-2024100200gm-00a9-0000-0aacab28-12-s0-d21,95,B,3,63,"[34500,11600,38600,15300]",2,4.0,1,3,1,0,2,True
2024-2024100200gm-00a9-0000-0aacab28-12-s0-d21,96,A,1,11,"[19200,14700,44600,21500]",3,-4.0,1,3,1,0,2,True
2024-2024100200gm-00a9-0000-0aacab28-12-s0-d21,96,B,3,63,"[28800,10700,36900,23600]",2,4.0,1,3,2,0,3,True
2024-2024100200gm-00a9-0000-0aacab28-12-s0-d21,97,A,1,11,"[19800,7300,50300,22600]",3,-4.0,1,3,1,0,2,True
2024-2024100200gm-00a9-0000-0aacab28-12-s0-d21,97,B,3,63,"[27800,13300,28000,30900]",3,-4.0,1,3,1,0,2,True
2024-2024100200gm-00a9-0000-0aacab28-12-s0-d21,98,A,1,11,"[32100,12200,39200,16500]",2,4.0,1,3,1,0,2,True
2024-2024100200gm-00a9-0000-0aacab28-12-s0-d21,98,B,3,63,"[37800,7300,32300,22600]",1,10.0,1,3,1,0,2,True
2024-2024100200gm-00a9-0000-0aacab28-12-s0-d21,99,A,1,11,"[19200,14700,44600,21500]",3,-4.0,1,3,1,0,2,True
2024-2024100200gm-00a9-0000-0aacab28-12-s0-d21,99,B,3,63,"[27800,8800,44800,18600]",2,4.0,1,3,1,0,2,True
2024-2024100200gm-00a9-0000-0aacab28-12-s0-d21,100,A,1,11,"[28100,13200,40200,18500]",2,4.0,1,3,1,0,2,True
2024-2024100200gm-00a9-0000-0aacab28-12-s0-d21,100,B,3,63,"[32100,12200,39200,16500]",2,4.0,1,3,1,0,2,True
2024-2024100200gm-00a9-0000-0aacab28-12-s0-d21,101,A,1,11,"[20800,16300,43300,19600]",2,4.0,1,3,1,0,2,True
2024-2024100200gm-00a9-0000-0aacab28-12-s0-d21,101,B,3,63,"[30100,12700,39700,17500]",2,4.0,1,3,1,0,2,True
2024-2024100200gm-00a9-0000-0aacab28-12-s0-d21,102,A,1,11,"[21300,15800,40800,21100]",2,4.0,1,3,1,1,2,True
2024-2024100200gm-00a9-0000-0aacab28-12-s0-d21,102,B,3,63,"[21500,12100,44900,21500]",2,4.0,1,3,2,0,3,True
2024-2024100200gm-00a9-0000-0aacab28-12-s0-d21,103,A,1,11,"[16600,14700,44300,24400]",3,-4.0,1,3,2,0,3,True
2024-2024100200gm-00a9-0000-0aacab28-12-s0-d21,103,B,3,63,"[26300,13800,41800,17100]",2,4.0,1,3,1,1,2,True
2024-2024100200gm-00a9-0000-0aacab28-12-s0-d21,104,A,1,11,"[19300,14800,44100,21800]",3,-4.0,1,3,1,0,2,True
2024-2024100200gm-00a9-0000-0aacab28-12-s0-d21,104,B,3,63,"[27300,12800,42100,17800]",2,4.0,1,3,1,0,2,True
2024-2024100200gm-00a9-0000-0aacab28-12-s0-d21,105,A,1,11,"[27800,7300,42300,22600]",2,4.0,1,3,1,0,2,True
2024-2024100200gm-00a9-0000-0aacab28-12-s0-d21,105,B,3,63,"[30800,12300,39300,17600]",2,4.0,1,3,1,0,2,True
2024-2024100200gm-00a9-0000-0aacab28-12-s0-d21,106,A,1,11,"[18800,18300,41300,21600]",3,-4.0,1,3,1,0,2,True
2024-2024100200gm-00a9-0000-0aacab28-12-s0-d21,106,B,3,63,"[24900,13300,43200,18600]",2,4.0,1,3,1,0,2,True
2024-2024100200gm-00a9-0000-0aacab28-12-s0-d21,107,A,1,11,"[14300,20800,42300,22600]",4,-10.0,1,3,1,0,2,True
2024-2024100200gm-00a9-0000-0aacab28-12-s0-d21,107,B,3,63,"[22300,18800,40300,18600]",2,4.0,1,3,1,0,2,True
2024-2024100200gm-00a9-0000-0aacab28-12-s0-d21,108,A,1,11,"[21600,13600,41600,23200]",3,-4.0,1,3,2,0,3,True
2024-2024100200gm-00a9-0000-0aacab28-12-s0-d21,108,B,3,63,"[27500,13800,38800,18900]",2,4.0,1,3,2,1,3,True
2024-2024100200gm-00a9-0000-0aacab28-12-s0-d21,109,A,1,11,"[19800,23300,34300,22600]",4,-10.0,1,3,1,0,2,True
2024-2024100200gm-00a9-0000-0aacab28-12-s0-d21,109,B,3,63,"[27800,21300,32300,18600]",2,4.0,1,3,1,0,2,True
2024-2024100200gm-00a9-0000-0aacab28-12-s0-d21,110,A,1,11,"[21400,15300,40700,22600]",3,-4.0,1,3,1,0,2,True
2024-2024100200gm-00a9-0000-0aacab28-12-s0-d21,110,B,3,63,"[29400,13300,38700,18600]",2,4.0,1,3,1,0,2,True
2024-2024100200gm-00a9-0000-0aacab28-12-s0-d21,111,A,1,11,"[24100,7300,44300,24300]",3,-4.0,1,3,1,0,2,True
2024-2024100200gm-00a9-0000-0aacab28-12-s0-d21,111,B,3,63,"[17500,5300,54600,22600]",3,-4.0,1,3,1,0,2,True
2024-2024100200gm-00a9-0000-0aacab28-12-s0-d21,112,A,1,11,"[13800,25300,34300,26600]",4,-10.0,1,3,1,0,2,True
2024-2024100200gm-00a9-0000-0aacab28-12-s0-d21,112,B,3,63,"[21800,23300,32300,22600]",4,-10.0,1,3,1,0,2,True
2024-2024100200gm-00a9-0000-0aacab28-12-s0-d21,113,A,1,11,"[20800,16300,43300,19600]",2,4.0,1,3,1,0,2,True
2024-2024100200gm-00a9-0000-0aacab28-12-s0-d21,113,B,3,63,"[35400,12300,30700,21600]",1,10.0,1,3,2,0,3,True
2024-2024100200gm-00a9-0000-0aacab28-12-s0-d21,114,A,1,11,"[19000,18300,41500,21200]",3,-4.0,1,3,1,0,2,True
2024-2024100200gm-00a9-0000-0aacab28-12-s0-d21,114,B,3,63,"[27000,16300,39500,17200]",2,4.0,1,3,1,0,2,True
2024-2024100200gm-00a9-0000-0aacab28-12-s0-d21,115,A,1,11,"[19800,20800,36800,22600]",4,-10.0,1,3,1,0,2,True
2024-2024100200gm-00a9-0000-0aacab28-12-s0-d21,115,B,3,63,"[33000,8100,40300,18600]",2,4.0,1,3,1,0,2,True
2024-2024100200gm-00a9-0000-0aacab28-12-s0-d21,116,A,1,11,"[21300,15800,40800,21100]",2,4.0,1,3,1,1,2,True
2024-2024100200gm-00a9-0000-0aacab28-12-s0-d21,116,B,3,63,"[26800,15300,39300,17600]",2,4.0,1,3,1,1,2,True
2024-2024100200gm-00a9-0000-0aacab28-12-s0-d21,117,A,1,11,"[19800,13000,44600,22600]",3,-4.0,1,3,1,0,2,True
2024-2024100200gm-00a9-0000-0aacab28-12-s0-d21,117,B,3,63,"[24300,13300,43800,18600]",2,4.0,1,3,1,0,2,True
2024-2024100200gm-00a9-0000-0aacab28-12-s0-d21,118,A,1,11,"[7300,4100,53900,34700]",3,-4.0,1,3,2,0,3,True
2024-2024100200gm-00a9-0000-0aacab28-12-s0-d21,118,B,3,63,"[43100,1200,39200,16500]",1,10.0,1,3,1,0,2,True
2024-2024100200gm-00a9-0000-0aacab28-12-s0-d21,119,A,1,11,"[18700,14200,46600,20500]",3,-4.0,1,3,1,0,2,True
2024-2024100200gm-00a9-0000-0aacab28-12-s0-d21,119,B,3,63,"[23800,19300,46300,10600]",2,4.0,1,3,0,0,1,True
2024-2024100200gm-00a9-0000-0aacab28-12-s0-d21,120,A,1,11,"[12800,6200,45400,35600]",3,-4.0,1,3,3,0,4,True
2024-2024100200gm-00a9-0000-0aacab28-12-s0-d21,120,B,3,63,"[32300,600,36200,30900]",2,4.0,1,3,2,0,3,True
2024-2024100200gm-00a9-0000-0aacab28-12-s0-d21,121,A,1,11,"[19800,23600,42300,14300]",3,-4.0,1,3,1,0,2,True
2024-2024100200gm-00a9-0000-0aacab28-12-s0-d21,121,B,3,63,"[37100,4000,40300,18600]",2,4.0,1,3,1,0,2,True
2024-2024100200gm-00a9-0000-0aacab28-12-s0-d21,122,A,1,11,"[20300,8800,45800,25100]",3,-4.0,1,3,1,0,2,True
2024-2024100200gm-00a9-0000-0aacab28-12-s0-d21,122,B,3,63,"[30300,1800,45000,22900]",2,4.0,1,3,2,0,3,True
2024-2024100200gm-00a9-0000-0aacab28-12-s0-d21,123,A,1,11,"[19800,13700,43900,22600]",3,-4.0,1,3,1,0,2,True
2024-2024100200gm-00a9-0000-0aacab28-12-s0-d21,123,B,3,63,"[37100,12300,32000,18600]",1,10.0,1,3,1,0,2,True
2024-2024100200gm-00a9-0000-0aacab28-12-s0-d21,124,A,1,11,"[21300,16800,40800,21100]",2,4.0,1,3,1,0,2,True
2024-2024100200gm-00a9-0000-0aacab28-12-s0-d21,124,B,3,63,"[30700,10400,40300,18600]",2,4.0,1,3,1,0,2,True
2024-2024100200gm-00a9-0000-0aacab28-12-s0-d21,125,A,1,11,"[12500,16600,44300,26600]",4,-10.0,1,3,1,0,2,True
2024-2024100200gm-00a9-0000-0aacab28-12-s0-d21,125,B,3,63,"[18500,22600,40300,18600]",4,-10.0,1,3,1,0,2,True
2024-2024100200gm-00a9-0000-0aacab28-12-s0-d21,126,A,1,11,"[21400,13700,42300,22600]",3,-4.0,1,3,1,0,2,True
2024-2024100200gm-00a9-0000-0aacab28-12-s0-d21,126,B,3,63,"[19500,21600,40300,18600]",3,-4.0,1,3,1,0,2,True
2024-2024100200gm-00a9-0000-0aacab28-12-s0-d21,127,A,1,11,"[19800,18200,39400,22600]",3,-4.0,1,3,1,0,2,True
2024-2024100200gm-00a9-0000-0aacab28-12-s0-d21,127,B,3,63,"[29800,15300,34600,20300]",2,4.0,1,3,1,0,2,True
2025-2025011014gm-00a9-0000-9ea4d5cd-06-s0-d14,0,A,1,27,"[16500,28400,42900,12200]",3,-4.0,1,3,1,0,6,True
2025-2025011014gm-00a9-0000-9ea4d5cd-06-s0-d14,0,B,2,67,"[16500,28400,42900,12200]",3,-4.0,1,3,1,0,6,True
2025-2025011014gm-00a9-0000-9ea4d5cd-06-s0-d14,1,A,1,27,"[26100,26000,20400,27500]",2,4.0,2,3,0,0,9,True
2025-2025011014gm-00a9-0000-9ea4d5cd-06-s0-d14,1,B,2,67,"[37100,18800,23300,20800]",1,10.0,1,3,0,0,5,True
2025-2025011014gm-00a9-0000-9ea4d5cd-06-s0-d14,2,A,1,27,"[16900,25400,30400,27300]",4,-10.0,1,3,1,0,6,True
2025-2025011014gm-00a9-0000-9ea4d5cd-06-s0-d14,2,B,2,67,"[16900,25400,30400,27300]",4,-10.0,1,3,1,0,6,True
2025-2025011014gm-00a9-0000-9ea4d5cd-06-s0-d14,3,A,1,27,"[35600,19600,27000,17800]",1,10.0,1,3,0,0,4,True
2025-2025011014gm-00a9-0000-9ea4d5cd-06-s0-d14,3,B,2,67,"[35600,19600,27000,17800]",1,10.0,1,3,0,0,4,True
2025-2025011014gm-00a9-0000-9ea4d5cd-06-s0-d14,4,A,1,27,"[35600,10300,26200,27900]",1,10.0,2,0,0,0,7,True
2025-2025011014gm-00a9-0000-9ea4d5cd-06-s0-d14,4,B,2,67,"[19800,16300,37300,26600]",3,-4.0,1,3,3,0,6,True
2025-2025011014gm-00a9-0000-9ea4d5cd-06-s0-d14,5,A,1,27,"[26600,20000,35300,18100]",2,4.0,1,3,0,0,4,True
2025-2025011014gm-00a9-0000-9ea4d5cd-06-s0-d14,5,B,2,67,"[22100,19900,33600,24400]",3,-4.0,1,3,3,0,4,True
2025-2025011014gm-00a9-0000-9ea4d5cd-06-s0-d14,6,A,1,27,"[29300,19800,30900,20000]",2,4.0,1,3,1,0,5,True
2025-2025011014gm-00a9-0000-9ea4d5cd-06-s0-d14,6,B,2,67,"[25900,18200,25600,30300]",2,4.0,1,3,0,0,4,True
2025-2025011014gm-00a9-0000-9ea4d5cd-06-s0-d14,7,A,1,27,"[36900,22600,21600,18900]",1,10.0,1,3,0,0,4,True
2025-2025011014gm-00a9-0000-9ea4d5cd-06-s0-d14,7,B,2,67,"[32500,18900,25500,23100]",1,10.0,1,3,0,0,4,True
2025-2025011014gm-00a9-0000-9ea4d5cd-06-s0-d14,8,A,1,27,"[25900,19300,22300,32500]",2,4.0,1,3,0,0,4,True
2025-2025011014gm-00a9-0000-9ea4d5cd-06-s0-d14,8,B,2,67,"[25900,19300,22300,32500]",2,4.0,1,3,0,0,4,True
2025-2025011014gm-00a9-0000-9ea4d5cd-06-s0-d14,9,A,1,27,"[31300,9300,38500,20900]",2,4.0,1,3,0,0,4,True
2025-2025011014gm-00a9-0000-9ea4d5cd-06-s0-d14,9,B,2,67,"[21400,18300,33700,26600]",3,-4.0,1,3,2,0,7,True
2025-2025011014gm-00a9-0000-9ea4d5cd-06-s0-d14,10,A,1,27,"[21600,18200,40300,19900]",2,4.0,1,3,1,0,4,True
2025-2025011014gm-00a9-0000-9ea4d5cd-06-s0-d14,10,B,2,67,"[20600,28100,34200,17100]",3,-4.0,1,3,0,0,4,True
2025-2025011014gm-00a9-0000-9ea4d5cd-06-s0-d14,11,A,1,27,"[15000,37400,24200,23400]",4,-10.0,1,3,1,0,5,True
2025-2025011014gm-00a9-0000-9ea4d5cd-06-s0-d14,11,B,2,67,"[15000,37400,24200,23400]",4,-10.0,1,3,1,0,5,True
2025-2025011014gm-00a9-0000-9ea4d5cd-06-s0-d14,12,A,1,27,"[21500,24900,37200,16400]",3,-4.0,1,3,2,0,7,True
2025-2025011014gm-00a9-0000-9ea4d5cd-06-s0-d14,12,B,2,67,"[22500,21000,23600,32900]",3,-4.0,1,3,0,0,4,True
2025-2025011014gm-00a9-0000-9ea4d5cd-06-s0-d14,13,A,1,27,"[29700,21300,41800,7200]",2,4.0,1,3,1,0,5,True
2025-2025011014gm-00a9-0000-9ea4d5cd-06-s0-d14,13,B,2,67,"[29700,21300,41800,7200]",2,4.0,1,3,1,0,5,True
2025-2025011014gm-00a9-0000-9ea4d5cd-06-s0-d14,14,A,1,27,"[20400,23100,33900,22600]",4,-10.0,1,3,0,0,5,True
2025-2025011014gm-00a9-0000-9ea4d5cd-06-s0-d14,14,B,2,67,"[20400,23100,33900,22600]",4,-10.0,1,3,0,0,5,True
2025-2025011014gm-00a9-0000-9ea4d5cd-06-s0-d14,15,A,1,27,"[29000,16900,19200,34900]",2,4.0,2,0,0,0,5,True
2025-2025011014gm-00a9-0000-9ea4d5cd-06-s0-d14,15,B,2,67,"[29000,16900,19200,34900]",2,4.0,2,0,0,0,5,True
2025-2025011014gm-00a9-0000-9ea4d5cd-06-s0-d14,16,A,1,27,"[24200,16000,32200,27600]",3,-4.0,1,3,0,0,4,True
2025-2025011014gm-00a9-0000-9ea4d5cd-06-s0-d14,16,B,2,67,"[25600,17600,32900,23900]",2,4.0,1,3,0,0,4,True
2025-2025011014gm-00a9-0000-9ea4d5cd-06-s0-d14,17,A,1,27,"[25200,20400,43600,10800]",2,4.0,1,3,2,0,5,True
2025-2025011014gm-00a9-0000-9ea4d5cd-06-s0-d14,17,B,2,67,"[26900,16300,32900,23900]",2,4.0,1,3,0,0,5,True
2025-2025011014gm-00a9-0000-9ea4d5cd-06-s0-d14,18,A,1,27,"[30400,23700,13000,32900]",2,4.0,1,3,2,0,5,True
2025-2025011014gm-00a9-0000-9ea4d5cd-06-s0-d14,18,B,2,67,"[27700,20200,32800,19300]",2,4.0,1,3,1,0,5,True
2025-2025011014gm-00a9-0000-9ea4d5cd-06-s0-d14,19,A,1,27,"[18600,32100,25200,24100]",4,-10.0,1,3,0,0,5,True
2025-2025011014gm-00a9-0000-9ea4d5cd-06-s0-d14,19,B,2,67,"[7800,30400,23400,37400]",4,-10.0,1,3,0,1,6,True
2025-2025011014gm-00a9-0000-9ea4d5cd-06-s0-d14,20,A,1,27,"[27600,15800,34400,22200]",2,4.0,1,3,0,0,4,True
2025-2025011014gm-00a9-0000-9ea4d5cd-06-s0-d14,20,B,2,67,"[14000,21200,43700,20100]",4,-10.0,1,3,3,1,6,True
2025-2025011014gm-00a9-0000-9ea4d5cd-06-s0-d14,21,A,1,27,"[32600,22200,27100,18100]",1,10.0,1,3,0,0,4,True
2025-2025011014gm-00a9-0000-9ea4d5cd-06-s0-d14,21,B,2,67,"[28000,33800,31600,6600]",3,-4.0,1,3,0,0,6,True
2025-2025011014gm-00a9-0000-9ea4d5cd-06-s0-d14,22,A,1,27,"[24200,14300,28800,32700]",3,-4.0,1,3,0,0,5,True
2025-2025011014gm-00a9-0000-9ea4d5cd-06-s0-d14,22,B,2,67,"[24200,14300,28800,32700]",3,-4.0,1,3,0,0,5,True
2025-2025011014gm-00a9-0000-9ea4d5cd-06-s0-d14,23,A,1,27,"[34500,16200,33500,15800]",1,10.0,1,3,0,0,4,True
2025-2025011014gm-00a9-0000-9ea4d5cd-06-s0-d14,23,B,2,67,"[21100,23700,19900,35300]",3,-4.0,1,3,2,0,6,True
2025-2025011014gm-00a9-0000-9ea4d5cd-06-s0-d14,24,A,1,27,"[12300,36800,27900,23000]",4,-10.0,2,1,0,0,6,True
2025-2025011014gm-00a9-0000-9ea4d5cd-06-s0-d14,24,B,2,67,"[12300,36800,27900,23000]",4,-10.0,2,1,0,0,6,True
2025-2025011014gm-00a9-0000-9ea4d5cd-06-s0-d14,25,A,1,27,"[48600,1300,30200,19900]",1,10.0,1,3,0,0,4,True
2025-2025011014gm-00a9-0000-9ea4d5cd-06-s0-d14,25,B,2,67,"[20400,40500,39700,-600]",3,-4.0,1,1,2,0,3,True
2025-2025011014gm-00a9-0000-9ea4d5cd-06-s0-d14,26,A,1,27,"[29700,21800,38600,9900]",2,4.0,1,3,0,0,4,True
2025-2025011014gm-00a9-0000-9ea4d5cd-06-s0-d14,26,B,2,67,"[29700,21800,38600,9900]",2,4.0,1,3,0,0,4,True
2025-2025011014gm-00a9-0000-9ea4d5cd-06-s0-d14,27,A,1,27,"[31800,29300,20100,18800]",1,10.0,1,3,0,0,4,True
2025-2025011014gm-00a9-0000-9ea4d5cd-06-s0-d14,27,B,2,67,"[27800,27300,36100,8800]",2,4.0,1,3,0,0,4,True
2025-2025011014gm-00a9-0000-9ea4d5cd-06-s0-d14,28,A,1,27,"[31200,19500,27800,21500]",1,10.0,1,3,0,0,4,True
2025-2025011014gm-00a9-0000-9ea4d5cd-06-s0-d14,28,B,2,67,"[31200,19500,27800,21500]",1,10.0,1,3,0,0,4,True
2025-2025011014gm-00a9-0000-9ea4d5cd-06-s0-d14,29,A,1,27,"[12700,36400,26500,23400]",4,-10.0,1,3,1,1,5,True
2025-2025011014gm-00a9-0000-9ea4d5cd-06-s0-d14,29,B,2,67,"[30200,36700,25100,8000]",2,4.0,1,3,1,0,7,True
2025-2025011014gm-00a9-0000-9ea4d5cd-06-s0-d14,30,A,1,27,"[9000,30400,41000,18600]",4,-10.0,1,3,0,1,10,True
2025-2025011014gm-00a9-0000-9ea4d5cd-06-s0-d14,30,B,2,67,"[49300,11100,23600,16000]",1,10.0,1,3,1,0,7,True
2025-2025011014gm-00a9-0000-9ea4d5cd-06-s0-d14,31,A,1,27,"[32200,24200,33900,9700]",2,4.0,1,3,0,0,5,True
2025-2025011014gm-00a9-0000-9ea4d5cd-06-s0-d14,31,B,2,67,"[32200,24200,33900,9700]",2,4.0,1,3,0,0,5,True
2025-2025011014gm-00a9-0000-9ea4d5cd-06-s0-d14,32,A,1,27,"[26300,24900,33900,14900]",2,4.0,1,3,0,0,5,True
2025-2025011014gm-00a9-0000-9ea4d5cd-06-s0-d14,32,B,2,67,"[29800,19700,31000,19500]",2,4.0,1,3,2,0,7,True
2025-2025011014gm-00a9-0000-9ea4d5cd-06-s0-d14,33,A,1,27,"[25800,36200,16800,21200]",2,4.0,1,3,1,0,6,True
2025-2025011014gm-00a9-0000-9ea4d5cd-06-s0-d14,33,B,2,67,"[21100,27000,40200,11700]",3,-4.0,1,3,1,0,6,True
2025-2025011014gm-00a9-0000-9ea4d5cd-06-s0-d14,34,A,1,27,"[13100,23300,23200,40400]",4,-10.0,1,3,0,0,4,True
2025-2025011014gm-00a9-0000-9ea4d5cd-06-s0-d14,34,B,2,67,"[19800,24000,31300,24900]",4,-10.0,2,0,0,0,5,True
2025-2025011014gm-00a9-0000-9ea4d5cd-06-s0-d14,35,A,1,27,"[17000,39100,36400,7500]",3,-4.0,1,3,0,0,6,True
2025-2025011014gm-00a9-0000-9ea4d5cd-06-s0-d14,35,B,2,67,"[6800,24500,45800,22900]",4,-10.0,1,3,0,0,6,True
2025-2025011014gm-00a9-0000-9ea4d5cd-06-s0-d14,36,A,1,27,"[36000,22500,22300,19200]",1,10.0,1,3,1,0,5,True
2025-2025011014gm-00a9-0000-9ea4d5cd-06-s0-d14,36,B,2,67,"[27300,17500,37000,18200]",2,4.0,1,3,0,0,6,True
2025-2025011014gm-00a9-0000-9ea4d5cd-06-s0-d14,37,A,1,27,"[24800,27000,30200,18000]",3,-4.0,1,3,0,0,4,True
2025-2025011014gm-00a9-0000-9ea4d5cd-06-s0-d14,37,B,2,67,"[29300,20200,36600,13900]",2,4.0,1,3,0,0,5,True
2025-2025011014gm-00a9-0000-9ea4d5cd-06-s0-d14,38,A,1,27,"[23500,22200,39700,14600]",2,4.0,1,3,1,0,4,True
2025-2025011014gm-00a9-0000-9ea4d5cd-06-s0-d14,38,B,2,67,"[18000,34600,19200,28200]",4,-10.0,1,3,0,0,5,True
2025-2025011014gm-00a9-0000-9ea4d5cd-06-s0-d14,39,A,1,27,"[19800,19600,48400,12200]",2,4.0,1,3,2,0,5,True
2025-2025011014gm-00a9-0000-9ea4d5cd-06-s0-d14,39,B,2,67,"[19800,19600,48400,12200]",2,4.0,1,3,2,0,5,True
2025-2025011014gm-00a9-0000-9ea4d5cd-06-s0-d14,40,A,1,27,"[30300,33300,44100,-7700]",3,-4.0,1,3,0,0,5,True
2025-2025011014gm-00a9-0000-9ea4d5cd-06-s0-d14,40,B,2,67,"[30300,33300,44100,-7700]",3,-4.0,1,3,0,0,5,True
2025-2025011014gm-00a9-0000-9ea4d5cd-06-s0-d14,41,A,1,27,"[11400,40400,26900,21300]",4,-10.0,1,3,1,0,5,True
2025-2025011014gm-00a9-0000-9ea4d5cd-06-s0-d14,41,B,2,67,"[10500,27400,24300,37800]",4,-10.0,1,3,0,0,4,True
2025-2025011014gm-00a9-0000-9ea4d5cd-06-s0-d14,42,A,1,27,"[24600,25300,36100,14000]",3,-4.0,1,3,0,0,5,True
2025-2025011014gm-00a9-0000-9ea4d5cd-06-s0-d14,42,B,2,67,"[24600,25300,36100,14000]",3,-4.0,1,3,0,0,5,True
2025-2025011014gm-00a9-0000-9ea4d5cd-06-s0-d14,43,A,1,27,"[22900,35700,30200,11200]",3,-4.0,1,3,0,0,4,True
2025-2025011014gm-00a9-0000-9ea4d5cd-06-s0-d14,43,B,2,67,"[36500,4600,31400,27500]",1,10.0,1,3,3,0,7,True
2025-2025011014gm-00a9-0000-9ea4d5cd-06-s0-d14,44,A,1,27,"[23900,24100,30600,21400]",3,-4.0,1,3,0,0,4,True
2025-2025011014gm-00a9-0000-9ea4d5cd-06-s0-d14,44,B,2,67,"[21100,22500,32000,24400]",4,-10.0,1,3,1,0,4,True
2025-2025011014gm-00a9-0000-9ea4d5cd-06-s0-d14,45,A,1,27,"[-4400,37600,23100,43700]",4,-10.0,1,3,0,0,5,True
2025-2025011014gm-00a9-0000-9ea4d5cd-06-s0-d14,45,B,2,67,"[20100,33100,32500,14300]",3,-4.0,1,3,0,0,5,True
2025-2025011014gm-00a9-0000-9ea4d5cd-06-s0-d14,46,A,1,27,"[8600,22200,30300,38900]",4,-10.0,1,3,0,0,5,True
2025-2025011014gm-00a9-0000-9ea4d5cd-06-s0-d14,46,B,2,67,"[33200,12400,33500,20900]",2,4.0,1,3,0,0,4,True
2025-2025011014gm-00a9-0000-9ea4d5cd-06-s0-d14,47,A,1,27,"[22900,26300,30900,19900]",3,-4.0,1,3,0,0,4,True
2025-2025011014gm-00a9-0000-9ea4d5cd-06-s0-d14,47,B,2,67,"[33600,16900,24000,25500]",1,10.0,2,2,2,0,8,True
2025-2025011014gm-00a9-0000-9ea4d5cd-06-s0-d14,48,A,1,27,"[19200,21200,28100,31500]",4,-10.0,1,3,0,0,4,True
2025-2025011014gm-00a9-0000-9ea4d5cd-06-s0-d14,48,B,2,67,"[31600,18500,27400,22500]",1,10.0,1,3,0,0,6,True
2025-2025011014gm-00a9-0000-9ea4d5cd-06-s0-d14,49,A,1,27,"[19100,30800,24200,25900]",4,-10.0,1,3,0,0,5,True
2025-2025011014gm-00a9-0000-9ea4d5cd-06-s0-d14,49,B,2,67,"[19100,30800,24200,25900]",4,-10.0,1,3,0,0,5,True
2025-2025011014gm-00a9-0000-9ea4d5cd-06-s0-d14,50,A,1,27,"[32700,19300,37100,10900]",2,4.0,1,3,0,0,6,True
2025-2025011014gm-00a9-0000-9ea4d5cd-06-s0-d14,50,B,2,67,"[5400,34900,33000,26700]",4,-10.0,1,3,2,0,5,True
2025-2025011014gm-00a9-0000-9ea4d5cd-06-s0-d14,51,A,1,27,"[21000,17300,33100,28600]",3,-4.0,1,3,1,0,4,True
2025-2025011014gm-00a9-0000-9ea4d5cd-06-s0-d14,51,B,2,67,"[7200,33700,40500,18600]",4,-10.0,1,3,0,0,4,True
2025-2025011014gm-00a9-0000-9ea4d5cd-06-s0-d14,52,A,1,27,"[22600,28300,32500,16600]",3,-4.0,1,3,0,0,4,True
2025-2025011014gm-00a9-0000-9ea4d5cd-06-s0-d14,52,B,2,67,"[22500,31100,29500,16900]",3,-4.0,1,3,0,0,4,True
2025-2025011014gm-00a9-0000-9ea4d5cd-06-s0-d14,53,A,1,27,"[19600,31100,26200,23100]",4,-10.0,1,3,0,0,4,True
2025-2025011014gm-00a9-0000-9ea4d5cd-06-s0-d14,53,B,2,67,"[19600,31100,26200,23100]",4,-10.0,1,3,0,0,4,True
2025-2025011014gm-00a9-0000-9ea4d5cd-06-s0-d14,54,A,1,27,"[19600,45500,18400,16500]",2,4.0,1,3,0,0,7,True
2025-2025011014gm-00a9-0000-9ea4d5cd-06-s0-d14,54,B,2,67,"[23600,36100,13300,26000]",3,-4.0,1,3,1,1,6,True
2025-2025011014gm-00a9-0000-9ea4d5cd-06-s0-d14,55,A,1,27,"[11600,24300,28200,35900]",4,-10.0,1,3,0,0,4,True
2025-2025011014gm-00a9-0000-9ea4d5cd-06-s0-d14,55,B,2,67,"[9900,21900,40500,27700]",4,-10.0,1,3,1,0,5,True
2025-2025011014gm-00a9-0000-9ea4d5cd-06-s0-d14,56,A,1,27,"[26700,21400,31200,20700]",2,4.0,1,3,0,0,4,True
2025-2025011014gm-00a9-0000-9ea4d5cd-06-s0-d14,56,B,2,67,"[26700,21400,31200,20700]",2,4.0,1,3,0,0,4,True
2025-2025011014gm-00a9-0000-9ea4d5cd-06-s0-d14,57,A,1,27,"[29600,12900,31800,25700]",2,4.0,2,0,2,0,6,True
2025-2025011014gm-00a9-0000-9ea4d5cd-06-s0-d14,57,B,2,67,"[19000,30800,28100,22100]",4,-10.0,2,0,0,0,7,True
2025-2025011014gm-00a9-0000-9ea4d5cd-06-s0-d14,58,A,1,27,"[22600,28100,50400,-1100]",3,-4.0,1,2,0,0,4,True
2025-2025011014gm-00a9-0000-9ea4d5cd-06-s0-d14,58,B,2,67,"[20500,28100,30900,20500]",3,-4.0,2,0,0,0,6,True
2025-2025011014gm-00a9-0000-9ea4d5cd-06-s0-d14,59,A,1,27,"[23000,24500,40600,11900]",3,-4.0,1,3,0,0,4,True
2025-2025011014gm-00a9-0000-9ea4d5cd-06-s0-d14,59,B,2,67,"[19900,23600,23600,31900]",4,-10.0,1,3,0,1,4,True
2025-2025011014gm-00a9-0000-9ea4d5cd-06-s0-d14,60,A,1,27,"[22800,28800,34900,13500]",3,-4.0,1,3,0,0,6,True
2025-2025011014gm-00a9-0000-9ea4d5cd-06-s0-d14,60,B,2,67,"[20600,23700,30900,24800]",4,-10.0,1,3,0,0,4,True
2025-2025011014gm-00a9-0000-9ea4d5cd-06-s0-d14,61,A,1,27,"[25500,33400,22900,18200]",2,4.0,1,3,1,0,6,True
2025-2025011014gm-00a9-0000-9ea4d5cd-06-s0-d14,61,B,2,67,"[25500,33400,22900,18200]",2,4.0,1,3,1,0,6,True
2025-2025011014gm-00a9-0000-9ea4d5cd-06-s0-d14,62,A,1,27,"[27400,19500,37500,15600]",2,4.0,1,3,1,0,6,True
2025-2025011014gm-00a9-0000-9ea4d5cd-06-s0-d14,62,B,2,67,"[27400,19500,37500,15600]",2,4.0,1,3,1,0,6,True
2025-2025011014gm-00a9-0000-9ea4d5cd-06-s0-d14,63,A,1,27,"[25300,15500,25800,33400]",3,-4.0,2,2,0,0,9,True
2025-2025011014gm-00a9-0000-9ea4d5cd-06-s0-d14,63,B,2,67,"[25300,15500,25800,33400]",3,-4.0,2,2,0,0,9,True
2025-2025011014gm-00a9-0000-9ea4d5cd-06-s0-d14,64,A,1,27,"[19500,25600,24800,30100]",4,-10.0,1,3,0,0,4,True
2025-2025011014gm-00a9-0000-9ea4d5cd-06-s0-d14,64,B,2,67,"[19500,25600,24800,30100]",4,-10.0,1,3,0,0,4,True
2025-2025011014gm-00a9-0000-9ea4d5cd-06-s0-d14,65,A,1,27,"[24000,17700,39500,18800]",2,4.0,1,3,0,0,5,True
2025-2025011014gm-00a9-0000-9ea4d5cd-06-s0-d14,65,B,2,67,"[19700,33700,31400,15200]",3,-4.0,1,3,0,0,6,True
2025-2025011014gm-00a9-0000-9ea4d5cd-06-s0-d14,66,A,1,27,"[25100,40300,29700,4900]",3,-4.0,1,3,0,0,5,True
2025-2025011014gm-00a9-0000-9ea4d5cd-06-s0-d14,66,B,2,67,"[28300,14200,27500,30000]",2,4.0,1,3,0,0,5,True
2025-2025011014gm-00a9-0000-9ea4d5cd-06-s0-d14,67,A,1,27,"[34600,26500,26200,12700]",1,10.0,1,3,1,0,7,True
2025-2025011014gm-00a9-0000-9ea4d5cd-06-s0-d14,67,B,2,67,"[34600,26500,26200,12700]",1,10.0,1,3,1,0,7,True
2025-2025011014gm-00a9-0000-9ea4d5cd-06-s0-d14,68,A,1,27,"[21300,26400,33600,18700]",3,-4.0,1,3,0,0,6,True
2025-2025011014gm-00a9-0000-9ea4d5cd-06-s0-d14,68,B,2,67,"[22000,25000,34300,18700]",3,-4.0,1,3,0,0,6,True
2025-2025011014gm-00a9-0000-9ea4d5cd-06-s0-d14,69,A,1,27,"[30500,33200,19500,16800]",2,4.0,1,3,0,0,4,True
2025-2025011014gm-00a9-0000-9ea4d5cd-06-s0-d14,69,B,2,67,"[30500,33200,19500,16800]",2,4.0,1,3,0,0,4,True
2025-2025011014gm-00a9-0000-9ea4d5cd-06-s0-d14,70,A,1,27,"[38600,27000,28500,5900]",1,10.0,2,0,0,0,6,True
2025-2025011014gm-00a9-0000-9ea4d5cd-06-s0-d14,70,B,2,67,"[23800,24700,15500,36000]",3,-4.0,1,3,0,0,6,True
2025-2025011014gm-00a9-0000-9ea4d5cd-06-s0-d14,71,A,1,27,"[21000,22800,37900,18300]",3,-4.0,1,3,0,0,4,True
2025-2025011014gm-00a9-0000-9ea4d5cd-06-s0-d14,71,B,2,67,"[37400,15300,24600,22700]",1,10.0,2,0,2,0,6,True
2025-2025011014gm-00a9-0000-9ea4d5cd-06-s0-d14,72,A,1,27,"[26500,14900,27200,31400]",3,-4.0,1,3,0,0,4,True
2025-2025011014gm-00a9-0000-9ea4d5cd-06-s0-d14,72,B,2,67,"[19600,17800,29200,33400]",3,-4.0,1,3,0,0,4,True
2025-2025011014gm-00a9-0000-9ea4d5cd-06-s0-d14,73,A,1,27,"[20200,29200,35100,15500]",3,-4.0,1,3,1,0,6,True
2025-2025011014gm-00a9-0000-9ea4d5cd-06-s0-d14,73,B,2,67,"[20200,29200,35100,15500]",3,-4.0,1,3,1,0,6,True
2025-2025011014gm-00a9-0000-9ea4d5cd-06-s0-d14,74,A,1,27,"[32400,19000,23100,25500]",1,10.0,1,3,1,0,6,True
2025-2025011014gm-00a9-0000-9ea4d5cd-06-s0-d14,74,B,2,67,"[32400,19000,23100,25500]",1,10.0,1,3,1,0,6,True
2025-2025011014gm-00a9-0000-9ea4d5cd-06-s0-d14,75,A,1,27,"[9600,36400,24200,29800]",4,-10.0,1,3,0,0,5,True
2025-2025011014gm-00a9-0000-9ea4d5cd-06-s0-d14,75,B,2,67,"[9600,36400,24200,29800]",4,-10.0,1,3,0,0,5,True
2025-2025011014gm-00a9-0000-9ea4d5cd-06-s0-d14,76,A,1,27,"[33200,22700,33200,10900]",1,10.0,1,3,0,0,5,True
2025-2025011014gm-00a9-0000-9ea4d5cd-06-s0-d14,76,B,2,67,"[20900,32900,11900,34300]",3,-4.0,1,3,0,0,6,True
2025-2025011014gm-00a9-0000-9ea4d5cd-06-s0-d14,77,A,1,27,"[15400,21700,42600,20300]",4,-10.0,1,3,0,0,4,True
2025-2025011014gm-00a9-0000-9ea4d5cd-06-s0-d14,77,B,2,67,"[17700,25700,38300,18300]",4,-10.0,1,3,1,0,4,True
2025-2025011014gm-00a9-0000-9ea4d5cd-06-s0-d14,78,A,1,27,"[20200,30700,27400,21700]",4,-10.0,1,3,0,0,4,True
2025-2025011014gm-00a9-0000-9ea4d5cd-06-s0-d14,78,B,2,67,"[11100,23700,38100,27100]",4,-10.0,1,3,1,0,5,True
2025-2025011014gm-00a9-0000-9ea4d5cd-06-s0-d14,79,A,1,27,"[17400,26900,32800,22900]",4,-10.0,1,3,1,0,5,True
2025-2025011014gm-00a9-0000-9ea4d5cd-06-s0-d14,79,B,2,67,"[17400,26900,32800,22900]",4,-10.0,1,3,1,0,5,True
2025-2025011014gm-00a9-0000-9ea4d5cd-06-s0-d14,80,A,1,27,"[17500,19300,28100,35100]",4,-10.0,1,3,0,0,4,True
2025-2025011014gm-00a9-0000-9ea4d5cd-06-s0-d14,80,B,2,67,"[17500,19300,28100,35100]",4,-10.0,1,3,0,0,4,True
2025-2025011014gm-00a9-0000-9ea4d5cd-06-s0-d14,81,A,1,27,"[17700,36100,35400,10800]",3,-4.0,1,3,0,0,5,True
2025-2025011014gm-00a9-0000-9ea4d5cd-06-s0-d14,81,B,2,67,"[25700,41000,14200,19100]",2,4.0,1,3,0,0,5,True
2025-2025011014gm-00a9-0000-9ea4d5cd-06-s0-d14,82,A,1,27,"[55900,-10000,37800,16300]",1,10.0,1,2,1,0,5,True
2025-2025011014gm-00a9-0000-9ea4d5cd-06-s0-d14,82,B,2,67,"[16400,28300,32800,22500]",4,-10.0,1,3,0,0,4,True
2025-2025011014gm-00a9-0000-9ea4d5cd-06-s0-d14,83,A,1,27,"[36600,15300,30700,17400]",1,10.0,1,3,0,0,6,True
2025-2025011014gm-00a9-0000-9ea4d5cd-06-s0-d14,83,B,2,67,"[36600,15300,30700,17400]",1,10.0,1,3,0,0,6,True
2025-2025011014gm-00a9-0000-9ea4d5cd-06-s0-d14,84,A,1,27,"[15300,36500,29600,18600]",4,-10.0,1,3,0,0,7,True
2025-2025011014gm-00a9-0000-9ea4d5cd-06-s0-d14,84,B,2,67,"[15300,36500,29600,18600]",4,-10.0,1,3,0,0,7,True
2025-2025011014gm-00a9-0000-9ea4d5cd-06-s0-d14,85,A,1,27,"[29900,20400,17900,31800]",2,4.0,1,3,0,0,4,True
2025-2025011014gm-00a9-0000-9ea4d5cd-06-s0-d14,85,B,2,67,"[21600,32800,42200,3400]",3,-4.0,1,3,0,0,6,True
2025-2025011014gm-00a9-0000-9ea4d5cd-06-s0-d14,86,A,1,27,"[1000,24000,53800,21200]",4,-10.0,1,3,1,0,8,True
2025-2025011014gm-00a9-0000-9ea4d5cd-06-s0-d14,86,B,2,67,"[15800,27200,31200,25800]",4,-10.0,1,3,1,0,5,True
2025-2025011014gm-00a9-0000-9ea4d5cd-06-s0-d14,87,A,1,27,"[16100,25300,35000,23600]",4,-10.0,1,3,0,0,4,True
2025-2025011014gm-00a9-0000-9ea4d5cd-06-s0-d14,87,B,2,67,"[16100,25300,35000,23600]",4,-10.0,1,3,0,0,4,True
2025-2025011014gm-00a9-0000-9ea4d5cd-06-s0-d14,88,A,1,27,"[33200,29400,29200,8200]",1,10.0,1,3,0,0,5,True
2025-2025011014gm-00a9-0000-9ea4d5cd-06-s0-d14,88,B,2,67,"[33200,29400,29200,8200]",1,10.0,1,3,0,0,5,True
2025-2025011014gm-00a9-0000-9ea4d5cd-06-s0-d14,89,A,1,27,"[13800,25800,37500,22900]",4,-10.0,1,3,2,0,6,True
2025-2025011014gm-00a9-0000-9ea4d5cd-06-s0-d14,89,B,2,67,"[26100,31300,23700,18900]",2,4.0,1,3,0,0,4,True
2025-2025011014gm-00a9-0000-9ea4d5cd-06-s0-d14,90,A,1,27,"[38100,24300,29600,8000]",1,10.0,1,3,0,0,4,True
2025-2025011014gm-00a9-0000-9ea4d5cd-06-s0-d14,90,B,2,67,"[17500,21300,34300,26900]",4,-10.0,1,3,0,0,6,True
2025-2025011014gm-00a9-0000-9ea4d5cd-06-s0-d14,91,A,1,27,"[22600,25000,33500,18900]",3,-4.0,1,3,0,0,4,True
2025-2025011014gm-00a9-0000-9ea4d5cd-06-s0-d14,91,B,2,67,"[21300,33300,24200,21200]",3,-4.0,1,3,0,0,4,True
2025-2025011014gm-00a9-0000-9ea4d5cd-06-s0-d14,92,A,1,27,"[17900,17400,35900,28800]",3,-4.0,1,3,1,0,5,True
2025-2025011014gm-00a9-0000-9ea4d5cd-06-s0-d14,92,B,2,67,"[18700,18800,46000,16500]",3,-4.0,1,3,1,0,5,True
2025-2025011014gm-00a9-0000-9ea4d5cd-06-s0-d14,93,A,1,27,"[13800,48400,23100,14700]",4,-10.0,1,3,0,0,6,True
2025-2025011014gm-00a9-0000-9ea4d5cd-06-s0-d14,93,B,2,67,"[13800,48400,23100,14700]",4,-10.0,1,3,0,0,6,True
2025-2025011014gm-00a9-0000-9ea4d5cd-06-s0-d14,94,A,1,27,"[27100,17300,30200,25400]",2,4.0,2,1,0,0,7,True
2025-2025011014gm-00a9-0000-9ea4d5cd-06-s0-d14,94,B,2,67,"[27100,17300,30200,25400]",2,4.0,2,1,0,0,7,True
2025-2025011014gm-00a9-0000-9ea4d5cd-06-s0-d14,95,A,1,27,"[-4200,37300,38000,28900]",4,-10.0,1,3,0,0,5,True
2025-2025011014gm-00a9-0000-9ea4d5cd-06-s0-d14,95,B,2,67,"[-4200,38300,38000,27900]",4,-10.0,1,3,0,0,5,True
2025-2025011014gm-00a9-0000-9ea4d5cd-06-s0-d14,96,A,1,27,"[17400,14300,40100,28200]",3,-4.0,1,3,0,0,6,True
2025-2025011014gm-00a9-0000-9ea4d5cd-06-s0-d14,96,B,2,67,"[24800,34000,26100,15100]",3,-4.0,1,3,1,0,5,True
2025-2025011014gm-00a9-0000-9ea4d5cd-06-s0-d14,97,A,1,27,"[0,50000,38600,11400]",4,-10.0,1,3,0,0,6,True
2025-2025011014gm-00a9-0000-9ea4d5cd-06-s0-d14,97,B,2,67,"[0,50000,38600,11400]",4,-10.0,1,3,0,0,6,True
2025-2025011014gm-00a9-0000-9ea4d5cd-06-s0-d14,98,A,1,27,"[17700,26700,24800,30800]",4,-10.0,2,0,2,0,7,True
2025-2025011014gm-00a9-0000-9ea4d5cd-06-s0-d14,98,B,2,67,"[17700,26700,24800,30800]",4,-10.0,2,0,2,0,7,True
2025-2025011014gm-00a9-0000-9ea4d5cd-06-s0-d14,99,A,1,27,"[1200,26600,51200,21000]",4,-10.0,1,3,3,0,6,True
2025-2025011014gm-00a9-0000-9ea4d5cd-06-s0-d14,99,B,2,67,"[1200,26600,51200,21000]",4,-10.0,1,3,3,0,6,True
2025-2025011014gm-00a9-0000-9ea4d5cd-06-s0-d14,100,A,1,27,"[35600,14300,49500,600]",2,4.0,1,3,0,0,4,True
2025-2025011014gm-00a9-0000-9ea4d5cd-06-s0-d14,100,B,2,67,"[35600,14300,49500,600]",2,4.0,1,3,0,0,4,True
2025-2025011014gm-00a9-0000-9ea4d5cd-06-s0-d14,101,A,1,27,"[31100,20300,33000,15600]",2,4.0,1,3,2,0,6,True
2025-2025011014gm-00a9-0000-9ea4d5cd-06-s0-d14,101,B,2,67,"[31100,20300,33000,15600]",2,4.0,1,3,2,0,6,True
2025-2025011014gm-00a9-0000-9ea4d5cd-06-s0-d14,102,A,1,27,"[25000,13400,42700,18900]",2,4.0,1,3,0,0,5,True
2025-2025011014gm-00a9-0000-9ea4d5cd-06-s0-d14,102,B,2,67,"[28900,-300,39500,31900]",3,-4.0,1,3,0,0,5,True
2025-2025011014gm-00a9-0000-9ea4d5cd-06-s0-d14,103,A,1,27,"[17000,28700,18100,36200]",4,-10.0,2,0,0,0,7,True
2025-2025011014gm-00a9-0000-9ea4d5cd-06-s0-d14,103,B,2,67,"[19400,40400,33900,6300]",3,-4.0,1,3,0,0,6,True
2025-2025011014gm-00a9-0000-9ea4d5cd-06-s0-d14,104,A,1,27,"[24800,15200,29400,30600]",3,-4.0,1,3,0,0,4,True
2025-2025011014gm-00a9-0000-9ea4d5cd-06-s0-d14,104,B,2,67,"[28000,13800,31700,26500]",2,4.0,1,3,1,0,5,True
2025-2025011014gm-00a9-0000-9ea4d5cd-06-s0-d14,105,A,1,27,"[13500,25200,32200,29100]",4,-10.0,1,3,0,0,5,True
2025-2025011014gm-00a9-0000-9ea4d5cd-06-s0-d14,105,B,2,67,"[13500,25200,32200,29100]",4,-10.0,1,3,0,0,5,True
2025-2025011014gm-00a9-0000-9ea4d5cd-06-s0-d14,106,A,1,27,"[40500,23000,26300,10200]",1,10.0,1,3,0,0,4,True
2025-2025011014gm-00a9-0000-9ea4d5cd-06-s0-d14,106,B,2,67,"[40500,23000,26300,10200]",1,10.0,1,3,0,0,4,True
2025-2025011014gm-00a9-0000-9ea4d5cd-06-s0-d14,107,A,1,27,"[22600,19300,27200,30900]",3,-4.0,1,3,4,0,5,True
2025-2025011014gm-00a9-0000-9ea4d5cd-06-s0-d14,107,B,2,67,"[22900,21000,25900,30200]",3,-4.0,1,3,2,0,5,True
2025-2025011014gm-00a9-0000-9ea4d5cd-06-s0-d14,108,A,1,27,"[11900,20000,40400,27700]",4,-10.0,1,3,5,0,6,True
2025-2025011014gm-00a9-0000-9ea4d5cd-06-s0-d14,108,B,2,67,"[3900,23300,40000,32800]",4,-10.0,1,3,1,0,6,True
2025-2025011014gm-00a9-0000-9ea4d5cd-06-s0-d14,109,A,1,27,"[24600,30300,25700,19400]",3,-4.0,2,0,0,0,5,True
2025-2025011014gm-00a9-0000-9ea4d5cd-06-s0-d14,109,B,2,67,"[32200,23800,20700,23300]",1,10.0,1,3,1,0,5,True
2025-2025011014gm-00a9-0000-9ea4d5cd-06-s0-d14,110,A,1,27,"[20100,24600,31700,23600]",4,-10.0,2,0,0,0,6,True
2025-2025011014gm-00a9-0000-9ea4d5cd-06-s0-d14,110,B,2,67,"[20100,24600,31700,23600]",4,-10.0,2,0,0,0,6,True
2025-2025011014gm-00a9-0000-9ea4d5cd-06-s0-d14,111,A,1,27,"[25800,50300,17900,6000]",2,4.0,1,3,0,0,5,True
2025-2025011014gm-00a9-0000-9ea4d5cd-06-s0-d14,111,B,2,67,"[30400,37100,15600,16900]",2,4.0,1,3,0,0,5,True
2025-2025011014gm-00a9-0000-9ea4d5cd-06-s0-d14,112,A,1,27,"[30100,25200,24900,19800]",1,10.0,1,3,1,0,6,True
2025-2025011014gm-00a9-0000-9ea4d5cd-06-s0-d14,112,B,2,67,"[31900,2000,34200,31900]",2,4.0,1,3,3,0,8,True
2025-2025011014gm-00a9-0000-9ea4d5cd-06-s0-d14,113,A,1,27,"[21200,30700,24800,23300]",4,-10.0,1,3,0,0,4,True
2025-2025011014gm-00a9-0000-9ea4d5cd-06-s0-d14,113,B,2,67,"[30900,25900,26200,17000]",1,10.0,1,3,1,0,5,True
2025-2025011014gm-00a9-0000-9ea4d5cd-06-s0-d14,114,A,1,27,"[16900,25400,34800,22900]",4,-10.0,2,0,0,0,7,True
2025-2025011014gm-00a9-0000-9ea4d5cd-06-s0-d14,114,B,2,67,"[11200,21500,52600,14700]",4,-10.0,1,3,0,0,5,True
2025-2025011014gm-00a9-0000-9ea4d5cd-06-s0-d14,115,A,1,27,"[13200,26200,36500,23100]",4,-10.0,1,3,1,1,5,True
2025-2025011014gm-00a9-0000-9ea4d5cd-06-s0-d14,115,B,2,67,"[13200,26200,36500,23100]",4,-10.0,1,3,1,1,5,True
2025-2025011014gm-00a9-0000-9ea4d5cd-06-s0-d14,116,A,1,27,"[19800,30100,28300,21800]",4,-10.0,1,3,1,0,4,True
2025-2025011014gm-00a9-0000-9ea4d5cd-06-s0-d14,116,B,2,67,"[19800,30100,28300,21800]",4,-10.0,1,3,1,0,4,True
2025-2025011014gm-00a9-0000-9ea4d5cd-06-s0-d14,117,A,1,27,"[18400,24500,32800,24300]",4,-10.0,1,3,3,0,7,True
2025-2025011014gm-00a9-0000-9ea4d5cd-06-s0-d14,117,B,2,67,"[23100,19400,35900,21600]",2,4.0,1,3,1,0,5,True
2025-2025011014gm-00a9-0000-9ea4d5cd-06-s0-d14,118,A,1,27,"[23300,24000,32900,19800]",3,-4.0,1,3,1,0,6,True
2025-2025011014gm-00a9-0000-9ea4d5cd-06-s0-d14,118,B,2,67,"[22500,22200,36300,19000]",2,4.0,1,3,2,0,6,True
2025-2025011014gm-00a9-0000-9ea4d5cd-06-s0-d14,119,A,1,27,"[27300,19600,42500,10600]",2,4.0,1,3,0,0,4,True
2025-2025011014gm-00a9-0000-9ea4d5cd-06-s0-d14,119,B,2,67,"[27300,19600,42500,10600]",2,4.0,1,3,0,0,4,True
2025-2025011014gm-00a9-0000-9ea4d5cd-06-s0-d14,120,A,1,27,"[29700,23500,39400,7400]",2,4.0,1,3,1,0,5,True
2025-2025011014gm-00a9-0000-9ea4d5cd-06-s0-d14,120,B,2,67,"[32500,18500,34300,14700]",2,4.0,1,3,0,0,5,True
2025-2025011014gm-00a9-0000-9ea4d5cd-06-s0-d14,121,A,1,27,"[31900,21200,48500,-1600]",2,4.0,1,3,0,0,8,True
2025-2025011014gm-00a9-0000-9ea4d5cd-06-s0-d14,121,B,2,67,"[31900,21200,48500,-1600]",2,4.0,1,3,0,0,8,True
2025-2025011014gm-00a9-0000-9ea4d5cd-06-s0-d14,122,A,1,27,"[32600,19300,28700,19400]",1,10.0,1,3,1,0,4,True
2025-2025011014gm-00a9-0000-9ea4d5cd-06-s0-d14,122,B,2,67,"[32600,19300,28700,19400]",1,10.0,1,3,1,0,4,True
2025-2025011014gm-00a9-0000-9ea4d5cd-06-s0-d14,123,A,1,27,"[30800,20100,26100,22000]",1,10.0,1,3,0,1,4,True
2025-2025011014gm-00a9-0000-9ea4d5cd-06-s0-d14,123,B,2,67,"[30800,20100,26100,22000]",1,10.0,1,3,0,1,4,True
2025-2025011014gm-00a9-0000-9ea4d5cd-06-s0-d14,124,A,1,27,"[14000,41700,30100,14200]",4,-10.0,1,3,0,0,6,True
2025-2025011014gm-00a9-0000-9ea4d5cd-06-s0-d14,124,B,2,67,"[5100,53900,28000,13000]",4,-10.0,1,3,0,0,5,True
2025-2025011014gm-00a9-0000-9ea4d5cd-06-s0-d14,125,A,1,27,"[33900,32000,29200,4900]",1,10.0,1,3,0,0,4,True
2025-2025011014gm-00a9-0000-9ea4d5cd-06-s0-d14,125,B,2,67,"[34600,32900,28400,4100]",1,10.0,1,3,0,0,4,True
2025-2025011014gm-00a9-0000-9ea4d5cd-06-s0-d14,126,A,1,27,"[29800,300,19000,50900]",2,4.0,1,3,0,0,6,True
2025-2025011014gm-00a9-0000-9ea4d5cd-06-s0-d14,126,B,2,67,"[17100,12200,13700,57000]",2,4.0,1,3,0,0,6,True
2025-2025011014gm-00a9-0000-9ea4d5cd-06-s0-d14,127,A,1,27,"[23000,21400,35700,19900]",2,4.0,1,3,1,0,4,True
2025-2025011014gm-00a9-0000-9ea4d5cd-06-s0-d14,127,B,2,67,"[23600,22400,14900,39100]",2,4.0,1,3,0,0,5,True
2025-2025011014gm-00a9-0000-9ea4d5cd-06-s0-d14,128,A,1,27,"[10800,27300,26400,35500]",4,-10.0,2,0,0,0,7,True
2025-2025011014gm-00a9-0000-9ea4d5cd-06-s0-d14,128,B,2,67,"[34300,23700,21700,20300]",1,10.0,1,3,0,0,4,True
2025-2025011014gm-00a9-0000-9ea4d5cd-06-s0-d14,129,A,1,27,"[15800,26500,39100,18600]",4,-10.0,1,3,0,0,6,True
2025-2025011014gm-00a9-0000-9ea4d5cd-06-s0-d14,129,B,2,67,"[15900,25600,40200,18300]",4,-10.0,1,3,0,0,6,True
2025-2025011014gm-00a9-0000-9ea4d5cd-06-s0-d14,130,A,1,27,"[33300,21700,28900,16100]",1,10.0,1,3,1,0,4,True
2025-2025011014gm-00a9-0000-9ea4d5cd-06-s0-d14,130,B,2,67,"[31000,19400,28400,21200]",1,10.0,1,3,1,0,6,True
2025-2025011014gm-00a9-0000-9ea4d5cd-06-s0-d14,131,A,1,27,"[14300,20400,33900,31400]",4,-10.0,1,3,0,0,5,True
2025-2025011014gm-00a9-0000-9ea4d5cd-06-s0-d14,131,B,2,67,"[3300,19900,50300,26500]",4,-10.0,1,3,2,0,6,True
2025-2025011014gm-00a9-0000-9ea4d5cd-06-s0-d14,132,A,1,27,"[18900,20600,44800,15700]",3,-4.0,1,3,3,0,6,True
2025-2025011014gm-00a9-0000-9ea4d5cd-06-s0-d14,132,B,2,67,"[31400,11500,38200,18900]",2,4.0,1,3,0,0,4,True
2025-2025011014gm-00a9-0000-9ea4d5cd-06-s0-d14,133,A,1,27,"[35600,22200,30600,11600]",1,10.0,1,3,0,0,4,True
2025-2025011014gm-00a9-0000-9ea4d5cd-06-s0-d14,133,B,2,67,"[35600,22200,30600,11600]",1,10.0,1,3,0,0,4,True
2025-2025011014gm-00a9-0000-9ea4d5cd-06-s0-d14,134,A,1,27,"[26000,18000,37800,18200]",2,4.0,1,3,1,0,6,True
2025-2025011014gm-00a9-0000-9ea4d5cd-06-s0-d14,134,B,2,67,"[26000,18000,37800,18200]",2,4.0,1,3,1,0,6,True
2025-2025011014gm-00a9-0000-9ea4d5cd-06-s0-d14,135,A,1,27,"[35400,25600,25300,13700]",1,10.0,1,3,0,0,8,True
2025-2025011014gm-00a9-0000-9ea4d5cd-06-s0-d14,135,B,2,67,"[22900,34700,24900,17500]",3,-4.0,1,3,0,0,8,True
2025-2025011014gm-00a9-0000-9ea4d5cd-06-s0-d14,136,A,1,27,"[22600,16000,25400,36000]",3,-4.0,1,3,0,0,4,True
2025-2025011014gm-00a9-0000-9ea4d5cd-06-s0-d14,136,B,2,67,"[29800,34000,23300,12900]",2,4.0,1,3,1,0,7,True
2025-2025011014gm-00a9-0000-9ea4d5cd-06-s0-d14,137,A,1,27,"[31800,24900,20800,22500]",1,10.0,2,1,0,0,7,True
2025-2025011014gm-00a9-0000-9ea4d5cd-06-s0-d14,137,B,2,67,"[31800,24900,20800,22500]",1,10.0,2,1,0,0,7,True
2025-2025011014gm-00a9-0000-9ea4d5cd-06-s0-d14,138,A,1,27,"[16600,23300,37200,19900]",4,-10.0,1,3,3,3,4,True
2025-2025011014gm-00a9-0000-9ea4d5cd-06-s0-d14,138,B,2,67,"[16600,23300,37200,19900]",4,-10.0,1,3,3,3,4,True
2025-2025011014gm-00a9-0000-9ea4d5cd-06-s0-d14,139,A,1,27,"[35800,27300,25000,11900]",1,10.0,1,3,1,0,4,True
2025-2025011014gm-00a9-0000-9ea4d5cd-06-s0-d14,139,B,2,67,"[13300,25600,39600,21500]",4,-10.0,1,3,1,0,4,True
2025-2025011014gm-00a9-0000-9ea4d5cd-06-s0-d14,140,A,1,27,"[14500,34200,27400,23900]",4,-10.0,1,3,1,0,5,True
2025-2025011014gm-00a9-0000-9ea4d5cd-06-s0-d14,140,B,2,67,"[19800,24100,40000,16100]",3,-4.0,1,3,0,0,5,True
2025-2025011014gm-00a9-0000-9ea4d5cd-06-s0-d14,141,A,1,27,"[27100,19000,34400,19500]",2,4.0,1,3,0,0,6,True
2025-2025011014gm-00a9-0000-9ea4d5cd-06-s0-d14,141,B,2,67,"[25900,17800,30100,26200]",3,-4.0,1,3,0,0,6,True
2025-2025011014gm-00a9-0000-9ea4d5cd-06-s0-d14,142,A,1,27,"[23400,30200,26700,19700]",3,-4.0,2,0,0,0,8,True
2025-2025011014gm-00a9-0000-9ea4d5cd-06-s0-d14,142,B,2,67,"[-3800,63300,24200,16300]",4,-10.0,1,2,0,0,5,True
2025-2025011014gm-00a9-0000-9ea4d5cd-06-s0-d14,143,A,1,27,"[33400,20700,35500,10400]",2,4.0,1,3,0,0,5,True
2025-2025011014gm-00a9-0000-9ea4d5cd-06-s0-d14,143,B,2,67,"[21500,19800,33200,25500]",3,-4.0,1,3,0,0,6,True
2025-2025011014gm-00a9-0000-9ea4d5cd-06-s0-d14,144,A,1,27,"[20800,7200,43500,28500]",3,-4.0,1,3,1,0,5,True
2025-2025011014gm-00a9-0000-9ea4d5cd-06-s0-d14,144,B,2,67,"[20800,7200,43500,28500]",3,-4.0,1,3,1,0,5,True
2025-2025011014gm-00a9-0000-9ea4d5cd-06-s0-d14,145,A,1,27,"[21000,31400,25300,22300]",4,-10.0,1,3,1,0,5,True
2025-2025011014gm-00a9-0000-9ea4d5cd-06-s0-d14,145,B,2,67,"[21000,31400,25300,22300]",4,-10.0,1,3,1,0,5,True
2025-2025011014gm-00a9-0000-9ea4d5cd-06-s0-d14,146,A,1,27,"[23000,27700,32000,17300]",3,-4.0,1,3,0,0,4,True
2025-2025011014gm-00a9-0000-9ea4d5cd-06-s0-d14,146,B,2,67,"[18900,31500,29700,17900]",3,-4.0,1,3,1,2,7,True
2025-2025011014gm-00a9-0000-9ea4d5cd-06-s0-d14,147,A,1,27,"[33900,17400,28000,20700]",1,10.0,2,0,1,0,8,True
2025-2025011014gm-00a9-0000-9ea4d5cd-06-s0-d14,147,B,2,67,"[33900,17400,28000,20700]",1,10.0,2,0,1,0,8,True
2025-2025011014gm-00a9-0000-9ea4d5cd-06-s0-d14,148,A,1,27,"[7300,23500,21600,47600]",4,-10.0,1,3,0,0,4,True
2025-2025011014gm-00a9-0000-9ea4d5cd-06-s0-d14,148,B,2,67,"[21400,28200,15000,35400]",3,-4.0,1,3,0,0,7,True
2025-2025011014gm-00a9-0000-9ea4d5cd-06-s0-d14,149,A,1,27,"[31700,21600,29700,17000]",1,10.0,1,3,0,0,4,True
2025-2025011014gm-00a9-0000-9ea4d5cd-06-s0-d14,149,B,2,67,"[31700,21600,29700,17000]",1,10.0,1,3,0,0,4,True
2025-2025011014gm-00a9-0000-9ea4d5cd-06-s0-d14,150,A,1,27,"[25100,7200,56300,11400]",2,4.0,1,3,0,0,7,True
2025-2025011014gm-00a9-0000-9ea4d5cd-06-s0-d14,150,B,2,67,"[21300,31000,26400,21300]",3,-4.0,2,3,0,0,9,True
2025-2025011014gm-00a9-0000-9ea4d5cd-06-s0-d14,151,A,1,27,"[19300,22000,40800,17900]",3,-4.0,1,3,0,0,4,True
2025-2025011014gm-00a9-0000-9ea4d5cd-06-s0-d14,151,B,2,67,"[18400,24700,26300,30600]",4,-10.0,2,2,0,0,8,True
2025-2025011014gm-00a9-0000-9ea4d5cd-06-s0-d14,152,A,1,27,"[20600,28300,30500,20600]",3,-4.0,1,3,0,0,4,True
2025-2025011014gm-00a9-0000-9ea4d5cd-06-s0-d14,152,B,2,67,"[20600,28300,30500,20600]",3,-4.0,1,3,0,0,4,True
2025-2025011014gm-00a9-0000-9ea4d5cd-06-s0-d14,153,A,1,27,"[32800,24700,29000,13500]",1,10.0,1,3,0,0,5,True
2025-2025011014gm-00a9-0000-9ea4d5cd-06-s0-d14,153,B,2,67,"[32800,24700,29000,13500]",1,10.0,1,3,0,0,5,True
2025-2025011014gm-00a9-0000-9ea4d5cd-06-s0-d14,154,A,1,27,"[20400,19600,33400,26600]",3,-4.0,1,3,0,0,4,True
2025-2025011014gm-00a9-0000-9ea4d5cd-06-s0-d14,154,B,2,67,"[20400,19600,33400,26600]",3,-4.0,1,3,0,0,4,True
2025-2025011014gm-00a9-0000-9ea4d5cd-06-s0-d14,155,A,1,27,"[12900,23400,31500,32200]",4,-10.0,1,3,1,0,6,True
2025-2025011014gm-00a9-0000-9ea4d5cd-06-s0-d14,155,B,2,67,"[12900,23400,31500,32200]",4,-10.0,1,3,1,0,6,True
2025-2025011014gm-00a9-0000-9ea4d5cd-06-s0-d14,156,A,1,27,"[14900,34400,22500,28200]",4,-10.0,2,1,0,0,6,True
2025-2025011014gm-00a9-0000-9ea4d5cd-06-s0-d14,156,B,2,67,"[29400,19500,36800,14300]",2,4.0,1,3,0,0,5,True
2025-2025011014gm-00a9-0000-9ea4d5cd-06-s0-d14,157,A,1,27,"[37900,24300,24200,13600]",1,10.0,1,3,0,0,4,True
2025-2025011014gm-00a9-0000-9ea4d5cd-06-s0-d14,157,B,2,67,"[37900,24300,24200,13600]",1,10.0,1,3,0,0,4,True
2025-2025011014gm-00a9-0000-9ea4d5cd-06-s0-d14,158,A,1,27,"[24100,13900,37700,24300]",3,-4.0,1,3,0,0,4,True
2025-2025011014gm-00a9-0000-9ea4d5cd-06-s0-d14,158,B,2,67,"[24100,13900,37700,24300]",3,-4.0,1,3,0,0,4,True
2025-2025011014gm-00a9-0000-9ea4d5cd-06-s0-d14,159,A,1,27,"[24300,25000,18700,32000]",3,-4.0,1,3,0,0,4,True
2025-2025011014gm-00a9-0000-9ea4d5cd-06-s0-d14,159,B,2,67,"[24300,25000,18700,32000]",3,-4.0,1,3,0,0,4,True
2025-2025011014gm-00a9-0000-9ea4d5cd-06-s0-d14,160,A,1,27,"[30900,34200,30500,4400]",2,4.0,1,3,2,0,6,True
2025-2025011014gm-00a9-0000-9ea4d5cd-06-s0-d14,160,B,2,67,"[21700,39200,39600,-500]",3,-4.0,1,3,0,0,8,True
2025-2025011014gm-00a9-0000-9ea4d5cd-06-s0-d14,161,A,1,27,"[10800,26800,43600,17800]",4,-10.0,1,3,1,1,6,True
2025-2025011014gm-00a9-0000-9ea4d5cd-06-s0-d14,161,B,2,67,"[10800,26800,43600,17800]",4,-10.0,1,3,1,1,6,True
2025-2025011014gm-00a9-0000-9ea4d5cd-06-s0-d14,162,A,1,27,"[34600,20000,29500,15900]",1,10.0,1,3,0,0,4,True
2025-2025011014gm-00a9-0000-9ea4d5cd-06-s0-d14,162,B,2,67,"[34600,20000,29500,15900]",1,10.0,1,3,0,0,4,True
2025-2025011014gm-00a9-0000-9ea4d5cd-06-s0-d14,163,A,1,27,"[18300,29300,36800,15600]",3,-4.0,1,3,0,0,6,True
2025-2025011014gm-00a9-0000-9ea4d5cd-06-s0-d14,163,B,2,67,"[27600,26400,30000,16000]",2,4.0,1,3,0,0,5,True
2025-2025011014gm-00a9-0000-9ea4d5cd-06-s0-d14,164,A,1,27,"[12000,37400,30500,20100]",4,-10.0,1,3,0,0,6,True
2025-2025011014gm-00a9-0000-9ea4d5cd-06-s0-d14,164,B,2,67,"[26300,14300,36600,22800]",2,4.0,1,3,0,0,5,True
2025-2025011014gm-00a9-0000-9ea4d5cd-06-s0-d14,165,A,1,27,"[25900,9600,31600,32900]",3,-4.0,1,3,0,0,7,True
2025-2025011014gm-00a9-0000-9ea4d5cd-06-s0-d14,165,B,2,67,"[25900,9600,31600,32900]",3,-4.0,1,3,0,0,7,True
2025-2025011014gm-00a9-0000-9ea4d5cd-06-s0-d14,166,A,1,27,"[20100,22800,23400,33700]",4,-10.0,1,3,0,0,4,True
2025-2025011014gm-00a9-0000-9ea4d5cd-06-s0-d14,166,B,2,67,"[20100,22800,23400,33700]",4,-10.0,1,3,0,0,4,True
2025-2025011014gm-00a9-0000-9ea4d5cd-06-s0-d14,167,A,1,27,"[10100,20800,46000,23100]",4,-10.0,1,3,1,0,6,True
2025-2025011014gm-00a9-0000-9ea4d5cd-06-s0-d14,167,B,2,67,"[10100,20800,46000,23100]",4,-10.0,1,3,1,0,6,True
2025-2025011014gm-00a9-0000-9ea4d5cd-06-s0-d14,168,A,1,27,"[37900,14900,35700,11500]",1,10.0,1,3,0,0,6,True
2025-2025011014gm-00a9-0000-9ea4d5cd-06-s0-d14,168,B,2,67,"[18200,32700,31400,17700]",3,-4.0,1,3,1,0,7,True
2025-2025011014gm-00a9-0000-9ea4d5cd-06-s0-d14,169,A,1,27,"[38100,24300,28900,8700]",1,10.0,1,3,0,0,4,True
2025-2025011014gm-00a9-0000-9ea4d5cd-06-s0-d14,169,B,2,67,"[36500,24300,31800,7400]",1,10.0,1,3,0,0,4,True
2025-2025011014gm-00a9-0000-9ea4d5cd-06-s0-d14,170,A,1,27,"[18700,22700,32500,26100]",4,-10.0,1,3,1,0,5,True
2025-2025011014gm-00a9-0000-9ea4d5cd-06-s0-d14,170,B,2,67,"[25600,-3500,47300,30600]",3,-4.0,1,2,1,0,5,True
2025-2025011014gm-00a9-0000-9ea4d5cd-06-s0-d14,171,A,1,27,"[6300,23300,31500,38900]",4,-10.0,1,3,0,0,4,True
2025-2025011014gm-00a9-0000-9ea4d5cd-06-s0-d14,171,B,2,67,"[28500,24900,34200,12400]",2,4.0,1,3,0,0,7,True
2025-2025011014gm-00a9-0000-9ea4d5cd-06-s0-d14,172,A,1,27,"[25600,18300,40200,15900]",2,4.0,1,3,0,0,5,True
2025-2025011014gm-00a9-0000-9ea4d5cd-06-s0-d14,172,B,2,67,"[21500,27400,32300,18800]",3,-4.0,1,3,0,0,4,True
2025-2025011014gm-00a9-0000-9ea4d5cd-06-s0-d14,173,A,1,27,"[31600,23000,37200,8200]",2,4.0,1,3,0,0,4,True
2025-2025011014gm-00a9-0000-9ea4d5cd-06-s0-d14,173,B,2,67,"[31600,23000,37200,8200]",2,4.0,1,3,0,0,4,True
2025-2025011014gm-00a9-0000-9ea4d5cd-06-s0-d14,174,A,1,27,"[23800,7000,30200,39000]",3,-4.0,1,3,0,0,6,True
2025-2025011014gm-00a9-0000-9ea4d5cd-06-s0-d14,174,B,2,67,"[23800,7000,30200,39000]",3,-4.0,1,3,0,0,6,True
2025-2025011014gm-00a9-0000-9ea4d5cd-06-s0-d14,175,A,1,27,"[9700,32400,38600,19300]",4,-10.0,1,3,0,0,5,True
2025-2025011014gm-00a9-0000-9ea4d5cd-06-s0-d14,175,B,2,67,"[9700,32400,38600,19300]",4,-10.0,1,3,0,0,5,True
2025-2025011014gm-00a9-0000-9ea4d5cd-06-s0-d14,176,A,1,27,"[22300,25300,40500,11900]",3,-4.0,1,3,0,0,4,True
2025-2025011014gm-00a9-0000-9ea4d5cd-06-s0-d14,176,B,2,67,"[22300,25300,40500,11900]",3,-4.0,1,3,0,0,4,True
2025-2025011014gm-00a9-0000-9ea4d5cd-06-s0-d14,177,A,1,27,"[24700,21200,34300,19800]",2,4.0,1,3,2,0,5,True
2025-2025011014gm-00a9-0000-9ea4d5cd-06-s0-d14,177,B,2,67,"[24700,21200,34300,19800]",2,4.0,1,3,2,0,5,True
2025-2025011014gm-00a9-0000-9ea4d5cd-06-s0-d14,178,A,1,27,"[18700,29500,34000,17800]",3,-4.0,1,3,0,0,5,True
2025-2025011014gm-00a9-0000-9ea4d5cd-06-s0-d14,178,B,2,67,"[18700,29500,34000,17800]",3,-4.0,1,3,0,0,5,True
2025-2025011014gm-00a9-0000-9ea4d5cd-06-s0-d14,179,A,1,27,"[19100,17900,32800,30200]",3,-4.0,1,3,1,0,6,True
2025-2025011014gm-00a9-0000-9ea4d5cd-06-s0-d14,179,B,2,67,"[22800,26100,30000,21100]",3,-4.0,2,1,0,0,6,True
2025-2025011014gm-00a9-0000-9ea4d5cd-06-s0-d14,180,A,1,27,"[29600,50600,-1100,20900]",2,4.0,1,1,2,0,3,True
2025-2025011014gm-00a9-0000-9ea4d5cd-06-s0-d14,180,B,2,67,"[23000,27200,41400,8400]",3,-4.0,1,3,1,0,8,True
2025-2025011014gm-00a9-0000-9ea4d5cd-06-s0-d14,181,A,1,27,"[26100,31400,31400,11100]",3,-4.0,1,3,0,0,5,True
2025-2025011014gm-00a9-0000-9ea4d5cd-06-s0-d14,181,B,2,67,"[33300,30000,21700,15000]",1,10.0,1,3,0,0,6,True
2025-2025011014gm-00a9-0000-9ea4d5cd-06-s0-d14,182,A,1,27,"[26100,37500,19900,16500]",2,4.0,1,3,0,0,4,True
2025-2025011014gm-00a9-0000-9ea4d5cd-06-s0-d14,182,B,2,67,"[26100,37500,19900,16500]",2,4.0,1,3,0,0,4,True
2025-2025011014gm-00a9-0000-9ea4d5cd-06-s0-d14,183,A,1,27,"[38600,-500,45300,16600]",2,4.0,1,3,0,0,6,True
2025-2025011014gm-00a9-0000-9ea4d5cd-06-s0-d14,183,B,2,67,"[29200,20100,30600,20100]",2,4.0,1,3,1,0,4,True
2025-2025011014gm-00a9-0000-9ea4d5cd-06-s0-d14,184,A,1,27,"[30100,13900,29800,26200]",1,10.0,2,1,0,0,8,True
2025-2025011014gm-00a9-0000-9ea4d5cd-06-s0-d14,184,B,2,67,"[30100,13900,29800,26200]",1,10.0,2,1,0,0,8,True
2025-2025011014gm-00a9-0000-9ea4d5cd-06-s0-d14,185,A,1,27,"[16100,33600,24600,25700]",4,-10.0,1,3,0,0,6,True
2025-2025011014gm-00a9-0000-9ea4d5cd-06-s0-d14,185,B,2,67,"[28300,16100,38000,17600]",2,4.0,2,0,1,0,7,True
2025-2025011014gm-00a9-0000-9ea4d5cd-06-s0-d14,186,A,1,27,"[31700,19200,28300,20800]",1,10.0,1,3,0,0,5,True
2025-2025011014gm-00a9-0000-9ea4d5cd-06-s0-d14,186,B,2,67,"[18400,25300,35400,20900]",4,-10.0,1,3,1,0,4,True
2025-2025011014gm-00a9-0000-9ea4d5cd-06-s0-d14,187,A,1,27,"[29000,6100,28600,36300]",2,4.0,2,0,0,0,5,True
2025-2025011014gm-00a9-0000-9ea4d5cd-06-s0-d14,187,B,2,67,"[29000,6100,28600,36300]",2,4.0,2,0,0,0,5,True
2025-2025011014gm-00a9-0000-9ea4d5cd-06-s0-d14,188,A,1,27,"[29300,13400,30000,27300]",2,4.0,1,3,0,0,7,True
2025-2025011014gm-00a9-0000-9ea4d5cd-06-s0-d14,188,B,2,67,"[35000,29100,21500,14400]",1,10.0,1,3,1,0,6,True
2025-2025011014gm-00a9-0000-9ea4d5cd-06-s0-d14,189,A,1,27,"[26500,27900,25800,19800]",2,4.0,2,3,1,0,11,True
2025-2025011014gm-00a9-0000-9ea4d5cd-06-s0-d14,189,B,2,67,"[26500,27900,25800,19800]",2,4.0,2,3,1,0,11,True
2025-2025011014gm-00a9-0000-9ea4d5cd-06-s0-d14,190,A,1,27,"[32800,23900,24800,18500]",1,10.0,1,3,4,0,5,True
2025-2025011014gm-00a9-0000-9ea4d5cd-06-s0-d14,190,B,2,67,"[32800,23900,24800,18500]",1,10.0,1,3,4,0,5,True
2025-2025011014gm-00a9-0000-9ea4d5cd-06-s0-d14,191,A,1,27,"[15900,17600,38300,27200]",4,-10.0,1,3,0,1,5,True
2025-2025011014gm-00a9-0000-9ea4d5cd-06-s0-d14,191,B,2,67,"[20400,21200,21100,36300]",4,-10.0,1,3,0,1,5,True
2025-2025011014gm-00a9-0000-9ea4d5cd-06-s0-d14,192,A,1,27,"[15700,19700,48500,16100]",4,-10.0,1,3,1,0,5,True
2025-2025011014gm-00a9-0000-9ea4d5cd-06-s0-d14,192,B,2,67,"[15700,19700,48500,16100]",4,-10.0,1,3,1,0,5,True
2025-2025011014gm-00a9-0000-9ea4d5cd-06-s0-d14,193,A,1,27,"[3400,38300,31300,27000]",4,-10.0,1,3,0,0,7,True
2025-2025011014gm-00a9-0000-9ea4d5cd-06-s0-d14,193,B,2,67,"[40100,22100,25200,12600]",1,10.0,2,0,1,0,7,True
2025-2025011014gm-00a9-0000-9ea4d5cd-06-s0-d14,194,A,1,27,"[17500,27900,35800,18800]",4,-10.0,1,3,0,0,5,True
2025-2025011014gm-00a9-0000-9ea4d5cd-06-s0-d14,194,B,2,67,"[17500,27900,35800,18800]",4,-10.0,1,3,0,0,5,True
2025-2025011014gm-00a9-0000-9ea4d5cd-06-s0-d14,195,A,1,27,"[13400,27000,24500,35100]",4,-10.0,1,3,1,0,5,True
2025-2025011014gm-00a9-0000-9ea4d5cd-06-s0-d14,195,B,2,67,"[13400,27000,24500,35100]",4,-10.0,1,3,1,0,5,True
2025-2025011014gm-00a9-0000-9ea4d5cd-06-s0-d14,196,A,1,27,"[25100,30600,29700,14600]",3,-4.0,1,3,0,0,4,True
2025-2025011014gm-00a9-0000-9ea4d5cd-06-s0-d14,196,B,2,67,"[25100,30600,29700,14600]",3,-4.0,1,3,0,0,4,True
2025-2025011014gm-00a9-0000-9ea4d5cd-06-s0-d14,197,A,1,27,"[-9300,28000,42200,39100]",4,-10.0,1,3,1,0,9,True
2025-2025011014gm-00a9-0000-9ea4d5cd-06-s0-d14,197,B,2,67,"[20600,36300,27900,15200]",3,-4.0,1,3,0,0,4,True
2025-2025011014gm-00a9-0000-9ea4d5cd-06-s0-d14,198,A,1,27,"[21400,23800,34900,19900]",3,-4.0,1,3,0,0,4,True
2025-2025011014gm-00a9-0000-9ea4d5cd-06-s0-d14,198,B,2,67,"[21400,23800,34900,19900]",3,-4.0,1,3,0,0,4,True
2025-2025011014gm-00a9-0000-9ea4d5cd-06-s0-d14,199,A,1,27,"[35300,18900,20800,25000]",1,10.0,1,3,1,0,5,True
2025-2025011014gm-00a9-0000-9ea4d5cd-06-s0-d14,199,B,2,67,"[31500,29600,18700,20200]",1,10.0,1,3,1,0,5,True
2025-2025011014gm-00a9-0000-9ea4d5cd-06-s0-d14,200,A,1,27,"[-3800,32400,50000,21400]",4,-10.0,1,2,2,0,6,True
2025-2025011014gm-00a9-0000-9ea4d5cd-06-s0-d14,200,B,2,67,"[-3800,32400,50000,21400]",4,-10.0,1,2,2,0,6,True
2025-2025011014gm-00a9-0000-9ea4d5cd-06-s0-d14,201,A,1,27,"[21900,20000,38900,19200]",2,4.0,1,3,0,0,4,True
2025-2025011014gm-00a9-0000-9ea4d5cd-06-s0-d14,201,B,2,67,"[21900,20000,38900,19200]",2,4.0,1,3,0,0,4,True
2025-2025011014gm-00a9-0000-9ea4d5cd-06-s0-d14,202,A,1,27,"[31400,23300,23400,21900]",1,10.0,1,3,3,0,4,True
2025-2025011014gm-00a9-0000-9ea4d5cd-06-s0-d14,202,B,2,67,"[15100,18600,48300,18000]",4,-10.0,1,3,0,0,5,True
2025-2025011014gm-00a9-0000-9ea4d5cd-06-s0-d14,203,A,1,27,"[13400,46900,16800,22900]",4,-10.0,1,3,1,0,6,True
2025-2025011014gm-00a9-0000-9ea4d5cd-06-s0-d14,203,B,2,67,"[12900,27700,40400,19000]",4,-10.0,1,3,0,0,6,True
2025-2025011014gm-00a9-0000-9ea4d5cd-06-s0-d14,204,A,1,27,"[25000,24200,32500,18300]",2,4.0,1,3,0,0,4,True
2025-2025011014gm-00a9-0000-9ea4d5cd-06-s0-d14,204,B,2,67,"[22400,7400,54900,15300]",2,4.0,1,3,2,0,5,True
2025-2025011014gm-00a9-0000-9ea4d5cd-06-s0-d14,205,A,1,27,"[3600,58800,11400,26200]",4,-10.0,1,3,1,0,7,True
2025-2025011014gm-00a9-0000-9ea4d5cd-06-s0-d14,205,B,2,67,"[12200,16800,42900,28100]",4,-10.0,1,3,0,0,5,True
2025-2025011014gm-00a9-0000-9ea4d5cd-06-s0-d14,206,A,1,27,"[21200,28200,34600,16000]",3,-4.0,1,3,0,0,5,True
2025-2025011014gm-00a9-0000-9ea4d5cd-06-s0-d14,206,B,2,67,"[21200,28200,34600,16000]",3,-4.0,1,3,0,0,5,True
2025-2025011014gm-00a9-0000-9ea4d5cd-06-s0-d14,207,A,1,27,"[29000,17300,33500,20200]",2,4.0,1,3,0,0,4,True
2025-2025011014gm-00a9-0000-9ea4d5cd-06-s0-d14,207,B,2,67,"[29000,17300,33500,20200]",2,4.0,1,3,0,0,4,True
2025-2025011014gm-00a9-0000-9ea4d5cd-06-s0-d14,208,A,1,27,"[17400,33500,28800,20300]",4,-10.0,2,1,0,0,6,True
2025-2025011014gm-00a9-0000-9ea4d5cd-06-s0-d14,208,B,2,67,"[17400,33500,28800,20300]",4,-10.0,2,1,0,0,6,True
2025-2025011014gm-00a9-0000-9ea4d5cd-06-s0-d14,209,A,1,27,"[26700,26900,33500,12900]",3,-4.0,1,3,0,0,4,True
2025-2025011014gm-00a9-0000-9ea4d5cd-06-s0-d14,209,B,2,67,"[26700,29200,33500,10600]",3,-4.0,1,3,0,0,4,True
2025-2025011014gm-00a9-0000-9ea4d5cd-06-s0-d14,210,A,1,27,"[13000,24300,29200,33500]",4,-10.0,1,3,1,0,4,True
2025-2025011014gm-00a9-0000-9ea4d5cd-06-s0-d14,210,B,2,67,"[15300,24000,30200,30500]",4,-10.0,1,3,0,0,4,True
2025-2025011014gm-00a9-0000-9ea4d5cd-06-s0-d14,211,A,1,27,"[27400,22000,40900,9700]",2,4.0,1,3,0,0,4,True
2025-2025011014gm-00a9-0000-9ea4d5cd-06-s0-d14,211,B,2,67,"[25500,25300,41900,7300]",2,4.0,1,3,0,0,4,True
2025-2025011014gm-00a9-0000-9ea4d5cd-06-s0-d14,212,A,1,27,"[21100,26800,31900,20200]",3,-4.0,1,3,0,0,4,True
2025-2025011014gm-00a9-0000-9ea4d5cd-06-s0-d14,212,B,2,67,"[18100,33700,24200,24000]",4,-10.0,2,0,0,0,6,True
2025-2025011014gm-00a9-0000-9ea4d5cd-06-s0-d14,213,A,1,27,"[22500,19200,39500,18800]",2,4.0,1,3,0,0,4,True
2025-2025011014gm-00a9-0000-9ea4d5cd-06-s0-d14,213,B,2,67,"[22500,19200,39500,18800]",2,4.0,1,3,0,0,4,True
2025-2025011014gm-00a9-0000-9ea4d5cd-06-s0-d14,214,A,1,27,"[-8300,44600,30200,33500]",4,-10.0,1,1,2,0,3,True
2025-2025011014gm-00a9-0000-9ea4d5cd-06-s0-d14,214,B,2,67,"[15000,43100,28700,13200]",3,-4.0,1,3,4,0,5,True
2025-2025011014gm-00a9-0000-9ea4d5cd-06-s0-d14,215,A,1,27,"[18600,28300,31900,21200]",4,-10.0,1,3,0,0,4,True
2025-2025011014gm-00a9-0000-9ea4d5cd-06-s0-d14,215,B,2,67,"[20300,28600,30200,20900]",4,-10.0,1,3,0,0,4,True
2025-2025011014gm-00a9-0000-9ea4d5cd-06-s0-d14,216,A,1,27,"[12100,25300,37200,25400]",4,-10.0,1,3,0,0,4,True
2025-2025011014gm-00a9-0000-9ea4d5cd-06-s0-d14,216,B,2,67,"[17500,23200,28100,31200]",4,-10.0,1,3,0,0,4,True
2025-2025011014gm-00a9-0000-9ea4d5cd-06-s0-d14,217,A,1,27,"[25300,21000,32300,21400]",2,4.0,1,3,2,0,6,True
2025-2025011014gm-00a9-0000-9ea4d5cd-06-s0-d14,217,B,2,67,"[22300,15200,38600,23900]",3,-4.0,1,3,2,0,6,True
2025-2025011014gm-00a9-0000-9ea4d5cd-06-s0-d14,218,A,1,27,"[20800,25400,26700,27100]",4,-10.0,2,3,0,0,9,True
2025-2025011014gm-00a9-0000-9ea4d5cd-06-s0-d14,218,B,2,67,"[33700,5200,40500,20600]",2,4.0,1,3,1,0,6,True
2025-2025011014gm-00a9-0000-9ea4d5cd-06-s0-d14,219,A,1,27,"[35900,35300,31200,-2400]",1,10.0,1,2,1,0,3,True
2025-2025011014gm-00a9-0000-9ea4d5cd-06-s0-d14,219,B,2,67,"[35900,35300,31200,-2400]",1,10.0,1,2,1,0,3,True
2025-2025011014gm-00a9-0000-9ea4d5cd-06-s0-d14,220,A,1,27,"[28300,17600,33500,20600]",2,4.0,1,3,0,0,4,True
2025-2025011014gm-00a9-0000-9ea4d5cd-06-s0-d14,220,B,2,67,"[28300,17600,33500,20600]",2,4.0,1,3,0,0,4,True
2025-2025011014gm-00a9-0000-9ea4d5cd-06-s0-d14,221,A,1,27,"[34400,23200,27600,14800]",1,10.0,1,3,0,0,4,True
2025-2025011014gm-00a9-0000-9ea4d5cd-06-s0-d14,221,B,2,67,"[36300,22000,30000,11700]",1,10.0,1,3,0,0,4,True
2025-2025011014gm-00a9-0000-9ea4d5cd-06-s0-d14,222,A,1,27,"[13100,22800,31000,32100]",4,-10.0,1,3,1,1,5,True
2025-2025011014gm-00a9-0000-9ea4d5cd-06-s0-d14,222,B,2,67,"[13100,22800,31000,32100]",4,-10.0,1,3,1,1,5,True
2025-2025011014gm-00a9-0000-9ea4d5cd-06-s0-d14,223,A,1,27,"[20000,30100,24300,25600]",4,-10.0,1,3,0,0,6,True
2025-2025011014gm-00a9-0000-9ea4d5cd-06-s0-d14,223,B,2,67,"[17500,42700,20100,19700]",4,-10.0,1,3,1,0,7,True
2025-2025011014gm-00a9-0000-9ea4d5cd-06-s0-d14,224,A,1,27,"[19800,35100,36600,8500]",3,-4.0,1,3,0,0,7,True
2025-2025011014gm-00a9-0000-9ea4d5cd-06-s0-d14,224,B,2,67,"[19800,35100,36600,8500]",3,-4.0,1,3,0,0,7,True
2025-2025011014gm-00a9-0000-9ea4d5cd-06-s0-d14,225,A,1,27,"[46500,23000,24600,5900]",1,10.0,1,3,0,0,5,True
2025-2025011014gm-00a9-0000-9ea4d5cd-06-s0-d14,225,B,2,67,"[46500,23000,24600,5900]",1,10.0,1,3,0,0,5,True
2025-2025011014gm-00a9-0000-9ea4d5cd-06-s0-d14,226,A,1,27,"[17900,22700,28100,31300]",4,-10.0,1,3,1,0,5,True
2025-2025011014gm-00a9-0000-9ea4d5cd-06-s0-d14,226,B,2,67,"[17900,22700,28100,31300]",4,-10.0,1,3,1,0,5,True
2025-2025011014gm-00a9-0000-9ea4d5cd-06-s0-d14,227,A,1,27,"[15900,14000,40100,30000]",3,-4.0,1,3,0,0,6,True
2025-2025011014gm-00a9-0000-9ea4d5cd-06-s0-d14,227,B,2,67,"[6000,23000,44500,26500]",4,-10.0,1,3,0,0,7,True
2025-2025011014gm-00a9-0000-9ea4d5cd-06-s0-d14,228,A,1,27,"[16000,32700,28500,22800]",4,-10.0,1,3,0,0,7,True
2025-2025011014gm-00a9-0000-9ea4d5cd-06-s0-d14,228,B,2,67,"[16000,32700,28500,22800]",4,-10.0,1,3,0,0,7,True
2025-2025011014gm-00a9-0000-9ea4d5cd-06-s0-d14,229,A,1,27,"[17700,27900,31100,23300]",4,-10.0,1,3,0,0,6,True
2025-2025011014gm-00a9-0000-9ea4d5cd-06-s0-d14,229,B,2,67,"[21200,22500,42700,13600]",3,-4.0,1,3,0,0,5,True
2025-2025011014gm-00a9-0000-9ea4d5cd-06-s0-d14,230,A,1,27,"[22600,25300,30200,21900]",3,-4.0,2,1,0,0,6,True
2025-2025011014gm-00a9-0000-9ea4d5cd-06-s0-d14,230,B,2,67,"[29500,40800,9800,19900]",2,4.0,1,3,0,0,6,True
2025-2025011014gm-00a9-0000-9ea4d5cd-06-s0-d14,231,A,1,27,"[22100,24300,20200,33400]",3,-4.0,2,0,1,0,5,True
2025-2025011014gm-00a9-0000-9ea4d5cd-06-s0-d14,231,B,2,67,"[22100,24300,20200,33400]",3,-4.0,2,0,1,0,5,True
2025-2025011014gm-00a9-0000-9ea4d5cd-06-s0-d14,232,A,1,27,"[21500,38500,28100,11900]",3,-4.0,1,3,0,0,6,True
2025-2025011014gm-00a9-0000-9ea4d5cd-06-s0-d14,232,B,2,67,"[21500,38500,28100,11900]",3,-4.0,1,3,0,0,6,True
2025-2025011014gm-00a9-0000-9ea4d5cd-06-s0-d14,233,A,1,27,"[17000,30600,27500,24900]",4,-10.0,1,3,0,0,5,True
2025-2025011014gm-00a9-0000-9ea4d5cd-06-s0-d14,233,B,2,67,"[17000,30600,27500,24900]",4,-10.0,1,3,0,0,5,True
2025-2025011014gm-00a9-0000-9ea4d5cd-06-s0-d14,234,A,1,27,"[40200,24000,24000,11800]",1,10.0,1,3,0,0,4,True
2025-2025011014gm-00a9-0000-9ea4d5cd-06-s0-d14,234,B,2,67,"[40200,24000,24000,11800]",1,10.0,1,3,0,0,4,True
2025-2025011014gm-00a9-0000-9ea4d5cd-06-s0-d14,235,A,1,27,"[23100,30200,28100,18600]",3,-4.0,2,0,0,0,5,True
2025-2025011014gm-00a9-0000-9ea4d5cd-06-s0-d14,235,B,2,67,"[32900,25900,20500,20700]",1,10.0,1,3,0,0,5,True
2025-2025011014gm-00a9-0000-9ea4d5cd-06-s0-d14,236,A,1,27,"[14300,21200,41500,23000]",4,-10.0,1,3,1,0,6,True
2025-2025011014gm-00a9-0000-9ea4d5cd-06-s0-d14,236,B,2,67,"[14300,21200,41500,23000]",4,-10.0,1,3,1,0,6,True
2025-2025011014gm-00a9-0000-9ea4d5cd-06-s0-d14,237,A,1,27,"[24000,15600,54200,6200]",2,4.0,1,3,0,0,6,True
2025-2025011014gm-00a9-0000-9ea4d5cd-06-s0-d14,237,B,2,67,"[24000,15600,54200,6200]",2,4.0,1,3,0,0,6,True
2025-2025011014gm-00a9-0000-9ea4d5cd-06-s0-d14,238,A,1,27,"[20600,34300,25900,19200]",3,-4.0,1,3,0,0,4,True
2025-2025011014gm-00a9-0000-9ea4d5cd-06-s0-d14,238,B,2,67,"[21600,33000,35200,10200]",3,-4.0,1,3,0,0,4,True
2025-2025011014gm-00a9-0000-9ea4d5cd-06-s0-d14,239,A,1,27,"[35800,13300,25400,25500]",1,10.0,1,3,1,0,5,True
2025-2025011014gm-00a9-0000-9ea4d5cd-06-s0-d14,239,B,2,67,"[35800,13300,25400,25500]",1,10.0,1,3,1,0,5,True
2025-2025011014gm-00a9-0000-9ea4d5cd-06-s0-d14,240,A,1,27,"[42900,9200,21100,26800]",1,10.0,1,3,0,0,4,True
2025-2025011014gm-00a9-0000-9ea4d5cd-06-s0-d14,240,B,2,67,"[19000,39000,19600,22400]",4,-10.0,1,3,1,0,9,True
2025-2025011014gm-00a9-0000-9ea4d5cd-06-s0-d14,241,A,1,27,"[39000,9900,30700,20400]",1,10.0,1,3,3,0,4,True
2025-2025011014gm-00a9-0000-9ea4d5cd-06-s0-d14,241,B,2,67,"[4700,25300,31200,38800]",4,-10.0,1,3,0,0,5,True
2025-2025011014gm-00a9-0000-9ea4d5cd-06-s0-d14,242,A,1,27,"[19400,33400,26300,20900]",4,-10.0,1,3,0,0,4,True
2025-2025011014gm-00a9-0000-9ea4d5cd-06-s0-d14,242,B,2,67,"[19400,33400,26300,20900]",4,-10.0,1,3,0,0,4,True
2025-2025011014gm-00a9-0000-9ea4d5cd-06-s0-d14,243,A,1,27,"[29600,21900,30400,18100]",2,4.0,1,3,0,0,4,True
2025-2025011014gm-00a9-0000-9ea4d5cd-06-s0-d14,243,B,2,67,"[29900,15600,22900,31600]",2,4.0,1,3,1,0,6,True
2025-2025011014gm-00a9-0000-9ea4d5cd-06-s0-d14,244,A,1,27,"[20100,26500,42200,11200]",3,-4.0,1,3,0,0,5,True
2025-2025011014gm-00a9-0000-9ea4d5cd-06-s0-d14,244,B,2,67,"[16400,22300,47200,14100]",3,-4.0,1,3,0,0,5,True
2025-2025011014gm-00a9-0000-9ea4d5cd-06-s0-d14,245,A,1,27,"[26300,34000,22000,17700]",2,4.0,1,3,0,0,5,True
2025-2025011014gm-00a9-0000-9ea4d5cd-06-s0-d14,245,B,2,67,"[30800,29200,21200,18800]",1,10.0,1,3,2,0,7,True
2025-2025011014gm-00a9-0000-9ea4d5cd-06-s0-d14,246,A,1,27,"[35200,26100,28800,9900]",1,10.0,1,3,0,0,4,True
2025-2025011014gm-00a9-0000-9ea4d5cd-06-s0-d14,246,B,2,67,"[17600,13800,46300,22300]",3,-4.0,1,3,2,0,5,True
2025-2025011014gm-00a9-0000-9ea4d5cd-06-s0-d14,247,A,1,27,"[26100,14600,37000,21300]",2,4.0,1,3,1,1,5,True
2025-2025011014gm-00a9-0000-9ea4d5cd-06-s0-d14,247,B,2,67,"[26100,14600,37000,21300]",2,4.0,1,3,1,1,5,True
2025-2025011014gm-00a9-0000-9ea4d5cd-06-s0-d14,248,A,1,27,"[20800,23500,32800,22900]",4,-10.0,1,3,0,0,4,True
2025-2025011014gm-00a9-0000-9ea4d5cd-06-s0-d14,248,B,2,67,"[22400,29300,44100,4200]",3,-4.0,1,3,0,0,7,True
2025-2025011014gm-00a9-0000-9ea4d5cd-06-s0-d14,249,A,1,27,"[21900,23600,31000,23500]",4,-10.0,1,3,1,0,7,True
2025-2025011014gm-00a9-0000-9ea4d5cd-06-s0-d14,249,B,2,67,"[23700,19100,32400,24800]",3,-4.0,2,2,0,0,12,True
2025-2025011014gm-00a9-0000-9ea4d5cd-06-s0-d14,250,A,1,27,"[26400,41100,12900,19600]",2,4.0,2,2,0,0,9,True
2025-2025011014gm-00a9-0000-9ea4d5cd-06-s0-d14,250,B,2,67,"[26400,41100,12900,19600]",2,4.0,2,2,0,0,9,True
2025-2025011014gm-00a9-0000-9ea4d5cd-06-s0-d14,251,A,1,27,"[18700,26300,42300,12700]",3,-4.0,1,3,0,0,6,True
2025-2025011014gm-00a9-0000-9ea4d5cd-06-s0-d14,251,B,2,67,"[15700,31700,33300,19300]",4,-10.0,1,3,5,0,6,True
2025-2025011014gm-00a9-0000-9ea4d5cd-06-s0-d14,252,A,1,27,"[35100,15500,29600,19800]",1,10.0,2,0,0,0,5,True
2025-2025011014gm-00a9-0000-9ea4d5cd-06-s0-d14,252,B,2,67,"[35100,15500,29600,19800]",1,10.0,2,0,0,0,5,True
2025-2025011014gm-00a9-0000-9ea4d5cd-06-s0-d14,253,A,1,27,"[22600,22300,35600,19500]",2,4.0,1,3,0,0,4,True
2025-2025011014gm-00a9-0000-9ea4d5cd-06-s0-d14,253,B,2,67,"[17200,32900,29200,20700]",4,-10.0,2,0,0,0,8,True
2025-2025011014gm-00a9-0000-9ea4d5cd-06-s0-d14,254,A,1,27,"[31100,29100,23500,16300]",1,10.0,1,3,4,0,5,True
2025-2025011014gm-00a9-0000-9ea4d5cd-06-s0-d14,254,B,2,67,"[31100,29100,23500,16300]",1,10.0,1,3,4,0,5,True
2025-2025011014gm-00a9-0000-9ea4d5cd-06-s0-d14,255,A,1,27,"[35600,20400,15600,28400]",1,10.0,1,3,1,0,6,True
2025-2025011014gm-00a9-0000-9ea4d5cd-06-s0-d14,255,B,2,67,"[35600,20400,15600,28400]",1,10.0,1,3,1,0,6,True
2025-2025040815gm-00a9-0000-3be4a59c-09-s2-d16,0,A,1,53,"[12300,39200,24800,23700]",2,4.0,1,3,0,0,1,True
2025-2025040815gm-00a9-0000-3be4a59c-09-s2-d16,0,B,2,2,"[12300,39200,24800,23700]",2,4.0,1,3,0,0,1,True
2025-2025040815gm-00a9-0000-3be4a59c-09-s2-d16,1,A,1,53,"[12300,39200,24800,23700]",2,4.0,1,3,0,0,1,True
2025-2025040815gm-00a9-0000-3be4a59c-09-s2-d16,1,B,2,2,"[10300,47200,22800,19700]",2,4.0,1,3,0,0,1,True
2025-2025040815gm-00a9-0000-3be4a59c-09-s2-d16,2,A,1,53,"[14300,38200,23800,22700]",2,4.0,1,3,0,1,1,True
2025-2025040815gm-00a9-0000-3be4a59c-09-s2-d16,2,B,2,2,"[14300,38200,23800,22700]",2,4.0,1,3,0,1,1,True
2025-2025040815gm-00a9-0000-3be4a59c-09-s2-d16,3,A,1,53,"[12300,39200,24800,23700]",2,4.0,1,3,0,0,1,True
2025-2025040815gm-00a9-0000-3be4a59c-09-s2-d16,3,B,2,2,"[9200,46400,21700,22700]",3,-4.0,1,3,1,0,2,True
2025-2025040815gm-00a9-0000-3be4a59c-09-s2-d16,4,A,1,53,"[12300,39200,24800,23700]",2,4.0,1,3,0,0,1,True
2025-2025040815gm-00a9-0000-3be4a59c-09-s2-d16,4,B,2,2,"[10300,37200,32800,19700]",2,4.0,1,3,0,0,1,True
2025-2025040815gm-00a9-0000-3be4a59c-09-s2-d16,5,A,1,53,"[12300,39200,24800,23700]",2,4.0,1,3,0,0,1,True
2025-2025040815gm-00a9-0000-3be4a59c-09-s2-d16,5,B,2,2,"[12300,39200,24800,23700]",2,4.0,1,3,0,0,1,True
2025-2025040815gm-00a9-0000-3be4a59c-09-s2-d16,6,A,1,53,"[10300,47200,22800,19700]",2,4.0,1,3,0,0,1,True
2025-2025040815gm-00a9-0000-3be4a59c-09-s2-d16,6,B,2,2,"[10300,47200,22800,19700]",2,4.0,1,3,0,0,1,True
2025-2025040815gm-00a9-0000-3be4a59c-09-s2-d16,7,A,1,53,"[12300,39200,24800,23700]",2,4.0,1,3,0,0,1,True
2025-2025040815gm-00a9-0000-3be4a59c-09-s2-d16,7,B,2,2,"[12300,39200,24800,23700]",2,4.0,1,3,0,0,1,True
2025-2025040815gm-00a9-0000-3be4a59c-09-s2-d16,8,A,1,53,"[10300,37200,32800,19700]",2,4.0,1,3,0,0,1,True
2025-2025040815gm-00a9-0000-3be4a59c-09-s2-d16,8,B,2,2,"[10300,37200,32800,19700]",2,4.0,1,3,0,0,1,True
2025-2025040815gm-00a9-0000-3be4a59c-09-s2-d16,9,A,1,53,"[12300,39200,24800,23700]",2,4.0,1,3,0,0,1,True
2025-2025040815gm-00a9-0000-3be4a59c-09-s2-d16,9,B,2,2,"[12300,39200,24800,23700]",2,4.0,1,3,0,0,1,True
2025-2025040815gm-00a9-0000-3be4a59c-09-s2-d16,10,A,1,53,"[11300,42200,23800,22700]",2,4.0,1,3,0,0,1,True
2025-2025040815gm-00a9-0000-3be4a59c-09-s2-d16,10,B,2,2,"[11300,42200,23800,22700]",2,4.0,1,3,0,0,1,True
2025-2025040815gm-00a9-0000-3be4a59c-09-s2-d16,11,A,1,53,"[10300,37200,32800,19700]",2,4.0,1,3,0,0,1,True
2025-2025040815gm-00a9-0000-3be4a59c-09-s2-d16,11,B,2,2,"[10300,37200,32800,19700]",2,4.0,1,3,0,0,1,True
2025-2025040815gm-00a9-0000-3be4a59c-09-s2-d16,12,A,1,53,"[12300,39200,24800,23700]",2,4.0,1,3,0,0,1,True
2025-2025040815gm-00a9-0000-3be4a59c-09-s2-d16,12,B,2,2,"[12300,39200,24800,23700]",2,4.0,1,3,0,0,1,True
2025-2025040815gm-00a9-0000-3be4a59c-09-s2-d16,13,A,1,53,"[10300,37200,32800,19700]",2,4.0,1,3,0,0,1,True
2025-2025040815gm-00a9-0000-3be4a59c-09-s2-d16,13,B,2,2,"[10300,37200,32800,19700]",2,4.0,1,3,0,0,1,True
2025-2025040815gm-00a9-0000-3be4a59c-09-s2-d16,14,A,1,53,"[14300,34100,26800,24800]",2,4.0,1,3,1,0,2,True
2025-2025040815gm-00a9-0000-3be4a59c-09-s2-d16,14,B,2,2,"[14300,34100,26800,24800]",2,4.0,1,3,1,0,2,True
2025-2025040815gm-00a9-0000-3be4a59c-09-s2-d16,15,A,1,53,"[12300,39200,24800,23700]",2,4.0,1,3,0,0,1,True
2025-2025040815gm-00a9-0000-3be4a59c-09-s2-d16,15,B,2,2,"[12300,39200,24800,23700]",2,4.0,1,3,0,0,1,True
2025-2025040815gm-00a9-0000-3be4a59c-09-s2-d16,16,A,1,53,"[10300,37200,32800,19700]",2,4.0,1,3,0,0,1,True
2025-2025040815gm-00a9-0000-3be4a59c-09-s2-d16,16,B,2,2,"[10300,37200,32800,19700]",2,4.0,1,3,0,0,1,True
2025-2025040815gm-00a9-0000-3be4a59c-09-s2-d16,17,A,1,53,"[10300,37200,32800,19700]",2,4.0,1,3,0,0,1,True
2025-2025040815gm-00a9-0000-3be4a59c-09-s2-d16,17,B,2,2,"[10300,37200,32800,19700]",2,4.0,1,3,0,0,1,True
2025-2025040815gm-00a9-0000-3be4a59c-09-s2-d16,18,A,1,53,"[12300,39200,24800,23700]",2,4.0,1,3,0,0,1,True
2025-2025040815gm-00a9-0000-3be4a59c-09-s2-d16,18,B,2,2,"[12300,39200,24800,23700]",2,4.0,1,3,0,0,1,True
2025-2025040815gm-00a9-0000-3be4a59c-09-s2-d16,19,A,1,53,"[10800,41000,23300,24900]",3,-4.0,1,3,1,0,2,True
2025-2025040815gm-00a9-0000-3be4a59c-09-s2-d16,19,B,2,2,"[10800,41000,23300,24900]",3,-4.0,1,3,1,0,2,True
2025-2025040815gm-00a9-0000-3be4a59c-09-s2-d16,20,A,1,53,"[20300,37200,22800,19700]",2,4.0,1,3,0,0,1,True
2025-2025040815gm-00a9-0000-3be4a59c-09-s2-d16,20,B,2,2,"[20300,37200,22800,19700]",2,4.0,1,3,0,0,1,True
2025-2025040815gm-00a9-0000-3be4a59c-09-s2-d16,21,A,1,53,"[8300,45200,30800,15700]",2,4.0,1,3,0,0,1,True
2025-2025040815gm-00a9-0000-3be4a59c-09-s2-d16,21,B,2,2,"[8300,45200,30800,15700]",2,4.0,1,3,0,0,1,True
2025-2025040815gm-00a9-0000-3be4a59c-09-s2-d16,22,A,1,53,"[12300,39200,24800,23700]",2,4.0,1,3,0,0,1,True
2025-2025040815gm-00a9-0000-3be4a59c-09-s2-d16,22,B,2,2,"[8300,35200,20800,35700]",3,-4.0,1,3,0,0,1,True
2025-2025040815gm-00a9-0000-3be4a59c-09-s2-d16,23,A,1,53,"[11300,42200,23800,22700]",2,4.0,1,3,0,0,1,True
2025-2025040815gm-00a9-0000-3be4a59c-09-s2-d16,23,B,2,2,"[11300,38200,27800,22700]",2,4.0,1,3,0,0,1,True
2025-2025040815gm-00a9-0000-3be4a59c-09-s2-d16,24,A,1,53,"[12300,39200,24800,23700]",2,4.0,1,3,0,0,1,True
2025-2025040815gm-00a9-0000-3be4a59c-09-s2-d16,24,B,2,2,"[12300,39200,24800,23700]",2,4.0,1,3,0,0,1,True
2025-2025040815gm-00a9-0000-3be4a59c-09-s2-d16,25,A,1,53,"[10300,37200,32800,19700]",2,4.0,1,3,0,0,1,True
2025-2025040815gm-00a9-0000-3be4a59c-09-s2-d16,25,B,2,2,"[10300,37200,32800,19700]",2,4.0,1,3,0,0,1,True
2025-2025040815gm-00a9-0000-3be4a59c-09-s2-d16,26,A,1,53,"[12300,39200,24800,23700]",2,4.0,1,3,0,0,1,True
2025-2025040815gm-00a9-0000-3be4a59c-09-s2-d16,26,B,2,2,"[12300,39200,24800,23700]",2,4.0,1,3,0,0,1,True
2025-2025040815gm-00a9-0000-3be4a59c-09-s2-d16,27,A,1,53,"[17300,35200,30800,15700]",2,4.0,1,3,0,1,1,True
2025-2025040815gm-00a9-0000-3be4a59c-09-s2-d16,27,B,2,2,"[17300,35200,30800,15700]",2,4.0,1,3,0,1,1,True
2025-2025040815gm-00a9-0000-3be4a59c-09-s2-d16,28,A,1,53,"[18300,35200,30800,15700]",2,4.0,1,3,0,0,1,True
2025-2025040815gm-00a9-0000-3be4a59c-09-s2-d16,28,B,2,2,"[18300,35200,30800,15700]",2,4.0,1,3,0,0,1,True
2025-2025040815gm-00a9-0000-3be4a59c-09-s2-d16,29,A,1,53,"[11300,42200,23800,22700]",2,4.0,1,3,0,0,1,True
2025-2025040815gm-00a9-0000-3be4a59c-09-s2-d16,29,B,2,2,"[11300,42200,23800,22700]",2,4.0,1,3,0,0,1,True
2025-2025040815gm-00a9-0000-3be4a59c-09-s2-d16,30,A,1,53,"[12300,39200,24800,23700]",2,4.0,1,3,0,0,1,True
2025-2025040815gm-00a9-0000-3be4a59c-09-s2-d16,30,B,2,2,"[12300,39200,24800,23700]",2,4.0,1,3,0,0,1,True
2025-2025040815gm-00a9-0000-3be4a59c-09-s2-d16,31,A,1,53,"[12300,39200,24800,23700]",2,4.0,1,3,0,0,1,True
2025-2025040815gm-00a9-0000-3be4a59c-09-s2-d16,31,B,2,2,"[12300,39200,24800,23700]",2,4.0,1,3,0,0,1,True
2025-2025040815gm-00a9-0000-3be4a59c-09-s2-d16,32,A,1,53,"[10300,47200,22800,19700]",2,4.0,1,3,0,0,1,True
2025-2025040815gm-00a9-0000-3be4a59c-09-s2-d16,32,B,2,2,"[10300,47200,22800,19700]",2,4.0,1,3,0,0,1,True
2025-2025040815gm-00a9-0000-3be4a59c-09-s2-d16,33,A,1,53,"[11300,42200,23800,22700]",2,4.0,1,3,0,0,1,True
2025-2025040815gm-00a9-0000-3be4a59c-09-s2-d16,33,B,2,2,"[20300,37200,22800,19700]",2,4.0,1,3,0,0,1,True
2025-2025040815gm-00a9-0000-3be4a59c-09-s2-d16,34,A,1,53,"[12300,39200,24800,23700]",2,4.0,1,3,0,0,1,True
2025-2025040815gm-00a9-0000-3be4a59c-09-s2-d16,34,B,2,2,"[12300,39200,24800,23700]",2,4.0,1,3,0,0,1,True
2025-2025040815gm-00a9-0000-3be4a59c-09-s2-d16,35,A,1,53,"[5300,36200,27800,30700]",3,-4.0,1,3,1,0,2,True
2025-2025040815gm-00a9-0000-3be4a59c-09-s2-d16,35,B,2,2,"[5300,36200,27800,30700]",3,-4.0,1,3,1,0,2,True
2025-2025040815gm-00a9-0000-3be4a59c-09-s2-d16,36,A,1,53,"[11300,42200,23800,22700]",2,4.0,1,3,0,0,1,True
2025-2025040815gm-00a9-0000-3be4a59c-09-s2-d16,36,B,2,2,"[11300,42200,23800,22700]",2,4.0,1,3,0,0,1,True
2025-2025040815gm-00a9-0000-3be4a59c-09-s2-d16,37,A,1,53,"[12300,39200,24800,23700]",2,4.0,1,3,0,0,1,True
2025-2025040815gm-00a9-0000-3be4a59c-09-s2-d16,37,B,2,2,"[12300,39200,24800,23700]",2,4.0,1,3,0,0,1,True
2025-2025040815gm-00a9-0000-3be4a59c-09-s2-d16,38,A,1,53,"[8300,45200,30800,15700]",2,4.0,1,3,0,0,1,True
2025-2025040815gm-00a9-0000-3be4a59c-09-s2-d16,38,B,2,2,"[8300,45200,30800,15700]",2,4.0,1,3,0,0,1,True
2025-2025040815gm-00a9-0000-3be4a59c-09-s2-d16,39,A,1,53,"[10300,47200,22800,19700]",2,4.0,1,3,0,0,1,True
2025-2025040815gm-00a9-0000-3be4a59c-09-s2-d16,39,B,2,2,"[10300,47200,22800,19700]",2,4.0,1,3,0,0,1,True
2025-2025040815gm-00a9-0000-3be4a59c-09-s2-d16,40,A,1,53,"[8300,35200,20800,35700]",3,-4.0,1,3,0,0,1,True
2025-2025040815gm-00a9-0000-3be4a59c-09-s2-d16,40,B,2,2,"[8300,35200,20800,35700]",3,-4.0,1,3,0,0,1,True
2025-2025040815gm-00a9-0000-3be4a59c-09-s2-d16,41,A,1,53,"[11300,42200,23800,22700]",2,4.0,1,3,0,0,1,True
2025-2025040815gm-00a9-0000-3be4a59c-09-s2-d16,41,B,2,2,"[11300,42200,23800,22700]",2,4.0,1,3,0,0,1,True
2025-2025040815gm-00a9-0000-3be4a59c-09-s2-d16,42,A,1,53,"[12300,39200,24800,23700]",2,4.0,1,3,0,0,1,True
2025-2025040815gm-00a9-0000-3be4a59c-09-s2-d16,42,B,2,2,"[12300,39200,24800,23700]",2,4.0,1,3,0,0,1,True
2025-2025040815gm-00a9-0000-3be4a59c-09-s2-d16,43,A,1,53,"[12300,39200,24800,23700]",2,4.0,1,3,0,0,1,True
2025-2025040815gm-00a9-0000-3be4a59c-09-s2-d16,43,B,2,2,"[12300,39200,24800,23700]",2,4.0,1,3,0,0,1,True
2025-2025040815gm-00a9-0000-3be4a59c-09-s2-d16,44,A,1,53,"[12300,39200,24800,23700]",2,4.0,1,3,0,0,1,True
2025-2025040815gm-00a9-0000-3be4a59c-09-s2-d16,44,B,2,2,"[12300,39200,24800,23700]",2,4.0,1,3,0,0,1,True
2025-2025040815gm-00a9-0000-3be4a59c-09-s2-d16,45,A,1,53,"[10300,37200,32800,19700]",2,4.0,1,3,0,0,1,True
2025-2025040815gm-00a9-0000-3be4a59c-09-s2-d16,45,B,2,2,"[10300,37200,32800,19700]",2,4.0,1,3,0,0,1,True
2025-2025040815gm-00a9-0000-3be4a59c-09-s2-d16,46,A,1,53,"[11300,38200,27800,22700]",2,4.0,1,3,0,0,1,True
2025-2025040815gm-00a9-0000-3be4a59c-09-s2-d16,46,B,2,2,"[11300,38200,27800,22700]",2,4.0,1,3,0,0,1,True
2025-2025040815gm-00a9-0000-3be4a59c-09-s2-d16,47,A,1,53,"[12300,39200,24800,23700]",2,4.0,1,3,0,0,1,True
2025-2025040815gm-00a9-0000-3be4a59c-09-s2-d16,47,B,2,2,"[12300,39200,24800,23700]",2,4.0,1,3,0,0,1,True
2025-2025040815gm-00a9-0000-3be4a59c-09-s2-d16,48,A,1,53,"[12300,39200,24800,23700]",2,4.0,1,3,0,0,1,True
2025-2025040815gm-00a9-0000-3be4a59c-09-s2-d16,48,B,2,2,"[12300,39200,24800,23700]",2,4.0,1,3,0,0,1,True
2025-2025040815gm-00a9-0000-3be4a59c-09-s2-d16,49,A,1,53,"[20300,37200,22800,19700]",2,4.0,1,3,0,0,1,True
2025-2025040815gm-00a9-0000-3be4a59c-09-s2-d16,49,B,2,2,"[20300,37200,22800,19700]",2,4.0,1,3,0,0,1,True
2025-2025040815gm-00a9-0000-3be4a59c-09-s2-d16,50,A,1,53,"[12300,39200,24800,23700]",2,4.0,1,3,0,0,1,True
2025-2025040815gm-00a9-0000-3be4a59c-09-s2-d16,50,B,2,2,"[12300,39200,24800,23700]",2,4.0,1,3,0,0,1,True
2025-2025040815gm-00a9-0000-3be4a59c-09-s2-d16,51,A,1,53,"[12300,39200,24800,23700]",2,4.0,1,3,0,0,1,True
2025-2025040815gm-00a9-0000-3be4a59c-09-s2-d16,51,B,2,2,"[12300,39200,24800,23700]",2,4.0,1,3,0,0,1,True
2025-2025040815gm-00a9-0000-3be4a59c-09-s2-d16,52,A,1,53,"[11300,42200,23800,22700]",2,4.0,1,3,0,0,1,True
2025-2025040815gm-00a9-0000-3be4a59c-09-s2-d16,52,B,2,2,"[11300,42200,23800,22700]",2,4.0,1,3,0,0,1,True
2025-2025040815gm-00a9-0000-3be4a59c-09-s2-d16,53,A,1,53,"[8000,40200,27100,24700]",2,4.0,1,3,1,0,2,True
2025-2025040815gm-00a9-0000-3be4a59c-09-s2-d16,53,B,2,2,"[8000,40200,27100,24700]",2,4.0,1,3,1,0,2,True
2025-2025040815gm-00a9-0000-3be4a59c-09-s2-d16,54,A,1,53,"[20300,37200,22800,19700]",2,4.0,1,3,0,0,1,True
2025-2025040815gm-00a9-0000-3be4a59c-09-s2-d16,54,B,2,2,"[20300,37200,22800,19700]",2,4.0,1,3,0,0,1,True
2025-2025040815gm-00a9-0000-3be4a59c-09-s2-d16,55,A,1,53,"[12300,39200,24800,23700]",2,4.0,1,3,0,0,1,True
2025-2025040815gm-00a9-0000-3be4a59c-09-s2-d16,55,B,2,2,"[12300,39200,24800,23700]",2,4.0,1,3,0,0,1,True
2025-2025040815gm-00a9-0000-3be4a59c-09-s2-d16,56,A,1,53,"[12300,39200,24800,23700]",2,4.0,1,3,0,0,1,True
2025-2025040815gm-00a9-0000-3be4a59c-09-s2-d16,56,B,2,2,"[12300,39200,24800,23700]",2,4.0,1,3,0,0,1,True
2025-2025040815gm-00a9-0000-3be4a59c-09-s2-d16,57,A,1,53,"[12300,39200,24800,23700]",2,4.0,1,3,0,0,1,True
2025-2025040815gm-00a9-0000-3be4a59c-09-s2-d16,57,B,2,2,"[12300,39200,24800,23700]",2,4.0,1,3,0,0,1,True
2025-2025040815gm-00a9-0000-3be4a59c-09-s2-d16,58,A,1,53,"[12300,39200,24800,23700]",2,4.0,1,3,0,0,1,True
2025-2025040815gm-00a9-0000-3be4a59c-09-s2-d16,58,B,2,2,"[12300,39200,24800,23700]",2,4.0,1,3,0,0,1,True
2025-2025040815gm-00a9-0000-3be4a59c-09-s2-d16,59,A,1,53,"[12300,39200,24800,23700]",2,4.0,1,3,0,0,1,True
2025-2025040815gm-00a9-0000-3be4a59c-09-s2-d16,59,B,2,2,"[12300,39200,24800,23700]",2,4.0,1,3,0,0,1,True
2025-2025040815gm-00a9-0000-3be4a59c-09-s2-d16,60,A,1,53,"[12300,39200,24800,23700]",2,4.0,1,3,0,0,1,True
2025-2025040815gm-00a9-0000-3be4a59c-09-s2-d16,60,B,2,2,"[12300,39200,24800,23700]",2,4.0,1,3,0,0,1,True
2025-2025040815gm-00a9-0000-3be4a59c-09-s2-d16,61,A,1,53,"[11300,42200,23800,22700]",2,4.0,1,3,0,0,1,True
2025-2025040815gm-00a9-0000-3be4a59c-09-s2-d16,61,B,2,2,"[11300,42200,23800,22700]",2,4.0,1,3,0,0,1,True
2025-2025040815gm-00a9-0000-3be4a59c-09-s2-d16,62,A,1,53,"[12300,39200,24800,23700]",2,4.0,1,3,0,0,1,True
2025-2025040815gm-00a9-0000-3be4a59c-09-s2-d16,62,B,2,2,"[12300,39200,24800,23700]",2,4.0,1,3,0,0,1,True
2025-2025040815gm-00a9-0000-3be4a59c-09-s2-d16,63,A,1,53,"[12300,39200,24800,23700]",2,4.0,1,3,0,0,1,True
2025-2025040815gm-00a9-0000-3be4a59c-09-s2-d16,63,B,2,2,"[12300,39200,24800,23700]",2,4.0,1,3,0,0,1,True
2025-2025040815gm-00a9-0000-3be4a59c-09-s2-d16,64,A,1,53,"[9300,37200,32800,19700]",2,4.0,1,3,0,1,1,True
2025-2025040815gm-00a9-0000-3be4a59c-09-s2-d16,64,B,2,2,"[12300,39200,24800,23700]",2,4.0,1,3,0,0,1,True
2025-2025040815gm-00a9-0000-3be4a59c-09-s2-d16,65,A,1,53,"[10300,37200,32800,19700]",2,4.0,1,3,0,0,1,True
2025-2025040815gm-00a9-0000-3be4a59c-09-s2-d16,65,B,2,2,"[10300,37200,32800,19700]",2,4.0,1,3,0,0,1,True
2025-2025040815gm-00a9-0000-3be4a59c-09-s2-d16,66,A,1,53,"[20300,37200,22800,19700]",2,4.0,1,3,0,0,1,True
2025-2025040815gm-00a9-0000-3be4a59c-09-s2-d16,66,B,2,2,"[10300,47200,22800,19700]",2,4.0,1,3,0,0,1,True
2025-2025040815gm-00a9-0000-3be4a59c-09-s2-d16,67,A,1,53,"[8300,35200,20800,35700]",3,-4.0,1,3,0,0,1,True
2025-2025040815gm-00a9-0000-3be4a59c-09-s2-d16,67,B,2,2,"[8300,35200,20800,35700]",3,-4.0,1,3,0,0,1,True
2025-2025040815gm-00a9-0000-3be4a59c-09-s2-d16,68,A,1,53,"[8300,35200,20800,35700]",3,-4.0,1,3,0,0,1,True
2025-2025040815gm-00a9-0000-3be4a59c-09-s2-d16,68,B,2,2,"[8300,35200,20800,35700]",3,-4.0,1,3,0,0,1,True
2025-2025040815gm-00a9-0000-3be4a59c-09-s2-d16,69,A,1,53,"[12300,39200,24800,23700]",2,4.0,1,3,0,0,1,True
2025-2025040815gm-00a9-0000-3be4a59c-09-s2-d16,69,B,2,2,"[12300,39200,24800,23700]",2,4.0,1,3,0,0,1,True
2025-2025040815gm-00a9-0000-3be4a59c-09-s2-d16,70,A,1,53,"[10300,37200,32800,19700]",2,4.0,1,3,0,0,1,True
2025-2025040815gm-00a9-0000-3be4a59c-09-s2-d16,70,B,2,2,"[10300,37200,32800,19700]",2,4.0,1,3,0,0,1,True
2025-2025040815gm-00a9-0000-3be4a59c-09-s2-d16,71,A,1,53,"[12300,39200,24800,23700]",2,4.0,1,3,0,0,1,True
2025-2025040815gm-00a9-0000-3be4a59c-09-s2-d16,71,B,2,2,"[12300,39200,24800,23700]",2,4.0,1,3,0,0,1,True
2025-2025040815gm-00a9-0000-3be4a59c-09-s2-d16,72,A,1,53,"[12300,39200,24800,23700]",2,4.0,1,3,0,0,1,True
2025-2025040815gm-00a9-0000-3be4a59c-09-s2-d16,72,B,2,2,"[12300,39200,24800,23700]",2,4.0,1,3,0,0,1,True
2025-2025040815gm-00a9-0000-3be4a59c-09-s2-d16,73,A,1,53,"[12300,39200,24800,23700]",2,4.0,1,3,0,0,1,True
2025-2025040815gm-00a9-0000-3be4a59c-09-s2-d16,73,B,2,2,"[12300,39200,24800,23700]",2,4.0,1,3,0,0,1,True
2025-2025040815gm-00a9-0000-3be4a59c-09-s2-d16,74,A,1,53,"[12300,39200,24800,23700]",2,4.0,1,3,0,0,1,True
2025-2025040815gm-00a9-0000-3be4a59c-09-s2-d16,74,B,2,2,"[12300,39200,24800,23700]",2,4.0,1,3,0,0,1,True
2025-2025040815gm-00a9-0000-3be4a59c-09-s2-d16,75,A,1,53,"[11300,42200,23800,22700]",2,4.0,1,3,0,0,1,True
2025-2025040815gm-00a9-0000-3be4a59c-09-s2-d16,75,B,2,2,"[11300,42200,23800,22700]",2,4.0,1,3,0,0,1,True
2025-2025040815gm-00a9-0000-3be4a59c-09-s2-d16,76,A,1,53,"[10800,40700,26300,22200]",2,4.0,1,3,0,0,1,True
2025-2025040815gm-00a9-0000-3be4a59c-09-s2-d16,76,B,2,2,"[10800,40700,26300,22200]",2,4.0,1,3,0,0,1,True
2025-2025040815gm-00a9-0000-3be4a59c-09-s2-d16,77,A,1,53,"[11300,42400,19600,26700]",3,-4.0,1,3,1,0,2,True
2025-2025040815gm-00a9-0000-3be4a59c-09-s2-d16,77,B,2,2,"[8400,41100,23800,26700]",3,-4.0,1,3,1,0,2,True
2025-2025040815gm-00a9-0000-3be4a59c-09-s2-d16,78,A,1,53,"[10300,37200,32800,19700]",2,4.0,1,3,0,0,1,True
2025-2025040815gm-00a9-0000-3be4a59c-09-s2-d16,78,B,2,2,"[10300,37200,32800,19700]",2,4.0,1,3,0,0,1,True
2025-2025040815gm-00a9-0000-3be4a59c-09-s2-d16,79,A,1,53,"[12300,39200,24800,23700]",2,4.0,1,3,0,0,1,True
2025-2025040815gm-00a9-0000-3be4a59c-09-s2-d16,79,B,2,2,"[12300,39200,24800,23700]",2,4.0,1,3,0,0,1,True
2025-2025040815gm-00a9-0000-3be4a59c-09-s2-d16,80,A,1,53,"[12300,39200,24800,23700]",2,4.0,1,3,0,0,1,True
2025-2025040815gm-00a9-0000-3be4a59c-09-s2-d16,80,B,2,2,"[12300,39200,24800,23700]",2,4.0,1,3,0,0,1,True
2025-2025040815gm-00a9-0000-3be4a59c-09-s2-d16,81,A,1,53,"[10300,37200,32800,19700]",2,4.0,1,3,0,0,1,True
2025-2025040815gm-00a9-0000-3be4a59c-09-s2-d16,81,B,2,2,"[8300,45200,30800,15700]",2,4.0,1,3,0,0,1,True
2025-2025040815gm-00a9-0000-3be4a59c-09-s2-d16,82,A,1,53,"[10300,37200,32800,19700]",2,4.0,1,3,0,0,1,True
2025-2025040815gm-00a9-0000-3be4a59c-09-s2-d16,82,B,2,2,"[10300,37200,32800,19700]",2,4.0,1,3,0,0,1,True
2025-2025040815gm-00a9-0000-3be4a59c-09-s2-d16,83,A,1,53,"[11300,42200,23800,22700]",2,4.0,1,3,0,0,1,True
2025-2025040815gm-00a9-0000-3be4a59c-09-s2-d16,83,B,2,2,"[11300,42200,23800,22700]",2,4.0,1,3,0,0,1,True
2025-2025040815gm-00a9-0000-3be4a59c-09-s2-d16,84,A,1,53,"[12300,39200,24800,23700]",2,4.0,1,3,0,0,1,True
2025-2025040815gm-00a9-0000-3be4a59c-09-s2-d16,84,B,2,2,"[12300,39200,24800,23700]",2,4.0,1,3,0,0,1,True
2025-2025040815gm-00a9-0000-3be4a59c-09-s2-d16,85,A,1,53,"[20300,37200,22800,19700]",2,4.0,1,3,0,0,1,True
2025-2025040815gm-00a9-0000-3be4a59c-09-s2-d16,85,B,2,2,"[20300,37200,22800,19700]",2,4.0,1,3,0,0,1,True
2025-2025040815gm-00a9-0000-3be4a59c-09-s2-d16,86,A,1,53,"[10300,37200,32800,19700]",2,4.0,1,3,0,0,1,True
2025-2025040815gm-00a9-0000-3be4a59c-09-s2-d16,86,B,2,2,"[10300,37200,32800,19700]",2,4.0,1,3,0,0,1,True
2025-2025040815gm-00a9-0000-3be4a59c-09-s2-d16,87,A,1,53,"[12300,39200,24800,23700]",2,4.0,1,3,0,0,1,True
2025-2025040815gm-00a9-0000-3be4a59c-09-s2-d16,87,B,2,2,"[8300,35200,20800,35700]",3,-4.0,1,3,0,0,1,True
2025-2025040815gm-00a9-0000-3be4a59c-09-s2-d16,88,A,1,53,"[10300,37200,32800,19700]",2,4.0,1,3,0,0,1,True
2025-2025040815gm-00a9-0000-3be4a59c-09-s2-d16,88,B,2,2,"[10300,37200,32800,19700]",2,4.0,1,3,0,0,1,True
2025-2025040815gm-00a9-0000-3be4a59c-09-s2-d16,89,A,1,53,"[20300,37200,22800,19700]",2,4.0,1,3,0,0,1,True
2025-2025040815gm-00a9-0000-3be4a59c-09-s2-d16,89,B,2,2,"[11300,42200,23800,22700]",2,4.0,1,3,0,0,1,True
2025-2025040815gm-00a9-0000-3be4a59c-09-s2-d16,90,A,1,53,"[11300,42200,23800,22700]",2,4.0,1,3,0,0,1,True
2025-2025040815gm-00a9-0000-3be4a59c-09-s2-d16,90,B,2,2,"[11300,42200,23800,22700]",2,4.0,1,3,0,0,1,True
2025-2025040815gm-00a9-0000-3be4a59c-09-s2-d16,91,A,1,53,"[10300,37200,32800,19700]",2,4.0,1,3,0,0,1,True
2025-2025040815gm-00a9-0000-3be4a59c-09-s2-d16,91,B,2,2,"[10300,37200,32800,19700]",2,4.0,1,3,0,0,1,True
2025-2025040815gm-00a9-0000-3be4a59c-09-s2-d16,92,A,1,53,"[18300,35200,30800,15700]",2,4.0,1,3,0,0,1,True
2025-2025040815gm-00a9-0000-3be4a59c-09-s2-d16,92,B,2,2,"[18300,35200,30800,15700]",2,4.0,1,3,0,0,1,True
2025-2025040815gm-00a9-0000-3be4a59c-09-s2-d16,93,A,1,53,"[4200,31100,26700,38000]",3,-4.0,1,3,1,0,2,True
2025-2025040815gm-00a9-0000-3be4a59c-09-s2-d16,93,B,2,2,"[4200,31100,26700,38000]",3,-4.0,1,3,1,0,2,True
2025-2025040815gm-00a9-0000-3be4a59c-09-s2-d16,94,A,1,53,"[12300,39200,24800,23700]",2,4.0,1,3,0,0,1,True
2025-2025040815gm-00a9-0000-3be4a59c-09-s2-d16,94,B,2,2,"[12300,39200,24800,23700]",2,4.0,1,3,0,0,1,True
2025-2025040815gm-00a9-0000-3be4a59c-09-s2-d16,95,A,1,53,"[12300,39200,24800,23700]",2,4.0,1,3,0,0,1,True
2025-2025040815gm-00a9-0000-3be4a59c-09-s2-d16,95,B,2,2,"[12300,39200,24800,23700]",2,4.0,1,3,0,0,1,True
2025-2025040815gm-00a9-0000-3be4a59c-09-s2-d16,96,A,1,53,"[11300,42200,23800,22700]",2,4.0,1,3,0,0,1,True
2025-2025040815gm-00a9-0000-3be4a59c-09-s2-d16,96,B,2,2,"[11300,42200,23800,22700]",2,4.0,1,3,0,0,1,True
2025-2025040815gm-00a9-0000-3be4a59c-09-s2-d16,97,A,1,53,"[20300,37200,22800,19700]",2,4.0,1,3,0,0,1,True
2025-2025040815gm-00a9-0000-3be4a59c-09-s2-d16,97,B,2,2,"[20300,37200,22800,19700]",2,4.0,1,3,0,0,1,True
2025-2025040815gm-00a9-0000-3be4a59c-09-s2-d16,98,A,1,53,"[12300,39200,24800,23700]",2,4.0,1,3,0,0,1,True
2025-2025040815gm-00a9-0000-3be4a59c-09-s2-d16,98,B,2,2,"[12300,39200,24800,23700]",2,4.0,1,3,0,0,1,True
2025-2025040815gm-00a9-0000-3be4a59c-09-s2-d16,99,A,1,53,"[12300,39200,24800,23700]",2,4.0,1,3,0,0,1,True
2025-2025040815gm-00a9-0000-3be4a59c-09-s2-d16,99,B,2,2,"[12300,39200,24800,23700]",2,4.0,1,3,0,0,1,True
2025-2025040815gm-00a9-0000-3be4a59c-09-s2-d16,100,A,1,53,"[12300,39200,24800,23700]",2,4.0,1,3,0,0,1,True
2025-2025040815gm-00a9-0000-3be4a59c-09-s2-d16,100,B,2,2,"[12300,39200,24800,23700]",2,4.0,1,3,0,0,1,True
2025-2025040815gm-00a9-0000-3be4a59c-09-s2-d16,101,A,1,53,"[6300,33200,36800,23700]",1,10.0,1,3,1,0,2,True
2025-2025040815gm-00a9-0000-3be4a59c-09-s2-d16,101,B,2,2,"[10300,37200,32800,19700]",2,4.0,1,3,0,0,1,True
2025-2025040815gm-00a9-0000-3be4a59c-09-s2-d16,102,A,1,53,"[12300,39200,24800,23700]",2,4.0,1,3,0,0,1,True
2025-2025040815gm-00a9-0000-3be4a59c-09-s2-d16,102,B,2,2,"[12300,39200,24800,23700]",2,4.0,1,3,0,0,1,True
2025-2025040815gm-00a9-0000-3be4a59c-09-s2-d16,103,A,1,53,"[11300,38200,27800,22700]",2,4.0,1,3,0,0,1,True
2025-2025040815gm-00a9-0000-3be4a59c-09-s2-d16,103,B,2,2,"[11300,38200,27800,22700]",2,4.0,1,3,0,0,1,True
2025-2025040815gm-00a9-0000-3be4a59c-09-s2-d16,104,A,1,53,"[12300,39200,24800,23700]",2,4.0,1,3,0,0,1,True
2025-2025040815gm-00a9-0000-3be4a59c-09-s2-d16,104,B,2,2,"[12300,39200,24800,23700]",2,4.0,1,3,0,0,1,True
2025-2025040815gm-00a9-0000-3be4a59c-09-s2-d16,105,A,1,53,"[10300,37200,32800,19700]",2,4.0,1,3,0,0,1,True
2025-2025040815gm-00a9-0000-3be4a59c-09-s2-d16,105,B,2,2,"[10300,37200,32800,19700]",2,4.0,1,3,0,0,1,True
2025-2025040815gm-00a9-0000-3be4a59c-09-s2-d16,106,A,1,53,"[18300,35200,30800,15700]",2,4.0,1,3,0,0,1,True
2025-2025040815gm-00a9-0000-3be4a59c-09-s2-d16,106,B,2,2,"[18300,35200,30800,15700]",2,4.0,1,3,0,0,1,True
2025-2025040815gm-00a9-0000-3be4a59c-09-s2-d16,107,A,1,53,"[12300,39200,24800,23700]",2,4.0,1,3,0,0,1,True
2025-2025040815gm-00a9-0000-3be4a59c-09-s2-d16,107,B,2,2,"[12300,39200,24800,23700]",2,4.0,1,3,0,0,1,True
2025-2025040815gm-00a9-0000-3be4a59c-09-s2-d16,108,A,1,53,"[11300,42200,23800,22700]",2,4.0,1,3,0,0,1,True
2025-2025040815gm-00a9-0000-3be4a59c-09-s2-d16,108,B,2,2,"[12300,40200,23800,23700]",2,4.0,1,3,0,0,1,True
2025-2025040815gm-00a9-0000-3be4a59c-09-s2-d16,109,A,1,53,"[10300,37200,32800,19700]",2,4.0,1,3,0,0,1,True
2025-2025040815gm-00a9-0000-3be4a59c-09-s2-d16,109,B,2,2,"[12300,39200,24800,23700]",2,4.0,1,3,0,0,1,True
2025-2025040815gm-00a9-0000-3be4a59c-09-s2-d16,110,A,1,53,"[10300,37200,32800,19700]",2,4.0,1,3,0,0,1,True
2025-2025040815gm-00a9-0000-3be4a59c-09-s2-d16,110,B,2,2,"[11300,38200,27800,22700]",2,4.0,1,3,0,0,1,True
2025-2025040815gm-00a9-0000-3be4a59c-09-s2-d16,111,A,1,53,"[12300,39200,24800,23700]",2,4.0,1,3,0,0,1,True
2025-2025040815gm-00a9-0000-3be4a59c-09-s2-d16,111,B,2,2,"[12300,39200,24800,23700]",2,4.0,1,3,0,0,1,True
2025-2025040815gm-00a9-0000-3be4a59c-09-s2-d16,112,A,1,53,"[18300,35200,30800,15700]",2,4.0,1,3,0,0,1,True
2025-2025040815gm-00a9-0000-3be4a59c-09-s2-d16,112,B,2,2,"[18300,35200,30800,15700]",2,4.0,1,3,0,0,1,True
2025-2025040815gm-00a9-0000-3be4a59c-09-s2-d16,113,A,1,53,"[10300,47200,22800,19700]",2,4.0,1,3,0,0,1,True
2025-2025040815gm-00a9-0000-3be4a59c-09-s2-d16,113,B,2,2,"[10300,47200,22800,19700]",2,4.0,1,3,0,0,1,True
2025-2025040815gm-00a9-0000-3be4a59c-09-s2-d16,114,A,1,53,"[14300,38200,23800,22700]",2,4.0,1,3,0,1,1,True
2025-2025040815gm-00a9-0000-3be4a59c-09-s2-d16,114,B,2,2,"[14300,38200,23800,22700]",2,4.0,1,3,0,1,1,True
2025-2025040815gm-00a9-0000-3be4a59c-09-s2-d16,115,A,1,53,"[10300,47200,22800,19700]",2,4.0,1,3,0,0,1,True
2025-2025040815gm-00a9-0000-3be4a59c-09-s2-d16,115,B,2,2,"[10300,47200,22800,19700]",2,4.0,1,3,0,0,1,True
2025-2025040815gm-00a9-0000-3be4a59c-09-s2-d16,116,A,1,53,"[12300,39200,24800,23700]",2,4.0,1,3,0,0,1,True
2025-2025040815gm-00a9-0000-3be4a59c-09-s2-d16,116,B,2,2,"[12300,39200,24800,23700]",2,4.0,1,3,0,0,1,True
2025-2025040815gm-00a9-0000-3be4a59c-09-s2-d16,117,A,1,53,"[12300,39200,24800,23700]",2,4.0,1,3,0,0,1,True
2025-2025040815gm-00a9-0000-3be4a59c-09-s2-d16,117,B,2,2,"[12300,39200,24800,23700]",2,4.0,1,3,0,0,1,True
2025-2025040815gm-00a9-0000-3be4a59c-09-s2-d16,118,A,1,53,"[10300,37200,32800,19700]",2,4.0,1,3,0,0,1,True
2025-2025040815gm-00a9-0000-3be4a59c-09-s2-d16,118,B,2,2,"[10300,37200,32800,19700]",2,4.0,1,3,0,0,1,True
2025-2025040815gm-00a9-0000-3be4a59c-09-s2-d16,119,A,1,53,"[10300,47200,22800,19700]",2,4.0,1,3,0,0,1,True
2025-2025040815gm-00a9-0000-3be4a59c-09-s2-d16,119,B,2,2,"[10300,47200,22800,19700]",2,4.0,1,3,0,0,1,True
2025-2025040815gm-00a9-0000-3be4a59c-09-s2-d16,120,A,1,53,"[10300,37200,32800,19700]",2,4.0,1,3,0,0,1,True
2025-2025040815gm-00a9-0000-3be4a59c-09-s2-d16,120,B,2,2,"[10300,37200,32800,19700]",2,4.0,1,3,0,0,1,True
2025-2025040815gm-00a9-0000-3be4a59c-09-s2-d16,121,A,1,53,"[11300,42200,23800,22700]",2,4.0,1,3,0,0,1,True
2025-2025040815gm-00a9-0000-3be4a59c-09-s2-d16,121,B,2,2,"[11300,42200,23800,22700]",2,4.0,1,3,0,0,1,True
2025-2025040815gm-00a9-0000-3be4a59c-09-s2-d16,122,A,1,53,"[8300,45200,30800,15700]",2,4.0,1,3,0,0,1,True
2025-2025040815gm-00a9-0000-3be4a59c-09-s2-d16,122,B,2,2,"[8300,45200,30800,15700]",2,4.0,1,3,0,0,1,True
2025-2025040815gm-00a9-0000-3be4a59c-09-s2-d16,123,A,1,53,"[12300,39200,24800,23700]",2,4.0,1,3,0,0,1,True
2025-2025040815gm-00a9-0000-3be4a59c-09-s2-d16,123,B,2,2,"[12300,39200,24800,23700]",2,4.0,1,3,0,0,1,True
2025-2025040815gm-00a9-0000-3be4a59c-09-s2-d16,124,A,1,53,"[12300,39200,24800,23700]",2,4.0,1,3,0,0,1,True
2025-2025040815gm-00a9-0000-3be4a59c-09-s2-d16,124,B,2,2,"[12300,39200,24800,23700]",2,4.0,1,3,0,0,1,True
2025-2025040815gm-00a9-0000-3be4a59c-09-s2-d16,125,A,1,53,"[10300,37200,32800,19700]",2,4.0,1,3,0,0,1,True
2025-2025040815gm-00a9-0000-3be4a59c-09-s2-d16,125,B,2,2,"[10300,37200,32800,19700]",2,4.0,1,3,0,0,1,True
2025-2025040815gm-00a9-0000-3be4a59c-09-s2-d16,126,A,1,53,"[18300,35200,30800,15700]",2,4.0,1,3,0,0,1,True
2025-2025040815gm-00a9-0000-3be4a59c-09-s2-d16,126,B,2,2,"[12300,39200,24800,23700]",2,4.0,1,3,0,0,1,True
2025-2025040815gm-00a9-0000-3be4a59c-09-s2-d16,127,A,1,53,"[12300,39200,24800,23700]",2,4.0,1,3,0,0,1,True
2025-2025040815gm-00a9-0000-3be4a59c-09-s2-d16,127,B,2,2,"[12300,39200,24800,23700]",2,4.0,1,3,0,0,1,True
2025-2025040815gm-00a9-0000-3be4a59c-09-s2-d16,128,A,1,53,"[10300,37200,32800,19700]",2,4.0,1,3,0,0,1,True
2025-2025040815gm-00a9-0000-3be4a59c-09-s2-d16,128,B,2,2,"[10300,37200,32800,19700]",2,4.0,1,3,0,0,1,True
2025-2025040815gm-00a9-0000-3be4a59c-09-s2-d16,129,A,1,53,"[12300,39200,24800,23700]",2,4.0,1,3,0,0,1,True
2025-2025040815gm-00a9-0000-3be4a59c-09-s2-d16,129,B,2,2,"[12300,39200,24800,23700]",2,4.0,1,3,0,0,1,True
2025-2025040815gm-00a9-0000-3be4a59c-09-s2-d16,130,A,1,53,"[12300,39200,24800,23700]",2,4.0,1,3,0,0,1,True
2025-2025040815gm-00a9-0000-3be4a59c-09-s2-d16,130,B,2,2,"[12300,39200,24800,23700]",2,4.0,1,3,0,0,1,True
2025-2025040815gm-00a9-0000-3be4a59c-09-s2-d16,131,A,1,53,"[12300,39200,24800,23700]",2,4.0,1,3,0,0,1,True
2025-2025040815gm-00a9-0000-3be4a59c-09-s2-d16,131,B,2,2,"[12300,39200,24800,23700]",2,4.0,1,3,0,0,1,True
2025-2025040815gm-00a9-0000-3be4a59c-09-s2-d16,132,A,1,53,"[10300,37200,32800,19700]",2,4.0,1,3,0,0,1,True
2025-2025040815gm-00a9-0000-3be4a59c-09-s2-d16,132,B,2,2,"[12300,39200,24800,23700]",2,4.0,1,3,0,0,1,True
2025-2025040815gm-00a9-0000-3be4a59c-09-s2-d16,133,A,1,53,"[12300,39200,24800,23700]",2,4.0,1,3,0,0,1,True
2025-2025040815gm-00a9-0000-3be4a59c-09-s2-d16,133,B,2,2,"[12300,39200,24800,23700]",2,4.0,1,3,0,0,1,True
2025-2025040815gm-00a9-0000-3be4a59c-09-s2-d16,134,A,1,53,"[20300,37200,22800,19700]",2,4.0,1,3,0,0,1,True
2025-2025040815gm-00a9-0000-3be4a59c-09-s2-d16,134,B,2,2,"[20300,37200,22800,19700]",2,4.0,1,3,0,0,1,True
2025-2025040815gm-00a9-0000-3be4a59c-09-s2-d16,135,A,1,53,"[10300,37200,32800,19700]",2,4.0,1,3,0,0,1,True
2025-2025040815gm-00a9-0000-3be4a59c-09-s2-d16,135,B,2,2,"[10300,37200,32800,19700]",2,4.0,1,3,0,0,1,True
2025-2025040815gm-00a9-0000-3be4a59c-09-s2-d16,136,A,1,53,"[12300,39200,24800,23700]",2,4.0,1,3,0,0,1,True
2025-2025040815gm-00a9-0000-3be4a59c-09-s2-d16,136,B,2,2,"[12300,39200,24800,23700]",2,4.0,1,3,0,0,1,True
2025-2025040815gm-00a9-0000-3be4a59c-09-s2-d16,137,A,1,53,"[2200,49500,24700,23600]",2,4.0,1,3,1,0,2,True
2025-2025040815gm-00a9-0000-3be4a59c-09-s2-d16,137,B,2,2,"[4200,51500,16700,27600]",3,-4.0,1,3,1,0,2,True
2025-2025040815gm-00a9-0000-3be4a59c-09-s2-d16,138,A,1,53,"[12300,39200,24800,23700]",2,4.0,1,3,0,0,1,True
2025-2025040815gm-00a9-0000-3be4a59c-09-s2-d16,138,B,2,2,"[10300,47200,22800,19700]",2,4.0,1,3,0,0,1,True
2025-2025040815gm-00a9-0000-3be4a59c-09-s2-d16,139,A,1,53,"[12300,39200,24800,23700]",2,4.0,1,3,0,0,1,True
2025-2025040815gm-00a9-0000-3be4a59c-09-s2-d16,139,B,2,2,"[12300,39200,24800,23700]",2,4.0,1,3,0,0,1,True
2025-2025040815gm-00a9-0000-3be4a59c-09-s2-d16,140,A,1,53,"[14300,38200,23800,22700]",2,4.0,1,3,0,1,1,True
2025-2025040815gm-00a9-0000-3be4a59c-09-s2-d16,140,B,2,2,"[14300,38200,23800,22700]",2,4.0,1,3,0,1,1,True
2025-2025040815gm-00a9-0000-3be4a59c-09-s2-d16,141,A,1,53,"[12300,39200,24800,23700]",2,4.0,1,3,0,0,1,True
2025-2025040815gm-00a9-0000-3be4a59c-09-s2-d16,141,B,2,2,"[12300,39200,24800,23700]",2,4.0,1,3,0,0,1,True
2025-2025040815gm-00a9-0000-3be4a59c-09-s2-d16,142,A,1,53,"[12300,39200,24800,23700]",2,4.0,1,3,0,0,1,True
2025-2025040815gm-00a9-0000-3be4a59c-09-s2-d16,142,B,2,2,"[12300,39200,24800,23700]",2,4.0,1,3,0,0,1,True
2025-2025040815gm-00a9-0000-3be4a59c-09-s2-d16,143,A,1,53,"[12300,39200,24800,23700]",2,4.0,1,3,0,0,1,True
2025-2025040815gm-00a9-0000-3be4a59c-09-s2-d16,143,B,2,2,"[12300,39200,24800,23700]",2,4.0,1,3,0,0,1,True
2025-2025040815gm-00a9-0000-3be4a59c-09-s2-d16,144,A,1,53,"[11300,42200,23800,22700]",2,4.0,1,3,0,0,1,True
2025-2025040815gm-00a9-0000-3be4a59c-09-s2-d16,144,B,2,2,"[11300,42200,23800,22700]",2,4.0,1,3,0,0,1,True
2025-2025040815gm-00a9-0000-3be4a59c-09-s2-d16,145,A,1,53,"[12300,39200,24800,23700]",2,4.0,1,3,0,0,1,True
2025-2025040815gm-00a9-0000-3be4a59c-09-s2-d16,145,B,2,2,"[12300,39200,24800,23700]",2,4.0,1,3,0,0,1,True
2025-2025040815gm-00a9-0000-3be4a59c-09-s2-d16,146,A,1,53,"[12300,39200,24800,23700]",2,4.0,1,3,0,0,1,True
2025-2025040815gm-00a9-0000-3be4a59c-09-s2-d16,146,B,2,2,"[12300,39200,24800,23700]",2,4.0,1,3,0,0,1,True
2025-2025040815gm-00a9-0000-3be4a59c-09-s2-d16,147,A,1,53,"[12300,39200,24800,23700]",2,4.0,1,3,0,0,1,True
2025-2025040815gm-00a9-0000-3be4a59c-09-s2-d16,147,B,2,2,"[12300,39200,24800,23700]",2,4.0,1,3,0,0,1,True
2025-2025040815gm-00a9-0000-3be4a59c-09-s2-d16,148,A,1,53,"[12300,39200,24800,23700]",2,4.0,1,3,0,0,1,True
2025-2025040815gm-00a9-0000-3be4a59c-09-s2-d16,148,B,2,2,"[11300,38200,27800,22700]",2,4.0,1,3,0,0,1,True
2025-2025040815gm-00a9-0000-3be4a59c-09-s2-d16,149,A,1,53,"[11300,38200,27800,22700]",2,4.0,1,3,0,0,1,True
2025-2025040815gm-00a9-0000-3be4a59c-09-s2-d16,149,B,2,2,"[11300,38200,27800,22700]",2,4.0,1,3,0,0,1,True
2025-2025040815gm-00a9-0000-3be4a59c-09-s2-d16,150,A,1,53,"[12300,39200,24800,23700]",2,4.0,1,3,0,0,1,True
2025-2025040815gm-00a9-0000-3be4a59c-09-s2-d16,150,B,2,2,"[12300,39200,24800,23700]",2,4.0,1,3,0,0,1,True
2025-2025040815gm-00a9-0000-3be4a59c-09-s2-d16,151,A,1,53,"[11300,42200,23800,22700]",2,4.0,1,3,0,0,1,True
2025-2025040815gm-00a9-0000-3be4a59c-09-s2-d16,151,B,2,2,"[12300,39200,24800,23700]",2,4.0,1,3,0,0,1,True
2025-2025040815gm-00a9-0000-3be4a59c-09-s2-d16,152,A,1,53,"[11300,42200,23800,22700]",2,4.0,1,3,0,0,1,True
2025-2025040815gm-00a9-0000-3be4a59c-09-s2-d16,152,B,2,2,"[10300,37200,32800,19700]",2,4.0,1,3,0,0,1,True
2025-2025040815gm-00a9-0000-3be4a59c-09-s2-d16,153,A,1,53,"[12300,39200,24800,23700]",2,4.0,1,3,0,0,1,True
2025-2025040815gm-00a9-0000-3be4a59c-09-s2-d16,153,B,2,2,"[12300,39200,24800,23700]",2,4.0,1,3,0,0,1,True
2025-2025040815gm-00a9-0000-3be4a59c-09-s2-d16,154,A,1,53,"[12300,39200,24800,23700]",2,4.0,1,3,0,0,1,True
2025-2025040815gm-00a9-0000-3be4a59c-09-s2-d16,154,B,2,2,"[12300,39200,24800,23700]",2,4.0,1,3,0,0,1,True
2025-2025040815gm-00a9-0000-3be4a59c-09-s2-d16,155,A,1,53,"[11300,38200,27800,22700]",2,4.0,1,3,0,0,1,True
2025-2025040815gm-00a9-0000-3be4a59c-09-s2-d16,155,B,2,2,"[11300,38200,27800,22700]",2,4.0,1,3,0,0,1,True
2025-2025040815gm-00a9-0000-3be4a59c-09-s2-d16,156,A,1,53,"[10300,47200,22800,19700]",2,4.0,1,3,0,0,1,True
2025-2025040815gm-00a9-0000-3be4a59c-09-s2-d16,156,B,2,2,"[10300,47200,22800,19700]",2,4.0,1,3,0,0,1,True
2025-2025040815gm-00a9-0000-3be4a59c-09-s2-d16,157,A,1,53,"[12300,39200,24800,23700]",2,4.0,1,3,0,0,1,True
2025-2025040815gm-00a9-0000-3be4a59c-09-s2-d16,157,B,2,2,"[12300,39200,24800,23700]",2,4.0,1,3,0,0,1,True
2025-2025040815gm-00a9-0000-3be4a59c-09-s2-d16,158,A,1,53,"[10300,37200,32800,19700]",2,4.0,1,3,0,0,1,True
2025-2025040815gm-00a9-0000-3be4a59c-09-s2-d16,158,B,2,2,"[10300,37200,32800,19700]",2,4.0,1,3,0,0,1,True
2025-2025040815gm-00a9-0000-3be4a59c-09-s2-d16,159,A,1,53,"[12300,39200,24800,23700]",2,4.0,1,3,0,0,1,True
2025-2025040815gm-00a9-0000-3be4a59c-09-s2-d16,159,B,2,2,"[12300,39200,24800,23700]",2,4.0,1,3,0,0,1,True
2025-2025040815gm-00a9-0000-3be4a59c-09-s2-d16,160,A,1,53,"[12300,39200,24800,23700]",2,4.0,1,3,0,0,1,True
2025-2025040815gm-00a9-0000-3be4a59c-09-s2-d16,160,B,2,2,"[11300,39200,25800,23700]",2,4.0,1,3,0,0,1,True
2025-2025040815gm-00a9-0000-3be4a59c-09-s2-d16,161,A,1,53,"[12300,39200,24800,23700]",2,4.0,1,3,0,0,1,True
2025-2025040815gm-00a9-0000-3be4a59c-09-s2-d16,161,B,2,2,"[10300,37200,32800,19700]",2,4.0,1,3,0,0,1,True
2025-2025040815gm-00a9-0000-3be4a59c-09-s2-d16,162,A,1,53,"[10300,37200,32800,19700]",2,4.0,1,3,0,0,1,True
2025-2025040815gm-00a9-0000-3be4a59c-09-s2-d16,162,B,2,2,"[10800,40700,26300,22200]",2,4.0,1,3,0,0,1,True
2025-2025040815gm-00a9-0000-3be4a59c-09-s2-d16,163,A,1,53,"[12300,39200,24800,23700]",2,4.0,1,3,0,0,1,True
2025-2025040815gm-00a9-0000-3be4a59c-09-s2-d16,163,B,2,2,"[12300,39200,24800,23700]",2,4.0,1,3,0,0,1,True
2025-2025040815gm-00a9-0000-3be4a59c-09-s2-d16,164,A,1,53,"[8300,45200,30800,15700]",2,4.0,1,3,0,0,1,True
2025-2025040815gm-00a9-0000-3be4a59c-09-s2-d16,164,B,2,2,"[8300,45200,30800,15700]",2,4.0,1,3,0,0,1,True
2025-2025040815gm-00a9-0000-3be4a59c-09-s2-d16,165,A,1,53,"[12300,39200,24800,23700]",2,4.0,1,3,0,0,1,True
2025-2025040815gm-00a9-0000-3be4a59c-09-s2-d16,165,B,2,2,"[12300,39200,24800,23700]",2,4.0,1,3,0,0,1,True
2025-2025040815gm-00a9-0000-3be4a59c-09-s2-d16,166,A,1,53,"[12300,39200,24800,23700]",2,4.0,1,3,0,0,1,True
2025-2025040815gm-00a9-0000-3be4a59c-09-s2-d16,166,B,2,2,"[12300,39200,24800,23700]",2,4.0,1,3,0,0,1,True
2025-2025040815gm-00a9-0000-3be4a59c-09-s2-d16,167,A,1,53,"[12300,39200,24800,23700]",2,4.0,1,3,0,0,1,True
2025-2025040815gm-00a9-0000-3be4a59c-09-s2-d16,167,B,2,2,"[12300,39200,24800,23700]",2,4.0,1,3,0,0,1,True
2025-2025040815gm-00a9-0000-3be4a59c-09-s2-d16,168,A,1,53,"[4300,41200,29700,24800]",2,4.0,1,3,1,0,2,True
2025-2025040815gm-00a9-0000-3be4a59c-09-s2-d16,168,B,2,2,"[4300,41200,29700,24800]",2,4.0,1,3,1,0,2,True
2025-2025040815gm-00a9-0000-3be4a59c-09-s2-d16,169,A,1,53,"[12300,39200,24800,23700]",2,4.0,1,3,0,0,1,True
2025-2025040815gm-00a9-0000-3be4a59c-09-s2-d16,169,B,2,2,"[12300,39200,24800,23700]",2,4.0,1,3,0,0,1,True
2025-2025040815gm-00a9-0000-3be4a59c-09-s2-d16,170,A,1,53,"[11300,42200,23800,22700]",2,4.0,1,3,0,0,1,True
2025-2025040815gm-00a9-0000-3be4a59c-09-s2-d16,170,B,2,2,"[10300,37200,32800,19700]",2,4.0,1,3,0,0,1,True
2025-2025040815gm-00a9-0000-3be4a59c-09-s2-d16,171,A,1,53,"[10300,47200,22800,19700]",2,4.0,1,3,0,0,1,True
2025-2025040815gm-00a9-0000-3be4a59c-09-s2-d16,171,B,2,2,"[10300,47200,22800,19700]",2,4.0,1,3,0,0,1,True
2025-2025040815gm-00a9-0000-3be4a59c-09-s2-d16,172,A,1,53,"[12300,39200,24800,23700]",2,4.0,1,3,0,0,1,True
2025-2025040815gm-00a9-0000-3be4a59c-09-s2-d16,172,B,2,2,"[12300,39200,24800,23700]",2,4.0,1,3,0,0,1,True
2025-2025040815gm-00a9-0000-3be4a59c-09-s2-d16,173,A,1,53,"[8300,45200,30800,15700]",2,4.0,1,3,0,0,1,True
2025-2025040815gm-00a9-0000-3be4a59c-09-s2-d16,173,B,2,2,"[8300,45200,30800,15700]",2,4.0,1,3,0,0,1,True
2025-2025040815gm-00a9-0000-3be4a59c-09-s2-d16,174,A,1,53,"[12300,39200,24800,23700]",2,4.0,1,3,0,0,1,True
2025-2025040815gm-00a9-0000-3be4a59c-09-s2-d16,174,B,2,2,"[12300,39200,24800,23700]",2,4.0,1,3,0,0,1,True
2025-2025040815gm-00a9-0000-3be4a59c-09-s2-d16,175,A,1,53,"[11800,36700,25300,24200]",2,4.0,1,3,1,2,2,True
2025-2025040815gm-00a9-0000-3be4a59c-09-s2-d16,175,B,2,2,"[11800,36700,25300,24200]",2,4.0,1,3,1,2,2,True
2025-2025040815gm-00a9-0000-3be4a59c-09-s2-d16,176,A,1,53,"[10300,37200,32800,19700]",2,4.0,1,3,0,0,1,True
2025-2025040815gm-00a9-0000-3be4a59c-09-s2-d16,176,B,2,2,"[10300,37200,32800,19700]",2,4.0,1,3,0,0,1,True
2025-2025040815gm-00a9-0000-3be4a59c-09-s2-d16,177,A,1,53,"[12300,39200,24800,23700]",2,4.0,1,3,0,0,1,True
2025-2025040815gm-00a9-0000-3be4a59c-09-s2-d16,177,B,2,2,"[12300,39200,24800,23700]",2,4.0,1,3,0,0,1,True
2025-2025040815gm-00a9-0000-3be4a59c-09-s2-d16,178,A,1,53,"[11300,42200,23800,22700]",2,4.0,1,3,0,0,1,True
2025-2025040815gm-00a9-0000-3be4a59c-09-s2-d16,178,B,2,2,"[11300,42200,23800,22700]",2,4.0,1,3,0,0,1,True
2025-2025040815gm-00a9-0000-3be4a59c-09-s2-d16,179,A,1,53,"[12300,39200,24800,23700]",2,4.0,1,3,0,0,1,True
2025-2025040815gm-00a9-0000-3be4a59c-09-s2-d16,179,B,2,2,"[12300,39200,24800,23700]",2,4.0,1,3,0,0,1,True
2025-2025040815gm-00a9-0000-3be4a59c-09-s2-d16,180,A,1,53,"[10100,41200,21000,27700]",3,-4.0,1,3,1,0,2,True
2025-2025040815gm-00a9-0000-3be4a59c-09-s2-d16,180,B,2,2,"[10100,41200,21000,27700]",3,-4.0,1,3,1,0,2,True
2025-2025040815gm-00a9-0000-3be4a59c-09-s2-d16,181,A,1,53,"[12300,39200,24800,23700]",2,4.0,1,3,0,0,1,True
2025-2025040815gm-00a9-0000-3be4a59c-09-s2-d16,181,B,2,2,"[12300,39200,24800,23700]",2,4.0,1,3,0,0,1,True
2025-2025040815gm-00a9-0000-3be4a59c-09-s2-d16,182,A,1,53,"[10300,47200,22800,19700]",2,4.0,1,3,0,0,1,True
2025-2025040815gm-00a9-0000-3be4a59c-09-s2-d16,182,B,2,2,"[10300,47200,22800,19700]",2,4.0,1,3,0,0,1,True
2025-2025040815gm-00a9-0000-3be4a59c-09-s2-d16,183,A,1,53,"[12300,39200,24800,23700]",2,4.0,1,3,0,0,1,True
2025-2025040815gm-00a9-0000-3be4a59c-09-s2-d16,183,B,2,2,"[12300,39200,24800,23700]",2,4.0,1,3,0,0,1,True
2025-2025040815gm-00a9-0000-3be4a59c-09-s2-d16,184,A,1,53,"[20300,37200,22800,19700]",2,4.0,1,3,0,0,1,True
2025-2025040815gm-00a9-0000-3be4a59c-09-s2-d16,184,B,2,2,"[20300,37200,22800,19700]",2,4.0,1,3,0,0,1,True
2025-2025040815gm-00a9-0000-3be4a59c-09-s2-d16,185,A,1,53,"[12300,39200,24800,23700]",2,4.0,1,3,0,0,1,True
2025-2025040815gm-00a9-0000-3be4a59c-09-s2-d16,185,B,2,2,"[12300,39200,24800,23700]",2,4.0,1,3,0,0,1,True
2025-2025040815gm-00a9-0000-3be4a59c-09-s2-d16,186,A,1,53,"[10300,47200,22800,19700]",2,4.0,1,3,0,0,1,True
2025-2025040815gm-00a9-0000-3be4a59c-09-s2-d16,186,B,2,2,"[11300,38200,27800,22700]",2,4.0,1,3,0,0,1,True
2025-2025040815gm-00a9-0000-3be4a59c-09-s2-d16,187,A,1,53,"[10300,37200,32800,19700]",2,4.0,1,3,0,0,1,True
2025-2025040815gm-00a9-0000-3be4a59c-09-s2-d16,187,B,2,2,"[10300,37200,32800,19700]",2,4.0,1,3,0,0,1,True
2025-2025040815gm-00a9-0000-3be4a59c-09-s2-d16,188,A,1,53,"[12300,39200,24800,23700]",2,4.0,1,3,0,0,1,True
2025-2025040815gm-00a9-0000-3be4a59c-09-s2-d16,188,B,2,2,"[12300,39200,24800,23700]",2,4.0,1,3,0,0,1,True
2025-2025040815gm-00a9-0000-3be4a59c-09-s2-d16,189,A,1,53,"[8300,45200,30800,15700]",2,4.0,1,3,0,0,1,True
2025-2025040815gm-00a9-0000-3be4a59c-09-s2-d16,189,B,2,2,"[8300,45200,30800,15700]",2,4.0,1,3,0,0,1,True
2025-2025040815gm-00a9-0000-3be4a59c-09-s2-d16,190,A,1,53,"[10300,47200,22800,19700]",2,4.0,1,3,0,0,1,True
2025-2025040815gm-00a9-0000-3be4a59c-09-s2-d16,190,B,2,2,"[10300,47200,22800,19700]",2,4.0,1,3,0,0,1,True
2025-2025040815gm-00a9-0000-3be4a59c-09-s2-d16,191,A,1,53,"[15700,38200,19300,26800]",3,-4.0,1,3,3,0,4,True
2025-2025040815gm-00a9-0000-3be4a59c-09-s2-d16,191,B,2,2,"[15700,38200,19300,26800]",3,-4.0,1,3,3,0,4,True
2025-2025041222gm-00a9-0000-8add91ad-00-s3-d8,0,A,1,19,"[28800,42300,1700,27200]",3,-4.0,1,3,1,0,10,True
2025-2025041222gm-00a9-0000-8add91ad-00-s3-d8,0,B,3,13,"[41100,21200,5600,32100]",2,4.0,1,3,0,0,10,True
2025-2025041222gm-00a9-0000-8add91ad-00-s3-d8,1,A,1,19,"[13400,46600,32300,7700]",4,-10.0,1,3,0,0,12,True
2025-2025041222gm-00a9-0000-8add91ad-00-s3-d8,1,B,3,13,"[31900,32100,17400,18600]",3,-4.0,1,3,1,0,11,True
2025-2025041222gm-00a9-0000-8add91ad-00-s3-d8,2,A,1,19,"[37000,19900,16200,26900]",2,4.0,1,3,0,0,9,True
2025-2025041222gm-00a9-0000-8add91ad-00-s3-d8,2,B,3,13,"[24200,48400,10900,16500]",3,-4.0,1,3,0,0,9,True
2025-2025041222gm-00a9-0000-8add91ad-00-s3-d8,3,A,1,19,"[52200,29700,21500,-3400]",4,-10.0,1,2,0,0,9,True
2025-2025041222gm-00a9-0000-8add91ad-00-s3-d8,3,B,3,13,"[52200,29700,21500,-3400]",4,-10.0,1,2,0,0,9,True
2025-2025041222gm-00a9-0000-8add91ad-00-s3-d8,4,A,1,19,"[38200,6200,15900,39700]",1,10.0,1,3,0,0,12,True
2025-2025041222gm-00a9-0000-8add91ad-00-s3-d8,4,B,3,13,"[38200,6200,15900,39700]",1,10.0,1,3,0,0,12,True
2025-2025041222gm-00a9-0000-8add91ad-00-s3-d8,5,A,1,19,"[16500,51900,14500,17100]",2,4.0,1,3,0,0,15,True
2025-2025041222gm-00a9-0000-8add91ad-00-s3-d8,5,B,3,13,"[47400,14100,20700,17800]",3,-4.0,1,3,1,0,11,True
2025-2025041222gm-00a9-0000-8add91ad-00-s3-d8,6,A,1,19,"[16900,61400,22100,-400]",4,-10.0,1,3,0,0,10,True
2025-2025041222gm-00a9-0000-8add91ad-00-s3-d8,6,B,3,13,"[16900,61400,22100,-400]",4,-10.0,1,3,0,0,10,True
2025-2025041222gm-00a9-0000-8add91ad-00-s3-d8,7,A,1,19,"[42700,8300,20700,28300]",2,4.0,1,3,1,0,12,True
2025-2025041222gm-00a9-0000-8add91ad-00-s3-d8,7,B,3,13,"[37500,28600,15600,18300]",3,-4.0,1,3,1,0,9,True
2025-2025041222gm-00a9-0000-8add91ad-00-s3-d8,8,A,1,19,"[30600,15800,19600,34000]",1,10.0,1,3,0,0,12,True
2025-2025041222gm-00a9-0000-8add91ad-00-s3-d8,8,B,3,13,"[37300,16800,36600,9300]",4,-10.0,1,3,1,0,10,True
2025-2025041222gm-00a9-0000-8add91ad-00-s3-d8,9,A,1,19,"[37500,9300,13900,39300]",1,10.0,1,3,2,0,11,True
2025-2025041222gm-00a9-0000-8add91ad-00-s3-d8,9,B,3,13,"[34100,4200,24800,36900]",1,10.0,1,3,0,0,11,True
2025-2025041222gm-00a9-0000-8add91ad-00-s3-d8,10,A,1,19,"[28900,18900,19800,32400]",1,10.0,1,3,0,0,8,True
2025-2025041222gm-00a9-0000-8add91ad-00-s3-d8,10,B,3,13,"[28900,18900,19800,32400]",1,10.0,1,3,0,0,8,True
2025-2025041222gm-00a9-0000-8add91ad-00-s3-d8,11,A,1,19,"[-3300,46700,21000,35600]",2,4.0,1,1,2,0,7,True
2025-2025041222gm-00a9-0000-8add91ad-00-s3-d8,11,B,3,13,"[39000,47900,-6900,20000]",3,-4.0,1,2,1,0,10,True
2025-2025041222gm-00a9-0000-8add91ad-00-s3-d8,12,A,1,19,"[37200,15800,16800,30200]",2,4.0,1,3,0,0,8,True
2025-2025041222gm-00a9-0000-8add91ad-00-s3-d8,12,B,3,13,"[36200,37000,6500,20300]",3,-4.0,1,3,0,0,9,True
2025-2025041222gm-00a9-0000-8add91ad-00-s3-d8,13,A,1,19,"[17700,32900,23200,26200]",2,4.0,1,3,0,0,10,True
2025-2025041222gm-00a9-0000-8add91ad-00-s3-d8,13,B,3,13,"[16900,27200,18800,37100]",1,10.0,1,3,0,0,10,True
2025-2025041222gm-00a9-0000-8add91ad-00-s3-d8,14,A,1,19,"[11600,25300,51000,12100]",3,-4.0,1,3,2,0,12,True
2025-2025041222gm-00a9-0000-8add91ad-00-s3-d8,14,B,3,13,"[45400,34400,-13000,33200]",3,-4.0,1,1,0,0,6,True
2025-2025041222gm-00a9-0000-8add91ad-00-s3-d8,15,A,1,19,"[26900,37900,33900,1300]",4,-10.0,1,3,0,0,12,True
2025-2025041222gm-00a9-0000-8add91ad-00-s3-d8,15,B,3,13,"[17600,24900,34800,22700]",3,-4.0,1,3,1,0,8,True
2025-2025041222gm-00a9-0000-8add91ad-00-s3-d8,16,A,1,19,"[14500,21400,53100,11000]",4,-10.0,1,3,3,0,11,True
2025-2025041222gm-00a9-0000-8add91ad-00-s3-d8,16,B,3,13,"[14500,21400,53100,11000]",4,-10.0,1,3,3,0,11,True
2025-2025041222gm-00a9-0000-8add91ad-00-s3-d8,17,A,1,19,"[22900,32300,7600,37200]",1,10.0,1,3,0,0,13,True
2025-2025041222gm-00a9-0000-8add91ad-00-s3-d8,17,B,3,13,"[26800,21900,34500,16800]",4,-10.0,1,3,0,0,14,True
2025-2025041222gm-00a9-0000-8add91ad-00-s3-d8,18,A,1,19,"[31400,24600,28000,16000]",4,-10.0,1,3,0,0,8,True
2025-2025041222gm-00a9-0000-8add91ad-00-s3-d8,18,B,3,13,"[31400,24600,28000,16000]",4,-10.0,1,3,0,0,8,True
2025-2025041222gm-00a9-0000-8add91ad-00-s3-d8,19,A,1,19,"[24500,37200,24400,13900]",4,-10.0,1,3,0,0,9,True
2025-2025041222gm-00a9-0000-8add91ad-00-s3-d8,19,B,3,13,"[28500,33000,10600,27900]",3,-4.0,1,3,0,0,9,True
2025-2025041222gm-00a9-0000-8add91ad-00-s3-d8,20,A,1,19,"[18700,32000,14400,34900]",1,10.0,1,3,0,0,9,True
2025-2025041222gm-00a9-0000-8add91ad-00-s3-d8,20,B,3,13,"[22700,34100,25300,17900]",4,-10.0,1,3,0,0,9,True
2025-2025041222gm-00a9-0000-8add91ad-00-s3-d8,21,A,1,19,"[46300,7900,13600,32200]",2,4.0,1,3,1,0,9,True
2025-2025041222gm-00a9-0000-8add91ad-00-s3-d8,21,B,3,13,"[45800,2600,13900,37700]",2,4.0,1,3,0,0,8,True
2025-2025041222gm-00a9-0000-8add91ad-00-s3-d8,22,A,1,19,"[49000,3100,23600,24300]",2,4.0,1,3,0,0,11,True
2025-2025041222gm-00a9-0000-8add91ad-00-s3-d8,22,B,3,13,"[21400,37200,14900,26500]",2,4.0,1,3,0,0,12,True
2025-2025041222gm-00a9-0000-8add91ad-00-s3-d8,23,A,1,19,"[22100,15800,34400,27700]",2,4.0,1,3,0,0,10,True
2025-2025041222gm-00a9-0000-8add91ad-00-s3-d8,23,B,3,13,"[26700,19100,38100,16100]",4,-10.0,1,3,0,0,9,True
2025-2025041222gm-00a9-0000-8add91ad-00-s3-d8,24,A,1,19,"[36200,23800,21600,18400]",4,-10.0,2,0,0,0,10,True
2025-2025041222gm-00a9-0000-8add91ad-00-s3-d8,24,B,3,13,"[30700,16700,17500,35100]",1,10.0,1,3,0,0,9,True
2025-2025041222gm-00a9-0000-8add91ad-00-s3-d8,25,A,1,19,"[11300,42600,23600,22500]",3,-4.0,1,3,0,0,9,True
2025-2025041222gm-00a9-0000-8add91ad-00-s3-d8,25,B,3,13,"[25900,42900,8500,22700]",3,-4.0,1,3,1,0,10,True
2025-2025041222gm-00a9-0000-8add91ad-00-s3-d8,26,A,1,19,"[30900,5700,36000,27400]",3,-4.0,1,3,0,0,8,True
2025-2025041222gm-00a9-0000-8add91ad-00-s3-d8,26,B,3,13,"[31400,1900,34900,31800]",2,4.0,1,3,0,0,8,True
2025-2025041222gm-00a9-0000-8add91ad-00-s3-d8,27,A,1,19,"[25400,31300,11600,31700]",1,10.0,1,3,0,0,12,True
2025-2025041222gm-00a9-0000-8add91ad-00-s3-d8,27,B,3,13,"[5600,22300,31400,40700]",1,10.0,1,3,0,0,12,True
2025-2025041222gm-00a9-0000-8add91ad-00-s3-d8,28,A,1,19,"[64600,8500,900,26000]",2,4.0,1,3,0,0,10,True
2025-2025041222gm-00a9-0000-8add91ad-00-s3-d8,28,B,3,13,"[16200,36800,45700,1300]",4,-10.0,1,3,0,0,10,True
2025-2025041222gm-00a9-0000-8add91ad-00-s3-d8,29,A,1,19,"[14300,28500,41500,15700]",3,-4.0,1,3,2,0,11,True
2025-2025041222gm-00a9-0000-8add91ad-00-s3-d8,29,B,3,13,"[28100,2700,46900,22300]",3,-4.0,1,3,3,0,10,True
2025-2025041222gm-00a9-0000-8add91ad-00-s3-d8,30,A,1,19,"[44500,8300,18600,28600]",2,4.0,1,3,2,0,9,True
2025-2025041222gm-00a9-0000-8add91ad-00-s3-d8,30,B,3,13,"[31500,2700,37700,28100]",3,-4.0,1,3,0,0,8,True
2025-2025041222gm-00a9-0000-8add91ad-00-s3-d8,31,A,1,19,"[6900,40500,26700,24900]",3,-4.0,1,3,0,1,9,True
2025-2025041222gm-00a9-0000-8add91ad-00-s3-d8,31,B,3,13,"[14900,40300,25900,17900]",3,-4.0,1,3,0,1,9,True
2025-2025041222gm-00a9-0000-8add91ad-00-s3-d8,32,A,1,19,"[27900,17600,12700,41800]",1,10.0,1,3,0,0,12,True
2025-2025041222gm-00a9-0000-8add91ad-00-s3-d8,32,B,3,13,"[34500,24000,1000,40500]",1,10.0,1,3,0,0,9,True
2025-2025041222gm-00a9-0000-8add91ad-00-s3-d8,33,A,1,19,"[33900,3300,35800,27000]",3,-4.0,1,3,1,0,10,True
2025-2025041222gm-00a9-0000-8add91ad-00-s3-d8,33,B,3,13,"[-3100,7800,46600,48700]",1,10.0,1,1,0,0,7,True
2025-2025041222gm-00a9-0000-8add91ad-00-s3-d8,34,A,1,19,"[5500,31900,34700,27900]",3,-4.0,1,3,1,0,11,True
2025-2025041222gm-00a9-0000-8add91ad-00-s3-d8,34,B,3,13,"[-200,35100,39700,25400]",3,-4.0,1,3,0,0,11,True
2025-2025041222gm-00a9-0000-8add91ad-00-s3-d8,35,A,1,19,"[24700,20100,30500,24700]",3,-4.0,1,3,4,0,13,True
2025-2025041222gm-00a9-0000-8add91ad-00-s3-d8,35,B,3,13,"[6400,43400,24200,26000]",2,4.0,1,3,0,0,8,True
2025-2025041222gm-00a9-0000-8add91ad-00-s3-d8,36,A,1,19,"[9000,30100,35900,25000]",3,-4.0,1,3,1,0,14,True
2025-2025041222gm-00a9-0000-8add91ad-00-s3-d8,36,B,3,13,"[34100,30900,32700,2300]",4,-10.0,1,3,0,0,11,True
2025-2025041222gm-00a9-0000-8add91ad-00-s3-d8,37,A,1,19,"[39000,21200,23600,16200]",4,-10.0,1,3,0,0,9,True
2025-2025041222gm-00a9-0000-8add91ad-00-s3-d8,37,B,3,13,"[39000,21200,23600,16200]",4,-10.0,1,3,0,0,9,True
2025-2025041222gm-00a9-0000-8add91ad-00-s3-d8,38,A,1,19,"[33900,34700,23300,8100]",4,-10.0,1,3,0,0,10,True
2025-2025041222gm-00a9-0000-8add91ad-00-s3-d8,38,B,3,13,"[3900,42900,40300,12900]",3,-4.0,1,3,0,0,9,True
2025-2025041222gm-00a9-0000-8add91ad-00-s3-d8,39,A,1,19,"[31700,19400,21300,27600]",2,4.0,1,3,0,0,11,True
2025-2025041222gm-00a9-0000-8add91ad-00-s3-d8,39,B,3,13,"[25700,44400,16600,13300]",4,-10.0,1,3,0,0,9,True
2025-2025041222gm-00a9-0000-8add91ad-00-s3-d8,40,A,1,19,"[15000,22700,24600,37700]",1,10.0,1,3,0,0,11,True
2025-2025041222gm-00a9-0000-8add91ad-00-s3-d8,40,B,3,13,"[37700,29200,18400,14700]",4,-10.0,1,3,1,0,10,True
2025-2025041222gm-00a9-0000-8add91ad-00-s3-d8,41,A,1,19,"[27800,25400,22900,22900]",4,-10.0,2,3,0,1,21,True
2025-2025041222gm-00a9-0000-8add91ad-00-s3-d8,41,B,3,13,"[41500,11300,27900,19300]",3,-4.0,1,3,0,0,10,True
2025-2025041222gm-00a9-0000-8add91ad-00-s3-d8,42,A,1,19,"[49300,9000,22300,19400]",3,-4.0,1,3,0,0,10,True
2025-2025041222gm-00a9-0000-8add91ad-00-s3-d8,42,B,3,13,"[33700,29400,7400,29500]",2,4.0,1,3,0,0,9,True
2025-2025041222gm-00a9-0000-8add91ad-00-s3-d8,43,A,1,19,"[23200,21100,39300,16400]",4,-10.0,1,3,1,0,13,True
2025-2025041222gm-00a9-0000-8add91ad-00-s3-d8,43,B,3,13,"[49600,7000,18600,24800]",2,4.0,1,3,0,0,11,True
2025-2025041222gm-00a9-0000-8add91ad-00-s3-d8,44,A,1,19,"[18000,9700,45500,26800]",2,4.0,1,3,0,0,9,True
2025-2025041222gm-00a9-0000-8add91ad-00-s3-d8,44,B,3,13,"[18000,9700,45500,26800]",2,4.0,1,3,0,0,9,True
2025-2025041222gm-00a9-0000-8add91ad-00-s3-d8,45,A,1,19,"[11400,26600,20400,41600]",1,10.0,1,3,0,0,12,True
2025-2025041222gm-00a9-0000-8add91ad-00-s3-d8,45,B,3,13,"[36800,8000,14800,40400]",1,10.0,1,3,0,0,12,True
2025-2025041222gm-00a9-0000-8add91ad-00-s3-d8,46,A,1,19,"[43800,13400,14400,28400]",2,4.0,1,3,0,0,13,True
2025-2025041222gm-00a9-0000-8add91ad-00-s3-d8,46,B,3,13,"[29100,37300,6100,27500]",3,-4.0,1,3,0,0,11,True
2025-2025041222gm-00a9-0000-8add91ad-00-s3-d8,47,A,1,19,"[14200,39400,25600,20800]",3,-4.0,1,3,0,0,11,True
2025-2025041222gm-00a9-0000-8add91ad-00-s3-d8,47,B,3,13,"[27800,24500,34200,13500]",4,-10.0,1,3,0,0,10,True
2025-2025041222gm-00a9-0000-8add91ad-00-s3-d8,48,A,1,19,"[19500,18600,42900,19000]",3,-4.0,1,3,0,0,9,True
2025-2025041222gm-00a9-0000-8add91ad-00-s3-d8,48,B,3,13,"[20600,13000,27800,38600]",1,10.0,1,3,0,0,9,True
2025-2025041222gm-00a9-0000-8add91ad-00-s3-d8,49,A,1,19,"[37600,25100,15600,21700]",3,-4.0,2,0,0,0,9,True
2025-2025041222gm-00a9-0000-8add91ad-00-s3-d8,49,B,3,13,"[37600,25100,15600,21700]",3,-4.0,2,0,0,0,9,True
2025-2025041222gm-00a9-0000-8add91ad-00-s3-d8,50,A,1,19,"[4100,36800,28200,30900]",2,4.0,1,3,0,0,8,True
2025-2025041222gm-00a9-0000-8add91ad-00-s3-d8,50,B,3,13,"[54800,46700,4100,-5600]",4,-10.0,1,3,0,0,10,True
2025-2025041222gm-00a9-0000-8add91ad-00-s3-d8,51,A,1,19,"[18500,38200,29400,13900]",4,-10.0,2,0,1,0,11,True
2025-2025041222gm-00a9-0000-8add91ad-00-s3-d8,51,B,3,13,"[7200,42000,29200,21600]",3,-4.0,1,3,0,0,9,True
2025-2025041222gm-00a9-0000-8add91ad-00-s3-d8,52,A,1,19,"[32200,11300,47300,9200]",4,-10.0,1,3,1,0,11,True
2025-2025041222gm-00a9-0000-8add91ad-00-s3-d8,52,B,3,13,"[22300,10900,60900,5900]",4,-10.0,1,3,0,0,9,True
2025-2025041222gm-00a9-0000-8add91ad-00-s3-d8,53,A,1,19,"[34000,3400,15900,46700]",1,10.0,1,3,0,0,11,True
2025-2025041222gm-00a9-0000-8add91ad-00-s3-d8,53,B,3,13,"[10700,28100,32200,29000]",2,4.0,1,3,0,0,10,True
2025-2025041222gm-00a9-0000-8add91ad-00-s3-d8,54,A,1,19,"[35900,19700,34500,9900]",4,-10.0,1,3,0,0,8,True
2025-2025041222gm-00a9-0000-8add91ad-00-s3-d8,54,B,3,13,"[30000,26600,25800,17600]",4,-10.0,1,3,0,0,12,True
2025-2025041222gm-00a9-0000-8add91ad-00-s3-d8,55,A,1,19,"[24600,39800,24700,10900]",4,-10.0,1,3,2,0,11,True
2025-2025041222gm-00a9-0000-8add91ad-00-s3-d8,55,B,3,13,"[36300,37200,18600,7900]",4,-10.0,1,3,1,0,12,True
2025-2025041222gm-00a9-0000-8add91ad-00-s3-d8,56,A,1,19,"[15700,32600,-2300,54000]",1,10.0,1,3,0,0,12,True
2025-2025041222gm-00a9-0000-8add91ad-00-s3-d8,56,B,3,13,"[19400,10900,43400,26300]",2,4.0,1,3,1,0,11,True
2025-2025041222gm-00a9-0000-8add91ad-00-s3-d8,57,A,1,19,"[26900,27600,500,45000]",1,10.0,1,3,0,0,10,True
2025-2025041222gm-00a9-0000-8add91ad-00-s3-d8,57,B,3,13,"[26900,27600,500,45000]",1,10.0,1,3,0,0,10,True
2025-2025041222gm-00a9-0000-8add91ad-00-s3-d8,58,A,1,19,"[30600,15900,17000,36500]",1,10.0,1,3,0,0,14,True
2025-2025041222gm-00a9-0000-8add91ad-00-s3-d8,58,B,3,13,"[13900,21200,19600,45300]",1,10.0,1,3,0,0,10,True
2025-2025041222gm-00a9-0000-8add91ad-00-s3-d8,59,A,1,19,"[-8200,49700,26200,32300]",2,4.0,1,1,0,0,9,True
2025-2025041222gm-00a9-0000-8add91ad-00-s3-d8,59,B,3,13,"[-8200,49700,26200,32300]",2,4.0,1,1,0,0,9,True
2025-2025041222gm-00a9-0000-8add91ad-00-s3-d8,60,A,1,19,"[31300,23100,12100,33500]",1,10.0,1,3,2,0,9,True
2025-2025041222gm-00a9-0000-8add91ad-00-s3-d8,60,B,3,13,"[36400,15800,24900,22900]",3,-4.0,1,3,0,0,9,True
2025-2025041222gm-00a9-0000-8add91ad-00-s3-d8,61,A,1,19,"[26000,10600,29200,34200]",1,10.0,1,3,0,0,11,True
2025-2025041222gm-00a9-0000-8add91ad-00-s3-d8,61,B,3,13,"[12400,31500,27800,28300]",2,4.0,1,3,0,0,10,True
2025-2025041222gm-00a9-0000-8add91ad-00-s3-d8,62,A,1,19,"[18200,35400,12300,34100]",2,4.0,1,3,0,0,10,True
2025-2025041222gm-00a9-0000-8add91ad-00-s3-d8,62,B,3,13,"[19900,25800,22500,31800]",1,10.0,1,3,0,0,10,True
2025-2025041222gm-00a9-0000-8add91ad-00-s3-d8,63,A,1,19,"[19400,8300,14900,57400]",1,10.0,1,3,0,0,11,True
2025-2025041222gm-00a9-0000-8add91ad-00-s3-d8,63,B,3,13,"[19400,26300,14600,39700]",1,10.0,1,3,0,0,11,True
2025-2025041222gm-00a9-0000-8add91ad-00-s3-d8,64,A,1,19,"[31300,28700,7800,32200]",1,10.0,1,3,0,0,8,True
2025-2025041222gm-00a9-0000-8add91ad-00-s3-d8,64,B,3,13,"[31300,28700,7800,32200]",1,10.0,1,3,0,0,8,True
2025-2025041222gm-00a9-0000-8add91ad-00-s3-d8,65,A,1,19,"[26100,36600,11100,26200]",2,4.0,1,3,1,0,11,True
2025-2025041222gm-00a9-0000-8add91ad-00-s3-d8,65,B,3,13,"[32400,3200,41600,22800]",3,-4.0,1,3,0,0,11,True
2025-2025041222gm-00a9-0000-8add91ad-00-s3-d8,66,A,1,19,"[-1600,30200,66500,4900]",3,-4.0,1,2,4,0,10,True
2025-2025041222gm-00a9-0000-8add91ad-00-s3-d8,66,B,3,13,"[7800,37600,56000,-1400]",4,-10.0,1,2,2,0,9,True
2025-2025041222gm-00a9-0000-8add91ad-00-s3-d8,67,A,1,19,"[500,22600,45100,31800]",2,4.0,1,3,2,0,11,True
2025-2025041222gm-00a9-0000-8add91ad-00-s3-d8,67,B,3,13,"[10700,28100,43700,17500]",3,-4.0,1,3,0,0,9,True
2025-2025041222gm-00a9-0000-8add91ad-00-s3-d8,68,A,1,19,"[32500,12800,25700,29000]",2,4.0,1,3,0,0,11,True
2025-2025041222gm-00a9-0000-8add91ad-00-s3-d8,68,B,3,13,"[32500,36600,26300,4600]",4,-10.0,1,3,0,0,10,True
2025-2025041222gm-00a9-0000-8add91ad-00-s3-d8,69,A,1,19,"[12900,48700,19400,19000]",3,-4.0,1,3,2,0,15,True
2025-2025041222gm-00a9-0000-8add91ad-00-s3-d8,69,B,3,13,"[25200,12600,32400,29800]",2,4.0,1,3,2,0,14,True
2025-2025041222gm-00a9-0000-8add91ad-00-s3-d8,70,A,1,19,"[12900,44600,5000,37500]",2,4.0,1,3,0,0,12,True
2025-2025041222gm-00a9-0000-8add91ad-00-s3-d8,70,B,3,13,"[12300,35100,43100,9500]",4,-10.0,1,3,0,0,14,True
2025-2025041222gm-00a9-0000-8add91ad-00-s3-d8,71,A,1,19,"[18000,31500,28000,22500]",3,-4.0,1,3,0,0,9,True
2025-2025041222gm-00a9-0000-8add91ad-00-s3-d8,71,B,3,13,"[20000,17300,32000,30700]",2,4.0,1,3,0,0,9,True
2025-2025041222gm-00a9-0000-8add91ad-00-s3-d8,72,A,1,19,"[20400,25300,16000,37300]",1,10.0,1,3,0,1,11,True
2025-2025041222gm-00a9-0000-8add91ad-00-s3-d8,72,B,3,13,"[40200,13500,12100,34200]",2,4.0,1,3,0,0,11,True
2025-2025041222gm-00a9-0000-8add91ad-00-s3-d8,73,A,1,19,"[44200,32700,-1300,24400]",3,-4.0,1,1,0,0,10,True
2025-2025041222gm-00a9-0000-8add91ad-00-s3-d8,73,B,3,13,"[44200,32700,-1300,24400]",3,-4.0,1,1,0,0,10,True
2025-2025041222gm-00a9-0000-8add91ad-00-s3-d8,74,A,1,19,"[34700,8600,10300,45400]",1,10.0,1,3,0,1,9,True
2025-2025041222gm-00a9-0000-8add91ad-00-s3-d8,74,B,3,13,"[34600,14200,15200,35000]",1,10.0,1,3,0,1,9,True
2025-2025041222gm-00a9-0000-8add91ad-00-s3-d8,75,A,1,19,"[33800,45600,13100,7500]",4,-10.0,1,3,0,0,11,True
2025-2025041222gm-00a9-0000-8add91ad-00-s3-d8,75,B,3,13,"[31400,18200,18700,31700]",1,10.0,1,3,0,0,9,True
2025-2025041222gm-00a9-0000-8add91ad-00-s3-d8,76,A,1,19,"[19900,34400,13200,32500]",2,4.0,1,3,0,0,15,True
2025-2025041222gm-00a9-0000-8add91ad-00-s3-d8,76,B,3,13,"[33200,10400,30400,26000]",3,-4.0,1,3,0,0,9,True
2025-2025041222gm-00a9-0000-8add91ad-00-s3-d8,77,A,1,19,"[30600,8900,30600,29900]",3,-4.0,1,3,0,0,9,True
2025-2025041222gm-00a9-0000-8add91ad-00-s3-d8,77,B,3,13,"[41600,1000,37500,19900]",3,-4.0,1,3,0,0,9,True
2025-2025041222gm-00a9-0000-8add91ad-00-s3-d8,78,A,1,19,"[27100,8900,30300,32700]",1,10.0,1,3,0,1,9,True
2025-2025041222gm-00a9-0000-8add91ad-00-s3-d8,78,B,3,13,"[15200,26500,24000,34300]",1,10.0,1,3,0,0,11,True
2025-2025041222gm-00a9-0000-8add91ad-00-s3-d8,79,A,1,19,"[37900,26500,27100,8500]",4,-10.0,1,3,0,0,9,True
2025-2025041222gm-00a9-0000-8add91ad-00-s3-d8,79,B,3,13,"[37700,34500,12700,15100]",3,-4.0,1,3,0,0,10,True
2025-2025041222gm-00a9-0000-8add91ad-00-s3-d8,80,A,1,19,"[34800,33100,20600,11500]",4,-10.0,1,3,1,0,9,True
2025-2025041222gm-00a9-0000-8add91ad-00-s3-d8,80,B,3,13,"[-1300,26800,44400,30100]",2,4.0,0,2,0,0,4,True
2025-2025041222gm-00a9-0000-8add91ad-00-s3-d8,81,A,1,19,"[16600,5300,52300,25800]",2,4.0,1,3,0,0,9,True
2025-2025041222gm-00a9-0000-8add91ad-00-s3-d8,81,B,3,13,"[16000,8700,57600,17700]",2,4.0,1,3,0,0,9,True
2025-2025041222gm-00a9-0000-8add91ad-00-s3-d8,82,A,1,19,"[16600,27300,22600,33500]",1,10.0,1,3,0,0,9,True
2025-2025041222gm-00a9-0000-8add91ad-00-s3-d8,82,B,3,13,"[50700,4900,-6500,50900]",1,10.0,1,3,0,0,11,True
2025-2025041222gm-00a9-0000-8add91ad-00-s3-d8,83,A,1,19,"[28500,18600,56000,-3100]",4,-10.0,1,0,0,0,6,True
2025-2025041222gm-00a9-0000-8add91ad-00-s3-d8,83,B,3,13,"[33800,40100,20300,5800]",4,-10.0,1,3,1,0,10,True
2025-2025041222gm-00a9-0000-8add91ad-00-s3-d8,84,A,1,19,"[36900,24700,39300,-900]",4,-10.0,1,2,0,0,9,True
2025-2025041222gm-00a9-0000-8add91ad-00-s3-d8,84,B,3,13,"[42300,25700,2400,29600]",2,4.0,1,3,0,0,15,True
2025-2025041222gm-00a9-0000-8add91ad-00-s3-d8,85,A,1,19,"[20000,11800,18400,49800]",1,10.0,1,3,0,0,12,True
2025-2025041222gm-00a9-0000-8add91ad-00-s3-d8,85,B,3,13,"[31300,18400,7200,43100]",1,10.0,1,3,0,0,12,True
2025-2025041222gm-00a9-0000-8add91ad-00-s3-d8,86,A,1,19,"[44700,6400,28100,20800]",3,-4.0,1,3,2,0,15,True
2025-2025041222gm-00a9-0000-8add91ad-00-s3-d8,86,B,3,13,"[41400,1000,25100,32500]",2,4.0,1,3,2,0,14,True
2025-2025041222gm-00a9-0000-8add91ad-00-s3-d8,87,A,1,19,"[35700,7200,19900,32200]",2,4.0,1,3,1,5,10,True
2025-2025041222gm-00a9-0000-8add91ad-00-s3-d8,87,B,3,13,"[35700,7200,19900,32200]",2,4.0,1,3,1,5,10,True
2025-2025041222gm-00a9-0000-8add91ad-00-s3-d8,88,A,1,19,"[5400,37600,34900,22100]",3,-4.0,1,3,0,0,10,True
2025-2025041222gm-00a9-0000-8add91ad-00-s3-d8,88,B,3,13,"[37800,23400,30200,8600]",4,-10.0,1,3,0,0,9,True
2025-2025041222gm-00a9-0000-8add91ad-00-s3-d8,89,A,1,19,"[31600,26000,20000,22400]",3,-4.0,2,0,0,0,12,True
2025-2025041222gm-00a9-0000-8add91ad-00-s3-d8,89,B,3,13,"[-200,19100,36000,45100]",1,10.0,1,3,0,0,10,True
2025-2025041222gm-00a9-0000-8add91ad-00-s3-d8,90,A,1,19,"[16100,39100,22400,22400]",3,-4.0,1,3,0,0,10,True
2025-2025041222gm-00a9-0000-8add91ad-00-s3-d8,90,B,3,13,"[40400,28300,1900,29400]",2,4.0,1,3,0,0,9,True
2025-2025041222gm-00a9-0000-8add91ad-00-s3-d8,91,A,1,19,"[22900,23500,30900,22700]",4,-10.0,1,3,0,0,8,True
2025-2025041222gm-00a9-0000-8add91ad-00-s3-d8,91,B,3,13,"[24400,19300,17700,38600]",1,10.0,1,3,0,0,8,True
2025-2025041222gm-00a9-0000-8add91ad-00-s3-d8,92,A,1,19,"[28800,34900,6200,30100]",2,4.0,1,3,0,0,10,True
2025-2025041222gm-00a9-0000-8add91ad-00-s3-d8,92,B,3,13,"[27700,40400,3900,28000]",2,4.0,1,3,2,0,10,True
2025-2025041222gm-00a9-0000-8add91ad-00-s3-d8,93,A,1,19,"[24500,24300,20600,30600]",1,10.0,1,3,0,0,9,True
2025-2025041222gm-00a9-0000-8add91ad-00-s3-d8,93,B,3,13,"[-500,38500,28800,33200]",2,4.0,1,3,0,0,11,True
2025-2025041222gm-00a9-0000-8add91ad-00-s3-d8,94,A,1,19,"[17100,8900,33500,40500]",1,10.0,1,3,0,0,11,True
2025-2025041222gm-00a9-0000-8add91ad-00-s3-d8,94,B,3,13,"[7700,10700,39700,41900]",1,10.0,1,3,0,0,12,True
2025-2025041222gm-00a9-0000-8add91ad-00-s3-d8,95,A,1,19,"[31300,22400,22700,23600]",2,4.0,1,3,0,0,9,True
2025-2025041222gm-00a9-0000-8add91ad-00-s3-d8,95,B,3,13,"[35100,31700,8200,25000]",3,-4.0,1,3,0,0,9,True
2025-2025041222gm-00a9-0000-8add91ad-00-s3-d8,96,A,1,19,"[13500,28300,26900,31300]",1,10.0,1,3,1,0,12,True
2025-2025041222gm-00a9-0000-8add91ad-00-s3-d8,96,B,3,13,"[19200,40300,10300,30200]",2,4.0,1,3,1,0,11,True
2025-2025041222gm-00a9-0000-8add91ad-00-s3-d8,97,A,1,19,"[3900,32700,36100,27300]",3,-4.0,1,3,0,0,10,True
2025-2025041222gm-00a9-0000-8add91ad-00-s3-d8,97,B,3,13,"[23700,18600,34900,22800]",3,-4.0,1,3,0,0,9,True
2025-2025041222gm-00a9-0000-8add91ad-00-s3-d8,98,A,1,19,"[40100,35400,4500,20000]",3,-4.0,1,3,0,0,13,True
2025-2025041222gm-00a9-0000-8add91ad-00-s3-d8,98,B,3,13,"[11200,30100,11600,46100]",1,10.0,1,3,0,1,11,True
2025-2025041222gm-00a9-0000-8add91ad-00-s3-d8,99,A,1,19,"[43200,-5800,33000,29600]",3,-4.0,1,3,0,0,9,True
2025-2025041222gm-00a9-0000-8add91ad-00-s3-d8,99,B,3,13,"[25600,24700,33400,16300]",4,-10.0,1,3,0,0,9,True
2025-2025041222gm-00a9-0000-8add91ad-00-s3-d8,100,A,1,19,"[29100,25500,7500,37900]",1,10.0,1,3,0,0,8,True
2025-2025041222gm-00a9-0000-8add91ad-00-s3-d8,100,B,3,13,"[15300,29400,31100,24200]",3,-4.0,1,3,0,0,9,True
2025-2025041222gm-00a9-0000-8add91ad-00-s3-d8,101,A,1,19,"[28200,14700,31100,26000]",3,-4.0,1,3,0,0,9,True
2025-2025041222gm-00a9-0000-8add91ad-00-s3-d8,101,B,3,13,"[51500,23100,22900,2500]",4,-10.0,1,3,1,0,11,True
2025-2025041222gm-00a9-0000-8add91ad-00-s3-d8,102,A,1,19,"[45500,21300,26400,6800]",4,-10.0,1,3,0,0,13,True
2025-2025041222gm-00a9-0000-8add91ad-00-s3-d8,102,B,3,13,"[42800,18600,19000,19600]",2,4.0,1,3,0,0,13,True
2025-2025041222gm-00a9-0000-8add91ad-00-s3-d8,103,A,1,19,"[38200,28500,12600,20700]",3,-4.0,1,3,1,0,12,True
2025-2025041222gm-00a9-0000-8add91ad-00-s3-d8,103,B,3,13,"[36500,26100,16600,20800]",3,-4.0,1,3,0,0,11,True
2025-2025041222gm-00a9-0000-8add91ad-00-s3-d8,104,A,1,19,"[18900,1400,37900,41800]",1,10.0,1,3,0,0,8,True
2025-2025041222gm-00a9-0000-8add91ad-00-s3-d8,104,B,3,13,"[19200,2400,37900,40500]",1,10.0,1,3,0,0,8,True
2025-2025041222gm-00a9-0000-8add91ad-00-s3-d8,105,A,1,19,"[18900,25300,36400,19400]",3,-4.0,1,3,2,0,13,True
2025-2025041222gm-00a9-0000-8add91ad-00-s3-d8,105,B,3,13,"[18900,25300,36400,19400]",3,-4.0,1,3,2,0,13,True
2025-2025041222gm-00a9-0000-8add91ad-00-s3-d8,106,A,1,19,"[37200,22800,16300,23700]",2,4.0,1,3,1,0,11,True
2025-2025041222gm-00a9-0000-8add91ad-00-s3-d8,106,B,3,13,"[52900,17400,11000,18700]",2,4.0,1,3,0,0,12,True
2025-2025041222gm-00a9-0000-8add91ad-00-s3-d8,107,A,1,19,"[46300,23800,10100,19800]",3,-4.0,1,3,0,0,10,True
2025-2025041222gm-00a9-0000-8add91ad-00-s3-d8,107,B,3,13,"[45300,22800,10100,21800]",3,-4.0,1,3,0,0,10,True
2025-2025041222gm-00a9-0000-8add91ad-00-s3-d8,108,A,1,19,"[34600,21700,25200,18500]",4,-10.0,1,3,0,0,10,True
2025-2025041222gm-00a9-0000-8add91ad-00-s3-d8,108,B,3,13,"[12600,17500,36700,33200]",2,4.0,1,3,0,0,11,True
2025-2025041222gm-00a9-0000-8add91ad-00-s3-d8,109,A,1,19,"[26900,44000,4000,25100]",3,-4.0,1,3,0,0,9,True
2025-2025041222gm-00a9-0000-8add91ad-00-s3-d8,109,B,3,13,"[51600,3100,19800,25500]",2,4.0,1,3,0,0,10,True
2025-2025041222gm-00a9-0000-8add91ad-00-s3-d8,110,A,1,19,"[-6100,57700,24200,24200]",3,-4.0,1,2,0,0,11,True
2025-2025041222gm-00a9-0000-8add91ad-00-s3-d8,110,B,3,13,"[-4900,40900,31900,32100]",2,4.0,1,0,0,0,7,True
2025-2025041222gm-00a9-0000-8add91ad-00-s3-d8,111,A,1,19,"[17200,18700,30400,33700]",1,10.0,1,3,0,0,13,True
2025-2025041222gm-00a9-0000-8add91ad-00-s3-d8,111,B,3,13,"[17200,18700,30400,33700]",1,10.0,1,3,0,0,13,True
2025-2025041222gm-00a9-0000-8add91ad-00-s3-d8,112,A,1,19,"[15500,51800,34500,-1800]",4,-10.0,1,2,0,0,8,True
2025-2025041222gm-00a9-0000-8add91ad-00-s3-d8,112,B,3,13,"[10900,54200,14500,20400]",2,4.0,1,3,0,0,10,True
2025-2025041222gm-00a9-0000-8add91ad-00-s3-d8,113,A,1,19,"[26100,30000,26000,17900]",4,-10.0,1,3,0,0,11,True
2025-2025041222gm-00a9-0000-8add91ad-00-s3-d8,113,B,3,13,"[10000,37700,18400,31900]",2,4.0,1,3,1,2,12,True
2025-2025041222gm-00a9-0000-8add91ad-00-s3-d8,114,A,1,19,"[22700,15700,26500,35100]",1,10.0,1,3,0,0,10,True
2025-2025041222gm-00a9-0000-8add91ad-00-s3-d8,114,B,3,13,"[18100,15800,46000,20100]",2,4.0,1,3,0,0,11,True
2025-2025041222gm-00a9-0000-8add91ad-00-s3-d8,115,A,1,19,"[22000,30600,23600,23800]",2,4.0,1,3,0,0,12,True
2025-2025041222gm-00a9-0000-8add91ad-00-s3-d8,115,B,3,13,"[24400,4200,33500,37900]",1,10.0,1,3,0,0,10,True
2025-2025041222gm-00a9-0000-8add91ad-00-s3-d8,116,A,1,19,"[30700,21900,35400,12000]",4,-10.0,1,3,0,0,8,True
2025-2025041222gm-00a9-0000-8add91ad-00-s3-d8,116,B,3,13,"[13400,24800,36200,25600]",2,4.0,1,3,0,0,9,True
2025-2025041222gm-00a9-0000-8add91ad-00-s3-d8,117,A,1,19,"[28800,29400,32600,9200]",4,-10.0,1,3,0,0,10,True
2025-2025041222gm-00a9-0000-8add91ad-00-s3-d8,117,B,3,13,"[36400,3100,39700,20800]",3,-4.0,1,3,1,0,11,True
2025-2025041222gm-00a9-0000-8add91ad-00-s3-d8,118,A,1,19,"[13200,42200,7200,37400]",2,4.0,1,3,0,0,11,True
2025-2025041222gm-00a9-0000-8add91ad-00-s3-d8,118,B,3,13,"[33800,17800,18400,30000]",2,4.0,1,3,0,0,9,True
2025-2025041222gm-00a9-0000-8add91ad-00-s3-d8,119,A,1,19,"[25500,19900,37300,17300]",4,-10.0,1,3,0,0,11,True
2025-2025041222gm-00a9-0000-8add91ad-00-s3-d8,119,B,3,13,"[7400,13200,20800,58600]",1,10.0,1,3,0,0,11,True
2025-2025041222gm-00a9-0000-8add91ad-00-s3-d8,120,A,1,19,"[19000,30600,17500,32900]",1,10.0,1,3,0,0,10,True
2025-2025041222gm-00a9-0000-8add91ad-00-s3-d8,120,B,3,13,"[9900,25000,38100,27000]",2,4.0,1,3,0,0,9,True
2025-2025041222gm-00a9-0000-8add91ad-00-s3-d8,121,A,1,19,"[-1800,32800,39000,30000]",3,-4.0,0,3,0,0,7,True
2025-2025041222gm-00a9-0000-8add91ad-00-s3-d8,121,B,3,13,"[30500,-600,32200,37900]",1,10.0,1,3,0,0,12,True
2025-2025041222gm-00a9-0000-8add91ad-00-s3-d8,122,A,1,19,"[13900,30100,29400,26600]",3,-4.0,1,3,1,0,12,True
2025-2025041222gm-00a9-0000-8add91ad-00-s3-d8,122,B,3,13,"[15200,12600,33600,36600]",1,10.0,1,3,0,2,13,True
2025-2025041222gm-00a9-0000-8add91ad-00-s3-d8,123,A,1,19,"[24100,20400,30400,24100]",3,-4.0,1,3,0,1,12,True
2025-2025041222gm-00a9-0000-8add91ad-00-s3-d8,123,B,3,13,"[24600,22000,19800,33600]",1,10.0,1,3,0,0,12,True
2025-2025041222gm-00a9-0000-8add91ad-00-s3-d8,124,A,1,19,"[17500,-4600,56900,30200]",2,4.0,1,2,5,0,15,True
2025-2025041222gm-00a9-0000-8add91ad-00-s3-d8,124,B,3,13,"[11400,23000,33300,32300]",2,4.0,1,3,0,0,13,True
2025-2025041222gm-00a9-0000-8add91ad-00-s3-d8,125,A,1,19,"[24200,10200,21900,43700]",1,10.0,1,3,0,0,12,True
2025-2025041222gm-00a9-0000-8add91ad-00-s3-d8,125,B,3,13,"[24200,10200,21900,43700]",1,10.0,1,3,0,0,12,True
2025-2025041222gm-00a9-0000-8add91ad-00-s3-d8,126,A,1,19,"[13500,32800,25500,28200]",2,4.0,1,3,1,0,11,True
2025-2025041222gm-00a9-0000-8add91ad-00-s3-d8,126,B,3,13,"[23000,20300,36600,20100]",4,-10.0,1,3,1,0,10,True
2025-2025041222gm-00a9-0000-8add91ad-00-s3-d8,127,A,1,19,"[39800,37700,17300,5200]",4,-10.0,1,3,0,0,11,True
2025-2025041222gm-00a9-0000-8add91ad-00-s3-d8,127,B,3,13,"[13000,24700,17200,45100]",1,10.0,1,3,0,0,8,True
2025-2025041222gm-00a9-0000-8add91ad-00-s3-d8,128,A,1,19,"[12500,56700,8300,22500]",2,4.0,1,3,1,0,15,True
2025-2025041222gm-00a9-0000-8add91ad-00-s3-d8,128,B,3,13,"[26000,46500,5800,21700]",3,-4.0,1,3,1,0,9,True
2025-2025041222gm-00a9-0000-8add91ad-00-s3-d8,129,A,1,19,"[21500,32600,26200,19700]",4,-10.0,1,3,0,0,11,True
2025-2025041222gm-00a9-0000-8add91ad-00-s3-d8,129,B,3,13,"[20200,31500,36400,11900]",4,-10.0,1,3,2,0,11,True
2025-2025041222gm-00a9-0000-8add91ad-00-s3-d8,130,A,1,19,"[11700,19100,48800,20400]",2,4.0,1,3,0,0,11,True
2025-2025041222gm-00a9-0000-8add91ad-00-s3-d8,130,B,3,13,"[21000,52300,22500,4200]",4,-10.0,1,3,0,0,11,True
2025-2025041222gm-00a9-0000-8add91ad-00-s3-d8,131,A,1,19,"[-6200,39300,23400,43500]",1,10.0,1,2,1,0,10,True
2025-2025041222gm-00a9-0000-8add91ad-00-s3-d8,131,B,3,13,"[-1200,38700,22500,40000]",1,10.0,1,0,1,0,7,True
2025-2025041222gm-00a9-0000-8add91ad-00-s3-d8,132,A,1,19,"[100,30100,57400,12400]",3,-4.0,1,3,0,0,12,True
2025-2025041222gm-00a9-0000-8add91ad-00-s3-d8,132,B,3,13,"[13600,23900,21600,40900]",1,10.0,1,3,0,0,10,True
2025-2025041222gm-00a9-0000-8add91ad-00-s3-d8,133,A,1,19,"[25800,8300,23700,42200]",1,10.0,1,3,0,0,9,True
2025-2025041222gm-00a9-0000-8add91ad-00-s3-d8,133,B,3,13,"[32300,8500,14500,44700]",1,10.0,1,3,0,0,9,True
2025-2025041222gm-00a9-0000-8add91ad-00-s3-d8,134,A,1,19,"[31400,21200,31100,16300]",4,-10.0,1,3,2,0,11,True
2025-2025041222gm-00a9-0000-8add91ad-00-s3-d8,134,B,3,13,"[44200,16600,26100,13100]",4,-10.0,1,3,0,0,10,True
2025-2025041222gm-00a9-0000-8add91ad-00-s3-d8,135,A,1,19,"[24000,5200,14600,56200]",1,10.0,1,3,0,0,9,True
2025-2025041222gm-00a9-0000-8add91ad-00-s3-d8,135,B,3,13,"[24000,5200,14600,56200]",1,10.0,1,3,0,0,9,True
2025-2025041222gm-00a9-0000-8add91ad-00-s3-d8,136,A,1,19,"[20400,44500,-7200,42300]",2,4.0,1,1,0,0,9,True
2025-2025041222gm-00a9-0000-8add91ad-00-s3-d8,136,B,3,13,"[15300,22600,23300,38800]",1,10.0,1,3,0,0,11,True
2025-2025041222gm-00a9-0000-8add91ad-00-s3-d8,137,A,1,19,"[16500,8400,21800,53300]",1,10.0,1,3,0,0,8,True
2025-2025041222gm-00a9-0000-8add91ad-00-s3-d8,137,B,3,13,"[8100,16800,30500,44600]",1,10.0,1,3,0,0,8,True
2025-2025041222gm-00a9-0000-8add91ad-00-s3-d8,138,A,1,19,"[50300,24900,36200,-11400]",4,-10.0,1,0,0,0,6,True
2025-2025041222gm-00a9-0000-8add91ad-00-s3-d8,138,B,3,13,"[36500,31500,32900,-900]",4,-10.0,0,3,0,0,5,True
2025-2025041222gm-00a9-0000-8add91ad-00-s3-d8,139,A,1,19,"[26100,16100,23000,34800]",1,10.0,2,0,6,0,10,True
2025-2025041222gm-00a9-0000-8add91ad-00-s3-d8,139,B,3,13,"[38000,27400,21200,13400]",4,-10.0,1,3,0,0,11,True
2025-2025041222gm-00a9-0000-8add91ad-00-s3-d8,140,A,1,19,"[43700,40900,7800,7600]",4,-10.0,1,3,2,0,13,True
2025-2025041222gm-00a9-0000-8add91ad-00-s3-d8,140,B,3,13,"[42700,46000,9500,1800]",4,-10.0,1,3,0,0,12,True
2025-2025041222gm-00a9-0000-8add91ad-00-s3-d8,141,A,1,19,"[20500,23600,33800,22100]",3,-4.0,1,3,0,0,10,True
2025-2025041222gm-00a9-0000-8add91ad-00-s3-d8,141,B,3,13,"[20400,17400,24500,37700]",1,10.0,1,3,0,0,10,True
2025-2025041222gm-00a9-0000-8add91ad-00-s3-d8,142,A,1,19,"[11700,59600,-200,28900]",2,4.0,1,3,1,0,14,True
2025-2025041222gm-00a9-0000-8add91ad-00-s3-d8,142,B,3,13,"[14300,44500,14700,26500]",2,4.0,1,3,0,0,9,True
2025-2025041222gm-00a9-0000-8add91ad-00-s3-d8,143,A,1,19,"[26900,20000,31600,21500]",3,-4.0,1,3,0,0,8,True
2025-2025041222gm-00a9-0000-8add91ad-00-s3-d8,143,B,3,13,"[23400,24300,30400,21900]",4,-10.0,2,1,0,0,11,True
2025-2025041222gm-00a9-0000-8add91ad-00-s3-d8,144,A,1,19,"[43900,16700,23100,16300]",4,-10.0,1,3,1,0,11,True
2025-2025041222gm-00a9-0000-8add91ad-00-s3-d8,144,B,3,13,"[31800,22400,13600,32200]",1,10.0,1,3,0,0,10,True
2025-2025041222gm-00a9-0000-8add91ad-00-s3-d8,145,A,1,19,"[26600,13600,26400,33400]",1,10.0,1,3,0,0,9,True
2025-2025041222gm-00a9-0000-8add91ad-00-s3-d8,145,B,3,13,"[48300,26600,3700,21400]",3,-4.0,1,3,0,0,10,True
2025-2025041222gm-00a9-0000-8add91ad-00-s3-d8,146,A,1,19,"[24300,40800,12900,22000]",3,-4.0,1,3,0,0,9,True
2025-2025041222gm-00a9-0000-8add91ad-00-s3-d8,146,B,3,13,"[35800,12900,9700,41600]",1,10.0,1,3,0,0,10,True
2025-2025041222gm-00a9-0000-8add91ad-00-s3-d8,147,A,1,19,"[37000,18000,32800,12200]",4,-10.0,1,3,1,0,11,True
2025-2025041222gm-00a9-0000-8add91ad-00-s3-d8,147,B,3,13,"[4600,17100,34000,44300]",1,10.0,1,3,0,0,10,True
2025-2025041222gm-00a9-0000-8add91ad-00-s3-d8,148,A,1,19,"[39400,23500,31800,5300]",4,-10.0,1,3,0,0,10,True
2025-2025041222gm-00a9-0000-8add91ad-00-s3-d8,148,B,3,13,"[41900,31400,15300,11400]",4,-10.0,1,3,0,0,12,True
2025-2025041222gm-00a9-0000-8add91ad-00-s3-d8,149,A,1,19,"[12100,6700,43400,37800]",2,4.0,1,3,0,0,13,True
2025-2025041222gm-00a9-0000-8add91ad-00-s3-d8,149,B,3,13,"[35800,21100,22200,20900]",4,-10.0,1,3,1,0,11,True
2025-2025041222gm-00a9-0000-8add91ad-00-s3-d8,150,A,1,19,"[9500,39800,17700,33000]",2,4.0,1,3,0,0,12,True
2025-2025041222gm-00a9-0000-8add91ad-00-s3-d8,150,B,3,13,"[30900,34300,18500,16300]",4,-10.0,1,3,0,0,12,True
2025-2025041222gm-00a9-0000-8add91ad-00-s3-d8,151,A,1,19,"[20900,20200,13700,45200]",1,10.0,1,3,0,0,12,True
2025-2025041222gm-00a9-0000-8add91ad-00-s3-d8,151,B,3,13,"[24200,17700,35600,22500]",3,-4.0,1,3,0,0,13,True
2025-2025041222gm-00a9-0000-8add91ad-00-s3-d8,152,A,1,19,"[40800,34200,14200,10800]",4,-10.0,1,3,0,0,9,True
2025-2025041222gm-00a9-0000-8add91ad-00-s3-d8,152,B,3,13,"[30400,34800,-5100,39900]",1,10.0,1,3,0,0,10,True
2025-2025041222gm-00a9-0000-8add91ad-00-s3-d8,153,A,1,19,"[19900,24700,31400,24000]",3,-4.0,1,3,0,0,10,True
2025-2025041222gm-00a9-0000-8add91ad-00-s3-d8,153,B,3,13,"[12400,30400,25100,32100]",1,10.0,1,3,0,0,10,True
2025-2025041222gm-00a9-0000-8add91ad-00-s3-d8,154,A,1,19,"[31200,5500,33400,29900]",3,-4.0,1,3,0,0,8,True
2025-2025041222gm-00a9-0000-8add91ad-00-s3-d8,154,B,3,13,"[19100,16700,34300,29900]",2,4.0,1,3,1,0,8,True
2025-2025041222gm-00a9-0000-8add91ad-00-s3-d8,155,A,1,19,"[27400,47600,5700,19300]",3,-4.0,1,3,0,0,8,True
2025-2025041222gm-00a9-0000-8add91ad-00-s3-d8,155,B,3,13,"[34000,40400,-1200,26800]",3,-4.0,1,3,2,0,10,True
2025-2025041222gm-00a9-0000-8add91ad-00-s3-d8,156,A,1,19,"[29900,30300,14300,25500]",3,-4.0,2,0,0,0,10,True
2025-2025041222gm-00a9-0000-8add91ad-00-s3-d8,156,B,3,13,"[29900,30300,14300,25500]",3,-4.0,2,0,0,0,10,True
2025-2025041222gm-00a9-0000-8add91ad-00-s3-d8,157,A,1,19,"[29400,32100,11300,27200]",3,-4.0,1,3,0,0,11,True
2025-2025041222gm-00a9-0000-8add91ad-00-s3-d8,157,B,3,13,"[23800,46500,1300,28400]",2,4.0,1,3,1,0,11,True
2025-2025041222gm-00a9-0000-8add91ad-00-s3-d8,158,A,1,19,"[6400,14300,38600,40700]",1,10.0,1,3,0,0,11,True
2025-2025041222gm-00a9-0000-8add91ad-00-s3-d8,158,B,3,13,"[22600,23100,20400,33900]",1,10.0,1,3,0,0,14,True
2025-2025041222gm-00a9-0000-8add91ad-00-s3-d8,159,A,1,19,"[24100,38800,17000,20100]",3,-4.0,1,3,0,0,10,True
2025-2025041222gm-00a9-0000-8add91ad-00-s3-d8,159,B,3,13,"[31700,32800,20000,15500]",4,-10.0,1,3,0,0,10,True
2025-2025041222gm-00a9-0000-8add91ad-00-s3-d8,160,A,1,19,"[34300,8100,9900,47700]",1,10.0,1,3,0,0,10,True
2025-2025041222gm-00a9-0000-8add91ad-00-s3-d8,160,B,3,13,"[27900,6200,32700,33200]",1,10.0,1,3,0,0,12,True
2025-2025041222gm-00a9-0000-8add91ad-00-s3-d8,161,A,1,19,"[48600,-1200,35800,16800]",3,-4.0,1,1,0,0,8,True
2025-2025041222gm-00a9-0000-8add91ad-00-s3-d8,161,B,3,13,"[51600,-200,38100,10500]",3,-4.0,1,1,0,0,8,True
2025-2025041222gm-00a9-0000-8add91ad-00-s3-d8,162,A,1,19,"[8300,14600,46800,30300]",2,4.0,1,3,0,0,10,True
2025-2025041222gm-00a9-0000-8add91ad-00-s3-d8,162,B,3,13,"[23600,-5100,65500,16000]",3,-4.0,1,0,0,0,8,True
2025-2025041222gm-00a9-0000-8add91ad-00-s3-d8,163,A,1,19,"[22400,19900,43900,13800]",4,-10.0,1,3,0,0,9,True
2025-2025041222gm-00a9-0000-8add91ad-00-s3-d8,163,B,3,13,"[22400,19900,43900,13800]",4,-10.0,1,3,0,0,9,True
2025-2025041222gm-00a9-0000-8add91ad-00-s3-d8,164,A,1,19,"[23200,22800,55400,-1400]",4,-10.0,1,2,0,0,10,True
2025-2025041222gm-00a9-0000-8add91ad-00-s3-d8,164,B,3,13,"[36900,9900,53800,-600]",4,-10.0,1,2,0,0,10,True
2025-2025041222gm-00a9-0000-8add91ad-00-s3-d8,165,A,1,19,"[21000,37500,15400,26100]",2,4.0,1,3,1,0,10,True
2025-2025041222gm-00a9-0000-8add91ad-00-s3-d8,165,B,3,13,"[7600,17500,36800,38100]",1,10.0,1,3,0,0,12,True
2025-2025041222gm-00a9-0000-8add91ad-00-s3-d8,166,A,1,19,"[32000,33800,4400,29800]",3,-4.0,1,3,0,0,13,True
2025-2025041222gm-00a9-0000-8add91ad-00-s3-d8,166,B,3,13,"[22700,26500,30800,20000]",4,-10.0,1,3,0,0,11,True
2025-2025041222gm-00a9-0000-8add91ad-00-s3-d8,167,A,1,19,"[16200,9700,26900,46200]",1,10.0,1,3,0,1,9,True
2025-2025041222gm-00a9-0000-8add91ad-00-s3-d8,167,B,3,13,"[17500,48600,14100,19800]",2,4.0,1,3,0,0,10,True
2025-2025041222gm-00a9-0000-8add91ad-00-s3-d8,168,A,1,19,"[31200,40900,39700,-11800]",4,-10.0,1,2,2,0,11,True
2025-2025041222gm-00a9-0000-8add91ad-00-s3-d8,168,B,3,13,"[23200,28200,31300,17300]",4,-10.0,1,3,0,0,10,True
2025-2025041222gm-00a9-0000-8add91ad-00-s3-d8,169,A,1,19,"[6900,33700,24300,35100]",1,10.0,1,3,0,0,10,True
2025-2025041222gm-00a9-0000-8add91ad-00-s3-d8,169,B,3,13,"[12800,10400,25700,51100]",1,10.0,1,3,0,0,10,True
2025-2025041222gm-00a9-0000-8add91ad-00-s3-d8,170,A,1,19,"[33200,23400,13000,28400]",2,4.0,1,3,0,2,10,True
2025-2025041222gm-00a9-0000-8add91ad-00-s3-d8,170,B,3,13,"[30400,9800,27100,32700]",1,10.0,1,3,0,0,12,True
2025-2025041222gm-00a9-0000-8add91ad-00-s3-d8,171,A,1,19,"[30300,30900,22300,16500]",4,-10.0,1,3,0,0,11,True
2025-2025041222gm-00a9-0000-8add91ad-00-s3-d8,171,B,3,13,"[30300,30900,22300,16500]",4,-10.0,1,3,0,0,11,True
2025-2025041222gm-00a9-0000-8add91ad-00-s3-d8,172,A,1,19,"[31000,46300,18900,3800]",4,-10.0,1,3,0,0,11,True
2025-2025041222gm-00a9-0000-8add91ad-00-s3-d8,172,B,3,13,"[23300,26200,39700,10800]",4,-10.0,1,3,0,0,11,True
2025-2025041222gm-00a9-0000-8add91ad-00-s3-d8,173,A,1,19,"[19000,41100,30200,9700]",4,-10.0,1,3,0,0,12,True
2025-2025041222gm-00a9-0000-8add91ad-00-s3-d8,173,B,3,13,"[25100,-2300,41600,35600]",2,4.0,1,2,2,0,10,True
2025-2025041222gm-00a9-0000-8add91ad-00-s3-d8,174,A,1,19,"[34900,15400,20500,29200]",2,4.0,1,3,0,0,10,True
2025-2025041222gm-00a9-0000-8add91ad-00-s3-d8,174,B,3,13,"[17400,30700,27700,24200]",3,-4.0,1,3,1,0,12,True
2025-2025041222gm-00a9-0000-8add91ad-00-s3-d8,175,A,1,19,"[6500,47000,25800,20700]",3,-4.0,1,3,2,0,11,True
2025-2025041222gm-00a9-0000-8add91ad-00-s3-d8,175,B,3,13,"[30100,-1100,28400,42600]",1,10.0,1,0,1,0,9,True
2025-2025041222gm-00a9-0000-8add91ad-00-s3-d8,176,A,1,19,"[9800,4400,42300,43500]",1,10.0,1,3,0,0,11,True
2025-2025041222gm-00a9-0000-8add91ad-00-s3-d8,176,B,3,13,"[17000,11700,34100,37200]",1,10.0,1,3,0,0,11,True
2025-2025041222gm-00a9-0000-8add91ad-00-s3-d8,177,A,1,19,"[26500,28700,14400,30400]",1,10.0,1,3,0,0,9,True
2025-2025041222gm-00a9-0000-8add91ad-00-s3-d8,177,B,3,13,"[34200,33700,9400,22700]",3,-4.0,1,3,0,0,11,True
2025-2025041222gm-00a9-0000-8add91ad-00-s3-d8,178,A,1,19,"[23000,22300,15000,39700]",1,10.0,1,3,0,0,13,True
2025-2025041222gm-00a9-0000-8add91ad-00-s3-d8,178,B,3,13,"[42500,34300,17400,5800]",4,-10.0,1,3,0,0,14,True
2025-2025041222gm-00a9-0000-8add91ad-00-s3-d8,179,A,1,19,"[31900,16200,16600,35300]",1,10.0,1,3,0,0,9,True
2025-2025041222gm-00a9-0000-8add91ad-00-s3-d8,179,B,3,13,"[39100,16700,33000,11200]",4,-10.0,1,3,0,0,9,True
2025-2025041222gm-00a9-0000-8add91ad-00-s3-d8,180,A,1,19,"[24600,16800,23200,35400]",1,10.0,1,3,0,0,9,True
2025-2025041222gm-00a9-0000-8add91ad-00-s3-d8,180,B,3,13,"[32800,11800,37900,17500]",3,-4.0,1,3,0,0,9,True
2025-2025041222gm-00a9-0000-8add91ad-00-s3-d8,181,A,1,19,"[25500,5500,46800,22200]",3,-4.0,1,3,1,0,12,True
2025-2025041222gm-00a9-0000-8add91ad-00-s3-d8,181,B,3,13,"[37600,12800,28300,21300]",3,-4.0,1,3,1,0,10,True
2025-2025041222gm-00a9-0000-8add91ad-00-s3-d8,182,A,1,19,"[1200,33400,22400,42000]",1,10.0,1,3,0,1,9,True
2025-2025041222gm-00a9-0000-8add91ad-00-s3-d8,182,B,3,13,"[1200,33400,22400,42000]",1,10.0,1,3,0,1,9,True
2025-2025041222gm-00a9-0000-8add91ad-00-s3-d8,183,A,1,19,"[16700,12400,19600,50300]",1,10.0,1,3,0,1,10,True
2025-2025041222gm-00a9-0000-8add91ad-00-s3-d8,183,B,3,13,"[13600,24400,30300,31700]",1,10.0,1,3,0,0,10,True
2025-2025041222gm-00a9-0000-8add91ad-00-s3-d8,184,A,1,19,"[43900,17700,7000,31400]",2,4.0,1,3,2,0,14,True
2025-2025041222gm-00a9-0000-8add91ad-00-s3-d8,184,B,3,13,"[30700,10300,22800,36200]",1,10.0,1,3,3,0,16,True
2025-2025041222gm-00a9-0000-8add91ad-00-s3-d8,185,A,1,19,"[33100,32000,24000,9900]",4,-10.0,1,3,1,1,10,True
2025-2025041222gm-00a9-0000-8add91ad-00-s3-d8,185,B,3,13,"[1100,35800,39300,23800]",3,-4.0,1,3,0,0,15,True
2025-2025041222gm-00a9-0000-8add91ad-00-s3-d8,186,A,1,19,"[9600,47300,25400,17700]",3,-4.0,1,3,0,0,10,True
2025-2025041222gm-00a9-0000-8add91ad-00-s3-d8,186,B,3,13,"[35000,27800,14600,21600]",3,-4.0,1,3,1,1,12,True
2025-2025041222gm-00a9-0000-8add91ad-00-s3-d8,187,A,1,19,"[4400,41100,15000,39500]",2,4.0,1,3,0,0,11,True
2025-2025041222gm-00a9-0000-8add91ad-00-s3-d8,187,B,3,13,"[18000,21200,22600,38200]",1,10.0,1,3,0,0,13,True
2025-2025041222gm-00a9-0000-8add91ad-00-s3-d8,188,A,1,19,"[30000,17000,27600,25400]",3,-4.0,1,3,0,0,8,True
2025-2025041222gm-00a9-0000-8add91ad-00-s3-d8,188,B,3,13,"[22500,17800,31500,28200]",2,4.0,2,3,2,0,13,True
2025-2025041222gm-00a9-0000-8add91ad-00-s3-d8,189,A,1,19,"[9900,33900,21500,34700]",1,10.0,1,3,2,0,9,True
2025-2025041222gm-00a9-0000-8add91ad-00-s3-d8,189,B,3,13,"[1500,36400,28500,32600]",2,4.0,1,3,0,1,10,True
2025-2025041222gm-00a9-0000-8add91ad-00-s3-d8,190,A,1,19,"[30500,27000,37100,5400]",4,-10.0,1,3,0,0,13,True
2025-2025041222gm-00a9-0000-8add91ad-00-s3-d8,190,B,3,13,"[23700,18400,16000,41900]",1,10.0,1,3,0,0,11,True
2025-2025041222gm-00a9-0000-8add91ad-00-s3-d8,191,A,1,19,"[23100,14700,35200,27000]",2,4.0,2,1,0,0,11,True
2025-2025041222gm-00a9-0000-8add91ad-00-s3-d8,191,B,3,13,"[23100,14700,35200,27000]",2,4.0,2,1,0,0,11,True
2025-2025041222gm-00a9-0000-8add91ad-00-s3-d8,192,A,1,19,"[35800,18200,20100,25900]",2,4.0,1,3,1,0,12,True
2025-2025041222gm-00a9-0000-8add91ad-00-s3-d8,192,B,3,13,"[26000,25500,14100,34400]",1,10.0,1,3,0,0,10,True
2025-2025041222gm-00a9-0000-8add91ad-00-s3-d8,193,A,1,19,"[12100,27200,16600,44100]",1,10.0,1,3,0,0,10,True
2025-2025041222gm-00a9-0000-8add91ad-00-s3-d8,193,B,3,13,"[20400,22700,22300,34600]",1,10.0,1,3,0,0,11,True
2025-2025041222gm-00a9-0000-8add91ad-00-s3-d8,194,A,1,19,"[25000,10400,23800,40800]",1,10.0,2,1,0,0,12,True
2025-2025041222gm-00a9-0000-8add91ad-00-s3-d8,194,B,3,13,"[15600,22200,15600,46600]",1,10.0,1,3,0,0,9,True
2025-2025041222gm-00a9-0000-8add91ad-00-s3-d8,195,A,1,19,"[23600,20200,30400,25800]",2,4.0,1,3,0,0,9,True
2025-2025041222gm-00a9-0000-8add91ad-00-s3-d8,195,B,3,13,"[17500,7400,43700,31400]",2,4.0,1,3,0,0,11,True
2025-2025041222gm-00a9-0000-8add91ad-00-s3-d8,196,A,1,19,"[13400,7500,32900,46200]",1,10.0,1,3,0,0,10,True
2025-2025041222gm-00a9-0000-8add91ad-00-s3-d8,196,B,3,13,"[24400,36700,16400,22500]",3,-4.0,1,3,0,0,8,True
2025-2025041222gm-00a9-0000-8add91ad-00-s3-d8,197,A,1,19,"[9700,27700,29500,33100]",1,10.0,1,3,0,0,11,True
2025-2025041222gm-00a9-0000-8add91ad-00-s3-d8,197,B,3,13,"[26900,18200,32600,22300]",3,-4.0,1,3,0,0,10,True
2025-2025041222gm-00a9-0000-8add91ad-00-s3-d8,198,A,1,19,"[-400,40400,35000,25000]",3,-4.0,1,3,0,0,12,True
2025-2025041222gm-00a9-0000-8add91ad-00-s3-d8,198,B,3,13,"[18000,2900,25000,54100]",1,10.0,1,3,0,0,11,True
2025-2025041222gm-00a9-0000-8add91ad-00-s3-d8,199,A,1,19,"[10900,19100,40100,28900]",2,4.0,1,3,0,1,8,True
2025-2025041222gm-00a9-0000-8add91ad-00-s3-d8,199,B,3,13,"[-2200,14700,40800,46700]",1,10.0,1,3,0,0,8,True
2025-2025041222gm-00a9-0000-8add91ad-00-s3-d8,200,A,1,19,"[23000,38600,10000,28400]",2,4.0,1,3,3,0,9,True
2025-2025041222gm-00a9-0000-8add91ad-00-s3-d8,200,B,3,13,"[23000,38600,10000,28400]",2,4.0,1,3,3,0,9,True
2025-2025041222gm-00a9-0000-8add91ad-00-s3-d8,201,A,1,19,"[43300,20200,8600,27900]",2,4.0,1,3,0,0,10,True
2025-2025041222gm-00a9-0000-8add91ad-00-s3-d8,201,B,3,13,"[16000,21200,29600,32200]",1,10.0,1,3,3,1,11,True
2025-2025041222gm-00a9-0000-8add91ad-00-s3-d8,202,A,1,19,"[37000,-300,35100,28200]",3,-4.0,1,1,0,0,7,True
2025-2025041222gm-00a9-0000-8add91ad-00-s3-d8,202,B,3,13,"[58700,-3500,7000,37800]",2,4.0,1,2,0,0,9,True
2025-2025041222gm-00a9-0000-8add91ad-00-s3-d8,203,A,1,19,"[7200,41300,11300,40200]",2,4.0,1,3,0,0,11,True
2025-2025041222gm-00a9-0000-8add91ad-00-s3-d8,203,B,3,13,"[21000,20800,37100,21100]",2,4.0,2,0,2,0,15,True
2025-2025041222gm-00a9-0000-8add91ad-00-s3-d8,204,A,1,19,"[17000,30800,24800,27400]",2,4.0,2,1,0,0,11,True
2025-2025041222gm-00a9-0000-8add91ad-00-s3-d8,204,B,3,13,"[25000,18100,20200,36700]",1,10.0,1,3,0,0,10,True
2025-2025041222gm-00a9-0000-8add91ad-00-s3-d8,205,A,1,19,"[3300,16800,37900,42000]",1,10.0,1,3,0,0,13,True
2025-2025041222gm-00a9-0000-8add91ad-00-s3-d8,205,B,3,13,"[36300,23800,17000,22900]",3,-4.0,1,3,0,0,10,True
2025-2025041222gm-00a9-0000-8add91ad-00-s3-d8,206,A,1,19,"[21700,38500,18800,21000]",3,-4.0,1,3,0,0,12,True
2025-2025041222gm-00a9-0000-8add91ad-00-s3-d8,206,B,3,13,"[27800,37800,9200,25200]",3,-4.0,1,3,0,0,14,True
2025-2025041222gm-00a9-0000-8add91ad-00-s3-d8,207,A,1,19,"[16100,5000,51300,27600]",2,4.0,1,3,2,0,17,True
2025-2025041222gm-00a9-0000-8add91ad-00-s3-d8,207,B,3,13,"[35900,9100,14100,40900]",1,10.0,1,3,1,0,12,True
2025-2025041222gm-00a9-0000-8add91ad-00-s3-d8,208,A,1,19,"[22100,21400,11800,44700]",1,10.0,1,3,0,0,11,True
2025-2025041222gm-00a9-0000-8add91ad-00-s3-d8,208,B,3,13,"[23200,15800,8000,53000]",1,10.0,1,3,0,0,11,True
2025-2025041222gm-00a9-0000-8add91ad-00-s3-d8,209,A,1,19,"[12000,23600,24000,40400]",1,10.0,1,3,0,0,9,True
2025-2025041222gm-00a9-0000-8add91ad-00-s3-d8,209,B,3,13,"[25600,18800,20100,33500]",1,10.0,1,3,0,2,8,True
2025-2025041222gm-00a9-0000-8add91ad-00-s3-d8,210,A,1,19,"[26200,20300,34500,19000]",4,-10.0,1,3,0,0,10,True
2025-2025041222gm-00a9-0000-8add91ad-00-s3-d8,210,B,3,13,"[14600,24400,33100,27900]",2,4.0,1,3,1,0,10,True
2025-2025041222gm-00a9-0000-8add91ad-00-s3-d8,211,A,1,19,"[29600,6900,27600,35900]",1,10.0,1,3,0,0,10,True
2025-2025041222gm-00a9-0000-8add91ad-00-s3-d8,211,B,3,13,"[29100,13700,23500,33700]",1,10.0,1,3,2,0,11,True
2025-2025041222gm-00a9-0000-8add91ad-00-s3-d8,212,A,1,19,"[27700,25100,35200,12000]",4,-10.0,1,3,1,0,11,True
2025-2025041222gm-00a9-0000-8add91ad-00-s3-d8,212,B,3,13,"[30700,11800,36300,20200]",3,-4.0,1,3,0,1,10,True
2025-2025041222gm-00a9-0000-8add91ad-00-s3-d8,213,A,1,19,"[34900,34800,8500,21800]",3,-4.0,1,3,0,0,11,True
2025-2025041222gm-00a9-0000-8add91ad-00-s3-d8,213,B,3,13,"[16300,27600,34500,21600]",3,-4.0,1,3,0,0,10,True
2025-2025041222gm-00a9-0000-8add91ad-00-s3-d8,214,A,1,19,"[18900,19100,41500,20500]",2,4.0,1,3,0,0,9,True
2025-2025041222gm-00a9-0000-8add91ad-00-s3-d8,214,B,3,13,"[21800,16400,33300,28500]",2,4.0,1,3,1,0,10,True
2025-2025041222gm-00a9-0000-8add91ad-00-s3-d8,215,A,1,19,"[6300,24700,38800,30200]",2,4.0,1,3,2,0,13,True
2025-2025041222gm-00a9-0000-8add91ad-00-s3-d8,215,B,3,13,"[18400,23500,25700,32400]",1,10.0,1,3,0,0,11,True
2025-2025041222gm-00a9-0000-8add91ad-00-s3-d8,216,A,1,19,"[44200,-7200,34300,28700]",3,-4.0,1,2,0,0,9,True
2025-2025041222gm-00a9-0000-8add91ad-00-s3-d8,216,B,3,13,"[36700,-2000,40100,25200]",3,-4.0,1,2,2,0,9,True
2025-2025041222gm-00a9-0000-8add91ad-00-s3-d8,217,A,1,19,"[28500,21700,6900,42900]",1,10.0,1,3,0,0,10,True
2025-2025041222gm-00a9-0000-8add91ad-00-s3-d8,217,B,3,13,"[25200,9700,16500,48600]",1,10.0,1,3,0,0,9,True
2025-2025041222gm-00a9-0000-8add91ad-00-s3-d8,218,A,1,19,"[37300,28400,43000,-8700]",4,-10.0,1,2,0,0,8,True
2025-2025041222gm-00a9-0000-8add91ad-00-s3-d8,218,B,3,13,"[27800,25000,7400,39800]",1,10.0,1,3,0,0,9,True
2025-2025041222gm-00a9-0000-8add91ad-00-s3-d8,219,A,1,19,"[27300,21400,15500,35800]",1,10.0,1,3,0,0,12,True
2025-2025041222gm-00a9-0000-8add91ad-00-s3-d8,219,B,3,13,"[27300,21400,15500,35800]",1,10.0,1,3,0,0,12,True
2025-2025041222gm-00a9-0000-8add91ad-00-s3-d8,220,A,1,19,"[30300,4900,31000,33800]",1,10.0,1,3,0,0,10,True
2025-2025041222gm-00a9-0000-8add91ad-00-s3-d8,220,B,3,13,"[6900,44400,34000,14700]",3,-4.0,1,3,0,0,12,True
2025-2025041222gm-00a9-0000-8add91ad-00-s3-d8,221,A,1,19,"[18500,21800,28900,30800]",1,10.0,1,3,0,0,9,True
2025-2025041222gm-00a9-0000-8add91ad-00-s3-d8,221,B,3,13,"[37000,26400,21000,15600]",4,-10.0,1,3,1,0,10,True
2025-2025041222gm-00a9-0000-8add91ad-00-s3-d8,222,A,1,19,"[24500,23200,15300,37000]",1,10.0,1,3,0,0,8,True
2025-2025041222gm-00a9-0000-8add91ad-00-s3-d8,222,B,3,13,"[30500,25300,12500,31700]",1,10.0,1,3,0,0,9,True
2025-2025041222gm-00a9-0000-8add91ad-00-s3-d8,223,A,1,19,"[45000,10900,34000,9100]",4,-10.0,1,3,1,1,15,True
2025-2025041222gm-00a9-0000-8add91ad-00-s3-d8,223,B,3,13,"[700,48400,12700,38200]",2,4.0,1,3,0,0,13,True
2025-2025041222gm-00a9-0000-8add91ad-00-s3-d8,224,A,1,19,"[19500,16800,26900,36800]",1,10.0,1,3,0,0,11,True
2025-2025041222gm-00a9-0000-8add91ad-00-s3-d8,224,B,3,13,"[19500,16800,26900,36800]",1,10.0,1,3,0,0,11,True
2025-2025041222gm-00a9-0000-8add91ad-00-s3-d8,225,A,1,19,"[43000,36200,6200,14600]",3,-4.0,1,3,2,0,14,True
2025-2025041222gm-00a9-0000-8add91ad-00-s3-d8,225,B,3,13,"[59600,10300,11300,18800]",2,4.0,1,3,0,0,9,True
2025-2025041222gm-00a9-0000-8add91ad-00-s3-d8,226,A,1,19,"[29700,21400,17300,31600]",1,10.0,1,3,0,0,9,True
2025-2025041222gm-00a9-0000-8add91ad-00-s3-d8,226,B,3,13,"[32300,-6300,32000,42000]",1,10.0,1,1,0,0,6,True
2025-2025041222gm-00a9-0000-8add91ad-00-s3-d8,227,A,1,19,"[19700,45100,20300,14900]",4,-10.0,1,3,0,0,9,True
2025-2025041222gm-00a9-0000-8add91ad-00-s3-d8,227,B,3,13,"[24000,53000,14900,8100]",4,-10.0,1,3,1,0,9,True
2025-2025041222gm-00a9-0000-8add91ad-00-s3-d8,228,A,1,19,"[4200,22100,41000,32700]",2,4.0,1,3,0,0,12,True
2025-2025041222gm-00a9-0000-8add91ad-00-s3-d8,228,B,3,13,"[43800,15300,-1800,42700]",2,4.0,1,1,1,0,10,True
2025-2025041222gm-00a9-0000-8add91ad-00-s3-d8,229,A,1,19,"[24900,42500,25100,7500]",4,-10.0,1,3,0,0,11,True
2025-2025041222gm-00a9-0000-8add91ad-00-s3-d8,229,B,3,13,"[21900,17600,49100,11400]",4,-10.0,1,3,0,0,11,True
2025-2025041222gm-00a9-0000-8add91ad-00-s3-d8,230,A,1,19,"[20500,19100,9600,50800]",1,10.0,1,3,0,0,10,True
2025-2025041222gm-00a9-0000-8add91ad-00-s3-d8,230,B,3,13,"[10300,23200,4900,61600]",1,10.0,1,3,0,0,9,True
2025-2025041222gm-00a9-0000-8add91ad-00-s3-d8,231,A,1,19,"[20500,32400,19600,27500]",2,4.0,1,3,0,0,11,True
2025-2025041222gm-00a9-0000-8add91ad-00-s3-d8,231,B,3,13,"[19700,23600,35200,21500]",3,-4.0,2,1,0,0,13,True
2025-2025041222gm-00a9-0000-8add91ad-00-s3-d8,232,A,1,19,"[38100,8800,20200,32900]",2,4.0,1,3,0,0,12,True
2025-2025041222gm-00a9-0000-8add91ad-00-s3-d8,232,B,3,13,"[22400,18500,32500,26600]",2,4.0,1,3,0,0,13,True
2025-2025041222gm-00a9-0000-8add91ad-00-s3-d8,233,A,1,19,"[24700,3300,39000,33000]",2,4.0,1,3,0,0,9,True
2025-2025041222gm-00a9-0000-8add91ad-00-s3-d8,233,B,3,13,"[40700,30000,16800,12500]",4,-10.0,1,3,0,0,8,True
2025-2025041222gm-00a9-0000-8add91ad-00-s3-d8,234,A,1,19,"[-7400,30000,38000,39400]",1,10.0,0,3,0,0,5,True
2025-2025041222gm-00a9-0000-8add91ad-00-s3-d8,234,B,3,13,"[11900,8700,30500,47900]",1,10.0,1,3,0,1,9,True
2025-2025041222gm-00a9-0000-8add91ad-00-s3-d8,235,A,1,19,"[48200,15100,22900,13800]",4,-10.0,1,3,0,0,10,True
2025-2025041222gm-00a9-0000-8add91ad-00-s3-d8,235,B,3,13,"[44900,1200,33200,20700]",3,-4.0,1,3,0,0,9,True
2025-2025041222gm-00a9-0000-8add91ad-00-s3-d8,236,A,1,19,"[21300,34900,24100,19700]",4,-10.0,1,3,0,0,12,True
2025-2025041222gm-00a9-0000-8add91ad-00-s3-d8,236,B,3,13,"[2600,24500,41700,31200]",2,4.0,1,3,1,0,13,True
2025-2025041222gm-00a9-0000-8add91ad-00-s3-d8,237,A,1,19,"[20300,36100,37800,5800]",4,-10.0,1,3,0,0,11,True
2025-2025041222gm-00a9-0000-8add91ad-00-s3-d8,237,B,3,13,"[4500,36900,45600,13000]",3,-4.0,1,3,0,0,10,True
2025-2025041222gm-00a9-0000-8add91ad-00-s3-d8,238,A,1,19,"[8600,44700,10300,36400]",2,4.0,1,3,0,0,12,True
2025-2025041222gm-00a9-0000-8add91ad-00-s3-d8,238,B,3,13,"[26500,39200,-400,34700]",2,4.0,1,2,1,0,11,True
2025-2025041222gm-00a9-0000-8add91ad-00-s3-d8,239,A,1,19,"[57700,6700,11600,24000]",2,4.0,1,3,0,0,11,True
2025-2025041222gm-00a9-0000-8add91ad-00-s3-d8,239,B,3,13,"[18200,34500,18300,29000]",2,4.0,2,0,1,0,12,True
2025-2025041222gm-00a9-0000-8add91ad-00-s3-d8,240,A,1,19,"[38500,22400,10300,28800]",2,4.0,1,3,1,0,13,True
2025-2025041222gm-00a9-0000-8add91ad-00-s3-d8,240,B,3,13,"[8800,15400,15700,60100]",1,10.0,1,3,0,0,12,True
2025-2025041222gm-00a9-0000-8add91ad-00-s3-d8,241,A,1,19,"[25300,24400,30100,20200]",4,-10.0,1,3,0,0,13,True
2025-2025041222gm-00a9-0000-8add91ad-00-s3-d8,241,B,3,13,"[37000,28500,10100,24400]",3,-4.0,1,3,0,0,12,True
2025-2025041222gm-00a9-0000-8add91ad-00-s3-d8,242,A,1,19,"[46300,22100,21900,9700]",4,-10.0,1,3,0,0,12,True
2025-2025041222gm-00a9-0000-8add91ad-00-s3-d8,242,B,3,13,"[39800,28900,32800,-1500]",4,-10.0,1,1,0,0,10,True
2025-2025041222gm-00a9-0000-8add91ad-00-s3-d8,243,A,1,19,"[17300,22900,33000,25800]",2,4.0,1,3,3,1,13,True
2025-2025041222gm-00a9-0000-8add91ad-00-s3-d8,243,B,3,13,"[40600,19500,22200,17700]",4,-10.0,1,3,1,0,11,True
2025-2025041222gm-00a9-0000-8add91ad-00-s3-d8,244,A,1,19,"[45900,29900,-5500,29700]",3,-4.0,1,0,1,0,7,True
2025-2025041222gm-00a9-0000-8add91ad-00-s3-d8,244,B,3,13,"[22800,15200,25200,35800]",1,10.0,1,3,0,1,11,True
2025-2025041222gm-00a9-0000-8add91ad-00-s3-d8,245,A,1,19,"[31300,-100,30700,38100]",1,10.0,1,1,2,0,7,True
2025-2025041222gm-00a9-0000-8add91ad-00-s3-d8,245,B,3,13,"[-6400,40000,30300,36100]",2,4.0,0,3,1,0,6,True
2025-2025041222gm-00a9-0000-8add91ad-00-s3-d8,246,A,1,19,"[22400,26600,15300,35700]",1,10.0,1,3,0,0,8,True
2025-2025041222gm-00a9-0000-8add91ad-00-s3-d8,246,B,3,13,"[27100,18800,8900,45200]",1,10.0,1,3,0,0,8,True
2025-2025041222gm-00a9-0000-8add91ad-00-s3-d8,247,A,1,19,"[24900,22700,37900,14500]",4,-10.0,1,3,0,0,10,True
2025-2025041222gm-00a9-0000-8add91ad-00-s3-d8,247,B,3,13,"[35900,24100,20400,19600]",4,-10.0,1,3,3,0,12,True
2025-2025041222gm-00a9-0000-8add91ad-00-s3-d8,248,A,1,19,"[20000,15600,24000,40400]",1,10.0,1,3,0,0,9,True
2025-2025041222gm-00a9-0000-8add91ad-00-s3-d8,248,B,3,13,"[20000,15600,24000,40400]",1,10.0,1,3,0,0,9,True
2025-2025041222gm-00a9-0000-8add91ad-00-s3-d8,249,A,1,19,"[24400,35400,20600,19600]",4,-10.0,1,3,0,0,9,True
2025-2025041222gm-00a9-0000-8add91ad-00-s3-d8,249,B,3,13,"[30000,32600,14100,23300]",3,-4.0,1,3,1,0,8,True
2025-2025041222gm-00a9-0000-8add91ad-00-s3-d8,250,A,1,19,"[29500,39400,25300,5800]",4,-10.0,1,3,0,0,11,True
2025-2025041222gm-00a9-0000-8add91ad-00-s3-d8,250,B,3,13,"[29500,39400,25300,5800]",4,-10.0,1,3,0,0,11,True
2025-2025041222gm-00a9-0000-8add91ad-00-s3-d8,251,A,1,19,"[14500,37700,22900,23900]",2,4.0,1,3,0,1,9,True
2025-2025041222gm-00a9-0000-8add91ad-00-s3-d8,251,B,3,13,"[46400,30700,8400,14500]",3,-4.0,1,3,0,0,9,True
2025-2025041222gm-00a9-0000-8add91ad-00-s3-d8,252,A,1,19,"[42100,24800,19500,13600]",4,-10.0,1,3,0,0,9,True
2025-2025041222gm-00a9-0000-8add91ad-00-s3-d8,252,B,3,13,"[39000,9400,6800,44800]",1,10.0,1,3,0,0,10,True
2025-2025041222gm-00a9-0000-8add91ad-00-s3-d8,253,A,1,19,"[25800,14000,33400,26800]",2,4.0,2,0,0,0,13,True
2025-2025041222gm-00a9-0000-8add91ad-00-s3-d8,253,B,3,13,"[4200,32900,32300,30600]",3,-4.0,1,3,2,0,11,True
2025-2025041222gm-00a9-0000-8add91ad-00-s3-d8,254,A,1,19,"[26400,16500,30300,26800]",2,4.0,1,3,0,0,9,True
2025-2025041222gm-00a9-0000-8add91ad-00-s3-d8,254,B,3,13,"[26400,16500,30300,26800]",2,4.0,1,3,0,0,9,True
2025-2025041222gm-00a9-0000-8add91ad-00-s3-d8,255,A,1,19,"[42200,13200,16800,27800]",2,4.0,1,3,0,0,8,True
2025-2025041222gm-00a9-0000-8add91ad-00-s3-d8,255,B,3,13,"[36100,19500,15100,29300]",2,4.0,1,3,1,0,10,True
2025-2025041619gm-00a9-0000-31ca159b-01-s2-d19,0,A,1,1,"[24900,42400,7200,25500]",4,-10.0,1,3,0,0,8,True
2025-2025041619gm-00a9-0000-31ca159b-01-s2-d19,0,B,4,35,"[24900,42400,7200,25500]",4,-10.0,1,3,0,0,8,True
2025-2025041619gm-00a9-0000-31ca159b-01-s2-d19,1,A,1,1,"[30400,18500,36000,15100]",1,10.0,1,3,0,0,8,True
2025-2025041619gm-00a9-0000-31ca159b-01-s2-d19,1,B,4,35,"[35700,15500,27600,21200]",2,4.0,1,3,0,0,10,True
2025-2025041619gm-00a9-0000-31ca159b-01-s2-d19,2,A,1,1,"[21300,29600,32000,17100]",1,10.0,1,3,1,0,11,True
2025-2025041619gm-00a9-0000-31ca159b-01-s2-d19,2,B,4,35,"[15600,27000,48500,8900]",1,10.0,1,3,1,0,7,True
2025-2025041619gm-00a9-0000-31ca159b-01-s2-d19,3,A,1,1,"[30400,37300,11800,20500]",4,-10.0,1,3,0,0,7,True
2025-2025041619gm-00a9-0000-31ca159b-01-s2-d19,3,B,4,35,"[26300,34900,20600,18200]",3,-4.0,1,3,0,0,9,True
2025-2025041619gm-00a9-0000-31ca159b-01-s2-d19,4,A,1,1,"[16200,54400,4700,24700]",4,-10.0,1,3,3,0,11,True
2025-2025041619gm-00a9-0000-31ca159b-01-s2-d19,4,B,4,35,"[18300,42500,26400,12800]",2,4.0,1,3,1,0,9,True
2025-2025041619gm-00a9-0000-31ca159b-01-s2-d19,5,A,1,1,"[44000,1500,41100,13400]",2,4.0,1,3,0,0,9,True
2025-2025041619gm-00a9-0000-31ca159b-01-s2-d19,5,B,4,35,"[24800,29500,37700,8000]",1,10.0,1,3,0,0,7,True
2025-2025041619gm-00a9-0000-31ca159b-01-s2-d19,6,A,1,1,"[37600,39500,8200,14700]",4,-10.0,1,3,0,0,9,True
2025-2025041619gm-00a9-0000-31ca159b-01-s2-d19,6,B,4,35,"[10700,58400,18900,12000]",2,4.0,1,3,0,0,9,True
2025-2025041619gm-00a9-0000-31ca159b-01-s2-d19,7,A,1,1,"[29300,12900,27500,30300]",3,-4.0,2,0,0,0,14,True
2025-2025041619gm-00a9-0000-31ca159b-01-s2-d19,7,B,4,35,"[29500,-300,23300,47500]",3,-4.0,1,0,2,0,7,True
2025-2025041619gm-00a9-0000-31ca159b-01-s2-d19,8,A,1,1,"[23500,19800,34500,22200]",1,10.0,2,1,2,0,10,True
2025-2025041619gm-00a9-0000-31ca159b-01-s2-d19,8,B,4,35,"[23500,19800,34500,22200]",1,10.0,2,1,2,0,10,True
2025-2025041619gm-00a9-0000-31ca159b-01-s2-d19,9,A,1,1,"[41900,32800,19200,6100]",3,-4.0,1,3,0,0,9,True
2025-2025041619gm-00a9-0000-31ca159b-01-s2-d19,9,B,4,35,"[32900,33300,9500,24300]",4,-10.0,1,3,0,0,8,True
2025-2025041619gm-00a9-0000-31ca159b-01-s2-d19,10,A,1,1,"[28600,3500,32600,35300]",2,4.0,1,3,4,0,11,True
2025-2025041619gm-00a9-0000-31ca159b-01-s2-d19,10,B,4,35,"[28600,3500,32600,35300]",2,4.0,1,3,4,0,11,True
2025-2025041619gm-00a9-0000-31ca159b-01-s2-d19,11,A,1,1,"[44500,8900,21000,25600]",3,-4.0,1,3,0,0,8,True
2025-2025041619gm-00a9-0000-31ca159b-01-s2-d19,11,B,4,35,"[26800,10000,28800,34400]",2,4.0,1,3,1,0,10,True
2025-2025041619gm-00a9-0000-31ca159b-01-s2-d19,12,A,1,1,"[28000,44000,10200,17800]",4,-10.0,1,3,0,0,8,True
2025-2025041619gm-00a9-0000-31ca159b-01-s2-d19,12,B,4,35,"[28000,44000,10200,17800]",4,-10.0,1,3,0,0,8,True
2025-2025041619gm-00a9-0000-31ca159b-01-s2-d19,13,A,1,1,"[19900,33700,36900,9500]",1,10.0,1,3,3,0,9,True
2025-2025041619gm-00a9-0000-31ca159b-01-s2-d19,13,B,4,35,"[19900,33700,36900,9500]",1,10.0,1,3,3,0,9,True
2025-2025041619gm-00a9-0000-31ca159b-01-s2-d19,14,A,1,1,"[38400,-100,51000,10700]",1,10.0,1,0,1,0,6,True
2025-2025041619gm-00a9-0000-31ca159b-01-s2-d19,14,B,4,35,"[38400,-100,51000,10700]",1,10.0,1,0,1,0,6,True
2025-2025041619gm-00a9-0000-31ca159b-01-s2-d19,15,A,1,1,"[22700,19700,41600,16000]",1,10.0,1,3,2,0,10,True
2025-2025041619gm-00a9-0000-31ca159b-01-s2-d19,15,B,4,35,"[23900,26000,43300,6800]",1,10.0,1,3,1,0,10,True
2025-2025041619gm-00a9-0000-31ca159b-01-s2-d19,16,A,1,1,"[21700,36700,17900,23700]",4,-10.0,1,3,1,0,10,True
2025-2025041619gm-00a9-0000-31ca159b-01-s2-d19,16,B,4,35,"[21200,21800,30100,26900]",1,10.0,1,3,1,0,10,True
2025-2025041619gm-00a9-0000-31ca159b-01-s2-d19,17,A,1,1,"[21600,20000,27100,30300]",2,4.0,1,3,0,1,7,True
2025-2025041619gm-00a9-0000-31ca159b-01-s2-d19,17,B,4,35,"[23500,19000,24900,32600]",2,4.0,1,3,0,0,7,True
2025-2025041619gm-00a9-0000-31ca159b-01-s2-d19,18,A,1,1,"[31100,40800,5400,22700]",4,-10.0,1,3,0,0,14,True
2025-2025041619gm-00a9-0000-31ca159b-01-s2-d19,18,B,4,35,"[31400,30100,27300,11200]",3,-4.0,1,3,0,0,11,True
2025-2025041619gm-00a9-0000-31ca159b-01-s2-d19,19,A,1,1,"[25200,-2100,62000,14900]",1,10.0,1,2,1,0,8,True
2025-2025041619gm-00a9-0000-31ca159b-01-s2-d19,19,B,4,35,"[25200,-2100,62000,14900]",1,10.0,1,2,1,0,8,True
2025-2025041619gm-00a9-0000-31ca159b-01-s2-d19,20,A,1,1,"[13400,26000,24700,35900]",3,-4.0,2,1,0,0,12,True
2025-2025041619gm-00a9-0000-31ca159b-01-s2-d19,20,B,4,35,"[13400,26000,24700,35900]",3,-4.0,2,1,0,0,12,True
2025-2025041619gm-00a9-0000-31ca159b-01-s2-d19,21,A,1,1,"[44500,24300,14400,16800]",4,-10.0,1,3,0,0,12,True
2025-2025041619gm-00a9-0000-31ca159b-01-s2-d19,21,B,4,35,"[25100,45400,-1200,30700]",4,-10.0,1,1,0,0,7,True
2025-2025041619gm-00a9-0000-31ca159b-01-s2-d19,22,A,1,1,"[3500,27500,37200,31800]",1,10.0,1,3,1,0,11,True
2025-2025041619gm-00a9-0000-31ca159b-01-s2-d19,22,B,4,35,"[3500,27500,37200,31800]",1,10.0,1,3,1,0,11,True
2025-2025041619gm-00a9-0000-31ca159b-01-s2-d19,23,A,1,1,"[27100,46000,11400,15500]",4,-10.0,1,3,0,0,10,True
2025-2025041619gm-00a9-0000-31ca159b-01-s2-d19,23,B,4,35,"[40800,16200,19000,24000]",3,-4.0,1,3,2,0,11,True
2025-2025041619gm-00a9-0000-31ca159b-01-s2-d19,24,A,1,1,"[26400,29700,31700,12200]",1,10.0,1,3,0,0,12,True
2025-2025041619gm-00a9-0000-31ca159b-01-s2-d19,24,B,4,35,"[26400,29700,31700,12200]",1,10.0,1,3,0,0,12,True
2025-2025041619gm-00a9-0000-31ca159b-01-s2-d19,25,A,1,1,"[22000,34400,44500,-900]",1,10.0,1,0,0,0,8,True
2025-2025041619gm-00a9-0000-31ca159b-01-s2-d19,25,B,4,35,"[21700,33500,38300,6500]",1,10.0,1,3,0,0,11,True
2025-2025041619gm-00a9-0000-31ca159b-01-s2-d19,26,A,1,1,"[12600,30200,22000,35200]",3,-4.0,1,3,1,0,8,True
2025-2025041619gm-00a9-0000-31ca159b-01-s2-d19,26,B,4,35,"[12600,30200,22000,35200]",3,-4.0,1,3,1,0,8,True
2025-2025041619gm-00a9-0000-31ca159b-01-s2-d19,27,A,1,1,"[27300,20700,18700,33300]",4,-10.0,1,3,0,0,10,True
2025-2025041619gm-00a9-0000-31ca159b-01-s2-d19,27,B,4,35,"[27300,20700,18700,33300]",4,-10.0,1,3,0,0,10,True
2025-2025041619gm-00a9-0000-31ca159b-01-s2-d19,28,A,1,1,"[1200,32600,24500,41700]",3,-4.0,1,3,0,0,8,True
2025-2025041619gm-00a9-0000-31ca159b-01-s2-d19,28,B,4,35,"[1200,32600,24500,41700]",3,-4.0,1,3,0,0,8,True
2025-2025041619gm-00a9-0000-31ca159b-01-s2-d19,29,A,1,1,"[26900,22300,35800,15000]",1,10.0,1,3,0,0,8,True
2025-2025041619gm-00a9-0000-31ca159b-01-s2-d19,29,B,4,35,"[26900,22300,35800,15000]",1,10.0,1,3,0,0,8,True
2025-2025041619gm-00a9-0000-31ca159b-01-s2-d19,30,A,1,1,"[27300,43000,-10300,40000]",4,-10.0,1,1,0,0,6,True
2025-2025041619gm-00a9-0000-31ca159b-01-s2-d19,30,B,4,35,"[26200,28300,14800,30700]",4,-10.0,1,3,0,0,10,True
2025-2025041619gm-00a9-0000-31ca159b-01-s2-d19,31,A,1,1,"[55600,-2700,25900,21200]",2,4.0,1,1,3,0,7,True
2025-2025041619gm-00a9-0000-31ca159b-01-s2-d19,31,B,4,35,"[55600,-2700,25900,21200]",2,4.0,1,1,3,0,7,True
2025-2025041619gm-00a9-0000-31ca159b-01-s2-d19,32,A,1,1,"[33700,35500,-12300,43100]",4,-10.0,1,3,0,0,13,True
2025-2025041619gm-00a9-0000-31ca159b-01-s2-d19,32,B,4,35,"[19700,24200,39800,16300]",1,10.0,1,3,0,0,13,True
2025-2025041619gm-00a9-0000-31ca159b-01-s2-d19,33,A,1,1,"[36300,36800,-15600,42500]",4,-10.0,1,3,0,0,9,True
2025-2025041619gm-00a9-0000-31ca159b-01-s2-d19,33,B,4,35,"[14200,14500,32200,39100]",2,4.0,1,3,0,0,9,True
2025-2025041619gm-00a9-0000-31ca159b-01-s2-d19,34,A,1,1,"[35800,2900,22200,39100]",3,-4.0,1,3,0,0,9,True
2025-2025041619gm-00a9-0000-31ca159b-01-s2-d19,34,B,4,35,"[35800,2900,22200,39100]",3,-4.0,1,3,0,0,9,True
2025-2025041619gm-00a9-0000-31ca159b-01-s2-d19,35,A,1,1,"[23000,25300,34500,17200]",1,10.0,1,3,0,0,7,True
2025-2025041619gm-00a9-0000-31ca159b-01-s2-d19,35,B,4,35,"[23000,25300,34500,17200]",1,10.0,1,3,0,0,7,True
2025-2025041619gm-00a9-0000-31ca159b-01-s2-d19,36,A,1,1,"[54900,2300,16400,26400]",3,-4.0,1,3,0,0,10,True
2025-2025041619gm-00a9-0000-31ca159b-01-s2-d19,36,B,4,35,"[57700,11900,6500,23900]",4,-10.0,1,3,0,0,8,True
2025-2025041619gm-00a9-0000-31ca159b-01-s2-d19,37,A,1,1,"[42700,16400,43100,-2200]",1,10.0,1,0,1,0,5,True
2025-2025041619gm-00a9-0000-31ca159b-01-s2-d19,37,B,4,35,"[21600,14300,35600,28500]",1,10.0,1,3,1,0,8,True
2025-2025041619gm-00a9-0000-31ca159b-01-s2-d19,38,A,1,1,"[21300,24100,12200,42400]",4,-10.0,1,3,0,0,7,True
2025-2025041619gm-00a9-0000-31ca159b-01-s2-d19,38,B,4,35,"[21300,24100,12200,42400]",4,-10.0,1,3,0,0,7,True
2025-2025041619gm-00a9-0000-31ca159b-01-s2-d19,39,A,1,1,"[23000,34000,12900,30100]",4,-10.0,1,3,1,0,9,True
2025-2025041619gm-00a9-0000-31ca159b-01-s2-d19,39,B,4,35,"[23000,34000,12900,30100]",4,-10.0,1,3,1,0,9,True
2025-2025041619gm-00a9-0000-31ca159b-01-s2-d19,40,A,1,1,"[23400,27000,15900,33700]",4,-10.0,2,1,0,0,10,True
2025-2025041619gm-00a9-0000-31ca159b-01-s2-d19,40,B,4,35,"[11200,13000,49700,26100]",1,10.0,1,3,0,0,9,True
2025-2025041619gm-00a9-0000-31ca159b-01-s2-d19,41,A,1,1,"[34000,23400,14200,28400]",4,-10.0,1,3,0,0,8,True
2025-2025041619gm-00a9-0000-31ca159b-01-s2-d19,41,B,4,35,"[34000,23400,14200,28400]",4,-10.0,1,3,0,0,8,True
2025-2025041619gm-00a9-0000-31ca159b-01-s2-d19,42,A,1,1,"[17500,22200,34500,25800]",1,10.0,1,3,0,0,9,True
2025-2025041619gm-00a9-0000-31ca159b-01-s2-d19,42,B,4,35,"[11100,23600,34600,30700]",1,10.0,1,3,0,0,9,True
2025-2025041619gm-00a9-0000-31ca159b-01-s2-d19,43,A,1,1,"[32300,21600,23800,22300]",2,4.0,1,3,0,0,11,True
2025-2025041619gm-00a9-0000-31ca159b-01-s2-d19,43,B,4,35,"[32300,21600,23800,22300]",2,4.0,1,3,0,0,11,True
2025-2025041619gm-00a9-0000-31ca159b-01-s2-d19,44,A,1,1,"[33500,-200,34600,32100]",1,10.0,1,0,0,0,5,True
2025-2025041619gm-00a9-0000-31ca159b-01-s2-d19,44,B,4,35,"[33500,-200,34600,32100]",1,10.0,1,0,0,0,5,True
2025-2025041619gm-00a9-0000-31ca159b-01-s2-d19,45,A,1,1,"[32300,11600,36300,19800]",1,10.0,1,3,0,0,9,True
2025-2025041619gm-00a9-0000-31ca159b-01-s2-d19,45,B,4,35,"[23500,15400,26900,34200]",2,4.0,1,3,0,0,11,True
2025-2025041619gm-00a9-0000-31ca159b-01-s2-d19,46,A,1,1,"[24300,11300,36500,27900]",1,10.0,1,3,0,0,8,True
2025-2025041619gm-00a9-0000-31ca159b-01-s2-d19,46,B,4,35,"[24300,11300,36500,27900]",1,10.0,1,3,0,0,8,True
2025-2025041619gm-00a9-0000-31ca159b-01-s2-d19,47,A,1,1,"[18000,40300,24200,17500]",2,4.0,1,3,0,0,9,True
2025-2025041619gm-00a9-0000-31ca159b-01-s2-d19,47,B,4,35,"[15800,23900,23700,35600]",3,-4.0,1,3,3,1,9,True
2025-2025041619gm-00a9-0000-31ca159b-01-s2-d19,48,A,1,1,"[10400,41600,25500,22500]",2,4.0,1,3,1,0,9,True
2025-2025041619gm-00a9-0000-31ca159b-01-s2-d19,48,B,4,35,"[10400,41600,25500,22500]",2,4.0,1,3,1,0,9,True
2025-2025041619gm-00a9-0000-31ca159b-01-s2-d19,49,A,1,1,"[17400,33500,36500,12600]",1,10.0,1,3,0,0,7,True
2025-2025041619gm-00a9-0000-31ca159b-01-s2-d19,49,B,4,35,"[39500,26200,2900,31400]",4,-10.0,1,3,0,0,9,True
2025-2025041619gm-00a9-0000-31ca159b-01-s2-d19,50,A,1,1,"[11500,27000,29000,32500]",2,4.0,1,3,0,0,7,True
2025-2025041619gm-00a9-0000-31ca159b-01-s2-d19,50,B,4,35,"[11500,27000,29000,32500]",2,4.0,1,3,0,0,7,True
2025-2025041619gm-00a9-0000-31ca159b-01-s2-d19,51,A,1,1,"[18600,28300,38800,14300]",1,10.0,1,3,0,0,10,True
2025-2025041619gm-00a9-0000-31ca159b-01-s2-d19,51,B,4,35,"[18600,28300,38800,14300]",1,10.0,1,3,0,0,10,True
2025-2025041619gm-00a9-0000-31ca159b-01-s2-d19,52,A,1,1,"[11800,49500,22800,15900]",2,4.0,1,3,1,0,12,True
2025-2025041619gm-00a9-0000-31ca159b-01-s2-d19,52,B,4,35,"[11800,49500,22800,15900]",2,4.0,1,3,1,0,12,True
2025-2025041619gm-00a9-0000-31ca159b-01-s2-d19,53,A,1,1,"[41600,20100,15200,23100]",4,-10.0,1,3,1,0,11,True
2025-2025041619gm-00a9-0000-31ca159b-01-s2-d19,53,B,4,35,"[27700,15000,34400,22900]",1,10.0,1,3,0,0,10,True
2025-2025041619gm-00a9-0000-31ca159b-01-s2-d19,54,A,1,1,"[10200,27700,37200,24900]",1,10.0,1,3,0,0,11,True
2025-2025041619gm-00a9-0000-31ca159b-01-s2-d19,54,B,4,35,"[20400,19900,40000,19700]",1,10.0,1,3,0,0,8,True
2025-2025041619gm-00a9-0000-31ca159b-01-s2-d19,55,A,1,1,"[8000,31300,25600,35100]",3,-4.0,1,3,0,0,7,True
2025-2025041619gm-00a9-0000-31ca159b-01-s2-d19,55,B,4,35,"[8000,31300,25600,35100]",3,-4.0,1,3,0,0,7,True
2025-2025041619gm-00a9-0000-31ca159b-01-s2-d19,56,A,1,1,"[36000,30900,9600,23500]",4,-10.0,1,3,1,0,11,True
2025-2025041619gm-00a9-0000-31ca159b-01-s2-d19,56,B,4,35,"[36000,30900,9600,23500]",4,-10.0,1,3,1,0,11,True
2025-2025041619gm-00a9-0000-31ca159b-01-s2-d19,57,A,1,1,"[-1500,46000,25000,30500]",3,-4.0,0,3,0,0,7,True
2025-2025041619gm-00a9-0000-31ca159b-01-s2-d19,57,B,4,35,"[28100,28700,44400,-1200]",1,10.0,1,2,1,0,10,True
2025-2025041619gm-00a9-0000-31ca159b-01-s2-d19,58,A,1,1,"[27600,11100,39600,21700]",1,10.0,1,3,1,0,9,True
2025-2025041619gm-00a9-0000-31ca159b-01-s2-d19,58,B,4,35,"[22500,19600,42200,15700]",1,10.0,1,3,0,0,10,True
2025-2025041619gm-00a9-0000-31ca159b-01-s2-d19,59,A,1,1,"[29600,28400,8400,33600]",4,-10.0,1,3,0,0,9,True
2025-2025041619gm-00a9-0000-31ca159b-01-s2-d19,59,B,4,35,"[29600,28400,8400,33600]",4,-10.0,1,3,0,0,9,True
2025-2025041619gm-00a9-0000-31ca159b-01-s2-d19,60,A,1,1,"[10900,11500,62400,15200]",1,10.0,1,3,0,0,8,True
2025-2025041619gm-00a9-0000-31ca159b-01-s2-d19,60,B,4,35,"[11000,27400,28700,32900]",2,4.0,1,3,3,0,9,True
2025-2025041619gm-00a9-0000-31ca159b-01-s2-d19,61,A,1,1,"[7400,30900,18800,42900]",3,-4.0,1,3,0,0,8,True
2025-2025041619gm-00a9-0000-31ca159b-01-s2-d19,61,B,4,35,"[7400,30900,18800,42900]",3,-4.0,1,3,0,0,8,True
2025-2025041619gm-00a9-0000-31ca159b-01-s2-d19,62,A,1,1,"[33300,20000,20700,26000]",3,-4.0,2,0,0,0,10,True
2025-2025041619gm-00a9-0000-31ca159b-01-s2-d19,62,B,4,35,"[33300,20000,20700,26000]",3,-4.0,2,0,0,0,10,True
2025-2025041619gm-00a9-0000-31ca159b-01-s2-d19,63,A,1,1,"[19700,32000,20800,27500]",3,-4.0,1,3,0,0,9,True
2025-2025041619gm-00a9-0000-31ca159b-01-s2-d19,63,B,4,35,"[16900,41900,15800,25400]",4,-10.0,1,3,0,0,10,True
2025-2025041619gm-00a9-0000-31ca159b-01-s2-d19,64,A,1,1,"[17400,47600,37800,-2800]",2,4.0,1,2,2,0,8,True
2025-2025041619gm-00a9-0000-31ca159b-01-s2-d19,64,B,4,35,"[17400,47600,37800,-2800]",2,4.0,1,2,2,0,8,True
2025-2025041619gm-00a9-0000-31ca159b-01-s2-d19,65,A,1,1,"[-1600,18700,33900,49000]",2,4.0,1,3,1,0,9,True
2025-2025041619gm-00a9-0000-31ca159b-01-s2-d19,65,B,4,35,"[-1600,18700,33900,49000]",2,4.0,1,3,1,0,9,True
2025-2025041619gm-00a9-0000-31ca159b-01-s2-d19,66,A,1,1,"[43800,15200,29300,11700]",2,4.0,1,3,0,0,7,True
2025-2025041619gm-00a9-0000-31ca159b-01-s2-d19,66,B,4,35,"[47800,9300,32300,10600]",2,4.0,1,3,0,0,7,True
2025-2025041619gm-00a9-0000-31ca159b-01-s2-d19,67,A,1,1,"[15400,43000,25000,16600]",2,4.0,1,3,0,0,9,True
2025-2025041619gm-00a9-0000-31ca159b-01-s2-d19,67,B,4,35,"[15400,43000,25000,16600]",2,4.0,1,3,0,0,9,True
2025-2025041619gm-00a9-0000-31ca159b-01-s2-d19,68,A,1,1,"[38400,12500,42900,6200]",1,10.0,1,3,0,0,11,True
2025-2025041619gm-00a9-0000-31ca159b-01-s2-d19,68,B,4,35,"[39700,29400,24000,6900]",3,-4.0,1,3,0,0,10,True
2025-2025041619gm-00a9-0000-31ca159b-01-s2-d19,69,A,1,1,"[8400,12500,48700,30400]",1,10.0,1,3,1,0,11,True
2025-2025041619gm-00a9-0000-31ca159b-01-s2-d19,69,B,4,35,"[8400,12500,48700,30400]",1,10.0,1,3,1,0,11,True
2025-2025041619gm-00a9-0000-31ca159b-01-s2-d19,70,A,1,1,"[22700,21900,23200,32200]",2,4.0,1,3,0,0,8,True
2025-2025041619gm-00a9-0000-31ca159b-01-s2-d19,70,B,4,35,"[38700,26800,19200,15300]",3,-4.0,1,3,0,0,8,True
2025-2025041619gm-00a9-0000-31ca159b-01-s2-d19,71,A,1,1,"[39100,4400,28800,27700]",2,4.0,1,3,1,0,8,True
2025-2025041619gm-00a9-0000-31ca159b-01-s2-d19,71,B,4,35,"[23500,29700,8300,38500]",4,-10.0,1,3,0,0,7,True
2025-2025041619gm-00a9-0000-31ca159b-01-s2-d19,72,A,1,1,"[9600,39100,38000,13300]",2,4.0,1,3,0,0,11,True
2025-2025041619gm-00a9-0000-31ca159b-01-s2-d19,72,B,4,35,"[9600,39100,38000,13300]",2,4.0,1,3,0,0,11,True
2025-2025041619gm-00a9-0000-31ca159b-01-s2-d19,73,A,1,1,"[13800,5200,33700,47300]",2,4.0,1,3,0,0,7,True
2025-2025041619gm-00a9-0000-31ca159b-01-s2-d19,73,B,4,35,"[13800,5200,33700,47300]",2,4.0,1,3,0,0,7,True
2025-2025041619gm-00a9-0000-31ca159b-01-s2-d19,74,A,1,1,"[34300,15300,32500,17900]",2,4.0,1,3,0,0,8,True
2025-2025041619gm-00a9-0000-31ca159b-01-s2-d19,74,B,4,35,"[2200,37600,17700,42500]",3,-4.0,1,3,0,0,9,True
2025-2025041619gm-00a9-0000-31ca159b-01-s2-d19,75,A,1,1,"[32100,20100,4900,42900]",4,-10.0,1,3,0,0,7,True
2025-2025041619gm-00a9-0000-31ca159b-01-s2-d19,75,B,4,35,"[36100,12300,14900,36700]",3,-4.0,1,3,0,0,7,True
2025-2025041619gm-00a9-0000-31ca159b-01-s2-d19,76,A,1,1,"[40600,33600,8200,17600]",4,-10.0,1,3,0,0,11,True
2025-2025041619gm-00a9-0000-31ca159b-01-s2-d19,76,B,4,35,"[40600,33600,8200,17600]",4,-10.0,1,3,0,0,11,True
2025-2025041619gm-00a9-0000-31ca159b-01-s2-d19,77,A,1,1,"[9100,28200,35900,26800]",1,10.0,1,3,1,0,8,True
2025-2025041619gm-00a9-0000-31ca159b-01-s2-d19,77,B,4,35,"[35800,19900,18300,26000]",4,-10.0,1,3,1,0,9,True
2025-2025041619gm-00a9-0000-31ca159b-01-s2-d19,78,A,1,1,"[30400,22200,25300,22100]",2,4.0,1,3,1,0,7,True
2025-2025041619gm-00a9-0000-31ca159b-01-s2-d19,78,B,4,35,"[17800,28200,31400,22600]",1,10.0,1,3,1,0,10,True
2025-2025041619gm-00a9-0000-31ca159b-01-s2-d19,79,A,1,1,"[8300,45200,14400,32100]",3,-4.0,1,3,0,0,8,True
2025-2025041619gm-00a9-0000-31ca159b-01-s2-d19,79,B,4,35,"[13700,23200,14000,49100]",3,-4.0,1,3,0,0,7,True
2025-2025041619gm-00a9-0000-31ca159b-01-s2-d19,80,A,1,1,"[6800,28700,32900,31600]",1,10.0,1,3,0,0,9,True
2025-2025041619gm-00a9-0000-31ca159b-01-s2-d19,80,B,4,35,"[6800,28700,32900,31600]",1,10.0,1,3,0,0,9,True
2025-2025041619gm-00a9-0000-31ca159b-01-s2-d19,81,A,1,1,"[38400,15700,32900,12000]",2,4.0,1,3,1,1,8,True
2025-2025041619gm-00a9-0000-31ca159b-01-s2-d19,81,B,4,35,"[38400,15700,32900,12000]",2,4.0,1,3,1,1,8,True
2025-2025041619gm-00a9-0000-31ca159b-01-s2-d19,82,A,1,1,"[20500,24000,23200,32300]",3,-4.0,1,3,0,0,9,True
2025-2025041619gm-00a9-0000-31ca159b-01-s2-d19,82,B,4,35,"[40400,40300,6200,13100]",4,-10.0,1,3,0,0,8,True
2025-2025041619gm-00a9-0000-31ca159b-01-s2-d19,83,A,1,1,"[15700,18000,19400,46900]",2,4.0,1,3,0,0,11,True
2025-2025041619gm-00a9-0000-31ca159b-01-s2-d19,83,B,4,35,"[15700,18000,19400,46900]",2,4.0,1,3,0,0,11,True
2025-2025041619gm-00a9-0000-31ca159b-01-s2-d19,84,A,1,1,"[18300,18200,20700,42800]",2,4.0,1,3,0,0,7,True
2025-2025041619gm-00a9-0000-31ca159b-01-s2-d19,84,B,4,35,"[18300,18200,20700,42800]",2,4.0,1,3,0,0,7,True
2025-2025041619gm-00a9-0000-31ca159b-01-s2-d19,85,A,1,1,"[-3900,35000,25500,43400]",3,-4.0,1,2,0,0,6,True
2025-2025041619gm-00a9-0000-31ca159b-01-s2-d19,85,B,4,35,"[26000,41000,21700,11300]",3,-4.0,1,3,0,0,9,True
2025-2025041619gm-00a9-0000-31ca159b-01-s2-d19,86,A,1,1,"[35800,26400,22600,15200]",3,-4.0,1,3,1,0,10,True
2025-2025041619gm-00a9-0000-31ca159b-01-s2-d19,86,B,4,35,"[21500,38600,27900,12000]",2,4.0,1,3,0,0,9,True
2025-2025041619gm-00a9-0000-31ca159b-01-s2-d19,87,A,1,1,"[23000,33000,17200,26800]",4,-10.0,2,2,2,0,13,True
2025-2025041619gm-00a9-0000-31ca159b-01-s2-d19,87,B,4,35,"[32600,24200,19600,23600]",4,-10.0,2,0,1,0,9,True
2025-2025041619gm-00a9-0000-31ca159b-01-s2-d19,88,A,1,1,"[22500,33000,27300,17200]",2,4.0,2,0,1,0,13,True
2025-2025041619gm-00a9-0000-31ca159b-01-s2-d19,88,B,4,35,"[26700,31800,9800,31700]",4,-10.0,1,3,0,0,8,True
2025-2025041619gm-00a9-0000-31ca159b-01-s2-d19,89,A,1,1,"[19900,19900,8400,51800]",4,-10.0,1,3,0,0,8,True
2025-2025041619gm-00a9-0000-31ca159b-01-s2-d19,89,B,4,35,"[29600,9700,18600,42100]",3,-4.0,1,3,0,0,7,True
2025-2025041619gm-00a9-0000-31ca159b-01-s2-d19,90,A,1,1,"[42400,5100,32100,20400]",2,4.0,1,3,0,0,9,True
2025-2025041619gm-00a9-0000-31ca159b-01-s2-d19,90,B,4,35,"[42400,5100,32100,20400]",2,4.0,1,3,0,0,9,True
2025-2025041619gm-00a9-0000-31ca159b-01-s2-d19,91,A,1,1,"[11200,25200,43500,20100]",1,10.0,1,3,0,0,8,True
2025-2025041619gm-00a9-0000-31ca159b-01-s2-d19,91,B,4,35,"[11200,25200,43500,20100]",1,10.0,1,3,0,0,8,True
2025-2025041619gm-00a9-0000-31ca159b-01-s2-d19,92,A,1,1,"[45800,23100,26000,5100]",2,4.0,1,3,0,0,9,True
2025-2025041619gm-00a9-0000-31ca159b-01-s2-d19,92,B,4,35,"[45800,23100,26000,5100]",2,4.0,1,3,0,0,9,True
2025-2025041619gm-00a9-0000-31ca159b-01-s2-d19,93,A,1,1,"[1100,26200,34800,37900]",2,4.0,1,3,0,0,12,True
2025-2025041619gm-00a9-0000-31ca159b-01-s2-d19,93,B,4,35,"[1100,26200,34800,37900]",2,4.0,1,3,0,0,12,True
2025-2025041619gm-00a9-0000-31ca159b-01-s2-d19,94,A,1,1,"[-1200,37400,30200,33600]",3,-4.0,1,2,0,0,10,True
2025-2025041619gm-00a9-0000-31ca159b-01-s2-d19,94,B,4,35,"[17300,20000,22900,39800]",2,4.0,2,0,0,0,10,True
2025-2025041619gm-00a9-0000-31ca159b-01-s2-d19,95,A,1,1,"[20500,26600,43400,9500]",1,10.0,1,3,0,0,8,True
2025-2025041619gm-00a9-0000-31ca159b-01-s2-d19,95,B,4,35,"[20500,26600,43400,9500]",1,10.0,1,3,0,0,8,True
2025-2025041619gm-00a9-0000-31ca159b-01-s2-d19,96,A,1,1,"[34200,29500,7700,28600]",4,-10.0,2,1,0,0,14,True
2025-2025041619gm-00a9-0000-31ca159b-01-s2-d19,96,B,4,35,"[34200,29500,7700,28600]",4,-10.0,2,1,0,0,14,True
2025-2025041619gm-00a9-0000-31ca159b-01-s2-d19,97,A,1,1,"[-400,27400,42000,31000]",1,10.0,1,0,0,0,4,True
2025-2025041619gm-00a9-0000-31ca159b-01-s2-d19,97,B,4,35,"[16800,14500,45800,22900]",1,10.0,1,3,0,0,8,True
2025-2025041619gm-00a9-0000-31ca159b-01-s2-d19,98,A,1,1,"[19000,46000,-600,35600]",4,-10.0,1,1,2,0,10,True
2025-2025041619gm-00a9-0000-31ca159b-01-s2-d19,98,B,4,35,"[19000,46000,-600,35600]",4,-10.0,1,1,2,0,10,True
2025-2025041619gm-00a9-0000-31ca159b-01-s2-d19,99,A,1,1,"[36900,21600,13200,28300]",4,-10.0,1,3,0,0,13,True
2025-2025041619gm-00a9-0000-31ca159b-01-s2-d19,99,B,4,35,"[15100,16200,34300,34400]",2,4.0,1,3,0,0,11,True
2025-2025041619gm-00a9-0000-31ca159b-01-s2-d19,100,A,1,1,"[41900,12600,28800,16700]",2,4.0,1,3,0,0,10,True
2025-2025041619gm-00a9-0000-31ca159b-01-s2-d19,100,B,4,35,"[13900,22800,27700,35600]",2,4.0,2,0,0,0,10,True
2025-2025041619gm-00a9-0000-31ca159b-01-s2-d19,101,A,1,1,"[14200,41000,21700,23100]",3,-4.0,1,3,0,0,9,True
2025-2025041619gm-00a9-0000-31ca159b-01-s2-d19,101,B,4,35,"[13500,38700,41800,6000]",1,10.0,1,3,0,0,8,True
2025-2025041619gm-00a9-0000-31ca159b-01-s2-d19,102,A,1,1,"[23400,11900,31800,32900]",2,4.0,1,3,0,0,9,True
2025-2025041619gm-00a9-0000-31ca159b-01-s2-d19,102,B,4,35,"[28300,8700,63100,-100]",1,10.0,1,2,0,0,8,True
2025-2025041619gm-00a9-0000-31ca159b-01-s2-d19,103,A,1,1,"[27400,31600,25900,15100]",3,-4.0,1,3,0,0,7,True
2025-2025041619gm-00a9-0000-31ca159b-01-s2-d19,103,B,4,35,"[27400,31600,25900,15100]",3,-4.0,1,3,0,0,7,True
2025-2025041619gm-00a9-0000-31ca159b-01-s2-d19,104,A,1,1,"[17900,12500,22300,47300]",2,4.0,1,3,0,0,9,True
2025-2025041619gm-00a9-0000-31ca159b-01-s2-d19,104,B,4,35,"[17900,12500,22300,47300]",2,4.0,1,3,0,0,9,True
2025-2025041619gm-00a9-0000-31ca159b-01-s2-d19,105,A,1,1,"[26600,22200,47300,3900]",1,10.0,1,3,0,0,8,True
2025-2025041619gm-00a9-0000-31ca159b-01-s2-d19,105,B,4,35,"[26600,22200,47300,3900]",1,10.0,1,3,0,0,8,True
2025-2025041619gm-00a9-0000-31ca159b-01-s2-d19,106,A,1,1,"[15300,48300,30100,6300]",2,4.0,1,3,0,0,11,True
2025-2025041619gm-00a9-0000-31ca159b-01-s2-d19,106,B,4,35,"[15300,48300,30100,6300]",2,4.0,1,3,0,0,11,True
2025-2025041619gm-00a9-0000-31ca159b-01-s2-d19,107,A,1,1,"[23200,18100,27000,31700]",2,4.0,2,1,0,0,13,True
2025-2025041619gm-00a9-0000-31ca159b-01-s2-d19,107,B,4,35,"[11300,19500,35400,33800]",1,10.0,1,3,0,0,10,True
2025-2025041619gm-00a9-0000-31ca159b-01-s2-d19,108,A,1,1,"[15300,26900,23500,34300]",3,-4.0,2,1,0,0,10,True
2025-2025041619gm-00a9-0000-31ca159b-01-s2-d19,108,B,4,35,"[44600,-5700,41100,20000]",2,4.0,1,0,0,0,5,True
2025-2025041619gm-00a9-0000-31ca159b-01-s2-d19,109,A,1,1,"[27000,28000,40900,4100]",1,10.0,1,3,0,0,7,True
2025-2025041619gm-00a9-0000-31ca159b-01-s2-d19,109,B,4,35,"[27000,28000,40900,4100]",1,10.0,1,3,0,0,7,True
2025-2025041619gm-00a9-0000-31ca159b-01-s2-d19,110,A,1,1,"[51200,6300,16200,26300]",3,-4.0,1,3,0,0,10,True
2025-2025041619gm-00a9-0000-31ca159b-01-s2-d19,110,B,4,35,"[25600,30400,43500,500]",1,10.0,1,3,0,0,10,True
2025-2025041619gm-00a9-0000-31ca159b-01-s2-d19,111,A,1,1,"[41400,38300,24000,-3700]",3,-4.0,1,3,0,0,8,True
2025-2025041619gm-00a9-0000-31ca159b-01-s2-d19,111,B,4,35,"[41400,38300,24000,-3700]",3,-4.0,1,3,0,0,8,True
2025-2025041619gm-00a9-0000-31ca159b-01-s2-d19,112,A,1,1,"[36300,45600,17800,300]",3,-4.0,1,3,1,0,10,True
2025-2025041619gm-00a9-0000-31ca159b-01-s2-d19,112,B,4,35,"[36300,45600,17800,300]",3,-4.0,1,3,1,0,10,True
2025-2025041619gm-00a9-0000-31ca159b-01-s2-d19,113,A,1,1,"[-1300,41400,31500,28400]",2,4.0,1,1,1,0,8,True
2025-2025041619gm-00a9-0000-31ca159b-01-s2-d19,113,B,4,35,"[-1300,41400,31500,28400]",2,4.0,1,1,1,0,8,True
2025-2025041619gm-00a9-0000-31ca159b-01-s2-d19,114,A,1,1,"[31000,13600,25300,30100]",3,-4.0,1,3,1,0,8,True
2025-2025041619gm-00a9-0000-31ca159b-01-s2-d19,114,B,4,35,"[26400,8900,28400,35300]",2,4.0,1,3,2,1,9,True
2025-2025041619gm-00a9-0000-31ca159b-01-s2-d19,115,A,1,1,"[43100,17800,33000,6100]",2,4.0,1,3,0,0,7,True
2025-2025041619gm-00a9-0000-31ca159b-01-s2-d19,115,B,4,35,"[40800,14300,36000,8900]",2,4.0,1,3,0,0,7,True
2025-2025041619gm-00a9-0000-31ca159b-01-s2-d19,116,A,1,1,"[23700,24600,32000,19700]",1,10.0,1,3,0,0,7,True
2025-2025041619gm-00a9-0000-31ca159b-01-s2-d19,116,B,4,35,"[23700,24600,32000,19700]",1,10.0,1,3,0,0,7,True
2025-2025041619gm-00a9-0000-31ca159b-01-s2-d19,117,A,1,1,"[28000,42000,18300,11700]",3,-4.0,1,3,1,0,9,True
2025-2025041619gm-00a9-0000-31ca159b-01-s2-d19,117,B,4,35,"[18400,19100,38100,24400]",1,10.0,1,3,0,0,8,True
2025-2025041619gm-00a9-0000-31ca159b-01-s2-d19,118,A,1,1,"[10100,28900,26200,34800]",3,-4.0,1,3,0,0,8,True
2025-2025041619gm-00a9-0000-31ca159b-01-s2-d19,118,B,4,35,"[11800,52400,37500,-1700]",2,4.0,1,1,2,0,9,True
2025-2025041619gm-00a9-0000-31ca159b-01-s2-d19,119,A,1,1,"[21000,35500,30000,12500]",2,4.0,1,3,1,1,11,True
2025-2025041619gm-00a9-0000-31ca159b-01-s2-d19,119,B,4,35,"[29900,12500,35600,22000]",1,10.0,1,3,0,0,7,True
2025-2025041619gm-00a9-0000-31ca159b-01-s2-d19,120,A,1,1,"[31100,35600,22000,11300]",3,-4.0,1,3,0,0,10,True
2025-2025041619gm-00a9-0000-31ca159b-01-s2-d19,120,B,4,35,"[23200,27600,42700,6500]",1,10.0,1,3,0,0,13,True
2025-2025041619gm-00a9-0000-31ca159b-01-s2-d19,121,A,1,1,"[20500,37200,27300,15000]",2,4.0,1,3,0,0,9,True
2025-2025041619gm-00a9-0000-31ca159b-01-s2-d19,121,B,4,35,"[20500,37200,27300,15000]",2,4.0,1,3,0,0,9,True
2025-2025041619gm-00a9-0000-31ca159b-01-s2-d19,122,A,1,1,"[32100,21100,33700,13100]",1,10.0,1,3,0,0,8,True
2025-2025041619gm-00a9-0000-31ca159b-01-s2-d19,122,B,4,35,"[28500,37800,32500,1200]",2,4.0,1,3,0,0,8,True
2025-2025041619gm-00a9-0000-31ca159b-01-s2-d19,123,A,1,1,"[11600,39800,30000,17600]",2,4.0,1,3,0,1,9,True
2025-2025041619gm-00a9-0000-31ca159b-01-s2-d19,123,B,4,35,"[11600,39800,30000,17600]",2,4.0,1,3,0,1,9,True
2025-2025041619gm-00a9-0000-31ca159b-01-s2-d19,124,A,1,1,"[26300,36200,20900,16600]",3,-4.0,1,3,0,0,10,True
2025-2025041619gm-00a9-0000-31ca159b-01-s2-d19,124,B,4,35,"[26300,36200,20900,16600]",3,-4.0,1,3,0,0,10,True
2025-2025041619gm-00a9-0000-31ca159b-01-s2-d19,125,A,1,1,"[42500,12600,18300,26600]",3,-4.0,1,3,1,0,9,True
2025-2025041619gm-00a9-0000-31ca159b-01-s2-d19,125,B,4,35,"[32300,24800,10200,32700]",4,-10.0,1,3,0,0,9,True
2025-2025041619gm-00a9-0000-31ca159b-01-s2-d19,126,A,1,1,"[17100,47300,12900,22700]",4,-10.0,1,3,2,0,10,True
2025-2025041619gm-00a9-0000-31ca159b-01-s2-d19,126,B,4,35,"[17100,47300,12900,22700]",4,-10.0,1,3,2,0,10,True
2025-2025041619gm-00a9-0000-31ca159b-01-s2-d19,127,A,1,1,"[-700,28000,55300,17400]",1,10.0,1,3,3,0,9,True
2025-2025041619gm-00a9-0000-31ca159b-01-s2-d19,127,B,4,35,"[9000,34000,20500,36500]",3,-4.0,1,3,1,0,12,True
2025-2025041619gm-00a9-0000-31ca159b-01-s2-d19,128,A,1,1,"[11500,31800,32100,24600]",1,10.0,1,3,1,0,8,True
2025-2025041619gm-00a9-0000-31ca159b-01-s2-d19,128,B,4,35,"[11500,31800,32100,24600]",1,10.0,1,3,1,0,8,True
2025-2025041619gm-00a9-0000-31ca159b-01-s2-d19,129,A,1,1,"[43900,4900,18500,32700]",3,-4.0,1,3,1,0,11,True
2025-2025041619gm-00a9-0000-31ca159b-01-s2-d19,129,B,4,35,"[43900,4900,18500,32700]",3,-4.0,1,3,1,0,11,True
2025-2025041619gm-00a9-0000-31ca159b-01-s2-d19,130,A,1,1,"[24300,18600,35300,21800]",1,10.0,1,3,0,0,7,True
2025-2025041619gm-00a9-0000-31ca159b-01-s2-d19,130,B,4,35,"[22400,16300,37700,23600]",1,10.0,1,3,1,0,11,True
2025-2025041619gm-00a9-0000-31ca159b-01-s2-d19,131,A,1,1,"[13400,35600,23700,27300]",3,-4.0,1,3,1,0,8,True
2025-2025041619gm-00a9-0000-31ca159b-01-s2-d19,131,B,4,35,"[45000,30000,28300,-3300]",3,-4.0,1,3,0,0,9,True
2025-2025041619gm-00a9-0000-31ca159b-01-s2-d19,132,A,1,1,"[25400,11800,27000,35800]",2,4.0,1,3,0,0,7,True
2025-2025041619gm-00a9-0000-31ca159b-01-s2-d19,132,B,4,35,"[25400,11800,27000,35800]",2,4.0,1,3,0,0,7,True
2025-2025041619gm-00a9-0000-31ca159b-01-s2-d19,133,A,1,1,"[7200,31000,44400,17400]",1,10.0,1,3,0,0,9,True
2025-2025041619gm-00a9-0000-31ca159b-01-s2-d19,133,B,4,35,"[25300,19400,35100,20200]",1,10.0,1,3,0,0,10,True
2025-2025041619gm-00a9-0000-31ca159b-01-s2-d19,134,A,1,1,"[31200,6100,29100,33600]",3,-4.0,1,3,0,0,9,True
2025-2025041619gm-00a9-0000-31ca159b-01-s2-d19,134,B,4,35,"[16800,17600,21300,44300]",2,4.0,1,3,1,0,8,True
2025-2025041619gm-00a9-0000-31ca159b-01-s2-d19,135,A,1,1,"[32000,22100,31600,14300]",2,4.0,1,3,0,0,9,True
2025-2025041619gm-00a9-0000-31ca159b-01-s2-d19,135,B,4,35,"[32000,22100,31600,14300]",2,4.0,1,3,0,0,9,True
2025-2025041619gm-00a9-0000-31ca159b-01-s2-d19,136,A,1,1,"[12800,26200,20900,40100]",3,-4.0,1,3,1,0,8,True
2025-2025041619gm-00a9-0000-31ca159b-01-s2-d19,136,B,4,35,"[12800,26200,20900,40100]",3,-4.0,1,3,1,0,8,True
2025-2025041619gm-00a9-0000-31ca159b-01-s2-d19,137,A,1,1,"[30300,24900,46300,-1500]",1,10.0,1,2,0,0,8,True
2025-2025041619gm-00a9-0000-31ca159b-01-s2-d19,137,B,4,35,"[30300,24900,46300,-1500]",1,10.0,1,2,0,0,8,True
2025-2025041619gm-00a9-0000-31ca159b-01-s2-d19,138,A,1,1,"[46100,29600,18700,5600]",3,-4.0,1,3,0,0,8,True
2025-2025041619gm-00a9-0000-31ca159b-01-s2-d19,138,B,4,35,"[38000,32500,12200,17300]",4,-10.0,1,3,1,0,9,True
2025-2025041619gm-00a9-0000-31ca159b-01-s2-d19,139,A,1,1,"[24100,16500,19900,39500]",3,-4.0,1,3,0,0,9,True
2025-2025041619gm-00a9-0000-31ca159b-01-s2-d19,139,B,4,35,"[23100,31100,20300,25500]",4,-10.0,1,3,1,0,8,True
2025-2025041619gm-00a9-0000-31ca159b-01-s2-d19,140,A,1,1,"[49200,4700,21100,25000]",3,-4.0,1,3,1,0,11,True
2025-2025041619gm-00a9-0000-31ca159b-01-s2-d19,140,B,4,35,"[49200,4700,21100,25000]",3,-4.0,1,3,1,0,11,True
2025-2025041619gm-00a9-0000-31ca159b-01-s2-d19,141,A,1,1,"[17500,23500,24200,34800]",2,4.0,1,3,0,0,7,True
2025-2025041619gm-00a9-0000-31ca159b-01-s2-d19,141,B,4,35,"[25300,25100,34400,15200]",1,10.0,1,3,0,0,7,True
2025-2025041619gm-00a9-0000-31ca159b-01-s2-d19,142,A,1,1,"[54000,15400,-2200,32800]",4,-10.0,1,3,2,0,10,True
2025-2025041619gm-00a9-0000-31ca159b-01-s2-d19,142,B,4,35,"[25600,-3500,30100,47800]",2,4.0,1,2,0,0,10,True
2025-2025041619gm-00a9-0000-31ca159b-01-s2-d19,143,A,1,1,"[-300,25000,47300,28000]",1,10.0,0,2,1,0,2,True
2025-2025041619gm-00a9-0000-31ca159b-01-s2-d19,143,B,4,35,"[-300,25000,47300,28000]",1,10.0,0,2,1,0,2,True
2025-2025041619gm-00a9-0000-31ca159b-01-s2-d19,144,A,1,1,"[36900,28900,36200,-2000]",2,4.0,1,3,0,0,9,True
2025-2025041619gm-00a9-0000-31ca159b-01-s2-d19,144,B,4,35,"[36900,28900,36200,-2000]",2,4.0,1,3,0,0,9,True
2025-2025041619gm-00a9-0000-31ca159b-01-s2-d19,145,A,1,1,"[8100,24000,39600,28300]",1,10.0,1,3,2,0,10,True
2025-2025041619gm-00a9-0000-31ca159b-01-s2-d19,145,B,4,35,"[17500,19100,34700,28700]",1,10.0,1,3,0,0,8,True
2025-2025041619gm-00a9-0000-31ca159b-01-s2-d19,146,A,1,1,"[21800,37400,39900,900]",1,10.0,1,3,0,0,7,True
2025-2025041619gm-00a9-0000-31ca159b-01-s2-d19,146,B,4,35,"[21800,37400,39900,900]",1,10.0,1,3,0,0,7,True
2025-2025041619gm-00a9-0000-31ca159b-01-s2-d19,147,A,1,1,"[24700,12100,25400,37800]",2,4.0,1,3,1,0,9,True
2025-2025041619gm-00a9-0000-31ca159b-01-s2-d19,147,B,4,35,"[25200,-19900,46200,48500]",2,4.0,1,3,0,0,11,True
2025-2025041619gm-00a9-0000-31ca159b-01-s2-d19,148,A,1,1,"[32700,27000,14900,23400]",4,-10.0,1,3,0,2,8,True
2025-2025041619gm-00a9-0000-31ca159b-01-s2-d19,148,B,4,35,"[18500,-200,57400,24300]",1,10.0,1,1,0,0,7,True
2025-2025041619gm-00a9-0000-31ca159b-01-s2-d19,149,A,1,1,"[14200,43500,15600,26700]",3,-4.0,1,3,0,0,8,True
2025-2025041619gm-00a9-0000-31ca159b-01-s2-d19,149,B,4,35,"[14200,43500,15600,26700]",3,-4.0,1,3,0,0,8,True
2025-2025041619gm-00a9-0000-31ca159b-01-s2-d19,150,A,1,1,"[12900,13400,33700,40000]",2,4.0,1,3,0,0,12,True
2025-2025041619gm-00a9-0000-31ca159b-01-s2-d19,150,B,4,35,"[12900,13400,33700,40000]",2,4.0,1,3,0,0,12,True
2025-2025041619gm-00a9-0000-31ca159b-01-s2-d19,151,A,1,1,"[26100,31800,16800,25300]",4,-10.0,2,0,1,0,10,True
2025-2025041619gm-00a9-0000-31ca159b-01-s2-d19,151,B,4,35,"[30100,21400,9700,38800]",4,-10.0,1,3,0,0,9,True
2025-2025041619gm-00a9-0000-31ca159b-01-s2-d19,152,A,1,1,"[12500,-600,58600,29500]",1,10.0,1,2,1,0,8,True
2025-2025041619gm-00a9-0000-31ca159b-01-s2-d19,152,B,4,35,"[4700,-5300,66300,34300]",1,10.0,1,2,0,0,7,True
2025-2025041619gm-00a9-0000-31ca159b-01-s2-d19,153,A,1,1,"[21500,4300,44600,28600]",1,10.0,1,3,1,1,9,True
2025-2025041619gm-00a9-0000-31ca159b-01-s2-d19,153,B,4,35,"[21500,4300,44600,28600]",1,10.0,1,3,1,1,9,True
2025-2025041619gm-00a9-0000-31ca159b-01-s2-d19,154,A,1,1,"[14000,29600,42700,13700]",1,10.0,1,3,0,0,9,True
2025-2025041619gm-00a9-0000-31ca159b-01-s2-d19,154,B,4,35,"[20800,37400,34100,7700]",2,4.0,1,3,0,0,8,True
2025-2025041619gm-00a9-0000-31ca159b-01-s2-d19,155,A,1,1,"[4000,34100,20500,40400]",3,-4.0,1,3,0,1,10,True
2025-2025041619gm-00a9-0000-31ca159b-01-s2-d19,155,B,4,35,"[4000,34100,20500,40400]",3,-4.0,1,3,0,1,10,True
2025-2025041619gm-00a9-0000-31ca159b-01-s2-d19,156,A,1,1,"[22200,6500,37000,34300]",1,10.0,1,3,0,0,9,True
2025-2025041619gm-00a9-0000-31ca159b-01-s2-d19,156,B,4,35,"[22200,6500,37000,34300]",1,10.0,1,3,0,0,9,True
2025-2025041619gm-00a9-0000-31ca159b-01-s2-d19,157,A,1,1,"[25600,24900,32300,17200]",1,10.0,1,3,1,0,7,True
2025-2025041619gm-00a9-0000-31ca159b-01-s2-d19,157,B,4,35,"[25600,24900,32300,17200]",1,10.0,1,3,1,0,7,True
2025-2025041619gm-00a9-0000-31ca159b-01-s2-d19,158,A,1,1,"[19500,16200,24000,38300]",2,4.0,1,3,1,2,7,True
2025-2025041619gm-00a9-0000-31ca159b-01-s2-d19,158,B,4,35,"[19500,16200,24000,38300]",2,4.0,1,3,1,2,7,True
2025-2025041619gm-00a9-0000-31ca159b-01-s2-d19,159,A,1,1,"[32600,12800,30000,24600]",2,4.0,1,3,1,0,8,True
2025-2025041619gm-00a9-0000-31ca159b-01-s2-d19,159,B,4,35,"[23500,28100,31100,17300]",1,10.0,1,3,0,0,9,True
2025-2025041619gm-00a9-0000-31ca159b-01-s2-d19,160,A,1,1,"[32600,14300,36400,16700]",1,10.0,1,3,0,0,8,True
2025-2025041619gm-00a9-0000-31ca159b-01-s2-d19,160,B,4,35,"[32600,14300,36400,16700]",1,10.0,1,3,0,0,8,True
2025-2025041619gm-00a9-0000-31ca159b-01-s2-d19,161,A,1,1,"[29300,47100,21800,1800]",3,-4.0,1,3,0,0,12,True
2025-2025041619gm-00a9-0000-31ca159b-01-s2-d19,161,B,4,35,"[44300,17900,33100,4700]",2,4.0,1,3,0,0,9,True
2025-2025041619gm-00a9-0000-31ca159b-01-s2-d19,162,A,1,1,"[19400,35700,28200,16700]",2,4.0,1,3,0,0,8,True
2025-2025041619gm-00a9-0000-31ca159b-01-s2-d19,162,B,4,35,"[19400,35700,28200,16700]",2,4.0,1,3,0,0,8,True
2025-2025041619gm-00a9-0000-31ca159b-01-s2-d19,163,A,1,1,"[-3600,34700,38600,30300]",1,10.0,1,1,1,0,7,True
2025-2025041619gm-00a9-0000-31ca159b-01-s2-d19,163,B,4,35,"[31100,6400,31900,30600]",1,10.0,1,3,1,0,8,True
2025-2025041619gm-00a9-0000-31ca159b-01-s2-d19,164,A,1,1,"[21500,20300,30800,27400]",1,10.0,1,3,0,0,9,True
2025-2025041619gm-00a9-0000-31ca159b-01-s2-d19,164,B,4,35,"[21500,20300,30800,27400]",1,10.0,1,3,0,0,9,True
2025-2025041619gm-00a9-0000-31ca159b-01-s2-d19,165,A,1,1,"[11000,20400,38500,29100]",1,10.0,1,3,2,1,10,True
2025-2025041619gm-00a9-0000-31ca159b-01-s2-d19,165,B,4,35,"[20900,-3100,50600,31600]",1,10.0,1,3,0,0,8,True
2025-2025041619gm-00a9-0000-31ca159b-01-s2-d19,166,A,1,1,"[1100,33000,15700,50200]",3,-4.0,1,3,2,0,16,True
2025-2025041619gm-00a9-0000-31ca159b-01-s2-d19,166,B,4,35,"[-1700,28900,22700,50100]",3,-4.0,0,3,5,0,11,True
2025-2025041619gm-00a9-0000-31ca159b-01-s2-d19,167,A,1,1,"[21800,22300,25800,30100]",2,4.0,1,3,0,0,8,True
2025-2025041619gm-00a9-0000-31ca159b-01-s2-d19,167,B,4,35,"[21800,22300,25800,30100]",2,4.0,1,3,0,0,8,True
2025-2025041619gm-00a9-0000-31ca159b-01-s2-d19,168,A,1,1,"[29200,44300,17600,8900]",3,-4.0,1,3,0,0,8,True
2025-2025041619gm-00a9-0000-31ca159b-01-s2-d19,168,B,4,35,"[20600,32100,31800,15500]",2,4.0,1,3,0,0,8,True
2025-2025041619gm-00a9-0000-31ca159b-01-s2-d19,169,A,1,1,"[22200,33200,26100,18500]",2,4.0,2,2,0,0,14,True
2025-2025041619gm-00a9-0000-31ca159b-01-s2-d19,169,B,4,35,"[22200,33200,26100,18500]",2,4.0,2,2,0,0,14,True
2025-2025041619gm-00a9-0000-31ca159b-01-s2-d19,170,A,1,1,"[10700,36600,20300,32400]",3,-4.0,1,3,0,0,9,True
2025-2025041619gm-00a9-0000-31ca159b-01-s2-d19,170,B,4,35,"[10700,36600,20300,32400]",3,-4.0,1,3,0,0,9,True
2025-2025041619gm-00a9-0000-31ca159b-01-s2-d19,171,A,1,1,"[15400,29300,22900,32400]",3,-4.0,1,3,0,0,10,True
2025-2025041619gm-00a9-0000-31ca159b-01-s2-d19,171,B,4,35,"[22300,14300,9800,52600]",4,-10.0,1,3,0,1,10,True
2025-2025041619gm-00a9-0000-31ca159b-01-s2-d19,172,A,1,1,"[26600,13400,73100,-13100]",1,10.0,1,3,0,0,9,True
2025-2025041619gm-00a9-0000-31ca159b-01-s2-d19,172,B,4,35,"[20100,19400,26300,34200]",2,4.0,2,1,0,0,11,True
2025-2025041619gm-00a9-0000-31ca159b-01-s2-d19,173,A,1,1,"[37500,17300,19800,25400]",3,-4.0,1,3,0,0,10,True
2025-2025041619gm-00a9-0000-31ca159b-01-s2-d19,173,B,4,35,"[37500,17300,19800,25400]",3,-4.0,1,3,0,0,10,True
2025-2025041619gm-00a9-0000-31ca159b-01-s2-d19,174,A,1,1,"[19100,42700,17000,21200]",4,-10.0,1,3,2,0,9,True
2025-2025041619gm-00a9-0000-31ca159b-01-s2-d19,174,B,4,35,"[19100,42700,17000,21200]",4,-10.0,1,3,2,0,9,True
2025-2025041619gm-00a9-0000-31ca159b-01-s2-d19,175,A,1,1,"[20200,14900,47200,17700]",1,10.0,1,3,0,0,9,True
2025-2025041619gm-00a9-0000-31ca159b-01-s2-d19,175,B,4,35,"[27600,40600,17300,14500]",3,-4.0,1,3,1,0,12,True
2025-2025041619gm-00a9-0000-31ca159b-01-s2-d19,176,A,1,1,"[27200,9700,33100,30000]",1,10.0,1,3,0,0,10,True
2025-2025041619gm-00a9-0000-31ca159b-01-s2-d19,176,B,4,35,"[39400,20500,8700,31400]",4,-10.0,1,3,1,0,8,True
2025-2025041619gm-00a9-0000-31ca159b-01-s2-d19,177,A,1,1,"[29300,7600,39900,23200]",1,10.0,1,3,0,0,10,True
2025-2025041619gm-00a9-0000-31ca159b-01-s2-d19,177,B,4,35,"[29300,7600,39900,23200]",1,10.0,1,3,0,0,10,True
2025-2025041619gm-00a9-0000-31ca159b-01-s2-d19,178,A,1,1,"[21800,17300,39500,21400]",1,10.0,1,3,1,0,12,True
2025-2025041619gm-00a9-0000-31ca159b-01-s2-d19,178,B,4,35,"[21800,17300,39500,21400]",1,10.0,1,3,1,0,12,True
2025-2025041619gm-00a9-0000-31ca159b-01-s2-d19,179,A,1,1,"[18000,20400,8700,49900]",4,-10.0,1,3,1,3,8,True
2025-2025041619gm-00a9-0000-31ca159b-01-s2-d19,179,B,4,35,"[18000,20400,8700,49900]",4,-10.0,1,3,1,3,8,True
2025-2025041619gm-00a9-0000-31ca159b-01-s2-d19,180,A,1,1,"[15000,31200,23300,30500]",3,-4.0,1,3,0,0,7,True
2025-2025041619gm-00a9-0000-31ca159b-01-s2-d19,180,B,4,35,"[28900,14700,30600,25800]",1,10.0,1,3,0,0,8,True
2025-2025041619gm-00a9-0000-31ca159b-01-s2-d19,181,A,1,1,"[50400,21300,12100,15200]",4,-10.0,1,3,0,1,9,True
2025-2025041619gm-00a9-0000-31ca159b-01-s2-d19,181,B,4,35,"[50400,21300,12100,15200]",4,-10.0,1,3,0,1,9,True
2025-2025041619gm-00a9-0000-31ca159b-01-s2-d19,182,A,1,1,"[27600,7900,34700,29800]",1,10.0,1,3,0,0,7,True
2025-2025041619gm-00a9-0000-31ca159b-01-s2-d19,182,B,4,35,"[27600,7900,34700,29800]",1,10.0,1,3,0,0,7,True
2025-2025041619gm-00a9-0000-31ca159b-01-s2-d19,183,A,1,1,"[33600,17100,24500,24800]",3,-4.0,1,3,0,0,7,True
2025-2025041619gm-00a9-0000-31ca159b-01-s2-d19,183,B,4,35,"[33600,17100,24500,24800]",3,-4.0,1,3,0,0,7,True
2025-2025041619gm-00a9-0000-31ca159b-01-s2-d19,184,A,1,1,"[47400,14100,1400,37100]",4,-10.0,1,3,1,0,10,True
2025-2025041619gm-00a9-0000-31ca159b-01-s2-d19,184,B,4,35,"[23800,5200,41600,29400]",1,10.0,1,3,1,0,11,True
2025-2025041619gm-00a9-0000-31ca159b-01-s2-d19,185,A,1,1,"[34500,-900,38500,27900]",1,10.0,1,0,2,0,7,True
2025-2025041619gm-00a9-0000-31ca159b-01-s2-d19,185,B,4,35,"[1700,28200,33300,36800]",2,4.0,1,3,0,0,8,True
2025-2025041619gm-00a9-0000-31ca159b-01-s2-d19,186,A,1,1,"[19000,41200,17300,21500]",4,-10.0,1,3,0,1,10,True
2025-2025041619gm-00a9-0000-31ca159b-01-s2-d19,186,B,4,35,"[19000,41200,17300,21500]",4,-10.0,1,3,0,1,10,True
2025-2025041619gm-00a9-0000-31ca159b-01-s2-d19,187,A,1,1,"[-5400,45800,26600,33000]",3,-4.0,1,2,0,0,10,True
2025-2025041619gm-00a9-0000-31ca159b-01-s2-d19,187,B,4,35,"[-5400,45800,26600,33000]",3,-4.0,1,2,0,0,10,True
2025-2025041619gm-00a9-0000-31ca159b-01-s2-d19,188,A,1,1,"[25600,32700,34400,7300]",1,10.0,1,3,0,0,8,True
2025-2025041619gm-00a9-0000-31ca159b-01-s2-d19,188,B,4,35,"[34500,24000,23900,17600]",3,-4.0,1,3,0,0,8,True
2025-2025041619gm-00a9-0000-31ca159b-01-s2-d19,189,A,1,1,"[42600,27600,33800,-4000]",2,4.0,1,1,0,0,6,True
2025-2025041619gm-00a9-0000-31ca159b-01-s2-d19,189,B,4,35,"[42600,27600,33800,-4000]",2,4.0,1,1,0,0,6,True
2025-2025041619gm-00a9-0000-31ca159b-01-s2-d19,190,A,1,1,"[15200,28900,40900,15000]",1,10.0,1,3,0,0,11,True
2025-2025041619gm-00a9-0000-31ca159b-01-s2-d19,190,B,4,35,"[15200,28900,40900,15000]",1,10.0,1,3,0,0,11,True
2025-2025041619gm-00a9-0000-31ca159b-01-s2-d19,191,A,1,1,"[12000,26300,34900,25800]",1,10.0,1,3,0,1,8,True
2025-2025041619gm-00a9-0000-31ca159b-01-s2-d19,191,B,4,35,"[33100,35900,17800,13200]",3,-4.0,1,3,1,0,9,True
2025-2025041619gm-00a9-0000-31ca159b-01-s2-d19,192,A,1,1,"[20500,31800,10300,37400]",4,-10.0,1,3,0,0,8,True
2025-2025041619gm-00a9-0000-31ca159b-01-s2-d19,192,B,4,35,"[12300,28600,26600,32500]",3,-4.0,2,0,0,0,9,True
2025-2025041619gm-00a9-0000-31ca159b-01-s2-d19,193,A,1,1,"[8800,33100,53200,4900]",1,10.0,1,3,0,0,12,True
2025-2025041619gm-00a9-0000-31ca159b-01-s2-d19,193,B,4,35,"[8800,33100,53200,4900]",1,10.0,1,3,0,0,12,True
2025-2025041619gm-00a9-0000-31ca159b-01-s2-d19,194,A,1,1,"[30500,18700,30300,19500]",2,4.0,1,3,0,1,9,True
2025-2025041619gm-00a9-0000-31ca159b-01-s2-d19,194,B,4,35,"[15300,29600,13700,41400]",4,-10.0,1,3,1,0,10,True
2025-2025041619gm-00a9-0000-31ca159b-01-s2-d19,195,A,1,1,"[21500,60700,10600,7200]",3,-4.0,1,3,1,0,11,True
2025-2025041619gm-00a9-0000-31ca159b-01-s2-d19,195,B,4,35,"[21500,60700,10600,7200]",3,-4.0,1,3,1,0,11,True
2025-2025041619gm-00a9-0000-31ca159b-01-s2-d19,196,A,1,1,"[14300,35700,33100,16900]",2,4.0,1,3,2,0,11,True
2025-2025041619gm-00a9-0000-31ca159b-01-s2-d19,196,B,4,35,"[39900,35200,13000,11900]",3,-4.0,1,3,0,0,9,True
2025-2025041619gm-00a9-0000-31ca159b-01-s2-d19,197,A,1,1,"[45000,16800,16000,22200]",4,-10.0,1,3,0,0,7,True
2025-2025041619gm-00a9-0000-31ca159b-01-s2-d19,197,B,4,35,"[17700,38000,22000,22300]",3,-4.0,1,3,1,0,12,True
2025-2025041619gm-00a9-0000-31ca159b-01-s2-d19,198,A,1,1,"[31500,25600,27200,15700]",2,4.0,1,3,0,0,10,True
2025-2025041619gm-00a9-0000-31ca159b-01-s2-d19,198,B,4,35,"[30300,24600,30400,14700]",1,10.0,1,3,0,0,10,True
2025-2025041619gm-00a9-0000-31ca159b-01-s2-d19,199,A,1,1,"[39600,24800,-400,36000]",4,-10.0,1,3,0,0,8,True
2025-2025041619gm-00a9-0000-31ca159b-01-s2-d19,199,B,4,35,"[39600,24800,-400,36000]",4,-10.0,1,3,0,0,8,True
2025-2025041619gm-00a9-0000-31ca159b-01-s2-d19,200,A,1,1,"[17600,30800,25600,25000]",2,4.0,2,0,0,1,14,True
2025-2025041619gm-00a9-0000-31ca159b-01-s2-d19,200,B,4,35,"[18700,15400,28100,37800]",2,4.0,1,3,0,0,13,True
2025-2025041619gm-00a9-0000-31ca159b-01-s2-d19,201,A,1,1,"[28800,5200,42500,23500]",1,10.0,1,3,2,0,11,True
2025-2025041619gm-00a9-0000-31ca159b-01-s2-d19,201,B,4,35,"[15700,25300,43000,16000]",1,10.0,1,3,0,0,7,True
2025-2025041619gm-00a9-0000-31ca159b-01-s2-d19,202,A,1,1,"[9000,15400,31700,43900]",2,4.0,1,3,0,0,9,True
2025-2025041619gm-00a9-0000-31ca159b-01-s2-d19,202,B,4,35,"[23100,30000,33800,13100]",1,10.0,1,3,0,0,8,True
2025-2025041619gm-00a9-0000-31ca159b-01-s2-d19,203,A,1,1,"[4400,27700,22500,44400]",3,-4.0,1,3,1,1,8,True
2025-2025041619gm-00a9-0000-31ca159b-01-s2-d19,203,B,4,35,"[-6800,24200,33000,49600]",2,4.0,1,1,0,0,6,True
2025-2025041619gm-00a9-0000-31ca159b-01-s2-d19,204,A,1,1,"[21700,21800,23500,33000]",2,4.0,1,3,0,0,11,True
2025-2025041619gm-00a9-0000-31ca159b-01-s2-d19,204,B,4,35,"[21400,49600,19500,9500]",3,-4.0,1,3,0,0,10,True
2025-2025041619gm-00a9-0000-31ca159b-01-s2-d19,205,A,1,1,"[32200,40000,17900,9900]",3,-4.0,1,3,0,0,9,True
2025-2025041619gm-00a9-0000-31ca159b-01-s2-d19,205,B,4,35,"[34800,22700,38000,4500]",1,10.0,1,3,0,0,10,True
2025-2025041619gm-00a9-0000-31ca159b-01-s2-d19,206,A,1,1,"[23000,37700,20500,18800]",3,-4.0,1,3,0,0,10,True
2025-2025041619gm-00a9-0000-31ca159b-01-s2-d19,206,B,4,35,"[23000,37700,20500,18800]",3,-4.0,1,3,0,0,10,True
2025-2025041619gm-00a9-0000-31ca159b-01-s2-d19,207,A,1,1,"[34100,3400,30700,31800]",3,-4.0,1,3,0,0,8,True
2025-2025041619gm-00a9-0000-31ca159b-01-s2-d19,207,B,4,35,"[34100,3400,30700,31800]",3,-4.0,1,3,0,0,8,True
2025-2025041619gm-00a9-0000-31ca159b-01-s2-d19,208,A,1,1,"[19700,34200,21600,24500]",3,-4.0,1,3,1,0,10,True
2025-2025041619gm-00a9-0000-31ca159b-01-s2-d19,208,B,4,35,"[19700,34200,21600,24500]",3,-4.0,1,3,1,0,10,True
2025-2025041619gm-00a9-0000-31ca159b-01-s2-d19,209,A,1,1,"[37000,11900,44700,6400]",1,10.0,1,3,1,0,10,True
2025-2025041619gm-00a9-0000-31ca159b-01-s2-d19,209,B,4,35,"[37000,11900,44700,6400]",1,10.0,1,3,1,0,10,True
2025-2025041619gm-00a9-0000-31ca159b-01-s2-d19,210,A,1,1,"[18500,16700,49400,15400]",1,10.0,1,3,1,0,10,True
2025-2025041619gm-00a9-0000-31ca159b-01-s2-d19,210,B,4,35,"[30800,19000,36700,13500]",1,10.0,1,3,0,0,9,True
2025-2025041619gm-00a9-0000-31ca159b-01-s2-d19,211,A,1,1,"[27500,39200,28300,5000]",2,4.0,1,3,0,0,9,True
2025-2025041619gm-00a9-0000-31ca159b-01-s2-d19,211,B,4,35,"[24300,18000,24500,33200]",2,4.0,2,0,0,0,10,True
2025-2025041619gm-00a9-0000-31ca159b-01-s2-d19,212,A,1,1,"[17500,31800,18300,32400]",3,-4.0,1,3,1,0,11,True
2025-2025041619gm-00a9-0000-31ca159b-01-s2-d19,212,B,4,35,"[34400,33600,27600,4400]",3,-4.0,1,3,0,0,9,True
2025-2025041619gm-00a9-0000-31ca159b-01-s2-d19,213,A,1,1,"[40800,14900,15700,28600]",3,-4.0,1,3,0,0,8,True
2025-2025041619gm-00a9-0000-31ca159b-01-s2-d19,213,B,4,35,"[42600,-600,21100,36900]",3,-4.0,0,3,1,0,4,True
2025-2025041619gm-00a9-0000-31ca159b-01-s2-d19,214,A,1,1,"[33900,17200,25300,23600]",2,4.0,1,3,1,0,9,True
2025-2025041619gm-00a9-0000-31ca159b-01-s2-d19,214,B,4,35,"[33900,17200,25300,23600]",2,4.0,1,3,1,0,9,True
2025-2025041619gm-00a9-0000-31ca159b-01-s2-d19,215,A,1,1,"[24000,29000,-10300,57300]",4,-10.0,0,1,1,0,2,True
2025-2025041619gm-00a9-0000-31ca159b-01-s2-d19,215,B,4,35,"[24000,29000,-10300,57300]",4,-10.0,0,1,1,0,2,True
2025-2025041619gm-00a9-0000-31ca159b-01-s2-d19,216,A,1,1,"[31700,39400,20500,8400]",3,-4.0,1,3,0,0,11,True
2025-2025041619gm-00a9-0000-31ca159b-01-s2-d19,216,B,4,35,"[31700,39400,20500,8400]",3,-4.0,1,3,0,0,11,True
2025-2025041619gm-00a9-0000-31ca159b-01-s2-d19,217,A,1,1,"[12000,40200,48800,-1000]",1,10.0,1,3,0,0,10,True
2025-2025041619gm-00a9-0000-31ca159b-01-s2-d19,217,B,4,35,"[12000,40200,48800,-1000]",1,10.0,1,3,0,0,10,True
2025-2025041619gm-00a9-0000-31ca159b-01-s2-d19,218,A,1,1,"[8200,33200,29700,28900]",2,4.0,1,3,0,0,12,True
2025-2025041619gm-00a9-0000-31ca159b-01-s2-d19,218,B,4,35,"[31800,21400,41000,5800]",1,10.0,1,3,0,0,8,True
2025-2025041619gm-00a9-0000-31ca159b-01-s2-d19,219,A,1,1,"[41200,8600,27500,22700]",2,4.0,1,3,0,0,9,True
2025-2025041619gm-00a9-0000-31ca159b-01-s2-d19,219,B,4,35,"[13000,26500,20200,40300]",3,-4.0,1,3,0,0,11,True
2025-2025041619gm-00a9-0000-31ca159b-01-s2-d19,220,A,1,1,"[18300,40800,29500,11400]",2,4.0,1,3,0,0,9,True
2025-2025041619gm-00a9-0000-31ca159b-01-s2-d19,220,B,4,35,"[18300,40800,29500,11400]",2,4.0,1,3,0,0,9,True
2025-2025041619gm-00a9-0000-31ca159b-01-s2-d19,221,A,1,1,"[14800,28900,11700,44600]",4,-10.0,1,3,0,0,12,True
2025-2025041619gm-00a9-0000-31ca159b-01-s2-d19,221,B,4,35,"[20500,33000,9100,37400]",4,-10.0,1,3,0,0,10,True
2025-2025041619gm-00a9-0000-31ca159b-01-s2-d19,222,A,1,1,"[10000,9800,43500,36700]",1,10.0,1,3,0,0,11,True
2025-2025041619gm-00a9-0000-31ca159b-01-s2-d19,222,B,4,35,"[5100,36000,29000,29900]",3,-4.0,1,3,0,0,7,True
2025-2025041619gm-00a9-0000-31ca159b-01-s2-d19,223,A,1,1,"[31300,29100,21500,18100]",3,-4.0,1,3,0,0,9,True
2025-2025041619gm-00a9-0000-31ca159b-01-s2-d19,223,B,4,35,"[31300,29100,21500,18100]",3,-4.0,1,3,0,0,9,True
2025-2025041619gm-00a9-0000-31ca159b-01-s2-d19,224,A,1,1,"[28600,14800,55000,1600]",1,10.0,1,3,1,0,12,True
2025-2025041619gm-00a9-0000-31ca159b-01-s2-d19,224,B,4,35,"[28600,14800,55000,1600]",1,10.0,1,3,1,0,12,True
2025-2025041619gm-00a9-0000-31ca159b-01-s2-d19,225,A,1,1,"[18700,31400,18400,31500]",4,-10.0,1,3,0,0,7,True
2025-2025041619gm-00a9-0000-31ca159b-01-s2-d19,225,B,4,35,"[18700,31400,18400,31500]",4,-10.0,1,3,0,0,7,True
2025-2025041619gm-00a9-0000-31ca159b-01-s2-d19,226,A,1,1,"[21600,11900,24900,41600]",2,4.0,1,3,0,0,7,True
2025-2025041619gm-00a9-0000-31ca159b-01-s2-d19,226,B,4,35,"[21600,11900,24900,41600]",2,4.0,1,3,0,0,7,True
2025-2025041619gm-00a9-0000-31ca159b-01-s2-d19,227,A,1,1,"[48200,16900,22700,12200]",2,4.0,1,3,0,0,9,True
2025-2025041619gm-00a9-0000-31ca159b-01-s2-d19,227,B,4,35,"[48200,16900,22700,12200]",2,4.0,1,3,0,0,9,True
2025-2025041619gm-00a9-0000-31ca159b-01-s2-d19,228,A,1,1,"[29500,6000,32700,31800]",1,10.0,1,3,0,0,9,True
2025-2025041619gm-00a9-0000-31ca159b-01-s2-d19,228,B,4,35,"[9800,26700,46000,17500]",1,10.0,1,3,0,0,9,True
2025-2025041619gm-00a9-0000-31ca159b-01-s2-d19,229,A,1,1,"[15900,16700,52300,15100]",1,10.0,1,3,0,0,10,True
2025-2025041619gm-00a9-0000-31ca159b-01-s2-d19,229,B,4,35,"[15900,16700,52300,15100]",1,10.0,1,3,0,0,10,True
2025-2025041619gm-00a9-0000-31ca159b-01-s2-d19,230,A,1,1,"[30400,12500,18600,38500]",3,-4.0,1,3,0,0,7,True
2025-2025041619gm-00a9-0000-31ca159b-01-s2-d19,230,B,4,35,"[11800,15200,42300,30700]",1,10.0,1,3,1,0,9,True
2025-2025041619gm-00a9-0000-31ca159b-01-s2-d19,231,A,1,1,"[32100,12800,36500,18600]",1,10.0,1,3,2,0,7,True
2025-2025041619gm-00a9-0000-31ca159b-01-s2-d19,231,B,4,35,"[22200,24000,23100,30700]",3,-4.0,1,3,0,0,10,True
2025-2025041619gm-00a9-0000-31ca159b-01-s2-d19,232,A,1,1,"[29700,14400,25800,30100]",3,-4.0,1,3,0,0,9,True
2025-2025041619gm-00a9-0000-31ca159b-01-s2-d19,232,B,4,35,"[13400,27800,41400,17400]",1,10.0,1,3,0,0,7,True
2025-2025041619gm-00a9-0000-31ca159b-01-s2-d19,233,A,1,1,"[26000,15800,38500,19700]",1,10.0,1,3,0,0,11,True
2025-2025041619gm-00a9-0000-31ca159b-01-s2-d19,233,B,4,35,"[26000,15800,38500,19700]",1,10.0,1,3,0,0,11,True
2025-2025041619gm-00a9-0000-31ca159b-01-s2-d19,234,A,1,1,"[27700,35300,14900,22100]",4,-10.0,1,3,0,0,11,True
2025-2025041619gm-00a9-0000-31ca159b-01-s2-d19,234,B,4,35,"[27700,35300,14900,22100]",4,-10.0,1,3,0,0,11,True
2025-2025041619gm-00a9-0000-31ca159b-01-s2-d19,235,A,1,1,"[27400,37500,5100,30000]",4,-10.0,1,3,0,0,12,True
2025-2025041619gm-00a9-0000-31ca159b-01-s2-d19,235,B,4,35,"[20700,20200,21600,37500]",2,4.0,1,3,0,0,8,True
2025-2025041619gm-00a9-0000-31ca159b-01-s2-d19,236,A,1,1,"[28500,2000,39800,29700]",1,10.0,1,3,1,0,10,True
2025-2025041619gm-00a9-0000-31ca159b-01-s2-d19,236,B,4,35,"[13000,14000,32700,40300]",2,4.0,1,3,0,0,8,True
2025-2025041619gm-00a9-0000-31ca159b-01-s2-d19,237,A,1,1,"[45600,35100,11300,8000]",3,-4.0,1,3,0,0,10,True
2025-2025041619gm-00a9-0000-31ca159b-01-s2-d19,237,B,4,35,"[33500,33100,24600,8800]",3,-4.0,1,3,0,0,10,True
2025-2025041619gm-00a9-0000-31ca159b-01-s2-d19,238,A,1,1,"[4900,18800,27500,48800]",2,4.0,1,3,0,0,7,True
2025-2025041619gm-00a9-0000-31ca159b-01-s2-d19,238,B,4,35,"[9700,18800,28500,43000]",2,4.0,1,3,0,0,7,True
2025-2025041619gm-00a9-0000-31ca159b-01-s2-d19,239,A,1,1,"[27600,51800,1600,19000]",4,-10.0,1,3,0,0,9,True
2025-2025041619gm-00a9-0000-31ca159b-01-s2-d19,239,B,4,35,"[27600,51800,1600,19000]",4,-10.0,1,3,0,0,9,True
2025-2025041619gm-00a9-0000-31ca159b-01-s2-d19,240,A,1,1,"[27500,17700,34000,20800]",1,10.0,1,3,1,0,7,True
2025-2025041619gm-00a9-0000-31ca159b-01-s2-d19,240,B,4,35,"[10100,47100,12400,30400]",3,-4.0,1,3,0,0,8,True
2025-2025041619gm-00a9-0000-31ca159b-01-s2-d19,241,A,1,1,"[32500,2200,40700,22600]",1,10.0,1,3,2,2,10,True
2025-2025041619gm-00a9-0000-31ca159b-01-s2-d19,241,B,4,35,"[32500,2200,40700,22600]",1,10.0,1,3,2,2,10,True
2025-2025041619gm-00a9-0000-31ca159b-01-s2-d19,242,A,1,1,"[31100,14000,37000,17900]",1,10.0,1,3,2,0,9,True
2025-2025041619gm-00a9-0000-31ca159b-01-s2-d19,242,B,4,35,"[31100,14000,37000,17900]",1,10.0,1,3,2,0,9,True
2025-2025041619gm-00a9-0000-31ca159b-01-s2-d19,243,A,1,1,"[20500,15400,27200,36900]",2,4.0,1,3,0,0,8,True
2025-2025041619gm-00a9-0000-31ca159b-01-s2-d19,243,B,4,35,"[7000,41300,23700,28000]",3,-4.0,1,3,0,0,7,True
2025-2025041619gm-00a9-0000-31ca159b-01-s2-d19,244,A,1,1,"[15800,56100,7900,20200]",4,-10.0,1,3,1,0,8,True
2025-2025041619gm-00a9-0000-31ca159b-01-s2-d19,244,B,4,35,"[-11300,16700,35600,59000]",2,4.0,1,0,1,0,6,True
2025-2025041619gm-00a9-0000-31ca159b-01-s2-d19,245,A,1,1,"[33800,17200,25400,22600]",2,4.0,1,3,1,1,8,True
2025-2025041619gm-00a9-0000-31ca159b-01-s2-d19,245,B,4,35,"[33800,17200,25400,22600]",2,4.0,1,3,1,1,8,True
2025-2025041619gm-00a9-0000-31ca159b-01-s2-d19,246,A,1,1,"[39300,38300,21500,900]",3,-4.0,1,3,0,0,8,True
2025-2025041619gm-00a9-0000-31ca159b-01-s2-d19,246,B,4,35,"[39300,38300,21500,900]",3,-4.0,1,3,0,0,8,True
2025-2025041619gm-00a9-0000-31ca159b-01-s2-d19,247,A,1,1,"[26900,28400,20400,24300]",4,-10.0,2,3,1,0,14,True
2025-2025041619gm-00a9-0000-31ca159b-01-s2-d19,247,B,4,35,"[26900,28400,20400,24300]",4,-10.0,2,3,1,0,14,True
2025-2025041619gm-00a9-0000-31ca159b-01-s2-d19,248,A,1,1,"[30500,24400,21300,23800]",4,-10.0,2,3,1,0,13,True
2025-2025041619gm-00a9-0000-31ca159b-01-s2-d19,248,B,4,35,"[30500,24400,21300,23800]",4,-10.0,2,3,1,0,13,True
2025-2025041619gm-00a9-0000-31ca159b-01-s2-d19,249,A,1,1,"[-8000,65400,20300,22300]",3,-4.0,1,1,3,0,8,True
2025-2025041619gm-00a9-0000-31ca159b-01-s2-d19,249,B,4,35,"[-8000,65400,20300,22300]",3,-4.0,1,1,3,0,8,True
2025-2025041619gm-00a9-0000-31ca159b-01-s2-d19,250,A,1,1,"[31800,9000,43700,15500]",1,10.0,1,3,3,0,10,True
2025-2025041619gm-00a9-0000-31ca159b-01-s2-d19,250,B,4,35,"[31800,9000,43700,15500]",1,10.0,1,3,3,0,10,True
2025-2025041619gm-00a9-0000-31ca159b-01-s2-d19,251,A,1,1,"[38100,18900,11900,31100]",4,-10.0,1,3,0,0,8,True
2025-2025041619gm-00a9-0000-31ca159b-01-s2-d19,251,B,4,35,"[19300,32200,15700,32800]",4,-10.0,1,3,0,0,7,True
2025-2025041619gm-00a9-0000-31ca159b-01-s2-d19,252,A,1,1,"[21100,32400,7300,39200]",4,-10.0,1,3,0,0,9,True
2025-2025041619gm-00a9-0000-31ca159b-01-s2-d19,252,B,4,35,"[31200,25600,12000,31200]",4,-10.0,1,3,0,0,12,True
2025-2025041619gm-00a9-0000-31ca159b-01-s2-d19,253,A,1,1,"[9800,29600,31600,29000]",1,10.0,1,3,1,0,8,True
2025-2025041619gm-00a9-0000-31ca159b-01-s2-d19,253,B,4,35,"[23200,34800,17100,23900]",4,-10.0,1,3,1,1,9,True
2025-2025041619gm-00a9-0000-31ca159b-01-s2-d19,254,A,1,1,"[17800,27200,20100,34900]",3,-4.0,1,3,0,0,7,True
2025-2025041619gm-00a9-0000-31ca159b-01-s2-d19,254,B,4,35,"[12500,10600,22200,54700]",2,4.0,1,3,0,0,8,True
2025-2025041619gm-00a9-0000-31ca159b-01-s2-d19,255,A,1,1,"[26800,30100,18800,23300]",4,-10.0,1,3,1,1,10,True
2025-2025041619gm-00a9-0000-31ca159b-01-s2-d19,255,B,4,35,"[32000,-3200,34900,36300]",2,4.0,1,3,1,0,9,True
2025-2025123121gm-00a9-0000-60ebef25-12-s1-d11,0,A,1,0,"[700,39600,23700,35000]",1,10.0,1,3,3,1,1,True
2025-2025123121gm-00a9-0000-60ebef25-12-s1-d11,0,B,2,77,"[700,39600,23700,35000]",1,10.0,1,3,3,1,1,True
2025-2025123121gm-00a9-0000-60ebef25-12-s1-d11,1,A,1,0,"[700,39600,23700,35000]",1,10.0,1,3,3,1,1,True
2025-2025123121gm-00a9-0000-60ebef25-12-s1-d11,1,B,2,77,"[700,39600,23700,35000]",1,10.0,1,3,3,1,1,True
2025-2025123121gm-00a9-0000-60ebef25-12-s1-d11,2,A,1,0,"[700,39600,23700,35000]",1,10.0,1,3,3,1,1,True
2025-2025123121gm-00a9-0000-60ebef25-12-s1-d11,2,B,2,77,"[700,39600,23700,35000]",1,10.0,1,3,3,1,1,True
2025-2025123121gm-00a9-0000-60ebef25-12-s1-d11,3,A,1,0,"[100,39000,26700,34200]",1,10.0,1,3,3,0,1,True
2025-2025123121gm-00a9-0000-60ebef25-12-s1-d11,3,B,2,77,"[-3500,35400,19500,48600]",2,4.0,1,3,3,0,1,True
2025-2025123121gm-00a9-0000-60ebef25-12-s1-d11,4,A,1,0,"[700,39600,23700,35000]",1,10.0,1,3,3,1,1,True
2025-2025123121gm-00a9-0000-60ebef25-12-s1-d11,4,B,2,77,"[-300,42600,22700,34000]",1,10.0,1,3,3,1,1,True
2025-2025123121gm-00a9-0000-60ebef25-12-s1-d11,5,A,1,0,"[700,39600,23700,35000]",1,10.0,1,3,3,1,1,True
2025-2025123121gm-00a9-0000-60ebef25-12-s1-d11,5,B,2,77,"[700,39600,23700,35000]",1,10.0,1,3,3,1,1,True
2025-2025123121gm-00a9-0000-60ebef25-12-s1-d11,6,A,1,0,"[700,39600,23700,35000]",1,10.0,1,3,3,1,1,True
2025-2025123121gm-00a9-0000-60ebef25-12-s1-d11,6,B,2,77,"[700,36700,27600,35000]",1,10.0,1,3,3,0,1,True
2025-2025123121gm-00a9-0000-60ebef25-12-s1-d11,7,A,1,0,"[-300,38600,26700,34000]",1,10.0,1,3,3,1,1,True
2025-2025123121gm-00a9-0000-60ebef25-12-s1-d11,7,B,2,77,"[-2200,43500,23700,35000]",1,10.0,1,3,3,0,1,True
2025-2025123121gm-00a9-0000-60ebef25-12-s1-d11,8,A,1,0,"[-2200,39600,27600,35000]",1,10.0,1,3,3,0,1,True
2025-2025123121gm-00a9-0000-60ebef25-12-s1-d11,8,B,2,77,"[700,39600,23700,35000]",1,10.0,1,3,3,1,1,True
2025-2025123121gm-00a9-0000-60ebef25-12-s1-d11,9,A,1,0,"[700,39600,23700,35000]",1,10.0,1,3,3,1,1,True
2025-2025123121gm-00a9-0000-60ebef25-12-s1-d11,9,B,2,77,"[700,39600,23700,35000]",1,10.0,1,3,3,1,1,True
2025-2025123121gm-00a9-0000-60ebef25-12-s1-d11,10,A,1,0,"[700,39600,23700,35000]",1,10.0,1,3,3,1,1,True
2025-2025123121gm-00a9-0000-60ebef25-12-s1-d11,10,B,2,77,"[-300,38600,22700,38000]",1,10.0,1,3,3,1,1,True
2025-2025123121gm-00a9-0000-60ebef25-12-s1-d11,11,A,1,0,"[-300,38600,22700,38000]",1,10.0,1,3,3,1,1,True
2025-2025123121gm-00a9-0000-60ebef25-12-s1-d11,11,B,2,77,"[700,39600,23700,35000]",1,10.0,1,3,3,1,1,True
2025-2025123121gm-00a9-0000-60ebef25-12-s1-d11,12,A,1,0,"[700,39600,23700,35000]",1,10.0,1,3,3,1,1,True
2025-2025123121gm-00a9-0000-60ebef25-12-s1-d11,12,B,2,77,"[-300,38600,26700,34000]",1,10.0,1,3,3,1,1,True
2025-2025123121gm-00a9-0000-60ebef25-12-s1-d11,13,A,1,0,"[-100,38800,27600,33700]",1,10.0,1,3,3,0,1,True
2025-2025123121gm-00a9-0000-60ebef25-12-s1-d11,13,B,2,77,"[700,39600,23700,35000]",1,10.0,1,3,3,1,1,True
2025-2025123121gm-00a9-0000-60ebef25-12-s1-d11,14,A,1,0,"[-300,38600,26700,34000]",1,10.0,1,3,3,1,1,True
2025-2025123121gm-00a9-0000-60ebef25-12-s1-d11,14,B,2,77,"[700,39600,23700,35000]",1,10.0,1,3,3,1,1,True
2025-2025123121gm-00a9-0000-60ebef25-12-s1-d11,15,A,1,0,"[700,39600,23700,35000]",1,10.0,1,3,3,1,1,True
2025-2025123121gm-00a9-0000-60ebef25-12-s1-d11,15,B,2,77,"[700,39600,23700,35000]",1,10.0,1,3,3,1,1,True
2025-2025123121gm-00a9-0000-60ebef25-12-s1-d11,16,A,1,0,"[-300,38600,22700,38000]",1,10.0,1,3,3,1,1,True
2025-2025123121gm-00a9-0000-60ebef25-12-s1-d11,16,B,2,77,"[700,39600,23700,35000]",1,10.0,1,3,3,1,1,True
2025-2025123121gm-00a9-0000-60ebef25-12-s1-d11,17,A,1,0,"[700,39600,23700,35000]",1,10.0,1,3,3,1,1,True
2025-2025123121gm-00a9-0000-60ebef25-12-s1-d11,17,B,2,77,"[700,39600,23700,35000]",1,10.0,1,3,3,1,1,True
2025-2025123121gm-00a9-0000-60ebef25-12-s1-d11,18,A,1,0,"[-1200,39600,26600,35000]",1,10.0,1,3,3,0,1,True
2025-2025123121gm-00a9-0000-60ebef25-12-s1-d11,18,B,2,77,"[-800,38100,25200,36500]",1,10.0,1,3,3,1,1,True
2025-2025123121gm-00a9-0000-60ebef25-12-s1-d11,19,A,1,0,"[700,39600,23700,35000]",1,10.0,1,3,3,1,1,True
2025-2025123121gm-00a9-0000-60ebef25-12-s1-d11,19,B,2,77,"[700,39600,23700,35000]",1,10.0,1,3,3,1,1,True
2025-2025123121gm-00a9-0000-60ebef25-12-s1-d11,20,A,1,0,"[700,39600,23700,35000]",1,10.0,1,3,3,1,1,True
2025-2025123121gm-00a9-0000-60ebef25-12-s1-d11,20,B,2,77,"[700,39600,23700,35000]",1,10.0,1,3,3,1,1,True
2025-2025123121gm-00a9-0000-60ebef25-12-s1-d11,21,A,1,0,"[0,38900,27100,34000]",1,10.0,1,3,3,0,1,True
2025-2025123121gm-00a9-0000-60ebef25-12-s1-d11,21,B,2,77,"[700,39600,23700,35000]",1,10.0,1,3,3,1,1,True
2025-2025123121gm-00a9-0000-60ebef25-12-s1-d11,22,A,1,0,"[-300,38600,22700,38000]",1,10.0,1,3,3,1,1,True
2025-2025123121gm-00a9-0000-60ebef25-12-s1-d11,22,B,2,77,"[700,39600,23700,35000]",1,10.0,1,3,3,1,1,True
2025-2025123121gm-00a9-0000-60ebef25-12-s1-d11,23,A,1,0,"[-7900,39600,23700,44600]",2,4.0,1,3,3,0,1,True
2025-2025123121gm-00a9-0000-60ebef25-12-s1-d11,23,B,2,77,"[700,39600,23700,35000]",1,10.0,1,3,3,1,1,True
2025-2025123121gm-00a9-0000-60ebef25-12-s1-d11,24,A,1,0,"[700,39600,23700,35000]",1,10.0,1,3,3,1,1,True
2025-2025123121gm-00a9-0000-60ebef25-12-s1-d11,24,B,2,77,"[700,39600,23700,35000]",1,10.0,1,3,3,1,1,True
2025-2025123121gm-00a9-0000-60ebef25-12-s1-d11,25,A,1,0,"[700,39600,23700,35000]",1,10.0,1,3,3,1,1,True
2025-2025123121gm-00a9-0000-60ebef25-12-s1-d11,25,B,2,77,"[700,39600,23700,35000]",1,10.0,1,3,3,1,1,True
2025-2025123121gm-00a9-0000-60ebef25-12-s1-d11,26,A,1,0,"[-300,42600,22700,34000]",1,10.0,1,3,3,1,1,True
2025-2025123121gm-00a9-0000-60ebef25-12-s1-d11,26,B,2,77,"[-300,38600,26700,34000]",1,10.0,1,3,3,1,1,True
2025-2025123121gm-00a9-0000-60ebef25-12-s1-d11,27,A,1,0,"[-2200,39600,27600,35000]",1,10.0,1,3,3,0,1,True
2025-2025123121gm-00a9-0000-60ebef25-12-s1-d11,27,B,2,77,"[-300,38600,26700,34000]",1,10.0,1,3,3,1,1,True
2025-2025123121gm-00a9-0000-60ebef25-12-s1-d11,28,A,1,0,"[700,39600,23700,35000]",1,10.0,1,3,3,1,1,True
2025-2025123121gm-00a9-0000-60ebef25-12-s1-d11,28,B,2,77,"[700,39600,23700,35000]",1,10.0,1,3,3,1,1,True
2025-2025123121gm-00a9-0000-60ebef25-12-s1-d11,29,A,1,0,"[-300,38600,22700,38000]",1,10.0,1,3,3,1,1,True
2025-2025123121gm-00a9-0000-60ebef25-12-s1-d11,29,B,2,77,"[700,39600,28600,31100]",1,10.0,1,3,3,0,1,True
2025-2025123121gm-00a9-0000-60ebef25-12-s1-d11,30,A,1,0,"[700,39600,23700,35000]",1,10.0,1,3,3,1,1,True
2025-2025123121gm-00a9-0000-60ebef25-12-s1-d11,30,B,2,77,"[700,39600,23700,35000]",1,10.0,1,3,3,1,1,True
2025-2025123121gm-00a9-0000-60ebef25-12-s1-d11,31,A,1,0,"[700,39600,23700,35000]",1,10.0,1,3,3,1,1,True
2025-2025123121gm-00a9-0000-60ebef25-12-s1-d11,31,B,2,77,"[-300,38600,22700,37000]",1,10.0,1,3,3,2,1,True
2025-2025123121gm-00a9-0000-60ebef25-12-s1-d11,32,A,1,0,"[700,39600,23700,35000]",1,10.0,1,3,3,1,1,True
2025-2025123121gm-00a9-0000-60ebef25-12-s1-d11,32,B,2,77,"[700,39600,23700,35000]",1,10.0,1,3,3,1,1,True
2025-2025123121gm-00a9-0000-60ebef25-12-s1-d11,33,A,1,0,"[700,39600,23700,35000]",1,10.0,1,3,3,1,1,True
2025-2025123121gm-00a9-0000-60ebef25-12-s1-d11,33,B,2,77,"[-300,38600,22700,38000]",1,10.0,1,3,3,1,1,True
2025-2025123121gm-00a9-0000-60ebef25-12-s1-d11,34,A,1,0,"[700,39600,23700,35000]",1,10.0,1,3,3,1,1,True
2025-2025123121gm-00a9-0000-60ebef25-12-s1-d11,34,B,2,77,"[700,37700,26600,35000]",1,10.0,1,3,3,0,1,True
2025-2025123121gm-00a9-0000-60ebef25-12-s1-d11,35,A,1,0,"[700,39600,23700,35000]",1,10.0,1,3,3,1,1,True
2025-2025123121gm-00a9-0000-60ebef25-12-s1-d11,35,B,2,77,"[-800,38100,25200,35500]",1,10.0,1,3,3,2,1,True
2025-2025123121gm-00a9-0000-60ebef25-12-s1-d11,36,A,1,0,"[-300,38600,22700,38000]",1,10.0,1,3,3,1,1,True
2025-2025123121gm-00a9-0000-60ebef25-12-s1-d11,36,B,2,77,"[700,39600,23700,35000]",1,10.0,1,3,3,1,1,True
2025-2025123121gm-00a9-0000-60ebef25-12-s1-d11,37,A,1,0,"[-800,40100,25200,33500]",1,10.0,1,3,3,2,1,True
2025-2025123121gm-00a9-0000-60ebef25-12-s1-d11,37,B,2,77,"[700,39600,23700,35000]",1,10.0,1,3,3,1,1,True
2025-2025123121gm-00a9-0000-60ebef25-12-s1-d11,38,A,1,0,"[700,39600,23700,35000]",1,10.0,1,3,3,1,1,True
2025-2025123121gm-00a9-0000-60ebef25-12-s1-d11,38,B,2,77,"[-300,38600,22700,38000]",1,10.0,1,3,3,1,1,True
2025-2025123121gm-00a9-0000-60ebef25-12-s1-d11,39,A,1,0,"[700,39600,23700,35000]",1,10.0,1,3,3,1,1,True
2025-2025123121gm-00a9-0000-60ebef25-12-s1-d11,39,B,2,77,"[-300,38600,26700,34000]",1,10.0,1,3,3,1,1,True
2025-2025123121gm-00a9-0000-60ebef25-12-s1-d11,40,A,1,0,"[700,39600,23700,35000]",1,10.0,1,3,3,1,1,True
2025-2025123121gm-00a9-0000-60ebef25-12-s1-d11,40,B,2,77,"[700,39600,23700,35000]",1,10.0,1,3,3,1,1,True
2025-2025123121gm-00a9-0000-60ebef25-12-s1-d11,41,A,1,0,"[-300,38600,26700,34000]",1,10.0,1,3,3,1,1,True
2025-2025123121gm-00a9-0000-60ebef25-12-s1-d11,41,B,2,77,"[-600,38300,29600,32700]",1,10.0,1,3,3,0,1,True
2025-2025123121gm-00a9-0000-60ebef25-12-s1-d11,42,A,1,0,"[700,39600,23700,35000]",1,10.0,1,3,3,1,1,True
2025-2025123121gm-00a9-0000-60ebef25-12-s1-d11,42,B,2,77,"[700,39600,23700,35000]",1,10.0,1,3,3,1,1,True
2025-2025123121gm-00a9-0000-60ebef25-12-s1-d11,43,A,1,0,"[700,39600,23700,35000]",1,10.0,1,3,3,1,1,True
2025-2025123121gm-00a9-0000-60ebef25-12-s1-d11,43,B,2,77,"[-300,38600,22700,38000]",1,10.0,1,3,3,1,1,True
2025-2025123121gm-00a9-0000-60ebef25-12-s1-d11,44,A,1,0,"[700,39600,23700,35000]",1,10.0,1,3,3,1,1,True
2025-2025123121gm-00a9-0000-60ebef25-12-s1-d11,44,B,2,77,"[700,39600,23700,35000]",1,10.0,1,3,3,1,1,True
2025-2025123121gm-00a9-0000-60ebef25-12-s1-d11,45,A,1,0,"[-300,38600,22700,38000]",1,10.0,1,3,3,1,1,True
2025-2025123121gm-00a9-0000-60ebef25-12-s1-d11,45,B,2,77,"[700,39600,23700,35000]",1,10.0,1,3,3,1,1,True
2025-2025123121gm-00a9-0000-60ebef25-12-s1-d11,46,A,1,0,"[-300,38600,26700,34000]",1,10.0,1,3,3,1,1,True
2025-2025123121gm-00a9-0000-60ebef25-12-s1-d11,46,B,2,77,"[700,39600,23700,35000]",1,10.0,1,3,3,1,1,True
2025-2025123121gm-00a9-0000-60ebef25-12-s1-d11,47,A,1,0,"[700,39600,23700,35000]",1,10.0,1,3,3,1,1,True
2025-2025123121gm-00a9-0000-60ebef25-12-s1-d11,47,B,2,77,"[700,39600,23700,35000]",1,10.0,1,3,3,1,1,True
2025-2025123121gm-00a9-0000-60ebef25-12-s1-d11,48,A,1,0,"[700,39600,23700,35000]",1,10.0,1,3,3,1,1,True
2025-2025123121gm-00a9-0000-60ebef25-12-s1-d11,48,B,2,77,"[700,39600,23700,35000]",1,10.0,1,3,3,1,1,True
2025-2025123121gm-00a9-0000-60ebef25-12-s1-d11,49,A,1,0,"[700,39600,23700,35000]",1,10.0,1,3,3,1,1,True
2025-2025123121gm-00a9-0000-60ebef25-12-s1-d11,49,B,2,77,"[700,39600,23700,35000]",1,10.0,1,3,3,1,1,True
2025-2025123121gm-00a9-0000-60ebef25-12-s1-d11,50,A,1,0,"[-800,38100,25200,35500]",1,10.0,1,3,3,2,1,True
2025-2025123121gm-00a9-0000-60ebef25-12-s1-d11,50,B,2,77,"[700,39600,23700,35000]",1,10.0,1,3,3,1,1,True
2025-2025123121gm-00a9-0000-60ebef25-12-s1-d11,51,A,1,0,"[-300,38600,26700,34000]",1,10.0,1,3,3,1,1,True
2025-2025123121gm-00a9-0000-60ebef25-12-s1-d11,51,B,2,77,"[-300,38600,26700,34000]",1,10.0,1,3,3,1,1,True
2025-2025123121gm-00a9-0000-60ebef25-12-s1-d11,52,A,1,0,"[700,39600,23700,35000]",1,10.0,1,3,3,1,1,True
2025-2025123121gm-00a9-0000-60ebef25-12-s1-d11,52,B,2,77,"[700,39600,23700,35000]",1,10.0,1,3,3,1,1,True
2025-2025123121gm-00a9-0000-60ebef25-12-s1-d11,53,A,1,0,"[700,39600,23700,35000]",1,10.0,1,3,3,1,1,True
2025-2025123121gm-00a9-0000-60ebef25-12-s1-d11,53,B,2,77,"[700,39600,23700,35000]",1,10.0,1,3,3,1,1,True
2025-2025123121gm-00a9-0000-60ebef25-12-s1-d11,54,A,1,0,"[700,39600,23700,35000]",1,10.0,1,3,3,1,1,True
2025-2025123121gm-00a9-0000-60ebef25-12-s1-d11,54,B,2,77,"[700,39600,23700,35000]",1,10.0,1,3,3,1,1,True
2025-2025123121gm-00a9-0000-60ebef25-12-s1-d11,55,A,1,0,"[-300,42600,22700,34000]",1,10.0,1,3,3,1,1,True
2025-2025123121gm-00a9-0000-60ebef25-12-s1-d11,55,B,2,77,"[700,39600,23700,35000]",1,10.0,1,3,3,1,1,True
2025-2025123121gm-00a9-0000-60ebef25-12-s1-d11,56,A,1,0,"[700,39600,23700,35000]",1,10.0,1,3,3,1,1,True
2025-2025123121gm-00a9-0000-60ebef25-12-s1-d11,56,B,2,77,"[700,39600,23700,35000]",1,10.0,1,3,3,1,1,True
2025-2025123121gm-00a9-0000-60ebef25-12-s1-d11,57,A,1,0,"[-1200,39600,26600,35000]",1,10.0,1,3,3,0,1,True
2025-2025123121gm-00a9-0000-60ebef25-12-s1-d11,57,B,2,77,"[-300,38600,26700,34000]",1,10.0,1,3,3,1,1,True
2025-2025123121gm-00a9-0000-60ebef25-12-s1-d11,58,A,1,0,"[-300,38600,22700,38000]",1,10.0,1,3,3,1,1,True
2025-2025123121gm-00a9-0000-60ebef25-12-s1-d11,58,B,2,77,"[700,39600,23700,35000]",1,10.0,1,3,3,1,1,True
2025-2025123121gm-00a9-0000-60ebef25-12-s1-d11,59,A,1,0,"[700,39600,23700,35000]",1,10.0,1,3,3,1,1,True
2025-2025123121gm-00a9-0000-60ebef25-12-s1-d11,59,B,2,77,"[700,39600,23700,35000]",1,10.0,1,3,3,1,1,True
2025-2025123121gm-00a9-0000-60ebef25-12-s1-d11,60,A,1,0,"[700,39600,23700,35000]",1,10.0,1,3,3,1,1,True
2025-2025123121gm-00a9-0000-60ebef25-12-s1-d11,60,B,2,77,"[-300,38600,22700,38000]",1,10.0,1,3,3,1,1,True
2025-2025123121gm-00a9-0000-60ebef25-12-s1-d11,61,A,1,0,"[700,39600,23700,35000]",1,10.0,1,3,3,1,1,True
2025-2025123121gm-00a9-0000-60ebef25-12-s1-d11,61,B,2,77,"[700,39600,23700,35000]",1,10.0,1,3,3,1,1,True
2025-2025123121gm-00a9-0000-60ebef25-12-s1-d11,62,A,1,0,"[-300,38600,22700,38000]",1,10.0,1,3,3,1,1,True
2025-2025123121gm-00a9-0000-60ebef25-12-s1-d11,62,B,2,77,"[700,39600,23700,35000]",1,10.0,1,3,3,1,1,True
2025-2025123121gm-00a9-0000-60ebef25-12-s1-d11,63,A,1,0,"[-300,38600,22700,37000]",1,10.0,1,3,3,2,1,True
2025-2025123121gm-00a9-0000-60ebef25-12-s1-d11,63,B,2,77,"[-800,38100,25200,36500]",1,10.0,1,3,3,1,1,True
2025-2025123121gm-00a9-0000-60ebef25-12-s1-d11,64,A,1,0,"[700,39600,23700,35000]",1,10.0,1,3,3,1,1,True
2025-2025123121gm-00a9-0000-60ebef25-12-s1-d11,64,B,2,77,"[700,39600,23700,35000]",1,10.0,1,3,3,1,1,True
2025-2025123121gm-00a9-0000-60ebef25-12-s1-d11,65,A,1,0,"[700,39600,23700,35000]",1,10.0,1,3,3,1,1,True
2025-2025123121gm-00a9-0000-60ebef25-12-s1-d11,65,B,2,77,"[-2200,39600,27600,35000]",1,10.0,1,3,3,0,1,True
2025-2025123121gm-00a9-0000-60ebef25-12-s1-d11,66,A,1,0,"[700,39600,23700,35000]",1,10.0,1,3,3,1,1,True
2025-2025123121gm-00a9-0000-60ebef25-12-s1-d11,66,B,2,77,"[700,39600,23700,35000]",1,10.0,1,3,3,1,1,True
2025-2025123121gm-00a9-0000-60ebef25-12-s1-d11,67,A,1,0,"[700,39600,23700,35000]",1,10.0,1,3,3,1,1,True
2025-2025123121gm-00a9-0000-60ebef25-12-s1-d11,67,B,2,77,"[700,39600,23700,35000]",1,10.0,1,3,3,1,1,True
2025-2025123121gm-00a9-0000-60ebef25-12-s1-d11,68,A,1,0,"[700,39600,23700,35000]",1,10.0,1,3,3,1,1,True
2025-2025123121gm-00a9-0000-60ebef25-12-s1-d11,68,B,2,77,"[700,39600,23700,35000]",1,10.0,1,3,3,1,1,True
2025-2025123121gm-00a9-0000-60ebef25-12-s1-d11,69,A,1,0,"[-300,38600,22700,37000]",1,10.0,1,3,3,2,1,True
2025-2025123121gm-00a9-0000-60ebef25-12-s1-d11,69,B,2,77,"[-2200,36700,20800,44700]",2,4.0,1,3,3,0,1,True
2025-2025123121gm-00a9-0000-60ebef25-12-s1-d11,70,A,1,0,"[-300,38600,26700,34000]",1,10.0,1,3,3,1,1,True
2025-2025123121gm-00a9-0000-60ebef25-12-s1-d11,70,B,2,77,"[700,39600,23700,35000]",1,10.0,1,3,3,1,1,True
2025-2025123121gm-00a9-0000-60ebef25-12-s1-d11,71,A,1,0,"[-3100,39600,23700,39800]",2,4.0,1,3,3,0,1,True
2025-2025123121gm-00a9-0000-60ebef25-12-s1-d11,71,B,2,77,"[-600,38300,22400,39900]",2,4.0,1,3,3,0,1,True
2025-2025123121gm-00a9-0000-60ebef25-12-s1-d11,72,A,1,0,"[700,39600,23700,35000]",1,10.0,1,3,3,1,1,True
2025-2025123121gm-00a9-0000-60ebef25-12-s1-d11,72,B,2,77,"[700,39600,23700,35000]",1,10.0,1,3,3,1,1,True
2025-2025123121gm-00a9-0000-60ebef25-12-s1-d11,73,A,1,0,"[700,39600,23700,35000]",1,10.0,1,3,3,1,1,True
2025-2025123121gm-00a9-0000-60ebef25-12-s1-d11,73,B,2,77,"[700,39600,23700,35000]",1,10.0,1,3,3,1,1,True
2025-2025123121gm-00a9-0000-60ebef25-12-s1-d11,74,A,1,0,"[700,39600,23700,35000]",1,10.0,1,3,3,1,1,True
2025-2025123121gm-00a9-0000-60ebef25-12-s1-d11,74,B,2,77,"[-800,38100,25200,35500]",1,10.0,1,3,3,2,1,True
2025-2025123121gm-00a9-0000-60ebef25-12-s1-d11,75,A,1,0,"[700,39600,23700,35000]",1,10.0,1,3,3,1,1,True
2025-2025123121gm-00a9-0000-60ebef25-12-s1-d11,75,B,2,77,"[-300,38600,22700,38000]",1,10.0,1,3,3,1,1,True
2025-2025123121gm-00a9-0000-60ebef25-12-s1-d11,76,A,1,0,"[700,39600,23700,35000]",1,10.0,1,3,3,1,1,True
2025-2025123121gm-00a9-0000-60ebef25-12-s1-d11,76,B,2,77,"[700,39600,23700,35000]",1,10.0,1,3,3,1,1,True
2025-2025123121gm-00a9-0000-60ebef25-12-s1-d11,77,A,1,0,"[700,39600,23700,35000]",1,10.0,1,3,3,1,1,True
2025-2025123121gm-00a9-0000-60ebef25-12-s1-d11,77,B,2,77,"[700,39600,23700,35000]",1,10.0,1,3,3,1,1,True
2025-2025123121gm-00a9-0000-60ebef25-12-s1-d11,78,A,1,0,"[-300,38600,26700,34000]",1,10.0,1,3,3,1,1,True
2025-2025123121gm-00a9-0000-60ebef25-12-s1-d11,78,B,2,77,"[-300,38600,22700,38000]",1,10.0,1,3,3,1,1,True
2025-2025123121gm-00a9-0000-60ebef25-12-s1-d11,79,A,1,0,"[700,39600,23700,35000]",1,10.0,1,3,3,1,1,True
2025-2025123121gm-00a9-0000-60ebef25-12-s1-d11,79,B,2,77,"[700,39600,23700,35000]",1,10.0,1,3,3,1,1,True
2025-2025123121gm-00a9-0000-60ebef25-12-s1-d11,80,A,1,0,"[700,39600,23700,35000]",1,10.0,1,3,3,1,1,True
2025-2025123121gm-00a9-0000-60ebef25-12-s1-d11,80,B,2,77,"[700,39600,23700,35000]",1,10.0,1,3,3,1,1,True
2025-2025123121gm-00a9-0000-60ebef25-12-s1-d11,81,A,1,0,"[-300,38600,22700,37000]",1,10.0,1,3,3,2,1,True
2025-2025123121gm-00a9-0000-60ebef25-12-s1-d11,81,B,2,77,"[-600,38300,22400,39900]",2,4.0,1,3,3,0,1,True
2025-2025123121gm-00a9-0000-60ebef25-12-s1-d11,82,A,1,0,"[-800,38100,25200,36500]",1,10.0,1,3,3,1,1,True
2025-2025123121gm-00a9-0000-60ebef25-12-s1-d11,82,B,2,77,"[-100,38800,27600,33700]",1,10.0,1,3,3,0,1,True
2025-2025123121gm-00a9-0000-60ebef25-12-s1-d11,83,A,1,0,"[700,39600,23700,35000]",1,10.0,1,3,3,1,1,True
2025-2025123121gm-00a9-0000-60ebef25-12-s1-d11,83,B,2,77,"[-300,38600,22700,37000]",1,10.0,1,3,3,2,1,True
2025-2025123121gm-00a9-0000-60ebef25-12-s1-d11,84,A,1,0,"[700,39600,23700,35000]",1,10.0,1,3,3,1,1,True
2025-2025123121gm-00a9-0000-60ebef25-12-s1-d11,84,B,2,77,"[700,39600,23700,35000]",1,10.0,1,3,3,1,1,True
2025-2025123121gm-00a9-0000-60ebef25-12-s1-d11,85,A,1,0,"[700,39600,23700,35000]",1,10.0,1,3,3,1,1,True
2025-2025123121gm-00a9-0000-60ebef25-12-s1-d11,85,B,2,77,"[-300,38600,22700,38000]",1,10.0,1,3,3,1,1,True
2025-2025123121gm-00a9-0000-60ebef25-12-s1-d11,86,A,1,0,"[700,39600,23700,35000]",1,10.0,1,3,3,1,1,True
2025-2025123121gm-00a9-0000-60ebef25-12-s1-d11,86,B,2,77,"[700,39600,23700,35000]",1,10.0,1,3,3,1,1,True
2025-2025123121gm-00a9-0000-60ebef25-12-s1-d11,87,A,1,0,"[700,39600,33300,26400]",1,10.0,1,3,3,0,1,True
2025-2025123121gm-00a9-0000-60ebef25-12-s1-d11,87,B,2,77,"[700,39600,23700,35000]",1,10.0,1,3,3,1,1,True
2025-2025123121gm-00a9-0000-60ebef25-12-s1-d11,88,A,1,0,"[700,39600,23700,35000]",1,10.0,1,3,3,1,1,True
2025-2025123121gm-00a9-0000-60ebef25-12-s1-d11,88,B,2,77,"[700,39600,23700,35000]",1,10.0,1,3,3,1,1,True
2025-2025123121gm-00a9-0000-60ebef25-12-s1-d11,89,A,1,0,"[-300,38600,22700,38000]",1,10.0,1,3,3,1,1,True
2025-2025123121gm-00a9-0000-60ebef25-12-s1-d11,89,B,2,77,"[-8200,39600,33600,35000]",1,10.0,1,3,3,0,1,True
2025-2025123121gm-00a9-0000-60ebef25-12-s1-d11,90,A,1,0,"[-300,38600,22700,38000]",1,10.0,1,3,3,1,1,True
2025-2025123121gm-00a9-0000-60ebef25-12-s1-d11,90,B,2,77,"[700,39600,23700,35000]",1,10.0,1,3,3,1,1,True
2025-2025123121gm-00a9-0000-60ebef25-12-s1-d11,91,A,1,0,"[700,39600,23700,35000]",1,10.0,1,3,3,1,1,True
2025-2025123121gm-00a9-0000-60ebef25-12-s1-d11,91,B,2,77,"[-12200,39600,23700,48900]",2,4.0,1,3,3,0,1,True
2025-2025123121gm-00a9-0000-60ebef25-12-s1-d11,92,A,1,0,"[700,39600,23700,35000]",1,10.0,1,3,3,1,1,True
2025-2025123121gm-00a9-0000-60ebef25-12-s1-d11,92,B,2,77,"[700,39600,23700,35000]",1,10.0,1,3,3,1,1,True
2025-2025123121gm-00a9-0000-60ebef25-12-s1-d11,93,A,1,0,"[8700,37600,21700,31000]",1,10.0,1,3,3,1,1,True
2025-2025123121gm-00a9-0000-60ebef25-12-s1-d11,93,B,2,77,"[700,39600,23700,35000]",1,10.0,1,3,3,1,1,True
2025-2025123121gm-00a9-0000-60ebef25-12-s1-d11,94,A,1,0,"[700,39600,23700,35000]",1,10.0,1,3,3,1,1,True
2025-2025123121gm-00a9-0000-60ebef25-12-s1-d11,94,B,2,77,"[-300,38600,26700,34000]",1,10.0,1,3,3,1,1,True
2025-2025123121gm-00a9-0000-60ebef25-12-s1-d11,95,A,1,0,"[-300,38600,26700,34000]",1,10.0,1,3,3,1,1,True
2025-2025123121gm-00a9-0000-60ebef25-12-s1-d11,95,B,2,77,"[700,39600,23700,35000]",1,10.0,1,3,3,1,1,True
2025-2025123121gm-00a9-0000-60ebef25-12-s1-d11,96,A,1,0,"[700,39600,23700,35000]",1,10.0,1,3,3,1,1,True
2025-2025123121gm-00a9-0000-60ebef25-12-s1-d11,96,B,2,77,"[700,39600,23700,35000]",1,10.0,1,3,3,1,1,True
2025-2025123121gm-00a9-0000-60ebef25-12-s1-d11,97,A,1,0,"[700,39600,23700,35000]",1,10.0,1,3,3,1,1,True
2025-2025123121gm-00a9-0000-60ebef25-12-s1-d11,97,B,2,77,"[700,39600,23700,35000]",1,10.0,1,3,3,1,1,True
2025-2025123121gm-00a9-0000-60ebef25-12-s1-d11,98,A,1,0,"[700,39600,23700,35000]",1,10.0,1,3,3,1,1,True
2025-2025123121gm-00a9-0000-60ebef25-12-s1-d11,98,B,2,77,"[700,39600,23700,35000]",1,10.0,1,3,3,1,1,True
2025-2025123121gm-00a9-0000-60ebef25-12-s1-d11,99,A,1,0,"[700,39600,23700,35000]",1,10.0,1,3,3,1,1,True
2025-2025123121gm-00a9-0000-60ebef25-12-s1-d11,99,B,2,77,"[-300,38600,26700,34000]",1,10.0,1,3,3,1,1,True
2025-2025123121gm-00a9-0000-60ebef25-12-s1-d11,100,A,1,0,"[700,39600,23700,35000]",1,10.0,1,3,3,1,1,True
2025-2025123121gm-00a9-0000-60ebef25-12-s1-d11,100,B,2,77,"[700,31000,33300,35000]",3,-4.0,1,3,3,0,1,True
2025-2025123121gm-00a9-0000-60ebef25-12-s1-d11,101,A,1,0,"[-4100,39600,23700,40800]",2,4.0,1,3,3,0,1,True
2025-2025123121gm-00a9-0000-60ebef25-12-s1-d11,101,B,2,77,"[700,39600,23700,35000]",1,10.0,1,3,3,1,1,True
2025-2025123121gm-00a9-0000-60ebef25-12-s1-d11,102,A,1,0,"[700,31000,23700,44600]",2,4.0,1,3,3,0,1,True
2025-2025123121gm-00a9-0000-60ebef25-12-s1-d11,102,B,2,77,"[700,39600,23700,35000]",1,10.0,1,3,3,1,1,True
2025-2025123121gm-00a9-0000-60ebef25-12-s1-d11,103,A,1,0,"[700,39600,26600,33100]",1,10.0,1,3,3,0,1,True
2025-2025123121gm-00a9-0000-60ebef25-12-s1-d11,103,B,2,77,"[700,39600,23700,35000]",1,10.0,1,3,3,1,1,True
2025-2025123121gm-00a9-0000-60ebef25-12-s1-d11,104,A,1,0,"[-300,38600,22700,38000]",1,10.0,1,3,3,1,1,True
2025-2025123121gm-00a9-0000-60ebef25-12-s1-d11,104,B,2,77,"[-1700,39600,23700,38400]",1,10.0,1,3,3,0,1,True
2025-2025123121gm-00a9-0000-60ebef25-12-s1-d11,105,A,1,0,"[-300,38600,26700,34000]",1,10.0,1,3,3,1,1,True
2025-2025123121gm-00a9-0000-60ebef25-12-s1-d11,105,B,2,77,"[700,39600,23700,35000]",1,10.0,1,3,3,1,1,True
2025-2025123121gm-00a9-0000-60ebef25-12-s1-d11,106,A,1,0,"[700,39600,23700,35000]",1,10.0,1,3,3,1,1,True
2025-2025123121gm-00a9-0000-60ebef25-12-s1-d11,106,B,2,77,"[-2200,39600,27600,35000]",1,10.0,1,3,3,0,1,True
2025-2025123121gm-00a9-0000-60ebef25-12-s1-d11,107,A,1,0,"[-300,38600,26700,34000]",1,10.0,1,3,3,1,1,True
2025-2025123121gm-00a9-0000-60ebef25-12-s1-d11,107,B,2,77,"[-300,38600,26700,34000]",1,10.0,1,3,3,1,1,True
2025-2025123121gm-00a9-0000-60ebef25-12-s1-d11,108,A,1,0,"[700,39600,23700,35000]",1,10.0,1,3,3,1,1,True
2025-2025123121gm-00a9-0000-60ebef25-12-s1-d11,108,B,2,77,"[700,39600,23700,35000]",1,10.0,1,3,3,1,1,True
2025-2025123121gm-00a9-0000-60ebef25-12-s1-d11,109,A,1,0,"[-300,38600,26700,34000]",1,10.0,1,3,3,1,1,True
2025-2025123121gm-00a9-0000-60ebef25-12-s1-d11,109,B,2,77,"[100,39000,26700,34200]",1,10.0,1,3,3,0,1,True
2025-2025123121gm-00a9-0000-60ebef25-12-s1-d11,110,A,1,0,"[700,39600,23700,35000]",1,10.0,1,3,3,1,1,True
2025-2025123121gm-00a9-0000-60ebef25-12-s1-d11,110,B,2,77,"[-300,42600,22700,34000]",1,10.0,1,3,3,1,1,True
2025-2025123121gm-00a9-0000-60ebef25-12-s1-d11,111,A,1,0,"[-7900,39600,33300,35000]",1,10.0,1,3,3,0,1,True
2025-2025123121gm-00a9-0000-60ebef25-12-s1-d11,111,B,2,77,"[-7900,39600,33300,35000]",1,10.0,1,3,3,0,1,True
2025-2025123121gm-00a9-0000-60ebef25-12-s1-d11,112,A,1,0,"[-100,38800,27600,33700]",1,10.0,1,3,3,0,1,True
2025-2025123121gm-00a9-0000-60ebef25-12-s1-d11,112,B,2,77,"[-100,38800,27600,33700]",1,10.0,1,3,3,0,1,True
2025-2025123121gm-00a9-0000-60ebef25-12-s1-d11,113,A,1,0,"[100,39000,26700,34200]",1,10.0,1,3,3,0,1,True
2025-2025123121gm-00a9-0000-60ebef25-12-s1-d11,113,B,2,77,"[700,39600,26900,32800]",1,10.0,1,3,3,0,1,True
2025-2025123121gm-00a9-0000-60ebef25-12-s1-d11,114,A,1,0,"[-300,38600,26700,34000]",1,10.0,1,3,3,1,1,True
2025-2025123121gm-00a9-0000-60ebef25-12-s1-d11,114,B,2,77,"[700,39600,23700,35000]",1,10.0,1,3,3,1,1,True
2025-2025123121gm-00a9-0000-60ebef25-12-s1-d11,115,A,1,0,"[-4100,39600,23700,40800]",2,4.0,1,3,3,0,1,True
2025-2025123121gm-00a9-0000-60ebef25-12-s1-d11,115,B,2,77,"[-300,38600,22700,37000]",1,10.0,1,3,3,2,1,True
2025-2025123121gm-00a9-0000-60ebef25-12-s1-d11,116,A,1,0,"[-300,38600,26700,34000]",1,10.0,1,3,3,1,1,True
2025-2025123121gm-00a9-0000-60ebef25-12-s1-d11,116,B,2,77,"[-800,38100,25200,36500]",1,10.0,1,3,3,1,1,True
2025-2025123121gm-00a9-0000-60ebef25-12-s1-d11,117,A,1,0,"[-300,38600,26700,34000]",1,10.0,1,3,3,1,1,True
2025-2025123121gm-00a9-0000-60ebef25-12-s1-d11,117,B,2,77,"[700,39600,23700,35000]",1,10.0,1,3,3,1,1,True
2025-2025123121gm-00a9-0000-60ebef25-12-s1-d11,118,A,1,0,"[-100,38800,27600,33700]",1,10.0,1,3,3,0,1,True
2025-2025123121gm-00a9-0000-60ebef25-12-s1-d11,118,B,2,77,"[700,39600,23700,35000]",1,10.0,1,3,3,1,1,True
2025-2025123121gm-00a9-0000-60ebef25-12-s1-d11,119,A,1,0,"[700,39600,23700,35000]",1,10.0,1,3,3,1,1,True
2025-2025123121gm-00a9-0000-60ebef25-12-s1-d11,119,B,2,77,"[-300,38600,26700,34000]",1,10.0,1,3,3,1,1,True
2025-2025123121gm-00a9-0000-60ebef25-12-s1-d11,120,A,1,0,"[700,39600,23700,35000]",1,10.0,1,3,3,1,1,True
2025-2025123121gm-00a9-0000-60ebef25-12-s1-d11,120,B,2,77,"[-300,38600,26700,34000]",1,10.0,1,3,3,1,1,True
2025-2025123121gm-00a9-0000-60ebef25-12-s1-d11,121,A,1,0,"[700,39600,23700,35000]",1,10.0,1,3,3,1,1,True
2025-2025123121gm-00a9-0000-60ebef25-12-s1-d11,121,B,2,77,"[-300,38600,22700,38000]",1,10.0,1,3,3,1,1,True
2025-2025123121gm-00a9-0000-60ebef25-12-s1-d11,122,A,1,0,"[-800,38100,25200,36500]",1,10.0,1,3,3,1,1,True
2025-2025123121gm-00a9-0000-60ebef25-12-s1-d11,122,B,2,77,"[-300,38600,26700,34000]",1,10.0,1,3,3,1,1,True
2025-2025123121gm-00a9-0000-60ebef25-12-s1-d11,123,A,1,0,"[700,39600,23700,35000]",1,10.0,1,3,3,1,1,True
2025-2025123121gm-00a9-0000-60ebef25-12-s1-d11,123,B,2,77,"[-300,38600,22700,38000]",1,10.0,1,3,3,1,1,True
2025-2025123121gm-00a9-0000-60ebef25-12-s1-d11,124,A,1,0,"[-300,38600,22700,37000]",1,10.0,1,3,3,2,1,True
2025-2025123121gm-00a9-0000-60ebef25-12-s1-d11,124,B,2,77,"[700,39600,23700,35000]",1,10.0,1,3,3,1,1,True
2025-2025123121gm-00a9-0000-60ebef25-12-s1-d11,125,A,1,0,"[700,39600,23700,35000]",1,10.0,1,3,3,1,1,True
2025-2025123121gm-00a9-0000-60ebef25-12-s1-d11,125,B,2,77,"[700,39600,23700,35000]",1,10.0,1,3,3,1,1,True
2025-2025123121gm-00a9-0000-60ebef25-12-s1-d11,126,A,1,0,"[-800,41100,25200,33500]",1,10.0,1,3,3,1,1,True
2025-2025123121gm-00a9-0000-60ebef25-12-s1-d11,126,B,2,77,"[-1200,39600,26600,35000]",1,10.0,1,3,3,0,1,True
2025-2025123121gm-00a9-0000-60ebef25-12-s1-d11,127,A,1,0,"[700,39600,23700,35000]",1,10.0,1,3,3,1,1,True
2025-2025123121gm-00a9-0000-60ebef25-12-s1-d11,127,B,2,77,"[700,39600,23700,35000]",1,10.0,1,3,3,1,1,True
2025-2025123121gm-00a9-0000-60ebef25-12-s1-d11,128,A,1,0,"[700,39600,23700,35000]",1,10.0,1,3,3,1,1,True
2025-2025123121gm-00a9-0000-60ebef25-12-s1-d11,128,B,2,77,"[700,39600,23700,35000]",1,10.0,1,3,3,1,1,True
2025-2025123121gm-00a9-0000-60ebef25-12-s1-d11,129,A,1,0,"[700,39600,23700,35000]",1,10.0,1,3,3,1,1,True
2025-2025123121gm-00a9-0000-60ebef25-12-s1-d11,129,B,2,77,"[-2200,39600,27600,35000]",1,10.0,1,3,3,0,1,True
2025-2025123121gm-00a9-0000-60ebef25-12-s1-d11,130,A,1,0,"[-2200,39600,27600,35000]",1,10.0,1,3,3,0,1,True
2025-2025123121gm-00a9-0000-60ebef25-12-s1-d11,130,B,2,77,"[-300,38600,26700,34000]",1,10.0,1,3,3,1,1,True
2025-2025123121gm-00a9-0000-60ebef25-12-s1-d11,131,A,1,0,"[700,39600,23700,35000]",1,10.0,1,3,3,1,1,True
2025-2025123121gm-00a9-0000-60ebef25-12-s1-d11,131,B,2,77,"[-300,38600,26700,34000]",1,10.0,1,3,3,1,1,True
2025-2025123121gm-00a9-0000-60ebef25-12-s1-d11,132,A,1,0,"[700,39600,23700,35000]",1,10.0,1,3,3,1,1,True
2025-2025123121gm-00a9-0000-60ebef25-12-s1-d11,132,B,2,77,"[700,39600,23700,35000]",1,10.0,1,3,3,1,1,True
2025-2025123121gm-00a9-0000-60ebef25-12-s1-d11,133,A,1,0,"[-800,38100,25200,36500]",1,10.0,1,3,3,1,1,True
2025-2025123121gm-00a9-0000-60ebef25-12-s1-d11,133,B,2,77,"[-300,38600,22700,37000]",1,10.0,1,3,3,2,1,True
2025-2025123121gm-00a9-0000-60ebef25-12-s1-d11,134,A,1,0,"[-300,38600,22700,38000]",1,10.0,1,3,3,1,1,True
2025-2025123121gm-00a9-0000-60ebef25-12-s1-d11,134,B,2,77,"[-300,38600,22700,38000]",1,10.0,1,3,3,1,1,True
2025-2025123121gm-00a9-0000-60ebef25-12-s1-d11,135,A,1,0,"[700,39600,23700,35000]",1,10.0,1,3,3,1,1,True
2025-2025123121gm-00a9-0000-60ebef25-12-s1-d11,135,B,2,77,"[-1200,39600,26600,35000]",1,10.0,1,3,3,0,1,True
2025-2025123121gm-00a9-0000-60ebef25-12-s1-d11,136,A,1,0,"[700,39600,23700,35000]",1,10.0,1,3,3,1,1,True
2025-2025123121gm-00a9-0000-60ebef25-12-s1-d11,136,B,2,77,"[700,39600,23700,35000]",1,10.0,1,3,3,1,1,True
2025-2025123121gm-00a9-0000-60ebef25-12-s1-d11,137,A,1,0,"[700,39600,23700,35000]",1,10.0,1,3,3,1,1,True
2025-2025123121gm-00a9-0000-60ebef25-12-s1-d11,137,B,2,77,"[700,39600,23700,35000]",1,10.0,1,3,3,1,1,True
2025-2025123121gm-00a9-0000-60ebef25-12-s1-d11,138,A,1,0,"[700,39600,23700,35000]",1,10.0,1,3,3,1,1,True
2025-2025123121gm-00a9-0000-60ebef25-12-s1-d11,138,B,2,77,"[700,39600,23700,35000]",1,10.0,1,3,3,1,1,True
2025-2025123121gm-00a9-0000-60ebef25-12-s1-d11,139,A,1,0,"[700,39600,23700,35000]",1,10.0,1,3,3,1,1,True
2025-2025123121gm-00a9-0000-60ebef25-12-s1-d11,139,B,2,77,"[700,39600,23700,35000]",1,10.0,1,3,3,1,1,True
2025-2025123121gm-00a9-0000-60ebef25-12-s1-d11,140,A,1,0,"[-3500,35400,19500,48600]",2,4.0,1,3,3,0,1,True
2025-2025123121gm-00a9-0000-60ebef25-12-s1-d11,140,B,2,77,"[-300,38600,26700,34000]",1,10.0,1,3,3,1,1,True
2025-2025123121gm-00a9-0000-60ebef25-12-s1-d11,141,A,1,0,"[700,39600,23700,35000]",1,10.0,1,3,3,1,1,True
2025-2025123121gm-00a9-0000-60ebef25-12-s1-d11,141,B,2,77,"[-300,38600,26700,34000]",1,10.0,1,3,3,1,1,True
2025-2025123121gm-00a9-0000-60ebef25-12-s1-d11,142,A,1,0,"[700,39600,27600,32100]",1,10.0,1,3,3,0,1,True
2025-2025123121gm-00a9-0000-60ebef25-12-s1-d11,142,B,2,77,"[-2200,39600,27600,35000]",1,10.0,1,3,3,0,1,True
2025-2025123121gm-00a9-0000-60ebef25-12-s1-d11,143,A,1,0,"[-300,38600,26700,34000]",1,10.0,1,3,3,1,1,True
2025-2025123121gm-00a9-0000-60ebef25-12-s1-d11,143,B,2,77,"[700,39600,23700,35000]",1,10.0,1,3,3,1,1,True
2025-2025123121gm-00a9-0000-60ebef25-12-s1-d11,144,A,1,0,"[-300,38600,26700,34000]",1,10.0,1,3,3,1,1,True
2025-2025123121gm-00a9-0000-60ebef25-12-s1-d11,144,B,2,77,"[-300,42600,22700,34000]",1,10.0,1,3,3,1,1,True
2025-2025123121gm-00a9-0000-60ebef25-12-s1-d11,145,A,1,0,"[700,39600,23700,35000]",1,10.0,1,3,3,1,1,True
2025-2025123121gm-00a9-0000-60ebef25-12-s1-d11,145,B,2,77,"[700,39600,23700,35000]",1,10.0,1,3,3,1,1,True
2025-2025123121gm-00a9-0000-60ebef25-12-s1-d11,146,A,1,0,"[700,39600,23700,35000]",1,10.0,1,3,3,1,1,True
2025-2025123121gm-00a9-0000-60ebef25-12-s1-d11,146,B,2,77,"[700,39600,23700,35000]",1,10.0,1,3,3,1,1,True
2025-2025123121gm-00a9-0000-60ebef25-12-s1-d11,147,A,1,0,"[700,39600,23700,35000]",1,10.0,1,3,3,1,1,True
2025-2025123121gm-00a9-0000-60ebef25-12-s1-d11,147,B,2,77,"[700,39600,23700,35000]",1,10.0,1,3,3,1,1,True
2025-2025123121gm-00a9-0000-60ebef25-12-s1-d11,148,A,1,0,"[-300,38600,22700,38000]",1,10.0,1,3,3,1,1,True
2025-2025123121gm-00a9-0000-60ebef25-12-s1-d11,148,B,2,77,"[700,39600,23700,35000]",1,10.0,1,3,3,1,1,True
2025-2025123121gm-00a9-0000-60ebef25-12-s1-d11,149,A,1,0,"[-100,38800,27600,33700]",1,10.0,1,3,3,0,1,True
2025-2025123121gm-00a9-0000-60ebef25-12-s1-d11,149,B,2,77,"[700,36700,27600,35000]",1,10.0,1,3,3,0,1,True
2025-2025123121gm-00a9-0000-60ebef25-12-s1-d11,150,A,1,0,"[-300,38600,22700,38000]",1,10.0,1,3,3,1,1,True
2025-2025123121gm-00a9-0000-60ebef25-12-s1-d11,150,B,2,77,"[-300,38600,22700,38000]",1,10.0,1,3,3,1,1,True
2025-2025123121gm-00a9-0000-60ebef25-12-s1-d11,151,A,1,0,"[-300,38600,26700,34000]",1,10.0,1,3,3,1,1,True
2025-2025123121gm-00a9-0000-60ebef25-12-s1-d11,151,B,2,77,"[700,39600,23700,35000]",1,10.0,1,3,3,1,1,True
2025-2025123121gm-00a9-0000-60ebef25-12-s1-d11,152,A,1,0,"[-300,38600,26700,34000]",1,10.0,1,3,3,1,1,True
2025-2025123121gm-00a9-0000-60ebef25-12-s1-d11,152,B,2,77,"[-2200,36700,20800,44700]",2,4.0,1,3,3,0,1,True
2025-2025123121gm-00a9-0000-60ebef25-12-s1-d11,153,A,1,0,"[700,39600,23700,35000]",1,10.0,1,3,3,1,1,True
2025-2025123121gm-00a9-0000-60ebef25-12-s1-d11,153,B,2,77,"[700,39600,23700,35000]",1,10.0,1,3,3,1,1,True
2025-2025123121gm-00a9-0000-60ebef25-12-s1-d11,154,A,1,0,"[700,39600,23700,35000]",1,10.0,1,3,3,1,1,True
2025-2025123121gm-00a9-0000-60ebef25-12-s1-d11,154,B,2,77,"[700,39600,23700,35000]",1,10.0,1,3,3,1,1,True
2025-2025123121gm-00a9-0000-60ebef25-12-s1-d11,155,A,1,0,"[700,39600,23700,35000]",1,10.0,1,3,3,1,1,True
2025-2025123121gm-00a9-0000-60ebef25-12-s1-d11,155,B,2,77,"[700,39600,23700,35000]",1,10.0,1,3,3,1,1,True
2025-2025123121gm-00a9-0000-60ebef25-12-s1-d11,156,A,1,0,"[700,39600,23700,35000]",1,10.0,1,3,3,1,1,True
2025-2025123121gm-00a9-0000-60ebef25-12-s1-d11,156,B,2,77,"[700,39600,23700,35000]",1,10.0,1,3,3,1,1,True
2025-2025123121gm-00a9-0000-60ebef25-12-s1-d11,157,A,1,0,"[-300,38600,22700,38000]",1,10.0,1,3,3,1,1,True
2025-2025123121gm-00a9-0000-60ebef25-12-s1-d11,157,B,2,77,"[700,39600,23700,35000]",1,10.0,1,3,3,1,1,True
2025-2025123121gm-00a9-0000-60ebef25-12-s1-d11,158,A,1,0,"[700,39600,23700,35000]",1,10.0,1,3,3,1,1,True
2025-2025123121gm-00a9-0000-60ebef25-12-s1-d11,158,B,2,77,"[-300,38600,26700,34000]",1,10.0,1,3,3,1,1,True
2025-2025123121gm-00a9-0000-60ebef25-12-s1-d11,159,A,1,0,"[-300,38600,22700,38000]",1,10.0,1,3,3,1,1,True
2025-2025123121gm-00a9-0000-60ebef25-12-s1-d11,159,B,2,77,"[-300,38600,22700,38000]",1,10.0,1,3,3,1,1,True
2025-2025123121gm-00a9-0000-60ebef25-12-s1-d11,160,A,1,0,"[700,39600,23700,35000]",1,10.0,1,3,3,1,1,True
2025-2025123121gm-00a9-0000-60ebef25-12-s1-d11,160,B,2,77,"[700,39600,23700,35000]",1,10.0,1,3,3,1,1,True
2025-2025123121gm-00a9-0000-60ebef25-12-s1-d11,161,A,1,0,"[700,39600,33300,26400]",1,10.0,1,3,3,0,1,True
2025-2025123121gm-00a9-0000-60ebef25-12-s1-d11,161,B,2,77,"[-4100,39600,29500,35000]",1,10.0,1,3,3,0,1,True
2025-2025123121gm-00a9-0000-60ebef25-12-s1-d11,162,A,1,0,"[700,39600,23700,35000]",1,10.0,1,3,3,1,1,True
2025-2025123121gm-00a9-0000-60ebef25-12-s1-d11,162,B,2,77,"[700,39600,23700,35000]",1,10.0,1,3,3,1,1,True
2025-2025123121gm-00a9-0000-60ebef25-12-s1-d11,163,A,1,0,"[-300,38600,26700,34000]",1,10.0,1,3,3,1,1,True
2025-2025123121gm-00a9-0000-60ebef25-12-s1-d11,163,B,2,77,"[700,39600,23700,35000]",1,10.0,1,3,3,1,1,True
2025-2025123121gm-00a9-0000-60ebef25-12-s1-d11,164,A,1,0,"[700,39600,23700,35000]",1,10.0,1,3,3,1,1,True
2025-2025123121gm-00a9-0000-60ebef25-12-s1-d11,164,B,2,77,"[-300,38600,26700,34000]",1,10.0,1,3,3,1,1,True
2025-2025123121gm-00a9-0000-60ebef25-12-s1-d11,165,A,1,0,"[-300,42600,22700,34000]",1,10.0,1,3,3,1,1,True
2025-2025123121gm-00a9-0000-60ebef25-12-s1-d11,165,B,2,77,"[-12200,39600,23700,48900]",2,4.0,1,3,3,0,1,True
2025-2025123121gm-00a9-0000-60ebef25-12-s1-d11,166,A,1,0,"[700,39600,23700,35000]",1,10.0,1,3,3,1,1,True
2025-2025123121gm-00a9-0000-60ebef25-12-s1-d11,166,B,2,77,"[700,39600,23700,35000]",1,10.0,1,3,3,1,1,True
2025-2025123121gm-00a9-0000-60ebef25-12-s1-d11,167,A,1,0,"[-300,38600,22700,38000]",1,10.0,1,3,3,1,1,True
2025-2025123121gm-00a9-0000-60ebef25-12-s1-d11,167,B,2,77,"[-3100,39600,23700,39800]",2,4.0,1,3,3,0,1,True
2025-2025123121gm-00a9-0000-60ebef25-12-s1-d11,168,A,1,0,"[700,39600,23700,35000]",1,10.0,1,3,3,1,1,True
2025-2025123121gm-00a9-0000-60ebef25-12-s1-d11,168,B,2,77,"[-800,41100,25200,33500]",1,10.0,1,3,3,1,1,True
2025-2025123121gm-00a9-0000-60ebef25-12-s1-d11,169,A,1,0,"[700,39600,23700,35000]",1,10.0,1,3,3,1,1,True
2025-2025123121gm-00a9-0000-60ebef25-12-s1-d11,169,B,2,77,"[-300,38600,26700,34000]",1,10.0,1,3,3,1,1,True
2025-2025123121gm-00a9-0000-60ebef25-12-s1-d11,170,A,1,0,"[-300,38600,22700,38000]",1,10.0,1,3,3,1,1,True
2025-2025123121gm-00a9-0000-60ebef25-12-s1-d11,170,B,2,77,"[700,39600,23700,35000]",1,10.0,1,3,3,1,1,True
2025-2025123121gm-00a9-0000-60ebef25-12-s1-d11,171,A,1,0,"[700,39600,23700,35000]",1,10.0,1,3,3,1,1,True
2025-2025123121gm-00a9-0000-60ebef25-12-s1-d11,171,B,2,77,"[700,39600,23700,35000]",1,10.0,1,3,3,1,1,True
2025-2025123121gm-00a9-0000-60ebef25-12-s1-d11,172,A,1,0,"[700,39600,23700,35000]",1,10.0,1,3,3,1,1,True
2025-2025123121gm-00a9-0000-60ebef25-12-s1-d11,172,B,2,77,"[-800,38100,25200,36500]",1,10.0,1,3,3,1,1,True
2025-2025123121gm-00a9-0000-60ebef25-12-s1-d11,173,A,1,0,"[700,39600,23700,35000]",1,10.0,1,3,3,1,1,True
2025-2025123121gm-00a9-0000-60ebef25-12-s1-d11,173,B,2,77,"[-300,38600,22700,37000]",1,10.0,1,3,3,2,1,True
2025-2025123121gm-00a9-0000-60ebef25-12-s1-d11,174,A,1,0,"[-300,38600,22700,37000]",1,10.0,1,3,3,2,1,True
2025-2025123121gm-00a9-0000-60ebef25-12-s1-d11,174,B,2,77,"[0,38900,27100,34000]",1,10.0,1,3,3,0,1,True
2025-2025123121gm-00a9-0000-60ebef25-12-s1-d11,175,A,1,0,"[-300,38600,22700,37000]",1,10.0,1,3,3,2,1,True
2025-2025123121gm-00a9-0000-60ebef25-12-s1-d11,175,B,2,77,"[-300,38600,26700,34000]",1,10.0,1,3,3,1,1,True
2025-2025123121gm-00a9-0000-60ebef25-12-s1-d11,176,A,1,0,"[700,39600,23700,35000]",1,10.0,1,3,3,1,1,True
2025-2025123121gm-00a9-0000-60ebef25-12-s1-d11,176,B,2,77,"[700,39600,23700,35000]",1,10.0,1,3,3,1,1,True
2025-2025123121gm-00a9-0000-60ebef25-12-s1-d11,177,A,1,0,"[700,39600,23700,35000]",1,10.0,1,3,3,1,1,True
2025-2025123121gm-00a9-0000-60ebef25-12-s1-d11,177,B,2,77,"[700,39600,23700,35000]",1,10.0,1,3,3,1,1,True
2025-2025123121gm-00a9-0000-60ebef25-12-s1-d11,178,A,1,0,"[700,39600,33600,26100]",1,10.0,1,3,3,0,1,True
2025-2025123121gm-00a9-0000-60ebef25-12-s1-d11,178,B,2,77,"[-7900,39600,33300,35000]",1,10.0,1,3,3,0,1,True
2025-2025123121gm-00a9-0000-60ebef25-12-s1-d11,179,A,1,0,"[-300,38600,26700,34000]",1,10.0,1,3,3,1,1,True
2025-2025123121gm-00a9-0000-60ebef25-12-s1-d11,179,B,2,77,"[700,39600,23700,35000]",1,10.0,1,3,3,1,1,True
2025-2025123121gm-00a9-0000-60ebef25-12-s1-d11,180,A,1,0,"[700,39600,23700,35000]",1,10.0,1,3,3,1,1,True
2025-2025123121gm-00a9-0000-60ebef25-12-s1-d11,180,B,2,77,"[700,39600,23700,35000]",1,10.0,1,3,3,1,1,True
2025-2025123121gm-00a9-0000-60ebef25-12-s1-d11,181,A,1,0,"[-300,38600,26700,34000]",1,10.0,1,3,3,1,1,True
2025-2025123121gm-00a9-0000-60ebef25-12-s1-d11,181,B,2,77,"[-4100,39600,29500,35000]",1,10.0,1,3,3,0,1,True
2025-2025123121gm-00a9-0000-60ebef25-12-s1-d11,182,A,1,0,"[700,39600,27600,32100]",1,10.0,1,3,3,0,1,True
2025-2025123121gm-00a9-0000-60ebef25-12-s1-d11,182,B,2,77,"[-300,38600,26700,34000]",1,10.0,1,3,3,1,1,True
2025-2025123121gm-00a9-0000-60ebef25-12-s1-d11,183,A,1,0,"[-300,38600,26700,34000]",1,10.0,1,3,3,1,1,True
2025-2025123121gm-00a9-0000-60ebef25-12-s1-d11,183,B,2,77,"[700,39600,29500,30200]",1,10.0,1,3,3,0,1,True
2025-2025123121gm-00a9-0000-60ebef25-12-s1-d11,184,A,1,0,"[-300,38600,22700,37000]",1,10.0,1,3,3,2,1,True
2025-2025123121gm-00a9-0000-60ebef25-12-s1-d11,184,B,2,77,"[-300,38600,22700,37000]",1,10.0,1,3,3,2,1,True
2025-2025123121gm-00a9-0000-60ebef25-12-s1-d11,185,A,1,0,"[-900,38000,30800,32100]",1,10.0,1,3,3,0,1,True
2025-2025123121gm-00a9-0000-60ebef25-12-s1-d11,185,B,2,77,"[-600,38300,29600,32700]",1,10.0,1,3,3,0,1,True
2025-2025123121gm-00a9-0000-60ebef25-12-s1-d11,186,A,1,0,"[700,39600,23700,35000]",1,10.0,1,3,3,1,1,True
2025-2025123121gm-00a9-0000-60ebef25-12-s1-d11,186,B,2,77,"[700,39600,23700,35000]",1,10.0,1,3,3,1,1,True
2025-2025123121gm-00a9-0000-60ebef25-12-s1-d11,187,A,1,0,"[700,39600,23700,35000]",1,10.0,1,3,3,1,1,True
2025-2025123121gm-00a9-0000-60ebef25-12-s1-d11,187,B,2,77,"[700,39600,23700,35000]",1,10.0,1,3,3,1,1,True
2025-2025123121gm-00a9-0000-60ebef25-12-s1-d11,188,A,1,0,"[-300,38600,26700,34000]",1,10.0,1,3,3,1,1,True
2025-2025123121gm-00a9-0000-60ebef25-12-s1-d11,188,B,2,77,"[700,39600,23700,35000]",1,10.0,1,3,3,1,1,True
2025-2025123121gm-00a9-0000-60ebef25-12-s1-d11,189,A,1,0,"[700,39600,23700,35000]",1,10.0,1,3,3,1,1,True
2025-2025123121gm-00a9-0000-60ebef25-12-s1-d11,189,B,2,77,"[-300,38600,26700,34000]",1,10.0,1,3,3,1,1,True
2025-2025123121gm-00a9-0000-60ebef25-12-s1-d11,190,A,1,0,"[100,39000,26700,34200]",1,10.0,1,3,3,0,1,True
2025-2025123121gm-00a9-0000-60ebef25-12-s1-d11,190,B,2,77,"[-300,38600,26700,34000]",1,10.0,1,3,3,1,1,True
2025-2025123121gm-00a9-0000-60ebef25-12-s1-d11,191,A,1,0,"[700,39600,23700,35000]",1,10.0,1,3,3,1,1,True
2025-2025123121gm-00a9-0000-60ebef25-12-s1-d11,191,B,2,77,"[700,39600,23700,35000]",1,10.0,1,3,3,1,1,True
2025-2025123121gm-00a9-0000-60ebef25-12-s1-d11,192,A,1,0,"[-300,38600,26700,34000]",1,10.0,1,3,3,1,1,True
2025-2025123121gm-00a9-0000-60ebef25-12-s1-d11,192,B,2,77,"[700,39600,23700,35000]",1,10.0,1,3,3,1,1,True
2025-2025123121gm-00a9-0000-60ebef25-12-s1-d11,193,A,1,0,"[700,39600,23700,35000]",1,10.0,1,3,3,1,1,True
2025-2025123121gm-00a9-0000-60ebef25-12-s1-d11,193,B,2,77,"[-1200,42500,23700,35000]",1,10.0,1,3,3,0,1,True
2025-2025123121gm-00a9-0000-60ebef25-12-s1-d11,194,A,1,0,"[700,39600,23700,35000]",1,10.0,1,3,3,1,1,True
2025-2025123121gm-00a9-0000-60ebef25-12-s1-d11,194,B,2,77,"[-3100,39600,23700,39800]",2,4.0,1,3,3,0,1,True
2025-2025123121gm-00a9-0000-60ebef25-12-s1-d11,195,A,1,0,"[700,39600,23700,35000]",1,10.0,1,3,3,1,1,True
2025-2025123121gm-00a9-0000-60ebef25-12-s1-d11,195,B,2,77,"[700,39600,23700,35000]",1,10.0,1,3,3,1,1,True
2025-2025123121gm-00a9-0000-60ebef25-12-s1-d11,196,A,1,0,"[700,39600,23700,35000]",1,10.0,1,3,3,1,1,True
2025-2025123121gm-00a9-0000-60ebef25-12-s1-d11,196,B,2,77,"[-300,38600,26700,34000]",1,10.0,1,3,3,1,1,True
2025-2025123121gm-00a9-0000-60ebef25-12-s1-d11,197,A,1,0,"[700,39600,23700,35000]",1,10.0,1,3,3,1,1,True
2025-2025123121gm-00a9-0000-60ebef25-12-s1-d11,197,B,2,77,"[700,39600,23700,35000]",1,10.0,1,3,3,1,1,True
2025-2025123121gm-00a9-0000-60ebef25-12-s1-d11,198,A,1,0,"[700,39600,23700,35000]",1,10.0,1,3,3,1,1,True
2025-2025123121gm-00a9-0000-60ebef25-12-s1-d11,198,B,2,77,"[700,39600,23700,35000]",1,10.0,1,3,3,1,1,True
2025-2025123121gm-00a9-0000-60ebef25-12-s1-d11,199,A,1,0,"[700,39600,23700,35000]",1,10.0,1,3,3,1,1,True
2025-2025123121gm-00a9-0000-60ebef25-12-s1-d11,199,B,2,77,"[-300,38600,22700,38000]",1,10.0,1,3,3,1,1,True
2025-2025123121gm-00a9-0000-60ebef25-12-s1-d11,200,A,1,0,"[700,39600,23700,35000]",1,10.0,1,3,3,1,1,True
2025-2025123121gm-00a9-0000-60ebef25-12-s1-d11,200,B,2,77,"[-7900,39600,23700,44600]",2,4.0,1,3,3,0,1,True
2025-2025123121gm-00a9-0000-60ebef25-12-s1-d11,201,A,1,0,"[700,39600,23700,35000]",1,10.0,1,3,3,1,1,True
2025-2025123121gm-00a9-0000-60ebef25-12-s1-d11,201,B,2,77,"[700,39600,23700,35000]",1,10.0,1,3,3,1,1,True
2025-2025123121gm-00a9-0000-60ebef25-12-s1-d11,202,A,1,0,"[-300,38600,26700,34000]",1,10.0,1,3,3,1,1,True
2025-2025123121gm-00a9-0000-60ebef25-12-s1-d11,202,B,2,77,"[700,39600,23700,35000]",1,10.0,1,3,3,1,1,True
2025-2025123121gm-00a9-0000-60ebef25-12-s1-d11,203,A,1,0,"[-300,38600,26700,34000]",1,10.0,1,3,3,1,1,True
2025-2025123121gm-00a9-0000-60ebef25-12-s1-d11,203,B,2,77,"[-300,38600,26700,34000]",1,10.0,1,3,3,1,1,True
2025-2025123121gm-00a9-0000-60ebef25-12-s1-d11,204,A,1,0,"[-800,38100,25200,36500]",1,10.0,1,3,3,1,1,True
2025-2025123121gm-00a9-0000-60ebef25-12-s1-d11,204,B,2,77,"[700,39600,23700,35000]",1,10.0,1,3,3,1,1,True
2025-2025123121gm-00a9-0000-60ebef25-12-s1-d11,205,A,1,0,"[-300,38600,22700,38000]",1,10.0,1,3,3,1,1,True
2025-2025123121gm-00a9-0000-60ebef25-12-s1-d11,205,B,2,77,"[-11800,39600,23700,48500]",2,4.0,1,3,3,0,1,True
2025-2025123121gm-00a9-0000-60ebef25-12-s1-d11,206,A,1,0,"[700,39600,23700,35000]",1,10.0,1,3,3,1,1,True
2025-2025123121gm-00a9-0000-60ebef25-12-s1-d11,206,B,2,77,"[700,39600,23700,35000]",1,10.0,1,3,3,1,1,True
2025-2025123121gm-00a9-0000-60ebef25-12-s1-d11,207,A,1,0,"[-300,38600,22700,38000]",1,10.0,1,3,3,1,1,True
2025-2025123121gm-00a9-0000-60ebef25-12-s1-d11,207,B,2,77,"[700,39600,23700,35000]",1,10.0,1,3,3,1,1,True
2025-2025123121gm-00a9-0000-60ebef25-12-s1-d11,208,A,1,0,"[-300,38600,22700,38000]",1,10.0,1,3,3,1,1,True
2025-2025123121gm-00a9-0000-60ebef25-12-s1-d11,208,B,2,77,"[700,39600,23700,35000]",1,10.0,1,3,3,1,1,True
2025-2025123121gm-00a9-0000-60ebef25-12-s1-d11,209,A,1,0,"[-300,38600,26700,34000]",1,10.0,1,3,3,1,1,True
2025-2025123121gm-00a9-0000-60ebef25-12-s1-d11,209,B,2,77,"[700,39600,23700,35000]",1,10.0,1,3,3,1,1,True
2025-2025123121gm-00a9-0000-60ebef25-12-s1-d11,210,A,1,0,"[-300,38600,26700,34000]",1,10.0,1,3,3,1,1,True
2025-2025123121gm-00a9-0000-60ebef25-12-s1-d11,210,B,2,77,"[700,39600,23700,35000]",1,10.0,1,3,3,1,1,True
2025-2025123121gm-00a9-0000-60ebef25-12-s1-d11,211,A,1,0,"[700,39600,23700,35000]",1,10.0,1,3,3,1,1,True
2025-2025123121gm-00a9-0000-60ebef25-12-s1-d11,211,B,2,77,"[700,39600,23700,35000]",1,10.0,1,3,3,1,1,True
2025-2025123121gm-00a9-0000-60ebef25-12-s1-d11,212,A,1,0,"[700,39600,23700,35000]",1,10.0,1,3,3,1,1,True
2025-2025123121gm-00a9-0000-60ebef25-12-s1-d11,212,B,2,77,"[700,39600,23700,35000]",1,10.0,1,3,3,1,1,True
2025-2025123121gm-00a9-0000-60ebef25-12-s1-d11,213,A,1,0,"[-100,38800,27600,33700]",1,10.0,1,3,3,0,1,True
2025-2025123121gm-00a9-0000-60ebef25-12-s1-d11,213,B,2,77,"[-7900,39600,33300,35000]",1,10.0,1,3,3,0,1,True
2025-2025123121gm-00a9-0000-60ebef25-12-s1-d11,214,A,1,0,"[-8200,39600,34600,34000]",1,10.0,1,3,3,0,1,True
2025-2025123121gm-00a9-0000-60ebef25-12-s1-d11,214,B,2,77,"[700,39600,23700,35000]",1,10.0,1,3,3,1,1,True
2025-2025123121gm-00a9-0000-60ebef25-12-s1-d11,215,A,1,0,"[700,39600,23700,35000]",1,10.0,1,3,3,1,1,True
2025-2025123121gm-00a9-0000-60ebef25-12-s1-d11,215,B,2,77,"[700,39600,23700,35000]",1,10.0,1,3,3,1,1,True
2025-2025123121gm-00a9-0000-60ebef25-12-s1-d11,216,A,1,0,"[-300,38600,26700,34000]",1,10.0,1,3,3,1,1,True
2025-2025123121gm-00a9-0000-60ebef25-12-s1-d11,216,B,2,77,"[-300,38600,26700,34000]",1,10.0,1,3,3,1,1,True
2025-2025123121gm-00a9-0000-60ebef25-12-s1-d11,217,A,1,0,"[700,39600,23700,35000]",1,10.0,1,3,3,1,1,True
2025-2025123121gm-00a9-0000-60ebef25-12-s1-d11,217,B,2,77,"[700,39600,23700,35000]",1,10.0,1,3,3,1,1,True
2025-2025123121gm-00a9-0000-60ebef25-12-s1-d11,218,A,1,0,"[700,39600,23700,35000]",1,10.0,1,3,3,1,1,True
2025-2025123121gm-00a9-0000-60ebef25-12-s1-d11,218,B,2,77,"[-300,38600,26700,34000]",1,10.0,1,3,3,1,1,True
2025-2025123121gm-00a9-0000-60ebef25-12-s1-d11,219,A,1,0,"[-300,38600,26700,34000]",1,10.0,1,3,3,1,1,True
2025-2025123121gm-00a9-0000-60ebef25-12-s1-d11,219,B,2,77,"[700,39600,23700,35000]",1,10.0,1,3,3,1,1,True
2025-2025123121gm-00a9-0000-60ebef25-12-s1-d11,220,A,1,0,"[700,39600,23700,35000]",1,10.0,1,3,3,1,1,True
2025-2025123121gm-00a9-0000-60ebef25-12-s1-d11,220,B,2,77,"[700,39600,23700,35000]",1,10.0,1,3,3,1,1,True
2025-2025123121gm-00a9-0000-60ebef25-12-s1-d11,221,A,1,0,"[700,39600,23700,35000]",1,10.0,1,3,3,1,1,True
2025-2025123121gm-00a9-0000-60ebef25-12-s1-d11,221,B,2,77,"[-300,38600,26700,34000]",1,10.0,1,3,3,1,1,True
2025-2025123121gm-00a9-0000-60ebef25-12-s1-d11,222,A,1,0,"[700,39600,23700,35000]",1,10.0,1,3,3,1,1,True
2025-2025123121gm-00a9-0000-60ebef25-12-s1-d11,222,B,2,77,"[700,39600,23700,35000]",1,10.0,1,3,3,1,1,True
2025-2025123121gm-00a9-0000-60ebef25-12-s1-d11,223,A,1,0,"[-1600,37300,21400,42900]",2,4.0,1,3,3,0,1,True
2025-2025123121gm-00a9-0000-60ebef25-12-s1-d11,223,B,2,77,"[-3500,35400,19500,48600]",2,4.0,1,3,3,0,1,True
2025-2025123121gm-00a9-0000-60ebef25-12-s1-d11,224,A,1,0,"[-100,38800,27600,33700]",1,10.0,1,3,3,0,1,True
2025-2025123121gm-00a9-0000-60ebef25-12-s1-d11,224,B,2,77,"[700,39600,23700,35000]",1,10.0,1,3,3,1,1,True
2025-2025123121gm-00a9-0000-60ebef25-12-s1-d11,225,A,1,0,"[-300,38600,22700,37000]",1,10.0,1,3,3,2,1,True
2025-2025123121gm-00a9-0000-60ebef25-12-s1-d11,225,B,2,77,"[700,39600,23700,35000]",1,10.0,1,3,3,1,1,True
2025-2025123121gm-00a9-0000-60ebef25-12-s1-d11,226,A,1,0,"[-300,38600,22700,38000]",1,10.0,1,3,3,1,1,True
2025-2025123121gm-00a9-0000-60ebef25-12-s1-d11,226,B,2,77,"[700,39600,23700,35000]",1,10.0,1,3,3,1,1,True
2025-2025123121gm-00a9-0000-60ebef25-12-s1-d11,227,A,1,0,"[700,39600,23700,35000]",1,10.0,1,3,3,1,1,True
2025-2025123121gm-00a9-0000-60ebef25-12-s1-d11,227,B,2,77,"[-800,41100,22200,35500]",1,10.0,1,3,3,2,1,True
2025-2025123121gm-00a9-0000-60ebef25-12-s1-d11,228,A,1,0,"[-300,38600,26700,34000]",1,10.0,1,3,3,1,1,True
2025-2025123121gm-00a9-0000-60ebef25-12-s1-d11,228,B,2,77,"[700,39600,23700,35000]",1,10.0,1,3,3,1,1,True
2025-2025123121gm-00a9-0000-60ebef25-12-s1-d11,229,A,1,0,"[700,39600,23700,35000]",1,10.0,1,3,3,1,1,True
2025-2025123121gm-00a9-0000-60ebef25-12-s1-d11,229,B,2,77,"[700,39600,23700,35000]",1,10.0,1,3,3,1,1,True
2025-2025123121gm-00a9-0000-60ebef25-12-s1-d11,230,A,1,0,"[700,39600,23700,35000]",1,10.0,1,3,3,1,1,True
2025-2025123121gm-00a9-0000-60ebef25-12-s1-d11,230,B,2,77,"[700,39600,23700,35000]",1,10.0,1,3,3,1,1,True
2025-2025123121gm-00a9-0000-60ebef25-12-s1-d11,231,A,1,0,"[700,39600,23700,35000]",1,10.0,1,3,3,1,1,True
2025-2025123121gm-00a9-0000-60ebef25-12-s1-d11,231,B,2,77,"[700,39600,23700,35000]",1,10.0,1,3,3,1,1,True
2025-2025123121gm-00a9-0000-60ebef25-12-s1-d11,232,A,1,0,"[700,39600,23700,35000]",1,10.0,1,3,3,1,1,True
2025-2025123121gm-00a9-0000-60ebef25-12-s1-d11,232,B,2,77,"[700,39600,23700,35000]",1,10.0,1,3,3,1,1,True
2025-2025123121gm-00a9-0000-60ebef25-12-s1-d11,233,A,1,0,"[700,39600,23700,35000]",1,10.0,1,3,3,1,1,True
2025-2025123121gm-00a9-0000-60ebef25-12-s1-d11,233,B,2,77,"[700,39600,23700,35000]",1,10.0,1,3,3,1,1,True
2025-2025123121gm-00a9-0000-60ebef25-12-s1-d11,234,A,1,0,"[700,39600,23700,35000]",1,10.0,1,3,3,1,1,True
2025-2025123121gm-00a9-0000-60ebef25-12-s1-d11,234,B,2,77,"[700,39600,23700,35000]",1,10.0,1,3,3,1,1,True
2025-2025123121gm-00a9-0000-60ebef25-12-s1-d11,235,A,1,0,"[700,39600,23700,35000]",1,10.0,1,3,3,1,1,True
2025-2025123121gm-00a9-0000-60ebef25-12-s1-d11,235,B,2,77,"[-300,38600,22700,38000]",1,10.0,1,3,3,1,1,True
2025-2025123121gm-00a9-0000-60ebef25-12-s1-d11,236,A,1,0,"[700,39600,23700,35000]",1,10.0,1,3,3,1,1,True
2025-2025123121gm-00a9-0000-60ebef25-12-s1-d11,236,B,2,77,"[700,39600,23700,35000]",1,10.0,1,3,3,1,1,True
2025-2025123121gm-00a9-0000-60ebef25-12-s1-d11,237,A,1,0,"[700,39600,23700,35000]",1,10.0,1,3,3,1,1,True
2025-2025123121gm-00a9-0000-60ebef25-12-s1-d11,237,B,2,77,"[700,39600,23700,35000]",1,10.0,1,3,3,1,1,True
2025-2025123121gm-00a9-0000-60ebef25-12-s1-d11,238,A,1,0,"[700,39600,23700,35000]",1,10.0,1,3,3,1,1,True
2025-2025123121gm-00a9-0000-60ebef25-12-s1-d11,238,B,2,77,"[-300,38600,22700,38000]",1,10.0,1,3,3,1,1,True
2025-2025123121gm-00a9-0000-60ebef25-12-s1-d11,239,A,1,0,"[700,39600,23700,35000]",1,10.0,1,3,3,1,1,True
2025-2025123121gm-00a9-0000-60ebef25-12-s1-d11,239,B,2,77,"[-1600,37300,33600,30700]",1,10.0,1,3,3,0,1,True
2025-2025123121gm-00a9-0000-60ebef25-12-s1-d11,240,A,1,0,"[-300,38600,22700,37000]",1,10.0,1,3,3,2,1,True
2025-2025123121gm-00a9-0000-60ebef25-12-s1-d11,240,B,2,77,"[-300,38600,22700,37000]",1,10.0,1,3,3,2,1,True
2025-2025123121gm-00a9-0000-60ebef25-12-s1-d11,241,A,1,0,"[700,39600,23700,35000]",1,10.0,1,3,3,1,1,True
2025-2025123121gm-00a9-0000-60ebef25-12-s1-d11,241,B,2,77,"[-300,38600,22700,38000]",1,10.0,1,3,3,1,1,True
2025-2025123121gm-00a9-0000-60ebef25-12-s1-d11,242,A,1,0,"[-300,38600,26700,34000]",1,10.0,1,3,3,1,1,True
2025-2025123121gm-00a9-0000-60ebef25-12-s1-d11,242,B,2,77,"[-300,38600,26700,34000]",1,10.0,1,3,3,1,1,True
2025-2025123121gm-00a9-0000-60ebef25-12-s1-d11,243,A,1,0,"[700,39600,23700,35000]",1,10.0,1,3,3,1,1,True
2025-2025123121gm-00a9-0000-60ebef25-12-s1-d11,243,B,2,77,"[700,39600,23700,35000]",1,10.0,1,3,3,1,1,True
2025-2025123121gm-00a9-0000-60ebef25-12-s1-d11,244,A,1,0,"[700,39600,23700,35000]",1,10.0,1,3,3,1,1,True
2025-2025123121gm-00a9-0000-60ebef25-12-s1-d11,244,B,2,77,"[-300,38600,22700,38000]",1,10.0,1,3,3,1,1,True
2025-2025123121gm-00a9-0000-60ebef25-12-s1-d11,245,A,1,0,"[-1600,37300,21400,42900]",2,4.0,1,3,3,0,1,True
2025-2025123121gm-00a9-0000-60ebef25-12-s1-d11,245,B,2,77,"[-2200,36700,20800,44700]",2,4.0,1,3,3,0,1,True
2025-2025123121gm-00a9-0000-60ebef25-12-s1-d11,246,A,1,0,"[700,39600,23700,35000]",1,10.0,1,3,3,1,1,True
2025-2025123121gm-00a9-0000-60ebef25-12-s1-d11,246,B,2,77,"[700,39600,23700,35000]",1,10.0,1,3,3,1,1,True
2025-2025123121gm-00a9-0000-60ebef25-12-s1-d11,247,A,1,0,"[700,39600,23700,35000]",1,10.0,1,3,3,1,1,True
2025-2025123121gm-00a9-0000-60ebef25-12-s1-d11,247,B,2,77,"[700,39600,23700,35000]",1,10.0,1,3,3,1,1,True
2025-2025123121gm-00a9-0000-60ebef25-12-s1-d11,248,A,1,0,"[700,39600,23700,35000]",1,10.0,1,3,3,1,1,True
2025-2025123121gm-00a9-0000-60ebef25-12-s1-d11,248,B,2,77,"[-300,38600,26700,34000]",1,10.0,1,3,3,1,1,True
2025-2025123121gm-00a9-0000-60ebef25-12-s1-d11,249,A,1,0,"[-300,38600,26700,34000]",1,10.0,1,3,3,1,1,True
2025-2025123121gm-00a9-0000-60ebef25-12-s1-d11,249,B,2,77,"[-800,38100,25200,36500]",1,10.0,1,3,3,1,1,True
2025-2025123121gm-00a9-0000-60ebef25-12-s1-d11,250,A,1,0,"[700,39600,23700,35000]",1,10.0,1,3,3,1,1,True
2025-2025123121gm-00a9-0000-60ebef25-12-s1-d11,250,B,2,77,"[-300,38600,26700,34000]",1,10.0,1,3,3,1,1,True
2025-2025123121gm-00a9-0000-60ebef25-12-s1-d11,251,A,1,0,"[-300,38600,26700,34000]",1,10.0,1,3,3,1,1,True
2025-2025123121gm-00a9-0000-60ebef25-12-s1-d11,251,B,2,77,"[-2200,39600,27600,35000]",1,10.0,1,3,3,0,1,True
2025-2025123121gm-00a9-0000-60ebef25-12-s1-d11,252,A,1,0,"[-7900,39600,23700,44600]",2,4.0,1,3,3,0,1,True
2025-2025123121gm-00a9-0000-60ebef25-12-s1-d11,252,B,2,77,"[700,39600,23700,35000]",1,10.0,1,3,3,1,1,True
2025-2025123121gm-00a9-0000-60ebef25-12-s1-d11,253,A,1,0,"[-300,38600,22700,38000]",1,10.0,1,3,3,1,1,True
2025-2025123121gm-00a9-0000-60ebef25-12-s1-d11,253,B,2,77,"[-300,38600,22700,38000]",1,10.0,1,3,3,1,1,True
2025-2025123121gm-00a9-0000-60ebef25-12-s1-d11,254,A,1,0,"[-300,38600,26700,34000]",1,10.0,1,3,3,1,1,True
2025-2025123121gm-00a9-0000-60ebef25-12-s1-d11,254,B,2,77,"[700,39600,23700,35000]",1,10.0,1,3,3,1,1,True
2025-2025123121gm-00a9-0000-60ebef25-12-s1-d11,255,A,1,0,"[-7900,39600,23700,44600]",2,4.0,1,3,3,0,1,True
2025-2025123121gm-00a9-0000-60ebef25-12-s1-d11,255,B,2,77,"[-11800,39600,23700,48500]",2,4.0,1,3,3,0,1,True
