decision_id,world_idx,r_a,r_b,delta_full
2024-2024092213gm-00a9-0000-5f7264d2-07-s1-d6,0,4.0,-4.0,-8.0
2024-2024092213gm-00a9-0000-5f7264d2-07-s1-d6,1,-4.0,-4.0,0.0
2024-2024092213gm-00a9-0000-5f7264d2-07-s1-d6,2,-4.0,-4.0,0.0
2024-2024092213gm-00a9-0000-5f7264d2-07-s1-d6,3,-10.0,-10.0,0.0
2024-2024092213gm-00a9-0000-5f7264d2-07-s1-d6,4,-4.0,-4.0,0.0
2024-2024092213gm-00a9-0000-5f7264d2-07-s1-d6,5,-4.0,-4.0,0.0
2024-2024092213gm-00a9-0000-5f7264d2-07-s1-d6,6,-4.0,10.0,14.0
2024-2024092213gm-00a9-0000-5f7264d2-07-s1-d6,7,-4.0,-4.0,0.0
2024-2024092213gm-00a9-0000-5f7264d2-07-s1-d6,8,-4.0,-4.0,0.0
2024-2024092213gm-00a9-0000-5f7264d2-07-s1-d6,9,-4.0,-4.0,0.0
2024-2024092213gm-00a9-0000-5f7264d2-07-s1-d6,10,-4.0,-4.0,0.0
2024-2024092213gm-00a9-0000-5f7264d2-07-s1-d6,11,-4.0,-4.0,0.0
2024-2024092213gm-00a9-0000-5f7264d2-07-s1-d6,12,-4.0,-4.0,0.0
2024-2024092213gm-00a9-0000-5f7264d2-07-s1-d6,13,-4.0,-4.0,0.0
2024-2024092213gm-00a9-0000-5f7264d2-07-s1-d6,14,-4.0,-4.0,0.0
2024-2024092213gm-00a9-0000-5f7264d2-07-s1-d6,15,4.0,-4.0,-8.0
2024-2024092213gm-00a9-0000-5f7264d2-07-s1-d6,16,-4.0,-4.0,0.0
2024-2024092213gm-00a9-0000-5f7264d2-07-s1-d6,17,-4.0,-4.0,0.0
2024-2024092213gm-00a9-0000-5f7264d2-07-s1-d6,18,-4.0,-4.0,0.0
2024-2024092213gm-00a9-0000-5f7264d2-07-s1-d6,19,-10.0,-4.0,6.0
2024-2024092213gm-00a9-0000-5f7264d2-07-s1-d6,20,4.0,10.0,6.0
2024-2024092213gm-00a9-0000-5f7264d2-07-s1-d6,21,-4.0,-4.0,0.0
2024-2024092213gm-00a9-0000-5f7264d2-07-s1-d6,22,-4.0,-4.0,0.0
2024-2024092213gm-00a9-0000-5f7264d2-07-s1-d6,23,-4.0,-4.0,0.0
2024-2024092213gm-00a9-0000-5f7264d2-07-s1-d6,24,-4.0,-4.0,0.0
2024-2024092213gm-00a9-0000-5f7264d2-07-s1-d6,25,-4.0,-4.0,0.0
2024-2024092213gm-00a9-0000-5f7264d2-07-s1-d6,26,-4.0,-4.0,0.0
2024-2024092213gm-00a9-0000-5f7264d2-07-s1-d6,27,-4.0,-4.0,0.0
2024-2024092213gm-00a9-0000-5f7264d2-07-s1-d6,28,-10.0,-4.0,6.0
2024-2024092213gm-00a9-0000-5f7264d2-07-s1-d6,29,-4.0,-4.0,0.0
2024-2024092213gm-00a9-0000-5f7264d2-07-s1-d6,30,-4.0,-4.0,0.0
2024-2024092213gm-00a9-0000-5f7264d2-07-s1-d6,31,-4.0,-4.0,0.0
2024-2024092213gm-00a9-0000-5f7264d2-07-s1-d6,32,-4.0,-4.0,0.0
2024-2024092213gm-00a9-0000-5f7264d2-07-s1-d6,33,-4.0,-4.0,0.0
2024-2024092213gm-00a9-0000-5f7264d2-07-s1-d6,34,-4.0,-4.0,0.0
2024-2024092213gm-00a9-0000-5f7264d2-07-s1-d6,35,-4.0,-4.0,0.0
2024-2024092213gm-00a9-0000-5f7264d2-07-s1-d6,36,-4.0,-4.0,0.0
2024-2024092213gm-00a9-0000-5f7264d2-07-s1-d6,37,-4.0,-4.0,0.0
2024-2024092213gm-00a9-0000-5f7264d2-07-s1-d6,38,-4.0,-4.0,0.0
2024-2024092213gm-00a9-0000-5f7264d2-07-s1-d6,39,-4.0,10.0,14.0
2024-2024092213gm-00a9-0000-5f7264d2-07-s1-d6,40,-4.0,-4.0,0.0
2024-2024092213gm-00a9-0000-5f7264d2-07-s1-d6,41,4.0,-4.0,-8.0
2024-2024092213gm-00a9-0000-5f7264d2-07-s1-d6,42,-4.0,-4.0,0.0
2024-2024092213gm-00a9-0000-5f7264d2-07-s1-d6,43,-4.0,-4.0,0.0
2024-2024092213gm-00a9-0000-5f7264d2-07-s1-d6,44,-4.0,10.0,14.0
2024-2024092213gm-00a9-0000-5f7264d2-07-s1-d6,45,-4.0,-4.0,0.0
2024-2024092213gm-00a9-0000-5f7264d2-07-s1-d6,46,-4.0,-4.0,0.0
2024-2024092213gm-00a9-0000-5f7264d2-07-s1-d6,47,-4.0,-4.0,0.0
2024-2024092213gm-00a9-0000-5f7264d2-07-s1-d6,48,-4.0,-4.0,0.0
2024-2024092213gm-00a9-0000-5f7264d2-07-s1-d6,49,10.0,-4.0,-14.0
2024-2024092213gm-00a9-0000-5f7264d2-07-s1-d6,50,-4.0,-4.0,0.0
2024-2024092213gm-00a9-0000-5f7264d2-07-s1-d6,51,10.0,-4.0,-14.0
2024-2024092213gm-00a9-0000-5f7264d2-07-s1-d6,52,10.0,-4.0,-14.0
2024-2024092213gm-00a9-0000-5f7264d2-07-s1-d6,53,10.0,-4.0,-14.0
2024-2024092213gm-00a9-0000-5f7264d2-07-s1-d6,54,-4.0,-4.0,0.0
2024-2024092213gm-00a9-0000-5f7264d2-07-s1-d6,55,-4.0,-4.0,0.0
2024-2024092213gm-00a9-0000-5f7264d2-07-s1-d6,56,-4.0,-4.0,0.0
2024-2024092213gm-00a9-0000-5f7264d2-07-s1-d6,57,-4.0,-4.0,0.0
2024-2024092213gm-00a9-0000-5f7264d2-07-s1-d6,58,-4.0,4.0,8.0
2024-2024092213gm-00a9-0000-5f7264d2-07-s1-d6,59,-4.0,-4.0,0.0
2024-2024092213gm-00a9-0000-5f7264d2-07-s1-d6,60,-4.0,4.0,8.0
2024-2024092213gm-00a9-0000-5f7264d2-07-s1-d6,61,-4.0,-4.0,0.0
2024-2024092213gm-00a9-0000-5f7264d2-07-s1-d6,62,-4.0,-4.0,0.0
2024-2024092213gm-00a9-0000-5f7264d2-07-s1-d6,63,-4.0,-4.0,0.0
2024-2024092213gm-00a9-0000-5f7264d2-07-s1-d6,64,-4.0,10.0,14.0
2024-2024092213gm-00a9-0000-5f7264d2-07-s1-d6,65,-4.0,-4.0,0.0
2024-2024092213gm-00a9-0000-5f7264d2-07-s1-d6,66,-4.0,-4.0,0.0
2024-2024092213gm-00a9-0000-5f7264d2-07-s1-d6,67,-4.0,-4.0,0.0
2024-2024092213gm-00a9-0000-5f7264d2-07-s1-d6,68,-4.0,-4.0,0.0
2024-2024092213gm-00a9-0000-5f7264d2-07-s1-d6,69,4.0,-10.0,-14.0
2024-2024092213gm-00a9-0000-5f7264d2-07-s1-d6,70,-4.0,-4.0,0.0
2024-2024092213gm-00a9-0000-5f7264d2-07-s1-d6,71,-4.0,-4.0,0.0
2024-2024092213gm-00a9-0000-5f7264d2-07-s1-d6,72,-4.0,-4.0,0.0
2024-2024092213gm-00a9-0000-5f7264d2-07-s1-d6,73,-4.0,-4.0,0.0
2024-2024092213gm-00a9-0000-5f7264d2-07-s1-d6,74,-10.0,-4.0,6.0
2024-2024092213gm-00a9-0000-5f7264d2-07-s1-d6,75,4.0,4.0,0.0
2024-2024092213gm-00a9-0000-5f7264d2-07-s1-d6,76,4.0,-4.0,-8.0
2024-2024092213gm-00a9-0000-5f7264d2-07-s1-d6,77,-4.0,-4.0,0.0
2024-2024092213gm-00a9-0000-5f7264d2-07-s1-d6,78,-4.0,4.0,8.0
2024-2024092213gm-00a9-0000-5f7264d2-07-s1-d6,79,-4.0,-4.0,0.0
2024-2024092213gm-00a9-0000-5f7264d2-07-s1-d6,80,-4.0,-4.0,0.0
2024-2024092213gm-00a9-0000-5f7264d2-07-s1-d6,81,-4.0,-4.0,0.0
2024-2024092213gm-00a9-0000-5f7264d2-07-s1-d6,82,-10.0,-4.0,6.0
2024-2024092213gm-00a9-0000-5f7264d2-07-s1-d6,83,-4.0,-4.0,0.0
2024-2024092213gm-00a9-0000-5f7264d2-07-s1-d6,84,-4.0,-4.0,0.0
2024-2024092213gm-00a9-0000-5f7264d2-07-s1-d6,85,-4.0,-4.0,0.0
2024-2024092213gm-00a9-0000-5f7264d2-07-s1-d6,86,4.0,-4.0,-8.0
2024-2024092213gm-00a9-0000-5f7264d2-07-s1-d6,87,-4.0,-4.0,0.0
2024-2024092213gm-00a9-0000-5f7264d2-07-s1-d6,88,-4.0,-4.0,0.0
2024-2024092213gm-00a9-0000-5f7264d2-07-s1-d6,89,-4.0,-4.0,0.0
2024-2024092213gm-00a9-0000-5f7264d2-07-s1-d6,90,-4.0,-4.0,0.0
2024-2024092213gm-00a9-0000-5f7264d2-07-s1-d6,91,-4.0,-4.0,0.0
2024-2024092213gm-00a9-0000-5f7264d2-07-s1-d6,92,4.0,-4.0,-8.0
2024-2024092213gm-00a9-0000-5f7264d2-07-s1-d6,93,-4.0,-4.0,0.0
2024-2024092213gm-00a9-0000-5f7264d2-07-s1-d6,94,-4.0,-4.0,0.0
2024-2024092213gm-00a9-0000-5f7264d2-07-s1-d6,95,-4.0,-4.0,0.0
2024-2024092213gm-00a9-0000-5f7264d2-07-s1-d6,96,4.0,4.0,0.0
2024-2024092213gm-00a9-0000-5f7264d2-07-s1-d6,97,-4.0,-4.0,0.0
2024-2024092213gm-00a9-0000-5f7264d2-07-s1-d6,98,10.0,-4.0,-14.0
2024-2024092213gm-00a9-0000-5f7264d2-07-s1-d6,99,-4.0,-4.0,0.0
2024-2024092213gm-00a9-0000-5f7264d2-07-s1-d6,100,10.0,-4.0,-14.0
2024-2024092213gm-00a9-0000-5f7264d2-07-s1-d6,101,-4.0,-4.0,0.0
2024-2024092213gm-00a9-0000-5f7264d2-07-s1-d6,102,-4.0,-4.0,0.0
2024-2024092213gm-00a9-0000-5f7264d2-07-s1-d6,103,-4.0,-4.0,0.0
2024-2024092213gm-00a9-0000-5f7264d2-07-s1-d6,104,-4.0,-4.0,0.0
2024-2024092213gm-00a9-0000-5f7264d2-07-s1-d6,105,-4.0,-4.0,0.0
2024-2024092213gm-00a9-0000-5f7264d2-07-s1-d6,106,-4.0,10.0,14.0
2024-2024092213gm-00a9-0000-5f7264d2-07-s1-d6,107,-4.0,-4.0,0.0
2024-2024092213gm-00a9-0000-5f7264d2-07-s1-d6,108,-4.0,-4.0,0.0
2024-2024092213gm-00a9-0000-5f7264d2-07-s1-d6,109,-4.0,-4.0,0.0
2024-2024092213gm-00a9-0000-5f7264d2-07-s1-d6,110,-4.0,-4.0,0.0
2024-2024092213gm-00a9-0000-5f7264d2-07-s1-d6,111,-4.0,-10.0,-6.0
2024-2024092213gm-00a9-0000-5f7264d2-07-s1-d6,112,-4.0,-4.0,0.0
2024-2024092213gm-00a9-0000-5f7264d2-07-s1-d6,113,-4.0,-4.0,0.0
2024-2024092213gm-00a9-0000-5f7264d2-07-s1-d6,114,-4.0,10.0,14.0
2024-2024092213gm-00a9-0000-5f7264d2-07-s1-d6,115,-4.0,-4.0,0.0
2024-2024092213gm-00a9-0000-5f7264d2-07-s1-d6,116,-4.0,-4.0,0.0
2024-2024092213gm-00a9-0000-5f7264d2-07-s1-d6,117,-4.0,-4.0,0.0
2024-2024092213gm-00a9-0000-5f7264d2-07-s1-d6,118,-4.0,-4.0,0.0
2024-2024092213gm-00a9-0000-5f7264d2-07-s1-d6,119,-4.0,-4.0,0.0
2024-2024092213gm-00a9-0000-5f7264d2-07-s1-d6,120,-10.0,-10.0,0.0
2024-2024092213gm-00a9-0000-5f7264d2-07-s1-d6,121,-4.0,4.0,8.0
2024-2024092213gm-00a9-0000-5f7264d2-07-s1-d6,122,-4.0,-4.0,0.0
2024-2024092213gm-00a9-0000-5f7264d2-07-s1-d6,123,-10.0,-4.0,6.0
2024-2024092213gm-00a9-0000-5f7264d2-07-s1-d6,124,-4.0,-4.0,0.0
2024-2024092213gm-00a9-0000-5f7264d2-07-s1-d6,125,-4.0,-4.0,0.0
2024-2024092213gm-00a9-0000-5f7264d2-07-s1-d6,126,-4.0,-4.0,0.0
2024-2024092213gm-00a9-0000-5f7264d2-07-s1-d6,127,-4.0,-4.0,0.0
2024-2024092213gm-00a9-0000-5f7264d2-07-s1-d6,128,-4.0,-4.0,0.0
2024-2024092213gm-00a9-0000-5f7264d2-07-s1-d6,129,-4.0,-4.0,0.0
2024-2024092213gm-00a9-0000-5f7264d2-07-s1-d6,130,-4.0,-4.0,0.0
2024-2024092213gm-00a9-0000-5f7264d2-07-s1-d6,131,-4.0,-4.0,0.0
2024-2024092213gm-00a9-0000-5f7264d2-07-s1-d6,132,-4.0,-4.0,0.0
2024-2024092213gm-00a9-0000-5f7264d2-07-s1-d6,133,-4.0,-4.0,0.0
2024-2024092213gm-00a9-0000-5f7264d2-07-s1-d6,134,-4.0,-4.0,0.0
2024-2024092213gm-00a9-0000-5f7264d2-07-s1-d6,135,10.0,10.0,0.0
2024-2024092213gm-00a9-0000-5f7264d2-07-s1-d6,136,10.0,-4.0,-14.0
2024-2024092213gm-00a9-0000-5f7264d2-07-s1-d6,137,-10.0,-4.0,6.0
2024-2024092213gm-00a9-0000-5f7264d2-07-s1-d6,138,-4.0,4.0,8.0
2024-2024092213gm-00a9-0000-5f7264d2-07-s1-d6,139,-4.0,-4.0,0.0
2024-2024092213gm-00a9-0000-5f7264d2-07-s1-d6,140,-4.0,-4.0,0.0
2024-2024092213gm-00a9-0000-5f7264d2-07-s1-d6,141,-4.0,-4.0,0.0
2024-2024092213gm-00a9-0000-5f7264d2-07-s1-d6,142,-4.0,-4.0,0.0
2024-2024092213gm-00a9-0000-5f7264d2-07-s1-d6,143,10.0,10.0,0.0
2024-2024092213gm-00a9-0000-5f7264d2-07-s1-d6,144,-4.0,-4.0,0.0
2024-2024092213gm-00a9-0000-5f7264d2-07-s1-d6,145,-4.0,-4.0,0.0
2024-2024092213gm-00a9-0000-5f7264d2-07-s1-d6,146,-4.0,-10.0,-6.0
2024-2024092213gm-00a9-0000-5f7264d2-07-s1-d6,147,-4.0,-4.0,0.0
2024-2024092213gm-00a9-0000-5f7264d2-07-s1-d6,148,-4.0,-4.0,0.0
2024-2024092213gm-00a9-0000-5f7264d2-07-s1-d6,149,-4.0,-4.0,0.0
2024-2024092213gm-00a9-0000-5f7264d2-07-s1-d6,150,4.0,4.0,0.0
2024-2024092213gm-00a9-0000-5f7264d2-07-s1-d6,151,4.0,-4.0,-8.0
2024-2024092213gm-00a9-0000-5f7264d2-07-s1-d6,152,-4.0,-4.0,0.0
2024-2024092213gm-00a9-0000-5f7264d2-07-s1-d6,153,-4.0,-4.0,0.0
2024-2024092213gm-00a9-0000-5f7264d2-07-s1-d6,154,-10.0,4.0,14.0
2024-2024092213gm-00a9-0000-5f7264d2-07-s1-d6,155,-4.0,-4.0,0.0
2024-2024092213gm-00a9-0000-5f7264d2-07-s1-d6,156,-4.0,-4.0,0.0
2024-2024092213gm-00a9-0000-5f7264d2-07-s1-d6,157,4.0,-4.0,-8.0
2024-2024092213gm-00a9-0000-5f7264d2-07-s1-d6,158,-4.0,-4.0,0.0
2024-2024092213gm-00a9-0000-5f7264d2-07-s1-d6,159,-4.0,-4.0,0.0
2024-2024092213gm-00a9-0000-5f7264d2-07-s1-d6,160,-4.0,-4.0,0.0
2024-2024092213gm-00a9-0000-5f7264d2-07-s1-d6,161,-10.0,-4.0,6.0
2024-2024092213gm-00a9-0000-5f7264d2-07-s1-d6,162,10.0,10.0,0.0
2024-2024092213gm-00a9-0000-5f7264d2-07-s1-d6,163,-4.0,-4.0,0.0
2024-2024092213gm-00a9-0000-5f7264d2-07-s1-d6,164,-4.0,-4.0,0.0
2024-2024092213gm-00a9-0000-5f7264d2-07-s1-d6,165,-4.0,-4.0,0.0
2024-2024092213gm-00a9-0000-5f7264d2-07-s1-d6,166,-4.0,-4.0,0.0
2024-2024092213gm-00a9-0000-5f7264d2-07-s1-d6,167,-4.0,-4.0,0.0
2024-2024092213gm-00a9-0000-5f7264d2-07-s1-d6,168,-4.0,-4.0,0.0
2024-2024092213gm-00a9-0000-5f7264d2-07-s1-d6,169,-4.0,-4.0,0.0
2024-2024092213gm-00a9-0000-5f7264d2-07-s1-d6,170,-4.0,-4.0,0.0
2024-2024092213gm-00a9-0000-5f7264d2-07-s1-d6,171,-4.0,-4.0,0.0
2024-2024092213gm-00a9-0000-5f7264d2-07-s1-d6,172,-4.0,10.0,14.0
2024-2024092213gm-00a9-0000-5f7264d2-07-s1-d6,173,-4.0,-4.0,0.0
2024-2024092213gm-00a9-0000-5f7264d2-07-s1-d6,174,-4.0,-4.0,0.0
2024-2024092213gm-00a9-0000-5f7264d2-07-s1-d6,175,-4.0,-4.0,0.0
2024-2024092213gm-00a9-0000-5f7264d2-07-s1-d6,176,-4.0,10.0,14.0
2024-2024092213gm-00a9-0000-5f7264d2-07-s1-d6,177,4.0,-4.0,-8.0
2024-2024092213gm-00a9-0000-5f7264d2-07-s1-d6,178,-10.0,-10.0,0.0
2024-2024092213gm-00a9-0000-5f7264d2-07-s1-d6,179,-4.0,-4.0,0.0
2024-2024092213gm-00a9-0000-5f7264d2-07-s1-d6,180,-4.0,-4.0,0.0
2024-2024092213gm-00a9-0000-5f7264d2-07-s1-d6,181,-4.0,-4.0,0.0
2024-2024092213gm-00a9-0000-5f7264d2-07-s1-d6,182,-4.0,-4.0,0.0
2024-2024092213gm-00a9-0000-5f7264d2-07-s1-d6,183,-4.0,-4.0,0.0
2024-2024092213gm-00a9-0000-5f7264d2-07-s1-d6,184,-4.0,-4.0,0.0
2024-2024092213gm-00a9-0000-5f7264d2-07-s1-d6,185,-4.0,-4.0,0.0
2024-2024092213gm-00a9-0000-5f7264d2-07-s1-d6,186,4.0,-4.0,-8.0
2024-2024092213gm-00a9-0000-5f7264d2-07-s1-d6,187,-4.0,-4.0,0.0
2024-2024092213gm-00a9-0000-5f7264d2-07-s1-d6,188,10.0,-4.0,-14.0
2024-2024092213gm-00a9-0000-5f7264d2-07-s1-d6,189,-4.0,4.0,8.0
2024-2024092213gm-00a9-0000-5f7264d2-07-s1-d6,190,-4.0,-4.0,0.0
2024-2024092213gm-00a9-0000-5f7264d2-07-s1-d6,191,-4.0,4.0,8.0
2024-2024092213gm-00a9-0000-5f7264d2-07-s1-d6,192,-4.0,-4.0,0.0
2024-2024092213gm-00a9-0000-5f7264d2-07-s1-d6,193,10.0,-4.0,-14.0
2024-2024092213gm-00a9-0000-5f7264d2-07-s1-d6,194,-4.0,-4.0,0.0
2024-2024092213gm-00a9-0000-5f7264d2-07-s1-d6,195,-4.0,-4.0,0.0
2024-2024092213gm-00a9-0000-5f7264d2-07-s1-d6,196,-4.0,-4.0,0.0
2024-2024092213gm-00a9-0000-5f7264d2-07-s1-d6,197,-4.0,-4.0,0.0
2024-2024092213gm-00a9-0000-5f7264d2-07-s1-d6,198,-4.0,-4.0,0.0
2024-2024092213gm-00a9-0000-5f7264d2-07-s1-d6,199,4.0,-4.0,-8.0
2024-2024092213gm-00a9-0000-5f7264d2-07-s1-d6,200,-4.0,-4.0,0.0
2024-2024092213gm-00a9-0000-5f7264d2-07-s1-d6,201,-4.0,-4.0,0.0
2024-2024092213gm-00a9-0000-5f7264d2-07-s1-d6,202,-4.0,-4.0,0.0
2024-2024092213gm-00a9-0000-5f7264d2-07-s1-d6,203,-4.0,-4.0,0.0
2024-2024092213gm-00a9-0000-5f7264d2-07-s1-d6,204,10.0,-10.0,-20.0
2024-2024092213gm-00a9-0000-5f7264d2-07-s1-d6,205,-4.0,-4.0,0.0
2024-2024092213gm-00a9-0000-5f7264d2-07-s1-d6,206,-4.0,-4.0,0.0
2024-2024092213gm-00a9-0000-5f7264d2-07-s1-d6,207,-4.0,-4.0,0.0
2024-2024092213gm-00a9-0000-5f7264d2-07-s1-d6,208,4.0,10.0,6.0
2024-2024092213gm-00a9-0000-5f7264d2-07-s1-d6,209,-4.0,-4.0,0.0
2024-2024092213gm-00a9-0000-5f7264d2-07-s1-d6,210,-4.0,-4.0,0.0
2024-2024092213gm-00a9-0000-5f7264d2-07-s1-d6,211,-4.0,10.0,14.0
2024-2024092213gm-00a9-0000-5f7264d2-07-s1-d6,212,-10.0,-10.0,0.0
2024-2024092213gm-00a9-0000-5f7264d2-07-s1-d6,213,-4.0,-4.0,0.0
2024-2024092213gm-00a9-0000-5f7264d2-07-s1-d6,214,-4.0,4.0,8.0
2024-2024092213gm-00a9-0000-5f7264d2-07-s1-d6,215,-4.0,-4.0,0.0
2024-2024092213gm-00a9-0000-5f7264d2-07-s1-d6,216,4.0,10.0,6.0
2024-2024092213gm-00a9-0000-5f7264d2-07-s1-d6,217,-4.0,-4.0,0.0
2024-2024092213gm-00a9-0000-5f7264d2-07-s1-d6,218,-10.0,-4.0,6.0
2024-2024092213gm-00a9-0000-5f7264d2-07-s1-d6,219,-4.0,-4.0,0.0
2024-2024092213gm-00a9-0000-5f7264d2-07-s1-d6,220,-4.0,-4.0,0.0
2024-2024092213gm-00a9-0000-5f7264d2-07-s1-d6,221,-4.0,-4.0,0.0
2024-2024092213gm-00a9-0000-5f7264d2-07-s1-d6,222,-4.0,-4.0,0.0
2024-2024092213gm-00a9-0000-5f7264d2-07-s1-d6,223,-4.0,4.0,8.0
2024-2024092213gm-00a9-0000-5f7264d2-07-s1-d6,224,-4.0,-4.0,0.0
2024-2024092213gm-00a9-0000-5f7264d2-07-s1-d6,225,4.0,-4.0,-8.0
2024-2024092213gm-00a9-0000-5f7264d2-07-s1-d6,226,-4.0,-4.0,0.0
2024-2024092213gm-00a9-0000-5f7264d2-07-s1-d6,227,-10.0,10.0,20.0
2024-2024092213gm-00a9-0000-5f7264d2-07-s1-d6,228,-4.0,-4.0,0.0
2024-2024092213gm-00a9-0000-5f7264d2-07-s1-d6,229,-4.0,-4.0,0.0
2024-2024092213gm-00a9-0000-5f7264d2-07-s1-d6,230,-4.0,-4.0,0.0
2024-2024092213gm-00a9-0000-5f7264d2-07-s1-d6,231,-4.0,-4.0,0.0
2024-2024092213gm-00a9-0000-5f7264d2-07-s1-d6,232,-4.0,-4.0,0.0
2024-2024092213gm-00a9-0000-5f7264d2-07-s1-d6,233,-4.0,-4.0,0.0
2024-2024092213gm-00a9-0000-5f7264d2-07-s1-d6,234,-4.0,-4.0,0.0
2024-2024092213gm-00a9-0000-5f7264d2-07-s1-d6,235,-10.0,-10.0,0.0
2024-2024092213gm-00a9-0000-5f7264d2-07-s1-d6,236,-4.0,-4.0,0.0
2024-2024092213gm-00a9-0000-5f7264d2-07-s1-d6,237,-10.0,-4.0,6.0
2024-2024092213gm-00a9-0000-5f7264d2-07-s1-d6,238,-4.0,-4.0,0.0
2024-2024092213gm-00a9-0000-5f7264d2-07-s1-d6,239,-4.0,-4.0,0.0
2024-2024092213gm-00a9-0000-5f7264d2-07-s1-d6,240,4.0,-4.0,-8.0
2024-2024092213gm-00a9-0000-5f7264d2-07-s1-d6,241,-4.0,-4.0,0.0
2024-2024092213gm-00a9-0000-5f7264d2-07-s1-d6,242,-4.0,-4.0,0.0
2024-2024092213gm-00a9-0000-5f7264d2-07-s1-d6,243,-4.0,4.0,8.0
2024-2024092213gm-00a9-0000-5f7264d2-07-s1-d6,244,-4.0,-4.0,0.0
2024-2024092213gm-00a9-0000-5f7264d2-07-s1-d6,245,-4.0,-4.0,0.0
2024-2024092213gm-00a9-0000-5f7264d2-07-s1-d6,246,-4.0,-4.0,0.0
2024-2024092213gm-00a9-0000-5f7264d2-07-s1-d6,247,-4.0,-4.0,0.0
2024-2024092213gm-00a9-0000-5f7264d2-07-s1-d6,248,-4.0,-4.0,0.0
2024-2024092213gm-00a9-0000-5f7264d2-07-s1-d6,249,-4.0,-4.0,0.0
2024-2024092213gm-00a9-0000-5f7264d2-07-s1-d6,250,10.0,10.0,0.0
2024-2024092213gm-00a9-0000-5f7264d2-07-s1-d6,251,-4.0,-4.0,0.0
2024-2024092213gm-00a9-0000-5f7264d2-07-s1-d6,252,-4.0,10.0,14.0
2024-2024092213gm-00a9-0000-5f7264d2-07-s1-d6,253,-4.0,-4.0,0.0
2024-2024092213gm-00a9-0000-5f7264d2-07-s1-d6,254,-10.0,-4.0,6.0
2024-2024092213gm-00a9-0000-5f7264d2-07-s1-d6,255,-4.0,-4.0,0.0
2024-2024100216gm-00a9-0000-2cbf5f5f-01-s1-d6,0,10.0,10.0,0.0
2024-2024100216gm-00a9-0000-2cbf5f5f-01-s1-d6,1,-4.0,10.0,14.0
2024-2024100216gm-00a9-0000-2cbf5f5f-01-s1-d6,2,10.0,10.0,0.0
2024-2024100216gm-00a9-0000-2cbf5f5f-01-s1-d6,3,10.0,10.0,0.0
2024-2024100216gm-00a9-0000-2cbf5f5f-01-s1-d6,4,10.0,-10.0,-20.0
2024-2024100216gm-00a9-0000-2cbf5f5f-01-s1-d6,5,-4.0,-10.0,-6.0
2024-2024100216gm-00a9-0000-2cbf5f5f-01-s1-d6,6,4.0,-4.0,-8.0
2024-2024100216gm-00a9-0000-2cbf5f5f-01-s1-d6,7,10.0,10.0,0.0
2024-2024100216gm-00a9-0000-2cbf5f5f-01-s1-d6,8,10.0,-10.0,-20.0
2024-2024100216gm-00a9-0000-2cbf5f5f-01-s1-d6,9,10.0,10.0,0.0
2024-2024100216gm-00a9-0000-2cbf5f5f-01-s1-d6,10,10.0,10.0,0.0
2024-2024100216gm-00a9-0000-2cbf5f5f-01-s1-d6,11,10.0,-10.0,-20.0
2024-2024100216gm-00a9-0000-2cbf5f5f-01-s1-d6,12,10.0,10.0,0.0
2024-2024100216gm-00a9-0000-2cbf5f5f-01-s1-d6,13,10.0,10.0,0.0
2024-2024100216gm-00a9-0000-2cbf5f5f-01-s1-d6,14,10.0,10.0,0.0
2024-2024100216gm-00a9-0000-2cbf5f5f-01-s1-d6,15,4.0,-10.0,-14.0
2024-2024100216gm-00a9-0000-2cbf5f5f-01-s1-d6,16,10.0,10.0,0.0
2024-2024100216gm-00a9-0000-2cbf5f5f-01-s1-d6,17,10.0,10.0,0.0
2024-2024100216gm-00a9-0000-2cbf5f5f-01-s1-d6,18,10.0,10.0,0.0
2024-2024100216gm-00a9-0000-2cbf5f5f-01-s1-d6,19,10.0,10.0,0.0
2024-2024100216gm-00a9-0000-2cbf5f5f-01-s1-d6,20,10.0,10.0,0.0
2024-2024100216gm-00a9-0000-2cbf5f5f-01-s1-d6,21,10.0,10.0,0.0
2024-2024100216gm-00a9-0000-2cbf5f5f-01-s1-d6,22,10.0,10.0,0.0
2024-2024100216gm-00a9-0000-2cbf5f5f-01-s1-d6,23,10.0,10.0,0.0
2024-2024100216gm-00a9-0000-2cbf5f5f-01-s1-d6,24,4.0,10.0,6.0
2024-2024100216gm-00a9-0000-2cbf5f5f-01-s1-d6,25,10.0,10.0,0.0
2024-2024100216gm-00a9-0000-2cbf5f5f-01-s1-d6,26,-4.0,10.0,14.0
2024-2024100216gm-00a9-0000-2cbf5f5f-01-s1-d6,27,-4.0,10.0,14.0
2024-2024100216gm-00a9-0000-2cbf5f5f-01-s1-d6,28,10.0,10.0,0.0
2024-2024100216gm-00a9-0000-2cbf5f5f-01-s1-d6,29,4.0,10.0,6.0
2024-2024100216gm-00a9-0000-2cbf5f5f-01-s1-d6,30,10.0,4.0,-6.0
2024-2024100216gm-00a9-0000-2cbf5f5f-01-s1-d6,31,4.0,10.0,6.0
2024-2024100216gm-00a9-0000-2cbf5f5f-01-s1-d6,32,-4.0,10.0,14.0
2024-2024100216gm-00a9-0000-2cbf5f5f-01-s1-d6,33,4.0,-4.0,-8.0
2024-2024100216gm-00a9-0000-2cbf5f5f-01-s1-d6,34,4.0,10.0,6.0
2024-2024100216gm-00a9-0000-2cbf5f5f-01-s1-d6,35,10.0,10.0,0.0
2024-2024100216gm-00a9-0000-2cbf5f5f-01-s1-d6,36,-4.0,10.0,14.0
2024-2024100216gm-00a9-0000-2cbf5f5f-01-s1-d6,37,10.0,10.0,0.0
2024-2024100216gm-00a9-0000-2cbf5f5f-01-s1-d6,38,-4.0,-10.0,-6.0
2024-2024100216gm-00a9-0000-2cbf5f5f-01-s1-d6,39,-10.0,10.0,20.0
2024-2024100216gm-00a9-0000-2cbf5f5f-01-s1-d6,40,10.0,10.0,0.0
2024-2024100216gm-00a9-0000-2cbf5f5f-01-s1-d6,41,10.0,10.0,0.0
2024-2024100216gm-00a9-0000-2cbf5f5f-01-s1-d6,42,10.0,10.0,0.0
2024-2024100216gm-00a9-0000-2cbf5f5f-01-s1-d6,43,10.0,4.0,-6.0
2024-2024100216gm-00a9-0000-2cbf5f5f-01-s1-d6,44,10.0,-10.0,-20.0
2024-2024100216gm-00a9-0000-2cbf5f5f-01-s1-d6,45,10.0,10.0,0.0
2024-2024100216gm-00a9-0000-2cbf5f5f-01-s1-d6,46,10.0,10.0,0.0
2024-2024100216gm-00a9-0000-2cbf5f5f-01-s1-d6,47,10.0,-4.0,-14.0
2024-2024100216gm-00a9-0000-2cbf5f5f-01-s1-d6,48,4.0,10.0,6.0
2024-2024100216gm-00a9-0000-2cbf5f5f-01-s1-d6,49,-4.0,10.0,14.0
2024-2024100216gm-00a9-0000-2cbf5f5f-01-s1-d6,50,-4.0,10.0,14.0
2024-2024100216gm-00a9-0000-2cbf5f5f-01-s1-d6,51,10.0,10.0,0.0
2024-2024100216gm-00a9-0000-2cbf5f5f-01-s1-d6,52,-4.0,10.0,14.0
2024-2024100216gm-00a9-0000-2cbf5f5f-01-s1-d6,53,10.0,10.0,0.0
2024-2024100216gm-00a9-0000-2cbf5f5f-01-s1-d6,54,10.0,10.0,0.0
2024-2024100216gm-00a9-0000-2cbf5f5f-01-s1-d6,55,10.0,-4.0,-14.0
2024-2024100216gm-00a9-0000-2cbf5f5f-01-s1-d6,56,10.0,-4.0,-14.0
2024-2024100216gm-00a9-0000-2cbf5f5f-01-s1-d6,57,10.0,-10.0,-20.0
2024-2024100216gm-00a9-0000-2cbf5f5f-01-s1-d6,58,10.0,10.0,0.0
2024-2024100216gm-00a9-0000-2cbf5f5f-01-s1-d6,59,10.0,10.0,0.0
2024-2024100216gm-00a9-0000-2cbf5f5f-01-s1-d6,60,10.0,-4.0,-14.0
2024-2024100216gm-00a9-0000-2cbf5f5f-01-s1-d6,61,10.0,10.0,0.0
2024-2024100216gm-00a9-0000-2cbf5f5f-01-s1-d6,62,-4.0,-10.0,-6.0
2024-2024100216gm-00a9-0000-2cbf5f5f-01-s1-d6,63,10.0,10.0,0.0
2024-2024100216gm-00a9-0000-2cbf5f5f-01-s1-d6,64,10.0,10.0,0.0
2024-2024100216gm-00a9-0000-2cbf5f5f-01-s1-d6,65,-10.0,4.0,14.0
2024-2024100216gm-00a9-0000-2cbf5f5f-01-s1-d6,66,10.0,10.0,0.0
2024-2024100216gm-00a9-0000-2cbf5f5f-01-s1-d6,67,10.0,-10.0,-20.0
2024-2024100216gm-00a9-0000-2cbf5f5f-01-s1-d6,68,10.0,10.0,0.0
2024-2024100216gm-00a9-0000-2cbf5f5f-01-s1-d6,69,10.0,-10.0,-20.0
2024-2024100216gm-00a9-0000-2cbf5f5f-01-s1-d6,70,10.0,10.0,0.0
2024-2024100216gm-00a9-0000-2cbf5f5f-01-s1-d6,71,4.0,10.0,6.0
2024-2024100216gm-00a9-0000-2cbf5f5f-01-s1-d6,72,10.0,10.0,0.0
2024-2024100216gm-00a9-0000-2cbf5f5f-01-s1-d6,73,10.0,10.0,0.0
2024-2024100216gm-00a9-0000-2cbf5f5f-01-s1-d6,74,10.0,-10.0,-20.0
2024-2024100216gm-00a9-0000-2cbf5f5f-01-s1-d6,75,10.0,10.0,0.0
2024-2024100216gm-00a9-0000-2cbf5f5f-01-s1-d6,76,10.0,10.0,0.0
2024-2024100216gm-00a9-0000-2cbf5f5f-01-s1-d6,77,-10.0,10.0,20.0
2024-2024100216gm-00a9-0000-2cbf5f5f-01-s1-d6,78,10.0,10.0,0.0
2024-2024100216gm-00a9-0000-2cbf5f5f-01-s1-d6,79,10.0,10.0,0.0
2024-2024100216gm-00a9-0000-2cbf5f5f-01-s1-d6,80,10.0,-10.0,-20.0
2024-2024100216gm-00a9-0000-2cbf5f5f-01-s1-d6,81,10.0,10.0,0.0
2024-2024100216gm-00a9-0000-2cbf5f5f-01-s1-d6,82,10.0,10.0,0.0
2024-2024100216gm-00a9-0000-2cbf5f5f-01-s1-d6,83,10.0,-4.0,-14.0
2024-2024100216gm-00a9-0000-2cbf5f5f-01-s1-d6,84,10.0,10.0,0.0
2024-2024100216gm-00a9-0000-2cbf5f5f-01-s1-d6,85,10.0,10.0,0.0
2024-2024100216gm-00a9-0000-2cbf5f5f-01-s1-d6,86,-4.0,-10.0,-6.0
2024-2024100216gm-00a9-0000-2cbf5f5f-01-s1-d6,87,10.0,10.0,0.0
2024-2024100216gm-00a9-0000-2cbf5f5f-01-s1-d6,88,10.0,-4.0,-14.0
2024-2024100216gm-00a9-0000-2cbf5f5f-01-s1-d6,89,10.0,10.0,0.0
2024-2024100216gm-00a9-0000-2cbf5f5f-01-s1-d6,90,10.0,4.0,-6.0
2024-2024100216gm-00a9-0000-2cbf5f5f-01-s1-d6,91,10.0,10.0,0.0
2024-2024100216gm-00a9-0000-2cbf5f5f-01-s1-d6,92,10.0,10.0,0.0
2024-2024100216gm-00a9-0000-2cbf5f5f-01-s1-d6,93,10.0,10.0,0.0
2024-2024100216gm-00a9-0000-2cbf5f5f-01-s1-d6,94,-10.0,10.0,20.0
2024-2024100216gm-00a9-0000-2cbf5f5f-01-s1-d6,95,10.0,10.0,0.0
2024-2024100216gm-00a9-0000-2cbf5f5f-01-s1-d6,96,10.0,10.0,0.0
2024-2024100216gm-00a9-0000-2cbf5f5f-01-s1-d6,97,10.0,10.0,0.0
2024-2024100216gm-00a9-0000-2cbf5f5f-01-s1-d6,98,10.0,-4.0,-14.0
2024-2024100216gm-00a9-0000-2cbf5f5f-01-s1-d6,99,10.0,10.0,0.0
2024-2024100216gm-00a9-0000-2cbf5f5f-01-s1-d6,100,10.0,-4.0,-14.0
2024-2024100216gm-00a9-0000-2cbf5f5f-01-s1-d6,101,-10.0,10.0,20.0
2024-2024100216gm-00a9-0000-2cbf5f5f-01-s1-d6,102,10.0,10.0,0.0
2024-2024100216gm-00a9-0000-2cbf5f5f-01-s1-d6,103,10.0,10.0,0.0
2024-2024100216gm-00a9-0000-2cbf5f5f-01-s1-d6,104,-4.0,10.0,14.0
2024-2024100216gm-00a9-0000-2cbf5f5f-01-s1-d6,105,10.0,-4.0,-14.0
2024-2024100216gm-00a9-0000-2cbf5f5f-01-s1-d6,106,10.0,10.0,0.0
2024-2024100216gm-00a9-0000-2cbf5f5f-01-s1-d6,107,10.0,4.0,-6.0
2024-2024100216gm-00a9-0000-2cbf5f5f-01-s1-d6,108,10.0,-4.0,-14.0
2024-2024100216gm-00a9-0000-2cbf5f5f-01-s1-d6,109,10.0,-4.0,-14.0
2024-2024100216gm-00a9-0000-2cbf5f5f-01-s1-d6,110,10.0,10.0,0.0
2024-2024100216gm-00a9-0000-2cbf5f5f-01-s1-d6,111,10.0,-4.0,-14.0
2024-2024100216gm-00a9-0000-2cbf5f5f-01-s1-d6,112,10.0,10.0,0.0
2024-2024100216gm-00a9-0000-2cbf5f5f-01-s1-d6,113,10.0,10.0,0.0
2024-2024100216gm-00a9-0000-2cbf5f5f-01-s1-d6,114,10.0,10.0,0.0
2024-2024100216gm-00a9-0000-2cbf5f5f-01-s1-d6,115,10.0,10.0,0.0
2024-2024100216gm-00a9-0000-2cbf5f5f-01-s1-d6,116,10.0,-4.0,-14.0
2024-2024100216gm-00a9-0000-2cbf5f5f-01-s1-d6,117,10.0,-4.0,-14.0
2024-2024100216gm-00a9-0000-2cbf5f5f-01-s1-d6,118,10.0,-10.0,-20.0
2024-2024100216gm-00a9-0000-2cbf5f5f-01-s1-d6,119,10.0,10.0,0.0
2024-2024100216gm-00a9-0000-2cbf5f5f-01-s1-d6,120,10.0,-4.0,-14.0
2024-2024100216gm-00a9-0000-2cbf5f5f-01-s1-d6,121,10.0,10.0,0.0
2024-2024100216gm-00a9-0000-2cbf5f5f-01-s1-d6,122,10.0,10.0,0.0
2024-2024100216gm-00a9-0000-2cbf5f5f-01-s1-d6,123,-10.0,10.0,20.0
2024-2024100216gm-00a9-0000-2cbf5f5f-01-s1-d6,124,10.0,10.0,0.0
2024-2024100216gm-00a9-0000-2cbf5f5f-01-s1-d6,125,10.0,10.0,0.0
2024-2024100216gm-00a9-0000-2cbf5f5f-01-s1-d6,126,-4.0,10.0,14.0
2024-2024100216gm-00a9-0000-2cbf5f5f-01-s1-d6,127,10.0,10.0,0.0
2024-2024100216gm-00a9-0000-2cbf5f5f-01-s1-d6,128,10.0,10.0,0.0
2024-2024100216gm-00a9-0000-2cbf5f5f-01-s1-d6,129,10.0,10.0,0.0
2024-2024100216gm-00a9-0000-2cbf5f5f-01-s1-d6,130,10.0,10.0,0.0
2024-2024100216gm-00a9-0000-2cbf5f5f-01-s1-d6,131,10.0,4.0,-6.0
2024-2024100216gm-00a9-0000-2cbf5f5f-01-s1-d6,132,10.0,10.0,0.0
2024-2024100216gm-00a9-0000-2cbf5f5f-01-s1-d6,133,10.0,10.0,0.0
2024-2024100216gm-00a9-0000-2cbf5f5f-01-s1-d6,134,10.0,10.0,0.0
2024-2024100216gm-00a9-0000-2cbf5f5f-01-s1-d6,135,10.0,10.0,0.0
2024-2024100216gm-00a9-0000-2cbf5f5f-01-s1-d6,136,10.0,10.0,0.0
2024-2024100216gm-00a9-0000-2cbf5f5f-01-s1-d6,137,10.0,4.0,-6.0
2024-2024100216gm-00a9-0000-2cbf5f5f-01-s1-d6,138,10.0,10.0,0.0
2024-2024100216gm-00a9-0000-2cbf5f5f-01-s1-d6,139,-4.0,10.0,14.0
2024-2024100216gm-00a9-0000-2cbf5f5f-01-s1-d6,140,4.0,10.0,6.0
2024-2024100216gm-00a9-0000-2cbf5f5f-01-s1-d6,141,10.0,10.0,0.0
2024-2024100216gm-00a9-0000-2cbf5f5f-01-s1-d6,142,-10.0,-4.0,6.0
2024-2024100216gm-00a9-0000-2cbf5f5f-01-s1-d6,143,10.0,10.0,0.0
2024-2024100216gm-00a9-0000-2cbf5f5f-01-s1-d6,144,10.0,10.0,0.0
2024-2024100216gm-00a9-0000-2cbf5f5f-01-s1-d6,145,4.0,4.0,0.0
2024-2024100216gm-00a9-0000-2cbf5f5f-01-s1-d6,146,10.0,10.0,0.0
2024-2024100216gm-00a9-0000-2cbf5f5f-01-s1-d6,147,10.0,4.0,-6.0
2024-2024100216gm-00a9-0000-2cbf5f5f-01-s1-d6,148,-10.0,10.0,20.0
2024-2024100216gm-00a9-0000-2cbf5f5f-01-s1-d6,149,10.0,-4.0,-14.0
2024-2024100216gm-00a9-0000-2cbf5f5f-01-s1-d6,150,10.0,-4.0,-14.0
2024-2024100216gm-00a9-0000-2cbf5f5f-01-s1-d6,151,10.0,10.0,0.0
2024-2024100216gm-00a9-0000-2cbf5f5f-01-s1-d6,152,10.0,-4.0,-14.0
2024-2024100216gm-00a9-0000-2cbf5f5f-01-s1-d6,153,10.0,10.0,0.0
2024-2024100216gm-00a9-0000-2cbf5f5f-01-s1-d6,154,10.0,10.0,0.0
2024-2024100216gm-00a9-0000-2cbf5f5f-01-s1-d6,155,10.0,10.0,0.0
2024-2024100216gm-00a9-0000-2cbf5f5f-01-s1-d6,156,10.0,10.0,0.0
2024-2024100216gm-00a9-0000-2cbf5f5f-01-s1-d6,157,-10.0,10.0,20.0
2024-2024100216gm-00a9-0000-2cbf5f5f-01-s1-d6,158,-4.0,-4.0,0.0
2024-2024100216gm-00a9-0000-2cbf5f5f-01-s1-d6,159,4.0,10.0,6.0
2024-2024100216gm-00a9-0000-2cbf5f5f-01-s1-d6,160,10.0,10.0,0.0
2024-2024100216gm-00a9-0000-2cbf5f5f-01-s1-d6,161,4.0,10.0,6.0
2024-2024100216gm-00a9-0000-2cbf5f5f-01-s1-d6,162,10.0,-4.0,-14.0
2024-2024100216gm-00a9-0000-2cbf5f5f-01-s1-d6,163,10.0,-4.0,-14.0
2024-2024100216gm-00a9-0000-2cbf5f5f-01-s1-d6,164,10.0,-10.0,-20.0
2024-2024100216gm-00a9-0000-2cbf5f5f-01-s1-d6,165,-4.0,10.0,14.0
2024-2024100216gm-00a9-0000-2cbf5f5f-01-s1-d6,166,10.0,10.0,0.0
2024-2024100216gm-00a9-0000-2cbf5f5f-01-s1-d6,167,10.0,10.0,0.0
2024-2024100216gm-00a9-0000-2cbf5f5f-01-s1-d6,168,10.0,10.0,0.0
2024-2024100216gm-00a9-0000-2cbf5f5f-01-s1-d6,169,10.0,10.0,0.0
2024-2024100216gm-00a9-0000-2cbf5f5f-01-s1-d6,170,-4.0,10.0,14.0
2024-2024100216gm-00a9-0000-2cbf5f5f-01-s1-d6,171,10.0,10.0,0.0
2024-2024100216gm-00a9-0000-2cbf5f5f-01-s1-d6,172,4.0,10.0,6.0
2024-2024100216gm-00a9-0000-2cbf5f5f-01-s1-d6,173,10.0,4.0,-6.0
2024-2024100216gm-00a9-0000-2cbf5f5f-01-s1-d6,174,10.0,-10.0,-20.0
2024-2024100216gm-00a9-0000-2cbf5f5f-01-s1-d6,175,10.0,10.0,0.0
2024-2024100216gm-00a9-0000-2cbf5f5f-01-s1-d6,176,10.0,10.0,0.0
2024-2024100216gm-00a9-0000-2cbf5f5f-01-s1-d6,177,10.0,10.0,0.0
2024-2024100216gm-00a9-0000-2cbf5f5f-01-s1-d6,178,10.0,-4.0,-14.0
2024-2024100216gm-00a9-0000-2cbf5f5f-01-s1-d6,179,10.0,4.0,-6.0
2024-2024100216gm-00a9-0000-2cbf5f5f-01-s1-d6,180,10.0,10.0,0.0
2024-2024100216gm-00a9-0000-2cbf5f5f-01-s1-d6,181,4.0,10.0,6.0
2024-2024100216gm-00a9-0000-2cbf5f5f-01-s1-d6,182,10.0,10.0,0.0
2024-2024100216gm-00a9-0000-2cbf5f5f-01-s1-d6,183,10.0,-10.0,-20.0
2024-2024100216gm-00a9-0000-2cbf5f5f-01-s1-d6,184,-4.0,4.0,8.0
2024-2024100216gm-00a9-0000-2cbf5f5f-01-s1-d6,185,-10.0,10.0,20.0
2024-2024100216gm-00a9-0000-2cbf5f5f-01-s1-d6,186,10.0,10.0,0.0
2024-2024100216gm-00a9-0000-2cbf5f5f-01-s1-d6,187,10.0,4.0,-6.0
2024-2024100216gm-00a9-0000-2cbf5f5f-01-s1-d6,188,10.0,10.0,0.0
2024-2024100216gm-00a9-0000-2cbf5f5f-01-s1-d6,189,10.0,-10.0,-20.0
2024-2024100216gm-00a9-0000-2cbf5f5f-01-s1-d6,190,10.0,10.0,0.0
2024-2024100216gm-00a9-0000-2cbf5f5f-01-s1-d6,191,4.0,10.0,6.0
2024-2024100216gm-00a9-0000-2cbf5f5f-01-s1-d6,192,-4.0,-10.0,-6.0
2024-2024100216gm-00a9-0000-2cbf5f5f-01-s1-d6,193,10.0,10.0,0.0
2024-2024100216gm-00a9-0000-2cbf5f5f-01-s1-d6,194,10.0,10.0,0.0
2024-2024100216gm-00a9-0000-2cbf5f5f-01-s1-d6,195,10.0,4.0,-6.0
2024-2024100216gm-00a9-0000-2cbf5f5f-01-s1-d6,196,10.0,10.0,0.0
2024-2024100216gm-00a9-0000-2cbf5f5f-01-s1-d6,197,10.0,10.0,0.0
2024-2024100216gm-00a9-0000-2cbf5f5f-01-s1-d6,198,10.0,4.0,-6.0
2024-2024100216gm-00a9-0000-2cbf5f5f-01-s1-d6,199,10.0,-4.0,-14.0
2024-2024100216gm-00a9-0000-2cbf5f5f-01-s1-d6,200,10.0,10.0,0.0
2024-2024100216gm-00a9-0000-2cbf5f5f-01-s1-d6,201,10.0,10.0,0.0
2024-2024100216gm-00a9-0000-2cbf5f5f-01-s1-d6,202,-10.0,-10.0,0.0
2024-2024100216gm-00a9-0000-2cbf5f5f-01-s1-d6,203,10.0,10.0,0.0
2024-2024100216gm-00a9-0000-2cbf5f5f-01-s1-d6,204,10.0,10.0,0.0
2024-2024100216gm-00a9-0000-2cbf5f5f-01-s1-d6,205,10.0,10.0,0.0
2024-2024100216gm-00a9-0000-2cbf5f5f-01-s1-d6,206,10.0,10.0,0.0
2024-2024100216gm-00a9-0000-2cbf5f5f-01-s1-d6,207,10.0,-10.0,-20.0
2024-2024100216gm-00a9-0000-2cbf5f5f-01-s1-d6,208,10.0,10.0,0.0
2024-2024100216gm-00a9-0000-2cbf5f5f-01-s1-d6,209,10.0,10.0,0.0
2024-2024100216gm-00a9-0000-2cbf5f5f-01-s1-d6,210,4.0,10.0,6.0
2024-2024100216gm-00a9-0000-2cbf5f5f-01-s1-d6,211,4.0,-10.0,-14.0
2024-2024100216gm-00a9-0000-2cbf5f5f-01-s1-d6,212,10.0,4.0,-6.0
2024-2024100216gm-00a9-0000-2cbf5f5f-01-s1-d6,213,10.0,4.0,-6.0
2024-2024100216gm-00a9-0000-2cbf5f5f-01-s1-d6,214,10.0,10.0,0.0
2024-2024100216gm-00a9-0000-2cbf5f5f-01-s1-d6,215,10.0,10.0,0.0
2024-2024100216gm-00a9-0000-2cbf5f5f-01-s1-d6,216,10.0,10.0,0.0
2024-2024100216gm-00a9-0000-2cbf5f5f-01-s1-d6,217,-4.0,10.0,14.0
2024-2024100216gm-00a9-0000-2cbf5f5f-01-s1-d6,218,10.0,10.0,0.0
2024-2024100216gm-00a9-0000-2cbf5f5f-01-s1-d6,219,10.0,10.0,0.0
2024-2024100216gm-00a9-0000-2cbf5f5f-01-s1-d6,220,10.0,10.0,0.0
2024-2024100216gm-00a9-0000-2cbf5f5f-01-s1-d6,221,10.0,10.0,0.0
2024-2024100216gm-00a9-0000-2cbf5f5f-01-s1-d6,222,10.0,10.0,0.0
2024-2024100216gm-00a9-0000-2cbf5f5f-01-s1-d6,223,10.0,10.0,0.0
2024-2024100216gm-00a9-0000-2cbf5f5f-01-s1-d6,224,10.0,10.0,0.0
2024-2024100216gm-00a9-0000-2cbf5f5f-01-s1-d6,225,-10.0,10.0,20.0
2024-2024100216gm-00a9-0000-2cbf5f5f-01-s1-d6,226,-10.0,-10.0,0.0
2024-2024100216gm-00a9-0000-2cbf5f5f-01-s1-d6,227,-10.0,10.0,20.0
2024-2024100216gm-00a9-0000-2cbf5f5f-01-s1-d6,228,10.0,10.0,0.0
2024-2024100216gm-00a9-0000-2cbf5f5f-01-s1-d6,229,10.0,10.0,0.0
2024-2024100216gm-00a9-0000-2cbf5f5f-01-s1-d6,230,10.0,4.0,-6.0
2024-2024100216gm-00a9-0000-2cbf5f5f-01-s1-d6,231,10.0,-10.0,-20.0
2024-2024100216gm-00a9-0000-2cbf5f5f-01-s1-d6,232,10.0,10.0,0.0
2024-2024100216gm-00a9-0000-2cbf5f5f-01-s1-d6,233,10.0,10.0,0.0
2024-2024100216gm-00a9-0000-2cbf5f5f-01-s1-d6,234,10.0,-4.0,-14.0
2024-2024100216gm-00a9-0000-2cbf5f5f-01-s1-d6,235,-10.0,10.0,20.0
2024-2024100216gm-00a9-0000-2cbf5f5f-01-s1-d6,236,10.0,-4.0,-14.0
2024-2024100216gm-00a9-0000-2cbf5f5f-01-s1-d6,237,10.0,10.0,0.0
2024-2024100216gm-00a9-0000-2cbf5f5f-01-s1-d6,238,10.0,10.0,0.0
2024-2024100216gm-00a9-0000-2cbf5f5f-01-s1-d6,239,10.0,10.0,0.0
2024-2024100216gm-00a9-0000-2cbf5f5f-01-s1-d6,240,10.0,-10.0,-20.0
2024-2024100216gm-00a9-0000-2cbf5f5f-01-s1-d6,241,10.0,10.0,0.0
2024-2024100216gm-00a9-0000-2cbf5f5f-01-s1-d6,242,10.0,10.0,0.0
2024-2024100216gm-00a9-0000-2cbf5f5f-01-s1-d6,243,-4.0,10.0,14.0
2024-2024100216gm-00a9-0000-2cbf5f5f-01-s1-d6,244,10.0,10.0,0.0
2024-2024100216gm-00a9-0000-2cbf5f5f-01-s1-d6,245,10.0,4.0,-6.0
2024-2024100216gm-00a9-0000-2cbf5f5f-01-s1-d6,246,-10.0,10.0,20.0
2024-2024100216gm-00a9-0000-2cbf5f5f-01-s1-d6,247,10.0,10.0,0.0
2024-2024100216gm-00a9-0000-2cbf5f5f-01-s1-d6,248,4.0,4.0,0.0
2024-2024100216gm-00a9-0000-2cbf5f5f-01-s1-d6,249,10.0,10.0,0.0
2024-2024100216gm-00a9-0000-2cbf5f5f-01-s1-d6,250,10.0,10.0,0.0
2024-2024100216gm-00a9-0000-2cbf5f5f-01-s1-d6,251,10.0,4.0,-6.0
2024-2024100216gm-00a9-0000-2cbf5f5f-01-s1-d6,252,10.0,10.0,0.0
2024-2024100216gm-00a9-0000-2cbf5f5f-01-s1-d6,253,10.0,10.0,0.0
2024-2024100216gm-00a9-0000-2cbf5f5f-01-s1-d6,254,10.0,10.0,0.0
2024-2024100216gm-00a9-0000-2cbf5f5f-01-s1-d6,255,-10.0,10.0,20.0
2025-2025011200gm-00a9-0000-18c17918-10-s0-d3,0,4.0,4.0,0.0
2025-2025011200gm-00a9-0000-18c17918-10-s0-d3,1,10.0,10.0,0.0
2025-2025011200gm-00a9-0000-18c17918-10-s0-d3,2,4.0,4.0,0.0
2025-2025011200gm-00a9-0000-18c17918-10-s0-d3,3,4.0,4.0,0.0
2025-2025011200gm-00a9-0000-18c17918-10-s0-d3,4,4.0,4.0,0.0
2025-2025011200gm-00a9-0000-18c17918-10-s0-d3,5,10.0,4.0,-6.0
2025-2025011200gm-00a9-0000-18c17918-10-s0-d3,6,10.0,10.0,0.0
2025-2025011200gm-00a9-0000-18c17918-10-s0-d3,7,4.0,4.0,0.0
2025-2025011200gm-00a9-0000-18c17918-10-s0-d3,8,10.0,10.0,0.0
2025-2025011200gm-00a9-0000-18c17918-10-s0-d3,9,10.0,4.0,-6.0
2025-2025011200gm-00a9-0000-18c17918-10-s0-d3,10,4.0,10.0,6.0
2025-2025011200gm-00a9-0000-18c17918-10-s0-d3,11,10.0,10.0,0.0
2025-2025011200gm-00a9-0000-18c17918-10-s0-d3,12,10.0,10.0,0.0
2025-2025011200gm-00a9-0000-18c17918-10-s0-d3,13,10.0,10.0,0.0
2025-2025011200gm-00a9-0000-18c17918-10-s0-d3,14,4.0,4.0,0.0
2025-2025011200gm-00a9-0000-18c17918-10-s0-d3,15,4.0,10.0,6.0
2025-2025011200gm-00a9-0000-18c17918-10-s0-d3,16,10.0,10.0,0.0
2025-2025011200gm-00a9-0000-18c17918-10-s0-d3,17,10.0,4.0,-6.0
2025-2025011200gm-00a9-0000-18c17918-10-s0-d3,18,4.0,10.0,6.0
2025-2025011200gm-00a9-0000-18c17918-10-s0-d3,19,10.0,10.0,0.0
2025-2025011200gm-00a9-0000-18c17918-10-s0-d3,20,10.0,10.0,0.0
2025-2025011200gm-00a9-0000-18c17918-10-s0-d3,21,10.0,10.0,0.0
2025-2025011200gm-00a9-0000-18c17918-10-s0-d3,22,10.0,4.0,-6.0
2025-2025011200gm-00a9-0000-18c17918-10-s0-d3,23,10.0,10.0,0.0
2025-2025011200gm-00a9-0000-18c17918-10-s0-d3,24,4.0,10.0,6.0
2025-2025011200gm-00a9-0000-18c17918-10-s0-d3,25,4.0,10.0,6.0
2025-2025011200gm-00a9-0000-18c17918-10-s0-d3,26,10.0,10.0,0.0
2025-2025011200gm-00a9-0000-18c17918-10-s0-d3,27,-4.0,-4.0,0.0
2025-2025011200gm-00a9-0000-18c17918-10-s0-d3,28,4.0,-4.0,-8.0
2025-2025011200gm-00a9-0000-18c17918-10-s0-d3,29,4.0,4.0,0.0
2025-2025011200gm-00a9-0000-18c17918-10-s0-d3,30,10.0,10.0,0.0
2025-2025011200gm-00a9-0000-18c17918-10-s0-d3,31,10.0,10.0,0.0
2025-2025011200gm-00a9-0000-18c17918-10-s0-d3,32,4.0,4.0,0.0
2025-2025011200gm-00a9-0000-18c17918-10-s0-d3,33,10.0,10.0,0.0
2025-2025011200gm-00a9-0000-18c17918-10-s0-d3,34,4.0,4.0,0.0
2025-2025011200gm-00a9-0000-18c17918-10-s0-d3,35,-4.0,-4.0,0.0
2025-2025011200gm-00a9-0000-18c17918-10-s0-d3,36,10.0,10.0,0.0
2025-2025011200gm-00a9-0000-18c17918-10-s0-d3,37,-4.0,10.0,14.0
2025-2025011200gm-00a9-0000-18c17918-10-s0-d3,38,10.0,10.0,0.0
2025-2025011200gm-00a9-0000-18c17918-10-s0-d3,39,-4.0,-4.0,0.0
2025-2025011200gm-00a9-0000-18c17918-10-s0-d3,40,10.0,10.0,0.0
2025-2025011200gm-00a9-0000-18c17918-10-s0-d3,41,10.0,-4.0,-14.0
2025-2025011200gm-00a9-0000-18c17918-10-s0-d3,42,4.0,4.0,0.0
2025-2025011200gm-00a9-0000-18c17918-10-s0-d3,43,10.0,10.0,0.0
2025-2025011200gm-00a9-0000-18c17918-10-s0-d3,44,4.0,4.0,0.0
2025-2025011200gm-00a9-0000-18c17918-10-s0-d3,45,4.0,4.0,0.0
2025-2025011200gm-00a9-0000-18c17918-10-s0-d3,46,-4.0,-4.0,0.0
2025-2025011200gm-00a9-0000-18c17918-10-s0-d3,47,10.0,10.0,0.0
2025-2025011200gm-00a9-0000-18c17918-10-s0-d3,48,10.0,-10.0,-20.0
2025-2025011200gm-00a9-0000-18c17918-10-s0-d3,49,-4.0,-4.0,0.0
2025-2025011200gm-00a9-0000-18c17918-10-s0-d3,50,10.0,10.0,0.0
2025-2025011200gm-00a9-0000-18c17918-10-s0-d3,51,-4.0,10.0,14.0
2025-2025011200gm-00a9-0000-18c17918-10-s0-d3,52,10.0,4.0,-6.0
2025-2025011200gm-00a9-0000-18c17918-10-s0-d3,53,10.0,10.0,0.0
2025-2025011200gm-00a9-0000-18c17918-10-s0-d3,54,10.0,10.0,0.0
2025-2025011200gm-00a9-0000-18c17918-10-s0-d3,55,10.0,10.0,0.0
2025-2025011200gm-00a9-0000-18c17918-10-s0-d3,56,10.0,10.0,0.0
2025-2025011200gm-00a9-0000-18c17918-10-s0-d3,57,10.0,10.0,0.0
2025-2025011200gm-00a9-0000-18c17918-10-s0-d3,58,10.0,10.0,0.0
2025-2025011200gm-00a9-0000-18c17918-10-s0-d3,59,10.0,-4.0,-14.0
2025-2025011200gm-00a9-0000-18c17918-10-s0-d3,60,-4.0,-4.0,0.0
2025-2025011200gm-00a9-0000-18c17918-10-s0-d3,61,10.0,10.0,0.0
2025-2025011200gm-00a9-0000-18c17918-10-s0-d3,62,-10.0,-10.0,0.0
2025-2025011200gm-00a9-0000-18c17918-10-s0-d3,63,10.0,10.0,0.0
2025-2025011200gm-00a9-0000-18c17918-10-s0-d3,64,10.0,4.0,-6.0
2025-2025011200gm-00a9-0000-18c17918-10-s0-d3,65,4.0,4.0,0.0
2025-2025011200gm-00a9-0000-18c17918-10-s0-d3,66,4.0,4.0,0.0
2025-2025011200gm-00a9-0000-18c17918-10-s0-d3,67,10.0,10.0,0.0
2025-2025011200gm-00a9-0000-18c17918-10-s0-d3,68,-4.0,10.0,14.0
2025-2025011200gm-00a9-0000-18c17918-10-s0-d3,69,10.0,10.0,0.0
2025-2025011200gm-00a9-0000-18c17918-10-s0-d3,70,4.0,4.0,0.0
2025-2025011200gm-00a9-0000-18c17918-10-s0-d3,71,10.0,10.0,0.0
2025-2025011200gm-00a9-0000-18c17918-10-s0-d3,72,4.0,4.0,0.0
2025-2025011200gm-00a9-0000-18c17918-10-s0-d3,73,4.0,4.0,0.0
2025-2025011200gm-00a9-0000-18c17918-10-s0-d3,74,4.0,4.0,0.0
2025-2025011200gm-00a9-0000-18c17918-10-s0-d3,75,10.0,10.0,0.0
2025-2025011200gm-00a9-0000-18c17918-10-s0-d3,76,4.0,-4.0,-8.0
2025-2025011200gm-00a9-0000-18c17918-10-s0-d3,77,10.0,10.0,0.0
2025-2025011200gm-00a9-0000-18c17918-10-s0-d3,78,10.0,10.0,0.0
2025-2025011200gm-00a9-0000-18c17918-10-s0-d3,79,-4.0,4.0,8.0
2025-2025011200gm-00a9-0000-18c17918-10-s0-d3,80,10.0,10.0,0.0
2025-2025011200gm-00a9-0000-18c17918-10-s0-d3,81,-4.0,-10.0,-6.0
2025-2025011200gm-00a9-0000-18c17918-10-s0-d3,82,10.0,4.0,-6.0
2025-2025011200gm-00a9-0000-18c17918-10-s0-d3,83,4.0,10.0,6.0
2025-2025011200gm-00a9-0000-18c17918-10-s0-d3,84,4.0,4.0,0.0
2025-2025011200gm-00a9-0000-18c17918-10-s0-d3,85,-4.0,10.0,14.0
2025-2025011200gm-00a9-0000-18c17918-10-s0-d3,86,10.0,10.0,0.0
2025-2025011200gm-00a9-0000-18c17918-10-s0-d3,87,10.0,10.0,0.0
2025-2025011200gm-00a9-0000-18c17918-10-s0-d3,88,10.0,10.0,0.0
2025-2025011200gm-00a9-0000-18c17918-10-s0-d3,89,10.0,4.0,-6.0
2025-2025011200gm-00a9-0000-18c17918-10-s0-d3,90,10.0,10.0,0.0
2025-2025011200gm-00a9-0000-18c17918-10-s0-d3,91,-10.0,-10.0,0.0
2025-2025011200gm-00a9-0000-18c17918-10-s0-d3,92,4.0,4.0,0.0
2025-2025011200gm-00a9-0000-18c17918-10-s0-d3,93,10.0,10.0,0.0
2025-2025011200gm-00a9-0000-18c17918-10-s0-d3,94,4.0,10.0,6.0
2025-2025011200gm-00a9-0000-18c17918-10-s0-d3,95,10.0,10.0,0.0
2025-2025011200gm-00a9-0000-18c17918-10-s0-d3,96,-10.0,4.0,14.0
2025-2025011200gm-00a9-0000-18c17918-10-s0-d3,97,10.0,10.0,0.0
2025-2025011200gm-00a9-0000-18c17918-10-s0-d3,98,4.0,-10.0,-14.0
2025-2025011200gm-00a9-0000-18c17918-10-s0-d3,99,10.0,-4.0,-14.0
2025-2025011200gm-00a9-0000-18c17918-10-s0-d3,100,10.0,4.0,-6.0
2025-2025011200gm-00a9-0000-18c17918-10-s0-d3,101,10.0,10.0,0.0
2025-2025011200gm-00a9-0000-18c17918-10-s0-d3,102,-4.0,4.0,8.0
2025-2025011200gm-00a9-0000-18c17918-10-s0-d3,103,4.0,4.0,0.0
2025-2025011200gm-00a9-0000-18c17918-10-s0-d3,104,10.0,10.0,0.0
2025-2025011200gm-00a9-0000-18c17918-10-s0-d3,105,10.0,10.0,0.0
2025-2025011200gm-00a9-0000-18c17918-10-s0-d3,106,4.0,10.0,6.0
2025-2025011200gm-00a9-0000-18c17918-10-s0-d3,107,4.0,10.0,6.0
2025-2025011200gm-00a9-0000-18c17918-10-s0-d3,108,10.0,10.0,0.0
2025-2025011200gm-00a9-0000-18c17918-10-s0-d3,109,10.0,10.0,0.0
2025-2025011200gm-00a9-0000-18c17918-10-s0-d3,110,10.0,-4.0,-14.0
2025-2025011200gm-00a9-0000-18c17918-10-s0-d3,111,-4.0,4.0,8.0
2025-2025011200gm-00a9-0000-18c17918-10-s0-d3,112,4.0,10.0,6.0
2025-2025011200gm-00a9-0000-18c17918-10-s0-d3,113,10.0,10.0,0.0
2025-2025011200gm-00a9-0000-18c17918-10-s0-d3,114,10.0,10.0,0.0
2025-2025011200gm-00a9-0000-18c17918-10-s0-d3,115,-4.0,-4.0,0.0
2025-2025011200gm-00a9-0000-18c17918-10-s0-d3,116,10.0,4.0,-6.0
2025-2025011200gm-00a9-0000-18c17918-10-s0-d3,117,10.0,-4.0,-14.0
2025-2025011200gm-00a9-0000-18c17918-10-s0-d3,118,-4.0,4.0,8.0
2025-2025011200gm-00a9-0000-18c17918-10-s0-d3,119,-4.0,-10.0,-6.0
2025-2025011200gm-00a9-0000-18c17918-10-s0-d3,120,10.0,10.0,0.0
2025-2025011200gm-00a9-0000-18c17918-10-s0-d3,121,-10.0,-4.0,6.0
2025-2025011200gm-00a9-0000-18c17918-10-s0-d3,122,4.0,4.0,0.0
2025-2025011200gm-00a9-0000-18c17918-10-s0-d3,123,-4.0,10.0,14.0
2025-2025011200gm-00a9-0000-18c17918-10-s0-d3,124,-4.0,10.0,14.0
2025-2025011200gm-00a9-0000-18c17918-10-s0-d3,125,4.0,4.0,0.0
2025-2025011200gm-00a9-0000-18c17918-10-s0-d3,126,10.0,10.0,0.0
2025-2025011200gm-00a9-0000-18c17918-10-s0-d3,127,10.0,10.0,0.0
2025-2025011200gm-00a9-0000-18c17918-10-s0-d3,128,-10.0,-10.0,0.0
2025-2025011200gm-00a9-0000-18c17918-10-s0-d3,129,4.0,-4.0,-8.0
2025-2025011200gm-00a9-0000-18c17918-10-s0-d3,130,-10.0,4.0,14.0
2025-2025011200gm-00a9-0000-18c17918-10-s0-d3,131,10.0,-4.0,-14.0
2025-2025011200gm-00a9-0000-18c17918-10-s0-d3,132,4.0,4.0,0.0
2025-2025011200gm-00a9-0000-18c17918-10-s0-d3,133,4.0,4.0,0.0
2025-2025011200gm-00a9-0000-18c17918-10-s0-d3,134,-10.0,-10.0,0.0
2025-2025011200gm-00a9-0000-18c17918-10-s0-d3,135,10.0,10.0,0.0
2025-2025011200gm-00a9-0000-18c17918-10-s0-d3,136,4.0,10.0,6.0
2025-2025011200gm-00a9-0000-18c17918-10-s0-d3,137,10.0,10.0,0.0
2025-2025011200gm-00a9-0000-18c17918-10-s0-d3,138,4.0,-4.0,-8.0
2025-2025011200gm-00a9-0000-18c17918-10-s0-d3,139,-4.0,-4.0,0.0
2025-2025011200gm-00a9-0000-18c17918-10-s0-d3,140,10.0,4.0,-6.0
2025-2025011200gm-00a9-0000-18c17918-10-s0-d3,141,4.0,4.0,0.0
2025-2025011200gm-00a9-0000-18c17918-10-s0-d3,142,10.0,10.0,0.0
2025-2025011200gm-00a9-0000-18c17918-10-s0-d3,143,10.0,10.0,0.0
2025-2025011200gm-00a9-0000-18c17918-10-s0-d3,144,4.0,10.0,6.0
2025-2025011200gm-00a9-0000-18c17918-10-s0-d3,145,10.0,10.0,0.0
2025-2025011200gm-00a9-0000-18c17918-10-s0-d3,146,10.0,10.0,0.0
2025-2025011200gm-00a9-0000-18c17918-10-s0-d3,147,10.0,10.0,0.0
2025-2025011200gm-00a9-0000-18c17918-10-s0-d3,148,4.0,10.0,6.0
2025-2025011200gm-00a9-0000-18c17918-10-s0-d3,149,4.0,4.0,0.0
2025-2025011200gm-00a9-0000-18c17918-10-s0-d3,150,4.0,4.0,0.0
2025-2025011200gm-00a9-0000-18c17918-10-s0-d3,151,10.0,10.0,0.0
2025-2025011200gm-00a9-0000-18c17918-10-s0-d3,152,10.0,10.0,0.0
2025-2025011200gm-00a9-0000-18c17918-10-s0-d3,153,4.0,4.0,0.0
2025-2025011200gm-00a9-0000-18c17918-10-s0-d3,154,-4.0,10.0,14.0
2025-2025011200gm-00a9-0000-18c17918-10-s0-d3,155,4.0,4.0,0.0
2025-2025011200gm-00a9-0000-18c17918-10-s0-d3,156,10.0,10.0,0.0
2025-2025011200gm-00a9-0000-18c17918-10-s0-d3,157,-10.0,4.0,14.0
2025-2025011200gm-00a9-0000-18c17918-10-s0-d3,158,10.0,10.0,0.0
2025-2025011200gm-00a9-0000-18c17918-10-s0-d3,159,-10.0,-10.0,0.0
2025-2025011200gm-00a9-0000-18c17918-10-s0-d3,160,4.0,4.0,0.0
2025-2025011200gm-00a9-0000-18c17918-10-s0-d3,161,10.0,10.0,0.0
2025-2025011200gm-00a9-0000-18c17918-10-s0-d3,162,4.0,10.0,6.0
2025-2025011200gm-00a9-0000-18c17918-10-s0-d3,163,10.0,-4.0,-14.0
2025-2025011200gm-00a9-0000-18c17918-10-s0-d3,164,4.0,4.0,0.0
2025-2025011200gm-00a9-0000-18c17918-10-s0-d3,165,4.0,10.0,6.0
2025-2025011200gm-00a9-0000-18c17918-10-s0-d3,166,4.0,4.0,0.0
2025-2025011200gm-00a9-0000-18c17918-10-s0-d3,167,10.0,10.0,0.0
2025-2025011200gm-00a9-0000-18c17918-10-s0-d3,168,10.0,10.0,0.0
2025-2025011200gm-00a9-0000-18c17918-10-s0-d3,169,4.0,4.0,0.0
2025-2025011200gm-00a9-0000-18c17918-10-s0-d3,170,10.0,10.0,0.0
2025-2025011200gm-00a9-0000-18c17918-10-s0-d3,171,10.0,4.0,-6.0
2025-2025011200gm-00a9-0000-18c17918-10-s0-d3,172,-10.0,-10.0,0.0
2025-2025011200gm-00a9-0000-18c17918-10-s0-d3,173,10.0,10.0,0.0
2025-2025011200gm-00a9-0000-18c17918-10-s0-d3,174,4.0,4.0,0.0
2025-2025011200gm-00a9-0000-18c17918-10-s0-d3,175,4.0,4.0,0.0
2025-2025011200gm-00a9-0000-18c17918-10-s0-d3,176,10.0,10.0,0.0
2025-2025011200gm-00a9-0000-18c17918-10-s0-d3,177,4.0,10.0,6.0
2025-2025011200gm-00a9-0000-18c17918-10-s0-d3,178,10.0,10.0,0.0
2025-2025011200gm-00a9-0000-18c17918-10-s0-d3,179,4.0,-4.0,-8.0
2025-2025011200gm-00a9-0000-18c17918-10-s0-d3,180,10.0,10.0,0.0
2025-2025011200gm-00a9-0000-18c17918-10-s0-d3,181,4.0,-4.0,-8.0
2025-2025011200gm-00a9-0000-18c17918-10-s0-d3,182,4.0,4.0,0.0
2025-2025011200gm-00a9-0000-18c17918-10-s0-d3,183,10.0,10.0,0.0
2025-2025011200gm-00a9-0000-18c17918-10-s0-d3,184,10.0,10.0,0.0
2025-2025011200gm-00a9-0000-18c17918-10-s0-d3,185,-4.0,-4.0,0.0
2025-2025011200gm-00a9-0000-18c17918-10-s0-d3,186,10.0,10.0,0.0
2025-2025011200gm-00a9-0000-18c17918-10-s0-d3,187,10.0,10.0,0.0
2025-2025011200gm-00a9-0000-18c17918-10-s0-d3,188,-4.0,-4.0,0.0
2025-2025011200gm-00a9-0000-18c17918-10-s0-d3,189,4.0,4.0,0.0
2025-2025011200gm-00a9-0000-18c17918-10-s0-d3,190,4.0,-4.0,-8.0
2025-2025011200gm-00a9-0000-18c17918-10-s0-d3,191,10.0,10.0,0.0
2025-2025011200gm-00a9-0000-18c17918-10-s0-d3,192,10.0,10.0,0.0
2025-2025011200gm-00a9-0000-18c17918-10-s0-d3,193,4.0,4.0,0.0
2025-2025011200gm-00a9-0000-18c17918-10-s0-d3,194,10.0,10.0,0.0
2025-2025011200gm-00a9-0000-18c17918-10-s0-d3,195,4.0,4.0,0.0
2025-2025011200gm-00a9-0000-18c17918-10-s0-d3,196,4.0,10.0,6.0
2025-2025011200gm-00a9-0000-18c17918-10-s0-d3,197,10.0,10.0,0.0
2025-2025011200gm-00a9-0000-18c17918-10-s0-d3,198,10.0,10.0,0.0
2025-2025011200gm-00a9-0000-18c17918-10-s0-d3,199,10.0,10.0,0.0
2025-2025011200gm-00a9-0000-18c17918-10-s0-d3,200,-10.0,4.0,14.0
2025-2025011200gm-00a9-0000-18c17918-10-s0-d3,201,4.0,10.0,6.0
2025-2025011200gm-00a9-0000-18c17918-10-s0-d3,202,-4.0,10.0,14.0
2025-2025011200gm-00a9-0000-18c17918-10-s0-d3,203,10.0,10.0,0.0
2025-2025011200gm-00a9-0000-18c17918-10-s0-d3,204,10.0,10.0,0.0
2025-2025011200gm-00a9-0000-18c17918-10-s0-d3,205,4.0,4.0,0.0
2025-2025011200gm-00a9-0000-18c17918-10-s0-d3,206,4.0,10.0,6.0
2025-2025011200gm-00a9-0000-18c17918-10-s0-d3,207,10.0,10.0,0.0
2025-2025011200gm-00a9-0000-18c17918-10-s0-d3,208,10.0,10.0,0.0
2025-2025011200gm-00a9-0000-18c17918-10-s0-d3,209,4.0,4.0,0.0
2025-2025011200gm-00a9-0000-18c17918-10-s0-d3,210,4.0,4.0,0.0
2025-2025011200gm-00a9-0000-18c17918-10-s0-d3,211,4.0,4.0,0.0
2025-2025011200gm-00a9-0000-18c17918-10-s0-d3,212,-4.0,-4.0,0.0
2025-2025011200gm-00a9-0000-18c17918-10-s0-d3,213,10.0,10.0,0.0
2025-2025011200gm-00a9-0000-18c17918-10-s0-d3,214,10.0,-4.0,-14.0
2025-2025011200gm-00a9-0000-18c17918-10-s0-d3,215,-4.0,4.0,8.0
2025-2025011200gm-00a9-0000-18c17918-10-s0-d3,216,10.0,10.0,0.0
2025-2025011200gm-00a9-0000-18c17918-10-s0-d3,217,4.0,10.0,6.0
2025-2025011200gm-00a9-0000-18c17918-10-s0-d3,218,10.0,-4.0,-14.0
2025-2025011200gm-00a9-0000-18c17918-10-s0-d3,219,10.0,-10.0,-20.0
2025-2025011200gm-00a9-0000-18c17918-10-s0-d3,220,-4.0,10.0,14.0
2025-2025011200gm-00a9-0000-18c17918-10-s0-d3,221,4.0,-4.0,-8.0
2025-2025011200gm-00a9-0000-18c17918-10-s0-d3,222,-4.0,10.0,14.0
2025-2025011200gm-00a9-0000-18c17918-10-s0-d3,223,10.0,4.0,-6.0
2025-2025011200gm-00a9-0000-18c17918-10-s0-d3,224,10.0,10.0,0.0
2025-2025011200gm-00a9-0000-18c17918-10-s0-d3,225,4.0,4.0,0.0
2025-2025011200gm-00a9-0000-18c17918-10-s0-d3,226,10.0,10.0,0.0
2025-2025011200gm-00a9-0000-18c17918-10-s0-d3,227,4.0,10.0,6.0
2025-2025011200gm-00a9-0000-18c17918-10-s0-d3,228,4.0,-4.0,-8.0
2025-2025011200gm-00a9-0000-18c17918-10-s0-d3,229,10.0,10.0,0.0
2025-2025011200gm-00a9-0000-18c17918-10-s0-d3,230,-4.0,-4.0,0.0
2025-2025011200gm-00a9-0000-18c17918-10-s0-d3,231,-4.0,-4.0,0.0
2025-2025011200gm-00a9-0000-18c17918-10-s0-d3,232,-4.0,-4.0,0.0
2025-2025011200gm-00a9-0000-18c17918-10-s0-d3,233,10.0,10.0,0.0
2025-2025011200gm-00a9-0000-18c17918-10-s0-d3,234,4.0,4.0,0.0
2025-2025011200gm-00a9-0000-18c17918-10-s0-d3,235,4.0,4.0,0.0
2025-2025011200gm-00a9-0000-18c17918-10-s0-d3,236,4.0,4.0,0.0
2025-2025011200gm-00a9-0000-18c17918-10-s0-d3,237,10.0,10.0,0.0
2025-2025011200gm-00a9-0000-18c17918-10-s0-d3,238,-4.0,-4.0,0.0
2025-2025011200gm-00a9-0000-18c17918-10-s0-d3,239,10.0,10.0,0.0
2025-2025011200gm-00a9-0000-18c17918-10-s0-d3,240,10.0,10.0,0.0
2025-2025011200gm-00a9-0000-18c17918-10-s0-d3,241,10.0,10.0,0.0
2025-2025011200gm-00a9-0000-18c17918-10-s0-d3,242,4.0,10.0,6.0
2025-2025011200gm-00a9-0000-18c17918-10-s0-d3,243,10.0,-4.0,-14.0
2025-2025011200gm-00a9-0000-18c17918-10-s0-d3,244,4.0,4.0,0.0
2025-2025011200gm-00a9-0000-18c17918-10-s0-d3,245,10.0,10.0,0.0
2025-2025011200gm-00a9-0000-18c17918-10-s0-d3,246,4.0,4.0,0.0
2025-2025011200gm-00a9-0000-18c17918-10-s0-d3,247,4.0,10.0,6.0
2025-2025011200gm-00a9-0000-18c17918-10-s0-d3,248,4.0,4.0,0.0
2025-2025011200gm-00a9-0000-18c17918-10-s0-d3,249,4.0,10.0,6.0
2025-2025011200gm-00a9-0000-18c17918-10-s0-d3,250,4.0,4.0,0.0
2025-2025011200gm-00a9-0000-18c17918-10-s0-d3,251,10.0,10.0,0.0
2025-2025011200gm-00a9-0000-18c17918-10-s0-d3,252,4.0,4.0,0.0
2025-2025011200gm-00a9-0000-18c17918-10-s0-d3,253,-4.0,-4.0,0.0
2025-2025011200gm-00a9-0000-18c17918-10-s0-d3,254,10.0,4.0,-6.0
2025-2025011200gm-00a9-0000-18c17918-10-s0-d3,255,4.0,4.0,0.0
2025-2025040820gm-00a9-0000-57062ba3-01-s3-d4,0,4.0,-10.0,-14.0
2025-2025040820gm-00a9-0000-57062ba3-01-s3-d4,1,-10.0,-4.0,6.0
2025-2025040820gm-00a9-0000-57062ba3-01-s3-d4,2,10.0,10.0,0.0
2025-2025040820gm-00a9-0000-57062ba3-01-s3-d4,3,-4.0,4.0,8.0
2025-2025040820gm-00a9-0000-57062ba3-01-s3-d4,4,-4.0,10.0,14.0
2025-2025040820gm-00a9-0000-57062ba3-01-s3-d4,5,10.0,10.0,0.0
2025-2025040820gm-00a9-0000-57062ba3-01-s3-d4,6,-4.0,10.0,14.0
2025-2025040820gm-00a9-0000-57062ba3-01-s3-d4,7,-10.0,10.0,20.0
2025-2025040820gm-00a9-0000-57062ba3-01-s3-d4,8,4.0,10.0,6.0
2025-2025040820gm-00a9-0000-57062ba3-01-s3-d4,9,-4.0,4.0,8.0
2025-2025040820gm-00a9-0000-57062ba3-01-s3-d4,10,-4.0,-10.0,-6.0
2025-2025040820gm-00a9-0000-57062ba3-01-s3-d4,11,-4.0,4.0,8.0
2025-2025040820gm-00a9-0000-57062ba3-01-s3-d4,12,10.0,4.0,-6.0
2025-2025040820gm-00a9-0000-57062ba3-01-s3-d4,13,-10.0,-10.0,0.0
2025-2025040820gm-00a9-0000-57062ba3-01-s3-d4,14,10.0,10.0,0.0
2025-2025040820gm-00a9-0000-57062ba3-01-s3-d4,15,-4.0,10.0,14.0
2025-2025040820gm-00a9-0000-57062ba3-01-s3-d4,16,-10.0,10.0,20.0
2025-2025040820gm-00a9-0000-57062ba3-01-s3-d4,17,-10.0,-10.0,0.0
2025-2025040820gm-00a9-0000-57062ba3-01-s3-d4,18,10.0,10.0,0.0
2025-2025040820gm-00a9-0000-57062ba3-01-s3-d4,19,-10.0,4.0,14.0
2025-2025040820gm-00a9-0000-57062ba3-01-s3-d4,20,10.0,-10.0,-20.0
2025-2025040820gm-00a9-0000-57062ba3-01-s3-d4,21,-4.0,10.0,14.0
2025-2025040820gm-00a9-0000-57062ba3-01-s3-d4,22,-10.0,10.0,20.0
2025-2025040820gm-00a9-0000-57062ba3-01-s3-d4,23,-4.0,-4.0,0.0
2025-2025040820gm-00a9-0000-57062ba3-01-s3-d4,24,-4.0,4.0,8.0
2025-2025040820gm-00a9-0000-57062ba3-01-s3-d4,25,4.0,10.0,6.0
2025-2025040820gm-00a9-0000-57062ba3-01-s3-d4,26,-10.0,-4.0,6.0
2025-2025040820gm-00a9-0000-57062ba3-01-s3-d4,27,10.0,10.0,0.0
2025-2025040820gm-00a9-0000-57062ba3-01-s3-d4,28,-4.0,10.0,14.0
2025-2025040820gm-00a9-0000-57062ba3-01-s3-d4,29,10.0,4.0,-6.0
2025-2025040820gm-00a9-0000-57062ba3-01-s3-d4,30,4.0,-10.0,-14.0
2025-2025040820gm-00a9-0000-57062ba3-01-s3-d4,31,-4.0,-4.0,0.0
2025-2025040820gm-00a9-0000-57062ba3-01-s3-d4,32,-10.0,-4.0,6.0
2025-2025040820gm-00a9-0000-57062ba3-01-s3-d4,33,10.0,4.0,-6.0
2025-2025040820gm-00a9-0000-57062ba3-01-s3-d4,34,10.0,-4.0,-14.0
2025-2025040820gm-00a9-0000-57062ba3-01-s3-d4,35,10.0,10.0,0.0
2025-2025040820gm-00a9-0000-57062ba3-01-s3-d4,36,4.0,-10.0,-14.0
2025-2025040820gm-00a9-0000-57062ba3-01-s3-d4,37,10.0,10.0,0.0
2025-2025040820gm-00a9-0000-57062ba3-01-s3-d4,38,-4.0,4.0,8.0
2025-2025040820gm-00a9-0000-57062ba3-01-s3-d4,39,-10.0,-4.0,6.0
2025-2025040820gm-00a9-0000-57062ba3-01-s3-d4,40,4.0,-10.0,-14.0
2025-2025040820gm-00a9-0000-57062ba3-01-s3-d4,41,10.0,10.0,0.0
2025-2025040820gm-00a9-0000-57062ba3-01-s3-d4,42,-4.0,-10.0,-6.0
2025-2025040820gm-00a9-0000-57062ba3-01-s3-d4,43,4.0,-4.0,-8.0
2025-2025040820gm-00a9-0000-57062ba3-01-s3-d4,44,-10.0,4.0,14.0
2025-2025040820gm-00a9-0000-57062ba3-01-s3-d4,45,-10.0,4.0,14.0
2025-2025040820gm-00a9-0000-57062ba3-01-s3-d4,46,4.0,4.0,0.0
2025-2025040820gm-00a9-0000-57062ba3-01-s3-d4,47,-10.0,-4.0,6.0
2025-2025040820gm-00a9-0000-57062ba3-01-s3-d4,48,4.0,-4.0,-8.0
2025-2025040820gm-00a9-0000-57062ba3-01-s3-d4,49,4.0,10.0,6.0
2025-2025040820gm-00a9-0000-57062ba3-01-s3-d4,50,-10.0,-10.0,0.0
2025-2025040820gm-00a9-0000-57062ba3-01-s3-d4,51,-4.0,-4.0,0.0
2025-2025040820gm-00a9-0000-57062ba3-01-s3-d4,52,4.0,4.0,0.0
2025-2025040820gm-00a9-0000-57062ba3-01-s3-d4,53,10.0,10.0,0.0
2025-2025040820gm-00a9-0000-57062ba3-01-s3-d4,54,4.0,-4.0,-8.0
2025-2025040820gm-00a9-0000-57062ba3-01-s3-d4,55,-4.0,10.0,14.0
2025-2025040820gm-00a9-0000-57062ba3-01-s3-d4,56,10.0,-4.0,-14.0
2025-2025040820gm-00a9-0000-57062ba3-01-s3-d4,57,10.0,10.0,0.0
2025-2025040820gm-00a9-0000-57062ba3-01-s3-d4,58,4.0,10.0,6.0
2025-2025040820gm-00a9-0000-57062ba3-01-s3-d4,59,10.0,4.0,-6.0
2025-2025040820gm-00a9-0000-57062ba3-01-s3-d4,60,10.0,4.0,-6.0
2025-2025040820gm-00a9-0000-57062ba3-01-s3-d4,61,-4.0,-4.0,0.0
2025-2025040820gm-00a9-0000-57062ba3-01-s3-d4,62,10.0,4.0,-6.0
2025-2025040820gm-00a9-0000-57062ba3-01-s3-d4,63,10.0,-4.0,-14.0
2025-2025040820gm-00a9-0000-57062ba3-01-s3-d4,64,4.0,10.0,6.0
2025-2025040820gm-00a9-0000-57062ba3-01-s3-d4,65,4.0,10.0,6.0
2025-2025040820gm-00a9-0000-57062ba3-01-s3-d4,66,4.0,-10.0,-14.0
2025-2025040820gm-00a9-0000-57062ba3-01-s3-d4,67,10.0,10.0,0.0
2025-2025040820gm-00a9-0000-57062ba3-01-s3-d4,68,4.0,-4.0,-8.0
2025-2025040820gm-00a9-0000-57062ba3-01-s3-d4,69,10.0,-4.0,-14.0
2025-2025040820gm-00a9-0000-57062ba3-01-s3-d4,70,-4.0,-4.0,0.0
2025-2025040820gm-00a9-0000-57062ba3-01-s3-d4,71,-4.0,-4.0,0.0
2025-2025040820gm-00a9-0000-57062ba3-01-s3-d4,72,-10.0,10.0,20.0
2025-2025040820gm-00a9-0000-57062ba3-01-s3-d4,73,10.0,-4.0,-14.0
2025-2025040820gm-00a9-0000-57062ba3-01-s3-d4,74,-10.0,-10.0,0.0
2025-2025040820gm-00a9-0000-57062ba3-01-s3-d4,75,10.0,-4.0,-14.0
2025-2025040820gm-00a9-0000-57062ba3-01-s3-d4,76,4.0,4.0,0.0
2025-2025040820gm-00a9-0000-57062ba3-01-s3-d4,77,10.0,10.0,0.0
2025-2025040820gm-00a9-0000-57062ba3-01-s3-d4,78,10.0,10.0,0.0
2025-2025040820gm-00a9-0000-57062ba3-01-s3-d4,79,10.0,10.0,0.0
2025-2025040820gm-00a9-0000-57062ba3-01-s3-d4,80,4.0,4.0,0.0
2025-2025040820gm-00a9-0000-57062ba3-01-s3-d4,81,-4.0,-4.0,0.0
2025-2025040820gm-00a9-0000-57062ba3-01-s3-d4,82,-4.0,-4.0,0.0
2025-2025040820gm-00a9-0000-57062ba3-01-s3-d4,83,4.0,4.0,0.0
2025-2025040820gm-00a9-0000-57062ba3-01-s3-d4,84,-10.0,-10.0,0.0
2025-2025040820gm-00a9-0000-57062ba3-01-s3-d4,85,-10.0,-10.0,0.0
2025-2025040820gm-00a9-0000-57062ba3-01-s3-d4,86,-10.0,-4.0,6.0
2025-2025040820gm-00a9-0000-57062ba3-01-s3-d4,87,-10.0,4.0,14.0
2025-2025040820gm-00a9-0000-57062ba3-01-s3-d4,88,-10.0,-4.0,6.0
2025-2025040820gm-00a9-0000-57062ba3-01-s3-d4,89,-10.0,10.0,20.0
2025-2025040820gm-00a9-0000-57062ba3-01-s3-d4,90,-4.0,-4.0,0.0
2025-2025040820gm-00a9-0000-57062ba3-01-s3-d4,91,-4.0,4.0,8.0
2025-2025040820gm-00a9-0000-57062ba3-01-s3-d4,92,-4.0,4.0,8.0
2025-2025040820gm-00a9-0000-57062ba3-01-s3-d4,93,10.0,10.0,0.0
2025-2025040820gm-00a9-0000-57062ba3-01-s3-d4,94,-10.0,-10.0,0.0
2025-2025040820gm-00a9-0000-57062ba3-01-s3-d4,95,-10.0,-10.0,0.0
2025-2025040820gm-00a9-0000-57062ba3-01-s3-d4,96,10.0,4.0,-6.0
2025-2025040820gm-00a9-0000-57062ba3-01-s3-d4,97,-4.0,-10.0,-6.0
2025-2025040820gm-00a9-0000-57062ba3-01-s3-d4,98,10.0,10.0,0.0
2025-2025040820gm-00a9-0000-57062ba3-01-s3-d4,99,4.0,-4.0,-8.0
2025-2025040820gm-00a9-0000-57062ba3-01-s3-d4,100,-4.0,-4.0,0.0
2025-2025040820gm-00a9-0000-57062ba3-01-s3-d4,101,-4.0,-4.0,0.0
2025-2025040820gm-00a9-0000-57062ba3-01-s3-d4,102,-4.0,-4.0,0.0
2025-2025040820gm-00a9-0000-57062ba3-01-s3-d4,103,-4.0,10.0,14.0
2025-2025040820gm-00a9-0000-57062ba3-01-s3-d4,104,-10.0,10.0,20.0
2025-2025040820gm-00a9-0000-57062ba3-01-s3-d4,105,4.0,10.0,6.0
2025-2025040820gm-00a9-0000-57062ba3-01-s3-d4,106,4.0,-4.0,-8.0
2025-2025040820gm-00a9-0000-57062ba3-01-s3-d4,107,4.0,-10.0,-14.0
2025-2025040820gm-00a9-0000-57062ba3-01-s3-d4,108,-10.0,10.0,20.0
2025-2025040820gm-00a9-0000-57062ba3-01-s3-d4,109,10.0,-4.0,-14.0
2025-2025040820gm-00a9-0000-57062ba3-01-s3-d4,110,10.0,10.0,0.0
2025-2025040820gm-00a9-0000-57062ba3-01-s3-d4,111,4.0,-4.0,-8.0
2025-2025040820gm-00a9-0000-57062ba3-01-s3-d4,112,4.0,-10.0,-14.0
2025-2025040820gm-00a9-0000-57062ba3-01-s3-d4,113,4.0,4.0,0.0
2025-2025040820gm-00a9-0000-57062ba3-01-s3-d4,114,4.0,4.0,0.0
2025-2025040820gm-00a9-0000-57062ba3-01-s3-d4,115,10.0,-10.0,-20.0
2025-2025040820gm-00a9-0000-57062ba3-01-s3-d4,116,4.0,4.0,0.0
2025-2025040820gm-00a9-0000-57062ba3-01-s3-d4,117,4.0,4.0,0.0
2025-2025040820gm-00a9-0000-57062ba3-01-s3-d4,118,-4.0,-4.0,0.0
2025-2025040820gm-00a9-0000-57062ba3-01-s3-d4,119,-4.0,-10.0,-6.0
2025-2025040820gm-00a9-0000-57062ba3-01-s3-d4,120,-10.0,-10.0,0.0
2025-2025040820gm-00a9-0000-57062ba3-01-s3-d4,121,-10.0,-10.0,0.0
2025-2025040820gm-00a9-0000-57062ba3-01-s3-d4,122,4.0,-10.0,-14.0
2025-2025040820gm-00a9-0000-57062ba3-01-s3-d4,123,-10.0,4.0,14.0
2025-2025040820gm-00a9-0000-57062ba3-01-s3-d4,124,-4.0,4.0,8.0
2025-2025040820gm-00a9-0000-57062ba3-01-s3-d4,125,10.0,10.0,0.0
2025-2025040820gm-00a9-0000-57062ba3-01-s3-d4,126,4.0,4.0,0.0
2025-2025040820gm-00a9-0000-57062ba3-01-s3-d4,127,4.0,-4.0,-8.0
2025-2025040820gm-00a9-0000-57062ba3-01-s3-d4,128,-4.0,-10.0,-6.0
2025-2025040820gm-00a9-0000-57062ba3-01-s3-d4,129,4.0,4.0,0.0
2025-2025040820gm-00a9-0000-57062ba3-01-s3-d4,130,-4.0,-10.0,-6.0
2025-2025040820gm-00a9-0000-57062ba3-01-s3-d4,131,4.0,-10.0,-14.0
2025-2025040820gm-00a9-0000-57062ba3-01-s3-d4,132,10.0,-4.0,-14.0
2025-2025040820gm-00a9-0000-57062ba3-01-s3-d4,133,-4.0,-10.0,-6.0
2025-2025040820gm-00a9-0000-57062ba3-01-s3-d4,134,4.0,-10.0,-14.0
2025-2025040820gm-00a9-0000-57062ba3-01-s3-d4,135,-4.0,-4.0,0.0
2025-2025040820gm-00a9-0000-57062ba3-01-s3-d4,136,10.0,4.0,-6.0
2025-2025040820gm-00a9-0000-57062ba3-01-s3-d4,137,10.0,-4.0,-14.0
2025-2025040820gm-00a9-0000-57062ba3-01-s3-d4,138,10.0,4.0,-6.0
2025-2025040820gm-00a9-0000-57062ba3-01-s3-d4,139,-4.0,4.0,8.0
2025-2025040820gm-00a9-0000-57062ba3-01-s3-d4,140,10.0,-4.0,-14.0
2025-2025040820gm-00a9-0000-57062ba3-01-s3-d4,141,-10.0,-10.0,0.0
2025-2025040820gm-00a9-0000-57062ba3-01-s3-d4,142,-10.0,-10.0,0.0
2025-2025040820gm-00a9-0000-57062ba3-01-s3-d4,143,-4.0,-10.0,-6.0
2025-2025040820gm-00a9-0000-57062ba3-01-s3-d4,144,10.0,-10.0,-20.0
2025-2025040820gm-00a9-0000-57062ba3-01-s3-d4,145,4.0,10.0,6.0
2025-2025040820gm-00a9-0000-57062ba3-01-s3-d4,146,-4.0,4.0,8.0
2025-2025040820gm-00a9-0000-57062ba3-01-s3-d4,147,10.0,-4.0,-14.0
2025-2025040820gm-00a9-0000-57062ba3-01-s3-d4,148,4.0,10.0,6.0
2025-2025040820gm-00a9-0000-57062ba3-01-s3-d4,149,10.0,10.0,0.0
2025-2025040820gm-00a9-0000-57062ba3-01-s3-d4,150,10.0,4.0,-6.0
2025-2025040820gm-00a9-0000-57062ba3-01-s3-d4,151,4.0,10.0,6.0
2025-2025040820gm-00a9-0000-57062ba3-01-s3-d4,152,-10.0,-10.0,0.0
2025-2025040820gm-00a9-0000-57062ba3-01-s3-d4,153,10.0,-4.0,-14.0
2025-2025040820gm-00a9-0000-57062ba3-01-s3-d4,154,4.0,-10.0,-14.0
2025-2025040820gm-00a9-0000-57062ba3-01-s3-d4,155,10.0,10.0,0.0
2025-2025040820gm-00a9-0000-57062ba3-01-s3-d4,156,-4.0,-4.0,0.0
2025-2025040820gm-00a9-0000-57062ba3-01-s3-d4,157,-4.0,-10.0,-6.0
2025-2025040820gm-00a9-0000-57062ba3-01-s3-d4,158,10.0,-4.0,-14.0
2025-2025040820gm-00a9-0000-57062ba3-01-s3-d4,159,-4.0,-4.0,0.0
2025-2025040820gm-00a9-0000-57062ba3-01-s3-d4,160,4.0,10.0,6.0
2025-2025040820gm-00a9-0000-57062ba3-01-s3-d4,161,4.0,10.0,6.0
2025-2025040820gm-00a9-0000-57062ba3-01-s3-d4,162,-4.0,-10.0,-6.0
2025-2025040820gm-00a9-0000-57062ba3-01-s3-d4,163,10.0,-10.0,-20.0
2025-2025040820gm-00a9-0000-57062ba3-01-s3-d4,164,10.0,-4.0,-14.0
2025-2025040820gm-00a9-0000-57062ba3-01-s3-d4,165,4.0,4.0,0.0
2025-2025040820gm-00a9-0000-57062ba3-01-s3-d4,166,4.0,-10.0,-14.0
2025-2025040820gm-00a9-0000-57062ba3-01-s3-d4,167,-4.0,10.0,14.0
2025-2025040820gm-00a9-0000-57062ba3-01-s3-d4,168,-4.0,-10.0,-6.0
2025-2025040820gm-00a9-0000-57062ba3-01-s3-d4,169,10.0,10.0,0.0
2025-2025040820gm-00a9-0000-57062ba3-01-s3-d4,170,-10.0,4.0,14.0
2025-2025040820gm-00a9-0000-57062ba3-01-s3-d4,171,10.0,10.0,0.0
2025-2025040820gm-00a9-0000-57062ba3-01-s3-d4,172,-10.0,-10.0,0.0
2025-2025040820gm-00a9-0000-57062ba3-01-s3-d4,173,10.0,-10.0,-20.0
2025-2025040820gm-00a9-0000-57062ba3-01-s3-d4,174,-4.0,-4.0,0.0
2025-2025040820gm-00a9-0000-57062ba3-01-s3-d4,175,-10.0,-10.0,0.0
2025-2025040820gm-00a9-0000-57062ba3-01-s3-d4,176,-4.0,10.0,14.0
2025-2025040820gm-00a9-0000-57062ba3-01-s3-d4,177,-10.0,4.0,14.0
2025-2025040820gm-00a9-0000-57062ba3-01-s3-d4,178,-4.0,-4.0,0.0
2025-2025040820gm-00a9-0000-57062ba3-01-s3-d4,179,4.0,10.0,6.0
2025-2025040820gm-00a9-0000-57062ba3-01-s3-d4,180,10.0,-10.0,-20.0
2025-2025040820gm-00a9-0000-57062ba3-01-s3-d4,181,-10.0,-10.0,0.0
2025-2025040820gm-00a9-0000-57062ba3-01-s3-d4,182,10.0,10.0,0.0
2025-2025040820gm-00a9-0000-57062ba3-01-s3-d4,183,-10.0,-10.0,0.0
2025-2025040820gm-00a9-0000-57062ba3-01-s3-d4,184,-10.0,-10.0,0.0
2025-2025040820gm-00a9-0000-57062ba3-01-s3-d4,185,-4.0,-4.0,0.0
2025-2025040820gm-00a9-0000-57062ba3-01-s3-d4,186,4.0,4.0,0.0
2025-2025040820gm-00a9-0000-57062ba3-01-s3-d4,187,-4.0,-4.0,0.0
2025-2025040820gm-00a9-0000-57062ba3-01-s3-d4,188,-4.0,10.0,14.0
2025-2025040820gm-00a9-0000-57062ba3-01-s3-d4,189,4.0,10.0,6.0
2025-2025040820gm-00a9-0000-57062ba3-01-s3-d4,190,4.0,4.0,0.0
2025-2025040820gm-00a9-0000-57062ba3-01-s3-d4,191,-10.0,4.0,14.0
2025-2025040820gm-00a9-0000-57062ba3-01-s3-d4,192,-4.0,-10.0,-6.0
2025-2025040820gm-00a9-0000-57062ba3-01-s3-d4,193,4.0,-4.0,-8.0
2025-2025040820gm-00a9-0000-57062ba3-01-s3-d4,194,10.0,10.0,0.0
2025-2025040820gm-00a9-0000-57062ba3-01-s3-d4,195,10.0,-4.0,-14.0
2025-2025040820gm-00a9-0000-57062ba3-01-s3-d4,196,10.0,-10.0,-20.0
2025-2025040820gm-00a9-0000-57062ba3-01-s3-d4,197,10.0,4.0,-6.0
2025-2025040820gm-00a9-0000-57062ba3-01-s3-d4,198,4.0,-4.0,-8.0
2025-2025040820gm-00a9-0000-57062ba3-01-s3-d4,199,-10.0,-4.0,6.0
2025-2025040820gm-00a9-0000-57062ba3-01-s3-d4,200,-10.0,-10.0,0.0
2025-2025040820gm-00a9-0000-57062ba3-01-s3-d4,201,-4.0,4.0,8.0
2025-2025040820gm-00a9-0000-57062ba3-01-s3-d4,202,-10.0,10.0,20.0
2025-2025040820gm-00a9-0000-57062ba3-01-s3-d4,203,4.0,4.0,0.0
2025-2025040820gm-00a9-0000-57062ba3-01-s3-d4,204,-10.0,-10.0,0.0
2025-2025040820gm-00a9-0000-57062ba3-01-s3-d4,205,-4.0,-4.0,0.0
2025-2025040820gm-00a9-0000-57062ba3-01-s3-d4,206,-10.0,10.0,20.0
2025-2025040820gm-00a9-0000-57062ba3-01-s3-d4,207,-4.0,-10.0,-6.0
2025-2025040820gm-00a9-0000-57062ba3-01-s3-d4,208,-4.0,-4.0,0.0
2025-2025040820gm-00a9-0000-57062ba3-01-s3-d4,209,10.0,-4.0,-14.0
2025-2025040820gm-00a9-0000-57062ba3-01-s3-d4,210,-10.0,-10.0,0.0
2025-2025040820gm-00a9-0000-57062ba3-01-s3-d4,211,-10.0,-10.0,0.0
2025-2025040820gm-00a9-0000-57062ba3-01-s3-d4,212,10.0,-10.0,-20.0
2025-2025040820gm-00a9-0000-57062ba3-01-s3-d4,213,10.0,10.0,0.0
2025-2025040820gm-00a9-0000-57062ba3-01-s3-d4,214,-4.0,10.0,14.0
2025-2025040820gm-00a9-0000-57062ba3-01-s3-d4,215,-4.0,4.0,8.0
2025-2025040820gm-00a9-0000-57062ba3-01-s3-d4,216,10.0,10.0,0.0
2025-2025040820gm-00a9-0000-57062ba3-01-s3-d4,217,-10.0,-4.0,6.0
2025-2025040820gm-00a9-0000-57062ba3-01-s3-d4,218,4.0,4.0,0.0
2025-2025040820gm-00a9-0000-57062ba3-01-s3-d4,219,10.0,-4.0,-14.0
2025-2025040820gm-00a9-0000-57062ba3-01-s3-d4,220,-10.0,-4.0,6.0
2025-2025040820gm-00a9-0000-57062ba3-01-s3-d4,221,10.0,-10.0,-20.0
2025-2025040820gm-00a9-0000-57062ba3-01-s3-d4,222,-4.0,10.0,14.0
2025-2025040820gm-00a9-0000-57062ba3-01-s3-d4,223,10.0,-4.0,-14.0
2025-2025040820gm-00a9-0000-57062ba3-01-s3-d4,224,4.0,-4.0,-8.0
2025-2025040820gm-00a9-0000-57062ba3-01-s3-d4,225,-10.0,10.0,20.0
2025-2025040820gm-00a9-0000-57062ba3-01-s3-d4,226,4.0,-10.0,-14.0
2025-2025040820gm-00a9-0000-57062ba3-01-s3-d4,227,-4.0,-4.0,0.0
2025-2025040820gm-00a9-0000-57062ba3-01-s3-d4,228,-4.0,-4.0,0.0
2025-2025040820gm-00a9-0000-57062ba3-01-s3-d4,229,10.0,10.0,0.0
2025-2025040820gm-00a9-0000-57062ba3-01-s3-d4,230,-10.0,-4.0,6.0
2025-2025040820gm-00a9-0000-57062ba3-01-s3-d4,231,10.0,10.0,0.0
2025-2025040820gm-00a9-0000-57062ba3-01-s3-d4,232,-4.0,-4.0,0.0
2025-2025040820gm-00a9-0000-57062ba3-01-s3-d4,233,-10.0,-10.0,0.0
2025-2025040820gm-00a9-0000-57062ba3-01-s3-d4,234,4.0,10.0,6.0
2025-2025040820gm-00a9-0000-57062ba3-01-s3-d4,235,10.0,10.0,0.0
2025-2025040820gm-00a9-0000-57062ba3-01-s3-d4,236,-10.0,-4.0,6.0
2025-2025040820gm-00a9-0000-57062ba3-01-s3-d4,237,-4.0,-4.0,0.0
2025-2025040820gm-00a9-0000-57062ba3-01-s3-d4,238,-4.0,-4.0,0.0
2025-2025040820gm-00a9-0000-57062ba3-01-s3-d4,239,-4.0,10.0,14.0
2025-2025040820gm-00a9-0000-57062ba3-01-s3-d4,240,10.0,-10.0,-20.0
2025-2025040820gm-00a9-0000-57062ba3-01-s3-d4,241,-4.0,4.0,8.0
2025-2025040820gm-00a9-0000-57062ba3-01-s3-d4,242,-4.0,-10.0,-6.0
2025-2025040820gm-00a9-0000-57062ba3-01-s3-d4,243,-4.0,-4.0,0.0
2025-2025040820gm-00a9-0000-57062ba3-01-s3-d4,244,10.0,10.0,0.0
2025-2025040820gm-00a9-0000-57062ba3-01-s3-d4,245,-10.0,10.0,20.0
2025-2025040820gm-00a9-0000-57062ba3-01-s3-d4,246,-4.0,-4.0,0.0
2025-2025040820gm-00a9-0000-57062ba3-01-s3-d4,247,-10.0,-4.0,6.0
2025-2025040820gm-00a9-0000-57062ba3-01-s3-d4,248,-4.0,10.0,14.0
2025-2025040820gm-00a9-0000-57062ba3-01-s3-d4,249,-10.0,-4.0,6.0
2025-2025040820gm-00a9-0000-57062ba3-01-s3-d4,250,10.0,4.0,-6.0
2025-2025040820gm-00a9-0000-57062ba3-01-s3-d4,251,10.0,4.0,-6.0
2025-2025040820gm-00a9-0000-57062ba3-01-s3-d4,252,-10.0,-4.0,6.0
2025-2025040820gm-00a9-0000-57062ba3-01-s3-d4,253,-4.0,-4.0,0.0
2025-2025040820gm-00a9-0000-57062ba3-01-s3-d4,254,4.0,-10.0,-14.0
2025-2025040820gm-00a9-0000-57062ba3-01-s3-d4,255,10.0,10.0,0.0
2025-2025041017gm-00a9-0000-5584369a-05-s1-d9,0,-10.0,-10.0,0.0
2025-2025041017gm-00a9-0000-5584369a-05-s1-d9,1,4.0,10.0,6.0
2025-2025041017gm-00a9-0000-5584369a-05-s1-d9,2,10.0,4.0,-6.0
2025-2025041017gm-00a9-0000-5584369a-05-s1-d9,3,10.0,10.0,0.0
2025-2025041017gm-00a9-0000-5584369a-05-s1-d9,4,10.0,10.0,0.0
2025-2025041017gm-00a9-0000-5584369a-05-s1-d9,5,4.0,10.0,6.0
2025-2025041017gm-00a9-0000-5584369a-05-s1-d9,6,10.0,10.0,0.0
2025-2025041017gm-00a9-0000-5584369a-05-s1-d9,7,4.0,4.0,0.0
2025-2025041017gm-00a9-0000-5584369a-05-s1-d9,8,10.0,10.0,0.0
2025-2025041017gm-00a9-0000-5584369a-05-s1-d9,9,4.0,4.0,0.0
2025-2025041017gm-00a9-0000-5584369a-05-s1-d9,10,4.0,10.0,6.0
2025-2025041017gm-00a9-0000-5584369a-05-s1-d9,11,10.0,10.0,0.0
2025-2025041017gm-00a9-0000-5584369a-05-s1-d9,12,10.0,10.0,0.0
2025-2025041017gm-00a9-0000-5584369a-05-s1-d9,13,10.0,10.0,0.0
2025-2025041017gm-00a9-0000-5584369a-05-s1-d9,14,-10.0,4.0,14.0
2025-2025041017gm-00a9-0000-5584369a-05-s1-d9,15,4.0,4.0,0.0
2025-2025041017gm-00a9-0000-5584369a-05-s1-d9,16,4.0,10.0,6.0
2025-2025041017gm-00a9-0000-5584369a-05-s1-d9,17,-4.0,-4.0,0.0
2025-2025041017gm-00a9-0000-5584369a-05-s1-d9,18,10.0,-4.0,-14.0
2025-2025041017gm-00a9-0000-5584369a-05-s1-d9,19,-10.0,-4.0,6.0
2025-2025041017gm-00a9-0000-5584369a-05-s1-d9,20,10.0,10.0,0.0
2025-2025041017gm-00a9-0000-5584369a-05-s1-d9,21,10.0,10.0,0.0
2025-2025041017gm-00a9-0000-5584369a-05-s1-d9,22,10.0,10.0,0.0
2025-2025041017gm-00a9-0000-5584369a-05-s1-d9,23,10.0,10.0,0.0
2025-2025041017gm-00a9-0000-5584369a-05-s1-d9,24,-4.0,4.0,8.0
2025-2025041017gm-00a9-0000-5584369a-05-s1-d9,25,10.0,10.0,0.0
2025-2025041017gm-00a9-0000-5584369a-05-s1-d9,26,10.0,4.0,-6.0
2025-2025041017gm-00a9-0000-5584369a-05-s1-d9,27,4.0,10.0,6.0
2025-2025041017gm-00a9-0000-5584369a-05-s1-d9,28,10.0,10.0,0.0
2025-2025041017gm-00a9-0000-5584369a-05-s1-d9,29,4.0,10.0,6.0
2025-2025041017gm-00a9-0000-5584369a-05-s1-d9,30,10.0,10.0,0.0
2025-2025041017gm-00a9-0000-5584369a-05-s1-d9,31,10.0,4.0,-6.0
2025-2025041017gm-00a9-0000-5584369a-05-s1-d9,32,10.0,10.0,0.0
2025-2025041017gm-00a9-0000-5584369a-05-s1-d9,33,10.0,10.0,0.0
2025-2025041017gm-00a9-0000-5584369a-05-s1-d9,34,10.0,10.0,0.0
2025-2025041017gm-00a9-0000-5584369a-05-s1-d9,35,10.0,10.0,0.0
2025-2025041017gm-00a9-0000-5584369a-05-s1-d9,36,10.0,10.0,0.0
2025-2025041017gm-00a9-0000-5584369a-05-s1-d9,37,10.0,10.0,0.0
2025-2025041017gm-00a9-0000-5584369a-05-s1-d9,38,-4.0,10.0,14.0
2025-2025041017gm-00a9-0000-5584369a-05-s1-d9,39,4.0,4.0,0.0
2025-2025041017gm-00a9-0000-5584369a-05-s1-d9,40,10.0,10.0,0.0
2025-2025041017gm-00a9-0000-5584369a-05-s1-d9,41,10.0,10.0,0.0
2025-2025041017gm-00a9-0000-5584369a-05-s1-d9,42,10.0,4.0,-6.0
2025-2025041017gm-00a9-0000-5584369a-05-s1-d9,43,4.0,4.0,0.0
2025-2025041017gm-00a9-0000-5584369a-05-s1-d9,44,10.0,4.0,-6.0
2025-2025041017gm-00a9-0000-5584369a-05-s1-d9,45,10.0,10.0,0.0
2025-2025041017gm-00a9-0000-5584369a-05-s1-d9,46,10.0,4.0,-6.0
2025-2025041017gm-00a9-0000-5584369a-05-s1-d9,47,10.0,10.0,0.0
2025-2025041017gm-00a9-0000-5584369a-05-s1-d9,48,10.0,10.0,0.0
2025-2025041017gm-00a9-0000-5584369a-05-s1-d9,49,4.0,10.0,6.0
2025-2025041017gm-00a9-0000-5584369a-05-s1-d9,50,10.0,10.0,0.0
2025-2025041017gm-00a9-0000-5584369a-05-s1-d9,51,10.0,10.0,0.0
2025-2025041017gm-00a9-0000-5584369a-05-s1-d9,52,10.0,4.0,-6.0
2025-2025041017gm-00a9-0000-5584369a-05-s1-d9,53,10.0,10.0,0.0
2025-2025041017gm-00a9-0000-5584369a-05-s1-d9,54,-4.0,4.0,8.0
2025-2025041017gm-00a9-0000-5584369a-05-s1-d9,55,10.0,4.0,-6.0
2025-2025041017gm-00a9-0000-5584369a-05-s1-d9,56,10.0,10.0,0.0
2025-2025041017gm-00a9-0000-5584369a-05-s1-d9,57,10.0,10.0,0.0
2025-2025041017gm-00a9-0000-5584369a-05-s1-d9,58,10.0,10.0,0.0
2025-2025041017gm-00a9-0000-5584369a-05-s1-d9,59,10.0,10.0,0.0
2025-2025041017gm-00a9-0000-5584369a-05-s1-d9,60,10.0,4.0,-6.0
2025-2025041017gm-00a9-0000-5584369a-05-s1-d9,61,4.0,-4.0,-8.0
2025-2025041017gm-00a9-0000-5584369a-05-s1-d9,62,-10.0,-4.0,6.0
2025-2025041017gm-00a9-0000-5584369a-05-s1-d9,63,10.0,10.0,0.0
2025-2025041017gm-00a9-0000-5584369a-05-s1-d9,64,10.0,10.0,0.0
2025-2025041017gm-00a9-0000-5584369a-05-s1-d9,65,10.0,10.0,0.0
2025-2025041017gm-00a9-0000-5584369a-05-s1-d9,66,10.0,10.0,0.0
2025-2025041017gm-00a9-0000-5584369a-05-s1-d9,67,10.0,4.0,-6.0
2025-2025041017gm-00a9-0000-5584369a-05-s1-d9,68,10.0,4.0,-6.0
2025-2025041017gm-00a9-0000-5584369a-05-s1-d9,69,10.0,10.0,0.0
2025-2025041017gm-00a9-0000-5584369a-05-s1-d9,70,10.0,10.0,0.0
2025-2025041017gm-00a9-0000-5584369a-05-s1-d9,71,10.0,4.0,-6.0
2025-2025041017gm-00a9-0000-5584369a-05-s1-d9,72,10.0,4.0,-6.0
2025-2025041017gm-00a9-0000-5584369a-05-s1-d9,73,10.0,10.0,0.0
2025-2025041017gm-00a9-0000-5584369a-05-s1-d9,74,10.0,10.0,0.0
2025-2025041017gm-00a9-0000-5584369a-05-s1-d9,75,-4.0,-4.0,0.0
2025-2025041017gm-00a9-0000-5584369a-05-s1-d9,76,10.0,10.0,0.0
2025-2025041017gm-00a9-0000-5584369a-05-s1-d9,77,10.0,10.0,0.0
2025-2025041017gm-00a9-0000-5584369a-05-s1-d9,78,10.0,10.0,0.0
2025-2025041017gm-00a9-0000-5584369a-05-s1-d9,79,10.0,10.0,0.0
2025-2025041017gm-00a9-0000-5584369a-05-s1-d9,80,4.0,4.0,0.0
2025-2025041017gm-00a9-0000-5584369a-05-s1-d9,81,10.0,10.0,0.0
2025-2025041017gm-00a9-0000-5584369a-05-s1-d9,82,-10.0,10.0,20.0
2025-2025041017gm-00a9-0000-5584369a-05-s1-d9,83,10.0,4.0,-6.0
2025-2025041017gm-00a9-0000-5584369a-05-s1-d9,84,10.0,10.0,0.0
2025-2025041017gm-00a9-0000-5584369a-05-s1-d9,85,10.0,10.0,0.0
2025-2025041017gm-00a9-0000-5584369a-05-s1-d9,86,4.0,4.0,0.0
2025-2025041017gm-00a9-0000-5584369a-05-s1-d9,87,10.0,10.0,0.0
2025-2025041017gm-00a9-0000-5584369a-05-s1-d9,88,10.0,-4.0,-14.0
2025-2025041017gm-00a9-0000-5584369a-05-s1-d9,89,4.0,4.0,0.0
2025-2025041017gm-00a9-0000-5584369a-05-s1-d9,90,10.0,10.0,0.0
2025-2025041017gm-00a9-0000-5584369a-05-s1-d9,91,4.0,4.0,0.0
2025-2025041017gm-00a9-0000-5584369a-05-s1-d9,92,10.0,10.0,0.0
2025-2025041017gm-00a9-0000-5584369a-05-s1-d9,93,-10.0,4.0,14.0
2025-2025041017gm-00a9-0000-5584369a-05-s1-d9,94,4.0,4.0,0.0
2025-2025041017gm-00a9-0000-5584369a-05-s1-d9,95,10.0,4.0,-6.0
2025-2025041017gm-00a9-0000-5584369a-05-s1-d9,96,10.0,10.0,0.0
2025-2025041017gm-00a9-0000-5584369a-05-s1-d9,97,10.0,4.0,-6.0
2025-2025041017gm-00a9-0000-5584369a-05-s1-d9,98,10.0,10.0,0.0
2025-2025041017gm-00a9-0000-5584369a-05-s1-d9,99,4.0,4.0,0.0
2025-2025041017gm-00a9-0000-5584369a-05-s1-d9,100,4.0,4.0,0.0
2025-2025041017gm-00a9-0000-5584369a-05-s1-d9,101,10.0,10.0,0.0
2025-2025041017gm-00a9-0000-5584369a-05-s1-d9,102,10.0,10.0,0.0
2025-2025041017gm-00a9-0000-5584369a-05-s1-d9,103,-4.0,-4.0,0.0
2025-2025041017gm-00a9-0000-5584369a-05-s1-d9,104,10.0,10.0,0.0
2025-2025041017gm-00a9-0000-5584369a-05-s1-d9,105,4.0,10.0,6.0
2025-2025041017gm-00a9-0000-5584369a-05-s1-d9,106,10.0,10.0,0.0
2025-2025041017gm-00a9-0000-5584369a-05-s1-d9,107,10.0,10.0,0.0
2025-2025041017gm-00a9-0000-5584369a-05-s1-d9,108,10.0,10.0,0.0
2025-2025041017gm-00a9-0000-5584369a-05-s1-d9,109,10.0,10.0,0.0
2025-2025041017gm-00a9-0000-5584369a-05-s1-d9,110,-4.0,10.0,14.0
2025-2025041017gm-00a9-0000-5584369a-05-s1-d9,111,10.0,4.0,-6.0
2025-2025041017gm-00a9-0000-5584369a-05-s1-d9,112,10.0,10.0,0.0
2025-2025041017gm-00a9-0000-5584369a-05-s1-d9,113,10.0,4.0,-6.0
2025-2025041017gm-00a9-0000-5584369a-05-s1-d9,114,4.0,-4.0,-8.0
2025-2025041017gm-00a9-0000-5584369a-05-s1-d9,115,10.0,10.0,0.0
2025-2025041017gm-00a9-0000-5584369a-05-s1-d9,116,10.0,10.0,0.0
2025-2025041017gm-00a9-0000-5584369a-05-s1-d9,117,10.0,10.0,0.0
2025-2025041017gm-00a9-0000-5584369a-05-s1-d9,118,10.0,10.0,0.0
2025-2025041017gm-00a9-0000-5584369a-05-s1-d9,119,10.0,4.0,-6.0
2025-2025041017gm-00a9-0000-5584369a-05-s1-d9,120,4.0,10.0,6.0
2025-2025041017gm-00a9-0000-5584369a-05-s1-d9,121,10.0,10.0,0.0
2025-2025041017gm-00a9-0000-5584369a-05-s1-d9,122,4.0,10.0,6.0
2025-2025041017gm-00a9-0000-5584369a-05-s1-d9,123,10.0,4.0,-6.0
2025-2025041017gm-00a9-0000-5584369a-05-s1-d9,124,10.0,4.0,-6.0
2025-2025041017gm-00a9-0000-5584369a-05-s1-d9,125,4.0,-4.0,-8.0
2025-2025041017gm-00a9-0000-5584369a-05-s1-d9,126,-4.0,4.0,8.0
2025-2025041017gm-00a9-0000-5584369a-05-s1-d9,127,10.0,10.0,0.0
2025-2025041017gm-00a9-0000-5584369a-05-s1-d9,128,4.0,10.0,6.0
2025-2025041017gm-00a9-0000-5584369a-05-s1-d9,129,4.0,-10.0,-14.0
2025-2025041017gm-00a9-0000-5584369a-05-s1-d9,130,10.0,10.0,0.0
2025-2025041017gm-00a9-0000-5584369a-05-s1-d9,131,4.0,10.0,6.0
2025-2025041017gm-00a9-0000-5584369a-05-s1-d9,132,10.0,4.0,-6.0
2025-2025041017gm-00a9-0000-5584369a-05-s1-d9,133,10.0,10.0,0.0
2025-2025041017gm-00a9-0000-5584369a-05-s1-d9,134,10.0,-4.0,-14.0
2025-2025041017gm-00a9-0000-5584369a-05-s1-d9,135,10.0,10.0,0.0
2025-2025041017gm-00a9-0000-5584369a-05-s1-d9,136,10.0,4.0,-6.0
2025-2025041017gm-00a9-0000-5584369a-05-s1-d9,137,4.0,10.0,6.0
2025-2025041017gm-00a9-0000-5584369a-05-s1-d9,138,4.0,4.0,0.0
2025-2025041017gm-00a9-0000-5584369a-05-s1-d9,139,4.0,10.0,6.0
2025-2025041017gm-00a9-0000-5584369a-05-s1-d9,140,10.0,10.0,0.0
2025-2025041017gm-00a9-0000-5584369a-05-s1-d9,141,10.0,10.0,0.0
2025-2025041017gm-00a9-0000-5584369a-05-s1-d9,142,4.0,10.0,6.0
2025-2025041017gm-00a9-0000-5584369a-05-s1-d9,143,4.0,-4.0,-8.0
2025-2025041017gm-00a9-0000-5584369a-05-s1-d9,144,10.0,10.0,0.0
2025-2025041017gm-00a9-0000-5584369a-05-s1-d9,145,4.0,4.0,0.0
2025-2025041017gm-00a9-0000-5584369a-05-s1-d9,146,10.0,10.0,0.0
2025-2025041017gm-00a9-0000-5584369a-05-s1-d9,147,10.0,4.0,-6.0
2025-2025041017gm-00a9-0000-5584369a-05-s1-d9,148,4.0,10.0,6.0
2025-2025041017gm-00a9-0000-5584369a-05-s1-d9,149,4.0,10.0,6.0
2025-2025041017gm-00a9-0000-5584369a-05-s1-d9,150,10.0,4.0,-6.0
2025-2025041017gm-00a9-0000-5584369a-05-s1-d9,151,-4.0,10.0,14.0
2025-2025041017gm-00a9-0000-5584369a-05-s1-d9,152,4.0,4.0,0.0
2025-2025041017gm-00a9-0000-5584369a-05-s1-d9,153,4.0,4.0,0.0
2025-2025041017gm-00a9-0000-5584369a-05-s1-d9,154,10.0,10.0,0.0
2025-2025041017gm-00a9-0000-5584369a-05-s1-d9,155,4.0,4.0,0.0
2025-2025041017gm-00a9-0000-5584369a-05-s1-d9,156,10.0,10.0,0.0
2025-2025041017gm-00a9-0000-5584369a-05-s1-d9,157,10.0,4.0,-6.0
2025-2025041017gm-00a9-0000-5584369a-05-s1-d9,158,10.0,10.0,0.0
2025-2025041017gm-00a9-0000-5584369a-05-s1-d9,159,10.0,10.0,0.0
2025-2025041017gm-00a9-0000-5584369a-05-s1-d9,160,10.0,10.0,0.0
2025-2025041017gm-00a9-0000-5584369a-05-s1-d9,161,4.0,4.0,0.0
2025-2025041017gm-00a9-0000-5584369a-05-s1-d9,162,4.0,4.0,0.0
2025-2025041017gm-00a9-0000-5584369a-05-s1-d9,163,10.0,10.0,0.0
2025-2025041017gm-00a9-0000-5584369a-05-s1-d9,164,10.0,10.0,0.0
2025-2025041017gm-00a9-0000-5584369a-05-s1-d9,165,10.0,10.0,0.0
2025-2025041017gm-00a9-0000-5584369a-05-s1-d9,166,10.0,10.0,0.0
2025-2025041017gm-00a9-0000-5584369a-05-s1-d9,167,10.0,10.0,0.0
2025-2025041017gm-00a9-0000-5584369a-05-s1-d9,168,10.0,10.0,0.0
2025-2025041017gm-00a9-0000-5584369a-05-s1-d9,169,4.0,4.0,0.0
2025-2025041017gm-00a9-0000-5584369a-05-s1-d9,170,10.0,10.0,0.0
2025-2025041017gm-00a9-0000-5584369a-05-s1-d9,171,4.0,10.0,6.0
2025-2025041017gm-00a9-0000-5584369a-05-s1-d9,172,10.0,4.0,-6.0
2025-2025041017gm-00a9-0000-5584369a-05-s1-d9,173,4.0,10.0,6.0
2025-2025041017gm-00a9-0000-5584369a-05-s1-d9,174,4.0,10.0,6.0
2025-2025041017gm-00a9-0000-5584369a-05-s1-d9,175,10.0,10.0,0.0
2025-2025041017gm-00a9-0000-5584369a-05-s1-d9,176,10.0,10.0,0.0
2025-2025041017gm-00a9-0000-5584369a-05-s1-d9,177,10.0,10.0,0.0
2025-2025041017gm-00a9-0000-5584369a-05-s1-d9,178,10.0,4.0,-6.0
2025-2025041017gm-00a9-0000-5584369a-05-s1-d9,179,10.0,10.0,0.0
2025-2025041017gm-00a9-0000-5584369a-05-s1-d9,180,10.0,10.0,0.0
2025-2025041017gm-00a9-0000-5584369a-05-s1-d9,181,4.0,-10.0,-14.0
2025-2025041017gm-00a9-0000-5584369a-05-s1-d9,182,10.0,-10.0,-20.0
2025-2025041017gm-00a9-0000-5584369a-05-s1-d9,183,10.0,10.0,0.0
2025-2025041017gm-00a9-0000-5584369a-05-s1-d9,184,10.0,4.0,-6.0
2025-2025041017gm-00a9-0000-5584369a-05-s1-d9,185,10.0,10.0,0.0
2025-2025041017gm-00a9-0000-5584369a-05-s1-d9,186,10.0,10.0,0.0
2025-2025041017gm-00a9-0000-5584369a-05-s1-d9,187,4.0,10.0,6.0
2025-2025041017gm-00a9-0000-5584369a-05-s1-d9,188,10.0,10.0,0.0
2025-2025041017gm-00a9-0000-5584369a-05-s1-d9,189,10.0,10.0,0.0
2025-2025041017gm-00a9-0000-5584369a-05-s1-d9,190,4.0,4.0,0.0
2025-2025041017gm-00a9-0000-5584369a-05-s1-d9,191,10.0,10.0,0.0
2025-2025041017gm-00a9-0000-5584369a-05-s1-d9,192,10.0,10.0,0.0
2025-2025041017gm-00a9-0000-5584369a-05-s1-d9,193,10.0,10.0,0.0
2025-2025041017gm-00a9-0000-5584369a-05-s1-d9,194,4.0,10.0,6.0
2025-2025041017gm-00a9-0000-5584369a-05-s1-d9,195,10.0,-10.0,-20.0
2025-2025041017gm-00a9-0000-5584369a-05-s1-d9,196,-10.0,-10.0,0.0
2025-2025041017gm-00a9-0000-5584369a-05-s1-d9,197,10.0,10.0,0.0
2025-2025041017gm-00a9-0000-5584369a-05-s1-d9,198,4.0,4.0,0.0
2025-2025041017gm-00a9-0000-5584369a-05-s1-d9,199,10.0,10.0,0.0
2025-2025041017gm-00a9-0000-5584369a-05-s1-d9,200,4.0,10.0,6.0
2025-2025041017gm-00a9-0000-5584369a-05-s1-d9,201,10.0,10.0,0.0
2025-2025041017gm-00a9-0000-5584369a-05-s1-d9,202,4.0,10.0,6.0
2025-2025041017gm-00a9-0000-5584369a-05-s1-d9,203,10.0,10.0,0.0
2025-2025041017gm-00a9-0000-5584369a-05-s1-d9,204,10.0,10.0,0.0
2025-2025041017gm-00a9-0000-5584369a-05-s1-d9,205,10.0,-10.0,-20.0
2025-2025041017gm-00a9-0000-5584369a-05-s1-d9,206,-4.0,4.0,8.0
2025-2025041017gm-00a9-0000-5584369a-05-s1-d9,207,-4.0,10.0,14.0
2025-2025041017gm-00a9-0000-5584369a-05-s1-d9,208,-4.0,10.0,14.0
2025-2025041017gm-00a9-0000-5584369a-05-s1-d9,209,10.0,4.0,-6.0
2025-2025041017gm-00a9-0000-5584369a-05-s1-d9,210,4.0,10.0,6.0
2025-2025041017gm-00a9-0000-5584369a-05-s1-d9,211,10.0,10.0,0.0
2025-2025041017gm-00a9-0000-5584369a-05-s1-d9,212,4.0,4.0,0.0
2025-2025041017gm-00a9-0000-5584369a-05-s1-d9,213,4.0,10.0,6.0
2025-2025041017gm-00a9-0000-5584369a-05-s1-d9,214,10.0,10.0,0.0
2025-2025041017gm-00a9-0000-5584369a-05-s1-d9,215,10.0,10.0,0.0
2025-2025041017gm-00a9-0000-5584369a-05-s1-d9,216,10.0,10.0,0.0
2025-2025041017gm-00a9-0000-5584369a-05-s1-d9,217,10.0,10.0,0.0
2025-2025041017gm-00a9-0000-5584369a-05-s1-d9,218,10.0,4.0,-6.0
2025-2025041017gm-00a9-0000-5584369a-05-s1-d9,219,10.0,10.0,0.0
2025-2025041017gm-00a9-0000-5584369a-05-s1-d9,220,10.0,4.0,-6.0
2025-2025041017gm-00a9-0000-5584369a-05-s1-d9,221,10.0,10.0,0.0
2025-2025041017gm-00a9-0000-5584369a-05-s1-d9,222,10.0,4.0,-6.0
2025-2025041017gm-00a9-0000-5584369a-05-s1-d9,223,4.0,10.0,6.0
2025-2025041017gm-00a9-0000-5584369a-05-s1-d9,224,10.0,10.0,0.0
2025-2025041017gm-00a9-0000-5584369a-05-s1-d9,225,10.0,10.0,0.0
2025-2025041017gm-00a9-0000-5584369a-05-s1-d9,226,10.0,10.0,0.0
2025-2025041017gm-00a9-0000-5584369a-05-s1-d9,227,10.0,4.0,-6.0
2025-2025041017gm-00a9-0000-5584369a-05-s1-d9,228,10.0,10.0,0.0
2025-2025041017gm-00a9-0000-5584369a-05-s1-d9,229,10.0,-4.0,-14.0
2025-2025041017gm-00a9-0000-5584369a-05-s1-d9,230,10.0,-10.0,-20.0
2025-2025041017gm-00a9-0000-5584369a-05-s1-d9,231,4.0,10.0,6.0
2025-2025041017gm-00a9-0000-5584369a-05-s1-d9,232,-4.0,4.0,8.0
2025-2025041017gm-00a9-0000-5584369a-05-s1-d9,233,10.0,10.0,0.0
2025-2025041017gm-00a9-0000-5584369a-05-s1-d9,234,10.0,10.0,0.0
2025-2025041017gm-00a9-0000-5584369a-05-s1-d9,235,4.0,10.0,6.0
2025-2025041017gm-00a9-0000-5584369a-05-s1-d9,236,4.0,10.0,6.0
2025-2025041017gm-00a9-0000-5584369a-05-s1-d9,237,4.0,4.0,0.0
2025-2025041017gm-00a9-0000-5584369a-05-s1-d9,238,10.0,4.0,-6.0
2025-2025041017gm-00a9-0000-5584369a-05-s1-d9,239,10.0,10.0,0.0
2025-2025041017gm-00a9-0000-5584369a-05-s1-d9,240,4.0,4.0,0.0
2025-2025041017gm-00a9-0000-5584369a-05-s1-d9,241,10.0,10.0,0.0
2025-2025041017gm-00a9-0000-5584369a-05-s1-d9,242,10.0,10.0,0.0
2025-2025041017gm-00a9-0000-5584369a-05-s1-d9,243,4.0,10.0,6.0
2025-2025041017gm-00a9-0000-5584369a-05-s1-d9,244,-4.0,10.0,14.0
2025-2025041017gm-00a9-0000-5584369a-05-s1-d9,245,10.0,4.0,-6.0
2025-2025041017gm-00a9-0000-5584369a-05-s1-d9,246,10.0,10.0,0.0
2025-2025041017gm-00a9-0000-5584369a-05-s1-d9,247,10.0,10.0,0.0
2025-2025041017gm-00a9-0000-5584369a-05-s1-d9,248,10.0,10.0,0.0
2025-2025041017gm-00a9-0000-5584369a-05-s1-d9,249,4.0,10.0,6.0
2025-2025041017gm-00a9-0000-5584369a-05-s1-d9,250,10.0,4.0,-6.0
2025-2025041017gm-00a9-0000-5584369a-05-s1-d9,251,10.0,4.0,-6.0
2025-2025041017gm-00a9-0000-5584369a-05-s1-d9,252,10.0,10.0,0.0
2025-2025041017gm-00a9-0000-5584369a-05-s1-d9,253,10.0,10.0,0.0
2025-2025041017gm-00a9-0000-5584369a-05-s1-d9,254,10.0,10.0,0.0
2025-2025041017gm-00a9-0000-5584369a-05-s1-d9,255,4.0,4.0,0.0
2025-2025041216gm-00a9-0000-3d010e8a-10-s0-d10,0,-4.0,-4.0,0.0
2025-2025041216gm-00a9-0000-3d010e8a-10-s0-d10,1,-4.0,-4.0,0.0
2025-2025041216gm-00a9-0000-3d010e8a-10-s0-d10,2,-4.0,-4.0,0.0
2025-2025041216gm-00a9-0000-3d010e8a-10-s0-d10,3,-4.0,-10.0,-6.0
2025-2025041216gm-00a9-0000-3d010e8a-10-s0-d10,4,-10.0,-10.0,0.0
2025-2025041216gm-00a9-0000-3d010e8a-10-s0-d10,5,-10.0,-10.0,0.0
2025-2025041216gm-00a9-0000-3d010e8a-10-s0-d10,6,-4.0,-10.0,-6.0
2025-2025041216gm-00a9-0000-3d010e8a-10-s0-d10,7,-4.0,-4.0,0.0
2025-2025041216gm-00a9-0000-3d010e8a-10-s0-d10,8,-4.0,-4.0,0.0
2025-2025041216gm-00a9-0000-3d010e8a-10-s0-d10,9,-4.0,-4.0,0.0
2025-2025041216gm-00a9-0000-3d010e8a-10-s0-d10,10,-4.0,-10.0,-6.0
2025-2025041216gm-00a9-0000-3d010e8a-10-s0-d10,11,-4.0,-10.0,-6.0
2025-2025041216gm-00a9-0000-3d010e8a-10-s0-d10,12,-10.0,-4.0,6.0
2025-2025041216gm-00a9-0000-3d010e8a-10-s0-d10,13,-10.0,-10.0,0.0
2025-2025041216gm-00a9-0000-3d010e8a-10-s0-d10,14,-10.0,-10.0,0.0
2025-2025041216gm-00a9-0000-3d010e8a-10-s0-d10,15,-10.0,-10.0,0.0
2025-2025041216gm-00a9-0000-3d010e8a-10-s0-d10,16,-10.0,-10.0,0.0
2025-2025041216gm-00a9-0000-3d010e8a-10-s0-d10,17,-10.0,-10.0,0.0
2025-2025041216gm-00a9-0000-3d010e8a-10-s0-d10,18,-10.0,-4.0,6.0
2025-2025041216gm-00a9-0000-3d010e8a-10-s0-d10,19,-10.0,-10.0,0.0
2025-2025041216gm-00a9-0000-3d010e8a-10-s0-d10,20,-10.0,-10.0,0.0
2025-2025041216gm-00a9-0000-3d010e8a-10-s0-d10,21,-4.0,-4.0,0.0
2025-2025041216gm-00a9-0000-3d010e8a-10-s0-d10,22,-4.0,-4.0,0.0
2025-2025041216gm-00a9-0000-3d010e8a-10-s0-d10,23,-10.0,-4.0,6.0
2025-2025041216gm-00a9-0000-3d010e8a-10-s0-d10,24,-4.0,-10.0,-6.0
2025-2025041216gm-00a9-0000-3d010e8a-10-s0-d10,25,-10.0,-4.0,6.0
2025-2025041216gm-00a9-0000-3d010e8a-10-s0-d10,26,-10.0,-4.0,6.0
2025-2025041216gm-00a9-0000-3d010e8a-10-s0-d10,27,-4.0,-10.0,-6.0
2025-2025041216gm-00a9-0000-3d010e8a-10-s0-d10,28,-10.0,-10.0,0.0
2025-2025041216gm-00a9-0000-3d010e8a-10-s0-d10,29,-4.0,-10.0,-6.0
2025-2025041216gm-00a9-0000-3d010e8a-10-s0-d10,30,-10.0,-10.0,0.0
2025-2025041216gm-00a9-0000-3d010e8a-10-s0-d10,31,-10.0,-10.0,0.0
2025-2025041216gm-00a9-0000-3d010e8a-10-s0-d10,32,-4.0,-4.0,0.0
2025-2025041216gm-00a9-0000-3d010e8a-10-s0-d10,33,-4.0,-4.0,0.0
2025-2025041216gm-00a9-0000-3d010e8a-10-s0-d10,34,-4.0,-4.0,0.0
2025-2025041216gm-00a9-0000-3d010e8a-10-s0-d10,35,-10.0,-10.0,0.0
2025-2025041216gm-00a9-0000-3d010e8a-10-s0-d10,36,-10.0,-10.0,0.0
2025-2025041216gm-00a9-0000-3d010e8a-10-s0-d10,37,-4.0,-4.0,0.0
2025-2025041216gm-00a9-0000-3d010e8a-10-s0-d10,38,-10.0,-4.0,6.0
2025-2025041216gm-00a9-0000-3d010e8a-10-s0-d10,39,-10.0,-10.0,0.0
2025-2025041216gm-00a9-0000-3d010e8a-10-s0-d10,40,-4.0,-4.0,0.0
2025-2025041216gm-00a9-0000-3d010e8a-10-s0-d10,41,-4.0,-4.0,0.0
2025-2025041216gm-00a9-0000-3d010e8a-10-s0-d10,42,-10.0,-10.0,0.0
2025-2025041216gm-00a9-0000-3d010e8a-10-s0-d10,43,-4.0,-10.0,-6.0
2025-2025041216gm-00a9-0000-3d010e8a-10-s0-d10,44,-4.0,-4.0,0.0
2025-2025041216gm-00a9-0000-3d010e8a-10-s0-d10,45,-10.0,-10.0,0.0
2025-2025041216gm-00a9-0000-3d010e8a-10-s0-d10,46,-10.0,-4.0,6.0
2025-2025041216gm-00a9-0000-3d010e8a-10-s0-d10,47,-4.0,-10.0,-6.0
2025-2025041216gm-00a9-0000-3d010e8a-10-s0-d10,48,-10.0,-4.0,6.0
2025-2025041216gm-00a9-0000-3d010e8a-10-s0-d10,49,-4.0,-10.0,-6.0
2025-2025041216gm-00a9-0000-3d010e8a-10-s0-d10,50,-10.0,-4.0,6.0
2025-2025041216gm-00a9-0000-3d010e8a-10-s0-d10,51,-4.0,-4.0,0.0
2025-2025041216gm-00a9-0000-3d010e8a-10-s0-d10,52,-10.0,-10.0,0.0
2025-2025041216gm-00a9-0000-3d010e8a-10-s0-d10,53,-4.0,-4.0,0.0
2025-2025041216gm-00a9-0000-3d010e8a-10-s0-d10,54,-10.0,-4.0,6.0
2025-2025041216gm-00a9-0000-3d010e8a-10-s0-d10,55,-4.0,-4.0,0.0
2025-2025041216gm-00a9-0000-3d010e8a-10-s0-d10,56,-4.0,-10.0,-6.0
2025-2025041216gm-00a9-0000-3d010e8a-10-s0-d10,57,-4.0,-4.0,0.0
2025-2025041216gm-00a9-0000-3d010e8a-10-s0-d10,58,-10.0,-4.0,6.0
2025-2025041216gm-00a9-0000-3d010e8a-10-s0-d10,59,-10.0,-10.0,0.0
2025-2025041216gm-00a9-0000-3d010e8a-10-s0-d10,60,-4.0,-4.0,0.0
2025-2025041216gm-00a9-0000-3d010e8a-10-s0-d10,61,-4.0,-4.0,0.0
2025-2025041216gm-00a9-0000-3d010e8a-10-s0-d10,62,-10.0,-4.0,6.0
2025-2025041216gm-00a9-0000-3d010e8a-10-s0-d10,63,-4.0,-10.0,-6.0
2025-2025041216gm-00a9-0000-3d010e8a-10-s0-d10,64,-4.0,-10.0,-6.0
2025-2025041216gm-00a9-0000-3d010e8a-10-s0-d10,65,-4.0,-4.0,0.0
2025-2025041216gm-00a9-0000-3d010e8a-10-s0-d10,66,-10.0,-4.0,6.0
2025-2025041216gm-00a9-0000-3d010e8a-10-s0-d10,67,-4.0,-4.0,0.0
2025-2025041216gm-00a9-0000-3d010e8a-10-s0-d10,68,-10.0,-10.0,0.0
2025-2025041216gm-00a9-0000-3d010e8a-10-s0-d10,69,-4.0,-10.0,-6.0
2025-2025041216gm-00a9-0000-3d010e8a-10-s0-d10,70,-10.0,-4.0,6.0
2025-2025041216gm-00a9-0000-3d010e8a-10-s0-d10,71,-10.0,-10.0,0.0
2025-2025041216gm-00a9-0000-3d010e8a-10-s0-d10,72,-10.0,-4.0,6.0
2025-2025041216gm-00a9-0000-3d010e8a-10-s0-d10,73,-10.0,-10.0,0.0
2025-2025041216gm-00a9-0000-3d010e8a-10-s0-d10,74,-4.0,-4.0,0.0
2025-2025041216gm-00a9-0000-3d010e8a-10-s0-d10,75,-10.0,-10.0,0.0
2025-2025041216gm-00a9-0000-3d010e8a-10-s0-d10,76,-10.0,-4.0,6.0
2025-2025041216gm-00a9-0000-3d010e8a-10-s0-d10,77,-4.0,-4.0,0.0
2025-2025041216gm-00a9-0000-3d010e8a-10-s0-d10,78,-4.0,-4.0,0.0
2025-2025041216gm-00a9-0000-3d010e8a-10-s0-d10,79,-10.0,-10.0,0.0
2025-2025041216gm-00a9-0000-3d010e8a-10-s0-d10,80,-4.0,-4.0,0.0
2025-2025041216gm-00a9-0000-3d010e8a-10-s0-d10,81,-4.0,-4.0,0.0
2025-2025041216gm-00a9-0000-3d010e8a-10-s0-d10,82,-4.0,-10.0,-6.0
2025-2025041216gm-00a9-0000-3d010e8a-10-s0-d10,83,-4.0,-4.0,0.0
2025-2025041216gm-00a9-0000-3d010e8a-10-s0-d10,84,-10.0,-10.0,0.0
2025-2025041216gm-00a9-0000-3d010e8a-10-s0-d10,85,-10.0,-4.0,6.0
2025-2025041216gm-00a9-0000-3d010e8a-10-s0-d10,86,-4.0,-4.0,0.0
2025-2025041216gm-00a9-0000-3d010e8a-10-s0-d10,87,-4.0,-10.0,-6.0
2025-2025041216gm-00a9-0000-3d010e8a-10-s0-d10,88,-4.0,-4.0,0.0
2025-2025041216gm-00a9-0000-3d010e8a-10-s0-d10,89,-10.0,-4.0,6.0
2025-2025041216gm-00a9-0000-3d010e8a-10-s0-d10,90,-4.0,-4.0,0.0
2025-2025041216gm-00a9-0000-3d010e8a-10-s0-d10,91,-4.0,-4.0,0.0
2025-2025041216gm-00a9-0000-3d010e8a-10-s0-d10,92,-4.0,-4.0,0.0
2025-2025041216gm-00a9-0000-3d010e8a-10-s0-d10,93,-4.0,-10.0,-6.0
2025-2025041216gm-00a9-0000-3d010e8a-10-s0-d10,94,-4.0,-10.0,-6.0
2025-2025041216gm-00a9-0000-3d010e8a-10-s0-d10,95,-4.0,-4.0,0.0
2025-2025041216gm-00a9-0000-3d010e8a-10-s0-d10,96,-4.0,-4.0,0.0
2025-2025041216gm-00a9-0000-3d010e8a-10-s0-d10,97,-10.0,-4.0,6.0
2025-2025041216gm-00a9-0000-3d010e8a-10-s0-d10,98,-4.0,-4.0,0.0
2025-2025041216gm-00a9-0000-3d010e8a-10-s0-d10,99,-4.0,-4.0,0.0
2025-2025041216gm-00a9-0000-3d010e8a-10-s0-d10,100,-4.0,-4.0,0.0
2025-2025041216gm-00a9-0000-3d010e8a-10-s0-d10,101,-4.0,-4.0,0.0
2025-2025041216gm-00a9-0000-3d010e8a-10-s0-d10,102,-4.0,-4.0,0.0
2025-2025041216gm-00a9-0000-3d010e8a-10-s0-d10,103,-10.0,-10.0,0.0
2025-2025041216gm-00a9-0000-3d010e8a-10-s0-d10,104,-10.0,-4.0,6.0
2025-2025041216gm-00a9-0000-3d010e8a-10-s0-d10,105,-10.0,-10.0,0.0
2025-2025041216gm-00a9-0000-3d010e8a-10-s0-d10,106,-10.0,-4.0,6.0
2025-2025041216gm-00a9-0000-3d010e8a-10-s0-d10,107,-4.0,-10.0,-6.0
2025-2025041216gm-00a9-0000-3d010e8a-10-s0-d10,108,-10.0,-10.0,0.0
2025-2025041216gm-00a9-0000-3d010e8a-10-s0-d10,109,-10.0,-4.0,6.0
2025-2025041216gm-00a9-0000-3d010e8a-10-s0-d10,110,-10.0,-10.0,0.0
2025-2025041216gm-00a9-0000-3d010e8a-10-s0-d10,111,-4.0,-4.0,0.0
2025-2025041216gm-00a9-0000-3d010e8a-10-s0-d10,112,-4.0,-4.0,0.0
2025-2025041216gm-00a9-0000-3d010e8a-10-s0-d10,113,-10.0,-10.0,0.0
2025-2025041216gm-00a9-0000-3d010e8a-10-s0-d10,114,-10.0,-10.0,0.0
2025-2025041216gm-00a9-0000-3d010e8a-10-s0-d10,115,-10.0,-4.0,6.0
2025-2025041216gm-00a9-0000-3d010e8a-10-s0-d10,116,-4.0,-10.0,-6.0
2025-2025041216gm-00a9-0000-3d010e8a-10-s0-d10,117,-4.0,-4.0,0.0
2025-2025041216gm-00a9-0000-3d010e8a-10-s0-d10,118,-10.0,-10.0,0.0
2025-2025041216gm-00a9-0000-3d010e8a-10-s0-d10,119,-10.0,-4.0,6.0
2025-2025041216gm-00a9-0000-3d010e8a-10-s0-d10,120,-4.0,-4.0,0.0
2025-2025041216gm-00a9-0000-3d010e8a-10-s0-d10,121,-10.0,-4.0,6.0
2025-2025041216gm-00a9-0000-3d010e8a-10-s0-d10,122,-10.0,-4.0,6.0
2025-2025041216gm-00a9-0000-3d010e8a-10-s0-d10,123,-4.0,-10.0,-6.0
2025-2025041216gm-00a9-0000-3d010e8a-10-s0-d10,124,-4.0,-4.0,0.0
2025-2025041216gm-00a9-0000-3d010e8a-10-s0-d10,125,-4.0,-4.0,0.0
2025-2025041216gm-00a9-0000-3d010e8a-10-s0-d10,126,-4.0,-10.0,-6.0
2025-2025041216gm-00a9-0000-3d010e8a-10-s0-d10,127,-10.0,-4.0,6.0
2025-2025041216gm-00a9-0000-3d010e8a-10-s0-d10,128,-10.0,-10.0,0.0
2025-2025041216gm-00a9-0000-3d010e8a-10-s0-d10,129,-4.0,-4.0,0.0
2025-2025041216gm-00a9-0000-3d010e8a-10-s0-d10,130,-10.0,-4.0,6.0
2025-2025041216gm-00a9-0000-3d010e8a-10-s0-d10,131,-10.0,-4.0,6.0
2025-2025041216gm-00a9-0000-3d010e8a-10-s0-d10,132,-4.0,-4.0,0.0
2025-2025041216gm-00a9-0000-3d010e8a-10-s0-d10,133,-10.0,-4.0,6.0
2025-2025041216gm-00a9-0000-3d010e8a-10-s0-d10,134,-4.0,-10.0,-6.0
2025-2025041216gm-00a9-0000-3d010e8a-10-s0-d10,135,-10.0,-4.0,6.0
2025-2025041216gm-00a9-0000-3d010e8a-10-s0-d10,136,-10.0,-10.0,0.0
2025-2025041216gm-00a9-0000-3d010e8a-10-s0-d10,137,-10.0,-10.0,0.0
2025-2025041216gm-00a9-0000-3d010e8a-10-s0-d10,138,-4.0,-4.0,0.0
2025-2025041216gm-00a9-0000-3d010e8a-10-s0-d10,139,-10.0,-10.0,0.0
2025-2025041216gm-00a9-0000-3d010e8a-10-s0-d10,140,-4.0,-4.0,0.0
2025-2025041216gm-00a9-0000-3d010e8a-10-s0-d10,141,-4.0,-4.0,0.0
2025-2025041216gm-00a9-0000-3d010e8a-10-s0-d10,142,-10.0,-4.0,6.0
2025-2025041216gm-00a9-0000-3d010e8a-10-s0-d10,143,-10.0,-10.0,0.0
2025-2025041216gm-00a9-0000-3d010e8a-10-s0-d10,144,-10.0,-4.0,6.0
2025-2025041216gm-00a9-0000-3d010e8a-10-s0-d10,145,-4.0,-4.0,0.0
2025-2025041216gm-00a9-0000-3d010e8a-10-s0-d10,146,-4.0,-4.0,0.0
2025-2025041216gm-00a9-0000-3d010e8a-10-s0-d10,147,-10.0,-10.0,0.0
2025-2025041216gm-00a9-0000-3d010e8a-10-s0-d10,148,-4.0,-4.0,0.0
2025-2025041216gm-00a9-0000-3d010e8a-10-s0-d10,149,-10.0,-10.0,0.0
2025-2025041216gm-00a9-0000-3d010e8a-10-s0-d10,150,-4.0,-4.0,0.0
2025-2025041216gm-00a9-0000-3d010e8a-10-s0-d10,151,-10.0,-10.0,0.0
2025-2025041216gm-00a9-0000-3d010e8a-10-s0-d10,152,-4.0,-10.0,-6.0
2025-2025041216gm-00a9-0000-3d010e8a-10-s0-d10,153,-10.0,-10.0,0.0
2025-2025041216gm-00a9-0000-3d010e8a-10-s0-d10,154,-4.0,-4.0,0.0
2025-2025041216gm-00a9-0000-3d010e8a-10-s0-d10,155,-10.0,-10.0,0.0
2025-2025041216gm-00a9-0000-3d010e8a-10-s0-d10,156,-10.0,-10.0,0.0
2025-2025041216gm-00a9-0000-3d010e8a-10-s0-d10,157,-4.0,-10.0,-6.0
2025-2025041216gm-00a9-0000-3d010e8a-10-s0-d10,158,-4.0,-4.0,0.0
2025-2025041216gm-00a9-0000-3d010e8a-10-s0-d10,159,-10.0,-10.0,0.0
2025-2025041216gm-00a9-0000-3d010e8a-10-s0-d10,160,-10.0,-4.0,6.0
2025-2025041216gm-00a9-0000-3d010e8a-10-s0-d10,161,-10.0,-4.0,6.0
2025-2025041216gm-00a9-0000-3d010e8a-10-s0-d10,162,-4.0,-4.0,0.0
2025-2025041216gm-00a9-0000-3d010e8a-10-s0-d10,163,-4.0,-4.0,0.0
2025-2025041216gm-00a9-0000-3d010e8a-10-s0-d10,164,-4.0,-4.0,0.0
2025-2025041216gm-00a9-0000-3d010e8a-10-s0-d10,165,-10.0,-10.0,0.0
2025-2025041216gm-00a9-0000-3d010e8a-10-s0-d10,166,-4.0,-10.0,-6.0
2025-2025041216gm-00a9-0000-3d010e8a-10-s0-d10,167,-4.0,-4.0,0.0
2025-2025041216gm-00a9-0000-3d010e8a-10-s0-d10,168,-4.0,-10.0,-6.0
2025-2025041216gm-00a9-0000-3d010e8a-10-s0-d10,169,-10.0,-10.0,0.0
2025-2025041216gm-00a9-0000-3d010e8a-10-s0-d10,170,-4.0,4.0,8.0
2025-2025041216gm-00a9-0000-3d010e8a-10-s0-d10,171,-4.0,-4.0,0.0
2025-2025041216gm-00a9-0000-3d010e8a-10-s0-d10,172,-4.0,-4.0,0.0
2025-2025041216gm-00a9-0000-3d010e8a-10-s0-d10,173,-10.0,-10.0,0.0
2025-2025041216gm-00a9-0000-3d010e8a-10-s0-d10,174,-10.0,-4.0,6.0
2025-2025041216gm-00a9-0000-3d010e8a-10-s0-d10,175,-10.0,-10.0,0.0
2025-2025041216gm-00a9-0000-3d010e8a-10-s0-d10,176,-4.0,-4.0,0.0
2025-2025041216gm-00a9-0000-3d010e8a-10-s0-d10,177,-10.0,-4.0,6.0
2025-2025041216gm-00a9-0000-3d010e8a-10-s0-d10,178,-10.0,-4.0,6.0
2025-2025041216gm-00a9-0000-3d010e8a-10-s0-d10,179,-4.0,-4.0,0.0
2025-2025041216gm-00a9-0000-3d010e8a-10-s0-d10,180,-10.0,-10.0,0.0
2025-2025041216gm-00a9-0000-3d010e8a-10-s0-d10,181,-10.0,-10.0,0.0
2025-2025041216gm-00a9-0000-3d010e8a-10-s0-d10,182,-4.0,-4.0,0.0
2025-2025041216gm-00a9-0000-3d010e8a-10-s0-d10,183,-4.0,-4.0,0.0
2025-2025041216gm-00a9-0000-3d010e8a-10-s0-d10,184,-4.0,-4.0,0.0
2025-2025041216gm-00a9-0000-3d010e8a-10-s0-d10,185,-4.0,-4.0,0.0
2025-2025041216gm-00a9-0000-3d010e8a-10-s0-d10,186,-10.0,-10.0,0.0
2025-2025041216gm-00a9-0000-3d010e8a-10-s0-d10,187,-10.0,-4.0,6.0
2025-2025041216gm-00a9-0000-3d010e8a-10-s0-d10,188,-4.0,-4.0,0.0
2025-2025041216gm-00a9-0000-3d010e8a-10-s0-d10,189,-4.0,-4.0,0.0
2025-2025041216gm-00a9-0000-3d010e8a-10-s0-d10,190,-10.0,-10.0,0.0
2025-2025041216gm-00a9-0000-3d010e8a-10-s0-d10,191,-10.0,-4.0,6.0
2025-2025041216gm-00a9-0000-3d010e8a-10-s0-d10,192,-4.0,-4.0,0.0
2025-2025041216gm-00a9-0000-3d010e8a-10-s0-d10,193,-10.0,-10.0,0.0
2025-2025041216gm-00a9-0000-3d010e8a-10-s0-d10,194,-10.0,-10.0,0.0
2025-2025041216gm-00a9-0000-3d010e8a-10-s0-d10,195,-10.0,-10.0,0.0
2025-2025041216gm-00a9-0000-3d010e8a-10-s0-d10,196,-10.0,-4.0,6.0
2025-2025041216gm-00a9-0000-3d010e8a-10-s0-d10,197,-4.0,-4.0,0.0
2025-2025041216gm-00a9-0000-3d010e8a-10-s0-d10,198,-4.0,-4.0,0.0
2025-2025041216gm-00a9-0000-3d010e8a-10-s0-d10,199,-10.0,-4.0,6.0
2025-2025041216gm-00a9-0000-3d010e8a-10-s0-d10,200,-4.0,-10.0,-6.0
2025-2025041216gm-00a9-0000-3d010e8a-10-s0-d10,201,-4.0,-4.0,0.0
2025-2025041216gm-00a9-0000-3d010e8a-10-s0-d10,202,-10.0,-10.0,0.0
2025-2025041216gm-00a9-0000-3d010e8a-10-s0-d10,203,-4.0,-10.0,-6.0
2025-2025041216gm-00a9-0000-3d010e8a-10-s0-d10,204,-4.0,-4.0,0.0
2025-2025041216gm-00a9-0000-3d010e8a-10-s0-d10,205,-10.0,-10.0,0.0
2025-2025041216gm-00a9-0000-3d010e8a-10-s0-d10,206,-4.0,-4.0,0.0
2025-2025041216gm-00a9-0000-3d010e8a-10-s0-d10,207,-10.0,-10.0,0.0
2025-2025041216gm-00a9-0000-3d010e8a-10-s0-d10,208,-4.0,-4.0,0.0
2025-2025041216gm-00a9-0000-3d010e8a-10-s0-d10,209,-4.0,-10.0,-6.0
2025-2025041216gm-00a9-0000-3d010e8a-10-s0-d10,210,-4.0,-4.0,0.0
2025-2025041216gm-00a9-0000-3d010e8a-10-s0-d10,211,-4.0,-4.0,0.0
2025-2025041216gm-00a9-0000-3d010e8a-10-s0-d10,212,-10.0,-4.0,6.0
2025-2025041216gm-00a9-0000-3d010e8a-10-s0-d10,213,-4.0,-4.0,0.0
2025-2025041216gm-00a9-0000-3d010e8a-10-s0-d10,214,-4.0,-10.0,-6.0
2025-2025041216gm-00a9-0000-3d010e8a-10-s0-d10,215,-10.0,-4.0,6.0
2025-2025041216gm-00a9-0000-3d010e8a-10-s0-d10,216,-4.0,-10.0,-6.0
2025-2025041216gm-00a9-0000-3d010e8a-10-s0-d10,217,-10.0,-4.0,6.0
2025-2025041216gm-00a9-0000-3d010e8a-10-s0-d10,218,-4.0,-4.0,0.0
2025-2025041216gm-00a9-0000-3d010e8a-10-s0-d10,219,-4.0,-10.0,-6.0
2025-2025041216gm-00a9-0000-3d010e8a-10-s0-d10,220,-4.0,-4.0,0.0
2025-2025041216gm-00a9-0000-3d010e8a-10-s0-d10,221,-4.0,-4.0,0.0
2025-2025041216gm-00a9-0000-3d010e8a-10-s0-d10,222,-10.0,-10.0,0.0
2025-2025041216gm-00a9-0000-3d010e8a-10-s0-d10,223,-10.0,-4.0,6.0
2025-2025041216gm-00a9-0000-3d010e8a-10-s0-d10,224,-4.0,-4.0,0.0
2025-2025041216gm-00a9-0000-3d010e8a-10-s0-d10,225,-4.0,-4.0,0.0
2025-2025041216gm-00a9-0000-3d010e8a-10-s0-d10,226,-10.0,-4.0,6.0
2025-2025041216gm-00a9-0000-3d010e8a-10-s0-d10,227,-10.0,-10.0,0.0
2025-2025041216gm-00a9-0000-3d010e8a-10-s0-d10,228,-10.0,-10.0,0.0
2025-2025041216gm-00a9-0000-3d010e8a-10-s0-d10,229,4.0,-4.0,-8.0
2025-2025041216gm-00a9-0000-3d010e8a-10-s0-d10,230,-4.0,-4.0,0.0
2025-2025041216gm-00a9-0000-3d010e8a-10-s0-d10,231,-10.0,-4.0,6.0
2025-2025041216gm-00a9-0000-3d010e8a-10-s0-d10,232,-10.0,-10.0,0.0
2025-2025041216gm-00a9-0000-3d010e8a-10-s0-d10,233,-10.0,-10.0,0.0
2025-2025041216gm-00a9-0000-3d010e8a-10-s0-d10,234,-10.0,-10.0,0.0
2025-2025041216gm-00a9-0000-3d010e8a-10-s0-d10,235,-4.0,-4.0,0.0
2025-2025041216gm-00a9-0000-3d010e8a-10-s0-d10,236,-10.0,-10.0,0.0
2025-2025041216gm-00a9-0000-3d010e8a-10-s0-d10,237,-10.0,-4.0,6.0
2025-2025041216gm-00a9-0000-3d010e8a-10-s0-d10,238,-4.0,-4.0,0.0
2025-2025041216gm-00a9-0000-3d010e8a-10-s0-d10,239,-10.0,-10.0,0.0
2025-2025041216gm-00a9-0000-3d010e8a-10-s0-d10,240,-4.0,-4.0,0.0
2025-2025041216gm-00a9-0000-3d010e8a-10-s0-d10,241,-10.0,-4.0,6.0
2025-2025041216gm-00a9-0000-3d010e8a-10-s0-d10,242,-10.0,-4.0,6.0
2025-2025041216gm-00a9-0000-3d010e8a-10-s0-d10,243,-4.0,-10.0,-6.0
2025-2025041216gm-00a9-0000-3d010e8a-10-s0-d10,244,-4.0,-4.0,0.0
2025-2025041216gm-00a9-0000-3d010e8a-10-s0-d10,245,-10.0,-10.0,0.0
2025-2025041216gm-00a9-0000-3d010e8a-10-s0-d10,246,-10.0,-4.0,6.0
2025-2025041216gm-00a9-0000-3d010e8a-10-s0-d10,247,-4.0,-4.0,0.0
2025-2025041216gm-00a9-0000-3d010e8a-10-s0-d10,248,-10.0,-10.0,0.0
2025-2025041216gm-00a9-0000-3d010e8a-10-s0-d10,249,-4.0,4.0,8.0
2025-2025041216gm-00a9-0000-3d010e8a-10-s0-d10,250,-4.0,-4.0,0.0
2025-2025041216gm-00a9-0000-3d010e8a-10-s0-d10,251,-10.0,-10.0,0.0
2025-2025041216gm-00a9-0000-3d010e8a-10-s0-d10,252,-10.0,-4.0,6.0
2025-2025041216gm-00a9-0000-3d010e8a-10-s0-d10,253,-4.0,-10.0,-6.0
2025-2025041216gm-00a9-0000-3d010e8a-10-s0-d10,254,-10.0,-4.0,6.0
2025-2025041216gm-00a9-0000-3d010e8a-10-s0-d10,255,-4.0,-4.0,0.0
2025-2025041520gm-00a9-0000-d292f784-08-s1-d0,0,-10.0,-4.0,6.0
2025-2025041520gm-00a9-0000-d292f784-08-s1-d0,1,-4.0,-4.0,0.0
2025-2025041520gm-00a9-0000-d292f784-08-s1-d0,2,-4.0,-4.0,0.0
2025-2025041520gm-00a9-0000-d292f784-08-s1-d0,3,-4.0,-4.0,0.0
2025-2025041520gm-00a9-0000-d292f784-08-s1-d0,4,-10.0,-10.0,0.0
2025-2025041520gm-00a9-0000-d292f784-08-s1-d0,5,-10.0,-4.0,6.0
2025-2025041520gm-00a9-0000-d292f784-08-s1-d0,6,-10.0,-10.0,0.0
2025-2025041520gm-00a9-0000-d292f784-08-s1-d0,7,4.0,-4.0,-8.0
2025-2025041520gm-00a9-0000-d292f784-08-s1-d0,8,-4.0,-4.0,0.0
2025-2025041520gm-00a9-0000-d292f784-08-s1-d0,9,-10.0,-10.0,0.0
2025-2025041520gm-00a9-0000-d292f784-08-s1-d0,10,-10.0,-10.0,0.0
2025-2025041520gm-00a9-0000-d292f784-08-s1-d0,11,-4.0,-4.0,0.0
2025-2025041520gm-00a9-0000-d292f784-08-s1-d0,12,-4.0,-4.0,0.0
2025-2025041520gm-00a9-0000-d292f784-08-s1-d0,13,-4.0,-10.0,-6.0
2025-2025041520gm-00a9-0000-d292f784-08-s1-d0,14,-4.0,4.0,8.0
2025-2025041520gm-00a9-0000-d292f784-08-s1-d0,15,-4.0,-4.0,0.0
2025-2025041520gm-00a9-0000-d292f784-08-s1-d0,16,-10.0,-4.0,6.0
2025-2025041520gm-00a9-0000-d292f784-08-s1-d0,17,-4.0,-10.0,-6.0
2025-2025041520gm-00a9-0000-d292f784-08-s1-d0,18,-4.0,-4.0,0.0
2025-2025041520gm-00a9-0000-d292f784-08-s1-d0,19,-4.0,-4.0,0.0
2025-2025041520gm-00a9-0000-d292f784-08-s1-d0,20,-10.0,-4.0,6.0
2025-2025041520gm-00a9-0000-d292f784-08-s1-d0,21,-10.0,-4.0,6.0
2025-2025041520gm-00a9-0000-d292f784-08-s1-d0,22,-4.0,4.0,8.0
2025-2025041520gm-00a9-0000-d292f784-08-s1-d0,23,-10.0,-10.0,0.0
2025-2025041520gm-00a9-0000-d292f784-08-s1-d0,24,-10.0,-10.0,0.0
2025-2025041520gm-00a9-0000-d292f784-08-s1-d0,25,-10.0,-10.0,0.0
2025-2025041520gm-00a9-0000-d292f784-08-s1-d0,26,4.0,-4.0,-8.0
2025-2025041520gm-00a9-0000-d292f784-08-s1-d0,27,-4.0,-4.0,0.0
2025-2025041520gm-00a9-0000-d292f784-08-s1-d0,28,-4.0,-10.0,-6.0
2025-2025041520gm-00a9-0000-d292f784-08-s1-d0,29,-4.0,-4.0,0.0
2025-2025041520gm-00a9-0000-d292f784-08-s1-d0,30,-4.0,-10.0,-6.0
2025-2025041520gm-00a9-0000-d292f784-08-s1-d0,31,-10.0,-10.0,0.0
2025-2025041520gm-00a9-0000-d292f784-08-s1-d0,32,-4.0,-4.0,0.0
2025-2025041520gm-00a9-0000-d292f784-08-s1-d0,33,-10.0,-10.0,0.0
2025-2025041520gm-00a9-0000-d292f784-08-s1-d0,34,-4.0,-10.0,-6.0
2025-2025041520gm-00a9-0000-d292f784-08-s1-d0,35,-4.0,-10.0,-6.0
2025-2025041520gm-00a9-0000-d292f784-08-s1-d0,36,-4.0,4.0,8.0
2025-2025041520gm-00a9-0000-d292f784-08-s1-d0,37,-10.0,-4.0,6.0
2025-2025041520gm-00a9-0000-d292f784-08-s1-d0,38,4.0,-10.0,-14.0
2025-2025041520gm-00a9-0000-d292f784-08-s1-d0,39,-4.0,-4.0,0.0
2025-2025041520gm-00a9-0000-d292f784-08-s1-d0,40,-4.0,-10.0,-6.0
2025-2025041520gm-00a9-0000-d292f784-08-s1-d0,41,-10.0,-4.0,6.0
2025-2025041520gm-00a9-0000-d292f784-08-s1-d0,42,-10.0,-4.0,6.0
2025-2025041520gm-00a9-0000-d292f784-08-s1-d0,43,-4.0,-4.0,0.0
2025-2025041520gm-00a9-0000-d292f784-08-s1-d0,44,-10.0,-10.0,0.0
2025-2025041520gm-00a9-0000-d292f784-08-s1-d0,45,-4.0,-10.0,-6.0
2025-2025041520gm-00a9-0000-d292f784-08-s1-d0,46,-4.0,-10.0,-6.0
2025-2025041520gm-00a9-0000-d292f784-08-s1-d0,47,4.0,-4.0,-8.0
2025-2025041520gm-00a9-0000-d292f784-08-s1-d0,48,-10.0,-10.0,0.0
2025-2025041520gm-00a9-0000-d292f784-08-s1-d0,49,-10.0,-4.0,6.0
2025-2025041520gm-00a9-0000-d292f784-08-s1-d0,50,-10.0,-10.0,0.0
2025-2025041520gm-00a9-0000-d292f784-08-s1-d0,51,-4.0,-4.0,0.0
2025-2025041520gm-00a9-0000-d292f784-08-s1-d0,52,-4.0,-4.0,0.0
2025-2025041520gm-00a9-0000-d292f784-08-s1-d0,53,-10.0,-10.0,0.0
2025-2025041520gm-00a9-0000-d292f784-08-s1-d0,54,-10.0,-10.0,0.0
2025-2025041520gm-00a9-0000-d292f784-08-s1-d0,55,-10.0,-10.0,0.0
2025-2025041520gm-00a9-0000-d292f784-08-s1-d0,56,-10.0,-4.0,6.0
2025-2025041520gm-00a9-0000-d292f784-08-s1-d0,57,-10.0,-4.0,6.0
2025-2025041520gm-00a9-0000-d292f784-08-s1-d0,58,-4.0,-4.0,0.0
2025-2025041520gm-00a9-0000-d292f784-08-s1-d0,59,-4.0,-4.0,0.0
2025-2025041520gm-00a9-0000-d292f784-08-s1-d0,60,-4.0,-10.0,-6.0
2025-2025041520gm-00a9-0000-d292f784-08-s1-d0,61,4.0,-4.0,-8.0
2025-2025041520gm-00a9-0000-d292f784-08-s1-d0,62,-4.0,-4.0,0.0
2025-2025041520gm-00a9-0000-d292f784-08-s1-d0,63,-4.0,-10.0,-6.0
2025-2025041520gm-00a9-0000-d292f784-08-s1-d0,64,-4.0,-4.0,0.0
2025-2025041520gm-00a9-0000-d292f784-08-s1-d0,65,-4.0,-4.0,0.0
2025-2025041520gm-00a9-0000-d292f784-08-s1-d0,66,-4.0,-10.0,-6.0
2025-2025041520gm-00a9-0000-d292f784-08-s1-d0,67,-4.0,-10.0,-6.0
2025-2025041520gm-00a9-0000-d292f784-08-s1-d0,68,-10.0,-4.0,6.0
2025-2025041520gm-00a9-0000-d292f784-08-s1-d0,69,-4.0,-10.0,-6.0
2025-2025041520gm-00a9-0000-d292f784-08-s1-d0,70,4.0,4.0,0.0
2025-2025041520gm-00a9-0000-d292f784-08-s1-d0,71,-4.0,-4.0,0.0
2025-2025041520gm-00a9-0000-d292f784-08-s1-d0,72,-10.0,-4.0,6.0
2025-2025041520gm-00a9-0000-d292f784-08-s1-d0,73,-4.0,-4.0,0.0
2025-2025041520gm-00a9-0000-d292f784-08-s1-d0,74,-4.0,-4.0,0.0
2025-2025041520gm-00a9-0000-d292f784-08-s1-d0,75,-4.0,-10.0,-6.0
2025-2025041520gm-00a9-0000-d292f784-08-s1-d0,76,-4.0,-10.0,-6.0
2025-2025041520gm-00a9-0000-d292f784-08-s1-d0,77,-10.0,4.0,14.0
2025-2025041520gm-00a9-0000-d292f784-08-s1-d0,78,-4.0,-4.0,0.0
2025-2025041520gm-00a9-0000-d292f784-08-s1-d0,79,-10.0,-4.0,6.0
2025-2025041520gm-00a9-0000-d292f784-08-s1-d0,80,-4.0,-10.0,-6.0
2025-2025041520gm-00a9-0000-d292f784-08-s1-d0,81,-4.0,-4.0,0.0
2025-2025041520gm-00a9-0000-d292f784-08-s1-d0,82,-4.0,-4.0,0.0
2025-2025041520gm-00a9-0000-d292f784-08-s1-d0,83,-10.0,-4.0,6.0
2025-2025041520gm-00a9-0000-d292f784-08-s1-d0,84,-10.0,-10.0,0.0
2025-2025041520gm-00a9-0000-d292f784-08-s1-d0,85,-4.0,4.0,8.0
2025-2025041520gm-00a9-0000-d292f784-08-s1-d0,86,-10.0,4.0,14.0
2025-2025041520gm-00a9-0000-d292f784-08-s1-d0,87,-10.0,-10.0,0.0
2025-2025041520gm-00a9-0000-d292f784-08-s1-d0,88,-4.0,-4.0,0.0
2025-2025041520gm-00a9-0000-d292f784-08-s1-d0,89,-10.0,-4.0,6.0
2025-2025041520gm-00a9-0000-d292f784-08-s1-d0,90,-4.0,-4.0,0.0
2025-2025041520gm-00a9-0000-d292f784-08-s1-d0,91,-10.0,-4.0,6.0
2025-2025041520gm-00a9-0000-d292f784-08-s1-d0,92,-4.0,-4.0,0.0
2025-2025041520gm-00a9-0000-d292f784-08-s1-d0,93,-4.0,-4.0,0.0
2025-2025041520gm-00a9-0000-d292f784-08-s1-d0,94,4.0,-10.0,-14.0
2025-2025041520gm-00a9-0000-d292f784-08-s1-d0,95,-4.0,4.0,8.0
2025-2025041520gm-00a9-0000-d292f784-08-s1-d0,96,-4.0,-4.0,0.0
2025-2025041520gm-00a9-0000-d292f784-08-s1-d0,97,-10.0,-4.0,6.0
2025-2025041520gm-00a9-0000-d292f784-08-s1-d0,98,-4.0,-4.0,0.0
2025-2025041520gm-00a9-0000-d292f784-08-s1-d0,99,4.0,-4.0,-8.0
2025-2025041520gm-00a9-0000-d292f784-08-s1-d0,100,-4.0,-10.0,-6.0
2025-2025041520gm-00a9-0000-d292f784-08-s1-d0,101,-10.0,-4.0,6.0
2025-2025041520gm-00a9-0000-d292f784-08-s1-d0,102,-10.0,-10.0,0.0
2025-2025041520gm-00a9-0000-d292f784-08-s1-d0,103,4.0,4.0,0.0
2025-2025041520gm-00a9-0000-d292f784-08-s1-d0,104,-10.0,-4.0,6.0
2025-2025041520gm-00a9-0000-d292f784-08-s1-d0,105,-4.0,-4.0,0.0
2025-2025041520gm-00a9-0000-d292f784-08-s1-d0,106,-4.0,-10.0,-6.0
2025-2025041520gm-00a9-0000-d292f784-08-s1-d0,107,4.0,-4.0,-8.0
2025-2025041520gm-00a9-0000-d292f784-08-s1-d0,108,-10.0,-4.0,6.0
2025-2025041520gm-00a9-0000-d292f784-08-s1-d0,109,-4.0,-10.0,-6.0
2025-2025041520gm-00a9-0000-d292f784-08-s1-d0,110,-10.0,-10.0,0.0
2025-2025041520gm-00a9-0000-d292f784-08-s1-d0,111,-10.0,-10.0,0.0
2025-2025041520gm-00a9-0000-d292f784-08-s1-d0,112,-10.0,-10.0,0.0
2025-2025041520gm-00a9-0000-d292f784-08-s1-d0,113,-4.0,-10.0,-6.0
2025-2025041520gm-00a9-0000-d292f784-08-s1-d0,114,-10.0,-4.0,6.0
2025-2025041520gm-00a9-0000-d292f784-08-s1-d0,115,-10.0,4.0,14.0
2025-2025041520gm-00a9-0000-d292f784-08-s1-d0,116,-4.0,-4.0,0.0
2025-2025041520gm-00a9-0000-d292f784-08-s1-d0,117,-4.0,-4.0,0.0
2025-2025041520gm-00a9-0000-d292f784-08-s1-d0,118,-4.0,-4.0,0.0
2025-2025041520gm-00a9-0000-d292f784-08-s1-d0,119,-4.0,-10.0,-6.0
2025-2025041520gm-00a9-0000-d292f784-08-s1-d0,120,-4.0,-4.0,0.0
2025-2025041520gm-00a9-0000-d292f784-08-s1-d0,121,4.0,-10.0,-14.0
2025-2025041520gm-00a9-0000-d292f784-08-s1-d0,122,-4.0,-4.0,0.0
2025-2025041520gm-00a9-0000-d292f784-08-s1-d0,123,4.0,-4.0,-8.0
2025-2025041520gm-00a9-0000-d292f784-08-s1-d0,124,-4.0,-4.0,0.0
2025-2025041520gm-00a9-0000-d292f784-08-s1-d0,125,-4.0,-10.0,-6.0
2025-2025041520gm-00a9-0000-d292f784-08-s1-d0,126,-10.0,-4.0,6.0
2025-2025041520gm-00a9-0000-d292f784-08-s1-d0,127,-10.0,-10.0,0.0
2025-2025041520gm-00a9-0000-d292f784-08-s1-d0,128,-4.0,-4.0,0.0
2025-2025041520gm-00a9-0000-d292f784-08-s1-d0,129,-4.0,-4.0,0.0
2025-2025041520gm-00a9-0000-d292f784-08-s1-d0,130,-10.0,-10.0,0.0
2025-2025041520gm-00a9-0000-d292f784-08-s1-d0,131,-10.0,-4.0,6.0
2025-2025041520gm-00a9-0000-d292f784-08-s1-d0,132,-4.0,-4.0,0.0
2025-2025041520gm-00a9-0000-d292f784-08-s1-d0,133,-10.0,-10.0,0.0
2025-2025041520gm-00a9-0000-d292f784-08-s1-d0,134,-4.0,-4.0,0.0
2025-2025041520gm-00a9-0000-d292f784-08-s1-d0,135,-4.0,-4.0,0.0
2025-2025041520gm-00a9-0000-d292f784-08-s1-d0,136,-10.0,-4.0,6.0
2025-2025041520gm-00a9-0000-d292f784-08-s1-d0,137,-10.0,-10.0,0.0
2025-2025041520gm-00a9-0000-d292f784-08-s1-d0,138,-4.0,-4.0,0.0
2025-2025041520gm-00a9-0000-d292f784-08-s1-d0,139,-10.0,-4.0,6.0
2025-2025041520gm-00a9-0000-d292f784-08-s1-d0,140,-4.0,-4.0,0.0
2025-2025041520gm-00a9-0000-d292f784-08-s1-d0,141,-4.0,-4.0,0.0
2025-2025041520gm-00a9-0000-d292f784-08-s1-d0,142,-10.0,-10.0,0.0
2025-2025041520gm-00a9-0000-d292f784-08-s1-d0,143,-10.0,-4.0,6.0
2025-2025041520gm-00a9-0000-d292f784-08-s1-d0,144,-4.0,-4.0,0.0
2025-2025041520gm-00a9-0000-d292f784-08-s1-d0,145,-4.0,-4.0,0.0
2025-2025041520gm-00a9-0000-d292f784-08-s1-d0,146,4.0,-10.0,-14.0
2025-2025041520gm-00a9-0000-d292f784-08-s1-d0,147,-4.0,-4.0,0.0
2025-2025041520gm-00a9-0000-d292f784-08-s1-d0,148,4.0,-10.0,-14.0
2025-2025041520gm-00a9-0000-d292f784-08-s1-d0,149,-10.0,4.0,14.0
2025-2025041520gm-00a9-0000-d292f784-08-s1-d0,150,-4.0,-10.0,-6.0
2025-2025041520gm-00a9-0000-d292f784-08-s1-d0,151,-10.0,-4.0,6.0
2025-2025041520gm-00a9-0000-d292f784-08-s1-d0,152,-10.0,-10.0,0.0
2025-2025041520gm-00a9-0000-d292f784-08-s1-d0,153,-4.0,-4.0,0.0
2025-2025041520gm-00a9-0000-d292f784-08-s1-d0,154,-4.0,-10.0,-6.0
2025-2025041520gm-00a9-0000-d292f784-08-s1-d0,155,-4.0,-4.0,0.0
2025-2025041520gm-00a9-0000-d292f784-08-s1-d0,156,4.0,-4.0,-8.0
2025-2025041520gm-00a9-0000-d292f784-08-s1-d0,157,4.0,-4.0,-8.0
2025-2025041520gm-00a9-0000-d292f784-08-s1-d0,158,-4.0,4.0,8.0
2025-2025041520gm-00a9-0000-d292f784-08-s1-d0,159,-10.0,-4.0,6.0
2025-2025041520gm-00a9-0000-d292f784-08-s1-d0,160,-4.0,-10.0,-6.0
2025-2025041520gm-00a9-0000-d292f784-08-s1-d0,161,-4.0,-4.0,0.0
2025-2025041520gm-00a9-0000-d292f784-08-s1-d0,162,-10.0,-10.0,0.0
2025-2025041520gm-00a9-0000-d292f784-08-s1-d0,163,-10.0,-4.0,6.0
2025-2025041520gm-00a9-0000-d292f784-08-s1-d0,164,-4.0,-4.0,0.0
2025-2025041520gm-00a9-0000-d292f784-08-s1-d0,165,-10.0,-10.0,0.0
2025-2025041520gm-00a9-0000-d292f784-08-s1-d0,166,-10.0,-4.0,6.0
2025-2025041520gm-00a9-0000-d292f784-08-s1-d0,167,4.0,-4.0,-8.0
2025-2025041520gm-00a9-0000-d292f784-08-s1-d0,168,-4.0,-4.0,0.0
2025-2025041520gm-00a9-0000-d292f784-08-s1-d0,169,-10.0,4.0,14.0
2025-2025041520gm-00a9-0000-d292f784-08-s1-d0,170,4.0,4.0,0.0
2025-2025041520gm-00a9-0000-d292f784-08-s1-d0,171,-10.0,-10.0,0.0
2025-2025041520gm-00a9-0000-d292f784-08-s1-d0,172,-4.0,-4.0,0.0
2025-2025041520gm-00a9-0000-d292f784-08-s1-d0,173,-4.0,-10.0,-6.0
2025-2025041520gm-00a9-0000-d292f784-08-s1-d0,174,-10.0,-4.0,6.0
2025-2025041520gm-00a9-0000-d292f784-08-s1-d0,175,-4.0,-4.0,0.0
2025-2025041520gm-00a9-0000-d292f784-08-s1-d0,176,-4.0,-4.0,0.0
2025-2025041520gm-00a9-0000-d292f784-08-s1-d0,177,-4.0,-4.0,0.0
2025-2025041520gm-00a9-0000-d292f784-08-s1-d0,178,-4.0,4.0,8.0
2025-2025041520gm-00a9-0000-d292f784-08-s1-d0,179,-4.0,-10.0,-6.0
2025-2025041520gm-00a9-0000-d292f784-08-s1-d0,180,-10.0,-4.0,6.0
2025-2025041520gm-00a9-0000-d292f784-08-s1-d0,181,-4.0,-4.0,0.0
2025-2025041520gm-00a9-0000-d292f784-08-s1-d0,182,-4.0,-4.0,0.0
2025-2025041520gm-00a9-0000-d292f784-08-s1-d0,183,-10.0,4.0,14.0
2025-2025041520gm-00a9-0000-d292f784-08-s1-d0,184,-4.0,-4.0,0.0
2025-2025041520gm-00a9-0000-d292f784-08-s1-d0,185,4.0,-10.0,-14.0
2025-2025041520gm-00a9-0000-d292f784-08-s1-d0,186,-10.0,-4.0,6.0
2025-2025041520gm-00a9-0000-d292f784-08-s1-d0,187,4.0,-4.0,-8.0
2025-2025041520gm-00a9-0000-d292f784-08-s1-d0,188,-4.0,-4.0,0.0
2025-2025041520gm-00a9-0000-d292f784-08-s1-d0,189,-4.0,-10.0,-6.0
2025-2025041520gm-00a9-0000-d292f784-08-s1-d0,190,-10.0,-10.0,0.0
2025-2025041520gm-00a9-0000-d292f784-08-s1-d0,191,-10.0,-10.0,0.0
2025-2025041520gm-00a9-0000-d292f784-08-s1-d0,192,-4.0,4.0,8.0
2025-2025041520gm-00a9-0000-d292f784-08-s1-d0,193,-4.0,-10.0,-6.0
2025-2025041520gm-00a9-0000-d292f784-08-s1-d0,194,-4.0,-4.0,0.0
2025-2025041520gm-00a9-0000-d292f784-08-s1-d0,195,-4.0,-4.0,0.0
2025-2025041520gm-00a9-0000-d292f784-08-s1-d0,196,-10.0,-4.0,6.0
2025-2025041520gm-00a9-0000-d292f784-08-s1-d0,197,4.0,-10.0,-14.0
2025-2025041520gm-00a9-0000-d292f784-08-s1-d0,198,-10.0,-4.0,6.0
2025-2025041520gm-00a9-0000-d292f784-08-s1-d0,199,-4.0,-10.0,-6.0
2025-2025041520gm-00a9-0000-d292f784-08-s1-d0,200,4.0,-4.0,-8.0
2025-2025041520gm-00a9-0000-d292f784-08-s1-d0,201,-4.0,-4.0,0.0
2025-2025041520gm-00a9-0000-d292f784-08-s1-d0,202,4.0,4.0,0.0
2025-2025041520gm-00a9-0000-d292f784-08-s1-d0,203,-4.0,-4.0,0.0
2025-2025041520gm-00a9-0000-d292f784-08-s1-d0,204,-4.0,-4.0,0.0
2025-2025041520gm-00a9-0000-d292f784-08-s1-d0,205,-4.0,-4.0,0.0
2025-2025041520gm-00a9-0000-d292f784-08-s1-d0,206,-4.0,-4.0,0.0
2025-2025041520gm-00a9-0000-d292f784-08-s1-d0,207,-4.0,-4.0,0.0
2025-2025041520gm-00a9-0000-d292f784-08-s1-d0,208,-4.0,-4.0,0.0
2025-2025041520gm-00a9-0000-d292f784-08-s1-d0,209,-10.0,-10.0,0.0
2025-2025041520gm-00a9-0000-d292f784-08-s1-d0,210,-10.0,-10.0,0.0
2025-2025041520gm-00a9-0000-d292f784-08-s1-d0,211,-4.0,-4.0,0.0
2025-2025041520gm-00a9-0000-d292f784-08-s1-d0,212,4.0,-4.0,-8.0
2025-2025041520gm-00a9-0000-d292f784-08-s1-d0,213,4.0,-4.0,-8.0
2025-2025041520gm-00a9-0000-d292f784-08-s1-d0,214,-4.0,-4.0,0.0
2025-2025041520gm-00a9-0000-d292f784-08-s1-d0,215,4.0,-4.0,-8.0
2025-2025041520gm-00a9-0000-d292f784-08-s1-d0,216,-4.0,-4.0,0.0
2025-2025041520gm-00a9-0000-d292f784-08-s1-d0,217,-4.0,-4.0,0.0
2025-2025041520gm-00a9-0000-d292f784-08-s1-d0,218,-10.0,-4.0,6.0
2025-2025041520gm-00a9-0000-d292f784-08-s1-d0,219,-4.0,4.0,8.0
2025-2025041520gm-00a9-0000-d292f784-08-s1-d0,220,-4.0,-10.0,-6.0
2025-2025041520gm-00a9-0000-d292f784-08-s1-d0,221,-10.0,-10.0,0.0
2025-2025041520gm-00a9-0000-d292f784-08-s1-d0,222,-10.0,-4.0,6.0
2025-2025041520gm-00a9-0000-d292f784-08-s1-d0,223,-4.0,-10.0,-6.0
2025-2025041520gm-00a9-0000-d292f784-08-s1-d0,224,-10.0,-4.0,6.0
2025-2025041520gm-00a9-0000-d292f784-08-s1-d0,225,-4.0,-4.0,0.0
2025-2025041520gm-00a9-0000-d292f784-08-s1-d0,226,-4.0,-10.0,-6.0
2025-2025041520gm-00a9-0000-d292f784-08-s1-d0,227,-4.0,-4.0,0.0
2025-2025041520gm-00a9-0000-d292f784-08-s1-d0,228,-10.0,-10.0,0.0
2025-2025041520gm-00a9-0000-d292f784-08-s1-d0,229,-4.0,4.0,8.0
2025-2025041520gm-00a9-0000-d292f784-08-s1-d0,230,-10.0,-10.0,0.0
2025-2025041520gm-00a9-0000-d292f784-08-s1-d0,231,-4.0,-4.0,0.0
2025-2025041520gm-00a9-0000-d292f784-08-s1-d0,232,-4.0,-10.0,-6.0
2025-2025041520gm-00a9-0000-d292f784-08-s1-d0,233,-4.0,-10.0,-6.0
2025-2025041520gm-00a9-0000-d292f784-08-s1-d0,234,-4.0,-4.0,0.0
2025-2025041520gm-00a9-0000-d292f784-08-s1-d0,235,-4.0,-4.0,0.0
2025-2025041520gm-00a9-0000-d292f784-08-s1-d0,236,-10.0,-10.0,0.0
2025-2025041520gm-00a9-0000-d292f784-08-s1-d0,237,4.0,4.0,0.0
2025-2025041520gm-00a9-0000-d292f784-08-s1-d0,238,-10.0,-4.0,6.0
2025-2025041520gm-00a9-0000-d292f784-08-s1-d0,239,-10.0,-10.0,0.0
2025-2025041520gm-00a9-0000-d292f784-08-s1-d0,240,-4.0,-4.0,0.0
2025-2025041520gm-00a9-0000-d292f784-08-s1-d0,241,-10.0,-4.0,6.0
2025-2025041520gm-00a9-0000-d292f784-08-s1-d0,242,-4.0,-10.0,-6.0
2025-2025041520gm-00a9-0000-d292f784-08-s1-d0,243,-10.0,4.0,14.0
2025-2025041520gm-00a9-0000-d292f784-08-s1-d0,244,-4.0,-4.0,0.0
2025-2025041520gm-00a9-0000-d292f784-08-s1-d0,245,-4.0,-4.0,0.0
2025-2025041520gm-00a9-0000-d292f784-08-s1-d0,246,-10.0,-4.0,6.0
2025-2025041520gm-00a9-0000-d292f784-08-s1-d0,247,-4.0,-10.0,-6.0
2025-2025041520gm-00a9-0000-d292f784-08-s1-d0,248,-4.0,-4.0,0.0
2025-2025041520gm-00a9-0000-d292f784-08-s1-d0,249,-4.0,4.0,8.0
2025-2025041520gm-00a9-0000-d292f784-08-s1-d0,250,-4.0,-10.0,-6.0
2025-2025041520gm-00a9-0000-d292f784-08-s1-d0,251,-10.0,-4.0,6.0
2025-2025041520gm-00a9-0000-d292f784-08-s1-d0,252,-4.0,-10.0,-6.0
2025-2025041520gm-00a9-0000-d292f784-08-s1-d0,253,4.0,-10.0,-14.0
2025-2025041520gm-00a9-0000-d292f784-08-s1-d0,254,-4.0,-10.0,-6.0
2025-2025041520gm-00a9-0000-d292f784-08-s1-d0,255,-4.0,-4.0,0.0
2024-2024091915gm-00a9-0000-7030187d-08-s1-d0,0,10.0,10.0,0.0
2024-2024091915gm-00a9-0000-7030187d-08-s1-d0,1,4.0,4.0,0.0
2024-2024091915gm-00a9-0000-7030187d-08-s1-d0,2,10.0,10.0,0.0
2024-2024091915gm-00a9-0000-7030187d-08-s1-d0,3,10.0,10.0,0.0
2024-2024091915gm-00a9-0000-7030187d-08-s1-d0,4,10.0,10.0,0.0
2024-2024091915gm-00a9-0000-7030187d-08-s1-d0,5,10.0,10.0,0.0
2024-2024091915gm-00a9-0000-7030187d-08-s1-d0,6,10.0,10.0,0.0
2024-2024091915gm-00a9-0000-7030187d-08-s1-d0,7,10.0,10.0,0.0
2024-2024091915gm-00a9-0000-7030187d-08-s1-d0,8,10.0,10.0,0.0
2024-2024091915gm-00a9-0000-7030187d-08-s1-d0,9,10.0,10.0,0.0
2024-2024091915gm-00a9-0000-7030187d-08-s1-d0,10,10.0,10.0,0.0
2024-2024091915gm-00a9-0000-7030187d-08-s1-d0,11,10.0,10.0,0.0
2024-2024091915gm-00a9-0000-7030187d-08-s1-d0,12,10.0,10.0,0.0
2024-2024091915gm-00a9-0000-7030187d-08-s1-d0,13,10.0,10.0,0.0
2024-2024091915gm-00a9-0000-7030187d-08-s1-d0,14,10.0,10.0,0.0
2024-2024091915gm-00a9-0000-7030187d-08-s1-d0,15,10.0,10.0,0.0
2024-2024091915gm-00a9-0000-7030187d-08-s1-d0,16,10.0,10.0,0.0
2024-2024091915gm-00a9-0000-7030187d-08-s1-d0,17,10.0,10.0,0.0
2024-2024091915gm-00a9-0000-7030187d-08-s1-d0,18,10.0,10.0,0.0
2024-2024091915gm-00a9-0000-7030187d-08-s1-d0,19,10.0,10.0,0.0
2024-2024091915gm-00a9-0000-7030187d-08-s1-d0,20,10.0,10.0,0.0
2024-2024091915gm-00a9-0000-7030187d-08-s1-d0,21,10.0,10.0,0.0
2024-2024091915gm-00a9-0000-7030187d-08-s1-d0,22,10.0,10.0,0.0
2024-2024091915gm-00a9-0000-7030187d-08-s1-d0,23,10.0,10.0,0.0
2024-2024091915gm-00a9-0000-7030187d-08-s1-d0,24,10.0,10.0,0.0
2024-2024091915gm-00a9-0000-7030187d-08-s1-d0,25,10.0,10.0,0.0
2024-2024091915gm-00a9-0000-7030187d-08-s1-d0,26,10.0,10.0,0.0
2024-2024091915gm-00a9-0000-7030187d-08-s1-d0,27,10.0,10.0,0.0
2024-2024091915gm-00a9-0000-7030187d-08-s1-d0,28,10.0,10.0,0.0
2024-2024091915gm-00a9-0000-7030187d-08-s1-d0,29,10.0,10.0,0.0
2024-2024091915gm-00a9-0000-7030187d-08-s1-d0,30,10.0,10.0,0.0
2024-2024091915gm-00a9-0000-7030187d-08-s1-d0,31,10.0,10.0,0.0
2024-2024091915gm-00a9-0000-7030187d-08-s1-d0,32,10.0,10.0,0.0
2024-2024091915gm-00a9-0000-7030187d-08-s1-d0,33,10.0,10.0,0.0
2024-2024091915gm-00a9-0000-7030187d-08-s1-d0,34,10.0,10.0,0.0
2024-2024091915gm-00a9-0000-7030187d-08-s1-d0,35,10.0,10.0,0.0
2024-2024091915gm-00a9-0000-7030187d-08-s1-d0,36,10.0,10.0,0.0
2024-2024091915gm-00a9-0000-7030187d-08-s1-d0,37,10.0,10.0,0.0
2024-2024091915gm-00a9-0000-7030187d-08-s1-d0,38,10.0,10.0,0.0
2024-2024091915gm-00a9-0000-7030187d-08-s1-d0,39,10.0,10.0,0.0
2024-2024091915gm-00a9-0000-7030187d-08-s1-d0,40,10.0,10.0,0.0
2024-2024091915gm-00a9-0000-7030187d-08-s1-d0,41,10.0,10.0,0.0
2024-2024091915gm-00a9-0000-7030187d-08-s1-d0,42,10.0,10.0,0.0
2024-2024091915gm-00a9-0000-7030187d-08-s1-d0,43,-4.0,10.0,14.0
2024-2024091915gm-00a9-0000-7030187d-08-s1-d0,44,10.0,10.0,0.0
2024-2024091915gm-00a9-0000-7030187d-08-s1-d0,45,10.0,10.0,0.0
2024-2024091915gm-00a9-0000-7030187d-08-s1-d0,46,10.0,10.0,0.0
2024-2024091915gm-00a9-0000-7030187d-08-s1-d0,47,10.0,10.0,0.0
2024-2024091915gm-00a9-0000-7030187d-08-s1-d0,48,10.0,10.0,0.0
2024-2024091915gm-00a9-0000-7030187d-08-s1-d0,49,10.0,10.0,0.0
2024-2024091915gm-00a9-0000-7030187d-08-s1-d0,50,10.0,10.0,0.0
2024-2024091915gm-00a9-0000-7030187d-08-s1-d0,51,10.0,10.0,0.0
2024-2024091915gm-00a9-0000-7030187d-08-s1-d0,52,10.0,10.0,0.0
2024-2024091915gm-00a9-0000-7030187d-08-s1-d0,53,10.0,10.0,0.0
2024-2024091915gm-00a9-0000-7030187d-08-s1-d0,54,10.0,-4.0,-14.0
2024-2024091915gm-00a9-0000-7030187d-08-s1-d0,55,10.0,10.0,0.0
2024-2024091915gm-00a9-0000-7030187d-08-s1-d0,56,10.0,10.0,0.0
2024-2024091915gm-00a9-0000-7030187d-08-s1-d0,57,10.0,10.0,0.0
2024-2024091915gm-00a9-0000-7030187d-08-s1-d0,58,10.0,4.0,-6.0
2024-2024091915gm-00a9-0000-7030187d-08-s1-d0,59,10.0,10.0,0.0
2024-2024091915gm-00a9-0000-7030187d-08-s1-d0,60,10.0,10.0,0.0
2024-2024091915gm-00a9-0000-7030187d-08-s1-d0,61,10.0,10.0,0.0
2024-2024091915gm-00a9-0000-7030187d-08-s1-d0,62,10.0,10.0,0.0
2024-2024091915gm-00a9-0000-7030187d-08-s1-d0,63,10.0,10.0,0.0
2024-2024091915gm-00a9-0000-7030187d-08-s1-d0,64,10.0,10.0,0.0
2024-2024091915gm-00a9-0000-7030187d-08-s1-d0,65,10.0,10.0,0.0
2024-2024091915gm-00a9-0000-7030187d-08-s1-d0,66,10.0,10.0,0.0
2024-2024091915gm-00a9-0000-7030187d-08-s1-d0,67,10.0,10.0,0.0
2024-2024091915gm-00a9-0000-7030187d-08-s1-d0,68,4.0,10.0,6.0
2024-2024091915gm-00a9-0000-7030187d-08-s1-d0,69,10.0,10.0,0.0
2024-2024091915gm-00a9-0000-7030187d-08-s1-d0,70,10.0,10.0,0.0
2024-2024091915gm-00a9-0000-7030187d-08-s1-d0,71,10.0,10.0,0.0
2024-2024091915gm-00a9-0000-7030187d-08-s1-d0,72,10.0,10.0,0.0
2024-2024091915gm-00a9-0000-7030187d-08-s1-d0,73,10.0,10.0,0.0
2024-2024091915gm-00a9-0000-7030187d-08-s1-d0,74,10.0,10.0,0.0
2024-2024091915gm-00a9-0000-7030187d-08-s1-d0,75,10.0,10.0,0.0
2024-2024091915gm-00a9-0000-7030187d-08-s1-d0,76,10.0,10.0,0.0
2024-2024091915gm-00a9-0000-7030187d-08-s1-d0,77,10.0,10.0,0.0
2024-2024091915gm-00a9-0000-7030187d-08-s1-d0,78,10.0,10.0,0.0
2024-2024091915gm-00a9-0000-7030187d-08-s1-d0,79,10.0,10.0,0.0
2024-2024091915gm-00a9-0000-7030187d-08-s1-d0,80,10.0,10.0,0.0
2024-2024091915gm-00a9-0000-7030187d-08-s1-d0,81,10.0,10.0,0.0
2024-2024091915gm-00a9-0000-7030187d-08-s1-d0,82,10.0,10.0,0.0
2024-2024091915gm-00a9-0000-7030187d-08-s1-d0,83,10.0,10.0,0.0
2024-2024091915gm-00a9-0000-7030187d-08-s1-d0,84,10.0,10.0,0.0
2024-2024091915gm-00a9-0000-7030187d-08-s1-d0,85,4.0,4.0,0.0
2024-2024091915gm-00a9-0000-7030187d-08-s1-d0,86,10.0,10.0,0.0
2024-2024091915gm-00a9-0000-7030187d-08-s1-d0,87,10.0,10.0,0.0
2024-2024091915gm-00a9-0000-7030187d-08-s1-d0,88,10.0,4.0,-6.0
2024-2024091915gm-00a9-0000-7030187d-08-s1-d0,89,10.0,10.0,0.0
2024-2024091915gm-00a9-0000-7030187d-08-s1-d0,90,10.0,10.0,0.0
2024-2024091915gm-00a9-0000-7030187d-08-s1-d0,91,10.0,10.0,0.0
2024-2024091915gm-00a9-0000-7030187d-08-s1-d0,92,10.0,10.0,0.0
2024-2024091915gm-00a9-0000-7030187d-08-s1-d0,93,10.0,10.0,0.0
2024-2024091915gm-00a9-0000-7030187d-08-s1-d0,94,10.0,10.0,0.0
2024-2024091915gm-00a9-0000-7030187d-08-s1-d0,95,10.0,10.0,0.0
2024-2024091915gm-00a9-0000-7030187d-08-s1-d0,96,10.0,10.0,0.0
2024-2024091915gm-00a9-0000-7030187d-08-s1-d0,97,10.0,10.0,0.0
2024-2024091915gm-00a9-0000-7030187d-08-s1-d0,98,10.0,10.0,0.0
2024-2024091915gm-00a9-0000-7030187d-08-s1-d0,99,10.0,10.0,0.0
2024-2024091915gm-00a9-0000-7030187d-08-s1-d0,100,10.0,10.0,0.0
2024-2024091915gm-00a9-0000-7030187d-08-s1-d0,101,10.0,10.0,0.0
2024-2024091915gm-00a9-0000-7030187d-08-s1-d0,102,10.0,10.0,0.0
2024-2024091915gm-00a9-0000-7030187d-08-s1-d0,103,10.0,10.0,0.0
2024-2024091915gm-00a9-0000-7030187d-08-s1-d0,104,10.0,10.0,0.0
2024-2024091915gm-00a9-0000-7030187d-08-s1-d0,105,10.0,10.0,0.0
2024-2024091915gm-00a9-0000-7030187d-08-s1-d0,106,10.0,10.0,0.0
2024-2024091915gm-00a9-0000-7030187d-08-s1-d0,107,10.0,10.0,0.0
2024-2024091915gm-00a9-0000-7030187d-08-s1-d0,108,10.0,10.0,0.0
2024-2024091915gm-00a9-0000-7030187d-08-s1-d0,109,10.0,10.0,0.0
2024-2024091915gm-00a9-0000-7030187d-08-s1-d0,110,10.0,10.0,0.0
2024-2024091915gm-00a9-0000-7030187d-08-s1-d0,111,10.0,10.0,0.0
2024-2024091915gm-00a9-0000-7030187d-08-s1-d0,112,10.0,10.0,0.0
2024-2024091915gm-00a9-0000-7030187d-08-s1-d0,113,10.0,10.0,0.0
2024-2024091915gm-00a9-0000-7030187d-08-s1-d0,114,10.0,10.0,0.0
2024-2024091915gm-00a9-0000-7030187d-08-s1-d0,115,10.0,10.0,0.0
2024-2024091915gm-00a9-0000-7030187d-08-s1-d0,116,10.0,10.0,0.0
2024-2024091915gm-00a9-0000-7030187d-08-s1-d0,117,10.0,10.0,0.0
2024-2024091915gm-00a9-0000-7030187d-08-s1-d0,118,10.0,10.0,0.0
2024-2024091915gm-00a9-0000-7030187d-08-s1-d0,119,10.0,10.0,0.0
2024-2024091915gm-00a9-0000-7030187d-08-s1-d0,120,10.0,10.0,0.0
2024-2024091915gm-00a9-0000-7030187d-08-s1-d0,121,10.0,10.0,0.0
2024-2024091915gm-00a9-0000-7030187d-08-s1-d0,122,10.0,10.0,0.0
2024-2024091915gm-00a9-0000-7030187d-08-s1-d0,123,10.0,10.0,0.0
2024-2024091915gm-00a9-0000-7030187d-08-s1-d0,124,10.0,10.0,0.0
2024-2024091915gm-00a9-0000-7030187d-08-s1-d0,125,10.0,10.0,0.0
2024-2024091915gm-00a9-0000-7030187d-08-s1-d0,126,10.0,10.0,0.0
2024-2024091915gm-00a9-0000-7030187d-08-s1-d0,127,10.0,4.0,-6.0
2024-2024091915gm-00a9-0000-7030187d-08-s1-d0,128,10.0,10.0,0.0
2024-2024091915gm-00a9-0000-7030187d-08-s1-d0,129,10.0,10.0,0.0
2024-2024091915gm-00a9-0000-7030187d-08-s1-d0,130,10.0,10.0,0.0
2024-2024091915gm-00a9-0000-7030187d-08-s1-d0,131,10.0,10.0,0.0
2024-2024091915gm-00a9-0000-7030187d-08-s1-d0,132,10.0,10.0,0.0
2024-2024091915gm-00a9-0000-7030187d-08-s1-d0,133,10.0,10.0,0.0
2024-2024091915gm-00a9-0000-7030187d-08-s1-d0,134,10.0,10.0,0.0
2024-2024091915gm-00a9-0000-7030187d-08-s1-d0,135,10.0,10.0,0.0
2024-2024091915gm-00a9-0000-7030187d-08-s1-d0,136,10.0,10.0,0.0
2024-2024091915gm-00a9-0000-7030187d-08-s1-d0,137,10.0,10.0,0.0
2024-2024091915gm-00a9-0000-7030187d-08-s1-d0,138,4.0,10.0,6.0
2024-2024091915gm-00a9-0000-7030187d-08-s1-d0,139,10.0,10.0,0.0
2024-2024091915gm-00a9-0000-7030187d-08-s1-d0,140,10.0,10.0,0.0
2024-2024091915gm-00a9-0000-7030187d-08-s1-d0,141,10.0,4.0,-6.0
2024-2024091915gm-00a9-0000-7030187d-08-s1-d0,142,10.0,10.0,0.0
2024-2024091915gm-00a9-0000-7030187d-08-s1-d0,143,10.0,10.0,0.0
2024-2024091915gm-00a9-0000-7030187d-08-s1-d0,144,10.0,10.0,0.0
2024-2024091915gm-00a9-0000-7030187d-08-s1-d0,145,10.0,10.0,0.0
2024-2024091915gm-00a9-0000-7030187d-08-s1-d0,146,10.0,10.0,0.0
2024-2024091915gm-00a9-0000-7030187d-08-s1-d0,147,10.0,10.0,0.0
2024-2024091915gm-00a9-0000-7030187d-08-s1-d0,148,10.0,10.0,0.0
2024-2024091915gm-00a9-0000-7030187d-08-s1-d0,149,10.0,10.0,0.0
2024-2024091915gm-00a9-0000-7030187d-08-s1-d0,150,10.0,10.0,0.0
2024-2024091915gm-00a9-0000-7030187d-08-s1-d0,151,10.0,10.0,0.0
2024-2024091915gm-00a9-0000-7030187d-08-s1-d0,152,10.0,10.0,0.0
2024-2024091915gm-00a9-0000-7030187d-08-s1-d0,153,10.0,10.0,0.0
2024-2024091915gm-00a9-0000-7030187d-08-s1-d0,154,10.0,10.0,0.0
2024-2024091915gm-00a9-0000-7030187d-08-s1-d0,155,10.0,10.0,0.0
2024-2024091915gm-00a9-0000-7030187d-08-s1-d0,156,10.0,10.0,0.0
2024-2024091915gm-00a9-0000-7030187d-08-s1-d0,157,10.0,10.0,0.0
2024-2024091915gm-00a9-0000-7030187d-08-s1-d0,158,10.0,10.0,0.0
2024-2024091915gm-00a9-0000-7030187d-08-s1-d0,159,10.0,10.0,0.0
2024-2024091915gm-00a9-0000-7030187d-08-s1-d0,160,10.0,10.0,0.0
2024-2024091915gm-00a9-0000-7030187d-08-s1-d0,161,10.0,10.0,0.0
2024-2024091915gm-00a9-0000-7030187d-08-s1-d0,162,10.0,10.0,0.0
2024-2024091915gm-00a9-0000-7030187d-08-s1-d0,163,10.0,4.0,-6.0
2024-2024091915gm-00a9-0000-7030187d-08-s1-d0,164,10.0,10.0,0.0
2024-2024091915gm-00a9-0000-7030187d-08-s1-d0,165,10.0,10.0,0.0
2024-2024091915gm-00a9-0000-7030187d-08-s1-d0,166,10.0,10.0,0.0
2024-2024091915gm-00a9-0000-7030187d-08-s1-d0,167,10.0,10.0,0.0
2024-2024091915gm-00a9-0000-7030187d-08-s1-d0,168,10.0,10.0,0.0
2024-2024091915gm-00a9-0000-7030187d-08-s1-d0,169,10.0,10.0,0.0
2024-2024091915gm-00a9-0000-7030187d-08-s1-d0,170,10.0,10.0,0.0
2024-2024091915gm-00a9-0000-7030187d-08-s1-d0,171,10.0,10.0,0.0
2024-2024091915gm-00a9-0000-7030187d-08-s1-d0,172,10.0,10.0,0.0
2024-2024091915gm-00a9-0000-7030187d-08-s1-d0,173,10.0,10.0,0.0
2024-2024091915gm-00a9-0000-7030187d-08-s1-d0,174,10.0,10.0,0.0
2024-2024091915gm-00a9-0000-7030187d-08-s1-d0,175,10.0,10.0,0.0
2024-2024091915gm-00a9-0000-7030187d-08-s1-d0,176,10.0,10.0,0.0
2024-2024091915gm-00a9-0000-7030187d-08-s1-d0,177,10.0,10.0,0.0
2024-2024091915gm-00a9-0000-7030187d-08-s1-d0,178,10.0,10.0,0.0
2024-2024091915gm-00a9-0000-7030187d-08-s1-d0,179,10.0,10.0,0.0
2024-2024091915gm-00a9-0000-7030187d-08-s1-d0,180,10.0,10.0,0.0
2024-2024091915gm-00a9-0000-7030187d-08-s1-d0,181,10.0,10.0,0.0
2024-2024091915gm-00a9-0000-7030187d-08-s1-d0,182,10.0,10.0,0.0
2024-2024091915gm-00a9-0000-7030187d-08-s1-d0,183,10.0,10.0,0.0
2024-2024091915gm-00a9-0000-7030187d-08-s1-d0,184,10.0,10.0,0.0
2024-2024091915gm-00a9-0000-7030187d-08-s1-d0,185,10.0,10.0,0.0
2024-2024091915gm-00a9-0000-7030187d-08-s1-d0,186,10.0,10.0,0.0
2024-2024091915gm-00a9-0000-7030187d-08-s1-d0,187,10.0,10.0,0.0
2024-2024091915gm-00a9-0000-7030187d-08-s1-d0,188,10.0,10.0,0.0
2024-2024091915gm-00a9-0000-7030187d-08-s1-d0,189,10.0,10.0,0.0
2024-2024091915gm-00a9-0000-7030187d-08-s1-d0,190,10.0,10.0,0.0
2024-2024091915gm-00a9-0000-7030187d-08-s1-d0,191,10.0,10.0,0.0
2024-2024091915gm-00a9-0000-7030187d-08-s1-d0,192,10.0,10.0,0.0
2024-2024091915gm-00a9-0000-7030187d-08-s1-d0,193,10.0,10.0,0.0
2024-2024091915gm-00a9-0000-7030187d-08-s1-d0,194,10.0,10.0,0.0
2024-2024091915gm-00a9-0000-7030187d-08-s1-d0,195,10.0,10.0,0.0
2024-2024091915gm-00a9-0000-7030187d-08-s1-d0,196,10.0,10.0,0.0
2024-2024091915gm-00a9-0000-7030187d-08-s1-d0,197,10.0,10.0,0.0
2024-2024091915gm-00a9-0000-7030187d-08-s1-d0,198,10.0,10.0,0.0
2024-2024091915gm-00a9-0000-7030187d-08-s1-d0,199,10.0,10.0,0.0
2024-2024091915gm-00a9-0000-7030187d-08-s1-d0,200,10.0,10.0,0.0
2024-2024091915gm-00a9-0000-7030187d-08-s1-d0,201,10.0,10.0,0.0
2024-2024091915gm-00a9-0000-7030187d-08-s1-d0,202,10.0,10.0,0.0
2024-2024091915gm-00a9-0000-7030187d-08-s1-d0,203,10.0,10.0,0.0
2024-2024091915gm-00a9-0000-7030187d-08-s1-d0,204,10.0,10.0,0.0
2024-2024091915gm-00a9-0000-7030187d-08-s1-d0,205,10.0,10.0,0.0
2024-2024091915gm-00a9-0000-7030187d-08-s1-d0,206,10.0,10.0,0.0
2024-2024091915gm-00a9-0000-7030187d-08-s1-d0,207,10.0,10.0,0.0
2024-2024091915gm-00a9-0000-7030187d-08-s1-d0,208,10.0,10.0,0.0
2024-2024091915gm-00a9-0000-7030187d-08-s1-d0,209,10.0,10.0,0.0
2024-2024091915gm-00a9-0000-7030187d-08-s1-d0,210,10.0,10.0,0.0
2024-2024091915gm-00a9-0000-7030187d-08-s1-d0,211,10.0,10.0,0.0
2024-2024091915gm-00a9-0000-7030187d-08-s1-d0,212,10.0,10.0,0.0
2024-2024091915gm-00a9-0000-7030187d-08-s1-d0,213,4.0,10.0,6.0
2024-2024091915gm-00a9-0000-7030187d-08-s1-d0,214,10.0,10.0,0.0
2024-2024091915gm-00a9-0000-7030187d-08-s1-d0,215,10.0,10.0,0.0
2024-2024091915gm-00a9-0000-7030187d-08-s1-d0,216,10.0,10.0,0.0
2024-2024091915gm-00a9-0000-7030187d-08-s1-d0,217,10.0,10.0,0.0
2024-2024091915gm-00a9-0000-7030187d-08-s1-d0,218,10.0,10.0,0.0
2024-2024091915gm-00a9-0000-7030187d-08-s1-d0,219,10.0,10.0,0.0
2024-2024091915gm-00a9-0000-7030187d-08-s1-d0,220,10.0,10.0,0.0
2024-2024091915gm-00a9-0000-7030187d-08-s1-d0,221,10.0,10.0,0.0
2024-2024091915gm-00a9-0000-7030187d-08-s1-d0,222,10.0,10.0,0.0
2024-2024091915gm-00a9-0000-7030187d-08-s1-d0,223,10.0,10.0,0.0
2024-2024091915gm-00a9-0000-7030187d-08-s1-d0,224,10.0,10.0,0.0
2024-2024091915gm-00a9-0000-7030187d-08-s1-d0,225,10.0,10.0,0.0
2024-2024091915gm-00a9-0000-7030187d-08-s1-d0,226,10.0,10.0,0.0
2024-2024091915gm-00a9-0000-7030187d-08-s1-d0,227,10.0,10.0,0.0
2024-2024091915gm-00a9-0000-7030187d-08-s1-d0,228,10.0,10.0,0.0
2024-2024091915gm-00a9-0000-7030187d-08-s1-d0,229,10.0,10.0,0.0
2024-2024091915gm-00a9-0000-7030187d-08-s1-d0,230,10.0,10.0,0.0
2024-2024091915gm-00a9-0000-7030187d-08-s1-d0,231,10.0,10.0,0.0
2024-2024091915gm-00a9-0000-7030187d-08-s1-d0,232,10.0,10.0,0.0
2024-2024091915gm-00a9-0000-7030187d-08-s1-d0,233,10.0,10.0,0.0
2024-2024091915gm-00a9-0000-7030187d-08-s1-d0,234,10.0,10.0,0.0
2024-2024091915gm-00a9-0000-7030187d-08-s1-d0,235,4.0,10.0,6.0
2024-2024091915gm-00a9-0000-7030187d-08-s1-d0,236,10.0,10.0,0.0
2024-2024091915gm-00a9-0000-7030187d-08-s1-d0,237,10.0,10.0,0.0
2024-2024091915gm-00a9-0000-7030187d-08-s1-d0,238,10.0,10.0,0.0
2024-2024091915gm-00a9-0000-7030187d-08-s1-d0,239,10.0,10.0,0.0
2024-2024091915gm-00a9-0000-7030187d-08-s1-d0,240,10.0,10.0,0.0
2024-2024091915gm-00a9-0000-7030187d-08-s1-d0,241,4.0,10.0,6.0
2024-2024091915gm-00a9-0000-7030187d-08-s1-d0,242,10.0,10.0,0.0
2024-2024091915gm-00a9-0000-7030187d-08-s1-d0,243,10.0,10.0,0.0
2024-2024091915gm-00a9-0000-7030187d-08-s1-d0,244,10.0,10.0,0.0
2024-2024091915gm-00a9-0000-7030187d-08-s1-d0,245,10.0,10.0,0.0
2024-2024091915gm-00a9-0000-7030187d-08-s1-d0,246,10.0,10.0,0.0
2024-2024091915gm-00a9-0000-7030187d-08-s1-d0,247,10.0,4.0,-6.0
2024-2024091915gm-00a9-0000-7030187d-08-s1-d0,248,10.0,10.0,0.0
2024-2024091915gm-00a9-0000-7030187d-08-s1-d0,249,10.0,10.0,0.0
2024-2024091915gm-00a9-0000-7030187d-08-s1-d0,250,10.0,10.0,0.0
2024-2024091915gm-00a9-0000-7030187d-08-s1-d0,251,10.0,10.0,0.0
2024-2024091915gm-00a9-0000-7030187d-08-s1-d0,252,10.0,10.0,0.0
2024-2024091915gm-00a9-0000-7030187d-08-s1-d0,253,10.0,10.0,0.0
2024-2024091915gm-00a9-0000-7030187d-08-s1-d0,254,10.0,10.0,0.0
2024-2024091915gm-00a9-0000-7030187d-08-s1-d0,255,10.0,10.0,0.0
2024-2024092013gm-00a9-0000-9cd6d54a-08-s3-d12,0,-4.0,-4.0,0.0
2024-2024092013gm-00a9-0000-9cd6d54a-08-s3-d12,1,-4.0,-4.0,0.0
2024-2024092013gm-00a9-0000-9cd6d54a-08-s3-d12,2,-4.0,-4.0,0.0
2024-2024092013gm-00a9-0000-9cd6d54a-08-s3-d12,3,-10.0,-10.0,0.0
2024-2024092013gm-00a9-0000-9cd6d54a-08-s3-d12,4,-4.0,-4.0,0.0
2024-2024092013gm-00a9-0000-9cd6d54a-08-s3-d12,5,4.0,-4.0,-8.0
2024-2024092013gm-00a9-0000-9cd6d54a-08-s3-d12,6,-4.0,-4.0,0.0
2024-2024092013gm-00a9-0000-9cd6d54a-08-s3-d12,7,-10.0,-4.0,6.0
2024-2024092013gm-00a9-0000-9cd6d54a-08-s3-d12,8,-4.0,-10.0,-6.0
2024-2024092013gm-00a9-0000-9cd6d54a-08-s3-d12,9,-10.0,-4.0,6.0
2024-2024092013gm-00a9-0000-9cd6d54a-08-s3-d12,10,-4.0,-4.0,0.0
2024-2024092013gm-00a9-0000-9cd6d54a-08-s3-d12,11,-10.0,-10.0,0.0
2024-2024092013gm-00a9-0000-9cd6d54a-08-s3-d12,12,-10.0,-10.0,0.0
2024-2024092013gm-00a9-0000-9cd6d54a-08-s3-d12,13,4.0,10.0,6.0
2024-2024092013gm-00a9-0000-9cd6d54a-08-s3-d12,14,-4.0,-4.0,0.0
2024-2024092013gm-00a9-0000-9cd6d54a-08-s3-d12,15,-10.0,-10.0,0.0
2024-2024092013gm-00a9-0000-9cd6d54a-08-s3-d12,16,-10.0,-10.0,0.0
2024-2024092013gm-00a9-0000-9cd6d54a-08-s3-d12,17,-10.0,-10.0,0.0
2024-2024092013gm-00a9-0000-9cd6d54a-08-s3-d12,18,-4.0,-4.0,0.0
2024-2024092013gm-00a9-0000-9cd6d54a-08-s3-d12,19,-4.0,-4.0,0.0
2024-2024092013gm-00a9-0000-9cd6d54a-08-s3-d12,20,-4.0,-4.0,0.0
2024-2024092013gm-00a9-0000-9cd6d54a-08-s3-d12,21,-10.0,-10.0,0.0
2024-2024092013gm-00a9-0000-9cd6d54a-08-s3-d12,22,-4.0,-4.0,0.0
2024-2024092013gm-00a9-0000-9cd6d54a-08-s3-d12,23,-10.0,-10.0,0.0
2024-2024092013gm-00a9-0000-9cd6d54a-08-s3-d12,24,-10.0,-10.0,0.0
2024-2024092013gm-00a9-0000-9cd6d54a-08-s3-d12,25,-10.0,-4.0,6.0
2024-2024092013gm-00a9-0000-9cd6d54a-08-s3-d12,26,-10.0,-4.0,6.0
2024-2024092013gm-00a9-0000-9cd6d54a-08-s3-d12,27,-10.0,-4.0,6.0
2024-2024092013gm-00a9-0000-9cd6d54a-08-s3-d12,28,-4.0,-10.0,-6.0
2024-2024092013gm-00a9-0000-9cd6d54a-08-s3-d12,29,-4.0,-4.0,0.0
2024-2024092013gm-00a9-0000-9cd6d54a-08-s3-d12,30,-4.0,-4.0,0.0
2024-2024092013gm-00a9-0000-9cd6d54a-08-s3-d12,31,-4.0,-4.0,0.0
2024-2024092013gm-00a9-0000-9cd6d54a-08-s3-d12,32,-4.0,-10.0,-6.0
2024-2024092013gm-00a9-0000-9cd6d54a-08-s3-d12,33,-10.0,-10.0,0.0
2024-2024092013gm-00a9-0000-9cd6d54a-08-s3-d12,34,-4.0,-4.0,0.0
2024-2024092013gm-00a9-0000-9cd6d54a-08-s3-d12,35,-4.0,-4.0,0.0
2024-2024092013gm-00a9-0000-9cd6d54a-08-s3-d12,36,-4.0,-4.0,0.0
2024-2024092013gm-00a9-0000-9cd6d54a-08-s3-d12,37,-4.0,-4.0,0.0
2024-2024092013gm-00a9-0000-9cd6d54a-08-s3-d12,38,-10.0,-10.0,0.0
2024-2024092013gm-00a9-0000-9cd6d54a-08-s3-d12,39,10.0,10.0,0.0
2024-2024092013gm-00a9-0000-9cd6d54a-08-s3-d12,40,-10.0,-10.0,0.0
2024-2024092013gm-00a9-0000-9cd6d54a-08-s3-d12,41,-4.0,-10.0,-6.0
2024-2024092013gm-00a9-0000-9cd6d54a-08-s3-d12,42,-4.0,-4.0,0.0
2024-2024092013gm-00a9-0000-9cd6d54a-08-s3-d12,43,-4.0,-4.0,0.0
2024-2024092013gm-00a9-0000-9cd6d54a-08-s3-d12,44,4.0,-4.0,-8.0
2024-2024092013gm-00a9-0000-9cd6d54a-08-s3-d12,45,-4.0,-4.0,0.0
2024-2024092013gm-00a9-0000-9cd6d54a-08-s3-d12,46,4.0,-4.0,-8.0
2024-2024092013gm-00a9-0000-9cd6d54a-08-s3-d12,47,-4.0,-4.0,0.0
2024-2024092013gm-00a9-0000-9cd6d54a-08-s3-d12,48,-4.0,-4.0,0.0
2024-2024092013gm-00a9-0000-9cd6d54a-08-s3-d12,49,-4.0,-4.0,0.0
2024-2024092013gm-00a9-0000-9cd6d54a-08-s3-d12,50,-10.0,-4.0,6.0
2024-2024092013gm-00a9-0000-9cd6d54a-08-s3-d12,51,4.0,10.0,6.0
2024-2024092013gm-00a9-0000-9cd6d54a-08-s3-d12,52,-4.0,-4.0,0.0
2024-2024092013gm-00a9-0000-9cd6d54a-08-s3-d12,53,-10.0,-10.0,0.0
2024-2024092013gm-00a9-0000-9cd6d54a-08-s3-d12,54,-4.0,-10.0,-6.0
2024-2024092013gm-00a9-0000-9cd6d54a-08-s3-d12,55,-4.0,-4.0,0.0
2024-2024092013gm-00a9-0000-9cd6d54a-08-s3-d12,56,-4.0,-4.0,0.0
2024-2024092013gm-00a9-0000-9cd6d54a-08-s3-d12,57,-4.0,-4.0,0.0
2024-2024092013gm-00a9-0000-9cd6d54a-08-s3-d12,58,-4.0,-10.0,-6.0
2024-2024092013gm-00a9-0000-9cd6d54a-08-s3-d12,59,-4.0,-4.0,0.0
2024-2024092013gm-00a9-0000-9cd6d54a-08-s3-d12,60,-4.0,-4.0,0.0
2024-2024092013gm-00a9-0000-9cd6d54a-08-s3-d12,61,-4.0,-4.0,0.0
2024-2024092013gm-00a9-0000-9cd6d54a-08-s3-d12,62,4.0,-4.0,-8.0
2024-2024092013gm-00a9-0000-9cd6d54a-08-s3-d12,63,-10.0,-10.0,0.0
2024-2024092013gm-00a9-0000-9cd6d54a-08-s3-d12,64,-4.0,-10.0,-6.0
2024-2024092013gm-00a9-0000-9cd6d54a-08-s3-d12,65,-4.0,-4.0,0.0
2024-2024092013gm-00a9-0000-9cd6d54a-08-s3-d12,66,-10.0,-10.0,0.0
2024-2024092013gm-00a9-0000-9cd6d54a-08-s3-d12,67,-10.0,-10.0,0.0
2024-2024092013gm-00a9-0000-9cd6d54a-08-s3-d12,68,-4.0,-10.0,-6.0
2024-2024092013gm-00a9-0000-9cd6d54a-08-s3-d12,69,-4.0,-4.0,0.0
2024-2024092013gm-00a9-0000-9cd6d54a-08-s3-d12,70,-10.0,-10.0,0.0
2024-2024092013gm-00a9-0000-9cd6d54a-08-s3-d12,71,-4.0,-10.0,-6.0
2024-2024092013gm-00a9-0000-9cd6d54a-08-s3-d12,72,-4.0,-4.0,0.0
2024-2024092013gm-00a9-0000-9cd6d54a-08-s3-d12,73,-10.0,-10.0,0.0
2024-2024092013gm-00a9-0000-9cd6d54a-08-s3-d12,74,-4.0,-4.0,0.0
2024-2024092013gm-00a9-0000-9cd6d54a-08-s3-d12,75,-4.0,-4.0,0.0
2024-2024092013gm-00a9-0000-9cd6d54a-08-s3-d12,76,-10.0,-10.0,0.0
2024-2024092013gm-00a9-0000-9cd6d54a-08-s3-d12,77,-10.0,-10.0,0.0
2024-2024092013gm-00a9-0000-9cd6d54a-08-s3-d12,78,-4.0,-4.0,0.0
2024-2024092013gm-00a9-0000-9cd6d54a-08-s3-d12,79,-4.0,-4.0,0.0
2024-2024092013gm-00a9-0000-9cd6d54a-08-s3-d12,80,-10.0,-10.0,0.0
2024-2024092013gm-00a9-0000-9cd6d54a-08-s3-d12,81,-4.0,-4.0,0.0
2024-2024092013gm-00a9-0000-9cd6d54a-08-s3-d12,82,-4.0,-4.0,0.0
2024-2024092013gm-00a9-0000-9cd6d54a-08-s3-d12,83,-10.0,-4.0,6.0
2024-2024092013gm-00a9-0000-9cd6d54a-08-s3-d12,84,-10.0,-10.0,0.0
2024-2024092013gm-00a9-0000-9cd6d54a-08-s3-d12,85,-10.0,-10.0,0.0
2024-2024092013gm-00a9-0000-9cd6d54a-08-s3-d12,86,-10.0,-4.0,6.0
2024-2024092013gm-00a9-0000-9cd6d54a-08-s3-d12,87,-4.0,-4.0,0.0
2024-2024092013gm-00a9-0000-9cd6d54a-08-s3-d12,88,-4.0,-4.0,0.0
2024-2024092013gm-00a9-0000-9cd6d54a-08-s3-d12,89,-10.0,-10.0,0.0
2024-2024092013gm-00a9-0000-9cd6d54a-08-s3-d12,90,-4.0,-10.0,-6.0
2024-2024092013gm-00a9-0000-9cd6d54a-08-s3-d12,91,-4.0,-4.0,0.0
2024-2024092013gm-00a9-0000-9cd6d54a-08-s3-d12,92,-10.0,-4.0,6.0
2024-2024092013gm-00a9-0000-9cd6d54a-08-s3-d12,93,-4.0,-4.0,0.0
2024-2024092013gm-00a9-0000-9cd6d54a-08-s3-d12,94,-10.0,-10.0,0.0
2024-2024092013gm-00a9-0000-9cd6d54a-08-s3-d12,95,-4.0,-4.0,0.0
2024-2024092013gm-00a9-0000-9cd6d54a-08-s3-d12,96,-4.0,-4.0,0.0
2024-2024092013gm-00a9-0000-9cd6d54a-08-s3-d12,97,-4.0,-4.0,0.0
2024-2024092013gm-00a9-0000-9cd6d54a-08-s3-d12,98,-4.0,-4.0,0.0
2024-2024092013gm-00a9-0000-9cd6d54a-08-s3-d12,99,-4.0,-4.0,0.0
2024-2024092013gm-00a9-0000-9cd6d54a-08-s3-d12,100,-4.0,-4.0,0.0
2024-2024092013gm-00a9-0000-9cd6d54a-08-s3-d12,101,-10.0,-10.0,0.0
2024-2024092013gm-00a9-0000-9cd6d54a-08-s3-d12,102,-10.0,-10.0,0.0
2024-2024092013gm-00a9-0000-9cd6d54a-08-s3-d12,103,-4.0,-4.0,0.0
2024-2024092013gm-00a9-0000-9cd6d54a-08-s3-d12,104,-4.0,-4.0,0.0
2024-2024092013gm-00a9-0000-9cd6d54a-08-s3-d12,105,4.0,-10.0,-14.0
2024-2024092013gm-00a9-0000-9cd6d54a-08-s3-d12,106,-10.0,-10.0,0.0
2024-2024092013gm-00a9-0000-9cd6d54a-08-s3-d12,107,-4.0,-4.0,0.0
2024-2024092013gm-00a9-0000-9cd6d54a-08-s3-d12,108,-4.0,-4.0,0.0
2024-2024092013gm-00a9-0000-9cd6d54a-08-s3-d12,109,-4.0,-4.0,0.0
2024-2024092013gm-00a9-0000-9cd6d54a-08-s3-d12,110,-10.0,-10.0,0.0
2024-2024092013gm-00a9-0000-9cd6d54a-08-s3-d12,111,-10.0,-10.0,0.0
2024-2024092013gm-00a9-0000-9cd6d54a-08-s3-d12,112,-4.0,-4.0,0.0
2024-2024092013gm-00a9-0000-9cd6d54a-08-s3-d12,113,-4.0,-4.0,0.0
2024-2024092013gm-00a9-0000-9cd6d54a-08-s3-d12,114,-4.0,-4.0,0.0
2024-2024092013gm-00a9-0000-9cd6d54a-08-s3-d12,115,-4.0,-4.0,0.0
2024-2024092013gm-00a9-0000-9cd6d54a-08-s3-d12,116,-4.0,-4.0,0.0
2024-2024092013gm-00a9-0000-9cd6d54a-08-s3-d12,117,-4.0,-4.0,0.0
2024-2024092013gm-00a9-0000-9cd6d54a-08-s3-d12,118,4.0,-4.0,-8.0
2024-2024092013gm-00a9-0000-9cd6d54a-08-s3-d12,119,-10.0,-10.0,0.0
2024-2024092013gm-00a9-0000-9cd6d54a-08-s3-d12,120,-4.0,-10.0,-6.0
2024-2024092013gm-00a9-0000-9cd6d54a-08-s3-d12,121,-4.0,-4.0,0.0
2024-2024092013gm-00a9-0000-9cd6d54a-08-s3-d12,122,-4.0,-4.0,0.0
2024-2024092013gm-00a9-0000-9cd6d54a-08-s3-d12,123,-4.0,-4.0,0.0
2024-2024092013gm-00a9-0000-9cd6d54a-08-s3-d12,124,-4.0,-4.0,0.0
2024-2024092013gm-00a9-0000-9cd6d54a-08-s3-d12,125,-4.0,-4.0,0.0
2024-2024092013gm-00a9-0000-9cd6d54a-08-s3-d12,126,-10.0,-4.0,6.0
2024-2024092013gm-00a9-0000-9cd6d54a-08-s3-d12,127,-10.0,-10.0,0.0
2024-2024092013gm-00a9-0000-9cd6d54a-08-s3-d12,128,4.0,4.0,0.0
2024-2024092013gm-00a9-0000-9cd6d54a-08-s3-d12,129,-10.0,-10.0,0.0
2024-2024092013gm-00a9-0000-9cd6d54a-08-s3-d12,130,-4.0,-4.0,0.0
2024-2024092013gm-00a9-0000-9cd6d54a-08-s3-d12,131,-4.0,-4.0,0.0
2024-2024092013gm-00a9-0000-9cd6d54a-08-s3-d12,132,-4.0,-4.0,0.0
2024-2024092013gm-00a9-0000-9cd6d54a-08-s3-d12,133,-4.0,-4.0,0.0
2024-2024092013gm-00a9-0000-9cd6d54a-08-s3-d12,134,-4.0,-10.0,-6.0
2024-2024092013gm-00a9-0000-9cd6d54a-08-s3-d12,135,-4.0,-4.0,0.0
2024-2024092013gm-00a9-0000-9cd6d54a-08-s3-d12,136,-4.0,-4.0,0.0
2024-2024092013gm-00a9-0000-9cd6d54a-08-s3-d12,137,-4.0,-10.0,-6.0
2024-2024092013gm-00a9-0000-9cd6d54a-08-s3-d12,138,-4.0,-4.0,0.0
2024-2024092013gm-00a9-0000-9cd6d54a-08-s3-d12,139,-4.0,-4.0,0.0
2024-2024092013gm-00a9-0000-9cd6d54a-08-s3-d12,140,-4.0,-4.0,0.0
2024-2024092013gm-00a9-0000-9cd6d54a-08-s3-d12,141,-4.0,-4.0,0.0
2024-2024092013gm-00a9-0000-9cd6d54a-08-s3-d12,142,-10.0,-10.0,0.0
2024-2024092013gm-00a9-0000-9cd6d54a-08-s3-d12,143,-10.0,-4.0,6.0
2024-2024092013gm-00a9-0000-9cd6d54a-08-s3-d12,144,-10.0,-4.0,6.0
2024-2024092013gm-00a9-0000-9cd6d54a-08-s3-d12,145,-4.0,-10.0,-6.0
2024-2024092013gm-00a9-0000-9cd6d54a-08-s3-d12,146,-4.0,-4.0,0.0
2024-2024092013gm-00a9-0000-9cd6d54a-08-s3-d12,147,-10.0,-10.0,0.0
2024-2024092013gm-00a9-0000-9cd6d54a-08-s3-d12,148,-4.0,-10.0,-6.0
2024-2024092013gm-00a9-0000-9cd6d54a-08-s3-d12,149,-4.0,-4.0,0.0
2024-2024092013gm-00a9-0000-9cd6d54a-08-s3-d12,150,-4.0,-4.0,0.0
2024-2024092013gm-00a9-0000-9cd6d54a-08-s3-d12,151,-10.0,-10.0,0.0
2024-2024092013gm-00a9-0000-9cd6d54a-08-s3-d12,152,-10.0,-10.0,0.0
2024-2024092013gm-00a9-0000-9cd6d54a-08-s3-d12,153,-10.0,-4.0,6.0
2024-2024092013gm-00a9-0000-9cd6d54a-08-s3-d12,154,-4.0,-4.0,0.0
2024-2024092013gm-00a9-0000-9cd6d54a-08-s3-d12,155,-10.0,-10.0,0.0
2024-2024092013gm-00a9-0000-9cd6d54a-08-s3-d12,156,-10.0,-10.0,0.0
2024-2024092013gm-00a9-0000-9cd6d54a-08-s3-d12,157,-4.0,-4.0,0.0
2024-2024092013gm-00a9-0000-9cd6d54a-08-s3-d12,158,-10.0,-10.0,0.0
2024-2024092013gm-00a9-0000-9cd6d54a-08-s3-d12,159,-4.0,-4.0,0.0
2024-2024092013gm-00a9-0000-9cd6d54a-08-s3-d12,160,-4.0,-4.0,0.0
2024-2024092013gm-00a9-0000-9cd6d54a-08-s3-d12,161,-4.0,-4.0,0.0
2024-2024092013gm-00a9-0000-9cd6d54a-08-s3-d12,162,4.0,4.0,0.0
2024-2024092013gm-00a9-0000-9cd6d54a-08-s3-d12,163,-4.0,-4.0,0.0
2024-2024092013gm-00a9-0000-9cd6d54a-08-s3-d12,164,-4.0,-4.0,0.0
2024-2024092013gm-00a9-0000-9cd6d54a-08-s3-d12,165,-4.0,-4.0,0.0
2024-2024092013gm-00a9-0000-9cd6d54a-08-s3-d12,166,-4.0,-10.0,-6.0
2024-2024092013gm-00a9-0000-9cd6d54a-08-s3-d12,167,-10.0,-10.0,0.0
2024-2024092013gm-00a9-0000-9cd6d54a-08-s3-d12,168,-4.0,-10.0,-6.0
2024-2024092013gm-00a9-0000-9cd6d54a-08-s3-d12,169,-4.0,-4.0,0.0
2024-2024092013gm-00a9-0000-9cd6d54a-08-s3-d12,170,-4.0,-4.0,0.0
2024-2024092013gm-00a9-0000-9cd6d54a-08-s3-d12,171,-10.0,-10.0,0.0
2024-2024092013gm-00a9-0000-9cd6d54a-08-s3-d12,172,-4.0,-4.0,0.0
2024-2024092013gm-00a9-0000-9cd6d54a-08-s3-d12,173,-4.0,-4.0,0.0
2024-2024092013gm-00a9-0000-9cd6d54a-08-s3-d12,174,10.0,-4.0,-14.0
2024-2024092013gm-00a9-0000-9cd6d54a-08-s3-d12,175,-4.0,-4.0,0.0
2024-2024092013gm-00a9-0000-9cd6d54a-08-s3-d12,176,-4.0,-10.0,-6.0
2024-2024092013gm-00a9-0000-9cd6d54a-08-s3-d12,177,-4.0,-4.0,0.0
2024-2024092013gm-00a9-0000-9cd6d54a-08-s3-d12,178,-4.0,-4.0,0.0
2024-2024092013gm-00a9-0000-9cd6d54a-08-s3-d12,179,-10.0,-10.0,0.0
2024-2024092013gm-00a9-0000-9cd6d54a-08-s3-d12,180,-10.0,-10.0,0.0
2024-2024092013gm-00a9-0000-9cd6d54a-08-s3-d12,181,4.0,4.0,0.0
2024-2024092013gm-00a9-0000-9cd6d54a-08-s3-d12,182,-4.0,-4.0,0.0
2024-2024092013gm-00a9-0000-9cd6d54a-08-s3-d12,183,-10.0,-10.0,0.0
2024-2024092013gm-00a9-0000-9cd6d54a-08-s3-d12,184,-4.0,-4.0,0.0
2024-2024092013gm-00a9-0000-9cd6d54a-08-s3-d12,185,4.0,-10.0,-14.0
2024-2024092013gm-00a9-0000-9cd6d54a-08-s3-d12,186,-4.0,-4.0,0.0
2024-2024092013gm-00a9-0000-9cd6d54a-08-s3-d12,187,-4.0,-4.0,0.0
2024-2024092013gm-00a9-0000-9cd6d54a-08-s3-d12,188,-4.0,-4.0,0.0
2024-2024092013gm-00a9-0000-9cd6d54a-08-s3-d12,189,-4.0,-10.0,-6.0
2024-2024092013gm-00a9-0000-9cd6d54a-08-s3-d12,190,-4.0,-10.0,-6.0
2024-2024092013gm-00a9-0000-9cd6d54a-08-s3-d12,191,-4.0,-4.0,0.0
2024-2024092013gm-00a9-0000-9cd6d54a-08-s3-d12,192,-4.0,-4.0,0.0
2024-2024092013gm-00a9-0000-9cd6d54a-08-s3-d12,193,-4.0,-4.0,0.0
2024-2024092013gm-00a9-0000-9cd6d54a-08-s3-d12,194,-10.0,-4.0,6.0
2024-2024092013gm-00a9-0000-9cd6d54a-08-s3-d12,195,-4.0,-4.0,0.0
2024-2024092013gm-00a9-0000-9cd6d54a-08-s3-d12,196,-4.0,-4.0,0.0
2024-2024092013gm-00a9-0000-9cd6d54a-08-s3-d12,197,-10.0,-10.0,0.0
2024-2024092013gm-00a9-0000-9cd6d54a-08-s3-d12,198,-4.0,-4.0,0.0
2024-2024092013gm-00a9-0000-9cd6d54a-08-s3-d12,199,-4.0,-4.0,0.0
2024-2024092013gm-00a9-0000-9cd6d54a-08-s3-d12,200,-10.0,-10.0,0.0
2024-2024092013gm-00a9-0000-9cd6d54a-08-s3-d12,201,-4.0,-4.0,0.0
2024-2024092013gm-00a9-0000-9cd6d54a-08-s3-d12,202,-4.0,-4.0,0.0
2024-2024092013gm-00a9-0000-9cd6d54a-08-s3-d12,203,-4.0,-4.0,0.0
2024-2024092013gm-00a9-0000-9cd6d54a-08-s3-d12,204,-4.0,-4.0,0.0
2024-2024092013gm-00a9-0000-9cd6d54a-08-s3-d12,205,-4.0,-4.0,0.0
2024-2024092013gm-00a9-0000-9cd6d54a-08-s3-d12,206,-4.0,-4.0,0.0
2024-2024092013gm-00a9-0000-9cd6d54a-08-s3-d12,207,-4.0,-4.0,0.0
2024-2024092013gm-00a9-0000-9cd6d54a-08-s3-d12,208,-4.0,-4.0,0.0
2024-2024092013gm-00a9-0000-9cd6d54a-08-s3-d12,209,-10.0,-10.0,0.0
2024-2024092013gm-00a9-0000-9cd6d54a-08-s3-d12,210,-4.0,-4.0,0.0
2024-2024092013gm-00a9-0000-9cd6d54a-08-s3-d12,211,-4.0,-4.0,0.0
2024-2024092013gm-00a9-0000-9cd6d54a-08-s3-d12,212,-4.0,-4.0,0.0
2024-2024092013gm-00a9-0000-9cd6d54a-08-s3-d12,213,-10.0,-10.0,0.0
2024-2024092013gm-00a9-0000-9cd6d54a-08-s3-d12,214,-10.0,-10.0,0.0
2024-2024092013gm-00a9-0000-9cd6d54a-08-s3-d12,215,-4.0,-4.0,0.0
2024-2024092013gm-00a9-0000-9cd6d54a-08-s3-d12,216,-10.0,-10.0,0.0
2024-2024092013gm-00a9-0000-9cd6d54a-08-s3-d12,217,-4.0,-4.0,0.0
2024-2024092013gm-00a9-0000-9cd6d54a-08-s3-d12,218,-4.0,-4.0,0.0
2024-2024092013gm-00a9-0000-9cd6d54a-08-s3-d12,219,-4.0,-10.0,-6.0
2024-2024092013gm-00a9-0000-9cd6d54a-08-s3-d12,220,-4.0,-10.0,-6.0
2024-2024092013gm-00a9-0000-9cd6d54a-08-s3-d12,221,-4.0,-10.0,-6.0
2024-2024092013gm-00a9-0000-9cd6d54a-08-s3-d12,222,-10.0,-10.0,0.0
2024-2024092013gm-00a9-0000-9cd6d54a-08-s3-d12,223,-4.0,-4.0,0.0
2024-2024092013gm-00a9-0000-9cd6d54a-08-s3-d12,224,-10.0,4.0,14.0
2024-2024092013gm-00a9-0000-9cd6d54a-08-s3-d12,225,-4.0,-4.0,0.0
2024-2024092013gm-00a9-0000-9cd6d54a-08-s3-d12,226,-4.0,-4.0,0.0
2024-2024092013gm-00a9-0000-9cd6d54a-08-s3-d12,227,-10.0,-10.0,0.0
2024-2024092013gm-00a9-0000-9cd6d54a-08-s3-d12,228,-4.0,-4.0,0.0
2024-2024092013gm-00a9-0000-9cd6d54a-08-s3-d12,229,4.0,4.0,0.0
2024-2024092013gm-00a9-0000-9cd6d54a-08-s3-d12,230,-10.0,-10.0,0.0
2024-2024092013gm-00a9-0000-9cd6d54a-08-s3-d12,231,-10.0,-4.0,6.0
2024-2024092013gm-00a9-0000-9cd6d54a-08-s3-d12,232,-4.0,-4.0,0.0
2024-2024092013gm-00a9-0000-9cd6d54a-08-s3-d12,233,-4.0,-4.0,0.0
2024-2024092013gm-00a9-0000-9cd6d54a-08-s3-d12,234,-4.0,-10.0,-6.0
2024-2024092013gm-00a9-0000-9cd6d54a-08-s3-d12,235,-10.0,-10.0,0.0
2024-2024092013gm-00a9-0000-9cd6d54a-08-s3-d12,236,-10.0,-4.0,6.0
2024-2024092013gm-00a9-0000-9cd6d54a-08-s3-d12,237,-4.0,-4.0,0.0
2024-2024092013gm-00a9-0000-9cd6d54a-08-s3-d12,238,-4.0,-10.0,-6.0
2024-2024092013gm-00a9-0000-9cd6d54a-08-s3-d12,239,-4.0,-4.0,0.0
2024-2024092013gm-00a9-0000-9cd6d54a-08-s3-d12,240,-4.0,-4.0,0.0
2024-2024092013gm-00a9-0000-9cd6d54a-08-s3-d12,241,-10.0,-4.0,6.0
2024-2024092013gm-00a9-0000-9cd6d54a-08-s3-d12,242,-4.0,-4.0,0.0
2024-2024092013gm-00a9-0000-9cd6d54a-08-s3-d12,243,-4.0,-4.0,0.0
2024-2024092013gm-00a9-0000-9cd6d54a-08-s3-d12,244,-4.0,-10.0,-6.0
2024-2024092013gm-00a9-0000-9cd6d54a-08-s3-d12,245,-4.0,-4.0,0.0
2024-2024092013gm-00a9-0000-9cd6d54a-08-s3-d12,246,-4.0,-10.0,-6.0
2024-2024092013gm-00a9-0000-9cd6d54a-08-s3-d12,247,-4.0,-4.0,0.0
2024-2024092013gm-00a9-0000-9cd6d54a-08-s3-d12,248,-4.0,-4.0,0.0
2024-2024092013gm-00a9-0000-9cd6d54a-08-s3-d12,249,-10.0,-4.0,6.0
2024-2024092013gm-00a9-0000-9cd6d54a-08-s3-d12,250,-4.0,-4.0,0.0
2024-2024092013gm-00a9-0000-9cd6d54a-08-s3-d12,251,-10.0,-10.0,0.0
2024-2024092013gm-00a9-0000-9cd6d54a-08-s3-d12,252,-10.0,-10.0,0.0
2024-2024092013gm-00a9-0000-9cd6d54a-08-s3-d12,253,-4.0,-4.0,0.0
2024-2024092013gm-00a9-0000-9cd6d54a-08-s3-d12,254,-4.0,-4.0,0.0
2024-2024092013gm-00a9-0000-9cd6d54a-08-s3-d12,255,-10.0,-10.0,0.0
2024-2024092922gm-00a9-0000-d78d568e-10-s0-d14,0,10.0,10.0,0.0
2024-2024092922gm-00a9-0000-d78d568e-10-s0-d14,1,-4.0,10.0,14.0
2024-2024092922gm-00a9-0000-d78d568e-10-s0-d14,2,10.0,10.0,0.0
2024-2024092922gm-00a9-0000-d78d568e-10-s0-d14,3,4.0,10.0,6.0
2024-2024092922gm-00a9-0000-d78d568e-10-s0-d14,4,10.0,10.0,0.0
2024-2024092922gm-00a9-0000-d78d568e-10-s0-d14,5,10.0,4.0,-6.0
2024-2024092922gm-00a9-0000-d78d568e-10-s0-d14,6,10.0,10.0,0.0
2024-2024092922gm-00a9-0000-d78d568e-10-s0-d14,7,10.0,-4.0,-14.0
2024-2024092922gm-00a9-0000-d78d568e-10-s0-d14,8,-4.0,10.0,14.0
2024-2024092922gm-00a9-0000-d78d568e-10-s0-d14,9,4.0,10.0,6.0
2024-2024092922gm-00a9-0000-d78d568e-10-s0-d14,10,10.0,10.0,0.0
2024-2024092922gm-00a9-0000-d78d568e-10-s0-d14,11,10.0,10.0,0.0
2024-2024092922gm-00a9-0000-d78d568e-10-s0-d14,12,10.0,-10.0,-20.0
2024-2024092922gm-00a9-0000-d78d568e-10-s0-d14,13,10.0,10.0,0.0
2024-2024092922gm-00a9-0000-d78d568e-10-s0-d14,14,4.0,10.0,6.0
2024-2024092922gm-00a9-0000-d78d568e-10-s0-d14,15,10.0,10.0,0.0
2024-2024092922gm-00a9-0000-d78d568e-10-s0-d14,16,10.0,10.0,0.0
2024-2024092922gm-00a9-0000-d78d568e-10-s0-d14,17,4.0,4.0,0.0
2024-2024092922gm-00a9-0000-d78d568e-10-s0-d14,18,10.0,4.0,-6.0
2024-2024092922gm-00a9-0000-d78d568e-10-s0-d14,19,4.0,10.0,6.0
2024-2024092922gm-00a9-0000-d78d568e-10-s0-d14,20,10.0,10.0,0.0
2024-2024092922gm-00a9-0000-d78d568e-10-s0-d14,21,-4.0,4.0,8.0
2024-2024092922gm-00a9-0000-d78d568e-10-s0-d14,22,4.0,10.0,6.0
2024-2024092922gm-00a9-0000-d78d568e-10-s0-d14,23,10.0,10.0,0.0
2024-2024092922gm-00a9-0000-d78d568e-10-s0-d14,24,-4.0,10.0,14.0
2024-2024092922gm-00a9-0000-d78d568e-10-s0-d14,25,10.0,10.0,0.0
2024-2024092922gm-00a9-0000-d78d568e-10-s0-d14,26,4.0,4.0,0.0
2024-2024092922gm-00a9-0000-d78d568e-10-s0-d14,27,-10.0,10.0,20.0
2024-2024092922gm-00a9-0000-d78d568e-10-s0-d14,28,-4.0,10.0,14.0
2024-2024092922gm-00a9-0000-d78d568e-10-s0-d14,29,10.0,10.0,0.0
2024-2024092922gm-00a9-0000-d78d568e-10-s0-d14,30,-4.0,10.0,14.0
2024-2024092922gm-00a9-0000-d78d568e-10-s0-d14,31,10.0,10.0,0.0
2024-2024092922gm-00a9-0000-d78d568e-10-s0-d14,32,10.0,10.0,0.0
2024-2024092922gm-00a9-0000-d78d568e-10-s0-d14,33,4.0,4.0,0.0
2024-2024092922gm-00a9-0000-d78d568e-10-s0-d14,34,10.0,10.0,0.0
2024-2024092922gm-00a9-0000-d78d568e-10-s0-d14,35,4.0,4.0,0.0
2024-2024092922gm-00a9-0000-d78d568e-10-s0-d14,36,4.0,10.0,6.0
2024-2024092922gm-00a9-0000-d78d568e-10-s0-d14,37,10.0,10.0,0.0
2024-2024092922gm-00a9-0000-d78d568e-10-s0-d14,38,10.0,4.0,-6.0
2024-2024092922gm-00a9-0000-d78d568e-10-s0-d14,39,10.0,10.0,0.0
2024-2024092922gm-00a9-0000-d78d568e-10-s0-d14,40,4.0,10.0,6.0
2024-2024092922gm-00a9-0000-d78d568e-10-s0-d14,41,4.0,10.0,6.0
2024-2024092922gm-00a9-0000-d78d568e-10-s0-d14,42,10.0,10.0,0.0
2024-2024092922gm-00a9-0000-d78d568e-10-s0-d14,43,4.0,4.0,0.0
2024-2024092922gm-00a9-0000-d78d568e-10-s0-d14,44,10.0,10.0,0.0
2024-2024092922gm-00a9-0000-d78d568e-10-s0-d14,45,4.0,4.0,0.0
2024-2024092922gm-00a9-0000-d78d568e-10-s0-d14,46,10.0,10.0,0.0
2024-2024092922gm-00a9-0000-d78d568e-10-s0-d14,47,10.0,10.0,0.0
2024-2024092922gm-00a9-0000-d78d568e-10-s0-d14,48,4.0,10.0,6.0
2024-2024092922gm-00a9-0000-d78d568e-10-s0-d14,49,10.0,10.0,0.0
2024-2024092922gm-00a9-0000-d78d568e-10-s0-d14,50,10.0,10.0,0.0
2024-2024092922gm-00a9-0000-d78d568e-10-s0-d14,51,10.0,10.0,0.0
2024-2024092922gm-00a9-0000-d78d568e-10-s0-d14,52,10.0,10.0,0.0
2024-2024092922gm-00a9-0000-d78d568e-10-s0-d14,53,10.0,10.0,0.0
2024-2024092922gm-00a9-0000-d78d568e-10-s0-d14,54,10.0,10.0,0.0
2024-2024092922gm-00a9-0000-d78d568e-10-s0-d14,55,10.0,10.0,0.0
2024-2024092922gm-00a9-0000-d78d568e-10-s0-d14,56,10.0,4.0,-6.0
2024-2024092922gm-00a9-0000-d78d568e-10-s0-d14,57,10.0,10.0,0.0
2024-2024092922gm-00a9-0000-d78d568e-10-s0-d14,58,4.0,10.0,6.0
2024-2024092922gm-00a9-0000-d78d568e-10-s0-d14,59,10.0,10.0,0.0
2024-2024092922gm-00a9-0000-d78d568e-10-s0-d14,60,4.0,10.0,6.0
2024-2024092922gm-00a9-0000-d78d568e-10-s0-d14,61,10.0,10.0,0.0
2024-2024092922gm-00a9-0000-d78d568e-10-s0-d14,62,10.0,4.0,-6.0
2024-2024092922gm-00a9-0000-d78d568e-10-s0-d14,63,4.0,10.0,6.0
2024-2024092922gm-00a9-0000-d78d568e-10-s0-d14,64,4.0,4.0,0.0
2024-2024092922gm-00a9-0000-d78d568e-10-s0-d14,65,10.0,10.0,0.0
2024-2024092922gm-00a9-0000-d78d568e-10-s0-d14,66,10.0,10.0,0.0
2024-2024092922gm-00a9-0000-d78d568e-10-s0-d14,67,-4.0,10.0,14.0
2024-2024092922gm-00a9-0000-d78d568e-10-s0-d14,68,10.0,10.0,0.0
2024-2024092922gm-00a9-0000-d78d568e-10-s0-d14,69,4.0,10.0,6.0
2024-2024092922gm-00a9-0000-d78d568e-10-s0-d14,70,10.0,10.0,0.0
2024-2024092922gm-00a9-0000-d78d568e-10-s0-d14,71,10.0,4.0,-6.0
2024-2024092922gm-00a9-0000-d78d568e-10-s0-d14,72,10.0,10.0,0.0
2024-2024092922gm-00a9-0000-d78d568e-10-s0-d14,73,10.0,10.0,0.0
2024-2024092922gm-00a9-0000-d78d568e-10-s0-d14,74,4.0,10.0,6.0
2024-2024092922gm-00a9-0000-d78d568e-10-s0-d14,75,4.0,4.0,0.0
2024-2024092922gm-00a9-0000-d78d568e-10-s0-d14,76,4.0,10.0,6.0
2024-2024092922gm-00a9-0000-d78d568e-10-s0-d14,77,-4.0,10.0,14.0
2024-2024092922gm-00a9-0000-d78d568e-10-s0-d14,78,10.0,10.0,0.0
2024-2024092922gm-00a9-0000-d78d568e-10-s0-d14,79,4.0,4.0,0.0
2024-2024092922gm-00a9-0000-d78d568e-10-s0-d14,80,4.0,10.0,6.0
2024-2024092922gm-00a9-0000-d78d568e-10-s0-d14,81,10.0,-4.0,-14.0
2024-2024092922gm-00a9-0000-d78d568e-10-s0-d14,82,4.0,4.0,0.0
2024-2024092922gm-00a9-0000-d78d568e-10-s0-d14,83,10.0,10.0,0.0
2024-2024092922gm-00a9-0000-d78d568e-10-s0-d14,84,10.0,10.0,0.0
2024-2024092922gm-00a9-0000-d78d568e-10-s0-d14,85,10.0,10.0,0.0
2024-2024092922gm-00a9-0000-d78d568e-10-s0-d14,86,10.0,10.0,0.0
2024-2024092922gm-00a9-0000-d78d568e-10-s0-d14,87,10.0,10.0,0.0
2024-2024092922gm-00a9-0000-d78d568e-10-s0-d14,88,10.0,10.0,0.0
2024-2024092922gm-00a9-0000-d78d568e-10-s0-d14,89,10.0,10.0,0.0
2024-2024092922gm-00a9-0000-d78d568e-10-s0-d14,90,4.0,4.0,0.0
2024-2024092922gm-00a9-0000-d78d568e-10-s0-d14,91,4.0,10.0,6.0
2024-2024092922gm-00a9-0000-d78d568e-10-s0-d14,92,10.0,10.0,0.0
2024-2024092922gm-00a9-0000-d78d568e-10-s0-d14,93,-4.0,10.0,14.0
2024-2024092922gm-00a9-0000-d78d568e-10-s0-d14,94,10.0,10.0,0.0
2024-2024092922gm-00a9-0000-d78d568e-10-s0-d14,95,-4.0,-4.0,0.0
2024-2024092922gm-00a9-0000-d78d568e-10-s0-d14,96,4.0,10.0,6.0
2024-2024092922gm-00a9-0000-d78d568e-10-s0-d14,97,10.0,10.0,0.0
2024-2024092922gm-00a9-0000-d78d568e-10-s0-d14,98,-4.0,10.0,14.0
2024-2024092922gm-00a9-0000-d78d568e-10-s0-d14,99,10.0,-4.0,-14.0
2024-2024092922gm-00a9-0000-d78d568e-10-s0-d14,100,10.0,10.0,0.0
2024-2024092922gm-00a9-0000-d78d568e-10-s0-d14,101,10.0,4.0,-6.0
2024-2024092922gm-00a9-0000-d78d568e-10-s0-d14,102,4.0,4.0,0.0
2024-2024092922gm-00a9-0000-d78d568e-10-s0-d14,103,10.0,10.0,0.0
2024-2024092922gm-00a9-0000-d78d568e-10-s0-d14,104,10.0,10.0,0.0
2024-2024092922gm-00a9-0000-d78d568e-10-s0-d14,105,10.0,10.0,0.0
2024-2024092922gm-00a9-0000-d78d568e-10-s0-d14,106,10.0,10.0,0.0
2024-2024092922gm-00a9-0000-d78d568e-10-s0-d14,107,10.0,10.0,0.0
2024-2024092922gm-00a9-0000-d78d568e-10-s0-d14,108,-4.0,10.0,14.0
2024-2024092922gm-00a9-0000-d78d568e-10-s0-d14,109,4.0,-4.0,-8.0
2024-2024092922gm-00a9-0000-d78d568e-10-s0-d14,110,10.0,10.0,0.0
2024-2024092922gm-00a9-0000-d78d568e-10-s0-d14,111,-4.0,10.0,14.0
2024-2024092922gm-00a9-0000-d78d568e-10-s0-d14,112,10.0,10.0,0.0
2024-2024092922gm-00a9-0000-d78d568e-10-s0-d14,113,10.0,10.0,0.0
2024-2024092922gm-00a9-0000-d78d568e-10-s0-d14,114,4.0,10.0,6.0
2024-2024092922gm-00a9-0000-d78d568e-10-s0-d14,115,10.0,10.0,0.0
2024-2024092922gm-00a9-0000-d78d568e-10-s0-d14,116,10.0,10.0,0.0
2024-2024092922gm-00a9-0000-d78d568e-10-s0-d14,117,4.0,4.0,0.0
2024-2024092922gm-00a9-0000-d78d568e-10-s0-d14,118,10.0,10.0,0.0
2024-2024092922gm-00a9-0000-d78d568e-10-s0-d14,119,4.0,10.0,6.0
2024-2024092922gm-00a9-0000-d78d568e-10-s0-d14,120,10.0,10.0,0.0
2024-2024092922gm-00a9-0000-d78d568e-10-s0-d14,121,10.0,10.0,0.0
2024-2024092922gm-00a9-0000-d78d568e-10-s0-d14,122,10.0,10.0,0.0
2024-2024092922gm-00a9-0000-d78d568e-10-s0-d14,123,10.0,10.0,0.0
2024-2024092922gm-00a9-0000-d78d568e-10-s0-d14,124,10.0,10.0,0.0
2024-2024092922gm-00a9-0000-d78d568e-10-s0-d14,125,10.0,10.0,0.0
2024-2024092922gm-00a9-0000-d78d568e-10-s0-d14,126,4.0,10.0,6.0
2024-2024092922gm-00a9-0000-d78d568e-10-s0-d14,127,10.0,10.0,0.0
2024-2024123104gm-00a9-0000-f69869df-01-s0-d12,0,-4.0,-4.0,0.0
2024-2024123104gm-00a9-0000-f69869df-01-s0-d12,1,-4.0,4.0,8.0
2024-2024123104gm-00a9-0000-f69869df-01-s0-d12,2,-10.0,4.0,14.0
2024-2024123104gm-00a9-0000-f69869df-01-s0-d12,3,10.0,4.0,-6.0
2024-2024123104gm-00a9-0000-f69869df-01-s0-d12,4,4.0,4.0,0.0
2024-2024123104gm-00a9-0000-f69869df-01-s0-d12,5,4.0,10.0,6.0
2024-2024123104gm-00a9-0000-f69869df-01-s0-d12,6,10.0,4.0,-6.0
2024-2024123104gm-00a9-0000-f69869df-01-s0-d12,7,-4.0,-10.0,-6.0
2024-2024123104gm-00a9-0000-f69869df-01-s0-d12,8,4.0,-4.0,-8.0
2024-2024123104gm-00a9-0000-f69869df-01-s0-d12,9,4.0,4.0,0.0
2024-2024123104gm-00a9-0000-f69869df-01-s0-d12,10,10.0,10.0,0.0
2024-2024123104gm-00a9-0000-f69869df-01-s0-d12,11,10.0,10.0,0.0
2024-2024123104gm-00a9-0000-f69869df-01-s0-d12,12,4.0,4.0,0.0
2024-2024123104gm-00a9-0000-f69869df-01-s0-d12,13,4.0,4.0,0.0
2024-2024123104gm-00a9-0000-f69869df-01-s0-d12,14,-10.0,-10.0,0.0
2024-2024123104gm-00a9-0000-f69869df-01-s0-d12,15,-4.0,-4.0,0.0
2024-2024123104gm-00a9-0000-f69869df-01-s0-d12,16,-4.0,-10.0,-6.0
2024-2024123104gm-00a9-0000-f69869df-01-s0-d12,17,-4.0,-4.0,0.0
2024-2024123104gm-00a9-0000-f69869df-01-s0-d12,18,10.0,10.0,0.0
2024-2024123104gm-00a9-0000-f69869df-01-s0-d12,19,4.0,-4.0,-8.0
2024-2024123104gm-00a9-0000-f69869df-01-s0-d12,20,4.0,4.0,0.0
2024-2024123104gm-00a9-0000-f69869df-01-s0-d12,21,10.0,-10.0,-20.0
2024-2024123104gm-00a9-0000-f69869df-01-s0-d12,22,10.0,4.0,-6.0
2024-2024123104gm-00a9-0000-f69869df-01-s0-d12,23,4.0,10.0,6.0
2024-2024123104gm-00a9-0000-f69869df-01-s0-d12,24,-10.0,-4.0,6.0
2024-2024123104gm-00a9-0000-f69869df-01-s0-d12,25,-4.0,10.0,14.0
2024-2024123104gm-00a9-0000-f69869df-01-s0-d12,26,4.0,4.0,0.0
2024-2024123104gm-00a9-0000-f69869df-01-s0-d12,27,4.0,-4.0,-8.0
2024-2024123104gm-00a9-0000-f69869df-01-s0-d12,28,10.0,4.0,-6.0
2024-2024123104gm-00a9-0000-f69869df-01-s0-d12,29,-10.0,10.0,20.0
2024-2024123104gm-00a9-0000-f69869df-01-s0-d12,30,-4.0,4.0,8.0
2024-2024123104gm-00a9-0000-f69869df-01-s0-d12,31,4.0,-4.0,-8.0
2024-2024123104gm-00a9-0000-f69869df-01-s0-d12,32,-10.0,4.0,14.0
2024-2024123104gm-00a9-0000-f69869df-01-s0-d12,33,10.0,10.0,0.0
2024-2024123104gm-00a9-0000-f69869df-01-s0-d12,34,-10.0,-10.0,0.0
2024-2024123104gm-00a9-0000-f69869df-01-s0-d12,35,-10.0,-10.0,0.0
2024-2024123104gm-00a9-0000-f69869df-01-s0-d12,36,-4.0,4.0,8.0
2024-2024123104gm-00a9-0000-f69869df-01-s0-d12,37,-4.0,10.0,14.0
2024-2024123104gm-00a9-0000-f69869df-01-s0-d12,38,4.0,-10.0,-14.0
2024-2024123104gm-00a9-0000-f69869df-01-s0-d12,39,-4.0,4.0,8.0
2024-2024123104gm-00a9-0000-f69869df-01-s0-d12,40,4.0,-10.0,-14.0
2024-2024123104gm-00a9-0000-f69869df-01-s0-d12,41,-4.0,10.0,14.0
2024-2024123104gm-00a9-0000-f69869df-01-s0-d12,42,10.0,-10.0,-20.0
2024-2024123104gm-00a9-0000-f69869df-01-s0-d12,43,-10.0,-10.0,0.0
2024-2024123104gm-00a9-0000-f69869df-01-s0-d12,44,-4.0,-4.0,0.0
2024-2024123104gm-00a9-0000-f69869df-01-s0-d12,45,10.0,10.0,0.0
2024-2024123104gm-00a9-0000-f69869df-01-s0-d12,46,-4.0,-4.0,0.0
2024-2024123104gm-00a9-0000-f69869df-01-s0-d12,47,10.0,-10.0,-20.0
2024-2024123104gm-00a9-0000-f69869df-01-s0-d12,48,4.0,4.0,0.0
2024-2024123104gm-00a9-0000-f69869df-01-s0-d12,49,-10.0,10.0,20.0
2024-2024123104gm-00a9-0000-f69869df-01-s0-d12,50,10.0,4.0,-6.0
2024-2024123104gm-00a9-0000-f69869df-01-s0-d12,51,10.0,-4.0,-14.0
2024-2024123104gm-00a9-0000-f69869df-01-s0-d12,52,10.0,4.0,-6.0
2024-2024123104gm-00a9-0000-f69869df-01-s0-d12,53,-4.0,4.0,8.0
2024-2024123104gm-00a9-0000-f69869df-01-s0-d12,54,10.0,10.0,0.0
2024-2024123104gm-00a9-0000-f69869df-01-s0-d12,55,-4.0,-4.0,0.0
2024-2024123104gm-00a9-0000-f69869df-01-s0-d12,56,-4.0,-4.0,0.0
2024-2024123104gm-00a9-0000-f69869df-01-s0-d12,57,10.0,4.0,-6.0
2024-2024123104gm-00a9-0000-f69869df-01-s0-d12,58,10.0,-10.0,-20.0
2024-2024123104gm-00a9-0000-f69869df-01-s0-d12,59,-4.0,-4.0,0.0
2024-2024123104gm-00a9-0000-f69869df-01-s0-d12,60,4.0,-4.0,-8.0
2024-2024123104gm-00a9-0000-f69869df-01-s0-d12,61,10.0,4.0,-6.0
2024-2024123104gm-00a9-0000-f69869df-01-s0-d12,62,-10.0,4.0,14.0
2024-2024123104gm-00a9-0000-f69869df-01-s0-d12,63,-10.0,4.0,14.0
2024-2024123104gm-00a9-0000-f69869df-01-s0-d12,64,-4.0,10.0,14.0
2024-2024123104gm-00a9-0000-f69869df-01-s0-d12,65,10.0,-4.0,-14.0
2024-2024123104gm-00a9-0000-f69869df-01-s0-d12,66,4.0,4.0,0.0
2024-2024123104gm-00a9-0000-f69869df-01-s0-d12,67,10.0,-10.0,-20.0
2024-2024123104gm-00a9-0000-f69869df-01-s0-d12,68,-4.0,-4.0,0.0
2024-2024123104gm-00a9-0000-f69869df-01-s0-d12,69,-4.0,10.0,14.0
2024-2024123104gm-00a9-0000-f69869df-01-s0-d12,70,-4.0,-4.0,0.0
2024-2024123104gm-00a9-0000-f69869df-01-s0-d12,71,-10.0,4.0,14.0
2024-2024123104gm-00a9-0000-f69869df-01-s0-d12,72,-4.0,10.0,14.0
2024-2024123104gm-00a9-0000-f69869df-01-s0-d12,73,4.0,4.0,0.0
2024-2024123104gm-00a9-0000-f69869df-01-s0-d12,74,4.0,-4.0,-8.0
2024-2024123104gm-00a9-0000-f69869df-01-s0-d12,75,-4.0,-4.0,0.0
2024-2024123104gm-00a9-0000-f69869df-01-s0-d12,76,4.0,-4.0,-8.0
2024-2024123104gm-00a9-0000-f69869df-01-s0-d12,77,-4.0,10.0,14.0
2024-2024123104gm-00a9-0000-f69869df-01-s0-d12,78,10.0,10.0,0.0
2024-2024123104gm-00a9-0000-f69869df-01-s0-d12,79,10.0,10.0,0.0
2024-2024123104gm-00a9-0000-f69869df-01-s0-d12,80,4.0,4.0,0.0
2024-2024123104gm-00a9-0000-f69869df-01-s0-d12,81,4.0,10.0,6.0
2024-2024123104gm-00a9-0000-f69869df-01-s0-d12,82,10.0,10.0,0.0
2024-2024123104gm-00a9-0000-f69869df-01-s0-d12,83,-10.0,4.0,14.0
2024-2024123104gm-00a9-0000-f69869df-01-s0-d12,84,-4.0,4.0,8.0
2024-2024123104gm-00a9-0000-f69869df-01-s0-d12,85,-4.0,4.0,8.0
2024-2024123104gm-00a9-0000-f69869df-01-s0-d12,86,-10.0,4.0,14.0
2024-2024123104gm-00a9-0000-f69869df-01-s0-d12,87,-10.0,-10.0,0.0
2024-2024123104gm-00a9-0000-f69869df-01-s0-d12,88,4.0,-10.0,-14.0
2024-2024123104gm-00a9-0000-f69869df-01-s0-d12,89,-4.0,4.0,8.0
2024-2024123104gm-00a9-0000-f69869df-01-s0-d12,90,-4.0,4.0,8.0
2024-2024123104gm-00a9-0000-f69869df-01-s0-d12,91,4.0,-10.0,-14.0
2024-2024123104gm-00a9-0000-f69869df-01-s0-d12,92,-4.0,4.0,8.0
2024-2024123104gm-00a9-0000-f69869df-01-s0-d12,93,10.0,10.0,0.0
2024-2024123104gm-00a9-0000-f69869df-01-s0-d12,94,-4.0,-4.0,0.0
2024-2024123104gm-00a9-0000-f69869df-01-s0-d12,95,10.0,10.0,0.0
2024-2024123104gm-00a9-0000-f69869df-01-s0-d12,96,4.0,4.0,0.0
2024-2024123104gm-00a9-0000-f69869df-01-s0-d12,97,-10.0,10.0,20.0
2024-2024123104gm-00a9-0000-f69869df-01-s0-d12,98,-4.0,-4.0,0.0
2024-2024123104gm-00a9-0000-f69869df-01-s0-d12,99,-10.0,10.0,20.0
2024-2024123104gm-00a9-0000-f69869df-01-s0-d12,100,4.0,4.0,0.0
2024-2024123104gm-00a9-0000-f69869df-01-s0-d12,101,10.0,10.0,0.0
2024-2024123104gm-00a9-0000-f69869df-01-s0-d12,102,10.0,4.0,-6.0
2024-2024123104gm-00a9-0000-f69869df-01-s0-d12,103,4.0,4.0,0.0
2024-2024123104gm-00a9-0000-f69869df-01-s0-d12,104,10.0,10.0,0.0
2024-2024123104gm-00a9-0000-f69869df-01-s0-d12,105,-4.0,-10.0,-6.0
2024-2024123104gm-00a9-0000-f69869df-01-s0-d12,106,-4.0,-4.0,0.0
2024-2024123104gm-00a9-0000-f69869df-01-s0-d12,107,4.0,-4.0,-8.0
2024-2024123104gm-00a9-0000-f69869df-01-s0-d12,108,10.0,10.0,0.0
2024-2024123104gm-00a9-0000-f69869df-01-s0-d12,109,-4.0,-4.0,0.0
2024-2024123104gm-00a9-0000-f69869df-01-s0-d12,110,-4.0,10.0,14.0
2024-2024123104gm-00a9-0000-f69869df-01-s0-d12,111,10.0,4.0,-6.0
2024-2024123104gm-00a9-0000-f69869df-01-s0-d12,112,-4.0,4.0,8.0
2024-2024123104gm-00a9-0000-f69869df-01-s0-d12,113,4.0,4.0,0.0
2024-2024123104gm-00a9-0000-f69869df-01-s0-d12,114,4.0,-4.0,-8.0
2024-2024123104gm-00a9-0000-f69869df-01-s0-d12,115,-10.0,10.0,20.0
2024-2024123104gm-00a9-0000-f69869df-01-s0-d12,116,-10.0,4.0,14.0
2024-2024123104gm-00a9-0000-f69869df-01-s0-d12,117,-10.0,-4.0,6.0
2024-2024123104gm-00a9-0000-f69869df-01-s0-d12,118,-4.0,-10.0,-6.0
2024-2024123104gm-00a9-0000-f69869df-01-s0-d12,119,-4.0,4.0,8.0
2024-2024123104gm-00a9-0000-f69869df-01-s0-d12,120,-4.0,-4.0,0.0
2024-2024123104gm-00a9-0000-f69869df-01-s0-d12,121,-10.0,4.0,14.0
2024-2024123104gm-00a9-0000-f69869df-01-s0-d12,122,-4.0,-10.0,-6.0
2024-2024123104gm-00a9-0000-f69869df-01-s0-d12,123,10.0,10.0,0.0
2024-2024123104gm-00a9-0000-f69869df-01-s0-d12,124,4.0,4.0,0.0
2024-2024123104gm-00a9-0000-f69869df-01-s0-d12,125,-10.0,4.0,14.0
2024-2024123104gm-00a9-0000-f69869df-01-s0-d12,126,-10.0,-10.0,0.0
2024-2024123104gm-00a9-0000-f69869df-01-s0-d12,127,-10.0,10.0,20.0
2024-2024123104gm-00a9-0000-f69869df-01-s0-d12,128,10.0,10.0,0.0
2024-2024123104gm-00a9-0000-f69869df-01-s0-d12,129,-4.0,-4.0,0.0
2024-2024123104gm-00a9-0000-f69869df-01-s0-d12,130,-10.0,-10.0,0.0
2024-2024123104gm-00a9-0000-f69869df-01-s0-d12,131,10.0,-4.0,-14.0
2024-2024123104gm-00a9-0000-f69869df-01-s0-d12,132,10.0,-4.0,-14.0
2024-2024123104gm-00a9-0000-f69869df-01-s0-d12,133,4.0,4.0,0.0
2024-2024123104gm-00a9-0000-f69869df-01-s0-d12,134,-10.0,-4.0,6.0
2024-2024123104gm-00a9-0000-f69869df-01-s0-d12,135,4.0,4.0,0.0
2024-2024123104gm-00a9-0000-f69869df-01-s0-d12,136,4.0,4.0,0.0
2024-2024123104gm-00a9-0000-f69869df-01-s0-d12,137,10.0,-4.0,-14.0
2024-2024123104gm-00a9-0000-f69869df-01-s0-d12,138,-4.0,-4.0,0.0
2024-2024123104gm-00a9-0000-f69869df-01-s0-d12,139,10.0,4.0,-6.0
2024-2024123104gm-00a9-0000-f69869df-01-s0-d12,140,-4.0,4.0,8.0
2024-2024123104gm-00a9-0000-f69869df-01-s0-d12,141,4.0,4.0,0.0
2024-2024123104gm-00a9-0000-f69869df-01-s0-d12,142,-10.0,-10.0,0.0
2024-2024123104gm-00a9-0000-f69869df-01-s0-d12,143,10.0,-4.0,-14.0
2024-2024123104gm-00a9-0000-f69869df-01-s0-d12,144,10.0,4.0,-6.0
2024-2024123104gm-00a9-0000-f69869df-01-s0-d12,145,-4.0,4.0,8.0
2024-2024123104gm-00a9-0000-f69869df-01-s0-d12,146,-10.0,4.0,14.0
2024-2024123104gm-00a9-0000-f69869df-01-s0-d12,147,-4.0,10.0,14.0
2024-2024123104gm-00a9-0000-f69869df-01-s0-d12,148,-4.0,10.0,14.0
2024-2024123104gm-00a9-0000-f69869df-01-s0-d12,149,4.0,-4.0,-8.0
2024-2024123104gm-00a9-0000-f69869df-01-s0-d12,150,10.0,10.0,0.0
2024-2024123104gm-00a9-0000-f69869df-01-s0-d12,151,10.0,-10.0,-20.0
2024-2024123104gm-00a9-0000-f69869df-01-s0-d12,152,4.0,-4.0,-8.0
2024-2024123104gm-00a9-0000-f69869df-01-s0-d12,153,4.0,4.0,0.0
2024-2024123104gm-00a9-0000-f69869df-01-s0-d12,154,-4.0,-4.0,0.0
2024-2024123104gm-00a9-0000-f69869df-01-s0-d12,155,10.0,10.0,0.0
2024-2024123104gm-00a9-0000-f69869df-01-s0-d12,156,-4.0,4.0,8.0
2024-2024123104gm-00a9-0000-f69869df-01-s0-d12,157,10.0,10.0,0.0
2024-2024123104gm-00a9-0000-f69869df-01-s0-d12,158,4.0,4.0,0.0
2024-2024123104gm-00a9-0000-f69869df-01-s0-d12,159,10.0,10.0,0.0
2024-2024123104gm-00a9-0000-f69869df-01-s0-d12,160,4.0,10.0,6.0
2024-2024123104gm-00a9-0000-f69869df-01-s0-d12,161,-10.0,-10.0,0.0
2024-2024123104gm-00a9-0000-f69869df-01-s0-d12,162,-10.0,-10.0,0.0
2024-2024123104gm-00a9-0000-f69869df-01-s0-d12,163,10.0,-4.0,-14.0
2024-2024123104gm-00a9-0000-f69869df-01-s0-d12,164,10.0,10.0,0.0
2024-2024123104gm-00a9-0000-f69869df-01-s0-d12,165,10.0,-4.0,-14.0
2024-2024123104gm-00a9-0000-f69869df-01-s0-d12,166,-4.0,-4.0,0.0
2024-2024123104gm-00a9-0000-f69869df-01-s0-d12,167,10.0,10.0,0.0
2024-2024123104gm-00a9-0000-f69869df-01-s0-d12,168,4.0,-4.0,-8.0
2024-2024123104gm-00a9-0000-f69869df-01-s0-d12,169,4.0,4.0,0.0
2024-2024123104gm-00a9-0000-f69869df-01-s0-d12,170,-10.0,-10.0,0.0
2024-2024123104gm-00a9-0000-f69869df-01-s0-d12,171,4.0,4.0,0.0
2024-2024123104gm-00a9-0000-f69869df-01-s0-d12,172,10.0,4.0,-6.0
2024-2024123104gm-00a9-0000-f69869df-01-s0-d12,173,4.0,-10.0,-14.0
2024-2024123104gm-00a9-0000-f69869df-01-s0-d12,174,4.0,4.0,0.0
2024-2024123104gm-00a9-0000-f69869df-01-s0-d12,175,4.0,-4.0,-8.0
2024-2024123104gm-00a9-0000-f69869df-01-s0-d12,176,10.0,4.0,-6.0
2024-2024123104gm-00a9-0000-f69869df-01-s0-d12,177,4.0,10.0,6.0
2024-2024123104gm-00a9-0000-f69869df-01-s0-d12,178,10.0,4.0,-6.0
2024-2024123104gm-00a9-0000-f69869df-01-s0-d12,179,-10.0,-10.0,0.0
2024-2024123104gm-00a9-0000-f69869df-01-s0-d12,180,-10.0,10.0,20.0
2024-2024123104gm-00a9-0000-f69869df-01-s0-d12,181,-10.0,-10.0,0.0
2024-2024123104gm-00a9-0000-f69869df-01-s0-d12,182,-10.0,10.0,20.0
2024-2024123104gm-00a9-0000-f69869df-01-s0-d12,183,-4.0,-10.0,-6.0
2024-2024123104gm-00a9-0000-f69869df-01-s0-d12,184,4.0,10.0,6.0
2024-2024123104gm-00a9-0000-f69869df-01-s0-d12,185,10.0,10.0,0.0
2024-2024123104gm-00a9-0000-f69869df-01-s0-d12,186,10.0,-10.0,-20.0
2024-2024123104gm-00a9-0000-f69869df-01-s0-d12,187,10.0,-4.0,-14.0
2024-2024123104gm-00a9-0000-f69869df-01-s0-d12,188,-4.0,-4.0,0.0
2024-2024123104gm-00a9-0000-f69869df-01-s0-d12,189,-4.0,-10.0,-6.0
2024-2024123104gm-00a9-0000-f69869df-01-s0-d12,190,4.0,4.0,0.0
2024-2024123104gm-00a9-0000-f69869df-01-s0-d12,191,-10.0,-4.0,6.0
2024-2024123104gm-00a9-0000-f69869df-01-s0-d12,192,-10.0,-4.0,6.0
2024-2024123104gm-00a9-0000-f69869df-01-s0-d12,193,4.0,10.0,6.0
2024-2024123104gm-00a9-0000-f69869df-01-s0-d12,194,-10.0,-10.0,0.0
2024-2024123104gm-00a9-0000-f69869df-01-s0-d12,195,-4.0,-10.0,-6.0
2024-2024123104gm-00a9-0000-f69869df-01-s0-d12,196,4.0,10.0,6.0
2024-2024123104gm-00a9-0000-f69869df-01-s0-d12,197,4.0,4.0,0.0
2024-2024123104gm-00a9-0000-f69869df-01-s0-d12,198,10.0,10.0,0.0
2024-2024123104gm-00a9-0000-f69869df-01-s0-d12,199,4.0,-4.0,-8.0
2024-2024123104gm-00a9-0000-f69869df-01-s0-d12,200,4.0,-10.0,-14.0
2024-2024123104gm-00a9-0000-f69869df-01-s0-d12,201,10.0,10.0,0.0
2024-2024123104gm-00a9-0000-f69869df-01-s0-d12,202,4.0,10.0,6.0
2024-2024123104gm-00a9-0000-f69869df-01-s0-d12,203,-4.0,-4.0,0.0
2024-2024123104gm-00a9-0000-f69869df-01-s0-d12,204,10.0,10.0,0.0
2024-2024123104gm-00a9-0000-f69869df-01-s0-d12,205,-4.0,10.0,14.0
2024-2024123104gm-00a9-0000-f69869df-01-s0-d12,206,4.0,-10.0,-14.0
2024-2024123104gm-00a9-0000-f69869df-01-s0-d12,207,-10.0,10.0,20.0
2024-2024123104gm-00a9-0000-f69869df-01-s0-d12,208,-4.0,4.0,8.0
2024-2024123104gm-00a9-0000-f69869df-01-s0-d12,209,10.0,10.0,0.0
2024-2024123104gm-00a9-0000-f69869df-01-s0-d12,210,-4.0,4.0,8.0
2024-2024123104gm-00a9-0000-f69869df-01-s0-d12,211,10.0,10.0,0.0
2024-2024123104gm-00a9-0000-f69869df-01-s0-d12,212,-10.0,-4.0,6.0
2024-2024123104gm-00a9-0000-f69869df-01-s0-d12,213,4.0,4.0,0.0
2024-2024123104gm-00a9-0000-f69869df-01-s0-d12,214,-4.0,10.0,14.0
2024-2024123104gm-00a9-0000-f69869df-01-s0-d12,215,-10.0,10.0,20.0
2024-2024123104gm-00a9-0000-f69869df-01-s0-d12,216,-4.0,-4.0,0.0
2024-2024123104gm-00a9-0000-f69869df-01-s0-d12,217,4.0,4.0,0.0
2024-2024123104gm-00a9-0000-f69869df-01-s0-d12,218,4.0,10.0,6.0
2024-2024123104gm-00a9-0000-f69869df-01-s0-d12,219,10.0,10.0,0.0
2024-2024123104gm-00a9-0000-f69869df-01-s0-d12,220,-10.0,4.0,14.0
2024-2024123104gm-00a9-0000-f69869df-01-s0-d12,221,10.0,10.0,0.0
2024-2024123104gm-00a9-0000-f69869df-01-s0-d12,222,10.0,10.0,0.0
2024-2024123104gm-00a9-0000-f69869df-01-s0-d12,223,10.0,10.0,0.0
2024-2024123104gm-00a9-0000-f69869df-01-s0-d12,224,-4.0,4.0,8.0
2024-2024123104gm-00a9-0000-f69869df-01-s0-d12,225,4.0,4.0,0.0
2024-2024123104gm-00a9-0000-f69869df-01-s0-d12,226,-4.0,-10.0,-6.0
2024-2024123104gm-00a9-0000-f69869df-01-s0-d12,227,-4.0,10.0,14.0
2024-2024123104gm-00a9-0000-f69869df-01-s0-d12,228,4.0,-4.0,-8.0
2024-2024123104gm-00a9-0000-f69869df-01-s0-d12,229,-10.0,-4.0,6.0
2024-2024123104gm-00a9-0000-f69869df-01-s0-d12,230,-10.0,-10.0,0.0
2024-2024123104gm-00a9-0000-f69869df-01-s0-d12,231,-10.0,-4.0,6.0
2024-2024123104gm-00a9-0000-f69869df-01-s0-d12,232,-4.0,-10.0,-6.0
2024-2024123104gm-00a9-0000-f69869df-01-s0-d12,233,10.0,-10.0,-20.0
2024-2024123104gm-00a9-0000-f69869df-01-s0-d12,234,4.0,-4.0,-8.0
2024-2024123104gm-00a9-0000-f69869df-01-s0-d12,235,10.0,10.0,0.0
2024-2024123104gm-00a9-0000-f69869df-01-s0-d12,236,-10.0,-10.0,0.0
2024-2024123104gm-00a9-0000-f69869df-01-s0-d12,237,-4.0,-4.0,0.0
2024-2024123104gm-00a9-0000-f69869df-01-s0-d12,238,-10.0,-4.0,6.0
2024-2024123104gm-00a9-0000-f69869df-01-s0-d12,239,10.0,4.0,-6.0
2024-2024123104gm-00a9-0000-f69869df-01-s0-d12,240,-4.0,-4.0,0.0
2024-2024123104gm-00a9-0000-f69869df-01-s0-d12,241,-4.0,-4.0,0.0
2024-2024123104gm-00a9-0000-f69869df-01-s0-d12,242,-10.0,4.0,14.0
2024-2024123104gm-00a9-0000-f69869df-01-s0-d12,243,-10.0,-4.0,6.0
2024-2024123104gm-00a9-0000-f69869df-01-s0-d12,244,10.0,10.0,0.0
2024-2024123104gm-00a9-0000-f69869df-01-s0-d12,245,4.0,10.0,6.0
2024-2024123104gm-00a9-0000-f69869df-01-s0-d12,246,-10.0,4.0,14.0
2024-2024123104gm-00a9-0000-f69869df-01-s0-d12,247,4.0,4.0,0.0
2024-2024123104gm-00a9-0000-f69869df-01-s0-d12,248,10.0,10.0,0.0
2024-2024123104gm-00a9-0000-f69869df-01-s0-d12,249,4.0,4.0,0.0
2024-2024123104gm-00a9-0000-f69869df-01-s0-d12,250,-4.0,10.0,14.0
2024-2024123104gm-00a9-0000-f69869df-01-s0-d12,251,-10.0,-4.0,6.0
2024-2024123104gm-00a9-0000-f69869df-01-s0-d12,252,-4.0,4.0,8.0
2024-2024123104gm-00a9-0000-f69869df-01-s0-d12,253,4.0,4.0,0.0
2024-2024123104gm-00a9-0000-f69869df-01-s0-d12,254,-10.0,10.0,20.0
2024-2024123104gm-00a9-0000-f69869df-01-s0-d12,255,-4.0,-4.0,0.0
2025-2025011223gm-00a9-0000-7704598d-09-s2-d11,0,10.0,10.0,0.0
2025-2025011223gm-00a9-0000-7704598d-09-s2-d11,1,10.0,10.0,0.0
2025-2025011223gm-00a9-0000-7704598d-09-s2-d11,2,10.0,10.0,0.0
2025-2025011223gm-00a9-0000-7704598d-09-s2-d11,3,10.0,10.0,0.0
2025-2025011223gm-00a9-0000-7704598d-09-s2-d11,4,10.0,10.0,0.0
2025-2025011223gm-00a9-0000-7704598d-09-s2-d11,5,10.0,10.0,0.0
2025-2025011223gm-00a9-0000-7704598d-09-s2-d11,6,10.0,10.0,0.0
2025-2025011223gm-00a9-0000-7704598d-09-s2-d11,7,10.0,10.0,0.0
2025-2025011223gm-00a9-0000-7704598d-09-s2-d11,8,10.0,10.0,0.0
2025-2025011223gm-00a9-0000-7704598d-09-s2-d11,9,10.0,10.0,0.0
2025-2025011223gm-00a9-0000-7704598d-09-s2-d11,10,10.0,10.0,0.0
2025-2025011223gm-00a9-0000-7704598d-09-s2-d11,11,10.0,10.0,0.0
2025-2025011223gm-00a9-0000-7704598d-09-s2-d11,12,10.0,10.0,0.0
2025-2025011223gm-00a9-0000-7704598d-09-s2-d11,13,10.0,10.0,0.0
2025-2025011223gm-00a9-0000-7704598d-09-s2-d11,14,10.0,10.0,0.0
2025-2025011223gm-00a9-0000-7704598d-09-s2-d11,15,10.0,10.0,0.0
2025-2025011223gm-00a9-0000-7704598d-09-s2-d11,16,10.0,10.0,0.0
2025-2025011223gm-00a9-0000-7704598d-09-s2-d11,17,10.0,10.0,0.0
2025-2025011223gm-00a9-0000-7704598d-09-s2-d11,18,10.0,10.0,0.0
2025-2025011223gm-00a9-0000-7704598d-09-s2-d11,19,10.0,10.0,0.0
2025-2025011223gm-00a9-0000-7704598d-09-s2-d11,20,10.0,10.0,0.0
2025-2025011223gm-00a9-0000-7704598d-09-s2-d11,21,10.0,10.0,0.0
2025-2025011223gm-00a9-0000-7704598d-09-s2-d11,22,10.0,10.0,0.0
2025-2025011223gm-00a9-0000-7704598d-09-s2-d11,23,10.0,10.0,0.0
2025-2025011223gm-00a9-0000-7704598d-09-s2-d11,24,10.0,10.0,0.0
2025-2025011223gm-00a9-0000-7704598d-09-s2-d11,25,10.0,10.0,0.0
2025-2025011223gm-00a9-0000-7704598d-09-s2-d11,26,10.0,10.0,0.0
2025-2025011223gm-00a9-0000-7704598d-09-s2-d11,27,10.0,10.0,0.0
2025-2025011223gm-00a9-0000-7704598d-09-s2-d11,28,10.0,10.0,0.0
2025-2025011223gm-00a9-0000-7704598d-09-s2-d11,29,10.0,10.0,0.0
2025-2025011223gm-00a9-0000-7704598d-09-s2-d11,30,10.0,10.0,0.0
2025-2025011223gm-00a9-0000-7704598d-09-s2-d11,31,10.0,10.0,0.0
2025-2025011223gm-00a9-0000-7704598d-09-s2-d11,32,10.0,10.0,0.0
2025-2025011223gm-00a9-0000-7704598d-09-s2-d11,33,10.0,10.0,0.0
2025-2025011223gm-00a9-0000-7704598d-09-s2-d11,34,10.0,10.0,0.0
2025-2025011223gm-00a9-0000-7704598d-09-s2-d11,35,10.0,10.0,0.0
2025-2025011223gm-00a9-0000-7704598d-09-s2-d11,36,10.0,10.0,0.0
2025-2025011223gm-00a9-0000-7704598d-09-s2-d11,37,10.0,10.0,0.0
2025-2025011223gm-00a9-0000-7704598d-09-s2-d11,38,10.0,10.0,0.0
2025-2025011223gm-00a9-0000-7704598d-09-s2-d11,39,10.0,10.0,0.0
2025-2025011223gm-00a9-0000-7704598d-09-s2-d11,40,10.0,10.0,0.0
2025-2025011223gm-00a9-0000-7704598d-09-s2-d11,41,10.0,10.0,0.0
2025-2025011223gm-00a9-0000-7704598d-09-s2-d11,42,10.0,10.0,0.0
2025-2025011223gm-00a9-0000-7704598d-09-s2-d11,43,10.0,10.0,0.0
2025-2025011223gm-00a9-0000-7704598d-09-s2-d11,44,10.0,10.0,0.0
2025-2025011223gm-00a9-0000-7704598d-09-s2-d11,45,10.0,10.0,0.0
2025-2025011223gm-00a9-0000-7704598d-09-s2-d11,46,10.0,10.0,0.0
2025-2025011223gm-00a9-0000-7704598d-09-s2-d11,47,10.0,4.0,-6.0
2025-2025011223gm-00a9-0000-7704598d-09-s2-d11,48,10.0,10.0,0.0
2025-2025011223gm-00a9-0000-7704598d-09-s2-d11,49,10.0,10.0,0.0
2025-2025011223gm-00a9-0000-7704598d-09-s2-d11,50,10.0,10.0,0.0
2025-2025011223gm-00a9-0000-7704598d-09-s2-d11,51,10.0,10.0,0.0
2025-2025011223gm-00a9-0000-7704598d-09-s2-d11,52,10.0,4.0,-6.0
2025-2025011223gm-00a9-0000-7704598d-09-s2-d11,53,10.0,10.0,0.0
2025-2025011223gm-00a9-0000-7704598d-09-s2-d11,54,10.0,10.0,0.0
2025-2025011223gm-00a9-0000-7704598d-09-s2-d11,55,10.0,10.0,0.0
2025-2025011223gm-00a9-0000-7704598d-09-s2-d11,56,10.0,10.0,0.0
2025-2025011223gm-00a9-0000-7704598d-09-s2-d11,57,10.0,10.0,0.0
2025-2025011223gm-00a9-0000-7704598d-09-s2-d11,58,10.0,10.0,0.0
2025-2025011223gm-00a9-0000-7704598d-09-s2-d11,59,10.0,10.0,0.0
2025-2025011223gm-00a9-0000-7704598d-09-s2-d11,60,10.0,10.0,0.0
2025-2025011223gm-00a9-0000-7704598d-09-s2-d11,61,10.0,10.0,0.0
2025-2025011223gm-00a9-0000-7704598d-09-s2-d11,62,10.0,10.0,0.0
2025-2025011223gm-00a9-0000-7704598d-09-s2-d11,63,10.0,10.0,0.0
2025-2025011223gm-00a9-0000-7704598d-09-s2-d11,64,10.0,-4.0,-14.0
2025-2025011223gm-00a9-0000-7704598d-09-s2-d11,65,10.0,10.0,0.0
2025-2025011223gm-00a9-0000-7704598d-09-s2-d11,66,10.0,10.0,0.0
2025-2025011223gm-00a9-0000-7704598d-09-s2-d11,67,10.0,10.0,0.0
2025-2025011223gm-00a9-0000-7704598d-09-s2-d11,68,10.0,10.0,0.0
2025-2025011223gm-00a9-0000-7704598d-09-s2-d11,69,10.0,10.0,0.0
2025-2025011223gm-00a9-0000-7704598d-09-s2-d11,70,10.0,10.0,0.0
2025-2025011223gm-00a9-0000-7704598d-09-s2-d11,71,10.0,10.0,0.0
2025-2025011223gm-00a9-0000-7704598d-09-s2-d11,72,10.0,10.0,0.0
2025-2025011223gm-00a9-0000-7704598d-09-s2-d11,73,10.0,10.0,0.0
2025-2025011223gm-00a9-0000-7704598d-09-s2-d11,74,10.0,10.0,0.0
2025-2025011223gm-00a9-0000-7704598d-09-s2-d11,75,10.0,10.0,0.0
2025-2025011223gm-00a9-0000-7704598d-09-s2-d11,76,10.0,10.0,0.0
2025-2025011223gm-00a9-0000-7704598d-09-s2-d11,77,10.0,10.0,0.0
2025-2025011223gm-00a9-0000-7704598d-09-s2-d11,78,10.0,10.0,0.0
2025-2025011223gm-00a9-0000-7704598d-09-s2-d11,79,10.0,10.0,0.0
2025-2025011223gm-00a9-0000-7704598d-09-s2-d11,80,10.0,10.0,0.0
2025-2025011223gm-00a9-0000-7704598d-09-s2-d11,81,10.0,10.0,0.0
2025-2025011223gm-00a9-0000-7704598d-09-s2-d11,82,10.0,10.0,0.0
2025-2025011223gm-00a9-0000-7704598d-09-s2-d11,83,10.0,10.0,0.0
2025-2025011223gm-00a9-0000-7704598d-09-s2-d11,84,4.0,10.0,6.0
2025-2025011223gm-00a9-0000-7704598d-09-s2-d11,85,10.0,10.0,0.0
2025-2025011223gm-00a9-0000-7704598d-09-s2-d11,86,10.0,10.0,0.0
2025-2025011223gm-00a9-0000-7704598d-09-s2-d11,87,10.0,10.0,0.0
2025-2025011223gm-00a9-0000-7704598d-09-s2-d11,88,10.0,10.0,0.0
2025-2025011223gm-00a9-0000-7704598d-09-s2-d11,89,10.0,10.0,0.0
2025-2025011223gm-00a9-0000-7704598d-09-s2-d11,90,10.0,10.0,0.0
2025-2025011223gm-00a9-0000-7704598d-09-s2-d11,91,10.0,10.0,0.0
2025-2025011223gm-00a9-0000-7704598d-09-s2-d11,92,10.0,10.0,0.0
2025-2025011223gm-00a9-0000-7704598d-09-s2-d11,93,10.0,10.0,0.0
2025-2025011223gm-00a9-0000-7704598d-09-s2-d11,94,10.0,10.0,0.0
2025-2025011223gm-00a9-0000-7704598d-09-s2-d11,95,10.0,10.0,0.0
2025-2025011223gm-00a9-0000-7704598d-09-s2-d11,96,10.0,10.0,0.0
2025-2025011223gm-00a9-0000-7704598d-09-s2-d11,97,10.0,10.0,0.0
2025-2025011223gm-00a9-0000-7704598d-09-s2-d11,98,10.0,10.0,0.0
2025-2025011223gm-00a9-0000-7704598d-09-s2-d11,99,10.0,10.0,0.0
2025-2025011223gm-00a9-0000-7704598d-09-s2-d11,100,10.0,10.0,0.0
2025-2025011223gm-00a9-0000-7704598d-09-s2-d11,101,10.0,10.0,0.0
2025-2025011223gm-00a9-0000-7704598d-09-s2-d11,102,10.0,10.0,0.0
2025-2025011223gm-00a9-0000-7704598d-09-s2-d11,103,10.0,10.0,0.0
2025-2025011223gm-00a9-0000-7704598d-09-s2-d11,104,10.0,10.0,0.0
2025-2025011223gm-00a9-0000-7704598d-09-s2-d11,105,10.0,10.0,0.0
2025-2025011223gm-00a9-0000-7704598d-09-s2-d11,106,10.0,10.0,0.0
2025-2025011223gm-00a9-0000-7704598d-09-s2-d11,107,10.0,10.0,0.0
2025-2025011223gm-00a9-0000-7704598d-09-s2-d11,108,10.0,10.0,0.0
2025-2025011223gm-00a9-0000-7704598d-09-s2-d11,109,10.0,10.0,0.0
2025-2025011223gm-00a9-0000-7704598d-09-s2-d11,110,10.0,10.0,0.0
2025-2025011223gm-00a9-0000-7704598d-09-s2-d11,111,10.0,10.0,0.0
2025-2025011223gm-00a9-0000-7704598d-09-s2-d11,112,10.0,10.0,0.0
2025-2025011223gm-00a9-0000-7704598d-09-s2-d11,113,10.0,10.0,0.0
2025-2025011223gm-00a9-0000-7704598d-09-s2-d11,114,10.0,10.0,0.0
2025-2025011223gm-00a9-0000-7704598d-09-s2-d11,115,10.0,10.0,0.0
2025-2025011223gm-00a9-0000-7704598d-09-s2-d11,116,10.0,10.0,0.0
2025-2025011223gm-00a9-0000-7704598d-09-s2-d11,117,4.0,10.0,6.0
2025-2025011223gm-00a9-0000-7704598d-09-s2-d11,118,10.0,10.0,0.0
2025-2025011223gm-00a9-0000-7704598d-09-s2-d11,119,10.0,10.0,0.0
2025-2025011223gm-00a9-0000-7704598d-09-s2-d11,120,10.0,10.0,0.0
2025-2025011223gm-00a9-0000-7704598d-09-s2-d11,121,10.0,10.0,0.0
2025-2025011223gm-00a9-0000-7704598d-09-s2-d11,122,10.0,10.0,0.0
2025-2025011223gm-00a9-0000-7704598d-09-s2-d11,123,10.0,10.0,0.0
2025-2025011223gm-00a9-0000-7704598d-09-s2-d11,124,10.0,10.0,0.0
2025-2025011223gm-00a9-0000-7704598d-09-s2-d11,125,10.0,10.0,0.0
2025-2025011223gm-00a9-0000-7704598d-09-s2-d11,126,10.0,10.0,0.0
2025-2025011223gm-00a9-0000-7704598d-09-s2-d11,127,10.0,10.0,0.0
2025-2025011223gm-00a9-0000-7704598d-09-s2-d11,128,10.0,10.0,0.0
2025-2025011223gm-00a9-0000-7704598d-09-s2-d11,129,10.0,10.0,0.0
2025-2025011223gm-00a9-0000-7704598d-09-s2-d11,130,10.0,10.0,0.0
2025-2025011223gm-00a9-0000-7704598d-09-s2-d11,131,10.0,10.0,0.0
2025-2025011223gm-00a9-0000-7704598d-09-s2-d11,132,10.0,10.0,0.0
2025-2025011223gm-00a9-0000-7704598d-09-s2-d11,133,10.0,10.0,0.0
2025-2025011223gm-00a9-0000-7704598d-09-s2-d11,134,10.0,10.0,0.0
2025-2025011223gm-00a9-0000-7704598d-09-s2-d11,135,10.0,10.0,0.0
2025-2025011223gm-00a9-0000-7704598d-09-s2-d11,136,4.0,10.0,6.0
2025-2025011223gm-00a9-0000-7704598d-09-s2-d11,137,10.0,10.0,0.0
2025-2025011223gm-00a9-0000-7704598d-09-s2-d11,138,10.0,10.0,0.0
2025-2025011223gm-00a9-0000-7704598d-09-s2-d11,139,10.0,10.0,0.0
2025-2025011223gm-00a9-0000-7704598d-09-s2-d11,140,4.0,10.0,6.0
2025-2025011223gm-00a9-0000-7704598d-09-s2-d11,141,10.0,10.0,0.0
2025-2025011223gm-00a9-0000-7704598d-09-s2-d11,142,10.0,10.0,0.0
2025-2025011223gm-00a9-0000-7704598d-09-s2-d11,143,10.0,10.0,0.0
2025-2025011223gm-00a9-0000-7704598d-09-s2-d11,144,10.0,10.0,0.0
2025-2025011223gm-00a9-0000-7704598d-09-s2-d11,145,10.0,10.0,0.0
2025-2025011223gm-00a9-0000-7704598d-09-s2-d11,146,10.0,10.0,0.0
2025-2025011223gm-00a9-0000-7704598d-09-s2-d11,147,10.0,10.0,0.0
2025-2025011223gm-00a9-0000-7704598d-09-s2-d11,148,4.0,10.0,6.0
2025-2025011223gm-00a9-0000-7704598d-09-s2-d11,149,10.0,10.0,0.0
2025-2025011223gm-00a9-0000-7704598d-09-s2-d11,150,10.0,10.0,0.0
2025-2025011223gm-00a9-0000-7704598d-09-s2-d11,151,10.0,10.0,0.0
2025-2025011223gm-00a9-0000-7704598d-09-s2-d11,152,10.0,10.0,0.0
2025-2025011223gm-00a9-0000-7704598d-09-s2-d11,153,10.0,10.0,0.0
2025-2025011223gm-00a9-0000-7704598d-09-s2-d11,154,10.0,10.0,0.0
2025-2025011223gm-00a9-0000-7704598d-09-s2-d11,155,10.0,10.0,0.0
2025-2025011223gm-00a9-0000-7704598d-09-s2-d11,156,10.0,10.0,0.0
2025-2025011223gm-00a9-0000-7704598d-09-s2-d11,157,4.0,10.0,6.0
2025-2025011223gm-00a9-0000-7704598d-09-s2-d11,158,10.0,10.0,0.0
2025-2025011223gm-00a9-0000-7704598d-09-s2-d11,159,10.0,10.0,0.0
2025-2025011223gm-00a9-0000-7704598d-09-s2-d11,160,10.0,10.0,0.0
2025-2025011223gm-00a9-0000-7704598d-09-s2-d11,161,10.0,10.0,0.0
2025-2025011223gm-00a9-0000-7704598d-09-s2-d11,162,10.0,10.0,0.0
2025-2025011223gm-00a9-0000-7704598d-09-s2-d11,163,10.0,10.0,0.0
2025-2025011223gm-00a9-0000-7704598d-09-s2-d11,164,10.0,10.0,0.0
2025-2025011223gm-00a9-0000-7704598d-09-s2-d11,165,10.0,10.0,0.0
2025-2025011223gm-00a9-0000-7704598d-09-s2-d11,166,10.0,10.0,0.0
2025-2025011223gm-00a9-0000-7704598d-09-s2-d11,167,10.0,10.0,0.0
2025-2025011223gm-00a9-0000-7704598d-09-s2-d11,168,10.0,10.0,0.0
2025-2025011223gm-00a9-0000-7704598d-09-s2-d11,169,10.0,10.0,0.0
2025-2025011223gm-00a9-0000-7704598d-09-s2-d11,170,10.0,10.0,0.0
2025-2025011223gm-00a9-0000-7704598d-09-s2-d11,171,10.0,10.0,0.0
2025-2025011223gm-00a9-0000-7704598d-09-s2-d11,172,10.0,10.0,0.0
2025-2025011223gm-00a9-0000-7704598d-09-s2-d11,173,10.0,10.0,0.0
2025-2025011223gm-00a9-0000-7704598d-09-s2-d11,174,10.0,10.0,0.0
2025-2025011223gm-00a9-0000-7704598d-09-s2-d11,175,10.0,10.0,0.0
2025-2025011223gm-00a9-0000-7704598d-09-s2-d11,176,10.0,10.0,0.0
2025-2025011223gm-00a9-0000-7704598d-09-s2-d11,177,10.0,10.0,0.0
2025-2025011223gm-00a9-0000-7704598d-09-s2-d11,178,10.0,10.0,0.0
2025-2025011223gm-00a9-0000-7704598d-09-s2-d11,179,10.0,10.0,0.0
2025-2025011223gm-00a9-0000-7704598d-09-s2-d11,180,10.0,10.0,0.0
2025-2025011223gm-00a9-0000-7704598d-09-s2-d11,181,10.0,10.0,0.0
2025-2025011223gm-00a9-0000-7704598d-09-s2-d11,182,10.0,10.0,0.0
2025-2025011223gm-00a9-0000-7704598d-09-s2-d11,183,10.0,10.0,0.0
2025-2025011223gm-00a9-0000-7704598d-09-s2-d11,184,10.0,10.0,0.0
2025-2025011223gm-00a9-0000-7704598d-09-s2-d11,185,10.0,10.0,0.0
2025-2025011223gm-00a9-0000-7704598d-09-s2-d11,186,10.0,10.0,0.0
2025-2025011223gm-00a9-0000-7704598d-09-s2-d11,187,10.0,10.0,0.0
2025-2025011223gm-00a9-0000-7704598d-09-s2-d11,188,10.0,10.0,0.0
2025-2025011223gm-00a9-0000-7704598d-09-s2-d11,189,10.0,10.0,0.0
2025-2025011223gm-00a9-0000-7704598d-09-s2-d11,190,10.0,10.0,0.0
2025-2025011223gm-00a9-0000-7704598d-09-s2-d11,191,10.0,10.0,0.0
2025-2025011223gm-00a9-0000-7704598d-09-s2-d11,192,10.0,10.0,0.0
2025-2025011223gm-00a9-0000-7704598d-09-s2-d11,193,10.0,10.0,0.0
2025-2025011223gm-00a9-0000-7704598d-09-s2-d11,194,10.0,10.0,0.0
2025-2025011223gm-00a9-0000-7704598d-09-s2-d11,195,10.0,10.0,0.0
2025-2025011223gm-00a9-0000-7704598d-09-s2-d11,196,10.0,10.0,0.0
2025-2025011223gm-00a9-0000-7704598d-09-s2-d11,197,10.0,10.0,0.0
2025-2025011223gm-00a9-0000-7704598d-09-s2-d11,198,10.0,10.0,0.0
2025-2025011223gm-00a9-0000-7704598d-09-s2-d11,199,10.0,10.0,0.0
2025-2025011223gm-00a9-0000-7704598d-09-s2-d11,200,10.0,10.0,0.0
2025-2025011223gm-00a9-0000-7704598d-09-s2-d11,201,10.0,10.0,0.0
2025-2025011223gm-00a9-0000-7704598d-09-s2-d11,202,10.0,10.0,0.0
2025-2025011223gm-00a9-0000-7704598d-09-s2-d11,203,10.0,10.0,0.0
2025-2025011223gm-00a9-0000-7704598d-09-s2-d11,204,10.0,10.0,0.0
2025-2025011223gm-00a9-0000-7704598d-09-s2-d11,205,10.0,10.0,0.0
2025-2025011223gm-00a9-0000-7704598d-09-s2-d11,206,10.0,10.0,0.0
2025-2025011223gm-00a9-0000-7704598d-09-s2-d11,207,10.0,10.0,0.0
2025-2025011223gm-00a9-0000-7704598d-09-s2-d11,208,10.0,10.0,0.0
2025-2025011223gm-00a9-0000-7704598d-09-s2-d11,209,10.0,10.0,0.0
2025-2025011223gm-00a9-0000-7704598d-09-s2-d11,210,10.0,10.0,0.0
2025-2025011223gm-00a9-0000-7704598d-09-s2-d11,211,10.0,10.0,0.0
2025-2025011223gm-00a9-0000-7704598d-09-s2-d11,212,10.0,10.0,0.0
2025-2025011223gm-00a9-0000-7704598d-09-s2-d11,213,10.0,10.0,0.0
2025-2025011223gm-00a9-0000-7704598d-09-s2-d11,214,10.0,10.0,0.0
2025-2025011223gm-00a9-0000-7704598d-09-s2-d11,215,10.0,10.0,0.0
2025-2025011223gm-00a9-0000-7704598d-09-s2-d11,216,10.0,10.0,0.0
2025-2025011223gm-00a9-0000-7704598d-09-s2-d11,217,10.0,10.0,0.0
2025-2025011223gm-00a9-0000-7704598d-09-s2-d11,218,10.0,10.0,0.0
2025-2025011223gm-00a9-0000-7704598d-09-s2-d11,219,10.0,10.0,0.0
2025-2025011223gm-00a9-0000-7704598d-09-s2-d11,220,10.0,10.0,0.0
2025-2025011223gm-00a9-0000-7704598d-09-s2-d11,221,10.0,10.0,0.0
2025-2025011223gm-00a9-0000-7704598d-09-s2-d11,222,10.0,10.0,0.0
2025-2025011223gm-00a9-0000-7704598d-09-s2-d11,223,10.0,10.0,0.0
2025-2025011223gm-00a9-0000-7704598d-09-s2-d11,224,10.0,10.0,0.0
2025-2025011223gm-00a9-0000-7704598d-09-s2-d11,225,10.0,10.0,0.0
2025-2025011223gm-00a9-0000-7704598d-09-s2-d11,226,10.0,10.0,0.0
2025-2025011223gm-00a9-0000-7704598d-09-s2-d11,227,10.0,10.0,0.0
2025-2025011223gm-00a9-0000-7704598d-09-s2-d11,228,10.0,10.0,0.0
2025-2025011223gm-00a9-0000-7704598d-09-s2-d11,229,10.0,10.0,0.0
2025-2025011223gm-00a9-0000-7704598d-09-s2-d11,230,10.0,10.0,0.0
2025-2025011223gm-00a9-0000-7704598d-09-s2-d11,231,10.0,10.0,0.0
2025-2025011223gm-00a9-0000-7704598d-09-s2-d11,232,10.0,10.0,0.0
2025-2025011223gm-00a9-0000-7704598d-09-s2-d11,233,10.0,4.0,-6.0
2025-2025011223gm-00a9-0000-7704598d-09-s2-d11,234,10.0,10.0,0.0
2025-2025011223gm-00a9-0000-7704598d-09-s2-d11,235,4.0,10.0,6.0
2025-2025011223gm-00a9-0000-7704598d-09-s2-d11,236,10.0,10.0,0.0
2025-2025011223gm-00a9-0000-7704598d-09-s2-d11,237,10.0,10.0,0.0
2025-2025011223gm-00a9-0000-7704598d-09-s2-d11,238,10.0,10.0,0.0
2025-2025011223gm-00a9-0000-7704598d-09-s2-d11,239,10.0,10.0,0.0
2025-2025011223gm-00a9-0000-7704598d-09-s2-d11,240,10.0,10.0,0.0
2025-2025011223gm-00a9-0000-7704598d-09-s2-d11,241,10.0,10.0,0.0
2025-2025011223gm-00a9-0000-7704598d-09-s2-d11,242,10.0,10.0,0.0
2025-2025011223gm-00a9-0000-7704598d-09-s2-d11,243,10.0,10.0,0.0
2025-2025011223gm-00a9-0000-7704598d-09-s2-d11,244,4.0,10.0,6.0
2025-2025011223gm-00a9-0000-7704598d-09-s2-d11,245,10.0,10.0,0.0
2025-2025011223gm-00a9-0000-7704598d-09-s2-d11,246,10.0,10.0,0.0
2025-2025011223gm-00a9-0000-7704598d-09-s2-d11,247,10.0,10.0,0.0
2025-2025011223gm-00a9-0000-7704598d-09-s2-d11,248,10.0,10.0,0.0
2025-2025011223gm-00a9-0000-7704598d-09-s2-d11,249,10.0,10.0,0.0
2025-2025011223gm-00a9-0000-7704598d-09-s2-d11,250,10.0,10.0,0.0
2025-2025011223gm-00a9-0000-7704598d-09-s2-d11,251,10.0,10.0,0.0
2025-2025011223gm-00a9-0000-7704598d-09-s2-d11,252,10.0,10.0,0.0
2025-2025011223gm-00a9-0000-7704598d-09-s2-d11,253,10.0,10.0,0.0
2025-2025011223gm-00a9-0000-7704598d-09-s2-d11,254,10.0,10.0,0.0
2025-2025011223gm-00a9-0000-7704598d-09-s2-d11,255,10.0,10.0,0.0
2025-2025041217gm-00a9-0000-a3087215-06-s0-d11,0,-4.0,4.0,8.0
2025-2025041217gm-00a9-0000-a3087215-06-s0-d11,1,4.0,4.0,0.0
2025-2025041217gm-00a9-0000-a3087215-06-s0-d11,2,-10.0,4.0,14.0
2025-2025041217gm-00a9-0000-a3087215-06-s0-d11,3,-4.0,10.0,14.0
2025-2025041217gm-00a9-0000-a3087215-06-s0-d11,4,-4.0,-4.0,0.0
2025-2025041217gm-00a9-0000-a3087215-06-s0-d11,5,4.0,-4.0,-8.0
2025-2025041217gm-00a9-0000-a3087215-06-s0-d11,6,-10.0,-10.0,0.0
2025-2025041217gm-00a9-0000-a3087215-06-s0-d11,7,-4.0,-4.0,0.0
2025-2025041217gm-00a9-0000-a3087215-06-s0-d11,8,-4.0,-4.0,0.0
2025-2025041217gm-00a9-0000-a3087215-06-s0-d11,9,4.0,-4.0,-8.0
2025-2025041217gm-00a9-0000-a3087215-06-s0-d11,10,-4.0,-4.0,0.0
2025-2025041217gm-00a9-0000-a3087215-06-s0-d11,11,-4.0,-10.0,-6.0
2025-2025041217gm-00a9-0000-a3087215-06-s0-d11,12,-10.0,-10.0,0.0
2025-2025041217gm-00a9-0000-a3087215-06-s0-d11,13,4.0,-4.0,-8.0
2025-2025041217gm-00a9-0000-a3087215-06-s0-d11,14,-4.0,-4.0,0.0
2025-2025041217gm-00a9-0000-a3087215-06-s0-d11,15,4.0,4.0,0.0
2025-2025041217gm-00a9-0000-a3087215-06-s0-d11,16,-4.0,10.0,14.0
2025-2025041217gm-00a9-0000-a3087215-06-s0-d11,17,4.0,4.0,0.0
2025-2025041217gm-00a9-0000-a3087215-06-s0-d11,18,-4.0,4.0,8.0
2025-2025041217gm-00a9-0000-a3087215-06-s0-d11,19,-4.0,-4.0,0.0
2025-2025041217gm-00a9-0000-a3087215-06-s0-d11,20,-4.0,-4.0,0.0
2025-2025041217gm-00a9-0000-a3087215-06-s0-d11,21,-4.0,-4.0,0.0
2025-2025041217gm-00a9-0000-a3087215-06-s0-d11,22,-10.0,-10.0,0.0
2025-2025041217gm-00a9-0000-a3087215-06-s0-d11,23,-4.0,-4.0,0.0
2025-2025041217gm-00a9-0000-a3087215-06-s0-d11,24,4.0,4.0,0.0
2025-2025041217gm-00a9-0000-a3087215-06-s0-d11,25,10.0,-4.0,-14.0
2025-2025041217gm-00a9-0000-a3087215-06-s0-d11,26,4.0,4.0,0.0
2025-2025041217gm-00a9-0000-a3087215-06-s0-d11,27,10.0,-4.0,-14.0
2025-2025041217gm-00a9-0000-a3087215-06-s0-d11,28,-4.0,-4.0,0.0
2025-2025041217gm-00a9-0000-a3087215-06-s0-d11,29,4.0,4.0,0.0
2025-2025041217gm-00a9-0000-a3087215-06-s0-d11,30,10.0,10.0,0.0
2025-2025041217gm-00a9-0000-a3087215-06-s0-d11,31,4.0,-10.0,-14.0
2025-2025041217gm-00a9-0000-a3087215-06-s0-d11,32,-4.0,-4.0,0.0
2025-2025041217gm-00a9-0000-a3087215-06-s0-d11,33,4.0,-4.0,-8.0
2025-2025041217gm-00a9-0000-a3087215-06-s0-d11,34,-4.0,-10.0,-6.0
2025-2025041217gm-00a9-0000-a3087215-06-s0-d11,35,4.0,4.0,0.0
2025-2025041217gm-00a9-0000-a3087215-06-s0-d11,36,10.0,4.0,-6.0
2025-2025041217gm-00a9-0000-a3087215-06-s0-d11,37,-4.0,-4.0,0.0
2025-2025041217gm-00a9-0000-a3087215-06-s0-d11,38,-10.0,-4.0,6.0
2025-2025041217gm-00a9-0000-a3087215-06-s0-d11,39,-4.0,-4.0,0.0
2025-2025041217gm-00a9-0000-a3087215-06-s0-d11,40,-4.0,-4.0,0.0
2025-2025041217gm-00a9-0000-a3087215-06-s0-d11,41,4.0,-4.0,-8.0
2025-2025041217gm-00a9-0000-a3087215-06-s0-d11,42,4.0,4.0,0.0
2025-2025041217gm-00a9-0000-a3087215-06-s0-d11,43,4.0,4.0,0.0
2025-2025041217gm-00a9-0000-a3087215-06-s0-d11,44,10.0,10.0,0.0
2025-2025041217gm-00a9-0000-a3087215-06-s0-d11,45,4.0,4.0,0.0
2025-2025041217gm-00a9-0000-a3087215-06-s0-d11,46,-4.0,4.0,8.0
2025-2025041217gm-00a9-0000-a3087215-06-s0-d11,47,4.0,4.0,0.0
2025-2025041217gm-00a9-0000-a3087215-06-s0-d11,48,4.0,4.0,0.0
2025-2025041217gm-00a9-0000-a3087215-06-s0-d11,49,-4.0,-4.0,0.0
2025-2025041217gm-00a9-0000-a3087215-06-s0-d11,50,-4.0,-4.0,0.0
2025-2025041217gm-00a9-0000-a3087215-06-s0-d11,51,4.0,-10.0,-14.0
2025-2025041217gm-00a9-0000-a3087215-06-s0-d11,52,4.0,4.0,0.0
2025-2025041217gm-00a9-0000-a3087215-06-s0-d11,53,-4.0,10.0,14.0
2025-2025041217gm-00a9-0000-a3087215-06-s0-d11,54,4.0,4.0,0.0
2025-2025041217gm-00a9-0000-a3087215-06-s0-d11,55,-4.0,4.0,8.0
2025-2025041217gm-00a9-0000-a3087215-06-s0-d11,56,-4.0,-4.0,0.0
2025-2025041217gm-00a9-0000-a3087215-06-s0-d11,57,-4.0,-4.0,0.0
2025-2025041217gm-00a9-0000-a3087215-06-s0-d11,58,4.0,4.0,0.0
2025-2025041217gm-00a9-0000-a3087215-06-s0-d11,59,-4.0,-4.0,0.0
2025-2025041217gm-00a9-0000-a3087215-06-s0-d11,60,4.0,4.0,0.0
2025-2025041217gm-00a9-0000-a3087215-06-s0-d11,61,-4.0,4.0,8.0
2025-2025041217gm-00a9-0000-a3087215-06-s0-d11,62,-4.0,-4.0,0.0
2025-2025041217gm-00a9-0000-a3087215-06-s0-d11,63,4.0,-4.0,-8.0
2025-2025041217gm-00a9-0000-a3087215-06-s0-d11,64,4.0,-4.0,-8.0
2025-2025041217gm-00a9-0000-a3087215-06-s0-d11,65,-10.0,-4.0,6.0
2025-2025041217gm-00a9-0000-a3087215-06-s0-d11,66,-4.0,10.0,14.0
2025-2025041217gm-00a9-0000-a3087215-06-s0-d11,67,-4.0,-4.0,0.0
2025-2025041217gm-00a9-0000-a3087215-06-s0-d11,68,-4.0,4.0,8.0
2025-2025041217gm-00a9-0000-a3087215-06-s0-d11,69,-4.0,-4.0,0.0
2025-2025041217gm-00a9-0000-a3087215-06-s0-d11,70,4.0,4.0,0.0
2025-2025041217gm-00a9-0000-a3087215-06-s0-d11,71,-4.0,-4.0,0.0
2025-2025041217gm-00a9-0000-a3087215-06-s0-d11,72,-4.0,-10.0,-6.0
2025-2025041217gm-00a9-0000-a3087215-06-s0-d11,73,-4.0,-4.0,0.0
2025-2025041217gm-00a9-0000-a3087215-06-s0-d11,74,-4.0,-4.0,0.0
2025-2025041217gm-00a9-0000-a3087215-06-s0-d11,75,-4.0,-4.0,0.0
2025-2025041217gm-00a9-0000-a3087215-06-s0-d11,76,10.0,10.0,0.0
2025-2025041217gm-00a9-0000-a3087215-06-s0-d11,77,-4.0,-4.0,0.0
2025-2025041217gm-00a9-0000-a3087215-06-s0-d11,78,-4.0,-4.0,0.0
2025-2025041217gm-00a9-0000-a3087215-06-s0-d11,79,-4.0,10.0,14.0
2025-2025041217gm-00a9-0000-a3087215-06-s0-d11,80,-4.0,-4.0,0.0
2025-2025041217gm-00a9-0000-a3087215-06-s0-d11,81,-4.0,-4.0,0.0
2025-2025041217gm-00a9-0000-a3087215-06-s0-d11,82,-4.0,-4.0,0.0
2025-2025041217gm-00a9-0000-a3087215-06-s0-d11,83,4.0,-4.0,-8.0
2025-2025041217gm-00a9-0000-a3087215-06-s0-d11,84,4.0,4.0,0.0
2025-2025041217gm-00a9-0000-a3087215-06-s0-d11,85,-4.0,-4.0,0.0
2025-2025041217gm-00a9-0000-a3087215-06-s0-d11,86,-4.0,4.0,8.0
2025-2025041217gm-00a9-0000-a3087215-06-s0-d11,87,-10.0,-4.0,6.0
2025-2025041217gm-00a9-0000-a3087215-06-s0-d11,88,-4.0,-4.0,0.0
2025-2025041217gm-00a9-0000-a3087215-06-s0-d11,89,-4.0,-4.0,0.0
2025-2025041217gm-00a9-0000-a3087215-06-s0-d11,90,-4.0,-4.0,0.0
2025-2025041217gm-00a9-0000-a3087215-06-s0-d11,91,-4.0,-4.0,0.0
2025-2025041217gm-00a9-0000-a3087215-06-s0-d11,92,4.0,4.0,0.0
2025-2025041217gm-00a9-0000-a3087215-06-s0-d11,93,10.0,4.0,-6.0
2025-2025041217gm-00a9-0000-a3087215-06-s0-d11,94,-4.0,-4.0,0.0
2025-2025041217gm-00a9-0000-a3087215-06-s0-d11,95,-4.0,-4.0,0.0
2025-2025041217gm-00a9-0000-a3087215-06-s0-d11,96,-4.0,4.0,8.0
2025-2025041217gm-00a9-0000-a3087215-06-s0-d11,97,4.0,4.0,0.0
2025-2025041217gm-00a9-0000-a3087215-06-s0-d11,98,10.0,10.0,0.0
2025-2025041217gm-00a9-0000-a3087215-06-s0-d11,99,-4.0,10.0,14.0
2025-2025041217gm-00a9-0000-a3087215-06-s0-d11,100,-4.0,4.0,8.0
2025-2025041217gm-00a9-0000-a3087215-06-s0-d11,101,-4.0,-4.0,0.0
2025-2025041217gm-00a9-0000-a3087215-06-s0-d11,102,4.0,4.0,0.0
2025-2025041217gm-00a9-0000-a3087215-06-s0-d11,103,-4.0,-4.0,0.0
2025-2025041217gm-00a9-0000-a3087215-06-s0-d11,104,4.0,4.0,0.0
2025-2025041217gm-00a9-0000-a3087215-06-s0-d11,105,-4.0,10.0,14.0
2025-2025041217gm-00a9-0000-a3087215-06-s0-d11,106,-4.0,4.0,8.0
2025-2025041217gm-00a9-0000-a3087215-06-s0-d11,107,4.0,4.0,0.0
2025-2025041217gm-00a9-0000-a3087215-06-s0-d11,108,-4.0,4.0,8.0
2025-2025041217gm-00a9-0000-a3087215-06-s0-d11,109,-4.0,-4.0,0.0
2025-2025041217gm-00a9-0000-a3087215-06-s0-d11,110,-4.0,-4.0,0.0
2025-2025041217gm-00a9-0000-a3087215-06-s0-d11,111,4.0,-4.0,-8.0
2025-2025041217gm-00a9-0000-a3087215-06-s0-d11,112,4.0,-4.0,-8.0
2025-2025041217gm-00a9-0000-a3087215-06-s0-d11,113,-4.0,-4.0,0.0
2025-2025041217gm-00a9-0000-a3087215-06-s0-d11,114,10.0,10.0,0.0
2025-2025041217gm-00a9-0000-a3087215-06-s0-d11,115,4.0,4.0,0.0
2025-2025041217gm-00a9-0000-a3087215-06-s0-d11,116,-4.0,-4.0,0.0
2025-2025041217gm-00a9-0000-a3087215-06-s0-d11,117,-4.0,-4.0,0.0
2025-2025041217gm-00a9-0000-a3087215-06-s0-d11,118,4.0,4.0,0.0
2025-2025041217gm-00a9-0000-a3087215-06-s0-d11,119,-4.0,-4.0,0.0
2025-2025041217gm-00a9-0000-a3087215-06-s0-d11,120,-4.0,-4.0,0.0
2025-2025041217gm-00a9-0000-a3087215-06-s0-d11,121,-4.0,-4.0,0.0
2025-2025041217gm-00a9-0000-a3087215-06-s0-d11,122,4.0,4.0,0.0
2025-2025041217gm-00a9-0000-a3087215-06-s0-d11,123,4.0,10.0,6.0
2025-2025041217gm-00a9-0000-a3087215-06-s0-d11,124,-4.0,-4.0,0.0
2025-2025041217gm-00a9-0000-a3087215-06-s0-d11,125,-4.0,-4.0,0.0
2025-2025041217gm-00a9-0000-a3087215-06-s0-d11,126,10.0,10.0,0.0
2025-2025041217gm-00a9-0000-a3087215-06-s0-d11,127,4.0,4.0,0.0
2025-2025041217gm-00a9-0000-a3087215-06-s0-d11,128,-4.0,4.0,8.0
2025-2025041217gm-00a9-0000-a3087215-06-s0-d11,129,-4.0,-4.0,0.0
2025-2025041217gm-00a9-0000-a3087215-06-s0-d11,130,-10.0,-4.0,6.0
2025-2025041217gm-00a9-0000-a3087215-06-s0-d11,131,-4.0,10.0,14.0
2025-2025041217gm-00a9-0000-a3087215-06-s0-d11,132,-4.0,-4.0,0.0
2025-2025041217gm-00a9-0000-a3087215-06-s0-d11,133,4.0,-4.0,-8.0
2025-2025041217gm-00a9-0000-a3087215-06-s0-d11,134,-4.0,4.0,8.0
2025-2025041217gm-00a9-0000-a3087215-06-s0-d11,135,4.0,-4.0,-8.0
2025-2025041217gm-00a9-0000-a3087215-06-s0-d11,136,-4.0,-4.0,0.0
2025-2025041217gm-00a9-0000-a3087215-06-s0-d11,137,-4.0,4.0,8.0
2025-2025041217gm-00a9-0000-a3087215-06-s0-d11,138,-4.0,4.0,8.0
2025-2025041217gm-00a9-0000-a3087215-06-s0-d11,139,-4.0,-4.0,0.0
2025-2025041217gm-00a9-0000-a3087215-06-s0-d11,140,-4.0,-4.0,0.0
2025-2025041217gm-00a9-0000-a3087215-06-s0-d11,141,-10.0,4.0,14.0
2025-2025041217gm-00a9-0000-a3087215-06-s0-d11,142,-4.0,-4.0,0.0
2025-2025041217gm-00a9-0000-a3087215-06-s0-d11,143,-4.0,-4.0,0.0
2025-2025041217gm-00a9-0000-a3087215-06-s0-d11,144,4.0,4.0,0.0
2025-2025041217gm-00a9-0000-a3087215-06-s0-d11,145,-4.0,-4.0,0.0
2025-2025041217gm-00a9-0000-a3087215-06-s0-d11,146,-4.0,4.0,8.0
2025-2025041217gm-00a9-0000-a3087215-06-s0-d11,147,4.0,4.0,0.0
2025-2025041217gm-00a9-0000-a3087215-06-s0-d11,148,10.0,10.0,0.0
2025-2025041217gm-00a9-0000-a3087215-06-s0-d11,149,-4.0,4.0,8.0
2025-2025041217gm-00a9-0000-a3087215-06-s0-d11,150,4.0,4.0,0.0
2025-2025041217gm-00a9-0000-a3087215-06-s0-d11,151,-4.0,-4.0,0.0
2025-2025041217gm-00a9-0000-a3087215-06-s0-d11,152,-4.0,4.0,8.0
2025-2025041217gm-00a9-0000-a3087215-06-s0-d11,153,-4.0,-4.0,0.0
2025-2025041217gm-00a9-0000-a3087215-06-s0-d11,154,-4.0,-4.0,0.0
2025-2025041217gm-00a9-0000-a3087215-06-s0-d11,155,-4.0,4.0,8.0
2025-2025041217gm-00a9-0000-a3087215-06-s0-d11,156,-4.0,-4.0,0.0
2025-2025041217gm-00a9-0000-a3087215-06-s0-d11,157,4.0,10.0,6.0
2025-2025041217gm-00a9-0000-a3087215-06-s0-d11,158,-4.0,-4.0,0.0
2025-2025041217gm-00a9-0000-a3087215-06-s0-d11,159,10.0,4.0,-6.0
2025-2025041217gm-00a9-0000-a3087215-06-s0-d11,160,10.0,10.0,0.0
2025-2025041217gm-00a9-0000-a3087215-06-s0-d11,161,-4.0,-4.0,0.0
2025-2025041217gm-00a9-0000-a3087215-06-s0-d11,162,4.0,4.0,0.0
2025-2025041217gm-00a9-0000-a3087215-06-s0-d11,163,4.0,4.0,0.0
2025-2025041217gm-00a9-0000-a3087215-06-s0-d11,164,-4.0,-4.0,0.0
2025-2025041217gm-00a9-0000-a3087215-06-s0-d11,165,4.0,4.0,0.0
2025-2025041217gm-00a9-0000-a3087215-06-s0-d11,166,-4.0,4.0,8.0
2025-2025041217gm-00a9-0000-a3087215-06-s0-d11,167,-4.0,-4.0,0.0
2025-2025041217gm-00a9-0000-a3087215-06-s0-d11,168,-4.0,-4.0,0.0
2025-2025041217gm-00a9-0000-a3087215-06-s0-d11,169,4.0,4.0,0.0
2025-2025041217gm-00a9-0000-a3087215-06-s0-d11,170,4.0,4.0,0.0
2025-2025041217gm-00a9-0000-a3087215-06-s0-d11,171,-4.0,-4.0,0.0
2025-2025041217gm-00a9-0000-a3087215-06-s0-d11,172,-4.0,-10.0,-6.0
2025-2025041217gm-00a9-0000-a3087215-06-s0-d11,173,-4.0,-4.0,0.0
2025-2025041217gm-00a9-0000-a3087215-06-s0-d11,174,-4.0,-4.0,0.0
2025-2025041217gm-00a9-0000-a3087215-06-s0-d11,175,-4.0,-4.0,0.0
2025-2025041217gm-00a9-0000-a3087215-06-s0-d11,176,-4.0,-4.0,0.0
2025-2025041217gm-00a9-0000-a3087215-06-s0-d11,177,4.0,-10.0,-14.0
2025-2025041217gm-00a9-0000-a3087215-06-s0-d11,178,4.0,4.0,0.0
2025-2025041217gm-00a9-0000-a3087215-06-s0-d11,179,10.0,10.0,0.0
2025-2025041217gm-00a9-0000-a3087215-06-s0-d11,180,-4.0,4.0,8.0
2025-2025041217gm-00a9-0000-a3087215-06-s0-d11,181,4.0,4.0,0.0
2025-2025041217gm-00a9-0000-a3087215-06-s0-d11,182,-4.0,-4.0,0.0
2025-2025041217gm-00a9-0000-a3087215-06-s0-d11,183,-4.0,-4.0,0.0
2025-2025041217gm-00a9-0000-a3087215-06-s0-d11,184,-4.0,4.0,8.0
2025-2025041217gm-00a9-0000-a3087215-06-s0-d11,185,4.0,-4.0,-8.0
2025-2025041217gm-00a9-0000-a3087215-06-s0-d11,186,-10.0,-10.0,0.0
2025-2025041217gm-00a9-0000-a3087215-06-s0-d11,187,-4.0,-4.0,0.0
2025-2025041217gm-00a9-0000-a3087215-06-s0-d11,188,-4.0,-4.0,0.0
2025-2025041217gm-00a9-0000-a3087215-06-s0-d11,189,-4.0,-4.0,0.0
2025-2025041217gm-00a9-0000-a3087215-06-s0-d11,190,-4.0,-4.0,0.0
2025-2025041217gm-00a9-0000-a3087215-06-s0-d11,191,4.0,4.0,0.0
2025-2025041217gm-00a9-0000-a3087215-06-s0-d11,192,-4.0,-4.0,0.0
2025-2025041217gm-00a9-0000-a3087215-06-s0-d11,193,-4.0,-4.0,0.0
2025-2025041217gm-00a9-0000-a3087215-06-s0-d11,194,-4.0,-10.0,-6.0
2025-2025041217gm-00a9-0000-a3087215-06-s0-d11,195,4.0,4.0,0.0
2025-2025041217gm-00a9-0000-a3087215-06-s0-d11,196,4.0,-4.0,-8.0
2025-2025041217gm-00a9-0000-a3087215-06-s0-d11,197,-4.0,4.0,8.0
2025-2025041217gm-00a9-0000-a3087215-06-s0-d11,198,10.0,-4.0,-14.0
2025-2025041217gm-00a9-0000-a3087215-06-s0-d11,199,-4.0,4.0,8.0
2025-2025041217gm-00a9-0000-a3087215-06-s0-d11,200,-4.0,4.0,8.0
2025-2025041217gm-00a9-0000-a3087215-06-s0-d11,201,-4.0,-4.0,0.0
2025-2025041217gm-00a9-0000-a3087215-06-s0-d11,202,4.0,-4.0,-8.0
2025-2025041217gm-00a9-0000-a3087215-06-s0-d11,203,-4.0,4.0,8.0
2025-2025041217gm-00a9-0000-a3087215-06-s0-d11,204,-4.0,-4.0,0.0
2025-2025041217gm-00a9-0000-a3087215-06-s0-d11,205,-4.0,-4.0,0.0
2025-2025041217gm-00a9-0000-a3087215-06-s0-d11,206,-4.0,4.0,8.0
2025-2025041217gm-00a9-0000-a3087215-06-s0-d11,207,-4.0,4.0,8.0
2025-2025041217gm-00a9-0000-a3087215-06-s0-d11,208,4.0,10.0,6.0
2025-2025041217gm-00a9-0000-a3087215-06-s0-d11,209,-4.0,4.0,8.0
2025-2025041217gm-00a9-0000-a3087215-06-s0-d11,210,4.0,10.0,6.0
2025-2025041217gm-00a9-0000-a3087215-06-s0-d11,211,-4.0,-4.0,0.0
2025-2025041217gm-00a9-0000-a3087215-06-s0-d11,212,4.0,4.0,0.0
2025-2025041217gm-00a9-0000-a3087215-06-s0-d11,213,-4.0,4.0,8.0
2025-2025041217gm-00a9-0000-a3087215-06-s0-d11,214,-4.0,-4.0,0.0
2025-2025041217gm-00a9-0000-a3087215-06-s0-d11,215,-4.0,-4.0,0.0
2025-2025041217gm-00a9-0000-a3087215-06-s0-d11,216,-4.0,-4.0,0.0
2025-2025041217gm-00a9-0000-a3087215-06-s0-d11,217,-4.0,-4.0,0.0
2025-2025041217gm-00a9-0000-a3087215-06-s0-d11,218,-4.0,-4.0,0.0
2025-2025041217gm-00a9-0000-a3087215-06-s0-d11,219,4.0,4.0,0.0
2025-2025041217gm-00a9-0000-a3087215-06-s0-d11,220,-4.0,-4.0,0.0
2025-2025041217gm-00a9-0000-a3087215-06-s0-d11,221,-4.0,-4.0,0.0
2025-2025041217gm-00a9-0000-a3087215-06-s0-d11,222,4.0,4.0,0.0
2025-2025041217gm-00a9-0000-a3087215-06-s0-d11,223,-4.0,-4.0,0.0
2025-2025041217gm-00a9-0000-a3087215-06-s0-d11,224,-4.0,4.0,8.0
2025-2025041217gm-00a9-0000-a3087215-06-s0-d11,225,-4.0,-4.0,0.0
2025-2025041217gm-00a9-0000-a3087215-06-s0-d11,226,-4.0,-4.0,0.0
2025-2025041217gm-00a9-0000-a3087215-06-s0-d11,227,4.0,-4.0,-8.0
2025-2025041217gm-00a9-0000-a3087215-06-s0-d11,228,-4.0,10.0,14.0
2025-2025041217gm-00a9-0000-a3087215-06-s0-d11,229,-4.0,-4.0,0.0
2025-2025041217gm-00a9-0000-a3087215-06-s0-d11,230,4.0,4.0,0.0
2025-2025041217gm-00a9-0000-a3087215-06-s0-d11,231,-4.0,-4.0,0.0
2025-2025041217gm-00a9-0000-a3087215-06-s0-d11,232,-4.0,-4.0,0.0
2025-2025041217gm-00a9-0000-a3087215-06-s0-d11,233,-4.0,4.0,8.0
2025-2025041217gm-00a9-0000-a3087215-06-s0-d11,234,4.0,4.0,0.0
2025-2025041217gm-00a9-0000-a3087215-06-s0-d11,235,-4.0,-4.0,0.0
2025-2025041217gm-00a9-0000-a3087215-06-s0-d11,236,-4.0,-4.0,0.0
2025-2025041217gm-00a9-0000-a3087215-06-s0-d11,237,-4.0,-4.0,0.0
2025-2025041217gm-00a9-0000-a3087215-06-s0-d11,238,4.0,4.0,0.0
2025-2025041217gm-00a9-0000-a3087215-06-s0-d11,239,-4.0,4.0,8.0
2025-2025041217gm-00a9-0000-a3087215-06-s0-d11,240,-4.0,-4.0,0.0
2025-2025041217gm-00a9-0000-a3087215-06-s0-d11,241,-4.0,4.0,8.0
2025-2025041217gm-00a9-0000-a3087215-06-s0-d11,242,-4.0,-4.0,0.0
2025-2025041217gm-00a9-0000-a3087215-06-s0-d11,243,4.0,4.0,0.0
2025-2025041217gm-00a9-0000-a3087215-06-s0-d11,244,-4.0,10.0,14.0
2025-2025041217gm-00a9-0000-a3087215-06-s0-d11,245,-4.0,-4.0,0.0
2025-2025041217gm-00a9-0000-a3087215-06-s0-d11,246,4.0,-4.0,-8.0
2025-2025041217gm-00a9-0000-a3087215-06-s0-d11,247,-4.0,-4.0,0.0
2025-2025041217gm-00a9-0000-a3087215-06-s0-d11,248,-4.0,-4.0,0.0
2025-2025041217gm-00a9-0000-a3087215-06-s0-d11,249,4.0,4.0,0.0
2025-2025041217gm-00a9-0000-a3087215-06-s0-d11,250,-4.0,-4.0,0.0
2025-2025041217gm-00a9-0000-a3087215-06-s0-d11,251,4.0,4.0,0.0
2025-2025041217gm-00a9-0000-a3087215-06-s0-d11,252,-4.0,4.0,8.0
2025-2025041217gm-00a9-0000-a3087215-06-s0-d11,253,4.0,4.0,0.0
2025-2025041217gm-00a9-0000-a3087215-06-s0-d11,254,-4.0,-4.0,0.0
2025-2025041217gm-00a9-0000-a3087215-06-s0-d11,255,4.0,4.0,0.0
2025-2025041612gm-00a9-0000-17df09bd-03-s3-d0,0,10.0,10.0,0.0
2025-2025041612gm-00a9-0000-17df09bd-03-s3-d0,1,4.0,4.0,0.0
2025-2025041612gm-00a9-0000-17df09bd-03-s3-d0,2,4.0,4.0,0.0
2025-2025041612gm-00a9-0000-17df09bd-03-s3-d0,3,10.0,-4.0,-14.0
2025-2025041612gm-00a9-0000-17df09bd-03-s3-d0,4,4.0,10.0,6.0
2025-2025041612gm-00a9-0000-17df09bd-03-s3-d0,5,10.0,10.0,0.0
2025-2025041612gm-00a9-0000-17df09bd-03-s3-d0,6,10.0,-4.0,-14.0
2025-2025041612gm-00a9-0000-17df09bd-03-s3-d0,7,10.0,10.0,0.0
2025-2025041612gm-00a9-0000-17df09bd-03-s3-d0,8,10.0,10.0,0.0
2025-2025041612gm-00a9-0000-17df09bd-03-s3-d0,9,10.0,4.0,-6.0
2025-2025041612gm-00a9-0000-17df09bd-03-s3-d0,10,10.0,10.0,0.0
2025-2025041612gm-00a9-0000-17df09bd-03-s3-d0,11,10.0,-10.0,-20.0
2025-2025041612gm-00a9-0000-17df09bd-03-s3-d0,12,4.0,10.0,6.0
2025-2025041612gm-00a9-0000-17df09bd-03-s3-d0,13,10.0,10.0,0.0
2025-2025041612gm-00a9-0000-17df09bd-03-s3-d0,14,10.0,10.0,0.0
2025-2025041612gm-00a9-0000-17df09bd-03-s3-d0,15,10.0,10.0,0.0
2025-2025041612gm-00a9-0000-17df09bd-03-s3-d0,16,4.0,4.0,0.0
2025-2025041612gm-00a9-0000-17df09bd-03-s3-d0,17,4.0,10.0,6.0
2025-2025041612gm-00a9-0000-17df09bd-03-s3-d0,18,10.0,10.0,0.0
2025-2025041612gm-00a9-0000-17df09bd-03-s3-d0,19,-4.0,10.0,14.0
2025-2025041612gm-00a9-0000-17df09bd-03-s3-d0,20,10.0,10.0,0.0
2025-2025041612gm-00a9-0000-17df09bd-03-s3-d0,21,10.0,4.0,-6.0
2025-2025041612gm-00a9-0000-17df09bd-03-s3-d0,22,4.0,10.0,6.0
2025-2025041612gm-00a9-0000-17df09bd-03-s3-d0,23,10.0,4.0,-6.0
2025-2025041612gm-00a9-0000-17df09bd-03-s3-d0,24,10.0,10.0,0.0
2025-2025041612gm-00a9-0000-17df09bd-03-s3-d0,25,10.0,-10.0,-20.0
2025-2025041612gm-00a9-0000-17df09bd-03-s3-d0,26,10.0,4.0,-6.0
2025-2025041612gm-00a9-0000-17df09bd-03-s3-d0,27,4.0,4.0,0.0
2025-2025041612gm-00a9-0000-17df09bd-03-s3-d0,28,10.0,10.0,0.0
2025-2025041612gm-00a9-0000-17df09bd-03-s3-d0,29,4.0,10.0,6.0
2025-2025041612gm-00a9-0000-17df09bd-03-s3-d0,30,4.0,-4.0,-8.0
2025-2025041612gm-00a9-0000-17df09bd-03-s3-d0,31,4.0,4.0,0.0
2025-2025041612gm-00a9-0000-17df09bd-03-s3-d0,32,10.0,4.0,-6.0
2025-2025041612gm-00a9-0000-17df09bd-03-s3-d0,33,10.0,10.0,0.0
2025-2025041612gm-00a9-0000-17df09bd-03-s3-d0,34,10.0,10.0,0.0
2025-2025041612gm-00a9-0000-17df09bd-03-s3-d0,35,10.0,10.0,0.0
2025-2025041612gm-00a9-0000-17df09bd-03-s3-d0,36,4.0,10.0,6.0
2025-2025041612gm-00a9-0000-17df09bd-03-s3-d0,37,4.0,-4.0,-8.0
2025-2025041612gm-00a9-0000-17df09bd-03-s3-d0,38,10.0,10.0,0.0
2025-2025041612gm-00a9-0000-17df09bd-03-s3-d0,39,10.0,-4.0,-14.0
2025-2025041612gm-00a9-0000-17df09bd-03-s3-d0,40,10.0,10.0,0.0
2025-2025041612gm-00a9-0000-17df09bd-03-s3-d0,41,10.0,10.0,0.0
2025-2025041612gm-00a9-0000-17df09bd-03-s3-d0,42,10.0,-4.0,-14.0
2025-2025041612gm-00a9-0000-17df09bd-03-s3-d0,43,-4.0,4.0,8.0
2025-2025041612gm-00a9-0000-17df09bd-03-s3-d0,44,-10.0,4.0,14.0
2025-2025041612gm-00a9-0000-17df09bd-03-s3-d0,45,10.0,10.0,0.0
2025-2025041612gm-00a9-0000-17df09bd-03-s3-d0,46,10.0,10.0,0.0
2025-2025041612gm-00a9-0000-17df09bd-03-s3-d0,47,-4.0,10.0,14.0
2025-2025041612gm-00a9-0000-17df09bd-03-s3-d0,48,10.0,10.0,0.0
2025-2025041612gm-00a9-0000-17df09bd-03-s3-d0,49,4.0,10.0,6.0
2025-2025041612gm-00a9-0000-17df09bd-03-s3-d0,50,10.0,4.0,-6.0
2025-2025041612gm-00a9-0000-17df09bd-03-s3-d0,51,10.0,10.0,0.0
2025-2025041612gm-00a9-0000-17df09bd-03-s3-d0,52,10.0,10.0,0.0
2025-2025041612gm-00a9-0000-17df09bd-03-s3-d0,53,4.0,10.0,6.0
2025-2025041612gm-00a9-0000-17df09bd-03-s3-d0,54,10.0,10.0,0.0
2025-2025041612gm-00a9-0000-17df09bd-03-s3-d0,55,10.0,10.0,0.0
2025-2025041612gm-00a9-0000-17df09bd-03-s3-d0,56,10.0,10.0,0.0
2025-2025041612gm-00a9-0000-17df09bd-03-s3-d0,57,10.0,4.0,-6.0
2025-2025041612gm-00a9-0000-17df09bd-03-s3-d0,58,4.0,10.0,6.0
2025-2025041612gm-00a9-0000-17df09bd-03-s3-d0,59,10.0,10.0,0.0
2025-2025041612gm-00a9-0000-17df09bd-03-s3-d0,60,10.0,-10.0,-20.0
2025-2025041612gm-00a9-0000-17df09bd-03-s3-d0,61,-4.0,4.0,8.0
2025-2025041612gm-00a9-0000-17df09bd-03-s3-d0,62,10.0,10.0,0.0
2025-2025041612gm-00a9-0000-17df09bd-03-s3-d0,63,10.0,4.0,-6.0
2025-2025041612gm-00a9-0000-17df09bd-03-s3-d0,64,4.0,10.0,6.0
2025-2025041612gm-00a9-0000-17df09bd-03-s3-d0,65,10.0,10.0,0.0
2025-2025041612gm-00a9-0000-17df09bd-03-s3-d0,66,4.0,10.0,6.0
2025-2025041612gm-00a9-0000-17df09bd-03-s3-d0,67,10.0,10.0,0.0
2025-2025041612gm-00a9-0000-17df09bd-03-s3-d0,68,10.0,4.0,-6.0
2025-2025041612gm-00a9-0000-17df09bd-03-s3-d0,69,4.0,10.0,6.0
2025-2025041612gm-00a9-0000-17df09bd-03-s3-d0,70,4.0,10.0,6.0
2025-2025041612gm-00a9-0000-17df09bd-03-s3-d0,71,10.0,10.0,0.0
2025-2025041612gm-00a9-0000-17df09bd-03-s3-d0,72,10.0,-4.0,-14.0
2025-2025041612gm-00a9-0000-17df09bd-03-s3-d0,73,10.0,10.0,0.0
2025-2025041612gm-00a9-0000-17df09bd-03-s3-d0,74,10.0,10.0,0.0
2025-2025041612gm-00a9-0000-17df09bd-03-s3-d0,75,4.0,10.0,6.0
2025-2025041612gm-00a9-0000-17df09bd-03-s3-d0,76,10.0,10.0,0.0
2025-2025041612gm-00a9-0000-17df09bd-03-s3-d0,77,10.0,10.0,0.0
2025-2025041612gm-00a9-0000-17df09bd-03-s3-d0,78,4.0,4.0,0.0
2025-2025041612gm-00a9-0000-17df09bd-03-s3-d0,79,10.0,10.0,0.0
2025-2025041612gm-00a9-0000-17df09bd-03-s3-d0,80,10.0,10.0,0.0
2025-2025041612gm-00a9-0000-17df09bd-03-s3-d0,81,4.0,10.0,6.0
2025-2025041612gm-00a9-0000-17df09bd-03-s3-d0,82,10.0,10.0,0.0
2025-2025041612gm-00a9-0000-17df09bd-03-s3-d0,83,4.0,10.0,6.0
2025-2025041612gm-00a9-0000-17df09bd-03-s3-d0,84,10.0,-4.0,-14.0
2025-2025041612gm-00a9-0000-17df09bd-03-s3-d0,85,4.0,10.0,6.0
2025-2025041612gm-00a9-0000-17df09bd-03-s3-d0,86,-4.0,-4.0,0.0
2025-2025041612gm-00a9-0000-17df09bd-03-s3-d0,87,10.0,-10.0,-20.0
2025-2025041612gm-00a9-0000-17df09bd-03-s3-d0,88,10.0,10.0,0.0
2025-2025041612gm-00a9-0000-17df09bd-03-s3-d0,89,4.0,4.0,0.0
2025-2025041612gm-00a9-0000-17df09bd-03-s3-d0,90,4.0,4.0,0.0
2025-2025041612gm-00a9-0000-17df09bd-03-s3-d0,91,10.0,4.0,-6.0
2025-2025041612gm-00a9-0000-17df09bd-03-s3-d0,92,10.0,10.0,0.0
2025-2025041612gm-00a9-0000-17df09bd-03-s3-d0,93,4.0,4.0,0.0
2025-2025041612gm-00a9-0000-17df09bd-03-s3-d0,94,10.0,10.0,0.0
2025-2025041612gm-00a9-0000-17df09bd-03-s3-d0,95,-4.0,10.0,14.0
2025-2025041612gm-00a9-0000-17df09bd-03-s3-d0,96,4.0,10.0,6.0
2025-2025041612gm-00a9-0000-17df09bd-03-s3-d0,97,10.0,10.0,0.0
2025-2025041612gm-00a9-0000-17df09bd-03-s3-d0,98,10.0,10.0,0.0
2025-2025041612gm-00a9-0000-17df09bd-03-s3-d0,99,4.0,10.0,6.0
2025-2025041612gm-00a9-0000-17df09bd-03-s3-d0,100,10.0,10.0,0.0
2025-2025041612gm-00a9-0000-17df09bd-03-s3-d0,101,10.0,4.0,-6.0
2025-2025041612gm-00a9-0000-17df09bd-03-s3-d0,102,4.0,4.0,0.0
2025-2025041612gm-00a9-0000-17df09bd-03-s3-d0,103,-4.0,4.0,8.0
2025-2025041612gm-00a9-0000-17df09bd-03-s3-d0,104,10.0,10.0,0.0
2025-2025041612gm-00a9-0000-17df09bd-03-s3-d0,105,-4.0,10.0,14.0
2025-2025041612gm-00a9-0000-17df09bd-03-s3-d0,106,10.0,4.0,-6.0
2025-2025041612gm-00a9-0000-17df09bd-03-s3-d0,107,10.0,10.0,0.0
2025-2025041612gm-00a9-0000-17df09bd-03-s3-d0,108,4.0,10.0,6.0
2025-2025041612gm-00a9-0000-17df09bd-03-s3-d0,109,4.0,4.0,0.0
2025-2025041612gm-00a9-0000-17df09bd-03-s3-d0,110,4.0,-4.0,-8.0
2025-2025041612gm-00a9-0000-17df09bd-03-s3-d0,111,10.0,10.0,0.0
2025-2025041612gm-00a9-0000-17df09bd-03-s3-d0,112,10.0,10.0,0.0
2025-2025041612gm-00a9-0000-17df09bd-03-s3-d0,113,10.0,10.0,0.0
2025-2025041612gm-00a9-0000-17df09bd-03-s3-d0,114,10.0,4.0,-6.0
2025-2025041612gm-00a9-0000-17df09bd-03-s3-d0,115,-10.0,10.0,20.0
2025-2025041612gm-00a9-0000-17df09bd-03-s3-d0,116,10.0,10.0,0.0
2025-2025041612gm-00a9-0000-17df09bd-03-s3-d0,117,4.0,-4.0,-8.0
2025-2025041612gm-00a9-0000-17df09bd-03-s3-d0,118,4.0,10.0,6.0
2025-2025041612gm-00a9-0000-17df09bd-03-s3-d0,119,10.0,10.0,0.0
2025-2025041612gm-00a9-0000-17df09bd-03-s3-d0,120,10.0,10.0,0.0
2025-2025041612gm-00a9-0000-17df09bd-03-s3-d0,121,4.0,10.0,6.0
2025-2025041612gm-00a9-0000-17df09bd-03-s3-d0,122,10.0,-4.0,-14.0
2025-2025041612gm-00a9-0000-17df09bd-03-s3-d0,123,4.0,10.0,6.0
2025-2025041612gm-00a9-0000-17df09bd-03-s3-d0,124,10.0,10.0,0.0
2025-2025041612gm-00a9-0000-17df09bd-03-s3-d0,125,10.0,10.0,0.0
2025-2025041612gm-00a9-0000-17df09bd-03-s3-d0,126,10.0,10.0,0.0
2025-2025041612gm-00a9-0000-17df09bd-03-s3-d0,127,4.0,4.0,0.0
2025-2025041612gm-00a9-0000-17df09bd-03-s3-d0,128,10.0,10.0,0.0
2025-2025041612gm-00a9-0000-17df09bd-03-s3-d0,129,10.0,10.0,0.0
2025-2025041612gm-00a9-0000-17df09bd-03-s3-d0,130,10.0,10.0,0.0
2025-2025041612gm-00a9-0000-17df09bd-03-s3-d0,131,4.0,4.0,0.0
2025-2025041612gm-00a9-0000-17df09bd-03-s3-d0,132,10.0,4.0,-6.0
2025-2025041612gm-00a9-0000-17df09bd-03-s3-d0,133,4.0,-4.0,-8.0
2025-2025041612gm-00a9-0000-17df09bd-03-s3-d0,134,10.0,10.0,0.0
2025-2025041612gm-00a9-0000-17df09bd-03-s3-d0,135,10.0,10.0,0.0
2025-2025041612gm-00a9-0000-17df09bd-03-s3-d0,136,4.0,10.0,6.0
2025-2025041612gm-00a9-0000-17df09bd-03-s3-d0,137,10.0,10.0,0.0
2025-2025041612gm-00a9-0000-17df09bd-03-s3-d0,138,-4.0,-4.0,0.0
2025-2025041612gm-00a9-0000-17df09bd-03-s3-d0,139,4.0,4.0,0.0
2025-2025041612gm-00a9-0000-17df09bd-03-s3-d0,140,10.0,10.0,0.0
2025-2025041612gm-00a9-0000-17df09bd-03-s3-d0,141,-4.0,10.0,14.0
2025-2025041612gm-00a9-0000-17df09bd-03-s3-d0,142,10.0,10.0,0.0
2025-2025041612gm-00a9-0000-17df09bd-03-s3-d0,143,10.0,10.0,0.0
2025-2025041612gm-00a9-0000-17df09bd-03-s3-d0,144,10.0,10.0,0.0
2025-2025041612gm-00a9-0000-17df09bd-03-s3-d0,145,10.0,4.0,-6.0
2025-2025041612gm-00a9-0000-17df09bd-03-s3-d0,146,10.0,4.0,-6.0
2025-2025041612gm-00a9-0000-17df09bd-03-s3-d0,147,10.0,10.0,0.0
2025-2025041612gm-00a9-0000-17df09bd-03-s3-d0,148,-4.0,-4.0,0.0
2025-2025041612gm-00a9-0000-17df09bd-03-s3-d0,149,10.0,10.0,0.0
2025-2025041612gm-00a9-0000-17df09bd-03-s3-d0,150,10.0,10.0,0.0
2025-2025041612gm-00a9-0000-17df09bd-03-s3-d0,151,10.0,10.0,0.0
2025-2025041612gm-00a9-0000-17df09bd-03-s3-d0,152,10.0,4.0,-6.0
2025-2025041612gm-00a9-0000-17df09bd-03-s3-d0,153,4.0,-4.0,-8.0
2025-2025041612gm-00a9-0000-17df09bd-03-s3-d0,154,10.0,4.0,-6.0
2025-2025041612gm-00a9-0000-17df09bd-03-s3-d0,155,10.0,10.0,0.0
2025-2025041612gm-00a9-0000-17df09bd-03-s3-d0,156,10.0,4.0,-6.0
2025-2025041612gm-00a9-0000-17df09bd-03-s3-d0,157,-4.0,-4.0,0.0
2025-2025041612gm-00a9-0000-17df09bd-03-s3-d0,158,10.0,10.0,0.0
2025-2025041612gm-00a9-0000-17df09bd-03-s3-d0,159,10.0,10.0,0.0
2025-2025041612gm-00a9-0000-17df09bd-03-s3-d0,160,10.0,4.0,-6.0
2025-2025041612gm-00a9-0000-17df09bd-03-s3-d0,161,10.0,4.0,-6.0
2025-2025041612gm-00a9-0000-17df09bd-03-s3-d0,162,-4.0,10.0,14.0
2025-2025041612gm-00a9-0000-17df09bd-03-s3-d0,163,10.0,10.0,0.0
2025-2025041612gm-00a9-0000-17df09bd-03-s3-d0,164,4.0,4.0,0.0
2025-2025041612gm-00a9-0000-17df09bd-03-s3-d0,165,4.0,10.0,6.0
2025-2025041612gm-00a9-0000-17df09bd-03-s3-d0,166,10.0,4.0,-6.0
2025-2025041612gm-00a9-0000-17df09bd-03-s3-d0,167,10.0,10.0,0.0
2025-2025041612gm-00a9-0000-17df09bd-03-s3-d0,168,4.0,10.0,6.0
2025-2025041612gm-00a9-0000-17df09bd-03-s3-d0,169,4.0,4.0,0.0
2025-2025041612gm-00a9-0000-17df09bd-03-s3-d0,170,4.0,4.0,0.0
2025-2025041612gm-00a9-0000-17df09bd-03-s3-d0,171,10.0,10.0,0.0
2025-2025041612gm-00a9-0000-17df09bd-03-s3-d0,172,4.0,10.0,6.0
2025-2025041612gm-00a9-0000-17df09bd-03-s3-d0,173,10.0,10.0,0.0
2025-2025041612gm-00a9-0000-17df09bd-03-s3-d0,174,10.0,10.0,0.0
2025-2025041612gm-00a9-0000-17df09bd-03-s3-d0,175,10.0,10.0,0.0
2025-2025041612gm-00a9-0000-17df09bd-03-s3-d0,176,10.0,4.0,-6.0
2025-2025041612gm-00a9-0000-17df09bd-03-s3-d0,177,10.0,10.0,0.0
2025-2025041612gm-00a9-0000-17df09bd-03-s3-d0,178,10.0,10.0,0.0
2025-2025041612gm-00a9-0000-17df09bd-03-s3-d0,179,10.0,10.0,0.0
2025-2025041612gm-00a9-0000-17df09bd-03-s3-d0,180,10.0,10.0,0.0
2025-2025041612gm-00a9-0000-17df09bd-03-s3-d0,181,10.0,10.0,0.0
2025-2025041612gm-00a9-0000-17df09bd-03-s3-d0,182,10.0,10.0,0.0
2025-2025041612gm-00a9-0000-17df09bd-03-s3-d0,183,10.0,-4.0,-14.0
2025-2025041612gm-00a9-0000-17df09bd-03-s3-d0,184,4.0,4.0,0.0
2025-2025041612gm-00a9-0000-17df09bd-03-s3-d0,185,10.0,10.0,0.0
2025-2025041612gm-00a9-0000-17df09bd-03-s3-d0,186,4.0,4.0,0.0
2025-2025041612gm-00a9-0000-17df09bd-03-s3-d0,187,10.0,10.0,0.0
2025-2025041612gm-00a9-0000-17df09bd-03-s3-d0,188,10.0,10.0,0.0
2025-2025041612gm-00a9-0000-17df09bd-03-s3-d0,189,10.0,10.0,0.0
2025-2025041612gm-00a9-0000-17df09bd-03-s3-d0,190,10.0,4.0,-6.0
2025-2025041612gm-00a9-0000-17df09bd-03-s3-d0,191,4.0,10.0,6.0
2025-2025041612gm-00a9-0000-17df09bd-03-s3-d0,192,10.0,4.0,-6.0
2025-2025041612gm-00a9-0000-17df09bd-03-s3-d0,193,10.0,10.0,0.0
2025-2025041612gm-00a9-0000-17df09bd-03-s3-d0,194,-10.0,-10.0,0.0
2025-2025041612gm-00a9-0000-17df09bd-03-s3-d0,195,-4.0,10.0,14.0
2025-2025041612gm-00a9-0000-17df09bd-03-s3-d0,196,4.0,10.0,6.0
2025-2025041612gm-00a9-0000-17df09bd-03-s3-d0,197,4.0,10.0,6.0
2025-2025041612gm-00a9-0000-17df09bd-03-s3-d0,198,10.0,10.0,0.0
2025-2025041612gm-00a9-0000-17df09bd-03-s3-d0,199,4.0,4.0,0.0
2025-2025041612gm-00a9-0000-17df09bd-03-s3-d0,200,10.0,10.0,0.0
2025-2025041612gm-00a9-0000-17df09bd-03-s3-d0,201,10.0,10.0,0.0
2025-2025041612gm-00a9-0000-17df09bd-03-s3-d0,202,4.0,-4.0,-8.0
2025-2025041612gm-00a9-0000-17df09bd-03-s3-d0,203,4.0,4.0,0.0
2025-2025041612gm-00a9-0000-17df09bd-03-s3-d0,204,10.0,-10.0,-20.0
2025-2025041612gm-00a9-0000-17df09bd-03-s3-d0,205,10.0,10.0,0.0
2025-2025041612gm-00a9-0000-17df09bd-03-s3-d0,206,10.0,-4.0,-14.0
2025-2025041612gm-00a9-0000-17df09bd-03-s3-d0,207,10.0,4.0,-6.0
2025-2025041612gm-00a9-0000-17df09bd-03-s3-d0,208,10.0,10.0,0.0
2025-2025041612gm-00a9-0000-17df09bd-03-s3-d0,209,10.0,10.0,0.0
2025-2025041612gm-00a9-0000-17df09bd-03-s3-d0,210,10.0,10.0,0.0
2025-2025041612gm-00a9-0000-17df09bd-03-s3-d0,211,10.0,10.0,0.0
2025-2025041612gm-00a9-0000-17df09bd-03-s3-d0,212,10.0,4.0,-6.0
2025-2025041612gm-00a9-0000-17df09bd-03-s3-d0,213,4.0,10.0,6.0
2025-2025041612gm-00a9-0000-17df09bd-03-s3-d0,214,4.0,10.0,6.0
2025-2025041612gm-00a9-0000-17df09bd-03-s3-d0,215,4.0,10.0,6.0
2025-2025041612gm-00a9-0000-17df09bd-03-s3-d0,216,4.0,-4.0,-8.0
2025-2025041612gm-00a9-0000-17df09bd-03-s3-d0,217,4.0,-4.0,-8.0
2025-2025041612gm-00a9-0000-17df09bd-03-s3-d0,218,4.0,4.0,0.0
2025-2025041612gm-00a9-0000-17df09bd-03-s3-d0,219,10.0,10.0,0.0
2025-2025041612gm-00a9-0000-17df09bd-03-s3-d0,220,-4.0,4.0,8.0
2025-2025041612gm-00a9-0000-17df09bd-03-s3-d0,221,4.0,-10.0,-14.0
2025-2025041612gm-00a9-0000-17df09bd-03-s3-d0,222,-10.0,10.0,20.0
2025-2025041612gm-00a9-0000-17df09bd-03-s3-d0,223,10.0,10.0,0.0
2025-2025041612gm-00a9-0000-17df09bd-03-s3-d0,224,10.0,4.0,-6.0
2025-2025041612gm-00a9-0000-17df09bd-03-s3-d0,225,-4.0,-4.0,0.0
2025-2025041612gm-00a9-0000-17df09bd-03-s3-d0,226,10.0,10.0,0.0
2025-2025041612gm-00a9-0000-17df09bd-03-s3-d0,227,10.0,-4.0,-14.0
2025-2025041612gm-00a9-0000-17df09bd-03-s3-d0,228,-4.0,-4.0,0.0
2025-2025041612gm-00a9-0000-17df09bd-03-s3-d0,229,10.0,-10.0,-20.0
2025-2025041612gm-00a9-0000-17df09bd-03-s3-d0,230,10.0,10.0,0.0
2025-2025041612gm-00a9-0000-17df09bd-03-s3-d0,231,4.0,4.0,0.0
2025-2025041612gm-00a9-0000-17df09bd-03-s3-d0,232,10.0,10.0,0.0
2025-2025041612gm-00a9-0000-17df09bd-03-s3-d0,233,10.0,10.0,0.0
2025-2025041612gm-00a9-0000-17df09bd-03-s3-d0,234,10.0,10.0,0.0
2025-2025041612gm-00a9-0000-17df09bd-03-s3-d0,235,-4.0,4.0,8.0
2025-2025041612gm-00a9-0000-17df09bd-03-s3-d0,236,10.0,10.0,0.0
2025-2025041612gm-00a9-0000-17df09bd-03-s3-d0,237,10.0,10.0,0.0
2025-2025041612gm-00a9-0000-17df09bd-03-s3-d0,238,10.0,10.0,0.0
2025-2025041612gm-00a9-0000-17df09bd-03-s3-d0,239,4.0,10.0,6.0
2025-2025041612gm-00a9-0000-17df09bd-03-s3-d0,240,4.0,4.0,0.0
2025-2025041612gm-00a9-0000-17df09bd-03-s3-d0,241,10.0,10.0,0.0
2025-2025041612gm-00a9-0000-17df09bd-03-s3-d0,242,10.0,10.0,0.0
2025-2025041612gm-00a9-0000-17df09bd-03-s3-d0,243,10.0,-4.0,-14.0
2025-2025041612gm-00a9-0000-17df09bd-03-s3-d0,244,10.0,10.0,0.0
2025-2025041612gm-00a9-0000-17df09bd-03-s3-d0,245,10.0,10.0,0.0
2025-2025041612gm-00a9-0000-17df09bd-03-s3-d0,246,4.0,10.0,6.0
2025-2025041612gm-00a9-0000-17df09bd-03-s3-d0,247,-4.0,10.0,14.0
2025-2025041612gm-00a9-0000-17df09bd-03-s3-d0,248,10.0,4.0,-6.0
2025-2025041612gm-00a9-0000-17df09bd-03-s3-d0,249,10.0,10.0,0.0
2025-2025041612gm-00a9-0000-17df09bd-03-s3-d0,250,10.0,10.0,0.0
2025-2025041612gm-00a9-0000-17df09bd-03-s3-d0,251,10.0,-4.0,-14.0
2025-2025041612gm-00a9-0000-17df09bd-03-s3-d0,252,10.0,10.0,0.0
2025-2025041612gm-00a9-0000-17df09bd-03-s3-d0,253,10.0,10.0,0.0
2025-2025041612gm-00a9-0000-17df09bd-03-s3-d0,254,10.0,10.0,0.0
2025-2025041612gm-00a9-0000-17df09bd-03-s3-d0,255,10.0,-4.0,-14.0
2025-2025123119gm-00a9-0000-4c392a7b-04-s3-d10,0,4.0,-10.0,-14.0
2025-2025123119gm-00a9-0000-4c392a7b-04-s3-d10,1,-10.0,-10.0,0.0
2025-2025123119gm-00a9-0000-4c392a7b-04-s3-d10,2,-4.0,-10.0,-6.0
2025-2025123119gm-00a9-0000-4c392a7b-04-s3-d10,3,10.0,10.0,0.0
2025-2025123119gm-00a9-0000-4c392a7b-04-s3-d10,4,-4.0,-10.0,-6.0
2025-2025123119gm-00a9-0000-4c392a7b-04-s3-d10,5,-10.0,-10.0,0.0
2025-2025123119gm-00a9-0000-4c392a7b-04-s3-d10,6,-10.0,-4.0,6.0
2025-2025123119gm-00a9-0000-4c392a7b-04-s3-d10,7,4.0,-10.0,-14.0
2025-2025123119gm-00a9-0000-4c392a7b-04-s3-d10,8,-4.0,-10.0,-6.0
2025-2025123119gm-00a9-0000-4c392a7b-04-s3-d10,9,4.0,-4.0,-8.0
2025-2025123119gm-00a9-0000-4c392a7b-04-s3-d10,10,-4.0,-4.0,0.0
2025-2025123119gm-00a9-0000-4c392a7b-04-s3-d10,11,10.0,10.0,0.0
2025-2025123119gm-00a9-0000-4c392a7b-04-s3-d10,12,-4.0,-4.0,0.0
2025-2025123119gm-00a9-0000-4c392a7b-04-s3-d10,13,-10.0,-10.0,0.0
2025-2025123119gm-00a9-0000-4c392a7b-04-s3-d10,14,-4.0,-4.0,0.0
2025-2025123119gm-00a9-0000-4c392a7b-04-s3-d10,15,-4.0,-4.0,0.0
2025-2025123119gm-00a9-0000-4c392a7b-04-s3-d10,16,4.0,4.0,0.0
2025-2025123119gm-00a9-0000-4c392a7b-04-s3-d10,17,-4.0,10.0,14.0
2025-2025123119gm-00a9-0000-4c392a7b-04-s3-d10,18,4.0,4.0,0.0
2025-2025123119gm-00a9-0000-4c392a7b-04-s3-d10,19,-10.0,-10.0,0.0
2025-2025123119gm-00a9-0000-4c392a7b-04-s3-d10,20,-10.0,-10.0,0.0
2025-2025123119gm-00a9-0000-4c392a7b-04-s3-d10,21,-10.0,-10.0,0.0
2025-2025123119gm-00a9-0000-4c392a7b-04-s3-d10,22,-10.0,-10.0,0.0
2025-2025123119gm-00a9-0000-4c392a7b-04-s3-d10,23,-10.0,10.0,20.0
2025-2025123119gm-00a9-0000-4c392a7b-04-s3-d10,24,-10.0,-10.0,0.0
2025-2025123119gm-00a9-0000-4c392a7b-04-s3-d10,25,-10.0,-4.0,6.0
2025-2025123119gm-00a9-0000-4c392a7b-04-s3-d10,26,-4.0,10.0,14.0
2025-2025123119gm-00a9-0000-4c392a7b-04-s3-d10,27,-4.0,-4.0,0.0
2025-2025123119gm-00a9-0000-4c392a7b-04-s3-d10,28,10.0,10.0,0.0
2025-2025123119gm-00a9-0000-4c392a7b-04-s3-d10,29,-10.0,-4.0,6.0
2025-2025123119gm-00a9-0000-4c392a7b-04-s3-d10,30,10.0,-4.0,-14.0
2025-2025123119gm-00a9-0000-4c392a7b-04-s3-d10,31,-4.0,-10.0,-6.0
2025-2025123119gm-00a9-0000-4c392a7b-04-s3-d10,32,-10.0,-4.0,6.0
2025-2025123119gm-00a9-0000-4c392a7b-04-s3-d10,33,-10.0,-10.0,0.0
2025-2025123119gm-00a9-0000-4c392a7b-04-s3-d10,34,-10.0,4.0,14.0
2025-2025123119gm-00a9-0000-4c392a7b-04-s3-d10,35,-4.0,-4.0,0.0
2025-2025123119gm-00a9-0000-4c392a7b-04-s3-d10,36,-10.0,-10.0,0.0
2025-2025123119gm-00a9-0000-4c392a7b-04-s3-d10,37,-10.0,-4.0,6.0
2025-2025123119gm-00a9-0000-4c392a7b-04-s3-d10,38,-4.0,-4.0,0.0
2025-2025123119gm-00a9-0000-4c392a7b-04-s3-d10,39,-10.0,-10.0,0.0
2025-2025123119gm-00a9-0000-4c392a7b-04-s3-d10,40,-10.0,10.0,20.0
2025-2025123119gm-00a9-0000-4c392a7b-04-s3-d10,41,-10.0,-10.0,0.0
2025-2025123119gm-00a9-0000-4c392a7b-04-s3-d10,42,-10.0,-4.0,6.0
2025-2025123119gm-00a9-0000-4c392a7b-04-s3-d10,43,-10.0,-10.0,0.0
2025-2025123119gm-00a9-0000-4c392a7b-04-s3-d10,44,4.0,4.0,0.0
2025-2025123119gm-00a9-0000-4c392a7b-04-s3-d10,45,-4.0,-4.0,0.0
2025-2025123119gm-00a9-0000-4c392a7b-04-s3-d10,46,-10.0,-4.0,6.0
2025-2025123119gm-00a9-0000-4c392a7b-04-s3-d10,47,-4.0,-4.0,0.0
2025-2025123119gm-00a9-0000-4c392a7b-04-s3-d10,48,-4.0,-4.0,0.0
2025-2025123119gm-00a9-0000-4c392a7b-04-s3-d10,49,4.0,4.0,0.0
2025-2025123119gm-00a9-0000-4c392a7b-04-s3-d10,50,10.0,-10.0,-20.0
2025-2025123119gm-00a9-0000-4c392a7b-04-s3-d10,51,-4.0,-4.0,0.0
2025-2025123119gm-00a9-0000-4c392a7b-04-s3-d10,52,-4.0,-4.0,0.0
2025-2025123119gm-00a9-0000-4c392a7b-04-s3-d10,53,-4.0,4.0,8.0
2025-2025123119gm-00a9-0000-4c392a7b-04-s3-d10,54,4.0,4.0,0.0
2025-2025123119gm-00a9-0000-4c392a7b-04-s3-d10,55,-10.0,-10.0,0.0
2025-2025123119gm-00a9-0000-4c392a7b-04-s3-d10,56,-4.0,-4.0,0.0
2025-2025123119gm-00a9-0000-4c392a7b-04-s3-d10,57,4.0,4.0,0.0
2025-2025123119gm-00a9-0000-4c392a7b-04-s3-d10,58,-10.0,-10.0,0.0
2025-2025123119gm-00a9-0000-4c392a7b-04-s3-d10,59,4.0,-4.0,-8.0
2025-2025123119gm-00a9-0000-4c392a7b-04-s3-d10,60,-4.0,-4.0,0.0
2025-2025123119gm-00a9-0000-4c392a7b-04-s3-d10,61,-4.0,-10.0,-6.0
2025-2025123119gm-00a9-0000-4c392a7b-04-s3-d10,62,-4.0,-4.0,0.0
2025-2025123119gm-00a9-0000-4c392a7b-04-s3-d10,63,-10.0,-4.0,6.0
2025-2025123119gm-00a9-0000-4c392a7b-04-s3-d10,64,-10.0,-10.0,0.0
2025-2025123119gm-00a9-0000-4c392a7b-04-s3-d10,65,-4.0,-10.0,-6.0
2025-2025123119gm-00a9-0000-4c392a7b-04-s3-d10,66,-4.0,-4.0,0.0
2025-2025123119gm-00a9-0000-4c392a7b-04-s3-d10,67,-10.0,-10.0,0.0
2025-2025123119gm-00a9-0000-4c392a7b-04-s3-d10,68,-10.0,-10.0,0.0
2025-2025123119gm-00a9-0000-4c392a7b-04-s3-d10,69,-10.0,-10.0,0.0
2025-2025123119gm-00a9-0000-4c392a7b-04-s3-d10,70,-4.0,-4.0,0.0
2025-2025123119gm-00a9-0000-4c392a7b-04-s3-d10,71,-4.0,-4.0,0.0
2025-2025123119gm-00a9-0000-4c392a7b-04-s3-d10,72,-10.0,-10.0,0.0
2025-2025123119gm-00a9-0000-4c392a7b-04-s3-d10,73,4.0,4.0,0.0
2025-2025123119gm-00a9-0000-4c392a7b-04-s3-d10,74,-4.0,4.0,8.0
2025-2025123119gm-00a9-0000-4c392a7b-04-s3-d10,75,-4.0,-4.0,0.0
2025-2025123119gm-00a9-0000-4c392a7b-04-s3-d10,76,-4.0,-10.0,-6.0
2025-2025123119gm-00a9-0000-4c392a7b-04-s3-d10,77,10.0,4.0,-6.0
2025-2025123119gm-00a9-0000-4c392a7b-04-s3-d10,78,-10.0,-10.0,0.0
2025-2025123119gm-00a9-0000-4c392a7b-04-s3-d10,79,4.0,-10.0,-14.0
2025-2025123119gm-00a9-0000-4c392a7b-04-s3-d10,80,10.0,-10.0,-20.0
2025-2025123119gm-00a9-0000-4c392a7b-04-s3-d10,81,-10.0,-10.0,0.0
2025-2025123119gm-00a9-0000-4c392a7b-04-s3-d10,82,-4.0,4.0,8.0
2025-2025123119gm-00a9-0000-4c392a7b-04-s3-d10,83,-10.0,-4.0,6.0
2025-2025123119gm-00a9-0000-4c392a7b-04-s3-d10,84,-10.0,-10.0,0.0
2025-2025123119gm-00a9-0000-4c392a7b-04-s3-d10,85,-4.0,-10.0,-6.0
2025-2025123119gm-00a9-0000-4c392a7b-04-s3-d10,86,-4.0,-4.0,0.0
2025-2025123119gm-00a9-0000-4c392a7b-04-s3-d10,87,-4.0,-10.0,-6.0
2025-2025123119gm-00a9-0000-4c392a7b-04-s3-d10,88,4.0,4.0,0.0
2025-2025123119gm-00a9-0000-4c392a7b-04-s3-d10,89,-10.0,-10.0,0.0
2025-2025123119gm-00a9-0000-4c392a7b-04-s3-d10,90,-10.0,-10.0,0.0
2025-2025123119gm-00a9-0000-4c392a7b-04-s3-d10,91,-4.0,-4.0,0.0
2025-2025123119gm-00a9-0000-4c392a7b-04-s3-d10,92,-10.0,-10.0,0.0
2025-2025123119gm-00a9-0000-4c392a7b-04-s3-d10,93,-4.0,10.0,14.0
2025-2025123119gm-00a9-0000-4c392a7b-04-s3-d10,94,-10.0,-10.0,0.0
2025-2025123119gm-00a9-0000-4c392a7b-04-s3-d10,95,-4.0,-4.0,0.0
2025-2025123119gm-00a9-0000-4c392a7b-04-s3-d10,96,-4.0,10.0,14.0
2025-2025123119gm-00a9-0000-4c392a7b-04-s3-d10,97,-4.0,4.0,8.0
2025-2025123119gm-00a9-0000-4c392a7b-04-s3-d10,98,-4.0,-4.0,0.0
2025-2025123119gm-00a9-0000-4c392a7b-04-s3-d10,99,-10.0,-10.0,0.0
2025-2025123119gm-00a9-0000-4c392a7b-04-s3-d10,100,-4.0,-10.0,-6.0
2025-2025123119gm-00a9-0000-4c392a7b-04-s3-d10,101,-4.0,-4.0,0.0
2025-2025123119gm-00a9-0000-4c392a7b-04-s3-d10,102,-4.0,-10.0,-6.0
2025-2025123119gm-00a9-0000-4c392a7b-04-s3-d10,103,4.0,4.0,0.0
2025-2025123119gm-00a9-0000-4c392a7b-04-s3-d10,104,-4.0,-4.0,0.0
2025-2025123119gm-00a9-0000-4c392a7b-04-s3-d10,105,-10.0,-10.0,0.0
2025-2025123119gm-00a9-0000-4c392a7b-04-s3-d10,106,-10.0,-4.0,6.0
2025-2025123119gm-00a9-0000-4c392a7b-04-s3-d10,107,-10.0,-10.0,0.0
2025-2025123119gm-00a9-0000-4c392a7b-04-s3-d10,108,-10.0,-10.0,0.0
2025-2025123119gm-00a9-0000-4c392a7b-04-s3-d10,109,-4.0,4.0,8.0
2025-2025123119gm-00a9-0000-4c392a7b-04-s3-d10,110,-4.0,-4.0,0.0
2025-2025123119gm-00a9-0000-4c392a7b-04-s3-d10,111,-10.0,-4.0,6.0
2025-2025123119gm-00a9-0000-4c392a7b-04-s3-d10,112,-10.0,-4.0,6.0
2025-2025123119gm-00a9-0000-4c392a7b-04-s3-d10,113,-10.0,-10.0,0.0
2025-2025123119gm-00a9-0000-4c392a7b-04-s3-d10,114,4.0,4.0,0.0
2025-2025123119gm-00a9-0000-4c392a7b-04-s3-d10,115,-4.0,-4.0,0.0
2025-2025123119gm-00a9-0000-4c392a7b-04-s3-d10,116,-4.0,-4.0,0.0
2025-2025123119gm-00a9-0000-4c392a7b-04-s3-d10,117,-10.0,-10.0,0.0
2025-2025123119gm-00a9-0000-4c392a7b-04-s3-d10,118,-10.0,-10.0,0.0
2025-2025123119gm-00a9-0000-4c392a7b-04-s3-d10,119,4.0,4.0,0.0
2025-2025123119gm-00a9-0000-4c392a7b-04-s3-d10,120,-4.0,-10.0,-6.0
2025-2025123119gm-00a9-0000-4c392a7b-04-s3-d10,121,-10.0,-4.0,6.0
2025-2025123119gm-00a9-0000-4c392a7b-04-s3-d10,122,-4.0,-4.0,0.0
2025-2025123119gm-00a9-0000-4c392a7b-04-s3-d10,123,-10.0,-10.0,0.0
2025-2025123119gm-00a9-0000-4c392a7b-04-s3-d10,124,10.0,10.0,0.0
2025-2025123119gm-00a9-0000-4c392a7b-04-s3-d10,125,-10.0,-4.0,6.0
2025-2025123119gm-00a9-0000-4c392a7b-04-s3-d10,126,-4.0,-4.0,0.0
2025-2025123119gm-00a9-0000-4c392a7b-04-s3-d10,127,10.0,10.0,0.0
2025-2025123119gm-00a9-0000-4c392a7b-04-s3-d10,128,-4.0,-4.0,0.0
2025-2025123119gm-00a9-0000-4c392a7b-04-s3-d10,129,-4.0,-4.0,0.0
2025-2025123119gm-00a9-0000-4c392a7b-04-s3-d10,130,4.0,4.0,0.0
2025-2025123119gm-00a9-0000-4c392a7b-04-s3-d10,131,-4.0,-4.0,0.0
2025-2025123119gm-00a9-0000-4c392a7b-04-s3-d10,132,-4.0,-10.0,-6.0
2025-2025123119gm-00a9-0000-4c392a7b-04-s3-d10,133,-10.0,-10.0,0.0
2025-2025123119gm-00a9-0000-4c392a7b-04-s3-d10,134,4.0,-4.0,-8.0
2025-2025123119gm-00a9-0000-4c392a7b-04-s3-d10,135,-4.0,-4.0,0.0
2025-2025123119gm-00a9-0000-4c392a7b-04-s3-d10,136,-10.0,-4.0,6.0
2025-2025123119gm-00a9-0000-4c392a7b-04-s3-d10,137,-4.0,-10.0,-6.0
2025-2025123119gm-00a9-0000-4c392a7b-04-s3-d10,138,-4.0,-4.0,0.0
2025-2025123119gm-00a9-0000-4c392a7b-04-s3-d10,139,10.0,-4.0,-14.0
2025-2025123119gm-00a9-0000-4c392a7b-04-s3-d10,140,10.0,4.0,-6.0
2025-2025123119gm-00a9-0000-4c392a7b-04-s3-d10,141,-4.0,4.0,8.0
2025-2025123119gm-00a9-0000-4c392a7b-04-s3-d10,142,-10.0,-4.0,6.0
2025-2025123119gm-00a9-0000-4c392a7b-04-s3-d10,143,-4.0,-10.0,-6.0
2025-2025123119gm-00a9-0000-4c392a7b-04-s3-d10,144,-4.0,-4.0,0.0
2025-2025123119gm-00a9-0000-4c392a7b-04-s3-d10,145,4.0,-4.0,-8.0
2025-2025123119gm-00a9-0000-4c392a7b-04-s3-d10,146,4.0,-4.0,-8.0
2025-2025123119gm-00a9-0000-4c392a7b-04-s3-d10,147,-4.0,-4.0,0.0
2025-2025123119gm-00a9-0000-4c392a7b-04-s3-d10,148,10.0,-10.0,-20.0
2025-2025123119gm-00a9-0000-4c392a7b-04-s3-d10,149,-4.0,-4.0,0.0
2025-2025123119gm-00a9-0000-4c392a7b-04-s3-d10,150,-4.0,10.0,14.0
2025-2025123119gm-00a9-0000-4c392a7b-04-s3-d10,151,-4.0,-10.0,-6.0
2025-2025123119gm-00a9-0000-4c392a7b-04-s3-d10,152,-10.0,4.0,14.0
2025-2025123119gm-00a9-0000-4c392a7b-04-s3-d10,153,-4.0,-10.0,-6.0
2025-2025123119gm-00a9-0000-4c392a7b-04-s3-d10,154,4.0,4.0,0.0
2025-2025123119gm-00a9-0000-4c392a7b-04-s3-d10,155,-10.0,-10.0,0.0
2025-2025123119gm-00a9-0000-4c392a7b-04-s3-d10,156,-10.0,-10.0,0.0
2025-2025123119gm-00a9-0000-4c392a7b-04-s3-d10,157,-4.0,-4.0,0.0
2025-2025123119gm-00a9-0000-4c392a7b-04-s3-d10,158,-4.0,-4.0,0.0
2025-2025123119gm-00a9-0000-4c392a7b-04-s3-d10,159,-4.0,-4.0,0.0
2025-2025123119gm-00a9-0000-4c392a7b-04-s3-d10,160,-4.0,-4.0,0.0
2025-2025123119gm-00a9-0000-4c392a7b-04-s3-d10,161,-4.0,-4.0,0.0
2025-2025123119gm-00a9-0000-4c392a7b-04-s3-d10,162,4.0,4.0,0.0
2025-2025123119gm-00a9-0000-4c392a7b-04-s3-d10,163,10.0,10.0,0.0
2025-2025123119gm-00a9-0000-4c392a7b-04-s3-d10,164,10.0,10.0,0.0
2025-2025123119gm-00a9-0000-4c392a7b-04-s3-d10,165,-4.0,-4.0,0.0
2025-2025123119gm-00a9-0000-4c392a7b-04-s3-d10,166,-10.0,-10.0,0.0
2025-2025123119gm-00a9-0000-4c392a7b-04-s3-d10,167,-4.0,-4.0,0.0
2025-2025123119gm-00a9-0000-4c392a7b-04-s3-d10,168,-4.0,4.0,8.0
2025-2025123119gm-00a9-0000-4c392a7b-04-s3-d10,169,-10.0,-10.0,0.0
2025-2025123119gm-00a9-0000-4c392a7b-04-s3-d10,170,-10.0,-10.0,0.0
2025-2025123119gm-00a9-0000-4c392a7b-04-s3-d10,171,-4.0,-4.0,0.0
2025-2025123119gm-00a9-0000-4c392a7b-04-s3-d10,172,10.0,-10.0,-20.0
2025-2025123119gm-00a9-0000-4c392a7b-04-s3-d10,173,-10.0,-4.0,6.0
2025-2025123119gm-00a9-0000-4c392a7b-04-s3-d10,174,-10.0,-10.0,0.0
2025-2025123119gm-00a9-0000-4c392a7b-04-s3-d10,175,-4.0,4.0,8.0
2025-2025123119gm-00a9-0000-4c392a7b-04-s3-d10,176,10.0,-10.0,-20.0
2025-2025123119gm-00a9-0000-4c392a7b-04-s3-d10,177,-10.0,-10.0,0.0
2025-2025123119gm-00a9-0000-4c392a7b-04-s3-d10,178,-4.0,-4.0,0.0
2025-2025123119gm-00a9-0000-4c392a7b-04-s3-d10,179,4.0,4.0,0.0
2025-2025123119gm-00a9-0000-4c392a7b-04-s3-d10,180,-10.0,-10.0,0.0
2025-2025123119gm-00a9-0000-4c392a7b-04-s3-d10,181,-4.0,-4.0,0.0
2025-2025123119gm-00a9-0000-4c392a7b-04-s3-d10,182,-10.0,-10.0,0.0
2025-2025123119gm-00a9-0000-4c392a7b-04-s3-d10,183,-4.0,10.0,14.0
2025-2025123119gm-00a9-0000-4c392a7b-04-s3-d10,184,-4.0,-4.0,0.0
2025-2025123119gm-00a9-0000-4c392a7b-04-s3-d10,185,-4.0,-4.0,0.0
2025-2025123119gm-00a9-0000-4c392a7b-04-s3-d10,186,-4.0,-10.0,-6.0
2025-2025123119gm-00a9-0000-4c392a7b-04-s3-d10,187,-10.0,-10.0,0.0
2025-2025123119gm-00a9-0000-4c392a7b-04-s3-d10,188,-4.0,10.0,14.0
2025-2025123119gm-00a9-0000-4c392a7b-04-s3-d10,189,-4.0,-4.0,0.0
2025-2025123119gm-00a9-0000-4c392a7b-04-s3-d10,190,4.0,-4.0,-8.0
2025-2025123119gm-00a9-0000-4c392a7b-04-s3-d10,191,4.0,4.0,0.0
2025-2025123119gm-00a9-0000-4c392a7b-04-s3-d10,192,4.0,-4.0,-8.0
2025-2025123119gm-00a9-0000-4c392a7b-04-s3-d10,193,4.0,4.0,0.0
2025-2025123119gm-00a9-0000-4c392a7b-04-s3-d10,194,-4.0,-10.0,-6.0
2025-2025123119gm-00a9-0000-4c392a7b-04-s3-d10,195,4.0,-10.0,-14.0
2025-2025123119gm-00a9-0000-4c392a7b-04-s3-d10,196,-10.0,-10.0,0.0
2025-2025123119gm-00a9-0000-4c392a7b-04-s3-d10,197,-10.0,-10.0,0.0
2025-2025123119gm-00a9-0000-4c392a7b-04-s3-d10,198,-4.0,-10.0,-6.0
2025-2025123119gm-00a9-0000-4c392a7b-04-s3-d10,199,-4.0,-10.0,-6.0
2025-2025123119gm-00a9-0000-4c392a7b-04-s3-d10,200,4.0,4.0,0.0
2025-2025123119gm-00a9-0000-4c392a7b-04-s3-d10,201,4.0,-4.0,-8.0
2025-2025123119gm-00a9-0000-4c392a7b-04-s3-d10,202,4.0,-4.0,-8.0
2025-2025123119gm-00a9-0000-4c392a7b-04-s3-d10,203,10.0,-10.0,-20.0
2025-2025123119gm-00a9-0000-4c392a7b-04-s3-d10,204,-10.0,-10.0,0.0
2025-2025123119gm-00a9-0000-4c392a7b-04-s3-d10,205,-10.0,-4.0,6.0
2025-2025123119gm-00a9-0000-4c392a7b-04-s3-d10,206,-10.0,-4.0,6.0
2025-2025123119gm-00a9-0000-4c392a7b-04-s3-d10,207,-4.0,-10.0,-6.0
2025-2025123119gm-00a9-0000-4c392a7b-04-s3-d10,208,10.0,-4.0,-14.0
2025-2025123119gm-00a9-0000-4c392a7b-04-s3-d10,209,-10.0,-10.0,0.0
2025-2025123119gm-00a9-0000-4c392a7b-04-s3-d10,210,10.0,-10.0,-20.0
2025-2025123119gm-00a9-0000-4c392a7b-04-s3-d10,211,-10.0,-10.0,0.0
2025-2025123119gm-00a9-0000-4c392a7b-04-s3-d10,212,-10.0,-10.0,0.0
2025-2025123119gm-00a9-0000-4c392a7b-04-s3-d10,213,-10.0,-10.0,0.0
2025-2025123119gm-00a9-0000-4c392a7b-04-s3-d10,214,-10.0,-4.0,6.0
2025-2025123119gm-00a9-0000-4c392a7b-04-s3-d10,215,10.0,-10.0,-20.0
2025-2025123119gm-00a9-0000-4c392a7b-04-s3-d10,216,-10.0,-10.0,0.0
2025-2025123119gm-00a9-0000-4c392a7b-04-s3-d10,217,-4.0,4.0,8.0
2025-2025123119gm-00a9-0000-4c392a7b-04-s3-d10,218,-4.0,-4.0,0.0
2025-2025123119gm-00a9-0000-4c392a7b-04-s3-d10,219,-4.0,-4.0,0.0
2025-2025123119gm-00a9-0000-4c392a7b-04-s3-d10,220,-10.0,-10.0,0.0
2025-2025123119gm-00a9-0000-4c392a7b-04-s3-d10,221,4.0,4.0,0.0
2025-2025123119gm-00a9-0000-4c392a7b-04-s3-d10,222,-4.0,-10.0,-6.0
2025-2025123119gm-00a9-0000-4c392a7b-04-s3-d10,223,-10.0,4.0,14.0
2025-2025123119gm-00a9-0000-4c392a7b-04-s3-d10,224,-10.0,-4.0,6.0
2025-2025123119gm-00a9-0000-4c392a7b-04-s3-d10,225,10.0,-10.0,-20.0
2025-2025123119gm-00a9-0000-4c392a7b-04-s3-d10,226,-4.0,-4.0,0.0
2025-2025123119gm-00a9-0000-4c392a7b-04-s3-d10,227,4.0,-4.0,-8.0
2025-2025123119gm-00a9-0000-4c392a7b-04-s3-d10,228,-10.0,-4.0,6.0
2025-2025123119gm-00a9-0000-4c392a7b-04-s3-d10,229,-4.0,-4.0,0.0
2025-2025123119gm-00a9-0000-4c392a7b-04-s3-d10,230,-10.0,-10.0,0.0
2025-2025123119gm-00a9-0000-4c392a7b-04-s3-d10,231,-10.0,-4.0,6.0
2025-2025123119gm-00a9-0000-4c392a7b-04-s3-d10,232,-10.0,-10.0,0.0
2025-2025123119gm-00a9-0000-4c392a7b-04-s3-d10,233,-4.0,-4.0,0.0
2025-2025123119gm-00a9-0000-4c392a7b-04-s3-d10,234,-4.0,4.0,8.0
2025-2025123119gm-00a9-0000-4c392a7b-04-s3-d10,235,-10.0,-10.0,0.0
2025-2025123119gm-00a9-0000-4c392a7b-04-s3-d10,236,-4.0,-4.0,0.0
2025-2025123119gm-00a9-0000-4c392a7b-04-s3-d10,237,4.0,-10.0,-14.0
2025-2025123119gm-00a9-0000-4c392a7b-04-s3-d10,238,4.0,4.0,0.0
2025-2025123119gm-00a9-0000-4c392a7b-04-s3-d10,239,-10.0,-10.0,0.0
2025-2025123119gm-00a9-0000-4c392a7b-04-s3-d10,240,-4.0,10.0,14.0
2025-2025123119gm-00a9-0000-4c392a7b-04-s3-d10,241,4.0,4.0,0.0
2025-2025123119gm-00a9-0000-4c392a7b-04-s3-d10,242,-4.0,-4.0,0.0
2025-2025123119gm-00a9-0000-4c392a7b-04-s3-d10,243,-10.0,-10.0,0.0
2025-2025123119gm-00a9-0000-4c392a7b-04-s3-d10,244,10.0,10.0,0.0
2025-2025123119gm-00a9-0000-4c392a7b-04-s3-d10,245,-10.0,-4.0,6.0
2025-2025123119gm-00a9-0000-4c392a7b-04-s3-d10,246,10.0,4.0,-6.0
2025-2025123119gm-00a9-0000-4c392a7b-04-s3-d10,247,4.0,4.0,0.0
2025-2025123119gm-00a9-0000-4c392a7b-04-s3-d10,248,4.0,4.0,0.0
2025-2025123119gm-00a9-0000-4c392a7b-04-s3-d10,249,-4.0,-4.0,0.0
2025-2025123119gm-00a9-0000-4c392a7b-04-s3-d10,250,10.0,10.0,0.0
2025-2025123119gm-00a9-0000-4c392a7b-04-s3-d10,251,-4.0,-4.0,0.0
2025-2025123119gm-00a9-0000-4c392a7b-04-s3-d10,252,4.0,-10.0,-14.0
2025-2025123119gm-00a9-0000-4c392a7b-04-s3-d10,253,-4.0,4.0,8.0
2025-2025123119gm-00a9-0000-4c392a7b-04-s3-d10,254,-4.0,4.0,8.0
2025-2025123119gm-00a9-0000-4c392a7b-04-s3-d10,255,-10.0,-4.0,6.0
