decision_id,world_idx,r_a,r_b,delta_full
2024-2024092523gm-00a9-0000-e7bdeed7-02-s1-d16,0,-4.0,10.0,14.0
2024-2024092523gm-00a9-0000-e7bdeed7-02-s1-d16,1,-4.0,10.0,14.0
2024-2024092523gm-00a9-0000-e7bdeed7-02-s1-d16,2,-10.0,-4.0,6.0
2024-2024092523gm-00a9-0000-e7bdeed7-02-s1-d16,3,4.0,-10.0,-14.0
2024-2024092523gm-00a9-0000-e7bdeed7-02-s1-d16,4,4.0,4.0,0.0
2024-2024092523gm-00a9-0000-e7bdeed7-02-s1-d16,5,-4.0,-10.0,-6.0
2024-2024092523gm-00a9-0000-e7bdeed7-02-s1-d16,6,4.0,4.0,0.0
2024-2024092523gm-00a9-0000-e7bdeed7-02-s1-d16,7,4.0,10.0,6.0
2024-2024092523gm-00a9-0000-e7bdeed7-02-s1-d16,8,10.0,-4.0,-14.0
2024-2024092523gm-00a9-0000-e7bdeed7-02-s1-d16,9,10.0,-10.0,-20.0
2024-2024092523gm-00a9-0000-e7bdeed7-02-s1-d16,10,10.0,4.0,-6.0
2024-2024092523gm-00a9-0000-e7bdeed7-02-s1-d16,11,4.0,10.0,6.0
2024-2024092523gm-00a9-0000-e7bdeed7-02-s1-d16,12,4.0,-4.0,-8.0
2024-2024092523gm-00a9-0000-e7bdeed7-02-s1-d16,13,-4.0,10.0,14.0
2024-2024092523gm-00a9-0000-e7bdeed7-02-s1-d16,14,4.0,4.0,0.0
2024-2024092523gm-00a9-0000-e7bdeed7-02-s1-d16,15,10.0,4.0,-6.0
2024-2024092523gm-00a9-0000-e7bdeed7-02-s1-d16,16,-4.0,10.0,14.0
2024-2024092523gm-00a9-0000-e7bdeed7-02-s1-d16,17,-4.0,-10.0,-6.0
2024-2024092523gm-00a9-0000-e7bdeed7-02-s1-d16,18,4.0,10.0,6.0
2024-2024092523gm-00a9-0000-e7bdeed7-02-s1-d16,19,-10.0,-4.0,6.0
2024-2024092523gm-00a9-0000-e7bdeed7-02-s1-d16,20,4.0,-4.0,-8.0
2024-2024092523gm-00a9-0000-e7bdeed7-02-s1-d16,21,-4.0,4.0,8.0
2024-2024092523gm-00a9-0000-e7bdeed7-02-s1-d16,22,-4.0,4.0,8.0
2024-2024092523gm-00a9-0000-e7bdeed7-02-s1-d16,23,-10.0,-4.0,6.0
2024-2024092523gm-00a9-0000-e7bdeed7-02-s1-d16,24,-4.0,4.0,8.0
2024-2024092523gm-00a9-0000-e7bdeed7-02-s1-d16,25,-4.0,4.0,8.0
2024-2024092523gm-00a9-0000-e7bdeed7-02-s1-d16,26,4.0,10.0,6.0
2024-2024092523gm-00a9-0000-e7bdeed7-02-s1-d16,27,4.0,-4.0,-8.0
2024-2024092523gm-00a9-0000-e7bdeed7-02-s1-d16,28,10.0,4.0,-6.0
2024-2024092523gm-00a9-0000-e7bdeed7-02-s1-d16,29,-4.0,-10.0,-6.0
2024-2024092523gm-00a9-0000-e7bdeed7-02-s1-d16,30,-4.0,-10.0,-6.0
2024-2024092523gm-00a9-0000-e7bdeed7-02-s1-d16,31,4.0,4.0,0.0
2024-2024092523gm-00a9-0000-e7bdeed7-02-s1-d16,32,-4.0,4.0,8.0
2024-2024092523gm-00a9-0000-e7bdeed7-02-s1-d16,33,-4.0,4.0,8.0
2024-2024092523gm-00a9-0000-e7bdeed7-02-s1-d16,34,-4.0,4.0,8.0
2024-2024092523gm-00a9-0000-e7bdeed7-02-s1-d16,35,4.0,10.0,6.0
2024-2024092523gm-00a9-0000-e7bdeed7-02-s1-d16,36,4.0,-4.0,-8.0
2024-2024092523gm-00a9-0000-e7bdeed7-02-s1-d16,37,-10.0,10.0,20.0
2024-2024092523gm-00a9-0000-e7bdeed7-02-s1-d16,38,10.0,-4.0,-14.0
2024-2024092523gm-00a9-0000-e7bdeed7-02-s1-d16,39,4.0,-4.0,-8.0
2024-2024092523gm-00a9-0000-e7bdeed7-02-s1-d16,40,-10.0,-10.0,0.0
2024-2024092523gm-00a9-0000-e7bdeed7-02-s1-d16,41,10.0,4.0,-6.0
2024-2024092523gm-00a9-0000-e7bdeed7-02-s1-d16,42,10.0,-10.0,-20.0
2024-2024092523gm-00a9-0000-e7bdeed7-02-s1-d16,43,4.0,4.0,0.0
2024-2024092523gm-00a9-0000-e7bdeed7-02-s1-d16,44,4.0,4.0,0.0
2024-2024092523gm-00a9-0000-e7bdeed7-02-s1-d16,45,-10.0,-10.0,0.0
2024-2024092523gm-00a9-0000-e7bdeed7-02-s1-d16,46,10.0,4.0,-6.0
2024-2024092523gm-00a9-0000-e7bdeed7-02-s1-d16,47,-10.0,4.0,14.0
2024-2024092523gm-00a9-0000-e7bdeed7-02-s1-d16,48,10.0,4.0,-6.0
2024-2024092523gm-00a9-0000-e7bdeed7-02-s1-d16,49,4.0,-4.0,-8.0
2024-2024092523gm-00a9-0000-e7bdeed7-02-s1-d16,50,-10.0,-4.0,6.0
2024-2024092523gm-00a9-0000-e7bdeed7-02-s1-d16,51,4.0,-4.0,-8.0
2024-2024092523gm-00a9-0000-e7bdeed7-02-s1-d16,52,4.0,4.0,0.0
2024-2024092523gm-00a9-0000-e7bdeed7-02-s1-d16,53,-10.0,4.0,14.0
2024-2024092523gm-00a9-0000-e7bdeed7-02-s1-d16,54,10.0,-4.0,-14.0
2024-2024092523gm-00a9-0000-e7bdeed7-02-s1-d16,55,-10.0,-4.0,6.0
2024-2024092523gm-00a9-0000-e7bdeed7-02-s1-d16,56,-10.0,4.0,14.0
2024-2024092523gm-00a9-0000-e7bdeed7-02-s1-d16,57,10.0,-4.0,-14.0
2024-2024092523gm-00a9-0000-e7bdeed7-02-s1-d16,58,-10.0,-10.0,0.0
2024-2024092523gm-00a9-0000-e7bdeed7-02-s1-d16,59,10.0,-10.0,-20.0
2024-2024092523gm-00a9-0000-e7bdeed7-02-s1-d16,60,-4.0,10.0,14.0
2024-2024092523gm-00a9-0000-e7bdeed7-02-s1-d16,61,4.0,-4.0,-8.0
2024-2024092523gm-00a9-0000-e7bdeed7-02-s1-d16,62,4.0,4.0,0.0
2024-2024092523gm-00a9-0000-e7bdeed7-02-s1-d16,63,-10.0,10.0,20.0
2024-2024092523gm-00a9-0000-e7bdeed7-02-s1-d16,64,10.0,10.0,0.0
2024-2024092523gm-00a9-0000-e7bdeed7-02-s1-d16,65,-10.0,-10.0,0.0
2024-2024092523gm-00a9-0000-e7bdeed7-02-s1-d16,66,10.0,10.0,0.0
2024-2024092523gm-00a9-0000-e7bdeed7-02-s1-d16,67,10.0,4.0,-6.0
2024-2024092523gm-00a9-0000-e7bdeed7-02-s1-d16,68,4.0,4.0,0.0
2024-2024092523gm-00a9-0000-e7bdeed7-02-s1-d16,69,10.0,-4.0,-14.0
2024-2024092523gm-00a9-0000-e7bdeed7-02-s1-d16,70,10.0,10.0,0.0
2024-2024092523gm-00a9-0000-e7bdeed7-02-s1-d16,71,-4.0,-4.0,0.0
2024-2024092523gm-00a9-0000-e7bdeed7-02-s1-d16,72,-4.0,4.0,8.0
2024-2024092523gm-00a9-0000-e7bdeed7-02-s1-d16,73,10.0,4.0,-6.0
2024-2024092523gm-00a9-0000-e7bdeed7-02-s1-d16,74,-10.0,-4.0,6.0
2024-2024092523gm-00a9-0000-e7bdeed7-02-s1-d16,75,-4.0,-4.0,0.0
2024-2024092523gm-00a9-0000-e7bdeed7-02-s1-d16,76,4.0,-4.0,-8.0
2024-2024092523gm-00a9-0000-e7bdeed7-02-s1-d16,77,10.0,4.0,-6.0
2024-2024092523gm-00a9-0000-e7bdeed7-02-s1-d16,78,10.0,10.0,0.0
2024-2024092523gm-00a9-0000-e7bdeed7-02-s1-d16,79,10.0,4.0,-6.0
2024-2024092523gm-00a9-0000-e7bdeed7-02-s1-d16,80,-4.0,-4.0,0.0
2024-2024092523gm-00a9-0000-e7bdeed7-02-s1-d16,81,-10.0,-10.0,0.0
2024-2024092523gm-00a9-0000-e7bdeed7-02-s1-d16,82,-4.0,-10.0,-6.0
2024-2024092523gm-00a9-0000-e7bdeed7-02-s1-d16,83,4.0,-10.0,-14.0
2024-2024092523gm-00a9-0000-e7bdeed7-02-s1-d16,84,4.0,4.0,0.0
2024-2024092523gm-00a9-0000-e7bdeed7-02-s1-d16,85,4.0,4.0,0.0
2024-2024092523gm-00a9-0000-e7bdeed7-02-s1-d16,86,4.0,4.0,0.0
2024-2024092523gm-00a9-0000-e7bdeed7-02-s1-d16,87,-4.0,4.0,8.0
2024-2024092523gm-00a9-0000-e7bdeed7-02-s1-d16,88,10.0,-10.0,-20.0
2024-2024092523gm-00a9-0000-e7bdeed7-02-s1-d16,89,10.0,10.0,0.0
2024-2024092523gm-00a9-0000-e7bdeed7-02-s1-d16,90,4.0,10.0,6.0
2024-2024092523gm-00a9-0000-e7bdeed7-02-s1-d16,91,4.0,-10.0,-14.0
2024-2024092523gm-00a9-0000-e7bdeed7-02-s1-d16,92,10.0,-4.0,-14.0
2024-2024092523gm-00a9-0000-e7bdeed7-02-s1-d16,93,10.0,-4.0,-14.0
2024-2024092523gm-00a9-0000-e7bdeed7-02-s1-d16,94,10.0,4.0,-6.0
2024-2024092523gm-00a9-0000-e7bdeed7-02-s1-d16,95,4.0,10.0,6.0
2024-2024092523gm-00a9-0000-e7bdeed7-02-s1-d16,96,10.0,4.0,-6.0
2024-2024092523gm-00a9-0000-e7bdeed7-02-s1-d16,97,10.0,10.0,0.0
2024-2024092523gm-00a9-0000-e7bdeed7-02-s1-d16,98,4.0,-4.0,-8.0
2024-2024092523gm-00a9-0000-e7bdeed7-02-s1-d16,99,4.0,-4.0,-8.0
2024-2024092523gm-00a9-0000-e7bdeed7-02-s1-d16,100,-4.0,10.0,14.0
2024-2024092523gm-00a9-0000-e7bdeed7-02-s1-d16,101,4.0,-4.0,-8.0
2024-2024092523gm-00a9-0000-e7bdeed7-02-s1-d16,102,10.0,4.0,-6.0
2024-2024092523gm-00a9-0000-e7bdeed7-02-s1-d16,103,4.0,-4.0,-8.0
2024-2024092523gm-00a9-0000-e7bdeed7-02-s1-d16,104,-4.0,-4.0,0.0
2024-2024092523gm-00a9-0000-e7bdeed7-02-s1-d16,105,4.0,4.0,0.0
2024-2024092523gm-00a9-0000-e7bdeed7-02-s1-d16,106,-4.0,-4.0,0.0
2024-2024092523gm-00a9-0000-e7bdeed7-02-s1-d16,107,4.0,10.0,6.0
2024-2024092523gm-00a9-0000-e7bdeed7-02-s1-d16,108,10.0,10.0,0.0
2024-2024092523gm-00a9-0000-e7bdeed7-02-s1-d16,109,-4.0,4.0,8.0
2024-2024092523gm-00a9-0000-e7bdeed7-02-s1-d16,110,-4.0,10.0,14.0
2024-2024092523gm-00a9-0000-e7bdeed7-02-s1-d16,111,4.0,4.0,0.0
2024-2024092523gm-00a9-0000-e7bdeed7-02-s1-d16,112,-10.0,4.0,14.0
2024-2024092523gm-00a9-0000-e7bdeed7-02-s1-d16,113,-4.0,-4.0,0.0
2024-2024092523gm-00a9-0000-e7bdeed7-02-s1-d16,114,10.0,-10.0,-20.0
2024-2024092523gm-00a9-0000-e7bdeed7-02-s1-d16,115,4.0,4.0,0.0
2024-2024092523gm-00a9-0000-e7bdeed7-02-s1-d16,116,-4.0,-4.0,0.0
2024-2024092523gm-00a9-0000-e7bdeed7-02-s1-d16,117,-4.0,10.0,14.0
2024-2024092523gm-00a9-0000-e7bdeed7-02-s1-d16,118,10.0,-10.0,-20.0
2024-2024092523gm-00a9-0000-e7bdeed7-02-s1-d16,119,-4.0,-4.0,0.0
2024-2024092523gm-00a9-0000-e7bdeed7-02-s1-d16,120,10.0,4.0,-6.0
2024-2024092523gm-00a9-0000-e7bdeed7-02-s1-d16,121,4.0,10.0,6.0
2024-2024092523gm-00a9-0000-e7bdeed7-02-s1-d16,122,-10.0,-4.0,6.0
2024-2024092523gm-00a9-0000-e7bdeed7-02-s1-d16,123,4.0,10.0,6.0
2024-2024092523gm-00a9-0000-e7bdeed7-02-s1-d16,124,4.0,-10.0,-14.0
2024-2024092523gm-00a9-0000-e7bdeed7-02-s1-d16,125,-4.0,4.0,8.0
2024-2024092523gm-00a9-0000-e7bdeed7-02-s1-d16,126,-4.0,-10.0,-6.0
2024-2024092523gm-00a9-0000-e7bdeed7-02-s1-d16,127,-10.0,-10.0,0.0
2024-2024092523gm-00a9-0000-e7bdeed7-02-s1-d16,128,10.0,4.0,-6.0
2024-2024092523gm-00a9-0000-e7bdeed7-02-s1-d16,129,-4.0,10.0,14.0
2024-2024092523gm-00a9-0000-e7bdeed7-02-s1-d16,130,4.0,-10.0,-14.0
2024-2024092523gm-00a9-0000-e7bdeed7-02-s1-d16,131,10.0,4.0,-6.0
2024-2024092523gm-00a9-0000-e7bdeed7-02-s1-d16,132,4.0,10.0,6.0
2024-2024092523gm-00a9-0000-e7bdeed7-02-s1-d16,133,4.0,4.0,0.0
2024-2024092523gm-00a9-0000-e7bdeed7-02-s1-d16,134,4.0,4.0,0.0
2024-2024092523gm-00a9-0000-e7bdeed7-02-s1-d16,135,-4.0,4.0,8.0
2024-2024092523gm-00a9-0000-e7bdeed7-02-s1-d16,136,-4.0,-10.0,-6.0
2024-2024092523gm-00a9-0000-e7bdeed7-02-s1-d16,137,-4.0,4.0,8.0
2024-2024092523gm-00a9-0000-e7bdeed7-02-s1-d16,138,4.0,10.0,6.0
2024-2024092523gm-00a9-0000-e7bdeed7-02-s1-d16,139,4.0,-10.0,-14.0
2024-2024092523gm-00a9-0000-e7bdeed7-02-s1-d16,140,-4.0,10.0,14.0
2024-2024092523gm-00a9-0000-e7bdeed7-02-s1-d16,141,10.0,4.0,-6.0
2024-2024092523gm-00a9-0000-e7bdeed7-02-s1-d16,142,-4.0,-10.0,-6.0
2024-2024092523gm-00a9-0000-e7bdeed7-02-s1-d16,143,10.0,4.0,-6.0
2024-2024092523gm-00a9-0000-e7bdeed7-02-s1-d16,144,4.0,-10.0,-14.0
2024-2024092523gm-00a9-0000-e7bdeed7-02-s1-d16,145,-4.0,4.0,8.0
2024-2024092523gm-00a9-0000-e7bdeed7-02-s1-d16,146,-4.0,10.0,14.0
2024-2024092523gm-00a9-0000-e7bdeed7-02-s1-d16,147,-4.0,-4.0,0.0
2024-2024092523gm-00a9-0000-e7bdeed7-02-s1-d16,148,4.0,-4.0,-8.0
2024-2024092523gm-00a9-0000-e7bdeed7-02-s1-d16,149,4.0,4.0,0.0
2024-2024092523gm-00a9-0000-e7bdeed7-02-s1-d16,150,4.0,-10.0,-14.0
2024-2024092523gm-00a9-0000-e7bdeed7-02-s1-d16,151,4.0,10.0,6.0
2024-2024092523gm-00a9-0000-e7bdeed7-02-s1-d16,152,10.0,10.0,0.0
2024-2024092523gm-00a9-0000-e7bdeed7-02-s1-d16,153,-10.0,-4.0,6.0
2024-2024092523gm-00a9-0000-e7bdeed7-02-s1-d16,154,4.0,-10.0,-14.0
2024-2024092523gm-00a9-0000-e7bdeed7-02-s1-d16,155,-4.0,-10.0,-6.0
2024-2024092523gm-00a9-0000-e7bdeed7-02-s1-d16,156,10.0,10.0,0.0
2024-2024092523gm-00a9-0000-e7bdeed7-02-s1-d16,157,4.0,4.0,0.0
2024-2024092523gm-00a9-0000-e7bdeed7-02-s1-d16,158,-4.0,4.0,8.0
2024-2024092523gm-00a9-0000-e7bdeed7-02-s1-d16,159,10.0,-10.0,-20.0
2024-2024092523gm-00a9-0000-e7bdeed7-02-s1-d16,160,4.0,10.0,6.0
2024-2024092523gm-00a9-0000-e7bdeed7-02-s1-d16,161,10.0,-10.0,-20.0
2024-2024092523gm-00a9-0000-e7bdeed7-02-s1-d16,162,-4.0,-4.0,0.0
2024-2024092523gm-00a9-0000-e7bdeed7-02-s1-d16,163,-10.0,10.0,20.0
2024-2024092523gm-00a9-0000-e7bdeed7-02-s1-d16,164,10.0,-4.0,-14.0
2024-2024092523gm-00a9-0000-e7bdeed7-02-s1-d16,165,10.0,-4.0,-14.0
2024-2024092523gm-00a9-0000-e7bdeed7-02-s1-d16,166,10.0,-4.0,-14.0
2024-2024092523gm-00a9-0000-e7bdeed7-02-s1-d16,167,-4.0,-10.0,-6.0
2024-2024092523gm-00a9-0000-e7bdeed7-02-s1-d16,168,10.0,4.0,-6.0
2024-2024092523gm-00a9-0000-e7bdeed7-02-s1-d16,169,4.0,-10.0,-14.0
2024-2024092523gm-00a9-0000-e7bdeed7-02-s1-d16,170,10.0,4.0,-6.0
2024-2024092523gm-00a9-0000-e7bdeed7-02-s1-d16,171,-4.0,10.0,14.0
2024-2024092523gm-00a9-0000-e7bdeed7-02-s1-d16,172,-4.0,-4.0,0.0
2024-2024092523gm-00a9-0000-e7bdeed7-02-s1-d16,173,-4.0,4.0,8.0
2024-2024092523gm-00a9-0000-e7bdeed7-02-s1-d16,174,-4.0,10.0,14.0
2024-2024092523gm-00a9-0000-e7bdeed7-02-s1-d16,175,-10.0,-10.0,0.0
2024-2024092523gm-00a9-0000-e7bdeed7-02-s1-d16,176,10.0,-4.0,-14.0
2024-2024092523gm-00a9-0000-e7bdeed7-02-s1-d16,177,-4.0,10.0,14.0
2024-2024092523gm-00a9-0000-e7bdeed7-02-s1-d16,178,4.0,4.0,0.0
2024-2024092523gm-00a9-0000-e7bdeed7-02-s1-d16,179,-10.0,-10.0,0.0
2024-2024092523gm-00a9-0000-e7bdeed7-02-s1-d16,180,-10.0,-10.0,0.0
2024-2024092523gm-00a9-0000-e7bdeed7-02-s1-d16,181,-4.0,-4.0,0.0
2024-2024092523gm-00a9-0000-e7bdeed7-02-s1-d16,182,-4.0,-4.0,0.0
2024-2024092523gm-00a9-0000-e7bdeed7-02-s1-d16,183,4.0,-4.0,-8.0
2024-2024092523gm-00a9-0000-e7bdeed7-02-s1-d16,184,4.0,-10.0,-14.0
2024-2024092523gm-00a9-0000-e7bdeed7-02-s1-d16,185,-4.0,-10.0,-6.0
2024-2024092523gm-00a9-0000-e7bdeed7-02-s1-d16,186,4.0,4.0,0.0
2024-2024092523gm-00a9-0000-e7bdeed7-02-s1-d16,187,-4.0,-4.0,0.0
2024-2024092523gm-00a9-0000-e7bdeed7-02-s1-d16,188,4.0,10.0,6.0
2024-2024092523gm-00a9-0000-e7bdeed7-02-s1-d16,189,-10.0,-4.0,6.0
2024-2024092523gm-00a9-0000-e7bdeed7-02-s1-d16,190,10.0,10.0,0.0
2024-2024092523gm-00a9-0000-e7bdeed7-02-s1-d16,191,-10.0,10.0,20.0
2024-2024092523gm-00a9-0000-e7bdeed7-02-s1-d16,192,10.0,-10.0,-20.0
2024-2024092523gm-00a9-0000-e7bdeed7-02-s1-d16,193,4.0,-4.0,-8.0
2024-2024092523gm-00a9-0000-e7bdeed7-02-s1-d16,194,-10.0,10.0,20.0
2024-2024092523gm-00a9-0000-e7bdeed7-02-s1-d16,195,-10.0,-4.0,6.0
2024-2024092523gm-00a9-0000-e7bdeed7-02-s1-d16,196,10.0,10.0,0.0
2024-2024092523gm-00a9-0000-e7bdeed7-02-s1-d16,197,-4.0,4.0,8.0
2024-2024092523gm-00a9-0000-e7bdeed7-02-s1-d16,198,4.0,4.0,0.0
2024-2024092523gm-00a9-0000-e7bdeed7-02-s1-d16,199,4.0,10.0,6.0
2024-2024092523gm-00a9-0000-e7bdeed7-02-s1-d16,200,-10.0,10.0,20.0
2024-2024092523gm-00a9-0000-e7bdeed7-02-s1-d16,201,4.0,4.0,0.0
2024-2024092523gm-00a9-0000-e7bdeed7-02-s1-d16,202,10.0,-10.0,-20.0
2024-2024092523gm-00a9-0000-e7bdeed7-02-s1-d16,203,10.0,4.0,-6.0
2024-2024092523gm-00a9-0000-e7bdeed7-02-s1-d16,204,-4.0,4.0,8.0
2024-2024092523gm-00a9-0000-e7bdeed7-02-s1-d16,205,4.0,-4.0,-8.0
2024-2024092523gm-00a9-0000-e7bdeed7-02-s1-d16,206,4.0,-4.0,-8.0
2024-2024092523gm-00a9-0000-e7bdeed7-02-s1-d16,207,10.0,4.0,-6.0
2024-2024092523gm-00a9-0000-e7bdeed7-02-s1-d16,208,4.0,-4.0,-8.0
2024-2024092523gm-00a9-0000-e7bdeed7-02-s1-d16,209,10.0,10.0,0.0
2024-2024092523gm-00a9-0000-e7bdeed7-02-s1-d16,210,-10.0,-10.0,0.0
2024-2024092523gm-00a9-0000-e7bdeed7-02-s1-d16,211,4.0,-10.0,-14.0
2024-2024092523gm-00a9-0000-e7bdeed7-02-s1-d16,212,-4.0,10.0,14.0
2024-2024092523gm-00a9-0000-e7bdeed7-02-s1-d16,213,-10.0,-4.0,6.0
2024-2024092523gm-00a9-0000-e7bdeed7-02-s1-d16,214,10.0,4.0,-6.0
2024-2024092523gm-00a9-0000-e7bdeed7-02-s1-d16,215,-4.0,10.0,14.0
2024-2024092523gm-00a9-0000-e7bdeed7-02-s1-d16,216,4.0,-10.0,-14.0
2024-2024092523gm-00a9-0000-e7bdeed7-02-s1-d16,217,-10.0,-4.0,6.0
2024-2024092523gm-00a9-0000-e7bdeed7-02-s1-d16,218,4.0,4.0,0.0
2024-2024092523gm-00a9-0000-e7bdeed7-02-s1-d16,219,4.0,-4.0,-8.0
2024-2024092523gm-00a9-0000-e7bdeed7-02-s1-d16,220,-10.0,10.0,20.0
2024-2024092523gm-00a9-0000-e7bdeed7-02-s1-d16,221,4.0,-4.0,-8.0
2024-2024092523gm-00a9-0000-e7bdeed7-02-s1-d16,222,10.0,-10.0,-20.0
2024-2024092523gm-00a9-0000-e7bdeed7-02-s1-d16,223,4.0,-4.0,-8.0
2024-2024092523gm-00a9-0000-e7bdeed7-02-s1-d16,224,4.0,-10.0,-14.0
2024-2024092523gm-00a9-0000-e7bdeed7-02-s1-d16,225,-4.0,-4.0,0.0
2024-2024092523gm-00a9-0000-e7bdeed7-02-s1-d16,226,-4.0,4.0,8.0
2024-2024092523gm-00a9-0000-e7bdeed7-02-s1-d16,227,4.0,4.0,0.0
2024-2024092523gm-00a9-0000-e7bdeed7-02-s1-d16,228,-4.0,4.0,8.0
2024-2024092523gm-00a9-0000-e7bdeed7-02-s1-d16,229,10.0,10.0,0.0
2024-2024092523gm-00a9-0000-e7bdeed7-02-s1-d16,230,-4.0,10.0,14.0
2024-2024092523gm-00a9-0000-e7bdeed7-02-s1-d16,231,-10.0,4.0,14.0
2024-2024092523gm-00a9-0000-e7bdeed7-02-s1-d16,232,10.0,4.0,-6.0
2024-2024092523gm-00a9-0000-e7bdeed7-02-s1-d16,233,10.0,10.0,0.0
2024-2024092523gm-00a9-0000-e7bdeed7-02-s1-d16,234,10.0,4.0,-6.0
2024-2024092523gm-00a9-0000-e7bdeed7-02-s1-d16,235,4.0,-4.0,-8.0
2024-2024092523gm-00a9-0000-e7bdeed7-02-s1-d16,236,-4.0,10.0,14.0
2024-2024092523gm-00a9-0000-e7bdeed7-02-s1-d16,237,10.0,10.0,0.0
2024-2024092523gm-00a9-0000-e7bdeed7-02-s1-d16,238,4.0,10.0,6.0
2024-2024092523gm-00a9-0000-e7bdeed7-02-s1-d16,239,-4.0,-10.0,-6.0
2024-2024092523gm-00a9-0000-e7bdeed7-02-s1-d16,240,-10.0,4.0,14.0
2024-2024092523gm-00a9-0000-e7bdeed7-02-s1-d16,241,-10.0,10.0,20.0
2024-2024092523gm-00a9-0000-e7bdeed7-02-s1-d16,242,10.0,-10.0,-20.0
2024-2024092523gm-00a9-0000-e7bdeed7-02-s1-d16,243,10.0,10.0,0.0
2024-2024092523gm-00a9-0000-e7bdeed7-02-s1-d16,244,10.0,-10.0,-20.0
2024-2024092523gm-00a9-0000-e7bdeed7-02-s1-d16,245,4.0,-10.0,-14.0
2024-2024092523gm-00a9-0000-e7bdeed7-02-s1-d16,246,4.0,4.0,0.0
2024-2024092523gm-00a9-0000-e7bdeed7-02-s1-d16,247,10.0,10.0,0.0
2024-2024092523gm-00a9-0000-e7bdeed7-02-s1-d16,248,-10.0,-10.0,0.0
2024-2024092523gm-00a9-0000-e7bdeed7-02-s1-d16,249,4.0,-10.0,-14.0
2024-2024092523gm-00a9-0000-e7bdeed7-02-s1-d16,250,10.0,-10.0,-20.0
2024-2024092523gm-00a9-0000-e7bdeed7-02-s1-d16,251,-10.0,4.0,14.0
2024-2024092523gm-00a9-0000-e7bdeed7-02-s1-d16,252,-10.0,-4.0,6.0
2024-2024092523gm-00a9-0000-e7bdeed7-02-s1-d16,253,10.0,-10.0,-20.0
2024-2024092523gm-00a9-0000-e7bdeed7-02-s1-d16,254,-10.0,4.0,14.0
2024-2024092523gm-00a9-0000-e7bdeed7-02-s1-d16,255,4.0,4.0,0.0
2025-2025010923gm-00a9-0000-65e0833f-08-s3-d2,0,10.0,10.0,0.0
2025-2025010923gm-00a9-0000-65e0833f-08-s3-d2,1,4.0,4.0,0.0
2025-2025010923gm-00a9-0000-65e0833f-08-s3-d2,2,-4.0,-4.0,0.0
2025-2025010923gm-00a9-0000-65e0833f-08-s3-d2,3,-4.0,-4.0,0.0
2025-2025010923gm-00a9-0000-65e0833f-08-s3-d2,4,4.0,4.0,0.0
2025-2025010923gm-00a9-0000-65e0833f-08-s3-d2,5,-4.0,-4.0,0.0
2025-2025010923gm-00a9-0000-65e0833f-08-s3-d2,6,4.0,-4.0,-8.0
2025-2025010923gm-00a9-0000-65e0833f-08-s3-d2,7,-4.0,-4.0,0.0
2025-2025010923gm-00a9-0000-65e0833f-08-s3-d2,8,-4.0,-4.0,0.0
2025-2025010923gm-00a9-0000-65e0833f-08-s3-d2,9,-4.0,-4.0,0.0
2025-2025010923gm-00a9-0000-65e0833f-08-s3-d2,10,-4.0,-4.0,0.0
2025-2025010923gm-00a9-0000-65e0833f-08-s3-d2,11,-4.0,-4.0,0.0
2025-2025010923gm-00a9-0000-65e0833f-08-s3-d2,12,-4.0,-4.0,0.0
2025-2025010923gm-00a9-0000-65e0833f-08-s3-d2,13,-4.0,-4.0,0.0
2025-2025010923gm-00a9-0000-65e0833f-08-s3-d2,14,-4.0,-4.0,0.0
2025-2025010923gm-00a9-0000-65e0833f-08-s3-d2,15,-4.0,10.0,14.0
2025-2025010923gm-00a9-0000-65e0833f-08-s3-d2,16,-4.0,-4.0,0.0
2025-2025010923gm-00a9-0000-65e0833f-08-s3-d2,17,-4.0,-4.0,0.0
2025-2025010923gm-00a9-0000-65e0833f-08-s3-d2,18,4.0,4.0,0.0
2025-2025010923gm-00a9-0000-65e0833f-08-s3-d2,19,-4.0,-4.0,0.0
2025-2025010923gm-00a9-0000-65e0833f-08-s3-d2,20,10.0,10.0,0.0
2025-2025010923gm-00a9-0000-65e0833f-08-s3-d2,21,10.0,4.0,-6.0
2025-2025010923gm-00a9-0000-65e0833f-08-s3-d2,22,4.0,-4.0,-8.0
2025-2025010923gm-00a9-0000-65e0833f-08-s3-d2,23,-4.0,4.0,8.0
2025-2025010923gm-00a9-0000-65e0833f-08-s3-d2,24,-4.0,-4.0,0.0
2025-2025010923gm-00a9-0000-65e0833f-08-s3-d2,25,4.0,4.0,0.0
2025-2025010923gm-00a9-0000-65e0833f-08-s3-d2,26,4.0,4.0,0.0
2025-2025010923gm-00a9-0000-65e0833f-08-s3-d2,27,-4.0,-4.0,0.0
2025-2025010923gm-00a9-0000-65e0833f-08-s3-d2,28,-4.0,-4.0,0.0
2025-2025010923gm-00a9-0000-65e0833f-08-s3-d2,29,4.0,4.0,0.0
2025-2025010923gm-00a9-0000-65e0833f-08-s3-d2,30,4.0,4.0,0.0
2025-2025010923gm-00a9-0000-65e0833f-08-s3-d2,31,-4.0,-4.0,0.0
2025-2025010923gm-00a9-0000-65e0833f-08-s3-d2,32,-4.0,-4.0,0.0
2025-2025010923gm-00a9-0000-65e0833f-08-s3-d2,33,4.0,4.0,0.0
2025-2025010923gm-00a9-0000-65e0833f-08-s3-d2,34,4.0,-4.0,-8.0
2025-2025010923gm-00a9-0000-65e0833f-08-s3-d2,35,4.0,-4.0,-8.0
2025-2025010923gm-00a9-0000-65e0833f-08-s3-d2,36,4.0,4.0,0.0
2025-2025010923gm-00a9-0000-65e0833f-08-s3-d2,37,-4.0,-4.0,0.0
2025-2025010923gm-00a9-0000-65e0833f-08-s3-d2,38,4.0,4.0,0.0
2025-2025010923gm-00a9-0000-65e0833f-08-s3-d2,39,-4.0,4.0,8.0
2025-2025010923gm-00a9-0000-65e0833f-08-s3-d2,40,4.0,4.0,0.0
2025-2025010923gm-00a9-0000-65e0833f-08-s3-d2,41,-10.0,-10.0,0.0
2025-2025010923gm-00a9-0000-65e0833f-08-s3-d2,42,-4.0,-4.0,0.0
2025-2025010923gm-00a9-0000-65e0833f-08-s3-d2,43,-4.0,-10.0,-6.0
2025-2025010923gm-00a9-0000-65e0833f-08-s3-d2,44,10.0,10.0,0.0
2025-2025010923gm-00a9-0000-65e0833f-08-s3-d2,45,-4.0,-4.0,0.0
2025-2025010923gm-00a9-0000-65e0833f-08-s3-d2,46,-4.0,4.0,8.0
2025-2025010923gm-00a9-0000-65e0833f-08-s3-d2,47,4.0,4.0,0.0
2025-2025010923gm-00a9-0000-65e0833f-08-s3-d2,48,-4.0,-4.0,0.0
2025-2025010923gm-00a9-0000-65e0833f-08-s3-d2,49,-4.0,-4.0,0.0
2025-2025010923gm-00a9-0000-65e0833f-08-s3-d2,50,4.0,4.0,0.0
2025-2025010923gm-00a9-0000-65e0833f-08-s3-d2,51,-4.0,-4.0,0.0
2025-2025010923gm-00a9-0000-65e0833f-08-s3-d2,52,4.0,4.0,0.0
2025-2025010923gm-00a9-0000-65e0833f-08-s3-d2,53,10.0,4.0,-6.0
2025-2025010923gm-00a9-0000-65e0833f-08-s3-d2,54,-4.0,-4.0,0.0
2025-2025010923gm-00a9-0000-65e0833f-08-s3-d2,55,-10.0,-10.0,0.0
2025-2025010923gm-00a9-0000-65e0833f-08-s3-d2,56,-4.0,-4.0,0.0
2025-2025010923gm-00a9-0000-65e0833f-08-s3-d2,57,4.0,4.0,0.0
2025-2025010923gm-00a9-0000-65e0833f-08-s3-d2,58,-10.0,-10.0,0.0
2025-2025010923gm-00a9-0000-65e0833f-08-s3-d2,59,-4.0,-4.0,0.0
2025-2025010923gm-00a9-0000-65e0833f-08-s3-d2,60,4.0,4.0,0.0
2025-2025010923gm-00a9-0000-65e0833f-08-s3-d2,61,-4.0,-10.0,-6.0
2025-2025010923gm-00a9-0000-65e0833f-08-s3-d2,62,4.0,4.0,0.0
2025-2025010923gm-00a9-0000-65e0833f-08-s3-d2,63,-4.0,-4.0,0.0
2025-2025010923gm-00a9-0000-65e0833f-08-s3-d2,64,-4.0,-4.0,0.0
2025-2025010923gm-00a9-0000-65e0833f-08-s3-d2,65,-4.0,-4.0,0.0
2025-2025010923gm-00a9-0000-65e0833f-08-s3-d2,66,-4.0,-4.0,0.0
2025-2025010923gm-00a9-0000-65e0833f-08-s3-d2,67,-4.0,4.0,8.0
2025-2025010923gm-00a9-0000-65e0833f-08-s3-d2,68,-4.0,-4.0,0.0
2025-2025010923gm-00a9-0000-65e0833f-08-s3-d2,69,-4.0,-4.0,0.0
2025-2025010923gm-00a9-0000-65e0833f-08-s3-d2,70,-4.0,4.0,8.0
2025-2025010923gm-00a9-0000-65e0833f-08-s3-d2,71,-4.0,-4.0,0.0
2025-2025010923gm-00a9-0000-65e0833f-08-s3-d2,72,4.0,4.0,0.0
2025-2025010923gm-00a9-0000-65e0833f-08-s3-d2,73,-10.0,-10.0,0.0
2025-2025010923gm-00a9-0000-65e0833f-08-s3-d2,74,-4.0,-4.0,0.0
2025-2025010923gm-00a9-0000-65e0833f-08-s3-d2,75,4.0,10.0,6.0
2025-2025010923gm-00a9-0000-65e0833f-08-s3-d2,76,-4.0,-4.0,0.0
2025-2025010923gm-00a9-0000-65e0833f-08-s3-d2,77,10.0,10.0,0.0
2025-2025010923gm-00a9-0000-65e0833f-08-s3-d2,78,4.0,4.0,0.0
2025-2025010923gm-00a9-0000-65e0833f-08-s3-d2,79,-4.0,-4.0,0.0
2025-2025010923gm-00a9-0000-65e0833f-08-s3-d2,80,4.0,4.0,0.0
2025-2025010923gm-00a9-0000-65e0833f-08-s3-d2,81,-4.0,-4.0,0.0
2025-2025010923gm-00a9-0000-65e0833f-08-s3-d2,82,-4.0,4.0,8.0
2025-2025010923gm-00a9-0000-65e0833f-08-s3-d2,83,-4.0,4.0,8.0
2025-2025010923gm-00a9-0000-65e0833f-08-s3-d2,84,-4.0,-4.0,0.0
2025-2025010923gm-00a9-0000-65e0833f-08-s3-d2,85,-4.0,4.0,8.0
2025-2025010923gm-00a9-0000-65e0833f-08-s3-d2,86,10.0,10.0,0.0
2025-2025010923gm-00a9-0000-65e0833f-08-s3-d2,87,-4.0,-10.0,-6.0
2025-2025010923gm-00a9-0000-65e0833f-08-s3-d2,88,4.0,4.0,0.0
2025-2025010923gm-00a9-0000-65e0833f-08-s3-d2,89,-4.0,-4.0,0.0
2025-2025010923gm-00a9-0000-65e0833f-08-s3-d2,90,-4.0,4.0,8.0
2025-2025010923gm-00a9-0000-65e0833f-08-s3-d2,91,-4.0,-4.0,0.0
2025-2025010923gm-00a9-0000-65e0833f-08-s3-d2,92,4.0,-10.0,-14.0
2025-2025010923gm-00a9-0000-65e0833f-08-s3-d2,93,4.0,4.0,0.0
2025-2025010923gm-00a9-0000-65e0833f-08-s3-d2,94,-4.0,-4.0,0.0
2025-2025010923gm-00a9-0000-65e0833f-08-s3-d2,95,4.0,4.0,0.0
2025-2025010923gm-00a9-0000-65e0833f-08-s3-d2,96,-4.0,-4.0,0.0
2025-2025010923gm-00a9-0000-65e0833f-08-s3-d2,97,-10.0,-10.0,0.0
2025-2025010923gm-00a9-0000-65e0833f-08-s3-d2,98,-4.0,4.0,8.0
2025-2025010923gm-00a9-0000-65e0833f-08-s3-d2,99,-4.0,-4.0,0.0
2025-2025010923gm-00a9-0000-65e0833f-08-s3-d2,100,4.0,-4.0,-8.0
2025-2025010923gm-00a9-0000-65e0833f-08-s3-d2,101,-4.0,-10.0,-6.0
2025-2025010923gm-00a9-0000-65e0833f-08-s3-d2,102,-4.0,-4.0,0.0
2025-2025010923gm-00a9-0000-65e0833f-08-s3-d2,103,-4.0,-4.0,0.0
2025-2025010923gm-00a9-0000-65e0833f-08-s3-d2,104,-4.0,-4.0,0.0
2025-2025010923gm-00a9-0000-65e0833f-08-s3-d2,105,-10.0,-4.0,6.0
2025-2025010923gm-00a9-0000-65e0833f-08-s3-d2,106,-4.0,4.0,8.0
2025-2025010923gm-00a9-0000-65e0833f-08-s3-d2,107,-4.0,-4.0,0.0
2025-2025010923gm-00a9-0000-65e0833f-08-s3-d2,108,-4.0,-4.0,0.0
2025-2025010923gm-00a9-0000-65e0833f-08-s3-d2,109,-4.0,-4.0,0.0
2025-2025010923gm-00a9-0000-65e0833f-08-s3-d2,110,-4.0,-4.0,0.0
2025-2025010923gm-00a9-0000-65e0833f-08-s3-d2,111,-4.0,-4.0,0.0
2025-2025010923gm-00a9-0000-65e0833f-08-s3-d2,112,-4.0,4.0,8.0
2025-2025010923gm-00a9-0000-65e0833f-08-s3-d2,113,4.0,4.0,0.0
2025-2025010923gm-00a9-0000-65e0833f-08-s3-d2,114,-4.0,-4.0,0.0
2025-2025010923gm-00a9-0000-65e0833f-08-s3-d2,115,4.0,-4.0,-8.0
2025-2025010923gm-00a9-0000-65e0833f-08-s3-d2,116,4.0,4.0,0.0
2025-2025010923gm-00a9-0000-65e0833f-08-s3-d2,117,-4.0,-4.0,0.0
2025-2025010923gm-00a9-0000-65e0833f-08-s3-d2,118,4.0,-4.0,-8.0
2025-2025010923gm-00a9-0000-65e0833f-08-s3-d2,119,-4.0,-4.0,0.0
2025-2025010923gm-00a9-0000-65e0833f-08-s3-d2,120,-4.0,-4.0,0.0
2025-2025010923gm-00a9-0000-65e0833f-08-s3-d2,121,10.0,4.0,-6.0
2025-2025010923gm-00a9-0000-65e0833f-08-s3-d2,122,-4.0,-4.0,0.0
2025-2025010923gm-00a9-0000-65e0833f-08-s3-d2,123,-4.0,-4.0,0.0
2025-2025010923gm-00a9-0000-65e0833f-08-s3-d2,124,-4.0,4.0,8.0
2025-2025010923gm-00a9-0000-65e0833f-08-s3-d2,125,-4.0,10.0,14.0
2025-2025010923gm-00a9-0000-65e0833f-08-s3-d2,126,-4.0,-4.0,0.0
2025-2025010923gm-00a9-0000-65e0833f-08-s3-d2,127,-4.0,-4.0,0.0
2025-2025010923gm-00a9-0000-65e0833f-08-s3-d2,128,-4.0,-4.0,0.0
2025-2025010923gm-00a9-0000-65e0833f-08-s3-d2,129,-4.0,-4.0,0.0
2025-2025010923gm-00a9-0000-65e0833f-08-s3-d2,130,-4.0,-4.0,0.0
2025-2025010923gm-00a9-0000-65e0833f-08-s3-d2,131,4.0,4.0,0.0
2025-2025010923gm-00a9-0000-65e0833f-08-s3-d2,132,-4.0,-4.0,0.0
2025-2025010923gm-00a9-0000-65e0833f-08-s3-d2,133,-4.0,-4.0,0.0
2025-2025010923gm-00a9-0000-65e0833f-08-s3-d2,134,-4.0,-4.0,0.0
2025-2025010923gm-00a9-0000-65e0833f-08-s3-d2,135,4.0,-4.0,-8.0
2025-2025010923gm-00a9-0000-65e0833f-08-s3-d2,136,-4.0,-4.0,0.0
2025-2025010923gm-00a9-0000-65e0833f-08-s3-d2,137,-10.0,-10.0,0.0
2025-2025010923gm-00a9-0000-65e0833f-08-s3-d2,138,-4.0,-10.0,-6.0
2025-2025010923gm-00a9-0000-65e0833f-08-s3-d2,139,-4.0,-4.0,0.0
2025-2025010923gm-00a9-0000-65e0833f-08-s3-d2,140,-4.0,4.0,8.0
2025-2025010923gm-00a9-0000-65e0833f-08-s3-d2,141,-4.0,-4.0,0.0
2025-2025010923gm-00a9-0000-65e0833f-08-s3-d2,142,10.0,4.0,-6.0
2025-2025010923gm-00a9-0000-65e0833f-08-s3-d2,143,-4.0,-4.0,0.0
2025-2025010923gm-00a9-0000-65e0833f-08-s3-d2,144,10.0,10.0,0.0
2025-2025010923gm-00a9-0000-65e0833f-08-s3-d2,145,-4.0,-4.0,0.0
2025-2025010923gm-00a9-0000-65e0833f-08-s3-d2,146,-4.0,-4.0,0.0
2025-2025010923gm-00a9-0000-65e0833f-08-s3-d2,147,-10.0,-10.0,0.0
2025-2025010923gm-00a9-0000-65e0833f-08-s3-d2,148,4.0,4.0,0.0
2025-2025010923gm-00a9-0000-65e0833f-08-s3-d2,149,4.0,4.0,0.0
2025-2025010923gm-00a9-0000-65e0833f-08-s3-d2,150,-10.0,-4.0,6.0
2025-2025010923gm-00a9-0000-65e0833f-08-s3-d2,151,-4.0,-10.0,-6.0
2025-2025010923gm-00a9-0000-65e0833f-08-s3-d2,152,-4.0,4.0,8.0
2025-2025010923gm-00a9-0000-65e0833f-08-s3-d2,153,-4.0,-4.0,0.0
2025-2025010923gm-00a9-0000-65e0833f-08-s3-d2,154,4.0,-4.0,-8.0
2025-2025010923gm-00a9-0000-65e0833f-08-s3-d2,155,4.0,4.0,0.0
2025-2025010923gm-00a9-0000-65e0833f-08-s3-d2,156,-4.0,-4.0,0.0
2025-2025010923gm-00a9-0000-65e0833f-08-s3-d2,157,-4.0,-4.0,0.0
2025-2025010923gm-00a9-0000-65e0833f-08-s3-d2,158,-4.0,-4.0,0.0
2025-2025010923gm-00a9-0000-65e0833f-08-s3-d2,159,-4.0,-4.0,0.0
2025-2025010923gm-00a9-0000-65e0833f-08-s3-d2,160,-4.0,10.0,14.0
2025-2025010923gm-00a9-0000-65e0833f-08-s3-d2,161,-4.0,-4.0,0.0
2025-2025010923gm-00a9-0000-65e0833f-08-s3-d2,162,10.0,10.0,0.0
2025-2025010923gm-00a9-0000-65e0833f-08-s3-d2,163,-10.0,-10.0,0.0
2025-2025010923gm-00a9-0000-65e0833f-08-s3-d2,164,4.0,-4.0,-8.0
2025-2025010923gm-00a9-0000-65e0833f-08-s3-d2,165,-4.0,-4.0,0.0
2025-2025010923gm-00a9-0000-65e0833f-08-s3-d2,166,4.0,4.0,0.0
2025-2025010923gm-00a9-0000-65e0833f-08-s3-d2,167,-4.0,-10.0,-6.0
2025-2025010923gm-00a9-0000-65e0833f-08-s3-d2,168,-4.0,-4.0,0.0
2025-2025010923gm-00a9-0000-65e0833f-08-s3-d2,169,-4.0,-4.0,0.0
2025-2025010923gm-00a9-0000-65e0833f-08-s3-d2,170,-10.0,-4.0,6.0
2025-2025010923gm-00a9-0000-65e0833f-08-s3-d2,171,4.0,4.0,0.0
2025-2025010923gm-00a9-0000-65e0833f-08-s3-d2,172,10.0,4.0,-6.0
2025-2025010923gm-00a9-0000-65e0833f-08-s3-d2,173,10.0,10.0,0.0
2025-2025010923gm-00a9-0000-65e0833f-08-s3-d2,174,-4.0,4.0,8.0
2025-2025010923gm-00a9-0000-65e0833f-08-s3-d2,175,4.0,4.0,0.0
2025-2025010923gm-00a9-0000-65e0833f-08-s3-d2,176,-4.0,-4.0,0.0
2025-2025010923gm-00a9-0000-65e0833f-08-s3-d2,177,-4.0,4.0,8.0
2025-2025010923gm-00a9-0000-65e0833f-08-s3-d2,178,-4.0,-4.0,0.0
2025-2025010923gm-00a9-0000-65e0833f-08-s3-d2,179,10.0,4.0,-6.0
2025-2025010923gm-00a9-0000-65e0833f-08-s3-d2,180,-4.0,-4.0,0.0
2025-2025010923gm-00a9-0000-65e0833f-08-s3-d2,181,10.0,-4.0,-14.0
2025-2025010923gm-00a9-0000-65e0833f-08-s3-d2,182,4.0,4.0,0.0
2025-2025010923gm-00a9-0000-65e0833f-08-s3-d2,183,4.0,4.0,0.0
2025-2025010923gm-00a9-0000-65e0833f-08-s3-d2,184,4.0,4.0,0.0
2025-2025010923gm-00a9-0000-65e0833f-08-s3-d2,185,-4.0,-4.0,0.0
2025-2025010923gm-00a9-0000-65e0833f-08-s3-d2,186,-4.0,-4.0,0.0
2025-2025010923gm-00a9-0000-65e0833f-08-s3-d2,187,-4.0,-4.0,0.0
2025-2025010923gm-00a9-0000-65e0833f-08-s3-d2,188,-4.0,-4.0,0.0
2025-2025010923gm-00a9-0000-65e0833f-08-s3-d2,189,-10.0,-10.0,0.0
2025-2025010923gm-00a9-0000-65e0833f-08-s3-d2,190,-4.0,-4.0,0.0
2025-2025010923gm-00a9-0000-65e0833f-08-s3-d2,191,-4.0,-4.0,0.0
2025-2025010923gm-00a9-0000-65e0833f-08-s3-d2,192,-4.0,-4.0,0.0
2025-2025010923gm-00a9-0000-65e0833f-08-s3-d2,193,-4.0,-4.0,0.0
2025-2025010923gm-00a9-0000-65e0833f-08-s3-d2,194,4.0,4.0,0.0
2025-2025010923gm-00a9-0000-65e0833f-08-s3-d2,195,-4.0,-4.0,0.0
2025-2025010923gm-00a9-0000-65e0833f-08-s3-d2,196,4.0,-4.0,-8.0
2025-2025010923gm-00a9-0000-65e0833f-08-s3-d2,197,-4.0,-4.0,0.0
2025-2025010923gm-00a9-0000-65e0833f-08-s3-d2,198,-4.0,-4.0,0.0
2025-2025010923gm-00a9-0000-65e0833f-08-s3-d2,199,-4.0,-4.0,0.0
2025-2025010923gm-00a9-0000-65e0833f-08-s3-d2,200,-4.0,4.0,8.0
2025-2025010923gm-00a9-0000-65e0833f-08-s3-d2,201,-4.0,-4.0,0.0
2025-2025010923gm-00a9-0000-65e0833f-08-s3-d2,202,-4.0,-4.0,0.0
2025-2025010923gm-00a9-0000-65e0833f-08-s3-d2,203,4.0,4.0,0.0
2025-2025010923gm-00a9-0000-65e0833f-08-s3-d2,204,-4.0,-4.0,0.0
2025-2025010923gm-00a9-0000-65e0833f-08-s3-d2,205,4.0,4.0,0.0
2025-2025010923gm-00a9-0000-65e0833f-08-s3-d2,206,-4.0,-4.0,0.0
2025-2025010923gm-00a9-0000-65e0833f-08-s3-d2,207,-4.0,-4.0,0.0
2025-2025010923gm-00a9-0000-65e0833f-08-s3-d2,208,-4.0,-4.0,0.0
2025-2025010923gm-00a9-0000-65e0833f-08-s3-d2,209,-10.0,-10.0,0.0
2025-2025010923gm-00a9-0000-65e0833f-08-s3-d2,210,4.0,4.0,0.0
2025-2025010923gm-00a9-0000-65e0833f-08-s3-d2,211,-4.0,4.0,8.0
2025-2025010923gm-00a9-0000-65e0833f-08-s3-d2,212,4.0,-4.0,-8.0
2025-2025010923gm-00a9-0000-65e0833f-08-s3-d2,213,4.0,10.0,6.0
2025-2025010923gm-00a9-0000-65e0833f-08-s3-d2,214,-4.0,-4.0,0.0
2025-2025010923gm-00a9-0000-65e0833f-08-s3-d2,215,-4.0,4.0,8.0
2025-2025010923gm-00a9-0000-65e0833f-08-s3-d2,216,-4.0,-4.0,0.0
2025-2025010923gm-00a9-0000-65e0833f-08-s3-d2,217,4.0,-4.0,-8.0
2025-2025010923gm-00a9-0000-65e0833f-08-s3-d2,218,-4.0,-4.0,0.0
2025-2025010923gm-00a9-0000-65e0833f-08-s3-d2,219,-4.0,4.0,8.0
2025-2025010923gm-00a9-0000-65e0833f-08-s3-d2,220,-4.0,-4.0,0.0
2025-2025010923gm-00a9-0000-65e0833f-08-s3-d2,221,-4.0,-4.0,0.0
2025-2025010923gm-00a9-0000-65e0833f-08-s3-d2,222,-4.0,-4.0,0.0
2025-2025010923gm-00a9-0000-65e0833f-08-s3-d2,223,4.0,4.0,0.0
2025-2025010923gm-00a9-0000-65e0833f-08-s3-d2,224,-4.0,-4.0,0.0
2025-2025010923gm-00a9-0000-65e0833f-08-s3-d2,225,-4.0,-4.0,0.0
2025-2025010923gm-00a9-0000-65e0833f-08-s3-d2,226,-4.0,-4.0,0.0
2025-2025010923gm-00a9-0000-65e0833f-08-s3-d2,227,-4.0,-4.0,0.0
2025-2025010923gm-00a9-0000-65e0833f-08-s3-d2,228,-4.0,4.0,8.0
2025-2025010923gm-00a9-0000-65e0833f-08-s3-d2,229,-10.0,-10.0,0.0
2025-2025010923gm-00a9-0000-65e0833f-08-s3-d2,230,-4.0,4.0,8.0
2025-2025010923gm-00a9-0000-65e0833f-08-s3-d2,231,-4.0,-4.0,0.0
2025-2025010923gm-00a9-0000-65e0833f-08-s3-d2,232,-4.0,-4.0,0.0
2025-2025010923gm-00a9-0000-65e0833f-08-s3-d2,233,-4.0,4.0,8.0
2025-2025010923gm-00a9-0000-65e0833f-08-s3-d2,234,-4.0,-4.0,0.0
2025-2025010923gm-00a9-0000-65e0833f-08-s3-d2,235,4.0,10.0,6.0
2025-2025010923gm-00a9-0000-65e0833f-08-s3-d2,236,-4.0,-10.0,-6.0
2025-2025010923gm-00a9-0000-65e0833f-08-s3-d2,237,-10.0,-10.0,0.0
2025-2025010923gm-00a9-0000-65e0833f-08-s3-d2,238,4.0,-4.0,-8.0
2025-2025010923gm-00a9-0000-65e0833f-08-s3-d2,239,4.0,-4.0,-8.0
2025-2025010923gm-00a9-0000-65e0833f-08-s3-d2,240,-4.0,-4.0,0.0
2025-2025010923gm-00a9-0000-65e0833f-08-s3-d2,241,-4.0,-4.0,0.0
2025-2025010923gm-00a9-0000-65e0833f-08-s3-d2,242,-4.0,-4.0,0.0
2025-2025010923gm-00a9-0000-65e0833f-08-s3-d2,243,-10.0,-10.0,0.0
2025-2025010923gm-00a9-0000-65e0833f-08-s3-d2,244,-4.0,4.0,8.0
2025-2025010923gm-00a9-0000-65e0833f-08-s3-d2,245,-10.0,4.0,14.0
2025-2025010923gm-00a9-0000-65e0833f-08-s3-d2,246,4.0,4.0,0.0
2025-2025010923gm-00a9-0000-65e0833f-08-s3-d2,247,-10.0,-10.0,0.0
2025-2025010923gm-00a9-0000-65e0833f-08-s3-d2,248,-4.0,-4.0,0.0
2025-2025010923gm-00a9-0000-65e0833f-08-s3-d2,249,10.0,4.0,-6.0
2025-2025010923gm-00a9-0000-65e0833f-08-s3-d2,250,-4.0,-4.0,0.0
2025-2025010923gm-00a9-0000-65e0833f-08-s3-d2,251,-4.0,-4.0,0.0
2025-2025010923gm-00a9-0000-65e0833f-08-s3-d2,252,4.0,4.0,0.0
2025-2025010923gm-00a9-0000-65e0833f-08-s3-d2,253,-4.0,-4.0,0.0
2025-2025010923gm-00a9-0000-65e0833f-08-s3-d2,254,-4.0,-4.0,0.0
2025-2025010923gm-00a9-0000-65e0833f-08-s3-d2,255,-4.0,10.0,14.0
2025-2025011210gm-00a9-0000-65465afe-00-s3-d2,0,-10.0,-10.0,0.0
2025-2025011210gm-00a9-0000-65465afe-00-s3-d2,1,10.0,4.0,-6.0
2025-2025011210gm-00a9-0000-65465afe-00-s3-d2,2,-4.0,4.0,8.0
2025-2025011210gm-00a9-0000-65465afe-00-s3-d2,3,-4.0,-4.0,0.0
2025-2025011210gm-00a9-0000-65465afe-00-s3-d2,4,-10.0,10.0,20.0
2025-2025011210gm-00a9-0000-65465afe-00-s3-d2,5,-10.0,-10.0,0.0
2025-2025011210gm-00a9-0000-65465afe-00-s3-d2,6,-10.0,-4.0,6.0
2025-2025011210gm-00a9-0000-65465afe-00-s3-d2,7,10.0,10.0,0.0
2025-2025011210gm-00a9-0000-65465afe-00-s3-d2,8,4.0,-10.0,-14.0
2025-2025011210gm-00a9-0000-65465afe-00-s3-d2,9,4.0,4.0,0.0
2025-2025011210gm-00a9-0000-65465afe-00-s3-d2,10,10.0,10.0,0.0
2025-2025011210gm-00a9-0000-65465afe-00-s3-d2,11,-10.0,10.0,20.0
2025-2025011210gm-00a9-0000-65465afe-00-s3-d2,12,-4.0,-10.0,-6.0
2025-2025011210gm-00a9-0000-65465afe-00-s3-d2,13,-10.0,-10.0,0.0
2025-2025011210gm-00a9-0000-65465afe-00-s3-d2,14,-10.0,4.0,14.0
2025-2025011210gm-00a9-0000-65465afe-00-s3-d2,15,4.0,-4.0,-8.0
2025-2025011210gm-00a9-0000-65465afe-00-s3-d2,16,-10.0,-4.0,6.0
2025-2025011210gm-00a9-0000-65465afe-00-s3-d2,17,-4.0,-4.0,0.0
2025-2025011210gm-00a9-0000-65465afe-00-s3-d2,18,-4.0,10.0,14.0
2025-2025011210gm-00a9-0000-65465afe-00-s3-d2,19,10.0,10.0,0.0
2025-2025011210gm-00a9-0000-65465afe-00-s3-d2,20,-4.0,4.0,8.0
2025-2025011210gm-00a9-0000-65465afe-00-s3-d2,21,10.0,-10.0,-20.0
2025-2025011210gm-00a9-0000-65465afe-00-s3-d2,22,-4.0,-10.0,-6.0
2025-2025011210gm-00a9-0000-65465afe-00-s3-d2,23,-4.0,-10.0,-6.0
2025-2025011210gm-00a9-0000-65465afe-00-s3-d2,24,-10.0,-10.0,0.0
2025-2025011210gm-00a9-0000-65465afe-00-s3-d2,25,10.0,-4.0,-14.0
2025-2025011210gm-00a9-0000-65465afe-00-s3-d2,26,-4.0,10.0,14.0
2025-2025011210gm-00a9-0000-65465afe-00-s3-d2,27,10.0,10.0,0.0
2025-2025011210gm-00a9-0000-65465afe-00-s3-d2,28,-10.0,-10.0,0.0
2025-2025011210gm-00a9-0000-65465afe-00-s3-d2,29,4.0,-4.0,-8.0
2025-2025011210gm-00a9-0000-65465afe-00-s3-d2,30,4.0,4.0,0.0
2025-2025011210gm-00a9-0000-65465afe-00-s3-d2,31,4.0,-4.0,-8.0
2025-2025011210gm-00a9-0000-65465afe-00-s3-d2,32,-10.0,-4.0,6.0
2025-2025011210gm-00a9-0000-65465afe-00-s3-d2,33,4.0,-10.0,-14.0
2025-2025011210gm-00a9-0000-65465afe-00-s3-d2,34,-10.0,-10.0,0.0
2025-2025011210gm-00a9-0000-65465afe-00-s3-d2,35,10.0,10.0,0.0
2025-2025011210gm-00a9-0000-65465afe-00-s3-d2,36,-4.0,-4.0,0.0
2025-2025011210gm-00a9-0000-65465afe-00-s3-d2,37,-4.0,-10.0,-6.0
2025-2025011210gm-00a9-0000-65465afe-00-s3-d2,38,10.0,10.0,0.0
2025-2025011210gm-00a9-0000-65465afe-00-s3-d2,39,-4.0,-10.0,-6.0
2025-2025011210gm-00a9-0000-65465afe-00-s3-d2,40,4.0,4.0,0.0
2025-2025011210gm-00a9-0000-65465afe-00-s3-d2,41,-10.0,10.0,20.0
2025-2025011210gm-00a9-0000-65465afe-00-s3-d2,42,-4.0,-4.0,0.0
2025-2025011210gm-00a9-0000-65465afe-00-s3-d2,43,-4.0,-4.0,0.0
2025-2025011210gm-00a9-0000-65465afe-00-s3-d2,44,10.0,10.0,0.0
2025-2025011210gm-00a9-0000-65465afe-00-s3-d2,45,-4.0,4.0,8.0
2025-2025011210gm-00a9-0000-65465afe-00-s3-d2,46,10.0,10.0,0.0
2025-2025011210gm-00a9-0000-65465afe-00-s3-d2,47,4.0,4.0,0.0
2025-2025011210gm-00a9-0000-65465afe-00-s3-d2,48,-10.0,-4.0,6.0
2025-2025011210gm-00a9-0000-65465afe-00-s3-d2,49,4.0,-4.0,-8.0
2025-2025011210gm-00a9-0000-65465afe-00-s3-d2,50,4.0,4.0,0.0
2025-2025011210gm-00a9-0000-65465afe-00-s3-d2,51,-10.0,4.0,14.0
2025-2025011210gm-00a9-0000-65465afe-00-s3-d2,52,-10.0,-10.0,0.0
2025-2025011210gm-00a9-0000-65465afe-00-s3-d2,53,10.0,4.0,-6.0
2025-2025011210gm-00a9-0000-65465afe-00-s3-d2,54,-4.0,-4.0,0.0
2025-2025011210gm-00a9-0000-65465afe-00-s3-d2,55,-4.0,-10.0,-6.0
2025-2025011210gm-00a9-0000-65465afe-00-s3-d2,56,-4.0,-4.0,0.0
2025-2025011210gm-00a9-0000-65465afe-00-s3-d2,57,4.0,4.0,0.0
2025-2025011210gm-00a9-0000-65465afe-00-s3-d2,58,-10.0,-10.0,0.0
2025-2025011210gm-00a9-0000-65465afe-00-s3-d2,59,-10.0,-10.0,0.0
2025-2025011210gm-00a9-0000-65465afe-00-s3-d2,60,4.0,4.0,0.0
2025-2025011210gm-00a9-0000-65465afe-00-s3-d2,61,-4.0,10.0,14.0
2025-2025011210gm-00a9-0000-65465afe-00-s3-d2,62,4.0,-10.0,-14.0
2025-2025011210gm-00a9-0000-65465afe-00-s3-d2,63,-4.0,10.0,14.0
2025-2025011210gm-00a9-0000-65465afe-00-s3-d2,64,-10.0,-4.0,6.0
2025-2025011210gm-00a9-0000-65465afe-00-s3-d2,65,4.0,4.0,0.0
2025-2025011210gm-00a9-0000-65465afe-00-s3-d2,66,-10.0,4.0,14.0
2025-2025011210gm-00a9-0000-65465afe-00-s3-d2,67,-10.0,10.0,20.0
2025-2025011210gm-00a9-0000-65465afe-00-s3-d2,68,-10.0,-10.0,0.0
2025-2025011210gm-00a9-0000-65465afe-00-s3-d2,69,10.0,10.0,0.0
2025-2025011210gm-00a9-0000-65465afe-00-s3-d2,70,-4.0,-4.0,0.0
2025-2025011210gm-00a9-0000-65465afe-00-s3-d2,71,4.0,-4.0,-8.0
2025-2025011210gm-00a9-0000-65465afe-00-s3-d2,72,4.0,4.0,0.0
2025-2025011210gm-00a9-0000-65465afe-00-s3-d2,73,10.0,-4.0,-14.0
2025-2025011210gm-00a9-0000-65465afe-00-s3-d2,74,10.0,10.0,0.0
2025-2025011210gm-00a9-0000-65465afe-00-s3-d2,75,10.0,10.0,0.0
2025-2025011210gm-00a9-0000-65465afe-00-s3-d2,76,10.0,-4.0,-14.0
2025-2025011210gm-00a9-0000-65465afe-00-s3-d2,77,10.0,-4.0,-14.0
2025-2025011210gm-00a9-0000-65465afe-00-s3-d2,78,10.0,10.0,0.0
2025-2025011210gm-00a9-0000-65465afe-00-s3-d2,79,-4.0,4.0,8.0
2025-2025011210gm-00a9-0000-65465afe-00-s3-d2,80,10.0,10.0,0.0
2025-2025011210gm-00a9-0000-65465afe-00-s3-d2,81,-4.0,4.0,8.0
2025-2025011210gm-00a9-0000-65465afe-00-s3-d2,82,-10.0,10.0,20.0
2025-2025011210gm-00a9-0000-65465afe-00-s3-d2,83,-10.0,-10.0,0.0
2025-2025011210gm-00a9-0000-65465afe-00-s3-d2,84,-4.0,10.0,14.0
2025-2025011210gm-00a9-0000-65465afe-00-s3-d2,85,-10.0,-10.0,0.0
2025-2025011210gm-00a9-0000-65465afe-00-s3-d2,86,-10.0,-10.0,0.0
2025-2025011210gm-00a9-0000-65465afe-00-s3-d2,87,10.0,-4.0,-14.0
2025-2025011210gm-00a9-0000-65465afe-00-s3-d2,88,-4.0,-10.0,-6.0
2025-2025011210gm-00a9-0000-65465afe-00-s3-d2,89,-4.0,-4.0,0.0
2025-2025011210gm-00a9-0000-65465afe-00-s3-d2,90,10.0,-4.0,-14.0
2025-2025011210gm-00a9-0000-65465afe-00-s3-d2,91,-10.0,-10.0,0.0
2025-2025011210gm-00a9-0000-65465afe-00-s3-d2,92,4.0,4.0,0.0
2025-2025011210gm-00a9-0000-65465afe-00-s3-d2,93,-4.0,-4.0,0.0
2025-2025011210gm-00a9-0000-65465afe-00-s3-d2,94,4.0,4.0,0.0
2025-2025011210gm-00a9-0000-65465afe-00-s3-d2,95,-4.0,-10.0,-6.0
2025-2025011210gm-00a9-0000-65465afe-00-s3-d2,96,-10.0,-10.0,0.0
2025-2025011210gm-00a9-0000-65465afe-00-s3-d2,97,10.0,10.0,0.0
2025-2025011210gm-00a9-0000-65465afe-00-s3-d2,98,-10.0,-4.0,6.0
2025-2025011210gm-00a9-0000-65465afe-00-s3-d2,99,-10.0,-10.0,0.0
2025-2025011210gm-00a9-0000-65465afe-00-s3-d2,100,4.0,4.0,0.0
2025-2025011210gm-00a9-0000-65465afe-00-s3-d2,101,-10.0,-10.0,0.0
2025-2025011210gm-00a9-0000-65465afe-00-s3-d2,102,4.0,4.0,0.0
2025-2025011210gm-00a9-0000-65465afe-00-s3-d2,103,4.0,-4.0,-8.0
2025-2025011210gm-00a9-0000-65465afe-00-s3-d2,104,10.0,10.0,0.0
2025-2025011210gm-00a9-0000-65465afe-00-s3-d2,105,4.0,4.0,0.0
2025-2025011210gm-00a9-0000-65465afe-00-s3-d2,106,-10.0,-10.0,0.0
2025-2025011210gm-00a9-0000-65465afe-00-s3-d2,107,4.0,-4.0,-8.0
2025-2025011210gm-00a9-0000-65465afe-00-s3-d2,108,10.0,10.0,0.0
2025-2025011210gm-00a9-0000-65465afe-00-s3-d2,109,-10.0,10.0,20.0
2025-2025011210gm-00a9-0000-65465afe-00-s3-d2,110,4.0,-10.0,-14.0
2025-2025011210gm-00a9-0000-65465afe-00-s3-d2,111,4.0,-4.0,-8.0
2025-2025011210gm-00a9-0000-65465afe-00-s3-d2,112,4.0,-10.0,-14.0
2025-2025011210gm-00a9-0000-65465afe-00-s3-d2,113,4.0,-4.0,-8.0
2025-2025011210gm-00a9-0000-65465afe-00-s3-d2,114,10.0,4.0,-6.0
2025-2025011210gm-00a9-0000-65465afe-00-s3-d2,115,-10.0,-10.0,0.0
2025-2025011210gm-00a9-0000-65465afe-00-s3-d2,116,-4.0,10.0,14.0
2025-2025011210gm-00a9-0000-65465afe-00-s3-d2,117,-4.0,-4.0,0.0
2025-2025011210gm-00a9-0000-65465afe-00-s3-d2,118,-10.0,-10.0,0.0
2025-2025011210gm-00a9-0000-65465afe-00-s3-d2,119,10.0,-10.0,-20.0
2025-2025011210gm-00a9-0000-65465afe-00-s3-d2,120,-10.0,-10.0,0.0
2025-2025011210gm-00a9-0000-65465afe-00-s3-d2,121,10.0,10.0,0.0
2025-2025011210gm-00a9-0000-65465afe-00-s3-d2,122,10.0,4.0,-6.0
2025-2025011210gm-00a9-0000-65465afe-00-s3-d2,123,4.0,4.0,0.0
2025-2025011210gm-00a9-0000-65465afe-00-s3-d2,124,10.0,-10.0,-20.0
2025-2025011210gm-00a9-0000-65465afe-00-s3-d2,125,10.0,10.0,0.0
2025-2025011210gm-00a9-0000-65465afe-00-s3-d2,126,-10.0,-10.0,0.0
2025-2025011210gm-00a9-0000-65465afe-00-s3-d2,127,10.0,-4.0,-14.0
2025-2025011210gm-00a9-0000-65465afe-00-s3-d2,128,4.0,4.0,0.0
2025-2025011210gm-00a9-0000-65465afe-00-s3-d2,129,10.0,10.0,0.0
2025-2025011210gm-00a9-0000-65465afe-00-s3-d2,130,-4.0,-4.0,0.0
2025-2025011210gm-00a9-0000-65465afe-00-s3-d2,131,4.0,10.0,6.0
2025-2025011210gm-00a9-0000-65465afe-00-s3-d2,132,-10.0,-4.0,6.0
2025-2025011210gm-00a9-0000-65465afe-00-s3-d2,133,4.0,-4.0,-8.0
2025-2025011210gm-00a9-0000-65465afe-00-s3-d2,134,4.0,4.0,0.0
2025-2025011210gm-00a9-0000-65465afe-00-s3-d2,135,4.0,4.0,0.0
2025-2025011210gm-00a9-0000-65465afe-00-s3-d2,136,-10.0,-10.0,0.0
2025-2025011210gm-00a9-0000-65465afe-00-s3-d2,137,4.0,4.0,0.0
2025-2025011210gm-00a9-0000-65465afe-00-s3-d2,138,10.0,-4.0,-14.0
2025-2025011210gm-00a9-0000-65465afe-00-s3-d2,139,-4.0,-10.0,-6.0
2025-2025011210gm-00a9-0000-65465afe-00-s3-d2,140,-10.0,-4.0,6.0
2025-2025011210gm-00a9-0000-65465afe-00-s3-d2,141,10.0,10.0,0.0
2025-2025011210gm-00a9-0000-65465afe-00-s3-d2,142,-4.0,-4.0,0.0
2025-2025011210gm-00a9-0000-65465afe-00-s3-d2,143,10.0,4.0,-6.0
2025-2025011210gm-00a9-0000-65465afe-00-s3-d2,144,10.0,4.0,-6.0
2025-2025011210gm-00a9-0000-65465afe-00-s3-d2,145,-4.0,-10.0,-6.0
2025-2025011210gm-00a9-0000-65465afe-00-s3-d2,146,-10.0,-4.0,6.0
2025-2025011210gm-00a9-0000-65465afe-00-s3-d2,147,-4.0,-4.0,0.0
2025-2025011210gm-00a9-0000-65465afe-00-s3-d2,148,-10.0,-4.0,6.0
2025-2025011210gm-00a9-0000-65465afe-00-s3-d2,149,-10.0,-4.0,6.0
2025-2025011210gm-00a9-0000-65465afe-00-s3-d2,150,-10.0,-10.0,0.0
2025-2025011210gm-00a9-0000-65465afe-00-s3-d2,151,-4.0,-10.0,-6.0
2025-2025011210gm-00a9-0000-65465afe-00-s3-d2,152,4.0,-10.0,-14.0
2025-2025011210gm-00a9-0000-65465afe-00-s3-d2,153,-10.0,4.0,14.0
2025-2025011210gm-00a9-0000-65465afe-00-s3-d2,154,10.0,10.0,0.0
2025-2025011210gm-00a9-0000-65465afe-00-s3-d2,155,4.0,10.0,6.0
2025-2025011210gm-00a9-0000-65465afe-00-s3-d2,156,10.0,10.0,0.0
2025-2025011210gm-00a9-0000-65465afe-00-s3-d2,157,-10.0,-10.0,0.0
2025-2025011210gm-00a9-0000-65465afe-00-s3-d2,158,4.0,-4.0,-8.0
2025-2025011210gm-00a9-0000-65465afe-00-s3-d2,159,4.0,-4.0,-8.0
2025-2025011210gm-00a9-0000-65465afe-00-s3-d2,160,10.0,-10.0,-20.0
2025-2025011210gm-00a9-0000-65465afe-00-s3-d2,161,4.0,4.0,0.0
2025-2025011210gm-00a9-0000-65465afe-00-s3-d2,162,10.0,-10.0,-20.0
2025-2025011210gm-00a9-0000-65465afe-00-s3-d2,163,4.0,4.0,0.0
2025-2025011210gm-00a9-0000-65465afe-00-s3-d2,164,4.0,10.0,6.0
2025-2025011210gm-00a9-0000-65465afe-00-s3-d2,165,10.0,10.0,0.0
2025-2025011210gm-00a9-0000-65465afe-00-s3-d2,166,10.0,10.0,0.0
2025-2025011210gm-00a9-0000-65465afe-00-s3-d2,167,-10.0,10.0,20.0
2025-2025011210gm-00a9-0000-65465afe-00-s3-d2,168,10.0,10.0,0.0
2025-2025011210gm-00a9-0000-65465afe-00-s3-d2,169,10.0,-10.0,-20.0
2025-2025011210gm-00a9-0000-65465afe-00-s3-d2,170,-10.0,-4.0,6.0
2025-2025011210gm-00a9-0000-65465afe-00-s3-d2,171,10.0,4.0,-6.0
2025-2025011210gm-00a9-0000-65465afe-00-s3-d2,172,-10.0,4.0,14.0
2025-2025011210gm-00a9-0000-65465afe-00-s3-d2,173,-10.0,4.0,14.0
2025-2025011210gm-00a9-0000-65465afe-00-s3-d2,174,4.0,4.0,0.0
2025-2025011210gm-00a9-0000-65465afe-00-s3-d2,175,4.0,4.0,0.0
2025-2025011210gm-00a9-0000-65465afe-00-s3-d2,176,-4.0,-4.0,0.0
2025-2025011210gm-00a9-0000-65465afe-00-s3-d2,177,-4.0,-4.0,0.0
2025-2025011210gm-00a9-0000-65465afe-00-s3-d2,178,4.0,10.0,6.0
2025-2025011210gm-00a9-0000-65465afe-00-s3-d2,179,-10.0,-10.0,0.0
2025-2025011210gm-00a9-0000-65465afe-00-s3-d2,180,10.0,4.0,-6.0
2025-2025011210gm-00a9-0000-65465afe-00-s3-d2,181,4.0,4.0,0.0
2025-2025011210gm-00a9-0000-65465afe-00-s3-d2,182,-4.0,-4.0,0.0
2025-2025011210gm-00a9-0000-65465afe-00-s3-d2,183,4.0,10.0,6.0
2025-2025011210gm-00a9-0000-65465afe-00-s3-d2,184,-10.0,-4.0,6.0
2025-2025011210gm-00a9-0000-65465afe-00-s3-d2,185,10.0,10.0,0.0
2025-2025011210gm-00a9-0000-65465afe-00-s3-d2,186,-4.0,-4.0,0.0
2025-2025011210gm-00a9-0000-65465afe-00-s3-d2,187,10.0,4.0,-6.0
2025-2025011210gm-00a9-0000-65465afe-00-s3-d2,188,10.0,10.0,0.0
2025-2025011210gm-00a9-0000-65465afe-00-s3-d2,189,-4.0,10.0,14.0
2025-2025011210gm-00a9-0000-65465afe-00-s3-d2,190,10.0,-10.0,-20.0
2025-2025011210gm-00a9-0000-65465afe-00-s3-d2,191,10.0,10.0,0.0
2025-2025011210gm-00a9-0000-65465afe-00-s3-d2,192,-10.0,-10.0,0.0
2025-2025011210gm-00a9-0000-65465afe-00-s3-d2,193,-10.0,-10.0,0.0
2025-2025011210gm-00a9-0000-65465afe-00-s3-d2,194,4.0,4.0,0.0
2025-2025011210gm-00a9-0000-65465afe-00-s3-d2,195,10.0,-4.0,-14.0
2025-2025011210gm-00a9-0000-65465afe-00-s3-d2,196,-4.0,-4.0,0.0
2025-2025011210gm-00a9-0000-65465afe-00-s3-d2,197,4.0,4.0,0.0
2025-2025011210gm-00a9-0000-65465afe-00-s3-d2,198,10.0,10.0,0.0
2025-2025011210gm-00a9-0000-65465afe-00-s3-d2,199,-10.0,-10.0,0.0
2025-2025011210gm-00a9-0000-65465afe-00-s3-d2,200,10.0,4.0,-6.0
2025-2025011210gm-00a9-0000-65465afe-00-s3-d2,201,-4.0,4.0,8.0
2025-2025011210gm-00a9-0000-65465afe-00-s3-d2,202,-4.0,10.0,14.0
2025-2025011210gm-00a9-0000-65465afe-00-s3-d2,203,4.0,10.0,6.0
2025-2025011210gm-00a9-0000-65465afe-00-s3-d2,204,10.0,-10.0,-20.0
2025-2025011210gm-00a9-0000-65465afe-00-s3-d2,205,4.0,-10.0,-14.0
2025-2025011210gm-00a9-0000-65465afe-00-s3-d2,206,10.0,-10.0,-20.0
2025-2025011210gm-00a9-0000-65465afe-00-s3-d2,207,-10.0,10.0,20.0
2025-2025011210gm-00a9-0000-65465afe-00-s3-d2,208,4.0,-10.0,-14.0
2025-2025011210gm-00a9-0000-65465afe-00-s3-d2,209,4.0,10.0,6.0
2025-2025011210gm-00a9-0000-65465afe-00-s3-d2,210,10.0,-4.0,-14.0
2025-2025011210gm-00a9-0000-65465afe-00-s3-d2,211,10.0,4.0,-6.0
2025-2025011210gm-00a9-0000-65465afe-00-s3-d2,212,4.0,4.0,0.0
2025-2025011210gm-00a9-0000-65465afe-00-s3-d2,213,10.0,-10.0,-20.0
2025-2025011210gm-00a9-0000-65465afe-00-s3-d2,214,-10.0,10.0,20.0
2025-2025011210gm-00a9-0000-65465afe-00-s3-d2,215,-10.0,4.0,14.0
2025-2025011210gm-00a9-0000-65465afe-00-s3-d2,216,-4.0,10.0,14.0
2025-2025011210gm-00a9-0000-65465afe-00-s3-d2,217,4.0,-10.0,-14.0
2025-2025011210gm-00a9-0000-65465afe-00-s3-d2,218,-4.0,-10.0,-6.0
2025-2025011210gm-00a9-0000-65465afe-00-s3-d2,219,-10.0,-10.0,0.0
2025-2025011210gm-00a9-0000-65465afe-00-s3-d2,220,4.0,-10.0,-14.0
2025-2025011210gm-00a9-0000-65465afe-00-s3-d2,221,4.0,4.0,0.0
2025-2025011210gm-00a9-0000-65465afe-00-s3-d2,222,10.0,-4.0,-14.0
2025-2025011210gm-00a9-0000-65465afe-00-s3-d2,223,4.0,10.0,6.0
2025-2025011210gm-00a9-0000-65465afe-00-s3-d2,224,-4.0,-10.0,-6.0
2025-2025011210gm-00a9-0000-65465afe-00-s3-d2,225,10.0,4.0,-6.0
2025-2025011210gm-00a9-0000-65465afe-00-s3-d2,226,-4.0,-4.0,0.0
2025-2025011210gm-00a9-0000-65465afe-00-s3-d2,227,-10.0,-10.0,0.0
2025-2025011210gm-00a9-0000-65465afe-00-s3-d2,228,-4.0,-4.0,0.0
2025-2025011210gm-00a9-0000-65465afe-00-s3-d2,229,-10.0,-10.0,0.0
2025-2025011210gm-00a9-0000-65465afe-00-s3-d2,230,10.0,-4.0,-14.0
2025-2025011210gm-00a9-0000-65465afe-00-s3-d2,231,10.0,10.0,0.0
2025-2025011210gm-00a9-0000-65465afe-00-s3-d2,232,-10.0,-4.0,6.0
2025-2025011210gm-00a9-0000-65465afe-00-s3-d2,233,4.0,4.0,0.0
2025-2025011210gm-00a9-0000-65465afe-00-s3-d2,234,4.0,-10.0,-14.0
2025-2025011210gm-00a9-0000-65465afe-00-s3-d2,235,-4.0,-4.0,0.0
2025-2025011210gm-00a9-0000-65465afe-00-s3-d2,236,10.0,10.0,0.0
2025-2025011210gm-00a9-0000-65465afe-00-s3-d2,237,-4.0,-4.0,0.0
2025-2025011210gm-00a9-0000-65465afe-00-s3-d2,238,-4.0,4.0,8.0
2025-2025011210gm-00a9-0000-65465afe-00-s3-d2,239,-10.0,4.0,14.0
2025-2025011210gm-00a9-0000-65465afe-00-s3-d2,240,-4.0,-4.0,0.0
2025-2025011210gm-00a9-0000-65465afe-00-s3-d2,241,-10.0,10.0,20.0
2025-2025011210gm-00a9-0000-65465afe-00-s3-d2,242,10.0,-10.0,-20.0
2025-2025011210gm-00a9-0000-65465afe-00-s3-d2,243,-4.0,4.0,8.0
2025-2025011210gm-00a9-0000-65465afe-00-s3-d2,244,4.0,4.0,0.0
2025-2025011210gm-00a9-0000-65465afe-00-s3-d2,245,-4.0,-10.0,-6.0
2025-2025011210gm-00a9-0000-65465afe-00-s3-d2,246,-10.0,-10.0,0.0
2025-2025011210gm-00a9-0000-65465afe-00-s3-d2,247,4.0,4.0,0.0
2025-2025011210gm-00a9-0000-65465afe-00-s3-d2,248,10.0,10.0,0.0
2025-2025011210gm-00a9-0000-65465afe-00-s3-d2,249,-4.0,-4.0,0.0
2025-2025011210gm-00a9-0000-65465afe-00-s3-d2,250,10.0,-4.0,-14.0
2025-2025011210gm-00a9-0000-65465afe-00-s3-d2,251,-4.0,10.0,14.0
2025-2025011210gm-00a9-0000-65465afe-00-s3-d2,252,4.0,4.0,0.0
2025-2025011210gm-00a9-0000-65465afe-00-s3-d2,253,4.0,-10.0,-14.0
2025-2025011210gm-00a9-0000-65465afe-00-s3-d2,254,-10.0,4.0,14.0
2025-2025011210gm-00a9-0000-65465afe-00-s3-d2,255,10.0,4.0,-6.0
2025-2025040820gm-00a9-0000-57062ba3-08-s0-d7,0,10.0,10.0,0.0
2025-2025040820gm-00a9-0000-57062ba3-08-s0-d7,1,4.0,4.0,0.0
2025-2025040820gm-00a9-0000-57062ba3-08-s0-d7,2,10.0,10.0,0.0
2025-2025040820gm-00a9-0000-57062ba3-08-s0-d7,3,10.0,10.0,0.0
2025-2025040820gm-00a9-0000-57062ba3-08-s0-d7,4,10.0,10.0,0.0
2025-2025040820gm-00a9-0000-57062ba3-08-s0-d7,5,10.0,10.0,0.0
2025-2025040820gm-00a9-0000-57062ba3-08-s0-d7,6,10.0,10.0,0.0
2025-2025040820gm-00a9-0000-57062ba3-08-s0-d7,7,10.0,4.0,-6.0
2025-2025040820gm-00a9-0000-57062ba3-08-s0-d7,8,10.0,10.0,0.0
2025-2025040820gm-00a9-0000-57062ba3-08-s0-d7,9,10.0,10.0,0.0
2025-2025040820gm-00a9-0000-57062ba3-08-s0-d7,10,10.0,10.0,0.0
2025-2025040820gm-00a9-0000-57062ba3-08-s0-d7,11,10.0,10.0,0.0
2025-2025040820gm-00a9-0000-57062ba3-08-s0-d7,12,10.0,10.0,0.0
2025-2025040820gm-00a9-0000-57062ba3-08-s0-d7,13,4.0,10.0,6.0
2025-2025040820gm-00a9-0000-57062ba3-08-s0-d7,14,10.0,10.0,0.0
2025-2025040820gm-00a9-0000-57062ba3-08-s0-d7,15,10.0,10.0,0.0
2025-2025040820gm-00a9-0000-57062ba3-08-s0-d7,16,10.0,10.0,0.0
2025-2025040820gm-00a9-0000-57062ba3-08-s0-d7,17,10.0,10.0,0.0
2025-2025040820gm-00a9-0000-57062ba3-08-s0-d7,18,10.0,10.0,0.0
2025-2025040820gm-00a9-0000-57062ba3-08-s0-d7,19,10.0,10.0,0.0
2025-2025040820gm-00a9-0000-57062ba3-08-s0-d7,20,4.0,4.0,0.0
2025-2025040820gm-00a9-0000-57062ba3-08-s0-d7,21,10.0,10.0,0.0
2025-2025040820gm-00a9-0000-57062ba3-08-s0-d7,22,10.0,10.0,0.0
2025-2025040820gm-00a9-0000-57062ba3-08-s0-d7,23,10.0,10.0,0.0
2025-2025040820gm-00a9-0000-57062ba3-08-s0-d7,24,10.0,10.0,0.0
2025-2025040820gm-00a9-0000-57062ba3-08-s0-d7,25,10.0,10.0,0.0
2025-2025040820gm-00a9-0000-57062ba3-08-s0-d7,26,10.0,10.0,0.0
2025-2025040820gm-00a9-0000-57062ba3-08-s0-d7,27,10.0,10.0,0.0
2025-2025040820gm-00a9-0000-57062ba3-08-s0-d7,28,10.0,10.0,0.0
2025-2025040820gm-00a9-0000-57062ba3-08-s0-d7,29,10.0,10.0,0.0
2025-2025040820gm-00a9-0000-57062ba3-08-s0-d7,30,10.0,10.0,0.0
2025-2025040820gm-00a9-0000-57062ba3-08-s0-d7,31,10.0,4.0,-6.0
2025-2025040820gm-00a9-0000-57062ba3-08-s0-d7,32,10.0,10.0,0.0
2025-2025040820gm-00a9-0000-57062ba3-08-s0-d7,33,10.0,10.0,0.0
2025-2025040820gm-00a9-0000-57062ba3-08-s0-d7,34,10.0,10.0,0.0
2025-2025040820gm-00a9-0000-57062ba3-08-s0-d7,35,10.0,10.0,0.0
2025-2025040820gm-00a9-0000-57062ba3-08-s0-d7,36,4.0,10.0,6.0
2025-2025040820gm-00a9-0000-57062ba3-08-s0-d7,37,10.0,10.0,0.0
2025-2025040820gm-00a9-0000-57062ba3-08-s0-d7,38,10.0,10.0,0.0
2025-2025040820gm-00a9-0000-57062ba3-08-s0-d7,39,10.0,10.0,0.0
2025-2025040820gm-00a9-0000-57062ba3-08-s0-d7,40,10.0,10.0,0.0
2025-2025040820gm-00a9-0000-57062ba3-08-s0-d7,41,10.0,10.0,0.0
2025-2025040820gm-00a9-0000-57062ba3-08-s0-d7,42,10.0,10.0,0.0
2025-2025040820gm-00a9-0000-57062ba3-08-s0-d7,43,10.0,10.0,0.0
2025-2025040820gm-00a9-0000-57062ba3-08-s0-d7,44,10.0,10.0,0.0
2025-2025040820gm-00a9-0000-57062ba3-08-s0-d7,45,10.0,10.0,0.0
2025-2025040820gm-00a9-0000-57062ba3-08-s0-d7,46,10.0,10.0,0.0
2025-2025040820gm-00a9-0000-57062ba3-08-s0-d7,47,10.0,10.0,0.0
2025-2025040820gm-00a9-0000-57062ba3-08-s0-d7,48,10.0,10.0,0.0
2025-2025040820gm-00a9-0000-57062ba3-08-s0-d7,49,10.0,10.0,0.0
2025-2025040820gm-00a9-0000-57062ba3-08-s0-d7,50,10.0,10.0,0.0
2025-2025040820gm-00a9-0000-57062ba3-08-s0-d7,51,10.0,10.0,0.0
2025-2025040820gm-00a9-0000-57062ba3-08-s0-d7,52,4.0,10.0,6.0
2025-2025040820gm-00a9-0000-57062ba3-08-s0-d7,53,10.0,10.0,0.0
2025-2025040820gm-00a9-0000-57062ba3-08-s0-d7,54,10.0,10.0,0.0
2025-2025040820gm-00a9-0000-57062ba3-08-s0-d7,55,10.0,10.0,0.0
2025-2025040820gm-00a9-0000-57062ba3-08-s0-d7,56,10.0,4.0,-6.0
2025-2025040820gm-00a9-0000-57062ba3-08-s0-d7,57,10.0,10.0,0.0
2025-2025040820gm-00a9-0000-57062ba3-08-s0-d7,58,10.0,10.0,0.0
2025-2025040820gm-00a9-0000-57062ba3-08-s0-d7,59,10.0,10.0,0.0
2025-2025040820gm-00a9-0000-57062ba3-08-s0-d7,60,10.0,10.0,0.0
2025-2025040820gm-00a9-0000-57062ba3-08-s0-d7,61,10.0,10.0,0.0
2025-2025040820gm-00a9-0000-57062ba3-08-s0-d7,62,10.0,10.0,0.0
2025-2025040820gm-00a9-0000-57062ba3-08-s0-d7,63,10.0,10.0,0.0
2025-2025040820gm-00a9-0000-57062ba3-08-s0-d7,64,4.0,10.0,6.0
2025-2025040820gm-00a9-0000-57062ba3-08-s0-d7,65,10.0,10.0,0.0
2025-2025040820gm-00a9-0000-57062ba3-08-s0-d7,66,10.0,10.0,0.0
2025-2025040820gm-00a9-0000-57062ba3-08-s0-d7,67,10.0,10.0,0.0
2025-2025040820gm-00a9-0000-57062ba3-08-s0-d7,68,10.0,10.0,0.0
2025-2025040820gm-00a9-0000-57062ba3-08-s0-d7,69,10.0,10.0,0.0
2025-2025040820gm-00a9-0000-57062ba3-08-s0-d7,70,10.0,10.0,0.0
2025-2025040820gm-00a9-0000-57062ba3-08-s0-d7,71,10.0,10.0,0.0
2025-2025040820gm-00a9-0000-57062ba3-08-s0-d7,72,10.0,10.0,0.0
2025-2025040820gm-00a9-0000-57062ba3-08-s0-d7,73,10.0,10.0,0.0
2025-2025040820gm-00a9-0000-57062ba3-08-s0-d7,74,10.0,10.0,0.0
2025-2025040820gm-00a9-0000-57062ba3-08-s0-d7,75,10.0,10.0,0.0
2025-2025040820gm-00a9-0000-57062ba3-08-s0-d7,76,4.0,10.0,6.0
2025-2025040820gm-00a9-0000-57062ba3-08-s0-d7,77,10.0,10.0,0.0
2025-2025040820gm-00a9-0000-57062ba3-08-s0-d7,78,10.0,10.0,0.0
2025-2025040820gm-00a9-0000-57062ba3-08-s0-d7,79,10.0,10.0,0.0
2025-2025040820gm-00a9-0000-57062ba3-08-s0-d7,80,10.0,10.0,0.0
2025-2025040820gm-00a9-0000-57062ba3-08-s0-d7,81,10.0,10.0,0.0
2025-2025040820gm-00a9-0000-57062ba3-08-s0-d7,82,10.0,10.0,0.0
2025-2025040820gm-00a9-0000-57062ba3-08-s0-d7,83,10.0,10.0,0.0
2025-2025040820gm-00a9-0000-57062ba3-08-s0-d7,84,10.0,10.0,0.0
2025-2025040820gm-00a9-0000-57062ba3-08-s0-d7,85,10.0,10.0,0.0
2025-2025040820gm-00a9-0000-57062ba3-08-s0-d7,86,10.0,4.0,-6.0
2025-2025040820gm-00a9-0000-57062ba3-08-s0-d7,87,10.0,10.0,0.0
2025-2025040820gm-00a9-0000-57062ba3-08-s0-d7,88,10.0,10.0,0.0
2025-2025040820gm-00a9-0000-57062ba3-08-s0-d7,89,10.0,10.0,0.0
2025-2025040820gm-00a9-0000-57062ba3-08-s0-d7,90,10.0,4.0,-6.0
2025-2025040820gm-00a9-0000-57062ba3-08-s0-d7,91,-4.0,10.0,14.0
2025-2025040820gm-00a9-0000-57062ba3-08-s0-d7,92,10.0,10.0,0.0
2025-2025040820gm-00a9-0000-57062ba3-08-s0-d7,93,10.0,10.0,0.0
2025-2025040820gm-00a9-0000-57062ba3-08-s0-d7,94,10.0,10.0,0.0
2025-2025040820gm-00a9-0000-57062ba3-08-s0-d7,95,10.0,10.0,0.0
2025-2025040820gm-00a9-0000-57062ba3-08-s0-d7,96,10.0,10.0,0.0
2025-2025040820gm-00a9-0000-57062ba3-08-s0-d7,97,4.0,4.0,0.0
2025-2025040820gm-00a9-0000-57062ba3-08-s0-d7,98,10.0,10.0,0.0
2025-2025040820gm-00a9-0000-57062ba3-08-s0-d7,99,10.0,10.0,0.0
2025-2025040820gm-00a9-0000-57062ba3-08-s0-d7,100,10.0,10.0,0.0
2025-2025040820gm-00a9-0000-57062ba3-08-s0-d7,101,10.0,10.0,0.0
2025-2025040820gm-00a9-0000-57062ba3-08-s0-d7,102,10.0,10.0,0.0
2025-2025040820gm-00a9-0000-57062ba3-08-s0-d7,103,10.0,10.0,0.0
2025-2025040820gm-00a9-0000-57062ba3-08-s0-d7,104,10.0,10.0,0.0
2025-2025040820gm-00a9-0000-57062ba3-08-s0-d7,105,10.0,4.0,-6.0
2025-2025040820gm-00a9-0000-57062ba3-08-s0-d7,106,10.0,10.0,0.0
2025-2025040820gm-00a9-0000-57062ba3-08-s0-d7,107,10.0,10.0,0.0
2025-2025040820gm-00a9-0000-57062ba3-08-s0-d7,108,10.0,10.0,0.0
2025-2025040820gm-00a9-0000-57062ba3-08-s0-d7,109,10.0,10.0,0.0
2025-2025040820gm-00a9-0000-57062ba3-08-s0-d7,110,10.0,10.0,0.0
2025-2025040820gm-00a9-0000-57062ba3-08-s0-d7,111,10.0,10.0,0.0
2025-2025040820gm-00a9-0000-57062ba3-08-s0-d7,112,10.0,10.0,0.0
2025-2025040820gm-00a9-0000-57062ba3-08-s0-d7,113,10.0,10.0,0.0
2025-2025040820gm-00a9-0000-57062ba3-08-s0-d7,114,10.0,10.0,0.0
2025-2025040820gm-00a9-0000-57062ba3-08-s0-d7,115,4.0,4.0,0.0
2025-2025040820gm-00a9-0000-57062ba3-08-s0-d7,116,10.0,10.0,0.0
2025-2025040820gm-00a9-0000-57062ba3-08-s0-d7,117,10.0,10.0,0.0
2025-2025040820gm-00a9-0000-57062ba3-08-s0-d7,118,4.0,10.0,6.0
2025-2025040820gm-00a9-0000-57062ba3-08-s0-d7,119,10.0,10.0,0.0
2025-2025040820gm-00a9-0000-57062ba3-08-s0-d7,120,10.0,10.0,0.0
2025-2025040820gm-00a9-0000-57062ba3-08-s0-d7,121,10.0,10.0,0.0
2025-2025040820gm-00a9-0000-57062ba3-08-s0-d7,122,4.0,4.0,0.0
2025-2025040820gm-00a9-0000-57062ba3-08-s0-d7,123,4.0,4.0,0.0
2025-2025040820gm-00a9-0000-57062ba3-08-s0-d7,124,4.0,10.0,6.0
2025-2025040820gm-00a9-0000-57062ba3-08-s0-d7,125,10.0,10.0,0.0
2025-2025040820gm-00a9-0000-57062ba3-08-s0-d7,126,10.0,10.0,0.0
2025-2025040820gm-00a9-0000-57062ba3-08-s0-d7,127,10.0,10.0,0.0
2025-2025040820gm-00a9-0000-57062ba3-08-s0-d7,128,10.0,10.0,0.0
2025-2025040820gm-00a9-0000-57062ba3-08-s0-d7,129,10.0,10.0,0.0
2025-2025040820gm-00a9-0000-57062ba3-08-s0-d7,130,10.0,10.0,0.0
2025-2025040820gm-00a9-0000-57062ba3-08-s0-d7,131,10.0,10.0,0.0
2025-2025040820gm-00a9-0000-57062ba3-08-s0-d7,132,10.0,10.0,0.0
2025-2025040820gm-00a9-0000-57062ba3-08-s0-d7,133,4.0,4.0,0.0
2025-2025040820gm-00a9-0000-57062ba3-08-s0-d7,134,10.0,10.0,0.0
2025-2025040820gm-00a9-0000-57062ba3-08-s0-d7,135,10.0,10.0,0.0
2025-2025040820gm-00a9-0000-57062ba3-08-s0-d7,136,10.0,10.0,0.0
2025-2025040820gm-00a9-0000-57062ba3-08-s0-d7,137,10.0,10.0,0.0
2025-2025040820gm-00a9-0000-57062ba3-08-s0-d7,138,10.0,10.0,0.0
2025-2025040820gm-00a9-0000-57062ba3-08-s0-d7,139,10.0,10.0,0.0
2025-2025040820gm-00a9-0000-57062ba3-08-s0-d7,140,10.0,10.0,0.0
2025-2025040820gm-00a9-0000-57062ba3-08-s0-d7,141,10.0,10.0,0.0
2025-2025040820gm-00a9-0000-57062ba3-08-s0-d7,142,10.0,10.0,0.0
2025-2025040820gm-00a9-0000-57062ba3-08-s0-d7,143,10.0,4.0,-6.0
2025-2025040820gm-00a9-0000-57062ba3-08-s0-d7,144,10.0,10.0,0.0
2025-2025040820gm-00a9-0000-57062ba3-08-s0-d7,145,4.0,4.0,0.0
2025-2025040820gm-00a9-0000-57062ba3-08-s0-d7,146,10.0,10.0,0.0
2025-2025040820gm-00a9-0000-57062ba3-08-s0-d7,147,10.0,10.0,0.0
2025-2025040820gm-00a9-0000-57062ba3-08-s0-d7,148,10.0,10.0,0.0
2025-2025040820gm-00a9-0000-57062ba3-08-s0-d7,149,10.0,10.0,0.0
2025-2025040820gm-00a9-0000-57062ba3-08-s0-d7,150,10.0,10.0,0.0
2025-2025040820gm-00a9-0000-57062ba3-08-s0-d7,151,10.0,10.0,0.0
2025-2025040820gm-00a9-0000-57062ba3-08-s0-d7,152,4.0,10.0,6.0
2025-2025040820gm-00a9-0000-57062ba3-08-s0-d7,153,10.0,10.0,0.0
2025-2025040820gm-00a9-0000-57062ba3-08-s0-d7,154,10.0,10.0,0.0
2025-2025040820gm-00a9-0000-57062ba3-08-s0-d7,155,10.0,10.0,0.0
2025-2025040820gm-00a9-0000-57062ba3-08-s0-d7,156,10.0,10.0,0.0
2025-2025040820gm-00a9-0000-57062ba3-08-s0-d7,157,10.0,10.0,0.0
2025-2025040820gm-00a9-0000-57062ba3-08-s0-d7,158,10.0,10.0,0.0
2025-2025040820gm-00a9-0000-57062ba3-08-s0-d7,159,10.0,10.0,0.0
2025-2025040820gm-00a9-0000-57062ba3-08-s0-d7,160,10.0,10.0,0.0
2025-2025040820gm-00a9-0000-57062ba3-08-s0-d7,161,10.0,10.0,0.0
2025-2025040820gm-00a9-0000-57062ba3-08-s0-d7,162,10.0,10.0,0.0
2025-2025040820gm-00a9-0000-57062ba3-08-s0-d7,163,10.0,10.0,0.0
2025-2025040820gm-00a9-0000-57062ba3-08-s0-d7,164,10.0,4.0,-6.0
2025-2025040820gm-00a9-0000-57062ba3-08-s0-d7,165,10.0,10.0,0.0
2025-2025040820gm-00a9-0000-57062ba3-08-s0-d7,166,10.0,4.0,-6.0
2025-2025040820gm-00a9-0000-57062ba3-08-s0-d7,167,10.0,10.0,0.0
2025-2025040820gm-00a9-0000-57062ba3-08-s0-d7,168,10.0,10.0,0.0
2025-2025040820gm-00a9-0000-57062ba3-08-s0-d7,169,10.0,10.0,0.0
2025-2025040820gm-00a9-0000-57062ba3-08-s0-d7,170,10.0,10.0,0.0
2025-2025040820gm-00a9-0000-57062ba3-08-s0-d7,171,4.0,10.0,6.0
2025-2025040820gm-00a9-0000-57062ba3-08-s0-d7,172,10.0,10.0,0.0
2025-2025040820gm-00a9-0000-57062ba3-08-s0-d7,173,10.0,10.0,0.0
2025-2025040820gm-00a9-0000-57062ba3-08-s0-d7,174,4.0,10.0,6.0
2025-2025040820gm-00a9-0000-57062ba3-08-s0-d7,175,10.0,10.0,0.0
2025-2025040820gm-00a9-0000-57062ba3-08-s0-d7,176,10.0,10.0,0.0
2025-2025040820gm-00a9-0000-57062ba3-08-s0-d7,177,10.0,10.0,0.0
2025-2025040820gm-00a9-0000-57062ba3-08-s0-d7,178,10.0,10.0,0.0
2025-2025040820gm-00a9-0000-57062ba3-08-s0-d7,179,10.0,4.0,-6.0
2025-2025040820gm-00a9-0000-57062ba3-08-s0-d7,180,10.0,10.0,0.0
2025-2025040820gm-00a9-0000-57062ba3-08-s0-d7,181,10.0,10.0,0.0
2025-2025040820gm-00a9-0000-57062ba3-08-s0-d7,182,10.0,10.0,0.0
2025-2025040820gm-00a9-0000-57062ba3-08-s0-d7,183,10.0,10.0,0.0
2025-2025040820gm-00a9-0000-57062ba3-08-s0-d7,184,10.0,10.0,0.0
2025-2025040820gm-00a9-0000-57062ba3-08-s0-d7,185,10.0,10.0,0.0
2025-2025040820gm-00a9-0000-57062ba3-08-s0-d7,186,10.0,10.0,0.0
2025-2025040820gm-00a9-0000-57062ba3-08-s0-d7,187,10.0,10.0,0.0
2025-2025040820gm-00a9-0000-57062ba3-08-s0-d7,188,4.0,4.0,0.0
2025-2025040820gm-00a9-0000-57062ba3-08-s0-d7,189,10.0,10.0,0.0
2025-2025040820gm-00a9-0000-57062ba3-08-s0-d7,190,10.0,10.0,0.0
2025-2025040820gm-00a9-0000-57062ba3-08-s0-d7,191,10.0,10.0,0.0
2025-2025040820gm-00a9-0000-57062ba3-08-s0-d7,192,10.0,10.0,0.0
2025-2025040820gm-00a9-0000-57062ba3-08-s0-d7,193,10.0,10.0,0.0
2025-2025040820gm-00a9-0000-57062ba3-08-s0-d7,194,10.0,10.0,0.0
2025-2025040820gm-00a9-0000-57062ba3-08-s0-d7,195,10.0,10.0,0.0
2025-2025040820gm-00a9-0000-57062ba3-08-s0-d7,196,4.0,4.0,0.0
2025-2025040820gm-00a9-0000-57062ba3-08-s0-d7,197,10.0,10.0,0.0
2025-2025040820gm-00a9-0000-57062ba3-08-s0-d7,198,10.0,10.0,0.0
2025-2025040820gm-00a9-0000-57062ba3-08-s0-d7,199,10.0,10.0,0.0
2025-2025040820gm-00a9-0000-57062ba3-08-s0-d7,200,10.0,10.0,0.0
2025-2025040820gm-00a9-0000-57062ba3-08-s0-d7,201,10.0,10.0,0.0
2025-2025040820gm-00a9-0000-57062ba3-08-s0-d7,202,10.0,10.0,0.0
2025-2025040820gm-00a9-0000-57062ba3-08-s0-d7,203,10.0,10.0,0.0
2025-2025040820gm-00a9-0000-57062ba3-08-s0-d7,204,10.0,10.0,0.0
2025-2025040820gm-00a9-0000-57062ba3-08-s0-d7,205,10.0,10.0,0.0
2025-2025040820gm-00a9-0000-57062ba3-08-s0-d7,206,10.0,10.0,0.0
2025-2025040820gm-00a9-0000-57062ba3-08-s0-d7,207,10.0,4.0,-6.0
2025-2025040820gm-00a9-0000-57062ba3-08-s0-d7,208,10.0,10.0,0.0
2025-2025040820gm-00a9-0000-57062ba3-08-s0-d7,209,10.0,10.0,0.0
2025-2025040820gm-00a9-0000-57062ba3-08-s0-d7,210,10.0,10.0,0.0
2025-2025040820gm-00a9-0000-57062ba3-08-s0-d7,211,10.0,10.0,0.0
2025-2025040820gm-00a9-0000-57062ba3-08-s0-d7,212,10.0,10.0,0.0
2025-2025040820gm-00a9-0000-57062ba3-08-s0-d7,213,10.0,10.0,0.0
2025-2025040820gm-00a9-0000-57062ba3-08-s0-d7,214,10.0,10.0,0.0
2025-2025040820gm-00a9-0000-57062ba3-08-s0-d7,215,10.0,10.0,0.0
2025-2025040820gm-00a9-0000-57062ba3-08-s0-d7,216,10.0,10.0,0.0
2025-2025040820gm-00a9-0000-57062ba3-08-s0-d7,217,10.0,10.0,0.0
2025-2025040820gm-00a9-0000-57062ba3-08-s0-d7,218,10.0,10.0,0.0
2025-2025040820gm-00a9-0000-57062ba3-08-s0-d7,219,10.0,-4.0,-14.0
2025-2025040820gm-00a9-0000-57062ba3-08-s0-d7,220,10.0,10.0,0.0
2025-2025040820gm-00a9-0000-57062ba3-08-s0-d7,221,10.0,10.0,0.0
2025-2025040820gm-00a9-0000-57062ba3-08-s0-d7,222,10.0,10.0,0.0
2025-2025040820gm-00a9-0000-57062ba3-08-s0-d7,223,10.0,10.0,0.0
2025-2025040820gm-00a9-0000-57062ba3-08-s0-d7,224,10.0,10.0,0.0
2025-2025040820gm-00a9-0000-57062ba3-08-s0-d7,225,10.0,10.0,0.0
2025-2025040820gm-00a9-0000-57062ba3-08-s0-d7,226,10.0,4.0,-6.0
2025-2025040820gm-00a9-0000-57062ba3-08-s0-d7,227,10.0,10.0,0.0
2025-2025040820gm-00a9-0000-57062ba3-08-s0-d7,228,10.0,10.0,0.0
2025-2025040820gm-00a9-0000-57062ba3-08-s0-d7,229,4.0,10.0,6.0
2025-2025040820gm-00a9-0000-57062ba3-08-s0-d7,230,10.0,10.0,0.0
2025-2025040820gm-00a9-0000-57062ba3-08-s0-d7,231,10.0,10.0,0.0
2025-2025040820gm-00a9-0000-57062ba3-08-s0-d7,232,10.0,10.0,0.0
2025-2025040820gm-00a9-0000-57062ba3-08-s0-d7,233,4.0,10.0,6.0
2025-2025040820gm-00a9-0000-57062ba3-08-s0-d7,234,10.0,10.0,0.0
2025-2025040820gm-00a9-0000-57062ba3-08-s0-d7,235,10.0,4.0,-6.0
2025-2025040820gm-00a9-0000-57062ba3-08-s0-d7,236,4.0,10.0,6.0
2025-2025040820gm-00a9-0000-57062ba3-08-s0-d7,237,10.0,10.0,0.0
2025-2025040820gm-00a9-0000-57062ba3-08-s0-d7,238,10.0,10.0,0.0
2025-2025040820gm-00a9-0000-57062ba3-08-s0-d7,239,4.0,10.0,6.0
2025-2025040820gm-00a9-0000-57062ba3-08-s0-d7,240,10.0,10.0,0.0
2025-2025040820gm-00a9-0000-57062ba3-08-s0-d7,241,10.0,10.0,0.0
2025-2025040820gm-00a9-0000-57062ba3-08-s0-d7,242,10.0,10.0,0.0
2025-2025040820gm-00a9-0000-57062ba3-08-s0-d7,243,10.0,10.0,0.0
2025-2025040820gm-00a9-0000-57062ba3-08-s0-d7,244,10.0,10.0,0.0
2025-2025040820gm-00a9-0000-57062ba3-08-s0-d7,245,10.0,10.0,0.0
2025-2025040820gm-00a9-0000-57062ba3-08-s0-d7,246,10.0,10.0,0.0
2025-2025040820gm-00a9-0000-57062ba3-08-s0-d7,247,10.0,10.0,0.0
2025-2025040820gm-00a9-0000-57062ba3-08-s0-d7,248,4.0,10.0,6.0
2025-2025040820gm-00a9-0000-57062ba3-08-s0-d7,249,10.0,10.0,0.0
2025-2025040820gm-00a9-0000-57062ba3-08-s0-d7,250,10.0,10.0,0.0
2025-2025040820gm-00a9-0000-57062ba3-08-s0-d7,251,10.0,10.0,0.0
2025-2025040820gm-00a9-0000-57062ba3-08-s0-d7,252,10.0,10.0,0.0
2025-2025040820gm-00a9-0000-57062ba3-08-s0-d7,253,10.0,10.0,0.0
2025-2025040820gm-00a9-0000-57062ba3-08-s0-d7,254,10.0,10.0,0.0
2025-2025040820gm-00a9-0000-57062ba3-08-s0-d7,255,10.0,10.0,0.0
2025-2025041017gm-00a9-0000-5584369a-05-s1-d9,0,-10.0,-10.0,0.0
2025-2025041017gm-00a9-0000-5584369a-05-s1-d9,1,4.0,10.0,6.0
2025-2025041017gm-00a9-0000-5584369a-05-s1-d9,2,10.0,4.0,-6.0
2025-2025041017gm-00a9-0000-5584369a-05-s1-d9,3,10.0,10.0,0.0
2025-2025041017gm-00a9-0000-5584369a-05-s1-d9,4,10.0,10.0,0.0
2025-2025041017gm-00a9-0000-5584369a-05-s1-d9,5,4.0,10.0,6.0
2025-2025041017gm-00a9-0000-5584369a-05-s1-d9,6,10.0,10.0,0.0
2025-2025041017gm-00a9-0000-5584369a-05-s1-d9,7,4.0,4.0,0.0
2025-2025041017gm-00a9-0000-5584369a-05-s1-d9,8,10.0,10.0,0.0
2025-2025041017gm-00a9-0000-5584369a-05-s1-d9,9,4.0,4.0,0.0
2025-2025041017gm-00a9-0000-5584369a-05-s1-d9,10,4.0,10.0,6.0
2025-2025041017gm-00a9-0000-5584369a-05-s1-d9,11,10.0,10.0,0.0
2025-2025041017gm-00a9-0000-5584369a-05-s1-d9,12,10.0,10.0,0.0
2025-2025041017gm-00a9-0000-5584369a-05-s1-d9,13,10.0,10.0,0.0
2025-2025041017gm-00a9-0000-5584369a-05-s1-d9,14,-10.0,4.0,14.0
2025-2025041017gm-00a9-0000-5584369a-05-s1-d9,15,4.0,4.0,0.0
2025-2025041017gm-00a9-0000-5584369a-05-s1-d9,16,4.0,10.0,6.0
2025-2025041017gm-00a9-0000-5584369a-05-s1-d9,17,-4.0,-4.0,0.0
2025-2025041017gm-00a9-0000-5584369a-05-s1-d9,18,10.0,-4.0,-14.0
2025-2025041017gm-00a9-0000-5584369a-05-s1-d9,19,-10.0,-4.0,6.0
2025-2025041017gm-00a9-0000-5584369a-05-s1-d9,20,10.0,10.0,0.0
2025-2025041017gm-00a9-0000-5584369a-05-s1-d9,21,10.0,10.0,0.0
2025-2025041017gm-00a9-0000-5584369a-05-s1-d9,22,10.0,10.0,0.0
2025-2025041017gm-00a9-0000-5584369a-05-s1-d9,23,10.0,10.0,0.0
2025-2025041017gm-00a9-0000-5584369a-05-s1-d9,24,-4.0,4.0,8.0
2025-2025041017gm-00a9-0000-5584369a-05-s1-d9,25,10.0,10.0,0.0
2025-2025041017gm-00a9-0000-5584369a-05-s1-d9,26,10.0,4.0,-6.0
2025-2025041017gm-00a9-0000-5584369a-05-s1-d9,27,4.0,10.0,6.0
2025-2025041017gm-00a9-0000-5584369a-05-s1-d9,28,10.0,10.0,0.0
2025-2025041017gm-00a9-0000-5584369a-05-s1-d9,29,4.0,10.0,6.0
2025-2025041017gm-00a9-0000-5584369a-05-s1-d9,30,10.0,10.0,0.0
2025-2025041017gm-00a9-0000-5584369a-05-s1-d9,31,10.0,4.0,-6.0
2025-2025041017gm-00a9-0000-5584369a-05-s1-d9,32,10.0,10.0,0.0
2025-2025041017gm-00a9-0000-5584369a-05-s1-d9,33,10.0,10.0,0.0
2025-2025041017gm-00a9-0000-5584369a-05-s1-d9,34,10.0,10.0,0.0
2025-2025041017gm-00a9-0000-5584369a-05-s1-d9,35,10.0,10.0,0.0
2025-2025041017gm-00a9-0000-5584369a-05-s1-d9,36,10.0,10.0,0.0
2025-2025041017gm-00a9-0000-5584369a-05-s1-d9,37,10.0,10.0,0.0
2025-2025041017gm-00a9-0000-5584369a-05-s1-d9,38,-4.0,10.0,14.0
2025-2025041017gm-00a9-0000-5584369a-05-s1-d9,39,4.0,4.0,0.0
2025-2025041017gm-00a9-0000-5584369a-05-s1-d9,40,10.0,10.0,0.0
2025-2025041017gm-00a9-0000-5584369a-05-s1-d9,41,10.0,10.0,0.0
2025-2025041017gm-00a9-0000-5584369a-05-s1-d9,42,10.0,4.0,-6.0
2025-2025041017gm-00a9-0000-5584369a-05-s1-d9,43,4.0,4.0,0.0
2025-2025041017gm-00a9-0000-5584369a-05-s1-d9,44,10.0,4.0,-6.0
2025-2025041017gm-00a9-0000-5584369a-05-s1-d9,45,10.0,10.0,0.0
2025-2025041017gm-00a9-0000-5584369a-05-s1-d9,46,10.0,4.0,-6.0
2025-2025041017gm-00a9-0000-5584369a-05-s1-d9,47,10.0,10.0,0.0
2025-2025041017gm-00a9-0000-5584369a-05-s1-d9,48,10.0,10.0,0.0
2025-2025041017gm-00a9-0000-5584369a-05-s1-d9,49,4.0,10.0,6.0
2025-2025041017gm-00a9-0000-5584369a-05-s1-d9,50,10.0,10.0,0.0
2025-2025041017gm-00a9-0000-5584369a-05-s1-d9,51,10.0,10.0,0.0
2025-2025041017gm-00a9-0000-5584369a-05-s1-d9,52,10.0,4.0,-6.0
2025-2025041017gm-00a9-0000-5584369a-05-s1-d9,53,10.0,10.0,0.0
2025-2025041017gm-00a9-0000-5584369a-05-s1-d9,54,-4.0,4.0,8.0
2025-2025041017gm-00a9-0000-5584369a-05-s1-d9,55,10.0,4.0,-6.0
2025-2025041017gm-00a9-0000-5584369a-05-s1-d9,56,10.0,10.0,0.0
2025-2025041017gm-00a9-0000-5584369a-05-s1-d9,57,10.0,10.0,0.0
2025-2025041017gm-00a9-0000-5584369a-05-s1-d9,58,10.0,10.0,0.0
2025-2025041017gm-00a9-0000-5584369a-05-s1-d9,59,10.0,10.0,0.0
2025-2025041017gm-00a9-0000-5584369a-05-s1-d9,60,10.0,4.0,-6.0
2025-2025041017gm-00a9-0000-5584369a-05-s1-d9,61,4.0,-4.0,-8.0
2025-2025041017gm-00a9-0000-5584369a-05-s1-d9,62,-10.0,-4.0,6.0
2025-2025041017gm-00a9-0000-5584369a-05-s1-d9,63,10.0,10.0,0.0
2025-2025041017gm-00a9-0000-5584369a-05-s1-d9,64,10.0,10.0,0.0
2025-2025041017gm-00a9-0000-5584369a-05-s1-d9,65,10.0,10.0,0.0
2025-2025041017gm-00a9-0000-5584369a-05-s1-d9,66,10.0,10.0,0.0
2025-2025041017gm-00a9-0000-5584369a-05-s1-d9,67,10.0,4.0,-6.0
2025-2025041017gm-00a9-0000-5584369a-05-s1-d9,68,10.0,4.0,-6.0
2025-2025041017gm-00a9-0000-5584369a-05-s1-d9,69,10.0,10.0,0.0
2025-2025041017gm-00a9-0000-5584369a-05-s1-d9,70,10.0,10.0,0.0
2025-2025041017gm-00a9-0000-5584369a-05-s1-d9,71,10.0,4.0,-6.0
2025-2025041017gm-00a9-0000-5584369a-05-s1-d9,72,10.0,4.0,-6.0
2025-2025041017gm-00a9-0000-5584369a-05-s1-d9,73,10.0,10.0,0.0
2025-2025041017gm-00a9-0000-5584369a-05-s1-d9,74,10.0,10.0,0.0
2025-2025041017gm-00a9-0000-5584369a-05-s1-d9,75,-4.0,-4.0,0.0
2025-2025041017gm-00a9-0000-5584369a-05-s1-d9,76,10.0,10.0,0.0
2025-2025041017gm-00a9-0000-5584369a-05-s1-d9,77,10.0,10.0,0.0
2025-2025041017gm-00a9-0000-5584369a-05-s1-d9,78,10.0,10.0,0.0
2025-2025041017gm-00a9-0000-5584369a-05-s1-d9,79,10.0,10.0,0.0
2025-2025041017gm-00a9-0000-5584369a-05-s1-d9,80,4.0,4.0,0.0
2025-2025041017gm-00a9-0000-5584369a-05-s1-d9,81,10.0,10.0,0.0
2025-2025041017gm-00a9-0000-5584369a-05-s1-d9,82,-10.0,10.0,20.0
2025-2025041017gm-00a9-0000-5584369a-05-s1-d9,83,10.0,4.0,-6.0
2025-2025041017gm-00a9-0000-5584369a-05-s1-d9,84,10.0,10.0,0.0
2025-2025041017gm-00a9-0000-5584369a-05-s1-d9,85,10.0,10.0,0.0
2025-2025041017gm-00a9-0000-5584369a-05-s1-d9,86,4.0,4.0,0.0
2025-2025041017gm-00a9-0000-5584369a-05-s1-d9,87,10.0,10.0,0.0
2025-2025041017gm-00a9-0000-5584369a-05-s1-d9,88,10.0,-4.0,-14.0
2025-2025041017gm-00a9-0000-5584369a-05-s1-d9,89,4.0,4.0,0.0
2025-2025041017gm-00a9-0000-5584369a-05-s1-d9,90,10.0,10.0,0.0
2025-2025041017gm-00a9-0000-5584369a-05-s1-d9,91,4.0,4.0,0.0
2025-2025041017gm-00a9-0000-5584369a-05-s1-d9,92,10.0,10.0,0.0
2025-2025041017gm-00a9-0000-5584369a-05-s1-d9,93,-10.0,4.0,14.0
2025-2025041017gm-00a9-0000-5584369a-05-s1-d9,94,4.0,4.0,0.0
2025-2025041017gm-00a9-0000-5584369a-05-s1-d9,95,10.0,4.0,-6.0
2025-2025041017gm-00a9-0000-5584369a-05-s1-d9,96,10.0,10.0,0.0
2025-2025041017gm-00a9-0000-5584369a-05-s1-d9,97,10.0,4.0,-6.0
2025-2025041017gm-00a9-0000-5584369a-05-s1-d9,98,10.0,10.0,0.0
2025-2025041017gm-00a9-0000-5584369a-05-s1-d9,99,4.0,4.0,0.0
2025-2025041017gm-00a9-0000-5584369a-05-s1-d9,100,4.0,4.0,0.0
2025-2025041017gm-00a9-0000-5584369a-05-s1-d9,101,10.0,10.0,0.0
2025-2025041017gm-00a9-0000-5584369a-05-s1-d9,102,10.0,10.0,0.0
2025-2025041017gm-00a9-0000-5584369a-05-s1-d9,103,-4.0,-4.0,0.0
2025-2025041017gm-00a9-0000-5584369a-05-s1-d9,104,10.0,10.0,0.0
2025-2025041017gm-00a9-0000-5584369a-05-s1-d9,105,4.0,10.0,6.0
2025-2025041017gm-00a9-0000-5584369a-05-s1-d9,106,10.0,10.0,0.0
2025-2025041017gm-00a9-0000-5584369a-05-s1-d9,107,10.0,10.0,0.0
2025-2025041017gm-00a9-0000-5584369a-05-s1-d9,108,10.0,10.0,0.0
2025-2025041017gm-00a9-0000-5584369a-05-s1-d9,109,10.0,10.0,0.0
2025-2025041017gm-00a9-0000-5584369a-05-s1-d9,110,-4.0,10.0,14.0
2025-2025041017gm-00a9-0000-5584369a-05-s1-d9,111,10.0,4.0,-6.0
2025-2025041017gm-00a9-0000-5584369a-05-s1-d9,112,10.0,10.0,0.0
2025-2025041017gm-00a9-0000-5584369a-05-s1-d9,113,10.0,4.0,-6.0
2025-2025041017gm-00a9-0000-5584369a-05-s1-d9,114,4.0,-4.0,-8.0
2025-2025041017gm-00a9-0000-5584369a-05-s1-d9,115,10.0,10.0,0.0
2025-2025041017gm-00a9-0000-5584369a-05-s1-d9,116,10.0,10.0,0.0
2025-2025041017gm-00a9-0000-5584369a-05-s1-d9,117,10.0,10.0,0.0
2025-2025041017gm-00a9-0000-5584369a-05-s1-d9,118,10.0,10.0,0.0
2025-2025041017gm-00a9-0000-5584369a-05-s1-d9,119,10.0,4.0,-6.0
2025-2025041017gm-00a9-0000-5584369a-05-s1-d9,120,4.0,10.0,6.0
2025-2025041017gm-00a9-0000-5584369a-05-s1-d9,121,10.0,10.0,0.0
2025-2025041017gm-00a9-0000-5584369a-05-s1-d9,122,4.0,10.0,6.0
2025-2025041017gm-00a9-0000-5584369a-05-s1-d9,123,10.0,4.0,-6.0
2025-2025041017gm-00a9-0000-5584369a-05-s1-d9,124,10.0,4.0,-6.0
2025-2025041017gm-00a9-0000-5584369a-05-s1-d9,125,4.0,-4.0,-8.0
2025-2025041017gm-00a9-0000-5584369a-05-s1-d9,126,-4.0,4.0,8.0
2025-2025041017gm-00a9-0000-5584369a-05-s1-d9,127,10.0,10.0,0.0
2025-2025041017gm-00a9-0000-5584369a-05-s1-d9,128,4.0,10.0,6.0
2025-2025041017gm-00a9-0000-5584369a-05-s1-d9,129,4.0,-10.0,-14.0
2025-2025041017gm-00a9-0000-5584369a-05-s1-d9,130,10.0,10.0,0.0
2025-2025041017gm-00a9-0000-5584369a-05-s1-d9,131,4.0,10.0,6.0
2025-2025041017gm-00a9-0000-5584369a-05-s1-d9,132,10.0,4.0,-6.0
2025-2025041017gm-00a9-0000-5584369a-05-s1-d9,133,10.0,10.0,0.0
2025-2025041017gm-00a9-0000-5584369a-05-s1-d9,134,10.0,-4.0,-14.0
2025-2025041017gm-00a9-0000-5584369a-05-s1-d9,135,10.0,10.0,0.0
2025-2025041017gm-00a9-0000-5584369a-05-s1-d9,136,10.0,4.0,-6.0
2025-2025041017gm-00a9-0000-5584369a-05-s1-d9,137,4.0,10.0,6.0
2025-2025041017gm-00a9-0000-5584369a-05-s1-d9,138,4.0,4.0,0.0
2025-2025041017gm-00a9-0000-5584369a-05-s1-d9,139,4.0,10.0,6.0
2025-2025041017gm-00a9-0000-5584369a-05-s1-d9,140,10.0,10.0,0.0
2025-2025041017gm-00a9-0000-5584369a-05-s1-d9,141,10.0,10.0,0.0
2025-2025041017gm-00a9-0000-5584369a-05-s1-d9,142,4.0,10.0,6.0
2025-2025041017gm-00a9-0000-5584369a-05-s1-d9,143,4.0,-4.0,-8.0
2025-2025041017gm-00a9-0000-5584369a-05-s1-d9,144,10.0,10.0,0.0
2025-2025041017gm-00a9-0000-5584369a-05-s1-d9,145,4.0,4.0,0.0
2025-2025041017gm-00a9-0000-5584369a-05-s1-d9,146,10.0,10.0,0.0
2025-2025041017gm-00a9-0000-5584369a-05-s1-d9,147,10.0,4.0,-6.0
2025-2025041017gm-00a9-0000-5584369a-05-s1-d9,148,4.0,10.0,6.0
2025-2025041017gm-00a9-0000-5584369a-05-s1-d9,149,4.0,10.0,6.0
2025-2025041017gm-00a9-0000-5584369a-05-s1-d9,150,10.0,4.0,-6.0
2025-2025041017gm-00a9-0000-5584369a-05-s1-d9,151,-4.0,10.0,14.0
2025-2025041017gm-00a9-0000-5584369a-05-s1-d9,152,4.0,4.0,0.0
2025-2025041017gm-00a9-0000-5584369a-05-s1-d9,153,4.0,4.0,0.0
2025-2025041017gm-00a9-0000-5584369a-05-s1-d9,154,10.0,10.0,0.0
2025-2025041017gm-00a9-0000-5584369a-05-s1-d9,155,4.0,4.0,0.0
2025-2025041017gm-00a9-0000-5584369a-05-s1-d9,156,10.0,10.0,0.0
2025-2025041017gm-00a9-0000-5584369a-05-s1-d9,157,10.0,4.0,-6.0
2025-2025041017gm-00a9-0000-5584369a-05-s1-d9,158,10.0,10.0,0.0
2025-2025041017gm-00a9-0000-5584369a-05-s1-d9,159,10.0,10.0,0.0
2025-2025041017gm-00a9-0000-5584369a-05-s1-d9,160,10.0,10.0,0.0
2025-2025041017gm-00a9-0000-5584369a-05-s1-d9,161,4.0,4.0,0.0
2025-2025041017gm-00a9-0000-5584369a-05-s1-d9,162,4.0,4.0,0.0
2025-2025041017gm-00a9-0000-5584369a-05-s1-d9,163,10.0,10.0,0.0
2025-2025041017gm-00a9-0000-5584369a-05-s1-d9,164,10.0,10.0,0.0
2025-2025041017gm-00a9-0000-5584369a-05-s1-d9,165,10.0,10.0,0.0
2025-2025041017gm-00a9-0000-5584369a-05-s1-d9,166,10.0,10.0,0.0
2025-2025041017gm-00a9-0000-5584369a-05-s1-d9,167,10.0,10.0,0.0
2025-2025041017gm-00a9-0000-5584369a-05-s1-d9,168,10.0,10.0,0.0
2025-2025041017gm-00a9-0000-5584369a-05-s1-d9,169,4.0,4.0,0.0
2025-2025041017gm-00a9-0000-5584369a-05-s1-d9,170,10.0,10.0,0.0
2025-2025041017gm-00a9-0000-5584369a-05-s1-d9,171,4.0,10.0,6.0
2025-2025041017gm-00a9-0000-5584369a-05-s1-d9,172,10.0,4.0,-6.0
2025-2025041017gm-00a9-0000-5584369a-05-s1-d9,173,4.0,10.0,6.0
2025-2025041017gm-00a9-0000-5584369a-05-s1-d9,174,4.0,10.0,6.0
2025-2025041017gm-00a9-0000-5584369a-05-s1-d9,175,10.0,10.0,0.0
2025-2025041017gm-00a9-0000-5584369a-05-s1-d9,176,10.0,10.0,0.0
2025-2025041017gm-00a9-0000-5584369a-05-s1-d9,177,10.0,10.0,0.0
2025-2025041017gm-00a9-0000-5584369a-05-s1-d9,178,10.0,4.0,-6.0
2025-2025041017gm-00a9-0000-5584369a-05-s1-d9,179,10.0,10.0,0.0
2025-2025041017gm-00a9-0000-5584369a-05-s1-d9,180,10.0,10.0,0.0
2025-2025041017gm-00a9-0000-5584369a-05-s1-d9,181,4.0,-10.0,-14.0
2025-2025041017gm-00a9-0000-5584369a-05-s1-d9,182,10.0,-10.0,-20.0
2025-2025041017gm-00a9-0000-5584369a-05-s1-d9,183,10.0,10.0,0.0
2025-2025041017gm-00a9-0000-5584369a-05-s1-d9,184,10.0,4.0,-6.0
2025-2025041017gm-00a9-0000-5584369a-05-s1-d9,185,10.0,10.0,0.0
2025-2025041017gm-00a9-0000-5584369a-05-s1-d9,186,10.0,10.0,0.0
2025-2025041017gm-00a9-0000-5584369a-05-s1-d9,187,4.0,10.0,6.0
2025-2025041017gm-00a9-0000-5584369a-05-s1-d9,188,10.0,10.0,0.0
2025-2025041017gm-00a9-0000-5584369a-05-s1-d9,189,10.0,10.0,0.0
2025-2025041017gm-00a9-0000-5584369a-05-s1-d9,190,4.0,4.0,0.0
2025-2025041017gm-00a9-0000-5584369a-05-s1-d9,191,10.0,10.0,0.0
2025-2025041017gm-00a9-0000-5584369a-05-s1-d9,192,10.0,10.0,0.0
2025-2025041017gm-00a9-0000-5584369a-05-s1-d9,193,10.0,10.0,0.0
2025-2025041017gm-00a9-0000-5584369a-05-s1-d9,194,4.0,10.0,6.0
2025-2025041017gm-00a9-0000-5584369a-05-s1-d9,195,10.0,-10.0,-20.0
2025-2025041017gm-00a9-0000-5584369a-05-s1-d9,196,-10.0,-10.0,0.0
2025-2025041017gm-00a9-0000-5584369a-05-s1-d9,197,10.0,10.0,0.0
2025-2025041017gm-00a9-0000-5584369a-05-s1-d9,198,4.0,4.0,0.0
2025-2025041017gm-00a9-0000-5584369a-05-s1-d9,199,10.0,10.0,0.0
2025-2025041017gm-00a9-0000-5584369a-05-s1-d9,200,4.0,10.0,6.0
2025-2025041017gm-00a9-0000-5584369a-05-s1-d9,201,10.0,10.0,0.0
2025-2025041017gm-00a9-0000-5584369a-05-s1-d9,202,4.0,10.0,6.0
2025-2025041017gm-00a9-0000-5584369a-05-s1-d9,203,10.0,10.0,0.0
2025-2025041017gm-00a9-0000-5584369a-05-s1-d9,204,10.0,10.0,0.0
2025-2025041017gm-00a9-0000-5584369a-05-s1-d9,205,10.0,-10.0,-20.0
2025-2025041017gm-00a9-0000-5584369a-05-s1-d9,206,-4.0,4.0,8.0
2025-2025041017gm-00a9-0000-5584369a-05-s1-d9,207,-4.0,10.0,14.0
2025-2025041017gm-00a9-0000-5584369a-05-s1-d9,208,-4.0,10.0,14.0
2025-2025041017gm-00a9-0000-5584369a-05-s1-d9,209,10.0,4.0,-6.0
2025-2025041017gm-00a9-0000-5584369a-05-s1-d9,210,4.0,10.0,6.0
2025-2025041017gm-00a9-0000-5584369a-05-s1-d9,211,10.0,10.0,0.0
2025-2025041017gm-00a9-0000-5584369a-05-s1-d9,212,4.0,4.0,0.0
2025-2025041017gm-00a9-0000-5584369a-05-s1-d9,213,4.0,10.0,6.0
2025-2025041017gm-00a9-0000-5584369a-05-s1-d9,214,10.0,10.0,0.0
2025-2025041017gm-00a9-0000-5584369a-05-s1-d9,215,10.0,10.0,0.0
2025-2025041017gm-00a9-0000-5584369a-05-s1-d9,216,10.0,10.0,0.0
2025-2025041017gm-00a9-0000-5584369a-05-s1-d9,217,10.0,10.0,0.0
2025-2025041017gm-00a9-0000-5584369a-05-s1-d9,218,10.0,4.0,-6.0
2025-2025041017gm-00a9-0000-5584369a-05-s1-d9,219,10.0,10.0,0.0
2025-2025041017gm-00a9-0000-5584369a-05-s1-d9,220,10.0,4.0,-6.0
2025-2025041017gm-00a9-0000-5584369a-05-s1-d9,221,10.0,10.0,0.0
2025-2025041017gm-00a9-0000-5584369a-05-s1-d9,222,10.0,4.0,-6.0
2025-2025041017gm-00a9-0000-5584369a-05-s1-d9,223,4.0,10.0,6.0
2025-2025041017gm-00a9-0000-5584369a-05-s1-d9,224,10.0,10.0,0.0
2025-2025041017gm-00a9-0000-5584369a-05-s1-d9,225,10.0,10.0,0.0
2025-2025041017gm-00a9-0000-5584369a-05-s1-d9,226,10.0,10.0,0.0
2025-2025041017gm-00a9-0000-5584369a-05-s1-d9,227,10.0,4.0,-6.0
2025-2025041017gm-00a9-0000-5584369a-05-s1-d9,228,10.0,10.0,0.0
2025-2025041017gm-00a9-0000-5584369a-05-s1-d9,229,10.0,-4.0,-14.0
2025-2025041017gm-00a9-0000-5584369a-05-s1-d9,230,10.0,-10.0,-20.0
2025-2025041017gm-00a9-0000-5584369a-05-s1-d9,231,4.0,10.0,6.0
2025-2025041017gm-00a9-0000-5584369a-05-s1-d9,232,-4.0,4.0,8.0
2025-2025041017gm-00a9-0000-5584369a-05-s1-d9,233,10.0,10.0,0.0
2025-2025041017gm-00a9-0000-5584369a-05-s1-d9,234,10.0,10.0,0.0
2025-2025041017gm-00a9-0000-5584369a-05-s1-d9,235,4.0,10.0,6.0
2025-2025041017gm-00a9-0000-5584369a-05-s1-d9,236,4.0,10.0,6.0
2025-2025041017gm-00a9-0000-5584369a-05-s1-d9,237,4.0,4.0,0.0
2025-2025041017gm-00a9-0000-5584369a-05-s1-d9,238,10.0,4.0,-6.0
2025-2025041017gm-00a9-0000-5584369a-05-s1-d9,239,10.0,10.0,0.0
2025-2025041017gm-00a9-0000-5584369a-05-s1-d9,240,4.0,4.0,0.0
2025-2025041017gm-00a9-0000-5584369a-05-s1-d9,241,10.0,10.0,0.0
2025-2025041017gm-00a9-0000-5584369a-05-s1-d9,242,10.0,10.0,0.0
2025-2025041017gm-00a9-0000-5584369a-05-s1-d9,243,4.0,10.0,6.0
2025-2025041017gm-00a9-0000-5584369a-05-s1-d9,244,-4.0,10.0,14.0
2025-2025041017gm-00a9-0000-5584369a-05-s1-d9,245,10.0,4.0,-6.0
2025-2025041017gm-00a9-0000-5584369a-05-s1-d9,246,10.0,10.0,0.0
2025-2025041017gm-00a9-0000-5584369a-05-s1-d9,247,10.0,10.0,0.0
2025-2025041017gm-00a9-0000-5584369a-05-s1-d9,248,10.0,10.0,0.0
2025-2025041017gm-00a9-0000-5584369a-05-s1-d9,249,4.0,10.0,6.0
2025-2025041017gm-00a9-0000-5584369a-05-s1-d9,250,10.0,4.0,-6.0
2025-2025041017gm-00a9-0000-5584369a-05-s1-d9,251,10.0,4.0,-6.0
2025-2025041017gm-00a9-0000-5584369a-05-s1-d9,252,10.0,10.0,0.0
2025-2025041017gm-00a9-0000-5584369a-05-s1-d9,253,10.0,10.0,0.0
2025-2025041017gm-00a9-0000-5584369a-05-s1-d9,254,10.0,10.0,0.0
2025-2025041017gm-00a9-0000-5584369a-05-s1-d9,255,4.0,4.0,0.0
2025-2025041221gm-00a9-0000-d8d9d627-08-s2-d2,0,-10.0,-10.0,0.0
2025-2025041221gm-00a9-0000-d8d9d627-08-s2-d2,1,-4.0,-4.0,0.0
2025-2025041221gm-00a9-0000-d8d9d627-08-s2-d2,2,4.0,-10.0,-14.0
2025-2025041221gm-00a9-0000-d8d9d627-08-s2-d2,3,-10.0,-4.0,6.0
2025-2025041221gm-00a9-0000-d8d9d627-08-s2-d2,4,-10.0,-4.0,6.0
2025-2025041221gm-00a9-0000-d8d9d627-08-s2-d2,5,-10.0,-4.0,6.0
2025-2025041221gm-00a9-0000-d8d9d627-08-s2-d2,6,-4.0,-10.0,-6.0
2025-2025041221gm-00a9-0000-d8d9d627-08-s2-d2,7,-4.0,4.0,8.0
2025-2025041221gm-00a9-0000-d8d9d627-08-s2-d2,8,-10.0,-10.0,0.0
2025-2025041221gm-00a9-0000-d8d9d627-08-s2-d2,9,-10.0,-4.0,6.0
2025-2025041221gm-00a9-0000-d8d9d627-08-s2-d2,10,-10.0,-10.0,0.0
2025-2025041221gm-00a9-0000-d8d9d627-08-s2-d2,11,-10.0,-10.0,0.0
2025-2025041221gm-00a9-0000-d8d9d627-08-s2-d2,12,-10.0,-10.0,0.0
2025-2025041221gm-00a9-0000-d8d9d627-08-s2-d2,13,-10.0,-10.0,0.0
2025-2025041221gm-00a9-0000-d8d9d627-08-s2-d2,14,-4.0,4.0,8.0
2025-2025041221gm-00a9-0000-d8d9d627-08-s2-d2,15,-10.0,-4.0,6.0
2025-2025041221gm-00a9-0000-d8d9d627-08-s2-d2,16,-4.0,-10.0,-6.0
2025-2025041221gm-00a9-0000-d8d9d627-08-s2-d2,17,-10.0,-4.0,6.0
2025-2025041221gm-00a9-0000-d8d9d627-08-s2-d2,18,-4.0,-4.0,0.0
2025-2025041221gm-00a9-0000-d8d9d627-08-s2-d2,19,-10.0,-4.0,6.0
2025-2025041221gm-00a9-0000-d8d9d627-08-s2-d2,20,-4.0,-10.0,-6.0
2025-2025041221gm-00a9-0000-d8d9d627-08-s2-d2,21,-4.0,-4.0,0.0
2025-2025041221gm-00a9-0000-d8d9d627-08-s2-d2,22,-4.0,-4.0,0.0
2025-2025041221gm-00a9-0000-d8d9d627-08-s2-d2,23,-10.0,-4.0,6.0
2025-2025041221gm-00a9-0000-d8d9d627-08-s2-d2,24,-10.0,-10.0,0.0
2025-2025041221gm-00a9-0000-d8d9d627-08-s2-d2,25,-10.0,-10.0,0.0
2025-2025041221gm-00a9-0000-d8d9d627-08-s2-d2,26,-10.0,-10.0,0.0
2025-2025041221gm-00a9-0000-d8d9d627-08-s2-d2,27,-4.0,-10.0,-6.0
2025-2025041221gm-00a9-0000-d8d9d627-08-s2-d2,28,-10.0,-10.0,0.0
2025-2025041221gm-00a9-0000-d8d9d627-08-s2-d2,29,-4.0,-4.0,0.0
2025-2025041221gm-00a9-0000-d8d9d627-08-s2-d2,30,-10.0,-10.0,0.0
2025-2025041221gm-00a9-0000-d8d9d627-08-s2-d2,31,-4.0,-4.0,0.0
2025-2025041221gm-00a9-0000-d8d9d627-08-s2-d2,32,-4.0,-10.0,-6.0
2025-2025041221gm-00a9-0000-d8d9d627-08-s2-d2,33,-4.0,-4.0,0.0
2025-2025041221gm-00a9-0000-d8d9d627-08-s2-d2,34,-10.0,-4.0,6.0
2025-2025041221gm-00a9-0000-d8d9d627-08-s2-d2,35,-4.0,-4.0,0.0
2025-2025041221gm-00a9-0000-d8d9d627-08-s2-d2,36,-4.0,-4.0,0.0
2025-2025041221gm-00a9-0000-d8d9d627-08-s2-d2,37,-10.0,-4.0,6.0
2025-2025041221gm-00a9-0000-d8d9d627-08-s2-d2,38,-10.0,-4.0,6.0
2025-2025041221gm-00a9-0000-d8d9d627-08-s2-d2,39,-10.0,-10.0,0.0
2025-2025041221gm-00a9-0000-d8d9d627-08-s2-d2,40,-10.0,-10.0,0.0
2025-2025041221gm-00a9-0000-d8d9d627-08-s2-d2,41,-4.0,-10.0,-6.0
2025-2025041221gm-00a9-0000-d8d9d627-08-s2-d2,42,-10.0,-10.0,0.0
2025-2025041221gm-00a9-0000-d8d9d627-08-s2-d2,43,-10.0,-10.0,0.0
2025-2025041221gm-00a9-0000-d8d9d627-08-s2-d2,44,-10.0,-4.0,6.0
2025-2025041221gm-00a9-0000-d8d9d627-08-s2-d2,45,-10.0,-10.0,0.0
2025-2025041221gm-00a9-0000-d8d9d627-08-s2-d2,46,-10.0,-4.0,6.0
2025-2025041221gm-00a9-0000-d8d9d627-08-s2-d2,47,-4.0,-10.0,-6.0
2025-2025041221gm-00a9-0000-d8d9d627-08-s2-d2,48,-10.0,-10.0,0.0
2025-2025041221gm-00a9-0000-d8d9d627-08-s2-d2,49,-4.0,-10.0,-6.0
2025-2025041221gm-00a9-0000-d8d9d627-08-s2-d2,50,-10.0,-10.0,0.0
2025-2025041221gm-00a9-0000-d8d9d627-08-s2-d2,51,-10.0,-4.0,6.0
2025-2025041221gm-00a9-0000-d8d9d627-08-s2-d2,52,-10.0,-4.0,6.0
2025-2025041221gm-00a9-0000-d8d9d627-08-s2-d2,53,-4.0,-4.0,0.0
2025-2025041221gm-00a9-0000-d8d9d627-08-s2-d2,54,-10.0,-4.0,6.0
2025-2025041221gm-00a9-0000-d8d9d627-08-s2-d2,55,-10.0,-10.0,0.0
2025-2025041221gm-00a9-0000-d8d9d627-08-s2-d2,56,-10.0,-10.0,0.0
2025-2025041221gm-00a9-0000-d8d9d627-08-s2-d2,57,-4.0,-4.0,0.0
2025-2025041221gm-00a9-0000-d8d9d627-08-s2-d2,58,10.0,-10.0,-20.0
2025-2025041221gm-00a9-0000-d8d9d627-08-s2-d2,59,-10.0,-4.0,6.0
2025-2025041221gm-00a9-0000-d8d9d627-08-s2-d2,60,-10.0,-10.0,0.0
2025-2025041221gm-00a9-0000-d8d9d627-08-s2-d2,61,-10.0,-4.0,6.0
2025-2025041221gm-00a9-0000-d8d9d627-08-s2-d2,62,-4.0,-4.0,0.0
2025-2025041221gm-00a9-0000-d8d9d627-08-s2-d2,63,-10.0,-4.0,6.0
2025-2025041221gm-00a9-0000-d8d9d627-08-s2-d2,64,-10.0,-10.0,0.0
2025-2025041221gm-00a9-0000-d8d9d627-08-s2-d2,65,-4.0,-4.0,0.0
2025-2025041221gm-00a9-0000-d8d9d627-08-s2-d2,66,-10.0,-10.0,0.0
2025-2025041221gm-00a9-0000-d8d9d627-08-s2-d2,67,-10.0,-10.0,0.0
2025-2025041221gm-00a9-0000-d8d9d627-08-s2-d2,68,-4.0,-4.0,0.0
2025-2025041221gm-00a9-0000-d8d9d627-08-s2-d2,69,-10.0,-10.0,0.0
2025-2025041221gm-00a9-0000-d8d9d627-08-s2-d2,70,-4.0,-4.0,0.0
2025-2025041221gm-00a9-0000-d8d9d627-08-s2-d2,71,-4.0,-10.0,-6.0
2025-2025041221gm-00a9-0000-d8d9d627-08-s2-d2,72,10.0,-4.0,-14.0
2025-2025041221gm-00a9-0000-d8d9d627-08-s2-d2,73,-10.0,-4.0,6.0
2025-2025041221gm-00a9-0000-d8d9d627-08-s2-d2,74,-10.0,-10.0,0.0
2025-2025041221gm-00a9-0000-d8d9d627-08-s2-d2,75,-10.0,-10.0,0.0
2025-2025041221gm-00a9-0000-d8d9d627-08-s2-d2,76,4.0,-10.0,-14.0
2025-2025041221gm-00a9-0000-d8d9d627-08-s2-d2,77,-4.0,-4.0,0.0
2025-2025041221gm-00a9-0000-d8d9d627-08-s2-d2,78,-10.0,-10.0,0.0
2025-2025041221gm-00a9-0000-d8d9d627-08-s2-d2,79,-4.0,-10.0,-6.0
2025-2025041221gm-00a9-0000-d8d9d627-08-s2-d2,80,4.0,-4.0,-8.0
2025-2025041221gm-00a9-0000-d8d9d627-08-s2-d2,81,-4.0,-10.0,-6.0
2025-2025041221gm-00a9-0000-d8d9d627-08-s2-d2,82,-10.0,-4.0,6.0
2025-2025041221gm-00a9-0000-d8d9d627-08-s2-d2,83,-4.0,-10.0,-6.0
2025-2025041221gm-00a9-0000-d8d9d627-08-s2-d2,84,-4.0,-10.0,-6.0
2025-2025041221gm-00a9-0000-d8d9d627-08-s2-d2,85,-10.0,-10.0,0.0
2025-2025041221gm-00a9-0000-d8d9d627-08-s2-d2,86,-4.0,-4.0,0.0
2025-2025041221gm-00a9-0000-d8d9d627-08-s2-d2,87,-10.0,-10.0,0.0
2025-2025041221gm-00a9-0000-d8d9d627-08-s2-d2,88,-10.0,-10.0,0.0
2025-2025041221gm-00a9-0000-d8d9d627-08-s2-d2,89,-10.0,-4.0,6.0
2025-2025041221gm-00a9-0000-d8d9d627-08-s2-d2,90,-10.0,-10.0,0.0
2025-2025041221gm-00a9-0000-d8d9d627-08-s2-d2,91,-10.0,-10.0,0.0
2025-2025041221gm-00a9-0000-d8d9d627-08-s2-d2,92,-10.0,-10.0,0.0
2025-2025041221gm-00a9-0000-d8d9d627-08-s2-d2,93,-4.0,-10.0,-6.0
2025-2025041221gm-00a9-0000-d8d9d627-08-s2-d2,94,-4.0,-4.0,0.0
2025-2025041221gm-00a9-0000-d8d9d627-08-s2-d2,95,-10.0,-10.0,0.0
2025-2025041221gm-00a9-0000-d8d9d627-08-s2-d2,96,-10.0,-10.0,0.0
2025-2025041221gm-00a9-0000-d8d9d627-08-s2-d2,97,-10.0,-10.0,0.0
2025-2025041221gm-00a9-0000-d8d9d627-08-s2-d2,98,-10.0,-4.0,6.0
2025-2025041221gm-00a9-0000-d8d9d627-08-s2-d2,99,-4.0,-10.0,-6.0
2025-2025041221gm-00a9-0000-d8d9d627-08-s2-d2,100,-4.0,-10.0,-6.0
2025-2025041221gm-00a9-0000-d8d9d627-08-s2-d2,101,-10.0,4.0,14.0
2025-2025041221gm-00a9-0000-d8d9d627-08-s2-d2,102,-4.0,-10.0,-6.0
2025-2025041221gm-00a9-0000-d8d9d627-08-s2-d2,103,-10.0,-4.0,6.0
2025-2025041221gm-00a9-0000-d8d9d627-08-s2-d2,104,-10.0,-4.0,6.0
2025-2025041221gm-00a9-0000-d8d9d627-08-s2-d2,105,-10.0,-10.0,0.0
2025-2025041221gm-00a9-0000-d8d9d627-08-s2-d2,106,-4.0,-10.0,-6.0
2025-2025041221gm-00a9-0000-d8d9d627-08-s2-d2,107,-4.0,-4.0,0.0
2025-2025041221gm-00a9-0000-d8d9d627-08-s2-d2,108,-10.0,-4.0,6.0
2025-2025041221gm-00a9-0000-d8d9d627-08-s2-d2,109,-4.0,-4.0,0.0
2025-2025041221gm-00a9-0000-d8d9d627-08-s2-d2,110,-10.0,-10.0,0.0
2025-2025041221gm-00a9-0000-d8d9d627-08-s2-d2,111,4.0,-10.0,-14.0
2025-2025041221gm-00a9-0000-d8d9d627-08-s2-d2,112,10.0,-4.0,-14.0
2025-2025041221gm-00a9-0000-d8d9d627-08-s2-d2,113,-4.0,-4.0,0.0
2025-2025041221gm-00a9-0000-d8d9d627-08-s2-d2,114,-10.0,-4.0,6.0
2025-2025041221gm-00a9-0000-d8d9d627-08-s2-d2,115,-4.0,-10.0,-6.0
2025-2025041221gm-00a9-0000-d8d9d627-08-s2-d2,116,-4.0,-4.0,0.0
2025-2025041221gm-00a9-0000-d8d9d627-08-s2-d2,117,-10.0,-4.0,6.0
2025-2025041221gm-00a9-0000-d8d9d627-08-s2-d2,118,-10.0,-10.0,0.0
2025-2025041221gm-00a9-0000-d8d9d627-08-s2-d2,119,-10.0,-10.0,0.0
2025-2025041221gm-00a9-0000-d8d9d627-08-s2-d2,120,-10.0,-10.0,0.0
2025-2025041221gm-00a9-0000-d8d9d627-08-s2-d2,121,-4.0,-10.0,-6.0
2025-2025041221gm-00a9-0000-d8d9d627-08-s2-d2,122,-10.0,-10.0,0.0
2025-2025041221gm-00a9-0000-d8d9d627-08-s2-d2,123,4.0,4.0,0.0
2025-2025041221gm-00a9-0000-d8d9d627-08-s2-d2,124,-4.0,-4.0,0.0
2025-2025041221gm-00a9-0000-d8d9d627-08-s2-d2,125,-10.0,-10.0,0.0
2025-2025041221gm-00a9-0000-d8d9d627-08-s2-d2,126,-4.0,-10.0,-6.0
2025-2025041221gm-00a9-0000-d8d9d627-08-s2-d2,127,-10.0,-10.0,0.0
2025-2025041221gm-00a9-0000-d8d9d627-08-s2-d2,128,-4.0,-10.0,-6.0
2025-2025041221gm-00a9-0000-d8d9d627-08-s2-d2,129,4.0,-4.0,-8.0
2025-2025041221gm-00a9-0000-d8d9d627-08-s2-d2,130,-10.0,-4.0,6.0
2025-2025041221gm-00a9-0000-d8d9d627-08-s2-d2,131,-4.0,-4.0,0.0
2025-2025041221gm-00a9-0000-d8d9d627-08-s2-d2,132,-10.0,4.0,14.0
2025-2025041221gm-00a9-0000-d8d9d627-08-s2-d2,133,-10.0,-4.0,6.0
2025-2025041221gm-00a9-0000-d8d9d627-08-s2-d2,134,-10.0,-10.0,0.0
2025-2025041221gm-00a9-0000-d8d9d627-08-s2-d2,135,4.0,-10.0,-14.0
2025-2025041221gm-00a9-0000-d8d9d627-08-s2-d2,136,-4.0,-4.0,0.0
2025-2025041221gm-00a9-0000-d8d9d627-08-s2-d2,137,-10.0,-10.0,0.0
2025-2025041221gm-00a9-0000-d8d9d627-08-s2-d2,138,-4.0,-4.0,0.0
2025-2025041221gm-00a9-0000-d8d9d627-08-s2-d2,139,-10.0,-10.0,0.0
2025-2025041221gm-00a9-0000-d8d9d627-08-s2-d2,140,-4.0,-10.0,-6.0
2025-2025041221gm-00a9-0000-d8d9d627-08-s2-d2,141,-4.0,-4.0,0.0
2025-2025041221gm-00a9-0000-d8d9d627-08-s2-d2,142,-10.0,-10.0,0.0
2025-2025041221gm-00a9-0000-d8d9d627-08-s2-d2,143,-4.0,-4.0,0.0
2025-2025041221gm-00a9-0000-d8d9d627-08-s2-d2,144,-10.0,-10.0,0.0
2025-2025041221gm-00a9-0000-d8d9d627-08-s2-d2,145,-10.0,-10.0,0.0
2025-2025041221gm-00a9-0000-d8d9d627-08-s2-d2,146,-4.0,-10.0,-6.0
2025-2025041221gm-00a9-0000-d8d9d627-08-s2-d2,147,-10.0,-10.0,0.0
2025-2025041221gm-00a9-0000-d8d9d627-08-s2-d2,148,-4.0,-10.0,-6.0
2025-2025041221gm-00a9-0000-d8d9d627-08-s2-d2,149,4.0,-4.0,-8.0
2025-2025041221gm-00a9-0000-d8d9d627-08-s2-d2,150,-10.0,-10.0,0.0
2025-2025041221gm-00a9-0000-d8d9d627-08-s2-d2,151,-10.0,-10.0,0.0
2025-2025041221gm-00a9-0000-d8d9d627-08-s2-d2,152,-10.0,-4.0,6.0
2025-2025041221gm-00a9-0000-d8d9d627-08-s2-d2,153,-10.0,-4.0,6.0
2025-2025041221gm-00a9-0000-d8d9d627-08-s2-d2,154,-10.0,-10.0,0.0
2025-2025041221gm-00a9-0000-d8d9d627-08-s2-d2,155,-10.0,-10.0,0.0
2025-2025041221gm-00a9-0000-d8d9d627-08-s2-d2,156,-4.0,-4.0,0.0
2025-2025041221gm-00a9-0000-d8d9d627-08-s2-d2,157,-4.0,-4.0,0.0
2025-2025041221gm-00a9-0000-d8d9d627-08-s2-d2,158,-10.0,-10.0,0.0
2025-2025041221gm-00a9-0000-d8d9d627-08-s2-d2,159,-4.0,-10.0,-6.0
2025-2025041221gm-00a9-0000-d8d9d627-08-s2-d2,160,-10.0,-4.0,6.0
2025-2025041221gm-00a9-0000-d8d9d627-08-s2-d2,161,-4.0,-4.0,0.0
2025-2025041221gm-00a9-0000-d8d9d627-08-s2-d2,162,-10.0,-10.0,0.0
2025-2025041221gm-00a9-0000-d8d9d627-08-s2-d2,163,-4.0,-4.0,0.0
2025-2025041221gm-00a9-0000-d8d9d627-08-s2-d2,164,-10.0,-4.0,6.0
2025-2025041221gm-00a9-0000-d8d9d627-08-s2-d2,165,-10.0,-10.0,0.0
2025-2025041221gm-00a9-0000-d8d9d627-08-s2-d2,166,-4.0,-10.0,-6.0
2025-2025041221gm-00a9-0000-d8d9d627-08-s2-d2,167,-4.0,-10.0,-6.0
2025-2025041221gm-00a9-0000-d8d9d627-08-s2-d2,168,4.0,4.0,0.0
2025-2025041221gm-00a9-0000-d8d9d627-08-s2-d2,169,-10.0,-4.0,6.0
2025-2025041221gm-00a9-0000-d8d9d627-08-s2-d2,170,-10.0,-10.0,0.0
2025-2025041221gm-00a9-0000-d8d9d627-08-s2-d2,171,-4.0,-4.0,0.0
2025-2025041221gm-00a9-0000-d8d9d627-08-s2-d2,172,-4.0,-10.0,-6.0
2025-2025041221gm-00a9-0000-d8d9d627-08-s2-d2,173,-4.0,-4.0,0.0
2025-2025041221gm-00a9-0000-d8d9d627-08-s2-d2,174,-10.0,-10.0,0.0
2025-2025041221gm-00a9-0000-d8d9d627-08-s2-d2,175,4.0,-10.0,-14.0
2025-2025041221gm-00a9-0000-d8d9d627-08-s2-d2,176,-10.0,-4.0,6.0
2025-2025041221gm-00a9-0000-d8d9d627-08-s2-d2,177,-10.0,-10.0,0.0
2025-2025041221gm-00a9-0000-d8d9d627-08-s2-d2,178,-10.0,-10.0,0.0
2025-2025041221gm-00a9-0000-d8d9d627-08-s2-d2,179,-10.0,-4.0,6.0
2025-2025041221gm-00a9-0000-d8d9d627-08-s2-d2,180,-10.0,-10.0,0.0
2025-2025041221gm-00a9-0000-d8d9d627-08-s2-d2,181,-4.0,-10.0,-6.0
2025-2025041221gm-00a9-0000-d8d9d627-08-s2-d2,182,-10.0,-10.0,0.0
2025-2025041221gm-00a9-0000-d8d9d627-08-s2-d2,183,-4.0,-10.0,-6.0
2025-2025041221gm-00a9-0000-d8d9d627-08-s2-d2,184,-10.0,-10.0,0.0
2025-2025041221gm-00a9-0000-d8d9d627-08-s2-d2,185,-10.0,-10.0,0.0
2025-2025041221gm-00a9-0000-d8d9d627-08-s2-d2,186,-10.0,-4.0,6.0
2025-2025041221gm-00a9-0000-d8d9d627-08-s2-d2,187,-10.0,-10.0,0.0
2025-2025041221gm-00a9-0000-d8d9d627-08-s2-d2,188,-4.0,-10.0,-6.0
2025-2025041221gm-00a9-0000-d8d9d627-08-s2-d2,189,4.0,-10.0,-14.0
2025-2025041221gm-00a9-0000-d8d9d627-08-s2-d2,190,-10.0,-10.0,0.0
2025-2025041221gm-00a9-0000-d8d9d627-08-s2-d2,191,-10.0,-10.0,0.0
2025-2025041221gm-00a9-0000-d8d9d627-08-s2-d2,192,-4.0,-10.0,-6.0
2025-2025041221gm-00a9-0000-d8d9d627-08-s2-d2,193,-4.0,-4.0,0.0
2025-2025041221gm-00a9-0000-d8d9d627-08-s2-d2,194,-10.0,-10.0,0.0
2025-2025041221gm-00a9-0000-d8d9d627-08-s2-d2,195,-10.0,-10.0,0.0
2025-2025041221gm-00a9-0000-d8d9d627-08-s2-d2,196,-4.0,-4.0,0.0
2025-2025041221gm-00a9-0000-d8d9d627-08-s2-d2,197,-10.0,-10.0,0.0
2025-2025041221gm-00a9-0000-d8d9d627-08-s2-d2,198,-4.0,-4.0,0.0
2025-2025041221gm-00a9-0000-d8d9d627-08-s2-d2,199,4.0,-10.0,-14.0
2025-2025041221gm-00a9-0000-d8d9d627-08-s2-d2,200,-10.0,-4.0,6.0
2025-2025041221gm-00a9-0000-d8d9d627-08-s2-d2,201,-4.0,-10.0,-6.0
2025-2025041221gm-00a9-0000-d8d9d627-08-s2-d2,202,-10.0,10.0,20.0
2025-2025041221gm-00a9-0000-d8d9d627-08-s2-d2,203,-10.0,-4.0,6.0
2025-2025041221gm-00a9-0000-d8d9d627-08-s2-d2,204,-4.0,-4.0,0.0
2025-2025041221gm-00a9-0000-d8d9d627-08-s2-d2,205,-4.0,-10.0,-6.0
2025-2025041221gm-00a9-0000-d8d9d627-08-s2-d2,206,-10.0,-4.0,6.0
2025-2025041221gm-00a9-0000-d8d9d627-08-s2-d2,207,-4.0,-10.0,-6.0
2025-2025041221gm-00a9-0000-d8d9d627-08-s2-d2,208,10.0,4.0,-6.0
2025-2025041221gm-00a9-0000-d8d9d627-08-s2-d2,209,-10.0,-10.0,0.0
2025-2025041221gm-00a9-0000-d8d9d627-08-s2-d2,210,-10.0,-10.0,0.0
2025-2025041221gm-00a9-0000-d8d9d627-08-s2-d2,211,-4.0,-10.0,-6.0
2025-2025041221gm-00a9-0000-d8d9d627-08-s2-d2,212,-4.0,-4.0,0.0
2025-2025041221gm-00a9-0000-d8d9d627-08-s2-d2,213,-4.0,-10.0,-6.0
2025-2025041221gm-00a9-0000-d8d9d627-08-s2-d2,214,-10.0,-10.0,0.0
2025-2025041221gm-00a9-0000-d8d9d627-08-s2-d2,215,-10.0,-10.0,0.0
2025-2025041221gm-00a9-0000-d8d9d627-08-s2-d2,216,-10.0,-10.0,0.0
2025-2025041221gm-00a9-0000-d8d9d627-08-s2-d2,217,-10.0,-10.0,0.0
2025-2025041221gm-00a9-0000-d8d9d627-08-s2-d2,218,-10.0,-4.0,6.0
2025-2025041221gm-00a9-0000-d8d9d627-08-s2-d2,219,-10.0,-10.0,0.0
2025-2025041221gm-00a9-0000-d8d9d627-08-s2-d2,220,-4.0,-10.0,-6.0
2025-2025041221gm-00a9-0000-d8d9d627-08-s2-d2,221,-10.0,-10.0,0.0
2025-2025041221gm-00a9-0000-d8d9d627-08-s2-d2,222,-10.0,4.0,14.0
2025-2025041221gm-00a9-0000-d8d9d627-08-s2-d2,223,4.0,-4.0,-8.0
2025-2025041221gm-00a9-0000-d8d9d627-08-s2-d2,224,-4.0,-10.0,-6.0
2025-2025041221gm-00a9-0000-d8d9d627-08-s2-d2,225,-4.0,-4.0,0.0
2025-2025041221gm-00a9-0000-d8d9d627-08-s2-d2,226,-4.0,-10.0,-6.0
2025-2025041221gm-00a9-0000-d8d9d627-08-s2-d2,227,-4.0,-4.0,0.0
2025-2025041221gm-00a9-0000-d8d9d627-08-s2-d2,228,-4.0,-4.0,0.0
2025-2025041221gm-00a9-0000-d8d9d627-08-s2-d2,229,-4.0,-4.0,0.0
2025-2025041221gm-00a9-0000-d8d9d627-08-s2-d2,230,-10.0,-10.0,0.0
2025-2025041221gm-00a9-0000-d8d9d627-08-s2-d2,231,-4.0,-10.0,-6.0
2025-2025041221gm-00a9-0000-d8d9d627-08-s2-d2,232,-10.0,-10.0,0.0
2025-2025041221gm-00a9-0000-d8d9d627-08-s2-d2,233,-4.0,-10.0,-6.0
2025-2025041221gm-00a9-0000-d8d9d627-08-s2-d2,234,4.0,-4.0,-8.0
2025-2025041221gm-00a9-0000-d8d9d627-08-s2-d2,235,-10.0,-10.0,0.0
2025-2025041221gm-00a9-0000-d8d9d627-08-s2-d2,236,-10.0,-10.0,0.0
2025-2025041221gm-00a9-0000-d8d9d627-08-s2-d2,237,-10.0,-10.0,0.0
2025-2025041221gm-00a9-0000-d8d9d627-08-s2-d2,238,-4.0,-10.0,-6.0
2025-2025041221gm-00a9-0000-d8d9d627-08-s2-d2,239,-10.0,-4.0,6.0
2025-2025041221gm-00a9-0000-d8d9d627-08-s2-d2,240,-10.0,-10.0,0.0
2025-2025041221gm-00a9-0000-d8d9d627-08-s2-d2,241,-10.0,-10.0,0.0
2025-2025041221gm-00a9-0000-d8d9d627-08-s2-d2,242,-4.0,-10.0,-6.0
2025-2025041221gm-00a9-0000-d8d9d627-08-s2-d2,243,-4.0,-4.0,0.0
2025-2025041221gm-00a9-0000-d8d9d627-08-s2-d2,244,-4.0,-4.0,0.0
2025-2025041221gm-00a9-0000-d8d9d627-08-s2-d2,245,-10.0,-10.0,0.0
2025-2025041221gm-00a9-0000-d8d9d627-08-s2-d2,246,-4.0,4.0,8.0
2025-2025041221gm-00a9-0000-d8d9d627-08-s2-d2,247,-4.0,-10.0,-6.0
2025-2025041221gm-00a9-0000-d8d9d627-08-s2-d2,248,-10.0,-10.0,0.0
2025-2025041221gm-00a9-0000-d8d9d627-08-s2-d2,249,-4.0,-10.0,-6.0
2025-2025041221gm-00a9-0000-d8d9d627-08-s2-d2,250,-10.0,-10.0,0.0
2025-2025041221gm-00a9-0000-d8d9d627-08-s2-d2,251,-4.0,-4.0,0.0
2025-2025041221gm-00a9-0000-d8d9d627-08-s2-d2,252,-10.0,-10.0,0.0
2025-2025041221gm-00a9-0000-d8d9d627-08-s2-d2,253,-10.0,-10.0,0.0
2025-2025041221gm-00a9-0000-d8d9d627-08-s2-d2,254,-4.0,-4.0,0.0
2025-2025041221gm-00a9-0000-d8d9d627-08-s2-d2,255,-10.0,-10.0,0.0
2025-2025041520gm-00a9-0000-d292f784-08-s1-d0,0,-10.0,-4.0,6.0
2025-2025041520gm-00a9-0000-d292f784-08-s1-d0,1,-4.0,-4.0,0.0
2025-2025041520gm-00a9-0000-d292f784-08-s1-d0,2,-4.0,-4.0,0.0
2025-2025041520gm-00a9-0000-d292f784-08-s1-d0,3,-4.0,-4.0,0.0
2025-2025041520gm-00a9-0000-d292f784-08-s1-d0,4,-10.0,-10.0,0.0
2025-2025041520gm-00a9-0000-d292f784-08-s1-d0,5,-10.0,-4.0,6.0
2025-2025041520gm-00a9-0000-d292f784-08-s1-d0,6,-10.0,-10.0,0.0
2025-2025041520gm-00a9-0000-d292f784-08-s1-d0,7,4.0,-4.0,-8.0
2025-2025041520gm-00a9-0000-d292f784-08-s1-d0,8,-4.0,-4.0,0.0
2025-2025041520gm-00a9-0000-d292f784-08-s1-d0,9,-10.0,-10.0,0.0
2025-2025041520gm-00a9-0000-d292f784-08-s1-d0,10,-10.0,-10.0,0.0
2025-2025041520gm-00a9-0000-d292f784-08-s1-d0,11,-4.0,-4.0,0.0
2025-2025041520gm-00a9-0000-d292f784-08-s1-d0,12,-4.0,-4.0,0.0
2025-2025041520gm-00a9-0000-d292f784-08-s1-d0,13,-4.0,-10.0,-6.0
2025-2025041520gm-00a9-0000-d292f784-08-s1-d0,14,-4.0,4.0,8.0
2025-2025041520gm-00a9-0000-d292f784-08-s1-d0,15,-4.0,-4.0,0.0
2025-2025041520gm-00a9-0000-d292f784-08-s1-d0,16,-10.0,-4.0,6.0
2025-2025041520gm-00a9-0000-d292f784-08-s1-d0,17,-4.0,-10.0,-6.0
2025-2025041520gm-00a9-0000-d292f784-08-s1-d0,18,-4.0,-4.0,0.0
2025-2025041520gm-00a9-0000-d292f784-08-s1-d0,19,-4.0,-4.0,0.0
2025-2025041520gm-00a9-0000-d292f784-08-s1-d0,20,-10.0,-4.0,6.0
2025-2025041520gm-00a9-0000-d292f784-08-s1-d0,21,-10.0,-4.0,6.0
2025-2025041520gm-00a9-0000-d292f784-08-s1-d0,22,-4.0,4.0,8.0
2025-2025041520gm-00a9-0000-d292f784-08-s1-d0,23,-10.0,-10.0,0.0
2025-2025041520gm-00a9-0000-d292f784-08-s1-d0,24,-10.0,-10.0,0.0
2025-2025041520gm-00a9-0000-d292f784-08-s1-d0,25,-10.0,-10.0,0.0
2025-2025041520gm-00a9-0000-d292f784-08-s1-d0,26,4.0,-4.0,-8.0
2025-2025041520gm-00a9-0000-d292f784-08-s1-d0,27,-4.0,-4.0,0.0
2025-2025041520gm-00a9-0000-d292f784-08-s1-d0,28,-4.0,-10.0,-6.0
2025-2025041520gm-00a9-0000-d292f784-08-s1-d0,29,-4.0,-4.0,0.0
2025-2025041520gm-00a9-0000-d292f784-08-s1-d0,30,-4.0,-10.0,-6.0
2025-2025041520gm-00a9-0000-d292f784-08-s1-d0,31,-10.0,-10.0,0.0
2025-2025041520gm-00a9-0000-d292f784-08-s1-d0,32,-4.0,-4.0,0.0
2025-2025041520gm-00a9-0000-d292f784-08-s1-d0,33,-10.0,-10.0,0.0
2025-2025041520gm-00a9-0000-d292f784-08-s1-d0,34,-4.0,-10.0,-6.0
2025-2025041520gm-00a9-0000-d292f784-08-s1-d0,35,-4.0,-10.0,-6.0
2025-2025041520gm-00a9-0000-d292f784-08-s1-d0,36,-4.0,4.0,8.0
2025-2025041520gm-00a9-0000-d292f784-08-s1-d0,37,-10.0,-4.0,6.0
2025-2025041520gm-00a9-0000-d292f784-08-s1-d0,38,4.0,-10.0,-14.0
2025-2025041520gm-00a9-0000-d292f784-08-s1-d0,39,-4.0,-4.0,0.0
2025-2025041520gm-00a9-0000-d292f784-08-s1-d0,40,-4.0,-10.0,-6.0
2025-2025041520gm-00a9-0000-d292f784-08-s1-d0,41,-10.0,-4.0,6.0
2025-2025041520gm-00a9-0000-d292f784-08-s1-d0,42,-10.0,-4.0,6.0
2025-2025041520gm-00a9-0000-d292f784-08-s1-d0,43,-4.0,-4.0,0.0
2025-2025041520gm-00a9-0000-d292f784-08-s1-d0,44,-10.0,-10.0,0.0
2025-2025041520gm-00a9-0000-d292f784-08-s1-d0,45,-4.0,-10.0,-6.0
2025-2025041520gm-00a9-0000-d292f784-08-s1-d0,46,-4.0,-10.0,-6.0
2025-2025041520gm-00a9-0000-d292f784-08-s1-d0,47,4.0,-4.0,-8.0
2025-2025041520gm-00a9-0000-d292f784-08-s1-d0,48,-10.0,-10.0,0.0
2025-2025041520gm-00a9-0000-d292f784-08-s1-d0,49,-10.0,-4.0,6.0
2025-2025041520gm-00a9-0000-d292f784-08-s1-d0,50,-10.0,-10.0,0.0
2025-2025041520gm-00a9-0000-d292f784-08-s1-d0,51,-4.0,-4.0,0.0
2025-2025041520gm-00a9-0000-d292f784-08-s1-d0,52,-4.0,-4.0,0.0
2025-2025041520gm-00a9-0000-d292f784-08-s1-d0,53,-10.0,-10.0,0.0
2025-2025041520gm-00a9-0000-d292f784-08-s1-d0,54,-10.0,-10.0,0.0
2025-2025041520gm-00a9-0000-d292f784-08-s1-d0,55,-10.0,-10.0,0.0
2025-2025041520gm-00a9-0000-d292f784-08-s1-d0,56,-10.0,-4.0,6.0
2025-2025041520gm-00a9-0000-d292f784-08-s1-d0,57,-10.0,-4.0,6.0
2025-2025041520gm-00a9-0000-d292f784-08-s1-d0,58,-4.0,-4.0,0.0
2025-2025041520gm-00a9-0000-d292f784-08-s1-d0,59,-4.0,-4.0,0.0
2025-2025041520gm-00a9-0000-d292f784-08-s1-d0,60,-4.0,-10.0,-6.0
2025-2025041520gm-00a9-0000-d292f784-08-s1-d0,61,4.0,-4.0,-8.0
2025-2025041520gm-00a9-0000-d292f784-08-s1-d0,62,-4.0,-4.0,0.0
2025-2025041520gm-00a9-0000-d292f784-08-s1-d0,63,-4.0,-10.0,-6.0
2025-2025041520gm-00a9-0000-d292f784-08-s1-d0,64,-4.0,-4.0,0.0
2025-2025041520gm-00a9-0000-d292f784-08-s1-d0,65,-4.0,-4.0,0.0
2025-2025041520gm-00a9-0000-d292f784-08-s1-d0,66,-4.0,-10.0,-6.0
2025-2025041520gm-00a9-0000-d292f784-08-s1-d0,67,-4.0,-10.0,-6.0
2025-2025041520gm-00a9-0000-d292f784-08-s1-d0,68,-10.0,-4.0,6.0
2025-2025041520gm-00a9-0000-d292f784-08-s1-d0,69,-4.0,-10.0,-6.0
2025-2025041520gm-00a9-0000-d292f784-08-s1-d0,70,4.0,4.0,0.0
2025-2025041520gm-00a9-0000-d292f784-08-s1-d0,71,-4.0,-4.0,0.0
2025-2025041520gm-00a9-0000-d292f784-08-s1-d0,72,-10.0,-4.0,6.0
2025-2025041520gm-00a9-0000-d292f784-08-s1-d0,73,-4.0,-4.0,0.0
2025-2025041520gm-00a9-0000-d292f784-08-s1-d0,74,-4.0,-4.0,0.0
2025-2025041520gm-00a9-0000-d292f784-08-s1-d0,75,-4.0,-10.0,-6.0
2025-2025041520gm-00a9-0000-d292f784-08-s1-d0,76,-4.0,-10.0,-6.0
2025-2025041520gm-00a9-0000-d292f784-08-s1-d0,77,-10.0,4.0,14.0
2025-2025041520gm-00a9-0000-d292f784-08-s1-d0,78,-4.0,-4.0,0.0
2025-2025041520gm-00a9-0000-d292f784-08-s1-d0,79,-10.0,-4.0,6.0
2025-2025041520gm-00a9-0000-d292f784-08-s1-d0,80,-4.0,-10.0,-6.0
2025-2025041520gm-00a9-0000-d292f784-08-s1-d0,81,-4.0,-4.0,0.0
2025-2025041520gm-00a9-0000-d292f784-08-s1-d0,82,-4.0,-4.0,0.0
2025-2025041520gm-00a9-0000-d292f784-08-s1-d0,83,-10.0,-4.0,6.0
2025-2025041520gm-00a9-0000-d292f784-08-s1-d0,84,-10.0,-10.0,0.0
2025-2025041520gm-00a9-0000-d292f784-08-s1-d0,85,-4.0,4.0,8.0
2025-2025041520gm-00a9-0000-d292f784-08-s1-d0,86,-10.0,4.0,14.0
2025-2025041520gm-00a9-0000-d292f784-08-s1-d0,87,-10.0,-10.0,0.0
2025-2025041520gm-00a9-0000-d292f784-08-s1-d0,88,-4.0,-4.0,0.0
2025-2025041520gm-00a9-0000-d292f784-08-s1-d0,89,-10.0,-4.0,6.0
2025-2025041520gm-00a9-0000-d292f784-08-s1-d0,90,-4.0,-4.0,0.0
2025-2025041520gm-00a9-0000-d292f784-08-s1-d0,91,-10.0,-4.0,6.0
2025-2025041520gm-00a9-0000-d292f784-08-s1-d0,92,-4.0,-4.0,0.0
2025-2025041520gm-00a9-0000-d292f784-08-s1-d0,93,-4.0,-4.0,0.0
2025-2025041520gm-00a9-0000-d292f784-08-s1-d0,94,4.0,-10.0,-14.0
2025-2025041520gm-00a9-0000-d292f784-08-s1-d0,95,-4.0,4.0,8.0
2025-2025041520gm-00a9-0000-d292f784-08-s1-d0,96,-4.0,-4.0,0.0
2025-2025041520gm-00a9-0000-d292f784-08-s1-d0,97,-10.0,-4.0,6.0
2025-2025041520gm-00a9-0000-d292f784-08-s1-d0,98,-4.0,-4.0,0.0
2025-2025041520gm-00a9-0000-d292f784-08-s1-d0,99,4.0,-4.0,-8.0
2025-2025041520gm-00a9-0000-d292f784-08-s1-d0,100,-4.0,-10.0,-6.0
2025-2025041520gm-00a9-0000-d292f784-08-s1-d0,101,-10.0,-4.0,6.0
2025-2025041520gm-00a9-0000-d292f784-08-s1-d0,102,-10.0,-10.0,0.0
2025-2025041520gm-00a9-0000-d292f784-08-s1-d0,103,4.0,4.0,0.0
2025-2025041520gm-00a9-0000-d292f784-08-s1-d0,104,-10.0,-4.0,6.0
2025-2025041520gm-00a9-0000-d292f784-08-s1-d0,105,-4.0,-4.0,0.0
2025-2025041520gm-00a9-0000-d292f784-08-s1-d0,106,-4.0,-10.0,-6.0
2025-2025041520gm-00a9-0000-d292f784-08-s1-d0,107,4.0,-4.0,-8.0
2025-2025041520gm-00a9-0000-d292f784-08-s1-d0,108,-10.0,-4.0,6.0
2025-2025041520gm-00a9-0000-d292f784-08-s1-d0,109,-4.0,-10.0,-6.0
2025-2025041520gm-00a9-0000-d292f784-08-s1-d0,110,-10.0,-10.0,0.0
2025-2025041520gm-00a9-0000-d292f784-08-s1-d0,111,-10.0,-10.0,0.0
2025-2025041520gm-00a9-0000-d292f784-08-s1-d0,112,-10.0,-10.0,0.0
2025-2025041520gm-00a9-0000-d292f784-08-s1-d0,113,-4.0,-10.0,-6.0
2025-2025041520gm-00a9-0000-d292f784-08-s1-d0,114,-10.0,-4.0,6.0
2025-2025041520gm-00a9-0000-d292f784-08-s1-d0,115,-10.0,4.0,14.0
2025-2025041520gm-00a9-0000-d292f784-08-s1-d0,116,-4.0,-4.0,0.0
2025-2025041520gm-00a9-0000-d292f784-08-s1-d0,117,-4.0,-4.0,0.0
2025-2025041520gm-00a9-0000-d292f784-08-s1-d0,118,-4.0,-4.0,0.0
2025-2025041520gm-00a9-0000-d292f784-08-s1-d0,119,-4.0,-10.0,-6.0
2025-2025041520gm-00a9-0000-d292f784-08-s1-d0,120,-4.0,-4.0,0.0
2025-2025041520gm-00a9-0000-d292f784-08-s1-d0,121,4.0,-10.0,-14.0
2025-2025041520gm-00a9-0000-d292f784-08-s1-d0,122,-4.0,-4.0,0.0
2025-2025041520gm-00a9-0000-d292f784-08-s1-d0,123,4.0,-4.0,-8.0
2025-2025041520gm-00a9-0000-d292f784-08-s1-d0,124,-4.0,-4.0,0.0
2025-2025041520gm-00a9-0000-d292f784-08-s1-d0,125,-4.0,-10.0,-6.0
2025-2025041520gm-00a9-0000-d292f784-08-s1-d0,126,-10.0,-4.0,6.0
2025-2025041520gm-00a9-0000-d292f784-08-s1-d0,127,-10.0,-10.0,0.0
2025-2025041520gm-00a9-0000-d292f784-08-s1-d0,128,-4.0,-4.0,0.0
2025-2025041520gm-00a9-0000-d292f784-08-s1-d0,129,-4.0,-4.0,0.0
2025-2025041520gm-00a9-0000-d292f784-08-s1-d0,130,-10.0,-10.0,0.0
2025-2025041520gm-00a9-0000-d292f784-08-s1-d0,131,-10.0,-4.0,6.0
2025-2025041520gm-00a9-0000-d292f784-08-s1-d0,132,-4.0,-4.0,0.0
2025-2025041520gm-00a9-0000-d292f784-08-s1-d0,133,-10.0,-10.0,0.0
2025-2025041520gm-00a9-0000-d292f784-08-s1-d0,134,-4.0,-4.0,0.0
2025-2025041520gm-00a9-0000-d292f784-08-s1-d0,135,-4.0,-4.0,0.0
2025-2025041520gm-00a9-0000-d292f784-08-s1-d0,136,-10.0,-4.0,6.0
2025-2025041520gm-00a9-0000-d292f784-08-s1-d0,137,-10.0,-10.0,0.0
2025-2025041520gm-00a9-0000-d292f784-08-s1-d0,138,-4.0,-4.0,0.0
2025-2025041520gm-00a9-0000-d292f784-08-s1-d0,139,-10.0,-4.0,6.0
2025-2025041520gm-00a9-0000-d292f784-08-s1-d0,140,-4.0,-4.0,0.0
2025-2025041520gm-00a9-0000-d292f784-08-s1-d0,141,-4.0,-4.0,0.0
2025-2025041520gm-00a9-0000-d292f784-08-s1-d0,142,-10.0,-10.0,0.0
2025-2025041520gm-00a9-0000-d292f784-08-s1-d0,143,-10.0,-4.0,6.0
2025-2025041520gm-00a9-0000-d292f784-08-s1-d0,144,-4.0,-4.0,0.0
2025-2025041520gm-00a9-0000-d292f784-08-s1-d0,145,-4.0,-4.0,0.0
2025-2025041520gm-00a9-0000-d292f784-08-s1-d0,146,4.0,-10.0,-14.0
2025-2025041520gm-00a9-0000-d292f784-08-s1-d0,147,-4.0,-4.0,0.0
2025-2025041520gm-00a9-0000-d292f784-08-s1-d0,148,4.0,-10.0,-14.0
2025-2025041520gm-00a9-0000-d292f784-08-s1-d0,149,-10.0,4.0,14.0
2025-2025041520gm-00a9-0000-d292f784-08-s1-d0,150,-4.0,-10.0,-6.0
2025-2025041520gm-00a9-0000-d292f784-08-s1-d0,151,-10.0,-4.0,6.0
2025-2025041520gm-00a9-0000-d292f784-08-s1-d0,152,-10.0,-10.0,0.0
2025-2025041520gm-00a9-0000-d292f784-08-s1-d0,153,-4.0,-4.0,0.0
2025-2025041520gm-00a9-0000-d292f784-08-s1-d0,154,-4.0,-10.0,-6.0
2025-2025041520gm-00a9-0000-d292f784-08-s1-d0,155,-4.0,-4.0,0.0
2025-2025041520gm-00a9-0000-d292f784-08-s1-d0,156,4.0,-4.0,-8.0
2025-2025041520gm-00a9-0000-d292f784-08-s1-d0,157,4.0,-4.0,-8.0
2025-2025041520gm-00a9-0000-d292f784-08-s1-d0,158,-4.0,4.0,8.0
2025-2025041520gm-00a9-0000-d292f784-08-s1-d0,159,-10.0,-4.0,6.0
2025-2025041520gm-00a9-0000-d292f784-08-s1-d0,160,-4.0,-10.0,-6.0
2025-2025041520gm-00a9-0000-d292f784-08-s1-d0,161,-4.0,-4.0,0.0
2025-2025041520gm-00a9-0000-d292f784-08-s1-d0,162,-10.0,-10.0,0.0
2025-2025041520gm-00a9-0000-d292f784-08-s1-d0,163,-10.0,-4.0,6.0
2025-2025041520gm-00a9-0000-d292f784-08-s1-d0,164,-4.0,-4.0,0.0
2025-2025041520gm-00a9-0000-d292f784-08-s1-d0,165,-10.0,-10.0,0.0
2025-2025041520gm-00a9-0000-d292f784-08-s1-d0,166,-10.0,-4.0,6.0
2025-2025041520gm-00a9-0000-d292f784-08-s1-d0,167,4.0,-4.0,-8.0
2025-2025041520gm-00a9-0000-d292f784-08-s1-d0,168,-4.0,-4.0,0.0
2025-2025041520gm-00a9-0000-d292f784-08-s1-d0,169,-10.0,4.0,14.0
2025-2025041520gm-00a9-0000-d292f784-08-s1-d0,170,4.0,4.0,0.0
2025-2025041520gm-00a9-0000-d292f784-08-s1-d0,171,-10.0,-10.0,0.0
2025-2025041520gm-00a9-0000-d292f784-08-s1-d0,172,-4.0,-4.0,0.0
2025-2025041520gm-00a9-0000-d292f784-08-s1-d0,173,-4.0,-10.0,-6.0
2025-2025041520gm-00a9-0000-d292f784-08-s1-d0,174,-10.0,-4.0,6.0
2025-2025041520gm-00a9-0000-d292f784-08-s1-d0,175,-4.0,-4.0,0.0
2025-2025041520gm-00a9-0000-d292f784-08-s1-d0,176,-4.0,-4.0,0.0
2025-2025041520gm-00a9-0000-d292f784-08-s1-d0,177,-4.0,-4.0,0.0
2025-2025041520gm-00a9-0000-d292f784-08-s1-d0,178,-4.0,4.0,8.0
2025-2025041520gm-00a9-0000-d292f784-08-s1-d0,179,-4.0,-10.0,-6.0
2025-2025041520gm-00a9-0000-d292f784-08-s1-d0,180,-10.0,-4.0,6.0
2025-2025041520gm-00a9-0000-d292f784-08-s1-d0,181,-4.0,-4.0,0.0
2025-2025041520gm-00a9-0000-d292f784-08-s1-d0,182,-4.0,-4.0,0.0
2025-2025041520gm-00a9-0000-d292f784-08-s1-d0,183,-10.0,4.0,14.0
2025-2025041520gm-00a9-0000-d292f784-08-s1-d0,184,-4.0,-4.0,0.0
2025-2025041520gm-00a9-0000-d292f784-08-s1-d0,185,4.0,-10.0,-14.0
2025-2025041520gm-00a9-0000-d292f784-08-s1-d0,186,-10.0,-4.0,6.0
2025-2025041520gm-00a9-0000-d292f784-08-s1-d0,187,4.0,-4.0,-8.0
2025-2025041520gm-00a9-0000-d292f784-08-s1-d0,188,-4.0,-4.0,0.0
2025-2025041520gm-00a9-0000-d292f784-08-s1-d0,189,-4.0,-10.0,-6.0
2025-2025041520gm-00a9-0000-d292f784-08-s1-d0,190,-10.0,-10.0,0.0
2025-2025041520gm-00a9-0000-d292f784-08-s1-d0,191,-10.0,-10.0,0.0
2025-2025041520gm-00a9-0000-d292f784-08-s1-d0,192,-4.0,4.0,8.0
2025-2025041520gm-00a9-0000-d292f784-08-s1-d0,193,-4.0,-10.0,-6.0
2025-2025041520gm-00a9-0000-d292f784-08-s1-d0,194,-4.0,-4.0,0.0
2025-2025041520gm-00a9-0000-d292f784-08-s1-d0,195,-4.0,-4.0,0.0
2025-2025041520gm-00a9-0000-d292f784-08-s1-d0,196,-10.0,-4.0,6.0
2025-2025041520gm-00a9-0000-d292f784-08-s1-d0,197,4.0,-10.0,-14.0
2025-2025041520gm-00a9-0000-d292f784-08-s1-d0,198,-10.0,-4.0,6.0
2025-2025041520gm-00a9-0000-d292f784-08-s1-d0,199,-4.0,-10.0,-6.0
2025-2025041520gm-00a9-0000-d292f784-08-s1-d0,200,4.0,-4.0,-8.0
2025-2025041520gm-00a9-0000-d292f784-08-s1-d0,201,-4.0,-4.0,0.0
2025-2025041520gm-00a9-0000-d292f784-08-s1-d0,202,4.0,4.0,0.0
2025-2025041520gm-00a9-0000-d292f784-08-s1-d0,203,-4.0,-4.0,0.0
2025-2025041520gm-00a9-0000-d292f784-08-s1-d0,204,-4.0,-4.0,0.0
2025-2025041520gm-00a9-0000-d292f784-08-s1-d0,205,-4.0,-4.0,0.0
2025-2025041520gm-00a9-0000-d292f784-08-s1-d0,206,-4.0,-4.0,0.0
2025-2025041520gm-00a9-0000-d292f784-08-s1-d0,207,-4.0,-4.0,0.0
2025-2025041520gm-00a9-0000-d292f784-08-s1-d0,208,-4.0,-4.0,0.0
2025-2025041520gm-00a9-0000-d292f784-08-s1-d0,209,-10.0,-10.0,0.0
2025-2025041520gm-00a9-0000-d292f784-08-s1-d0,210,-10.0,-10.0,0.0
2025-2025041520gm-00a9-0000-d292f784-08-s1-d0,211,-4.0,-4.0,0.0
2025-2025041520gm-00a9-0000-d292f784-08-s1-d0,212,4.0,-4.0,-8.0
2025-2025041520gm-00a9-0000-d292f784-08-s1-d0,213,4.0,-4.0,-8.0
2025-2025041520gm-00a9-0000-d292f784-08-s1-d0,214,-4.0,-4.0,0.0
2025-2025041520gm-00a9-0000-d292f784-08-s1-d0,215,4.0,-4.0,-8.0
2025-2025041520gm-00a9-0000-d292f784-08-s1-d0,216,-4.0,-4.0,0.0
2025-2025041520gm-00a9-0000-d292f784-08-s1-d0,217,-4.0,-4.0,0.0
2025-2025041520gm-00a9-0000-d292f784-08-s1-d0,218,-10.0,-4.0,6.0
2025-2025041520gm-00a9-0000-d292f784-08-s1-d0,219,-4.0,4.0,8.0
2025-2025041520gm-00a9-0000-d292f784-08-s1-d0,220,-4.0,-10.0,-6.0
2025-2025041520gm-00a9-0000-d292f784-08-s1-d0,221,-10.0,-10.0,0.0
2025-2025041520gm-00a9-0000-d292f784-08-s1-d0,222,-10.0,-4.0,6.0
2025-2025041520gm-00a9-0000-d292f784-08-s1-d0,223,-4.0,-10.0,-6.0
2025-2025041520gm-00a9-0000-d292f784-08-s1-d0,224,-10.0,-4.0,6.0
2025-2025041520gm-00a9-0000-d292f784-08-s1-d0,225,-4.0,-4.0,0.0
2025-2025041520gm-00a9-0000-d292f784-08-s1-d0,226,-4.0,-10.0,-6.0
2025-2025041520gm-00a9-0000-d292f784-08-s1-d0,227,-4.0,-4.0,0.0
2025-2025041520gm-00a9-0000-d292f784-08-s1-d0,228,-10.0,-10.0,0.0
2025-2025041520gm-00a9-0000-d292f784-08-s1-d0,229,-4.0,4.0,8.0
2025-2025041520gm-00a9-0000-d292f784-08-s1-d0,230,-10.0,-10.0,0.0
2025-2025041520gm-00a9-0000-d292f784-08-s1-d0,231,-4.0,-4.0,0.0
2025-2025041520gm-00a9-0000-d292f784-08-s1-d0,232,-4.0,-10.0,-6.0
2025-2025041520gm-00a9-0000-d292f784-08-s1-d0,233,-4.0,-10.0,-6.0
2025-2025041520gm-00a9-0000-d292f784-08-s1-d0,234,-4.0,-4.0,0.0
2025-2025041520gm-00a9-0000-d292f784-08-s1-d0,235,-4.0,-4.0,0.0
2025-2025041520gm-00a9-0000-d292f784-08-s1-d0,236,-10.0,-10.0,0.0
2025-2025041520gm-00a9-0000-d292f784-08-s1-d0,237,4.0,4.0,0.0
2025-2025041520gm-00a9-0000-d292f784-08-s1-d0,238,-10.0,-4.0,6.0
2025-2025041520gm-00a9-0000-d292f784-08-s1-d0,239,-10.0,-10.0,0.0
2025-2025041520gm-00a9-0000-d292f784-08-s1-d0,240,-4.0,-4.0,0.0
2025-2025041520gm-00a9-0000-d292f784-08-s1-d0,241,-10.0,-4.0,6.0
2025-2025041520gm-00a9-0000-d292f784-08-s1-d0,242,-4.0,-10.0,-6.0
2025-2025041520gm-00a9-0000-d292f784-08-s1-d0,243,-10.0,4.0,14.0
2025-2025041520gm-00a9-0000-d292f784-08-s1-d0,244,-4.0,-4.0,0.0
2025-2025041520gm-00a9-0000-d292f784-08-s1-d0,245,-4.0,-4.0,0.0
2025-2025041520gm-00a9-0000-d292f784-08-s1-d0,246,-10.0,-4.0,6.0
2025-2025041520gm-00a9-0000-d292f784-08-s1-d0,247,-4.0,-10.0,-6.0
2025-2025041520gm-00a9-0000-d292f784-08-s1-d0,248,-4.0,-4.0,0.0
2025-2025041520gm-00a9-0000-d292f784-08-s1-d0,249,-4.0,4.0,8.0
2025-2025041520gm-00a9-0000-d292f784-08-s1-d0,250,-4.0,-10.0,-6.0
2025-2025041520gm-00a9-0000-d292f784-08-s1-d0,251,-10.0,-4.0,6.0
2025-2025041520gm-00a9-0000-d292f784-08-s1-d0,252,-4.0,-10.0,-6.0
2025-2025041520gm-00a9-0000-d292f784-08-s1-d0,253,4.0,-10.0,-14.0
2025-2025041520gm-00a9-0000-d292f784-08-s1-d0,254,-4.0,-10.0,-6.0
2025-2025041520gm-00a9-0000-d292f784-08-s1-d0,255,-4.0,-4.0,0.0
2024-2024092000gm-00a9-0000-e0b6f7b7-05-s2-d5,0,4.0,4.0,0.0
2024-2024092000gm-00a9-0000-e0b6f7b7-05-s2-d5,1,-4.0,-4.0,0.0
2024-2024092000gm-00a9-0000-e0b6f7b7-05-s2-d5,2,-4.0,10.0,14.0
2024-2024092000gm-00a9-0000-e0b6f7b7-05-s2-d5,3,10.0,10.0,0.0
2024-2024092000gm-00a9-0000-e0b6f7b7-05-s2-d5,4,4.0,10.0,6.0
2024-2024092000gm-00a9-0000-e0b6f7b7-05-s2-d5,5,10.0,10.0,0.0
2024-2024092000gm-00a9-0000-e0b6f7b7-05-s2-d5,6,10.0,4.0,-6.0
2024-2024092000gm-00a9-0000-e0b6f7b7-05-s2-d5,7,10.0,4.0,-6.0
2024-2024092000gm-00a9-0000-e0b6f7b7-05-s2-d5,8,-10.0,4.0,14.0
2024-2024092000gm-00a9-0000-e0b6f7b7-05-s2-d5,9,4.0,4.0,0.0
2024-2024092000gm-00a9-0000-e0b6f7b7-05-s2-d5,10,10.0,4.0,-6.0
2024-2024092000gm-00a9-0000-e0b6f7b7-05-s2-d5,11,10.0,10.0,0.0
2024-2024092000gm-00a9-0000-e0b6f7b7-05-s2-d5,12,4.0,10.0,6.0
2024-2024092000gm-00a9-0000-e0b6f7b7-05-s2-d5,13,10.0,10.0,0.0
2024-2024092000gm-00a9-0000-e0b6f7b7-05-s2-d5,14,4.0,4.0,0.0
2024-2024092000gm-00a9-0000-e0b6f7b7-05-s2-d5,15,4.0,4.0,0.0
2024-2024092000gm-00a9-0000-e0b6f7b7-05-s2-d5,16,-4.0,-4.0,0.0
2024-2024092000gm-00a9-0000-e0b6f7b7-05-s2-d5,17,10.0,10.0,0.0
2024-2024092000gm-00a9-0000-e0b6f7b7-05-s2-d5,18,10.0,4.0,-6.0
2024-2024092000gm-00a9-0000-e0b6f7b7-05-s2-d5,19,10.0,10.0,0.0
2024-2024092000gm-00a9-0000-e0b6f7b7-05-s2-d5,20,-4.0,-4.0,0.0
2024-2024092000gm-00a9-0000-e0b6f7b7-05-s2-d5,21,4.0,4.0,0.0
2024-2024092000gm-00a9-0000-e0b6f7b7-05-s2-d5,22,10.0,10.0,0.0
2024-2024092000gm-00a9-0000-e0b6f7b7-05-s2-d5,23,10.0,10.0,0.0
2024-2024092000gm-00a9-0000-e0b6f7b7-05-s2-d5,24,10.0,10.0,0.0
2024-2024092000gm-00a9-0000-e0b6f7b7-05-s2-d5,25,4.0,-4.0,-8.0
2024-2024092000gm-00a9-0000-e0b6f7b7-05-s2-d5,26,10.0,10.0,0.0
2024-2024092000gm-00a9-0000-e0b6f7b7-05-s2-d5,27,4.0,4.0,0.0
2024-2024092000gm-00a9-0000-e0b6f7b7-05-s2-d5,28,4.0,4.0,0.0
2024-2024092000gm-00a9-0000-e0b6f7b7-05-s2-d5,29,10.0,10.0,0.0
2024-2024092000gm-00a9-0000-e0b6f7b7-05-s2-d5,30,10.0,10.0,0.0
2024-2024092000gm-00a9-0000-e0b6f7b7-05-s2-d5,31,4.0,10.0,6.0
2024-2024092000gm-00a9-0000-e0b6f7b7-05-s2-d5,32,10.0,10.0,0.0
2024-2024092000gm-00a9-0000-e0b6f7b7-05-s2-d5,33,10.0,10.0,0.0
2024-2024092000gm-00a9-0000-e0b6f7b7-05-s2-d5,34,4.0,4.0,0.0
2024-2024092000gm-00a9-0000-e0b6f7b7-05-s2-d5,35,4.0,4.0,0.0
2024-2024092000gm-00a9-0000-e0b6f7b7-05-s2-d5,36,4.0,10.0,6.0
2024-2024092000gm-00a9-0000-e0b6f7b7-05-s2-d5,37,4.0,4.0,0.0
2024-2024092000gm-00a9-0000-e0b6f7b7-05-s2-d5,38,10.0,10.0,0.0
2024-2024092000gm-00a9-0000-e0b6f7b7-05-s2-d5,39,4.0,4.0,0.0
2024-2024092000gm-00a9-0000-e0b6f7b7-05-s2-d5,40,10.0,10.0,0.0
2024-2024092000gm-00a9-0000-e0b6f7b7-05-s2-d5,41,10.0,4.0,-6.0
2024-2024092000gm-00a9-0000-e0b6f7b7-05-s2-d5,42,-4.0,4.0,8.0
2024-2024092000gm-00a9-0000-e0b6f7b7-05-s2-d5,43,10.0,10.0,0.0
2024-2024092000gm-00a9-0000-e0b6f7b7-05-s2-d5,44,10.0,4.0,-6.0
2024-2024092000gm-00a9-0000-e0b6f7b7-05-s2-d5,45,4.0,4.0,0.0
2024-2024092000gm-00a9-0000-e0b6f7b7-05-s2-d5,46,4.0,-4.0,-8.0
2024-2024092000gm-00a9-0000-e0b6f7b7-05-s2-d5,47,10.0,10.0,0.0
2024-2024092000gm-00a9-0000-e0b6f7b7-05-s2-d5,48,4.0,4.0,0.0
2024-2024092000gm-00a9-0000-e0b6f7b7-05-s2-d5,49,-4.0,10.0,14.0
2024-2024092000gm-00a9-0000-e0b6f7b7-05-s2-d5,50,10.0,-4.0,-14.0
2024-2024092000gm-00a9-0000-e0b6f7b7-05-s2-d5,51,-4.0,-4.0,0.0
2024-2024092000gm-00a9-0000-e0b6f7b7-05-s2-d5,52,10.0,10.0,0.0
2024-2024092000gm-00a9-0000-e0b6f7b7-05-s2-d5,53,4.0,4.0,0.0
2024-2024092000gm-00a9-0000-e0b6f7b7-05-s2-d5,54,10.0,10.0,0.0
2024-2024092000gm-00a9-0000-e0b6f7b7-05-s2-d5,55,-10.0,-10.0,0.0
2024-2024092000gm-00a9-0000-e0b6f7b7-05-s2-d5,56,4.0,-10.0,-14.0
2024-2024092000gm-00a9-0000-e0b6f7b7-05-s2-d5,57,10.0,10.0,0.0
2024-2024092000gm-00a9-0000-e0b6f7b7-05-s2-d5,58,4.0,10.0,6.0
2024-2024092000gm-00a9-0000-e0b6f7b7-05-s2-d5,59,10.0,-4.0,-14.0
2024-2024092000gm-00a9-0000-e0b6f7b7-05-s2-d5,60,4.0,4.0,0.0
2024-2024092000gm-00a9-0000-e0b6f7b7-05-s2-d5,61,-4.0,-4.0,0.0
2024-2024092000gm-00a9-0000-e0b6f7b7-05-s2-d5,62,10.0,-10.0,-20.0
2024-2024092000gm-00a9-0000-e0b6f7b7-05-s2-d5,63,4.0,-4.0,-8.0
2024-2024092000gm-00a9-0000-e0b6f7b7-05-s2-d5,64,10.0,10.0,0.0
2024-2024092000gm-00a9-0000-e0b6f7b7-05-s2-d5,65,4.0,4.0,0.0
2024-2024092000gm-00a9-0000-e0b6f7b7-05-s2-d5,66,4.0,10.0,6.0
2024-2024092000gm-00a9-0000-e0b6f7b7-05-s2-d5,67,4.0,4.0,0.0
2024-2024092000gm-00a9-0000-e0b6f7b7-05-s2-d5,68,10.0,10.0,0.0
2024-2024092000gm-00a9-0000-e0b6f7b7-05-s2-d5,69,4.0,4.0,0.0
2024-2024092000gm-00a9-0000-e0b6f7b7-05-s2-d5,70,4.0,10.0,6.0
2024-2024092000gm-00a9-0000-e0b6f7b7-05-s2-d5,71,10.0,4.0,-6.0
2024-2024092000gm-00a9-0000-e0b6f7b7-05-s2-d5,72,10.0,10.0,0.0
2024-2024092000gm-00a9-0000-e0b6f7b7-05-s2-d5,73,4.0,-4.0,-8.0
2024-2024092000gm-00a9-0000-e0b6f7b7-05-s2-d5,74,10.0,-4.0,-14.0
2024-2024092000gm-00a9-0000-e0b6f7b7-05-s2-d5,75,10.0,10.0,0.0
2024-2024092000gm-00a9-0000-e0b6f7b7-05-s2-d5,76,10.0,4.0,-6.0
2024-2024092000gm-00a9-0000-e0b6f7b7-05-s2-d5,77,4.0,4.0,0.0
2024-2024092000gm-00a9-0000-e0b6f7b7-05-s2-d5,78,10.0,10.0,0.0
2024-2024092000gm-00a9-0000-e0b6f7b7-05-s2-d5,79,10.0,10.0,0.0
2024-2024092000gm-00a9-0000-e0b6f7b7-05-s2-d5,80,4.0,4.0,0.0
2024-2024092000gm-00a9-0000-e0b6f7b7-05-s2-d5,81,4.0,-4.0,-8.0
2024-2024092000gm-00a9-0000-e0b6f7b7-05-s2-d5,82,10.0,4.0,-6.0
2024-2024092000gm-00a9-0000-e0b6f7b7-05-s2-d5,83,-4.0,10.0,14.0
2024-2024092000gm-00a9-0000-e0b6f7b7-05-s2-d5,84,-10.0,10.0,20.0
2024-2024092000gm-00a9-0000-e0b6f7b7-05-s2-d5,85,4.0,-10.0,-14.0
2024-2024092000gm-00a9-0000-e0b6f7b7-05-s2-d5,86,10.0,4.0,-6.0
2024-2024092000gm-00a9-0000-e0b6f7b7-05-s2-d5,87,4.0,-4.0,-8.0
2024-2024092000gm-00a9-0000-e0b6f7b7-05-s2-d5,88,4.0,4.0,0.0
2024-2024092000gm-00a9-0000-e0b6f7b7-05-s2-d5,89,10.0,10.0,0.0
2024-2024092000gm-00a9-0000-e0b6f7b7-05-s2-d5,90,4.0,4.0,0.0
2024-2024092000gm-00a9-0000-e0b6f7b7-05-s2-d5,91,10.0,10.0,0.0
2024-2024092000gm-00a9-0000-e0b6f7b7-05-s2-d5,92,10.0,10.0,0.0
2024-2024092000gm-00a9-0000-e0b6f7b7-05-s2-d5,93,10.0,4.0,-6.0
2024-2024092000gm-00a9-0000-e0b6f7b7-05-s2-d5,94,-10.0,4.0,14.0
2024-2024092000gm-00a9-0000-e0b6f7b7-05-s2-d5,95,-4.0,-4.0,0.0
2024-2024092000gm-00a9-0000-e0b6f7b7-05-s2-d5,96,10.0,10.0,0.0
2024-2024092000gm-00a9-0000-e0b6f7b7-05-s2-d5,97,-10.0,10.0,20.0
2024-2024092000gm-00a9-0000-e0b6f7b7-05-s2-d5,98,10.0,10.0,0.0
2024-2024092000gm-00a9-0000-e0b6f7b7-05-s2-d5,99,10.0,10.0,0.0
2024-2024092000gm-00a9-0000-e0b6f7b7-05-s2-d5,100,10.0,4.0,-6.0
2024-2024092000gm-00a9-0000-e0b6f7b7-05-s2-d5,101,-4.0,10.0,14.0
2024-2024092000gm-00a9-0000-e0b6f7b7-05-s2-d5,102,4.0,4.0,0.0
2024-2024092000gm-00a9-0000-e0b6f7b7-05-s2-d5,103,4.0,4.0,0.0
2024-2024092000gm-00a9-0000-e0b6f7b7-05-s2-d5,104,-4.0,10.0,14.0
2024-2024092000gm-00a9-0000-e0b6f7b7-05-s2-d5,105,-4.0,-4.0,0.0
2024-2024092000gm-00a9-0000-e0b6f7b7-05-s2-d5,106,4.0,-4.0,-8.0
2024-2024092000gm-00a9-0000-e0b6f7b7-05-s2-d5,107,4.0,4.0,0.0
2024-2024092000gm-00a9-0000-e0b6f7b7-05-s2-d5,108,10.0,10.0,0.0
2024-2024092000gm-00a9-0000-e0b6f7b7-05-s2-d5,109,-4.0,-4.0,0.0
2024-2024092000gm-00a9-0000-e0b6f7b7-05-s2-d5,110,4.0,4.0,0.0
2024-2024092000gm-00a9-0000-e0b6f7b7-05-s2-d5,111,4.0,-4.0,-8.0
2024-2024092000gm-00a9-0000-e0b6f7b7-05-s2-d5,112,10.0,10.0,0.0
2024-2024092000gm-00a9-0000-e0b6f7b7-05-s2-d5,113,-4.0,10.0,14.0
2024-2024092000gm-00a9-0000-e0b6f7b7-05-s2-d5,114,10.0,4.0,-6.0
2024-2024092000gm-00a9-0000-e0b6f7b7-05-s2-d5,115,4.0,4.0,0.0
2024-2024092000gm-00a9-0000-e0b6f7b7-05-s2-d5,116,10.0,4.0,-6.0
2024-2024092000gm-00a9-0000-e0b6f7b7-05-s2-d5,117,10.0,10.0,0.0
2024-2024092000gm-00a9-0000-e0b6f7b7-05-s2-d5,118,-4.0,-4.0,0.0
2024-2024092000gm-00a9-0000-e0b6f7b7-05-s2-d5,119,-4.0,-4.0,0.0
2024-2024092000gm-00a9-0000-e0b6f7b7-05-s2-d5,120,4.0,10.0,6.0
2024-2024092000gm-00a9-0000-e0b6f7b7-05-s2-d5,121,10.0,10.0,0.0
2024-2024092000gm-00a9-0000-e0b6f7b7-05-s2-d5,122,10.0,10.0,0.0
2024-2024092000gm-00a9-0000-e0b6f7b7-05-s2-d5,123,10.0,4.0,-6.0
2024-2024092000gm-00a9-0000-e0b6f7b7-05-s2-d5,124,10.0,4.0,-6.0
2024-2024092000gm-00a9-0000-e0b6f7b7-05-s2-d5,125,10.0,10.0,0.0
2024-2024092000gm-00a9-0000-e0b6f7b7-05-s2-d5,126,-4.0,10.0,14.0
2024-2024092000gm-00a9-0000-e0b6f7b7-05-s2-d5,127,4.0,10.0,6.0
2024-2024092000gm-00a9-0000-e0b6f7b7-05-s2-d5,128,4.0,4.0,0.0
2024-2024092000gm-00a9-0000-e0b6f7b7-05-s2-d5,129,10.0,-4.0,-14.0
2024-2024092000gm-00a9-0000-e0b6f7b7-05-s2-d5,130,10.0,-4.0,-14.0
2024-2024092000gm-00a9-0000-e0b6f7b7-05-s2-d5,131,10.0,10.0,0.0
2024-2024092000gm-00a9-0000-e0b6f7b7-05-s2-d5,132,4.0,10.0,6.0
2024-2024092000gm-00a9-0000-e0b6f7b7-05-s2-d5,133,10.0,10.0,0.0
2024-2024092000gm-00a9-0000-e0b6f7b7-05-s2-d5,134,10.0,10.0,0.0
2024-2024092000gm-00a9-0000-e0b6f7b7-05-s2-d5,135,-4.0,4.0,8.0
2024-2024092000gm-00a9-0000-e0b6f7b7-05-s2-d5,136,-4.0,10.0,14.0
2024-2024092000gm-00a9-0000-e0b6f7b7-05-s2-d5,137,-4.0,10.0,14.0
2024-2024092000gm-00a9-0000-e0b6f7b7-05-s2-d5,138,-4.0,10.0,14.0
2024-2024092000gm-00a9-0000-e0b6f7b7-05-s2-d5,139,4.0,4.0,0.0
2024-2024092000gm-00a9-0000-e0b6f7b7-05-s2-d5,140,4.0,4.0,0.0
2024-2024092000gm-00a9-0000-e0b6f7b7-05-s2-d5,141,10.0,-4.0,-14.0
2024-2024092000gm-00a9-0000-e0b6f7b7-05-s2-d5,142,4.0,4.0,0.0
2024-2024092000gm-00a9-0000-e0b6f7b7-05-s2-d5,143,4.0,10.0,6.0
2024-2024092000gm-00a9-0000-e0b6f7b7-05-s2-d5,144,4.0,4.0,0.0
2024-2024092000gm-00a9-0000-e0b6f7b7-05-s2-d5,145,-4.0,-4.0,0.0
2024-2024092000gm-00a9-0000-e0b6f7b7-05-s2-d5,146,4.0,4.0,0.0
2024-2024092000gm-00a9-0000-e0b6f7b7-05-s2-d5,147,-4.0,-10.0,-6.0
2024-2024092000gm-00a9-0000-e0b6f7b7-05-s2-d5,148,4.0,4.0,0.0
2024-2024092000gm-00a9-0000-e0b6f7b7-05-s2-d5,149,4.0,-4.0,-8.0
2024-2024092000gm-00a9-0000-e0b6f7b7-05-s2-d5,150,10.0,10.0,0.0
2024-2024092000gm-00a9-0000-e0b6f7b7-05-s2-d5,151,10.0,4.0,-6.0
2024-2024092000gm-00a9-0000-e0b6f7b7-05-s2-d5,152,4.0,4.0,0.0
2024-2024092000gm-00a9-0000-e0b6f7b7-05-s2-d5,153,4.0,4.0,0.0
2024-2024092000gm-00a9-0000-e0b6f7b7-05-s2-d5,154,10.0,10.0,0.0
2024-2024092000gm-00a9-0000-e0b6f7b7-05-s2-d5,155,4.0,10.0,6.0
2024-2024092000gm-00a9-0000-e0b6f7b7-05-s2-d5,156,10.0,10.0,0.0
2024-2024092000gm-00a9-0000-e0b6f7b7-05-s2-d5,157,10.0,10.0,0.0
2024-2024092000gm-00a9-0000-e0b6f7b7-05-s2-d5,158,10.0,10.0,0.0
2024-2024092000gm-00a9-0000-e0b6f7b7-05-s2-d5,159,10.0,10.0,0.0
2024-2024092000gm-00a9-0000-e0b6f7b7-05-s2-d5,160,-4.0,4.0,8.0
2024-2024092000gm-00a9-0000-e0b6f7b7-05-s2-d5,161,10.0,-4.0,-14.0
2024-2024092000gm-00a9-0000-e0b6f7b7-05-s2-d5,162,-4.0,-4.0,0.0
2024-2024092000gm-00a9-0000-e0b6f7b7-05-s2-d5,163,10.0,10.0,0.0
2024-2024092000gm-00a9-0000-e0b6f7b7-05-s2-d5,164,4.0,4.0,0.0
2024-2024092000gm-00a9-0000-e0b6f7b7-05-s2-d5,165,10.0,10.0,0.0
2024-2024092000gm-00a9-0000-e0b6f7b7-05-s2-d5,166,4.0,10.0,6.0
2024-2024092000gm-00a9-0000-e0b6f7b7-05-s2-d5,167,-4.0,4.0,8.0
2024-2024092000gm-00a9-0000-e0b6f7b7-05-s2-d5,168,10.0,10.0,0.0
2024-2024092000gm-00a9-0000-e0b6f7b7-05-s2-d5,169,4.0,4.0,0.0
2024-2024092000gm-00a9-0000-e0b6f7b7-05-s2-d5,170,-4.0,-4.0,0.0
2024-2024092000gm-00a9-0000-e0b6f7b7-05-s2-d5,171,4.0,4.0,0.0
2024-2024092000gm-00a9-0000-e0b6f7b7-05-s2-d5,172,10.0,-4.0,-14.0
2024-2024092000gm-00a9-0000-e0b6f7b7-05-s2-d5,173,-4.0,-4.0,0.0
2024-2024092000gm-00a9-0000-e0b6f7b7-05-s2-d5,174,4.0,4.0,0.0
2024-2024092000gm-00a9-0000-e0b6f7b7-05-s2-d5,175,10.0,10.0,0.0
2024-2024092000gm-00a9-0000-e0b6f7b7-05-s2-d5,176,10.0,4.0,-6.0
2024-2024092000gm-00a9-0000-e0b6f7b7-05-s2-d5,177,-10.0,-10.0,0.0
2024-2024092000gm-00a9-0000-e0b6f7b7-05-s2-d5,178,4.0,4.0,0.0
2024-2024092000gm-00a9-0000-e0b6f7b7-05-s2-d5,179,10.0,10.0,0.0
2024-2024092000gm-00a9-0000-e0b6f7b7-05-s2-d5,180,4.0,4.0,0.0
2024-2024092000gm-00a9-0000-e0b6f7b7-05-s2-d5,181,10.0,10.0,0.0
2024-2024092000gm-00a9-0000-e0b6f7b7-05-s2-d5,182,4.0,10.0,6.0
2024-2024092000gm-00a9-0000-e0b6f7b7-05-s2-d5,183,4.0,-4.0,-8.0
2024-2024092000gm-00a9-0000-e0b6f7b7-05-s2-d5,184,4.0,10.0,6.0
2024-2024092000gm-00a9-0000-e0b6f7b7-05-s2-d5,185,10.0,-4.0,-14.0
2024-2024092000gm-00a9-0000-e0b6f7b7-05-s2-d5,186,4.0,4.0,0.0
2024-2024092000gm-00a9-0000-e0b6f7b7-05-s2-d5,187,4.0,10.0,6.0
2024-2024092000gm-00a9-0000-e0b6f7b7-05-s2-d5,188,4.0,4.0,0.0
2024-2024092000gm-00a9-0000-e0b6f7b7-05-s2-d5,189,10.0,10.0,0.0
2024-2024092000gm-00a9-0000-e0b6f7b7-05-s2-d5,190,4.0,10.0,6.0
2024-2024092000gm-00a9-0000-e0b6f7b7-05-s2-d5,191,4.0,4.0,0.0
2024-2024092000gm-00a9-0000-e0b6f7b7-05-s2-d5,192,10.0,10.0,0.0
2024-2024092000gm-00a9-0000-e0b6f7b7-05-s2-d5,193,-4.0,-4.0,0.0
2024-2024092000gm-00a9-0000-e0b6f7b7-05-s2-d5,194,4.0,4.0,0.0
2024-2024092000gm-00a9-0000-e0b6f7b7-05-s2-d5,195,4.0,10.0,6.0
2024-2024092000gm-00a9-0000-e0b6f7b7-05-s2-d5,196,4.0,4.0,0.0
2024-2024092000gm-00a9-0000-e0b6f7b7-05-s2-d5,197,10.0,10.0,0.0
2024-2024092000gm-00a9-0000-e0b6f7b7-05-s2-d5,198,10.0,10.0,0.0
2024-2024092000gm-00a9-0000-e0b6f7b7-05-s2-d5,199,-4.0,-4.0,0.0
2024-2024092000gm-00a9-0000-e0b6f7b7-05-s2-d5,200,-4.0,-10.0,-6.0
2024-2024092000gm-00a9-0000-e0b6f7b7-05-s2-d5,201,10.0,10.0,0.0
2024-2024092000gm-00a9-0000-e0b6f7b7-05-s2-d5,202,10.0,10.0,0.0
2024-2024092000gm-00a9-0000-e0b6f7b7-05-s2-d5,203,10.0,10.0,0.0
2024-2024092000gm-00a9-0000-e0b6f7b7-05-s2-d5,204,-4.0,-4.0,0.0
2024-2024092000gm-00a9-0000-e0b6f7b7-05-s2-d5,205,-4.0,-4.0,0.0
2024-2024092000gm-00a9-0000-e0b6f7b7-05-s2-d5,206,10.0,10.0,0.0
2024-2024092000gm-00a9-0000-e0b6f7b7-05-s2-d5,207,4.0,-4.0,-8.0
2024-2024092000gm-00a9-0000-e0b6f7b7-05-s2-d5,208,10.0,10.0,0.0
2024-2024092000gm-00a9-0000-e0b6f7b7-05-s2-d5,209,4.0,10.0,6.0
2024-2024092000gm-00a9-0000-e0b6f7b7-05-s2-d5,210,4.0,4.0,0.0
2024-2024092000gm-00a9-0000-e0b6f7b7-05-s2-d5,211,4.0,-4.0,-8.0
2024-2024092000gm-00a9-0000-e0b6f7b7-05-s2-d5,212,10.0,4.0,-6.0
2024-2024092000gm-00a9-0000-e0b6f7b7-05-s2-d5,213,4.0,4.0,0.0
2024-2024092000gm-00a9-0000-e0b6f7b7-05-s2-d5,214,10.0,10.0,0.0
2024-2024092000gm-00a9-0000-e0b6f7b7-05-s2-d5,215,10.0,10.0,0.0
2024-2024092000gm-00a9-0000-e0b6f7b7-05-s2-d5,216,4.0,10.0,6.0
2024-2024092000gm-00a9-0000-e0b6f7b7-05-s2-d5,217,4.0,4.0,0.0
2024-2024092000gm-00a9-0000-e0b6f7b7-05-s2-d5,218,4.0,4.0,0.0
2024-2024092000gm-00a9-0000-e0b6f7b7-05-s2-d5,219,-10.0,-10.0,0.0
2024-2024092000gm-00a9-0000-e0b6f7b7-05-s2-d5,220,4.0,-4.0,-8.0
2024-2024092000gm-00a9-0000-e0b6f7b7-05-s2-d5,221,-10.0,-4.0,6.0
2024-2024092000gm-00a9-0000-e0b6f7b7-05-s2-d5,222,4.0,10.0,6.0
2024-2024092000gm-00a9-0000-e0b6f7b7-05-s2-d5,223,4.0,4.0,0.0
2024-2024092000gm-00a9-0000-e0b6f7b7-05-s2-d5,224,4.0,4.0,0.0
2024-2024092000gm-00a9-0000-e0b6f7b7-05-s2-d5,225,-4.0,-10.0,-6.0
2024-2024092000gm-00a9-0000-e0b6f7b7-05-s2-d5,226,4.0,-10.0,-14.0
2024-2024092000gm-00a9-0000-e0b6f7b7-05-s2-d5,227,-4.0,10.0,14.0
2024-2024092000gm-00a9-0000-e0b6f7b7-05-s2-d5,228,4.0,-4.0,-8.0
2024-2024092000gm-00a9-0000-e0b6f7b7-05-s2-d5,229,-4.0,-4.0,0.0
2024-2024092000gm-00a9-0000-e0b6f7b7-05-s2-d5,230,10.0,10.0,0.0
2024-2024092000gm-00a9-0000-e0b6f7b7-05-s2-d5,231,4.0,-4.0,-8.0
2024-2024092000gm-00a9-0000-e0b6f7b7-05-s2-d5,232,-10.0,-10.0,0.0
2024-2024092000gm-00a9-0000-e0b6f7b7-05-s2-d5,233,4.0,4.0,0.0
2024-2024092000gm-00a9-0000-e0b6f7b7-05-s2-d5,234,10.0,10.0,0.0
2024-2024092000gm-00a9-0000-e0b6f7b7-05-s2-d5,235,10.0,10.0,0.0
2024-2024092000gm-00a9-0000-e0b6f7b7-05-s2-d5,236,-4.0,-4.0,0.0
2024-2024092000gm-00a9-0000-e0b6f7b7-05-s2-d5,237,4.0,-4.0,-8.0
2024-2024092000gm-00a9-0000-e0b6f7b7-05-s2-d5,238,10.0,10.0,0.0
2024-2024092000gm-00a9-0000-e0b6f7b7-05-s2-d5,239,-4.0,4.0,8.0
2024-2024092000gm-00a9-0000-e0b6f7b7-05-s2-d5,240,10.0,10.0,0.0
2024-2024092000gm-00a9-0000-e0b6f7b7-05-s2-d5,241,10.0,10.0,0.0
2024-2024092000gm-00a9-0000-e0b6f7b7-05-s2-d5,242,10.0,10.0,0.0
2024-2024092000gm-00a9-0000-e0b6f7b7-05-s2-d5,243,4.0,4.0,0.0
2024-2024092000gm-00a9-0000-e0b6f7b7-05-s2-d5,244,10.0,-4.0,-14.0
2024-2024092000gm-00a9-0000-e0b6f7b7-05-s2-d5,245,4.0,4.0,0.0
2024-2024092000gm-00a9-0000-e0b6f7b7-05-s2-d5,246,10.0,10.0,0.0
2024-2024092000gm-00a9-0000-e0b6f7b7-05-s2-d5,247,4.0,-4.0,-8.0
2024-2024092000gm-00a9-0000-e0b6f7b7-05-s2-d5,248,10.0,4.0,-6.0
2024-2024092000gm-00a9-0000-e0b6f7b7-05-s2-d5,249,10.0,-4.0,-14.0
2024-2024092000gm-00a9-0000-e0b6f7b7-05-s2-d5,250,10.0,10.0,0.0
2024-2024092000gm-00a9-0000-e0b6f7b7-05-s2-d5,251,10.0,4.0,-6.0
2024-2024092000gm-00a9-0000-e0b6f7b7-05-s2-d5,252,4.0,-10.0,-14.0
2024-2024092000gm-00a9-0000-e0b6f7b7-05-s2-d5,253,4.0,4.0,0.0
2024-2024092000gm-00a9-0000-e0b6f7b7-05-s2-d5,254,-4.0,-4.0,0.0
2024-2024092000gm-00a9-0000-e0b6f7b7-05-s2-d5,255,10.0,4.0,-6.0
2024-2024092213gm-00a9-0000-5f7264d2-07-s0-d11,0,4.0,10.0,6.0
2024-2024092213gm-00a9-0000-5f7264d2-07-s0-d11,1,4.0,4.0,0.0
2024-2024092213gm-00a9-0000-5f7264d2-07-s0-d11,2,4.0,4.0,0.0
2024-2024092213gm-00a9-0000-5f7264d2-07-s0-d11,3,4.0,-10.0,-14.0
2024-2024092213gm-00a9-0000-5f7264d2-07-s0-d11,4,4.0,10.0,6.0
2024-2024092213gm-00a9-0000-5f7264d2-07-s0-d11,5,4.0,4.0,0.0
2024-2024092213gm-00a9-0000-5f7264d2-07-s0-d11,6,10.0,10.0,0.0
2024-2024092213gm-00a9-0000-5f7264d2-07-s0-d11,7,4.0,4.0,0.0
2024-2024092213gm-00a9-0000-5f7264d2-07-s0-d11,8,4.0,10.0,6.0
2024-2024092213gm-00a9-0000-5f7264d2-07-s0-d11,9,4.0,4.0,0.0
2024-2024092213gm-00a9-0000-5f7264d2-07-s0-d11,10,4.0,4.0,0.0
2024-2024092213gm-00a9-0000-5f7264d2-07-s0-d11,11,4.0,4.0,0.0
2024-2024092213gm-00a9-0000-5f7264d2-07-s0-d11,12,4.0,4.0,0.0
2024-2024092213gm-00a9-0000-5f7264d2-07-s0-d11,13,4.0,10.0,6.0
2024-2024092213gm-00a9-0000-5f7264d2-07-s0-d11,14,4.0,4.0,0.0
2024-2024092213gm-00a9-0000-5f7264d2-07-s0-d11,15,4.0,4.0,0.0
2024-2024092213gm-00a9-0000-5f7264d2-07-s0-d11,16,4.0,4.0,0.0
2024-2024092213gm-00a9-0000-5f7264d2-07-s0-d11,17,4.0,-4.0,-8.0
2024-2024092213gm-00a9-0000-5f7264d2-07-s0-d11,18,-4.0,-4.0,0.0
2024-2024092213gm-00a9-0000-5f7264d2-07-s0-d11,19,4.0,10.0,6.0
2024-2024092213gm-00a9-0000-5f7264d2-07-s0-d11,20,4.0,4.0,0.0
2024-2024092213gm-00a9-0000-5f7264d2-07-s0-d11,21,4.0,4.0,0.0
2024-2024092213gm-00a9-0000-5f7264d2-07-s0-d11,22,4.0,4.0,0.0
2024-2024092213gm-00a9-0000-5f7264d2-07-s0-d11,23,4.0,4.0,0.0
2024-2024092213gm-00a9-0000-5f7264d2-07-s0-d11,24,4.0,4.0,0.0
2024-2024092213gm-00a9-0000-5f7264d2-07-s0-d11,25,4.0,10.0,6.0
2024-2024092213gm-00a9-0000-5f7264d2-07-s0-d11,26,4.0,-4.0,-8.0
2024-2024092213gm-00a9-0000-5f7264d2-07-s0-d11,27,4.0,4.0,0.0
2024-2024092213gm-00a9-0000-5f7264d2-07-s0-d11,28,4.0,4.0,0.0
2024-2024092213gm-00a9-0000-5f7264d2-07-s0-d11,29,-4.0,4.0,8.0
2024-2024092213gm-00a9-0000-5f7264d2-07-s0-d11,30,4.0,10.0,6.0
2024-2024092213gm-00a9-0000-5f7264d2-07-s0-d11,31,4.0,4.0,0.0
2024-2024092213gm-00a9-0000-5f7264d2-07-s0-d11,32,4.0,4.0,0.0
2024-2024092213gm-00a9-0000-5f7264d2-07-s0-d11,33,4.0,4.0,0.0
2024-2024092213gm-00a9-0000-5f7264d2-07-s0-d11,34,4.0,4.0,0.0
2024-2024092213gm-00a9-0000-5f7264d2-07-s0-d11,35,4.0,4.0,0.0
2024-2024092213gm-00a9-0000-5f7264d2-07-s0-d11,36,4.0,4.0,0.0
2024-2024092213gm-00a9-0000-5f7264d2-07-s0-d11,37,4.0,-4.0,-8.0
2024-2024092213gm-00a9-0000-5f7264d2-07-s0-d11,38,4.0,4.0,0.0
2024-2024092213gm-00a9-0000-5f7264d2-07-s0-d11,39,4.0,10.0,6.0
2024-2024092213gm-00a9-0000-5f7264d2-07-s0-d11,40,4.0,4.0,0.0
2024-2024092213gm-00a9-0000-5f7264d2-07-s0-d11,41,4.0,4.0,0.0
2024-2024092213gm-00a9-0000-5f7264d2-07-s0-d11,42,-4.0,-4.0,0.0
2024-2024092213gm-00a9-0000-5f7264d2-07-s0-d11,43,4.0,10.0,6.0
2024-2024092213gm-00a9-0000-5f7264d2-07-s0-d11,44,4.0,4.0,0.0
2024-2024092213gm-00a9-0000-5f7264d2-07-s0-d11,45,4.0,4.0,0.0
2024-2024092213gm-00a9-0000-5f7264d2-07-s0-d11,46,4.0,-10.0,-14.0
2024-2024092213gm-00a9-0000-5f7264d2-07-s0-d11,47,4.0,-4.0,-8.0
2024-2024092213gm-00a9-0000-5f7264d2-07-s0-d11,48,4.0,4.0,0.0
2024-2024092213gm-00a9-0000-5f7264d2-07-s0-d11,49,4.0,4.0,0.0
2024-2024092213gm-00a9-0000-5f7264d2-07-s0-d11,50,4.0,10.0,6.0
2024-2024092213gm-00a9-0000-5f7264d2-07-s0-d11,51,4.0,4.0,0.0
2024-2024092213gm-00a9-0000-5f7264d2-07-s0-d11,52,4.0,4.0,0.0
2024-2024092213gm-00a9-0000-5f7264d2-07-s0-d11,53,4.0,4.0,0.0
2024-2024092213gm-00a9-0000-5f7264d2-07-s0-d11,54,4.0,10.0,6.0
2024-2024092213gm-00a9-0000-5f7264d2-07-s0-d11,55,4.0,4.0,0.0
2024-2024092213gm-00a9-0000-5f7264d2-07-s0-d11,56,4.0,4.0,0.0
2024-2024092213gm-00a9-0000-5f7264d2-07-s0-d11,57,4.0,4.0,0.0
2024-2024092213gm-00a9-0000-5f7264d2-07-s0-d11,58,-4.0,4.0,8.0
2024-2024092213gm-00a9-0000-5f7264d2-07-s0-d11,59,4.0,4.0,0.0
2024-2024092213gm-00a9-0000-5f7264d2-07-s0-d11,60,4.0,4.0,0.0
2024-2024092213gm-00a9-0000-5f7264d2-07-s0-d11,61,4.0,4.0,0.0
2024-2024092213gm-00a9-0000-5f7264d2-07-s0-d11,62,4.0,4.0,0.0
2024-2024092213gm-00a9-0000-5f7264d2-07-s0-d11,63,4.0,4.0,0.0
2024-2024092213gm-00a9-0000-5f7264d2-07-s0-d11,64,4.0,4.0,0.0
2024-2024092213gm-00a9-0000-5f7264d2-07-s0-d11,65,4.0,4.0,0.0
2024-2024092213gm-00a9-0000-5f7264d2-07-s0-d11,66,4.0,4.0,0.0
2024-2024092213gm-00a9-0000-5f7264d2-07-s0-d11,67,4.0,10.0,6.0
2024-2024092213gm-00a9-0000-5f7264d2-07-s0-d11,68,4.0,10.0,6.0
2024-2024092213gm-00a9-0000-5f7264d2-07-s0-d11,69,4.0,4.0,0.0
2024-2024092213gm-00a9-0000-5f7264d2-07-s0-d11,70,4.0,10.0,6.0
2024-2024092213gm-00a9-0000-5f7264d2-07-s0-d11,71,4.0,4.0,0.0
2024-2024092213gm-00a9-0000-5f7264d2-07-s0-d11,72,4.0,4.0,0.0
2024-2024092213gm-00a9-0000-5f7264d2-07-s0-d11,73,4.0,-4.0,-8.0
2024-2024092213gm-00a9-0000-5f7264d2-07-s0-d11,74,4.0,4.0,0.0
2024-2024092213gm-00a9-0000-5f7264d2-07-s0-d11,75,-4.0,4.0,8.0
2024-2024092213gm-00a9-0000-5f7264d2-07-s0-d11,76,4.0,4.0,0.0
2024-2024092213gm-00a9-0000-5f7264d2-07-s0-d11,77,4.0,4.0,0.0
2024-2024092213gm-00a9-0000-5f7264d2-07-s0-d11,78,4.0,4.0,0.0
2024-2024092213gm-00a9-0000-5f7264d2-07-s0-d11,79,4.0,4.0,0.0
2024-2024092213gm-00a9-0000-5f7264d2-07-s0-d11,80,4.0,4.0,0.0
2024-2024092213gm-00a9-0000-5f7264d2-07-s0-d11,81,4.0,4.0,0.0
2024-2024092213gm-00a9-0000-5f7264d2-07-s0-d11,82,4.0,4.0,0.0
2024-2024092213gm-00a9-0000-5f7264d2-07-s0-d11,83,4.0,10.0,6.0
2024-2024092213gm-00a9-0000-5f7264d2-07-s0-d11,84,4.0,4.0,0.0
2024-2024092213gm-00a9-0000-5f7264d2-07-s0-d11,85,4.0,4.0,0.0
2024-2024092213gm-00a9-0000-5f7264d2-07-s0-d11,86,4.0,4.0,0.0
2024-2024092213gm-00a9-0000-5f7264d2-07-s0-d11,87,4.0,4.0,0.0
2024-2024092213gm-00a9-0000-5f7264d2-07-s0-d11,88,4.0,10.0,6.0
2024-2024092213gm-00a9-0000-5f7264d2-07-s0-d11,89,4.0,4.0,0.0
2024-2024092213gm-00a9-0000-5f7264d2-07-s0-d11,90,10.0,10.0,0.0
2024-2024092213gm-00a9-0000-5f7264d2-07-s0-d11,91,10.0,10.0,0.0
2024-2024092213gm-00a9-0000-5f7264d2-07-s0-d11,92,4.0,4.0,0.0
2024-2024092213gm-00a9-0000-5f7264d2-07-s0-d11,93,4.0,-4.0,-8.0
2024-2024092213gm-00a9-0000-5f7264d2-07-s0-d11,94,4.0,10.0,6.0
2024-2024092213gm-00a9-0000-5f7264d2-07-s0-d11,95,4.0,10.0,6.0
2024-2024092213gm-00a9-0000-5f7264d2-07-s0-d11,96,4.0,4.0,0.0
2024-2024092213gm-00a9-0000-5f7264d2-07-s0-d11,97,4.0,4.0,0.0
2024-2024092213gm-00a9-0000-5f7264d2-07-s0-d11,98,4.0,4.0,0.0
2024-2024092213gm-00a9-0000-5f7264d2-07-s0-d11,99,4.0,4.0,0.0
2024-2024092213gm-00a9-0000-5f7264d2-07-s0-d11,100,4.0,4.0,0.0
2024-2024092213gm-00a9-0000-5f7264d2-07-s0-d11,101,4.0,4.0,0.0
2024-2024092213gm-00a9-0000-5f7264d2-07-s0-d11,102,4.0,4.0,0.0
2024-2024092213gm-00a9-0000-5f7264d2-07-s0-d11,103,4.0,4.0,0.0
2024-2024092213gm-00a9-0000-5f7264d2-07-s0-d11,104,4.0,4.0,0.0
2024-2024092213gm-00a9-0000-5f7264d2-07-s0-d11,105,4.0,4.0,0.0
2024-2024092213gm-00a9-0000-5f7264d2-07-s0-d11,106,4.0,10.0,6.0
2024-2024092213gm-00a9-0000-5f7264d2-07-s0-d11,107,4.0,4.0,0.0
2024-2024092213gm-00a9-0000-5f7264d2-07-s0-d11,108,4.0,4.0,0.0
2024-2024092213gm-00a9-0000-5f7264d2-07-s0-d11,109,4.0,4.0,0.0
2024-2024092213gm-00a9-0000-5f7264d2-07-s0-d11,110,4.0,4.0,0.0
2024-2024092213gm-00a9-0000-5f7264d2-07-s0-d11,111,4.0,4.0,0.0
2024-2024092213gm-00a9-0000-5f7264d2-07-s0-d11,112,4.0,4.0,0.0
2024-2024092213gm-00a9-0000-5f7264d2-07-s0-d11,113,4.0,10.0,6.0
2024-2024092213gm-00a9-0000-5f7264d2-07-s0-d11,114,4.0,4.0,0.0
2024-2024092213gm-00a9-0000-5f7264d2-07-s0-d11,115,4.0,-4.0,-8.0
2024-2024092213gm-00a9-0000-5f7264d2-07-s0-d11,116,4.0,-4.0,-8.0
2024-2024092213gm-00a9-0000-5f7264d2-07-s0-d11,117,4.0,4.0,0.0
2024-2024092213gm-00a9-0000-5f7264d2-07-s0-d11,118,-4.0,-4.0,0.0
2024-2024092213gm-00a9-0000-5f7264d2-07-s0-d11,119,10.0,10.0,0.0
2024-2024092213gm-00a9-0000-5f7264d2-07-s0-d11,120,4.0,4.0,0.0
2024-2024092213gm-00a9-0000-5f7264d2-07-s0-d11,121,4.0,10.0,6.0
2024-2024092213gm-00a9-0000-5f7264d2-07-s0-d11,122,4.0,4.0,0.0
2024-2024092213gm-00a9-0000-5f7264d2-07-s0-d11,123,4.0,4.0,0.0
2024-2024092213gm-00a9-0000-5f7264d2-07-s0-d11,124,4.0,4.0,0.0
2024-2024092213gm-00a9-0000-5f7264d2-07-s0-d11,125,4.0,4.0,0.0
2024-2024092213gm-00a9-0000-5f7264d2-07-s0-d11,126,4.0,4.0,0.0
2024-2024092213gm-00a9-0000-5f7264d2-07-s0-d11,127,10.0,4.0,-6.0
2024-2024092213gm-00a9-0000-5f7264d2-07-s0-d11,128,4.0,4.0,0.0
2024-2024092213gm-00a9-0000-5f7264d2-07-s0-d11,129,4.0,4.0,0.0
2024-2024092213gm-00a9-0000-5f7264d2-07-s0-d11,130,4.0,4.0,0.0
2024-2024092213gm-00a9-0000-5f7264d2-07-s0-d11,131,4.0,10.0,6.0
2024-2024092213gm-00a9-0000-5f7264d2-07-s0-d11,132,4.0,-4.0,-8.0
2024-2024092213gm-00a9-0000-5f7264d2-07-s0-d11,133,4.0,4.0,0.0
2024-2024092213gm-00a9-0000-5f7264d2-07-s0-d11,134,4.0,4.0,0.0
2024-2024092213gm-00a9-0000-5f7264d2-07-s0-d11,135,4.0,4.0,0.0
2024-2024092213gm-00a9-0000-5f7264d2-07-s0-d11,136,4.0,4.0,0.0
2024-2024092213gm-00a9-0000-5f7264d2-07-s0-d11,137,4.0,4.0,0.0
2024-2024092213gm-00a9-0000-5f7264d2-07-s0-d11,138,4.0,4.0,0.0
2024-2024092213gm-00a9-0000-5f7264d2-07-s0-d11,139,4.0,4.0,0.0
2024-2024092213gm-00a9-0000-5f7264d2-07-s0-d11,140,4.0,4.0,0.0
2024-2024092213gm-00a9-0000-5f7264d2-07-s0-d11,141,4.0,4.0,0.0
2024-2024092213gm-00a9-0000-5f7264d2-07-s0-d11,142,-4.0,-4.0,0.0
2024-2024092213gm-00a9-0000-5f7264d2-07-s0-d11,143,4.0,10.0,6.0
2024-2024092213gm-00a9-0000-5f7264d2-07-s0-d11,144,4.0,4.0,0.0
2024-2024092213gm-00a9-0000-5f7264d2-07-s0-d11,145,4.0,4.0,0.0
2024-2024092213gm-00a9-0000-5f7264d2-07-s0-d11,146,4.0,4.0,0.0
2024-2024092213gm-00a9-0000-5f7264d2-07-s0-d11,147,4.0,4.0,0.0
2024-2024092213gm-00a9-0000-5f7264d2-07-s0-d11,148,4.0,4.0,0.0
2024-2024092213gm-00a9-0000-5f7264d2-07-s0-d11,149,4.0,4.0,0.0
2024-2024092213gm-00a9-0000-5f7264d2-07-s0-d11,150,4.0,4.0,0.0
2024-2024092213gm-00a9-0000-5f7264d2-07-s0-d11,151,4.0,4.0,0.0
2024-2024092213gm-00a9-0000-5f7264d2-07-s0-d11,152,4.0,4.0,0.0
2024-2024092213gm-00a9-0000-5f7264d2-07-s0-d11,153,4.0,4.0,0.0
2024-2024092213gm-00a9-0000-5f7264d2-07-s0-d11,154,4.0,4.0,0.0
2024-2024092213gm-00a9-0000-5f7264d2-07-s0-d11,155,4.0,4.0,0.0
2024-2024092213gm-00a9-0000-5f7264d2-07-s0-d11,156,4.0,4.0,0.0
2024-2024092213gm-00a9-0000-5f7264d2-07-s0-d11,157,4.0,4.0,0.0
2024-2024092213gm-00a9-0000-5f7264d2-07-s0-d11,158,4.0,10.0,6.0
2024-2024092213gm-00a9-0000-5f7264d2-07-s0-d11,159,4.0,4.0,0.0
2024-2024092213gm-00a9-0000-5f7264d2-07-s0-d11,160,4.0,4.0,0.0
2024-2024092213gm-00a9-0000-5f7264d2-07-s0-d11,161,4.0,4.0,0.0
2024-2024092213gm-00a9-0000-5f7264d2-07-s0-d11,162,-4.0,4.0,8.0
2024-2024092213gm-00a9-0000-5f7264d2-07-s0-d11,163,4.0,10.0,6.0
2024-2024092213gm-00a9-0000-5f7264d2-07-s0-d11,164,4.0,4.0,0.0
2024-2024092213gm-00a9-0000-5f7264d2-07-s0-d11,165,4.0,4.0,0.0
2024-2024092213gm-00a9-0000-5f7264d2-07-s0-d11,166,4.0,4.0,0.0
2024-2024092213gm-00a9-0000-5f7264d2-07-s0-d11,167,4.0,4.0,0.0
2024-2024092213gm-00a9-0000-5f7264d2-07-s0-d11,168,4.0,10.0,6.0
2024-2024092213gm-00a9-0000-5f7264d2-07-s0-d11,169,4.0,-4.0,-8.0
2024-2024092213gm-00a9-0000-5f7264d2-07-s0-d11,170,4.0,4.0,0.0
2024-2024092213gm-00a9-0000-5f7264d2-07-s0-d11,171,4.0,4.0,0.0
2024-2024092213gm-00a9-0000-5f7264d2-07-s0-d11,172,4.0,4.0,0.0
2024-2024092213gm-00a9-0000-5f7264d2-07-s0-d11,173,4.0,4.0,0.0
2024-2024092213gm-00a9-0000-5f7264d2-07-s0-d11,174,4.0,4.0,0.0
2024-2024092213gm-00a9-0000-5f7264d2-07-s0-d11,175,4.0,4.0,0.0
2024-2024092213gm-00a9-0000-5f7264d2-07-s0-d11,176,4.0,4.0,0.0
2024-2024092213gm-00a9-0000-5f7264d2-07-s0-d11,177,4.0,10.0,6.0
2024-2024092213gm-00a9-0000-5f7264d2-07-s0-d11,178,4.0,10.0,6.0
2024-2024092213gm-00a9-0000-5f7264d2-07-s0-d11,179,4.0,4.0,0.0
2024-2024092213gm-00a9-0000-5f7264d2-07-s0-d11,180,4.0,4.0,0.0
2024-2024092213gm-00a9-0000-5f7264d2-07-s0-d11,181,4.0,4.0,0.0
2024-2024092213gm-00a9-0000-5f7264d2-07-s0-d11,182,4.0,4.0,0.0
2024-2024092213gm-00a9-0000-5f7264d2-07-s0-d11,183,4.0,4.0,0.0
2024-2024092213gm-00a9-0000-5f7264d2-07-s0-d11,184,10.0,4.0,-6.0
2024-2024092213gm-00a9-0000-5f7264d2-07-s0-d11,185,4.0,4.0,0.0
2024-2024092213gm-00a9-0000-5f7264d2-07-s0-d11,186,4.0,4.0,0.0
2024-2024092213gm-00a9-0000-5f7264d2-07-s0-d11,187,4.0,4.0,0.0
2024-2024092213gm-00a9-0000-5f7264d2-07-s0-d11,188,4.0,4.0,0.0
2024-2024092213gm-00a9-0000-5f7264d2-07-s0-d11,189,4.0,4.0,0.0
2024-2024092213gm-00a9-0000-5f7264d2-07-s0-d11,190,4.0,4.0,0.0
2024-2024092213gm-00a9-0000-5f7264d2-07-s0-d11,191,4.0,4.0,0.0
2024-2024092213gm-00a9-0000-5f7264d2-07-s0-d11,192,4.0,4.0,0.0
2024-2024092213gm-00a9-0000-5f7264d2-07-s0-d11,193,4.0,4.0,0.0
2024-2024092213gm-00a9-0000-5f7264d2-07-s0-d11,194,4.0,4.0,0.0
2024-2024092213gm-00a9-0000-5f7264d2-07-s0-d11,195,4.0,10.0,6.0
2024-2024092213gm-00a9-0000-5f7264d2-07-s0-d11,196,4.0,-4.0,-8.0
2024-2024092213gm-00a9-0000-5f7264d2-07-s0-d11,197,4.0,4.0,0.0
2024-2024092213gm-00a9-0000-5f7264d2-07-s0-d11,198,4.0,4.0,0.0
2024-2024092213gm-00a9-0000-5f7264d2-07-s0-d11,199,4.0,10.0,6.0
2024-2024092213gm-00a9-0000-5f7264d2-07-s0-d11,200,4.0,10.0,6.0
2024-2024092213gm-00a9-0000-5f7264d2-07-s0-d11,201,4.0,-4.0,-8.0
2024-2024092213gm-00a9-0000-5f7264d2-07-s0-d11,202,4.0,4.0,0.0
2024-2024092213gm-00a9-0000-5f7264d2-07-s0-d11,203,4.0,4.0,0.0
2024-2024092213gm-00a9-0000-5f7264d2-07-s0-d11,204,4.0,10.0,6.0
2024-2024092213gm-00a9-0000-5f7264d2-07-s0-d11,205,4.0,10.0,6.0
2024-2024092213gm-00a9-0000-5f7264d2-07-s0-d11,206,4.0,4.0,0.0
2024-2024092213gm-00a9-0000-5f7264d2-07-s0-d11,207,4.0,4.0,0.0
2024-2024092213gm-00a9-0000-5f7264d2-07-s0-d11,208,4.0,4.0,0.0
2024-2024092213gm-00a9-0000-5f7264d2-07-s0-d11,209,4.0,4.0,0.0
2024-2024092213gm-00a9-0000-5f7264d2-07-s0-d11,210,10.0,10.0,0.0
2024-2024092213gm-00a9-0000-5f7264d2-07-s0-d11,211,4.0,4.0,0.0
2024-2024092213gm-00a9-0000-5f7264d2-07-s0-d11,212,-4.0,-4.0,0.0
2024-2024092213gm-00a9-0000-5f7264d2-07-s0-d11,213,4.0,4.0,0.0
2024-2024092213gm-00a9-0000-5f7264d2-07-s0-d11,214,4.0,4.0,0.0
2024-2024092213gm-00a9-0000-5f7264d2-07-s0-d11,215,-4.0,4.0,8.0
2024-2024092213gm-00a9-0000-5f7264d2-07-s0-d11,216,4.0,4.0,0.0
2024-2024092213gm-00a9-0000-5f7264d2-07-s0-d11,217,4.0,10.0,6.0
2024-2024092213gm-00a9-0000-5f7264d2-07-s0-d11,218,10.0,10.0,0.0
2024-2024092213gm-00a9-0000-5f7264d2-07-s0-d11,219,4.0,4.0,0.0
2024-2024092213gm-00a9-0000-5f7264d2-07-s0-d11,220,4.0,4.0,0.0
2024-2024092213gm-00a9-0000-5f7264d2-07-s0-d11,221,4.0,4.0,0.0
2024-2024092213gm-00a9-0000-5f7264d2-07-s0-d11,222,4.0,10.0,6.0
2024-2024092213gm-00a9-0000-5f7264d2-07-s0-d11,223,4.0,4.0,0.0
2024-2024092213gm-00a9-0000-5f7264d2-07-s0-d11,224,4.0,10.0,6.0
2024-2024092213gm-00a9-0000-5f7264d2-07-s0-d11,225,4.0,4.0,0.0
2024-2024092213gm-00a9-0000-5f7264d2-07-s0-d11,226,4.0,4.0,0.0
2024-2024092213gm-00a9-0000-5f7264d2-07-s0-d11,227,4.0,4.0,0.0
2024-2024092213gm-00a9-0000-5f7264d2-07-s0-d11,228,4.0,4.0,0.0
2024-2024092213gm-00a9-0000-5f7264d2-07-s0-d11,229,4.0,10.0,6.0
2024-2024092213gm-00a9-0000-5f7264d2-07-s0-d11,230,4.0,4.0,0.0
2024-2024092213gm-00a9-0000-5f7264d2-07-s0-d11,231,4.0,4.0,0.0
2024-2024092213gm-00a9-0000-5f7264d2-07-s0-d11,232,4.0,4.0,0.0
2024-2024092213gm-00a9-0000-5f7264d2-07-s0-d11,233,4.0,4.0,0.0
2024-2024092213gm-00a9-0000-5f7264d2-07-s0-d11,234,4.0,4.0,0.0
2024-2024092213gm-00a9-0000-5f7264d2-07-s0-d11,235,4.0,4.0,0.0
2024-2024092213gm-00a9-0000-5f7264d2-07-s0-d11,236,4.0,10.0,6.0
2024-2024092213gm-00a9-0000-5f7264d2-07-s0-d11,237,4.0,4.0,0.0
2024-2024092213gm-00a9-0000-5f7264d2-07-s0-d11,238,4.0,10.0,6.0
2024-2024092213gm-00a9-0000-5f7264d2-07-s0-d11,239,4.0,4.0,0.0
2024-2024092213gm-00a9-0000-5f7264d2-07-s0-d11,240,10.0,10.0,0.0
2024-2024092213gm-00a9-0000-5f7264d2-07-s0-d11,241,4.0,-4.0,-8.0
2024-2024092213gm-00a9-0000-5f7264d2-07-s0-d11,242,4.0,10.0,6.0
2024-2024092213gm-00a9-0000-5f7264d2-07-s0-d11,243,4.0,4.0,0.0
2024-2024092213gm-00a9-0000-5f7264d2-07-s0-d11,244,4.0,4.0,0.0
2024-2024092213gm-00a9-0000-5f7264d2-07-s0-d11,245,4.0,4.0,0.0
2024-2024092213gm-00a9-0000-5f7264d2-07-s0-d11,246,4.0,-4.0,-8.0
2024-2024092213gm-00a9-0000-5f7264d2-07-s0-d11,247,4.0,10.0,6.0
2024-2024092213gm-00a9-0000-5f7264d2-07-s0-d11,248,4.0,4.0,0.0
2024-2024092213gm-00a9-0000-5f7264d2-07-s0-d11,249,4.0,4.0,0.0
2024-2024092213gm-00a9-0000-5f7264d2-07-s0-d11,250,4.0,4.0,0.0
2024-2024092213gm-00a9-0000-5f7264d2-07-s0-d11,251,4.0,4.0,0.0
2024-2024092213gm-00a9-0000-5f7264d2-07-s0-d11,252,4.0,4.0,0.0
2024-2024092213gm-00a9-0000-5f7264d2-07-s0-d11,253,4.0,4.0,0.0
2024-2024092213gm-00a9-0000-5f7264d2-07-s0-d11,254,4.0,4.0,0.0
2024-2024092213gm-00a9-0000-5f7264d2-07-s0-d11,255,4.0,4.0,0.0
2024-2024100200gm-00a9-0000-0aacab28-12-s0-d21,0,-10.0,4.0,14.0
2024-2024100200gm-00a9-0000-0aacab28-12-s0-d21,1,-10.0,4.0,14.0
2024-2024100200gm-00a9-0000-0aacab28-12-s0-d21,2,-10.0,4.0,14.0
2024-2024100200gm-00a9-0000-0aacab28-12-s0-d21,3,-4.0,-4.0,0.0
2024-2024100200gm-00a9-0000-0aacab28-12-s0-d21,4,-4.0,4.0,8.0
2024-2024100200gm-00a9-0000-0aacab28-12-s0-d21,5,-4.0,-4.0,0.0
2024-2024100200gm-00a9-0000-0aacab28-12-s0-d21,6,4.0,4.0,0.0
2024-2024100200gm-00a9-0000-0aacab28-12-s0-d21,7,4.0,4.0,0.0
2024-2024100200gm-00a9-0000-0aacab28-12-s0-d21,8,-10.0,4.0,14.0
2024-2024100200gm-00a9-0000-0aacab28-12-s0-d21,9,4.0,4.0,0.0
2024-2024100200gm-00a9-0000-0aacab28-12-s0-d21,10,-4.0,4.0,8.0
2024-2024100200gm-00a9-0000-0aacab28-12-s0-d21,11,-4.0,4.0,8.0
2024-2024100200gm-00a9-0000-0aacab28-12-s0-d21,12,4.0,4.0,0.0
2024-2024100200gm-00a9-0000-0aacab28-12-s0-d21,13,-4.0,4.0,8.0
2024-2024100200gm-00a9-0000-0aacab28-12-s0-d21,14,-4.0,-4.0,0.0
2024-2024100200gm-00a9-0000-0aacab28-12-s0-d21,15,4.0,4.0,0.0
2024-2024100200gm-00a9-0000-0aacab28-12-s0-d21,16,4.0,4.0,0.0
2024-2024100200gm-00a9-0000-0aacab28-12-s0-d21,17,4.0,4.0,0.0
2024-2024100200gm-00a9-0000-0aacab28-12-s0-d21,18,-4.0,4.0,8.0
2024-2024100200gm-00a9-0000-0aacab28-12-s0-d21,19,-4.0,4.0,8.0
2024-2024100200gm-00a9-0000-0aacab28-12-s0-d21,20,4.0,10.0,6.0
2024-2024100200gm-00a9-0000-0aacab28-12-s0-d21,21,-4.0,-4.0,0.0
2024-2024100200gm-00a9-0000-0aacab28-12-s0-d21,22,4.0,4.0,0.0
2024-2024100200gm-00a9-0000-0aacab28-12-s0-d21,23,-4.0,4.0,8.0
2024-2024100200gm-00a9-0000-0aacab28-12-s0-d21,24,-4.0,4.0,8.0
2024-2024100200gm-00a9-0000-0aacab28-12-s0-d21,25,-4.0,-4.0,0.0
2024-2024100200gm-00a9-0000-0aacab28-12-s0-d21,26,4.0,4.0,0.0
2024-2024100200gm-00a9-0000-0aacab28-12-s0-d21,27,-4.0,-4.0,0.0
2024-2024100200gm-00a9-0000-0aacab28-12-s0-d21,28,4.0,4.0,0.0
2024-2024100200gm-00a9-0000-0aacab28-12-s0-d21,29,4.0,4.0,0.0
2024-2024100200gm-00a9-0000-0aacab28-12-s0-d21,30,-10.0,4.0,14.0
2024-2024100200gm-00a9-0000-0aacab28-12-s0-d21,31,-4.0,-10.0,-6.0
2024-2024100200gm-00a9-0000-0aacab28-12-s0-d21,32,-4.0,4.0,8.0
2024-2024100200gm-00a9-0000-0aacab28-12-s0-d21,33,-4.0,4.0,8.0
2024-2024100200gm-00a9-0000-0aacab28-12-s0-d21,34,4.0,4.0,0.0
2024-2024100200gm-00a9-0000-0aacab28-12-s0-d21,35,-4.0,4.0,8.0
2024-2024100200gm-00a9-0000-0aacab28-12-s0-d21,36,-4.0,4.0,8.0
2024-2024100200gm-00a9-0000-0aacab28-12-s0-d21,37,-4.0,10.0,14.0
2024-2024100200gm-00a9-0000-0aacab28-12-s0-d21,38,4.0,4.0,0.0
2024-2024100200gm-00a9-0000-0aacab28-12-s0-d21,39,-4.0,4.0,8.0
2024-2024100200gm-00a9-0000-0aacab28-12-s0-d21,40,-4.0,10.0,14.0
2024-2024100200gm-00a9-0000-0aacab28-12-s0-d21,41,-4.0,4.0,8.0
2024-2024100200gm-00a9-0000-0aacab28-12-s0-d21,42,-10.0,4.0,14.0
2024-2024100200gm-00a9-0000-0aacab28-12-s0-d21,43,-4.0,-4.0,0.0
2024-2024100200gm-00a9-0000-0aacab28-12-s0-d21,44,-4.0,-4.0,0.0
2024-2024100200gm-00a9-0000-0aacab28-12-s0-d21,45,-4.0,-10.0,-6.0
2024-2024100200gm-00a9-0000-0aacab28-12-s0-d21,46,-4.0,4.0,8.0
2024-2024100200gm-00a9-0000-0aacab28-12-s0-d21,47,4.0,4.0,0.0
2024-2024100200gm-00a9-0000-0aacab28-12-s0-d21,48,-4.0,4.0,8.0
2024-2024100200gm-00a9-0000-0aacab28-12-s0-d21,49,4.0,-4.0,-8.0
2024-2024100200gm-00a9-0000-0aacab28-12-s0-d21,50,-10.0,4.0,14.0
2024-2024100200gm-00a9-0000-0aacab28-12-s0-d21,51,-4.0,4.0,8.0
2024-2024100200gm-00a9-0000-0aacab28-12-s0-d21,52,-4.0,4.0,8.0
2024-2024100200gm-00a9-0000-0aacab28-12-s0-d21,53,-4.0,4.0,8.0
2024-2024100200gm-00a9-0000-0aacab28-12-s0-d21,54,-4.0,-4.0,0.0
2024-2024100200gm-00a9-0000-0aacab28-12-s0-d21,55,-4.0,4.0,8.0
2024-2024100200gm-00a9-0000-0aacab28-12-s0-d21,56,4.0,4.0,0.0
2024-2024100200gm-00a9-0000-0aacab28-12-s0-d21,57,-10.0,-10.0,0.0
2024-2024100200gm-00a9-0000-0aacab28-12-s0-d21,58,4.0,10.0,6.0
2024-2024100200gm-00a9-0000-0aacab28-12-s0-d21,59,4.0,4.0,0.0
2024-2024100200gm-00a9-0000-0aacab28-12-s0-d21,60,-4.0,4.0,8.0
2024-2024100200gm-00a9-0000-0aacab28-12-s0-d21,61,4.0,4.0,0.0
2024-2024100200gm-00a9-0000-0aacab28-12-s0-d21,62,-4.0,4.0,8.0
2024-2024100200gm-00a9-0000-0aacab28-12-s0-d21,63,-4.0,4.0,8.0
2024-2024100200gm-00a9-0000-0aacab28-12-s0-d21,64,-4.0,10.0,14.0
2024-2024100200gm-00a9-0000-0aacab28-12-s0-d21,65,-4.0,4.0,8.0
2024-2024100200gm-00a9-0000-0aacab28-12-s0-d21,66,-4.0,4.0,8.0
2024-2024100200gm-00a9-0000-0aacab28-12-s0-d21,67,4.0,4.0,0.0
2024-2024100200gm-00a9-0000-0aacab28-12-s0-d21,68,4.0,-4.0,-8.0
2024-2024100200gm-00a9-0000-0aacab28-12-s0-d21,69,-4.0,4.0,8.0
2024-2024100200gm-00a9-0000-0aacab28-12-s0-d21,70,4.0,4.0,0.0
2024-2024100200gm-00a9-0000-0aacab28-12-s0-d21,71,-4.0,4.0,8.0
2024-2024100200gm-00a9-0000-0aacab28-12-s0-d21,72,-4.0,4.0,8.0
2024-2024100200gm-00a9-0000-0aacab28-12-s0-d21,73,-10.0,4.0,14.0
2024-2024100200gm-00a9-0000-0aacab28-12-s0-d21,74,-4.0,4.0,8.0
2024-2024100200gm-00a9-0000-0aacab28-12-s0-d21,75,-4.0,4.0,8.0
2024-2024100200gm-00a9-0000-0aacab28-12-s0-d21,76,-10.0,4.0,14.0
2024-2024100200gm-00a9-0000-0aacab28-12-s0-d21,77,-4.0,4.0,8.0
2024-2024100200gm-00a9-0000-0aacab28-12-s0-d21,78,4.0,4.0,0.0
2024-2024100200gm-00a9-0000-0aacab28-12-s0-d21,79,-4.0,4.0,8.0
2024-2024100200gm-00a9-0000-0aacab28-12-s0-d21,80,4.0,4.0,0.0
2024-2024100200gm-00a9-0000-0aacab28-12-s0-d21,81,-4.0,4.0,8.0
2024-2024100200gm-00a9-0000-0aacab28-12-s0-d21,82,-10.0,4.0,14.0
2024-2024100200gm-00a9-0000-0aacab28-12-s0-d21,83,-10.0,4.0,14.0
2024-2024100200gm-00a9-0000-0aacab28-12-s0-d21,84,-4.0,4.0,8.0
2024-2024100200gm-00a9-0000-0aacab28-12-s0-d21,85,-4.0,4.0,8.0
2024-2024100200gm-00a9-0000-0aacab28-12-s0-d21,86,-4.0,4.0,8.0
2024-2024100200gm-00a9-0000-0aacab28-12-s0-d21,87,-4.0,4.0,8.0
2024-2024100200gm-00a9-0000-0aacab28-12-s0-d21,88,4.0,4.0,0.0
2024-2024100200gm-00a9-0000-0aacab28-12-s0-d21,89,4.0,4.0,0.0
2024-2024100200gm-00a9-0000-0aacab28-12-s0-d21,90,-4.0,4.0,8.0
2024-2024100200gm-00a9-0000-0aacab28-12-s0-d21,91,-4.0,4.0,8.0
2024-2024100200gm-00a9-0000-0aacab28-12-s0-d21,92,-4.0,4.0,8.0
2024-2024100200gm-00a9-0000-0aacab28-12-s0-d21,93,-4.0,4.0,8.0
2024-2024100200gm-00a9-0000-0aacab28-12-s0-d21,94,-10.0,4.0,14.0
2024-2024100200gm-00a9-0000-0aacab28-12-s0-d21,95,-4.0,4.0,8.0
2024-2024100200gm-00a9-0000-0aacab28-12-s0-d21,96,-4.0,4.0,8.0
2024-2024100200gm-00a9-0000-0aacab28-12-s0-d21,97,-4.0,-4.0,0.0
2024-2024100200gm-00a9-0000-0aacab28-12-s0-d21,98,4.0,10.0,6.0
2024-2024100200gm-00a9-0000-0aacab28-12-s0-d21,99,-4.0,4.0,8.0
2024-2024100200gm-00a9-0000-0aacab28-12-s0-d21,100,4.0,4.0,0.0
2024-2024100200gm-00a9-0000-0aacab28-12-s0-d21,101,4.0,4.0,0.0
2024-2024100200gm-00a9-0000-0aacab28-12-s0-d21,102,4.0,4.0,0.0
2024-2024100200gm-00a9-0000-0aacab28-12-s0-d21,103,-4.0,4.0,8.0
2024-2024100200gm-00a9-0000-0aacab28-12-s0-d21,104,-4.0,4.0,8.0
2024-2024100200gm-00a9-0000-0aacab28-12-s0-d21,105,4.0,4.0,0.0
2024-2024100200gm-00a9-0000-0aacab28-12-s0-d21,106,-4.0,4.0,8.0
2024-2024100200gm-00a9-0000-0aacab28-12-s0-d21,107,-10.0,4.0,14.0
2024-2024100200gm-00a9-0000-0aacab28-12-s0-d21,108,-4.0,4.0,8.0
2024-2024100200gm-00a9-0000-0aacab28-12-s0-d21,109,-10.0,4.0,14.0
2024-2024100200gm-00a9-0000-0aacab28-12-s0-d21,110,-4.0,4.0,8.0
2024-2024100200gm-00a9-0000-0aacab28-12-s0-d21,111,-4.0,-4.0,0.0
2024-2024100200gm-00a9-0000-0aacab28-12-s0-d21,112,-10.0,-10.0,0.0
2024-2024100200gm-00a9-0000-0aacab28-12-s0-d21,113,4.0,10.0,6.0
2024-2024100200gm-00a9-0000-0aacab28-12-s0-d21,114,-4.0,4.0,8.0
2024-2024100200gm-00a9-0000-0aacab28-12-s0-d21,115,-10.0,4.0,14.0
2024-2024100200gm-00a9-0000-0aacab28-12-s0-d21,116,4.0,4.0,0.0
2024-2024100200gm-00a9-0000-0aacab28-12-s0-d21,117,-4.0,4.0,8.0
2024-2024100200gm-00a9-0000-0aacab28-12-s0-d21,118,-4.0,10.0,14.0
2024-2024100200gm-00a9-0000-0aacab28-12-s0-d21,119,-4.0,4.0,8.0
2024-2024100200gm-00a9-0000-0aacab28-12-s0-d21,120,-4.0,4.0,8.0
2024-2024100200gm-00a9-0000-0aacab28-12-s0-d21,121,-4.0,4.0,8.0
2024-2024100200gm-00a9-0000-0aacab28-12-s0-d21,122,-4.0,4.0,8.0
2024-2024100200gm-00a9-0000-0aacab28-12-s0-d21,123,-4.0,10.0,14.0
2024-2024100200gm-00a9-0000-0aacab28-12-s0-d21,124,4.0,4.0,0.0
2024-2024100200gm-00a9-0000-0aacab28-12-s0-d21,125,-10.0,-10.0,0.0
2024-2024100200gm-00a9-0000-0aacab28-12-s0-d21,126,-4.0,-4.0,0.0
2024-2024100200gm-00a9-0000-0aacab28-12-s0-d21,127,-4.0,4.0,8.0
2025-2025011014gm-00a9-0000-9ea4d5cd-06-s0-d14,0,-4.0,-4.0,0.0
2025-2025011014gm-00a9-0000-9ea4d5cd-06-s0-d14,1,4.0,10.0,6.0
2025-2025011014gm-00a9-0000-9ea4d5cd-06-s0-d14,2,-10.0,-10.0,0.0
2025-2025011014gm-00a9-0000-9ea4d5cd-06-s0-d14,3,10.0,10.0,0.0
2025-2025011014gm-00a9-0000-9ea4d5cd-06-s0-d14,4,10.0,-4.0,-14.0
2025-2025011014gm-00a9-0000-9ea4d5cd-06-s0-d14,5,4.0,-4.0,-8.0
2025-2025011014gm-00a9-0000-9ea4d5cd-06-s0-d14,6,4.0,4.0,0.0
2025-2025011014gm-00a9-0000-9ea4d5cd-06-s0-d14,7,10.0,10.0,0.0
2025-2025011014gm-00a9-0000-9ea4d5cd-06-s0-d14,8,4.0,4.0,0.0
2025-2025011014gm-00a9-0000-9ea4d5cd-06-s0-d14,9,4.0,-4.0,-8.0
2025-2025011014gm-00a9-0000-9ea4d5cd-06-s0-d14,10,4.0,-4.0,-8.0
2025-2025011014gm-00a9-0000-9ea4d5cd-06-s0-d14,11,-10.0,-10.0,0.0
2025-2025011014gm-00a9-0000-9ea4d5cd-06-s0-d14,12,-4.0,-4.0,0.0
2025-2025011014gm-00a9-0000-9ea4d5cd-06-s0-d14,13,4.0,4.0,0.0
2025-2025011014gm-00a9-0000-9ea4d5cd-06-s0-d14,14,-10.0,-10.0,0.0
2025-2025011014gm-00a9-0000-9ea4d5cd-06-s0-d14,15,4.0,4.0,0.0
2025-2025011014gm-00a9-0000-9ea4d5cd-06-s0-d14,16,-4.0,4.0,8.0
2025-2025011014gm-00a9-0000-9ea4d5cd-06-s0-d14,17,4.0,4.0,0.0
2025-2025011014gm-00a9-0000-9ea4d5cd-06-s0-d14,18,4.0,4.0,0.0
2025-2025011014gm-00a9-0000-9ea4d5cd-06-s0-d14,19,-10.0,-10.0,0.0
2025-2025011014gm-00a9-0000-9ea4d5cd-06-s0-d14,20,4.0,-10.0,-14.0
2025-2025011014gm-00a9-0000-9ea4d5cd-06-s0-d14,21,10.0,-4.0,-14.0
2025-2025011014gm-00a9-0000-9ea4d5cd-06-s0-d14,22,-4.0,-4.0,0.0
2025-2025011014gm-00a9-0000-9ea4d5cd-06-s0-d14,23,10.0,-4.0,-14.0
2025-2025011014gm-00a9-0000-9ea4d5cd-06-s0-d14,24,-10.0,-10.0,0.0
2025-2025011014gm-00a9-0000-9ea4d5cd-06-s0-d14,25,10.0,-4.0,-14.0
2025-2025011014gm-00a9-0000-9ea4d5cd-06-s0-d14,26,4.0,4.0,0.0
2025-2025011014gm-00a9-0000-9ea4d5cd-06-s0-d14,27,10.0,4.0,-6.0
2025-2025011014gm-00a9-0000-9ea4d5cd-06-s0-d14,28,10.0,10.0,0.0
2025-2025011014gm-00a9-0000-9ea4d5cd-06-s0-d14,29,-10.0,4.0,14.0
2025-2025011014gm-00a9-0000-9ea4d5cd-06-s0-d14,30,-10.0,10.0,20.0
2025-2025011014gm-00a9-0000-9ea4d5cd-06-s0-d14,31,4.0,4.0,0.0
2025-2025011014gm-00a9-0000-9ea4d5cd-06-s0-d14,32,4.0,4.0,0.0
2025-2025011014gm-00a9-0000-9ea4d5cd-06-s0-d14,33,4.0,-4.0,-8.0
2025-2025011014gm-00a9-0000-9ea4d5cd-06-s0-d14,34,-10.0,-10.0,0.0
2025-2025011014gm-00a9-0000-9ea4d5cd-06-s0-d14,35,-4.0,-10.0,-6.0
2025-2025011014gm-00a9-0000-9ea4d5cd-06-s0-d14,36,10.0,4.0,-6.0
2025-2025011014gm-00a9-0000-9ea4d5cd-06-s0-d14,37,-4.0,4.0,8.0
2025-2025011014gm-00a9-0000-9ea4d5cd-06-s0-d14,38,4.0,-10.0,-14.0
2025-2025011014gm-00a9-0000-9ea4d5cd-06-s0-d14,39,4.0,4.0,0.0
2025-2025011014gm-00a9-0000-9ea4d5cd-06-s0-d14,40,-4.0,-4.0,0.0
2025-2025011014gm-00a9-0000-9ea4d5cd-06-s0-d14,41,-10.0,-10.0,0.0
2025-2025011014gm-00a9-0000-9ea4d5cd-06-s0-d14,42,-4.0,-4.0,0.0
2025-2025011014gm-00a9-0000-9ea4d5cd-06-s0-d14,43,-4.0,10.0,14.0
2025-2025011014gm-00a9-0000-9ea4d5cd-06-s0-d14,44,-4.0,-10.0,-6.0
2025-2025011014gm-00a9-0000-9ea4d5cd-06-s0-d14,45,-10.0,-4.0,6.0
2025-2025011014gm-00a9-0000-9ea4d5cd-06-s0-d14,46,-10.0,4.0,14.0
2025-2025011014gm-00a9-0000-9ea4d5cd-06-s0-d14,47,-4.0,10.0,14.0
2025-2025011014gm-00a9-0000-9ea4d5cd-06-s0-d14,48,-10.0,10.0,20.0
2025-2025011014gm-00a9-0000-9ea4d5cd-06-s0-d14,49,-10.0,-10.0,0.0
2025-2025011014gm-00a9-0000-9ea4d5cd-06-s0-d14,50,4.0,-10.0,-14.0
2025-2025011014gm-00a9-0000-9ea4d5cd-06-s0-d14,51,-4.0,-10.0,-6.0
2025-2025011014gm-00a9-0000-9ea4d5cd-06-s0-d14,52,-4.0,-4.0,0.0
2025-2025011014gm-00a9-0000-9ea4d5cd-06-s0-d14,53,-10.0,-10.0,0.0
2025-2025011014gm-00a9-0000-9ea4d5cd-06-s0-d14,54,4.0,-4.0,-8.0
2025-2025011014gm-00a9-0000-9ea4d5cd-06-s0-d14,55,-10.0,-10.0,0.0
2025-2025011014gm-00a9-0000-9ea4d5cd-06-s0-d14,56,4.0,4.0,0.0
2025-2025011014gm-00a9-0000-9ea4d5cd-06-s0-d14,57,4.0,-10.0,-14.0
2025-2025011014gm-00a9-0000-9ea4d5cd-06-s0-d14,58,-4.0,-4.0,0.0
2025-2025011014gm-00a9-0000-9ea4d5cd-06-s0-d14,59,-4.0,-10.0,-6.0
2025-2025011014gm-00a9-0000-9ea4d5cd-06-s0-d14,60,-4.0,-10.0,-6.0
2025-2025011014gm-00a9-0000-9ea4d5cd-06-s0-d14,61,4.0,4.0,0.0
2025-2025011014gm-00a9-0000-9ea4d5cd-06-s0-d14,62,4.0,4.0,0.0
2025-2025011014gm-00a9-0000-9ea4d5cd-06-s0-d14,63,-4.0,-4.0,0.0
2025-2025011014gm-00a9-0000-9ea4d5cd-06-s0-d14,64,-10.0,-10.0,0.0
2025-2025011014gm-00a9-0000-9ea4d5cd-06-s0-d14,65,4.0,-4.0,-8.0
2025-2025011014gm-00a9-0000-9ea4d5cd-06-s0-d14,66,-4.0,4.0,8.0
2025-2025011014gm-00a9-0000-9ea4d5cd-06-s0-d14,67,10.0,10.0,0.0
2025-2025011014gm-00a9-0000-9ea4d5cd-06-s0-d14,68,-4.0,-4.0,0.0
2025-2025011014gm-00a9-0000-9ea4d5cd-06-s0-d14,69,4.0,4.0,0.0
2025-2025011014gm-00a9-0000-9ea4d5cd-06-s0-d14,70,10.0,-4.0,-14.0
2025-2025011014gm-00a9-0000-9ea4d5cd-06-s0-d14,71,-4.0,10.0,14.0
2025-2025011014gm-00a9-0000-9ea4d5cd-06-s0-d14,72,-4.0,-4.0,0.0
2025-2025011014gm-00a9-0000-9ea4d5cd-06-s0-d14,73,-4.0,-4.0,0.0
2025-2025011014gm-00a9-0000-9ea4d5cd-06-s0-d14,74,10.0,10.0,0.0
2025-2025011014gm-00a9-0000-9ea4d5cd-06-s0-d14,75,-10.0,-10.0,0.0
2025-2025011014gm-00a9-0000-9ea4d5cd-06-s0-d14,76,10.0,-4.0,-14.0
2025-2025011014gm-00a9-0000-9ea4d5cd-06-s0-d14,77,-10.0,-10.0,0.0
2025-2025011014gm-00a9-0000-9ea4d5cd-06-s0-d14,78,-10.0,-10.0,0.0
2025-2025011014gm-00a9-0000-9ea4d5cd-06-s0-d14,79,-10.0,-10.0,0.0
2025-2025011014gm-00a9-0000-9ea4d5cd-06-s0-d14,80,-10.0,-10.0,0.0
2025-2025011014gm-00a9-0000-9ea4d5cd-06-s0-d14,81,-4.0,4.0,8.0
2025-2025011014gm-00a9-0000-9ea4d5cd-06-s0-d14,82,10.0,-10.0,-20.0
2025-2025011014gm-00a9-0000-9ea4d5cd-06-s0-d14,83,10.0,10.0,0.0
2025-2025011014gm-00a9-0000-9ea4d5cd-06-s0-d14,84,-10.0,-10.0,0.0
2025-2025011014gm-00a9-0000-9ea4d5cd-06-s0-d14,85,4.0,-4.0,-8.0
2025-2025011014gm-00a9-0000-9ea4d5cd-06-s0-d14,86,-10.0,-10.0,0.0
2025-2025011014gm-00a9-0000-9ea4d5cd-06-s0-d14,87,-10.0,-10.0,0.0
2025-2025011014gm-00a9-0000-9ea4d5cd-06-s0-d14,88,10.0,10.0,0.0
2025-2025011014gm-00a9-0000-9ea4d5cd-06-s0-d14,89,-10.0,4.0,14.0
2025-2025011014gm-00a9-0000-9ea4d5cd-06-s0-d14,90,10.0,-10.0,-20.0
2025-2025011014gm-00a9-0000-9ea4d5cd-06-s0-d14,91,-4.0,-4.0,0.0
2025-2025011014gm-00a9-0000-9ea4d5cd-06-s0-d14,92,-4.0,-4.0,0.0
2025-2025011014gm-00a9-0000-9ea4d5cd-06-s0-d14,93,-10.0,-10.0,0.0
2025-2025011014gm-00a9-0000-9ea4d5cd-06-s0-d14,94,4.0,4.0,0.0
2025-2025011014gm-00a9-0000-9ea4d5cd-06-s0-d14,95,-10.0,-10.0,0.0
2025-2025011014gm-00a9-0000-9ea4d5cd-06-s0-d14,96,-4.0,-4.0,0.0
2025-2025011014gm-00a9-0000-9ea4d5cd-06-s0-d14,97,-10.0,-10.0,0.0
2025-2025011014gm-00a9-0000-9ea4d5cd-06-s0-d14,98,-10.0,-10.0,0.0
2025-2025011014gm-00a9-0000-9ea4d5cd-06-s0-d14,99,-10.0,-10.0,0.0
2025-2025011014gm-00a9-0000-9ea4d5cd-06-s0-d14,100,4.0,4.0,0.0
2025-2025011014gm-00a9-0000-9ea4d5cd-06-s0-d14,101,4.0,4.0,0.0
2025-2025011014gm-00a9-0000-9ea4d5cd-06-s0-d14,102,4.0,-4.0,-8.0
2025-2025011014gm-00a9-0000-9ea4d5cd-06-s0-d14,103,-10.0,-4.0,6.0
2025-2025011014gm-00a9-0000-9ea4d5cd-06-s0-d14,104,-4.0,4.0,8.0
2025-2025011014gm-00a9-0000-9ea4d5cd-06-s0-d14,105,-10.0,-10.0,0.0
2025-2025011014gm-00a9-0000-9ea4d5cd-06-s0-d14,106,10.0,10.0,0.0
2025-2025011014gm-00a9-0000-9ea4d5cd-06-s0-d14,107,-4.0,-4.0,0.0
2025-2025011014gm-00a9-0000-9ea4d5cd-06-s0-d14,108,-10.0,-10.0,0.0
2025-2025011014gm-00a9-0000-9ea4d5cd-06-s0-d14,109,-4.0,10.0,14.0
2025-2025011014gm-00a9-0000-9ea4d5cd-06-s0-d14,110,-10.0,-10.0,0.0
2025-2025011014gm-00a9-0000-9ea4d5cd-06-s0-d14,111,4.0,4.0,0.0
2025-2025011014gm-00a9-0000-9ea4d5cd-06-s0-d14,112,10.0,4.0,-6.0
2025-2025011014gm-00a9-0000-9ea4d5cd-06-s0-d14,113,-10.0,10.0,20.0
2025-2025011014gm-00a9-0000-9ea4d5cd-06-s0-d14,114,-10.0,-10.0,0.0
2025-2025011014gm-00a9-0000-9ea4d5cd-06-s0-d14,115,-10.0,-10.0,0.0
2025-2025011014gm-00a9-0000-9ea4d5cd-06-s0-d14,116,-10.0,-10.0,0.0
2025-2025011014gm-00a9-0000-9ea4d5cd-06-s0-d14,117,-10.0,4.0,14.0
2025-2025011014gm-00a9-0000-9ea4d5cd-06-s0-d14,118,-4.0,4.0,8.0
2025-2025011014gm-00a9-0000-9ea4d5cd-06-s0-d14,119,4.0,4.0,0.0
2025-2025011014gm-00a9-0000-9ea4d5cd-06-s0-d14,120,4.0,4.0,0.0
2025-2025011014gm-00a9-0000-9ea4d5cd-06-s0-d14,121,4.0,4.0,0.0
2025-2025011014gm-00a9-0000-9ea4d5cd-06-s0-d14,122,10.0,10.0,0.0
2025-2025011014gm-00a9-0000-9ea4d5cd-06-s0-d14,123,10.0,10.0,0.0
2025-2025011014gm-00a9-0000-9ea4d5cd-06-s0-d14,124,-10.0,-10.0,0.0
2025-2025011014gm-00a9-0000-9ea4d5cd-06-s0-d14,125,10.0,10.0,0.0
2025-2025011014gm-00a9-0000-9ea4d5cd-06-s0-d14,126,4.0,4.0,0.0
2025-2025011014gm-00a9-0000-9ea4d5cd-06-s0-d14,127,4.0,4.0,0.0
2025-2025011014gm-00a9-0000-9ea4d5cd-06-s0-d14,128,-10.0,10.0,20.0
2025-2025011014gm-00a9-0000-9ea4d5cd-06-s0-d14,129,-10.0,-10.0,0.0
2025-2025011014gm-00a9-0000-9ea4d5cd-06-s0-d14,130,10.0,10.0,0.0
2025-2025011014gm-00a9-0000-9ea4d5cd-06-s0-d14,131,-10.0,-10.0,0.0
2025-2025011014gm-00a9-0000-9ea4d5cd-06-s0-d14,132,-4.0,4.0,8.0
2025-2025011014gm-00a9-0000-9ea4d5cd-06-s0-d14,133,10.0,10.0,0.0
2025-2025011014gm-00a9-0000-9ea4d5cd-06-s0-d14,134,4.0,4.0,0.0
2025-2025011014gm-00a9-0000-9ea4d5cd-06-s0-d14,135,10.0,-4.0,-14.0
2025-2025011014gm-00a9-0000-9ea4d5cd-06-s0-d14,136,-4.0,4.0,8.0
2025-2025011014gm-00a9-0000-9ea4d5cd-06-s0-d14,137,10.0,10.0,0.0
2025-2025011014gm-00a9-0000-9ea4d5cd-06-s0-d14,138,-10.0,-10.0,0.0
2025-2025011014gm-00a9-0000-9ea4d5cd-06-s0-d14,139,10.0,-10.0,-20.0
2025-2025011014gm-00a9-0000-9ea4d5cd-06-s0-d14,140,-10.0,-4.0,6.0
2025-2025011014gm-00a9-0000-9ea4d5cd-06-s0-d14,141,4.0,-4.0,-8.0
2025-2025011014gm-00a9-0000-9ea4d5cd-06-s0-d14,142,-4.0,-10.0,-6.0
2025-2025011014gm-00a9-0000-9ea4d5cd-06-s0-d14,143,4.0,-4.0,-8.0
2025-2025011014gm-00a9-0000-9ea4d5cd-06-s0-d14,144,-4.0,-4.0,0.0
2025-2025011014gm-00a9-0000-9ea4d5cd-06-s0-d14,145,-10.0,-10.0,0.0
2025-2025011014gm-00a9-0000-9ea4d5cd-06-s0-d14,146,-4.0,-4.0,0.0
2025-2025011014gm-00a9-0000-9ea4d5cd-06-s0-d14,147,10.0,10.0,0.0
2025-2025011014gm-00a9-0000-9ea4d5cd-06-s0-d14,148,-10.0,-4.0,6.0
2025-2025011014gm-00a9-0000-9ea4d5cd-06-s0-d14,149,10.0,10.0,0.0
2025-2025011014gm-00a9-0000-9ea4d5cd-06-s0-d14,150,4.0,-4.0,-8.0
2025-2025011014gm-00a9-0000-9ea4d5cd-06-s0-d14,151,-4.0,-10.0,-6.0
2025-2025011014gm-00a9-0000-9ea4d5cd-06-s0-d14,152,-4.0,-4.0,0.0
2025-2025011014gm-00a9-0000-9ea4d5cd-06-s0-d14,153,10.0,10.0,0.0
2025-2025011014gm-00a9-0000-9ea4d5cd-06-s0-d14,154,-4.0,-4.0,0.0
2025-2025011014gm-00a9-0000-9ea4d5cd-06-s0-d14,155,-10.0,-10.0,0.0
2025-2025011014gm-00a9-0000-9ea4d5cd-06-s0-d14,156,-10.0,4.0,14.0
2025-2025011014gm-00a9-0000-9ea4d5cd-06-s0-d14,157,10.0,10.0,0.0
2025-2025011014gm-00a9-0000-9ea4d5cd-06-s0-d14,158,-4.0,-4.0,0.0
2025-2025011014gm-00a9-0000-9ea4d5cd-06-s0-d14,159,-4.0,-4.0,0.0
2025-2025011014gm-00a9-0000-9ea4d5cd-06-s0-d14,160,4.0,-4.0,-8.0
2025-2025011014gm-00a9-0000-9ea4d5cd-06-s0-d14,161,-10.0,-10.0,0.0
2025-2025011014gm-00a9-0000-9ea4d5cd-06-s0-d14,162,10.0,10.0,0.0
2025-2025011014gm-00a9-0000-9ea4d5cd-06-s0-d14,163,-4.0,4.0,8.0
2025-2025011014gm-00a9-0000-9ea4d5cd-06-s0-d14,164,-10.0,4.0,14.0
2025-2025011014gm-00a9-0000-9ea4d5cd-06-s0-d14,165,-4.0,-4.0,0.0
2025-2025011014gm-00a9-0000-9ea4d5cd-06-s0-d14,166,-10.0,-10.0,0.0
2025-2025011014gm-00a9-0000-9ea4d5cd-06-s0-d14,167,-10.0,-10.0,0.0
2025-2025011014gm-00a9-0000-9ea4d5cd-06-s0-d14,168,10.0,-4.0,-14.0
2025-2025011014gm-00a9-0000-9ea4d5cd-06-s0-d14,169,10.0,10.0,0.0
2025-2025011014gm-00a9-0000-9ea4d5cd-06-s0-d14,170,-10.0,-4.0,6.0
2025-2025011014gm-00a9-0000-9ea4d5cd-06-s0-d14,171,-10.0,4.0,14.0
2025-2025011014gm-00a9-0000-9ea4d5cd-06-s0-d14,172,4.0,-4.0,-8.0
2025-2025011014gm-00a9-0000-9ea4d5cd-06-s0-d14,173,4.0,4.0,0.0
2025-2025011014gm-00a9-0000-9ea4d5cd-06-s0-d14,174,-4.0,-4.0,0.0
2025-2025011014gm-00a9-0000-9ea4d5cd-06-s0-d14,175,-10.0,-10.0,0.0
2025-2025011014gm-00a9-0000-9ea4d5cd-06-s0-d14,176,-4.0,-4.0,0.0
2025-2025011014gm-00a9-0000-9ea4d5cd-06-s0-d14,177,4.0,4.0,0.0
2025-2025011014gm-00a9-0000-9ea4d5cd-06-s0-d14,178,-4.0,-4.0,0.0
2025-2025011014gm-00a9-0000-9ea4d5cd-06-s0-d14,179,-4.0,-4.0,0.0
2025-2025011014gm-00a9-0000-9ea4d5cd-06-s0-d14,180,4.0,-4.0,-8.0
2025-2025011014gm-00a9-0000-9ea4d5cd-06-s0-d14,181,-4.0,10.0,14.0
2025-2025011014gm-00a9-0000-9ea4d5cd-06-s0-d14,182,4.0,4.0,0.0
2025-2025011014gm-00a9-0000-9ea4d5cd-06-s0-d14,183,4.0,4.0,0.0
2025-2025011014gm-00a9-0000-9ea4d5cd-06-s0-d14,184,10.0,10.0,0.0
2025-2025011014gm-00a9-0000-9ea4d5cd-06-s0-d14,185,-10.0,4.0,14.0
2025-2025011014gm-00a9-0000-9ea4d5cd-06-s0-d14,186,10.0,-10.0,-20.0
2025-2025011014gm-00a9-0000-9ea4d5cd-06-s0-d14,187,4.0,4.0,0.0
2025-2025011014gm-00a9-0000-9ea4d5cd-06-s0-d14,188,4.0,10.0,6.0
2025-2025011014gm-00a9-0000-9ea4d5cd-06-s0-d14,189,4.0,4.0,0.0
2025-2025011014gm-00a9-0000-9ea4d5cd-06-s0-d14,190,10.0,10.0,0.0
2025-2025011014gm-00a9-0000-9ea4d5cd-06-s0-d14,191,-10.0,-10.0,0.0
2025-2025011014gm-00a9-0000-9ea4d5cd-06-s0-d14,192,-10.0,-10.0,0.0
2025-2025011014gm-00a9-0000-9ea4d5cd-06-s0-d14,193,-10.0,10.0,20.0
2025-2025011014gm-00a9-0000-9ea4d5cd-06-s0-d14,194,-10.0,-10.0,0.0
2025-2025011014gm-00a9-0000-9ea4d5cd-06-s0-d14,195,-10.0,-10.0,0.0
2025-2025011014gm-00a9-0000-9ea4d5cd-06-s0-d14,196,-4.0,-4.0,0.0
2025-2025011014gm-00a9-0000-9ea4d5cd-06-s0-d14,197,-10.0,-4.0,6.0
2025-2025011014gm-00a9-0000-9ea4d5cd-06-s0-d14,198,-4.0,-4.0,0.0
2025-2025011014gm-00a9-0000-9ea4d5cd-06-s0-d14,199,10.0,10.0,0.0
2025-2025011014gm-00a9-0000-9ea4d5cd-06-s0-d14,200,-10.0,-10.0,0.0
2025-2025011014gm-00a9-0000-9ea4d5cd-06-s0-d14,201,4.0,4.0,0.0
2025-2025011014gm-00a9-0000-9ea4d5cd-06-s0-d14,202,10.0,-10.0,-20.0
2025-2025011014gm-00a9-0000-9ea4d5cd-06-s0-d14,203,-10.0,-10.0,0.0
2025-2025011014gm-00a9-0000-9ea4d5cd-06-s0-d14,204,4.0,4.0,0.0
2025-2025011014gm-00a9-0000-9ea4d5cd-06-s0-d14,205,-10.0,-10.0,0.0
2025-2025011014gm-00a9-0000-9ea4d5cd-06-s0-d14,206,-4.0,-4.0,0.0
2025-2025011014gm-00a9-0000-9ea4d5cd-06-s0-d14,207,4.0,4.0,0.0
2025-2025011014gm-00a9-0000-9ea4d5cd-06-s0-d14,208,-10.0,-10.0,0.0
2025-2025011014gm-00a9-0000-9ea4d5cd-06-s0-d14,209,-4.0,-4.0,0.0
2025-2025011014gm-00a9-0000-9ea4d5cd-06-s0-d14,210,-10.0,-10.0,0.0
2025-2025011014gm-00a9-0000-9ea4d5cd-06-s0-d14,211,4.0,4.0,0.0
2025-2025011014gm-00a9-0000-9ea4d5cd-06-s0-d14,212,-4.0,-10.0,-6.0
2025-2025011014gm-00a9-0000-9ea4d5cd-06-s0-d14,213,4.0,4.0,0.0
2025-2025011014gm-00a9-0000-9ea4d5cd-06-s0-d14,214,-10.0,-4.0,6.0
2025-2025011014gm-00a9-0000-9ea4d5cd-06-s0-d14,215,-10.0,-10.0,0.0
2025-2025011014gm-00a9-0000-9ea4d5cd-06-s0-d14,216,-10.0,-10.0,0.0
2025-2025011014gm-00a9-0000-9ea4d5cd-06-s0-d14,217,4.0,-4.0,-8.0
2025-2025011014gm-00a9-0000-9ea4d5cd-06-s0-d14,218,-10.0,4.0,14.0
2025-2025011014gm-00a9-0000-9ea4d5cd-06-s0-d14,219,10.0,10.0,0.0
2025-2025011014gm-00a9-0000-9ea4d5cd-06-s0-d14,220,4.0,4.0,0.0
2025-2025011014gm-00a9-0000-9ea4d5cd-06-s0-d14,221,10.0,10.0,0.0
2025-2025011014gm-00a9-0000-9ea4d5cd-06-s0-d14,222,-10.0,-10.0,0.0
2025-2025011014gm-00a9-0000-9ea4d5cd-06-s0-d14,223,-10.0,-10.0,0.0
2025-2025011014gm-00a9-0000-9ea4d5cd-06-s0-d14,224,-4.0,-4.0,0.0
2025-2025011014gm-00a9-0000-9ea4d5cd-06-s0-d14,225,10.0,10.0,0.0
2025-2025011014gm-00a9-0000-9ea4d5cd-06-s0-d14,226,-10.0,-10.0,0.0
2025-2025011014gm-00a9-0000-9ea4d5cd-06-s0-d14,227,-4.0,-10.0,-6.0
2025-2025011014gm-00a9-0000-9ea4d5cd-06-s0-d14,228,-10.0,-10.0,0.0
2025-2025011014gm-00a9-0000-9ea4d5cd-06-s0-d14,229,-10.0,-4.0,6.0
2025-2025011014gm-00a9-0000-9ea4d5cd-06-s0-d14,230,-4.0,4.0,8.0
2025-2025011014gm-00a9-0000-9ea4d5cd-06-s0-d14,231,-4.0,-4.0,0.0
2025-2025011014gm-00a9-0000-9ea4d5cd-06-s0-d14,232,-4.0,-4.0,0.0
2025-2025011014gm-00a9-0000-9ea4d5cd-06-s0-d14,233,-10.0,-10.0,0.0
2025-2025011014gm-00a9-0000-9ea4d5cd-06-s0-d14,234,10.0,10.0,0.0
2025-2025011014gm-00a9-0000-9ea4d5cd-06-s0-d14,235,-4.0,10.0,14.0
2025-2025011014gm-00a9-0000-9ea4d5cd-06-s0-d14,236,-10.0,-10.0,0.0
2025-2025011014gm-00a9-0000-9ea4d5cd-06-s0-d14,237,4.0,4.0,0.0
2025-2025011014gm-00a9-0000-9ea4d5cd-06-s0-d14,238,-4.0,-4.0,0.0
2025-2025011014gm-00a9-0000-9ea4d5cd-06-s0-d14,239,10.0,10.0,0.0
2025-2025011014gm-00a9-0000-9ea4d5cd-06-s0-d14,240,10.0,-10.0,-20.0
2025-2025011014gm-00a9-0000-9ea4d5cd-06-s0-d14,241,10.0,-10.0,-20.0
2025-2025011014gm-00a9-0000-9ea4d5cd-06-s0-d14,242,-10.0,-10.0,0.0
2025-2025011014gm-00a9-0000-9ea4d5cd-06-s0-d14,243,4.0,4.0,0.0
2025-2025011014gm-00a9-0000-9ea4d5cd-06-s0-d14,244,-4.0,-4.0,0.0
2025-2025011014gm-00a9-0000-9ea4d5cd-06-s0-d14,245,4.0,10.0,6.0
2025-2025011014gm-00a9-0000-9ea4d5cd-06-s0-d14,246,10.0,-4.0,-14.0
2025-2025011014gm-00a9-0000-9ea4d5cd-06-s0-d14,247,4.0,4.0,0.0
2025-2025011014gm-00a9-0000-9ea4d5cd-06-s0-d14,248,-10.0,-4.0,6.0
2025-2025011014gm-00a9-0000-9ea4d5cd-06-s0-d14,249,-10.0,-4.0,6.0
2025-2025011014gm-00a9-0000-9ea4d5cd-06-s0-d14,250,4.0,4.0,0.0
2025-2025011014gm-00a9-0000-9ea4d5cd-06-s0-d14,251,-4.0,-10.0,-6.0
2025-2025011014gm-00a9-0000-9ea4d5cd-06-s0-d14,252,10.0,10.0,0.0
2025-2025011014gm-00a9-0000-9ea4d5cd-06-s0-d14,253,4.0,-10.0,-14.0
2025-2025011014gm-00a9-0000-9ea4d5cd-06-s0-d14,254,10.0,10.0,0.0
2025-2025011014gm-00a9-0000-9ea4d5cd-06-s0-d14,255,10.0,10.0,0.0
2025-2025040815gm-00a9-0000-3be4a59c-09-s2-d16,0,4.0,4.0,0.0
2025-2025040815gm-00a9-0000-3be4a59c-09-s2-d16,1,4.0,4.0,0.0
2025-2025040815gm-00a9-0000-3be4a59c-09-s2-d16,2,4.0,4.0,0.0
2025-2025040815gm-00a9-0000-3be4a59c-09-s2-d16,3,4.0,-4.0,-8.0
2025-2025040815gm-00a9-0000-3be4a59c-09-s2-d16,4,4.0,4.0,0.0
2025-2025040815gm-00a9-0000-3be4a59c-09-s2-d16,5,4.0,4.0,0.0
2025-2025040815gm-00a9-0000-3be4a59c-09-s2-d16,6,4.0,4.0,0.0
2025-2025040815gm-00a9-0000-3be4a59c-09-s2-d16,7,4.0,4.0,0.0
2025-2025040815gm-00a9-0000-3be4a59c-09-s2-d16,8,4.0,4.0,0.0
2025-2025040815gm-00a9-0000-3be4a59c-09-s2-d16,9,4.0,4.0,0.0
2025-2025040815gm-00a9-0000-3be4a59c-09-s2-d16,10,4.0,4.0,0.0
2025-2025040815gm-00a9-0000-3be4a59c-09-s2-d16,11,4.0,4.0,0.0
2025-2025040815gm-00a9-0000-3be4a59c-09-s2-d16,12,4.0,4.0,0.0
2025-2025040815gm-00a9-0000-3be4a59c-09-s2-d16,13,4.0,4.0,0.0
2025-2025040815gm-00a9-0000-3be4a59c-09-s2-d16,14,4.0,4.0,0.0
2025-2025040815gm-00a9-0000-3be4a59c-09-s2-d16,15,4.0,4.0,0.0
2025-2025040815gm-00a9-0000-3be4a59c-09-s2-d16,16,4.0,4.0,0.0
2025-2025040815gm-00a9-0000-3be4a59c-09-s2-d16,17,4.0,4.0,0.0
2025-2025040815gm-00a9-0000-3be4a59c-09-s2-d16,18,4.0,4.0,0.0
2025-2025040815gm-00a9-0000-3be4a59c-09-s2-d16,19,-4.0,-4.0,0.0
2025-2025040815gm-00a9-0000-3be4a59c-09-s2-d16,20,4.0,4.0,0.0
2025-2025040815gm-00a9-0000-3be4a59c-09-s2-d16,21,4.0,4.0,0.0
2025-2025040815gm-00a9-0000-3be4a59c-09-s2-d16,22,4.0,-4.0,-8.0
2025-2025040815gm-00a9-0000-3be4a59c-09-s2-d16,23,4.0,4.0,0.0
2025-2025040815gm-00a9-0000-3be4a59c-09-s2-d16,24,4.0,4.0,0.0
2025-2025040815gm-00a9-0000-3be4a59c-09-s2-d16,25,4.0,4.0,0.0
2025-2025040815gm-00a9-0000-3be4a59c-09-s2-d16,26,4.0,4.0,0.0
2025-2025040815gm-00a9-0000-3be4a59c-09-s2-d16,27,4.0,4.0,0.0
2025-2025040815gm-00a9-0000-3be4a59c-09-s2-d16,28,4.0,4.0,0.0
2025-2025040815gm-00a9-0000-3be4a59c-09-s2-d16,29,4.0,4.0,0.0
2025-2025040815gm-00a9-0000-3be4a59c-09-s2-d16,30,4.0,4.0,0.0
2025-2025040815gm-00a9-0000-3be4a59c-09-s2-d16,31,4.0,4.0,0.0
2025-2025040815gm-00a9-0000-3be4a59c-09-s2-d16,32,4.0,4.0,0.0
2025-2025040815gm-00a9-0000-3be4a59c-09-s2-d16,33,4.0,4.0,0.0
2025-2025040815gm-00a9-0000-3be4a59c-09-s2-d16,34,4.0,4.0,0.0
2025-2025040815gm-00a9-0000-3be4a59c-09-s2-d16,35,-4.0,-4.0,0.0
2025-2025040815gm-00a9-0000-3be4a59c-09-s2-d16,36,4.0,4.0,0.0
2025-2025040815gm-00a9-0000-3be4a59c-09-s2-d16,37,4.0,4.0,0.0
2025-2025040815gm-00a9-0000-3be4a59c-09-s2-d16,38,4.0,4.0,0.0
2025-2025040815gm-00a9-0000-3be4a59c-09-s2-d16,39,4.0,4.0,0.0
2025-2025040815gm-00a9-0000-3be4a59c-09-s2-d16,40,-4.0,-4.0,0.0
2025-2025040815gm-00a9-0000-3be4a59c-09-s2-d16,41,4.0,4.0,0.0
2025-2025040815gm-00a9-0000-3be4a59c-09-s2-d16,42,4.0,4.0,0.0
2025-2025040815gm-00a9-0000-3be4a59c-09-s2-d16,43,4.0,4.0,0.0
2025-2025040815gm-00a9-0000-3be4a59c-09-s2-d16,44,4.0,4.0,0.0
2025-2025040815gm-00a9-0000-3be4a59c-09-s2-d16,45,4.0,4.0,0.0
2025-2025040815gm-00a9-0000-3be4a59c-09-s2-d16,46,4.0,4.0,0.0
2025-2025040815gm-00a9-0000-3be4a59c-09-s2-d16,47,4.0,4.0,0.0
2025-2025040815gm-00a9-0000-3be4a59c-09-s2-d16,48,4.0,4.0,0.0
2025-2025040815gm-00a9-0000-3be4a59c-09-s2-d16,49,4.0,4.0,0.0
2025-2025040815gm-00a9-0000-3be4a59c-09-s2-d16,50,4.0,4.0,0.0
2025-2025040815gm-00a9-0000-3be4a59c-09-s2-d16,51,4.0,4.0,0.0
2025-2025040815gm-00a9-0000-3be4a59c-09-s2-d16,52,4.0,4.0,0.0
2025-2025040815gm-00a9-0000-3be4a59c-09-s2-d16,53,4.0,4.0,0.0
2025-2025040815gm-00a9-0000-3be4a59c-09-s2-d16,54,4.0,4.0,0.0
2025-2025040815gm-00a9-0000-3be4a59c-09-s2-d16,55,4.0,4.0,0.0
2025-2025040815gm-00a9-0000-3be4a59c-09-s2-d16,56,4.0,4.0,0.0
2025-2025040815gm-00a9-0000-3be4a59c-09-s2-d16,57,4.0,4.0,0.0
2025-2025040815gm-00a9-0000-3be4a59c-09-s2-d16,58,4.0,4.0,0.0
2025-2025040815gm-00a9-0000-3be4a59c-09-s2-d16,59,4.0,4.0,0.0
2025-2025040815gm-00a9-0000-3be4a59c-09-s2-d16,60,4.0,4.0,0.0
2025-2025040815gm-00a9-0000-3be4a59c-09-s2-d16,61,4.0,4.0,0.0
2025-2025040815gm-00a9-0000-3be4a59c-09-s2-d16,62,4.0,4.0,0.0
2025-2025040815gm-00a9-0000-3be4a59c-09-s2-d16,63,4.0,4.0,0.0
2025-2025040815gm-00a9-0000-3be4a59c-09-s2-d16,64,4.0,4.0,0.0
2025-2025040815gm-00a9-0000-3be4a59c-09-s2-d16,65,4.0,4.0,0.0
2025-2025040815gm-00a9-0000-3be4a59c-09-s2-d16,66,4.0,4.0,0.0
2025-2025040815gm-00a9-0000-3be4a59c-09-s2-d16,67,-4.0,-4.0,0.0
2025-2025040815gm-00a9-0000-3be4a59c-09-s2-d16,68,-4.0,-4.0,0.0
2025-2025040815gm-00a9-0000-3be4a59c-09-s2-d16,69,4.0,4.0,0.0
2025-2025040815gm-00a9-0000-3be4a59c-09-s2-d16,70,4.0,4.0,0.0
2025-2025040815gm-00a9-0000-3be4a59c-09-s2-d16,71,4.0,4.0,0.0
2025-2025040815gm-00a9-0000-3be4a59c-09-s2-d16,72,4.0,4.0,0.0
2025-2025040815gm-00a9-0000-3be4a59c-09-s2-d16,73,4.0,4.0,0.0
2025-2025040815gm-00a9-0000-3be4a59c-09-s2-d16,74,4.0,4.0,0.0
2025-2025040815gm-00a9-0000-3be4a59c-09-s2-d16,75,4.0,4.0,0.0
2025-2025040815gm-00a9-0000-3be4a59c-09-s2-d16,76,4.0,4.0,0.0
2025-2025040815gm-00a9-0000-3be4a59c-09-s2-d16,77,-4.0,-4.0,0.0
2025-2025040815gm-00a9-0000-3be4a59c-09-s2-d16,78,4.0,4.0,0.0
2025-2025040815gm-00a9-0000-3be4a59c-09-s2-d16,79,4.0,4.0,0.0
2025-2025040815gm-00a9-0000-3be4a59c-09-s2-d16,80,4.0,4.0,0.0
2025-2025040815gm-00a9-0000-3be4a59c-09-s2-d16,81,4.0,4.0,0.0
2025-2025040815gm-00a9-0000-3be4a59c-09-s2-d16,82,4.0,4.0,0.0
2025-2025040815gm-00a9-0000-3be4a59c-09-s2-d16,83,4.0,4.0,0.0
2025-2025040815gm-00a9-0000-3be4a59c-09-s2-d16,84,4.0,4.0,0.0
2025-2025040815gm-00a9-0000-3be4a59c-09-s2-d16,85,4.0,4.0,0.0
2025-2025040815gm-00a9-0000-3be4a59c-09-s2-d16,86,4.0,4.0,0.0
2025-2025040815gm-00a9-0000-3be4a59c-09-s2-d16,87,4.0,-4.0,-8.0
2025-2025040815gm-00a9-0000-3be4a59c-09-s2-d16,88,4.0,4.0,0.0
2025-2025040815gm-00a9-0000-3be4a59c-09-s2-d16,89,4.0,4.0,0.0
2025-2025040815gm-00a9-0000-3be4a59c-09-s2-d16,90,4.0,4.0,0.0
2025-2025040815gm-00a9-0000-3be4a59c-09-s2-d16,91,4.0,4.0,0.0
2025-2025040815gm-00a9-0000-3be4a59c-09-s2-d16,92,4.0,4.0,0.0
2025-2025040815gm-00a9-0000-3be4a59c-09-s2-d16,93,-4.0,-4.0,0.0
2025-2025040815gm-00a9-0000-3be4a59c-09-s2-d16,94,4.0,4.0,0.0
2025-2025040815gm-00a9-0000-3be4a59c-09-s2-d16,95,4.0,4.0,0.0
2025-2025040815gm-00a9-0000-3be4a59c-09-s2-d16,96,4.0,4.0,0.0
2025-2025040815gm-00a9-0000-3be4a59c-09-s2-d16,97,4.0,4.0,0.0
2025-2025040815gm-00a9-0000-3be4a59c-09-s2-d16,98,4.0,4.0,0.0
2025-2025040815gm-00a9-0000-3be4a59c-09-s2-d16,99,4.0,4.0,0.0
2025-2025040815gm-00a9-0000-3be4a59c-09-s2-d16,100,4.0,4.0,0.0
2025-2025040815gm-00a9-0000-3be4a59c-09-s2-d16,101,10.0,4.0,-6.0
2025-2025040815gm-00a9-0000-3be4a59c-09-s2-d16,102,4.0,4.0,0.0
2025-2025040815gm-00a9-0000-3be4a59c-09-s2-d16,103,4.0,4.0,0.0
2025-2025040815gm-00a9-0000-3be4a59c-09-s2-d16,104,4.0,4.0,0.0
2025-2025040815gm-00a9-0000-3be4a59c-09-s2-d16,105,4.0,4.0,0.0
2025-2025040815gm-00a9-0000-3be4a59c-09-s2-d16,106,4.0,4.0,0.0
2025-2025040815gm-00a9-0000-3be4a59c-09-s2-d16,107,4.0,4.0,0.0
2025-2025040815gm-00a9-0000-3be4a59c-09-s2-d16,108,4.0,4.0,0.0
2025-2025040815gm-00a9-0000-3be4a59c-09-s2-d16,109,4.0,4.0,0.0
2025-2025040815gm-00a9-0000-3be4a59c-09-s2-d16,110,4.0,4.0,0.0
2025-2025040815gm-00a9-0000-3be4a59c-09-s2-d16,111,4.0,4.0,0.0
2025-2025040815gm-00a9-0000-3be4a59c-09-s2-d16,112,4.0,4.0,0.0
2025-2025040815gm-00a9-0000-3be4a59c-09-s2-d16,113,4.0,4.0,0.0
2025-2025040815gm-00a9-0000-3be4a59c-09-s2-d16,114,4.0,4.0,0.0
2025-2025040815gm-00a9-0000-3be4a59c-09-s2-d16,115,4.0,4.0,0.0
2025-2025040815gm-00a9-0000-3be4a59c-09-s2-d16,116,4.0,4.0,0.0
2025-2025040815gm-00a9-0000-3be4a59c-09-s2-d16,117,4.0,4.0,0.0
2025-2025040815gm-00a9-0000-3be4a59c-09-s2-d16,118,4.0,4.0,0.0
2025-2025040815gm-00a9-0000-3be4a59c-09-s2-d16,119,4.0,4.0,0.0
2025-2025040815gm-00a9-0000-3be4a59c-09-s2-d16,120,4.0,4.0,0.0
2025-2025040815gm-00a9-0000-3be4a59c-09-s2-d16,121,4.0,4.0,0.0
2025-2025040815gm-00a9-0000-3be4a59c-09-s2-d16,122,4.0,4.0,0.0
2025-2025040815gm-00a9-0000-3be4a59c-09-s2-d16,123,4.0,4.0,0.0
2025-2025040815gm-00a9-0000-3be4a59c-09-s2-d16,124,4.0,4.0,0.0
2025-2025040815gm-00a9-0000-3be4a59c-09-s2-d16,125,4.0,4.0,0.0
2025-2025040815gm-00a9-0000-3be4a59c-09-s2-d16,126,4.0,4.0,0.0
2025-2025040815gm-00a9-0000-3be4a59c-09-s2-d16,127,4.0,4.0,0.0
2025-2025040815gm-00a9-0000-3be4a59c-09-s2-d16,128,4.0,4.0,0.0
2025-2025040815gm-00a9-0000-3be4a59c-09-s2-d16,129,4.0,4.0,0.0
2025-2025040815gm-00a9-0000-3be4a59c-09-s2-d16,130,4.0,4.0,0.0
2025-2025040815gm-00a9-0000-3be4a59c-09-s2-d16,131,4.0,4.0,0.0
2025-2025040815gm-00a9-0000-3be4a59c-09-s2-d16,132,4.0,4.0,0.0
2025-2025040815gm-00a9-0000-3be4a59c-09-s2-d16,133,4.0,4.0,0.0
2025-2025040815gm-00a9-0000-3be4a59c-09-s2-d16,134,4.0,4.0,0.0
2025-2025040815gm-00a9-0000-3be4a59c-09-s2-d16,135,4.0,4.0,0.0
2025-2025040815gm-00a9-0000-3be4a59c-09-s2-d16,136,4.0,4.0,0.0
2025-2025040815gm-00a9-0000-3be4a59c-09-s2-d16,137,4.0,-4.0,-8.0
2025-2025040815gm-00a9-0000-3be4a59c-09-s2-d16,138,4.0,4.0,0.0
2025-2025040815gm-00a9-0000-3be4a59c-09-s2-d16,139,4.0,4.0,0.0
2025-2025040815gm-00a9-0000-3be4a59c-09-s2-d16,140,4.0,4.0,0.0
2025-2025040815gm-00a9-0000-3be4a59c-09-s2-d16,141,4.0,4.0,0.0
2025-2025040815gm-00a9-0000-3be4a59c-09-s2-d16,142,4.0,4.0,0.0
2025-2025040815gm-00a9-0000-3be4a59c-09-s2-d16,143,4.0,4.0,0.0
2025-2025040815gm-00a9-0000-3be4a59c-09-s2-d16,144,4.0,4.0,0.0
2025-2025040815gm-00a9-0000-3be4a59c-09-s2-d16,145,4.0,4.0,0.0
2025-2025040815gm-00a9-0000-3be4a59c-09-s2-d16,146,4.0,4.0,0.0
2025-2025040815gm-00a9-0000-3be4a59c-09-s2-d16,147,4.0,4.0,0.0
2025-2025040815gm-00a9-0000-3be4a59c-09-s2-d16,148,4.0,4.0,0.0
2025-2025040815gm-00a9-0000-3be4a59c-09-s2-d16,149,4.0,4.0,0.0
2025-2025040815gm-00a9-0000-3be4a59c-09-s2-d16,150,4.0,4.0,0.0
2025-2025040815gm-00a9-0000-3be4a59c-09-s2-d16,151,4.0,4.0,0.0
2025-2025040815gm-00a9-0000-3be4a59c-09-s2-d16,152,4.0,4.0,0.0
2025-2025040815gm-00a9-0000-3be4a59c-09-s2-d16,153,4.0,4.0,0.0
2025-2025040815gm-00a9-0000-3be4a59c-09-s2-d16,154,4.0,4.0,0.0
2025-2025040815gm-00a9-0000-3be4a59c-09-s2-d16,155,4.0,4.0,0.0
2025-2025040815gm-00a9-0000-3be4a59c-09-s2-d16,156,4.0,4.0,0.0
2025-2025040815gm-00a9-0000-3be4a59c-09-s2-d16,157,4.0,4.0,0.0
2025-2025040815gm-00a9-0000-3be4a59c-09-s2-d16,158,4.0,4.0,0.0
2025-2025040815gm-00a9-0000-3be4a59c-09-s2-d16,159,4.0,4.0,0.0
2025-2025040815gm-00a9-0000-3be4a59c-09-s2-d16,160,4.0,4.0,0.0
2025-2025040815gm-00a9-0000-3be4a59c-09-s2-d16,161,4.0,4.0,0.0
2025-2025040815gm-00a9-0000-3be4a59c-09-s2-d16,162,4.0,4.0,0.0
2025-2025040815gm-00a9-0000-3be4a59c-09-s2-d16,163,4.0,4.0,0.0
2025-2025040815gm-00a9-0000-3be4a59c-09-s2-d16,164,4.0,4.0,0.0
2025-2025040815gm-00a9-0000-3be4a59c-09-s2-d16,165,4.0,4.0,0.0
2025-2025040815gm-00a9-0000-3be4a59c-09-s2-d16,166,4.0,4.0,0.0
2025-2025040815gm-00a9-0000-3be4a59c-09-s2-d16,167,4.0,4.0,0.0
2025-2025040815gm-00a9-0000-3be4a59c-09-s2-d16,168,4.0,4.0,0.0
2025-2025040815gm-00a9-0000-3be4a59c-09-s2-d16,169,4.0,4.0,0.0
2025-2025040815gm-00a9-0000-3be4a59c-09-s2-d16,170,4.0,4.0,0.0
2025-2025040815gm-00a9-0000-3be4a59c-09-s2-d16,171,4.0,4.0,0.0
2025-2025040815gm-00a9-0000-3be4a59c-09-s2-d16,172,4.0,4.0,0.0
2025-2025040815gm-00a9-0000-3be4a59c-09-s2-d16,173,4.0,4.0,0.0
2025-2025040815gm-00a9-0000-3be4a59c-09-s2-d16,174,4.0,4.0,0.0
2025-2025040815gm-00a9-0000-3be4a59c-09-s2-d16,175,4.0,4.0,0.0
2025-2025040815gm-00a9-0000-3be4a59c-09-s2-d16,176,4.0,4.0,0.0
2025-2025040815gm-00a9-0000-3be4a59c-09-s2-d16,177,4.0,4.0,0.0
2025-2025040815gm-00a9-0000-3be4a59c-09-s2-d16,178,4.0,4.0,0.0
2025-2025040815gm-00a9-0000-3be4a59c-09-s2-d16,179,4.0,4.0,0.0
2025-2025040815gm-00a9-0000-3be4a59c-09-s2-d16,180,-4.0,-4.0,0.0
2025-2025040815gm-00a9-0000-3be4a59c-09-s2-d16,181,4.0,4.0,0.0
2025-2025040815gm-00a9-0000-3be4a59c-09-s2-d16,182,4.0,4.0,0.0
2025-2025040815gm-00a9-0000-3be4a59c-09-s2-d16,183,4.0,4.0,0.0
2025-2025040815gm-00a9-0000-3be4a59c-09-s2-d16,184,4.0,4.0,0.0
2025-2025040815gm-00a9-0000-3be4a59c-09-s2-d16,185,4.0,4.0,0.0
2025-2025040815gm-00a9-0000-3be4a59c-09-s2-d16,186,4.0,4.0,0.0
2025-2025040815gm-00a9-0000-3be4a59c-09-s2-d16,187,4.0,4.0,0.0
2025-2025040815gm-00a9-0000-3be4a59c-09-s2-d16,188,4.0,4.0,0.0
2025-2025040815gm-00a9-0000-3be4a59c-09-s2-d16,189,4.0,4.0,0.0
2025-2025040815gm-00a9-0000-3be4a59c-09-s2-d16,190,4.0,4.0,0.0
2025-2025040815gm-00a9-0000-3be4a59c-09-s2-d16,191,-4.0,-4.0,0.0
2025-2025041222gm-00a9-0000-8add91ad-00-s3-d8,0,-4.0,4.0,8.0
2025-2025041222gm-00a9-0000-8add91ad-00-s3-d8,1,-10.0,-4.0,6.0
2025-2025041222gm-00a9-0000-8add91ad-00-s3-d8,2,4.0,-4.0,-8.0
2025-2025041222gm-00a9-0000-8add91ad-00-s3-d8,3,-10.0,-10.0,0.0
2025-2025041222gm-00a9-0000-8add91ad-00-s3-d8,4,10.0,10.0,0.0
2025-2025041222gm-00a9-0000-8add91ad-00-s3-d8,5,4.0,-4.0,-8.0
2025-2025041222gm-00a9-0000-8add91ad-00-s3-d8,6,-10.0,-10.0,0.0
2025-2025041222gm-00a9-0000-8add91ad-00-s3-d8,7,4.0,-4.0,-8.0
2025-2025041222gm-00a9-0000-8add91ad-00-s3-d8,8,10.0,-10.0,-20.0
2025-2025041222gm-00a9-0000-8add91ad-00-s3-d8,9,10.0,10.0,0.0
2025-2025041222gm-00a9-0000-8add91ad-00-s3-d8,10,10.0,10.0,0.0
2025-2025041222gm-00a9-0000-8add91ad-00-s3-d8,11,4.0,-4.0,-8.0
2025-2025041222gm-00a9-0000-8add91ad-00-s3-d8,12,4.0,-4.0,-8.0
2025-2025041222gm-00a9-0000-8add91ad-00-s3-d8,13,4.0,10.0,6.0
2025-2025041222gm-00a9-0000-8add91ad-00-s3-d8,14,-4.0,-4.0,0.0
2025-2025041222gm-00a9-0000-8add91ad-00-s3-d8,15,-10.0,-4.0,6.0
2025-2025041222gm-00a9-0000-8add91ad-00-s3-d8,16,-10.0,-10.0,0.0
2025-2025041222gm-00a9-0000-8add91ad-00-s3-d8,17,10.0,-10.0,-20.0
2025-2025041222gm-00a9-0000-8add91ad-00-s3-d8,18,-10.0,-10.0,0.0
2025-2025041222gm-00a9-0000-8add91ad-00-s3-d8,19,-10.0,-4.0,6.0
2025-2025041222gm-00a9-0000-8add91ad-00-s3-d8,20,10.0,-10.0,-20.0
2025-2025041222gm-00a9-0000-8add91ad-00-s3-d8,21,4.0,4.0,0.0
2025-2025041222gm-00a9-0000-8add91ad-00-s3-d8,22,4.0,4.0,0.0
2025-2025041222gm-00a9-0000-8add91ad-00-s3-d8,23,4.0,-10.0,-14.0
2025-2025041222gm-00a9-0000-8add91ad-00-s3-d8,24,-10.0,10.0,20.0
2025-2025041222gm-00a9-0000-8add91ad-00-s3-d8,25,-4.0,-4.0,0.0
2025-2025041222gm-00a9-0000-8add91ad-00-s3-d8,26,-4.0,4.0,8.0
2025-2025041222gm-00a9-0000-8add91ad-00-s3-d8,27,10.0,10.0,0.0
2025-2025041222gm-00a9-0000-8add91ad-00-s3-d8,28,4.0,-10.0,-14.0
2025-2025041222gm-00a9-0000-8add91ad-00-s3-d8,29,-4.0,-4.0,0.0
2025-2025041222gm-00a9-0000-8add91ad-00-s3-d8,30,4.0,-4.0,-8.0
2025-2025041222gm-00a9-0000-8add91ad-00-s3-d8,31,-4.0,-4.0,0.0
2025-2025041222gm-00a9-0000-8add91ad-00-s3-d8,32,10.0,10.0,0.0
2025-2025041222gm-00a9-0000-8add91ad-00-s3-d8,33,-4.0,10.0,14.0
2025-2025041222gm-00a9-0000-8add91ad-00-s3-d8,34,-4.0,-4.0,0.0
2025-2025041222gm-00a9-0000-8add91ad-00-s3-d8,35,-4.0,4.0,8.0
2025-2025041222gm-00a9-0000-8add91ad-00-s3-d8,36,-4.0,-10.0,-6.0
2025-2025041222gm-00a9-0000-8add91ad-00-s3-d8,37,-10.0,-10.0,0.0
2025-2025041222gm-00a9-0000-8add91ad-00-s3-d8,38,-10.0,-4.0,6.0
2025-2025041222gm-00a9-0000-8add91ad-00-s3-d8,39,4.0,-10.0,-14.0
2025-2025041222gm-00a9-0000-8add91ad-00-s3-d8,40,10.0,-10.0,-20.0
2025-2025041222gm-00a9-0000-8add91ad-00-s3-d8,41,-10.0,-4.0,6.0
2025-2025041222gm-00a9-0000-8add91ad-00-s3-d8,42,-4.0,4.0,8.0
2025-2025041222gm-00a9-0000-8add91ad-00-s3-d8,43,-10.0,4.0,14.0
2025-2025041222gm-00a9-0000-8add91ad-00-s3-d8,44,4.0,4.0,0.0
2025-2025041222gm-00a9-0000-8add91ad-00-s3-d8,45,10.0,10.0,0.0
2025-2025041222gm-00a9-0000-8add91ad-00-s3-d8,46,4.0,-4.0,-8.0
2025-2025041222gm-00a9-0000-8add91ad-00-s3-d8,47,-4.0,-10.0,-6.0
2025-2025041222gm-00a9-0000-8add91ad-00-s3-d8,48,-4.0,10.0,14.0
2025-2025041222gm-00a9-0000-8add91ad-00-s3-d8,49,-4.0,-4.0,0.0
2025-2025041222gm-00a9-0000-8add91ad-00-s3-d8,50,4.0,-10.0,-14.0
2025-2025041222gm-00a9-0000-8add91ad-00-s3-d8,51,-10.0,-4.0,6.0
2025-2025041222gm-00a9-0000-8add91ad-00-s3-d8,52,-10.0,-10.0,0.0
2025-2025041222gm-00a9-0000-8add91ad-00-s3-d8,53,10.0,4.0,-6.0
2025-2025041222gm-00a9-0000-8add91ad-00-s3-d8,54,-10.0,-10.0,0.0
2025-2025041222gm-00a9-0000-8add91ad-00-s3-d8,55,-10.0,-10.0,0.0
2025-2025041222gm-00a9-0000-8add91ad-00-s3-d8,56,10.0,4.0,-6.0
2025-2025041222gm-00a9-0000-8add91ad-00-s3-d8,57,10.0,10.0,0.0
2025-2025041222gm-00a9-0000-8add91ad-00-s3-d8,58,10.0,10.0,0.0
2025-2025041222gm-00a9-0000-8add91ad-00-s3-d8,59,4.0,4.0,0.0
2025-2025041222gm-00a9-0000-8add91ad-00-s3-d8,60,10.0,-4.0,-14.0
2025-2025041222gm-00a9-0000-8add91ad-00-s3-d8,61,10.0,4.0,-6.0
2025-2025041222gm-00a9-0000-8add91ad-00-s3-d8,62,4.0,10.0,6.0
2025-2025041222gm-00a9-0000-8add91ad-00-s3-d8,63,10.0,10.0,0.0
2025-2025041222gm-00a9-0000-8add91ad-00-s3-d8,64,10.0,10.0,0.0
2025-2025041222gm-00a9-0000-8add91ad-00-s3-d8,65,4.0,-4.0,-8.0
2025-2025041222gm-00a9-0000-8add91ad-00-s3-d8,66,-4.0,-10.0,-6.0
2025-2025041222gm-00a9-0000-8add91ad-00-s3-d8,67,4.0,-4.0,-8.0
2025-2025041222gm-00a9-0000-8add91ad-00-s3-d8,68,4.0,-10.0,-14.0
2025-2025041222gm-00a9-0000-8add91ad-00-s3-d8,69,-4.0,4.0,8.0
2025-2025041222gm-00a9-0000-8add91ad-00-s3-d8,70,4.0,-10.0,-14.0
2025-2025041222gm-00a9-0000-8add91ad-00-s3-d8,71,-4.0,4.0,8.0
2025-2025041222gm-00a9-0000-8add91ad-00-s3-d8,72,10.0,4.0,-6.0
2025-2025041222gm-00a9-0000-8add91ad-00-s3-d8,73,-4.0,-4.0,0.0
2025-2025041222gm-00a9-0000-8add91ad-00-s3-d8,74,10.0,10.0,0.0
2025-2025041222gm-00a9-0000-8add91ad-00-s3-d8,75,-10.0,10.0,20.0
2025-2025041222gm-00a9-0000-8add91ad-00-s3-d8,76,4.0,-4.0,-8.0
2025-2025041222gm-00a9-0000-8add91ad-00-s3-d8,77,-4.0,-4.0,0.0
2025-2025041222gm-00a9-0000-8add91ad-00-s3-d8,78,10.0,10.0,0.0
2025-2025041222gm-00a9-0000-8add91ad-00-s3-d8,79,-10.0,-4.0,6.0
2025-2025041222gm-00a9-0000-8add91ad-00-s3-d8,80,-10.0,4.0,14.0
2025-2025041222gm-00a9-0000-8add91ad-00-s3-d8,81,4.0,4.0,0.0
2025-2025041222gm-00a9-0000-8add91ad-00-s3-d8,82,10.0,10.0,0.0
2025-2025041222gm-00a9-0000-8add91ad-00-s3-d8,83,-10.0,-10.0,0.0
2025-2025041222gm-00a9-0000-8add91ad-00-s3-d8,84,-10.0,4.0,14.0
2025-2025041222gm-00a9-0000-8add91ad-00-s3-d8,85,10.0,10.0,0.0
2025-2025041222gm-00a9-0000-8add91ad-00-s3-d8,86,-4.0,4.0,8.0
2025-2025041222gm-00a9-0000-8add91ad-00-s3-d8,87,4.0,4.0,0.0
2025-2025041222gm-00a9-0000-8add91ad-00-s3-d8,88,-4.0,-10.0,-6.0
2025-2025041222gm-00a9-0000-8add91ad-00-s3-d8,89,-4.0,10.0,14.0
2025-2025041222gm-00a9-0000-8add91ad-00-s3-d8,90,-4.0,4.0,8.0
2025-2025041222gm-00a9-0000-8add91ad-00-s3-d8,91,-10.0,10.0,20.0
2025-2025041222gm-00a9-0000-8add91ad-00-s3-d8,92,4.0,4.0,0.0
2025-2025041222gm-00a9-0000-8add91ad-00-s3-d8,93,10.0,4.0,-6.0
2025-2025041222gm-00a9-0000-8add91ad-00-s3-d8,94,10.0,10.0,0.0
2025-2025041222gm-00a9-0000-8add91ad-00-s3-d8,95,4.0,-4.0,-8.0
2025-2025041222gm-00a9-0000-8add91ad-00-s3-d8,96,10.0,4.0,-6.0
2025-2025041222gm-00a9-0000-8add91ad-00-s3-d8,97,-4.0,-4.0,0.0
2025-2025041222gm-00a9-0000-8add91ad-00-s3-d8,98,-4.0,10.0,14.0
2025-2025041222gm-00a9-0000-8add91ad-00-s3-d8,99,-4.0,-10.0,-6.0
2025-2025041222gm-00a9-0000-8add91ad-00-s3-d8,100,10.0,-4.0,-14.0
2025-2025041222gm-00a9-0000-8add91ad-00-s3-d8,101,-4.0,-10.0,-6.0
2025-2025041222gm-00a9-0000-8add91ad-00-s3-d8,102,-10.0,4.0,14.0
2025-2025041222gm-00a9-0000-8add91ad-00-s3-d8,103,-4.0,-4.0,0.0
2025-2025041222gm-00a9-0000-8add91ad-00-s3-d8,104,10.0,10.0,0.0
2025-2025041222gm-00a9-0000-8add91ad-00-s3-d8,105,-4.0,-4.0,0.0
2025-2025041222gm-00a9-0000-8add91ad-00-s3-d8,106,4.0,4.0,0.0
2025-2025041222gm-00a9-0000-8add91ad-00-s3-d8,107,-4.0,-4.0,0.0
2025-2025041222gm-00a9-0000-8add91ad-00-s3-d8,108,-10.0,4.0,14.0
2025-2025041222gm-00a9-0000-8add91ad-00-s3-d8,109,-4.0,4.0,8.0
2025-2025041222gm-00a9-0000-8add91ad-00-s3-d8,110,-4.0,4.0,8.0
2025-2025041222gm-00a9-0000-8add91ad-00-s3-d8,111,10.0,10.0,0.0
2025-2025041222gm-00a9-0000-8add91ad-00-s3-d8,112,-10.0,4.0,14.0
2025-2025041222gm-00a9-0000-8add91ad-00-s3-d8,113,-10.0,4.0,14.0
2025-2025041222gm-00a9-0000-8add91ad-00-s3-d8,114,10.0,4.0,-6.0
2025-2025041222gm-00a9-0000-8add91ad-00-s3-d8,115,4.0,10.0,6.0
2025-2025041222gm-00a9-0000-8add91ad-00-s3-d8,116,-10.0,4.0,14.0
2025-2025041222gm-00a9-0000-8add91ad-00-s3-d8,117,-10.0,-4.0,6.0
2025-2025041222gm-00a9-0000-8add91ad-00-s3-d8,118,4.0,4.0,0.0
2025-2025041222gm-00a9-0000-8add91ad-00-s3-d8,119,-10.0,10.0,20.0
2025-2025041222gm-00a9-0000-8add91ad-00-s3-d8,120,10.0,4.0,-6.0
2025-2025041222gm-00a9-0000-8add91ad-00-s3-d8,121,-4.0,10.0,14.0
2025-2025041222gm-00a9-0000-8add91ad-00-s3-d8,122,-4.0,10.0,14.0
2025-2025041222gm-00a9-0000-8add91ad-00-s3-d8,123,-4.0,10.0,14.0
2025-2025041222gm-00a9-0000-8add91ad-00-s3-d8,124,4.0,4.0,0.0
2025-2025041222gm-00a9-0000-8add91ad-00-s3-d8,125,10.0,10.0,0.0
2025-2025041222gm-00a9-0000-8add91ad-00-s3-d8,126,4.0,-10.0,-14.0
2025-2025041222gm-00a9-0000-8add91ad-00-s3-d8,127,-10.0,10.0,20.0
2025-2025041222gm-00a9-0000-8add91ad-00-s3-d8,128,4.0,-4.0,-8.0
2025-2025041222gm-00a9-0000-8add91ad-00-s3-d8,129,-10.0,-10.0,0.0
2025-2025041222gm-00a9-0000-8add91ad-00-s3-d8,130,4.0,-10.0,-14.0
2025-2025041222gm-00a9-0000-8add91ad-00-s3-d8,131,10.0,10.0,0.0
2025-2025041222gm-00a9-0000-8add91ad-00-s3-d8,132,-4.0,10.0,14.0
2025-2025041222gm-00a9-0000-8add91ad-00-s3-d8,133,10.0,10.0,0.0
2025-2025041222gm-00a9-0000-8add91ad-00-s3-d8,134,-10.0,-10.0,0.0
2025-2025041222gm-00a9-0000-8add91ad-00-s3-d8,135,10.0,10.0,0.0
2025-2025041222gm-00a9-0000-8add91ad-00-s3-d8,136,4.0,10.0,6.0
2025-2025041222gm-00a9-0000-8add91ad-00-s3-d8,137,10.0,10.0,0.0
2025-2025041222gm-00a9-0000-8add91ad-00-s3-d8,138,-10.0,-10.0,0.0
2025-2025041222gm-00a9-0000-8add91ad-00-s3-d8,139,10.0,-10.0,-20.0
2025-2025041222gm-00a9-0000-8add91ad-00-s3-d8,140,-10.0,-10.0,0.0
2025-2025041222gm-00a9-0000-8add91ad-00-s3-d8,141,-4.0,10.0,14.0
2025-2025041222gm-00a9-0000-8add91ad-00-s3-d8,142,4.0,4.0,0.0
2025-2025041222gm-00a9-0000-8add91ad-00-s3-d8,143,-4.0,-10.0,-6.0
2025-2025041222gm-00a9-0000-8add91ad-00-s3-d8,144,-10.0,10.0,20.0
2025-2025041222gm-00a9-0000-8add91ad-00-s3-d8,145,10.0,-4.0,-14.0
2025-2025041222gm-00a9-0000-8add91ad-00-s3-d8,146,-4.0,10.0,14.0
2025-2025041222gm-00a9-0000-8add91ad-00-s3-d8,147,-10.0,10.0,20.0
2025-2025041222gm-00a9-0000-8add91ad-00-s3-d8,148,-10.0,-10.0,0.0
2025-2025041222gm-00a9-0000-8add91ad-00-s3-d8,149,4.0,-10.0,-14.0
2025-2025041222gm-00a9-0000-8add91ad-00-s3-d8,150,4.0,-10.0,-14.0
2025-2025041222gm-00a9-0000-8add91ad-00-s3-d8,151,10.0,-4.0,-14.0
2025-2025041222gm-00a9-0000-8add91ad-00-s3-d8,152,-10.0,10.0,20.0
2025-2025041222gm-00a9-0000-8add91ad-00-s3-d8,153,-4.0,10.0,14.0
2025-2025041222gm-00a9-0000-8add91ad-00-s3-d8,154,-4.0,4.0,8.0
2025-2025041222gm-00a9-0000-8add91ad-00-s3-d8,155,-4.0,-4.0,0.0
2025-2025041222gm-00a9-0000-8add91ad-00-s3-d8,156,-4.0,-4.0,0.0
2025-2025041222gm-00a9-0000-8add91ad-00-s3-d8,157,-4.0,4.0,8.0
2025-2025041222gm-00a9-0000-8add91ad-00-s3-d8,158,10.0,10.0,0.0
2025-2025041222gm-00a9-0000-8add91ad-00-s3-d8,159,-4.0,-10.0,-6.0
2025-2025041222gm-00a9-0000-8add91ad-00-s3-d8,160,10.0,10.0,0.0
2025-2025041222gm-00a9-0000-8add91ad-00-s3-d8,161,-4.0,-4.0,0.0
2025-2025041222gm-00a9-0000-8add91ad-00-s3-d8,162,4.0,-4.0,-8.0
2025-2025041222gm-00a9-0000-8add91ad-00-s3-d8,163,-10.0,-10.0,0.0
2025-2025041222gm-00a9-0000-8add91ad-00-s3-d8,164,-10.0,-10.0,0.0
2025-2025041222gm-00a9-0000-8add91ad-00-s3-d8,165,4.0,10.0,6.0
2025-2025041222gm-00a9-0000-8add91ad-00-s3-d8,166,-4.0,-10.0,-6.0
2025-2025041222gm-00a9-0000-8add91ad-00-s3-d8,167,10.0,4.0,-6.0
2025-2025041222gm-00a9-0000-8add91ad-00-s3-d8,168,-10.0,-10.0,0.0
2025-2025041222gm-00a9-0000-8add91ad-00-s3-d8,169,10.0,10.0,0.0
2025-2025041222gm-00a9-0000-8add91ad-00-s3-d8,170,4.0,10.0,6.0
2025-2025041222gm-00a9-0000-8add91ad-00-s3-d8,171,-10.0,-10.0,0.0
2025-2025041222gm-00a9-0000-8add91ad-00-s3-d8,172,-10.0,-10.0,0.0
2025-2025041222gm-00a9-0000-8add91ad-00-s3-d8,173,-10.0,4.0,14.0
2025-2025041222gm-00a9-0000-8add91ad-00-s3-d8,174,4.0,-4.0,-8.0
2025-2025041222gm-00a9-0000-8add91ad-00-s3-d8,175,-4.0,10.0,14.0
2025-2025041222gm-00a9-0000-8add91ad-00-s3-d8,176,10.0,10.0,0.0
2025-2025041222gm-00a9-0000-8add91ad-00-s3-d8,177,10.0,-4.0,-14.0
2025-2025041222gm-00a9-0000-8add91ad-00-s3-d8,178,10.0,-10.0,-20.0
2025-2025041222gm-00a9-0000-8add91ad-00-s3-d8,179,10.0,-10.0,-20.0
2025-2025041222gm-00a9-0000-8add91ad-00-s3-d8,180,10.0,-4.0,-14.0
2025-2025041222gm-00a9-0000-8add91ad-00-s3-d8,181,-4.0,-4.0,0.0
2025-2025041222gm-00a9-0000-8add91ad-00-s3-d8,182,10.0,10.0,0.0
2025-2025041222gm-00a9-0000-8add91ad-00-s3-d8,183,10.0,10.0,0.0
2025-2025041222gm-00a9-0000-8add91ad-00-s3-d8,184,4.0,10.0,6.0
2025-2025041222gm-00a9-0000-8add91ad-00-s3-d8,185,-10.0,-4.0,6.0
2025-2025041222gm-00a9-0000-8add91ad-00-s3-d8,186,-4.0,-4.0,0.0
2025-2025041222gm-00a9-0000-8add91ad-00-s3-d8,187,4.0,10.0,6.0
2025-2025041222gm-00a9-0000-8add91ad-00-s3-d8,188,-4.0,4.0,8.0
2025-2025041222gm-00a9-0000-8add91ad-00-s3-d8,189,10.0,4.0,-6.0
2025-2025041222gm-00a9-0000-8add91ad-00-s3-d8,190,-10.0,10.0,20.0
2025-2025041222gm-00a9-0000-8add91ad-00-s3-d8,191,4.0,4.0,0.0
2025-2025041222gm-00a9-0000-8add91ad-00-s3-d8,192,4.0,10.0,6.0
2025-2025041222gm-00a9-0000-8add91ad-00-s3-d8,193,10.0,10.0,0.0
2025-2025041222gm-00a9-0000-8add91ad-00-s3-d8,194,10.0,10.0,0.0
2025-2025041222gm-00a9-0000-8add91ad-00-s3-d8,195,4.0,4.0,0.0
2025-2025041222gm-00a9-0000-8add91ad-00-s3-d8,196,10.0,-4.0,-14.0
2025-2025041222gm-00a9-0000-8add91ad-00-s3-d8,197,10.0,-4.0,-14.0
2025-2025041222gm-00a9-0000-8add91ad-00-s3-d8,198,-4.0,10.0,14.0
2025-2025041222gm-00a9-0000-8add91ad-00-s3-d8,199,4.0,10.0,6.0
2025-2025041222gm-00a9-0000-8add91ad-00-s3-d8,200,4.0,4.0,0.0
2025-2025041222gm-00a9-0000-8add91ad-00-s3-d8,201,4.0,10.0,6.0
2025-2025041222gm-00a9-0000-8add91ad-00-s3-d8,202,-4.0,4.0,8.0
2025-2025041222gm-00a9-0000-8add91ad-00-s3-d8,203,4.0,4.0,0.0
2025-2025041222gm-00a9-0000-8add91ad-00-s3-d8,204,4.0,10.0,6.0
2025-2025041222gm-00a9-0000-8add91ad-00-s3-d8,205,10.0,-4.0,-14.0
2025-2025041222gm-00a9-0000-8add91ad-00-s3-d8,206,-4.0,-4.0,0.0
2025-2025041222gm-00a9-0000-8add91ad-00-s3-d8,207,4.0,10.0,6.0
2025-2025041222gm-00a9-0000-8add91ad-00-s3-d8,208,10.0,10.0,0.0
2025-2025041222gm-00a9-0000-8add91ad-00-s3-d8,209,10.0,10.0,0.0
2025-2025041222gm-00a9-0000-8add91ad-00-s3-d8,210,-10.0,4.0,14.0
2025-2025041222gm-00a9-0000-8add91ad-00-s3-d8,211,10.0,10.0,0.0
2025-2025041222gm-00a9-0000-8add91ad-00-s3-d8,212,-10.0,-4.0,6.0
2025-2025041222gm-00a9-0000-8add91ad-00-s3-d8,213,-4.0,-4.0,0.0
2025-2025041222gm-00a9-0000-8add91ad-00-s3-d8,214,4.0,4.0,0.0
2025-2025041222gm-00a9-0000-8add91ad-00-s3-d8,215,4.0,10.0,6.0
2025-2025041222gm-00a9-0000-8add91ad-00-s3-d8,216,-4.0,-4.0,0.0
2025-2025041222gm-00a9-0000-8add91ad-00-s3-d8,217,10.0,10.0,0.0
2025-2025041222gm-00a9-0000-8add91ad-00-s3-d8,218,-10.0,10.0,20.0
2025-2025041222gm-00a9-0000-8add91ad-00-s3-d8,219,10.0,10.0,0.0
2025-2025041222gm-00a9-0000-8add91ad-00-s3-d8,220,10.0,-4.0,-14.0
2025-2025041222gm-00a9-0000-8add91ad-00-s3-d8,221,10.0,-10.0,-20.0
2025-2025041222gm-00a9-0000-8add91ad-00-s3-d8,222,10.0,10.0,0.0
2025-2025041222gm-00a9-0000-8add91ad-00-s3-d8,223,-10.0,4.0,14.0
2025-2025041222gm-00a9-0000-8add91ad-00-s3-d8,224,10.0,10.0,0.0
2025-2025041222gm-00a9-0000-8add91ad-00-s3-d8,225,-4.0,4.0,8.0
2025-2025041222gm-00a9-0000-8add91ad-00-s3-d8,226,10.0,10.0,0.0
2025-2025041222gm-00a9-0000-8add91ad-00-s3-d8,227,-10.0,-10.0,0.0
2025-2025041222gm-00a9-0000-8add91ad-00-s3-d8,228,4.0,4.0,0.0
2025-2025041222gm-00a9-0000-8add91ad-00-s3-d8,229,-10.0,-10.0,0.0
2025-2025041222gm-00a9-0000-8add91ad-00-s3-d8,230,10.0,10.0,0.0
2025-2025041222gm-00a9-0000-8add91ad-00-s3-d8,231,4.0,-4.0,-8.0
2025-2025041222gm-00a9-0000-8add91ad-00-s3-d8,232,4.0,4.0,0.0
2025-2025041222gm-00a9-0000-8add91ad-00-s3-d8,233,4.0,-10.0,-14.0
2025-2025041222gm-00a9-0000-8add91ad-00-s3-d8,234,10.0,10.0,0.0
2025-2025041222gm-00a9-0000-8add91ad-00-s3-d8,235,-10.0,-4.0,6.0
2025-2025041222gm-00a9-0000-8add91ad-00-s3-d8,236,-10.0,4.0,14.0
2025-2025041222gm-00a9-0000-8add91ad-00-s3-d8,237,-10.0,-4.0,6.0
2025-2025041222gm-00a9-0000-8add91ad-00-s3-d8,238,4.0,4.0,0.0
2025-2025041222gm-00a9-0000-8add91ad-00-s3-d8,239,4.0,4.0,0.0
2025-2025041222gm-00a9-0000-8add91ad-00-s3-d8,240,4.0,10.0,6.0
2025-2025041222gm-00a9-0000-8add91ad-00-s3-d8,241,-10.0,-4.0,6.0
2025-2025041222gm-00a9-0000-8add91ad-00-s3-d8,242,-10.0,-10.0,0.0
2025-2025041222gm-00a9-0000-8add91ad-00-s3-d8,243,4.0,-10.0,-14.0
2025-2025041222gm-00a9-0000-8add91ad-00-s3-d8,244,-4.0,10.0,14.0
2025-2025041222gm-00a9-0000-8add91ad-00-s3-d8,245,10.0,4.0,-6.0
2025-2025041222gm-00a9-0000-8add91ad-00-s3-d8,246,10.0,10.0,0.0
2025-2025041222gm-00a9-0000-8add91ad-00-s3-d8,247,-10.0,-10.0,0.0
2025-2025041222gm-00a9-0000-8add91ad-00-s3-d8,248,10.0,10.0,0.0
2025-2025041222gm-00a9-0000-8add91ad-00-s3-d8,249,-10.0,-4.0,6.0
2025-2025041222gm-00a9-0000-8add91ad-00-s3-d8,250,-10.0,-10.0,0.0
2025-2025041222gm-00a9-0000-8add91ad-00-s3-d8,251,4.0,-4.0,-8.0
2025-2025041222gm-00a9-0000-8add91ad-00-s3-d8,252,-10.0,10.0,20.0
2025-2025041222gm-00a9-0000-8add91ad-00-s3-d8,253,4.0,-4.0,-8.0
2025-2025041222gm-00a9-0000-8add91ad-00-s3-d8,254,4.0,4.0,0.0
2025-2025041222gm-00a9-0000-8add91ad-00-s3-d8,255,4.0,4.0,0.0
2025-2025041619gm-00a9-0000-31ca159b-01-s2-d19,0,-10.0,-10.0,0.0
2025-2025041619gm-00a9-0000-31ca159b-01-s2-d19,1,10.0,4.0,-6.0
2025-2025041619gm-00a9-0000-31ca159b-01-s2-d19,2,10.0,10.0,0.0
2025-2025041619gm-00a9-0000-31ca159b-01-s2-d19,3,-10.0,-4.0,6.0
2025-2025041619gm-00a9-0000-31ca159b-01-s2-d19,4,-10.0,4.0,14.0
2025-2025041619gm-00a9-0000-31ca159b-01-s2-d19,5,4.0,10.0,6.0
2025-2025041619gm-00a9-0000-31ca159b-01-s2-d19,6,-10.0,4.0,14.0
2025-2025041619gm-00a9-0000-31ca159b-01-s2-d19,7,-4.0,-4.0,0.0
2025-2025041619gm-00a9-0000-31ca159b-01-s2-d19,8,10.0,10.0,0.0
2025-2025041619gm-00a9-0000-31ca159b-01-s2-d19,9,-4.0,-10.0,-6.0
2025-2025041619gm-00a9-0000-31ca159b-01-s2-d19,10,4.0,4.0,0.0
2025-2025041619gm-00a9-0000-31ca159b-01-s2-d19,11,-4.0,4.0,8.0
2025-2025041619gm-00a9-0000-31ca159b-01-s2-d19,12,-10.0,-10.0,0.0
2025-2025041619gm-00a9-0000-31ca159b-01-s2-d19,13,10.0,10.0,0.0
2025-2025041619gm-00a9-0000-31ca159b-01-s2-d19,14,10.0,10.0,0.0
2025-2025041619gm-00a9-0000-31ca159b-01-s2-d19,15,10.0,10.0,0.0
2025-2025041619gm-00a9-0000-31ca159b-01-s2-d19,16,-10.0,10.0,20.0
2025-2025041619gm-00a9-0000-31ca159b-01-s2-d19,17,4.0,4.0,0.0
2025-2025041619gm-00a9-0000-31ca159b-01-s2-d19,18,-10.0,-4.0,6.0
2025-2025041619gm-00a9-0000-31ca159b-01-s2-d19,19,10.0,10.0,0.0
2025-2025041619gm-00a9-0000-31ca159b-01-s2-d19,20,-4.0,-4.0,0.0
2025-2025041619gm-00a9-0000-31ca159b-01-s2-d19,21,-10.0,-10.0,0.0
2025-2025041619gm-00a9-0000-31ca159b-01-s2-d19,22,10.0,10.0,0.0
2025-2025041619gm-00a9-0000-31ca159b-01-s2-d19,23,-10.0,-4.0,6.0
2025-2025041619gm-00a9-0000-31ca159b-01-s2-d19,24,10.0,10.0,0.0
2025-2025041619gm-00a9-0000-31ca159b-01-s2-d19,25,10.0,10.0,0.0
2025-2025041619gm-00a9-0000-31ca159b-01-s2-d19,26,-4.0,-4.0,0.0
2025-2025041619gm-00a9-0000-31ca159b-01-s2-d19,27,-10.0,-10.0,0.0
2025-2025041619gm-00a9-0000-31ca159b-01-s2-d19,28,-4.0,-4.0,0.0
2025-2025041619gm-00a9-0000-31ca159b-01-s2-d19,29,10.0,10.0,0.0
2025-2025041619gm-00a9-0000-31ca159b-01-s2-d19,30,-10.0,-10.0,0.0
2025-2025041619gm-00a9-0000-31ca159b-01-s2-d19,31,4.0,4.0,0.0
2025-2025041619gm-00a9-0000-31ca159b-01-s2-d19,32,-10.0,10.0,20.0
2025-2025041619gm-00a9-0000-31ca159b-01-s2-d19,33,-10.0,4.0,14.0
2025-2025041619gm-00a9-0000-31ca159b-01-s2-d19,34,-4.0,-4.0,0.0
2025-2025041619gm-00a9-0000-31ca159b-01-s2-d19,35,10.0,10.0,0.0
2025-2025041619gm-00a9-0000-31ca159b-01-s2-d19,36,-4.0,-10.0,-6.0
2025-2025041619gm-00a9-0000-31ca159b-01-s2-d19,37,10.0,10.0,0.0
2025-2025041619gm-00a9-0000-31ca159b-01-s2-d19,38,-10.0,-10.0,0.0
2025-2025041619gm-00a9-0000-31ca159b-01-s2-d19,39,-10.0,-10.0,0.0
2025-2025041619gm-00a9-0000-31ca159b-01-s2-d19,40,-10.0,10.0,20.0
2025-2025041619gm-00a9-0000-31ca159b-01-s2-d19,41,-10.0,-10.0,0.0
2025-2025041619gm-00a9-0000-31ca159b-01-s2-d19,42,10.0,10.0,0.0
2025-2025041619gm-00a9-0000-31ca159b-01-s2-d19,43,4.0,4.0,0.0
2025-2025041619gm-00a9-0000-31ca159b-01-s2-d19,44,10.0,10.0,0.0
2025-2025041619gm-00a9-0000-31ca159b-01-s2-d19,45,10.0,4.0,-6.0
2025-2025041619gm-00a9-0000-31ca159b-01-s2-d19,46,10.0,10.0,0.0
2025-2025041619gm-00a9-0000-31ca159b-01-s2-d19,47,4.0,-4.0,-8.0
2025-2025041619gm-00a9-0000-31ca159b-01-s2-d19,48,4.0,4.0,0.0
2025-2025041619gm-00a9-0000-31ca159b-01-s2-d19,49,10.0,-10.0,-20.0
2025-2025041619gm-00a9-0000-31ca159b-01-s2-d19,50,4.0,4.0,0.0
2025-2025041619gm-00a9-0000-31ca159b-01-s2-d19,51,10.0,10.0,0.0
2025-2025041619gm-00a9-0000-31ca159b-01-s2-d19,52,4.0,4.0,0.0
2025-2025041619gm-00a9-0000-31ca159b-01-s2-d19,53,-10.0,10.0,20.0
2025-2025041619gm-00a9-0000-31ca159b-01-s2-d19,54,10.0,10.0,0.0
2025-2025041619gm-00a9-0000-31ca159b-01-s2-d19,55,-4.0,-4.0,0.0
2025-2025041619gm-00a9-0000-31ca159b-01-s2-d19,56,-10.0,-10.0,0.0
2025-2025041619gm-00a9-0000-31ca159b-01-s2-d19,57,-4.0,10.0,14.0
2025-2025041619gm-00a9-0000-31ca159b-01-s2-d19,58,10.0,10.0,0.0
2025-2025041619gm-00a9-0000-31ca159b-01-s2-d19,59,-10.0,-10.0,0.0
2025-2025041619gm-00a9-0000-31ca159b-01-s2-d19,60,10.0,4.0,-6.0
2025-2025041619gm-00a9-0000-31ca159b-01-s2-d19,61,-4.0,-4.0,0.0
2025-2025041619gm-00a9-0000-31ca159b-01-s2-d19,62,-4.0,-4.0,0.0
2025-2025041619gm-00a9-0000-31ca159b-01-s2-d19,63,-4.0,-10.0,-6.0
2025-2025041619gm-00a9-0000-31ca159b-01-s2-d19,64,4.0,4.0,0.0
2025-2025041619gm-00a9-0000-31ca159b-01-s2-d19,65,4.0,4.0,0.0
2025-2025041619gm-00a9-0000-31ca159b-01-s2-d19,66,4.0,4.0,0.0
2025-2025041619gm-00a9-0000-31ca159b-01-s2-d19,67,4.0,4.0,0.0
2025-2025041619gm-00a9-0000-31ca159b-01-s2-d19,68,10.0,-4.0,-14.0
2025-2025041619gm-00a9-0000-31ca159b-01-s2-d19,69,10.0,10.0,0.0
2025-2025041619gm-00a9-0000-31ca159b-01-s2-d19,70,4.0,-4.0,-8.0
2025-2025041619gm-00a9-0000-31ca159b-01-s2-d19,71,4.0,-10.0,-14.0
2025-2025041619gm-00a9-0000-31ca159b-01-s2-d19,72,4.0,4.0,0.0
2025-2025041619gm-00a9-0000-31ca159b-01-s2-d19,73,4.0,4.0,0.0
2025-2025041619gm-00a9-0000-31ca159b-01-s2-d19,74,4.0,-4.0,-8.0
2025-2025041619gm-00a9-0000-31ca159b-01-s2-d19,75,-10.0,-4.0,6.0
2025-2025041619gm-00a9-0000-31ca159b-01-s2-d19,76,-10.0,-10.0,0.0
2025-2025041619gm-00a9-0000-31ca159b-01-s2-d19,77,10.0,-10.0,-20.0
2025-2025041619gm-00a9-0000-31ca159b-01-s2-d19,78,4.0,10.0,6.0
2025-2025041619gm-00a9-0000-31ca159b-01-s2-d19,79,-4.0,-4.0,0.0
2025-2025041619gm-00a9-0000-31ca159b-01-s2-d19,80,10.0,10.0,0.0
2025-2025041619gm-00a9-0000-31ca159b-01-s2-d19,81,4.0,4.0,0.0
2025-2025041619gm-00a9-0000-31ca159b-01-s2-d19,82,-4.0,-10.0,-6.0
2025-2025041619gm-00a9-0000-31ca159b-01-s2-d19,83,4.0,4.0,0.0
2025-2025041619gm-00a9-0000-31ca159b-01-s2-d19,84,4.0,4.0,0.0
2025-2025041619gm-00a9-0000-31ca159b-01-s2-d19,85,-4.0,-4.0,0.0
2025-2025041619gm-00a9-0000-31ca159b-01-s2-d19,86,-4.0,4.0,8.0
2025-2025041619gm-00a9-0000-31ca159b-01-s2-d19,87,-10.0,-10.0,0.0
2025-2025041619gm-00a9-0000-31ca159b-01-s2-d19,88,4.0,-10.0,-14.0
2025-2025041619gm-00a9-0000-31ca159b-01-s2-d19,89,-10.0,-4.0,6.0
2025-2025041619gm-00a9-0000-31ca159b-01-s2-d19,90,4.0,4.0,0.0
2025-2025041619gm-00a9-0000-31ca159b-01-s2-d19,91,10.0,10.0,0.0
2025-2025041619gm-00a9-0000-31ca159b-01-s2-d19,92,4.0,4.0,0.0
2025-2025041619gm-00a9-0000-31ca159b-01-s2-d19,93,4.0,4.0,0.0
2025-2025041619gm-00a9-0000-31ca159b-01-s2-d19,94,-4.0,4.0,8.0
2025-2025041619gm-00a9-0000-31ca159b-01-s2-d19,95,10.0,10.0,0.0
2025-2025041619gm-00a9-0000-31ca159b-01-s2-d19,96,-10.0,-10.0,0.0
2025-2025041619gm-00a9-0000-31ca159b-01-s2-d19,97,10.0,10.0,0.0
2025-2025041619gm-00a9-0000-31ca159b-01-s2-d19,98,-10.0,-10.0,0.0
2025-2025041619gm-00a9-0000-31ca159b-01-s2-d19,99,-10.0,4.0,14.0
2025-2025041619gm-00a9-0000-31ca159b-01-s2-d19,100,4.0,4.0,0.0
2025-2025041619gm-00a9-0000-31ca159b-01-s2-d19,101,-4.0,10.0,14.0
2025-2025041619gm-00a9-0000-31ca159b-01-s2-d19,102,4.0,10.0,6.0
2025-2025041619gm-00a9-0000-31ca159b-01-s2-d19,103,-4.0,-4.0,0.0
2025-2025041619gm-00a9-0000-31ca159b-01-s2-d19,104,4.0,4.0,0.0
2025-2025041619gm-00a9-0000-31ca159b-01-s2-d19,105,10.0,10.0,0.0
2025-2025041619gm-00a9-0000-31ca159b-01-s2-d19,106,4.0,4.0,0.0
2025-2025041619gm-00a9-0000-31ca159b-01-s2-d19,107,4.0,10.0,6.0
2025-2025041619gm-00a9-0000-31ca159b-01-s2-d19,108,-4.0,4.0,8.0
2025-2025041619gm-00a9-0000-31ca159b-01-s2-d19,109,10.0,10.0,0.0
2025-2025041619gm-00a9-0000-31ca159b-01-s2-d19,110,-4.0,10.0,14.0
2025-2025041619gm-00a9-0000-31ca159b-01-s2-d19,111,-4.0,-4.0,0.0
2025-2025041619gm-00a9-0000-31ca159b-01-s2-d19,112,-4.0,-4.0,0.0
2025-2025041619gm-00a9-0000-31ca159b-01-s2-d19,113,4.0,4.0,0.0
2025-2025041619gm-00a9-0000-31ca159b-01-s2-d19,114,-4.0,4.0,8.0
2025-2025041619gm-00a9-0000-31ca159b-01-s2-d19,115,4.0,4.0,0.0
2025-2025041619gm-00a9-0000-31ca159b-01-s2-d19,116,10.0,10.0,0.0
2025-2025041619gm-00a9-0000-31ca159b-01-s2-d19,117,-4.0,10.0,14.0
2025-2025041619gm-00a9-0000-31ca159b-01-s2-d19,118,-4.0,4.0,8.0
2025-2025041619gm-00a9-0000-31ca159b-01-s2-d19,119,4.0,10.0,6.0
2025-2025041619gm-00a9-0000-31ca159b-01-s2-d19,120,-4.0,10.0,14.0
2025-2025041619gm-00a9-0000-31ca159b-01-s2-d19,121,4.0,4.0,0.0
2025-2025041619gm-00a9-0000-31ca159b-01-s2-d19,122,10.0,4.0,-6.0
2025-2025041619gm-00a9-0000-31ca159b-01-s2-d19,123,4.0,4.0,0.0
2025-2025041619gm-00a9-0000-31ca159b-01-s2-d19,124,-4.0,-4.0,0.0
2025-2025041619gm-00a9-0000-31ca159b-01-s2-d19,125,-4.0,-10.0,-6.0
2025-2025041619gm-00a9-0000-31ca159b-01-s2-d19,126,-10.0,-10.0,0.0
2025-2025041619gm-00a9-0000-31ca159b-01-s2-d19,127,10.0,-4.0,-14.0
2025-2025041619gm-00a9-0000-31ca159b-01-s2-d19,128,10.0,10.0,0.0
2025-2025041619gm-00a9-0000-31ca159b-01-s2-d19,129,-4.0,-4.0,0.0
2025-2025041619gm-00a9-0000-31ca159b-01-s2-d19,130,10.0,10.0,0.0
2025-2025041619gm-00a9-0000-31ca159b-01-s2-d19,131,-4.0,-4.0,0.0
2025-2025041619gm-00a9-0000-31ca159b-01-s2-d19,132,4.0,4.0,0.0
2025-2025041619gm-00a9-0000-31ca159b-01-s2-d19,133,10.0,10.0,0.0
2025-2025041619gm-00a9-0000-31ca159b-01-s2-d19,134,-4.0,4.0,8.0
2025-2025041619gm-00a9-0000-31ca159b-01-s2-d19,135,4.0,4.0,0.0
2025-2025041619gm-00a9-0000-31ca159b-01-s2-d19,136,-4.0,-4.0,0.0
2025-2025041619gm-00a9-0000-31ca159b-01-s2-d19,137,10.0,10.0,0.0
2025-2025041619gm-00a9-0000-31ca159b-01-s2-d19,138,-4.0,-10.0,-6.0
2025-2025041619gm-00a9-0000-31ca159b-01-s2-d19,139,-4.0,-10.0,-6.0
2025-2025041619gm-00a9-0000-31ca159b-01-s2-d19,140,-4.0,-4.0,0.0
2025-2025041619gm-00a9-0000-31ca159b-01-s2-d19,141,4.0,10.0,6.0
2025-2025041619gm-00a9-0000-31ca159b-01-s2-d19,142,-10.0,4.0,14.0
2025-2025041619gm-00a9-0000-31ca159b-01-s2-d19,143,10.0,10.0,0.0
2025-2025041619gm-00a9-0000-31ca159b-01-s2-d19,144,4.0,4.0,0.0
2025-2025041619gm-00a9-0000-31ca159b-01-s2-d19,145,10.0,10.0,0.0
2025-2025041619gm-00a9-0000-31ca159b-01-s2-d19,146,10.0,10.0,0.0
2025-2025041619gm-00a9-0000-31ca159b-01-s2-d19,147,4.0,4.0,0.0
2025-2025041619gm-00a9-0000-31ca159b-01-s2-d19,148,-10.0,10.0,20.0
2025-2025041619gm-00a9-0000-31ca159b-01-s2-d19,149,-4.0,-4.0,0.0
2025-2025041619gm-00a9-0000-31ca159b-01-s2-d19,150,4.0,4.0,0.0
2025-2025041619gm-00a9-0000-31ca159b-01-s2-d19,151,-10.0,-10.0,0.0
2025-2025041619gm-00a9-0000-31ca159b-01-s2-d19,152,10.0,10.0,0.0
2025-2025041619gm-00a9-0000-31ca159b-01-s2-d19,153,10.0,10.0,0.0
2025-2025041619gm-00a9-0000-31ca159b-01-s2-d19,154,10.0,4.0,-6.0
2025-2025041619gm-00a9-0000-31ca159b-01-s2-d19,155,-4.0,-4.0,0.0
2025-2025041619gm-00a9-0000-31ca159b-01-s2-d19,156,10.0,10.0,0.0
2025-2025041619gm-00a9-0000-31ca159b-01-s2-d19,157,10.0,10.0,0.0
2025-2025041619gm-00a9-0000-31ca159b-01-s2-d19,158,4.0,4.0,0.0
2025-2025041619gm-00a9-0000-31ca159b-01-s2-d19,159,4.0,10.0,6.0
2025-2025041619gm-00a9-0000-31ca159b-01-s2-d19,160,10.0,10.0,0.0
2025-2025041619gm-00a9-0000-31ca159b-01-s2-d19,161,-4.0,4.0,8.0
2025-2025041619gm-00a9-0000-31ca159b-01-s2-d19,162,4.0,4.0,0.0
2025-2025041619gm-00a9-0000-31ca159b-01-s2-d19,163,10.0,10.0,0.0
2025-2025041619gm-00a9-0000-31ca159b-01-s2-d19,164,10.0,10.0,0.0
2025-2025041619gm-00a9-0000-31ca159b-01-s2-d19,165,10.0,10.0,0.0
2025-2025041619gm-00a9-0000-31ca159b-01-s2-d19,166,-4.0,-4.0,0.0
2025-2025041619gm-00a9-0000-31ca159b-01-s2-d19,167,4.0,4.0,0.0
2025-2025041619gm-00a9-0000-31ca159b-01-s2-d19,168,-4.0,4.0,8.0
2025-2025041619gm-00a9-0000-31ca159b-01-s2-d19,169,4.0,4.0,0.0
2025-2025041619gm-00a9-0000-31ca159b-01-s2-d19,170,-4.0,-4.0,0.0
2025-2025041619gm-00a9-0000-31ca159b-01-s2-d19,171,-4.0,-10.0,-6.0
2025-2025041619gm-00a9-0000-31ca159b-01-s2-d19,172,10.0,4.0,-6.0
2025-2025041619gm-00a9-0000-31ca159b-01-s2-d19,173,-4.0,-4.0,0.0
2025-2025041619gm-00a9-0000-31ca159b-01-s2-d19,174,-10.0,-10.0,0.0
2025-2025041619gm-00a9-0000-31ca159b-01-s2-d19,175,10.0,-4.0,-14.0
2025-2025041619gm-00a9-0000-31ca159b-01-s2-d19,176,10.0,-10.0,-20.0
2025-2025041619gm-00a9-0000-31ca159b-01-s2-d19,177,10.0,10.0,0.0
2025-2025041619gm-00a9-0000-31ca159b-01-s2-d19,178,10.0,10.0,0.0
2025-2025041619gm-00a9-0000-31ca159b-01-s2-d19,179,-10.0,-10.0,0.0
2025-2025041619gm-00a9-0000-31ca159b-01-s2-d19,180,-4.0,10.0,14.0
2025-2025041619gm-00a9-0000-31ca159b-01-s2-d19,181,-10.0,-10.0,0.0
2025-2025041619gm-00a9-0000-31ca159b-01-s2-d19,182,10.0,10.0,0.0
2025-2025041619gm-00a9-0000-31ca159b-01-s2-d19,183,-4.0,-4.0,0.0
2025-2025041619gm-00a9-0000-31ca159b-01-s2-d19,184,-10.0,10.0,20.0
2025-2025041619gm-00a9-0000-31ca159b-01-s2-d19,185,10.0,4.0,-6.0
2025-2025041619gm-00a9-0000-31ca159b-01-s2-d19,186,-10.0,-10.0,0.0
2025-2025041619gm-00a9-0000-31ca159b-01-s2-d19,187,-4.0,-4.0,0.0
2025-2025041619gm-00a9-0000-31ca159b-01-s2-d19,188,10.0,-4.0,-14.0
2025-2025041619gm-00a9-0000-31ca159b-01-s2-d19,189,4.0,4.0,0.0
2025-2025041619gm-00a9-0000-31ca159b-01-s2-d19,190,10.0,10.0,0.0
2025-2025041619gm-00a9-0000-31ca159b-01-s2-d19,191,10.0,-4.0,-14.0
2025-2025041619gm-00a9-0000-31ca159b-01-s2-d19,192,-10.0,-4.0,6.0
2025-2025041619gm-00a9-0000-31ca159b-01-s2-d19,193,10.0,10.0,0.0
2025-2025041619gm-00a9-0000-31ca159b-01-s2-d19,194,4.0,-10.0,-14.0
2025-2025041619gm-00a9-0000-31ca159b-01-s2-d19,195,-4.0,-4.0,0.0
2025-2025041619gm-00a9-0000-31ca159b-01-s2-d19,196,4.0,-4.0,-8.0
2025-2025041619gm-00a9-0000-31ca159b-01-s2-d19,197,-10.0,-4.0,6.0
2025-2025041619gm-00a9-0000-31ca159b-01-s2-d19,198,4.0,10.0,6.0
2025-2025041619gm-00a9-0000-31ca159b-01-s2-d19,199,-10.0,-10.0,0.0
2025-2025041619gm-00a9-0000-31ca159b-01-s2-d19,200,4.0,4.0,0.0
2025-2025041619gm-00a9-0000-31ca159b-01-s2-d19,201,10.0,10.0,0.0
2025-2025041619gm-00a9-0000-31ca159b-01-s2-d19,202,4.0,10.0,6.0
2025-2025041619gm-00a9-0000-31ca159b-01-s2-d19,203,-4.0,4.0,8.0
2025-2025041619gm-00a9-0000-31ca159b-01-s2-d19,204,4.0,-4.0,-8.0
2025-2025041619gm-00a9-0000-31ca159b-01-s2-d19,205,-4.0,10.0,14.0
2025-2025041619gm-00a9-0000-31ca159b-01-s2-d19,206,-4.0,-4.0,0.0
2025-2025041619gm-00a9-0000-31ca159b-01-s2-d19,207,-4.0,-4.0,0.0
2025-2025041619gm-00a9-0000-31ca159b-01-s2-d19,208,-4.0,-4.0,0.0
2025-2025041619gm-00a9-0000-31ca159b-01-s2-d19,209,10.0,10.0,0.0
2025-2025041619gm-00a9-0000-31ca159b-01-s2-d19,210,10.0,10.0,0.0
2025-2025041619gm-00a9-0000-31ca159b-01-s2-d19,211,4.0,4.0,0.0
2025-2025041619gm-00a9-0000-31ca159b-01-s2-d19,212,-4.0,-4.0,0.0
2025-2025041619gm-00a9-0000-31ca159b-01-s2-d19,213,-4.0,-4.0,0.0
2025-2025041619gm-00a9-0000-31ca159b-01-s2-d19,214,4.0,4.0,0.0
2025-2025041619gm-00a9-0000-31ca159b-01-s2-d19,215,-10.0,-10.0,0.0
2025-2025041619gm-00a9-0000-31ca159b-01-s2-d19,216,-4.0,-4.0,0.0
2025-2025041619gm-00a9-0000-31ca159b-01-s2-d19,217,10.0,10.0,0.0
2025-2025041619gm-00a9-0000-31ca159b-01-s2-d19,218,4.0,10.0,6.0
2025-2025041619gm-00a9-0000-31ca159b-01-s2-d19,219,4.0,-4.0,-8.0
2025-2025041619gm-00a9-0000-31ca159b-01-s2-d19,220,4.0,4.0,0.0
2025-2025041619gm-00a9-0000-31ca159b-01-s2-d19,221,-10.0,-10.0,0.0
2025-2025041619gm-00a9-0000-31ca159b-01-s2-d19,222,10.0,-4.0,-14.0
2025-2025041619gm-00a9-0000-31ca159b-01-s2-d19,223,-4.0,-4.0,0.0
2025-2025041619gm-00a9-0000-31ca159b-01-s2-d19,224,10.0,10.0,0.0
2025-2025041619gm-00a9-0000-31ca159b-01-s2-d19,225,-10.0,-10.0,0.0
2025-2025041619gm-00a9-0000-31ca159b-01-s2-d19,226,4.0,4.0,0.0
2025-2025041619gm-00a9-0000-31ca159b-01-s2-d19,227,4.0,4.0,0.0
2025-2025041619gm-00a9-0000-31ca159b-01-s2-d19,228,10.0,10.0,0.0
2025-2025041619gm-00a9-0000-31ca159b-01-s2-d19,229,10.0,10.0,0.0
2025-2025041619gm-00a9-0000-31ca159b-01-s2-d19,230,-4.0,10.0,14.0
2025-2025041619gm-00a9-0000-31ca159b-01-s2-d19,231,10.0,-4.0,-14.0
2025-2025041619gm-00a9-0000-31ca159b-01-s2-d19,232,-4.0,10.0,14.0
2025-2025041619gm-00a9-0000-31ca159b-01-s2-d19,233,10.0,10.0,0.0
2025-2025041619gm-00a9-0000-31ca159b-01-s2-d19,234,-10.0,-10.0,0.0
2025-2025041619gm-00a9-0000-31ca159b-01-s2-d19,235,-10.0,4.0,14.0
2025-2025041619gm-00a9-0000-31ca159b-01-s2-d19,236,10.0,4.0,-6.0
2025-2025041619gm-00a9-0000-31ca159b-01-s2-d19,237,-4.0,-4.0,0.0
2025-2025041619gm-00a9-0000-31ca159b-01-s2-d19,238,4.0,4.0,0.0
2025-2025041619gm-00a9-0000-31ca159b-01-s2-d19,239,-10.0,-10.0,0.0
2025-2025041619gm-00a9-0000-31ca159b-01-s2-d19,240,10.0,-4.0,-14.0
2025-2025041619gm-00a9-0000-31ca159b-01-s2-d19,241,10.0,10.0,0.0
2025-2025041619gm-00a9-0000-31ca159b-01-s2-d19,242,10.0,10.0,0.0
2025-2025041619gm-00a9-0000-31ca159b-01-s2-d19,243,4.0,-4.0,-8.0
2025-2025041619gm-00a9-0000-31ca159b-01-s2-d19,244,-10.0,4.0,14.0
2025-2025041619gm-00a9-0000-31ca159b-01-s2-d19,245,4.0,4.0,0.0
2025-2025041619gm-00a9-0000-31ca159b-01-s2-d19,246,-4.0,-4.0,0.0
2025-2025041619gm-00a9-0000-31ca159b-01-s2-d19,247,-10.0,-10.0,0.0
2025-2025041619gm-00a9-0000-31ca159b-01-s2-d19,248,-10.0,-10.0,0.0
2025-2025041619gm-00a9-0000-31ca159b-01-s2-d19,249,-4.0,-4.0,0.0
2025-2025041619gm-00a9-0000-31ca159b-01-s2-d19,250,10.0,10.0,0.0
2025-2025041619gm-00a9-0000-31ca159b-01-s2-d19,251,-10.0,-10.0,0.0
2025-2025041619gm-00a9-0000-31ca159b-01-s2-d19,252,-10.0,-10.0,0.0
2025-2025041619gm-00a9-0000-31ca159b-01-s2-d19,253,10.0,-10.0,-20.0
2025-2025041619gm-00a9-0000-31ca159b-01-s2-d19,254,-4.0,4.0,8.0
2025-2025041619gm-00a9-0000-31ca159b-01-s2-d19,255,-10.0,4.0,14.0
2025-2025123121gm-00a9-0000-60ebef25-12-s1-d11,0,10.0,10.0,0.0
2025-2025123121gm-00a9-0000-60ebef25-12-s1-d11,1,10.0,10.0,0.0
2025-2025123121gm-00a9-0000-60ebef25-12-s1-d11,2,10.0,10.0,0.0
2025-2025123121gm-00a9-0000-60ebef25-12-s1-d11,3,10.0,4.0,-6.0
2025-2025123121gm-00a9-0000-60ebef25-12-s1-d11,4,10.0,10.0,0.0
2025-2025123121gm-00a9-0000-60ebef25-12-s1-d11,5,10.0,10.0,0.0
2025-2025123121gm-00a9-0000-60ebef25-12-s1-d11,6,10.0,10.0,0.0
2025-2025123121gm-00a9-0000-60ebef25-12-s1-d11,7,10.0,10.0,0.0
2025-2025123121gm-00a9-0000-60ebef25-12-s1-d11,8,10.0,10.0,0.0
2025-2025123121gm-00a9-0000-60ebef25-12-s1-d11,9,10.0,10.0,0.0
2025-2025123121gm-00a9-0000-60ebef25-12-s1-d11,10,10.0,10.0,0.0
2025-2025123121gm-00a9-0000-60ebef25-12-s1-d11,11,10.0,10.0,0.0
2025-2025123121gm-00a9-0000-60ebef25-12-s1-d11,12,10.0,10.0,0.0
2025-2025123121gm-00a9-0000-60ebef25-12-s1-d11,13,10.0,10.0,0.0
2025-2025123121gm-00a9-0000-60ebef25-12-s1-d11,14,10.0,10.0,0.0
2025-2025123121gm-00a9-0000-60ebef25-12-s1-d11,15,10.0,10.0,0.0
2025-2025123121gm-00a9-0000-60ebef25-12-s1-d11,16,10.0,10.0,0.0
2025-2025123121gm-00a9-0000-60ebef25-12-s1-d11,17,10.0,10.0,0.0
2025-2025123121gm-00a9-0000-60ebef25-12-s1-d11,18,10.0,10.0,0.0
2025-2025123121gm-00a9-0000-60ebef25-12-s1-d11,19,10.0,10.0,0.0
2025-2025123121gm-00a9-0000-60ebef25-12-s1-d11,20,10.0,10.0,0.0
2025-2025123121gm-00a9-0000-60ebef25-12-s1-d11,21,10.0,10.0,0.0
2025-2025123121gm-00a9-0000-60ebef25-12-s1-d11,22,10.0,10.0,0.0
2025-2025123121gm-00a9-0000-60ebef25-12-s1-d11,23,4.0,10.0,6.0
2025-2025123121gm-00a9-0000-60ebef25-12-s1-d11,24,10.0,10.0,0.0
2025-2025123121gm-00a9-0000-60ebef25-12-s1-d11,25,10.0,10.0,0.0
2025-2025123121gm-00a9-0000-60ebef25-12-s1-d11,26,10.0,10.0,0.0
2025-2025123121gm-00a9-0000-60ebef25-12-s1-d11,27,10.0,10.0,0.0
2025-2025123121gm-00a9-0000-60ebef25-12-s1-d11,28,10.0,10.0,0.0
2025-2025123121gm-00a9-0000-60ebef25-12-s1-d11,29,10.0,10.0,0.0
2025-2025123121gm-00a9-0000-60ebef25-12-s1-d11,30,10.0,10.0,0.0
2025-2025123121gm-00a9-0000-60ebef25-12-s1-d11,31,10.0,10.0,0.0
2025-2025123121gm-00a9-0000-60ebef25-12-s1-d11,32,10.0,10.0,0.0
2025-2025123121gm-00a9-0000-60ebef25-12-s1-d11,33,10.0,10.0,0.0
2025-2025123121gm-00a9-0000-60ebef25-12-s1-d11,34,10.0,10.0,0.0
2025-2025123121gm-00a9-0000-60ebef25-12-s1-d11,35,10.0,10.0,0.0
2025-2025123121gm-00a9-0000-60ebef25-12-s1-d11,36,10.0,10.0,0.0
2025-2025123121gm-00a9-0000-60ebef25-12-s1-d11,37,10.0,10.0,0.0
2025-2025123121gm-00a9-0000-60ebef25-12-s1-d11,38,10.0,10.0,0.0
2025-2025123121gm-00a9-0000-60ebef25-12-s1-d11,39,10.0,10.0,0.0
2025-2025123121gm-00a9-0000-60ebef25-12-s1-d11,40,10.0,10.0,0.0
2025-2025123121gm-00a9-0000-60ebef25-12-s1-d11,41,10.0,10.0,0.0
2025-2025123121gm-00a9-0000-60ebef25-12-s1-d11,42,10.0,10.0,0.0
2025-2025123121gm-00a9-0000-60ebef25-12-s1-d11,43,10.0,10.0,0.0
2025-2025123121gm-00a9-0000-60ebef25-12-s1-d11,44,10.0,10.0,0.0
2025-2025123121gm-00a9-0000-60ebef25-12-s1-d11,45,10.0,10.0,0.0
2025-2025123121gm-00a9-0000-60ebef25-12-s1-d11,46,10.0,10.0,0.0
2025-2025123121gm-00a9-0000-60ebef25-12-s1-d11,47,10.0,10.0,0.0
2025-2025123121gm-00a9-0000-60ebef25-12-s1-d11,48,10.0,10.0,0.0
2025-2025123121gm-00a9-0000-60ebef25-12-s1-d11,49,10.0,10.0,0.0
2025-2025123121gm-00a9-0000-60ebef25-12-s1-d11,50,10.0,10.0,0.0
2025-2025123121gm-00a9-0000-60ebef25-12-s1-d11,51,10.0,10.0,0.0
2025-2025123121gm-00a9-0000-60ebef25-12-s1-d11,52,10.0,10.0,0.0
2025-2025123121gm-00a9-0000-60ebef25-12-s1-d11,53,10.0,10.0,0.0
2025-2025123121gm-00a9-0000-60ebef25-12-s1-d11,54,10.0,10.0,0.0
2025-2025123121gm-00a9-0000-60ebef25-12-s1-d11,55,10.0,10.0,0.0
2025-2025123121gm-00a9-0000-60ebef25-12-s1-d11,56,10.0,10.0,0.0
2025-2025123121gm-00a9-0000-60ebef25-12-s1-d11,57,10.0,10.0,0.0
2025-2025123121gm-00a9-0000-60ebef25-12-s1-d11,58,10.0,10.0,0.0
2025-2025123121gm-00a9-0000-60ebef25-12-s1-d11,59,10.0,10.0,0.0
2025-2025123121gm-00a9-0000-60ebef25-12-s1-d11,60,10.0,10.0,0.0
2025-2025123121gm-00a9-0000-60ebef25-12-s1-d11,61,10.0,10.0,0.0
2025-2025123121gm-00a9-0000-60ebef25-12-s1-d11,62,10.0,10.0,0.0
2025-2025123121gm-00a9-0000-60ebef25-12-s1-d11,63,10.0,10.0,0.0
2025-2025123121gm-00a9-0000-60ebef25-12-s1-d11,64,10.0,10.0,0.0
2025-2025123121gm-00a9-0000-60ebef25-12-s1-d11,65,10.0,10.0,0.0
2025-2025123121gm-00a9-0000-60ebef25-12-s1-d11,66,10.0,10.0,0.0
2025-2025123121gm-00a9-0000-60ebef25-12-s1-d11,67,10.0,10.0,0.0
2025-2025123121gm-00a9-0000-60ebef25-12-s1-d11,68,10.0,10.0,0.0
2025-2025123121gm-00a9-0000-60ebef25-12-s1-d11,69,10.0,4.0,-6.0
2025-2025123121gm-00a9-0000-60ebef25-12-s1-d11,70,10.0,10.0,0.0
2025-2025123121gm-00a9-0000-60ebef25-12-s1-d11,71,4.0,4.0,0.0
2025-2025123121gm-00a9-0000-60ebef25-12-s1-d11,72,10.0,10.0,0.0
2025-2025123121gm-00a9-0000-60ebef25-12-s1-d11,73,10.0,10.0,0.0
2025-2025123121gm-00a9-0000-60ebef25-12-s1-d11,74,10.0,10.0,0.0
2025-2025123121gm-00a9-0000-60ebef25-12-s1-d11,75,10.0,10.0,0.0
2025-2025123121gm-00a9-0000-60ebef25-12-s1-d11,76,10.0,10.0,0.0
2025-2025123121gm-00a9-0000-60ebef25-12-s1-d11,77,10.0,10.0,0.0
2025-2025123121gm-00a9-0000-60ebef25-12-s1-d11,78,10.0,10.0,0.0
2025-2025123121gm-00a9-0000-60ebef25-12-s1-d11,79,10.0,10.0,0.0
2025-2025123121gm-00a9-0000-60ebef25-12-s1-d11,80,10.0,10.0,0.0
2025-2025123121gm-00a9-0000-60ebef25-12-s1-d11,81,10.0,4.0,-6.0
2025-2025123121gm-00a9-0000-60ebef25-12-s1-d11,82,10.0,10.0,0.0
2025-2025123121gm-00a9-0000-60ebef25-12-s1-d11,83,10.0,10.0,0.0
2025-2025123121gm-00a9-0000-60ebef25-12-s1-d11,84,10.0,10.0,0.0
2025-2025123121gm-00a9-0000-60ebef25-12-s1-d11,85,10.0,10.0,0.0
2025-2025123121gm-00a9-0000-60ebef25-12-s1-d11,86,10.0,10.0,0.0
2025-2025123121gm-00a9-0000-60ebef25-12-s1-d11,87,10.0,10.0,0.0
2025-2025123121gm-00a9-0000-60ebef25-12-s1-d11,88,10.0,10.0,0.0
2025-2025123121gm-00a9-0000-60ebef25-12-s1-d11,89,10.0,10.0,0.0
2025-2025123121gm-00a9-0000-60ebef25-12-s1-d11,90,10.0,10.0,0.0
2025-2025123121gm-00a9-0000-60ebef25-12-s1-d11,91,10.0,4.0,-6.0
2025-2025123121gm-00a9-0000-60ebef25-12-s1-d11,92,10.0,10.0,0.0
2025-2025123121gm-00a9-0000-60ebef25-12-s1-d11,93,10.0,10.0,0.0
2025-2025123121gm-00a9-0000-60ebef25-12-s1-d11,94,10.0,10.0,0.0
2025-2025123121gm-00a9-0000-60ebef25-12-s1-d11,95,10.0,10.0,0.0
2025-2025123121gm-00a9-0000-60ebef25-12-s1-d11,96,10.0,10.0,0.0
2025-2025123121gm-00a9-0000-60ebef25-12-s1-d11,97,10.0,10.0,0.0
2025-2025123121gm-00a9-0000-60ebef25-12-s1-d11,98,10.0,10.0,0.0
2025-2025123121gm-00a9-0000-60ebef25-12-s1-d11,99,10.0,10.0,0.0
2025-2025123121gm-00a9-0000-60ebef25-12-s1-d11,100,10.0,-4.0,-14.0
2025-2025123121gm-00a9-0000-60ebef25-12-s1-d11,101,4.0,10.0,6.0
2025-2025123121gm-00a9-0000-60ebef25-12-s1-d11,102,4.0,10.0,6.0
2025-2025123121gm-00a9-0000-60ebef25-12-s1-d11,103,10.0,10.0,0.0
2025-2025123121gm-00a9-0000-60ebef25-12-s1-d11,104,10.0,10.0,0.0
2025-2025123121gm-00a9-0000-60ebef25-12-s1-d11,105,10.0,10.0,0.0
2025-2025123121gm-00a9-0000-60ebef25-12-s1-d11,106,10.0,10.0,0.0
2025-2025123121gm-00a9-0000-60ebef25-12-s1-d11,107,10.0,10.0,0.0
2025-2025123121gm-00a9-0000-60ebef25-12-s1-d11,108,10.0,10.0,0.0
2025-2025123121gm-00a9-0000-60ebef25-12-s1-d11,109,10.0,10.0,0.0
2025-2025123121gm-00a9-0000-60ebef25-12-s1-d11,110,10.0,10.0,0.0
2025-2025123121gm-00a9-0000-60ebef25-12-s1-d11,111,10.0,10.0,0.0
2025-2025123121gm-00a9-0000-60ebef25-12-s1-d11,112,10.0,10.0,0.0
2025-2025123121gm-00a9-0000-60ebef25-12-s1-d11,113,10.0,10.0,0.0
2025-2025123121gm-00a9-0000-60ebef25-12-s1-d11,114,10.0,10.0,0.0
2025-2025123121gm-00a9-0000-60ebef25-12-s1-d11,115,4.0,10.0,6.0
2025-2025123121gm-00a9-0000-60ebef25-12-s1-d11,116,10.0,10.0,0.0
2025-2025123121gm-00a9-0000-60ebef25-12-s1-d11,117,10.0,10.0,0.0
2025-2025123121gm-00a9-0000-60ebef25-12-s1-d11,118,10.0,10.0,0.0
2025-2025123121gm-00a9-0000-60ebef25-12-s1-d11,119,10.0,10.0,0.0
2025-2025123121gm-00a9-0000-60ebef25-12-s1-d11,120,10.0,10.0,0.0
2025-2025123121gm-00a9-0000-60ebef25-12-s1-d11,121,10.0,10.0,0.0
2025-2025123121gm-00a9-0000-60ebef25-12-s1-d11,122,10.0,10.0,0.0
2025-2025123121gm-00a9-0000-60ebef25-12-s1-d11,123,10.0,10.0,0.0
2025-2025123121gm-00a9-0000-60ebef25-12-s1-d11,124,10.0,10.0,0.0
2025-2025123121gm-00a9-0000-60ebef25-12-s1-d11,125,10.0,10.0,0.0
2025-2025123121gm-00a9-0000-60ebef25-12-s1-d11,126,10.0,10.0,0.0
2025-2025123121gm-00a9-0000-60ebef25-12-s1-d11,127,10.0,10.0,0.0
2025-2025123121gm-00a9-0000-60ebef25-12-s1-d11,128,10.0,10.0,0.0
2025-2025123121gm-00a9-0000-60ebef25-12-s1-d11,129,10.0,10.0,0.0
2025-2025123121gm-00a9-0000-60ebef25-12-s1-d11,130,10.0,10.0,0.0
2025-2025123121gm-00a9-0000-60ebef25-12-s1-d11,131,10.0,10.0,0.0
2025-2025123121gm-00a9-0000-60ebef25-12-s1-d11,132,10.0,10.0,0.0
2025-2025123121gm-00a9-0000-60ebef25-12-s1-d11,133,10.0,10.0,0.0
2025-2025123121gm-00a9-0000-60ebef25-12-s1-d11,134,10.0,10.0,0.0
2025-2025123121gm-00a9-0000-60ebef25-12-s1-d11,135,10.0,10.0,0.0
2025-2025123121gm-00a9-0000-60ebef25-12-s1-d11,136,10.0,10.0,0.0
2025-2025123121gm-00a9-0000-60ebef25-12-s1-d11,137,10.0,10.0,0.0
2025-2025123121gm-00a9-0000-60ebef25-12-s1-d11,138,10.0,10.0,0.0
2025-2025123121gm-00a9-0000-60ebef25-12-s1-d11,139,10.0,10.0,0.0
2025-2025123121gm-00a9-0000-60ebef25-12-s1-d11,140,4.0,10.0,6.0
2025-2025123121gm-00a9-0000-60ebef25-12-s1-d11,141,10.0,10.0,0.0
2025-2025123121gm-00a9-0000-60ebef25-12-s1-d11,142,10.0,10.0,0.0
2025-2025123121gm-00a9-0000-60ebef25-12-s1-d11,143,10.0,10.0,0.0
2025-2025123121gm-00a9-0000-60ebef25-12-s1-d11,144,10.0,10.0,0.0
2025-2025123121gm-00a9-0000-60ebef25-12-s1-d11,145,10.0,10.0,0.0
2025-2025123121gm-00a9-0000-60ebef25-12-s1-d11,146,10.0,10.0,0.0
2025-2025123121gm-00a9-0000-60ebef25-12-s1-d11,147,10.0,10.0,0.0
2025-2025123121gm-00a9-0000-60ebef25-12-s1-d11,148,10.0,10.0,0.0
2025-2025123121gm-00a9-0000-60ebef25-12-s1-d11,149,10.0,10.0,0.0
2025-2025123121gm-00a9-0000-60ebef25-12-s1-d11,150,10.0,10.0,0.0
2025-2025123121gm-00a9-0000-60ebef25-12-s1-d11,151,10.0,10.0,0.0
2025-2025123121gm-00a9-0000-60ebef25-12-s1-d11,152,10.0,4.0,-6.0
2025-2025123121gm-00a9-0000-60ebef25-12-s1-d11,153,10.0,10.0,0.0
2025-2025123121gm-00a9-0000-60ebef25-12-s1-d11,154,10.0,10.0,0.0
2025-2025123121gm-00a9-0000-60ebef25-12-s1-d11,155,10.0,10.0,0.0
2025-2025123121gm-00a9-0000-60ebef25-12-s1-d11,156,10.0,10.0,0.0
2025-2025123121gm-00a9-0000-60ebef25-12-s1-d11,157,10.0,10.0,0.0
2025-2025123121gm-00a9-0000-60ebef25-12-s1-d11,158,10.0,10.0,0.0
2025-2025123121gm-00a9-0000-60ebef25-12-s1-d11,159,10.0,10.0,0.0
2025-2025123121gm-00a9-0000-60ebef25-12-s1-d11,160,10.0,10.0,0.0
2025-2025123121gm-00a9-0000-60ebef25-12-s1-d11,161,10.0,10.0,0.0
2025-2025123121gm-00a9-0000-60ebef25-12-s1-d11,162,10.0,10.0,0.0
2025-2025123121gm-00a9-0000-60ebef25-12-s1-d11,163,10.0,10.0,0.0
2025-2025123121gm-00a9-0000-60ebef25-12-s1-d11,164,10.0,10.0,0.0
2025-2025123121gm-00a9-0000-60ebef25-12-s1-d11,165,10.0,4.0,-6.0
2025-2025123121gm-00a9-0000-60ebef25-12-s1-d11,166,10.0,10.0,0.0
2025-2025123121gm-00a9-0000-60ebef25-12-s1-d11,167,10.0,4.0,-6.0
2025-2025123121gm-00a9-0000-60ebef25-12-s1-d11,168,10.0,10.0,0.0
2025-2025123121gm-00a9-0000-60ebef25-12-s1-d11,169,10.0,10.0,0.0
2025-2025123121gm-00a9-0000-60ebef25-12-s1-d11,170,10.0,10.0,0.0
2025-2025123121gm-00a9-0000-60ebef25-12-s1-d11,171,10.0,10.0,0.0
2025-2025123121gm-00a9-0000-60ebef25-12-s1-d11,172,10.0,10.0,0.0
2025-2025123121gm-00a9-0000-60ebef25-12-s1-d11,173,10.0,10.0,0.0
2025-2025123121gm-00a9-0000-60ebef25-12-s1-d11,174,10.0,10.0,0.0
2025-2025123121gm-00a9-0000-60ebef25-12-s1-d11,175,10.0,10.0,0.0
2025-2025123121gm-00a9-0000-60ebef25-12-s1-d11,176,10.0,10.0,0.0
2025-2025123121gm-00a9-0000-60ebef25-12-s1-d11,177,10.0,10.0,0.0
2025-2025123121gm-00a9-0000-60ebef25-12-s1-d11,178,10.0,10.0,0.0
2025-2025123121gm-00a9-0000-60ebef25-12-s1-d11,179,10.0,10.0,0.0
2025-2025123121gm-00a9-0000-60ebef25-12-s1-d11,180,10.0,10.0,0.0
2025-2025123121gm-00a9-0000-60ebef25-12-s1-d11,181,10.0,10.0,0.0
2025-2025123121gm-00a9-0000-60ebef25-12-s1-d11,182,10.0,10.0,0.0
2025-2025123121gm-00a9-0000-60ebef25-12-s1-d11,183,10.0,10.0,0.0
2025-2025123121gm-00a9-0000-60ebef25-12-s1-d11,184,10.0,10.0,0.0
2025-2025123121gm-00a9-0000-60ebef25-12-s1-d11,185,10.0,10.0,0.0
2025-2025123121gm-00a9-0000-60ebef25-12-s1-d11,186,10.0,10.0,0.0
2025-2025123121gm-00a9-0000-60ebef25-12-s1-d11,187,10.0,10.0,0.0
2025-2025123121gm-00a9-0000-60ebef25-12-s1-d11,188,10.0,10.0,0.0
2025-2025123121gm-00a9-0000-60ebef25-12-s1-d11,189,10.0,10.0,0.0
2025-2025123121gm-00a9-0000-60ebef25-12-s1-d11,190,10.0,10.0,0.0
2025-2025123121gm-00a9-0000-60ebef25-12-s1-d11,191,10.0,10.0,0.0
2025-2025123121gm-00a9-0000-60ebef25-12-s1-d11,192,10.0,10.0,0.0
2025-2025123121gm-00a9-0000-60ebef25-12-s1-d11,193,10.0,10.0,0.0
2025-2025123121gm-00a9-0000-60ebef25-12-s1-d11,194,10.0,4.0,-6.0
2025-2025123121gm-00a9-0000-60ebef25-12-s1-d11,195,10.0,10.0,0.0
2025-2025123121gm-00a9-0000-60ebef25-12-s1-d11,196,10.0,10.0,0.0
2025-2025123121gm-00a9-0000-60ebef25-12-s1-d11,197,10.0,10.0,0.0
2025-2025123121gm-00a9-0000-60ebef25-12-s1-d11,198,10.0,10.0,0.0
2025-2025123121gm-00a9-0000-60ebef25-12-s1-d11,199,10.0,10.0,0.0
2025-2025123121gm-00a9-0000-60ebef25-12-s1-d11,200,10.0,4.0,-6.0
2025-2025123121gm-00a9-0000-60ebef25-12-s1-d11,201,10.0,10.0,0.0
2025-2025123121gm-00a9-0000-60ebef25-12-s1-d11,202,10.0,10.0,0.0
2025-2025123121gm-00a9-0000-60ebef25-12-s1-d11,203,10.0,10.0,0.0
2025-2025123121gm-00a9-0000-60ebef25-12-s1-d11,204,10.0,10.0,0.0
2025-2025123121gm-00a9-0000-60ebef25-12-s1-d11,205,10.0,4.0,-6.0
2025-2025123121gm-00a9-0000-60ebef25-12-s1-d11,206,10.0,10.0,0.0
2025-2025123121gm-00a9-0000-60ebef25-12-s1-d11,207,10.0,10.0,0.0
2025-2025123121gm-00a9-0000-60ebef25-12-s1-d11,208,10.0,10.0,0.0
2025-2025123121gm-00a9-0000-60ebef25-12-s1-d11,209,10.0,10.0,0.0
2025-2025123121gm-00a9-0000-60ebef25-12-s1-d11,210,10.0,10.0,0.0
2025-2025123121gm-00a9-0000-60ebef25-12-s1-d11,211,10.0,10.0,0.0
2025-2025123121gm-00a9-0000-60ebef25-12-s1-d11,212,10.0,10.0,0.0
2025-2025123121gm-00a9-0000-60ebef25-12-s1-d11,213,10.0,10.0,0.0
2025-2025123121gm-00a9-0000-60ebef25-12-s1-d11,214,10.0,10.0,0.0
2025-2025123121gm-00a9-0000-60ebef25-12-s1-d11,215,10.0,10.0,0.0
2025-2025123121gm-00a9-0000-60ebef25-12-s1-d11,216,10.0,10.0,0.0
2025-2025123121gm-00a9-0000-60ebef25-12-s1-d11,217,10.0,10.0,0.0
2025-2025123121gm-00a9-0000-60ebef25-12-s1-d11,218,10.0,10.0,0.0
2025-2025123121gm-00a9-0000-60ebef25-12-s1-d11,219,10.0,10.0,0.0
2025-2025123121gm-00a9-0000-60ebef25-12-s1-d11,220,10.0,10.0,0.0
2025-2025123121gm-00a9-0000-60ebef25-12-s1-d11,221,10.0,10.0,0.0
2025-2025123121gm-00a9-0000-60ebef25-12-s1-d11,222,10.0,10.0,0.0
2025-2025123121gm-00a9-0000-60ebef25-12-s1-d11,223,4.0,4.0,0.0
2025-2025123121gm-00a9-0000-60ebef25-12-s1-d11,224,10.0,10.0,0.0
2025-2025123121gm-00a9-0000-60ebef25-12-s1-d11,225,10.0,10.0,0.0
2025-2025123121gm-00a9-0000-60ebef25-12-s1-d11,226,10.0,10.0,0.0
2025-2025123121gm-00a9-0000-60ebef25-12-s1-d11,227,10.0,10.0,0.0
2025-2025123121gm-00a9-0000-60ebef25-12-s1-d11,228,10.0,10.0,0.0
2025-2025123121gm-00a9-0000-60ebef25-12-s1-d11,229,10.0,10.0,0.0
2025-2025123121gm-00a9-0000-60ebef25-12-s1-d11,230,10.0,10.0,0.0
2025-2025123121gm-00a9-0000-60ebef25-12-s1-d11,231,10.0,10.0,0.0
2025-2025123121gm-00a9-0000-60ebef25-12-s1-d11,232,10.0,10.0,0.0
2025-2025123121gm-00a9-0000-60ebef25-12-s1-d11,233,10.0,10.0,0.0
2025-2025123121gm-00a9-0000-60ebef25-12-s1-d11,234,10.0,10.0,0.0
2025-2025123121gm-00a9-0000-60ebef25-12-s1-d11,235,10.0,10.0,0.0
2025-2025123121gm-00a9-0000-60ebef25-12-s1-d11,236,10.0,10.0,0.0
2025-2025123121gm-00a9-0000-60ebef25-12-s1-d11,237,10.0,10.0,0.0
2025-2025123121gm-00a9-0000-60ebef25-12-s1-d11,238,10.0,10.0,0.0
2025-2025123121gm-00a9-0000-60ebef25-12-s1-d11,239,10.0,10.0,0.0
2025-2025123121gm-00a9-0000-60ebef25-12-s1-d11,240,10.0,10.0,0.0
2025-2025123121gm-00a9-0000-60ebef25-12-s1-d11,241,10.0,10.0,0.0
2025-2025123121gm-00a9-0000-60ebef25-12-s1-d11,242,10.0,10.0,0.0
2025-2025123121gm-00a9-0000-60ebef25-12-s1-d11,243,10.0,10.0,0.0
2025-2025123121gm-00a9-0000-60ebef25-12-s1-d11,244,10.0,10.0,0.0
2025-2025123121gm-00a9-0000-60ebef25-12-s1-d11,245,4.0,4.0,0.0
2025-2025123121gm-00a9-0000-60ebef25-12-s1-d11,246,10.0,10.0,0.0
2025-2025123121gm-00a9-0000-60ebef25-12-s1-d11,247,10.0,10.0,0.0
2025-2025123121gm-00a9-0000-60ebef25-12-s1-d11,248,10.0,10.0,0.0
2025-2025123121gm-00a9-0000-60ebef25-12-s1-d11,249,10.0,10.0,0.0
2025-2025123121gm-00a9-0000-60ebef25-12-s1-d11,250,10.0,10.0,0.0
2025-2025123121gm-00a9-0000-60ebef25-12-s1-d11,251,10.0,10.0,0.0
2025-2025123121gm-00a9-0000-60ebef25-12-s1-d11,252,4.0,10.0,6.0
2025-2025123121gm-00a9-0000-60ebef25-12-s1-d11,253,10.0,10.0,0.0
2025-2025123121gm-00a9-0000-60ebef25-12-s1-d11,254,10.0,10.0,0.0
2025-2025123121gm-00a9-0000-60ebef25-12-s1-d11,255,4.0,4.0,0.0
