decision_id,world_idx,r_a,r_b,delta_full
2024-2024091917gm-00a9-0000-24c42be7-07-s0-d10,0,-10.0,-10.0,0.0
2024-2024091917gm-00a9-0000-24c42be7-07-s0-d10,1,4.0,4.0,0.0
2024-2024091917gm-00a9-0000-24c42be7-07-s0-d10,2,-10.0,-4.0,6.0
2024-2024091917gm-00a9-0000-24c42be7-07-s0-d10,3,-10.0,-10.0,0.0
2024-2024091917gm-00a9-0000-24c42be7-07-s0-d10,4,-10.0,10.0,20.0
2024-2024091917gm-00a9-0000-24c42be7-07-s0-d10,5,-4.0,4.0,8.0
2024-2024091917gm-00a9-0000-24c42be7-07-s0-d10,6,-10.0,-10.0,0.0
2024-2024091917gm-00a9-0000-24c42be7-07-s0-d10,7,4.0,-10.0,-14.0
2024-2024091917gm-00a9-0000-24c42be7-07-s0-d10,8,-10.0,-10.0,0.0
2024-2024091917gm-00a9-0000-24c42be7-07-s0-d10,9,-10.0,-10.0,0.0
2024-2024091917gm-00a9-0000-24c42be7-07-s0-d10,10,-10.0,-4.0,6.0
2024-2024091917gm-00a9-0000-24c42be7-07-s0-d10,11,-10.0,-10.0,0.0
2024-2024091917gm-00a9-0000-24c42be7-07-s0-d10,12,-4.0,-10.0,-6.0
2024-2024091917gm-00a9-0000-24c42be7-07-s0-d10,13,-10.0,10.0,20.0
2024-2024091917gm-00a9-0000-24c42be7-07-s0-d10,14,4.0,-4.0,-8.0
2024-2024091917gm-00a9-0000-24c42be7-07-s0-d10,15,-10.0,-10.0,0.0
2024-2024091917gm-00a9-0000-24c42be7-07-s0-d10,16,4.0,4.0,0.0
2024-2024091917gm-00a9-0000-24c42be7-07-s0-d10,17,-4.0,-4.0,0.0
2024-2024091917gm-00a9-0000-24c42be7-07-s0-d10,18,-10.0,4.0,14.0
2024-2024091917gm-00a9-0000-24c42be7-07-s0-d10,19,-10.0,-10.0,0.0
2024-2024091917gm-00a9-0000-24c42be7-07-s0-d10,20,-10.0,-10.0,0.0
2024-2024091917gm-00a9-0000-24c42be7-07-s0-d10,21,-10.0,4.0,14.0
2024-2024091917gm-00a9-0000-24c42be7-07-s0-d10,22,10.0,10.0,0.0
2024-2024091917gm-00a9-0000-24c42be7-07-s0-d10,23,-10.0,-10.0,0.0
2024-2024091917gm-00a9-0000-24c42be7-07-s0-d10,24,-10.0,-10.0,0.0
2024-2024091917gm-00a9-0000-24c42be7-07-s0-d10,25,-10.0,-10.0,0.0
2024-2024091917gm-00a9-0000-24c42be7-07-s0-d10,26,10.0,-10.0,-20.0
2024-2024091917gm-00a9-0000-24c42be7-07-s0-d10,27,10.0,-10.0,-20.0
2024-2024091917gm-00a9-0000-24c42be7-07-s0-d10,28,-10.0,-4.0,6.0
2024-2024091917gm-00a9-0000-24c42be7-07-s0-d10,29,-10.0,4.0,14.0
2024-2024091917gm-00a9-0000-24c42be7-07-s0-d10,30,-10.0,4.0,14.0
2024-2024091917gm-00a9-0000-24c42be7-07-s0-d10,31,-10.0,-10.0,0.0
2024-2024091917gm-00a9-0000-24c42be7-07-s0-d10,32,4.0,-10.0,-14.0
2024-2024091917gm-00a9-0000-24c42be7-07-s0-d10,33,-4.0,-10.0,-6.0
2024-2024091917gm-00a9-0000-24c42be7-07-s0-d10,34,-10.0,-10.0,0.0
2024-2024091917gm-00a9-0000-24c42be7-07-s0-d10,35,-4.0,4.0,8.0
2024-2024091917gm-00a9-0000-24c42be7-07-s0-d10,36,-10.0,-10.0,0.0
2024-2024091917gm-00a9-0000-24c42be7-07-s0-d10,37,4.0,-10.0,-14.0
2024-2024091917gm-00a9-0000-24c42be7-07-s0-d10,38,-10.0,-10.0,0.0
2024-2024091917gm-00a9-0000-24c42be7-07-s0-d10,39,4.0,10.0,6.0
2024-2024091917gm-00a9-0000-24c42be7-07-s0-d10,40,-10.0,-10.0,0.0
2024-2024091917gm-00a9-0000-24c42be7-07-s0-d10,41,-4.0,-4.0,0.0
2024-2024091917gm-00a9-0000-24c42be7-07-s0-d10,42,-4.0,-4.0,0.0
2024-2024091917gm-00a9-0000-24c42be7-07-s0-d10,43,-10.0,-10.0,0.0
2024-2024091917gm-00a9-0000-24c42be7-07-s0-d10,44,-10.0,-4.0,6.0
2024-2024091917gm-00a9-0000-24c42be7-07-s0-d10,45,4.0,4.0,0.0
2024-2024091917gm-00a9-0000-24c42be7-07-s0-d10,46,10.0,-10.0,-20.0
2024-2024091917gm-00a9-0000-24c42be7-07-s0-d10,47,-4.0,-4.0,0.0
2024-2024091917gm-00a9-0000-24c42be7-07-s0-d10,48,-10.0,-4.0,6.0
2024-2024091917gm-00a9-0000-24c42be7-07-s0-d10,49,-4.0,4.0,8.0
2024-2024091917gm-00a9-0000-24c42be7-07-s0-d10,50,4.0,10.0,6.0
2024-2024091917gm-00a9-0000-24c42be7-07-s0-d10,51,-10.0,-10.0,0.0
2024-2024091917gm-00a9-0000-24c42be7-07-s0-d10,52,-10.0,-10.0,0.0
2024-2024091917gm-00a9-0000-24c42be7-07-s0-d10,53,-10.0,-10.0,0.0
2024-2024091917gm-00a9-0000-24c42be7-07-s0-d10,54,-10.0,4.0,14.0
2024-2024091917gm-00a9-0000-24c42be7-07-s0-d10,55,-10.0,10.0,20.0
2024-2024091917gm-00a9-0000-24c42be7-07-s0-d10,56,-10.0,-10.0,0.0
2024-2024091917gm-00a9-0000-24c42be7-07-s0-d10,57,-10.0,-10.0,0.0
2024-2024091917gm-00a9-0000-24c42be7-07-s0-d10,58,10.0,10.0,0.0
2024-2024091917gm-00a9-0000-24c42be7-07-s0-d10,59,-10.0,-10.0,0.0
2024-2024091917gm-00a9-0000-24c42be7-07-s0-d10,60,-10.0,-10.0,0.0
2024-2024091917gm-00a9-0000-24c42be7-07-s0-d10,61,10.0,-4.0,-14.0
2024-2024091917gm-00a9-0000-24c42be7-07-s0-d10,62,4.0,-10.0,-14.0
2024-2024091917gm-00a9-0000-24c42be7-07-s0-d10,63,-10.0,-4.0,6.0
2024-2024091917gm-00a9-0000-24c42be7-07-s0-d10,64,-10.0,-10.0,0.0
2024-2024091917gm-00a9-0000-24c42be7-07-s0-d10,65,-10.0,-10.0,0.0
2024-2024091917gm-00a9-0000-24c42be7-07-s0-d10,66,-10.0,-4.0,6.0
2024-2024091917gm-00a9-0000-24c42be7-07-s0-d10,67,-4.0,-10.0,-6.0
2024-2024091917gm-00a9-0000-24c42be7-07-s0-d10,68,-4.0,-10.0,-6.0
2024-2024091917gm-00a9-0000-24c42be7-07-s0-d10,69,10.0,-10.0,-20.0
2024-2024091917gm-00a9-0000-24c42be7-07-s0-d10,70,4.0,10.0,6.0
2024-2024091917gm-00a9-0000-24c42be7-07-s0-d10,71,-10.0,-10.0,0.0
2024-2024091917gm-00a9-0000-24c42be7-07-s0-d10,72,-10.0,-10.0,0.0
2024-2024091917gm-00a9-0000-24c42be7-07-s0-d10,73,-4.0,-4.0,0.0
2024-2024091917gm-00a9-0000-24c42be7-07-s0-d10,74,-10.0,-10.0,0.0
2024-2024091917gm-00a9-0000-24c42be7-07-s0-d10,75,-4.0,-4.0,0.0
2024-2024091917gm-00a9-0000-24c42be7-07-s0-d10,76,-10.0,-10.0,0.0
2024-2024091917gm-00a9-0000-24c42be7-07-s0-d10,77,-10.0,-4.0,6.0
2024-2024091917gm-00a9-0000-24c42be7-07-s0-d10,78,-10.0,-10.0,0.0
2024-2024091917gm-00a9-0000-24c42be7-07-s0-d10,79,-10.0,-10.0,0.0
2024-2024091917gm-00a9-0000-24c42be7-07-s0-d10,80,-4.0,-10.0,-6.0
2024-2024091917gm-00a9-0000-24c42be7-07-s0-d10,81,-4.0,-4.0,0.0
2024-2024091917gm-00a9-0000-24c42be7-07-s0-d10,82,-4.0,-4.0,0.0
2024-2024091917gm-00a9-0000-24c42be7-07-s0-d10,83,4.0,-10.0,-14.0
2024-2024091917gm-00a9-0000-24c42be7-07-s0-d10,84,-10.0,-10.0,0.0
2024-2024091917gm-00a9-0000-24c42be7-07-s0-d10,85,-10.0,-10.0,0.0
2024-2024091917gm-00a9-0000-24c42be7-07-s0-d10,86,10.0,-10.0,-20.0
2024-2024091917gm-00a9-0000-24c42be7-07-s0-d10,87,-10.0,-10.0,0.0
2024-2024091917gm-00a9-0000-24c42be7-07-s0-d10,88,-10.0,-10.0,0.0
2024-2024091917gm-00a9-0000-24c42be7-07-s0-d10,89,-10.0,-10.0,0.0
2024-2024091917gm-00a9-0000-24c42be7-07-s0-d10,90,4.0,-10.0,-14.0
2024-2024091917gm-00a9-0000-24c42be7-07-s0-d10,91,-10.0,-4.0,6.0
2024-2024091917gm-00a9-0000-24c42be7-07-s0-d10,92,-4.0,-4.0,0.0
2024-2024091917gm-00a9-0000-24c42be7-07-s0-d10,93,-10.0,-4.0,6.0
2024-2024091917gm-00a9-0000-24c42be7-07-s0-d10,94,-10.0,-10.0,0.0
2024-2024091917gm-00a9-0000-24c42be7-07-s0-d10,95,-10.0,10.0,20.0
2024-2024091917gm-00a9-0000-24c42be7-07-s0-d10,96,4.0,-10.0,-14.0
2024-2024091917gm-00a9-0000-24c42be7-07-s0-d10,97,-10.0,-4.0,6.0
2024-2024091917gm-00a9-0000-24c42be7-07-s0-d10,98,-10.0,-10.0,0.0
2024-2024091917gm-00a9-0000-24c42be7-07-s0-d10,99,-10.0,-10.0,0.0
2024-2024091917gm-00a9-0000-24c42be7-07-s0-d10,100,-10.0,-10.0,0.0
2024-2024091917gm-00a9-0000-24c42be7-07-s0-d10,101,-10.0,-10.0,0.0
2024-2024091917gm-00a9-0000-24c42be7-07-s0-d10,102,-10.0,-10.0,0.0
2024-2024091917gm-00a9-0000-24c42be7-07-s0-d10,103,-4.0,-10.0,-6.0
2024-2024091917gm-00a9-0000-24c42be7-07-s0-d10,104,-10.0,-4.0,6.0
2024-2024091917gm-00a9-0000-24c42be7-07-s0-d10,105,10.0,-4.0,-14.0
2024-2024091917gm-00a9-0000-24c42be7-07-s0-d10,106,-4.0,4.0,8.0
2024-2024091917gm-00a9-0000-24c42be7-07-s0-d10,107,-10.0,-4.0,6.0
2024-2024091917gm-00a9-0000-24c42be7-07-s0-d10,108,-10.0,-10.0,0.0
2024-2024091917gm-00a9-0000-24c42be7-07-s0-d10,109,-10.0,-10.0,0.0
2024-2024091917gm-00a9-0000-24c42be7-07-s0-d10,110,-10.0,-10.0,0.0
2024-2024091917gm-00a9-0000-24c42be7-07-s0-d10,111,10.0,10.0,0.0
2024-2024091917gm-00a9-0000-24c42be7-07-s0-d10,112,-10.0,-4.0,6.0
2024-2024091917gm-00a9-0000-24c42be7-07-s0-d10,113,-10.0,-10.0,0.0
2024-2024091917gm-00a9-0000-24c42be7-07-s0-d10,114,4.0,-4.0,-8.0
2024-2024091917gm-00a9-0000-24c42be7-07-s0-d10,115,-10.0,-10.0,0.0
2024-2024091917gm-00a9-0000-24c42be7-07-s0-d10,116,-10.0,-10.0,0.0
2024-2024091917gm-00a9-0000-24c42be7-07-s0-d10,117,-10.0,4.0,14.0
2024-2024091917gm-00a9-0000-24c42be7-07-s0-d10,118,10.0,10.0,0.0
2024-2024091917gm-00a9-0000-24c42be7-07-s0-d10,119,-10.0,-10.0,0.0
2024-2024091917gm-00a9-0000-24c42be7-07-s0-d10,120,-10.0,-10.0,0.0
2024-2024091917gm-00a9-0000-24c42be7-07-s0-d10,121,-10.0,-10.0,0.0
2024-2024091917gm-00a9-0000-24c42be7-07-s0-d10,122,10.0,4.0,-6.0
2024-2024091917gm-00a9-0000-24c42be7-07-s0-d10,123,-4.0,-4.0,0.0
2024-2024091917gm-00a9-0000-24c42be7-07-s0-d10,124,4.0,10.0,6.0
2024-2024091917gm-00a9-0000-24c42be7-07-s0-d10,125,-10.0,-10.0,0.0
2024-2024091917gm-00a9-0000-24c42be7-07-s0-d10,126,-4.0,-4.0,0.0
2024-2024091917gm-00a9-0000-24c42be7-07-s0-d10,127,-10.0,-10.0,0.0
2024-2024091917gm-00a9-0000-24c42be7-07-s0-d10,128,4.0,-10.0,-14.0
2024-2024091917gm-00a9-0000-24c42be7-07-s0-d10,129,10.0,4.0,-6.0
2024-2024091917gm-00a9-0000-24c42be7-07-s0-d10,130,-10.0,-4.0,6.0
2024-2024091917gm-00a9-0000-24c42be7-07-s0-d10,131,-10.0,-10.0,0.0
2024-2024091917gm-00a9-0000-24c42be7-07-s0-d10,132,-10.0,-10.0,0.0
2024-2024091917gm-00a9-0000-24c42be7-07-s0-d10,133,10.0,-10.0,-20.0
2024-2024091917gm-00a9-0000-24c42be7-07-s0-d10,134,10.0,-10.0,-20.0
2024-2024091917gm-00a9-0000-24c42be7-07-s0-d10,135,-4.0,-10.0,-6.0
2024-2024091917gm-00a9-0000-24c42be7-07-s0-d10,136,-10.0,-10.0,0.0
2024-2024091917gm-00a9-0000-24c42be7-07-s0-d10,137,-4.0,-10.0,-6.0
2024-2024091917gm-00a9-0000-24c42be7-07-s0-d10,138,-10.0,-10.0,0.0
2024-2024091917gm-00a9-0000-24c42be7-07-s0-d10,139,4.0,-4.0,-8.0
2024-2024091917gm-00a9-0000-24c42be7-07-s0-d10,140,10.0,-10.0,-20.0
2024-2024091917gm-00a9-0000-24c42be7-07-s0-d10,141,-4.0,4.0,8.0
2024-2024091917gm-00a9-0000-24c42be7-07-s0-d10,142,-10.0,4.0,14.0
2024-2024091917gm-00a9-0000-24c42be7-07-s0-d10,143,-10.0,-10.0,0.0
2024-2024091917gm-00a9-0000-24c42be7-07-s0-d10,144,-10.0,-10.0,0.0
2024-2024091917gm-00a9-0000-24c42be7-07-s0-d10,145,10.0,-4.0,-14.0
2024-2024091917gm-00a9-0000-24c42be7-07-s0-d10,146,-10.0,-10.0,0.0
2024-2024091917gm-00a9-0000-24c42be7-07-s0-d10,147,-10.0,-10.0,0.0
2024-2024091917gm-00a9-0000-24c42be7-07-s0-d10,148,4.0,4.0,0.0
2024-2024091917gm-00a9-0000-24c42be7-07-s0-d10,149,-10.0,10.0,20.0
2024-2024091917gm-00a9-0000-24c42be7-07-s0-d10,150,-10.0,-10.0,0.0
2024-2024091917gm-00a9-0000-24c42be7-07-s0-d10,151,-10.0,-4.0,6.0
2024-2024091917gm-00a9-0000-24c42be7-07-s0-d10,152,-10.0,-10.0,0.0
2024-2024091917gm-00a9-0000-24c42be7-07-s0-d10,153,4.0,-10.0,-14.0
2024-2024091917gm-00a9-0000-24c42be7-07-s0-d10,154,10.0,4.0,-6.0
2024-2024091917gm-00a9-0000-24c42be7-07-s0-d10,155,-10.0,-10.0,0.0
2024-2024091917gm-00a9-0000-24c42be7-07-s0-d10,156,-10.0,4.0,14.0
2024-2024091917gm-00a9-0000-24c42be7-07-s0-d10,157,-4.0,4.0,8.0
2024-2024091917gm-00a9-0000-24c42be7-07-s0-d10,158,-10.0,-4.0,6.0
2024-2024091917gm-00a9-0000-24c42be7-07-s0-d10,159,-10.0,-4.0,6.0
2024-2024091917gm-00a9-0000-24c42be7-07-s0-d10,160,-10.0,-10.0,0.0
2024-2024091917gm-00a9-0000-24c42be7-07-s0-d10,161,-10.0,-10.0,0.0
2024-2024091917gm-00a9-0000-24c42be7-07-s0-d10,162,-4.0,4.0,8.0
2024-2024091917gm-00a9-0000-24c42be7-07-s0-d10,163,-10.0,4.0,14.0
2024-2024091917gm-00a9-0000-24c42be7-07-s0-d10,164,-10.0,-10.0,0.0
2024-2024091917gm-00a9-0000-24c42be7-07-s0-d10,165,-10.0,-10.0,0.0
2024-2024091917gm-00a9-0000-24c42be7-07-s0-d10,166,-10.0,10.0,20.0
2024-2024091917gm-00a9-0000-24c42be7-07-s0-d10,167,4.0,-10.0,-14.0
2024-2024091917gm-00a9-0000-24c42be7-07-s0-d10,168,-10.0,-10.0,0.0
2024-2024091917gm-00a9-0000-24c42be7-07-s0-d10,169,4.0,4.0,0.0
2024-2024091917gm-00a9-0000-24c42be7-07-s0-d10,170,-10.0,-10.0,0.0
2024-2024091917gm-00a9-0000-24c42be7-07-s0-d10,171,-10.0,-10.0,0.0
2024-2024091917gm-00a9-0000-24c42be7-07-s0-d10,172,-4.0,10.0,14.0
2024-2024091917gm-00a9-0000-24c42be7-07-s0-d10,173,-10.0,-10.0,0.0
2024-2024091917gm-00a9-0000-24c42be7-07-s0-d10,174,-10.0,-10.0,0.0
2024-2024091917gm-00a9-0000-24c42be7-07-s0-d10,175,-10.0,-10.0,0.0
2024-2024091917gm-00a9-0000-24c42be7-07-s0-d10,176,-10.0,-10.0,0.0
2024-2024091917gm-00a9-0000-24c42be7-07-s0-d10,177,-10.0,-10.0,0.0
2024-2024091917gm-00a9-0000-24c42be7-07-s0-d10,178,-10.0,-10.0,0.0
2024-2024091917gm-00a9-0000-24c42be7-07-s0-d10,179,4.0,-4.0,-8.0
2024-2024091917gm-00a9-0000-24c42be7-07-s0-d10,180,-4.0,-10.0,-6.0
2024-2024091917gm-00a9-0000-24c42be7-07-s0-d10,181,10.0,-10.0,-20.0
2024-2024091917gm-00a9-0000-24c42be7-07-s0-d10,182,-10.0,10.0,20.0
2024-2024091917gm-00a9-0000-24c42be7-07-s0-d10,183,-4.0,-10.0,-6.0
2024-2024091917gm-00a9-0000-24c42be7-07-s0-d10,184,-10.0,-4.0,6.0
2024-2024091917gm-00a9-0000-24c42be7-07-s0-d10,185,-4.0,4.0,8.0
2024-2024091917gm-00a9-0000-24c42be7-07-s0-d10,186,-10.0,-10.0,0.0
2024-2024091917gm-00a9-0000-24c42be7-07-s0-d10,187,-10.0,-10.0,0.0
2024-2024091917gm-00a9-0000-24c42be7-07-s0-d10,188,-10.0,-10.0,0.0
2024-2024091917gm-00a9-0000-24c42be7-07-s0-d10,189,-4.0,4.0,8.0
2024-2024091917gm-00a9-0000-24c42be7-07-s0-d10,190,4.0,-10.0,-14.0
2024-2024091917gm-00a9-0000-24c42be7-07-s0-d10,191,-10.0,-10.0,0.0
2024-2024091917gm-00a9-0000-24c42be7-07-s0-d10,192,-10.0,-10.0,0.0
2024-2024091917gm-00a9-0000-24c42be7-07-s0-d10,193,-10.0,4.0,14.0
2024-2024091917gm-00a9-0000-24c42be7-07-s0-d10,194,4.0,-10.0,-14.0
2024-2024091917gm-00a9-0000-24c42be7-07-s0-d10,195,-4.0,-10.0,-6.0
2024-2024091917gm-00a9-0000-24c42be7-07-s0-d10,196,-10.0,10.0,20.0
2024-2024091917gm-00a9-0000-24c42be7-07-s0-d10,197,-10.0,4.0,14.0
2024-2024091917gm-00a9-0000-24c42be7-07-s0-d10,198,4.0,-10.0,-14.0
2024-2024091917gm-00a9-0000-24c42be7-07-s0-d10,199,-4.0,-10.0,-6.0
2024-2024091917gm-00a9-0000-24c42be7-07-s0-d10,200,-4.0,-10.0,-6.0
2024-2024091917gm-00a9-0000-24c42be7-07-s0-d10,201,-10.0,-10.0,0.0
2024-2024091917gm-00a9-0000-24c42be7-07-s0-d10,202,4.0,-4.0,-8.0
2024-2024091917gm-00a9-0000-24c42be7-07-s0-d10,203,-4.0,-10.0,-6.0
2024-2024091917gm-00a9-0000-24c42be7-07-s0-d10,204,-10.0,-10.0,0.0
2024-2024091917gm-00a9-0000-24c42be7-07-s0-d10,205,-10.0,-10.0,0.0
2024-2024091917gm-00a9-0000-24c42be7-07-s0-d10,206,-10.0,4.0,14.0
2024-2024091917gm-00a9-0000-24c42be7-07-s0-d10,207,-10.0,-10.0,0.0
2024-2024091917gm-00a9-0000-24c42be7-07-s0-d10,208,-10.0,-10.0,0.0
2024-2024091917gm-00a9-0000-24c42be7-07-s0-d10,209,-4.0,-10.0,-6.0
2024-2024091917gm-00a9-0000-24c42be7-07-s0-d10,210,-10.0,-10.0,0.0
2024-2024091917gm-00a9-0000-24c42be7-07-s0-d10,211,-4.0,-4.0,0.0
2024-2024091917gm-00a9-0000-24c42be7-07-s0-d10,212,-10.0,-10.0,0.0
2024-2024091917gm-00a9-0000-24c42be7-07-s0-d10,213,-4.0,-4.0,0.0
2024-2024091917gm-00a9-0000-24c42be7-07-s0-d10,214,-10.0,-10.0,0.0
2024-2024091917gm-00a9-0000-24c42be7-07-s0-d10,215,-10.0,4.0,14.0
2024-2024091917gm-00a9-0000-24c42be7-07-s0-d10,216,-10.0,-10.0,0.0
2024-2024091917gm-00a9-0000-24c42be7-07-s0-d10,217,-10.0,-10.0,0.0
2024-2024091917gm-00a9-0000-24c42be7-07-s0-d10,218,-10.0,-10.0,0.0
2024-2024091917gm-00a9-0000-24c42be7-07-s0-d10,219,-10.0,-10.0,0.0
2024-2024091917gm-00a9-0000-24c42be7-07-s0-d10,220,-10.0,-10.0,0.0
2024-2024091917gm-00a9-0000-24c42be7-07-s0-d10,221,-10.0,-10.0,0.0
2024-2024091917gm-00a9-0000-24c42be7-07-s0-d10,222,-10.0,-10.0,0.0
2024-2024091917gm-00a9-0000-24c42be7-07-s0-d10,223,4.0,-10.0,-14.0
2024-2024091917gm-00a9-0000-24c42be7-07-s0-d10,224,10.0,-10.0,-20.0
2024-2024091917gm-00a9-0000-24c42be7-07-s0-d10,225,-10.0,-10.0,0.0
2024-2024091917gm-00a9-0000-24c42be7-07-s0-d10,226,-10.0,-10.0,0.0
2024-2024091917gm-00a9-0000-24c42be7-07-s0-d10,227,-10.0,-10.0,0.0
2024-2024091917gm-00a9-0000-24c42be7-07-s0-d10,228,4.0,4.0,0.0
2024-2024091917gm-00a9-0000-24c42be7-07-s0-d10,229,-10.0,-10.0,0.0
2024-2024091917gm-00a9-0000-24c42be7-07-s0-d10,230,-10.0,-10.0,0.0
2024-2024091917gm-00a9-0000-24c42be7-07-s0-d10,231,-10.0,-10.0,0.0
2024-2024091917gm-00a9-0000-24c42be7-07-s0-d10,232,-10.0,-4.0,6.0
2024-2024091917gm-00a9-0000-24c42be7-07-s0-d10,233,-4.0,10.0,14.0
2024-2024091917gm-00a9-0000-24c42be7-07-s0-d10,234,4.0,-4.0,-8.0
2024-2024091917gm-00a9-0000-24c42be7-07-s0-d10,235,-10.0,-10.0,0.0
2024-2024091917gm-00a9-0000-24c42be7-07-s0-d10,236,-10.0,-4.0,6.0
2024-2024091917gm-00a9-0000-24c42be7-07-s0-d10,237,-10.0,-10.0,0.0
2024-2024091917gm-00a9-0000-24c42be7-07-s0-d10,238,10.0,4.0,-6.0
2024-2024091917gm-00a9-0000-24c42be7-07-s0-d10,239,-4.0,-4.0,0.0
2024-2024091917gm-00a9-0000-24c42be7-07-s0-d10,240,-10.0,10.0,20.0
2024-2024091917gm-00a9-0000-24c42be7-07-s0-d10,241,-10.0,-10.0,0.0
2024-2024091917gm-00a9-0000-24c42be7-07-s0-d10,242,-4.0,-10.0,-6.0
2024-2024091917gm-00a9-0000-24c42be7-07-s0-d10,243,-10.0,-10.0,0.0
2024-2024091917gm-00a9-0000-24c42be7-07-s0-d10,244,-10.0,-10.0,0.0
2024-2024091917gm-00a9-0000-24c42be7-07-s0-d10,245,10.0,-4.0,-14.0
2024-2024091917gm-00a9-0000-24c42be7-07-s0-d10,246,-10.0,-10.0,0.0
2024-2024091917gm-00a9-0000-24c42be7-07-s0-d10,247,-4.0,-10.0,-6.0
2024-2024091917gm-00a9-0000-24c42be7-07-s0-d10,248,-10.0,-10.0,0.0
2024-2024091917gm-00a9-0000-24c42be7-07-s0-d10,249,-10.0,10.0,20.0
2024-2024091917gm-00a9-0000-24c42be7-07-s0-d10,250,-10.0,-4.0,6.0
2024-2024091917gm-00a9-0000-24c42be7-07-s0-d10,251,-10.0,-4.0,6.0
2024-2024091917gm-00a9-0000-24c42be7-07-s0-d10,252,-10.0,-10.0,0.0
2024-2024091917gm-00a9-0000-24c42be7-07-s0-d10,253,-10.0,-10.0,0.0
2024-2024091917gm-00a9-0000-24c42be7-07-s0-d10,254,-10.0,-4.0,6.0
2024-2024091917gm-00a9-0000-24c42be7-07-s0-d10,255,-10.0,-10.0,0.0
2024-2024092905gm-00a9-0000-4f383722-09-s2-d9,0,4.0,-4.0,-8.0
2024-2024092905gm-00a9-0000-4f383722-09-s2-d9,1,-4.0,-4.0,0.0
2024-2024092905gm-00a9-0000-4f383722-09-s2-d9,2,-10.0,-4.0,6.0
2024-2024092905gm-00a9-0000-4f383722-09-s2-d9,3,-4.0,4.0,8.0
2024-2024092905gm-00a9-0000-4f383722-09-s2-d9,4,-4.0,-10.0,-6.0
2024-2024092905gm-00a9-0000-4f383722-09-s2-d9,5,4.0,4.0,0.0
2024-2024092905gm-00a9-0000-4f383722-09-s2-d9,6,4.0,-4.0,-8.0
2024-2024092905gm-00a9-0000-4f383722-09-s2-d9,7,4.0,4.0,0.0
2024-2024092905gm-00a9-0000-4f383722-09-s2-d9,8,-4.0,-4.0,0.0
2024-2024092905gm-00a9-0000-4f383722-09-s2-d9,9,4.0,-4.0,-8.0
2024-2024092905gm-00a9-0000-4f383722-09-s2-d9,10,4.0,4.0,0.0
2024-2024092905gm-00a9-0000-4f383722-09-s2-d9,11,-10.0,-10.0,0.0
2024-2024092905gm-00a9-0000-4f383722-09-s2-d9,12,-4.0,-4.0,0.0
2024-2024092905gm-00a9-0000-4f383722-09-s2-d9,13,-4.0,-4.0,0.0
2024-2024092905gm-00a9-0000-4f383722-09-s2-d9,14,-4.0,-4.0,0.0
2024-2024092905gm-00a9-0000-4f383722-09-s2-d9,15,4.0,4.0,0.0
2024-2024092905gm-00a9-0000-4f383722-09-s2-d9,16,4.0,4.0,0.0
2024-2024092905gm-00a9-0000-4f383722-09-s2-d9,17,-4.0,4.0,8.0
2024-2024092905gm-00a9-0000-4f383722-09-s2-d9,18,4.0,-4.0,-8.0
2024-2024092905gm-00a9-0000-4f383722-09-s2-d9,19,4.0,4.0,0.0
2024-2024092905gm-00a9-0000-4f383722-09-s2-d9,20,-4.0,-4.0,0.0
2024-2024092905gm-00a9-0000-4f383722-09-s2-d9,21,-4.0,-4.0,0.0
2024-2024092905gm-00a9-0000-4f383722-09-s2-d9,22,-4.0,-4.0,0.0
2024-2024092905gm-00a9-0000-4f383722-09-s2-d9,23,4.0,4.0,0.0
2024-2024092905gm-00a9-0000-4f383722-09-s2-d9,24,4.0,4.0,0.0
2024-2024092905gm-00a9-0000-4f383722-09-s2-d9,25,4.0,-4.0,-8.0
2024-2024092905gm-00a9-0000-4f383722-09-s2-d9,26,-4.0,4.0,8.0
2024-2024092905gm-00a9-0000-4f383722-09-s2-d9,27,4.0,4.0,0.0
2024-2024092905gm-00a9-0000-4f383722-09-s2-d9,28,4.0,4.0,0.0
2024-2024092905gm-00a9-0000-4f383722-09-s2-d9,29,4.0,-4.0,-8.0
2024-2024092905gm-00a9-0000-4f383722-09-s2-d9,30,-4.0,-4.0,0.0
2024-2024092905gm-00a9-0000-4f383722-09-s2-d9,31,4.0,4.0,0.0
2024-2024092905gm-00a9-0000-4f383722-09-s2-d9,32,-4.0,4.0,8.0
2024-2024092905gm-00a9-0000-4f383722-09-s2-d9,33,-4.0,4.0,8.0
2024-2024092905gm-00a9-0000-4f383722-09-s2-d9,34,4.0,-4.0,-8.0
2024-2024092905gm-00a9-0000-4f383722-09-s2-d9,35,-4.0,-4.0,0.0
2024-2024092905gm-00a9-0000-4f383722-09-s2-d9,36,-10.0,-4.0,6.0
2024-2024092905gm-00a9-0000-4f383722-09-s2-d9,37,-10.0,-10.0,0.0
2024-2024092905gm-00a9-0000-4f383722-09-s2-d9,38,4.0,4.0,0.0
2024-2024092905gm-00a9-0000-4f383722-09-s2-d9,39,4.0,4.0,0.0
2024-2024092905gm-00a9-0000-4f383722-09-s2-d9,40,4.0,4.0,0.0
2024-2024092905gm-00a9-0000-4f383722-09-s2-d9,41,4.0,-4.0,-8.0
2024-2024092905gm-00a9-0000-4f383722-09-s2-d9,42,4.0,4.0,0.0
2024-2024092905gm-00a9-0000-4f383722-09-s2-d9,43,4.0,4.0,0.0
2024-2024092905gm-00a9-0000-4f383722-09-s2-d9,44,4.0,4.0,0.0
2024-2024092905gm-00a9-0000-4f383722-09-s2-d9,45,-10.0,-10.0,0.0
2024-2024092905gm-00a9-0000-4f383722-09-s2-d9,46,-10.0,-10.0,0.0
2024-2024092905gm-00a9-0000-4f383722-09-s2-d9,47,-4.0,4.0,8.0
2024-2024092905gm-00a9-0000-4f383722-09-s2-d9,48,4.0,-4.0,-8.0
2024-2024092905gm-00a9-0000-4f383722-09-s2-d9,49,4.0,4.0,0.0
2024-2024092905gm-00a9-0000-4f383722-09-s2-d9,50,4.0,-4.0,-8.0
2024-2024092905gm-00a9-0000-4f383722-09-s2-d9,51,4.0,4.0,0.0
2024-2024092905gm-00a9-0000-4f383722-09-s2-d9,52,-4.0,-10.0,-6.0
2024-2024092905gm-00a9-0000-4f383722-09-s2-d9,53,-4.0,-4.0,0.0
2024-2024092905gm-00a9-0000-4f383722-09-s2-d9,54,-4.0,-4.0,0.0
2024-2024092905gm-00a9-0000-4f383722-09-s2-d9,55,4.0,4.0,0.0
2024-2024092905gm-00a9-0000-4f383722-09-s2-d9,56,4.0,4.0,0.0
2024-2024092905gm-00a9-0000-4f383722-09-s2-d9,57,4.0,-4.0,-8.0
2024-2024092905gm-00a9-0000-4f383722-09-s2-d9,58,4.0,4.0,0.0
2024-2024092905gm-00a9-0000-4f383722-09-s2-d9,59,-4.0,4.0,8.0
2024-2024092905gm-00a9-0000-4f383722-09-s2-d9,60,4.0,4.0,0.0
2024-2024092905gm-00a9-0000-4f383722-09-s2-d9,61,-4.0,-4.0,0.0
2024-2024092905gm-00a9-0000-4f383722-09-s2-d9,62,-10.0,-10.0,0.0
2024-2024092905gm-00a9-0000-4f383722-09-s2-d9,63,4.0,4.0,0.0
2024-2024092905gm-00a9-0000-4f383722-09-s2-d9,64,4.0,4.0,0.0
2024-2024092905gm-00a9-0000-4f383722-09-s2-d9,65,4.0,4.0,0.0
2024-2024092905gm-00a9-0000-4f383722-09-s2-d9,66,-10.0,-10.0,0.0
2024-2024092905gm-00a9-0000-4f383722-09-s2-d9,67,4.0,4.0,0.0
2024-2024092905gm-00a9-0000-4f383722-09-s2-d9,68,-4.0,4.0,8.0
2024-2024092905gm-00a9-0000-4f383722-09-s2-d9,69,4.0,4.0,0.0
2024-2024092905gm-00a9-0000-4f383722-09-s2-d9,70,4.0,4.0,0.0
2024-2024092905gm-00a9-0000-4f383722-09-s2-d9,71,-4.0,-4.0,0.0
2024-2024092905gm-00a9-0000-4f383722-09-s2-d9,72,-10.0,4.0,14.0
2024-2024092905gm-00a9-0000-4f383722-09-s2-d9,73,4.0,4.0,0.0
2024-2024092905gm-00a9-0000-4f383722-09-s2-d9,74,-10.0,-10.0,0.0
2024-2024092905gm-00a9-0000-4f383722-09-s2-d9,75,4.0,4.0,0.0
2024-2024092905gm-00a9-0000-4f383722-09-s2-d9,76,-4.0,-4.0,0.0
2024-2024092905gm-00a9-0000-4f383722-09-s2-d9,77,4.0,-10.0,-14.0
2024-2024092905gm-00a9-0000-4f383722-09-s2-d9,78,4.0,-4.0,-8.0
2024-2024092905gm-00a9-0000-4f383722-09-s2-d9,79,4.0,4.0,0.0
2024-2024092905gm-00a9-0000-4f383722-09-s2-d9,80,4.0,4.0,0.0
2024-2024092905gm-00a9-0000-4f383722-09-s2-d9,81,4.0,4.0,0.0
2024-2024092905gm-00a9-0000-4f383722-09-s2-d9,82,-4.0,4.0,8.0
2024-2024092905gm-00a9-0000-4f383722-09-s2-d9,83,4.0,4.0,0.0
2024-2024092905gm-00a9-0000-4f383722-09-s2-d9,84,4.0,4.0,0.0
2024-2024092905gm-00a9-0000-4f383722-09-s2-d9,85,4.0,4.0,0.0
2024-2024092905gm-00a9-0000-4f383722-09-s2-d9,86,-4.0,4.0,8.0
2024-2024092905gm-00a9-0000-4f383722-09-s2-d9,87,-4.0,-4.0,0.0
2024-2024092905gm-00a9-0000-4f383722-09-s2-d9,88,4.0,4.0,0.0
2024-2024092905gm-00a9-0000-4f383722-09-s2-d9,89,-4.0,-4.0,0.0
2024-2024092905gm-00a9-0000-4f383722-09-s2-d9,90,4.0,4.0,0.0
2024-2024092905gm-00a9-0000-4f383722-09-s2-d9,91,-4.0,-10.0,-6.0
2024-2024092905gm-00a9-0000-4f383722-09-s2-d9,92,4.0,-4.0,-8.0
2024-2024092905gm-00a9-0000-4f383722-09-s2-d9,93,4.0,4.0,0.0
2024-2024092905gm-00a9-0000-4f383722-09-s2-d9,94,-4.0,-4.0,0.0
2024-2024092905gm-00a9-0000-4f383722-09-s2-d9,95,-4.0,4.0,8.0
2024-2024092905gm-00a9-0000-4f383722-09-s2-d9,96,4.0,4.0,0.0
2024-2024092905gm-00a9-0000-4f383722-09-s2-d9,97,-4.0,-4.0,0.0
2024-2024092905gm-00a9-0000-4f383722-09-s2-d9,98,-4.0,4.0,8.0
2024-2024092905gm-00a9-0000-4f383722-09-s2-d9,99,-4.0,4.0,8.0
2024-2024092905gm-00a9-0000-4f383722-09-s2-d9,100,4.0,-4.0,-8.0
2024-2024092905gm-00a9-0000-4f383722-09-s2-d9,101,-4.0,-4.0,0.0
2024-2024092905gm-00a9-0000-4f383722-09-s2-d9,102,-4.0,4.0,8.0
2024-2024092905gm-00a9-0000-4f383722-09-s2-d9,103,-4.0,-10.0,-6.0
2024-2024092905gm-00a9-0000-4f383722-09-s2-d9,104,4.0,4.0,0.0
2024-2024092905gm-00a9-0000-4f383722-09-s2-d9,105,-4.0,-10.0,-6.0
2024-2024092905gm-00a9-0000-4f383722-09-s2-d9,106,-4.0,-10.0,-6.0
2024-2024092905gm-00a9-0000-4f383722-09-s2-d9,107,-4.0,-4.0,0.0
2024-2024092905gm-00a9-0000-4f383722-09-s2-d9,108,-4.0,-4.0,0.0
2024-2024092905gm-00a9-0000-4f383722-09-s2-d9,109,-4.0,4.0,8.0
2024-2024092905gm-00a9-0000-4f383722-09-s2-d9,110,4.0,4.0,0.0
2024-2024092905gm-00a9-0000-4f383722-09-s2-d9,111,-4.0,-4.0,0.0
2024-2024092905gm-00a9-0000-4f383722-09-s2-d9,112,-4.0,-4.0,0.0
2024-2024092905gm-00a9-0000-4f383722-09-s2-d9,113,4.0,-10.0,-14.0
2024-2024092905gm-00a9-0000-4f383722-09-s2-d9,114,4.0,4.0,0.0
2024-2024092905gm-00a9-0000-4f383722-09-s2-d9,115,4.0,4.0,0.0
2024-2024092905gm-00a9-0000-4f383722-09-s2-d9,116,4.0,4.0,0.0
2024-2024092905gm-00a9-0000-4f383722-09-s2-d9,117,4.0,4.0,0.0
2024-2024092905gm-00a9-0000-4f383722-09-s2-d9,118,-4.0,4.0,8.0
2024-2024092905gm-00a9-0000-4f383722-09-s2-d9,119,-4.0,-4.0,0.0
2024-2024092905gm-00a9-0000-4f383722-09-s2-d9,120,-10.0,-10.0,0.0
2024-2024092905gm-00a9-0000-4f383722-09-s2-d9,121,-4.0,4.0,8.0
2024-2024092905gm-00a9-0000-4f383722-09-s2-d9,122,4.0,4.0,0.0
2024-2024092905gm-00a9-0000-4f383722-09-s2-d9,123,4.0,4.0,0.0
2024-2024092905gm-00a9-0000-4f383722-09-s2-d9,124,-4.0,-10.0,-6.0
2024-2024092905gm-00a9-0000-4f383722-09-s2-d9,125,-10.0,4.0,14.0
2024-2024092905gm-00a9-0000-4f383722-09-s2-d9,126,-4.0,-4.0,0.0
2024-2024092905gm-00a9-0000-4f383722-09-s2-d9,127,-4.0,-4.0,0.0
2024-2024092905gm-00a9-0000-4f383722-09-s2-d9,128,-4.0,-4.0,0.0
2024-2024092905gm-00a9-0000-4f383722-09-s2-d9,129,-10.0,-10.0,0.0
2024-2024092905gm-00a9-0000-4f383722-09-s2-d9,130,-4.0,4.0,8.0
2024-2024092905gm-00a9-0000-4f383722-09-s2-d9,131,4.0,4.0,0.0
2024-2024092905gm-00a9-0000-4f383722-09-s2-d9,132,-4.0,-4.0,0.0
2024-2024092905gm-00a9-0000-4f383722-09-s2-d9,133,4.0,-4.0,-8.0
2024-2024092905gm-00a9-0000-4f383722-09-s2-d9,134,4.0,4.0,0.0
2024-2024092905gm-00a9-0000-4f383722-09-s2-d9,135,4.0,4.0,0.0
2024-2024092905gm-00a9-0000-4f383722-09-s2-d9,136,4.0,-4.0,-8.0
2024-2024092905gm-00a9-0000-4f383722-09-s2-d9,137,4.0,4.0,0.0
2024-2024092905gm-00a9-0000-4f383722-09-s2-d9,138,4.0,4.0,0.0
2024-2024092905gm-00a9-0000-4f383722-09-s2-d9,139,-4.0,-4.0,0.0
2024-2024092905gm-00a9-0000-4f383722-09-s2-d9,140,4.0,-4.0,-8.0
2024-2024092905gm-00a9-0000-4f383722-09-s2-d9,141,-4.0,4.0,8.0
2024-2024092905gm-00a9-0000-4f383722-09-s2-d9,142,-4.0,4.0,8.0
2024-2024092905gm-00a9-0000-4f383722-09-s2-d9,143,-4.0,-4.0,0.0
2024-2024092905gm-00a9-0000-4f383722-09-s2-d9,144,4.0,4.0,0.0
2024-2024092905gm-00a9-0000-4f383722-09-s2-d9,145,4.0,4.0,0.0
2024-2024092905gm-00a9-0000-4f383722-09-s2-d9,146,4.0,4.0,0.0
2024-2024092905gm-00a9-0000-4f383722-09-s2-d9,147,-4.0,-4.0,0.0
2024-2024092905gm-00a9-0000-4f383722-09-s2-d9,148,4.0,4.0,0.0
2024-2024092905gm-00a9-0000-4f383722-09-s2-d9,149,-10.0,-4.0,6.0
2024-2024092905gm-00a9-0000-4f383722-09-s2-d9,150,-4.0,4.0,8.0
2024-2024092905gm-00a9-0000-4f383722-09-s2-d9,151,-4.0,4.0,8.0
2024-2024092905gm-00a9-0000-4f383722-09-s2-d9,152,-10.0,4.0,14.0
2024-2024092905gm-00a9-0000-4f383722-09-s2-d9,153,-4.0,-4.0,0.0
2024-2024092905gm-00a9-0000-4f383722-09-s2-d9,154,-10.0,-10.0,0.0
2024-2024092905gm-00a9-0000-4f383722-09-s2-d9,155,4.0,4.0,0.0
2024-2024092905gm-00a9-0000-4f383722-09-s2-d9,156,-10.0,-10.0,0.0
2024-2024092905gm-00a9-0000-4f383722-09-s2-d9,157,-4.0,-4.0,0.0
2024-2024092905gm-00a9-0000-4f383722-09-s2-d9,158,4.0,4.0,0.0
2024-2024092905gm-00a9-0000-4f383722-09-s2-d9,159,4.0,4.0,0.0
2024-2024092905gm-00a9-0000-4f383722-09-s2-d9,160,4.0,4.0,0.0
2024-2024092905gm-00a9-0000-4f383722-09-s2-d9,161,-4.0,4.0,8.0
2024-2024092905gm-00a9-0000-4f383722-09-s2-d9,162,-10.0,4.0,14.0
2024-2024092905gm-00a9-0000-4f383722-09-s2-d9,163,-4.0,-4.0,0.0
2024-2024092905gm-00a9-0000-4f383722-09-s2-d9,164,-4.0,4.0,8.0
2024-2024092905gm-00a9-0000-4f383722-09-s2-d9,165,4.0,4.0,0.0
2024-2024092905gm-00a9-0000-4f383722-09-s2-d9,166,4.0,4.0,0.0
2024-2024092905gm-00a9-0000-4f383722-09-s2-d9,167,-4.0,4.0,8.0
2024-2024092905gm-00a9-0000-4f383722-09-s2-d9,168,4.0,-4.0,-8.0
2024-2024092905gm-00a9-0000-4f383722-09-s2-d9,169,-4.0,-4.0,0.0
2024-2024092905gm-00a9-0000-4f383722-09-s2-d9,170,-4.0,4.0,8.0
2024-2024092905gm-00a9-0000-4f383722-09-s2-d9,171,-4.0,-4.0,0.0
2024-2024092905gm-00a9-0000-4f383722-09-s2-d9,172,-4.0,-4.0,0.0
2024-2024092905gm-00a9-0000-4f383722-09-s2-d9,173,4.0,4.0,0.0
2024-2024092905gm-00a9-0000-4f383722-09-s2-d9,174,4.0,-4.0,-8.0
2024-2024092905gm-00a9-0000-4f383722-09-s2-d9,175,-4.0,4.0,8.0
2024-2024092905gm-00a9-0000-4f383722-09-s2-d9,176,4.0,4.0,0.0
2024-2024092905gm-00a9-0000-4f383722-09-s2-d9,177,-4.0,-4.0,0.0
2024-2024092905gm-00a9-0000-4f383722-09-s2-d9,178,4.0,-4.0,-8.0
2024-2024092905gm-00a9-0000-4f383722-09-s2-d9,179,-4.0,4.0,8.0
2024-2024092905gm-00a9-0000-4f383722-09-s2-d9,180,4.0,4.0,0.0
2024-2024092905gm-00a9-0000-4f383722-09-s2-d9,181,4.0,-10.0,-14.0
2024-2024092905gm-00a9-0000-4f383722-09-s2-d9,182,-4.0,-4.0,0.0
2024-2024092905gm-00a9-0000-4f383722-09-s2-d9,183,-4.0,-4.0,0.0
2024-2024092905gm-00a9-0000-4f383722-09-s2-d9,184,-4.0,4.0,8.0
2024-2024092905gm-00a9-0000-4f383722-09-s2-d9,185,-4.0,-4.0,0.0
2024-2024092905gm-00a9-0000-4f383722-09-s2-d9,186,4.0,4.0,0.0
2024-2024092905gm-00a9-0000-4f383722-09-s2-d9,187,4.0,4.0,0.0
2024-2024092905gm-00a9-0000-4f383722-09-s2-d9,188,4.0,4.0,0.0
2024-2024092905gm-00a9-0000-4f383722-09-s2-d9,189,4.0,4.0,0.0
2024-2024092905gm-00a9-0000-4f383722-09-s2-d9,190,4.0,-4.0,-8.0
2024-2024092905gm-00a9-0000-4f383722-09-s2-d9,191,4.0,4.0,0.0
2024-2024092905gm-00a9-0000-4f383722-09-s2-d9,192,4.0,4.0,0.0
2024-2024092905gm-00a9-0000-4f383722-09-s2-d9,193,4.0,4.0,0.0
2024-2024092905gm-00a9-0000-4f383722-09-s2-d9,194,4.0,4.0,0.0
2024-2024092905gm-00a9-0000-4f383722-09-s2-d9,195,4.0,-10.0,-14.0
2024-2024092905gm-00a9-0000-4f383722-09-s2-d9,196,4.0,4.0,0.0
2024-2024092905gm-00a9-0000-4f383722-09-s2-d9,197,-4.0,4.0,8.0
2024-2024092905gm-00a9-0000-4f383722-09-s2-d9,198,4.0,4.0,0.0
2024-2024092905gm-00a9-0000-4f383722-09-s2-d9,199,4.0,-10.0,-14.0
2024-2024092905gm-00a9-0000-4f383722-09-s2-d9,200,4.0,-4.0,-8.0
2024-2024092905gm-00a9-0000-4f383722-09-s2-d9,201,4.0,4.0,0.0
2024-2024092905gm-00a9-0000-4f383722-09-s2-d9,202,-4.0,4.0,8.0
2024-2024092905gm-00a9-0000-4f383722-09-s2-d9,203,-4.0,-4.0,0.0
2024-2024092905gm-00a9-0000-4f383722-09-s2-d9,204,-4.0,4.0,8.0
2024-2024092905gm-00a9-0000-4f383722-09-s2-d9,205,-4.0,-4.0,0.0
2024-2024092905gm-00a9-0000-4f383722-09-s2-d9,206,4.0,-4.0,-8.0
2024-2024092905gm-00a9-0000-4f383722-09-s2-d9,207,4.0,4.0,0.0
2024-2024092905gm-00a9-0000-4f383722-09-s2-d9,208,4.0,-4.0,-8.0
2024-2024092905gm-00a9-0000-4f383722-09-s2-d9,209,-4.0,4.0,8.0
2024-2024092905gm-00a9-0000-4f383722-09-s2-d9,210,-4.0,-4.0,0.0
2024-2024092905gm-00a9-0000-4f383722-09-s2-d9,211,-4.0,-4.0,0.0
2024-2024092905gm-00a9-0000-4f383722-09-s2-d9,212,4.0,4.0,0.0
2024-2024092905gm-00a9-0000-4f383722-09-s2-d9,213,4.0,4.0,0.0
2024-2024092905gm-00a9-0000-4f383722-09-s2-d9,214,4.0,-4.0,-8.0
2024-2024092905gm-00a9-0000-4f383722-09-s2-d9,215,4.0,4.0,0.0
2024-2024092905gm-00a9-0000-4f383722-09-s2-d9,216,-10.0,4.0,14.0
2024-2024092905gm-00a9-0000-4f383722-09-s2-d9,217,-4.0,4.0,8.0
2024-2024092905gm-00a9-0000-4f383722-09-s2-d9,218,-4.0,-4.0,0.0
2024-2024092905gm-00a9-0000-4f383722-09-s2-d9,219,-4.0,4.0,8.0
2024-2024092905gm-00a9-0000-4f383722-09-s2-d9,220,-4.0,-4.0,0.0
2024-2024092905gm-00a9-0000-4f383722-09-s2-d9,221,4.0,-4.0,-8.0
2024-2024092905gm-00a9-0000-4f383722-09-s2-d9,222,4.0,4.0,0.0
2024-2024092905gm-00a9-0000-4f383722-09-s2-d9,223,4.0,-4.0,-8.0
2024-2024092905gm-00a9-0000-4f383722-09-s2-d9,224,-4.0,-10.0,-6.0
2024-2024092905gm-00a9-0000-4f383722-09-s2-d9,225,-4.0,4.0,8.0
2024-2024092905gm-00a9-0000-4f383722-09-s2-d9,226,4.0,4.0,0.0
2024-2024092905gm-00a9-0000-4f383722-09-s2-d9,227,4.0,4.0,0.0
2024-2024092905gm-00a9-0000-4f383722-09-s2-d9,228,4.0,-4.0,-8.0
2024-2024092905gm-00a9-0000-4f383722-09-s2-d9,229,4.0,4.0,0.0
2024-2024092905gm-00a9-0000-4f383722-09-s2-d9,230,-4.0,4.0,8.0
2024-2024092905gm-00a9-0000-4f383722-09-s2-d9,231,4.0,4.0,0.0
2024-2024092905gm-00a9-0000-4f383722-09-s2-d9,232,4.0,4.0,0.0
2024-2024092905gm-00a9-0000-4f383722-09-s2-d9,233,-4.0,4.0,8.0
2024-2024092905gm-00a9-0000-4f383722-09-s2-d9,234,4.0,-4.0,-8.0
2024-2024092905gm-00a9-0000-4f383722-09-s2-d9,235,4.0,-10.0,-14.0
2024-2024092905gm-00a9-0000-4f383722-09-s2-d9,236,-4.0,-4.0,0.0
2024-2024092905gm-00a9-0000-4f383722-09-s2-d9,237,-4.0,-4.0,0.0
2024-2024092905gm-00a9-0000-4f383722-09-s2-d9,238,-4.0,4.0,8.0
2024-2024092905gm-00a9-0000-4f383722-09-s2-d9,239,4.0,4.0,0.0
2024-2024092905gm-00a9-0000-4f383722-09-s2-d9,240,4.0,4.0,0.0
2024-2024092905gm-00a9-0000-4f383722-09-s2-d9,241,4.0,-10.0,-14.0
2024-2024092905gm-00a9-0000-4f383722-09-s2-d9,242,-4.0,-4.0,0.0
2024-2024092905gm-00a9-0000-4f383722-09-s2-d9,243,-4.0,-4.0,0.0
2024-2024092905gm-00a9-0000-4f383722-09-s2-d9,244,-4.0,-10.0,-6.0
2024-2024092905gm-00a9-0000-4f383722-09-s2-d9,245,-10.0,-10.0,0.0
2024-2024092905gm-00a9-0000-4f383722-09-s2-d9,246,4.0,4.0,0.0
2024-2024092905gm-00a9-0000-4f383722-09-s2-d9,247,4.0,-4.0,-8.0
2024-2024092905gm-00a9-0000-4f383722-09-s2-d9,248,4.0,-4.0,-8.0
2024-2024092905gm-00a9-0000-4f383722-09-s2-d9,249,-4.0,-10.0,-6.0
2024-2024092905gm-00a9-0000-4f383722-09-s2-d9,250,-10.0,-10.0,0.0
2024-2024092905gm-00a9-0000-4f383722-09-s2-d9,251,-4.0,4.0,8.0
2024-2024092905gm-00a9-0000-4f383722-09-s2-d9,252,4.0,4.0,0.0
2024-2024092905gm-00a9-0000-4f383722-09-s2-d9,253,4.0,4.0,0.0
2024-2024092905gm-00a9-0000-4f383722-09-s2-d9,254,4.0,-10.0,-14.0
2024-2024092905gm-00a9-0000-4f383722-09-s2-d9,255,-4.0,-4.0,0.0
2025-2025011102gm-00a9-0000-034cfa13-01-s2-d3,0,-10.0,-10.0,0.0
2025-2025011102gm-00a9-0000-034cfa13-01-s2-d3,1,-4.0,-4.0,0.0
2025-2025011102gm-00a9-0000-034cfa13-01-s2-d3,2,10.0,10.0,0.0
2025-2025011102gm-00a9-0000-034cfa13-01-s2-d3,3,-10.0,10.0,20.0
2025-2025011102gm-00a9-0000-034cfa13-01-s2-d3,4,-4.0,-4.0,0.0
2025-2025011102gm-00a9-0000-034cfa13-01-s2-d3,5,-10.0,-10.0,0.0
2025-2025011102gm-00a9-0000-034cfa13-01-s2-d3,6,-4.0,-4.0,0.0
2025-2025011102gm-00a9-0000-034cfa13-01-s2-d3,7,10.0,10.0,0.0
2025-2025011102gm-00a9-0000-034cfa13-01-s2-d3,8,10.0,10.0,0.0
2025-2025011102gm-00a9-0000-034cfa13-01-s2-d3,9,10.0,10.0,0.0
2025-2025011102gm-00a9-0000-034cfa13-01-s2-d3,10,-10.0,-10.0,0.0
2025-2025011102gm-00a9-0000-034cfa13-01-s2-d3,11,-10.0,-10.0,0.0
2025-2025011102gm-00a9-0000-034cfa13-01-s2-d3,12,-4.0,-4.0,0.0
2025-2025011102gm-00a9-0000-034cfa13-01-s2-d3,13,4.0,-10.0,-14.0
2025-2025011102gm-00a9-0000-034cfa13-01-s2-d3,14,10.0,-4.0,-14.0
2025-2025011102gm-00a9-0000-034cfa13-01-s2-d3,15,4.0,4.0,0.0
2025-2025011102gm-00a9-0000-034cfa13-01-s2-d3,16,-4.0,-4.0,0.0
2025-2025011102gm-00a9-0000-034cfa13-01-s2-d3,17,10.0,10.0,0.0
2025-2025011102gm-00a9-0000-034cfa13-01-s2-d3,18,10.0,10.0,0.0
2025-2025011102gm-00a9-0000-034cfa13-01-s2-d3,19,-10.0,4.0,14.0
2025-2025011102gm-00a9-0000-034cfa13-01-s2-d3,20,10.0,4.0,-6.0
2025-2025011102gm-00a9-0000-034cfa13-01-s2-d3,21,4.0,4.0,0.0
2025-2025011102gm-00a9-0000-034cfa13-01-s2-d3,22,-4.0,-4.0,0.0
2025-2025011102gm-00a9-0000-034cfa13-01-s2-d3,23,4.0,4.0,0.0
2025-2025011102gm-00a9-0000-034cfa13-01-s2-d3,24,-10.0,-10.0,0.0
2025-2025011102gm-00a9-0000-034cfa13-01-s2-d3,25,4.0,4.0,0.0
2025-2025011102gm-00a9-0000-034cfa13-01-s2-d3,26,4.0,10.0,6.0
2025-2025011102gm-00a9-0000-034cfa13-01-s2-d3,27,-10.0,-4.0,6.0
2025-2025011102gm-00a9-0000-034cfa13-01-s2-d3,28,-10.0,-10.0,0.0
2025-2025011102gm-00a9-0000-034cfa13-01-s2-d3,29,-10.0,-10.0,0.0
2025-2025011102gm-00a9-0000-034cfa13-01-s2-d3,30,-4.0,-4.0,0.0
2025-2025011102gm-00a9-0000-034cfa13-01-s2-d3,31,-4.0,-4.0,0.0
2025-2025011102gm-00a9-0000-034cfa13-01-s2-d3,32,-4.0,-4.0,0.0
2025-2025011102gm-00a9-0000-034cfa13-01-s2-d3,33,-10.0,-10.0,0.0
2025-2025011102gm-00a9-0000-034cfa13-01-s2-d3,34,4.0,4.0,0.0
2025-2025011102gm-00a9-0000-034cfa13-01-s2-d3,35,4.0,4.0,0.0
2025-2025011102gm-00a9-0000-034cfa13-01-s2-d3,36,4.0,-10.0,-14.0
2025-2025011102gm-00a9-0000-034cfa13-01-s2-d3,37,-4.0,4.0,8.0
2025-2025011102gm-00a9-0000-034cfa13-01-s2-d3,38,-10.0,-10.0,0.0
2025-2025011102gm-00a9-0000-034cfa13-01-s2-d3,39,-4.0,-4.0,0.0
2025-2025011102gm-00a9-0000-034cfa13-01-s2-d3,40,-4.0,-4.0,0.0
2025-2025011102gm-00a9-0000-034cfa13-01-s2-d3,41,10.0,10.0,0.0
2025-2025011102gm-00a9-0000-034cfa13-01-s2-d3,42,-10.0,-4.0,6.0
2025-2025011102gm-00a9-0000-034cfa13-01-s2-d3,43,-4.0,-4.0,0.0
2025-2025011102gm-00a9-0000-034cfa13-01-s2-d3,44,-10.0,-10.0,0.0
2025-2025011102gm-00a9-0000-034cfa13-01-s2-d3,45,10.0,10.0,0.0
2025-2025011102gm-00a9-0000-034cfa13-01-s2-d3,46,4.0,4.0,0.0
2025-2025011102gm-00a9-0000-034cfa13-01-s2-d3,47,-10.0,-10.0,0.0
2025-2025011102gm-00a9-0000-034cfa13-01-s2-d3,48,4.0,4.0,0.0
2025-2025011102gm-00a9-0000-034cfa13-01-s2-d3,49,-4.0,-4.0,0.0
2025-2025011102gm-00a9-0000-034cfa13-01-s2-d3,50,4.0,-4.0,-8.0
2025-2025011102gm-00a9-0000-034cfa13-01-s2-d3,51,10.0,10.0,0.0
2025-2025011102gm-00a9-0000-034cfa13-01-s2-d3,52,-10.0,-4.0,6.0
2025-2025011102gm-00a9-0000-034cfa13-01-s2-d3,53,-10.0,-10.0,0.0
2025-2025011102gm-00a9-0000-034cfa13-01-s2-d3,54,4.0,4.0,0.0
2025-2025011102gm-00a9-0000-034cfa13-01-s2-d3,55,-10.0,-10.0,0.0
2025-2025011102gm-00a9-0000-034cfa13-01-s2-d3,56,4.0,4.0,0.0
2025-2025011102gm-00a9-0000-034cfa13-01-s2-d3,57,-4.0,-4.0,0.0
2025-2025011102gm-00a9-0000-034cfa13-01-s2-d3,58,10.0,-4.0,-14.0
2025-2025011102gm-00a9-0000-034cfa13-01-s2-d3,59,10.0,-4.0,-14.0
2025-2025011102gm-00a9-0000-034cfa13-01-s2-d3,60,4.0,10.0,6.0
2025-2025011102gm-00a9-0000-034cfa13-01-s2-d3,61,4.0,-10.0,-14.0
2025-2025011102gm-00a9-0000-034cfa13-01-s2-d3,62,-4.0,-4.0,0.0
2025-2025011102gm-00a9-0000-034cfa13-01-s2-d3,63,4.0,4.0,0.0
2025-2025011102gm-00a9-0000-034cfa13-01-s2-d3,64,10.0,10.0,0.0
2025-2025011102gm-00a9-0000-034cfa13-01-s2-d3,65,-10.0,4.0,14.0
2025-2025011102gm-00a9-0000-034cfa13-01-s2-d3,66,-10.0,4.0,14.0
2025-2025011102gm-00a9-0000-034cfa13-01-s2-d3,67,-4.0,-4.0,0.0
2025-2025011102gm-00a9-0000-034cfa13-01-s2-d3,68,10.0,10.0,0.0
2025-2025011102gm-00a9-0000-034cfa13-01-s2-d3,69,4.0,4.0,0.0
2025-2025011102gm-00a9-0000-034cfa13-01-s2-d3,70,-10.0,-10.0,0.0
2025-2025011102gm-00a9-0000-034cfa13-01-s2-d3,71,-4.0,4.0,8.0
2025-2025011102gm-00a9-0000-034cfa13-01-s2-d3,72,4.0,-4.0,-8.0
2025-2025011102gm-00a9-0000-034cfa13-01-s2-d3,73,-10.0,-10.0,0.0
2025-2025011102gm-00a9-0000-034cfa13-01-s2-d3,74,10.0,10.0,0.0
2025-2025011102gm-00a9-0000-034cfa13-01-s2-d3,75,-10.0,10.0,20.0
2025-2025011102gm-00a9-0000-034cfa13-01-s2-d3,76,-4.0,-4.0,0.0
2025-2025011102gm-00a9-0000-034cfa13-01-s2-d3,77,-4.0,4.0,8.0
2025-2025011102gm-00a9-0000-034cfa13-01-s2-d3,78,10.0,10.0,0.0
2025-2025011102gm-00a9-0000-034cfa13-01-s2-d3,79,-10.0,-10.0,0.0
2025-2025011102gm-00a9-0000-034cfa13-01-s2-d3,80,10.0,-10.0,-20.0
2025-2025011102gm-00a9-0000-034cfa13-01-s2-d3,81,4.0,4.0,0.0
2025-2025011102gm-00a9-0000-034cfa13-01-s2-d3,82,-4.0,-4.0,0.0
2025-2025011102gm-00a9-0000-034cfa13-01-s2-d3,83,4.0,4.0,0.0
2025-2025011102gm-00a9-0000-034cfa13-01-s2-d3,84,4.0,4.0,0.0
2025-2025011102gm-00a9-0000-034cfa13-01-s2-d3,85,-10.0,-10.0,0.0
2025-2025011102gm-00a9-0000-034cfa13-01-s2-d3,86,-4.0,10.0,14.0
2025-2025011102gm-00a9-0000-034cfa13-01-s2-d3,87,-4.0,-4.0,0.0
2025-2025011102gm-00a9-0000-034cfa13-01-s2-d3,88,4.0,4.0,0.0
2025-2025011102gm-00a9-0000-034cfa13-01-s2-d3,89,-4.0,10.0,14.0
2025-2025011102gm-00a9-0000-034cfa13-01-s2-d3,90,-10.0,10.0,20.0
2025-2025011102gm-00a9-0000-034cfa13-01-s2-d3,91,10.0,-10.0,-20.0
2025-2025011102gm-00a9-0000-034cfa13-01-s2-d3,92,-4.0,-4.0,0.0
2025-2025011102gm-00a9-0000-034cfa13-01-s2-d3,93,10.0,4.0,-6.0
2025-2025011102gm-00a9-0000-034cfa13-01-s2-d3,94,10.0,10.0,0.0
2025-2025011102gm-00a9-0000-034cfa13-01-s2-d3,95,-4.0,-4.0,0.0
2025-2025011102gm-00a9-0000-034cfa13-01-s2-d3,96,10.0,10.0,0.0
2025-2025011102gm-00a9-0000-034cfa13-01-s2-d3,97,-4.0,-4.0,0.0
2025-2025011102gm-00a9-0000-034cfa13-01-s2-d3,98,4.0,4.0,0.0
2025-2025011102gm-00a9-0000-034cfa13-01-s2-d3,99,-10.0,-4.0,6.0
2025-2025011102gm-00a9-0000-034cfa13-01-s2-d3,100,-10.0,-4.0,6.0
2025-2025011102gm-00a9-0000-034cfa13-01-s2-d3,101,-4.0,-4.0,0.0
2025-2025011102gm-00a9-0000-034cfa13-01-s2-d3,102,10.0,10.0,0.0
2025-2025011102gm-00a9-0000-034cfa13-01-s2-d3,103,4.0,4.0,0.0
2025-2025011102gm-00a9-0000-034cfa13-01-s2-d3,104,4.0,4.0,0.0
2025-2025011102gm-00a9-0000-034cfa13-01-s2-d3,105,4.0,-10.0,-14.0
2025-2025011102gm-00a9-0000-034cfa13-01-s2-d3,106,-10.0,4.0,14.0
2025-2025011102gm-00a9-0000-034cfa13-01-s2-d3,107,-4.0,-4.0,0.0
2025-2025011102gm-00a9-0000-034cfa13-01-s2-d3,108,4.0,4.0,0.0
2025-2025011102gm-00a9-0000-034cfa13-01-s2-d3,109,-10.0,-10.0,0.0
2025-2025011102gm-00a9-0000-034cfa13-01-s2-d3,110,-10.0,10.0,20.0
2025-2025011102gm-00a9-0000-034cfa13-01-s2-d3,111,-10.0,4.0,14.0
2025-2025011102gm-00a9-0000-034cfa13-01-s2-d3,112,-10.0,-10.0,0.0
2025-2025011102gm-00a9-0000-034cfa13-01-s2-d3,113,4.0,4.0,0.0
2025-2025011102gm-00a9-0000-034cfa13-01-s2-d3,114,4.0,-4.0,-8.0
2025-2025011102gm-00a9-0000-034cfa13-01-s2-d3,115,-4.0,-4.0,0.0
2025-2025011102gm-00a9-0000-034cfa13-01-s2-d3,116,4.0,4.0,0.0
2025-2025011102gm-00a9-0000-034cfa13-01-s2-d3,117,-4.0,4.0,8.0
2025-2025011102gm-00a9-0000-034cfa13-01-s2-d3,118,10.0,10.0,0.0
2025-2025011102gm-00a9-0000-034cfa13-01-s2-d3,119,-4.0,-4.0,0.0
2025-2025011102gm-00a9-0000-034cfa13-01-s2-d3,120,10.0,10.0,0.0
2025-2025011102gm-00a9-0000-034cfa13-01-s2-d3,121,-4.0,-4.0,0.0
2025-2025011102gm-00a9-0000-034cfa13-01-s2-d3,122,4.0,10.0,6.0
2025-2025011102gm-00a9-0000-034cfa13-01-s2-d3,123,4.0,4.0,0.0
2025-2025011102gm-00a9-0000-034cfa13-01-s2-d3,124,-10.0,-10.0,0.0
2025-2025011102gm-00a9-0000-034cfa13-01-s2-d3,125,-4.0,-10.0,-6.0
2025-2025011102gm-00a9-0000-034cfa13-01-s2-d3,126,-4.0,-10.0,-6.0
2025-2025011102gm-00a9-0000-034cfa13-01-s2-d3,127,10.0,10.0,0.0
2025-2025011102gm-00a9-0000-034cfa13-01-s2-d3,128,4.0,10.0,6.0
2025-2025011102gm-00a9-0000-034cfa13-01-s2-d3,129,10.0,4.0,-6.0
2025-2025011102gm-00a9-0000-034cfa13-01-s2-d3,130,10.0,10.0,0.0
2025-2025011102gm-00a9-0000-034cfa13-01-s2-d3,131,10.0,10.0,0.0
2025-2025011102gm-00a9-0000-034cfa13-01-s2-d3,132,-4.0,-10.0,-6.0
2025-2025011102gm-00a9-0000-034cfa13-01-s2-d3,133,4.0,4.0,0.0
2025-2025011102gm-00a9-0000-034cfa13-01-s2-d3,134,-4.0,-4.0,0.0
2025-2025011102gm-00a9-0000-034cfa13-01-s2-d3,135,4.0,4.0,0.0
2025-2025011102gm-00a9-0000-034cfa13-01-s2-d3,136,10.0,-10.0,-20.0
2025-2025011102gm-00a9-0000-034cfa13-01-s2-d3,137,-4.0,-4.0,0.0
2025-2025011102gm-00a9-0000-034cfa13-01-s2-d3,138,-10.0,-10.0,0.0
2025-2025011102gm-00a9-0000-034cfa13-01-s2-d3,139,-4.0,-4.0,0.0
2025-2025011102gm-00a9-0000-034cfa13-01-s2-d3,140,10.0,10.0,0.0
2025-2025011102gm-00a9-0000-034cfa13-01-s2-d3,141,4.0,10.0,6.0
2025-2025011102gm-00a9-0000-034cfa13-01-s2-d3,142,-10.0,-10.0,0.0
2025-2025011102gm-00a9-0000-034cfa13-01-s2-d3,143,-10.0,-10.0,0.0
2025-2025011102gm-00a9-0000-034cfa13-01-s2-d3,144,-10.0,-10.0,0.0
2025-2025011102gm-00a9-0000-034cfa13-01-s2-d3,145,-10.0,-10.0,0.0
2025-2025011102gm-00a9-0000-034cfa13-01-s2-d3,146,4.0,4.0,0.0
2025-2025011102gm-00a9-0000-034cfa13-01-s2-d3,147,4.0,-10.0,-14.0
2025-2025011102gm-00a9-0000-034cfa13-01-s2-d3,148,4.0,10.0,6.0
2025-2025011102gm-00a9-0000-034cfa13-01-s2-d3,149,4.0,10.0,6.0
2025-2025011102gm-00a9-0000-034cfa13-01-s2-d3,150,10.0,10.0,0.0
2025-2025011102gm-00a9-0000-034cfa13-01-s2-d3,151,4.0,10.0,6.0
2025-2025011102gm-00a9-0000-034cfa13-01-s2-d3,152,-4.0,-4.0,0.0
2025-2025011102gm-00a9-0000-034cfa13-01-s2-d3,153,-4.0,-4.0,0.0
2025-2025011102gm-00a9-0000-034cfa13-01-s2-d3,154,10.0,10.0,0.0
2025-2025011102gm-00a9-0000-034cfa13-01-s2-d3,155,4.0,4.0,0.0
2025-2025011102gm-00a9-0000-034cfa13-01-s2-d3,156,-4.0,-4.0,0.0
2025-2025011102gm-00a9-0000-034cfa13-01-s2-d3,157,-10.0,-10.0,0.0
2025-2025011102gm-00a9-0000-034cfa13-01-s2-d3,158,-4.0,-4.0,0.0
2025-2025011102gm-00a9-0000-034cfa13-01-s2-d3,159,-4.0,-4.0,0.0
2025-2025011102gm-00a9-0000-034cfa13-01-s2-d3,160,4.0,4.0,0.0
2025-2025011102gm-00a9-0000-034cfa13-01-s2-d3,161,10.0,4.0,-6.0
2025-2025011102gm-00a9-0000-034cfa13-01-s2-d3,162,10.0,10.0,0.0
2025-2025011102gm-00a9-0000-034cfa13-01-s2-d3,163,4.0,4.0,0.0
2025-2025011102gm-00a9-0000-034cfa13-01-s2-d3,164,-10.0,-4.0,6.0
2025-2025011102gm-00a9-0000-034cfa13-01-s2-d3,165,-10.0,-10.0,0.0
2025-2025011102gm-00a9-0000-034cfa13-01-s2-d3,166,10.0,10.0,0.0
2025-2025011102gm-00a9-0000-034cfa13-01-s2-d3,167,-4.0,-4.0,0.0
2025-2025011102gm-00a9-0000-034cfa13-01-s2-d3,168,4.0,4.0,0.0
2025-2025011102gm-00a9-0000-034cfa13-01-s2-d3,169,-4.0,-4.0,0.0
2025-2025011102gm-00a9-0000-034cfa13-01-s2-d3,170,4.0,4.0,0.0
2025-2025011102gm-00a9-0000-034cfa13-01-s2-d3,171,-10.0,-10.0,0.0
2025-2025011102gm-00a9-0000-034cfa13-01-s2-d3,172,-10.0,-10.0,0.0
2025-2025011102gm-00a9-0000-034cfa13-01-s2-d3,173,-4.0,-10.0,-6.0
2025-2025011102gm-00a9-0000-034cfa13-01-s2-d3,174,10.0,10.0,0.0
2025-2025011102gm-00a9-0000-034cfa13-01-s2-d3,175,-4.0,-4.0,0.0
2025-2025011102gm-00a9-0000-034cfa13-01-s2-d3,176,-10.0,10.0,20.0
2025-2025011102gm-00a9-0000-034cfa13-01-s2-d3,177,-10.0,-4.0,6.0
2025-2025011102gm-00a9-0000-034cfa13-01-s2-d3,178,10.0,10.0,0.0
2025-2025011102gm-00a9-0000-034cfa13-01-s2-d3,179,-4.0,-4.0,0.0
2025-2025011102gm-00a9-0000-034cfa13-01-s2-d3,180,10.0,10.0,0.0
2025-2025011102gm-00a9-0000-034cfa13-01-s2-d3,181,-4.0,-4.0,0.0
2025-2025011102gm-00a9-0000-034cfa13-01-s2-d3,182,4.0,4.0,0.0
2025-2025011102gm-00a9-0000-034cfa13-01-s2-d3,183,-10.0,-10.0,0.0
2025-2025011102gm-00a9-0000-034cfa13-01-s2-d3,184,-4.0,-4.0,0.0
2025-2025011102gm-00a9-0000-034cfa13-01-s2-d3,185,4.0,4.0,0.0
2025-2025011102gm-00a9-0000-034cfa13-01-s2-d3,186,-4.0,-4.0,0.0
2025-2025011102gm-00a9-0000-034cfa13-01-s2-d3,187,-10.0,-10.0,0.0
2025-2025011102gm-00a9-0000-034cfa13-01-s2-d3,188,10.0,10.0,0.0
2025-2025011102gm-00a9-0000-034cfa13-01-s2-d3,189,-10.0,-10.0,0.0
2025-2025011102gm-00a9-0000-034cfa13-01-s2-d3,190,10.0,10.0,0.0
2025-2025011102gm-00a9-0000-034cfa13-01-s2-d3,191,4.0,-10.0,-14.0
2025-2025011102gm-00a9-0000-034cfa13-01-s2-d3,192,4.0,4.0,0.0
2025-2025011102gm-00a9-0000-034cfa13-01-s2-d3,193,-4.0,-4.0,0.0
2025-2025011102gm-00a9-0000-034cfa13-01-s2-d3,194,4.0,4.0,0.0
2025-2025011102gm-00a9-0000-034cfa13-01-s2-d3,195,-10.0,-10.0,0.0
2025-2025011102gm-00a9-0000-034cfa13-01-s2-d3,196,-4.0,-4.0,0.0
2025-2025011102gm-00a9-0000-034cfa13-01-s2-d3,197,4.0,4.0,0.0
2025-2025011102gm-00a9-0000-034cfa13-01-s2-d3,198,-10.0,-10.0,0.0
2025-2025011102gm-00a9-0000-034cfa13-01-s2-d3,199,-4.0,-4.0,0.0
2025-2025011102gm-00a9-0000-034cfa13-01-s2-d3,200,10.0,10.0,0.0
2025-2025011102gm-00a9-0000-034cfa13-01-s2-d3,201,-10.0,-4.0,6.0
2025-2025011102gm-00a9-0000-034cfa13-01-s2-d3,202,-10.0,-10.0,0.0
2025-2025011102gm-00a9-0000-034cfa13-01-s2-d3,203,4.0,4.0,0.0
2025-2025011102gm-00a9-0000-034cfa13-01-s2-d3,204,4.0,4.0,0.0
2025-2025011102gm-00a9-0000-034cfa13-01-s2-d3,205,-10.0,4.0,14.0
2025-2025011102gm-00a9-0000-034cfa13-01-s2-d3,206,-4.0,-10.0,-6.0
2025-2025011102gm-00a9-0000-034cfa13-01-s2-d3,207,4.0,-4.0,-8.0
2025-2025011102gm-00a9-0000-034cfa13-01-s2-d3,208,4.0,4.0,0.0
2025-2025011102gm-00a9-0000-034cfa13-01-s2-d3,209,-10.0,4.0,14.0
2025-2025011102gm-00a9-0000-034cfa13-01-s2-d3,210,10.0,10.0,0.0
2025-2025011102gm-00a9-0000-034cfa13-01-s2-d3,211,-4.0,-4.0,0.0
2025-2025011102gm-00a9-0000-034cfa13-01-s2-d3,212,-4.0,-4.0,0.0
2025-2025011102gm-00a9-0000-034cfa13-01-s2-d3,213,4.0,4.0,0.0
2025-2025011102gm-00a9-0000-034cfa13-01-s2-d3,214,-4.0,-4.0,0.0
2025-2025011102gm-00a9-0000-034cfa13-01-s2-d3,215,10.0,10.0,0.0
2025-2025011102gm-00a9-0000-034cfa13-01-s2-d3,216,4.0,-4.0,-8.0
2025-2025011102gm-00a9-0000-034cfa13-01-s2-d3,217,4.0,4.0,0.0
2025-2025011102gm-00a9-0000-034cfa13-01-s2-d3,218,10.0,-4.0,-14.0
2025-2025011102gm-00a9-0000-034cfa13-01-s2-d3,219,10.0,10.0,0.0
2025-2025011102gm-00a9-0000-034cfa13-01-s2-d3,220,10.0,-4.0,-14.0
2025-2025011102gm-00a9-0000-034cfa13-01-s2-d3,221,-10.0,-4.0,6.0
2025-2025011102gm-00a9-0000-034cfa13-01-s2-d3,222,-4.0,-4.0,0.0
2025-2025011102gm-00a9-0000-034cfa13-01-s2-d3,223,-4.0,-4.0,0.0
2025-2025011102gm-00a9-0000-034cfa13-01-s2-d3,224,10.0,10.0,0.0
2025-2025011102gm-00a9-0000-034cfa13-01-s2-d3,225,-10.0,-10.0,0.0
2025-2025011102gm-00a9-0000-034cfa13-01-s2-d3,226,-4.0,-4.0,0.0
2025-2025011102gm-00a9-0000-034cfa13-01-s2-d3,227,4.0,-10.0,-14.0
2025-2025011102gm-00a9-0000-034cfa13-01-s2-d3,228,-4.0,-4.0,0.0
2025-2025011102gm-00a9-0000-034cfa13-01-s2-d3,229,-10.0,-10.0,0.0
2025-2025011102gm-00a9-0000-034cfa13-01-s2-d3,230,-10.0,-10.0,0.0
2025-2025011102gm-00a9-0000-034cfa13-01-s2-d3,231,10.0,10.0,0.0
2025-2025011102gm-00a9-0000-034cfa13-01-s2-d3,232,-4.0,-4.0,0.0
2025-2025011102gm-00a9-0000-034cfa13-01-s2-d3,233,-10.0,-4.0,6.0
2025-2025011102gm-00a9-0000-034cfa13-01-s2-d3,234,4.0,4.0,0.0
2025-2025011102gm-00a9-0000-034cfa13-01-s2-d3,235,-4.0,10.0,14.0
2025-2025011102gm-00a9-0000-034cfa13-01-s2-d3,236,10.0,10.0,0.0
2025-2025011102gm-00a9-0000-034cfa13-01-s2-d3,237,-10.0,-10.0,0.0
2025-2025011102gm-00a9-0000-034cfa13-01-s2-d3,238,4.0,4.0,0.0
2025-2025011102gm-00a9-0000-034cfa13-01-s2-d3,239,-10.0,-10.0,0.0
2025-2025011102gm-00a9-0000-034cfa13-01-s2-d3,240,4.0,4.0,0.0
2025-2025011102gm-00a9-0000-034cfa13-01-s2-d3,241,10.0,10.0,0.0
2025-2025011102gm-00a9-0000-034cfa13-01-s2-d3,242,4.0,4.0,0.0
2025-2025011102gm-00a9-0000-034cfa13-01-s2-d3,243,-10.0,-10.0,0.0
2025-2025011102gm-00a9-0000-034cfa13-01-s2-d3,244,4.0,4.0,0.0
2025-2025011102gm-00a9-0000-034cfa13-01-s2-d3,245,4.0,4.0,0.0
2025-2025011102gm-00a9-0000-034cfa13-01-s2-d3,246,10.0,10.0,0.0
2025-2025011102gm-00a9-0000-034cfa13-01-s2-d3,247,10.0,-4.0,-14.0
2025-2025011102gm-00a9-0000-034cfa13-01-s2-d3,248,-4.0,-4.0,0.0
2025-2025011102gm-00a9-0000-034cfa13-01-s2-d3,249,-4.0,-10.0,-6.0
2025-2025011102gm-00a9-0000-034cfa13-01-s2-d3,250,10.0,10.0,0.0
2025-2025011102gm-00a9-0000-034cfa13-01-s2-d3,251,10.0,10.0,0.0
2025-2025011102gm-00a9-0000-034cfa13-01-s2-d3,252,4.0,-10.0,-14.0
2025-2025011102gm-00a9-0000-034cfa13-01-s2-d3,253,-4.0,10.0,14.0
2025-2025011102gm-00a9-0000-034cfa13-01-s2-d3,254,-4.0,-4.0,0.0
2025-2025011102gm-00a9-0000-034cfa13-01-s2-d3,255,10.0,10.0,0.0
2025-2025011221gm-00a9-0000-22bab0de-00-s1-d0,0,-4.0,4.0,8.0
2025-2025011221gm-00a9-0000-22bab0de-00-s1-d0,1,4.0,4.0,0.0
2025-2025011221gm-00a9-0000-22bab0de-00-s1-d0,2,4.0,4.0,0.0
2025-2025011221gm-00a9-0000-22bab0de-00-s1-d0,3,-4.0,-4.0,0.0
2025-2025011221gm-00a9-0000-22bab0de-00-s1-d0,4,4.0,4.0,0.0
2025-2025011221gm-00a9-0000-22bab0de-00-s1-d0,5,-4.0,-4.0,0.0
2025-2025011221gm-00a9-0000-22bab0de-00-s1-d0,6,-10.0,4.0,14.0
2025-2025011221gm-00a9-0000-22bab0de-00-s1-d0,7,4.0,10.0,6.0
2025-2025011221gm-00a9-0000-22bab0de-00-s1-d0,8,-4.0,4.0,8.0
2025-2025011221gm-00a9-0000-22bab0de-00-s1-d0,9,10.0,10.0,0.0
2025-2025011221gm-00a9-0000-22bab0de-00-s1-d0,10,-4.0,4.0,8.0
2025-2025011221gm-00a9-0000-22bab0de-00-s1-d0,11,4.0,4.0,0.0
2025-2025011221gm-00a9-0000-22bab0de-00-s1-d0,12,-4.0,-4.0,0.0
2025-2025011221gm-00a9-0000-22bab0de-00-s1-d0,13,-4.0,-4.0,0.0
2025-2025011221gm-00a9-0000-22bab0de-00-s1-d0,14,4.0,4.0,0.0
2025-2025011221gm-00a9-0000-22bab0de-00-s1-d0,15,-10.0,10.0,20.0
2025-2025011221gm-00a9-0000-22bab0de-00-s1-d0,16,4.0,4.0,0.0
2025-2025011221gm-00a9-0000-22bab0de-00-s1-d0,17,-10.0,-10.0,0.0
2025-2025011221gm-00a9-0000-22bab0de-00-s1-d0,18,-4.0,-4.0,0.0
2025-2025011221gm-00a9-0000-22bab0de-00-s1-d0,19,-4.0,-4.0,0.0
2025-2025011221gm-00a9-0000-22bab0de-00-s1-d0,20,-10.0,-10.0,0.0
2025-2025011221gm-00a9-0000-22bab0de-00-s1-d0,21,4.0,-4.0,-8.0
2025-2025011221gm-00a9-0000-22bab0de-00-s1-d0,22,-10.0,-4.0,6.0
2025-2025011221gm-00a9-0000-22bab0de-00-s1-d0,23,-10.0,-10.0,0.0
2025-2025011221gm-00a9-0000-22bab0de-00-s1-d0,24,-4.0,-4.0,0.0
2025-2025011221gm-00a9-0000-22bab0de-00-s1-d0,25,-10.0,-10.0,0.0
2025-2025011221gm-00a9-0000-22bab0de-00-s1-d0,26,10.0,10.0,0.0
2025-2025011221gm-00a9-0000-22bab0de-00-s1-d0,27,10.0,10.0,0.0
2025-2025011221gm-00a9-0000-22bab0de-00-s1-d0,28,10.0,4.0,-6.0
2025-2025011221gm-00a9-0000-22bab0de-00-s1-d0,29,-10.0,-10.0,0.0
2025-2025011221gm-00a9-0000-22bab0de-00-s1-d0,30,4.0,-4.0,-8.0
2025-2025011221gm-00a9-0000-22bab0de-00-s1-d0,31,4.0,-10.0,-14.0
2025-2025011221gm-00a9-0000-22bab0de-00-s1-d0,32,-10.0,-10.0,0.0
2025-2025011221gm-00a9-0000-22bab0de-00-s1-d0,33,10.0,10.0,0.0
2025-2025011221gm-00a9-0000-22bab0de-00-s1-d0,34,4.0,4.0,0.0
2025-2025011221gm-00a9-0000-22bab0de-00-s1-d0,35,-4.0,-4.0,0.0
2025-2025011221gm-00a9-0000-22bab0de-00-s1-d0,36,10.0,-10.0,-20.0
2025-2025011221gm-00a9-0000-22bab0de-00-s1-d0,37,-10.0,-4.0,6.0
2025-2025011221gm-00a9-0000-22bab0de-00-s1-d0,38,10.0,-10.0,-20.0
2025-2025011221gm-00a9-0000-22bab0de-00-s1-d0,39,-4.0,-4.0,0.0
2025-2025011221gm-00a9-0000-22bab0de-00-s1-d0,40,10.0,-4.0,-14.0
2025-2025011221gm-00a9-0000-22bab0de-00-s1-d0,41,-4.0,-4.0,0.0
2025-2025011221gm-00a9-0000-22bab0de-00-s1-d0,42,-4.0,-4.0,0.0
2025-2025011221gm-00a9-0000-22bab0de-00-s1-d0,43,10.0,10.0,0.0
2025-2025011221gm-00a9-0000-22bab0de-00-s1-d0,44,-4.0,-10.0,-6.0
2025-2025011221gm-00a9-0000-22bab0de-00-s1-d0,45,-10.0,-10.0,0.0
2025-2025011221gm-00a9-0000-22bab0de-00-s1-d0,46,-10.0,-10.0,0.0
2025-2025011221gm-00a9-0000-22bab0de-00-s1-d0,47,-10.0,-10.0,0.0
2025-2025011221gm-00a9-0000-22bab0de-00-s1-d0,48,4.0,4.0,0.0
2025-2025011221gm-00a9-0000-22bab0de-00-s1-d0,49,10.0,10.0,0.0
2025-2025011221gm-00a9-0000-22bab0de-00-s1-d0,50,4.0,10.0,6.0
2025-2025011221gm-00a9-0000-22bab0de-00-s1-d0,51,10.0,-10.0,-20.0
2025-2025011221gm-00a9-0000-22bab0de-00-s1-d0,52,-4.0,-10.0,-6.0
2025-2025011221gm-00a9-0000-22bab0de-00-s1-d0,53,4.0,-10.0,-14.0
2025-2025011221gm-00a9-0000-22bab0de-00-s1-d0,54,-4.0,10.0,14.0
2025-2025011221gm-00a9-0000-22bab0de-00-s1-d0,55,10.0,10.0,0.0
2025-2025011221gm-00a9-0000-22bab0de-00-s1-d0,56,-10.0,-10.0,0.0
2025-2025011221gm-00a9-0000-22bab0de-00-s1-d0,57,-10.0,-10.0,0.0
2025-2025011221gm-00a9-0000-22bab0de-00-s1-d0,58,-4.0,-10.0,-6.0
2025-2025011221gm-00a9-0000-22bab0de-00-s1-d0,59,-4.0,-4.0,0.0
2025-2025011221gm-00a9-0000-22bab0de-00-s1-d0,60,4.0,-10.0,-14.0
2025-2025011221gm-00a9-0000-22bab0de-00-s1-d0,61,-4.0,-4.0,0.0
2025-2025011221gm-00a9-0000-22bab0de-00-s1-d0,62,4.0,4.0,0.0
2025-2025011221gm-00a9-0000-22bab0de-00-s1-d0,63,4.0,4.0,0.0
2025-2025011221gm-00a9-0000-22bab0de-00-s1-d0,64,-10.0,10.0,20.0
2025-2025011221gm-00a9-0000-22bab0de-00-s1-d0,65,-4.0,-4.0,0.0
2025-2025011221gm-00a9-0000-22bab0de-00-s1-d0,66,4.0,-10.0,-14.0
2025-2025011221gm-00a9-0000-22bab0de-00-s1-d0,67,4.0,4.0,0.0
2025-2025011221gm-00a9-0000-22bab0de-00-s1-d0,68,4.0,4.0,0.0
2025-2025011221gm-00a9-0000-22bab0de-00-s1-d0,69,-4.0,-4.0,0.0
2025-2025011221gm-00a9-0000-22bab0de-00-s1-d0,70,10.0,10.0,0.0
2025-2025011221gm-00a9-0000-22bab0de-00-s1-d0,71,4.0,4.0,0.0
2025-2025011221gm-00a9-0000-22bab0de-00-s1-d0,72,10.0,4.0,-6.0
2025-2025011221gm-00a9-0000-22bab0de-00-s1-d0,73,-10.0,-10.0,0.0
2025-2025011221gm-00a9-0000-22bab0de-00-s1-d0,74,-4.0,4.0,8.0
2025-2025011221gm-00a9-0000-22bab0de-00-s1-d0,75,10.0,-10.0,-20.0
2025-2025011221gm-00a9-0000-22bab0de-00-s1-d0,76,10.0,10.0,0.0
2025-2025011221gm-00a9-0000-22bab0de-00-s1-d0,77,-4.0,10.0,14.0
2025-2025011221gm-00a9-0000-22bab0de-00-s1-d0,78,4.0,4.0,0.0
2025-2025011221gm-00a9-0000-22bab0de-00-s1-d0,79,4.0,-4.0,-8.0
2025-2025011221gm-00a9-0000-22bab0de-00-s1-d0,80,-10.0,4.0,14.0
2025-2025011221gm-00a9-0000-22bab0de-00-s1-d0,81,-10.0,-4.0,6.0
2025-2025011221gm-00a9-0000-22bab0de-00-s1-d0,82,-10.0,10.0,20.0
2025-2025011221gm-00a9-0000-22bab0de-00-s1-d0,83,4.0,4.0,0.0
2025-2025011221gm-00a9-0000-22bab0de-00-s1-d0,84,-10.0,4.0,14.0
2025-2025011221gm-00a9-0000-22bab0de-00-s1-d0,85,10.0,10.0,0.0
2025-2025011221gm-00a9-0000-22bab0de-00-s1-d0,86,-4.0,-4.0,0.0
2025-2025011221gm-00a9-0000-22bab0de-00-s1-d0,87,-10.0,-10.0,0.0
2025-2025011221gm-00a9-0000-22bab0de-00-s1-d0,88,-4.0,-4.0,0.0
2025-2025011221gm-00a9-0000-22bab0de-00-s1-d0,89,4.0,4.0,0.0
2025-2025011221gm-00a9-0000-22bab0de-00-s1-d0,90,10.0,-10.0,-20.0
2025-2025011221gm-00a9-0000-22bab0de-00-s1-d0,91,-4.0,-4.0,0.0
2025-2025011221gm-00a9-0000-22bab0de-00-s1-d0,92,10.0,10.0,0.0
2025-2025011221gm-00a9-0000-22bab0de-00-s1-d0,93,4.0,4.0,0.0
2025-2025011221gm-00a9-0000-22bab0de-00-s1-d0,94,10.0,10.0,0.0
2025-2025011221gm-00a9-0000-22bab0de-00-s1-d0,95,10.0,10.0,0.0
2025-2025011221gm-00a9-0000-22bab0de-00-s1-d0,96,-4.0,-4.0,0.0
2025-2025011221gm-00a9-0000-22bab0de-00-s1-d0,97,-10.0,10.0,20.0
2025-2025011221gm-00a9-0000-22bab0de-00-s1-d0,98,-10.0,-10.0,0.0
2025-2025011221gm-00a9-0000-22bab0de-00-s1-d0,99,10.0,10.0,0.0
2025-2025011221gm-00a9-0000-22bab0de-00-s1-d0,100,4.0,4.0,0.0
2025-2025011221gm-00a9-0000-22bab0de-00-s1-d0,101,-4.0,-4.0,0.0
2025-2025011221gm-00a9-0000-22bab0de-00-s1-d0,102,-10.0,-10.0,0.0
2025-2025011221gm-00a9-0000-22bab0de-00-s1-d0,103,-4.0,4.0,8.0
2025-2025011221gm-00a9-0000-22bab0de-00-s1-d0,104,4.0,4.0,0.0
2025-2025011221gm-00a9-0000-22bab0de-00-s1-d0,105,-4.0,-10.0,-6.0
2025-2025011221gm-00a9-0000-22bab0de-00-s1-d0,106,4.0,4.0,0.0
2025-2025011221gm-00a9-0000-22bab0de-00-s1-d0,107,4.0,4.0,0.0
2025-2025011221gm-00a9-0000-22bab0de-00-s1-d0,108,10.0,10.0,0.0
2025-2025011221gm-00a9-0000-22bab0de-00-s1-d0,109,-10.0,-10.0,0.0
2025-2025011221gm-00a9-0000-22bab0de-00-s1-d0,110,4.0,4.0,0.0
2025-2025011221gm-00a9-0000-22bab0de-00-s1-d0,111,4.0,-10.0,-14.0
2025-2025011221gm-00a9-0000-22bab0de-00-s1-d0,112,-4.0,-10.0,-6.0
2025-2025011221gm-00a9-0000-22bab0de-00-s1-d0,113,-4.0,-10.0,-6.0
2025-2025011221gm-00a9-0000-22bab0de-00-s1-d0,114,4.0,4.0,0.0
2025-2025011221gm-00a9-0000-22bab0de-00-s1-d0,115,-4.0,-4.0,0.0
2025-2025011221gm-00a9-0000-22bab0de-00-s1-d0,116,4.0,-4.0,-8.0
2025-2025011221gm-00a9-0000-22bab0de-00-s1-d0,117,4.0,4.0,0.0
2025-2025011221gm-00a9-0000-22bab0de-00-s1-d0,118,10.0,10.0,0.0
2025-2025011221gm-00a9-0000-22bab0de-00-s1-d0,119,4.0,4.0,0.0
2025-2025011221gm-00a9-0000-22bab0de-00-s1-d0,120,-10.0,-4.0,6.0
2025-2025011221gm-00a9-0000-22bab0de-00-s1-d0,121,10.0,10.0,0.0
2025-2025011221gm-00a9-0000-22bab0de-00-s1-d0,122,-10.0,4.0,14.0
2025-2025011221gm-00a9-0000-22bab0de-00-s1-d0,123,-10.0,-10.0,0.0
2025-2025011221gm-00a9-0000-22bab0de-00-s1-d0,124,10.0,-4.0,-14.0
2025-2025011221gm-00a9-0000-22bab0de-00-s1-d0,125,-4.0,-10.0,-6.0
2025-2025011221gm-00a9-0000-22bab0de-00-s1-d0,126,-10.0,-10.0,0.0
2025-2025011221gm-00a9-0000-22bab0de-00-s1-d0,127,-10.0,-10.0,0.0
2025-2025011221gm-00a9-0000-22bab0de-00-s1-d0,128,-4.0,-4.0,0.0
2025-2025011221gm-00a9-0000-22bab0de-00-s1-d0,129,10.0,10.0,0.0
2025-2025011221gm-00a9-0000-22bab0de-00-s1-d0,130,10.0,10.0,0.0
2025-2025011221gm-00a9-0000-22bab0de-00-s1-d0,131,4.0,4.0,0.0
2025-2025011221gm-00a9-0000-22bab0de-00-s1-d0,132,-4.0,-4.0,0.0
2025-2025011221gm-00a9-0000-22bab0de-00-s1-d0,133,10.0,10.0,0.0
2025-2025011221gm-00a9-0000-22bab0de-00-s1-d0,134,-10.0,-10.0,0.0
2025-2025011221gm-00a9-0000-22bab0de-00-s1-d0,135,-4.0,4.0,8.0
2025-2025011221gm-00a9-0000-22bab0de-00-s1-d0,136,-10.0,-4.0,6.0
2025-2025011221gm-00a9-0000-22bab0de-00-s1-d0,137,4.0,4.0,0.0
2025-2025011221gm-00a9-0000-22bab0de-00-s1-d0,138,10.0,10.0,0.0
2025-2025011221gm-00a9-0000-22bab0de-00-s1-d0,139,10.0,10.0,0.0
2025-2025011221gm-00a9-0000-22bab0de-00-s1-d0,140,4.0,4.0,0.0
2025-2025011221gm-00a9-0000-22bab0de-00-s1-d0,141,10.0,10.0,0.0
2025-2025011221gm-00a9-0000-22bab0de-00-s1-d0,142,10.0,10.0,0.0
2025-2025011221gm-00a9-0000-22bab0de-00-s1-d0,143,-4.0,-10.0,-6.0
2025-2025011221gm-00a9-0000-22bab0de-00-s1-d0,144,-10.0,-10.0,0.0
2025-2025011221gm-00a9-0000-22bab0de-00-s1-d0,145,4.0,4.0,0.0
2025-2025011221gm-00a9-0000-22bab0de-00-s1-d0,146,10.0,10.0,0.0
2025-2025011221gm-00a9-0000-22bab0de-00-s1-d0,147,4.0,10.0,6.0
2025-2025011221gm-00a9-0000-22bab0de-00-s1-d0,148,-4.0,4.0,8.0
2025-2025011221gm-00a9-0000-22bab0de-00-s1-d0,149,4.0,-4.0,-8.0
2025-2025011221gm-00a9-0000-22bab0de-00-s1-d0,150,4.0,4.0,0.0
2025-2025011221gm-00a9-0000-22bab0de-00-s1-d0,151,10.0,10.0,0.0
2025-2025011221gm-00a9-0000-22bab0de-00-s1-d0,152,4.0,4.0,0.0
2025-2025011221gm-00a9-0000-22bab0de-00-s1-d0,153,4.0,4.0,0.0
2025-2025011221gm-00a9-0000-22bab0de-00-s1-d0,154,-4.0,-10.0,-6.0
2025-2025011221gm-00a9-0000-22bab0de-00-s1-d0,155,4.0,4.0,0.0
2025-2025011221gm-00a9-0000-22bab0de-00-s1-d0,156,-10.0,-10.0,0.0
2025-2025011221gm-00a9-0000-22bab0de-00-s1-d0,157,-10.0,-10.0,0.0
2025-2025011221gm-00a9-0000-22bab0de-00-s1-d0,158,-4.0,4.0,8.0
2025-2025011221gm-00a9-0000-22bab0de-00-s1-d0,159,-4.0,-4.0,0.0
2025-2025011221gm-00a9-0000-22bab0de-00-s1-d0,160,4.0,4.0,0.0
2025-2025011221gm-00a9-0000-22bab0de-00-s1-d0,161,-4.0,-10.0,-6.0
2025-2025011221gm-00a9-0000-22bab0de-00-s1-d0,162,10.0,10.0,0.0
2025-2025011221gm-00a9-0000-22bab0de-00-s1-d0,163,10.0,10.0,0.0
2025-2025011221gm-00a9-0000-22bab0de-00-s1-d0,164,-4.0,-10.0,-6.0
2025-2025011221gm-00a9-0000-22bab0de-00-s1-d0,165,4.0,10.0,6.0
2025-2025011221gm-00a9-0000-22bab0de-00-s1-d0,166,10.0,-10.0,-20.0
2025-2025011221gm-00a9-0000-22bab0de-00-s1-d0,167,4.0,4.0,0.0
2025-2025011221gm-00a9-0000-22bab0de-00-s1-d0,168,-4.0,-10.0,-6.0
2025-2025011221gm-00a9-0000-22bab0de-00-s1-d0,169,-10.0,-10.0,0.0
2025-2025011221gm-00a9-0000-22bab0de-00-s1-d0,170,4.0,10.0,6.0
2025-2025011221gm-00a9-0000-22bab0de-00-s1-d0,171,-10.0,10.0,20.0
2025-2025011221gm-00a9-0000-22bab0de-00-s1-d0,172,10.0,10.0,0.0
2025-2025011221gm-00a9-0000-22bab0de-00-s1-d0,173,4.0,4.0,0.0
2025-2025011221gm-00a9-0000-22bab0de-00-s1-d0,174,-4.0,-4.0,0.0
2025-2025011221gm-00a9-0000-22bab0de-00-s1-d0,175,-10.0,10.0,20.0
2025-2025011221gm-00a9-0000-22bab0de-00-s1-d0,176,-4.0,-4.0,0.0
2025-2025011221gm-00a9-0000-22bab0de-00-s1-d0,177,-4.0,-4.0,0.0
2025-2025011221gm-00a9-0000-22bab0de-00-s1-d0,178,10.0,10.0,0.0
2025-2025011221gm-00a9-0000-22bab0de-00-s1-d0,179,-10.0,-10.0,0.0
2025-2025011221gm-00a9-0000-22bab0de-00-s1-d0,180,-4.0,-4.0,0.0
2025-2025011221gm-00a9-0000-22bab0de-00-s1-d0,181,-10.0,-10.0,0.0
2025-2025011221gm-00a9-0000-22bab0de-00-s1-d0,182,4.0,4.0,0.0
2025-2025011221gm-00a9-0000-22bab0de-00-s1-d0,183,10.0,-10.0,-20.0
2025-2025011221gm-00a9-0000-22bab0de-00-s1-d0,184,-4.0,4.0,8.0
2025-2025011221gm-00a9-0000-22bab0de-00-s1-d0,185,-4.0,-4.0,0.0
2025-2025011221gm-00a9-0000-22bab0de-00-s1-d0,186,-10.0,-10.0,0.0
2025-2025011221gm-00a9-0000-22bab0de-00-s1-d0,187,10.0,10.0,0.0
2025-2025011221gm-00a9-0000-22bab0de-00-s1-d0,188,-10.0,-10.0,0.0
2025-2025011221gm-00a9-0000-22bab0de-00-s1-d0,189,10.0,10.0,0.0
2025-2025011221gm-00a9-0000-22bab0de-00-s1-d0,190,10.0,4.0,-6.0
2025-2025011221gm-00a9-0000-22bab0de-00-s1-d0,191,-4.0,-10.0,-6.0
2025-2025011221gm-00a9-0000-22bab0de-00-s1-d0,192,-4.0,-4.0,0.0
2025-2025011221gm-00a9-0000-22bab0de-00-s1-d0,193,10.0,10.0,0.0
2025-2025011221gm-00a9-0000-22bab0de-00-s1-d0,194,10.0,4.0,-6.0
2025-2025011221gm-00a9-0000-22bab0de-00-s1-d0,195,10.0,10.0,0.0
2025-2025011221gm-00a9-0000-22bab0de-00-s1-d0,196,4.0,-4.0,-8.0
2025-2025011221gm-00a9-0000-22bab0de-00-s1-d0,197,10.0,10.0,0.0
2025-2025011221gm-00a9-0000-22bab0de-00-s1-d0,198,4.0,4.0,0.0
2025-2025011221gm-00a9-0000-22bab0de-00-s1-d0,199,4.0,4.0,0.0
2025-2025011221gm-00a9-0000-22bab0de-00-s1-d0,200,-4.0,-10.0,-6.0
2025-2025011221gm-00a9-0000-22bab0de-00-s1-d0,201,10.0,-10.0,-20.0
2025-2025011221gm-00a9-0000-22bab0de-00-s1-d0,202,-10.0,-10.0,0.0
2025-2025011221gm-00a9-0000-22bab0de-00-s1-d0,203,-4.0,-4.0,0.0
2025-2025011221gm-00a9-0000-22bab0de-00-s1-d0,204,-4.0,-4.0,0.0
2025-2025011221gm-00a9-0000-22bab0de-00-s1-d0,205,10.0,10.0,0.0
2025-2025011221gm-00a9-0000-22bab0de-00-s1-d0,206,10.0,4.0,-6.0
2025-2025011221gm-00a9-0000-22bab0de-00-s1-d0,207,10.0,10.0,0.0
2025-2025011221gm-00a9-0000-22bab0de-00-s1-d0,208,-4.0,-4.0,0.0
2025-2025011221gm-00a9-0000-22bab0de-00-s1-d0,209,4.0,4.0,0.0
2025-2025011221gm-00a9-0000-22bab0de-00-s1-d0,210,-4.0,-10.0,-6.0
2025-2025011221gm-00a9-0000-22bab0de-00-s1-d0,211,-4.0,10.0,14.0
2025-2025011221gm-00a9-0000-22bab0de-00-s1-d0,212,-10.0,-10.0,0.0
2025-2025011221gm-00a9-0000-22bab0de-00-s1-d0,213,4.0,4.0,0.0
2025-2025011221gm-00a9-0000-22bab0de-00-s1-d0,214,-10.0,-10.0,0.0
2025-2025011221gm-00a9-0000-22bab0de-00-s1-d0,215,4.0,-10.0,-14.0
2025-2025011221gm-00a9-0000-22bab0de-00-s1-d0,216,10.0,10.0,0.0
2025-2025011221gm-00a9-0000-22bab0de-00-s1-d0,217,-10.0,10.0,20.0
2025-2025011221gm-00a9-0000-22bab0de-00-s1-d0,218,10.0,10.0,0.0
2025-2025011221gm-00a9-0000-22bab0de-00-s1-d0,219,-4.0,4.0,8.0
2025-2025011221gm-00a9-0000-22bab0de-00-s1-d0,220,-10.0,-10.0,0.0
2025-2025011221gm-00a9-0000-22bab0de-00-s1-d0,221,4.0,10.0,6.0
2025-2025011221gm-00a9-0000-22bab0de-00-s1-d0,222,-10.0,-10.0,0.0
2025-2025011221gm-00a9-0000-22bab0de-00-s1-d0,223,4.0,4.0,0.0
2025-2025011221gm-00a9-0000-22bab0de-00-s1-d0,224,10.0,4.0,-6.0
2025-2025011221gm-00a9-0000-22bab0de-00-s1-d0,225,-4.0,10.0,14.0
2025-2025011221gm-00a9-0000-22bab0de-00-s1-d0,226,-4.0,-4.0,0.0
2025-2025011221gm-00a9-0000-22bab0de-00-s1-d0,227,-10.0,-4.0,6.0
2025-2025011221gm-00a9-0000-22bab0de-00-s1-d0,228,4.0,4.0,0.0
2025-2025011221gm-00a9-0000-22bab0de-00-s1-d0,229,4.0,4.0,0.0
2025-2025011221gm-00a9-0000-22bab0de-00-s1-d0,230,-10.0,4.0,14.0
2025-2025011221gm-00a9-0000-22bab0de-00-s1-d0,231,-10.0,-10.0,0.0
2025-2025011221gm-00a9-0000-22bab0de-00-s1-d0,232,-10.0,-4.0,6.0
2025-2025011221gm-00a9-0000-22bab0de-00-s1-d0,233,10.0,10.0,0.0
2025-2025011221gm-00a9-0000-22bab0de-00-s1-d0,234,-4.0,-4.0,0.0
2025-2025011221gm-00a9-0000-22bab0de-00-s1-d0,235,-10.0,-10.0,0.0
2025-2025011221gm-00a9-0000-22bab0de-00-s1-d0,236,-4.0,10.0,14.0
2025-2025011221gm-00a9-0000-22bab0de-00-s1-d0,237,-4.0,-4.0,0.0
2025-2025011221gm-00a9-0000-22bab0de-00-s1-d0,238,-4.0,-4.0,0.0
2025-2025011221gm-00a9-0000-22bab0de-00-s1-d0,239,-10.0,-4.0,6.0
2025-2025011221gm-00a9-0000-22bab0de-00-s1-d0,240,10.0,10.0,0.0
2025-2025011221gm-00a9-0000-22bab0de-00-s1-d0,241,-10.0,10.0,20.0
2025-2025011221gm-00a9-0000-22bab0de-00-s1-d0,242,10.0,-10.0,-20.0
2025-2025011221gm-00a9-0000-22bab0de-00-s1-d0,243,-10.0,-4.0,6.0
2025-2025011221gm-00a9-0000-22bab0de-00-s1-d0,244,-10.0,-10.0,0.0
2025-2025011221gm-00a9-0000-22bab0de-00-s1-d0,245,-4.0,-4.0,0.0
2025-2025011221gm-00a9-0000-22bab0de-00-s1-d0,246,10.0,-10.0,-20.0
2025-2025011221gm-00a9-0000-22bab0de-00-s1-d0,247,10.0,10.0,0.0
2025-2025011221gm-00a9-0000-22bab0de-00-s1-d0,248,10.0,10.0,0.0
2025-2025011221gm-00a9-0000-22bab0de-00-s1-d0,249,-10.0,-10.0,0.0
2025-2025011221gm-00a9-0000-22bab0de-00-s1-d0,250,-10.0,-10.0,0.0
2025-2025011221gm-00a9-0000-22bab0de-00-s1-d0,251,-10.0,-10.0,0.0
2025-2025011221gm-00a9-0000-22bab0de-00-s1-d0,252,4.0,-4.0,-8.0
2025-2025011221gm-00a9-0000-22bab0de-00-s1-d0,253,4.0,-10.0,-14.0
2025-2025011221gm-00a9-0000-22bab0de-00-s1-d0,254,10.0,10.0,0.0
2025-2025011221gm-00a9-0000-22bab0de-00-s1-d0,255,-4.0,-10.0,-6.0
2025-2025040821gm-00a9-0000-b7ac449d-02-s0-d0,0,-10.0,-10.0,0.0
2025-2025040821gm-00a9-0000-b7ac449d-02-s0-d0,1,-10.0,-10.0,0.0
2025-2025040821gm-00a9-0000-b7ac449d-02-s0-d0,2,4.0,4.0,0.0
2025-2025040821gm-00a9-0000-b7ac449d-02-s0-d0,3,-4.0,-4.0,0.0
2025-2025040821gm-00a9-0000-b7ac449d-02-s0-d0,4,-10.0,4.0,14.0
2025-2025040821gm-00a9-0000-b7ac449d-02-s0-d0,5,-10.0,-10.0,0.0
2025-2025040821gm-00a9-0000-b7ac449d-02-s0-d0,6,-10.0,-4.0,6.0
2025-2025040821gm-00a9-0000-b7ac449d-02-s0-d0,7,-4.0,-4.0,0.0
2025-2025040821gm-00a9-0000-b7ac449d-02-s0-d0,8,10.0,10.0,0.0
2025-2025040821gm-00a9-0000-b7ac449d-02-s0-d0,9,-10.0,4.0,14.0
2025-2025040821gm-00a9-0000-b7ac449d-02-s0-d0,10,-10.0,-4.0,6.0
2025-2025040821gm-00a9-0000-b7ac449d-02-s0-d0,11,-4.0,-4.0,0.0
2025-2025040821gm-00a9-0000-b7ac449d-02-s0-d0,12,-4.0,4.0,8.0
2025-2025040821gm-00a9-0000-b7ac449d-02-s0-d0,13,-10.0,-4.0,6.0
2025-2025040821gm-00a9-0000-b7ac449d-02-s0-d0,14,4.0,-4.0,-8.0
2025-2025040821gm-00a9-0000-b7ac449d-02-s0-d0,15,-4.0,-4.0,0.0
2025-2025040821gm-00a9-0000-b7ac449d-02-s0-d0,16,-10.0,-10.0,0.0
2025-2025040821gm-00a9-0000-b7ac449d-02-s0-d0,17,-10.0,-10.0,0.0
2025-2025040821gm-00a9-0000-b7ac449d-02-s0-d0,18,10.0,-10.0,-20.0
2025-2025040821gm-00a9-0000-b7ac449d-02-s0-d0,19,-10.0,-10.0,0.0
2025-2025040821gm-00a9-0000-b7ac449d-02-s0-d0,20,4.0,-4.0,-8.0
2025-2025040821gm-00a9-0000-b7ac449d-02-s0-d0,21,10.0,-4.0,-14.0
2025-2025040821gm-00a9-0000-b7ac449d-02-s0-d0,22,10.0,4.0,-6.0
2025-2025040821gm-00a9-0000-b7ac449d-02-s0-d0,23,-4.0,10.0,14.0
2025-2025040821gm-00a9-0000-b7ac449d-02-s0-d0,24,-10.0,-4.0,6.0
2025-2025040821gm-00a9-0000-b7ac449d-02-s0-d0,25,4.0,-10.0,-14.0
2025-2025040821gm-00a9-0000-b7ac449d-02-s0-d0,26,-4.0,10.0,14.0
2025-2025040821gm-00a9-0000-b7ac449d-02-s0-d0,27,-4.0,-4.0,0.0
2025-2025040821gm-00a9-0000-b7ac449d-02-s0-d0,28,-4.0,10.0,14.0
2025-2025040821gm-00a9-0000-b7ac449d-02-s0-d0,29,4.0,4.0,0.0
2025-2025040821gm-00a9-0000-b7ac449d-02-s0-d0,30,-10.0,-4.0,6.0
2025-2025040821gm-00a9-0000-b7ac449d-02-s0-d0,31,-10.0,-10.0,0.0
2025-2025040821gm-00a9-0000-b7ac449d-02-s0-d0,32,-4.0,-10.0,-6.0
2025-2025040821gm-00a9-0000-b7ac449d-02-s0-d0,33,-10.0,-10.0,0.0
2025-2025040821gm-00a9-0000-b7ac449d-02-s0-d0,34,-10.0,-4.0,6.0
2025-2025040821gm-00a9-0000-b7ac449d-02-s0-d0,35,-4.0,-4.0,0.0
2025-2025040821gm-00a9-0000-b7ac449d-02-s0-d0,36,4.0,-10.0,-14.0
2025-2025040821gm-00a9-0000-b7ac449d-02-s0-d0,37,-10.0,-10.0,0.0
2025-2025040821gm-00a9-0000-b7ac449d-02-s0-d0,38,-4.0,-10.0,-6.0
2025-2025040821gm-00a9-0000-b7ac449d-02-s0-d0,39,10.0,10.0,0.0
2025-2025040821gm-00a9-0000-b7ac449d-02-s0-d0,40,-4.0,-4.0,0.0
2025-2025040821gm-00a9-0000-b7ac449d-02-s0-d0,41,-4.0,-4.0,0.0
2025-2025040821gm-00a9-0000-b7ac449d-02-s0-d0,42,10.0,4.0,-6.0
2025-2025040821gm-00a9-0000-b7ac449d-02-s0-d0,43,-10.0,-10.0,0.0
2025-2025040821gm-00a9-0000-b7ac449d-02-s0-d0,44,10.0,-10.0,-20.0
2025-2025040821gm-00a9-0000-b7ac449d-02-s0-d0,45,-10.0,-4.0,6.0
2025-2025040821gm-00a9-0000-b7ac449d-02-s0-d0,46,4.0,-4.0,-8.0
2025-2025040821gm-00a9-0000-b7ac449d-02-s0-d0,47,-4.0,-4.0,0.0
2025-2025040821gm-00a9-0000-b7ac449d-02-s0-d0,48,-10.0,-4.0,6.0
2025-2025040821gm-00a9-0000-b7ac449d-02-s0-d0,49,-10.0,-10.0,0.0
2025-2025040821gm-00a9-0000-b7ac449d-02-s0-d0,50,-10.0,-10.0,0.0
2025-2025040821gm-00a9-0000-b7ac449d-02-s0-d0,51,-10.0,-4.0,6.0
2025-2025040821gm-00a9-0000-b7ac449d-02-s0-d0,52,-10.0,-4.0,6.0
2025-2025040821gm-00a9-0000-b7ac449d-02-s0-d0,53,-4.0,-4.0,0.0
2025-2025040821gm-00a9-0000-b7ac449d-02-s0-d0,54,-10.0,10.0,20.0
2025-2025040821gm-00a9-0000-b7ac449d-02-s0-d0,55,-10.0,4.0,14.0
2025-2025040821gm-00a9-0000-b7ac449d-02-s0-d0,56,10.0,10.0,0.0
2025-2025040821gm-00a9-0000-b7ac449d-02-s0-d0,57,-10.0,-10.0,0.0
2025-2025040821gm-00a9-0000-b7ac449d-02-s0-d0,58,-10.0,-4.0,6.0
2025-2025040821gm-00a9-0000-b7ac449d-02-s0-d0,59,4.0,4.0,0.0
2025-2025040821gm-00a9-0000-b7ac449d-02-s0-d0,60,10.0,10.0,0.0
2025-2025040821gm-00a9-0000-b7ac449d-02-s0-d0,61,-10.0,-4.0,6.0
2025-2025040821gm-00a9-0000-b7ac449d-02-s0-d0,62,4.0,4.0,0.0
2025-2025040821gm-00a9-0000-b7ac449d-02-s0-d0,63,-4.0,-4.0,0.0
2025-2025040821gm-00a9-0000-b7ac449d-02-s0-d0,64,-10.0,-4.0,6.0
2025-2025040821gm-00a9-0000-b7ac449d-02-s0-d0,65,-4.0,-10.0,-6.0
2025-2025040821gm-00a9-0000-b7ac449d-02-s0-d0,66,-4.0,-4.0,0.0
2025-2025040821gm-00a9-0000-b7ac449d-02-s0-d0,67,10.0,-10.0,-20.0
2025-2025040821gm-00a9-0000-b7ac449d-02-s0-d0,68,-10.0,-10.0,0.0
2025-2025040821gm-00a9-0000-b7ac449d-02-s0-d0,69,10.0,10.0,0.0
2025-2025040821gm-00a9-0000-b7ac449d-02-s0-d0,70,-10.0,-10.0,0.0
2025-2025040821gm-00a9-0000-b7ac449d-02-s0-d0,71,-4.0,-4.0,0.0
2025-2025040821gm-00a9-0000-b7ac449d-02-s0-d0,72,-10.0,-10.0,0.0
2025-2025040821gm-00a9-0000-b7ac449d-02-s0-d0,73,4.0,-10.0,-14.0
2025-2025040821gm-00a9-0000-b7ac449d-02-s0-d0,74,-4.0,4.0,8.0
2025-2025040821gm-00a9-0000-b7ac449d-02-s0-d0,75,-10.0,-10.0,0.0
2025-2025040821gm-00a9-0000-b7ac449d-02-s0-d0,76,-10.0,-10.0,0.0
2025-2025040821gm-00a9-0000-b7ac449d-02-s0-d0,77,10.0,10.0,0.0
2025-2025040821gm-00a9-0000-b7ac449d-02-s0-d0,78,4.0,4.0,0.0
2025-2025040821gm-00a9-0000-b7ac449d-02-s0-d0,79,4.0,4.0,0.0
2025-2025040821gm-00a9-0000-b7ac449d-02-s0-d0,80,10.0,-10.0,-20.0
2025-2025040821gm-00a9-0000-b7ac449d-02-s0-d0,81,-4.0,-10.0,-6.0
2025-2025040821gm-00a9-0000-b7ac449d-02-s0-d0,82,-10.0,4.0,14.0
2025-2025040821gm-00a9-0000-b7ac449d-02-s0-d0,83,-10.0,-10.0,0.0
2025-2025040821gm-00a9-0000-b7ac449d-02-s0-d0,84,-4.0,-4.0,0.0
2025-2025040821gm-00a9-0000-b7ac449d-02-s0-d0,85,10.0,10.0,0.0
2025-2025040821gm-00a9-0000-b7ac449d-02-s0-d0,86,-4.0,-10.0,-6.0
2025-2025040821gm-00a9-0000-b7ac449d-02-s0-d0,87,-4.0,-4.0,0.0
2025-2025040821gm-00a9-0000-b7ac449d-02-s0-d0,88,-4.0,-4.0,0.0
2025-2025040821gm-00a9-0000-b7ac449d-02-s0-d0,89,-4.0,-4.0,0.0
2025-2025040821gm-00a9-0000-b7ac449d-02-s0-d0,90,-10.0,4.0,14.0
2025-2025040821gm-00a9-0000-b7ac449d-02-s0-d0,91,-10.0,-10.0,0.0
2025-2025040821gm-00a9-0000-b7ac449d-02-s0-d0,92,-4.0,-4.0,0.0
2025-2025040821gm-00a9-0000-b7ac449d-02-s0-d0,93,-10.0,-10.0,0.0
2025-2025040821gm-00a9-0000-b7ac449d-02-s0-d0,94,-10.0,-4.0,6.0
2025-2025040821gm-00a9-0000-b7ac449d-02-s0-d0,95,4.0,4.0,0.0
2025-2025040821gm-00a9-0000-b7ac449d-02-s0-d0,96,-10.0,-10.0,0.0
2025-2025040821gm-00a9-0000-b7ac449d-02-s0-d0,97,-10.0,-10.0,0.0
2025-2025040821gm-00a9-0000-b7ac449d-02-s0-d0,98,-4.0,-4.0,0.0
2025-2025040821gm-00a9-0000-b7ac449d-02-s0-d0,99,-4.0,-4.0,0.0
2025-2025040821gm-00a9-0000-b7ac449d-02-s0-d0,100,-4.0,-10.0,-6.0
2025-2025040821gm-00a9-0000-b7ac449d-02-s0-d0,101,-10.0,-10.0,0.0
2025-2025040821gm-00a9-0000-b7ac449d-02-s0-d0,102,-4.0,-4.0,0.0
2025-2025040821gm-00a9-0000-b7ac449d-02-s0-d0,103,-10.0,-10.0,0.0
2025-2025040821gm-00a9-0000-b7ac449d-02-s0-d0,104,10.0,10.0,0.0
2025-2025040821gm-00a9-0000-b7ac449d-02-s0-d0,105,10.0,4.0,-6.0
2025-2025040821gm-00a9-0000-b7ac449d-02-s0-d0,106,-10.0,-10.0,0.0
2025-2025040821gm-00a9-0000-b7ac449d-02-s0-d0,107,-4.0,-4.0,0.0
2025-2025040821gm-00a9-0000-b7ac449d-02-s0-d0,108,-10.0,-10.0,0.0
2025-2025040821gm-00a9-0000-b7ac449d-02-s0-d0,109,4.0,4.0,0.0
2025-2025040821gm-00a9-0000-b7ac449d-02-s0-d0,110,-4.0,-10.0,-6.0
2025-2025040821gm-00a9-0000-b7ac449d-02-s0-d0,111,-10.0,-4.0,6.0
2025-2025040821gm-00a9-0000-b7ac449d-02-s0-d0,112,10.0,10.0,0.0
2025-2025040821gm-00a9-0000-b7ac449d-02-s0-d0,113,-10.0,-10.0,0.0
2025-2025040821gm-00a9-0000-b7ac449d-02-s0-d0,114,-10.0,-4.0,6.0
2025-2025040821gm-00a9-0000-b7ac449d-02-s0-d0,115,-10.0,-10.0,0.0
2025-2025040821gm-00a9-0000-b7ac449d-02-s0-d0,116,10.0,10.0,0.0
2025-2025040821gm-00a9-0000-b7ac449d-02-s0-d0,117,-10.0,10.0,20.0
2025-2025040821gm-00a9-0000-b7ac449d-02-s0-d0,118,-4.0,-4.0,0.0
2025-2025040821gm-00a9-0000-b7ac449d-02-s0-d0,119,4.0,-4.0,-8.0
2025-2025040821gm-00a9-0000-b7ac449d-02-s0-d0,120,4.0,-10.0,-14.0
2025-2025040821gm-00a9-0000-b7ac449d-02-s0-d0,121,-4.0,-4.0,0.0
2025-2025040821gm-00a9-0000-b7ac449d-02-s0-d0,122,-4.0,-10.0,-6.0
2025-2025040821gm-00a9-0000-b7ac449d-02-s0-d0,123,-10.0,-10.0,0.0
2025-2025040821gm-00a9-0000-b7ac449d-02-s0-d0,124,4.0,-10.0,-14.0
2025-2025040821gm-00a9-0000-b7ac449d-02-s0-d0,125,-4.0,-10.0,-6.0
2025-2025040821gm-00a9-0000-b7ac449d-02-s0-d0,126,-4.0,-4.0,0.0
2025-2025040821gm-00a9-0000-b7ac449d-02-s0-d0,127,-10.0,-10.0,0.0
2025-2025040821gm-00a9-0000-b7ac449d-02-s0-d0,128,-10.0,-10.0,0.0
2025-2025040821gm-00a9-0000-b7ac449d-02-s0-d0,129,-4.0,10.0,14.0
2025-2025040821gm-00a9-0000-b7ac449d-02-s0-d0,130,-10.0,-4.0,6.0
2025-2025040821gm-00a9-0000-b7ac449d-02-s0-d0,131,-10.0,-10.0,0.0
2025-2025040821gm-00a9-0000-b7ac449d-02-s0-d0,132,-4.0,-4.0,0.0
2025-2025040821gm-00a9-0000-b7ac449d-02-s0-d0,133,4.0,10.0,6.0
2025-2025040821gm-00a9-0000-b7ac449d-02-s0-d0,134,-10.0,-10.0,0.0
2025-2025040821gm-00a9-0000-b7ac449d-02-s0-d0,135,-10.0,-10.0,0.0
2025-2025040821gm-00a9-0000-b7ac449d-02-s0-d0,136,-10.0,10.0,20.0
2025-2025040821gm-00a9-0000-b7ac449d-02-s0-d0,137,-10.0,-10.0,0.0
2025-2025040821gm-00a9-0000-b7ac449d-02-s0-d0,138,-4.0,10.0,14.0
2025-2025040821gm-00a9-0000-b7ac449d-02-s0-d0,139,-4.0,-4.0,0.0
2025-2025040821gm-00a9-0000-b7ac449d-02-s0-d0,140,4.0,-10.0,-14.0
2025-2025040821gm-00a9-0000-b7ac449d-02-s0-d0,141,-10.0,-10.0,0.0
2025-2025040821gm-00a9-0000-b7ac449d-02-s0-d0,142,4.0,4.0,0.0
2025-2025040821gm-00a9-0000-b7ac449d-02-s0-d0,143,4.0,4.0,0.0
2025-2025040821gm-00a9-0000-b7ac449d-02-s0-d0,144,-4.0,-4.0,0.0
2025-2025040821gm-00a9-0000-b7ac449d-02-s0-d0,145,-10.0,-4.0,6.0
2025-2025040821gm-00a9-0000-b7ac449d-02-s0-d0,146,-10.0,-10.0,0.0
2025-2025040821gm-00a9-0000-b7ac449d-02-s0-d0,147,-10.0,-10.0,0.0
2025-2025040821gm-00a9-0000-b7ac449d-02-s0-d0,148,10.0,10.0,0.0
2025-2025040821gm-00a9-0000-b7ac449d-02-s0-d0,149,-10.0,-10.0,0.0
2025-2025040821gm-00a9-0000-b7ac449d-02-s0-d0,150,-4.0,10.0,14.0
2025-2025040821gm-00a9-0000-b7ac449d-02-s0-d0,151,-10.0,-4.0,6.0
2025-2025040821gm-00a9-0000-b7ac449d-02-s0-d0,152,-4.0,-10.0,-6.0
2025-2025040821gm-00a9-0000-b7ac449d-02-s0-d0,153,-10.0,4.0,14.0
2025-2025040821gm-00a9-0000-b7ac449d-02-s0-d0,154,-10.0,4.0,14.0
2025-2025040821gm-00a9-0000-b7ac449d-02-s0-d0,155,-4.0,-10.0,-6.0
2025-2025040821gm-00a9-0000-b7ac449d-02-s0-d0,156,10.0,-10.0,-20.0
2025-2025040821gm-00a9-0000-b7ac449d-02-s0-d0,157,-4.0,4.0,8.0
2025-2025040821gm-00a9-0000-b7ac449d-02-s0-d0,158,-10.0,-4.0,6.0
2025-2025040821gm-00a9-0000-b7ac449d-02-s0-d0,159,4.0,4.0,0.0
2025-2025040821gm-00a9-0000-b7ac449d-02-s0-d0,160,-4.0,-10.0,-6.0
2025-2025040821gm-00a9-0000-b7ac449d-02-s0-d0,161,-4.0,-4.0,0.0
2025-2025040821gm-00a9-0000-b7ac449d-02-s0-d0,162,-4.0,4.0,8.0
2025-2025040821gm-00a9-0000-b7ac449d-02-s0-d0,163,-10.0,-10.0,0.0
2025-2025040821gm-00a9-0000-b7ac449d-02-s0-d0,164,-4.0,-4.0,0.0
2025-2025040821gm-00a9-0000-b7ac449d-02-s0-d0,165,-10.0,-10.0,0.0
2025-2025040821gm-00a9-0000-b7ac449d-02-s0-d0,166,-10.0,-10.0,0.0
2025-2025040821gm-00a9-0000-b7ac449d-02-s0-d0,167,-10.0,-4.0,6.0
2025-2025040821gm-00a9-0000-b7ac449d-02-s0-d0,168,-10.0,-10.0,0.0
2025-2025040821gm-00a9-0000-b7ac449d-02-s0-d0,169,-10.0,-4.0,6.0
2025-2025040821gm-00a9-0000-b7ac449d-02-s0-d0,170,-10.0,-4.0,6.0
2025-2025040821gm-00a9-0000-b7ac449d-02-s0-d0,171,-10.0,4.0,14.0
2025-2025040821gm-00a9-0000-b7ac449d-02-s0-d0,172,4.0,4.0,0.0
2025-2025040821gm-00a9-0000-b7ac449d-02-s0-d0,173,-4.0,-4.0,0.0
2025-2025040821gm-00a9-0000-b7ac449d-02-s0-d0,174,-4.0,-4.0,0.0
2025-2025040821gm-00a9-0000-b7ac449d-02-s0-d0,175,-10.0,10.0,20.0
2025-2025040821gm-00a9-0000-b7ac449d-02-s0-d0,176,-10.0,10.0,20.0
2025-2025040821gm-00a9-0000-b7ac449d-02-s0-d0,177,10.0,-10.0,-20.0
2025-2025040821gm-00a9-0000-b7ac449d-02-s0-d0,178,4.0,-4.0,-8.0
2025-2025040821gm-00a9-0000-b7ac449d-02-s0-d0,179,4.0,-10.0,-14.0
2025-2025040821gm-00a9-0000-b7ac449d-02-s0-d0,180,-10.0,-10.0,0.0
2025-2025040821gm-00a9-0000-b7ac449d-02-s0-d0,181,4.0,-4.0,-8.0
2025-2025040821gm-00a9-0000-b7ac449d-02-s0-d0,182,-10.0,10.0,20.0
2025-2025040821gm-00a9-0000-b7ac449d-02-s0-d0,183,-4.0,-4.0,0.0
2025-2025040821gm-00a9-0000-b7ac449d-02-s0-d0,184,-4.0,-10.0,-6.0
2025-2025040821gm-00a9-0000-b7ac449d-02-s0-d0,185,-10.0,-10.0,0.0
2025-2025040821gm-00a9-0000-b7ac449d-02-s0-d0,186,-10.0,-10.0,0.0
2025-2025040821gm-00a9-0000-b7ac449d-02-s0-d0,187,4.0,4.0,0.0
2025-2025040821gm-00a9-0000-b7ac449d-02-s0-d0,188,-10.0,4.0,14.0
2025-2025040821gm-00a9-0000-b7ac449d-02-s0-d0,189,-10.0,-10.0,0.0
2025-2025040821gm-00a9-0000-b7ac449d-02-s0-d0,190,-10.0,-10.0,0.0
2025-2025040821gm-00a9-0000-b7ac449d-02-s0-d0,191,-4.0,-10.0,-6.0
2025-2025040821gm-00a9-0000-b7ac449d-02-s0-d0,192,-10.0,-10.0,0.0
2025-2025040821gm-00a9-0000-b7ac449d-02-s0-d0,193,-10.0,-4.0,6.0
2025-2025040821gm-00a9-0000-b7ac449d-02-s0-d0,194,-10.0,-10.0,0.0
2025-2025040821gm-00a9-0000-b7ac449d-02-s0-d0,195,-10.0,-4.0,6.0
2025-2025040821gm-00a9-0000-b7ac449d-02-s0-d0,196,4.0,4.0,0.0
2025-2025040821gm-00a9-0000-b7ac449d-02-s0-d0,197,-10.0,-10.0,0.0
2025-2025040821gm-00a9-0000-b7ac449d-02-s0-d0,198,10.0,10.0,0.0
2025-2025040821gm-00a9-0000-b7ac449d-02-s0-d0,199,4.0,-4.0,-8.0
2025-2025040821gm-00a9-0000-b7ac449d-02-s0-d0,200,-10.0,-10.0,0.0
2025-2025040821gm-00a9-0000-b7ac449d-02-s0-d0,201,-10.0,-10.0,0.0
2025-2025040821gm-00a9-0000-b7ac449d-02-s0-d0,202,-10.0,-10.0,0.0
2025-2025040821gm-00a9-0000-b7ac449d-02-s0-d0,203,-4.0,-4.0,0.0
2025-2025040821gm-00a9-0000-b7ac449d-02-s0-d0,204,10.0,-10.0,-20.0
2025-2025040821gm-00a9-0000-b7ac449d-02-s0-d0,205,-4.0,-4.0,0.0
2025-2025040821gm-00a9-0000-b7ac449d-02-s0-d0,206,-4.0,-10.0,-6.0
2025-2025040821gm-00a9-0000-b7ac449d-02-s0-d0,207,-10.0,10.0,20.0
2025-2025040821gm-00a9-0000-b7ac449d-02-s0-d0,208,-10.0,-10.0,0.0
2025-2025040821gm-00a9-0000-b7ac449d-02-s0-d0,209,-4.0,-4.0,0.0
2025-2025040821gm-00a9-0000-b7ac449d-02-s0-d0,210,4.0,4.0,0.0
2025-2025040821gm-00a9-0000-b7ac449d-02-s0-d0,211,-10.0,-4.0,6.0
2025-2025040821gm-00a9-0000-b7ac449d-02-s0-d0,212,10.0,4.0,-6.0
2025-2025040821gm-00a9-0000-b7ac449d-02-s0-d0,213,-10.0,-10.0,0.0
2025-2025040821gm-00a9-0000-b7ac449d-02-s0-d0,214,-4.0,-4.0,0.0
2025-2025040821gm-00a9-0000-b7ac449d-02-s0-d0,215,-4.0,10.0,14.0
2025-2025040821gm-00a9-0000-b7ac449d-02-s0-d0,216,-10.0,4.0,14.0
2025-2025040821gm-00a9-0000-b7ac449d-02-s0-d0,217,-10.0,4.0,14.0
2025-2025040821gm-00a9-0000-b7ac449d-02-s0-d0,218,-10.0,-10.0,0.0
2025-2025040821gm-00a9-0000-b7ac449d-02-s0-d0,219,-4.0,-10.0,-6.0
2025-2025040821gm-00a9-0000-b7ac449d-02-s0-d0,220,-10.0,-10.0,0.0
2025-2025040821gm-00a9-0000-b7ac449d-02-s0-d0,221,-4.0,-4.0,0.0
2025-2025040821gm-00a9-0000-b7ac449d-02-s0-d0,222,-4.0,-4.0,0.0
2025-2025040821gm-00a9-0000-b7ac449d-02-s0-d0,223,-10.0,-10.0,0.0
2025-2025040821gm-00a9-0000-b7ac449d-02-s0-d0,224,-4.0,-10.0,-6.0
2025-2025040821gm-00a9-0000-b7ac449d-02-s0-d0,225,-4.0,4.0,8.0
2025-2025040821gm-00a9-0000-b7ac449d-02-s0-d0,226,-10.0,-10.0,0.0
2025-2025040821gm-00a9-0000-b7ac449d-02-s0-d0,227,-4.0,-4.0,0.0
2025-2025040821gm-00a9-0000-b7ac449d-02-s0-d0,228,-4.0,-4.0,0.0
2025-2025040821gm-00a9-0000-b7ac449d-02-s0-d0,229,4.0,4.0,0.0
2025-2025040821gm-00a9-0000-b7ac449d-02-s0-d0,230,4.0,4.0,0.0
2025-2025040821gm-00a9-0000-b7ac449d-02-s0-d0,231,-10.0,-4.0,6.0
2025-2025040821gm-00a9-0000-b7ac449d-02-s0-d0,232,-10.0,-10.0,0.0
2025-2025040821gm-00a9-0000-b7ac449d-02-s0-d0,233,4.0,-4.0,-8.0
2025-2025040821gm-00a9-0000-b7ac449d-02-s0-d0,234,-10.0,-4.0,6.0
2025-2025040821gm-00a9-0000-b7ac449d-02-s0-d0,235,-10.0,-10.0,0.0
2025-2025040821gm-00a9-0000-b7ac449d-02-s0-d0,236,10.0,-4.0,-14.0
2025-2025040821gm-00a9-0000-b7ac449d-02-s0-d0,237,-10.0,-10.0,0.0
2025-2025040821gm-00a9-0000-b7ac449d-02-s0-d0,238,-10.0,-10.0,0.0
2025-2025040821gm-00a9-0000-b7ac449d-02-s0-d0,239,-10.0,-10.0,0.0
2025-2025040821gm-00a9-0000-b7ac449d-02-s0-d0,240,-10.0,-10.0,0.0
2025-2025040821gm-00a9-0000-b7ac449d-02-s0-d0,241,-10.0,-10.0,0.0
2025-2025040821gm-00a9-0000-b7ac449d-02-s0-d0,242,-10.0,-10.0,0.0
2025-2025040821gm-00a9-0000-b7ac449d-02-s0-d0,243,4.0,4.0,0.0
2025-2025040821gm-00a9-0000-b7ac449d-02-s0-d0,244,-10.0,-4.0,6.0
2025-2025040821gm-00a9-0000-b7ac449d-02-s0-d0,245,-10.0,-10.0,0.0
2025-2025040821gm-00a9-0000-b7ac449d-02-s0-d0,246,10.0,-10.0,-20.0
2025-2025040821gm-00a9-0000-b7ac449d-02-s0-d0,247,4.0,4.0,0.0
2025-2025040821gm-00a9-0000-b7ac449d-02-s0-d0,248,-10.0,-4.0,6.0
2025-2025040821gm-00a9-0000-b7ac449d-02-s0-d0,249,10.0,10.0,0.0
2025-2025040821gm-00a9-0000-b7ac449d-02-s0-d0,250,-10.0,-10.0,0.0
2025-2025040821gm-00a9-0000-b7ac449d-02-s0-d0,251,10.0,10.0,0.0
2025-2025040821gm-00a9-0000-b7ac449d-02-s0-d0,252,4.0,-4.0,-8.0
2025-2025040821gm-00a9-0000-b7ac449d-02-s0-d0,253,-10.0,-4.0,6.0
2025-2025040821gm-00a9-0000-b7ac449d-02-s0-d0,254,-4.0,-4.0,0.0
2025-2025040821gm-00a9-0000-b7ac449d-02-s0-d0,255,-10.0,-4.0,6.0
2025-2025041216gm-00a9-0000-3d010e8a-05-s0-d2,0,-4.0,-4.0,0.0
2025-2025041216gm-00a9-0000-3d010e8a-05-s0-d2,1,-4.0,4.0,8.0
2025-2025041216gm-00a9-0000-3d010e8a-05-s0-d2,2,4.0,-4.0,-8.0
2025-2025041216gm-00a9-0000-3d010e8a-05-s0-d2,3,4.0,-4.0,-8.0
2025-2025041216gm-00a9-0000-3d010e8a-05-s0-d2,4,-4.0,-4.0,0.0
2025-2025041216gm-00a9-0000-3d010e8a-05-s0-d2,5,-4.0,-4.0,0.0
2025-2025041216gm-00a9-0000-3d010e8a-05-s0-d2,6,-4.0,-10.0,-6.0
2025-2025041216gm-00a9-0000-3d010e8a-05-s0-d2,7,4.0,4.0,0.0
2025-2025041216gm-00a9-0000-3d010e8a-05-s0-d2,8,-4.0,-4.0,0.0
2025-2025041216gm-00a9-0000-3d010e8a-05-s0-d2,9,-4.0,-4.0,0.0
2025-2025041216gm-00a9-0000-3d010e8a-05-s0-d2,10,-4.0,-4.0,0.0
2025-2025041216gm-00a9-0000-3d010e8a-05-s0-d2,11,4.0,-10.0,-14.0
2025-2025041216gm-00a9-0000-3d010e8a-05-s0-d2,12,-4.0,-10.0,-6.0
2025-2025041216gm-00a9-0000-3d010e8a-05-s0-d2,13,-10.0,-10.0,0.0
2025-2025041216gm-00a9-0000-3d010e8a-05-s0-d2,14,-10.0,-10.0,0.0
2025-2025041216gm-00a9-0000-3d010e8a-05-s0-d2,15,-4.0,4.0,8.0
2025-2025041216gm-00a9-0000-3d010e8a-05-s0-d2,16,-4.0,10.0,14.0
2025-2025041216gm-00a9-0000-3d010e8a-05-s0-d2,17,4.0,-10.0,-14.0
2025-2025041216gm-00a9-0000-3d010e8a-05-s0-d2,18,10.0,4.0,-6.0
2025-2025041216gm-00a9-0000-3d010e8a-05-s0-d2,19,-10.0,-4.0,6.0
2025-2025041216gm-00a9-0000-3d010e8a-05-s0-d2,20,4.0,4.0,0.0
2025-2025041216gm-00a9-0000-3d010e8a-05-s0-d2,21,4.0,-4.0,-8.0
2025-2025041216gm-00a9-0000-3d010e8a-05-s0-d2,22,-4.0,-4.0,0.0
2025-2025041216gm-00a9-0000-3d010e8a-05-s0-d2,23,4.0,4.0,0.0
2025-2025041216gm-00a9-0000-3d010e8a-05-s0-d2,24,-10.0,10.0,20.0
2025-2025041216gm-00a9-0000-3d010e8a-05-s0-d2,25,-10.0,10.0,20.0
2025-2025041216gm-00a9-0000-3d010e8a-05-s0-d2,26,-10.0,-4.0,6.0
2025-2025041216gm-00a9-0000-3d010e8a-05-s0-d2,27,-10.0,-10.0,0.0
2025-2025041216gm-00a9-0000-3d010e8a-05-s0-d2,28,10.0,10.0,0.0
2025-2025041216gm-00a9-0000-3d010e8a-05-s0-d2,29,-4.0,-10.0,-6.0
2025-2025041216gm-00a9-0000-3d010e8a-05-s0-d2,30,-10.0,-10.0,0.0
2025-2025041216gm-00a9-0000-3d010e8a-05-s0-d2,31,-10.0,-10.0,0.0
2025-2025041216gm-00a9-0000-3d010e8a-05-s0-d2,32,-4.0,-4.0,0.0
2025-2025041216gm-00a9-0000-3d010e8a-05-s0-d2,33,-10.0,4.0,14.0
2025-2025041216gm-00a9-0000-3d010e8a-05-s0-d2,34,-4.0,-10.0,-6.0
2025-2025041216gm-00a9-0000-3d010e8a-05-s0-d2,35,-4.0,-4.0,0.0
2025-2025041216gm-00a9-0000-3d010e8a-05-s0-d2,36,-4.0,-4.0,0.0
2025-2025041216gm-00a9-0000-3d010e8a-05-s0-d2,37,-4.0,-4.0,0.0
2025-2025041216gm-00a9-0000-3d010e8a-05-s0-d2,38,4.0,-4.0,-8.0
2025-2025041216gm-00a9-0000-3d010e8a-05-s0-d2,39,-4.0,-10.0,-6.0
2025-2025041216gm-00a9-0000-3d010e8a-05-s0-d2,40,-10.0,-10.0,0.0
2025-2025041216gm-00a9-0000-3d010e8a-05-s0-d2,41,-10.0,-10.0,0.0
2025-2025041216gm-00a9-0000-3d010e8a-05-s0-d2,42,4.0,-4.0,-8.0
2025-2025041216gm-00a9-0000-3d010e8a-05-s0-d2,43,-4.0,-4.0,0.0
2025-2025041216gm-00a9-0000-3d010e8a-05-s0-d2,44,-4.0,-10.0,-6.0
2025-2025041216gm-00a9-0000-3d010e8a-05-s0-d2,45,-4.0,-4.0,0.0
2025-2025041216gm-00a9-0000-3d010e8a-05-s0-d2,46,-10.0,-10.0,0.0
2025-2025041216gm-00a9-0000-3d010e8a-05-s0-d2,47,10.0,10.0,0.0
2025-2025041216gm-00a9-0000-3d010e8a-05-s0-d2,48,4.0,4.0,0.0
2025-2025041216gm-00a9-0000-3d010e8a-05-s0-d2,49,-4.0,-10.0,-6.0
2025-2025041216gm-00a9-0000-3d010e8a-05-s0-d2,50,-10.0,-10.0,0.0
2025-2025041216gm-00a9-0000-3d010e8a-05-s0-d2,51,-4.0,-10.0,-6.0
2025-2025041216gm-00a9-0000-3d010e8a-05-s0-d2,52,-4.0,4.0,8.0
2025-2025041216gm-00a9-0000-3d010e8a-05-s0-d2,53,-4.0,-4.0,0.0
2025-2025041216gm-00a9-0000-3d010e8a-05-s0-d2,54,-10.0,4.0,14.0
2025-2025041216gm-00a9-0000-3d010e8a-05-s0-d2,55,-10.0,-10.0,0.0
2025-2025041216gm-00a9-0000-3d010e8a-05-s0-d2,56,-4.0,-10.0,-6.0
2025-2025041216gm-00a9-0000-3d010e8a-05-s0-d2,57,-10.0,-10.0,0.0
2025-2025041216gm-00a9-0000-3d010e8a-05-s0-d2,58,-10.0,-10.0,0.0
2025-2025041216gm-00a9-0000-3d010e8a-05-s0-d2,59,-4.0,-10.0,-6.0
2025-2025041216gm-00a9-0000-3d010e8a-05-s0-d2,60,-4.0,-4.0,0.0
2025-2025041216gm-00a9-0000-3d010e8a-05-s0-d2,61,4.0,-4.0,-8.0
2025-2025041216gm-00a9-0000-3d010e8a-05-s0-d2,62,-4.0,-4.0,0.0
2025-2025041216gm-00a9-0000-3d010e8a-05-s0-d2,63,-10.0,-10.0,0.0
2025-2025041216gm-00a9-0000-3d010e8a-05-s0-d2,64,-10.0,-4.0,6.0
2025-2025041216gm-00a9-0000-3d010e8a-05-s0-d2,65,-10.0,-10.0,0.0
2025-2025041216gm-00a9-0000-3d010e8a-05-s0-d2,66,10.0,4.0,-6.0
2025-2025041216gm-00a9-0000-3d010e8a-05-s0-d2,67,-10.0,-4.0,6.0
2025-2025041216gm-00a9-0000-3d010e8a-05-s0-d2,68,-4.0,-4.0,0.0
2025-2025041216gm-00a9-0000-3d010e8a-05-s0-d2,69,-10.0,4.0,14.0
2025-2025041216gm-00a9-0000-3d010e8a-05-s0-d2,70,-4.0,-4.0,0.0
2025-2025041216gm-00a9-0000-3d010e8a-05-s0-d2,71,4.0,-4.0,-8.0
2025-2025041216gm-00a9-0000-3d010e8a-05-s0-d2,72,4.0,4.0,0.0
2025-2025041216gm-00a9-0000-3d010e8a-05-s0-d2,73,-4.0,-4.0,0.0
2025-2025041216gm-00a9-0000-3d010e8a-05-s0-d2,74,-10.0,-4.0,6.0
2025-2025041216gm-00a9-0000-3d010e8a-05-s0-d2,75,-10.0,-10.0,0.0
2025-2025041216gm-00a9-0000-3d010e8a-05-s0-d2,76,-4.0,-4.0,0.0
2025-2025041216gm-00a9-0000-3d010e8a-05-s0-d2,77,-4.0,-4.0,0.0
2025-2025041216gm-00a9-0000-3d010e8a-05-s0-d2,78,-4.0,-10.0,-6.0
2025-2025041216gm-00a9-0000-3d010e8a-05-s0-d2,79,-4.0,-4.0,0.0
2025-2025041216gm-00a9-0000-3d010e8a-05-s0-d2,80,-4.0,-4.0,0.0
2025-2025041216gm-00a9-0000-3d010e8a-05-s0-d2,81,-10.0,-10.0,0.0
2025-2025041216gm-00a9-0000-3d010e8a-05-s0-d2,82,-4.0,-4.0,0.0
2025-2025041216gm-00a9-0000-3d010e8a-05-s0-d2,83,-10.0,-10.0,0.0
2025-2025041216gm-00a9-0000-3d010e8a-05-s0-d2,84,-4.0,-4.0,0.0
2025-2025041216gm-00a9-0000-3d010e8a-05-s0-d2,85,4.0,-10.0,-14.0
2025-2025041216gm-00a9-0000-3d010e8a-05-s0-d2,86,-10.0,-10.0,0.0
2025-2025041216gm-00a9-0000-3d010e8a-05-s0-d2,87,-4.0,-4.0,0.0
2025-2025041216gm-00a9-0000-3d010e8a-05-s0-d2,88,4.0,-10.0,-14.0
2025-2025041216gm-00a9-0000-3d010e8a-05-s0-d2,89,4.0,-10.0,-14.0
2025-2025041216gm-00a9-0000-3d010e8a-05-s0-d2,90,-4.0,-10.0,-6.0
2025-2025041216gm-00a9-0000-3d010e8a-05-s0-d2,91,4.0,-4.0,-8.0
2025-2025041216gm-00a9-0000-3d010e8a-05-s0-d2,92,-4.0,-4.0,0.0
2025-2025041216gm-00a9-0000-3d010e8a-05-s0-d2,93,-4.0,-10.0,-6.0
2025-2025041216gm-00a9-0000-3d010e8a-05-s0-d2,94,-10.0,-4.0,6.0
2025-2025041216gm-00a9-0000-3d010e8a-05-s0-d2,95,-4.0,-4.0,0.0
2025-2025041216gm-00a9-0000-3d010e8a-05-s0-d2,96,-4.0,-4.0,0.0
2025-2025041216gm-00a9-0000-3d010e8a-05-s0-d2,97,-4.0,4.0,8.0
2025-2025041216gm-00a9-0000-3d010e8a-05-s0-d2,98,4.0,4.0,0.0
2025-2025041216gm-00a9-0000-3d010e8a-05-s0-d2,99,-4.0,-4.0,0.0
2025-2025041216gm-00a9-0000-3d010e8a-05-s0-d2,100,4.0,4.0,0.0
2025-2025041216gm-00a9-0000-3d010e8a-05-s0-d2,101,-4.0,-4.0,0.0
2025-2025041216gm-00a9-0000-3d010e8a-05-s0-d2,102,-4.0,-4.0,0.0
2025-2025041216gm-00a9-0000-3d010e8a-05-s0-d2,103,-4.0,4.0,8.0
2025-2025041216gm-00a9-0000-3d010e8a-05-s0-d2,104,-10.0,-10.0,0.0
2025-2025041216gm-00a9-0000-3d010e8a-05-s0-d2,105,-4.0,-4.0,0.0
2025-2025041216gm-00a9-0000-3d010e8a-05-s0-d2,106,-4.0,-4.0,0.0
2025-2025041216gm-00a9-0000-3d010e8a-05-s0-d2,107,-10.0,10.0,20.0
2025-2025041216gm-00a9-0000-3d010e8a-05-s0-d2,108,-10.0,-10.0,0.0
2025-2025041216gm-00a9-0000-3d010e8a-05-s0-d2,109,-4.0,-4.0,0.0
2025-2025041216gm-00a9-0000-3d010e8a-05-s0-d2,110,-4.0,-4.0,0.0
2025-2025041216gm-00a9-0000-3d010e8a-05-s0-d2,111,-10.0,-10.0,0.0
2025-2025041216gm-00a9-0000-3d010e8a-05-s0-d2,112,4.0,4.0,0.0
2025-2025041216gm-00a9-0000-3d010e8a-05-s0-d2,113,-4.0,-4.0,0.0
2025-2025041216gm-00a9-0000-3d010e8a-05-s0-d2,114,-4.0,-10.0,-6.0
2025-2025041216gm-00a9-0000-3d010e8a-05-s0-d2,115,-4.0,4.0,8.0
2025-2025041216gm-00a9-0000-3d010e8a-05-s0-d2,116,-10.0,4.0,14.0
2025-2025041216gm-00a9-0000-3d010e8a-05-s0-d2,117,4.0,4.0,0.0
2025-2025041216gm-00a9-0000-3d010e8a-05-s0-d2,118,-4.0,-4.0,0.0
2025-2025041216gm-00a9-0000-3d010e8a-05-s0-d2,119,4.0,4.0,0.0
2025-2025041216gm-00a9-0000-3d010e8a-05-s0-d2,120,-10.0,-10.0,0.0
2025-2025041216gm-00a9-0000-3d010e8a-05-s0-d2,121,-10.0,-4.0,6.0
2025-2025041216gm-00a9-0000-3d010e8a-05-s0-d2,122,4.0,-4.0,-8.0
2025-2025041216gm-00a9-0000-3d010e8a-05-s0-d2,123,-4.0,-4.0,0.0
2025-2025041216gm-00a9-0000-3d010e8a-05-s0-d2,124,-10.0,-10.0,0.0
2025-2025041216gm-00a9-0000-3d010e8a-05-s0-d2,125,-4.0,-4.0,0.0
2025-2025041216gm-00a9-0000-3d010e8a-05-s0-d2,126,4.0,10.0,6.0
2025-2025041216gm-00a9-0000-3d010e8a-05-s0-d2,127,-4.0,4.0,8.0
2025-2025041216gm-00a9-0000-3d010e8a-05-s0-d2,128,-4.0,-4.0,0.0
2025-2025041216gm-00a9-0000-3d010e8a-05-s0-d2,129,10.0,-4.0,-14.0
2025-2025041216gm-00a9-0000-3d010e8a-05-s0-d2,130,-10.0,-4.0,6.0
2025-2025041216gm-00a9-0000-3d010e8a-05-s0-d2,131,4.0,-10.0,-14.0
2025-2025041216gm-00a9-0000-3d010e8a-05-s0-d2,132,-4.0,-4.0,0.0
2025-2025041216gm-00a9-0000-3d010e8a-05-s0-d2,133,-4.0,-4.0,0.0
2025-2025041216gm-00a9-0000-3d010e8a-05-s0-d2,134,-4.0,-4.0,0.0
2025-2025041216gm-00a9-0000-3d010e8a-05-s0-d2,135,-4.0,-4.0,0.0
2025-2025041216gm-00a9-0000-3d010e8a-05-s0-d2,136,-4.0,-4.0,0.0
2025-2025041216gm-00a9-0000-3d010e8a-05-s0-d2,137,-4.0,-4.0,0.0
2025-2025041216gm-00a9-0000-3d010e8a-05-s0-d2,138,10.0,-4.0,-14.0
2025-2025041216gm-00a9-0000-3d010e8a-05-s0-d2,139,4.0,-4.0,-8.0
2025-2025041216gm-00a9-0000-3d010e8a-05-s0-d2,140,-10.0,-10.0,0.0
2025-2025041216gm-00a9-0000-3d010e8a-05-s0-d2,141,-10.0,4.0,14.0
2025-2025041216gm-00a9-0000-3d010e8a-05-s0-d2,142,4.0,-4.0,-8.0
2025-2025041216gm-00a9-0000-3d010e8a-05-s0-d2,143,-4.0,-4.0,0.0
2025-2025041216gm-00a9-0000-3d010e8a-05-s0-d2,144,-10.0,-10.0,0.0
2025-2025041216gm-00a9-0000-3d010e8a-05-s0-d2,145,-4.0,-4.0,0.0
2025-2025041216gm-00a9-0000-3d010e8a-05-s0-d2,146,4.0,-10.0,-14.0
2025-2025041216gm-00a9-0000-3d010e8a-05-s0-d2,147,4.0,-4.0,-8.0
2025-2025041216gm-00a9-0000-3d010e8a-05-s0-d2,148,-4.0,-4.0,0.0
2025-2025041216gm-00a9-0000-3d010e8a-05-s0-d2,149,-4.0,4.0,8.0
2025-2025041216gm-00a9-0000-3d010e8a-05-s0-d2,150,-10.0,-10.0,0.0
2025-2025041216gm-00a9-0000-3d010e8a-05-s0-d2,151,4.0,-4.0,-8.0
2025-2025041216gm-00a9-0000-3d010e8a-05-s0-d2,152,-4.0,-10.0,-6.0
2025-2025041216gm-00a9-0000-3d010e8a-05-s0-d2,153,-4.0,-10.0,-6.0
2025-2025041216gm-00a9-0000-3d010e8a-05-s0-d2,154,-4.0,-4.0,0.0
2025-2025041216gm-00a9-0000-3d010e8a-05-s0-d2,155,-4.0,-4.0,0.0
2025-2025041216gm-00a9-0000-3d010e8a-05-s0-d2,156,-10.0,-10.0,0.0
2025-2025041216gm-00a9-0000-3d010e8a-05-s0-d2,157,-4.0,4.0,8.0
2025-2025041216gm-00a9-0000-3d010e8a-05-s0-d2,158,-10.0,-4.0,6.0
2025-2025041216gm-00a9-0000-3d010e8a-05-s0-d2,159,-10.0,-10.0,0.0
2025-2025041216gm-00a9-0000-3d010e8a-05-s0-d2,160,-4.0,10.0,14.0
2025-2025041216gm-00a9-0000-3d010e8a-05-s0-d2,161,-10.0,-10.0,0.0
2025-2025041216gm-00a9-0000-3d010e8a-05-s0-d2,162,4.0,4.0,0.0
2025-2025041216gm-00a9-0000-3d010e8a-05-s0-d2,163,10.0,-4.0,-14.0
2025-2025041216gm-00a9-0000-3d010e8a-05-s0-d2,164,-10.0,-10.0,0.0
2025-2025041216gm-00a9-0000-3d010e8a-05-s0-d2,165,-4.0,-4.0,0.0
2025-2025041216gm-00a9-0000-3d010e8a-05-s0-d2,166,-10.0,4.0,14.0
2025-2025041216gm-00a9-0000-3d010e8a-05-s0-d2,167,-4.0,-10.0,-6.0
2025-2025041216gm-00a9-0000-3d010e8a-05-s0-d2,168,-10.0,10.0,20.0
2025-2025041216gm-00a9-0000-3d010e8a-05-s0-d2,169,4.0,-4.0,-8.0
2025-2025041216gm-00a9-0000-3d010e8a-05-s0-d2,170,-4.0,-4.0,0.0
2025-2025041216gm-00a9-0000-3d010e8a-05-s0-d2,171,-10.0,-10.0,0.0
2025-2025041216gm-00a9-0000-3d010e8a-05-s0-d2,172,-4.0,10.0,14.0
2025-2025041216gm-00a9-0000-3d010e8a-05-s0-d2,173,-4.0,-4.0,0.0
2025-2025041216gm-00a9-0000-3d010e8a-05-s0-d2,174,-4.0,10.0,14.0
2025-2025041216gm-00a9-0000-3d010e8a-05-s0-d2,175,-10.0,-4.0,6.0
2025-2025041216gm-00a9-0000-3d010e8a-05-s0-d2,176,4.0,-4.0,-8.0
2025-2025041216gm-00a9-0000-3d010e8a-05-s0-d2,177,4.0,-10.0,-14.0
2025-2025041216gm-00a9-0000-3d010e8a-05-s0-d2,178,-10.0,-10.0,0.0
2025-2025041216gm-00a9-0000-3d010e8a-05-s0-d2,179,-4.0,-4.0,0.0
2025-2025041216gm-00a9-0000-3d010e8a-05-s0-d2,180,-4.0,-4.0,0.0
2025-2025041216gm-00a9-0000-3d010e8a-05-s0-d2,181,4.0,-10.0,-14.0
2025-2025041216gm-00a9-0000-3d010e8a-05-s0-d2,182,-4.0,-4.0,0.0
2025-2025041216gm-00a9-0000-3d010e8a-05-s0-d2,183,-4.0,-4.0,0.0
2025-2025041216gm-00a9-0000-3d010e8a-05-s0-d2,184,-4.0,-4.0,0.0
2025-2025041216gm-00a9-0000-3d010e8a-05-s0-d2,185,-10.0,4.0,14.0
2025-2025041216gm-00a9-0000-3d010e8a-05-s0-d2,186,10.0,10.0,0.0
2025-2025041216gm-00a9-0000-3d010e8a-05-s0-d2,187,4.0,4.0,0.0
2025-2025041216gm-00a9-0000-3d010e8a-05-s0-d2,188,-4.0,-10.0,-6.0
2025-2025041216gm-00a9-0000-3d010e8a-05-s0-d2,189,-10.0,-10.0,0.0
2025-2025041216gm-00a9-0000-3d010e8a-05-s0-d2,190,-10.0,-10.0,0.0
2025-2025041216gm-00a9-0000-3d010e8a-05-s0-d2,191,-10.0,-10.0,0.0
2025-2025041216gm-00a9-0000-3d010e8a-05-s0-d2,192,10.0,-4.0,-14.0
2025-2025041216gm-00a9-0000-3d010e8a-05-s0-d2,193,-4.0,4.0,8.0
2025-2025041216gm-00a9-0000-3d010e8a-05-s0-d2,194,-4.0,-4.0,0.0
2025-2025041216gm-00a9-0000-3d010e8a-05-s0-d2,195,-4.0,-4.0,0.0
2025-2025041216gm-00a9-0000-3d010e8a-05-s0-d2,196,4.0,4.0,0.0
2025-2025041216gm-00a9-0000-3d010e8a-05-s0-d2,197,4.0,-4.0,-8.0
2025-2025041216gm-00a9-0000-3d010e8a-05-s0-d2,198,4.0,10.0,6.0
2025-2025041216gm-00a9-0000-3d010e8a-05-s0-d2,199,4.0,-4.0,-8.0
2025-2025041216gm-00a9-0000-3d010e8a-05-s0-d2,200,-10.0,-10.0,0.0
2025-2025041216gm-00a9-0000-3d010e8a-05-s0-d2,201,-4.0,-10.0,-6.0
2025-2025041216gm-00a9-0000-3d010e8a-05-s0-d2,202,-10.0,-10.0,0.0
2025-2025041216gm-00a9-0000-3d010e8a-05-s0-d2,203,-10.0,-10.0,0.0
2025-2025041216gm-00a9-0000-3d010e8a-05-s0-d2,204,-4.0,10.0,14.0
2025-2025041216gm-00a9-0000-3d010e8a-05-s0-d2,205,-4.0,-4.0,0.0
2025-2025041216gm-00a9-0000-3d010e8a-05-s0-d2,206,-4.0,-10.0,-6.0
2025-2025041216gm-00a9-0000-3d010e8a-05-s0-d2,207,-4.0,-4.0,0.0
2025-2025041216gm-00a9-0000-3d010e8a-05-s0-d2,208,-4.0,-4.0,0.0
2025-2025041216gm-00a9-0000-3d010e8a-05-s0-d2,209,-10.0,-10.0,0.0
2025-2025041216gm-00a9-0000-3d010e8a-05-s0-d2,210,10.0,4.0,-6.0
2025-2025041216gm-00a9-0000-3d010e8a-05-s0-d2,211,-4.0,-10.0,-6.0
2025-2025041216gm-00a9-0000-3d010e8a-05-s0-d2,212,10.0,4.0,-6.0
2025-2025041216gm-00a9-0000-3d010e8a-05-s0-d2,213,-4.0,-4.0,0.0
2025-2025041216gm-00a9-0000-3d010e8a-05-s0-d2,214,4.0,4.0,0.0
2025-2025041216gm-00a9-0000-3d010e8a-05-s0-d2,215,-10.0,-4.0,6.0
2025-2025041216gm-00a9-0000-3d010e8a-05-s0-d2,216,-10.0,10.0,20.0
2025-2025041216gm-00a9-0000-3d010e8a-05-s0-d2,217,-4.0,-4.0,0.0
2025-2025041216gm-00a9-0000-3d010e8a-05-s0-d2,218,-4.0,-4.0,0.0
2025-2025041216gm-00a9-0000-3d010e8a-05-s0-d2,219,4.0,-10.0,-14.0
2025-2025041216gm-00a9-0000-3d010e8a-05-s0-d2,220,-10.0,-10.0,0.0
2025-2025041216gm-00a9-0000-3d010e8a-05-s0-d2,221,4.0,4.0,0.0
2025-2025041216gm-00a9-0000-3d010e8a-05-s0-d2,222,4.0,-10.0,-14.0
2025-2025041216gm-00a9-0000-3d010e8a-05-s0-d2,223,-10.0,-10.0,0.0
2025-2025041216gm-00a9-0000-3d010e8a-05-s0-d2,224,-4.0,-10.0,-6.0
2025-2025041216gm-00a9-0000-3d010e8a-05-s0-d2,225,-4.0,-10.0,-6.0
2025-2025041216gm-00a9-0000-3d010e8a-05-s0-d2,226,-10.0,-10.0,0.0
2025-2025041216gm-00a9-0000-3d010e8a-05-s0-d2,227,-10.0,4.0,14.0
2025-2025041216gm-00a9-0000-3d010e8a-05-s0-d2,228,4.0,4.0,0.0
2025-2025041216gm-00a9-0000-3d010e8a-05-s0-d2,229,-10.0,-4.0,6.0
2025-2025041216gm-00a9-0000-3d010e8a-05-s0-d2,230,-4.0,-10.0,-6.0
2025-2025041216gm-00a9-0000-3d010e8a-05-s0-d2,231,4.0,4.0,0.0
2025-2025041216gm-00a9-0000-3d010e8a-05-s0-d2,232,-4.0,-4.0,0.0
2025-2025041216gm-00a9-0000-3d010e8a-05-s0-d2,233,-4.0,-10.0,-6.0
2025-2025041216gm-00a9-0000-3d010e8a-05-s0-d2,234,-4.0,4.0,8.0
2025-2025041216gm-00a9-0000-3d010e8a-05-s0-d2,235,-4.0,-10.0,-6.0
2025-2025041216gm-00a9-0000-3d010e8a-05-s0-d2,236,-4.0,-4.0,0.0
2025-2025041216gm-00a9-0000-3d010e8a-05-s0-d2,237,-10.0,-4.0,6.0
2025-2025041216gm-00a9-0000-3d010e8a-05-s0-d2,238,-10.0,-10.0,0.0
2025-2025041216gm-00a9-0000-3d010e8a-05-s0-d2,239,-4.0,-4.0,0.0
2025-2025041216gm-00a9-0000-3d010e8a-05-s0-d2,240,-4.0,4.0,8.0
2025-2025041216gm-00a9-0000-3d010e8a-05-s0-d2,241,-4.0,-4.0,0.0
2025-2025041216gm-00a9-0000-3d010e8a-05-s0-d2,242,-10.0,-10.0,0.0
2025-2025041216gm-00a9-0000-3d010e8a-05-s0-d2,243,10.0,10.0,0.0
2025-2025041216gm-00a9-0000-3d010e8a-05-s0-d2,244,4.0,4.0,0.0
2025-2025041216gm-00a9-0000-3d010e8a-05-s0-d2,245,-10.0,-4.0,6.0
2025-2025041216gm-00a9-0000-3d010e8a-05-s0-d2,246,-4.0,-4.0,0.0
2025-2025041216gm-00a9-0000-3d010e8a-05-s0-d2,247,-10.0,-10.0,0.0
2025-2025041216gm-00a9-0000-3d010e8a-05-s0-d2,248,-10.0,-10.0,0.0
2025-2025041216gm-00a9-0000-3d010e8a-05-s0-d2,249,4.0,-4.0,-8.0
2025-2025041216gm-00a9-0000-3d010e8a-05-s0-d2,250,-10.0,-10.0,0.0
2025-2025041216gm-00a9-0000-3d010e8a-05-s0-d2,251,-4.0,10.0,14.0
2025-2025041216gm-00a9-0000-3d010e8a-05-s0-d2,252,-4.0,-4.0,0.0
2025-2025041216gm-00a9-0000-3d010e8a-05-s0-d2,253,-4.0,-4.0,0.0
2025-2025041216gm-00a9-0000-3d010e8a-05-s0-d2,254,4.0,4.0,0.0
2025-2025041216gm-00a9-0000-3d010e8a-05-s0-d2,255,10.0,4.0,-6.0
2025-2025041311gm-00a9-0000-5f819544-02-s3-d14,0,-10.0,10.0,20.0
2025-2025041311gm-00a9-0000-5f819544-02-s3-d14,1,-10.0,-10.0,0.0
2025-2025041311gm-00a9-0000-5f819544-02-s3-d14,2,10.0,10.0,0.0
2025-2025041311gm-00a9-0000-5f819544-02-s3-d14,3,-10.0,-10.0,0.0
2025-2025041311gm-00a9-0000-5f819544-02-s3-d14,4,10.0,10.0,0.0
2025-2025041311gm-00a9-0000-5f819544-02-s3-d14,5,10.0,10.0,0.0
2025-2025041311gm-00a9-0000-5f819544-02-s3-d14,6,-10.0,-4.0,6.0
2025-2025041311gm-00a9-0000-5f819544-02-s3-d14,7,4.0,4.0,0.0
2025-2025041311gm-00a9-0000-5f819544-02-s3-d14,8,-4.0,-4.0,0.0
2025-2025041311gm-00a9-0000-5f819544-02-s3-d14,9,-4.0,-4.0,0.0
2025-2025041311gm-00a9-0000-5f819544-02-s3-d14,10,-10.0,10.0,20.0
2025-2025041311gm-00a9-0000-5f819544-02-s3-d14,11,-4.0,-4.0,0.0
2025-2025041311gm-00a9-0000-5f819544-02-s3-d14,12,4.0,4.0,0.0
2025-2025041311gm-00a9-0000-5f819544-02-s3-d14,13,-10.0,-10.0,0.0
2025-2025041311gm-00a9-0000-5f819544-02-s3-d14,14,4.0,4.0,0.0
2025-2025041311gm-00a9-0000-5f819544-02-s3-d14,15,10.0,-10.0,-20.0
2025-2025041311gm-00a9-0000-5f819544-02-s3-d14,16,-10.0,-4.0,6.0
2025-2025041311gm-00a9-0000-5f819544-02-s3-d14,17,10.0,-4.0,-14.0
2025-2025041311gm-00a9-0000-5f819544-02-s3-d14,18,4.0,-4.0,-8.0
2025-2025041311gm-00a9-0000-5f819544-02-s3-d14,19,-4.0,-4.0,0.0
2025-2025041311gm-00a9-0000-5f819544-02-s3-d14,20,-10.0,4.0,14.0
2025-2025041311gm-00a9-0000-5f819544-02-s3-d14,21,-10.0,-10.0,0.0
2025-2025041311gm-00a9-0000-5f819544-02-s3-d14,22,-10.0,4.0,14.0
2025-2025041311gm-00a9-0000-5f819544-02-s3-d14,23,4.0,4.0,0.0
2025-2025041311gm-00a9-0000-5f819544-02-s3-d14,24,-10.0,-10.0,0.0
2025-2025041311gm-00a9-0000-5f819544-02-s3-d14,25,-10.0,-10.0,0.0
2025-2025041311gm-00a9-0000-5f819544-02-s3-d14,26,-10.0,-10.0,0.0
2025-2025041311gm-00a9-0000-5f819544-02-s3-d14,27,-4.0,4.0,8.0
2025-2025041311gm-00a9-0000-5f819544-02-s3-d14,28,-10.0,-10.0,0.0
2025-2025041311gm-00a9-0000-5f819544-02-s3-d14,29,10.0,-10.0,-20.0
2025-2025041311gm-00a9-0000-5f819544-02-s3-d14,30,4.0,-4.0,-8.0
2025-2025041311gm-00a9-0000-5f819544-02-s3-d14,31,-10.0,-10.0,0.0
2025-2025041311gm-00a9-0000-5f819544-02-s3-d14,32,-4.0,4.0,8.0
2025-2025041311gm-00a9-0000-5f819544-02-s3-d14,33,-10.0,-10.0,0.0
2025-2025041311gm-00a9-0000-5f819544-02-s3-d14,34,-4.0,-4.0,0.0
2025-2025041311gm-00a9-0000-5f819544-02-s3-d14,35,-4.0,10.0,14.0
2025-2025041311gm-00a9-0000-5f819544-02-s3-d14,36,-4.0,-4.0,0.0
2025-2025041311gm-00a9-0000-5f819544-02-s3-d14,37,4.0,4.0,0.0
2025-2025041311gm-00a9-0000-5f819544-02-s3-d14,38,-4.0,-4.0,0.0
2025-2025041311gm-00a9-0000-5f819544-02-s3-d14,39,10.0,4.0,-6.0
2025-2025041311gm-00a9-0000-5f819544-02-s3-d14,40,-10.0,10.0,20.0
2025-2025041311gm-00a9-0000-5f819544-02-s3-d14,41,4.0,4.0,0.0
2025-2025041311gm-00a9-0000-5f819544-02-s3-d14,42,-4.0,4.0,8.0
2025-2025041311gm-00a9-0000-5f819544-02-s3-d14,43,-4.0,-4.0,0.0
2025-2025041311gm-00a9-0000-5f819544-02-s3-d14,44,4.0,4.0,0.0
2025-2025041311gm-00a9-0000-5f819544-02-s3-d14,45,-10.0,-10.0,0.0
2025-2025041311gm-00a9-0000-5f819544-02-s3-d14,46,4.0,4.0,0.0
2025-2025041311gm-00a9-0000-5f819544-02-s3-d14,47,10.0,4.0,-6.0
2025-2025041311gm-00a9-0000-5f819544-02-s3-d14,48,-4.0,4.0,8.0
2025-2025041311gm-00a9-0000-5f819544-02-s3-d14,49,-4.0,4.0,8.0
2025-2025041311gm-00a9-0000-5f819544-02-s3-d14,50,-10.0,-10.0,0.0
2025-2025041311gm-00a9-0000-5f819544-02-s3-d14,51,4.0,-10.0,-14.0
2025-2025041311gm-00a9-0000-5f819544-02-s3-d14,52,-10.0,-10.0,0.0
2025-2025041311gm-00a9-0000-5f819544-02-s3-d14,53,4.0,4.0,0.0
2025-2025041311gm-00a9-0000-5f819544-02-s3-d14,54,4.0,4.0,0.0
2025-2025041311gm-00a9-0000-5f819544-02-s3-d14,55,4.0,4.0,0.0
2025-2025041311gm-00a9-0000-5f819544-02-s3-d14,56,4.0,4.0,0.0
2025-2025041311gm-00a9-0000-5f819544-02-s3-d14,57,-4.0,-10.0,-6.0
2025-2025041311gm-00a9-0000-5f819544-02-s3-d14,58,-10.0,-10.0,0.0
2025-2025041311gm-00a9-0000-5f819544-02-s3-d14,59,-10.0,-4.0,6.0
2025-2025041311gm-00a9-0000-5f819544-02-s3-d14,60,-10.0,-10.0,0.0
2025-2025041311gm-00a9-0000-5f819544-02-s3-d14,61,10.0,-4.0,-14.0
2025-2025041311gm-00a9-0000-5f819544-02-s3-d14,62,-4.0,-4.0,0.0
2025-2025041311gm-00a9-0000-5f819544-02-s3-d14,63,-4.0,-4.0,0.0
2025-2025041311gm-00a9-0000-5f819544-02-s3-d14,64,-10.0,-10.0,0.0
2025-2025041311gm-00a9-0000-5f819544-02-s3-d14,65,10.0,4.0,-6.0
2025-2025041311gm-00a9-0000-5f819544-02-s3-d14,66,10.0,10.0,0.0
2025-2025041311gm-00a9-0000-5f819544-02-s3-d14,67,4.0,4.0,0.0
2025-2025041311gm-00a9-0000-5f819544-02-s3-d14,68,4.0,-4.0,-8.0
2025-2025041311gm-00a9-0000-5f819544-02-s3-d14,69,-4.0,-4.0,0.0
2025-2025041311gm-00a9-0000-5f819544-02-s3-d14,70,4.0,4.0,0.0
2025-2025041311gm-00a9-0000-5f819544-02-s3-d14,71,-4.0,10.0,14.0
2025-2025041311gm-00a9-0000-5f819544-02-s3-d14,72,-10.0,-10.0,0.0
2025-2025041311gm-00a9-0000-5f819544-02-s3-d14,73,10.0,10.0,0.0
2025-2025041311gm-00a9-0000-5f819544-02-s3-d14,74,4.0,4.0,0.0
2025-2025041311gm-00a9-0000-5f819544-02-s3-d14,75,10.0,10.0,0.0
2025-2025041311gm-00a9-0000-5f819544-02-s3-d14,76,4.0,10.0,6.0
2025-2025041311gm-00a9-0000-5f819544-02-s3-d14,77,-10.0,-10.0,0.0
2025-2025041311gm-00a9-0000-5f819544-02-s3-d14,78,4.0,-10.0,-14.0
2025-2025041311gm-00a9-0000-5f819544-02-s3-d14,79,-10.0,-10.0,0.0
2025-2025041311gm-00a9-0000-5f819544-02-s3-d14,80,-10.0,-10.0,0.0
2025-2025041311gm-00a9-0000-5f819544-02-s3-d14,81,-10.0,-10.0,0.0
2025-2025041311gm-00a9-0000-5f819544-02-s3-d14,82,-10.0,-10.0,0.0
2025-2025041311gm-00a9-0000-5f819544-02-s3-d14,83,-4.0,-4.0,0.0
2025-2025041311gm-00a9-0000-5f819544-02-s3-d14,84,-4.0,-4.0,0.0
2025-2025041311gm-00a9-0000-5f819544-02-s3-d14,85,-4.0,4.0,8.0
2025-2025041311gm-00a9-0000-5f819544-02-s3-d14,86,-4.0,-4.0,0.0
2025-2025041311gm-00a9-0000-5f819544-02-s3-d14,87,-10.0,-10.0,0.0
2025-2025041311gm-00a9-0000-5f819544-02-s3-d14,88,-4.0,-4.0,0.0
2025-2025041311gm-00a9-0000-5f819544-02-s3-d14,89,-10.0,-4.0,6.0
2025-2025041311gm-00a9-0000-5f819544-02-s3-d14,90,-10.0,10.0,20.0
2025-2025041311gm-00a9-0000-5f819544-02-s3-d14,91,-4.0,-4.0,0.0
2025-2025041311gm-00a9-0000-5f819544-02-s3-d14,92,10.0,-10.0,-20.0
2025-2025041311gm-00a9-0000-5f819544-02-s3-d14,93,-4.0,-4.0,0.0
2025-2025041311gm-00a9-0000-5f819544-02-s3-d14,94,10.0,10.0,0.0
2025-2025041311gm-00a9-0000-5f819544-02-s3-d14,95,4.0,4.0,0.0
2025-2025041311gm-00a9-0000-5f819544-02-s3-d14,96,-4.0,-4.0,0.0
2025-2025041311gm-00a9-0000-5f819544-02-s3-d14,97,-4.0,-4.0,0.0
2025-2025041311gm-00a9-0000-5f819544-02-s3-d14,98,4.0,-10.0,-14.0
2025-2025041311gm-00a9-0000-5f819544-02-s3-d14,99,-10.0,-10.0,0.0
2025-2025041311gm-00a9-0000-5f819544-02-s3-d14,100,4.0,4.0,0.0
2025-2025041311gm-00a9-0000-5f819544-02-s3-d14,101,-4.0,-4.0,0.0
2025-2025041311gm-00a9-0000-5f819544-02-s3-d14,102,10.0,10.0,0.0
2025-2025041311gm-00a9-0000-5f819544-02-s3-d14,103,10.0,10.0,0.0
2025-2025041311gm-00a9-0000-5f819544-02-s3-d14,104,4.0,10.0,6.0
2025-2025041311gm-00a9-0000-5f819544-02-s3-d14,105,-10.0,-10.0,0.0
2025-2025041311gm-00a9-0000-5f819544-02-s3-d14,106,-10.0,-10.0,0.0
2025-2025041311gm-00a9-0000-5f819544-02-s3-d14,107,4.0,4.0,0.0
2025-2025041311gm-00a9-0000-5f819544-02-s3-d14,108,-4.0,-4.0,0.0
2025-2025041311gm-00a9-0000-5f819544-02-s3-d14,109,-10.0,-10.0,0.0
2025-2025041311gm-00a9-0000-5f819544-02-s3-d14,110,-10.0,-10.0,0.0
2025-2025041311gm-00a9-0000-5f819544-02-s3-d14,111,10.0,10.0,0.0
2025-2025041311gm-00a9-0000-5f819544-02-s3-d14,112,4.0,-4.0,-8.0
2025-2025041311gm-00a9-0000-5f819544-02-s3-d14,113,-10.0,-10.0,0.0
2025-2025041311gm-00a9-0000-5f819544-02-s3-d14,114,4.0,10.0,6.0
2025-2025041311gm-00a9-0000-5f819544-02-s3-d14,115,-10.0,-10.0,0.0
2025-2025041311gm-00a9-0000-5f819544-02-s3-d14,116,-4.0,-4.0,0.0
2025-2025041311gm-00a9-0000-5f819544-02-s3-d14,117,4.0,4.0,0.0
2025-2025041311gm-00a9-0000-5f819544-02-s3-d14,118,-10.0,-10.0,0.0
2025-2025041311gm-00a9-0000-5f819544-02-s3-d14,119,-10.0,-10.0,0.0
2025-2025041311gm-00a9-0000-5f819544-02-s3-d14,120,10.0,10.0,0.0
2025-2025041311gm-00a9-0000-5f819544-02-s3-d14,121,4.0,-4.0,-8.0
2025-2025041311gm-00a9-0000-5f819544-02-s3-d14,122,-10.0,-10.0,0.0
2025-2025041311gm-00a9-0000-5f819544-02-s3-d14,123,-4.0,-10.0,-6.0
2025-2025041311gm-00a9-0000-5f819544-02-s3-d14,124,-4.0,-4.0,0.0
2025-2025041311gm-00a9-0000-5f819544-02-s3-d14,125,10.0,4.0,-6.0
2025-2025041311gm-00a9-0000-5f819544-02-s3-d14,126,-10.0,-10.0,0.0
2025-2025041311gm-00a9-0000-5f819544-02-s3-d14,127,4.0,4.0,0.0
2025-2025041311gm-00a9-0000-5f819544-02-s3-d14,128,-10.0,-10.0,0.0
2025-2025041311gm-00a9-0000-5f819544-02-s3-d14,129,-10.0,-10.0,0.0
2025-2025041311gm-00a9-0000-5f819544-02-s3-d14,130,-4.0,4.0,8.0
2025-2025041311gm-00a9-0000-5f819544-02-s3-d14,131,-4.0,-10.0,-6.0
2025-2025041311gm-00a9-0000-5f819544-02-s3-d14,132,4.0,4.0,0.0
2025-2025041311gm-00a9-0000-5f819544-02-s3-d14,133,10.0,10.0,0.0
2025-2025041311gm-00a9-0000-5f819544-02-s3-d14,134,-10.0,-10.0,0.0
2025-2025041311gm-00a9-0000-5f819544-02-s3-d14,135,-4.0,-4.0,0.0
2025-2025041311gm-00a9-0000-5f819544-02-s3-d14,136,4.0,4.0,0.0
2025-2025041311gm-00a9-0000-5f819544-02-s3-d14,137,10.0,10.0,0.0
2025-2025041311gm-00a9-0000-5f819544-02-s3-d14,138,4.0,4.0,0.0
2025-2025041311gm-00a9-0000-5f819544-02-s3-d14,139,4.0,10.0,6.0
2025-2025041311gm-00a9-0000-5f819544-02-s3-d14,140,-4.0,4.0,8.0
2025-2025041311gm-00a9-0000-5f819544-02-s3-d14,141,10.0,10.0,0.0
2025-2025041311gm-00a9-0000-5f819544-02-s3-d14,142,10.0,10.0,0.0
2025-2025041311gm-00a9-0000-5f819544-02-s3-d14,143,-10.0,-10.0,0.0
2025-2025041311gm-00a9-0000-5f819544-02-s3-d14,144,-4.0,4.0,8.0
2025-2025041311gm-00a9-0000-5f819544-02-s3-d14,145,4.0,4.0,0.0
2025-2025041311gm-00a9-0000-5f819544-02-s3-d14,146,4.0,4.0,0.0
2025-2025041311gm-00a9-0000-5f819544-02-s3-d14,147,-4.0,4.0,8.0
2025-2025041311gm-00a9-0000-5f819544-02-s3-d14,148,4.0,-10.0,-14.0
2025-2025041311gm-00a9-0000-5f819544-02-s3-d14,149,4.0,10.0,6.0
2025-2025041311gm-00a9-0000-5f819544-02-s3-d14,150,10.0,10.0,0.0
2025-2025041311gm-00a9-0000-5f819544-02-s3-d14,151,10.0,4.0,-6.0
2025-2025041311gm-00a9-0000-5f819544-02-s3-d14,152,-10.0,-10.0,0.0
2025-2025041311gm-00a9-0000-5f819544-02-s3-d14,153,-10.0,4.0,14.0
2025-2025041311gm-00a9-0000-5f819544-02-s3-d14,154,-10.0,-10.0,0.0
2025-2025041311gm-00a9-0000-5f819544-02-s3-d14,155,10.0,4.0,-6.0
2025-2025041311gm-00a9-0000-5f819544-02-s3-d14,156,-10.0,-10.0,0.0
2025-2025041311gm-00a9-0000-5f819544-02-s3-d14,157,4.0,4.0,0.0
2025-2025041311gm-00a9-0000-5f819544-02-s3-d14,158,10.0,-10.0,-20.0
2025-2025041311gm-00a9-0000-5f819544-02-s3-d14,159,10.0,4.0,-6.0
2025-2025041311gm-00a9-0000-5f819544-02-s3-d14,160,4.0,10.0,6.0
2025-2025041311gm-00a9-0000-5f819544-02-s3-d14,161,10.0,-10.0,-20.0
2025-2025041311gm-00a9-0000-5f819544-02-s3-d14,162,4.0,4.0,0.0
2025-2025041311gm-00a9-0000-5f819544-02-s3-d14,163,-10.0,-10.0,0.0
2025-2025041311gm-00a9-0000-5f819544-02-s3-d14,164,-10.0,-10.0,0.0
2025-2025041311gm-00a9-0000-5f819544-02-s3-d14,165,-10.0,-10.0,0.0
2025-2025041311gm-00a9-0000-5f819544-02-s3-d14,166,10.0,10.0,0.0
2025-2025041311gm-00a9-0000-5f819544-02-s3-d14,167,4.0,10.0,6.0
2025-2025041311gm-00a9-0000-5f819544-02-s3-d14,168,-4.0,-4.0,0.0
2025-2025041311gm-00a9-0000-5f819544-02-s3-d14,169,10.0,10.0,0.0
2025-2025041311gm-00a9-0000-5f819544-02-s3-d14,170,-10.0,-10.0,0.0
2025-2025041311gm-00a9-0000-5f819544-02-s3-d14,171,-10.0,-10.0,0.0
2025-2025041311gm-00a9-0000-5f819544-02-s3-d14,172,4.0,10.0,6.0
2025-2025041311gm-00a9-0000-5f819544-02-s3-d14,173,4.0,4.0,0.0
2025-2025041311gm-00a9-0000-5f819544-02-s3-d14,174,-10.0,-10.0,0.0
2025-2025041311gm-00a9-0000-5f819544-02-s3-d14,175,4.0,4.0,0.0
2025-2025041311gm-00a9-0000-5f819544-02-s3-d14,176,-4.0,4.0,8.0
2025-2025041311gm-00a9-0000-5f819544-02-s3-d14,177,4.0,4.0,0.0
2025-2025041311gm-00a9-0000-5f819544-02-s3-d14,178,10.0,-10.0,-20.0
2025-2025041311gm-00a9-0000-5f819544-02-s3-d14,179,-4.0,-4.0,0.0
2025-2025041311gm-00a9-0000-5f819544-02-s3-d14,180,4.0,4.0,0.0
2025-2025041311gm-00a9-0000-5f819544-02-s3-d14,181,-4.0,-4.0,0.0
2025-2025041311gm-00a9-0000-5f819544-02-s3-d14,182,4.0,4.0,0.0
2025-2025041311gm-00a9-0000-5f819544-02-s3-d14,183,4.0,-10.0,-14.0
2025-2025041311gm-00a9-0000-5f819544-02-s3-d14,184,-4.0,-10.0,-6.0
2025-2025041311gm-00a9-0000-5f819544-02-s3-d14,185,4.0,4.0,0.0
2025-2025041311gm-00a9-0000-5f819544-02-s3-d14,186,-10.0,-10.0,0.0
2025-2025041311gm-00a9-0000-5f819544-02-s3-d14,187,-4.0,-4.0,0.0
2025-2025041311gm-00a9-0000-5f819544-02-s3-d14,188,-4.0,-4.0,0.0
2025-2025041311gm-00a9-0000-5f819544-02-s3-d14,189,-4.0,-4.0,0.0
2025-2025041311gm-00a9-0000-5f819544-02-s3-d14,190,-10.0,-10.0,0.0
2025-2025041311gm-00a9-0000-5f819544-02-s3-d14,191,4.0,4.0,0.0
2025-2025041311gm-00a9-0000-5f819544-02-s3-d14,192,-10.0,-4.0,6.0
2025-2025041311gm-00a9-0000-5f819544-02-s3-d14,193,-4.0,-10.0,-6.0
2025-2025041311gm-00a9-0000-5f819544-02-s3-d14,194,-10.0,-10.0,0.0
2025-2025041311gm-00a9-0000-5f819544-02-s3-d14,195,-10.0,-4.0,6.0
2025-2025041311gm-00a9-0000-5f819544-02-s3-d14,196,-10.0,-10.0,0.0
2025-2025041311gm-00a9-0000-5f819544-02-s3-d14,197,-4.0,-4.0,0.0
2025-2025041311gm-00a9-0000-5f819544-02-s3-d14,198,-4.0,-10.0,-6.0
2025-2025041311gm-00a9-0000-5f819544-02-s3-d14,199,10.0,10.0,0.0
2025-2025041311gm-00a9-0000-5f819544-02-s3-d14,200,4.0,4.0,0.0
2025-2025041311gm-00a9-0000-5f819544-02-s3-d14,201,-4.0,-4.0,0.0
2025-2025041311gm-00a9-0000-5f819544-02-s3-d14,202,-10.0,-10.0,0.0
2025-2025041311gm-00a9-0000-5f819544-02-s3-d14,203,-10.0,-10.0,0.0
2025-2025041311gm-00a9-0000-5f819544-02-s3-d14,204,-4.0,-4.0,0.0
2025-2025041311gm-00a9-0000-5f819544-02-s3-d14,205,-10.0,-4.0,6.0
2025-2025041311gm-00a9-0000-5f819544-02-s3-d14,206,10.0,10.0,0.0
2025-2025041311gm-00a9-0000-5f819544-02-s3-d14,207,10.0,10.0,0.0
2025-2025041311gm-00a9-0000-5f819544-02-s3-d14,208,-10.0,-10.0,0.0
2025-2025041311gm-00a9-0000-5f819544-02-s3-d14,209,-4.0,-4.0,0.0
2025-2025041311gm-00a9-0000-5f819544-02-s3-d14,210,-10.0,-10.0,0.0
2025-2025041311gm-00a9-0000-5f819544-02-s3-d14,211,-4.0,-4.0,0.0
2025-2025041311gm-00a9-0000-5f819544-02-s3-d14,212,4.0,4.0,0.0
2025-2025041311gm-00a9-0000-5f819544-02-s3-d14,213,4.0,-4.0,-8.0
2025-2025041311gm-00a9-0000-5f819544-02-s3-d14,214,-10.0,-10.0,0.0
2025-2025041311gm-00a9-0000-5f819544-02-s3-d14,215,10.0,10.0,0.0
2025-2025041311gm-00a9-0000-5f819544-02-s3-d14,216,10.0,10.0,0.0
2025-2025041311gm-00a9-0000-5f819544-02-s3-d14,217,-10.0,-10.0,0.0
2025-2025041311gm-00a9-0000-5f819544-02-s3-d14,218,-10.0,-4.0,6.0
2025-2025041311gm-00a9-0000-5f819544-02-s3-d14,219,-4.0,-10.0,-6.0
2025-2025041311gm-00a9-0000-5f819544-02-s3-d14,220,-10.0,-10.0,0.0
2025-2025041311gm-00a9-0000-5f819544-02-s3-d14,221,-4.0,-4.0,0.0
2025-2025041311gm-00a9-0000-5f819544-02-s3-d14,222,-4.0,-4.0,0.0
2025-2025041311gm-00a9-0000-5f819544-02-s3-d14,223,-10.0,10.0,20.0
2025-2025041311gm-00a9-0000-5f819544-02-s3-d14,224,-4.0,-4.0,0.0
2025-2025041311gm-00a9-0000-5f819544-02-s3-d14,225,10.0,10.0,0.0
2025-2025041311gm-00a9-0000-5f819544-02-s3-d14,226,4.0,4.0,0.0
2025-2025041311gm-00a9-0000-5f819544-02-s3-d14,227,10.0,-10.0,-20.0
2025-2025041311gm-00a9-0000-5f819544-02-s3-d14,228,-4.0,-10.0,-6.0
2025-2025041311gm-00a9-0000-5f819544-02-s3-d14,229,10.0,10.0,0.0
2025-2025041311gm-00a9-0000-5f819544-02-s3-d14,230,4.0,-4.0,-8.0
2025-2025041311gm-00a9-0000-5f819544-02-s3-d14,231,10.0,10.0,0.0
2025-2025041311gm-00a9-0000-5f819544-02-s3-d14,232,4.0,4.0,0.0
2025-2025041311gm-00a9-0000-5f819544-02-s3-d14,233,4.0,-10.0,-14.0
2025-2025041311gm-00a9-0000-5f819544-02-s3-d14,234,4.0,4.0,0.0
2025-2025041311gm-00a9-0000-5f819544-02-s3-d14,235,10.0,10.0,0.0
2025-2025041311gm-00a9-0000-5f819544-02-s3-d14,236,4.0,10.0,6.0
2025-2025041311gm-00a9-0000-5f819544-02-s3-d14,237,-10.0,10.0,20.0
2025-2025041311gm-00a9-0000-5f819544-02-s3-d14,238,-4.0,4.0,8.0
2025-2025041311gm-00a9-0000-5f819544-02-s3-d14,239,-4.0,-4.0,0.0
2025-2025041311gm-00a9-0000-5f819544-02-s3-d14,240,4.0,10.0,6.0
2025-2025041311gm-00a9-0000-5f819544-02-s3-d14,241,4.0,4.0,0.0
2025-2025041311gm-00a9-0000-5f819544-02-s3-d14,242,-4.0,4.0,8.0
2025-2025041311gm-00a9-0000-5f819544-02-s3-d14,243,-4.0,-4.0,0.0
2025-2025041311gm-00a9-0000-5f819544-02-s3-d14,244,4.0,4.0,0.0
2025-2025041311gm-00a9-0000-5f819544-02-s3-d14,245,-10.0,10.0,20.0
2025-2025041311gm-00a9-0000-5f819544-02-s3-d14,246,10.0,10.0,0.0
2025-2025041311gm-00a9-0000-5f819544-02-s3-d14,247,-4.0,-10.0,-6.0
2025-2025041311gm-00a9-0000-5f819544-02-s3-d14,248,-4.0,-4.0,0.0
2025-2025041311gm-00a9-0000-5f819544-02-s3-d14,249,-10.0,-10.0,0.0
2025-2025041311gm-00a9-0000-5f819544-02-s3-d14,250,10.0,10.0,0.0
2025-2025041311gm-00a9-0000-5f819544-02-s3-d14,251,10.0,10.0,0.0
2025-2025041311gm-00a9-0000-5f819544-02-s3-d14,252,-10.0,-10.0,0.0
2025-2025041311gm-00a9-0000-5f819544-02-s3-d14,253,-10.0,-10.0,0.0
2025-2025041311gm-00a9-0000-5f819544-02-s3-d14,254,-4.0,4.0,8.0
2025-2025041311gm-00a9-0000-5f819544-02-s3-d14,255,-4.0,-4.0,0.0
2025-2025041622gm-00a9-0000-82e8b63b-04-s1-d13,0,4.0,10.0,6.0
2025-2025041622gm-00a9-0000-82e8b63b-04-s1-d13,1,-10.0,4.0,14.0
2025-2025041622gm-00a9-0000-82e8b63b-04-s1-d13,2,4.0,10.0,6.0
2025-2025041622gm-00a9-0000-82e8b63b-04-s1-d13,3,4.0,10.0,6.0
2025-2025041622gm-00a9-0000-82e8b63b-04-s1-d13,4,-10.0,10.0,20.0
2025-2025041622gm-00a9-0000-82e8b63b-04-s1-d13,5,4.0,-10.0,-14.0
2025-2025041622gm-00a9-0000-82e8b63b-04-s1-d13,6,-4.0,-4.0,0.0
2025-2025041622gm-00a9-0000-82e8b63b-04-s1-d13,7,4.0,-4.0,-8.0
2025-2025041622gm-00a9-0000-82e8b63b-04-s1-d13,8,4.0,4.0,0.0
2025-2025041622gm-00a9-0000-82e8b63b-04-s1-d13,9,4.0,4.0,0.0
2025-2025041622gm-00a9-0000-82e8b63b-04-s1-d13,10,-4.0,4.0,8.0
2025-2025041622gm-00a9-0000-82e8b63b-04-s1-d13,11,4.0,10.0,6.0
2025-2025041622gm-00a9-0000-82e8b63b-04-s1-d13,12,4.0,4.0,0.0
2025-2025041622gm-00a9-0000-82e8b63b-04-s1-d13,13,10.0,10.0,0.0
2025-2025041622gm-00a9-0000-82e8b63b-04-s1-d13,14,-4.0,-10.0,-6.0
2025-2025041622gm-00a9-0000-82e8b63b-04-s1-d13,15,4.0,-4.0,-8.0
2025-2025041622gm-00a9-0000-82e8b63b-04-s1-d13,16,10.0,-4.0,-14.0
2025-2025041622gm-00a9-0000-82e8b63b-04-s1-d13,17,-4.0,4.0,8.0
2025-2025041622gm-00a9-0000-82e8b63b-04-s1-d13,18,10.0,-4.0,-14.0
2025-2025041622gm-00a9-0000-82e8b63b-04-s1-d13,19,4.0,4.0,0.0
2025-2025041622gm-00a9-0000-82e8b63b-04-s1-d13,20,10.0,4.0,-6.0
2025-2025041622gm-00a9-0000-82e8b63b-04-s1-d13,21,10.0,4.0,-6.0
2025-2025041622gm-00a9-0000-82e8b63b-04-s1-d13,22,10.0,10.0,0.0
2025-2025041622gm-00a9-0000-82e8b63b-04-s1-d13,23,-4.0,-10.0,-6.0
2025-2025041622gm-00a9-0000-82e8b63b-04-s1-d13,24,4.0,4.0,0.0
2025-2025041622gm-00a9-0000-82e8b63b-04-s1-d13,25,10.0,10.0,0.0
2025-2025041622gm-00a9-0000-82e8b63b-04-s1-d13,26,4.0,10.0,6.0
2025-2025041622gm-00a9-0000-82e8b63b-04-s1-d13,27,10.0,10.0,0.0
2025-2025041622gm-00a9-0000-82e8b63b-04-s1-d13,28,10.0,4.0,-6.0
2025-2025041622gm-00a9-0000-82e8b63b-04-s1-d13,29,10.0,-10.0,-20.0
2025-2025041622gm-00a9-0000-82e8b63b-04-s1-d13,30,-4.0,4.0,8.0
2025-2025041622gm-00a9-0000-82e8b63b-04-s1-d13,31,10.0,10.0,0.0
2025-2025041622gm-00a9-0000-82e8b63b-04-s1-d13,32,10.0,4.0,-6.0
2025-2025041622gm-00a9-0000-82e8b63b-04-s1-d13,33,10.0,4.0,-6.0
2025-2025041622gm-00a9-0000-82e8b63b-04-s1-d13,34,4.0,4.0,0.0
2025-2025041622gm-00a9-0000-82e8b63b-04-s1-d13,35,10.0,-10.0,-20.0
2025-2025041622gm-00a9-0000-82e8b63b-04-s1-d13,36,10.0,4.0,-6.0
2025-2025041622gm-00a9-0000-82e8b63b-04-s1-d13,37,4.0,4.0,0.0
2025-2025041622gm-00a9-0000-82e8b63b-04-s1-d13,38,10.0,10.0,0.0
2025-2025041622gm-00a9-0000-82e8b63b-04-s1-d13,39,-10.0,-10.0,0.0
2025-2025041622gm-00a9-0000-82e8b63b-04-s1-d13,40,10.0,-4.0,-14.0
2025-2025041622gm-00a9-0000-82e8b63b-04-s1-d13,41,-10.0,-10.0,0.0
2025-2025041622gm-00a9-0000-82e8b63b-04-s1-d13,42,-4.0,10.0,14.0
2025-2025041622gm-00a9-0000-82e8b63b-04-s1-d13,43,-4.0,-4.0,0.0
2025-2025041622gm-00a9-0000-82e8b63b-04-s1-d13,44,4.0,10.0,6.0
2025-2025041622gm-00a9-0000-82e8b63b-04-s1-d13,45,4.0,10.0,6.0
2025-2025041622gm-00a9-0000-82e8b63b-04-s1-d13,46,-4.0,10.0,14.0
2025-2025041622gm-00a9-0000-82e8b63b-04-s1-d13,47,10.0,-4.0,-14.0
2025-2025041622gm-00a9-0000-82e8b63b-04-s1-d13,48,10.0,-4.0,-14.0
2025-2025041622gm-00a9-0000-82e8b63b-04-s1-d13,49,10.0,-4.0,-14.0
2025-2025041622gm-00a9-0000-82e8b63b-04-s1-d13,50,10.0,4.0,-6.0
2025-2025041622gm-00a9-0000-82e8b63b-04-s1-d13,51,10.0,-10.0,-20.0
2025-2025041622gm-00a9-0000-82e8b63b-04-s1-d13,52,10.0,-10.0,-20.0
2025-2025041622gm-00a9-0000-82e8b63b-04-s1-d13,53,4.0,10.0,6.0
2025-2025041622gm-00a9-0000-82e8b63b-04-s1-d13,54,-10.0,-10.0,0.0
2025-2025041622gm-00a9-0000-82e8b63b-04-s1-d13,55,-4.0,-4.0,0.0
2025-2025041622gm-00a9-0000-82e8b63b-04-s1-d13,56,-10.0,-4.0,6.0
2025-2025041622gm-00a9-0000-82e8b63b-04-s1-d13,57,-10.0,4.0,14.0
2025-2025041622gm-00a9-0000-82e8b63b-04-s1-d13,58,10.0,10.0,0.0
2025-2025041622gm-00a9-0000-82e8b63b-04-s1-d13,59,10.0,4.0,-6.0
2025-2025041622gm-00a9-0000-82e8b63b-04-s1-d13,60,10.0,10.0,0.0
2025-2025041622gm-00a9-0000-82e8b63b-04-s1-d13,61,10.0,-4.0,-14.0
2025-2025041622gm-00a9-0000-82e8b63b-04-s1-d13,62,4.0,-10.0,-14.0
2025-2025041622gm-00a9-0000-82e8b63b-04-s1-d13,63,10.0,-4.0,-14.0
2025-2025041622gm-00a9-0000-82e8b63b-04-s1-d13,64,-10.0,4.0,14.0
2025-2025041622gm-00a9-0000-82e8b63b-04-s1-d13,65,4.0,4.0,0.0
2025-2025041622gm-00a9-0000-82e8b63b-04-s1-d13,66,-4.0,-4.0,0.0
2025-2025041622gm-00a9-0000-82e8b63b-04-s1-d13,67,-10.0,10.0,20.0
2025-2025041622gm-00a9-0000-82e8b63b-04-s1-d13,68,10.0,10.0,0.0
2025-2025041622gm-00a9-0000-82e8b63b-04-s1-d13,69,10.0,-4.0,-14.0
2025-2025041622gm-00a9-0000-82e8b63b-04-s1-d13,70,10.0,-10.0,-20.0
2025-2025041622gm-00a9-0000-82e8b63b-04-s1-d13,71,10.0,-10.0,-20.0
2025-2025041622gm-00a9-0000-82e8b63b-04-s1-d13,72,-4.0,4.0,8.0
2025-2025041622gm-00a9-0000-82e8b63b-04-s1-d13,73,-4.0,4.0,8.0
2025-2025041622gm-00a9-0000-82e8b63b-04-s1-d13,74,10.0,10.0,0.0
2025-2025041622gm-00a9-0000-82e8b63b-04-s1-d13,75,-4.0,4.0,8.0
2025-2025041622gm-00a9-0000-82e8b63b-04-s1-d13,76,10.0,-4.0,-14.0
2025-2025041622gm-00a9-0000-82e8b63b-04-s1-d13,77,4.0,4.0,0.0
2025-2025041622gm-00a9-0000-82e8b63b-04-s1-d13,78,-10.0,-10.0,0.0
2025-2025041622gm-00a9-0000-82e8b63b-04-s1-d13,79,10.0,-4.0,-14.0
2025-2025041622gm-00a9-0000-82e8b63b-04-s1-d13,80,4.0,-4.0,-8.0
2025-2025041622gm-00a9-0000-82e8b63b-04-s1-d13,81,10.0,-4.0,-14.0
2025-2025041622gm-00a9-0000-82e8b63b-04-s1-d13,82,4.0,-10.0,-14.0
2025-2025041622gm-00a9-0000-82e8b63b-04-s1-d13,83,-10.0,-10.0,0.0
2025-2025041622gm-00a9-0000-82e8b63b-04-s1-d13,84,4.0,4.0,0.0
2025-2025041622gm-00a9-0000-82e8b63b-04-s1-d13,85,10.0,10.0,0.0
2025-2025041622gm-00a9-0000-82e8b63b-04-s1-d13,86,-4.0,-4.0,0.0
2025-2025041622gm-00a9-0000-82e8b63b-04-s1-d13,87,10.0,4.0,-6.0
2025-2025041622gm-00a9-0000-82e8b63b-04-s1-d13,88,-4.0,-4.0,0.0
2025-2025041622gm-00a9-0000-82e8b63b-04-s1-d13,89,10.0,10.0,0.0
2025-2025041622gm-00a9-0000-82e8b63b-04-s1-d13,90,10.0,10.0,0.0
2025-2025041622gm-00a9-0000-82e8b63b-04-s1-d13,91,10.0,-10.0,-20.0
2025-2025041622gm-00a9-0000-82e8b63b-04-s1-d13,92,10.0,4.0,-6.0
2025-2025041622gm-00a9-0000-82e8b63b-04-s1-d13,93,-4.0,10.0,14.0
2025-2025041622gm-00a9-0000-82e8b63b-04-s1-d13,94,10.0,10.0,0.0
2025-2025041622gm-00a9-0000-82e8b63b-04-s1-d13,95,4.0,-4.0,-8.0
2025-2025041622gm-00a9-0000-82e8b63b-04-s1-d13,96,10.0,-4.0,-14.0
2025-2025041622gm-00a9-0000-82e8b63b-04-s1-d13,97,10.0,10.0,0.0
2025-2025041622gm-00a9-0000-82e8b63b-04-s1-d13,98,4.0,-4.0,-8.0
2025-2025041622gm-00a9-0000-82e8b63b-04-s1-d13,99,10.0,10.0,0.0
2025-2025041622gm-00a9-0000-82e8b63b-04-s1-d13,100,10.0,-4.0,-14.0
2025-2025041622gm-00a9-0000-82e8b63b-04-s1-d13,101,10.0,10.0,0.0
2025-2025041622gm-00a9-0000-82e8b63b-04-s1-d13,102,-4.0,4.0,8.0
2025-2025041622gm-00a9-0000-82e8b63b-04-s1-d13,103,-10.0,-4.0,6.0
2025-2025041622gm-00a9-0000-82e8b63b-04-s1-d13,104,10.0,10.0,0.0
2025-2025041622gm-00a9-0000-82e8b63b-04-s1-d13,105,10.0,-4.0,-14.0
2025-2025041622gm-00a9-0000-82e8b63b-04-s1-d13,106,10.0,10.0,0.0
2025-2025041622gm-00a9-0000-82e8b63b-04-s1-d13,107,4.0,10.0,6.0
2025-2025041622gm-00a9-0000-82e8b63b-04-s1-d13,108,-4.0,10.0,14.0
2025-2025041622gm-00a9-0000-82e8b63b-04-s1-d13,109,-10.0,-10.0,0.0
2025-2025041622gm-00a9-0000-82e8b63b-04-s1-d13,110,4.0,4.0,0.0
2025-2025041622gm-00a9-0000-82e8b63b-04-s1-d13,111,-10.0,10.0,20.0
2025-2025041622gm-00a9-0000-82e8b63b-04-s1-d13,112,-10.0,10.0,20.0
2025-2025041622gm-00a9-0000-82e8b63b-04-s1-d13,113,10.0,4.0,-6.0
2025-2025041622gm-00a9-0000-82e8b63b-04-s1-d13,114,10.0,4.0,-6.0
2025-2025041622gm-00a9-0000-82e8b63b-04-s1-d13,115,4.0,4.0,0.0
2025-2025041622gm-00a9-0000-82e8b63b-04-s1-d13,116,4.0,-4.0,-8.0
2025-2025041622gm-00a9-0000-82e8b63b-04-s1-d13,117,-4.0,10.0,14.0
2025-2025041622gm-00a9-0000-82e8b63b-04-s1-d13,118,10.0,10.0,0.0
2025-2025041622gm-00a9-0000-82e8b63b-04-s1-d13,119,10.0,10.0,0.0
2025-2025041622gm-00a9-0000-82e8b63b-04-s1-d13,120,10.0,4.0,-6.0
2025-2025041622gm-00a9-0000-82e8b63b-04-s1-d13,121,-4.0,4.0,8.0
2025-2025041622gm-00a9-0000-82e8b63b-04-s1-d13,122,-10.0,-4.0,6.0
2025-2025041622gm-00a9-0000-82e8b63b-04-s1-d13,123,10.0,4.0,-6.0
2025-2025041622gm-00a9-0000-82e8b63b-04-s1-d13,124,4.0,4.0,0.0
2025-2025041622gm-00a9-0000-82e8b63b-04-s1-d13,125,-10.0,-4.0,6.0
2025-2025041622gm-00a9-0000-82e8b63b-04-s1-d13,126,10.0,4.0,-6.0
2025-2025041622gm-00a9-0000-82e8b63b-04-s1-d13,127,4.0,4.0,0.0
2025-2025041622gm-00a9-0000-82e8b63b-04-s1-d13,128,10.0,4.0,-6.0
2025-2025041622gm-00a9-0000-82e8b63b-04-s1-d13,129,10.0,10.0,0.0
2025-2025041622gm-00a9-0000-82e8b63b-04-s1-d13,130,-4.0,10.0,14.0
2025-2025041622gm-00a9-0000-82e8b63b-04-s1-d13,131,10.0,4.0,-6.0
2025-2025041622gm-00a9-0000-82e8b63b-04-s1-d13,132,4.0,4.0,0.0
2025-2025041622gm-00a9-0000-82e8b63b-04-s1-d13,133,-10.0,-4.0,6.0
2025-2025041622gm-00a9-0000-82e8b63b-04-s1-d13,134,4.0,4.0,0.0
2025-2025041622gm-00a9-0000-82e8b63b-04-s1-d13,135,-10.0,4.0,14.0
2025-2025041622gm-00a9-0000-82e8b63b-04-s1-d13,136,10.0,10.0,0.0
2025-2025041622gm-00a9-0000-82e8b63b-04-s1-d13,137,4.0,-10.0,-14.0
2025-2025041622gm-00a9-0000-82e8b63b-04-s1-d13,138,4.0,-10.0,-14.0
2025-2025041622gm-00a9-0000-82e8b63b-04-s1-d13,139,4.0,4.0,0.0
2025-2025041622gm-00a9-0000-82e8b63b-04-s1-d13,140,4.0,4.0,0.0
2025-2025041622gm-00a9-0000-82e8b63b-04-s1-d13,141,10.0,10.0,0.0
2025-2025041622gm-00a9-0000-82e8b63b-04-s1-d13,142,10.0,10.0,0.0
2025-2025041622gm-00a9-0000-82e8b63b-04-s1-d13,143,4.0,4.0,0.0
2025-2025041622gm-00a9-0000-82e8b63b-04-s1-d13,144,10.0,-4.0,-14.0
2025-2025041622gm-00a9-0000-82e8b63b-04-s1-d13,145,-10.0,-4.0,6.0
2025-2025041622gm-00a9-0000-82e8b63b-04-s1-d13,146,10.0,4.0,-6.0
2025-2025041622gm-00a9-0000-82e8b63b-04-s1-d13,147,10.0,-4.0,-14.0
2025-2025041622gm-00a9-0000-82e8b63b-04-s1-d13,148,4.0,10.0,6.0
2025-2025041622gm-00a9-0000-82e8b63b-04-s1-d13,149,-4.0,4.0,8.0
2025-2025041622gm-00a9-0000-82e8b63b-04-s1-d13,150,-10.0,4.0,14.0
2025-2025041622gm-00a9-0000-82e8b63b-04-s1-d13,151,10.0,10.0,0.0
2025-2025041622gm-00a9-0000-82e8b63b-04-s1-d13,152,10.0,10.0,0.0
2025-2025041622gm-00a9-0000-82e8b63b-04-s1-d13,153,-4.0,-4.0,0.0
2025-2025041622gm-00a9-0000-82e8b63b-04-s1-d13,154,10.0,10.0,0.0
2025-2025041622gm-00a9-0000-82e8b63b-04-s1-d13,155,-10.0,10.0,20.0
2025-2025041622gm-00a9-0000-82e8b63b-04-s1-d13,156,-4.0,-10.0,-6.0
2025-2025041622gm-00a9-0000-82e8b63b-04-s1-d13,157,-10.0,4.0,14.0
2025-2025041622gm-00a9-0000-82e8b63b-04-s1-d13,158,4.0,10.0,6.0
2025-2025041622gm-00a9-0000-82e8b63b-04-s1-d13,159,-4.0,-4.0,0.0
2025-2025041622gm-00a9-0000-82e8b63b-04-s1-d13,160,-10.0,10.0,20.0
2025-2025041622gm-00a9-0000-82e8b63b-04-s1-d13,161,4.0,-4.0,-8.0
2025-2025041622gm-00a9-0000-82e8b63b-04-s1-d13,162,10.0,-4.0,-14.0
2025-2025041622gm-00a9-0000-82e8b63b-04-s1-d13,163,4.0,4.0,0.0
2025-2025041622gm-00a9-0000-82e8b63b-04-s1-d13,164,10.0,10.0,0.0
2025-2025041622gm-00a9-0000-82e8b63b-04-s1-d13,165,-10.0,-4.0,6.0
2025-2025041622gm-00a9-0000-82e8b63b-04-s1-d13,166,10.0,4.0,-6.0
2025-2025041622gm-00a9-0000-82e8b63b-04-s1-d13,167,-10.0,-10.0,0.0
2025-2025041622gm-00a9-0000-82e8b63b-04-s1-d13,168,4.0,4.0,0.0
2025-2025041622gm-00a9-0000-82e8b63b-04-s1-d13,169,-10.0,10.0,20.0
2025-2025041622gm-00a9-0000-82e8b63b-04-s1-d13,170,10.0,10.0,0.0
2025-2025041622gm-00a9-0000-82e8b63b-04-s1-d13,171,10.0,-4.0,-14.0
2025-2025041622gm-00a9-0000-82e8b63b-04-s1-d13,172,-10.0,4.0,14.0
2025-2025041622gm-00a9-0000-82e8b63b-04-s1-d13,173,10.0,4.0,-6.0
2025-2025041622gm-00a9-0000-82e8b63b-04-s1-d13,174,10.0,10.0,0.0
2025-2025041622gm-00a9-0000-82e8b63b-04-s1-d13,175,10.0,4.0,-6.0
2025-2025041622gm-00a9-0000-82e8b63b-04-s1-d13,176,-4.0,-10.0,-6.0
2025-2025041622gm-00a9-0000-82e8b63b-04-s1-d13,177,10.0,10.0,0.0
2025-2025041622gm-00a9-0000-82e8b63b-04-s1-d13,178,10.0,4.0,-6.0
2025-2025041622gm-00a9-0000-82e8b63b-04-s1-d13,179,10.0,-4.0,-14.0
2025-2025041622gm-00a9-0000-82e8b63b-04-s1-d13,180,10.0,10.0,0.0
2025-2025041622gm-00a9-0000-82e8b63b-04-s1-d13,181,10.0,4.0,-6.0
2025-2025041622gm-00a9-0000-82e8b63b-04-s1-d13,182,4.0,10.0,6.0
2025-2025041622gm-00a9-0000-82e8b63b-04-s1-d13,183,4.0,4.0,0.0
2025-2025041622gm-00a9-0000-82e8b63b-04-s1-d13,184,10.0,10.0,0.0
2025-2025041622gm-00a9-0000-82e8b63b-04-s1-d13,185,4.0,4.0,0.0
2025-2025041622gm-00a9-0000-82e8b63b-04-s1-d13,186,-10.0,4.0,14.0
2025-2025041622gm-00a9-0000-82e8b63b-04-s1-d13,187,10.0,10.0,0.0
2025-2025041622gm-00a9-0000-82e8b63b-04-s1-d13,188,-4.0,10.0,14.0
2025-2025041622gm-00a9-0000-82e8b63b-04-s1-d13,189,-10.0,-10.0,0.0
2025-2025041622gm-00a9-0000-82e8b63b-04-s1-d13,190,-10.0,-4.0,6.0
2025-2025041622gm-00a9-0000-82e8b63b-04-s1-d13,191,10.0,10.0,0.0
2025-2025041622gm-00a9-0000-82e8b63b-04-s1-d13,192,10.0,4.0,-6.0
2025-2025041622gm-00a9-0000-82e8b63b-04-s1-d13,193,10.0,-4.0,-14.0
2025-2025041622gm-00a9-0000-82e8b63b-04-s1-d13,194,10.0,10.0,0.0
2025-2025041622gm-00a9-0000-82e8b63b-04-s1-d13,195,4.0,-4.0,-8.0
2025-2025041622gm-00a9-0000-82e8b63b-04-s1-d13,196,10.0,4.0,-6.0
2025-2025041622gm-00a9-0000-82e8b63b-04-s1-d13,197,10.0,-10.0,-20.0
2025-2025041622gm-00a9-0000-82e8b63b-04-s1-d13,198,-4.0,-4.0,0.0
2025-2025041622gm-00a9-0000-82e8b63b-04-s1-d13,199,10.0,10.0,0.0
2025-2025041622gm-00a9-0000-82e8b63b-04-s1-d13,200,-10.0,4.0,14.0
2025-2025041622gm-00a9-0000-82e8b63b-04-s1-d13,201,-10.0,-10.0,0.0
2025-2025041622gm-00a9-0000-82e8b63b-04-s1-d13,202,10.0,10.0,0.0
2025-2025041622gm-00a9-0000-82e8b63b-04-s1-d13,203,10.0,10.0,0.0
2025-2025041622gm-00a9-0000-82e8b63b-04-s1-d13,204,4.0,-10.0,-14.0
2025-2025041622gm-00a9-0000-82e8b63b-04-s1-d13,205,10.0,-4.0,-14.0
2025-2025041622gm-00a9-0000-82e8b63b-04-s1-d13,206,-4.0,-10.0,-6.0
2025-2025041622gm-00a9-0000-82e8b63b-04-s1-d13,207,10.0,-4.0,-14.0
2025-2025041622gm-00a9-0000-82e8b63b-04-s1-d13,208,-4.0,10.0,14.0
2025-2025041622gm-00a9-0000-82e8b63b-04-s1-d13,209,-10.0,-10.0,0.0
2025-2025041622gm-00a9-0000-82e8b63b-04-s1-d13,210,4.0,-10.0,-14.0
2025-2025041622gm-00a9-0000-82e8b63b-04-s1-d13,211,-10.0,4.0,14.0
2025-2025041622gm-00a9-0000-82e8b63b-04-s1-d13,212,-4.0,4.0,8.0
2025-2025041622gm-00a9-0000-82e8b63b-04-s1-d13,213,10.0,-10.0,-20.0
2025-2025041622gm-00a9-0000-82e8b63b-04-s1-d13,214,4.0,4.0,0.0
2025-2025041622gm-00a9-0000-82e8b63b-04-s1-d13,215,10.0,10.0,0.0
2025-2025041622gm-00a9-0000-82e8b63b-04-s1-d13,216,-4.0,10.0,14.0
2025-2025041622gm-00a9-0000-82e8b63b-04-s1-d13,217,10.0,-4.0,-14.0
2025-2025041622gm-00a9-0000-82e8b63b-04-s1-d13,218,10.0,4.0,-6.0
2025-2025041622gm-00a9-0000-82e8b63b-04-s1-d13,219,4.0,-4.0,-8.0
2025-2025041622gm-00a9-0000-82e8b63b-04-s1-d13,220,-4.0,-4.0,0.0
2025-2025041622gm-00a9-0000-82e8b63b-04-s1-d13,221,-4.0,10.0,14.0
2025-2025041622gm-00a9-0000-82e8b63b-04-s1-d13,222,10.0,-10.0,-20.0
2025-2025041622gm-00a9-0000-82e8b63b-04-s1-d13,223,10.0,-10.0,-20.0
2025-2025041622gm-00a9-0000-82e8b63b-04-s1-d13,224,10.0,4.0,-6.0
2025-2025041622gm-00a9-0000-82e8b63b-04-s1-d13,225,4.0,10.0,6.0
2025-2025041622gm-00a9-0000-82e8b63b-04-s1-d13,226,4.0,4.0,0.0
2025-2025041622gm-00a9-0000-82e8b63b-04-s1-d13,227,10.0,4.0,-6.0
2025-2025041622gm-00a9-0000-82e8b63b-04-s1-d13,228,4.0,4.0,0.0
2025-2025041622gm-00a9-0000-82e8b63b-04-s1-d13,229,10.0,10.0,0.0
2025-2025041622gm-00a9-0000-82e8b63b-04-s1-d13,230,-4.0,-4.0,0.0
2025-2025041622gm-00a9-0000-82e8b63b-04-s1-d13,231,10.0,10.0,0.0
2025-2025041622gm-00a9-0000-82e8b63b-04-s1-d13,232,-4.0,-10.0,-6.0
2025-2025041622gm-00a9-0000-82e8b63b-04-s1-d13,233,-10.0,10.0,20.0
2025-2025041622gm-00a9-0000-82e8b63b-04-s1-d13,234,10.0,-10.0,-20.0
2025-2025041622gm-00a9-0000-82e8b63b-04-s1-d13,235,10.0,-10.0,-20.0
2025-2025041622gm-00a9-0000-82e8b63b-04-s1-d13,236,4.0,10.0,6.0
2025-2025041622gm-00a9-0000-82e8b63b-04-s1-d13,237,10.0,10.0,0.0
2025-2025041622gm-00a9-0000-82e8b63b-04-s1-d13,238,-4.0,-4.0,0.0
2025-2025041622gm-00a9-0000-82e8b63b-04-s1-d13,239,10.0,10.0,0.0
2025-2025041622gm-00a9-0000-82e8b63b-04-s1-d13,240,4.0,4.0,0.0
2025-2025041622gm-00a9-0000-82e8b63b-04-s1-d13,241,4.0,-4.0,-8.0
2025-2025041622gm-00a9-0000-82e8b63b-04-s1-d13,242,10.0,10.0,0.0
2025-2025041622gm-00a9-0000-82e8b63b-04-s1-d13,243,10.0,-10.0,-20.0
2025-2025041622gm-00a9-0000-82e8b63b-04-s1-d13,244,4.0,10.0,6.0
2025-2025041622gm-00a9-0000-82e8b63b-04-s1-d13,245,-4.0,10.0,14.0
2025-2025041622gm-00a9-0000-82e8b63b-04-s1-d13,246,10.0,10.0,0.0
2025-2025041622gm-00a9-0000-82e8b63b-04-s1-d13,247,4.0,-10.0,-14.0
2025-2025041622gm-00a9-0000-82e8b63b-04-s1-d13,248,10.0,4.0,-6.0
2025-2025041622gm-00a9-0000-82e8b63b-04-s1-d13,249,10.0,4.0,-6.0
2025-2025041622gm-00a9-0000-82e8b63b-04-s1-d13,250,4.0,-10.0,-14.0
2025-2025041622gm-00a9-0000-82e8b63b-04-s1-d13,251,-10.0,-10.0,0.0
2025-2025041622gm-00a9-0000-82e8b63b-04-s1-d13,252,-10.0,-10.0,0.0
2025-2025041622gm-00a9-0000-82e8b63b-04-s1-d13,253,10.0,10.0,0.0
2025-2025041622gm-00a9-0000-82e8b63b-04-s1-d13,254,4.0,-4.0,-8.0
2025-2025041622gm-00a9-0000-82e8b63b-04-s1-d13,255,4.0,-10.0,-14.0
2024-2024092000gm-00a9-0000-e0b6f7b7-07-s2-d15,0,4.0,4.0,0.0
2024-2024092000gm-00a9-0000-e0b6f7b7-07-s2-d15,1,4.0,10.0,6.0
2024-2024092000gm-00a9-0000-e0b6f7b7-07-s2-d15,2,-4.0,-4.0,0.0
2024-2024092000gm-00a9-0000-e0b6f7b7-07-s2-d15,3,4.0,10.0,6.0
2024-2024092000gm-00a9-0000-e0b6f7b7-07-s2-d15,4,-4.0,-4.0,0.0
2024-2024092000gm-00a9-0000-e0b6f7b7-07-s2-d15,5,-4.0,-4.0,0.0
2024-2024092000gm-00a9-0000-e0b6f7b7-07-s2-d15,6,10.0,10.0,0.0
2024-2024092000gm-00a9-0000-e0b6f7b7-07-s2-d15,7,10.0,10.0,0.0
2024-2024092000gm-00a9-0000-e0b6f7b7-07-s2-d15,8,4.0,4.0,0.0
2024-2024092000gm-00a9-0000-e0b6f7b7-07-s2-d15,9,-4.0,4.0,8.0
2024-2024092000gm-00a9-0000-e0b6f7b7-07-s2-d15,10,-4.0,-4.0,0.0
2024-2024092000gm-00a9-0000-e0b6f7b7-07-s2-d15,11,-4.0,-4.0,0.0
2024-2024092000gm-00a9-0000-e0b6f7b7-07-s2-d15,12,-4.0,-4.0,0.0
2024-2024092000gm-00a9-0000-e0b6f7b7-07-s2-d15,13,-4.0,-4.0,0.0
2024-2024092000gm-00a9-0000-e0b6f7b7-07-s2-d15,14,-4.0,4.0,8.0
2024-2024092000gm-00a9-0000-e0b6f7b7-07-s2-d15,15,10.0,10.0,0.0
2024-2024092000gm-00a9-0000-e0b6f7b7-07-s2-d15,16,4.0,10.0,6.0
2024-2024092000gm-00a9-0000-e0b6f7b7-07-s2-d15,17,10.0,10.0,0.0
2024-2024092000gm-00a9-0000-e0b6f7b7-07-s2-d15,18,4.0,4.0,0.0
2024-2024092000gm-00a9-0000-e0b6f7b7-07-s2-d15,19,-4.0,-4.0,0.0
2024-2024092000gm-00a9-0000-e0b6f7b7-07-s2-d15,20,-4.0,4.0,8.0
2024-2024092000gm-00a9-0000-e0b6f7b7-07-s2-d15,21,-4.0,-4.0,0.0
2024-2024092000gm-00a9-0000-e0b6f7b7-07-s2-d15,22,10.0,10.0,0.0
2024-2024092000gm-00a9-0000-e0b6f7b7-07-s2-d15,23,10.0,10.0,0.0
2024-2024092000gm-00a9-0000-e0b6f7b7-07-s2-d15,24,4.0,-4.0,-8.0
2024-2024092000gm-00a9-0000-e0b6f7b7-07-s2-d15,25,4.0,4.0,0.0
2024-2024092000gm-00a9-0000-e0b6f7b7-07-s2-d15,26,4.0,10.0,6.0
2024-2024092000gm-00a9-0000-e0b6f7b7-07-s2-d15,27,-4.0,-4.0,0.0
2024-2024092000gm-00a9-0000-e0b6f7b7-07-s2-d15,28,10.0,10.0,0.0
2024-2024092000gm-00a9-0000-e0b6f7b7-07-s2-d15,29,4.0,10.0,6.0
2024-2024092000gm-00a9-0000-e0b6f7b7-07-s2-d15,30,4.0,4.0,0.0
2024-2024092000gm-00a9-0000-e0b6f7b7-07-s2-d15,31,-4.0,-4.0,0.0
2024-2024092000gm-00a9-0000-e0b6f7b7-07-s2-d15,32,-4.0,10.0,14.0
2024-2024092000gm-00a9-0000-e0b6f7b7-07-s2-d15,33,-4.0,4.0,8.0
2024-2024092000gm-00a9-0000-e0b6f7b7-07-s2-d15,34,-4.0,-4.0,0.0
2024-2024092000gm-00a9-0000-e0b6f7b7-07-s2-d15,35,10.0,10.0,0.0
2024-2024092000gm-00a9-0000-e0b6f7b7-07-s2-d15,36,4.0,4.0,0.0
2024-2024092000gm-00a9-0000-e0b6f7b7-07-s2-d15,37,-4.0,-4.0,0.0
2024-2024092000gm-00a9-0000-e0b6f7b7-07-s2-d15,38,-4.0,10.0,14.0
2024-2024092000gm-00a9-0000-e0b6f7b7-07-s2-d15,39,-4.0,-4.0,0.0
2024-2024092000gm-00a9-0000-e0b6f7b7-07-s2-d15,40,10.0,4.0,-6.0
2024-2024092000gm-00a9-0000-e0b6f7b7-07-s2-d15,41,4.0,-4.0,-8.0
2024-2024092000gm-00a9-0000-e0b6f7b7-07-s2-d15,42,-4.0,-4.0,0.0
2024-2024092000gm-00a9-0000-e0b6f7b7-07-s2-d15,43,10.0,10.0,0.0
2024-2024092000gm-00a9-0000-e0b6f7b7-07-s2-d15,44,-4.0,4.0,8.0
2024-2024092000gm-00a9-0000-e0b6f7b7-07-s2-d15,45,10.0,10.0,0.0
2024-2024092000gm-00a9-0000-e0b6f7b7-07-s2-d15,46,10.0,10.0,0.0
2024-2024092000gm-00a9-0000-e0b6f7b7-07-s2-d15,47,10.0,10.0,0.0
2024-2024092000gm-00a9-0000-e0b6f7b7-07-s2-d15,48,4.0,4.0,0.0
2024-2024092000gm-00a9-0000-e0b6f7b7-07-s2-d15,49,4.0,-4.0,-8.0
2024-2024092000gm-00a9-0000-e0b6f7b7-07-s2-d15,50,-4.0,-4.0,0.0
2024-2024092000gm-00a9-0000-e0b6f7b7-07-s2-d15,51,-4.0,10.0,14.0
2024-2024092000gm-00a9-0000-e0b6f7b7-07-s2-d15,52,4.0,10.0,6.0
2024-2024092000gm-00a9-0000-e0b6f7b7-07-s2-d15,53,-4.0,-4.0,0.0
2024-2024092000gm-00a9-0000-e0b6f7b7-07-s2-d15,54,-4.0,-4.0,0.0
2024-2024092000gm-00a9-0000-e0b6f7b7-07-s2-d15,55,-4.0,-4.0,0.0
2024-2024092000gm-00a9-0000-e0b6f7b7-07-s2-d15,56,10.0,10.0,0.0
2024-2024092000gm-00a9-0000-e0b6f7b7-07-s2-d15,57,-4.0,-4.0,0.0
2024-2024092000gm-00a9-0000-e0b6f7b7-07-s2-d15,58,-4.0,-4.0,0.0
2024-2024092000gm-00a9-0000-e0b6f7b7-07-s2-d15,59,4.0,-10.0,-14.0
2024-2024092000gm-00a9-0000-e0b6f7b7-07-s2-d15,60,10.0,4.0,-6.0
2024-2024092000gm-00a9-0000-e0b6f7b7-07-s2-d15,61,4.0,4.0,0.0
2024-2024092000gm-00a9-0000-e0b6f7b7-07-s2-d15,62,-4.0,4.0,8.0
2024-2024092000gm-00a9-0000-e0b6f7b7-07-s2-d15,63,4.0,4.0,0.0
2024-2024092000gm-00a9-0000-e0b6f7b7-07-s2-d15,64,10.0,10.0,0.0
2024-2024092000gm-00a9-0000-e0b6f7b7-07-s2-d15,65,10.0,10.0,0.0
2024-2024092000gm-00a9-0000-e0b6f7b7-07-s2-d15,66,-4.0,10.0,14.0
2024-2024092000gm-00a9-0000-e0b6f7b7-07-s2-d15,67,-4.0,-10.0,-6.0
2024-2024092000gm-00a9-0000-e0b6f7b7-07-s2-d15,68,4.0,4.0,0.0
2024-2024092000gm-00a9-0000-e0b6f7b7-07-s2-d15,69,10.0,4.0,-6.0
2024-2024092000gm-00a9-0000-e0b6f7b7-07-s2-d15,70,4.0,10.0,6.0
2024-2024092000gm-00a9-0000-e0b6f7b7-07-s2-d15,71,4.0,4.0,0.0
2024-2024092000gm-00a9-0000-e0b6f7b7-07-s2-d15,72,4.0,-4.0,-8.0
2024-2024092000gm-00a9-0000-e0b6f7b7-07-s2-d15,73,10.0,10.0,0.0
2024-2024092000gm-00a9-0000-e0b6f7b7-07-s2-d15,74,-4.0,10.0,14.0
2024-2024092000gm-00a9-0000-e0b6f7b7-07-s2-d15,75,4.0,4.0,0.0
2024-2024092000gm-00a9-0000-e0b6f7b7-07-s2-d15,76,10.0,10.0,0.0
2024-2024092000gm-00a9-0000-e0b6f7b7-07-s2-d15,77,10.0,10.0,0.0
2024-2024092000gm-00a9-0000-e0b6f7b7-07-s2-d15,78,10.0,10.0,0.0
2024-2024092000gm-00a9-0000-e0b6f7b7-07-s2-d15,79,-4.0,4.0,8.0
2024-2024092000gm-00a9-0000-e0b6f7b7-07-s2-d15,80,10.0,10.0,0.0
2024-2024092000gm-00a9-0000-e0b6f7b7-07-s2-d15,81,4.0,4.0,0.0
2024-2024092000gm-00a9-0000-e0b6f7b7-07-s2-d15,82,4.0,4.0,0.0
2024-2024092000gm-00a9-0000-e0b6f7b7-07-s2-d15,83,4.0,10.0,6.0
2024-2024092000gm-00a9-0000-e0b6f7b7-07-s2-d15,84,10.0,10.0,0.0
2024-2024092000gm-00a9-0000-e0b6f7b7-07-s2-d15,85,-4.0,-4.0,0.0
2024-2024092000gm-00a9-0000-e0b6f7b7-07-s2-d15,86,-4.0,-4.0,0.0
2024-2024092000gm-00a9-0000-e0b6f7b7-07-s2-d15,87,10.0,-4.0,-14.0
2024-2024092000gm-00a9-0000-e0b6f7b7-07-s2-d15,88,4.0,4.0,0.0
2024-2024092000gm-00a9-0000-e0b6f7b7-07-s2-d15,89,10.0,10.0,0.0
2024-2024092000gm-00a9-0000-e0b6f7b7-07-s2-d15,90,-4.0,-4.0,0.0
2024-2024092000gm-00a9-0000-e0b6f7b7-07-s2-d15,91,-4.0,-4.0,0.0
2024-2024092000gm-00a9-0000-e0b6f7b7-07-s2-d15,92,-4.0,-4.0,0.0
2024-2024092000gm-00a9-0000-e0b6f7b7-07-s2-d15,93,10.0,10.0,0.0
2024-2024092000gm-00a9-0000-e0b6f7b7-07-s2-d15,94,4.0,4.0,0.0
2024-2024092000gm-00a9-0000-e0b6f7b7-07-s2-d15,95,4.0,4.0,0.0
2024-2024092000gm-00a9-0000-e0b6f7b7-07-s2-d15,96,4.0,4.0,0.0
2024-2024092000gm-00a9-0000-e0b6f7b7-07-s2-d15,97,-4.0,-4.0,0.0
2024-2024092000gm-00a9-0000-e0b6f7b7-07-s2-d15,98,4.0,10.0,6.0
2024-2024092000gm-00a9-0000-e0b6f7b7-07-s2-d15,99,10.0,10.0,0.0
2024-2024092000gm-00a9-0000-e0b6f7b7-07-s2-d15,100,10.0,10.0,0.0
2024-2024092000gm-00a9-0000-e0b6f7b7-07-s2-d15,101,4.0,4.0,0.0
2024-2024092000gm-00a9-0000-e0b6f7b7-07-s2-d15,102,-4.0,-4.0,0.0
2024-2024092000gm-00a9-0000-e0b6f7b7-07-s2-d15,103,-4.0,-4.0,0.0
2024-2024092000gm-00a9-0000-e0b6f7b7-07-s2-d15,104,-4.0,4.0,8.0
2024-2024092000gm-00a9-0000-e0b6f7b7-07-s2-d15,105,10.0,10.0,0.0
2024-2024092000gm-00a9-0000-e0b6f7b7-07-s2-d15,106,4.0,4.0,0.0
2024-2024092000gm-00a9-0000-e0b6f7b7-07-s2-d15,107,4.0,10.0,6.0
2024-2024092000gm-00a9-0000-e0b6f7b7-07-s2-d15,108,10.0,10.0,0.0
2024-2024092000gm-00a9-0000-e0b6f7b7-07-s2-d15,109,-4.0,10.0,14.0
2024-2024092000gm-00a9-0000-e0b6f7b7-07-s2-d15,110,4.0,4.0,0.0
2024-2024092000gm-00a9-0000-e0b6f7b7-07-s2-d15,111,10.0,10.0,0.0
2024-2024092000gm-00a9-0000-e0b6f7b7-07-s2-d15,112,10.0,10.0,0.0
2024-2024092000gm-00a9-0000-e0b6f7b7-07-s2-d15,113,10.0,-4.0,-14.0
2024-2024092000gm-00a9-0000-e0b6f7b7-07-s2-d15,114,-4.0,-4.0,0.0
2024-2024092000gm-00a9-0000-e0b6f7b7-07-s2-d15,115,4.0,4.0,0.0
2024-2024092000gm-00a9-0000-e0b6f7b7-07-s2-d15,116,10.0,-4.0,-14.0
2024-2024092000gm-00a9-0000-e0b6f7b7-07-s2-d15,117,4.0,10.0,6.0
2024-2024092000gm-00a9-0000-e0b6f7b7-07-s2-d15,118,-4.0,-4.0,0.0
2024-2024092000gm-00a9-0000-e0b6f7b7-07-s2-d15,119,10.0,-4.0,-14.0
2024-2024092000gm-00a9-0000-e0b6f7b7-07-s2-d15,120,-4.0,-4.0,0.0
2024-2024092000gm-00a9-0000-e0b6f7b7-07-s2-d15,121,-4.0,4.0,8.0
2024-2024092000gm-00a9-0000-e0b6f7b7-07-s2-d15,122,10.0,-4.0,-14.0
2024-2024092000gm-00a9-0000-e0b6f7b7-07-s2-d15,123,4.0,10.0,6.0
2024-2024092000gm-00a9-0000-e0b6f7b7-07-s2-d15,124,4.0,4.0,0.0
2024-2024092000gm-00a9-0000-e0b6f7b7-07-s2-d15,125,-4.0,-4.0,0.0
2024-2024092000gm-00a9-0000-e0b6f7b7-07-s2-d15,126,4.0,4.0,0.0
2024-2024092000gm-00a9-0000-e0b6f7b7-07-s2-d15,127,10.0,10.0,0.0
2024-2024092000gm-00a9-0000-e0b6f7b7-07-s2-d15,128,-4.0,10.0,14.0
2024-2024092000gm-00a9-0000-e0b6f7b7-07-s2-d15,129,-4.0,4.0,8.0
2024-2024092000gm-00a9-0000-e0b6f7b7-07-s2-d15,130,-4.0,-4.0,0.0
2024-2024092000gm-00a9-0000-e0b6f7b7-07-s2-d15,131,10.0,10.0,0.0
2024-2024092000gm-00a9-0000-e0b6f7b7-07-s2-d15,132,4.0,10.0,6.0
2024-2024092000gm-00a9-0000-e0b6f7b7-07-s2-d15,133,4.0,4.0,0.0
2024-2024092000gm-00a9-0000-e0b6f7b7-07-s2-d15,134,4.0,10.0,6.0
2024-2024092000gm-00a9-0000-e0b6f7b7-07-s2-d15,135,-4.0,10.0,14.0
2024-2024092000gm-00a9-0000-e0b6f7b7-07-s2-d15,136,4.0,4.0,0.0
2024-2024092000gm-00a9-0000-e0b6f7b7-07-s2-d15,137,4.0,4.0,0.0
2024-2024092000gm-00a9-0000-e0b6f7b7-07-s2-d15,138,-4.0,4.0,8.0
2024-2024092000gm-00a9-0000-e0b6f7b7-07-s2-d15,139,-4.0,10.0,14.0
2024-2024092000gm-00a9-0000-e0b6f7b7-07-s2-d15,140,-4.0,-4.0,0.0
2024-2024092000gm-00a9-0000-e0b6f7b7-07-s2-d15,141,-4.0,-4.0,0.0
2024-2024092000gm-00a9-0000-e0b6f7b7-07-s2-d15,142,4.0,4.0,0.0
2024-2024092000gm-00a9-0000-e0b6f7b7-07-s2-d15,143,-4.0,4.0,8.0
2024-2024092000gm-00a9-0000-e0b6f7b7-07-s2-d15,144,4.0,4.0,0.0
2024-2024092000gm-00a9-0000-e0b6f7b7-07-s2-d15,145,10.0,10.0,0.0
2024-2024092000gm-00a9-0000-e0b6f7b7-07-s2-d15,146,-4.0,10.0,14.0
2024-2024092000gm-00a9-0000-e0b6f7b7-07-s2-d15,147,4.0,4.0,0.0
2024-2024092000gm-00a9-0000-e0b6f7b7-07-s2-d15,148,-4.0,4.0,8.0
2024-2024092000gm-00a9-0000-e0b6f7b7-07-s2-d15,149,4.0,4.0,0.0
2024-2024092000gm-00a9-0000-e0b6f7b7-07-s2-d15,150,4.0,-4.0,-8.0
2024-2024092000gm-00a9-0000-e0b6f7b7-07-s2-d15,151,4.0,4.0,0.0
2024-2024092000gm-00a9-0000-e0b6f7b7-07-s2-d15,152,4.0,-4.0,-8.0
2024-2024092000gm-00a9-0000-e0b6f7b7-07-s2-d15,153,4.0,-4.0,-8.0
2024-2024092000gm-00a9-0000-e0b6f7b7-07-s2-d15,154,4.0,4.0,0.0
2024-2024092000gm-00a9-0000-e0b6f7b7-07-s2-d15,155,-4.0,-4.0,0.0
2024-2024092000gm-00a9-0000-e0b6f7b7-07-s2-d15,156,4.0,4.0,0.0
2024-2024092000gm-00a9-0000-e0b6f7b7-07-s2-d15,157,10.0,10.0,0.0
2024-2024092000gm-00a9-0000-e0b6f7b7-07-s2-d15,158,-4.0,10.0,14.0
2024-2024092000gm-00a9-0000-e0b6f7b7-07-s2-d15,159,10.0,10.0,0.0
2024-2024092000gm-00a9-0000-e0b6f7b7-07-s2-d15,160,10.0,10.0,0.0
2024-2024092000gm-00a9-0000-e0b6f7b7-07-s2-d15,161,4.0,-4.0,-8.0
2024-2024092000gm-00a9-0000-e0b6f7b7-07-s2-d15,162,10.0,-4.0,-14.0
2024-2024092000gm-00a9-0000-e0b6f7b7-07-s2-d15,163,10.0,10.0,0.0
2024-2024092000gm-00a9-0000-e0b6f7b7-07-s2-d15,164,-4.0,4.0,8.0
2024-2024092000gm-00a9-0000-e0b6f7b7-07-s2-d15,165,-4.0,-4.0,0.0
2024-2024092000gm-00a9-0000-e0b6f7b7-07-s2-d15,166,4.0,4.0,0.0
2024-2024092000gm-00a9-0000-e0b6f7b7-07-s2-d15,167,10.0,-4.0,-14.0
2024-2024092000gm-00a9-0000-e0b6f7b7-07-s2-d15,168,4.0,4.0,0.0
2024-2024092000gm-00a9-0000-e0b6f7b7-07-s2-d15,169,-4.0,10.0,14.0
2024-2024092000gm-00a9-0000-e0b6f7b7-07-s2-d15,170,-4.0,10.0,14.0
2024-2024092000gm-00a9-0000-e0b6f7b7-07-s2-d15,171,10.0,10.0,0.0
2024-2024092000gm-00a9-0000-e0b6f7b7-07-s2-d15,172,4.0,4.0,0.0
2024-2024092000gm-00a9-0000-e0b6f7b7-07-s2-d15,173,10.0,10.0,0.0
2024-2024092000gm-00a9-0000-e0b6f7b7-07-s2-d15,174,-4.0,10.0,14.0
2024-2024092000gm-00a9-0000-e0b6f7b7-07-s2-d15,175,4.0,4.0,0.0
2024-2024092000gm-00a9-0000-e0b6f7b7-07-s2-d15,176,-4.0,10.0,14.0
2024-2024092000gm-00a9-0000-e0b6f7b7-07-s2-d15,177,-4.0,10.0,14.0
2024-2024092000gm-00a9-0000-e0b6f7b7-07-s2-d15,178,4.0,4.0,0.0
2024-2024092000gm-00a9-0000-e0b6f7b7-07-s2-d15,179,10.0,-4.0,-14.0
2024-2024092000gm-00a9-0000-e0b6f7b7-07-s2-d15,180,10.0,4.0,-6.0
2024-2024092000gm-00a9-0000-e0b6f7b7-07-s2-d15,181,4.0,10.0,6.0
2024-2024092000gm-00a9-0000-e0b6f7b7-07-s2-d15,182,-4.0,-4.0,0.0
2024-2024092000gm-00a9-0000-e0b6f7b7-07-s2-d15,183,4.0,-4.0,-8.0
2024-2024092000gm-00a9-0000-e0b6f7b7-07-s2-d15,184,4.0,4.0,0.0
2024-2024092000gm-00a9-0000-e0b6f7b7-07-s2-d15,185,-4.0,-4.0,0.0
2024-2024092000gm-00a9-0000-e0b6f7b7-07-s2-d15,186,-4.0,-4.0,0.0
2024-2024092000gm-00a9-0000-e0b6f7b7-07-s2-d15,187,10.0,-4.0,-14.0
2024-2024092000gm-00a9-0000-e0b6f7b7-07-s2-d15,188,4.0,4.0,0.0
2024-2024092000gm-00a9-0000-e0b6f7b7-07-s2-d15,189,10.0,10.0,0.0
2024-2024092000gm-00a9-0000-e0b6f7b7-07-s2-d15,190,-4.0,-4.0,0.0
2024-2024092000gm-00a9-0000-e0b6f7b7-07-s2-d15,191,4.0,4.0,0.0
2024-2024092000gm-00a9-0000-e0b6f7b7-07-s2-d15,192,-4.0,-4.0,0.0
2024-2024092000gm-00a9-0000-e0b6f7b7-07-s2-d15,193,10.0,-4.0,-14.0
2024-2024092000gm-00a9-0000-e0b6f7b7-07-s2-d15,194,10.0,10.0,0.0
2024-2024092000gm-00a9-0000-e0b6f7b7-07-s2-d15,195,-4.0,-4.0,0.0
2024-2024092000gm-00a9-0000-e0b6f7b7-07-s2-d15,196,-4.0,-4.0,0.0
2024-2024092000gm-00a9-0000-e0b6f7b7-07-s2-d15,197,-4.0,-4.0,0.0
2024-2024092000gm-00a9-0000-e0b6f7b7-07-s2-d15,198,4.0,4.0,0.0
2024-2024092000gm-00a9-0000-e0b6f7b7-07-s2-d15,199,-4.0,4.0,8.0
2024-2024092000gm-00a9-0000-e0b6f7b7-07-s2-d15,200,4.0,-4.0,-8.0
2024-2024092000gm-00a9-0000-e0b6f7b7-07-s2-d15,201,4.0,-4.0,-8.0
2024-2024092000gm-00a9-0000-e0b6f7b7-07-s2-d15,202,-4.0,10.0,14.0
2024-2024092000gm-00a9-0000-e0b6f7b7-07-s2-d15,203,10.0,4.0,-6.0
2024-2024092000gm-00a9-0000-e0b6f7b7-07-s2-d15,204,4.0,10.0,6.0
2024-2024092000gm-00a9-0000-e0b6f7b7-07-s2-d15,205,-4.0,-4.0,0.0
2024-2024092000gm-00a9-0000-e0b6f7b7-07-s2-d15,206,4.0,-4.0,-8.0
2024-2024092000gm-00a9-0000-e0b6f7b7-07-s2-d15,207,10.0,10.0,0.0
2024-2024092000gm-00a9-0000-e0b6f7b7-07-s2-d15,208,-4.0,-4.0,0.0
2024-2024092000gm-00a9-0000-e0b6f7b7-07-s2-d15,209,-4.0,10.0,14.0
2024-2024092000gm-00a9-0000-e0b6f7b7-07-s2-d15,210,4.0,4.0,0.0
2024-2024092000gm-00a9-0000-e0b6f7b7-07-s2-d15,211,4.0,4.0,0.0
2024-2024092000gm-00a9-0000-e0b6f7b7-07-s2-d15,212,-4.0,-4.0,0.0
2024-2024092000gm-00a9-0000-e0b6f7b7-07-s2-d15,213,10.0,-4.0,-14.0
2024-2024092000gm-00a9-0000-e0b6f7b7-07-s2-d15,214,10.0,10.0,0.0
2024-2024092000gm-00a9-0000-e0b6f7b7-07-s2-d15,215,-4.0,-4.0,0.0
2024-2024092000gm-00a9-0000-e0b6f7b7-07-s2-d15,216,10.0,10.0,0.0
2024-2024092000gm-00a9-0000-e0b6f7b7-07-s2-d15,217,-4.0,10.0,14.0
2024-2024092000gm-00a9-0000-e0b6f7b7-07-s2-d15,218,-4.0,4.0,8.0
2024-2024092000gm-00a9-0000-e0b6f7b7-07-s2-d15,219,-4.0,-4.0,0.0
2024-2024092000gm-00a9-0000-e0b6f7b7-07-s2-d15,220,-4.0,-4.0,0.0
2024-2024092000gm-00a9-0000-e0b6f7b7-07-s2-d15,221,10.0,10.0,0.0
2024-2024092000gm-00a9-0000-e0b6f7b7-07-s2-d15,222,4.0,4.0,0.0
2024-2024092000gm-00a9-0000-e0b6f7b7-07-s2-d15,223,10.0,10.0,0.0
2024-2024092000gm-00a9-0000-e0b6f7b7-07-s2-d15,224,10.0,10.0,0.0
2024-2024092000gm-00a9-0000-e0b6f7b7-07-s2-d15,225,-4.0,-4.0,0.0
2024-2024092000gm-00a9-0000-e0b6f7b7-07-s2-d15,226,10.0,-4.0,-14.0
2024-2024092000gm-00a9-0000-e0b6f7b7-07-s2-d15,227,-4.0,-4.0,0.0
2024-2024092000gm-00a9-0000-e0b6f7b7-07-s2-d15,228,-4.0,-4.0,0.0
2024-2024092000gm-00a9-0000-e0b6f7b7-07-s2-d15,229,10.0,10.0,0.0
2024-2024092000gm-00a9-0000-e0b6f7b7-07-s2-d15,230,4.0,4.0,0.0
2024-2024092000gm-00a9-0000-e0b6f7b7-07-s2-d15,231,-4.0,10.0,14.0
2024-2024092000gm-00a9-0000-e0b6f7b7-07-s2-d15,232,-4.0,10.0,14.0
2024-2024092000gm-00a9-0000-e0b6f7b7-07-s2-d15,233,-4.0,-4.0,0.0
2024-2024092000gm-00a9-0000-e0b6f7b7-07-s2-d15,234,-4.0,4.0,8.0
2024-2024092000gm-00a9-0000-e0b6f7b7-07-s2-d15,235,-4.0,-4.0,0.0
2024-2024092000gm-00a9-0000-e0b6f7b7-07-s2-d15,236,-4.0,-4.0,0.0
2024-2024092000gm-00a9-0000-e0b6f7b7-07-s2-d15,237,-4.0,-4.0,0.0
2024-2024092000gm-00a9-0000-e0b6f7b7-07-s2-d15,238,4.0,10.0,6.0
2024-2024092000gm-00a9-0000-e0b6f7b7-07-s2-d15,239,10.0,-4.0,-14.0
2024-2024092000gm-00a9-0000-e0b6f7b7-07-s2-d15,240,4.0,4.0,0.0
2024-2024092000gm-00a9-0000-e0b6f7b7-07-s2-d15,241,4.0,10.0,6.0
2024-2024092000gm-00a9-0000-e0b6f7b7-07-s2-d15,242,-4.0,-4.0,0.0
2024-2024092000gm-00a9-0000-e0b6f7b7-07-s2-d15,243,4.0,-4.0,-8.0
2024-2024092000gm-00a9-0000-e0b6f7b7-07-s2-d15,244,10.0,4.0,-6.0
2024-2024092000gm-00a9-0000-e0b6f7b7-07-s2-d15,245,10.0,10.0,0.0
2024-2024092000gm-00a9-0000-e0b6f7b7-07-s2-d15,246,4.0,-4.0,-8.0
2024-2024092000gm-00a9-0000-e0b6f7b7-07-s2-d15,247,-4.0,10.0,14.0
2024-2024092000gm-00a9-0000-e0b6f7b7-07-s2-d15,248,4.0,4.0,0.0
2024-2024092000gm-00a9-0000-e0b6f7b7-07-s2-d15,249,-4.0,-4.0,0.0
2024-2024092000gm-00a9-0000-e0b6f7b7-07-s2-d15,250,10.0,10.0,0.0
2024-2024092000gm-00a9-0000-e0b6f7b7-07-s2-d15,251,4.0,-4.0,-8.0
2024-2024092000gm-00a9-0000-e0b6f7b7-07-s2-d15,252,10.0,4.0,-6.0
2024-2024092000gm-00a9-0000-e0b6f7b7-07-s2-d15,253,-4.0,4.0,8.0
2024-2024092000gm-00a9-0000-e0b6f7b7-07-s2-d15,254,-4.0,4.0,8.0
2024-2024092000gm-00a9-0000-e0b6f7b7-07-s2-d15,255,4.0,4.0,0.0
2024-2024092611gm-00a9-0000-4789b0e8-00-s3-d21,0,10.0,10.0,0.0
2024-2024092611gm-00a9-0000-4789b0e8-00-s3-d21,1,10.0,-10.0,-20.0
2024-2024092611gm-00a9-0000-4789b0e8-00-s3-d21,2,10.0,10.0,0.0
2024-2024092611gm-00a9-0000-4789b0e8-00-s3-d21,3,-10.0,-4.0,6.0
2024-2024092611gm-00a9-0000-4789b0e8-00-s3-d21,4,10.0,10.0,0.0
2024-2024092611gm-00a9-0000-4789b0e8-00-s3-d21,5,10.0,-4.0,-14.0
2024-2024092611gm-00a9-0000-4789b0e8-00-s3-d21,6,-4.0,10.0,14.0
2024-2024092611gm-00a9-0000-4789b0e8-00-s3-d21,7,-10.0,-10.0,0.0
2024-2024092611gm-00a9-0000-4789b0e8-00-s3-d21,8,10.0,-4.0,-14.0
2024-2024092611gm-00a9-0000-4789b0e8-00-s3-d21,9,10.0,10.0,0.0
2024-2024092611gm-00a9-0000-4789b0e8-00-s3-d21,10,4.0,4.0,0.0
2024-2024092611gm-00a9-0000-4789b0e8-00-s3-d21,11,10.0,10.0,0.0
2024-2024092611gm-00a9-0000-4789b0e8-00-s3-d21,12,4.0,4.0,0.0
2024-2024092611gm-00a9-0000-4789b0e8-00-s3-d21,13,4.0,4.0,0.0
2024-2024092611gm-00a9-0000-4789b0e8-00-s3-d21,14,10.0,10.0,0.0
2024-2024092611gm-00a9-0000-4789b0e8-00-s3-d21,15,10.0,4.0,-6.0
2024-2024092611gm-00a9-0000-4789b0e8-00-s3-d21,16,10.0,10.0,0.0
2024-2024092611gm-00a9-0000-4789b0e8-00-s3-d21,17,4.0,10.0,6.0
2024-2024092611gm-00a9-0000-4789b0e8-00-s3-d21,18,-4.0,-4.0,0.0
2024-2024092611gm-00a9-0000-4789b0e8-00-s3-d21,19,-4.0,-4.0,0.0
2024-2024092611gm-00a9-0000-4789b0e8-00-s3-d21,20,-10.0,-10.0,0.0
2024-2024092611gm-00a9-0000-4789b0e8-00-s3-d21,21,10.0,10.0,0.0
2024-2024092611gm-00a9-0000-4789b0e8-00-s3-d21,22,-4.0,10.0,14.0
2024-2024092611gm-00a9-0000-4789b0e8-00-s3-d21,23,-4.0,-4.0,0.0
2024-2024092611gm-00a9-0000-4789b0e8-00-s3-d21,24,4.0,4.0,0.0
2024-2024092611gm-00a9-0000-4789b0e8-00-s3-d21,25,-4.0,10.0,14.0
2024-2024092611gm-00a9-0000-4789b0e8-00-s3-d21,26,-10.0,4.0,14.0
2024-2024092611gm-00a9-0000-4789b0e8-00-s3-d21,27,10.0,-10.0,-20.0
2024-2024092611gm-00a9-0000-4789b0e8-00-s3-d21,28,10.0,10.0,0.0
2024-2024092611gm-00a9-0000-4789b0e8-00-s3-d21,29,4.0,4.0,0.0
2024-2024092611gm-00a9-0000-4789b0e8-00-s3-d21,30,-10.0,-10.0,0.0
2024-2024092611gm-00a9-0000-4789b0e8-00-s3-d21,31,4.0,4.0,0.0
2024-2024092611gm-00a9-0000-4789b0e8-00-s3-d21,32,-10.0,10.0,20.0
2024-2024092611gm-00a9-0000-4789b0e8-00-s3-d21,33,4.0,4.0,0.0
2024-2024092611gm-00a9-0000-4789b0e8-00-s3-d21,34,4.0,-10.0,-14.0
2024-2024092611gm-00a9-0000-4789b0e8-00-s3-d21,35,4.0,4.0,0.0
2024-2024092611gm-00a9-0000-4789b0e8-00-s3-d21,36,10.0,10.0,0.0
2024-2024092611gm-00a9-0000-4789b0e8-00-s3-d21,37,10.0,10.0,0.0
2024-2024092611gm-00a9-0000-4789b0e8-00-s3-d21,38,-10.0,-10.0,0.0
2024-2024092611gm-00a9-0000-4789b0e8-00-s3-d21,39,-10.0,-10.0,0.0
2024-2024092611gm-00a9-0000-4789b0e8-00-s3-d21,40,10.0,-4.0,-14.0
2024-2024092611gm-00a9-0000-4789b0e8-00-s3-d21,41,4.0,4.0,0.0
2024-2024092611gm-00a9-0000-4789b0e8-00-s3-d21,42,4.0,4.0,0.0
2024-2024092611gm-00a9-0000-4789b0e8-00-s3-d21,43,10.0,10.0,0.0
2024-2024092611gm-00a9-0000-4789b0e8-00-s3-d21,44,10.0,10.0,0.0
2024-2024092611gm-00a9-0000-4789b0e8-00-s3-d21,45,-10.0,-10.0,0.0
2024-2024092611gm-00a9-0000-4789b0e8-00-s3-d21,46,4.0,4.0,0.0
2024-2024092611gm-00a9-0000-4789b0e8-00-s3-d21,47,-10.0,-10.0,0.0
2024-2024092611gm-00a9-0000-4789b0e8-00-s3-d21,48,-10.0,-10.0,0.0
2024-2024092611gm-00a9-0000-4789b0e8-00-s3-d21,49,4.0,10.0,6.0
2024-2024092611gm-00a9-0000-4789b0e8-00-s3-d21,50,-10.0,-10.0,0.0
2024-2024092611gm-00a9-0000-4789b0e8-00-s3-d21,51,10.0,10.0,0.0
2024-2024092611gm-00a9-0000-4789b0e8-00-s3-d21,52,-10.0,-10.0,0.0
2024-2024092611gm-00a9-0000-4789b0e8-00-s3-d21,53,10.0,4.0,-6.0
2024-2024092611gm-00a9-0000-4789b0e8-00-s3-d21,54,-4.0,-4.0,0.0
2024-2024092611gm-00a9-0000-4789b0e8-00-s3-d21,55,-10.0,-4.0,6.0
2024-2024092611gm-00a9-0000-4789b0e8-00-s3-d21,56,4.0,4.0,0.0
2024-2024092611gm-00a9-0000-4789b0e8-00-s3-d21,57,-4.0,-4.0,0.0
2024-2024092611gm-00a9-0000-4789b0e8-00-s3-d21,58,10.0,10.0,0.0
2024-2024092611gm-00a9-0000-4789b0e8-00-s3-d21,59,4.0,10.0,6.0
2024-2024092611gm-00a9-0000-4789b0e8-00-s3-d21,60,4.0,-4.0,-8.0
2024-2024092611gm-00a9-0000-4789b0e8-00-s3-d21,61,10.0,10.0,0.0
2024-2024092611gm-00a9-0000-4789b0e8-00-s3-d21,62,4.0,4.0,0.0
2024-2024092611gm-00a9-0000-4789b0e8-00-s3-d21,63,10.0,10.0,0.0
2024-2024092611gm-00a9-0000-4789b0e8-00-s3-d21,64,4.0,4.0,0.0
2024-2024092611gm-00a9-0000-4789b0e8-00-s3-d21,65,-10.0,-4.0,6.0
2024-2024092611gm-00a9-0000-4789b0e8-00-s3-d21,66,-4.0,-10.0,-6.0
2024-2024092611gm-00a9-0000-4789b0e8-00-s3-d21,67,10.0,-4.0,-14.0
2024-2024092611gm-00a9-0000-4789b0e8-00-s3-d21,68,-10.0,-10.0,0.0
2024-2024092611gm-00a9-0000-4789b0e8-00-s3-d21,69,-4.0,-4.0,0.0
2024-2024092611gm-00a9-0000-4789b0e8-00-s3-d21,70,-10.0,-10.0,0.0
2024-2024092611gm-00a9-0000-4789b0e8-00-s3-d21,71,-4.0,-4.0,0.0
2024-2024092611gm-00a9-0000-4789b0e8-00-s3-d21,72,-4.0,-4.0,0.0
2024-2024092611gm-00a9-0000-4789b0e8-00-s3-d21,73,10.0,-4.0,-14.0
2024-2024092611gm-00a9-0000-4789b0e8-00-s3-d21,74,-4.0,4.0,8.0
2024-2024092611gm-00a9-0000-4789b0e8-00-s3-d21,75,10.0,10.0,0.0
2024-2024092611gm-00a9-0000-4789b0e8-00-s3-d21,76,-4.0,4.0,8.0
2024-2024092611gm-00a9-0000-4789b0e8-00-s3-d21,77,4.0,4.0,0.0
2024-2024092611gm-00a9-0000-4789b0e8-00-s3-d21,78,10.0,10.0,0.0
2024-2024092611gm-00a9-0000-4789b0e8-00-s3-d21,79,-4.0,-4.0,0.0
2024-2024092611gm-00a9-0000-4789b0e8-00-s3-d21,80,4.0,-4.0,-8.0
2024-2024092611gm-00a9-0000-4789b0e8-00-s3-d21,81,-4.0,10.0,14.0
2024-2024092611gm-00a9-0000-4789b0e8-00-s3-d21,82,-4.0,10.0,14.0
2024-2024092611gm-00a9-0000-4789b0e8-00-s3-d21,83,-10.0,4.0,14.0
2024-2024092611gm-00a9-0000-4789b0e8-00-s3-d21,84,4.0,4.0,0.0
2024-2024092611gm-00a9-0000-4789b0e8-00-s3-d21,85,10.0,-4.0,-14.0
2024-2024092611gm-00a9-0000-4789b0e8-00-s3-d21,86,-4.0,10.0,14.0
2024-2024092611gm-00a9-0000-4789b0e8-00-s3-d21,87,-10.0,-4.0,6.0
2024-2024092611gm-00a9-0000-4789b0e8-00-s3-d21,88,4.0,-10.0,-14.0
2024-2024092611gm-00a9-0000-4789b0e8-00-s3-d21,89,-4.0,-4.0,0.0
2024-2024092611gm-00a9-0000-4789b0e8-00-s3-d21,90,-4.0,4.0,8.0
2024-2024092611gm-00a9-0000-4789b0e8-00-s3-d21,91,-4.0,4.0,8.0
2024-2024092611gm-00a9-0000-4789b0e8-00-s3-d21,92,-4.0,-4.0,0.0
2024-2024092611gm-00a9-0000-4789b0e8-00-s3-d21,93,4.0,4.0,0.0
2024-2024092611gm-00a9-0000-4789b0e8-00-s3-d21,94,-4.0,-4.0,0.0
2024-2024092611gm-00a9-0000-4789b0e8-00-s3-d21,95,-4.0,-4.0,0.0
2024-2024092611gm-00a9-0000-4789b0e8-00-s3-d21,96,10.0,10.0,0.0
2024-2024092611gm-00a9-0000-4789b0e8-00-s3-d21,97,-10.0,4.0,14.0
2024-2024092611gm-00a9-0000-4789b0e8-00-s3-d21,98,4.0,4.0,0.0
2024-2024092611gm-00a9-0000-4789b0e8-00-s3-d21,99,4.0,-4.0,-8.0
2024-2024092611gm-00a9-0000-4789b0e8-00-s3-d21,100,-10.0,4.0,14.0
2024-2024092611gm-00a9-0000-4789b0e8-00-s3-d21,101,4.0,-10.0,-14.0
2024-2024092611gm-00a9-0000-4789b0e8-00-s3-d21,102,10.0,-4.0,-14.0
2024-2024092611gm-00a9-0000-4789b0e8-00-s3-d21,103,10.0,-4.0,-14.0
2024-2024092611gm-00a9-0000-4789b0e8-00-s3-d21,104,10.0,-10.0,-20.0
2024-2024092611gm-00a9-0000-4789b0e8-00-s3-d21,105,-4.0,-4.0,0.0
2024-2024092611gm-00a9-0000-4789b0e8-00-s3-d21,106,10.0,10.0,0.0
2024-2024092611gm-00a9-0000-4789b0e8-00-s3-d21,107,10.0,10.0,0.0
2024-2024092611gm-00a9-0000-4789b0e8-00-s3-d21,108,-4.0,4.0,8.0
2024-2024092611gm-00a9-0000-4789b0e8-00-s3-d21,109,10.0,10.0,0.0
2024-2024092611gm-00a9-0000-4789b0e8-00-s3-d21,110,-4.0,-4.0,0.0
2024-2024092611gm-00a9-0000-4789b0e8-00-s3-d21,111,-10.0,-10.0,0.0
2024-2024092611gm-00a9-0000-4789b0e8-00-s3-d21,112,-10.0,-4.0,6.0
2024-2024092611gm-00a9-0000-4789b0e8-00-s3-d21,113,4.0,10.0,6.0
2024-2024092611gm-00a9-0000-4789b0e8-00-s3-d21,114,-10.0,-10.0,0.0
2024-2024092611gm-00a9-0000-4789b0e8-00-s3-d21,115,-4.0,-4.0,0.0
2024-2024092611gm-00a9-0000-4789b0e8-00-s3-d21,116,-10.0,-4.0,6.0
2024-2024092611gm-00a9-0000-4789b0e8-00-s3-d21,117,4.0,4.0,0.0
2024-2024092611gm-00a9-0000-4789b0e8-00-s3-d21,118,-10.0,-4.0,6.0
2024-2024092611gm-00a9-0000-4789b0e8-00-s3-d21,119,-10.0,-10.0,0.0
2024-2024092611gm-00a9-0000-4789b0e8-00-s3-d21,120,10.0,10.0,0.0
2024-2024092611gm-00a9-0000-4789b0e8-00-s3-d21,121,-10.0,-10.0,0.0
2024-2024092611gm-00a9-0000-4789b0e8-00-s3-d21,122,10.0,10.0,0.0
2024-2024092611gm-00a9-0000-4789b0e8-00-s3-d21,123,4.0,4.0,0.0
2024-2024092611gm-00a9-0000-4789b0e8-00-s3-d21,124,4.0,4.0,0.0
2024-2024092611gm-00a9-0000-4789b0e8-00-s3-d21,125,-10.0,4.0,14.0
2024-2024092611gm-00a9-0000-4789b0e8-00-s3-d21,126,-10.0,-4.0,6.0
2024-2024092611gm-00a9-0000-4789b0e8-00-s3-d21,127,-10.0,10.0,20.0
2024-2024092611gm-00a9-0000-4789b0e8-00-s3-d21,128,4.0,-10.0,-14.0
2024-2024092611gm-00a9-0000-4789b0e8-00-s3-d21,129,10.0,10.0,0.0
2024-2024092611gm-00a9-0000-4789b0e8-00-s3-d21,130,4.0,4.0,0.0
2024-2024092611gm-00a9-0000-4789b0e8-00-s3-d21,131,-10.0,-10.0,0.0
2024-2024092611gm-00a9-0000-4789b0e8-00-s3-d21,132,10.0,10.0,0.0
2024-2024092611gm-00a9-0000-4789b0e8-00-s3-d21,133,10.0,-10.0,-20.0
2024-2024092611gm-00a9-0000-4789b0e8-00-s3-d21,134,4.0,4.0,0.0
2024-2024092611gm-00a9-0000-4789b0e8-00-s3-d21,135,10.0,4.0,-6.0
2024-2024092611gm-00a9-0000-4789b0e8-00-s3-d21,136,-4.0,-4.0,0.0
2024-2024092611gm-00a9-0000-4789b0e8-00-s3-d21,137,-10.0,-10.0,0.0
2024-2024092611gm-00a9-0000-4789b0e8-00-s3-d21,138,10.0,10.0,0.0
2024-2024092611gm-00a9-0000-4789b0e8-00-s3-d21,139,-10.0,4.0,14.0
2024-2024092611gm-00a9-0000-4789b0e8-00-s3-d21,140,-10.0,-10.0,0.0
2024-2024092611gm-00a9-0000-4789b0e8-00-s3-d21,141,-10.0,-10.0,0.0
2024-2024092611gm-00a9-0000-4789b0e8-00-s3-d21,142,4.0,4.0,0.0
2024-2024092611gm-00a9-0000-4789b0e8-00-s3-d21,143,4.0,10.0,6.0
2024-2024092611gm-00a9-0000-4789b0e8-00-s3-d21,144,4.0,4.0,0.0
2024-2024092611gm-00a9-0000-4789b0e8-00-s3-d21,145,-10.0,-4.0,6.0
2024-2024092611gm-00a9-0000-4789b0e8-00-s3-d21,146,-4.0,-10.0,-6.0
2024-2024092611gm-00a9-0000-4789b0e8-00-s3-d21,147,-4.0,-4.0,0.0
2024-2024092611gm-00a9-0000-4789b0e8-00-s3-d21,148,-10.0,4.0,14.0
2024-2024092611gm-00a9-0000-4789b0e8-00-s3-d21,149,4.0,-4.0,-8.0
2024-2024092611gm-00a9-0000-4789b0e8-00-s3-d21,150,-10.0,-4.0,6.0
2024-2024092611gm-00a9-0000-4789b0e8-00-s3-d21,151,-10.0,-10.0,0.0
2024-2024092611gm-00a9-0000-4789b0e8-00-s3-d21,152,10.0,10.0,0.0
2024-2024092611gm-00a9-0000-4789b0e8-00-s3-d21,153,-10.0,4.0,14.0
2024-2024092611gm-00a9-0000-4789b0e8-00-s3-d21,154,-10.0,-4.0,6.0
2024-2024092611gm-00a9-0000-4789b0e8-00-s3-d21,155,-4.0,-4.0,0.0
2024-2024092611gm-00a9-0000-4789b0e8-00-s3-d21,156,10.0,4.0,-6.0
2024-2024092611gm-00a9-0000-4789b0e8-00-s3-d21,157,-4.0,-4.0,0.0
2024-2024092611gm-00a9-0000-4789b0e8-00-s3-d21,158,4.0,4.0,0.0
2024-2024092611gm-00a9-0000-4789b0e8-00-s3-d21,159,4.0,4.0,0.0
2024-2024092611gm-00a9-0000-4789b0e8-00-s3-d21,160,4.0,4.0,0.0
2024-2024092611gm-00a9-0000-4789b0e8-00-s3-d21,161,-10.0,-10.0,0.0
2024-2024092611gm-00a9-0000-4789b0e8-00-s3-d21,162,-4.0,4.0,8.0
2024-2024092611gm-00a9-0000-4789b0e8-00-s3-d21,163,-10.0,-10.0,0.0
2024-2024092611gm-00a9-0000-4789b0e8-00-s3-d21,164,-10.0,10.0,20.0
2024-2024092611gm-00a9-0000-4789b0e8-00-s3-d21,165,-10.0,-10.0,0.0
2024-2024092611gm-00a9-0000-4789b0e8-00-s3-d21,166,-4.0,-4.0,0.0
2024-2024092611gm-00a9-0000-4789b0e8-00-s3-d21,167,-10.0,-10.0,0.0
2024-2024092611gm-00a9-0000-4789b0e8-00-s3-d21,168,-10.0,-10.0,0.0
2024-2024092611gm-00a9-0000-4789b0e8-00-s3-d21,169,-4.0,-4.0,0.0
2024-2024092611gm-00a9-0000-4789b0e8-00-s3-d21,170,-10.0,4.0,14.0
2024-2024092611gm-00a9-0000-4789b0e8-00-s3-d21,171,4.0,10.0,6.0
2024-2024092611gm-00a9-0000-4789b0e8-00-s3-d21,172,-10.0,4.0,14.0
2024-2024092611gm-00a9-0000-4789b0e8-00-s3-d21,173,-4.0,4.0,8.0
2024-2024092611gm-00a9-0000-4789b0e8-00-s3-d21,174,10.0,-10.0,-20.0
2024-2024092611gm-00a9-0000-4789b0e8-00-s3-d21,175,-4.0,10.0,14.0
2024-2024092611gm-00a9-0000-4789b0e8-00-s3-d21,176,-4.0,4.0,8.0
2024-2024092611gm-00a9-0000-4789b0e8-00-s3-d21,177,-4.0,10.0,14.0
2024-2024092611gm-00a9-0000-4789b0e8-00-s3-d21,178,4.0,-10.0,-14.0
2024-2024092611gm-00a9-0000-4789b0e8-00-s3-d21,179,4.0,4.0,0.0
2024-2024092611gm-00a9-0000-4789b0e8-00-s3-d21,180,-4.0,-4.0,0.0
2024-2024092611gm-00a9-0000-4789b0e8-00-s3-d21,181,10.0,10.0,0.0
2024-2024092611gm-00a9-0000-4789b0e8-00-s3-d21,182,4.0,-4.0,-8.0
2024-2024092611gm-00a9-0000-4789b0e8-00-s3-d21,183,-4.0,-4.0,0.0
2024-2024092611gm-00a9-0000-4789b0e8-00-s3-d21,184,10.0,4.0,-6.0
2024-2024092611gm-00a9-0000-4789b0e8-00-s3-d21,185,-4.0,10.0,14.0
2024-2024092611gm-00a9-0000-4789b0e8-00-s3-d21,186,-10.0,4.0,14.0
2024-2024092611gm-00a9-0000-4789b0e8-00-s3-d21,187,10.0,-10.0,-20.0
2024-2024092611gm-00a9-0000-4789b0e8-00-s3-d21,188,-4.0,-4.0,0.0
2024-2024092611gm-00a9-0000-4789b0e8-00-s3-d21,189,-10.0,-10.0,0.0
2024-2024092611gm-00a9-0000-4789b0e8-00-s3-d21,190,4.0,-10.0,-14.0
2024-2024092611gm-00a9-0000-4789b0e8-00-s3-d21,191,10.0,10.0,0.0
2024-2024092611gm-00a9-0000-4789b0e8-00-s3-d21,192,10.0,10.0,0.0
2024-2024092611gm-00a9-0000-4789b0e8-00-s3-d21,193,-4.0,-10.0,-6.0
2024-2024092611gm-00a9-0000-4789b0e8-00-s3-d21,194,10.0,10.0,0.0
2024-2024092611gm-00a9-0000-4789b0e8-00-s3-d21,195,-4.0,-4.0,0.0
2024-2024092611gm-00a9-0000-4789b0e8-00-s3-d21,196,-10.0,10.0,20.0
2024-2024092611gm-00a9-0000-4789b0e8-00-s3-d21,197,-4.0,-4.0,0.0
2024-2024092611gm-00a9-0000-4789b0e8-00-s3-d21,198,-10.0,4.0,14.0
2024-2024092611gm-00a9-0000-4789b0e8-00-s3-d21,199,10.0,-10.0,-20.0
2024-2024092611gm-00a9-0000-4789b0e8-00-s3-d21,200,-10.0,10.0,20.0
2024-2024092611gm-00a9-0000-4789b0e8-00-s3-d21,201,10.0,10.0,0.0
2024-2024092611gm-00a9-0000-4789b0e8-00-s3-d21,202,4.0,10.0,6.0
2024-2024092611gm-00a9-0000-4789b0e8-00-s3-d21,203,10.0,10.0,0.0
2024-2024092611gm-00a9-0000-4789b0e8-00-s3-d21,204,-10.0,-10.0,0.0
2024-2024092611gm-00a9-0000-4789b0e8-00-s3-d21,205,4.0,4.0,0.0
2024-2024092611gm-00a9-0000-4789b0e8-00-s3-d21,206,-4.0,4.0,8.0
2024-2024092611gm-00a9-0000-4789b0e8-00-s3-d21,207,-10.0,-10.0,0.0
2024-2024092611gm-00a9-0000-4789b0e8-00-s3-d21,208,10.0,10.0,0.0
2024-2024092611gm-00a9-0000-4789b0e8-00-s3-d21,209,10.0,10.0,0.0
2024-2024092611gm-00a9-0000-4789b0e8-00-s3-d21,210,-10.0,-10.0,0.0
2024-2024092611gm-00a9-0000-4789b0e8-00-s3-d21,211,10.0,4.0,-6.0
2024-2024092611gm-00a9-0000-4789b0e8-00-s3-d21,212,4.0,4.0,0.0
2024-2024092611gm-00a9-0000-4789b0e8-00-s3-d21,213,-4.0,-10.0,-6.0
2024-2024092611gm-00a9-0000-4789b0e8-00-s3-d21,214,-4.0,-10.0,-6.0
2024-2024092611gm-00a9-0000-4789b0e8-00-s3-d21,215,10.0,10.0,0.0
2024-2024092611gm-00a9-0000-4789b0e8-00-s3-d21,216,-10.0,-10.0,0.0
2024-2024092611gm-00a9-0000-4789b0e8-00-s3-d21,217,4.0,4.0,0.0
2024-2024092611gm-00a9-0000-4789b0e8-00-s3-d21,218,-10.0,-10.0,0.0
2024-2024092611gm-00a9-0000-4789b0e8-00-s3-d21,219,4.0,10.0,6.0
2024-2024092611gm-00a9-0000-4789b0e8-00-s3-d21,220,10.0,10.0,0.0
2024-2024092611gm-00a9-0000-4789b0e8-00-s3-d21,221,-4.0,-4.0,0.0
2024-2024092611gm-00a9-0000-4789b0e8-00-s3-d21,222,-4.0,-10.0,-6.0
2024-2024092611gm-00a9-0000-4789b0e8-00-s3-d21,223,4.0,4.0,0.0
2024-2024092611gm-00a9-0000-4789b0e8-00-s3-d21,224,-4.0,-4.0,0.0
2024-2024092611gm-00a9-0000-4789b0e8-00-s3-d21,225,4.0,4.0,0.0
2024-2024092611gm-00a9-0000-4789b0e8-00-s3-d21,226,4.0,4.0,0.0
2024-2024092611gm-00a9-0000-4789b0e8-00-s3-d21,227,-10.0,-10.0,0.0
2024-2024092611gm-00a9-0000-4789b0e8-00-s3-d21,228,-10.0,-4.0,6.0
2024-2024092611gm-00a9-0000-4789b0e8-00-s3-d21,229,10.0,10.0,0.0
2024-2024092611gm-00a9-0000-4789b0e8-00-s3-d21,230,-4.0,-4.0,0.0
2024-2024092611gm-00a9-0000-4789b0e8-00-s3-d21,231,4.0,10.0,6.0
2024-2024092611gm-00a9-0000-4789b0e8-00-s3-d21,232,-10.0,10.0,20.0
2024-2024092611gm-00a9-0000-4789b0e8-00-s3-d21,233,10.0,10.0,0.0
2024-2024092611gm-00a9-0000-4789b0e8-00-s3-d21,234,10.0,10.0,0.0
2024-2024092611gm-00a9-0000-4789b0e8-00-s3-d21,235,4.0,10.0,6.0
2024-2024092611gm-00a9-0000-4789b0e8-00-s3-d21,236,-10.0,-10.0,0.0
2024-2024092611gm-00a9-0000-4789b0e8-00-s3-d21,237,10.0,-4.0,-14.0
2024-2024092611gm-00a9-0000-4789b0e8-00-s3-d21,238,10.0,10.0,0.0
2024-2024092611gm-00a9-0000-4789b0e8-00-s3-d21,239,4.0,4.0,0.0
2024-2024092611gm-00a9-0000-4789b0e8-00-s3-d21,240,-10.0,-10.0,0.0
2024-2024092611gm-00a9-0000-4789b0e8-00-s3-d21,241,-10.0,-10.0,0.0
2024-2024092611gm-00a9-0000-4789b0e8-00-s3-d21,242,-10.0,-10.0,0.0
2024-2024092611gm-00a9-0000-4789b0e8-00-s3-d21,243,-4.0,4.0,8.0
2024-2024092611gm-00a9-0000-4789b0e8-00-s3-d21,244,10.0,10.0,0.0
2024-2024092611gm-00a9-0000-4789b0e8-00-s3-d21,245,-4.0,-4.0,0.0
2024-2024092611gm-00a9-0000-4789b0e8-00-s3-d21,246,-10.0,-10.0,0.0
2024-2024092611gm-00a9-0000-4789b0e8-00-s3-d21,247,4.0,4.0,0.0
2024-2024092611gm-00a9-0000-4789b0e8-00-s3-d21,248,4.0,-10.0,-14.0
2024-2024092611gm-00a9-0000-4789b0e8-00-s3-d21,249,-10.0,4.0,14.0
2024-2024092611gm-00a9-0000-4789b0e8-00-s3-d21,250,10.0,4.0,-6.0
2024-2024092611gm-00a9-0000-4789b0e8-00-s3-d21,251,-10.0,-4.0,6.0
2024-2024092611gm-00a9-0000-4789b0e8-00-s3-d21,252,4.0,-4.0,-8.0
2024-2024092611gm-00a9-0000-4789b0e8-00-s3-d21,253,-4.0,10.0,14.0
2024-2024092611gm-00a9-0000-4789b0e8-00-s3-d21,254,10.0,10.0,0.0
2024-2024092611gm-00a9-0000-4789b0e8-00-s3-d21,255,-10.0,-10.0,0.0
2024-2024122023gm-00a9-0000-df6602c9-02-s2-d15,0,-4.0,-4.0,0.0
2024-2024122023gm-00a9-0000-df6602c9-02-s2-d15,1,-10.0,-10.0,0.0
2024-2024122023gm-00a9-0000-df6602c9-02-s2-d15,2,4.0,-4.0,-8.0
2024-2024122023gm-00a9-0000-df6602c9-02-s2-d15,3,4.0,4.0,0.0
2024-2024122023gm-00a9-0000-df6602c9-02-s2-d15,4,-10.0,10.0,20.0
2024-2024122023gm-00a9-0000-df6602c9-02-s2-d15,5,-10.0,10.0,20.0
2024-2024122023gm-00a9-0000-df6602c9-02-s2-d15,6,10.0,4.0,-6.0
2024-2024122023gm-00a9-0000-df6602c9-02-s2-d15,7,4.0,4.0,0.0
2024-2024122023gm-00a9-0000-df6602c9-02-s2-d15,8,-10.0,-4.0,6.0
2024-2024122023gm-00a9-0000-df6602c9-02-s2-d15,9,4.0,4.0,0.0
2024-2024122023gm-00a9-0000-df6602c9-02-s2-d15,10,-10.0,-4.0,6.0
2024-2024122023gm-00a9-0000-df6602c9-02-s2-d15,11,10.0,-4.0,-14.0
2024-2024122023gm-00a9-0000-df6602c9-02-s2-d15,12,-10.0,-10.0,0.0
2024-2024122023gm-00a9-0000-df6602c9-02-s2-d15,13,10.0,-10.0,-20.0
2024-2024122023gm-00a9-0000-df6602c9-02-s2-d15,14,10.0,4.0,-6.0
2024-2024122023gm-00a9-0000-df6602c9-02-s2-d15,15,4.0,10.0,6.0
2024-2024122023gm-00a9-0000-df6602c9-02-s2-d15,16,-10.0,4.0,14.0
2024-2024122023gm-00a9-0000-df6602c9-02-s2-d15,17,-4.0,-4.0,0.0
2024-2024122023gm-00a9-0000-df6602c9-02-s2-d15,18,-4.0,-4.0,0.0
2024-2024122023gm-00a9-0000-df6602c9-02-s2-d15,19,-4.0,-10.0,-6.0
2024-2024122023gm-00a9-0000-df6602c9-02-s2-d15,20,-10.0,10.0,20.0
2024-2024122023gm-00a9-0000-df6602c9-02-s2-d15,21,-10.0,4.0,14.0
2024-2024122023gm-00a9-0000-df6602c9-02-s2-d15,22,-4.0,-4.0,0.0
2024-2024122023gm-00a9-0000-df6602c9-02-s2-d15,23,-4.0,-4.0,0.0
2024-2024122023gm-00a9-0000-df6602c9-02-s2-d15,24,10.0,-10.0,-20.0
2024-2024122023gm-00a9-0000-df6602c9-02-s2-d15,25,-4.0,-4.0,0.0
2024-2024122023gm-00a9-0000-df6602c9-02-s2-d15,26,-4.0,-4.0,0.0
2024-2024122023gm-00a9-0000-df6602c9-02-s2-d15,27,10.0,-4.0,-14.0
2024-2024122023gm-00a9-0000-df6602c9-02-s2-d15,28,10.0,-4.0,-14.0
2024-2024122023gm-00a9-0000-df6602c9-02-s2-d15,29,4.0,-4.0,-8.0
2024-2024122023gm-00a9-0000-df6602c9-02-s2-d15,30,-4.0,10.0,14.0
2024-2024122023gm-00a9-0000-df6602c9-02-s2-d15,31,-10.0,-4.0,6.0
2024-2024122023gm-00a9-0000-df6602c9-02-s2-d15,32,10.0,-4.0,-14.0
2024-2024122023gm-00a9-0000-df6602c9-02-s2-d15,33,10.0,10.0,0.0
2024-2024122023gm-00a9-0000-df6602c9-02-s2-d15,34,-4.0,10.0,14.0
2024-2024122023gm-00a9-0000-df6602c9-02-s2-d15,35,-10.0,-10.0,0.0
2024-2024122023gm-00a9-0000-df6602c9-02-s2-d15,36,4.0,4.0,0.0
2024-2024122023gm-00a9-0000-df6602c9-02-s2-d15,37,10.0,4.0,-6.0
2024-2024122023gm-00a9-0000-df6602c9-02-s2-d15,38,4.0,4.0,0.0
2024-2024122023gm-00a9-0000-df6602c9-02-s2-d15,39,4.0,-10.0,-14.0
2024-2024122023gm-00a9-0000-df6602c9-02-s2-d15,40,-10.0,4.0,14.0
2024-2024122023gm-00a9-0000-df6602c9-02-s2-d15,41,10.0,10.0,0.0
2024-2024122023gm-00a9-0000-df6602c9-02-s2-d15,42,10.0,4.0,-6.0
2024-2024122023gm-00a9-0000-df6602c9-02-s2-d15,43,-4.0,-4.0,0.0
2024-2024122023gm-00a9-0000-df6602c9-02-s2-d15,44,4.0,-10.0,-14.0
2024-2024122023gm-00a9-0000-df6602c9-02-s2-d15,45,10.0,10.0,0.0
2024-2024122023gm-00a9-0000-df6602c9-02-s2-d15,46,-4.0,4.0,8.0
2024-2024122023gm-00a9-0000-df6602c9-02-s2-d15,47,-4.0,-4.0,0.0
2024-2024122023gm-00a9-0000-df6602c9-02-s2-d15,48,-4.0,-4.0,0.0
2024-2024122023gm-00a9-0000-df6602c9-02-s2-d15,49,-10.0,4.0,14.0
2024-2024122023gm-00a9-0000-df6602c9-02-s2-d15,50,-4.0,-4.0,0.0
2024-2024122023gm-00a9-0000-df6602c9-02-s2-d15,51,10.0,-10.0,-20.0
2024-2024122023gm-00a9-0000-df6602c9-02-s2-d15,52,-10.0,-4.0,6.0
2024-2024122023gm-00a9-0000-df6602c9-02-s2-d15,53,-4.0,-4.0,0.0
2024-2024122023gm-00a9-0000-df6602c9-02-s2-d15,54,10.0,10.0,0.0
2024-2024122023gm-00a9-0000-df6602c9-02-s2-d15,55,10.0,10.0,0.0
2024-2024122023gm-00a9-0000-df6602c9-02-s2-d15,56,10.0,-10.0,-20.0
2024-2024122023gm-00a9-0000-df6602c9-02-s2-d15,57,10.0,4.0,-6.0
2024-2024122023gm-00a9-0000-df6602c9-02-s2-d15,58,4.0,10.0,6.0
2024-2024122023gm-00a9-0000-df6602c9-02-s2-d15,59,10.0,-4.0,-14.0
2024-2024122023gm-00a9-0000-df6602c9-02-s2-d15,60,10.0,4.0,-6.0
2024-2024122023gm-00a9-0000-df6602c9-02-s2-d15,61,-10.0,10.0,20.0
2024-2024122023gm-00a9-0000-df6602c9-02-s2-d15,62,10.0,10.0,0.0
2024-2024122023gm-00a9-0000-df6602c9-02-s2-d15,63,-10.0,-10.0,0.0
2024-2024122023gm-00a9-0000-df6602c9-02-s2-d15,64,-4.0,10.0,14.0
2024-2024122023gm-00a9-0000-df6602c9-02-s2-d15,65,10.0,10.0,0.0
2024-2024122023gm-00a9-0000-df6602c9-02-s2-d15,66,-4.0,4.0,8.0
2024-2024122023gm-00a9-0000-df6602c9-02-s2-d15,67,4.0,4.0,0.0
2024-2024122023gm-00a9-0000-df6602c9-02-s2-d15,68,4.0,4.0,0.0
2024-2024122023gm-00a9-0000-df6602c9-02-s2-d15,69,4.0,10.0,6.0
2024-2024122023gm-00a9-0000-df6602c9-02-s2-d15,70,-4.0,-4.0,0.0
2024-2024122023gm-00a9-0000-df6602c9-02-s2-d15,71,4.0,-4.0,-8.0
2024-2024122023gm-00a9-0000-df6602c9-02-s2-d15,72,10.0,10.0,0.0
2024-2024122023gm-00a9-0000-df6602c9-02-s2-d15,73,4.0,10.0,6.0
2024-2024122023gm-00a9-0000-df6602c9-02-s2-d15,74,10.0,10.0,0.0
2024-2024122023gm-00a9-0000-df6602c9-02-s2-d15,75,10.0,10.0,0.0
2024-2024122023gm-00a9-0000-df6602c9-02-s2-d15,76,4.0,4.0,0.0
2024-2024122023gm-00a9-0000-df6602c9-02-s2-d15,77,4.0,4.0,0.0
2024-2024122023gm-00a9-0000-df6602c9-02-s2-d15,78,-4.0,4.0,8.0
2024-2024122023gm-00a9-0000-df6602c9-02-s2-d15,79,10.0,4.0,-6.0
2024-2024122023gm-00a9-0000-df6602c9-02-s2-d15,80,-4.0,4.0,8.0
2024-2024122023gm-00a9-0000-df6602c9-02-s2-d15,81,-4.0,-4.0,0.0
2024-2024122023gm-00a9-0000-df6602c9-02-s2-d15,82,10.0,10.0,0.0
2024-2024122023gm-00a9-0000-df6602c9-02-s2-d15,83,-10.0,-10.0,0.0
2024-2024122023gm-00a9-0000-df6602c9-02-s2-d15,84,-10.0,-10.0,0.0
2024-2024122023gm-00a9-0000-df6602c9-02-s2-d15,85,-10.0,-10.0,0.0
2024-2024122023gm-00a9-0000-df6602c9-02-s2-d15,86,-10.0,-10.0,0.0
2024-2024122023gm-00a9-0000-df6602c9-02-s2-d15,87,4.0,10.0,6.0
2024-2024122023gm-00a9-0000-df6602c9-02-s2-d15,88,4.0,4.0,0.0
2024-2024122023gm-00a9-0000-df6602c9-02-s2-d15,89,10.0,10.0,0.0
2024-2024122023gm-00a9-0000-df6602c9-02-s2-d15,90,-4.0,10.0,14.0
2024-2024122023gm-00a9-0000-df6602c9-02-s2-d15,91,10.0,4.0,-6.0
2024-2024122023gm-00a9-0000-df6602c9-02-s2-d15,92,-4.0,4.0,8.0
2024-2024122023gm-00a9-0000-df6602c9-02-s2-d15,93,-4.0,4.0,8.0
2024-2024122023gm-00a9-0000-df6602c9-02-s2-d15,94,-4.0,-4.0,0.0
2024-2024122023gm-00a9-0000-df6602c9-02-s2-d15,95,-4.0,-4.0,0.0
2024-2024122023gm-00a9-0000-df6602c9-02-s2-d15,96,4.0,-4.0,-8.0
2024-2024122023gm-00a9-0000-df6602c9-02-s2-d15,97,-10.0,-10.0,0.0
2024-2024122023gm-00a9-0000-df6602c9-02-s2-d15,98,4.0,-4.0,-8.0
2024-2024122023gm-00a9-0000-df6602c9-02-s2-d15,99,-4.0,10.0,14.0
2024-2024122023gm-00a9-0000-df6602c9-02-s2-d15,100,-4.0,4.0,8.0
2024-2024122023gm-00a9-0000-df6602c9-02-s2-d15,101,10.0,10.0,0.0
2024-2024122023gm-00a9-0000-df6602c9-02-s2-d15,102,4.0,-4.0,-8.0
2024-2024122023gm-00a9-0000-df6602c9-02-s2-d15,103,10.0,10.0,0.0
2024-2024122023gm-00a9-0000-df6602c9-02-s2-d15,104,-10.0,-10.0,0.0
2024-2024122023gm-00a9-0000-df6602c9-02-s2-d15,105,-4.0,-4.0,0.0
2024-2024122023gm-00a9-0000-df6602c9-02-s2-d15,106,-10.0,-10.0,0.0
2024-2024122023gm-00a9-0000-df6602c9-02-s2-d15,107,4.0,4.0,0.0
2024-2024122023gm-00a9-0000-df6602c9-02-s2-d15,108,-10.0,-4.0,6.0
2024-2024122023gm-00a9-0000-df6602c9-02-s2-d15,109,4.0,4.0,0.0
2024-2024122023gm-00a9-0000-df6602c9-02-s2-d15,110,10.0,10.0,0.0
2024-2024122023gm-00a9-0000-df6602c9-02-s2-d15,111,-10.0,10.0,20.0
2024-2024122023gm-00a9-0000-df6602c9-02-s2-d15,112,-4.0,10.0,14.0
2024-2024122023gm-00a9-0000-df6602c9-02-s2-d15,113,-10.0,10.0,20.0
2024-2024122023gm-00a9-0000-df6602c9-02-s2-d15,114,-10.0,4.0,14.0
2024-2024122023gm-00a9-0000-df6602c9-02-s2-d15,115,10.0,10.0,0.0
2024-2024122023gm-00a9-0000-df6602c9-02-s2-d15,116,10.0,-10.0,-20.0
2024-2024122023gm-00a9-0000-df6602c9-02-s2-d15,117,4.0,4.0,0.0
2024-2024122023gm-00a9-0000-df6602c9-02-s2-d15,118,10.0,10.0,0.0
2024-2024122023gm-00a9-0000-df6602c9-02-s2-d15,119,4.0,4.0,0.0
2024-2024122023gm-00a9-0000-df6602c9-02-s2-d15,120,4.0,-4.0,-8.0
2024-2024122023gm-00a9-0000-df6602c9-02-s2-d15,121,-4.0,-10.0,-6.0
2024-2024122023gm-00a9-0000-df6602c9-02-s2-d15,122,-10.0,-10.0,0.0
2024-2024122023gm-00a9-0000-df6602c9-02-s2-d15,123,-10.0,-10.0,0.0
2024-2024122023gm-00a9-0000-df6602c9-02-s2-d15,124,10.0,10.0,0.0
2024-2024122023gm-00a9-0000-df6602c9-02-s2-d15,125,-4.0,4.0,8.0
2024-2024122023gm-00a9-0000-df6602c9-02-s2-d15,126,4.0,4.0,0.0
2024-2024122023gm-00a9-0000-df6602c9-02-s2-d15,127,-10.0,-4.0,6.0
2024-2024122023gm-00a9-0000-df6602c9-02-s2-d15,128,4.0,10.0,6.0
2024-2024122023gm-00a9-0000-df6602c9-02-s2-d15,129,4.0,10.0,6.0
2024-2024122023gm-00a9-0000-df6602c9-02-s2-d15,130,4.0,4.0,0.0
2024-2024122023gm-00a9-0000-df6602c9-02-s2-d15,131,4.0,10.0,6.0
2024-2024122023gm-00a9-0000-df6602c9-02-s2-d15,132,4.0,4.0,0.0
2024-2024122023gm-00a9-0000-df6602c9-02-s2-d15,133,-4.0,-10.0,-6.0
2024-2024122023gm-00a9-0000-df6602c9-02-s2-d15,134,10.0,10.0,0.0
2024-2024122023gm-00a9-0000-df6602c9-02-s2-d15,135,4.0,4.0,0.0
2024-2024122023gm-00a9-0000-df6602c9-02-s2-d15,136,-4.0,-4.0,0.0
2024-2024122023gm-00a9-0000-df6602c9-02-s2-d15,137,4.0,10.0,6.0
2024-2024122023gm-00a9-0000-df6602c9-02-s2-d15,138,10.0,10.0,0.0
2024-2024122023gm-00a9-0000-df6602c9-02-s2-d15,139,10.0,-4.0,-14.0
2024-2024122023gm-00a9-0000-df6602c9-02-s2-d15,140,-4.0,4.0,8.0
2024-2024122023gm-00a9-0000-df6602c9-02-s2-d15,141,4.0,4.0,0.0
2024-2024122023gm-00a9-0000-df6602c9-02-s2-d15,142,10.0,-10.0,-20.0
2024-2024122023gm-00a9-0000-df6602c9-02-s2-d15,143,10.0,10.0,0.0
2024-2024122023gm-00a9-0000-df6602c9-02-s2-d15,144,4.0,4.0,0.0
2024-2024122023gm-00a9-0000-df6602c9-02-s2-d15,145,-10.0,-10.0,0.0
2024-2024122023gm-00a9-0000-df6602c9-02-s2-d15,146,4.0,4.0,0.0
2024-2024122023gm-00a9-0000-df6602c9-02-s2-d15,147,-10.0,4.0,14.0
2024-2024122023gm-00a9-0000-df6602c9-02-s2-d15,148,4.0,-4.0,-8.0
2024-2024122023gm-00a9-0000-df6602c9-02-s2-d15,149,4.0,10.0,6.0
2024-2024122023gm-00a9-0000-df6602c9-02-s2-d15,150,-10.0,-4.0,6.0
2024-2024122023gm-00a9-0000-df6602c9-02-s2-d15,151,-4.0,-4.0,0.0
2024-2024122023gm-00a9-0000-df6602c9-02-s2-d15,152,10.0,4.0,-6.0
2024-2024122023gm-00a9-0000-df6602c9-02-s2-d15,153,-10.0,-10.0,0.0
2024-2024122023gm-00a9-0000-df6602c9-02-s2-d15,154,10.0,4.0,-6.0
2024-2024122023gm-00a9-0000-df6602c9-02-s2-d15,155,-4.0,4.0,8.0
2024-2024122023gm-00a9-0000-df6602c9-02-s2-d15,156,4.0,-4.0,-8.0
2024-2024122023gm-00a9-0000-df6602c9-02-s2-d15,157,-10.0,-10.0,0.0
2024-2024122023gm-00a9-0000-df6602c9-02-s2-d15,158,-4.0,-4.0,0.0
2024-2024122023gm-00a9-0000-df6602c9-02-s2-d15,159,-10.0,4.0,14.0
2024-2024122023gm-00a9-0000-df6602c9-02-s2-d15,160,-4.0,10.0,14.0
2024-2024122023gm-00a9-0000-df6602c9-02-s2-d15,161,4.0,-10.0,-14.0
2024-2024122023gm-00a9-0000-df6602c9-02-s2-d15,162,10.0,10.0,0.0
2024-2024122023gm-00a9-0000-df6602c9-02-s2-d15,163,4.0,4.0,0.0
2024-2024122023gm-00a9-0000-df6602c9-02-s2-d15,164,-4.0,-4.0,0.0
2024-2024122023gm-00a9-0000-df6602c9-02-s2-d15,165,10.0,10.0,0.0
2024-2024122023gm-00a9-0000-df6602c9-02-s2-d15,166,-4.0,-10.0,-6.0
2024-2024122023gm-00a9-0000-df6602c9-02-s2-d15,167,-10.0,4.0,14.0
2024-2024122023gm-00a9-0000-df6602c9-02-s2-d15,168,-10.0,-4.0,6.0
2024-2024122023gm-00a9-0000-df6602c9-02-s2-d15,169,4.0,4.0,0.0
2024-2024122023gm-00a9-0000-df6602c9-02-s2-d15,170,4.0,4.0,0.0
2024-2024122023gm-00a9-0000-df6602c9-02-s2-d15,171,-10.0,4.0,14.0
2024-2024122023gm-00a9-0000-df6602c9-02-s2-d15,172,4.0,4.0,0.0
2024-2024122023gm-00a9-0000-df6602c9-02-s2-d15,173,4.0,4.0,0.0
2024-2024122023gm-00a9-0000-df6602c9-02-s2-d15,174,4.0,4.0,0.0
2024-2024122023gm-00a9-0000-df6602c9-02-s2-d15,175,10.0,10.0,0.0
2024-2024122023gm-00a9-0000-df6602c9-02-s2-d15,176,-4.0,-4.0,0.0
2024-2024122023gm-00a9-0000-df6602c9-02-s2-d15,177,4.0,-4.0,-8.0
2024-2024122023gm-00a9-0000-df6602c9-02-s2-d15,178,4.0,-10.0,-14.0
2024-2024122023gm-00a9-0000-df6602c9-02-s2-d15,179,4.0,4.0,0.0
2024-2024122023gm-00a9-0000-df6602c9-02-s2-d15,180,4.0,10.0,6.0
2024-2024122023gm-00a9-0000-df6602c9-02-s2-d15,181,4.0,4.0,0.0
2024-2024122023gm-00a9-0000-df6602c9-02-s2-d15,182,-4.0,-10.0,-6.0
2024-2024122023gm-00a9-0000-df6602c9-02-s2-d15,183,-4.0,4.0,8.0
2024-2024122023gm-00a9-0000-df6602c9-02-s2-d15,184,-4.0,-10.0,-6.0
2024-2024122023gm-00a9-0000-df6602c9-02-s2-d15,185,10.0,10.0,0.0
2024-2024122023gm-00a9-0000-df6602c9-02-s2-d15,186,-4.0,-4.0,0.0
2024-2024122023gm-00a9-0000-df6602c9-02-s2-d15,187,10.0,-10.0,-20.0
2024-2024122023gm-00a9-0000-df6602c9-02-s2-d15,188,-4.0,-4.0,0.0
2024-2024122023gm-00a9-0000-df6602c9-02-s2-d15,189,-10.0,10.0,20.0
2024-2024122023gm-00a9-0000-df6602c9-02-s2-d15,190,4.0,4.0,0.0
2024-2024122023gm-00a9-0000-df6602c9-02-s2-d15,191,-4.0,10.0,14.0
2024-2024122023gm-00a9-0000-df6602c9-02-s2-d15,192,-10.0,-10.0,0.0
2024-2024122023gm-00a9-0000-df6602c9-02-s2-d15,193,-4.0,-4.0,0.0
2024-2024122023gm-00a9-0000-df6602c9-02-s2-d15,194,-4.0,-10.0,-6.0
2024-2024122023gm-00a9-0000-df6602c9-02-s2-d15,195,4.0,4.0,0.0
2024-2024122023gm-00a9-0000-df6602c9-02-s2-d15,196,4.0,-4.0,-8.0
2024-2024122023gm-00a9-0000-df6602c9-02-s2-d15,197,10.0,10.0,0.0
2024-2024122023gm-00a9-0000-df6602c9-02-s2-d15,198,4.0,4.0,0.0
2024-2024122023gm-00a9-0000-df6602c9-02-s2-d15,199,-4.0,-4.0,0.0
2024-2024122023gm-00a9-0000-df6602c9-02-s2-d15,200,10.0,4.0,-6.0
2024-2024122023gm-00a9-0000-df6602c9-02-s2-d15,201,10.0,10.0,0.0
2024-2024122023gm-00a9-0000-df6602c9-02-s2-d15,202,4.0,-10.0,-14.0
2024-2024122023gm-00a9-0000-df6602c9-02-s2-d15,203,-4.0,-4.0,0.0
2024-2024122023gm-00a9-0000-df6602c9-02-s2-d15,204,-10.0,4.0,14.0
2024-2024122023gm-00a9-0000-df6602c9-02-s2-d15,205,4.0,-10.0,-14.0
2024-2024122023gm-00a9-0000-df6602c9-02-s2-d15,206,10.0,-4.0,-14.0
2024-2024122023gm-00a9-0000-df6602c9-02-s2-d15,207,-4.0,-4.0,0.0
2024-2024122023gm-00a9-0000-df6602c9-02-s2-d15,208,-4.0,10.0,14.0
2024-2024122023gm-00a9-0000-df6602c9-02-s2-d15,209,10.0,10.0,0.0
2024-2024122023gm-00a9-0000-df6602c9-02-s2-d15,210,-10.0,-10.0,0.0
2024-2024122023gm-00a9-0000-df6602c9-02-s2-d15,211,-4.0,-4.0,0.0
2024-2024122023gm-00a9-0000-df6602c9-02-s2-d15,212,-10.0,4.0,14.0
2024-2024122023gm-00a9-0000-df6602c9-02-s2-d15,213,10.0,-10.0,-20.0
2024-2024122023gm-00a9-0000-df6602c9-02-s2-d15,214,4.0,4.0,0.0
2024-2024122023gm-00a9-0000-df6602c9-02-s2-d15,215,-4.0,-10.0,-6.0
2024-2024122023gm-00a9-0000-df6602c9-02-s2-d15,216,10.0,4.0,-6.0
2024-2024122023gm-00a9-0000-df6602c9-02-s2-d15,217,4.0,4.0,0.0
2024-2024122023gm-00a9-0000-df6602c9-02-s2-d15,218,10.0,10.0,0.0
2024-2024122023gm-00a9-0000-df6602c9-02-s2-d15,219,-4.0,10.0,14.0
2024-2024122023gm-00a9-0000-df6602c9-02-s2-d15,220,10.0,10.0,0.0
2024-2024122023gm-00a9-0000-df6602c9-02-s2-d15,221,4.0,4.0,0.0
2024-2024122023gm-00a9-0000-df6602c9-02-s2-d15,222,-4.0,10.0,14.0
2024-2024122023gm-00a9-0000-df6602c9-02-s2-d15,223,-4.0,-4.0,0.0
2024-2024122023gm-00a9-0000-df6602c9-02-s2-d15,224,-4.0,-10.0,-6.0
2024-2024122023gm-00a9-0000-df6602c9-02-s2-d15,225,4.0,4.0,0.0
2024-2024122023gm-00a9-0000-df6602c9-02-s2-d15,226,4.0,4.0,0.0
2024-2024122023gm-00a9-0000-df6602c9-02-s2-d15,227,10.0,-10.0,-20.0
2024-2024122023gm-00a9-0000-df6602c9-02-s2-d15,228,4.0,-4.0,-8.0
2024-2024122023gm-00a9-0000-df6602c9-02-s2-d15,229,4.0,4.0,0.0
2024-2024122023gm-00a9-0000-df6602c9-02-s2-d15,230,4.0,4.0,0.0
2024-2024122023gm-00a9-0000-df6602c9-02-s2-d15,231,-10.0,4.0,14.0
2024-2024122023gm-00a9-0000-df6602c9-02-s2-d15,232,-10.0,-10.0,0.0
2024-2024122023gm-00a9-0000-df6602c9-02-s2-d15,233,4.0,4.0,0.0
2024-2024122023gm-00a9-0000-df6602c9-02-s2-d15,234,10.0,10.0,0.0
2024-2024122023gm-00a9-0000-df6602c9-02-s2-d15,235,4.0,4.0,0.0
2024-2024122023gm-00a9-0000-df6602c9-02-s2-d15,236,4.0,4.0,0.0
2024-2024122023gm-00a9-0000-df6602c9-02-s2-d15,237,-10.0,-10.0,0.0
2024-2024122023gm-00a9-0000-df6602c9-02-s2-d15,238,10.0,-4.0,-14.0
2024-2024122023gm-00a9-0000-df6602c9-02-s2-d15,239,4.0,4.0,0.0
2024-2024122023gm-00a9-0000-df6602c9-02-s2-d15,240,-4.0,4.0,8.0
2024-2024122023gm-00a9-0000-df6602c9-02-s2-d15,241,-10.0,4.0,14.0
2024-2024122023gm-00a9-0000-df6602c9-02-s2-d15,242,-10.0,-10.0,0.0
2024-2024122023gm-00a9-0000-df6602c9-02-s2-d15,243,10.0,4.0,-6.0
2024-2024122023gm-00a9-0000-df6602c9-02-s2-d15,244,10.0,-4.0,-14.0
2024-2024122023gm-00a9-0000-df6602c9-02-s2-d15,245,10.0,10.0,0.0
2024-2024122023gm-00a9-0000-df6602c9-02-s2-d15,246,10.0,4.0,-6.0
2024-2024122023gm-00a9-0000-df6602c9-02-s2-d15,247,10.0,10.0,0.0
2024-2024122023gm-00a9-0000-df6602c9-02-s2-d15,248,-10.0,-10.0,0.0
2024-2024122023gm-00a9-0000-df6602c9-02-s2-d15,249,10.0,4.0,-6.0
2024-2024122023gm-00a9-0000-df6602c9-02-s2-d15,250,-4.0,-4.0,0.0
2024-2024122023gm-00a9-0000-df6602c9-02-s2-d15,251,10.0,10.0,0.0
2024-2024122023gm-00a9-0000-df6602c9-02-s2-d15,252,10.0,10.0,0.0
2024-2024122023gm-00a9-0000-df6602c9-02-s2-d15,253,-10.0,10.0,20.0
2024-2024122023gm-00a9-0000-df6602c9-02-s2-d15,254,10.0,10.0,0.0
2024-2024122023gm-00a9-0000-df6602c9-02-s2-d15,255,-4.0,4.0,8.0
2025-2025011023gm-00a9-0000-6d5806f0-05-s0-d13,0,4.0,4.0,0.0
2025-2025011023gm-00a9-0000-6d5806f0-05-s0-d13,1,10.0,-10.0,-20.0
2025-2025011023gm-00a9-0000-6d5806f0-05-s0-d13,2,-10.0,4.0,14.0
2025-2025011023gm-00a9-0000-6d5806f0-05-s0-d13,3,10.0,10.0,0.0
2025-2025011023gm-00a9-0000-6d5806f0-05-s0-d13,4,10.0,-4.0,-14.0
2025-2025011023gm-00a9-0000-6d5806f0-05-s0-d13,5,-4.0,-10.0,-6.0
2025-2025011023gm-00a9-0000-6d5806f0-05-s0-d13,6,-4.0,-4.0,0.0
2025-2025011023gm-00a9-0000-6d5806f0-05-s0-d13,7,-4.0,-4.0,0.0
2025-2025011023gm-00a9-0000-6d5806f0-05-s0-d13,8,10.0,10.0,0.0
2025-2025011023gm-00a9-0000-6d5806f0-05-s0-d13,9,4.0,4.0,0.0
2025-2025011023gm-00a9-0000-6d5806f0-05-s0-d13,10,10.0,10.0,0.0
2025-2025011023gm-00a9-0000-6d5806f0-05-s0-d13,11,-10.0,10.0,20.0
2025-2025011023gm-00a9-0000-6d5806f0-05-s0-d13,12,4.0,4.0,0.0
2025-2025011023gm-00a9-0000-6d5806f0-05-s0-d13,13,-4.0,10.0,14.0
2025-2025011023gm-00a9-0000-6d5806f0-05-s0-d13,14,-10.0,-4.0,6.0
2025-2025011023gm-00a9-0000-6d5806f0-05-s0-d13,15,4.0,4.0,0.0
2025-2025011023gm-00a9-0000-6d5806f0-05-s0-d13,16,-4.0,-4.0,0.0
2025-2025011023gm-00a9-0000-6d5806f0-05-s0-d13,17,4.0,-4.0,-8.0
2025-2025011023gm-00a9-0000-6d5806f0-05-s0-d13,18,-10.0,4.0,14.0
2025-2025011023gm-00a9-0000-6d5806f0-05-s0-d13,19,4.0,4.0,0.0
2025-2025011023gm-00a9-0000-6d5806f0-05-s0-d13,20,10.0,-4.0,-14.0
2025-2025011023gm-00a9-0000-6d5806f0-05-s0-d13,21,-4.0,-4.0,0.0
2025-2025011023gm-00a9-0000-6d5806f0-05-s0-d13,22,4.0,4.0,0.0
2025-2025011023gm-00a9-0000-6d5806f0-05-s0-d13,23,10.0,-10.0,-20.0
2025-2025011023gm-00a9-0000-6d5806f0-05-s0-d13,24,-4.0,-4.0,0.0
2025-2025011023gm-00a9-0000-6d5806f0-05-s0-d13,25,-4.0,-4.0,0.0
2025-2025011023gm-00a9-0000-6d5806f0-05-s0-d13,26,10.0,10.0,0.0
2025-2025011023gm-00a9-0000-6d5806f0-05-s0-d13,27,-4.0,-4.0,0.0
2025-2025011023gm-00a9-0000-6d5806f0-05-s0-d13,28,10.0,10.0,0.0
2025-2025011023gm-00a9-0000-6d5806f0-05-s0-d13,29,4.0,-10.0,-14.0
2025-2025011023gm-00a9-0000-6d5806f0-05-s0-d13,30,-10.0,-10.0,0.0
2025-2025011023gm-00a9-0000-6d5806f0-05-s0-d13,31,-4.0,10.0,14.0
2025-2025011023gm-00a9-0000-6d5806f0-05-s0-d13,32,4.0,4.0,0.0
2025-2025011023gm-00a9-0000-6d5806f0-05-s0-d13,33,10.0,-4.0,-14.0
2025-2025011023gm-00a9-0000-6d5806f0-05-s0-d13,34,4.0,4.0,0.0
2025-2025011023gm-00a9-0000-6d5806f0-05-s0-d13,35,4.0,4.0,0.0
2025-2025011023gm-00a9-0000-6d5806f0-05-s0-d13,36,10.0,10.0,0.0
2025-2025011023gm-00a9-0000-6d5806f0-05-s0-d13,37,-4.0,4.0,8.0
2025-2025011023gm-00a9-0000-6d5806f0-05-s0-d13,38,-4.0,-4.0,0.0
2025-2025011023gm-00a9-0000-6d5806f0-05-s0-d13,39,10.0,-4.0,-14.0
2025-2025011023gm-00a9-0000-6d5806f0-05-s0-d13,40,10.0,-10.0,-20.0
2025-2025011023gm-00a9-0000-6d5806f0-05-s0-d13,41,4.0,4.0,0.0
2025-2025011023gm-00a9-0000-6d5806f0-05-s0-d13,42,10.0,10.0,0.0
2025-2025011023gm-00a9-0000-6d5806f0-05-s0-d13,43,-10.0,4.0,14.0
2025-2025011023gm-00a9-0000-6d5806f0-05-s0-d13,44,10.0,4.0,-6.0
2025-2025011023gm-00a9-0000-6d5806f0-05-s0-d13,45,4.0,4.0,0.0
2025-2025011023gm-00a9-0000-6d5806f0-05-s0-d13,46,-10.0,4.0,14.0
2025-2025011023gm-00a9-0000-6d5806f0-05-s0-d13,47,10.0,10.0,0.0
2025-2025011023gm-00a9-0000-6d5806f0-05-s0-d13,48,-4.0,4.0,8.0
2025-2025011023gm-00a9-0000-6d5806f0-05-s0-d13,49,10.0,4.0,-6.0
2025-2025011023gm-00a9-0000-6d5806f0-05-s0-d13,50,4.0,-4.0,-8.0
2025-2025011023gm-00a9-0000-6d5806f0-05-s0-d13,51,10.0,10.0,0.0
2025-2025011023gm-00a9-0000-6d5806f0-05-s0-d13,52,4.0,-4.0,-8.0
2025-2025011023gm-00a9-0000-6d5806f0-05-s0-d13,53,-4.0,-4.0,0.0
2025-2025011023gm-00a9-0000-6d5806f0-05-s0-d13,54,-4.0,4.0,8.0
2025-2025011023gm-00a9-0000-6d5806f0-05-s0-d13,55,4.0,4.0,0.0
2025-2025011023gm-00a9-0000-6d5806f0-05-s0-d13,56,-4.0,4.0,8.0
2025-2025011023gm-00a9-0000-6d5806f0-05-s0-d13,57,4.0,-4.0,-8.0
2025-2025011023gm-00a9-0000-6d5806f0-05-s0-d13,58,-4.0,-4.0,0.0
2025-2025011023gm-00a9-0000-6d5806f0-05-s0-d13,59,4.0,4.0,0.0
2025-2025011023gm-00a9-0000-6d5806f0-05-s0-d13,60,-4.0,-4.0,0.0
2025-2025011023gm-00a9-0000-6d5806f0-05-s0-d13,61,10.0,10.0,0.0
2025-2025011023gm-00a9-0000-6d5806f0-05-s0-d13,62,4.0,4.0,0.0
2025-2025011023gm-00a9-0000-6d5806f0-05-s0-d13,63,10.0,-4.0,-14.0
2025-2025011023gm-00a9-0000-6d5806f0-05-s0-d13,64,-10.0,10.0,20.0
2025-2025011023gm-00a9-0000-6d5806f0-05-s0-d13,65,-4.0,-4.0,0.0
2025-2025011023gm-00a9-0000-6d5806f0-05-s0-d13,66,4.0,4.0,0.0
2025-2025011023gm-00a9-0000-6d5806f0-05-s0-d13,67,4.0,4.0,0.0
2025-2025011023gm-00a9-0000-6d5806f0-05-s0-d13,68,-10.0,-10.0,0.0
2025-2025011023gm-00a9-0000-6d5806f0-05-s0-d13,69,10.0,10.0,0.0
2025-2025011023gm-00a9-0000-6d5806f0-05-s0-d13,70,10.0,4.0,-6.0
2025-2025011023gm-00a9-0000-6d5806f0-05-s0-d13,71,10.0,10.0,0.0
2025-2025011023gm-00a9-0000-6d5806f0-05-s0-d13,72,4.0,4.0,0.0
2025-2025011023gm-00a9-0000-6d5806f0-05-s0-d13,73,-4.0,-4.0,0.0
2025-2025011023gm-00a9-0000-6d5806f0-05-s0-d13,74,4.0,4.0,0.0
2025-2025011023gm-00a9-0000-6d5806f0-05-s0-d13,75,-4.0,4.0,8.0
2025-2025011023gm-00a9-0000-6d5806f0-05-s0-d13,76,-10.0,4.0,14.0
2025-2025011023gm-00a9-0000-6d5806f0-05-s0-d13,77,4.0,4.0,0.0
2025-2025011023gm-00a9-0000-6d5806f0-05-s0-d13,78,10.0,10.0,0.0
2025-2025011023gm-00a9-0000-6d5806f0-05-s0-d13,79,-4.0,4.0,8.0
2025-2025011023gm-00a9-0000-6d5806f0-05-s0-d13,80,4.0,4.0,0.0
2025-2025011023gm-00a9-0000-6d5806f0-05-s0-d13,81,-10.0,4.0,14.0
2025-2025011023gm-00a9-0000-6d5806f0-05-s0-d13,82,10.0,10.0,0.0
2025-2025011023gm-00a9-0000-6d5806f0-05-s0-d13,83,10.0,10.0,0.0
2025-2025011023gm-00a9-0000-6d5806f0-05-s0-d13,84,10.0,10.0,0.0
2025-2025011023gm-00a9-0000-6d5806f0-05-s0-d13,85,10.0,10.0,0.0
2025-2025011023gm-00a9-0000-6d5806f0-05-s0-d13,86,10.0,10.0,0.0
2025-2025011023gm-00a9-0000-6d5806f0-05-s0-d13,87,4.0,10.0,6.0
2025-2025011023gm-00a9-0000-6d5806f0-05-s0-d13,88,-4.0,-4.0,0.0
2025-2025011023gm-00a9-0000-6d5806f0-05-s0-d13,89,10.0,10.0,0.0
2025-2025011023gm-00a9-0000-6d5806f0-05-s0-d13,90,-4.0,-10.0,-6.0
2025-2025011023gm-00a9-0000-6d5806f0-05-s0-d13,91,-10.0,-10.0,0.0
2025-2025011023gm-00a9-0000-6d5806f0-05-s0-d13,92,-10.0,-10.0,0.0
2025-2025011023gm-00a9-0000-6d5806f0-05-s0-d13,93,10.0,10.0,0.0
2025-2025011023gm-00a9-0000-6d5806f0-05-s0-d13,94,10.0,4.0,-6.0
2025-2025011023gm-00a9-0000-6d5806f0-05-s0-d13,95,-4.0,-4.0,0.0
2025-2025011023gm-00a9-0000-6d5806f0-05-s0-d13,96,10.0,4.0,-6.0
2025-2025011023gm-00a9-0000-6d5806f0-05-s0-d13,97,10.0,10.0,0.0
2025-2025011023gm-00a9-0000-6d5806f0-05-s0-d13,98,-4.0,-4.0,0.0
2025-2025011023gm-00a9-0000-6d5806f0-05-s0-d13,99,-4.0,-10.0,-6.0
2025-2025011023gm-00a9-0000-6d5806f0-05-s0-d13,100,-4.0,-4.0,0.0
2025-2025011023gm-00a9-0000-6d5806f0-05-s0-d13,101,4.0,4.0,0.0
2025-2025011023gm-00a9-0000-6d5806f0-05-s0-d13,102,4.0,10.0,6.0
2025-2025011023gm-00a9-0000-6d5806f0-05-s0-d13,103,-10.0,-4.0,6.0
2025-2025011023gm-00a9-0000-6d5806f0-05-s0-d13,104,10.0,-4.0,-14.0
2025-2025011023gm-00a9-0000-6d5806f0-05-s0-d13,105,-4.0,-4.0,0.0
2025-2025011023gm-00a9-0000-6d5806f0-05-s0-d13,106,10.0,10.0,0.0
2025-2025011023gm-00a9-0000-6d5806f0-05-s0-d13,107,10.0,10.0,0.0
2025-2025011023gm-00a9-0000-6d5806f0-05-s0-d13,108,4.0,4.0,0.0
2025-2025011023gm-00a9-0000-6d5806f0-05-s0-d13,109,-4.0,-4.0,0.0
2025-2025011023gm-00a9-0000-6d5806f0-05-s0-d13,110,10.0,10.0,0.0
2025-2025011023gm-00a9-0000-6d5806f0-05-s0-d13,111,-10.0,-10.0,0.0
2025-2025011023gm-00a9-0000-6d5806f0-05-s0-d13,112,4.0,4.0,0.0
2025-2025011023gm-00a9-0000-6d5806f0-05-s0-d13,113,4.0,10.0,6.0
2025-2025011023gm-00a9-0000-6d5806f0-05-s0-d13,114,-4.0,-10.0,-6.0
2025-2025011023gm-00a9-0000-6d5806f0-05-s0-d13,115,10.0,10.0,0.0
2025-2025011023gm-00a9-0000-6d5806f0-05-s0-d13,116,-10.0,-10.0,0.0
2025-2025011023gm-00a9-0000-6d5806f0-05-s0-d13,117,10.0,10.0,0.0
2025-2025011023gm-00a9-0000-6d5806f0-05-s0-d13,118,4.0,10.0,6.0
2025-2025011023gm-00a9-0000-6d5806f0-05-s0-d13,119,4.0,-4.0,-8.0
2025-2025011023gm-00a9-0000-6d5806f0-05-s0-d13,120,4.0,4.0,0.0
2025-2025011023gm-00a9-0000-6d5806f0-05-s0-d13,121,-4.0,-4.0,0.0
2025-2025011023gm-00a9-0000-6d5806f0-05-s0-d13,122,10.0,4.0,-6.0
2025-2025011023gm-00a9-0000-6d5806f0-05-s0-d13,123,10.0,10.0,0.0
2025-2025011023gm-00a9-0000-6d5806f0-05-s0-d13,124,-10.0,-10.0,0.0
2025-2025011023gm-00a9-0000-6d5806f0-05-s0-d13,125,-4.0,4.0,8.0
2025-2025011023gm-00a9-0000-6d5806f0-05-s0-d13,126,-4.0,-4.0,0.0
2025-2025011023gm-00a9-0000-6d5806f0-05-s0-d13,127,-4.0,4.0,8.0
2025-2025011023gm-00a9-0000-6d5806f0-05-s0-d13,128,4.0,-4.0,-8.0
2025-2025011023gm-00a9-0000-6d5806f0-05-s0-d13,129,-4.0,4.0,8.0
2025-2025011023gm-00a9-0000-6d5806f0-05-s0-d13,130,10.0,10.0,0.0
2025-2025011023gm-00a9-0000-6d5806f0-05-s0-d13,131,-4.0,-4.0,0.0
2025-2025011023gm-00a9-0000-6d5806f0-05-s0-d13,132,-10.0,-10.0,0.0
2025-2025011023gm-00a9-0000-6d5806f0-05-s0-d13,133,4.0,4.0,0.0
2025-2025011023gm-00a9-0000-6d5806f0-05-s0-d13,134,4.0,4.0,0.0
2025-2025011023gm-00a9-0000-6d5806f0-05-s0-d13,135,4.0,4.0,0.0
2025-2025011023gm-00a9-0000-6d5806f0-05-s0-d13,136,-4.0,-4.0,0.0
2025-2025011023gm-00a9-0000-6d5806f0-05-s0-d13,137,4.0,4.0,0.0
2025-2025011023gm-00a9-0000-6d5806f0-05-s0-d13,138,10.0,10.0,0.0
2025-2025011023gm-00a9-0000-6d5806f0-05-s0-d13,139,4.0,4.0,0.0
2025-2025011023gm-00a9-0000-6d5806f0-05-s0-d13,140,4.0,4.0,0.0
2025-2025011023gm-00a9-0000-6d5806f0-05-s0-d13,141,-10.0,-4.0,6.0
2025-2025011023gm-00a9-0000-6d5806f0-05-s0-d13,142,10.0,10.0,0.0
2025-2025011023gm-00a9-0000-6d5806f0-05-s0-d13,143,10.0,10.0,0.0
2025-2025011023gm-00a9-0000-6d5806f0-05-s0-d13,144,10.0,10.0,0.0
2025-2025011023gm-00a9-0000-6d5806f0-05-s0-d13,145,4.0,-4.0,-8.0
2025-2025011023gm-00a9-0000-6d5806f0-05-s0-d13,146,4.0,4.0,0.0
2025-2025011023gm-00a9-0000-6d5806f0-05-s0-d13,147,-4.0,-10.0,-6.0
2025-2025011023gm-00a9-0000-6d5806f0-05-s0-d13,148,4.0,-10.0,-14.0
2025-2025011023gm-00a9-0000-6d5806f0-05-s0-d13,149,-10.0,-10.0,0.0
2025-2025011023gm-00a9-0000-6d5806f0-05-s0-d13,150,10.0,10.0,0.0
2025-2025011023gm-00a9-0000-6d5806f0-05-s0-d13,151,-10.0,-10.0,0.0
2025-2025011023gm-00a9-0000-6d5806f0-05-s0-d13,152,10.0,10.0,0.0
2025-2025011023gm-00a9-0000-6d5806f0-05-s0-d13,153,4.0,10.0,6.0
2025-2025011023gm-00a9-0000-6d5806f0-05-s0-d13,154,-10.0,-10.0,0.0
2025-2025011023gm-00a9-0000-6d5806f0-05-s0-d13,155,4.0,-4.0,-8.0
2025-2025011023gm-00a9-0000-6d5806f0-05-s0-d13,156,-4.0,-4.0,0.0
2025-2025011023gm-00a9-0000-6d5806f0-05-s0-d13,157,10.0,4.0,-6.0
2025-2025011023gm-00a9-0000-6d5806f0-05-s0-d13,158,10.0,10.0,0.0
2025-2025011023gm-00a9-0000-6d5806f0-05-s0-d13,159,4.0,-4.0,-8.0
2025-2025011023gm-00a9-0000-6d5806f0-05-s0-d13,160,4.0,10.0,6.0
2025-2025011023gm-00a9-0000-6d5806f0-05-s0-d13,161,4.0,10.0,6.0
2025-2025011023gm-00a9-0000-6d5806f0-05-s0-d13,162,4.0,4.0,0.0
2025-2025011023gm-00a9-0000-6d5806f0-05-s0-d13,163,4.0,10.0,6.0
2025-2025011023gm-00a9-0000-6d5806f0-05-s0-d13,164,-10.0,-10.0,0.0
2025-2025011023gm-00a9-0000-6d5806f0-05-s0-d13,165,10.0,10.0,0.0
2025-2025011023gm-00a9-0000-6d5806f0-05-s0-d13,166,4.0,10.0,6.0
2025-2025011023gm-00a9-0000-6d5806f0-05-s0-d13,167,-4.0,-4.0,0.0
2025-2025011023gm-00a9-0000-6d5806f0-05-s0-d13,168,10.0,10.0,0.0
2025-2025011023gm-00a9-0000-6d5806f0-05-s0-d13,169,-4.0,4.0,8.0
2025-2025011023gm-00a9-0000-6d5806f0-05-s0-d13,170,10.0,10.0,0.0
2025-2025011023gm-00a9-0000-6d5806f0-05-s0-d13,171,-4.0,-4.0,0.0
2025-2025011023gm-00a9-0000-6d5806f0-05-s0-d13,172,10.0,4.0,-6.0
2025-2025011023gm-00a9-0000-6d5806f0-05-s0-d13,173,-4.0,-4.0,0.0
2025-2025011023gm-00a9-0000-6d5806f0-05-s0-d13,174,4.0,4.0,0.0
2025-2025011023gm-00a9-0000-6d5806f0-05-s0-d13,175,-10.0,4.0,14.0
2025-2025011023gm-00a9-0000-6d5806f0-05-s0-d13,176,10.0,10.0,0.0
2025-2025011023gm-00a9-0000-6d5806f0-05-s0-d13,177,-10.0,-10.0,0.0
2025-2025011023gm-00a9-0000-6d5806f0-05-s0-d13,178,-10.0,-10.0,0.0
2025-2025011023gm-00a9-0000-6d5806f0-05-s0-d13,179,4.0,4.0,0.0
2025-2025011023gm-00a9-0000-6d5806f0-05-s0-d13,180,-4.0,-4.0,0.0
2025-2025011023gm-00a9-0000-6d5806f0-05-s0-d13,181,10.0,10.0,0.0
2025-2025011023gm-00a9-0000-6d5806f0-05-s0-d13,182,-4.0,-4.0,0.0
2025-2025011023gm-00a9-0000-6d5806f0-05-s0-d13,183,-4.0,4.0,8.0
2025-2025011023gm-00a9-0000-6d5806f0-05-s0-d13,184,4.0,10.0,6.0
2025-2025011023gm-00a9-0000-6d5806f0-05-s0-d13,185,10.0,10.0,0.0
2025-2025011023gm-00a9-0000-6d5806f0-05-s0-d13,186,4.0,4.0,0.0
2025-2025011023gm-00a9-0000-6d5806f0-05-s0-d13,187,4.0,4.0,0.0
2025-2025011023gm-00a9-0000-6d5806f0-05-s0-d13,188,-10.0,-10.0,0.0
2025-2025011023gm-00a9-0000-6d5806f0-05-s0-d13,189,-4.0,10.0,14.0
2025-2025011023gm-00a9-0000-6d5806f0-05-s0-d13,190,-4.0,-4.0,0.0
2025-2025011023gm-00a9-0000-6d5806f0-05-s0-d13,191,-10.0,-4.0,6.0
2025-2025011023gm-00a9-0000-6d5806f0-05-s0-d13,192,4.0,4.0,0.0
2025-2025011023gm-00a9-0000-6d5806f0-05-s0-d13,193,4.0,4.0,0.0
2025-2025011023gm-00a9-0000-6d5806f0-05-s0-d13,194,-10.0,-4.0,6.0
2025-2025011023gm-00a9-0000-6d5806f0-05-s0-d13,195,-4.0,-10.0,-6.0
2025-2025011023gm-00a9-0000-6d5806f0-05-s0-d13,196,4.0,10.0,6.0
2025-2025011023gm-00a9-0000-6d5806f0-05-s0-d13,197,10.0,4.0,-6.0
2025-2025011023gm-00a9-0000-6d5806f0-05-s0-d13,198,-4.0,-4.0,0.0
2025-2025011023gm-00a9-0000-6d5806f0-05-s0-d13,199,-4.0,4.0,8.0
2025-2025011023gm-00a9-0000-6d5806f0-05-s0-d13,200,-4.0,10.0,14.0
2025-2025011023gm-00a9-0000-6d5806f0-05-s0-d13,201,-10.0,-10.0,0.0
2025-2025011023gm-00a9-0000-6d5806f0-05-s0-d13,202,10.0,10.0,0.0
2025-2025011023gm-00a9-0000-6d5806f0-05-s0-d13,203,4.0,-4.0,-8.0
2025-2025011023gm-00a9-0000-6d5806f0-05-s0-d13,204,10.0,10.0,0.0
2025-2025011023gm-00a9-0000-6d5806f0-05-s0-d13,205,-4.0,-4.0,0.0
2025-2025011023gm-00a9-0000-6d5806f0-05-s0-d13,206,-4.0,4.0,8.0
2025-2025011023gm-00a9-0000-6d5806f0-05-s0-d13,207,10.0,10.0,0.0
2025-2025011023gm-00a9-0000-6d5806f0-05-s0-d13,208,-10.0,-10.0,0.0
2025-2025011023gm-00a9-0000-6d5806f0-05-s0-d13,209,-10.0,-10.0,0.0
2025-2025011023gm-00a9-0000-6d5806f0-05-s0-d13,210,4.0,4.0,0.0
2025-2025011023gm-00a9-0000-6d5806f0-05-s0-d13,211,4.0,-4.0,-8.0
2025-2025011023gm-00a9-0000-6d5806f0-05-s0-d13,212,4.0,4.0,0.0
2025-2025011023gm-00a9-0000-6d5806f0-05-s0-d13,213,4.0,4.0,0.0
2025-2025011023gm-00a9-0000-6d5806f0-05-s0-d13,214,4.0,-4.0,-8.0
2025-2025011023gm-00a9-0000-6d5806f0-05-s0-d13,215,10.0,10.0,0.0
2025-2025011023gm-00a9-0000-6d5806f0-05-s0-d13,216,4.0,4.0,0.0
2025-2025011023gm-00a9-0000-6d5806f0-05-s0-d13,217,-10.0,-10.0,0.0
2025-2025011023gm-00a9-0000-6d5806f0-05-s0-d13,218,4.0,4.0,0.0
2025-2025011023gm-00a9-0000-6d5806f0-05-s0-d13,219,10.0,10.0,0.0
2025-2025011023gm-00a9-0000-6d5806f0-05-s0-d13,220,10.0,10.0,0.0
2025-2025011023gm-00a9-0000-6d5806f0-05-s0-d13,221,-4.0,-4.0,0.0
2025-2025011023gm-00a9-0000-6d5806f0-05-s0-d13,222,4.0,4.0,0.0
2025-2025011023gm-00a9-0000-6d5806f0-05-s0-d13,223,-10.0,-4.0,6.0
2025-2025011023gm-00a9-0000-6d5806f0-05-s0-d13,224,10.0,10.0,0.0
2025-2025011023gm-00a9-0000-6d5806f0-05-s0-d13,225,4.0,4.0,0.0
2025-2025011023gm-00a9-0000-6d5806f0-05-s0-d13,226,-4.0,-4.0,0.0
2025-2025011023gm-00a9-0000-6d5806f0-05-s0-d13,227,-4.0,-4.0,0.0
2025-2025011023gm-00a9-0000-6d5806f0-05-s0-d13,228,-10.0,-10.0,0.0
2025-2025011023gm-00a9-0000-6d5806f0-05-s0-d13,229,-4.0,-4.0,0.0
2025-2025011023gm-00a9-0000-6d5806f0-05-s0-d13,230,10.0,10.0,0.0
2025-2025011023gm-00a9-0000-6d5806f0-05-s0-d13,231,10.0,10.0,0.0
2025-2025011023gm-00a9-0000-6d5806f0-05-s0-d13,232,-4.0,-10.0,-6.0
2025-2025011023gm-00a9-0000-6d5806f0-05-s0-d13,233,10.0,10.0,0.0
2025-2025011023gm-00a9-0000-6d5806f0-05-s0-d13,234,4.0,4.0,0.0
2025-2025011023gm-00a9-0000-6d5806f0-05-s0-d13,235,-4.0,-4.0,0.0
2025-2025011023gm-00a9-0000-6d5806f0-05-s0-d13,236,4.0,4.0,0.0
2025-2025011023gm-00a9-0000-6d5806f0-05-s0-d13,237,10.0,10.0,0.0
2025-2025011023gm-00a9-0000-6d5806f0-05-s0-d13,238,4.0,4.0,0.0
2025-2025011023gm-00a9-0000-6d5806f0-05-s0-d13,239,10.0,10.0,0.0
2025-2025011023gm-00a9-0000-6d5806f0-05-s0-d13,240,4.0,10.0,6.0
2025-2025011023gm-00a9-0000-6d5806f0-05-s0-d13,241,-4.0,10.0,14.0
2025-2025011023gm-00a9-0000-6d5806f0-05-s0-d13,242,-4.0,-4.0,0.0
2025-2025011023gm-00a9-0000-6d5806f0-05-s0-d13,243,-10.0,10.0,20.0
2025-2025011023gm-00a9-0000-6d5806f0-05-s0-d13,244,-4.0,-4.0,0.0
2025-2025011023gm-00a9-0000-6d5806f0-05-s0-d13,245,10.0,10.0,0.0
2025-2025011023gm-00a9-0000-6d5806f0-05-s0-d13,246,-4.0,-4.0,0.0
2025-2025011023gm-00a9-0000-6d5806f0-05-s0-d13,247,4.0,4.0,0.0
2025-2025011023gm-00a9-0000-6d5806f0-05-s0-d13,248,-4.0,4.0,8.0
2025-2025011023gm-00a9-0000-6d5806f0-05-s0-d13,249,4.0,-4.0,-8.0
2025-2025011023gm-00a9-0000-6d5806f0-05-s0-d13,250,10.0,10.0,0.0
2025-2025011023gm-00a9-0000-6d5806f0-05-s0-d13,251,10.0,4.0,-6.0
2025-2025011023gm-00a9-0000-6d5806f0-05-s0-d13,252,-10.0,-10.0,0.0
2025-2025011023gm-00a9-0000-6d5806f0-05-s0-d13,253,10.0,10.0,0.0
2025-2025011023gm-00a9-0000-6d5806f0-05-s0-d13,254,10.0,10.0,0.0
2025-2025011023gm-00a9-0000-6d5806f0-05-s0-d13,255,4.0,10.0,6.0
2025-2025040921gm-00a9-0000-9f24706f-08-s0-d8,0,-4.0,-4.0,0.0
2025-2025040921gm-00a9-0000-9f24706f-08-s0-d8,1,-10.0,-10.0,0.0
2025-2025040921gm-00a9-0000-9f24706f-08-s0-d8,2,-4.0,-4.0,0.0
2025-2025040921gm-00a9-0000-9f24706f-08-s0-d8,3,-4.0,-4.0,0.0
2025-2025040921gm-00a9-0000-9f24706f-08-s0-d8,4,-4.0,-4.0,0.0
2025-2025040921gm-00a9-0000-9f24706f-08-s0-d8,5,-4.0,-4.0,0.0
2025-2025040921gm-00a9-0000-9f24706f-08-s0-d8,6,-4.0,-4.0,0.0
2025-2025040921gm-00a9-0000-9f24706f-08-s0-d8,7,-4.0,-4.0,0.0
2025-2025040921gm-00a9-0000-9f24706f-08-s0-d8,8,-4.0,-4.0,0.0
2025-2025040921gm-00a9-0000-9f24706f-08-s0-d8,9,-4.0,-4.0,0.0
2025-2025040921gm-00a9-0000-9f24706f-08-s0-d8,10,-4.0,-4.0,0.0
2025-2025040921gm-00a9-0000-9f24706f-08-s0-d8,11,-4.0,-4.0,0.0
2025-2025040921gm-00a9-0000-9f24706f-08-s0-d8,12,-4.0,-4.0,0.0
2025-2025040921gm-00a9-0000-9f24706f-08-s0-d8,13,-4.0,-4.0,0.0
2025-2025040921gm-00a9-0000-9f24706f-08-s0-d8,14,-4.0,-4.0,0.0
2025-2025040921gm-00a9-0000-9f24706f-08-s0-d8,15,-4.0,-4.0,0.0
2025-2025040921gm-00a9-0000-9f24706f-08-s0-d8,16,-4.0,-4.0,0.0
2025-2025040921gm-00a9-0000-9f24706f-08-s0-d8,17,-4.0,-4.0,0.0
2025-2025040921gm-00a9-0000-9f24706f-08-s0-d8,18,-4.0,-4.0,0.0
2025-2025040921gm-00a9-0000-9f24706f-08-s0-d8,19,-4.0,-4.0,0.0
2025-2025040921gm-00a9-0000-9f24706f-08-s0-d8,20,-4.0,-4.0,0.0
2025-2025040921gm-00a9-0000-9f24706f-08-s0-d8,21,-4.0,-4.0,0.0
2025-2025040921gm-00a9-0000-9f24706f-08-s0-d8,22,-4.0,-4.0,0.0
2025-2025040921gm-00a9-0000-9f24706f-08-s0-d8,23,-4.0,-4.0,0.0
2025-2025040921gm-00a9-0000-9f24706f-08-s0-d8,24,-4.0,-4.0,0.0
2025-2025040921gm-00a9-0000-9f24706f-08-s0-d8,25,-4.0,-4.0,0.0
2025-2025040921gm-00a9-0000-9f24706f-08-s0-d8,26,-4.0,-4.0,0.0
2025-2025040921gm-00a9-0000-9f24706f-08-s0-d8,27,-4.0,-4.0,0.0
2025-2025040921gm-00a9-0000-9f24706f-08-s0-d8,28,-4.0,-4.0,0.0
2025-2025040921gm-00a9-0000-9f24706f-08-s0-d8,29,-4.0,-4.0,0.0
2025-2025040921gm-00a9-0000-9f24706f-08-s0-d8,30,-4.0,-4.0,0.0
2025-2025040921gm-00a9-0000-9f24706f-08-s0-d8,31,-4.0,-4.0,0.0
2025-2025040921gm-00a9-0000-9f24706f-08-s0-d8,32,-4.0,-4.0,0.0
2025-2025040921gm-00a9-0000-9f24706f-08-s0-d8,33,-4.0,-4.0,0.0
2025-2025040921gm-00a9-0000-9f24706f-08-s0-d8,34,-4.0,-4.0,0.0
2025-2025040921gm-00a9-0000-9f24706f-08-s0-d8,35,-4.0,-4.0,0.0
2025-2025040921gm-00a9-0000-9f24706f-08-s0-d8,36,-4.0,-4.0,0.0
2025-2025040921gm-00a9-0000-9f24706f-08-s0-d8,37,-4.0,-4.0,0.0
2025-2025040921gm-00a9-0000-9f24706f-08-s0-d8,38,-4.0,-4.0,0.0
2025-2025040921gm-00a9-0000-9f24706f-08-s0-d8,39,-4.0,-4.0,0.0
2025-2025040921gm-00a9-0000-9f24706f-08-s0-d8,40,-4.0,-4.0,0.0
2025-2025040921gm-00a9-0000-9f24706f-08-s0-d8,41,-4.0,-4.0,0.0
2025-2025040921gm-00a9-0000-9f24706f-08-s0-d8,42,-4.0,-4.0,0.0
2025-2025040921gm-00a9-0000-9f24706f-08-s0-d8,43,-4.0,-4.0,0.0
2025-2025040921gm-00a9-0000-9f24706f-08-s0-d8,44,-4.0,-4.0,0.0
2025-2025040921gm-00a9-0000-9f24706f-08-s0-d8,45,-4.0,-4.0,0.0
2025-2025040921gm-00a9-0000-9f24706f-08-s0-d8,46,-4.0,-4.0,0.0
2025-2025040921gm-00a9-0000-9f24706f-08-s0-d8,47,-4.0,-4.0,0.0
2025-2025040921gm-00a9-0000-9f24706f-08-s0-d8,48,-4.0,-4.0,0.0
2025-2025040921gm-00a9-0000-9f24706f-08-s0-d8,49,-4.0,-4.0,0.0
2025-2025040921gm-00a9-0000-9f24706f-08-s0-d8,50,-4.0,-4.0,0.0
2025-2025040921gm-00a9-0000-9f24706f-08-s0-d8,51,-4.0,-4.0,0.0
2025-2025040921gm-00a9-0000-9f24706f-08-s0-d8,52,-4.0,-4.0,0.0
2025-2025040921gm-00a9-0000-9f24706f-08-s0-d8,53,-4.0,-4.0,0.0
2025-2025040921gm-00a9-0000-9f24706f-08-s0-d8,54,-4.0,-4.0,0.0
2025-2025040921gm-00a9-0000-9f24706f-08-s0-d8,55,-4.0,-4.0,0.0
2025-2025040921gm-00a9-0000-9f24706f-08-s0-d8,56,-4.0,-4.0,0.0
2025-2025040921gm-00a9-0000-9f24706f-08-s0-d8,57,-4.0,-4.0,0.0
2025-2025040921gm-00a9-0000-9f24706f-08-s0-d8,58,-4.0,-4.0,0.0
2025-2025040921gm-00a9-0000-9f24706f-08-s0-d8,59,-4.0,-4.0,0.0
2025-2025040921gm-00a9-0000-9f24706f-08-s0-d8,60,-4.0,-4.0,0.0
2025-2025040921gm-00a9-0000-9f24706f-08-s0-d8,61,-4.0,-4.0,0.0
2025-2025040921gm-00a9-0000-9f24706f-08-s0-d8,62,-4.0,-4.0,0.0
2025-2025040921gm-00a9-0000-9f24706f-08-s0-d8,63,-4.0,-4.0,0.0
2025-2025040921gm-00a9-0000-9f24706f-08-s0-d8,64,-10.0,-10.0,0.0
2025-2025040921gm-00a9-0000-9f24706f-08-s0-d8,65,-4.0,-4.0,0.0
2025-2025040921gm-00a9-0000-9f24706f-08-s0-d8,66,-4.0,-4.0,0.0
2025-2025040921gm-00a9-0000-9f24706f-08-s0-d8,67,-4.0,-4.0,0.0
2025-2025040921gm-00a9-0000-9f24706f-08-s0-d8,68,-4.0,-4.0,0.0
2025-2025040921gm-00a9-0000-9f24706f-08-s0-d8,69,-4.0,-4.0,0.0
2025-2025040921gm-00a9-0000-9f24706f-08-s0-d8,70,-4.0,-4.0,0.0
2025-2025040921gm-00a9-0000-9f24706f-08-s0-d8,71,-4.0,-4.0,0.0
2025-2025040921gm-00a9-0000-9f24706f-08-s0-d8,72,-4.0,-4.0,0.0
2025-2025040921gm-00a9-0000-9f24706f-08-s0-d8,73,-4.0,-4.0,0.0
2025-2025040921gm-00a9-0000-9f24706f-08-s0-d8,74,-4.0,-4.0,0.0
2025-2025040921gm-00a9-0000-9f24706f-08-s0-d8,75,-4.0,-4.0,0.0
2025-2025040921gm-00a9-0000-9f24706f-08-s0-d8,76,-4.0,-4.0,0.0
2025-2025040921gm-00a9-0000-9f24706f-08-s0-d8,77,-4.0,-4.0,0.0
2025-2025040921gm-00a9-0000-9f24706f-08-s0-d8,78,-4.0,-4.0,0.0
2025-2025040921gm-00a9-0000-9f24706f-08-s0-d8,79,-4.0,-4.0,0.0
2025-2025040921gm-00a9-0000-9f24706f-08-s0-d8,80,-4.0,-4.0,0.0
2025-2025040921gm-00a9-0000-9f24706f-08-s0-d8,81,-4.0,-4.0,0.0
2025-2025040921gm-00a9-0000-9f24706f-08-s0-d8,82,-4.0,-4.0,0.0
2025-2025040921gm-00a9-0000-9f24706f-08-s0-d8,83,-4.0,-4.0,0.0
2025-2025040921gm-00a9-0000-9f24706f-08-s0-d8,84,-4.0,-4.0,0.0
2025-2025040921gm-00a9-0000-9f24706f-08-s0-d8,85,-4.0,-4.0,0.0
2025-2025040921gm-00a9-0000-9f24706f-08-s0-d8,86,-4.0,-4.0,0.0
2025-2025040921gm-00a9-0000-9f24706f-08-s0-d8,87,-4.0,-4.0,0.0
2025-2025040921gm-00a9-0000-9f24706f-08-s0-d8,88,-4.0,-4.0,0.0
2025-2025040921gm-00a9-0000-9f24706f-08-s0-d8,89,-4.0,-4.0,0.0
2025-2025040921gm-00a9-0000-9f24706f-08-s0-d8,90,-4.0,-10.0,-6.0
2025-2025040921gm-00a9-0000-9f24706f-08-s0-d8,91,-4.0,-10.0,-6.0
2025-2025040921gm-00a9-0000-9f24706f-08-s0-d8,92,-4.0,-4.0,0.0
2025-2025040921gm-00a9-0000-9f24706f-08-s0-d8,93,-4.0,-10.0,-6.0
2025-2025040921gm-00a9-0000-9f24706f-08-s0-d8,94,-4.0,-4.0,0.0
2025-2025040921gm-00a9-0000-9f24706f-08-s0-d8,95,-4.0,-4.0,0.0
2025-2025040921gm-00a9-0000-9f24706f-08-s0-d8,96,-4.0,-4.0,0.0
2025-2025040921gm-00a9-0000-9f24706f-08-s0-d8,97,-4.0,-4.0,0.0
2025-2025040921gm-00a9-0000-9f24706f-08-s0-d8,98,-4.0,-4.0,0.0
2025-2025040921gm-00a9-0000-9f24706f-08-s0-d8,99,-4.0,-4.0,0.0
2025-2025040921gm-00a9-0000-9f24706f-08-s0-d8,100,-4.0,-4.0,0.0
2025-2025040921gm-00a9-0000-9f24706f-08-s0-d8,101,-4.0,-4.0,0.0
2025-2025040921gm-00a9-0000-9f24706f-08-s0-d8,102,-4.0,-4.0,0.0
2025-2025040921gm-00a9-0000-9f24706f-08-s0-d8,103,-4.0,-4.0,0.0
2025-2025040921gm-00a9-0000-9f24706f-08-s0-d8,104,-4.0,-4.0,0.0
2025-2025040921gm-00a9-0000-9f24706f-08-s0-d8,105,-4.0,-4.0,0.0
2025-2025040921gm-00a9-0000-9f24706f-08-s0-d8,106,-4.0,-4.0,0.0
2025-2025040921gm-00a9-0000-9f24706f-08-s0-d8,107,-4.0,-4.0,0.0
2025-2025040921gm-00a9-0000-9f24706f-08-s0-d8,108,-4.0,-4.0,0.0
2025-2025040921gm-00a9-0000-9f24706f-08-s0-d8,109,-10.0,4.0,14.0
2025-2025040921gm-00a9-0000-9f24706f-08-s0-d8,110,-4.0,-4.0,0.0
2025-2025040921gm-00a9-0000-9f24706f-08-s0-d8,111,-4.0,-4.0,0.0
2025-2025040921gm-00a9-0000-9f24706f-08-s0-d8,112,-4.0,-4.0,0.0
2025-2025040921gm-00a9-0000-9f24706f-08-s0-d8,113,-4.0,-4.0,0.0
2025-2025040921gm-00a9-0000-9f24706f-08-s0-d8,114,-4.0,-4.0,0.0
2025-2025040921gm-00a9-0000-9f24706f-08-s0-d8,115,-4.0,-4.0,0.0
2025-2025040921gm-00a9-0000-9f24706f-08-s0-d8,116,-10.0,-4.0,6.0
2025-2025040921gm-00a9-0000-9f24706f-08-s0-d8,117,-10.0,-10.0,0.0
2025-2025040921gm-00a9-0000-9f24706f-08-s0-d8,118,-4.0,-4.0,0.0
2025-2025040921gm-00a9-0000-9f24706f-08-s0-d8,119,-4.0,-4.0,0.0
2025-2025040921gm-00a9-0000-9f24706f-08-s0-d8,120,-4.0,-10.0,-6.0
2025-2025040921gm-00a9-0000-9f24706f-08-s0-d8,121,-4.0,-4.0,0.0
2025-2025040921gm-00a9-0000-9f24706f-08-s0-d8,122,-4.0,-4.0,0.0
2025-2025040921gm-00a9-0000-9f24706f-08-s0-d8,123,-4.0,-4.0,0.0
2025-2025040921gm-00a9-0000-9f24706f-08-s0-d8,124,-4.0,-4.0,0.0
2025-2025040921gm-00a9-0000-9f24706f-08-s0-d8,125,-4.0,-4.0,0.0
2025-2025040921gm-00a9-0000-9f24706f-08-s0-d8,126,-4.0,-4.0,0.0
2025-2025040921gm-00a9-0000-9f24706f-08-s0-d8,127,-4.0,-4.0,0.0
2025-2025040921gm-00a9-0000-9f24706f-08-s0-d8,128,-4.0,-4.0,0.0
2025-2025040921gm-00a9-0000-9f24706f-08-s0-d8,129,-4.0,-4.0,0.0
2025-2025040921gm-00a9-0000-9f24706f-08-s0-d8,130,-4.0,-4.0,0.0
2025-2025040921gm-00a9-0000-9f24706f-08-s0-d8,131,-4.0,-4.0,0.0
2025-2025040921gm-00a9-0000-9f24706f-08-s0-d8,132,-4.0,-4.0,0.0
2025-2025040921gm-00a9-0000-9f24706f-08-s0-d8,133,-4.0,-4.0,0.0
2025-2025040921gm-00a9-0000-9f24706f-08-s0-d8,134,-4.0,-4.0,0.0
2025-2025040921gm-00a9-0000-9f24706f-08-s0-d8,135,-4.0,-4.0,0.0
2025-2025040921gm-00a9-0000-9f24706f-08-s0-d8,136,-4.0,-4.0,0.0
2025-2025040921gm-00a9-0000-9f24706f-08-s0-d8,137,-10.0,4.0,14.0
2025-2025040921gm-00a9-0000-9f24706f-08-s0-d8,138,-4.0,-4.0,0.0
2025-2025040921gm-00a9-0000-9f24706f-08-s0-d8,139,-4.0,-4.0,0.0
2025-2025040921gm-00a9-0000-9f24706f-08-s0-d8,140,-4.0,-4.0,0.0
2025-2025040921gm-00a9-0000-9f24706f-08-s0-d8,141,-4.0,-4.0,0.0
2025-2025040921gm-00a9-0000-9f24706f-08-s0-d8,142,-4.0,-10.0,-6.0
2025-2025040921gm-00a9-0000-9f24706f-08-s0-d8,143,-4.0,-4.0,0.0
2025-2025040921gm-00a9-0000-9f24706f-08-s0-d8,144,-4.0,-4.0,0.0
2025-2025040921gm-00a9-0000-9f24706f-08-s0-d8,145,-4.0,-10.0,-6.0
2025-2025040921gm-00a9-0000-9f24706f-08-s0-d8,146,-4.0,-4.0,0.0
2025-2025040921gm-00a9-0000-9f24706f-08-s0-d8,147,-4.0,-4.0,0.0
2025-2025040921gm-00a9-0000-9f24706f-08-s0-d8,148,-4.0,-4.0,0.0
2025-2025040921gm-00a9-0000-9f24706f-08-s0-d8,149,-4.0,-4.0,0.0
2025-2025040921gm-00a9-0000-9f24706f-08-s0-d8,150,-4.0,-4.0,0.0
2025-2025040921gm-00a9-0000-9f24706f-08-s0-d8,151,-4.0,-4.0,0.0
2025-2025040921gm-00a9-0000-9f24706f-08-s0-d8,152,-4.0,-4.0,0.0
2025-2025040921gm-00a9-0000-9f24706f-08-s0-d8,153,-10.0,-10.0,0.0
2025-2025040921gm-00a9-0000-9f24706f-08-s0-d8,154,-4.0,-4.0,0.0
2025-2025040921gm-00a9-0000-9f24706f-08-s0-d8,155,-10.0,-10.0,0.0
2025-2025040921gm-00a9-0000-9f24706f-08-s0-d8,156,-4.0,-4.0,0.0
2025-2025040921gm-00a9-0000-9f24706f-08-s0-d8,157,-4.0,-4.0,0.0
2025-2025040921gm-00a9-0000-9f24706f-08-s0-d8,158,-4.0,-4.0,0.0
2025-2025040921gm-00a9-0000-9f24706f-08-s0-d8,159,-4.0,-4.0,0.0
2025-2025040921gm-00a9-0000-9f24706f-08-s0-d8,160,-4.0,-4.0,0.0
2025-2025040921gm-00a9-0000-9f24706f-08-s0-d8,161,-4.0,-4.0,0.0
2025-2025040921gm-00a9-0000-9f24706f-08-s0-d8,162,-4.0,-4.0,0.0
2025-2025040921gm-00a9-0000-9f24706f-08-s0-d8,163,-4.0,-4.0,0.0
2025-2025040921gm-00a9-0000-9f24706f-08-s0-d8,164,-4.0,-4.0,0.0
2025-2025040921gm-00a9-0000-9f24706f-08-s0-d8,165,-4.0,-4.0,0.0
2025-2025040921gm-00a9-0000-9f24706f-08-s0-d8,166,-4.0,-4.0,0.0
2025-2025040921gm-00a9-0000-9f24706f-08-s0-d8,167,-4.0,-4.0,0.0
2025-2025040921gm-00a9-0000-9f24706f-08-s0-d8,168,-4.0,-4.0,0.0
2025-2025040921gm-00a9-0000-9f24706f-08-s0-d8,169,-10.0,-10.0,0.0
2025-2025040921gm-00a9-0000-9f24706f-08-s0-d8,170,-4.0,-4.0,0.0
2025-2025040921gm-00a9-0000-9f24706f-08-s0-d8,171,-4.0,-4.0,0.0
2025-2025040921gm-00a9-0000-9f24706f-08-s0-d8,172,-4.0,-4.0,0.0
2025-2025040921gm-00a9-0000-9f24706f-08-s0-d8,173,-4.0,-4.0,0.0
2025-2025040921gm-00a9-0000-9f24706f-08-s0-d8,174,-4.0,-4.0,0.0
2025-2025040921gm-00a9-0000-9f24706f-08-s0-d8,175,-4.0,-4.0,0.0
2025-2025040921gm-00a9-0000-9f24706f-08-s0-d8,176,-4.0,-4.0,0.0
2025-2025040921gm-00a9-0000-9f24706f-08-s0-d8,177,-4.0,-4.0,0.0
2025-2025040921gm-00a9-0000-9f24706f-08-s0-d8,178,-10.0,-4.0,6.0
2025-2025040921gm-00a9-0000-9f24706f-08-s0-d8,179,-4.0,-4.0,0.0
2025-2025040921gm-00a9-0000-9f24706f-08-s0-d8,180,-4.0,-4.0,0.0
2025-2025040921gm-00a9-0000-9f24706f-08-s0-d8,181,-4.0,-4.0,0.0
2025-2025040921gm-00a9-0000-9f24706f-08-s0-d8,182,-4.0,-4.0,0.0
2025-2025040921gm-00a9-0000-9f24706f-08-s0-d8,183,-4.0,-4.0,0.0
2025-2025040921gm-00a9-0000-9f24706f-08-s0-d8,184,-4.0,-4.0,0.0
2025-2025040921gm-00a9-0000-9f24706f-08-s0-d8,185,-4.0,-10.0,-6.0
2025-2025040921gm-00a9-0000-9f24706f-08-s0-d8,186,-4.0,-4.0,0.0
2025-2025040921gm-00a9-0000-9f24706f-08-s0-d8,187,-4.0,-4.0,0.0
2025-2025040921gm-00a9-0000-9f24706f-08-s0-d8,188,-4.0,-4.0,0.0
2025-2025040921gm-00a9-0000-9f24706f-08-s0-d8,189,-4.0,-4.0,0.0
2025-2025040921gm-00a9-0000-9f24706f-08-s0-d8,190,-4.0,-4.0,0.0
2025-2025040921gm-00a9-0000-9f24706f-08-s0-d8,191,-4.0,-4.0,0.0
2025-2025040921gm-00a9-0000-9f24706f-08-s0-d8,192,-4.0,-4.0,0.0
2025-2025040921gm-00a9-0000-9f24706f-08-s0-d8,193,-4.0,-4.0,0.0
2025-2025040921gm-00a9-0000-9f24706f-08-s0-d8,194,-4.0,-4.0,0.0
2025-2025040921gm-00a9-0000-9f24706f-08-s0-d8,195,-4.0,-4.0,0.0
2025-2025040921gm-00a9-0000-9f24706f-08-s0-d8,196,-4.0,-4.0,0.0
2025-2025040921gm-00a9-0000-9f24706f-08-s0-d8,197,-4.0,-4.0,0.0
2025-2025040921gm-00a9-0000-9f24706f-08-s0-d8,198,-4.0,-4.0,0.0
2025-2025040921gm-00a9-0000-9f24706f-08-s0-d8,199,-4.0,-4.0,0.0
2025-2025040921gm-00a9-0000-9f24706f-08-s0-d8,200,-4.0,-4.0,0.0
2025-2025040921gm-00a9-0000-9f24706f-08-s0-d8,201,-10.0,-4.0,6.0
2025-2025040921gm-00a9-0000-9f24706f-08-s0-d8,202,-4.0,-4.0,0.0
2025-2025040921gm-00a9-0000-9f24706f-08-s0-d8,203,-4.0,-4.0,0.0
2025-2025040921gm-00a9-0000-9f24706f-08-s0-d8,204,-4.0,-4.0,0.0
2025-2025040921gm-00a9-0000-9f24706f-08-s0-d8,205,-4.0,-4.0,0.0
2025-2025040921gm-00a9-0000-9f24706f-08-s0-d8,206,-4.0,-10.0,-6.0
2025-2025040921gm-00a9-0000-9f24706f-08-s0-d8,207,-4.0,-4.0,0.0
2025-2025040921gm-00a9-0000-9f24706f-08-s0-d8,208,-4.0,-4.0,0.0
2025-2025040921gm-00a9-0000-9f24706f-08-s0-d8,209,-4.0,-4.0,0.0
2025-2025040921gm-00a9-0000-9f24706f-08-s0-d8,210,-10.0,-10.0,0.0
2025-2025040921gm-00a9-0000-9f24706f-08-s0-d8,211,-4.0,-4.0,0.0
2025-2025040921gm-00a9-0000-9f24706f-08-s0-d8,212,-4.0,-10.0,-6.0
2025-2025040921gm-00a9-0000-9f24706f-08-s0-d8,213,-4.0,-4.0,0.0
2025-2025040921gm-00a9-0000-9f24706f-08-s0-d8,214,-4.0,-4.0,0.0
2025-2025040921gm-00a9-0000-9f24706f-08-s0-d8,215,-4.0,-4.0,0.0
2025-2025040921gm-00a9-0000-9f24706f-08-s0-d8,216,-4.0,-4.0,0.0
2025-2025040921gm-00a9-0000-9f24706f-08-s0-d8,217,-4.0,-4.0,0.0
2025-2025040921gm-00a9-0000-9f24706f-08-s0-d8,218,-4.0,-4.0,0.0
2025-2025040921gm-00a9-0000-9f24706f-08-s0-d8,219,-4.0,-4.0,0.0
2025-2025040921gm-00a9-0000-9f24706f-08-s0-d8,220,-4.0,-4.0,0.0
2025-2025040921gm-00a9-0000-9f24706f-08-s0-d8,221,-4.0,-4.0,0.0
2025-2025040921gm-00a9-0000-9f24706f-08-s0-d8,222,-4.0,-4.0,0.0
2025-2025040921gm-00a9-0000-9f24706f-08-s0-d8,223,-10.0,-10.0,0.0
2025-2025040921gm-00a9-0000-9f24706f-08-s0-d8,224,-4.0,-4.0,0.0
2025-2025040921gm-00a9-0000-9f24706f-08-s0-d8,225,-4.0,-4.0,0.0
2025-2025040921gm-00a9-0000-9f24706f-08-s0-d8,226,-4.0,-4.0,0.0
2025-2025040921gm-00a9-0000-9f24706f-08-s0-d8,227,-4.0,-4.0,0.0
2025-2025040921gm-00a9-0000-9f24706f-08-s0-d8,228,-10.0,-4.0,6.0
2025-2025040921gm-00a9-0000-9f24706f-08-s0-d8,229,-4.0,-4.0,0.0
2025-2025040921gm-00a9-0000-9f24706f-08-s0-d8,230,-4.0,-4.0,0.0
2025-2025040921gm-00a9-0000-9f24706f-08-s0-d8,231,-4.0,-4.0,0.0
2025-2025040921gm-00a9-0000-9f24706f-08-s0-d8,232,-4.0,-4.0,0.0
2025-2025040921gm-00a9-0000-9f24706f-08-s0-d8,233,-4.0,-4.0,0.0
2025-2025040921gm-00a9-0000-9f24706f-08-s0-d8,234,-4.0,-4.0,0.0
2025-2025040921gm-00a9-0000-9f24706f-08-s0-d8,235,-4.0,-4.0,0.0
2025-2025040921gm-00a9-0000-9f24706f-08-s0-d8,236,-4.0,-4.0,0.0
2025-2025040921gm-00a9-0000-9f24706f-08-s0-d8,237,-4.0,-4.0,0.0
2025-2025040921gm-00a9-0000-9f24706f-08-s0-d8,238,-4.0,-4.0,0.0
2025-2025040921gm-00a9-0000-9f24706f-08-s0-d8,239,-4.0,-4.0,0.0
2025-2025040921gm-00a9-0000-9f24706f-08-s0-d8,240,-4.0,-4.0,0.0
2025-2025040921gm-00a9-0000-9f24706f-08-s0-d8,241,-4.0,-4.0,0.0
2025-2025040921gm-00a9-0000-9f24706f-08-s0-d8,242,-10.0,-10.0,0.0
2025-2025040921gm-00a9-0000-9f24706f-08-s0-d8,243,-4.0,-4.0,0.0
2025-2025040921gm-00a9-0000-9f24706f-08-s0-d8,244,-4.0,-4.0,0.0
2025-2025040921gm-00a9-0000-9f24706f-08-s0-d8,245,-4.0,-4.0,0.0
2025-2025040921gm-00a9-0000-9f24706f-08-s0-d8,246,-4.0,-4.0,0.0
2025-2025040921gm-00a9-0000-9f24706f-08-s0-d8,247,-4.0,-4.0,0.0
2025-2025040921gm-00a9-0000-9f24706f-08-s0-d8,248,-10.0,-4.0,6.0
2025-2025040921gm-00a9-0000-9f24706f-08-s0-d8,249,-4.0,-4.0,0.0
2025-2025040921gm-00a9-0000-9f24706f-08-s0-d8,250,-4.0,-4.0,0.0
2025-2025040921gm-00a9-0000-9f24706f-08-s0-d8,251,-4.0,-4.0,0.0
2025-2025040921gm-00a9-0000-9f24706f-08-s0-d8,252,-4.0,-4.0,0.0
2025-2025040921gm-00a9-0000-9f24706f-08-s0-d8,253,-4.0,-4.0,0.0
2025-2025040921gm-00a9-0000-9f24706f-08-s0-d8,254,-4.0,-4.0,0.0
2025-2025040921gm-00a9-0000-9f24706f-08-s0-d8,255,-4.0,-4.0,0.0
2025-2025041317gm-00a9-0000-009de259-01-s0-d22,0,4.0,4.0,0.0
2025-2025041317gm-00a9-0000-009de259-01-s0-d22,1,-10.0,-10.0,0.0
2025-2025041317gm-00a9-0000-009de259-01-s0-d22,2,10.0,10.0,0.0
2025-2025041317gm-00a9-0000-009de259-01-s0-d22,3,4.0,10.0,6.0
2025-2025041317gm-00a9-0000-009de259-01-s0-d22,4,4.0,10.0,6.0
2025-2025041317gm-00a9-0000-009de259-01-s0-d22,5,10.0,10.0,0.0
2025-2025041317gm-00a9-0000-009de259-01-s0-d22,6,10.0,-10.0,-20.0
2025-2025041317gm-00a9-0000-009de259-01-s0-d22,7,-10.0,-10.0,0.0
2025-2025041317gm-00a9-0000-009de259-01-s0-d22,8,-10.0,4.0,14.0
2025-2025041317gm-00a9-0000-009de259-01-s0-d22,9,4.0,4.0,0.0
2025-2025041317gm-00a9-0000-009de259-01-s0-d22,10,-10.0,4.0,14.0
2025-2025041317gm-00a9-0000-009de259-01-s0-d22,11,-10.0,-4.0,6.0
2025-2025041317gm-00a9-0000-009de259-01-s0-d22,12,10.0,10.0,0.0
2025-2025041317gm-00a9-0000-009de259-01-s0-d22,13,-10.0,10.0,20.0
2025-2025041317gm-00a9-0000-009de259-01-s0-d22,14,-10.0,4.0,14.0
2025-2025041317gm-00a9-0000-009de259-01-s0-d22,15,4.0,-4.0,-8.0
2025-2025041317gm-00a9-0000-009de259-01-s0-d22,16,-10.0,4.0,14.0
2025-2025041317gm-00a9-0000-009de259-01-s0-d22,17,4.0,-10.0,-14.0
2025-2025041317gm-00a9-0000-009de259-01-s0-d22,18,-10.0,-10.0,0.0
2025-2025041317gm-00a9-0000-009de259-01-s0-d22,19,-10.0,10.0,20.0
2025-2025041317gm-00a9-0000-009de259-01-s0-d22,20,4.0,4.0,0.0
2025-2025041317gm-00a9-0000-009de259-01-s0-d22,21,10.0,4.0,-6.0
2025-2025041317gm-00a9-0000-009de259-01-s0-d22,22,4.0,10.0,6.0
2025-2025041317gm-00a9-0000-009de259-01-s0-d22,23,-4.0,4.0,8.0
2025-2025041317gm-00a9-0000-009de259-01-s0-d22,24,-4.0,10.0,14.0
2025-2025041317gm-00a9-0000-009de259-01-s0-d22,25,-10.0,-4.0,6.0
2025-2025041317gm-00a9-0000-009de259-01-s0-d22,26,-10.0,4.0,14.0
2025-2025041317gm-00a9-0000-009de259-01-s0-d22,27,4.0,-4.0,-8.0
2025-2025041317gm-00a9-0000-009de259-01-s0-d22,28,4.0,4.0,0.0
2025-2025041317gm-00a9-0000-009de259-01-s0-d22,29,10.0,10.0,0.0
2025-2025041317gm-00a9-0000-009de259-01-s0-d22,30,4.0,-10.0,-14.0
2025-2025041317gm-00a9-0000-009de259-01-s0-d22,31,10.0,10.0,0.0
2025-2025041317gm-00a9-0000-009de259-01-s0-d22,32,-10.0,-10.0,0.0
2025-2025041317gm-00a9-0000-009de259-01-s0-d22,33,-4.0,-4.0,0.0
2025-2025041317gm-00a9-0000-009de259-01-s0-d22,34,4.0,4.0,0.0
2025-2025041317gm-00a9-0000-009de259-01-s0-d22,35,-4.0,10.0,14.0
2025-2025041317gm-00a9-0000-009de259-01-s0-d22,36,-10.0,4.0,14.0
2025-2025041317gm-00a9-0000-009de259-01-s0-d22,37,10.0,-4.0,-14.0
2025-2025041317gm-00a9-0000-009de259-01-s0-d22,38,10.0,10.0,0.0
2025-2025041317gm-00a9-0000-009de259-01-s0-d22,39,10.0,10.0,0.0
2025-2025041317gm-00a9-0000-009de259-01-s0-d22,40,4.0,4.0,0.0
2025-2025041317gm-00a9-0000-009de259-01-s0-d22,41,-10.0,4.0,14.0
2025-2025041317gm-00a9-0000-009de259-01-s0-d22,42,-10.0,10.0,20.0
2025-2025041317gm-00a9-0000-009de259-01-s0-d22,43,4.0,4.0,0.0
2025-2025041317gm-00a9-0000-009de259-01-s0-d22,44,-10.0,10.0,20.0
2025-2025041317gm-00a9-0000-009de259-01-s0-d22,45,-4.0,-4.0,0.0
2025-2025041317gm-00a9-0000-009de259-01-s0-d22,46,-10.0,10.0,20.0
2025-2025041317gm-00a9-0000-009de259-01-s0-d22,47,4.0,4.0,0.0
2025-2025041317gm-00a9-0000-009de259-01-s0-d22,48,-4.0,-4.0,0.0
2025-2025041317gm-00a9-0000-009de259-01-s0-d22,49,10.0,10.0,0.0
2025-2025041317gm-00a9-0000-009de259-01-s0-d22,50,-4.0,-4.0,0.0
2025-2025041317gm-00a9-0000-009de259-01-s0-d22,51,10.0,-10.0,-20.0
2025-2025041317gm-00a9-0000-009de259-01-s0-d22,52,10.0,4.0,-6.0
2025-2025041317gm-00a9-0000-009de259-01-s0-d22,53,-4.0,-10.0,-6.0
2025-2025041317gm-00a9-0000-009de259-01-s0-d22,54,-10.0,10.0,20.0
2025-2025041317gm-00a9-0000-009de259-01-s0-d22,55,4.0,10.0,6.0
2025-2025041317gm-00a9-0000-009de259-01-s0-d22,56,-4.0,10.0,14.0
2025-2025041317gm-00a9-0000-009de259-01-s0-d22,57,-10.0,10.0,20.0
2025-2025041317gm-00a9-0000-009de259-01-s0-d22,58,4.0,-4.0,-8.0
2025-2025041317gm-00a9-0000-009de259-01-s0-d22,59,4.0,10.0,6.0
2025-2025041317gm-00a9-0000-009de259-01-s0-d22,60,4.0,4.0,0.0
2025-2025041317gm-00a9-0000-009de259-01-s0-d22,61,-10.0,10.0,20.0
2025-2025041317gm-00a9-0000-009de259-01-s0-d22,62,-10.0,-10.0,0.0
2025-2025041317gm-00a9-0000-009de259-01-s0-d22,63,4.0,-10.0,-14.0
2025-2025041317gm-00a9-0000-009de259-01-s0-d22,64,4.0,-4.0,-8.0
2025-2025041317gm-00a9-0000-009de259-01-s0-d22,65,-10.0,4.0,14.0
2025-2025041317gm-00a9-0000-009de259-01-s0-d22,66,4.0,-4.0,-8.0
2025-2025041317gm-00a9-0000-009de259-01-s0-d22,67,4.0,10.0,6.0
2025-2025041317gm-00a9-0000-009de259-01-s0-d22,68,-10.0,-10.0,0.0
2025-2025041317gm-00a9-0000-009de259-01-s0-d22,69,-4.0,-4.0,0.0
2025-2025041317gm-00a9-0000-009de259-01-s0-d22,70,4.0,4.0,0.0
2025-2025041317gm-00a9-0000-009de259-01-s0-d22,71,4.0,4.0,0.0
2025-2025041317gm-00a9-0000-009de259-01-s0-d22,72,4.0,-4.0,-8.0
2025-2025041317gm-00a9-0000-009de259-01-s0-d22,73,-10.0,-10.0,0.0
2025-2025041317gm-00a9-0000-009de259-01-s0-d22,74,-4.0,-4.0,0.0
2025-2025041317gm-00a9-0000-009de259-01-s0-d22,75,10.0,10.0,0.0
2025-2025041317gm-00a9-0000-009de259-01-s0-d22,76,4.0,4.0,0.0
2025-2025041317gm-00a9-0000-009de259-01-s0-d22,77,-10.0,-4.0,6.0
2025-2025041317gm-00a9-0000-009de259-01-s0-d22,78,-4.0,4.0,8.0
2025-2025041317gm-00a9-0000-009de259-01-s0-d22,79,-10.0,-10.0,0.0
2025-2025041317gm-00a9-0000-009de259-01-s0-d22,80,4.0,-4.0,-8.0
2025-2025041317gm-00a9-0000-009de259-01-s0-d22,81,-4.0,-4.0,0.0
2025-2025041317gm-00a9-0000-009de259-01-s0-d22,82,-4.0,4.0,8.0
2025-2025041317gm-00a9-0000-009de259-01-s0-d22,83,10.0,4.0,-6.0
2025-2025041317gm-00a9-0000-009de259-01-s0-d22,84,-10.0,-4.0,6.0
2025-2025041317gm-00a9-0000-009de259-01-s0-d22,85,-4.0,-4.0,0.0
2025-2025041317gm-00a9-0000-009de259-01-s0-d22,86,-10.0,-10.0,0.0
2025-2025041317gm-00a9-0000-009de259-01-s0-d22,87,4.0,10.0,6.0
2025-2025041317gm-00a9-0000-009de259-01-s0-d22,88,-10.0,-10.0,0.0
2025-2025041317gm-00a9-0000-009de259-01-s0-d22,89,-4.0,-4.0,0.0
2025-2025041317gm-00a9-0000-009de259-01-s0-d22,90,-4.0,-4.0,0.0
2025-2025041317gm-00a9-0000-009de259-01-s0-d22,91,4.0,4.0,0.0
2025-2025041317gm-00a9-0000-009de259-01-s0-d22,92,-10.0,10.0,20.0
2025-2025041317gm-00a9-0000-009de259-01-s0-d22,93,-4.0,4.0,8.0
2025-2025041317gm-00a9-0000-009de259-01-s0-d22,94,-4.0,4.0,8.0
2025-2025041317gm-00a9-0000-009de259-01-s0-d22,95,4.0,10.0,6.0
2025-2025041317gm-00a9-0000-009de259-01-s0-d22,96,4.0,10.0,6.0
2025-2025041317gm-00a9-0000-009de259-01-s0-d22,97,4.0,10.0,6.0
2025-2025041317gm-00a9-0000-009de259-01-s0-d22,98,4.0,10.0,6.0
2025-2025041317gm-00a9-0000-009de259-01-s0-d22,99,-10.0,4.0,14.0
2025-2025041317gm-00a9-0000-009de259-01-s0-d22,100,-4.0,4.0,8.0
2025-2025041317gm-00a9-0000-009de259-01-s0-d22,101,10.0,4.0,-6.0
2025-2025041317gm-00a9-0000-009de259-01-s0-d22,102,10.0,4.0,-6.0
2025-2025041317gm-00a9-0000-009de259-01-s0-d22,103,4.0,-10.0,-14.0
2025-2025041317gm-00a9-0000-009de259-01-s0-d22,104,-10.0,10.0,20.0
2025-2025041317gm-00a9-0000-009de259-01-s0-d22,105,10.0,-10.0,-20.0
2025-2025041317gm-00a9-0000-009de259-01-s0-d22,106,-4.0,-4.0,0.0
2025-2025041317gm-00a9-0000-009de259-01-s0-d22,107,10.0,4.0,-6.0
2025-2025041317gm-00a9-0000-009de259-01-s0-d22,108,10.0,-10.0,-20.0
2025-2025041317gm-00a9-0000-009de259-01-s0-d22,109,4.0,10.0,6.0
2025-2025041317gm-00a9-0000-009de259-01-s0-d22,110,4.0,4.0,0.0
2025-2025041317gm-00a9-0000-009de259-01-s0-d22,111,-10.0,10.0,20.0
2025-2025041317gm-00a9-0000-009de259-01-s0-d22,112,-4.0,4.0,8.0
2025-2025041317gm-00a9-0000-009de259-01-s0-d22,113,-10.0,-10.0,0.0
2025-2025041317gm-00a9-0000-009de259-01-s0-d22,114,4.0,4.0,0.0
2025-2025041317gm-00a9-0000-009de259-01-s0-d22,115,10.0,4.0,-6.0
2025-2025041317gm-00a9-0000-009de259-01-s0-d22,116,-10.0,4.0,14.0
2025-2025041317gm-00a9-0000-009de259-01-s0-d22,117,-4.0,4.0,8.0
2025-2025041317gm-00a9-0000-009de259-01-s0-d22,118,10.0,10.0,0.0
2025-2025041317gm-00a9-0000-009de259-01-s0-d22,119,4.0,4.0,0.0
2025-2025041317gm-00a9-0000-009de259-01-s0-d22,120,4.0,10.0,6.0
2025-2025041317gm-00a9-0000-009de259-01-s0-d22,121,-4.0,4.0,8.0
2025-2025041317gm-00a9-0000-009de259-01-s0-d22,122,10.0,10.0,0.0
2025-2025041317gm-00a9-0000-009de259-01-s0-d22,123,-4.0,4.0,8.0
2025-2025041317gm-00a9-0000-009de259-01-s0-d22,124,4.0,10.0,6.0
2025-2025041317gm-00a9-0000-009de259-01-s0-d22,125,4.0,4.0,0.0
2025-2025041317gm-00a9-0000-009de259-01-s0-d22,126,-10.0,-10.0,0.0
2025-2025041317gm-00a9-0000-009de259-01-s0-d22,127,4.0,-10.0,-14.0
2025-2025122620gm-00a9-0000-0e700f01-04-s3-d11,0,-4.0,10.0,14.0
2025-2025122620gm-00a9-0000-0e700f01-04-s3-d11,1,-10.0,-10.0,0.0
2025-2025122620gm-00a9-0000-0e700f01-04-s3-d11,2,10.0,10.0,0.0
2025-2025122620gm-00a9-0000-0e700f01-04-s3-d11,3,10.0,10.0,0.0
2025-2025122620gm-00a9-0000-0e700f01-04-s3-d11,4,10.0,10.0,0.0
2025-2025122620gm-00a9-0000-0e700f01-04-s3-d11,5,10.0,-10.0,-20.0
2025-2025122620gm-00a9-0000-0e700f01-04-s3-d11,6,-4.0,4.0,8.0
2025-2025122620gm-00a9-0000-0e700f01-04-s3-d11,7,10.0,10.0,0.0
2025-2025122620gm-00a9-0000-0e700f01-04-s3-d11,8,-10.0,-10.0,0.0
2025-2025122620gm-00a9-0000-0e700f01-04-s3-d11,9,-4.0,-4.0,0.0
2025-2025122620gm-00a9-0000-0e700f01-04-s3-d11,10,4.0,4.0,0.0
2025-2025122620gm-00a9-0000-0e700f01-04-s3-d11,11,-4.0,-4.0,0.0
2025-2025122620gm-00a9-0000-0e700f01-04-s3-d11,12,-10.0,4.0,14.0
2025-2025122620gm-00a9-0000-0e700f01-04-s3-d11,13,10.0,10.0,0.0
2025-2025122620gm-00a9-0000-0e700f01-04-s3-d11,14,10.0,4.0,-6.0
2025-2025122620gm-00a9-0000-0e700f01-04-s3-d11,15,4.0,-10.0,-14.0
2025-2025122620gm-00a9-0000-0e700f01-04-s3-d11,16,-4.0,4.0,8.0
2025-2025122620gm-00a9-0000-0e700f01-04-s3-d11,17,10.0,10.0,0.0
2025-2025122620gm-00a9-0000-0e700f01-04-s3-d11,18,4.0,4.0,0.0
2025-2025122620gm-00a9-0000-0e700f01-04-s3-d11,19,10.0,4.0,-6.0
2025-2025122620gm-00a9-0000-0e700f01-04-s3-d11,20,-4.0,-4.0,0.0
2025-2025122620gm-00a9-0000-0e700f01-04-s3-d11,21,4.0,-4.0,-8.0
2025-2025122620gm-00a9-0000-0e700f01-04-s3-d11,22,-4.0,-4.0,0.0
2025-2025122620gm-00a9-0000-0e700f01-04-s3-d11,23,4.0,-4.0,-8.0
2025-2025122620gm-00a9-0000-0e700f01-04-s3-d11,24,-4.0,4.0,8.0
2025-2025122620gm-00a9-0000-0e700f01-04-s3-d11,25,4.0,-4.0,-8.0
2025-2025122620gm-00a9-0000-0e700f01-04-s3-d11,26,-10.0,10.0,20.0
2025-2025122620gm-00a9-0000-0e700f01-04-s3-d11,27,10.0,-4.0,-14.0
2025-2025122620gm-00a9-0000-0e700f01-04-s3-d11,28,4.0,4.0,0.0
2025-2025122620gm-00a9-0000-0e700f01-04-s3-d11,29,10.0,-10.0,-20.0
2025-2025122620gm-00a9-0000-0e700f01-04-s3-d11,30,-10.0,4.0,14.0
2025-2025122620gm-00a9-0000-0e700f01-04-s3-d11,31,4.0,10.0,6.0
2025-2025122620gm-00a9-0000-0e700f01-04-s3-d11,32,4.0,4.0,0.0
2025-2025122620gm-00a9-0000-0e700f01-04-s3-d11,33,-10.0,4.0,14.0
2025-2025122620gm-00a9-0000-0e700f01-04-s3-d11,34,4.0,-4.0,-8.0
2025-2025122620gm-00a9-0000-0e700f01-04-s3-d11,35,4.0,4.0,0.0
2025-2025122620gm-00a9-0000-0e700f01-04-s3-d11,36,10.0,-4.0,-14.0
2025-2025122620gm-00a9-0000-0e700f01-04-s3-d11,37,4.0,4.0,0.0
2025-2025122620gm-00a9-0000-0e700f01-04-s3-d11,38,-4.0,-4.0,0.0
2025-2025122620gm-00a9-0000-0e700f01-04-s3-d11,39,-4.0,4.0,8.0
2025-2025122620gm-00a9-0000-0e700f01-04-s3-d11,40,4.0,4.0,0.0
2025-2025122620gm-00a9-0000-0e700f01-04-s3-d11,41,4.0,4.0,0.0
2025-2025122620gm-00a9-0000-0e700f01-04-s3-d11,42,10.0,4.0,-6.0
2025-2025122620gm-00a9-0000-0e700f01-04-s3-d11,43,-4.0,4.0,8.0
2025-2025122620gm-00a9-0000-0e700f01-04-s3-d11,44,10.0,-4.0,-14.0
2025-2025122620gm-00a9-0000-0e700f01-04-s3-d11,45,-4.0,10.0,14.0
2025-2025122620gm-00a9-0000-0e700f01-04-s3-d11,46,4.0,10.0,6.0
2025-2025122620gm-00a9-0000-0e700f01-04-s3-d11,47,10.0,10.0,0.0
2025-2025122620gm-00a9-0000-0e700f01-04-s3-d11,48,-4.0,10.0,14.0
2025-2025122620gm-00a9-0000-0e700f01-04-s3-d11,49,-4.0,-10.0,-6.0
2025-2025122620gm-00a9-0000-0e700f01-04-s3-d11,50,4.0,4.0,0.0
2025-2025122620gm-00a9-0000-0e700f01-04-s3-d11,51,-4.0,-4.0,0.0
2025-2025122620gm-00a9-0000-0e700f01-04-s3-d11,52,10.0,4.0,-6.0
2025-2025122620gm-00a9-0000-0e700f01-04-s3-d11,53,-4.0,-10.0,-6.0
2025-2025122620gm-00a9-0000-0e700f01-04-s3-d11,54,10.0,10.0,0.0
2025-2025122620gm-00a9-0000-0e700f01-04-s3-d11,55,4.0,10.0,6.0
2025-2025122620gm-00a9-0000-0e700f01-04-s3-d11,56,4.0,10.0,6.0
2025-2025122620gm-00a9-0000-0e700f01-04-s3-d11,57,4.0,-10.0,-14.0
2025-2025122620gm-00a9-0000-0e700f01-04-s3-d11,58,-4.0,-4.0,0.0
2025-2025122620gm-00a9-0000-0e700f01-04-s3-d11,59,10.0,10.0,0.0
2025-2025122620gm-00a9-0000-0e700f01-04-s3-d11,60,-4.0,4.0,8.0
2025-2025122620gm-00a9-0000-0e700f01-04-s3-d11,61,10.0,-4.0,-14.0
2025-2025122620gm-00a9-0000-0e700f01-04-s3-d11,62,10.0,-10.0,-20.0
2025-2025122620gm-00a9-0000-0e700f01-04-s3-d11,63,4.0,4.0,0.0
2025-2025122620gm-00a9-0000-0e700f01-04-s3-d11,64,4.0,4.0,0.0
2025-2025122620gm-00a9-0000-0e700f01-04-s3-d11,65,-4.0,-4.0,0.0
2025-2025122620gm-00a9-0000-0e700f01-04-s3-d11,66,-4.0,10.0,14.0
2025-2025122620gm-00a9-0000-0e700f01-04-s3-d11,67,-4.0,-4.0,0.0
2025-2025122620gm-00a9-0000-0e700f01-04-s3-d11,68,-4.0,-4.0,0.0
2025-2025122620gm-00a9-0000-0e700f01-04-s3-d11,69,10.0,-4.0,-14.0
2025-2025122620gm-00a9-0000-0e700f01-04-s3-d11,70,4.0,-4.0,-8.0
2025-2025122620gm-00a9-0000-0e700f01-04-s3-d11,71,-4.0,-4.0,0.0
2025-2025122620gm-00a9-0000-0e700f01-04-s3-d11,72,-4.0,-4.0,0.0
2025-2025122620gm-00a9-0000-0e700f01-04-s3-d11,73,4.0,4.0,0.0
2025-2025122620gm-00a9-0000-0e700f01-04-s3-d11,74,-4.0,4.0,8.0
2025-2025122620gm-00a9-0000-0e700f01-04-s3-d11,75,4.0,4.0,0.0
2025-2025122620gm-00a9-0000-0e700f01-04-s3-d11,76,4.0,10.0,6.0
2025-2025122620gm-00a9-0000-0e700f01-04-s3-d11,77,4.0,-10.0,-14.0
2025-2025122620gm-00a9-0000-0e700f01-04-s3-d11,78,10.0,-10.0,-20.0
2025-2025122620gm-00a9-0000-0e700f01-04-s3-d11,79,4.0,4.0,0.0
2025-2025122620gm-00a9-0000-0e700f01-04-s3-d11,80,10.0,4.0,-6.0
2025-2025122620gm-00a9-0000-0e700f01-04-s3-d11,81,-10.0,-4.0,6.0
2025-2025122620gm-00a9-0000-0e700f01-04-s3-d11,82,4.0,10.0,6.0
2025-2025122620gm-00a9-0000-0e700f01-04-s3-d11,83,10.0,10.0,0.0
2025-2025122620gm-00a9-0000-0e700f01-04-s3-d11,84,4.0,10.0,6.0
2025-2025122620gm-00a9-0000-0e700f01-04-s3-d11,85,4.0,4.0,0.0
2025-2025122620gm-00a9-0000-0e700f01-04-s3-d11,86,-10.0,4.0,14.0
2025-2025122620gm-00a9-0000-0e700f01-04-s3-d11,87,-4.0,10.0,14.0
2025-2025122620gm-00a9-0000-0e700f01-04-s3-d11,88,-4.0,4.0,8.0
2025-2025122620gm-00a9-0000-0e700f01-04-s3-d11,89,4.0,10.0,6.0
2025-2025122620gm-00a9-0000-0e700f01-04-s3-d11,90,10.0,10.0,0.0
2025-2025122620gm-00a9-0000-0e700f01-04-s3-d11,91,-10.0,-4.0,6.0
2025-2025122620gm-00a9-0000-0e700f01-04-s3-d11,92,10.0,-10.0,-20.0
2025-2025122620gm-00a9-0000-0e700f01-04-s3-d11,93,4.0,10.0,6.0
2025-2025122620gm-00a9-0000-0e700f01-04-s3-d11,94,10.0,10.0,0.0
2025-2025122620gm-00a9-0000-0e700f01-04-s3-d11,95,4.0,4.0,0.0
2025-2025122620gm-00a9-0000-0e700f01-04-s3-d11,96,-4.0,-4.0,0.0
2025-2025122620gm-00a9-0000-0e700f01-04-s3-d11,97,-4.0,-4.0,0.0
2025-2025122620gm-00a9-0000-0e700f01-04-s3-d11,98,10.0,10.0,0.0
2025-2025122620gm-00a9-0000-0e700f01-04-s3-d11,99,4.0,4.0,0.0
2025-2025122620gm-00a9-0000-0e700f01-04-s3-d11,100,-10.0,-4.0,6.0
2025-2025122620gm-00a9-0000-0e700f01-04-s3-d11,101,-4.0,4.0,8.0
2025-2025122620gm-00a9-0000-0e700f01-04-s3-d11,102,4.0,4.0,0.0
2025-2025122620gm-00a9-0000-0e700f01-04-s3-d11,103,10.0,4.0,-6.0
2025-2025122620gm-00a9-0000-0e700f01-04-s3-d11,104,-10.0,-4.0,6.0
2025-2025122620gm-00a9-0000-0e700f01-04-s3-d11,105,10.0,4.0,-6.0
2025-2025122620gm-00a9-0000-0e700f01-04-s3-d11,106,10.0,-4.0,-14.0
2025-2025122620gm-00a9-0000-0e700f01-04-s3-d11,107,4.0,-4.0,-8.0
2025-2025122620gm-00a9-0000-0e700f01-04-s3-d11,108,10.0,4.0,-6.0
2025-2025122620gm-00a9-0000-0e700f01-04-s3-d11,109,10.0,10.0,0.0
2025-2025122620gm-00a9-0000-0e700f01-04-s3-d11,110,-4.0,-10.0,-6.0
2025-2025122620gm-00a9-0000-0e700f01-04-s3-d11,111,-4.0,4.0,8.0
2025-2025122620gm-00a9-0000-0e700f01-04-s3-d11,112,4.0,4.0,0.0
2025-2025122620gm-00a9-0000-0e700f01-04-s3-d11,113,10.0,4.0,-6.0
2025-2025122620gm-00a9-0000-0e700f01-04-s3-d11,114,10.0,10.0,0.0
2025-2025122620gm-00a9-0000-0e700f01-04-s3-d11,115,4.0,10.0,6.0
2025-2025122620gm-00a9-0000-0e700f01-04-s3-d11,116,-4.0,-10.0,-6.0
2025-2025122620gm-00a9-0000-0e700f01-04-s3-d11,117,-10.0,-4.0,6.0
2025-2025122620gm-00a9-0000-0e700f01-04-s3-d11,118,-10.0,-10.0,0.0
2025-2025122620gm-00a9-0000-0e700f01-04-s3-d11,119,10.0,-10.0,-20.0
2025-2025122620gm-00a9-0000-0e700f01-04-s3-d11,120,4.0,4.0,0.0
2025-2025122620gm-00a9-0000-0e700f01-04-s3-d11,121,10.0,-10.0,-20.0
2025-2025122620gm-00a9-0000-0e700f01-04-s3-d11,122,-4.0,-4.0,0.0
2025-2025122620gm-00a9-0000-0e700f01-04-s3-d11,123,10.0,10.0,0.0
2025-2025122620gm-00a9-0000-0e700f01-04-s3-d11,124,10.0,10.0,0.0
2025-2025122620gm-00a9-0000-0e700f01-04-s3-d11,125,-4.0,-10.0,-6.0
2025-2025122620gm-00a9-0000-0e700f01-04-s3-d11,126,4.0,4.0,0.0
2025-2025122620gm-00a9-0000-0e700f01-04-s3-d11,127,-10.0,4.0,14.0
2025-2025122620gm-00a9-0000-0e700f01-04-s3-d11,128,-4.0,10.0,14.0
2025-2025122620gm-00a9-0000-0e700f01-04-s3-d11,129,4.0,4.0,0.0
2025-2025122620gm-00a9-0000-0e700f01-04-s3-d11,130,4.0,4.0,0.0
2025-2025122620gm-00a9-0000-0e700f01-04-s3-d11,131,4.0,-4.0,-8.0
2025-2025122620gm-00a9-0000-0e700f01-04-s3-d11,132,10.0,10.0,0.0
2025-2025122620gm-00a9-0000-0e700f01-04-s3-d11,133,4.0,4.0,0.0
2025-2025122620gm-00a9-0000-0e700f01-04-s3-d11,134,4.0,-4.0,-8.0
2025-2025122620gm-00a9-0000-0e700f01-04-s3-d11,135,10.0,4.0,-6.0
2025-2025122620gm-00a9-0000-0e700f01-04-s3-d11,136,4.0,4.0,0.0
2025-2025122620gm-00a9-0000-0e700f01-04-s3-d11,137,10.0,10.0,0.0
2025-2025122620gm-00a9-0000-0e700f01-04-s3-d11,138,10.0,-4.0,-14.0
2025-2025122620gm-00a9-0000-0e700f01-04-s3-d11,139,10.0,4.0,-6.0
2025-2025122620gm-00a9-0000-0e700f01-04-s3-d11,140,4.0,-4.0,-8.0
2025-2025122620gm-00a9-0000-0e700f01-04-s3-d11,141,-4.0,-4.0,0.0
2025-2025122620gm-00a9-0000-0e700f01-04-s3-d11,142,10.0,10.0,0.0
2025-2025122620gm-00a9-0000-0e700f01-04-s3-d11,143,4.0,-10.0,-14.0
2025-2025122620gm-00a9-0000-0e700f01-04-s3-d11,144,4.0,-10.0,-14.0
2025-2025122620gm-00a9-0000-0e700f01-04-s3-d11,145,10.0,4.0,-6.0
2025-2025122620gm-00a9-0000-0e700f01-04-s3-d11,146,4.0,4.0,0.0
2025-2025122620gm-00a9-0000-0e700f01-04-s3-d11,147,-4.0,-10.0,-6.0
2025-2025122620gm-00a9-0000-0e700f01-04-s3-d11,148,10.0,4.0,-6.0
2025-2025122620gm-00a9-0000-0e700f01-04-s3-d11,149,-4.0,-4.0,0.0
2025-2025122620gm-00a9-0000-0e700f01-04-s3-d11,150,4.0,10.0,6.0
2025-2025122620gm-00a9-0000-0e700f01-04-s3-d11,151,-10.0,-10.0,0.0
2025-2025122620gm-00a9-0000-0e700f01-04-s3-d11,152,-4.0,-4.0,0.0
2025-2025122620gm-00a9-0000-0e700f01-04-s3-d11,153,-4.0,10.0,14.0
2025-2025122620gm-00a9-0000-0e700f01-04-s3-d11,154,4.0,4.0,0.0
2025-2025122620gm-00a9-0000-0e700f01-04-s3-d11,155,4.0,-4.0,-8.0
2025-2025122620gm-00a9-0000-0e700f01-04-s3-d11,156,-4.0,-10.0,-6.0
2025-2025122620gm-00a9-0000-0e700f01-04-s3-d11,157,10.0,-4.0,-14.0
2025-2025122620gm-00a9-0000-0e700f01-04-s3-d11,158,10.0,-10.0,-20.0
2025-2025122620gm-00a9-0000-0e700f01-04-s3-d11,159,-10.0,4.0,14.0
2025-2025122620gm-00a9-0000-0e700f01-04-s3-d11,160,10.0,10.0,0.0
2025-2025122620gm-00a9-0000-0e700f01-04-s3-d11,161,4.0,4.0,0.0
2025-2025122620gm-00a9-0000-0e700f01-04-s3-d11,162,4.0,10.0,6.0
2025-2025122620gm-00a9-0000-0e700f01-04-s3-d11,163,10.0,10.0,0.0
2025-2025122620gm-00a9-0000-0e700f01-04-s3-d11,164,4.0,4.0,0.0
2025-2025122620gm-00a9-0000-0e700f01-04-s3-d11,165,-4.0,-10.0,-6.0
2025-2025122620gm-00a9-0000-0e700f01-04-s3-d11,166,10.0,-4.0,-14.0
2025-2025122620gm-00a9-0000-0e700f01-04-s3-d11,167,-4.0,-4.0,0.0
2025-2025122620gm-00a9-0000-0e700f01-04-s3-d11,168,-10.0,-4.0,6.0
2025-2025122620gm-00a9-0000-0e700f01-04-s3-d11,169,10.0,10.0,0.0
2025-2025122620gm-00a9-0000-0e700f01-04-s3-d11,170,4.0,4.0,0.0
2025-2025122620gm-00a9-0000-0e700f01-04-s3-d11,171,10.0,10.0,0.0
2025-2025122620gm-00a9-0000-0e700f01-04-s3-d11,172,-4.0,-4.0,0.0
2025-2025122620gm-00a9-0000-0e700f01-04-s3-d11,173,-10.0,-4.0,6.0
2025-2025122620gm-00a9-0000-0e700f01-04-s3-d11,174,10.0,10.0,0.0
2025-2025122620gm-00a9-0000-0e700f01-04-s3-d11,175,10.0,10.0,0.0
2025-2025122620gm-00a9-0000-0e700f01-04-s3-d11,176,10.0,-10.0,-20.0
2025-2025122620gm-00a9-0000-0e700f01-04-s3-d11,177,-4.0,-10.0,-6.0
2025-2025122620gm-00a9-0000-0e700f01-04-s3-d11,178,10.0,10.0,0.0
2025-2025122620gm-00a9-0000-0e700f01-04-s3-d11,179,-10.0,4.0,14.0
2025-2025122620gm-00a9-0000-0e700f01-04-s3-d11,180,10.0,-4.0,-14.0
2025-2025122620gm-00a9-0000-0e700f01-04-s3-d11,181,-10.0,4.0,14.0
2025-2025122620gm-00a9-0000-0e700f01-04-s3-d11,182,-4.0,4.0,8.0
2025-2025122620gm-00a9-0000-0e700f01-04-s3-d11,183,-4.0,4.0,8.0
2025-2025122620gm-00a9-0000-0e700f01-04-s3-d11,184,4.0,-4.0,-8.0
2025-2025122620gm-00a9-0000-0e700f01-04-s3-d11,185,-4.0,10.0,14.0
2025-2025122620gm-00a9-0000-0e700f01-04-s3-d11,186,-10.0,-10.0,0.0
2025-2025122620gm-00a9-0000-0e700f01-04-s3-d11,187,-4.0,-4.0,0.0
2025-2025122620gm-00a9-0000-0e700f01-04-s3-d11,188,10.0,4.0,-6.0
2025-2025122620gm-00a9-0000-0e700f01-04-s3-d11,189,10.0,10.0,0.0
2025-2025122620gm-00a9-0000-0e700f01-04-s3-d11,190,-4.0,4.0,8.0
2025-2025122620gm-00a9-0000-0e700f01-04-s3-d11,191,10.0,-4.0,-14.0
2025-2025122620gm-00a9-0000-0e700f01-04-s3-d11,192,-4.0,-4.0,0.0
2025-2025122620gm-00a9-0000-0e700f01-04-s3-d11,193,10.0,10.0,0.0
2025-2025122620gm-00a9-0000-0e700f01-04-s3-d11,194,10.0,4.0,-6.0
2025-2025122620gm-00a9-0000-0e700f01-04-s3-d11,195,4.0,4.0,0.0
2025-2025122620gm-00a9-0000-0e700f01-04-s3-d11,196,10.0,4.0,-6.0
2025-2025122620gm-00a9-0000-0e700f01-04-s3-d11,197,-4.0,-4.0,0.0
2025-2025122620gm-00a9-0000-0e700f01-04-s3-d11,198,-4.0,10.0,14.0
2025-2025122620gm-00a9-0000-0e700f01-04-s3-d11,199,4.0,10.0,6.0
2025-2025122620gm-00a9-0000-0e700f01-04-s3-d11,200,4.0,4.0,0.0
2025-2025122620gm-00a9-0000-0e700f01-04-s3-d11,201,4.0,-10.0,-14.0
2025-2025122620gm-00a9-0000-0e700f01-04-s3-d11,202,10.0,-10.0,-20.0
2025-2025122620gm-00a9-0000-0e700f01-04-s3-d11,203,-10.0,10.0,20.0
2025-2025122620gm-00a9-0000-0e700f01-04-s3-d11,204,-4.0,10.0,14.0
2025-2025122620gm-00a9-0000-0e700f01-04-s3-d11,205,4.0,4.0,0.0
2025-2025122620gm-00a9-0000-0e700f01-04-s3-d11,206,-10.0,-4.0,6.0
2025-2025122620gm-00a9-0000-0e700f01-04-s3-d11,207,10.0,10.0,0.0
2025-2025122620gm-00a9-0000-0e700f01-04-s3-d11,208,-4.0,-4.0,0.0
2025-2025122620gm-00a9-0000-0e700f01-04-s3-d11,209,-4.0,-10.0,-6.0
2025-2025122620gm-00a9-0000-0e700f01-04-s3-d11,210,4.0,-10.0,-14.0
2025-2025122620gm-00a9-0000-0e700f01-04-s3-d11,211,-4.0,4.0,8.0
2025-2025122620gm-00a9-0000-0e700f01-04-s3-d11,212,10.0,10.0,0.0
2025-2025122620gm-00a9-0000-0e700f01-04-s3-d11,213,4.0,4.0,0.0
2025-2025122620gm-00a9-0000-0e700f01-04-s3-d11,214,10.0,4.0,-6.0
2025-2025122620gm-00a9-0000-0e700f01-04-s3-d11,215,-4.0,-4.0,0.0
2025-2025122620gm-00a9-0000-0e700f01-04-s3-d11,216,4.0,4.0,0.0
2025-2025122620gm-00a9-0000-0e700f01-04-s3-d11,217,10.0,10.0,0.0
2025-2025122620gm-00a9-0000-0e700f01-04-s3-d11,218,-10.0,-4.0,6.0
2025-2025122620gm-00a9-0000-0e700f01-04-s3-d11,219,4.0,4.0,0.0
2025-2025122620gm-00a9-0000-0e700f01-04-s3-d11,220,-4.0,-10.0,-6.0
2025-2025122620gm-00a9-0000-0e700f01-04-s3-d11,221,4.0,10.0,6.0
2025-2025122620gm-00a9-0000-0e700f01-04-s3-d11,222,10.0,10.0,0.0
2025-2025122620gm-00a9-0000-0e700f01-04-s3-d11,223,4.0,-10.0,-14.0
2025-2025122620gm-00a9-0000-0e700f01-04-s3-d11,224,-4.0,-4.0,0.0
2025-2025122620gm-00a9-0000-0e700f01-04-s3-d11,225,-4.0,10.0,14.0
2025-2025122620gm-00a9-0000-0e700f01-04-s3-d11,226,10.0,-10.0,-20.0
2025-2025122620gm-00a9-0000-0e700f01-04-s3-d11,227,4.0,4.0,0.0
2025-2025122620gm-00a9-0000-0e700f01-04-s3-d11,228,-4.0,4.0,8.0
2025-2025122620gm-00a9-0000-0e700f01-04-s3-d11,229,10.0,-4.0,-14.0
2025-2025122620gm-00a9-0000-0e700f01-04-s3-d11,230,-4.0,4.0,8.0
2025-2025122620gm-00a9-0000-0e700f01-04-s3-d11,231,-4.0,-4.0,0.0
2025-2025122620gm-00a9-0000-0e700f01-04-s3-d11,232,-4.0,-4.0,0.0
2025-2025122620gm-00a9-0000-0e700f01-04-s3-d11,233,4.0,10.0,6.0
2025-2025122620gm-00a9-0000-0e700f01-04-s3-d11,234,10.0,-4.0,-14.0
2025-2025122620gm-00a9-0000-0e700f01-04-s3-d11,235,-10.0,4.0,14.0
2025-2025122620gm-00a9-0000-0e700f01-04-s3-d11,236,4.0,-4.0,-8.0
2025-2025122620gm-00a9-0000-0e700f01-04-s3-d11,237,10.0,10.0,0.0
2025-2025122620gm-00a9-0000-0e700f01-04-s3-d11,238,10.0,-4.0,-14.0
2025-2025122620gm-00a9-0000-0e700f01-04-s3-d11,239,10.0,-4.0,-14.0
2025-2025122620gm-00a9-0000-0e700f01-04-s3-d11,240,-4.0,10.0,14.0
2025-2025122620gm-00a9-0000-0e700f01-04-s3-d11,241,10.0,4.0,-6.0
2025-2025122620gm-00a9-0000-0e700f01-04-s3-d11,242,10.0,-4.0,-14.0
2025-2025122620gm-00a9-0000-0e700f01-04-s3-d11,243,-10.0,-4.0,6.0
2025-2025122620gm-00a9-0000-0e700f01-04-s3-d11,244,10.0,10.0,0.0
2025-2025122620gm-00a9-0000-0e700f01-04-s3-d11,245,-4.0,-4.0,0.0
2025-2025122620gm-00a9-0000-0e700f01-04-s3-d11,246,4.0,-10.0,-14.0
2025-2025122620gm-00a9-0000-0e700f01-04-s3-d11,247,4.0,10.0,6.0
2025-2025122620gm-00a9-0000-0e700f01-04-s3-d11,248,-10.0,-10.0,0.0
2025-2025122620gm-00a9-0000-0e700f01-04-s3-d11,249,-4.0,10.0,14.0
2025-2025122620gm-00a9-0000-0e700f01-04-s3-d11,250,4.0,4.0,0.0
2025-2025122620gm-00a9-0000-0e700f01-04-s3-d11,251,-4.0,-10.0,-6.0
2025-2025122620gm-00a9-0000-0e700f01-04-s3-d11,252,-4.0,-4.0,0.0
2025-2025122620gm-00a9-0000-0e700f01-04-s3-d11,253,10.0,10.0,0.0
2025-2025122620gm-00a9-0000-0e700f01-04-s3-d11,254,4.0,10.0,6.0
2025-2025122620gm-00a9-0000-0e700f01-04-s3-d11,255,4.0,-4.0,-8.0
